tool,experiment,folder,group,window_key,window_index,role,label,label_majority,score,refusal
clock,anomaly-free__anomaly-free,anomaly-free,anomaly_free,anomaly-free__anomaly-free:0,0,baseline,0,0,0.0,
clock,anomaly-free__anomaly-free,anomaly-free,anomaly_free,anomaly-free__anomaly-free:1,1,baseline,0,0,1.0,
clock,anomaly-free__anomaly-free,anomaly-free,anomaly_free,anomaly-free__anomaly-free:2,2,baseline,0,0,2.0,
clock,anomaly-free__anomaly-free,anomaly-free,anomaly_free,anomaly-free__anomaly-free:3,3,stream,0,0,3.0,
clock,anomaly-free__anomaly-free,anomaly-free,anomaly_free,anomaly-free__anomaly-free:4,4,stream,0,0,4.0,
clock,anomaly-free__anomaly-free,anomaly-free,anomaly_free,anomaly-free__anomaly-free:5,5,stream,0,0,5.0,
clock,anomaly-free__anomaly-free,anomaly-free,anomaly_free,anomaly-free__anomaly-free:6,6,stream,0,0,6.0,
clock,anomaly-free__anomaly-free,anomaly-free,anomaly_free,anomaly-free__anomaly-free:7,7,stream,0,0,7.0,
clock,anomaly-free__anomaly-free,anomaly-free,anomaly_free,anomaly-free__anomaly-free:8,8,stream,0,0,8.0,
clock,anomaly-free__anomaly-free,anomaly-free,anomaly_free,anomaly-free__anomaly-free:9,9,stream,0,0,9.0,
clock,anomaly-free__anomaly-free,anomaly-free,anomaly_free,anomaly-free__anomaly-free:10,10,stream,0,0,10.0,
clock,anomaly-free__anomaly-free,anomaly-free,anomaly_free,anomaly-free__anomaly-free:11,11,stream,0,0,11.0,
clock,anomaly-free__anomaly-free,anomaly-free,anomaly_free,anomaly-free__anomaly-free:12,12,stream,0,0,12.0,
clock,anomaly-free__anomaly-free,anomaly-free,anomaly_free,anomaly-free__anomaly-free:13,13,stream,0,0,13.0,
clock,anomaly-free__anomaly-free,anomaly-free,anomaly_free,anomaly-free__anomaly-free:14,14,stream,0,0,14.0,
clock,anomaly-free__anomaly-free,anomaly-free,anomaly_free,anomaly-free__anomaly-free:15,15,stream,0,0,15.0,
clock,anomaly-free__anomaly-free,anomaly-free,anomaly_free,anomaly-free__anomaly-free:16,16,stream,0,0,16.0,
clock,anomaly-free__anomaly-free,anomaly-free,anomaly_free,anomaly-free__anomaly-free:17,17,stream,0,0,17.0,
clock,anomaly-free__anomaly-free,anomaly-free,anomaly_free,anomaly-free__anomaly-free:18,18,stream,0,0,18.0,
clock,anomaly-free__anomaly-free,anomaly-free,anomaly_free,anomaly-free__anomaly-free:19,19,stream,0,0,19.0,
clock,anomaly-free__anomaly-free,anomaly-free,anomaly_free,anomaly-free__anomaly-free:20,20,stream,0,0,20.0,
clock,anomaly-free__anomaly-free,anomaly-free,anomaly_free,anomaly-free__anomaly-free:21,21,stream,0,0,21.0,
clock,anomaly-free__anomaly-free,anomaly-free,anomaly_free,anomaly-free__anomaly-free:22,22,stream,0,0,22.0,
clock,anomaly-free__anomaly-free,anomaly-free,anomaly_free,anomaly-free__anomaly-free:23,23,stream,0,0,23.0,
clock,anomaly-free__anomaly-free,anomaly-free,anomaly_free,anomaly-free__anomaly-free:24,24,stream,0,0,24.0,
clock,anomaly-free__anomaly-free,anomaly-free,anomaly_free,anomaly-free__anomaly-free:25,25,stream,0,0,25.0,
clock,anomaly-free__anomaly-free,anomaly-free,anomaly_free,anomaly-free__anomaly-free:26,26,stream,0,0,26.0,
clock,anomaly-free__anomaly-free,anomaly-free,anomaly_free,anomaly-free__anomaly-free:27,27,stream,0,0,27.0,
clock,anomaly-free__anomaly-free,anomaly-free,anomaly_free,anomaly-free__anomaly-free:28,28,stream,0,0,28.0,
clock,anomaly-free__anomaly-free,anomaly-free,anomaly_free,anomaly-free__anomaly-free:29,29,stream,0,0,29.0,
clock,anomaly-free__anomaly-free,anomaly-free,anomaly_free,anomaly-free__anomaly-free:30,30,stream,0,0,30.0,
clock,anomaly-free__anomaly-free,anomaly-free,anomaly_free,anomaly-free__anomaly-free:31,31,stream,0,0,31.0,
clock,anomaly-free__anomaly-free,anomaly-free,anomaly_free,anomaly-free__anomaly-free:32,32,stream,0,0,32.0,
clock,anomaly-free__anomaly-free,anomaly-free,anomaly_free,anomaly-free__anomaly-free:33,33,stream,0,0,33.0,
clock,anomaly-free__anomaly-free,anomaly-free,anomaly_free,anomaly-free__anomaly-free:34,34,stream,0,0,34.0,
clock,anomaly-free__anomaly-free,anomaly-free,anomaly_free,anomaly-free__anomaly-free:35,35,stream,0,0,35.0,
clock,anomaly-free__anomaly-free,anomaly-free,anomaly_free,anomaly-free__anomaly-free:36,36,stream,0,0,36.0,
clock,anomaly-free__anomaly-free,anomaly-free,anomaly_free,anomaly-free__anomaly-free:37,37,stream,0,0,37.0,
clock,anomaly-free__anomaly-free,anomaly-free,anomaly_free,anomaly-free__anomaly-free:38,38,stream,0,0,38.0,
clock,anomaly-free__anomaly-free,anomaly-free,anomaly_free,anomaly-free__anomaly-free:39,39,stream,0,0,39.0,
clock,anomaly-free__anomaly-free,anomaly-free,anomaly_free,anomaly-free__anomaly-free:40,40,stream,0,0,40.0,
clock,anomaly-free__anomaly-free,anomaly-free,anomaly_free,anomaly-free__anomaly-free:41,41,stream,0,0,41.0,
clock,anomaly-free__anomaly-free,anomaly-free,anomaly_free,anomaly-free__anomaly-free:42,42,stream,0,0,42.0,
clock,anomaly-free__anomaly-free,anomaly-free,anomaly_free,anomaly-free__anomaly-free:43,43,stream,0,0,43.0,
clock,anomaly-free__anomaly-free,anomaly-free,anomaly_free,anomaly-free__anomaly-free:44,44,stream,0,0,44.0,
clock,anomaly-free__anomaly-free,anomaly-free,anomaly_free,anomaly-free__anomaly-free:45,45,stream,0,0,45.0,
clock,anomaly-free__anomaly-free,anomaly-free,anomaly_free,anomaly-free__anomaly-free:46,46,stream,0,0,46.0,
clock,anomaly-free__anomaly-free,anomaly-free,anomaly_free,anomaly-free__anomaly-free:47,47,stream,0,0,47.0,
clock,anomaly-free__anomaly-free,anomaly-free,anomaly_free,anomaly-free__anomaly-free:48,48,stream,0,0,48.0,
clock,anomaly-free__anomaly-free,anomaly-free,anomaly_free,anomaly-free__anomaly-free:49,49,stream,0,0,49.0,
clock,anomaly-free__anomaly-free,anomaly-free,anomaly_free,anomaly-free__anomaly-free:50,50,stream,0,0,50.0,
clock,anomaly-free__anomaly-free,anomaly-free,anomaly_free,anomaly-free__anomaly-free:51,51,stream,0,0,51.0,
clock,anomaly-free__anomaly-free,anomaly-free,anomaly_free,anomaly-free__anomaly-free:52,52,stream,0,0,52.0,
clock,anomaly-free__anomaly-free,anomaly-free,anomaly_free,anomaly-free__anomaly-free:53,53,stream,0,0,53.0,
clock,anomaly-free__anomaly-free,anomaly-free,anomaly_free,anomaly-free__anomaly-free:54,54,stream,0,0,54.0,
clock,anomaly-free__anomaly-free,anomaly-free,anomaly_free,anomaly-free__anomaly-free:55,55,stream,0,0,55.0,
clock,anomaly-free__anomaly-free,anomaly-free,anomaly_free,anomaly-free__anomaly-free:56,56,stream,0,0,56.0,
clock,anomaly-free__anomaly-free,anomaly-free,anomaly_free,anomaly-free__anomaly-free:57,57,stream,0,0,57.0,
clock,anomaly-free__anomaly-free,anomaly-free,anomaly_free,anomaly-free__anomaly-free:58,58,stream,0,0,58.0,
clock,anomaly-free__anomaly-free,anomaly-free,anomaly_free,anomaly-free__anomaly-free:59,59,stream,0,0,59.0,
clock,anomaly-free__anomaly-free,anomaly-free,anomaly_free,anomaly-free__anomaly-free:60,60,stream,0,0,60.0,
clock,anomaly-free__anomaly-free,anomaly-free,anomaly_free,anomaly-free__anomaly-free:61,61,stream,0,0,61.0,
clock,anomaly-free__anomaly-free,anomaly-free,anomaly_free,anomaly-free__anomaly-free:62,62,stream,0,0,62.0,
clock,anomaly-free__anomaly-free,anomaly-free,anomaly_free,anomaly-free__anomaly-free:63,63,stream,0,0,63.0,
clock,anomaly-free__anomaly-free,anomaly-free,anomaly_free,anomaly-free__anomaly-free:64,64,stream,0,0,64.0,
clock,anomaly-free__anomaly-free,anomaly-free,anomaly_free,anomaly-free__anomaly-free:65,65,stream,0,0,65.0,
clock,anomaly-free__anomaly-free,anomaly-free,anomaly_free,anomaly-free__anomaly-free:66,66,stream,0,0,66.0,
clock,anomaly-free__anomaly-free,anomaly-free,anomaly_free,anomaly-free__anomaly-free:67,67,stream,0,0,67.0,
clock,anomaly-free__anomaly-free,anomaly-free,anomaly_free,anomaly-free__anomaly-free:68,68,stream,0,0,68.0,
clock,anomaly-free__anomaly-free,anomaly-free,anomaly_free,anomaly-free__anomaly-free:69,69,stream,0,0,69.0,
clock,anomaly-free__anomaly-free,anomaly-free,anomaly_free,anomaly-free__anomaly-free:70,70,stream,0,0,70.0,
clock,anomaly-free__anomaly-free,anomaly-free,anomaly_free,anomaly-free__anomaly-free:71,71,stream,0,0,71.0,
clock,anomaly-free__anomaly-free,anomaly-free,anomaly_free,anomaly-free__anomaly-free:72,72,stream,0,0,72.0,
clock,anomaly-free__anomaly-free,anomaly-free,anomaly_free,anomaly-free__anomaly-free:73,73,stream,0,0,73.0,
clock,anomaly-free__anomaly-free,anomaly-free,anomaly_free,anomaly-free__anomaly-free:74,74,stream,0,0,74.0,
clock,anomaly-free__anomaly-free,anomaly-free,anomaly_free,anomaly-free__anomaly-free:75,75,stream,0,0,75.0,
clock,anomaly-free__anomaly-free,anomaly-free,anomaly_free,anomaly-free__anomaly-free:76,76,stream,0,0,76.0,
clock,anomaly-free__anomaly-free,anomaly-free,anomaly_free,anomaly-free__anomaly-free:77,77,stream,0,0,77.0,
clock,anomaly-free__anomaly-free,anomaly-free,anomaly_free,anomaly-free__anomaly-free:78,78,stream,0,0,78.0,
clock,anomaly-free__anomaly-free,anomaly-free,anomaly_free,anomaly-free__anomaly-free:79,79,stream,0,0,79.0,
clock,anomaly-free__anomaly-free,anomaly-free,anomaly_free,anomaly-free__anomaly-free:80,80,stream,0,0,80.0,
clock,anomaly-free__anomaly-free,anomaly-free,anomaly_free,anomaly-free__anomaly-free:81,81,stream,0,0,81.0,
clock,anomaly-free__anomaly-free,anomaly-free,anomaly_free,anomaly-free__anomaly-free:82,82,stream,0,0,82.0,
clock,anomaly-free__anomaly-free,anomaly-free,anomaly_free,anomaly-free__anomaly-free:83,83,stream,0,0,83.0,
clock,anomaly-free__anomaly-free,anomaly-free,anomaly_free,anomaly-free__anomaly-free:84,84,stream,0,0,84.0,
clock,anomaly-free__anomaly-free,anomaly-free,anomaly_free,anomaly-free__anomaly-free:85,85,stream,0,0,85.0,
clock,anomaly-free__anomaly-free,anomaly-free,anomaly_free,anomaly-free__anomaly-free:86,86,stream,0,0,86.0,
clock,anomaly-free__anomaly-free,anomaly-free,anomaly_free,anomaly-free__anomaly-free:87,87,stream,0,0,87.0,
clock,anomaly-free__anomaly-free,anomaly-free,anomaly_free,anomaly-free__anomaly-free:88,88,stream,0,0,88.0,
clock,anomaly-free__anomaly-free,anomaly-free,anomaly_free,anomaly-free__anomaly-free:89,89,stream,0,0,89.0,
clock,anomaly-free__anomaly-free,anomaly-free,anomaly_free,anomaly-free__anomaly-free:90,90,stream,0,0,90.0,
clock,anomaly-free__anomaly-free,anomaly-free,anomaly_free,anomaly-free__anomaly-free:91,91,stream,0,0,91.0,
clock,anomaly-free__anomaly-free,anomaly-free,anomaly_free,anomaly-free__anomaly-free:92,92,stream,0,0,92.0,
clock,anomaly-free__anomaly-free,anomaly-free,anomaly_free,anomaly-free__anomaly-free:93,93,stream,0,0,93.0,
clock,anomaly-free__anomaly-free,anomaly-free,anomaly_free,anomaly-free__anomaly-free:94,94,stream,0,0,94.0,
clock,anomaly-free__anomaly-free,anomaly-free,anomaly_free,anomaly-free__anomaly-free:95,95,stream,0,0,95.0,
clock,anomaly-free__anomaly-free,anomaly-free,anomaly_free,anomaly-free__anomaly-free:96,96,stream,0,0,96.0,
clock,anomaly-free__anomaly-free,anomaly-free,anomaly_free,anomaly-free__anomaly-free:97,97,stream,0,0,97.0,
clock,anomaly-free__anomaly-free,anomaly-free,anomaly_free,anomaly-free__anomaly-free:98,98,stream,0,0,98.0,
clock,anomaly-free__anomaly-free,anomaly-free,anomaly_free,anomaly-free__anomaly-free:99,99,stream,0,0,99.0,
clock,anomaly-free__anomaly-free,anomaly-free,anomaly_free,anomaly-free__anomaly-free:100,100,stream,0,0,100.0,
clock,anomaly-free__anomaly-free,anomaly-free,anomaly_free,anomaly-free__anomaly-free:101,101,stream,0,0,101.0,
clock,anomaly-free__anomaly-free,anomaly-free,anomaly_free,anomaly-free__anomaly-free:102,102,stream,0,0,102.0,
clock,anomaly-free__anomaly-free,anomaly-free,anomaly_free,anomaly-free__anomaly-free:103,103,stream,0,0,103.0,
clock,anomaly-free__anomaly-free,anomaly-free,anomaly_free,anomaly-free__anomaly-free:104,104,stream,0,0,104.0,
clock,anomaly-free__anomaly-free,anomaly-free,anomaly_free,anomaly-free__anomaly-free:105,105,stream,0,0,105.0,
clock,anomaly-free__anomaly-free,anomaly-free,anomaly_free,anomaly-free__anomaly-free:106,106,stream,0,0,106.0,
clock,anomaly-free__anomaly-free,anomaly-free,anomaly_free,anomaly-free__anomaly-free:107,107,stream,0,0,107.0,
clock,anomaly-free__anomaly-free,anomaly-free,anomaly_free,anomaly-free__anomaly-free:108,108,stream,0,0,108.0,
clock,anomaly-free__anomaly-free,anomaly-free,anomaly_free,anomaly-free__anomaly-free:109,109,stream,0,0,109.0,
clock,anomaly-free__anomaly-free,anomaly-free,anomaly_free,anomaly-free__anomaly-free:110,110,stream,0,0,110.0,
clock,anomaly-free__anomaly-free,anomaly-free,anomaly_free,anomaly-free__anomaly-free:111,111,stream,0,0,111.0,
clock,anomaly-free__anomaly-free,anomaly-free,anomaly_free,anomaly-free__anomaly-free:112,112,stream,0,0,112.0,
clock,anomaly-free__anomaly-free,anomaly-free,anomaly_free,anomaly-free__anomaly-free:113,113,stream,0,0,113.0,
clock,anomaly-free__anomaly-free,anomaly-free,anomaly_free,anomaly-free__anomaly-free:114,114,stream,0,0,114.0,
clock,anomaly-free__anomaly-free,anomaly-free,anomaly_free,anomaly-free__anomaly-free:115,115,stream,0,0,115.0,
clock,anomaly-free__anomaly-free,anomaly-free,anomaly_free,anomaly-free__anomaly-free:116,116,stream,0,0,116.0,
clock,anomaly-free__anomaly-free,anomaly-free,anomaly_free,anomaly-free__anomaly-free:117,117,stream,0,0,117.0,
clock,anomaly-free__anomaly-free,anomaly-free,anomaly_free,anomaly-free__anomaly-free:118,118,stream,0,0,118.0,
clock,anomaly-free__anomaly-free,anomaly-free,anomaly_free,anomaly-free__anomaly-free:119,119,stream,0,0,119.0,
clock,anomaly-free__anomaly-free,anomaly-free,anomaly_free,anomaly-free__anomaly-free:120,120,stream,0,0,120.0,
clock,anomaly-free__anomaly-free,anomaly-free,anomaly_free,anomaly-free__anomaly-free:121,121,stream,0,0,121.0,
clock,anomaly-free__anomaly-free,anomaly-free,anomaly_free,anomaly-free__anomaly-free:122,122,stream,0,0,122.0,
clock,anomaly-free__anomaly-free,anomaly-free,anomaly_free,anomaly-free__anomaly-free:123,123,stream,0,0,123.0,
clock,anomaly-free__anomaly-free,anomaly-free,anomaly_free,anomaly-free__anomaly-free:124,124,stream,0,0,124.0,
clock,anomaly-free__anomaly-free,anomaly-free,anomaly_free,anomaly-free__anomaly-free:125,125,stream,0,0,125.0,
clock,anomaly-free__anomaly-free,anomaly-free,anomaly_free,anomaly-free__anomaly-free:126,126,stream,0,0,126.0,
clock,anomaly-free__anomaly-free,anomaly-free,anomaly_free,anomaly-free__anomaly-free:127,127,stream,0,0,127.0,
clock,anomaly-free__anomaly-free,anomaly-free,anomaly_free,anomaly-free__anomaly-free:128,128,stream,0,0,128.0,
clock,anomaly-free__anomaly-free,anomaly-free,anomaly_free,anomaly-free__anomaly-free:129,129,stream,0,0,129.0,
clock,anomaly-free__anomaly-free,anomaly-free,anomaly_free,anomaly-free__anomaly-free:130,130,stream,0,0,130.0,
clock,anomaly-free__anomaly-free,anomaly-free,anomaly_free,anomaly-free__anomaly-free:131,131,stream,0,0,131.0,
clock,anomaly-free__anomaly-free,anomaly-free,anomaly_free,anomaly-free__anomaly-free:132,132,stream,0,0,132.0,
clock,anomaly-free__anomaly-free,anomaly-free,anomaly_free,anomaly-free__anomaly-free:133,133,stream,0,0,133.0,
clock,anomaly-free__anomaly-free,anomaly-free,anomaly_free,anomaly-free__anomaly-free:134,134,stream,0,0,134.0,
clock,anomaly-free__anomaly-free,anomaly-free,anomaly_free,anomaly-free__anomaly-free:135,135,stream,0,0,135.0,
clock,anomaly-free__anomaly-free,anomaly-free,anomaly_free,anomaly-free__anomaly-free:136,136,stream,0,0,136.0,
clock,anomaly-free__anomaly-free,anomaly-free,anomaly_free,anomaly-free__anomaly-free:137,137,stream,0,0,137.0,
clock,anomaly-free__anomaly-free,anomaly-free,anomaly_free,anomaly-free__anomaly-free:138,138,stream,0,0,138.0,
clock,anomaly-free__anomaly-free,anomaly-free,anomaly_free,anomaly-free__anomaly-free:139,139,stream,0,0,139.0,
clock,anomaly-free__anomaly-free,anomaly-free,anomaly_free,anomaly-free__anomaly-free:140,140,stream,0,0,140.0,
clock,anomaly-free__anomaly-free,anomaly-free,anomaly_free,anomaly-free__anomaly-free:141,141,stream,0,0,141.0,
clock,anomaly-free__anomaly-free,anomaly-free,anomaly_free,anomaly-free__anomaly-free:142,142,stream,0,0,142.0,
clock,anomaly-free__anomaly-free,anomaly-free,anomaly_free,anomaly-free__anomaly-free:143,143,stream,0,0,143.0,
clock,anomaly-free__anomaly-free,anomaly-free,anomaly_free,anomaly-free__anomaly-free:144,144,stream,0,0,144.0,
clock,anomaly-free__anomaly-free,anomaly-free,anomaly_free,anomaly-free__anomaly-free:145,145,stream,0,0,145.0,
clock,anomaly-free__anomaly-free,anomaly-free,anomaly_free,anomaly-free__anomaly-free:146,146,stream,0,0,146.0,
clock,anomaly-free__anomaly-free,anomaly-free,anomaly_free,anomaly-free__anomaly-free:147,147,stream,0,0,147.0,
clock,anomaly-free__anomaly-free,anomaly-free,anomaly_free,anomaly-free__anomaly-free:148,148,stream,0,0,148.0,
clock,anomaly-free__anomaly-free,anomaly-free,anomaly_free,anomaly-free__anomaly-free:149,149,stream,0,0,149.0,
clock,anomaly-free__anomaly-free,anomaly-free,anomaly_free,anomaly-free__anomaly-free:150,150,stream,0,0,150.0,
clock,anomaly-free__anomaly-free,anomaly-free,anomaly_free,anomaly-free__anomaly-free:151,151,stream,0,0,151.0,
clock,anomaly-free__anomaly-free,anomaly-free,anomaly_free,anomaly-free__anomaly-free:152,152,stream,0,0,152.0,
clock,anomaly-free__anomaly-free,anomaly-free,anomaly_free,anomaly-free__anomaly-free:153,153,stream,0,0,153.0,
clock,anomaly-free__anomaly-free,anomaly-free,anomaly_free,anomaly-free__anomaly-free:154,154,stream,0,0,154.0,
clock,anomaly-free__anomaly-free,anomaly-free,anomaly_free,anomaly-free__anomaly-free:155,155,stream,0,0,155.0,
clock,anomaly-free__anomaly-free,anomaly-free,anomaly_free,anomaly-free__anomaly-free:156,156,stream,0,0,156.0,
clock,anomaly-free__anomaly-free,anomaly-free,anomaly_free,anomaly-free__anomaly-free:157,157,stream,0,0,157.0,
clock,anomaly-free__anomaly-free,anomaly-free,anomaly_free,anomaly-free__anomaly-free:158,158,stream,0,0,158.0,
clock,anomaly-free__anomaly-free,anomaly-free,anomaly_free,anomaly-free__anomaly-free:159,159,stream,0,0,159.0,
clock,anomaly-free__anomaly-free,anomaly-free,anomaly_free,anomaly-free__anomaly-free:160,160,stream,0,0,160.0,
clock,anomaly-free__anomaly-free,anomaly-free,anomaly_free,anomaly-free__anomaly-free:161,161,stream,0,0,161.0,
clock,anomaly-free__anomaly-free,anomaly-free,anomaly_free,anomaly-free__anomaly-free:162,162,stream,0,0,162.0,
clock,anomaly-free__anomaly-free,anomaly-free,anomaly_free,anomaly-free__anomaly-free:163,163,stream,0,0,163.0,
clock,anomaly-free__anomaly-free,anomaly-free,anomaly_free,anomaly-free__anomaly-free:164,164,stream,0,0,164.0,
clock,anomaly-free__anomaly-free,anomaly-free,anomaly_free,anomaly-free__anomaly-free:165,165,stream,0,0,165.0,
clock,anomaly-free__anomaly-free,anomaly-free,anomaly_free,anomaly-free__anomaly-free:166,166,stream,0,0,166.0,
clock,other__1,other,labelled,other__1:0,0,baseline,0,0,0.0,
clock,other__1,other,labelled,other__1:1,1,baseline,0,0,1.0,
clock,other__1,other,labelled,other__1:2,2,baseline,0,0,2.0,
clock,other__1,other,labelled,other__1:3,3,stream,0,0,3.0,
clock,other__1,other,labelled,other__1:4,4,stream,0,0,4.0,
clock,other__1,other,labelled,other__1:5,5,stream,0,0,5.0,
clock,other__1,other,labelled,other__1:6,6,stream,0,0,6.0,
clock,other__1,other,labelled,other__1:7,7,stream,0,0,7.0,
clock,other__1,other,labelled,other__1:8,8,stream,0,0,8.0,
clock,other__1,other,labelled,other__1:9,9,stream,1,0,9.0,
clock,other__1,other,labelled,other__1:10,10,stream,1,1,10.0,
clock,other__1,other,labelled,other__1:11,11,stream,1,1,11.0,
clock,other__1,other,labelled,other__1:12,12,stream,1,1,12.0,
clock,other__1,other,labelled,other__1:13,13,stream,1,1,13.0,
clock,other__10,other,labelled,other__10:0,0,baseline,0,0,0.0,
clock,other__10,other,labelled,other__10:1,1,baseline,0,0,1.0,
clock,other__10,other,labelled,other__10:2,2,baseline,0,0,2.0,
clock,other__10,other,labelled,other__10:3,3,stream,0,0,3.0,
clock,other__10,other,labelled,other__10:4,4,stream,0,0,4.0,
clock,other__10,other,labelled,other__10:5,5,stream,0,0,5.0,
clock,other__10,other,labelled,other__10:6,6,stream,0,0,6.0,
clock,other__10,other,labelled,other__10:7,7,stream,0,0,7.0,
clock,other__10,other,labelled,other__10:8,8,stream,0,0,8.0,
clock,other__10,other,labelled,other__10:9,9,stream,0,0,9.0,
clock,other__10,other,labelled,other__10:10,10,stream,1,1,10.0,
clock,other__10,other,labelled,other__10:11,11,stream,1,1,11.0,
clock,other__10,other,labelled,other__10:12,12,stream,1,1,12.0,
clock,other__10,other,labelled,other__10:13,13,stream,1,1,13.0,
clock,other__10,other,labelled,other__10:14,14,stream,1,1,14.0,
clock,other__10,other,labelled,other__10:15,15,stream,1,1,15.0,
clock,other__10,other,labelled,other__10:16,16,stream,1,1,16.0,
clock,other__10,other,labelled,other__10:17,17,stream,1,1,17.0,
clock,other__10,other,labelled,other__10:18,18,stream,1,1,18.0,
clock,other__10,other,labelled,other__10:19,19,stream,1,1,19.0,
clock,other__10,other,labelled,other__10:20,20,stream,1,0,20.0,
clock,other__10,other,labelled,other__10:21,21,stream,0,0,21.0,
clock,other__10,other,labelled,other__10:22,22,stream,0,0,22.0,
clock,other__10,other,labelled,other__10:23,23,stream,0,0,23.0,
clock,other__11,other,labelled,other__11:0,0,baseline,0,0,0.0,
clock,other__11,other,labelled,other__11:1,1,baseline,0,0,1.0,
clock,other__11,other,labelled,other__11:2,2,baseline,0,0,2.0,
clock,other__11,other,labelled,other__11:3,3,stream,0,0,3.0,
clock,other__11,other,labelled,other__11:4,4,stream,0,0,4.0,
clock,other__11,other,labelled,other__11:5,5,stream,0,0,5.0,
clock,other__11,other,labelled,other__11:6,6,stream,0,0,6.0,
clock,other__11,other,labelled,other__11:7,7,stream,0,0,7.0,
clock,other__11,other,labelled,other__11:8,8,stream,0,0,8.0,
clock,other__11,other,labelled,other__11:9,9,stream,0,0,9.0,
clock,other__11,other,labelled,other__11:10,10,stream,1,1,10.0,
clock,other__11,other,labelled,other__11:11,11,stream,1,1,11.0,
clock,other__11,other,labelled,other__11:12,12,stream,1,1,12.0,
clock,other__11,other,labelled,other__11:13,13,stream,1,1,13.0,
clock,other__11,other,labelled,other__11:14,14,stream,1,1,14.0,
clock,other__11,other,labelled,other__11:15,15,stream,1,1,15.0,
clock,other__11,other,labelled,other__11:16,16,stream,1,1,16.0,
clock,other__11,other,labelled,other__11:17,17,stream,1,1,17.0,
clock,other__11,other,labelled,other__11:18,18,stream,0,0,18.0,
clock,other__11,other,labelled,other__11:19,19,stream,0,0,19.0,
clock,other__11,other,labelled,other__11:20,20,stream,0,0,20.0,
clock,other__12,other,labelled,other__12:0,0,baseline,0,0,0.0,
clock,other__12,other,labelled,other__12:1,1,baseline,0,0,1.0,
clock,other__12,other,labelled,other__12:2,2,baseline,0,0,2.0,
clock,other__12,other,labelled,other__12:3,3,stream,0,0,3.0,
clock,other__12,other,labelled,other__12:4,4,stream,0,0,4.0,
clock,other__12,other,labelled,other__12:5,5,stream,0,0,5.0,
clock,other__12,other,labelled,other__12:6,6,stream,0,0,6.0,
clock,other__12,other,labelled,other__12:7,7,stream,0,0,7.0,
clock,other__12,other,labelled,other__12:8,8,stream,0,0,8.0,
clock,other__12,other,labelled,other__12:9,9,stream,0,0,9.0,
clock,other__12,other,labelled,other__12:10,10,stream,1,1,10.0,
clock,other__12,other,labelled,other__12:11,11,stream,1,1,11.0,
clock,other__12,other,labelled,other__12:12,12,stream,1,1,12.0,
clock,other__12,other,labelled,other__12:13,13,stream,1,1,13.0,
clock,other__12,other,labelled,other__12:14,14,stream,1,1,14.0,
clock,other__12,other,labelled,other__12:15,15,stream,1,1,15.0,
clock,other__12,other,labelled,other__12:16,16,stream,1,1,16.0,
clock,other__12,other,labelled,other__12:17,17,stream,1,0,17.0,
clock,other__12,other,labelled,other__12:18,18,stream,0,0,18.0,
clock,other__12,other,labelled,other__12:19,19,stream,0,0,19.0,
clock,other__12,other,labelled,other__12:20,20,stream,0,0,20.0,
clock,other__13,other,labelled,other__13:0,0,baseline,0,0,0.0,
clock,other__13,other,labelled,other__13:1,1,baseline,0,0,1.0,
clock,other__13,other,labelled,other__13:2,2,baseline,0,0,2.0,
clock,other__13,other,labelled,other__13:3,3,stream,0,0,3.0,
clock,other__13,other,labelled,other__13:4,4,stream,0,0,4.0,
clock,other__13,other,labelled,other__13:5,5,stream,0,0,5.0,
clock,other__13,other,labelled,other__13:6,6,stream,0,0,6.0,
clock,other__13,other,labelled,other__13:7,7,stream,0,0,7.0,
clock,other__13,other,labelled,other__13:8,8,stream,0,0,8.0,
clock,other__13,other,labelled,other__13:9,9,stream,1,0,9.0,
clock,other__13,other,labelled,other__13:10,10,stream,1,1,10.0,
clock,other__13,other,labelled,other__13:11,11,stream,1,1,11.0,
clock,other__13,other,labelled,other__13:12,12,stream,1,1,12.0,
clock,other__13,other,labelled,other__13:13,13,stream,1,1,13.0,
clock,other__13,other,labelled,other__13:14,14,stream,1,1,14.0,
clock,other__13,other,labelled,other__13:15,15,stream,1,1,15.0,
clock,other__13,other,labelled,other__13:16,16,stream,0,0,16.0,
clock,other__13,other,labelled,other__13:17,17,stream,0,0,17.0,
clock,other__13,other,labelled,other__13:18,18,stream,0,0,18.0,
clock,other__14,other,labelled,other__14:0,0,baseline,0,0,0.0,
clock,other__14,other,labelled,other__14:1,1,baseline,0,0,1.0,
clock,other__14,other,labelled,other__14:2,2,baseline,0,0,2.0,
clock,other__14,other,labelled,other__14:3,3,stream,0,0,3.0,
clock,other__14,other,labelled,other__14:4,4,stream,0,0,4.0,
clock,other__14,other,labelled,other__14:5,5,stream,0,0,5.0,
clock,other__14,other,labelled,other__14:6,6,stream,0,0,6.0,
clock,other__14,other,labelled,other__14:7,7,stream,0,0,7.0,
clock,other__14,other,labelled,other__14:8,8,stream,0,0,8.0,
clock,other__14,other,labelled,other__14:9,9,stream,0,0,9.0,
clock,other__14,other,labelled,other__14:10,10,stream,1,1,10.0,
clock,other__14,other,labelled,other__14:11,11,stream,1,1,11.0,
clock,other__14,other,labelled,other__14:12,12,stream,1,1,12.0,
clock,other__14,other,labelled,other__14:13,13,stream,1,1,13.0,
clock,other__14,other,labelled,other__14:14,14,stream,1,1,14.0,
clock,other__14,other,labelled,other__14:15,15,stream,1,0,15.0,
clock,other__2,other,labelled,other__2:0,0,baseline,0,0,0.0,
clock,other__2,other,labelled,other__2:1,1,baseline,0,0,1.0,
clock,other__2,other,labelled,other__2:2,2,baseline,0,0,2.0,
clock,other__2,other,labelled,other__2:3,3,stream,0,0,3.0,
clock,other__2,other,labelled,other__2:4,4,stream,0,0,4.0,
clock,other__2,other,labelled,other__2:5,5,stream,1,1,5.0,
clock,other__2,other,labelled,other__2:6,6,stream,1,1,6.0,
clock,other__2,other,labelled,other__2:7,7,stream,1,1,7.0,
clock,other__2,other,labelled,other__2:8,8,stream,1,1,8.0,
clock,other__2,other,labelled,other__2:9,9,stream,1,1,9.0,
clock,other__2,other,labelled,other__2:10,10,stream,1,1,10.0,
clock,other__2,other,labelled,other__2:11,11,stream,1,1,11.0,
clock,other__2,other,labelled,other__2:12,12,stream,1,1,12.0,
clock,other__2,other,labelled,other__2:13,13,stream,0,0,13.0,
clock,other__2,other,labelled,other__2:14,14,stream,0,0,14.0,
clock,other__2,other,labelled,other__2:15,15,stream,0,0,15.0,
clock,other__2,other,labelled,other__2:16,16,stream,0,0,16.0,
clock,other__2,other,labelled,other__2:17,17,stream,0,0,17.0,
clock,other__3,other,labelled,other__3:0,0,baseline,0,0,0.0,
clock,other__3,other,labelled,other__3:1,1,baseline,0,0,1.0,
clock,other__3,other,labelled,other__3:2,2,baseline,0,0,2.0,
clock,other__3,other,labelled,other__3:3,3,stream,0,0,3.0,
clock,other__3,other,labelled,other__3:4,4,stream,0,0,4.0,
clock,other__3,other,labelled,other__3:5,5,stream,0,0,5.0,
clock,other__3,other,labelled,other__3:6,6,stream,0,0,6.0,
clock,other__3,other,labelled,other__3:7,7,stream,0,0,7.0,
clock,other__3,other,labelled,other__3:8,8,stream,0,0,8.0,
clock,other__3,other,labelled,other__3:9,9,stream,1,0,9.0,
clock,other__3,other,labelled,other__3:10,10,stream,1,1,10.0,
clock,other__3,other,labelled,other__3:11,11,stream,1,1,11.0,
clock,other__3,other,labelled,other__3:12,12,stream,1,1,12.0,
clock,other__3,other,labelled,other__3:13,13,stream,1,1,13.0,
clock,other__3,other,labelled,other__3:14,14,stream,1,1,14.0,
clock,other__3,other,labelled,other__3:15,15,stream,1,1,15.0,
clock,other__3,other,labelled,other__3:16,16,stream,1,1,16.0,
clock,other__3,other,labelled,other__3:17,17,stream,0,0,17.0,
clock,other__3,other,labelled,other__3:18,18,stream,0,0,18.0,
clock,other__3,other,labelled,other__3:19,19,stream,0,0,19.0,
clock,other__4,other,labelled,other__4:0,0,baseline,0,0,0.0,
clock,other__4,other,labelled,other__4:1,1,baseline,0,0,1.0,
clock,other__4,other,labelled,other__4:2,2,baseline,0,0,2.0,
clock,other__4,other,labelled,other__4:3,3,stream,0,0,3.0,
clock,other__4,other,labelled,other__4:4,4,stream,0,0,4.0,
clock,other__4,other,labelled,other__4:5,5,stream,0,0,5.0,
clock,other__4,other,labelled,other__4:6,6,stream,0,0,6.0,
clock,other__4,other,labelled,other__4:7,7,stream,0,0,7.0,
clock,other__4,other,labelled,other__4:8,8,stream,0,0,8.0,
clock,other__4,other,labelled,other__4:9,9,stream,0,0,9.0,
clock,other__4,other,labelled,other__4:10,10,stream,0,0,10.0,
clock,other__4,other,labelled,other__4:11,11,stream,0,0,11.0,
clock,other__4,other,labelled,other__4:12,12,stream,0,0,12.0,
clock,other__4,other,labelled,other__4:13,13,stream,0,0,13.0,
clock,other__4,other,labelled,other__4:14,14,stream,1,1,14.0,
clock,other__4,other,labelled,other__4:15,15,stream,1,1,15.0,
clock,other__4,other,labelled,other__4:16,16,stream,1,1,16.0,
clock,other__4,other,labelled,other__4:17,17,stream,1,1,17.0,
clock,other__4,other,labelled,other__4:18,18,stream,1,1,18.0,
clock,other__4,other,labelled,other__4:19,19,stream,1,1,19.0,
clock,other__4,other,labelled,other__4:20,20,stream,1,1,20.0,
clock,other__5,other,labelled,other__5:0,0,baseline,0,0,0.0,
clock,other__5,other,labelled,other__5:1,1,baseline,0,0,1.0,
clock,other__5,other,labelled,other__5:2,2,baseline,0,0,2.0,
clock,other__5,other,labelled,other__5:3,3,stream,0,0,3.0,
clock,other__5,other,labelled,other__5:4,4,stream,0,0,4.0,
clock,other__5,other,labelled,other__5:5,5,stream,0,0,5.0,
clock,other__5,other,labelled,other__5:6,6,stream,0,0,6.0,
clock,other__5,other,labelled,other__5:7,7,stream,0,0,7.0,
clock,other__5,other,labelled,other__5:8,8,stream,0,0,8.0,
clock,other__5,other,labelled,other__5:9,9,stream,0,0,9.0,
clock,other__5,other,labelled,other__5:10,10,stream,1,1,10.0,
clock,other__5,other,labelled,other__5:11,11,stream,1,1,11.0,
clock,other__5,other,labelled,other__5:12,12,stream,1,1,12.0,
clock,other__5,other,labelled,other__5:13,13,stream,1,1,13.0,
clock,other__5,other,labelled,other__5:14,14,stream,1,1,14.0,
clock,other__5,other,labelled,other__5:15,15,stream,1,1,15.0,
clock,other__5,other,labelled,other__5:16,16,stream,1,1,16.0,
clock,other__5,other,labelled,other__5:17,17,stream,1,0,17.0,
clock,other__5,other,labelled,other__5:18,18,stream,0,0,18.0,
clock,other__5,other,labelled,other__5:19,19,stream,0,0,19.0,
clock,other__5,other,labelled,other__5:20,20,stream,0,0,20.0,
clock,other__6,other,labelled,other__6:0,0,baseline,0,0,0.0,
clock,other__6,other,labelled,other__6:1,1,baseline,0,0,1.0,
clock,other__6,other,labelled,other__6:2,2,baseline,0,0,2.0,
clock,other__6,other,labelled,other__6:3,3,stream,0,0,3.0,
clock,other__6,other,labelled,other__6:4,4,stream,0,0,4.0,
clock,other__6,other,labelled,other__6:5,5,stream,0,0,5.0,
clock,other__6,other,labelled,other__6:6,6,stream,0,0,6.0,
clock,other__6,other,labelled,other__6:7,7,stream,0,0,7.0,
clock,other__6,other,labelled,other__6:8,8,stream,0,0,8.0,
clock,other__6,other,labelled,other__6:9,9,stream,0,0,9.0,
clock,other__6,other,labelled,other__6:10,10,stream,1,1,10.0,
clock,other__6,other,labelled,other__6:11,11,stream,1,1,11.0,
clock,other__6,other,labelled,other__6:12,12,stream,1,1,12.0,
clock,other__6,other,labelled,other__6:13,13,stream,1,1,13.0,
clock,other__6,other,labelled,other__6:14,14,stream,1,1,14.0,
clock,other__6,other,labelled,other__6:15,15,stream,1,1,15.0,
clock,other__6,other,labelled,other__6:16,16,stream,1,1,16.0,
clock,other__6,other,labelled,other__6:17,17,stream,1,0,17.0,
clock,other__6,other,labelled,other__6:18,18,stream,0,0,18.0,
clock,other__6,other,labelled,other__6:19,19,stream,0,0,19.0,
clock,other__6,other,labelled,other__6:20,20,stream,0,0,20.0,
clock,other__7,other,labelled,other__7:0,0,baseline,0,0,0.0,
clock,other__7,other,labelled,other__7:1,1,baseline,0,0,1.0,
clock,other__7,other,labelled,other__7:2,2,baseline,0,0,2.0,
clock,other__7,other,labelled,other__7:3,3,stream,0,0,3.0,
clock,other__7,other,labelled,other__7:4,4,stream,0,0,4.0,
clock,other__7,other,labelled,other__7:5,5,stream,0,0,5.0,
clock,other__7,other,labelled,other__7:6,6,stream,0,0,6.0,
clock,other__7,other,labelled,other__7:7,7,stream,0,0,7.0,
clock,other__7,other,labelled,other__7:8,8,stream,0,0,8.0,
clock,other__7,other,labelled,other__7:9,9,stream,0,0,9.0,
clock,other__7,other,labelled,other__7:10,10,stream,1,1,10.0,
clock,other__7,other,labelled,other__7:11,11,stream,1,1,11.0,
clock,other__7,other,labelled,other__7:12,12,stream,1,1,12.0,
clock,other__7,other,labelled,other__7:13,13,stream,1,1,13.0,
clock,other__7,other,labelled,other__7:14,14,stream,1,1,14.0,
clock,other__7,other,labelled,other__7:15,15,stream,1,1,15.0,
clock,other__7,other,labelled,other__7:16,16,stream,1,0,16.0,
clock,other__7,other,labelled,other__7:17,17,stream,0,0,17.0,
clock,other__7,other,labelled,other__7:18,18,stream,0,0,18.0,
clock,other__7,other,labelled,other__7:19,19,stream,0,0,19.0,
clock,other__8,other,labelled,other__8:0,0,baseline,0,0,0.0,
clock,other__8,other,labelled,other__8:1,1,baseline,0,0,1.0,
clock,other__8,other,labelled,other__8:2,2,baseline,0,0,2.0,
clock,other__8,other,labelled,other__8:3,3,stream,0,0,3.0,
clock,other__8,other,labelled,other__8:4,4,stream,0,0,4.0,
clock,other__8,other,labelled,other__8:5,5,stream,0,0,5.0,
clock,other__8,other,labelled,other__8:6,6,stream,0,0,6.0,
clock,other__8,other,labelled,other__8:7,7,stream,0,0,7.0,
clock,other__8,other,labelled,other__8:8,8,stream,0,0,8.0,
clock,other__8,other,labelled,other__8:9,9,stream,0,0,9.0,
clock,other__8,other,labelled,other__8:10,10,stream,1,1,10.0,
clock,other__8,other,labelled,other__8:11,11,stream,1,1,11.0,
clock,other__8,other,labelled,other__8:12,12,stream,1,1,12.0,
clock,other__8,other,labelled,other__8:13,13,stream,1,1,13.0,
clock,other__8,other,labelled,other__8:14,14,stream,1,1,14.0,
clock,other__8,other,labelled,other__8:15,15,stream,1,1,15.0,
clock,other__8,other,labelled,other__8:16,16,stream,1,1,16.0,
clock,other__8,other,labelled,other__8:17,17,stream,1,0,17.0,
clock,other__8,other,labelled,other__8:18,18,stream,0,0,18.0,
clock,other__8,other,labelled,other__8:19,19,stream,0,0,19.0,
clock,other__8,other,labelled,other__8:20,20,stream,0,0,20.0,
clock,other__9,other,labelled,other__9:0,0,baseline,0,0,0.0,
clock,other__9,other,labelled,other__9:1,1,baseline,0,0,1.0,
clock,other__9,other,labelled,other__9:2,2,baseline,0,0,2.0,
clock,other__9,other,labelled,other__9:3,3,stream,0,0,3.0,
clock,other__9,other,labelled,other__9:4,4,stream,0,0,4.0,
clock,other__9,other,labelled,other__9:5,5,stream,0,0,5.0,
clock,other__9,other,labelled,other__9:6,6,stream,0,0,6.0,
clock,other__9,other,labelled,other__9:7,7,stream,0,0,7.0,
clock,other__9,other,labelled,other__9:8,8,stream,0,0,8.0,
clock,other__9,other,labelled,other__9:9,9,stream,1,0,9.0,
clock,other__9,other,labelled,other__9:10,10,stream,1,1,10.0,
clock,other__9,other,labelled,other__9:11,11,stream,1,1,11.0,
clock,other__9,other,labelled,other__9:12,12,stream,1,1,12.0,
clock,other__9,other,labelled,other__9:13,13,stream,1,1,13.0,
clock,other__9,other,labelled,other__9:14,14,stream,1,1,14.0,
clock,other__9,other,labelled,other__9:15,15,stream,1,1,15.0,
clock,other__9,other,labelled,other__9:16,16,stream,1,1,16.0,
clock,other__9,other,labelled,other__9:17,17,stream,0,0,17.0,
clock,other__9,other,labelled,other__9:18,18,stream,0,0,18.0,
clock,other__9,other,labelled,other__9:19,19,stream,0,0,19.0,
clock,valve1__0,valve1,labelled,valve1__0:0,0,baseline,0,0,0.0,
clock,valve1__0,valve1,labelled,valve1__0:1,1,baseline,0,0,1.0,
clock,valve1__0,valve1,labelled,valve1__0:2,2,baseline,0,0,2.0,
clock,valve1__0,valve1,labelled,valve1__0:3,3,stream,0,0,3.0,
clock,valve1__0,valve1,labelled,valve1__0:4,4,stream,0,0,4.0,
clock,valve1__0,valve1,labelled,valve1__0:5,5,stream,0,0,5.0,
clock,valve1__0,valve1,labelled,valve1__0:6,6,stream,0,0,6.0,
clock,valve1__0,valve1,labelled,valve1__0:7,7,stream,0,0,7.0,
clock,valve1__0,valve1,labelled,valve1__0:8,8,stream,0,0,8.0,
clock,valve1__0,valve1,labelled,valve1__0:9,9,stream,0,0,9.0,
clock,valve1__0,valve1,labelled,valve1__0:10,10,stream,1,1,10.0,
clock,valve1__0,valve1,labelled,valve1__0:11,11,stream,1,1,11.0,
clock,valve1__0,valve1,labelled,valve1__0:12,12,stream,1,1,12.0,
clock,valve1__0,valve1,labelled,valve1__0:13,13,stream,1,1,13.0,
clock,valve1__0,valve1,labelled,valve1__0:14,14,stream,1,1,14.0,
clock,valve1__0,valve1,labelled,valve1__0:15,15,stream,1,1,15.0,
clock,valve1__0,valve1,labelled,valve1__0:16,16,stream,1,1,16.0,
clock,valve1__0,valve1,labelled,valve1__0:17,17,stream,0,0,17.0,
clock,valve1__0,valve1,labelled,valve1__0:18,18,stream,0,0,18.0,
clock,valve1__0,valve1,labelled,valve1__0:19,19,stream,0,0,19.0,
clock,valve1__1,valve1,labelled,valve1__1:0,0,baseline,0,0,0.0,
clock,valve1__1,valve1,labelled,valve1__1:1,1,baseline,0,0,1.0,
clock,valve1__1,valve1,labelled,valve1__1:2,2,baseline,0,0,2.0,
clock,valve1__1,valve1,labelled,valve1__1:3,3,stream,0,0,3.0,
clock,valve1__1,valve1,labelled,valve1__1:4,4,stream,0,0,4.0,
clock,valve1__1,valve1,labelled,valve1__1:5,5,stream,0,0,5.0,
clock,valve1__1,valve1,labelled,valve1__1:6,6,stream,0,0,6.0,
clock,valve1__1,valve1,labelled,valve1__1:7,7,stream,0,0,7.0,
clock,valve1__1,valve1,labelled,valve1__1:8,8,stream,0,0,8.0,
clock,valve1__1,valve1,labelled,valve1__1:9,9,stream,0,0,9.0,
clock,valve1__1,valve1,labelled,valve1__1:10,10,stream,1,1,10.0,
clock,valve1__1,valve1,labelled,valve1__1:11,11,stream,1,1,11.0,
clock,valve1__1,valve1,labelled,valve1__1:12,12,stream,1,1,12.0,
clock,valve1__1,valve1,labelled,valve1__1:13,13,stream,1,1,13.0,
clock,valve1__1,valve1,labelled,valve1__1:14,14,stream,1,1,14.0,
clock,valve1__1,valve1,labelled,valve1__1:15,15,stream,1,1,15.0,
clock,valve1__1,valve1,labelled,valve1__1:16,16,stream,1,1,16.0,
clock,valve1__1,valve1,labelled,valve1__1:17,17,stream,1,0,17.0,
clock,valve1__1,valve1,labelled,valve1__1:18,18,stream,0,0,18.0,
clock,valve1__1,valve1,labelled,valve1__1:19,19,stream,0,0,19.0,
clock,valve1__1,valve1,labelled,valve1__1:20,20,stream,0,0,20.0,
clock,valve1__10,valve1,labelled,valve1__10:0,0,baseline,0,0,0.0,
clock,valve1__10,valve1,labelled,valve1__10:1,1,baseline,0,0,1.0,
clock,valve1__10,valve1,labelled,valve1__10:2,2,baseline,0,0,2.0,
clock,valve1__10,valve1,labelled,valve1__10:3,3,stream,0,0,3.0,
clock,valve1__10,valve1,labelled,valve1__10:4,4,stream,0,0,4.0,
clock,valve1__10,valve1,labelled,valve1__10:5,5,stream,0,0,5.0,
clock,valve1__10,valve1,labelled,valve1__10:6,6,stream,0,0,6.0,
clock,valve1__10,valve1,labelled,valve1__10:7,7,stream,0,0,7.0,
clock,valve1__10,valve1,labelled,valve1__10:8,8,stream,0,0,8.0,
clock,valve1__10,valve1,labelled,valve1__10:9,9,stream,0,0,9.0,
clock,valve1__10,valve1,labelled,valve1__10:10,10,stream,1,1,10.0,
clock,valve1__10,valve1,labelled,valve1__10:11,11,stream,1,1,11.0,
clock,valve1__10,valve1,labelled,valve1__10:12,12,stream,1,1,12.0,
clock,valve1__10,valve1,labelled,valve1__10:13,13,stream,1,1,13.0,
clock,valve1__10,valve1,labelled,valve1__10:14,14,stream,1,1,14.0,
clock,valve1__10,valve1,labelled,valve1__10:15,15,stream,1,1,15.0,
clock,valve1__10,valve1,labelled,valve1__10:16,16,stream,1,1,16.0,
clock,valve1__10,valve1,labelled,valve1__10:17,17,stream,0,0,17.0,
clock,valve1__10,valve1,labelled,valve1__10:18,18,stream,0,0,18.0,
clock,valve1__10,valve1,labelled,valve1__10:19,19,stream,0,0,19.0,
clock,valve1__11,valve1,labelled,valve1__11:0,0,baseline,0,0,0.0,
clock,valve1__11,valve1,labelled,valve1__11:1,1,baseline,0,0,1.0,
clock,valve1__11,valve1,labelled,valve1__11:2,2,baseline,0,0,2.0,
clock,valve1__11,valve1,labelled,valve1__11:3,3,stream,0,0,3.0,
clock,valve1__11,valve1,labelled,valve1__11:4,4,stream,0,0,4.0,
clock,valve1__11,valve1,labelled,valve1__11:5,5,stream,0,0,5.0,
clock,valve1__11,valve1,labelled,valve1__11:6,6,stream,0,0,6.0,
clock,valve1__11,valve1,labelled,valve1__11:7,7,stream,0,0,7.0,
clock,valve1__11,valve1,labelled,valve1__11:8,8,stream,0,0,8.0,
clock,valve1__11,valve1,labelled,valve1__11:9,9,stream,0,0,9.0,
clock,valve1__11,valve1,labelled,valve1__11:10,10,stream,1,1,10.0,
clock,valve1__11,valve1,labelled,valve1__11:11,11,stream,1,1,11.0,
clock,valve1__11,valve1,labelled,valve1__11:12,12,stream,1,1,12.0,
clock,valve1__11,valve1,labelled,valve1__11:13,13,stream,1,1,13.0,
clock,valve1__11,valve1,labelled,valve1__11:14,14,stream,1,1,14.0,
clock,valve1__11,valve1,labelled,valve1__11:15,15,stream,1,1,15.0,
clock,valve1__11,valve1,labelled,valve1__11:16,16,stream,1,1,16.0,
clock,valve1__11,valve1,labelled,valve1__11:17,17,stream,1,0,17.0,
clock,valve1__11,valve1,labelled,valve1__11:18,18,stream,0,0,18.0,
clock,valve1__11,valve1,labelled,valve1__11:19,19,stream,0,0,19.0,
clock,valve1__11,valve1,labelled,valve1__11:20,20,stream,0,0,20.0,
clock,valve1__12,valve1,labelled,valve1__12:0,0,baseline,0,0,0.0,
clock,valve1__12,valve1,labelled,valve1__12:1,1,baseline,0,0,1.0,
clock,valve1__12,valve1,labelled,valve1__12:2,2,baseline,0,0,2.0,
clock,valve1__12,valve1,labelled,valve1__12:3,3,stream,0,0,3.0,
clock,valve1__12,valve1,labelled,valve1__12:4,4,stream,0,0,4.0,
clock,valve1__12,valve1,labelled,valve1__12:5,5,stream,0,0,5.0,
clock,valve1__12,valve1,labelled,valve1__12:6,6,stream,0,0,6.0,
clock,valve1__12,valve1,labelled,valve1__12:7,7,stream,0,0,7.0,
clock,valve1__12,valve1,labelled,valve1__12:8,8,stream,0,0,8.0,
clock,valve1__12,valve1,labelled,valve1__12:9,9,stream,0,0,9.0,
clock,valve1__12,valve1,labelled,valve1__12:10,10,stream,1,1,10.0,
clock,valve1__12,valve1,labelled,valve1__12:11,11,stream,1,1,11.0,
clock,valve1__12,valve1,labelled,valve1__12:12,12,stream,1,1,12.0,
clock,valve1__12,valve1,labelled,valve1__12:13,13,stream,1,1,13.0,
clock,valve1__12,valve1,labelled,valve1__12:14,14,stream,1,1,14.0,
clock,valve1__12,valve1,labelled,valve1__12:15,15,stream,1,1,15.0,
clock,valve1__12,valve1,labelled,valve1__12:16,16,stream,1,1,16.0,
clock,valve1__12,valve1,labelled,valve1__12:17,17,stream,1,0,17.0,
clock,valve1__12,valve1,labelled,valve1__12:18,18,stream,0,0,18.0,
clock,valve1__12,valve1,labelled,valve1__12:19,19,stream,0,0,19.0,
clock,valve1__12,valve1,labelled,valve1__12:20,20,stream,0,0,20.0,
clock,valve1__13,valve1,labelled,valve1__13:0,0,baseline,0,0,0.0,
clock,valve1__13,valve1,labelled,valve1__13:1,1,baseline,0,0,1.0,
clock,valve1__13,valve1,labelled,valve1__13:2,2,baseline,0,0,2.0,
clock,valve1__13,valve1,labelled,valve1__13:3,3,stream,0,0,3.0,
clock,valve1__13,valve1,labelled,valve1__13:4,4,stream,0,0,4.0,
clock,valve1__13,valve1,labelled,valve1__13:5,5,stream,0,0,5.0,
clock,valve1__13,valve1,labelled,valve1__13:6,6,stream,0,0,6.0,
clock,valve1__13,valve1,labelled,valve1__13:7,7,stream,0,0,7.0,
clock,valve1__13,valve1,labelled,valve1__13:8,8,stream,0,0,8.0,
clock,valve1__13,valve1,labelled,valve1__13:9,9,stream,0,0,9.0,
clock,valve1__13,valve1,labelled,valve1__13:10,10,stream,1,1,10.0,
clock,valve1__13,valve1,labelled,valve1__13:11,11,stream,1,1,11.0,
clock,valve1__13,valve1,labelled,valve1__13:12,12,stream,1,1,12.0,
clock,valve1__13,valve1,labelled,valve1__13:13,13,stream,1,1,13.0,
clock,valve1__13,valve1,labelled,valve1__13:14,14,stream,1,1,14.0,
clock,valve1__13,valve1,labelled,valve1__13:15,15,stream,1,1,15.0,
clock,valve1__13,valve1,labelled,valve1__13:16,16,stream,1,1,16.0,
clock,valve1__13,valve1,labelled,valve1__13:17,17,stream,0,0,17.0,
clock,valve1__13,valve1,labelled,valve1__13:18,18,stream,0,0,18.0,
clock,valve1__13,valve1,labelled,valve1__13:19,19,stream,0,0,19.0,
clock,valve1__14,valve1,labelled,valve1__14:0,0,baseline,0,0,0.0,
clock,valve1__14,valve1,labelled,valve1__14:1,1,baseline,0,0,1.0,
clock,valve1__14,valve1,labelled,valve1__14:2,2,baseline,0,0,2.0,
clock,valve1__14,valve1,labelled,valve1__14:3,3,stream,0,0,3.0,
clock,valve1__14,valve1,labelled,valve1__14:4,4,stream,0,0,4.0,
clock,valve1__14,valve1,labelled,valve1__14:5,5,stream,0,0,5.0,
clock,valve1__14,valve1,labelled,valve1__14:6,6,stream,0,0,6.0,
clock,valve1__14,valve1,labelled,valve1__14:7,7,stream,0,0,7.0,
clock,valve1__14,valve1,labelled,valve1__14:8,8,stream,0,0,8.0,
clock,valve1__14,valve1,labelled,valve1__14:9,9,stream,0,0,9.0,
clock,valve1__14,valve1,labelled,valve1__14:10,10,stream,1,1,10.0,
clock,valve1__14,valve1,labelled,valve1__14:11,11,stream,1,1,11.0,
clock,valve1__14,valve1,labelled,valve1__14:12,12,stream,1,1,12.0,
clock,valve1__14,valve1,labelled,valve1__14:13,13,stream,1,1,13.0,
clock,valve1__14,valve1,labelled,valve1__14:14,14,stream,1,1,14.0,
clock,valve1__14,valve1,labelled,valve1__14:15,15,stream,1,1,15.0,
clock,valve1__14,valve1,labelled,valve1__14:16,16,stream,1,1,16.0,
clock,valve1__14,valve1,labelled,valve1__14:17,17,stream,0,0,17.0,
clock,valve1__14,valve1,labelled,valve1__14:18,18,stream,0,0,18.0,
clock,valve1__14,valve1,labelled,valve1__14:19,19,stream,0,0,19.0,
clock,valve1__15,valve1,labelled,valve1__15:0,0,baseline,0,0,0.0,
clock,valve1__15,valve1,labelled,valve1__15:1,1,baseline,0,0,1.0,
clock,valve1__15,valve1,labelled,valve1__15:2,2,baseline,0,0,2.0,
clock,valve1__15,valve1,labelled,valve1__15:3,3,stream,0,0,3.0,
clock,valve1__15,valve1,labelled,valve1__15:4,4,stream,0,0,4.0,
clock,valve1__15,valve1,labelled,valve1__15:5,5,stream,0,0,5.0,
clock,valve1__15,valve1,labelled,valve1__15:6,6,stream,0,0,6.0,
clock,valve1__15,valve1,labelled,valve1__15:7,7,stream,0,0,7.0,
clock,valve1__15,valve1,labelled,valve1__15:8,8,stream,0,0,8.0,
clock,valve1__15,valve1,labelled,valve1__15:9,9,stream,0,0,9.0,
clock,valve1__15,valve1,labelled,valve1__15:10,10,stream,1,1,10.0,
clock,valve1__15,valve1,labelled,valve1__15:11,11,stream,1,1,11.0,
clock,valve1__15,valve1,labelled,valve1__15:12,12,stream,1,1,12.0,
clock,valve1__15,valve1,labelled,valve1__15:13,13,stream,1,1,13.0,
clock,valve1__15,valve1,labelled,valve1__15:14,14,stream,1,1,14.0,
clock,valve1__15,valve1,labelled,valve1__15:15,15,stream,1,1,15.0,
clock,valve1__15,valve1,labelled,valve1__15:16,16,stream,1,1,16.0,
clock,valve1__15,valve1,labelled,valve1__15:17,17,stream,1,0,17.0,
clock,valve1__15,valve1,labelled,valve1__15:18,18,stream,0,0,18.0,
clock,valve1__15,valve1,labelled,valve1__15:19,19,stream,0,0,19.0,
clock,valve1__15,valve1,labelled,valve1__15:20,20,stream,0,0,20.0,
clock,valve1__2,valve1,labelled,valve1__2:0,0,baseline,0,0,0.0,
clock,valve1__2,valve1,labelled,valve1__2:1,1,baseline,0,0,1.0,
clock,valve1__2,valve1,labelled,valve1__2:2,2,baseline,0,0,2.0,
clock,valve1__2,valve1,labelled,valve1__2:3,3,stream,0,0,3.0,
clock,valve1__2,valve1,labelled,valve1__2:4,4,stream,0,0,4.0,
clock,valve1__2,valve1,labelled,valve1__2:5,5,stream,0,0,5.0,
clock,valve1__2,valve1,labelled,valve1__2:6,6,stream,0,0,6.0,
clock,valve1__2,valve1,labelled,valve1__2:7,7,stream,0,0,7.0,
clock,valve1__2,valve1,labelled,valve1__2:8,8,stream,0,0,8.0,
clock,valve1__2,valve1,labelled,valve1__2:9,9,stream,0,0,9.0,
clock,valve1__2,valve1,labelled,valve1__2:10,10,stream,0,0,10.0,
clock,valve1__2,valve1,labelled,valve1__2:11,11,stream,1,1,11.0,
clock,valve1__2,valve1,labelled,valve1__2:12,12,stream,1,1,12.0,
clock,valve1__2,valve1,labelled,valve1__2:13,13,stream,1,1,13.0,
clock,valve1__2,valve1,labelled,valve1__2:14,14,stream,1,1,14.0,
clock,valve1__2,valve1,labelled,valve1__2:15,15,stream,1,1,15.0,
clock,valve1__2,valve1,labelled,valve1__2:16,16,stream,1,1,16.0,
clock,valve1__2,valve1,labelled,valve1__2:17,17,stream,0,0,17.0,
clock,valve1__2,valve1,labelled,valve1__2:18,18,stream,0,0,18.0,
clock,valve1__2,valve1,labelled,valve1__2:19,19,stream,0,0,19.0,
clock,valve1__3,valve1,labelled,valve1__3:0,0,baseline,0,0,0.0,
clock,valve1__3,valve1,labelled,valve1__3:1,1,baseline,0,0,1.0,
clock,valve1__3,valve1,labelled,valve1__3:2,2,baseline,0,0,2.0,
clock,valve1__3,valve1,labelled,valve1__3:3,3,stream,0,0,3.0,
clock,valve1__3,valve1,labelled,valve1__3:4,4,stream,0,0,4.0,
clock,valve1__3,valve1,labelled,valve1__3:5,5,stream,0,0,5.0,
clock,valve1__3,valve1,labelled,valve1__3:6,6,stream,0,0,6.0,
clock,valve1__3,valve1,labelled,valve1__3:7,7,stream,0,0,7.0,
clock,valve1__3,valve1,labelled,valve1__3:8,8,stream,0,0,8.0,
clock,valve1__3,valve1,labelled,valve1__3:9,9,stream,0,0,9.0,
clock,valve1__3,valve1,labelled,valve1__3:10,10,stream,1,1,10.0,
clock,valve1__3,valve1,labelled,valve1__3:11,11,stream,1,1,11.0,
clock,valve1__3,valve1,labelled,valve1__3:12,12,stream,1,1,12.0,
clock,valve1__3,valve1,labelled,valve1__3:13,13,stream,1,1,13.0,
clock,valve1__3,valve1,labelled,valve1__3:14,14,stream,1,1,14.0,
clock,valve1__3,valve1,labelled,valve1__3:15,15,stream,1,1,15.0,
clock,valve1__3,valve1,labelled,valve1__3:16,16,stream,1,1,16.0,
clock,valve1__3,valve1,labelled,valve1__3:17,17,stream,1,0,17.0,
clock,valve1__3,valve1,labelled,valve1__3:18,18,stream,0,0,18.0,
clock,valve1__3,valve1,labelled,valve1__3:19,19,stream,0,0,19.0,
clock,valve1__3,valve1,labelled,valve1__3:20,20,stream,0,0,20.0,
clock,valve1__4,valve1,labelled,valve1__4:0,0,baseline,0,0,0.0,
clock,valve1__4,valve1,labelled,valve1__4:1,1,baseline,0,0,1.0,
clock,valve1__4,valve1,labelled,valve1__4:2,2,baseline,0,0,2.0,
clock,valve1__4,valve1,labelled,valve1__4:3,3,stream,0,0,3.0,
clock,valve1__4,valve1,labelled,valve1__4:4,4,stream,0,0,4.0,
clock,valve1__4,valve1,labelled,valve1__4:5,5,stream,0,0,5.0,
clock,valve1__4,valve1,labelled,valve1__4:6,6,stream,0,0,6.0,
clock,valve1__4,valve1,labelled,valve1__4:7,7,stream,0,0,7.0,
clock,valve1__4,valve1,labelled,valve1__4:8,8,stream,0,0,8.0,
clock,valve1__4,valve1,labelled,valve1__4:9,9,stream,0,0,9.0,
clock,valve1__4,valve1,labelled,valve1__4:10,10,stream,1,1,10.0,
clock,valve1__4,valve1,labelled,valve1__4:11,11,stream,1,1,11.0,
clock,valve1__4,valve1,labelled,valve1__4:12,12,stream,1,1,12.0,
clock,valve1__4,valve1,labelled,valve1__4:13,13,stream,1,1,13.0,
clock,valve1__4,valve1,labelled,valve1__4:14,14,stream,1,1,14.0,
clock,valve1__4,valve1,labelled,valve1__4:15,15,stream,1,1,15.0,
clock,valve1__4,valve1,labelled,valve1__4:16,16,stream,1,1,16.0,
clock,valve1__4,valve1,labelled,valve1__4:17,17,stream,0,0,17.0,
clock,valve1__4,valve1,labelled,valve1__4:18,18,stream,0,0,18.0,
clock,valve1__4,valve1,labelled,valve1__4:19,19,stream,0,0,19.0,
clock,valve1__5,valve1,labelled,valve1__5:0,0,baseline,0,0,0.0,
clock,valve1__5,valve1,labelled,valve1__5:1,1,baseline,0,0,1.0,
clock,valve1__5,valve1,labelled,valve1__5:2,2,baseline,0,0,2.0,
clock,valve1__5,valve1,labelled,valve1__5:3,3,stream,0,0,3.0,
clock,valve1__5,valve1,labelled,valve1__5:4,4,stream,0,0,4.0,
clock,valve1__5,valve1,labelled,valve1__5:5,5,stream,0,0,5.0,
clock,valve1__5,valve1,labelled,valve1__5:6,6,stream,0,0,6.0,
clock,valve1__5,valve1,labelled,valve1__5:7,7,stream,0,0,7.0,
clock,valve1__5,valve1,labelled,valve1__5:8,8,stream,0,0,8.0,
clock,valve1__5,valve1,labelled,valve1__5:9,9,stream,0,0,9.0,
clock,valve1__5,valve1,labelled,valve1__5:10,10,stream,1,1,10.0,
clock,valve1__5,valve1,labelled,valve1__5:11,11,stream,1,1,11.0,
clock,valve1__5,valve1,labelled,valve1__5:12,12,stream,1,1,12.0,
clock,valve1__5,valve1,labelled,valve1__5:13,13,stream,1,1,13.0,
clock,valve1__5,valve1,labelled,valve1__5:14,14,stream,1,1,14.0,
clock,valve1__5,valve1,labelled,valve1__5:15,15,stream,1,1,15.0,
clock,valve1__5,valve1,labelled,valve1__5:16,16,stream,1,1,16.0,
clock,valve1__5,valve1,labelled,valve1__5:17,17,stream,0,0,17.0,
clock,valve1__5,valve1,labelled,valve1__5:18,18,stream,0,0,18.0,
clock,valve1__5,valve1,labelled,valve1__5:19,19,stream,0,0,19.0,
clock,valve1__6,valve1,labelled,valve1__6:0,0,baseline,0,0,0.0,
clock,valve1__6,valve1,labelled,valve1__6:1,1,baseline,0,0,1.0,
clock,valve1__6,valve1,labelled,valve1__6:2,2,baseline,0,0,2.0,
clock,valve1__6,valve1,labelled,valve1__6:3,3,stream,0,0,3.0,
clock,valve1__6,valve1,labelled,valve1__6:4,4,stream,0,0,4.0,
clock,valve1__6,valve1,labelled,valve1__6:5,5,stream,0,0,5.0,
clock,valve1__6,valve1,labelled,valve1__6:6,6,stream,0,0,6.0,
clock,valve1__6,valve1,labelled,valve1__6:7,7,stream,0,0,7.0,
clock,valve1__6,valve1,labelled,valve1__6:8,8,stream,0,0,8.0,
clock,valve1__6,valve1,labelled,valve1__6:9,9,stream,0,0,9.0,
clock,valve1__6,valve1,labelled,valve1__6:10,10,stream,1,1,10.0,
clock,valve1__6,valve1,labelled,valve1__6:11,11,stream,1,1,11.0,
clock,valve1__6,valve1,labelled,valve1__6:12,12,stream,1,1,12.0,
clock,valve1__6,valve1,labelled,valve1__6:13,13,stream,1,1,13.0,
clock,valve1__6,valve1,labelled,valve1__6:14,14,stream,1,1,14.0,
clock,valve1__6,valve1,labelled,valve1__6:15,15,stream,1,1,15.0,
clock,valve1__6,valve1,labelled,valve1__6:16,16,stream,1,1,16.0,
clock,valve1__6,valve1,labelled,valve1__6:17,17,stream,1,0,17.0,
clock,valve1__6,valve1,labelled,valve1__6:18,18,stream,0,0,18.0,
clock,valve1__6,valve1,labelled,valve1__6:19,19,stream,0,0,19.0,
clock,valve1__7,valve1,labelled,valve1__7:0,0,baseline,0,0,0.0,
clock,valve1__7,valve1,labelled,valve1__7:1,1,baseline,0,0,1.0,
clock,valve1__7,valve1,labelled,valve1__7:2,2,baseline,0,0,2.0,
clock,valve1__7,valve1,labelled,valve1__7:3,3,stream,0,0,3.0,
clock,valve1__7,valve1,labelled,valve1__7:4,4,stream,0,0,4.0,
clock,valve1__7,valve1,labelled,valve1__7:5,5,stream,0,0,5.0,
clock,valve1__7,valve1,labelled,valve1__7:6,6,stream,0,0,6.0,
clock,valve1__7,valve1,labelled,valve1__7:7,7,stream,0,0,7.0,
clock,valve1__7,valve1,labelled,valve1__7:8,8,stream,0,0,8.0,
clock,valve1__7,valve1,labelled,valve1__7:9,9,stream,0,0,9.0,
clock,valve1__7,valve1,labelled,valve1__7:10,10,stream,1,1,10.0,
clock,valve1__7,valve1,labelled,valve1__7:11,11,stream,1,1,11.0,
clock,valve1__7,valve1,labelled,valve1__7:12,12,stream,1,1,12.0,
clock,valve1__7,valve1,labelled,valve1__7:13,13,stream,1,1,13.0,
clock,valve1__7,valve1,labelled,valve1__7:14,14,stream,1,1,14.0,
clock,valve1__7,valve1,labelled,valve1__7:15,15,stream,1,1,15.0,
clock,valve1__7,valve1,labelled,valve1__7:16,16,stream,1,1,16.0,
clock,valve1__7,valve1,labelled,valve1__7:17,17,stream,1,0,17.0,
clock,valve1__7,valve1,labelled,valve1__7:18,18,stream,0,0,18.0,
clock,valve1__7,valve1,labelled,valve1__7:19,19,stream,0,0,19.0,
clock,valve1__7,valve1,labelled,valve1__7:20,20,stream,0,0,20.0,
clock,valve1__8,valve1,labelled,valve1__8:0,0,baseline,0,0,0.0,
clock,valve1__8,valve1,labelled,valve1__8:1,1,baseline,0,0,1.0,
clock,valve1__8,valve1,labelled,valve1__8:2,2,baseline,0,0,2.0,
clock,valve1__8,valve1,labelled,valve1__8:3,3,stream,0,0,3.0,
clock,valve1__8,valve1,labelled,valve1__8:4,4,stream,0,0,4.0,
clock,valve1__8,valve1,labelled,valve1__8:5,5,stream,0,0,5.0,
clock,valve1__8,valve1,labelled,valve1__8:6,6,stream,0,0,6.0,
clock,valve1__8,valve1,labelled,valve1__8:7,7,stream,0,0,7.0,
clock,valve1__8,valve1,labelled,valve1__8:8,8,stream,0,0,8.0,
clock,valve1__8,valve1,labelled,valve1__8:9,9,stream,1,0,9.0,
clock,valve1__8,valve1,labelled,valve1__8:10,10,stream,1,1,10.0,
clock,valve1__8,valve1,labelled,valve1__8:11,11,stream,1,1,11.0,
clock,valve1__8,valve1,labelled,valve1__8:12,12,stream,1,1,12.0,
clock,valve1__8,valve1,labelled,valve1__8:13,13,stream,1,1,13.0,
clock,valve1__8,valve1,labelled,valve1__8:14,14,stream,1,1,14.0,
clock,valve1__8,valve1,labelled,valve1__8:15,15,stream,1,1,15.0,
clock,valve1__8,valve1,labelled,valve1__8:16,16,stream,1,1,16.0,
clock,valve1__8,valve1,labelled,valve1__8:17,17,stream,0,0,17.0,
clock,valve1__8,valve1,labelled,valve1__8:18,18,stream,0,0,18.0,
clock,valve1__8,valve1,labelled,valve1__8:19,19,stream,0,0,19.0,
clock,valve1__9,valve1,labelled,valve1__9:0,0,baseline,0,0,0.0,
clock,valve1__9,valve1,labelled,valve1__9:1,1,baseline,0,0,1.0,
clock,valve1__9,valve1,labelled,valve1__9:2,2,baseline,0,0,2.0,
clock,valve1__9,valve1,labelled,valve1__9:3,3,stream,0,0,3.0,
clock,valve1__9,valve1,labelled,valve1__9:4,4,stream,0,0,4.0,
clock,valve1__9,valve1,labelled,valve1__9:5,5,stream,0,0,5.0,
clock,valve1__9,valve1,labelled,valve1__9:6,6,stream,0,0,6.0,
clock,valve1__9,valve1,labelled,valve1__9:7,7,stream,0,0,7.0,
clock,valve1__9,valve1,labelled,valve1__9:8,8,stream,0,0,8.0,
clock,valve1__9,valve1,labelled,valve1__9:9,9,stream,0,0,9.0,
clock,valve1__9,valve1,labelled,valve1__9:10,10,stream,1,1,10.0,
clock,valve1__9,valve1,labelled,valve1__9:11,11,stream,1,1,11.0,
clock,valve1__9,valve1,labelled,valve1__9:12,12,stream,1,1,12.0,
clock,valve1__9,valve1,labelled,valve1__9:13,13,stream,1,1,13.0,
clock,valve1__9,valve1,labelled,valve1__9:14,14,stream,1,1,14.0,
clock,valve1__9,valve1,labelled,valve1__9:15,15,stream,1,1,15.0,
clock,valve1__9,valve1,labelled,valve1__9:16,16,stream,1,1,16.0,
clock,valve1__9,valve1,labelled,valve1__9:17,17,stream,1,0,17.0,
clock,valve1__9,valve1,labelled,valve1__9:18,18,stream,0,0,18.0,
clock,valve1__9,valve1,labelled,valve1__9:19,19,stream,0,0,19.0,
clock,valve1__9,valve1,labelled,valve1__9:20,20,stream,0,0,20.0,
clock,valve2__0,valve2,labelled,valve2__0:0,0,baseline,0,0,0.0,
clock,valve2__0,valve2,labelled,valve2__0:1,1,baseline,0,0,1.0,
clock,valve2__0,valve2,labelled,valve2__0:2,2,baseline,0,0,2.0,
clock,valve2__0,valve2,labelled,valve2__0:3,3,stream,0,0,3.0,
clock,valve2__0,valve2,labelled,valve2__0:4,4,stream,0,0,4.0,
clock,valve2__0,valve2,labelled,valve2__0:5,5,stream,0,0,5.0,
clock,valve2__0,valve2,labelled,valve2__0:6,6,stream,0,0,6.0,
clock,valve2__0,valve2,labelled,valve2__0:7,7,stream,0,0,7.0,
clock,valve2__0,valve2,labelled,valve2__0:8,8,stream,0,0,8.0,
clock,valve2__0,valve2,labelled,valve2__0:9,9,stream,0,0,9.0,
clock,valve2__0,valve2,labelled,valve2__0:10,10,stream,1,1,10.0,
clock,valve2__0,valve2,labelled,valve2__0:11,11,stream,1,1,11.0,
clock,valve2__0,valve2,labelled,valve2__0:12,12,stream,1,1,12.0,
clock,valve2__0,valve2,labelled,valve2__0:13,13,stream,1,1,13.0,
clock,valve2__0,valve2,labelled,valve2__0:14,14,stream,1,1,14.0,
clock,valve2__0,valve2,labelled,valve2__0:15,15,stream,1,1,15.0,
clock,valve2__0,valve2,labelled,valve2__0:16,16,stream,1,1,16.0,
clock,valve2__0,valve2,labelled,valve2__0:17,17,stream,0,0,17.0,
clock,valve2__0,valve2,labelled,valve2__0:18,18,stream,0,0,18.0,
clock,valve2__0,valve2,labelled,valve2__0:19,19,stream,0,0,19.0,
clock,valve2__1,valve2,labelled,valve2__1:0,0,baseline,0,0,0.0,
clock,valve2__1,valve2,labelled,valve2__1:1,1,baseline,0,0,1.0,
clock,valve2__1,valve2,labelled,valve2__1:2,2,baseline,0,0,2.0,
clock,valve2__1,valve2,labelled,valve2__1:3,3,stream,0,0,3.0,
clock,valve2__1,valve2,labelled,valve2__1:4,4,stream,0,0,4.0,
clock,valve2__1,valve2,labelled,valve2__1:5,5,stream,0,0,5.0,
clock,valve2__1,valve2,labelled,valve2__1:6,6,stream,0,0,6.0,
clock,valve2__1,valve2,labelled,valve2__1:7,7,stream,0,0,7.0,
clock,valve2__1,valve2,labelled,valve2__1:8,8,stream,0,0,8.0,
clock,valve2__1,valve2,labelled,valve2__1:9,9,stream,0,0,9.0,
clock,valve2__1,valve2,labelled,valve2__1:10,10,stream,1,1,10.0,
clock,valve2__1,valve2,labelled,valve2__1:11,11,stream,1,1,11.0,
clock,valve2__1,valve2,labelled,valve2__1:12,12,stream,1,1,12.0,
clock,valve2__1,valve2,labelled,valve2__1:13,13,stream,1,1,13.0,
clock,valve2__1,valve2,labelled,valve2__1:14,14,stream,1,1,14.0,
clock,valve2__1,valve2,labelled,valve2__1:15,15,stream,0,0,15.0,
clock,valve2__1,valve2,labelled,valve2__1:16,16,stream,1,1,16.0,
clock,valve2__1,valve2,labelled,valve2__1:17,17,stream,0,0,17.0,
clock,valve2__1,valve2,labelled,valve2__1:18,18,stream,0,0,18.0,
clock,valve2__1,valve2,labelled,valve2__1:19,19,stream,0,0,19.0,
clock,valve2__1,valve2,labelled,valve2__1:20,20,stream,0,0,20.0,
clock,valve2__2,valve2,labelled,valve2__2:0,0,baseline,0,0,0.0,
clock,valve2__2,valve2,labelled,valve2__2:1,1,baseline,0,0,1.0,
clock,valve2__2,valve2,labelled,valve2__2:2,2,baseline,0,0,2.0,
clock,valve2__2,valve2,labelled,valve2__2:3,3,stream,0,0,3.0,
clock,valve2__2,valve2,labelled,valve2__2:4,4,stream,0,0,4.0,
clock,valve2__2,valve2,labelled,valve2__2:5,5,stream,0,0,5.0,
clock,valve2__2,valve2,labelled,valve2__2:6,6,stream,0,0,6.0,
clock,valve2__2,valve2,labelled,valve2__2:7,7,stream,0,0,7.0,
clock,valve2__2,valve2,labelled,valve2__2:8,8,stream,0,0,8.0,
clock,valve2__2,valve2,labelled,valve2__2:9,9,stream,0,0,9.0,
clock,valve2__2,valve2,labelled,valve2__2:10,10,stream,1,1,10.0,
clock,valve2__2,valve2,labelled,valve2__2:11,11,stream,1,1,11.0,
clock,valve2__2,valve2,labelled,valve2__2:12,12,stream,1,1,12.0,
clock,valve2__2,valve2,labelled,valve2__2:13,13,stream,1,1,13.0,
clock,valve2__2,valve2,labelled,valve2__2:14,14,stream,1,1,14.0,
clock,valve2__2,valve2,labelled,valve2__2:15,15,stream,1,1,15.0,
clock,valve2__2,valve2,labelled,valve2__2:16,16,stream,1,1,16.0,
clock,valve2__2,valve2,labelled,valve2__2:17,17,stream,0,0,17.0,
clock,valve2__2,valve2,labelled,valve2__2:18,18,stream,0,0,18.0,
clock,valve2__2,valve2,labelled,valve2__2:19,19,stream,0,0,19.0,
clock,valve2__3,valve2,labelled,valve2__3:0,0,baseline,0,0,0.0,
clock,valve2__3,valve2,labelled,valve2__3:1,1,baseline,0,0,1.0,
clock,valve2__3,valve2,labelled,valve2__3:2,2,baseline,0,0,2.0,
clock,valve2__3,valve2,labelled,valve2__3:3,3,stream,0,0,3.0,
clock,valve2__3,valve2,labelled,valve2__3:4,4,stream,0,0,4.0,
clock,valve2__3,valve2,labelled,valve2__3:5,5,stream,0,0,5.0,
clock,valve2__3,valve2,labelled,valve2__3:6,6,stream,0,0,6.0,
clock,valve2__3,valve2,labelled,valve2__3:7,7,stream,0,0,7.0,
clock,valve2__3,valve2,labelled,valve2__3:8,8,stream,0,0,8.0,
clock,valve2__3,valve2,labelled,valve2__3:9,9,stream,0,0,9.0,
clock,valve2__3,valve2,labelled,valve2__3:10,10,stream,1,1,10.0,
clock,valve2__3,valve2,labelled,valve2__3:11,11,stream,1,1,11.0,
clock,valve2__3,valve2,labelled,valve2__3:12,12,stream,1,1,12.0,
clock,valve2__3,valve2,labelled,valve2__3:13,13,stream,1,1,13.0,
clock,valve2__3,valve2,labelled,valve2__3:14,14,stream,1,1,14.0,
clock,valve2__3,valve2,labelled,valve2__3:15,15,stream,1,1,15.0,
clock,valve2__3,valve2,labelled,valve2__3:16,16,stream,1,1,16.0,
clock,valve2__3,valve2,labelled,valve2__3:17,17,stream,1,0,17.0,
mspc_spe,anomaly-free__anomaly-free,anomaly-free,anomaly_free,anomaly-free__anomaly-free:0,0,baseline,0,0,,"every stream window refused, so no fitted model scores the baseline"
mspc_spe,anomaly-free__anomaly-free,anomaly-free,anomaly_free,anomaly-free__anomaly-free:1,1,baseline,0,0,,"every stream window refused, so no fitted model scores the baseline"
mspc_spe,anomaly-free__anomaly-free,anomaly-free,anomaly_free,anomaly-free__anomaly-free:2,2,baseline,0,0,,"every stream window refused, so no fitted model scores the baseline"
mspc_spe,anomaly-free__anomaly-free,anomaly-free,anomaly_free,anomaly-free__anomaly-free:3,3,stream,0,0,,MspcAlignmentError: aligned coverage 0.939 below required 0.95; refusing to interpolate across tags
mspc_spe,anomaly-free__anomaly-free,anomaly-free,anomaly_free,anomaly-free__anomaly-free:4,4,stream,0,0,,MspcAlignmentError: aligned coverage 0.939 below required 0.95; refusing to interpolate across tags
mspc_spe,anomaly-free__anomaly-free,anomaly-free,anomaly_free,anomaly-free__anomaly-free:5,5,stream,0,0,,MspcAlignmentError: aligned coverage 0.939 below required 0.95; refusing to interpolate across tags
mspc_spe,anomaly-free__anomaly-free,anomaly-free,anomaly_free,anomaly-free__anomaly-free:6,6,stream,0,0,,MspcAlignmentError: aligned coverage 0.939 below required 0.95; refusing to interpolate across tags
mspc_spe,anomaly-free__anomaly-free,anomaly-free,anomaly_free,anomaly-free__anomaly-free:7,7,stream,0,0,,MspcAlignmentError: aligned coverage 0.939 below required 0.95; refusing to interpolate across tags
mspc_spe,anomaly-free__anomaly-free,anomaly-free,anomaly_free,anomaly-free__anomaly-free:8,8,stream,0,0,,MspcAlignmentError: aligned coverage 0.939 below required 0.95; refusing to interpolate across tags
mspc_spe,anomaly-free__anomaly-free,anomaly-free,anomaly_free,anomaly-free__anomaly-free:9,9,stream,0,0,,MspcAlignmentError: aligned coverage 0.939 below required 0.95; refusing to interpolate across tags
mspc_spe,anomaly-free__anomaly-free,anomaly-free,anomaly_free,anomaly-free__anomaly-free:10,10,stream,0,0,,MspcAlignmentError: aligned coverage 0.939 below required 0.95; refusing to interpolate across tags
mspc_spe,anomaly-free__anomaly-free,anomaly-free,anomaly_free,anomaly-free__anomaly-free:11,11,stream,0,0,,MspcAlignmentError: aligned coverage 0.939 below required 0.95; refusing to interpolate across tags
mspc_spe,anomaly-free__anomaly-free,anomaly-free,anomaly_free,anomaly-free__anomaly-free:12,12,stream,0,0,,MspcAlignmentError: aligned coverage 0.939 below required 0.95; refusing to interpolate across tags
mspc_spe,anomaly-free__anomaly-free,anomaly-free,anomaly_free,anomaly-free__anomaly-free:13,13,stream,0,0,,MspcAlignmentError: aligned coverage 0.939 below required 0.95; refusing to interpolate across tags
mspc_spe,anomaly-free__anomaly-free,anomaly-free,anomaly_free,anomaly-free__anomaly-free:14,14,stream,0,0,,MspcAlignmentError: aligned coverage 0.939 below required 0.95; refusing to interpolate across tags
mspc_spe,anomaly-free__anomaly-free,anomaly-free,anomaly_free,anomaly-free__anomaly-free:15,15,stream,0,0,,MspcAlignmentError: aligned coverage 0.939 below required 0.95; refusing to interpolate across tags
mspc_spe,anomaly-free__anomaly-free,anomaly-free,anomaly_free,anomaly-free__anomaly-free:16,16,stream,0,0,,MspcAlignmentError: aligned coverage 0.939 below required 0.95; refusing to interpolate across tags
mspc_spe,anomaly-free__anomaly-free,anomaly-free,anomaly_free,anomaly-free__anomaly-free:17,17,stream,0,0,,MspcAlignmentError: aligned coverage 0.939 below required 0.95; refusing to interpolate across tags
mspc_spe,anomaly-free__anomaly-free,anomaly-free,anomaly_free,anomaly-free__anomaly-free:18,18,stream,0,0,,MspcAlignmentError: aligned coverage 0.939 below required 0.95; refusing to interpolate across tags
mspc_spe,anomaly-free__anomaly-free,anomaly-free,anomaly_free,anomaly-free__anomaly-free:19,19,stream,0,0,,MspcAlignmentError: aligned coverage 0.939 below required 0.95; refusing to interpolate across tags
mspc_spe,anomaly-free__anomaly-free,anomaly-free,anomaly_free,anomaly-free__anomaly-free:20,20,stream,0,0,,MspcAlignmentError: aligned coverage 0.939 below required 0.95; refusing to interpolate across tags
mspc_spe,anomaly-free__anomaly-free,anomaly-free,anomaly_free,anomaly-free__anomaly-free:21,21,stream,0,0,,MspcAlignmentError: aligned coverage 0.939 below required 0.95; refusing to interpolate across tags
mspc_spe,anomaly-free__anomaly-free,anomaly-free,anomaly_free,anomaly-free__anomaly-free:22,22,stream,0,0,,MspcAlignmentError: aligned coverage 0.939 below required 0.95; refusing to interpolate across tags
mspc_spe,anomaly-free__anomaly-free,anomaly-free,anomaly_free,anomaly-free__anomaly-free:23,23,stream,0,0,,MspcAlignmentError: aligned coverage 0.939 below required 0.95; refusing to interpolate across tags
mspc_spe,anomaly-free__anomaly-free,anomaly-free,anomaly_free,anomaly-free__anomaly-free:24,24,stream,0,0,,MspcAlignmentError: aligned coverage 0.939 below required 0.95; refusing to interpolate across tags
mspc_spe,anomaly-free__anomaly-free,anomaly-free,anomaly_free,anomaly-free__anomaly-free:25,25,stream,0,0,,MspcAlignmentError: aligned coverage 0.939 below required 0.95; refusing to interpolate across tags
mspc_spe,anomaly-free__anomaly-free,anomaly-free,anomaly_free,anomaly-free__anomaly-free:26,26,stream,0,0,,MspcAlignmentError: aligned coverage 0.939 below required 0.95; refusing to interpolate across tags
mspc_spe,anomaly-free__anomaly-free,anomaly-free,anomaly_free,anomaly-free__anomaly-free:27,27,stream,0,0,,MspcAlignmentError: aligned coverage 0.939 below required 0.95; refusing to interpolate across tags
mspc_spe,anomaly-free__anomaly-free,anomaly-free,anomaly_free,anomaly-free__anomaly-free:28,28,stream,0,0,,MspcAlignmentError: aligned coverage 0.939 below required 0.95; refusing to interpolate across tags
mspc_spe,anomaly-free__anomaly-free,anomaly-free,anomaly_free,anomaly-free__anomaly-free:29,29,stream,0,0,,MspcAlignmentError: aligned coverage 0.939 below required 0.95; refusing to interpolate across tags
mspc_spe,anomaly-free__anomaly-free,anomaly-free,anomaly_free,anomaly-free__anomaly-free:30,30,stream,0,0,,MspcAlignmentError: aligned coverage 0.939 below required 0.95; refusing to interpolate across tags
mspc_spe,anomaly-free__anomaly-free,anomaly-free,anomaly_free,anomaly-free__anomaly-free:31,31,stream,0,0,,MspcAlignmentError: aligned coverage 0.939 below required 0.95; refusing to interpolate across tags
mspc_spe,anomaly-free__anomaly-free,anomaly-free,anomaly_free,anomaly-free__anomaly-free:32,32,stream,0,0,,MspcAlignmentError: aligned coverage 0.939 below required 0.95; refusing to interpolate across tags
mspc_spe,anomaly-free__anomaly-free,anomaly-free,anomaly_free,anomaly-free__anomaly-free:33,33,stream,0,0,,MspcAlignmentError: aligned coverage 0.939 below required 0.95; refusing to interpolate across tags
mspc_spe,anomaly-free__anomaly-free,anomaly-free,anomaly_free,anomaly-free__anomaly-free:34,34,stream,0,0,,MspcAlignmentError: aligned coverage 0.939 below required 0.95; refusing to interpolate across tags
mspc_spe,anomaly-free__anomaly-free,anomaly-free,anomaly_free,anomaly-free__anomaly-free:35,35,stream,0,0,,MspcAlignmentError: aligned coverage 0.939 below required 0.95; refusing to interpolate across tags
mspc_spe,anomaly-free__anomaly-free,anomaly-free,anomaly_free,anomaly-free__anomaly-free:36,36,stream,0,0,,MspcAlignmentError: aligned coverage 0.939 below required 0.95; refusing to interpolate across tags
mspc_spe,anomaly-free__anomaly-free,anomaly-free,anomaly_free,anomaly-free__anomaly-free:37,37,stream,0,0,,MspcAlignmentError: aligned coverage 0.939 below required 0.95; refusing to interpolate across tags
mspc_spe,anomaly-free__anomaly-free,anomaly-free,anomaly_free,anomaly-free__anomaly-free:38,38,stream,0,0,,MspcAlignmentError: aligned coverage 0.939 below required 0.95; refusing to interpolate across tags
mspc_spe,anomaly-free__anomaly-free,anomaly-free,anomaly_free,anomaly-free__anomaly-free:39,39,stream,0,0,,MspcAlignmentError: aligned coverage 0.939 below required 0.95; refusing to interpolate across tags
mspc_spe,anomaly-free__anomaly-free,anomaly-free,anomaly_free,anomaly-free__anomaly-free:40,40,stream,0,0,,MspcAlignmentError: aligned coverage 0.939 below required 0.95; refusing to interpolate across tags
mspc_spe,anomaly-free__anomaly-free,anomaly-free,anomaly_free,anomaly-free__anomaly-free:41,41,stream,0,0,,MspcAlignmentError: aligned coverage 0.939 below required 0.95; refusing to interpolate across tags
mspc_spe,anomaly-free__anomaly-free,anomaly-free,anomaly_free,anomaly-free__anomaly-free:42,42,stream,0,0,,MspcAlignmentError: aligned coverage 0.939 below required 0.95; refusing to interpolate across tags
mspc_spe,anomaly-free__anomaly-free,anomaly-free,anomaly_free,anomaly-free__anomaly-free:43,43,stream,0,0,,MspcAlignmentError: aligned coverage 0.939 below required 0.95; refusing to interpolate across tags
mspc_spe,anomaly-free__anomaly-free,anomaly-free,anomaly_free,anomaly-free__anomaly-free:44,44,stream,0,0,,MspcAlignmentError: aligned coverage 0.939 below required 0.95; refusing to interpolate across tags
mspc_spe,anomaly-free__anomaly-free,anomaly-free,anomaly_free,anomaly-free__anomaly-free:45,45,stream,0,0,,MspcAlignmentError: aligned coverage 0.939 below required 0.95; refusing to interpolate across tags
mspc_spe,anomaly-free__anomaly-free,anomaly-free,anomaly_free,anomaly-free__anomaly-free:46,46,stream,0,0,,MspcAlignmentError: aligned coverage 0.939 below required 0.95; refusing to interpolate across tags
mspc_spe,anomaly-free__anomaly-free,anomaly-free,anomaly_free,anomaly-free__anomaly-free:47,47,stream,0,0,,MspcAlignmentError: aligned coverage 0.939 below required 0.95; refusing to interpolate across tags
mspc_spe,anomaly-free__anomaly-free,anomaly-free,anomaly_free,anomaly-free__anomaly-free:48,48,stream,0,0,,MspcAlignmentError: aligned coverage 0.939 below required 0.95; refusing to interpolate across tags
mspc_spe,anomaly-free__anomaly-free,anomaly-free,anomaly_free,anomaly-free__anomaly-free:49,49,stream,0,0,,MspcAlignmentError: aligned coverage 0.939 below required 0.95; refusing to interpolate across tags
mspc_spe,anomaly-free__anomaly-free,anomaly-free,anomaly_free,anomaly-free__anomaly-free:50,50,stream,0,0,,MspcAlignmentError: aligned coverage 0.939 below required 0.95; refusing to interpolate across tags
mspc_spe,anomaly-free__anomaly-free,anomaly-free,anomaly_free,anomaly-free__anomaly-free:51,51,stream,0,0,,MspcAlignmentError: aligned coverage 0.939 below required 0.95; refusing to interpolate across tags
mspc_spe,anomaly-free__anomaly-free,anomaly-free,anomaly_free,anomaly-free__anomaly-free:52,52,stream,0,0,,MspcAlignmentError: aligned coverage 0.939 below required 0.95; refusing to interpolate across tags
mspc_spe,anomaly-free__anomaly-free,anomaly-free,anomaly_free,anomaly-free__anomaly-free:53,53,stream,0,0,,MspcAlignmentError: aligned coverage 0.939 below required 0.95; refusing to interpolate across tags
mspc_spe,anomaly-free__anomaly-free,anomaly-free,anomaly_free,anomaly-free__anomaly-free:54,54,stream,0,0,,MspcAlignmentError: aligned coverage 0.939 below required 0.95; refusing to interpolate across tags
mspc_spe,anomaly-free__anomaly-free,anomaly-free,anomaly_free,anomaly-free__anomaly-free:55,55,stream,0,0,,MspcAlignmentError: aligned coverage 0.939 below required 0.95; refusing to interpolate across tags
mspc_spe,anomaly-free__anomaly-free,anomaly-free,anomaly_free,anomaly-free__anomaly-free:56,56,stream,0,0,,MspcAlignmentError: aligned coverage 0.939 below required 0.95; refusing to interpolate across tags
mspc_spe,anomaly-free__anomaly-free,anomaly-free,anomaly_free,anomaly-free__anomaly-free:57,57,stream,0,0,,MspcAlignmentError: aligned coverage 0.939 below required 0.95; refusing to interpolate across tags
mspc_spe,anomaly-free__anomaly-free,anomaly-free,anomaly_free,anomaly-free__anomaly-free:58,58,stream,0,0,,MspcAlignmentError: aligned coverage 0.939 below required 0.95; refusing to interpolate across tags
mspc_spe,anomaly-free__anomaly-free,anomaly-free,anomaly_free,anomaly-free__anomaly-free:59,59,stream,0,0,,MspcAlignmentError: aligned coverage 0.939 below required 0.95; refusing to interpolate across tags
mspc_spe,anomaly-free__anomaly-free,anomaly-free,anomaly_free,anomaly-free__anomaly-free:60,60,stream,0,0,,MspcAlignmentError: aligned coverage 0.939 below required 0.95; refusing to interpolate across tags
mspc_spe,anomaly-free__anomaly-free,anomaly-free,anomaly_free,anomaly-free__anomaly-free:61,61,stream,0,0,,MspcAlignmentError: aligned coverage 0.939 below required 0.95; refusing to interpolate across tags
mspc_spe,anomaly-free__anomaly-free,anomaly-free,anomaly_free,anomaly-free__anomaly-free:62,62,stream,0,0,,MspcAlignmentError: aligned coverage 0.939 below required 0.95; refusing to interpolate across tags
mspc_spe,anomaly-free__anomaly-free,anomaly-free,anomaly_free,anomaly-free__anomaly-free:63,63,stream,0,0,,MspcAlignmentError: aligned coverage 0.939 below required 0.95; refusing to interpolate across tags
mspc_spe,anomaly-free__anomaly-free,anomaly-free,anomaly_free,anomaly-free__anomaly-free:64,64,stream,0,0,,MspcAlignmentError: aligned coverage 0.939 below required 0.95; refusing to interpolate across tags
mspc_spe,anomaly-free__anomaly-free,anomaly-free,anomaly_free,anomaly-free__anomaly-free:65,65,stream,0,0,,MspcAlignmentError: aligned coverage 0.939 below required 0.95; refusing to interpolate across tags
mspc_spe,anomaly-free__anomaly-free,anomaly-free,anomaly_free,anomaly-free__anomaly-free:66,66,stream,0,0,,MspcAlignmentError: aligned coverage 0.939 below required 0.95; refusing to interpolate across tags
mspc_spe,anomaly-free__anomaly-free,anomaly-free,anomaly_free,anomaly-free__anomaly-free:67,67,stream,0,0,,MspcAlignmentError: aligned coverage 0.939 below required 0.95; refusing to interpolate across tags
mspc_spe,anomaly-free__anomaly-free,anomaly-free,anomaly_free,anomaly-free__anomaly-free:68,68,stream,0,0,,MspcAlignmentError: aligned coverage 0.939 below required 0.95; refusing to interpolate across tags
mspc_spe,anomaly-free__anomaly-free,anomaly-free,anomaly_free,anomaly-free__anomaly-free:69,69,stream,0,0,,MspcAlignmentError: aligned coverage 0.939 below required 0.95; refusing to interpolate across tags
mspc_spe,anomaly-free__anomaly-free,anomaly-free,anomaly_free,anomaly-free__anomaly-free:70,70,stream,0,0,,MspcAlignmentError: aligned coverage 0.939 below required 0.95; refusing to interpolate across tags
mspc_spe,anomaly-free__anomaly-free,anomaly-free,anomaly_free,anomaly-free__anomaly-free:71,71,stream,0,0,,MspcAlignmentError: aligned coverage 0.939 below required 0.95; refusing to interpolate across tags
mspc_spe,anomaly-free__anomaly-free,anomaly-free,anomaly_free,anomaly-free__anomaly-free:72,72,stream,0,0,,MspcAlignmentError: aligned coverage 0.939 below required 0.95; refusing to interpolate across tags
mspc_spe,anomaly-free__anomaly-free,anomaly-free,anomaly_free,anomaly-free__anomaly-free:73,73,stream,0,0,,MspcAlignmentError: aligned coverage 0.939 below required 0.95; refusing to interpolate across tags
mspc_spe,anomaly-free__anomaly-free,anomaly-free,anomaly_free,anomaly-free__anomaly-free:74,74,stream,0,0,,MspcAlignmentError: aligned coverage 0.939 below required 0.95; refusing to interpolate across tags
mspc_spe,anomaly-free__anomaly-free,anomaly-free,anomaly_free,anomaly-free__anomaly-free:75,75,stream,0,0,,MspcAlignmentError: aligned coverage 0.939 below required 0.95; refusing to interpolate across tags
mspc_spe,anomaly-free__anomaly-free,anomaly-free,anomaly_free,anomaly-free__anomaly-free:76,76,stream,0,0,,MspcAlignmentError: aligned coverage 0.939 below required 0.95; refusing to interpolate across tags
mspc_spe,anomaly-free__anomaly-free,anomaly-free,anomaly_free,anomaly-free__anomaly-free:77,77,stream,0,0,,MspcAlignmentError: aligned coverage 0.939 below required 0.95; refusing to interpolate across tags
mspc_spe,anomaly-free__anomaly-free,anomaly-free,anomaly_free,anomaly-free__anomaly-free:78,78,stream,0,0,,MspcAlignmentError: aligned coverage 0.939 below required 0.95; refusing to interpolate across tags
mspc_spe,anomaly-free__anomaly-free,anomaly-free,anomaly_free,anomaly-free__anomaly-free:79,79,stream,0,0,,MspcAlignmentError: aligned coverage 0.939 below required 0.95; refusing to interpolate across tags
mspc_spe,anomaly-free__anomaly-free,anomaly-free,anomaly_free,anomaly-free__anomaly-free:80,80,stream,0,0,,MspcAlignmentError: aligned coverage 0.939 below required 0.95; refusing to interpolate across tags
mspc_spe,anomaly-free__anomaly-free,anomaly-free,anomaly_free,anomaly-free__anomaly-free:81,81,stream,0,0,,MspcAlignmentError: aligned coverage 0.939 below required 0.95; refusing to interpolate across tags
mspc_spe,anomaly-free__anomaly-free,anomaly-free,anomaly_free,anomaly-free__anomaly-free:82,82,stream,0,0,,MspcAlignmentError: aligned coverage 0.939 below required 0.95; refusing to interpolate across tags
mspc_spe,anomaly-free__anomaly-free,anomaly-free,anomaly_free,anomaly-free__anomaly-free:83,83,stream,0,0,,MspcAlignmentError: aligned coverage 0.939 below required 0.95; refusing to interpolate across tags
mspc_spe,anomaly-free__anomaly-free,anomaly-free,anomaly_free,anomaly-free__anomaly-free:84,84,stream,0,0,,MspcAlignmentError: aligned coverage 0.939 below required 0.95; refusing to interpolate across tags
mspc_spe,anomaly-free__anomaly-free,anomaly-free,anomaly_free,anomaly-free__anomaly-free:85,85,stream,0,0,,MspcAlignmentError: aligned coverage 0.939 below required 0.95; refusing to interpolate across tags
mspc_spe,anomaly-free__anomaly-free,anomaly-free,anomaly_free,anomaly-free__anomaly-free:86,86,stream,0,0,,MspcAlignmentError: aligned coverage 0.939 below required 0.95; refusing to interpolate across tags
mspc_spe,anomaly-free__anomaly-free,anomaly-free,anomaly_free,anomaly-free__anomaly-free:87,87,stream,0,0,,MspcAlignmentError: aligned coverage 0.939 below required 0.95; refusing to interpolate across tags
mspc_spe,anomaly-free__anomaly-free,anomaly-free,anomaly_free,anomaly-free__anomaly-free:88,88,stream,0,0,,MspcAlignmentError: aligned coverage 0.939 below required 0.95; refusing to interpolate across tags
mspc_spe,anomaly-free__anomaly-free,anomaly-free,anomaly_free,anomaly-free__anomaly-free:89,89,stream,0,0,,MspcAlignmentError: aligned coverage 0.939 below required 0.95; refusing to interpolate across tags
mspc_spe,anomaly-free__anomaly-free,anomaly-free,anomaly_free,anomaly-free__anomaly-free:90,90,stream,0,0,,MspcAlignmentError: aligned coverage 0.939 below required 0.95; refusing to interpolate across tags
mspc_spe,anomaly-free__anomaly-free,anomaly-free,anomaly_free,anomaly-free__anomaly-free:91,91,stream,0,0,,MspcAlignmentError: aligned coverage 0.939 below required 0.95; refusing to interpolate across tags
mspc_spe,anomaly-free__anomaly-free,anomaly-free,anomaly_free,anomaly-free__anomaly-free:92,92,stream,0,0,,MspcAlignmentError: aligned coverage 0.939 below required 0.95; refusing to interpolate across tags
mspc_spe,anomaly-free__anomaly-free,anomaly-free,anomaly_free,anomaly-free__anomaly-free:93,93,stream,0,0,,MspcAlignmentError: aligned coverage 0.939 below required 0.95; refusing to interpolate across tags
mspc_spe,anomaly-free__anomaly-free,anomaly-free,anomaly_free,anomaly-free__anomaly-free:94,94,stream,0,0,,MspcAlignmentError: aligned coverage 0.939 below required 0.95; refusing to interpolate across tags
mspc_spe,anomaly-free__anomaly-free,anomaly-free,anomaly_free,anomaly-free__anomaly-free:95,95,stream,0,0,,MspcAlignmentError: aligned coverage 0.939 below required 0.95; refusing to interpolate across tags
mspc_spe,anomaly-free__anomaly-free,anomaly-free,anomaly_free,anomaly-free__anomaly-free:96,96,stream,0,0,,MspcAlignmentError: aligned coverage 0.939 below required 0.95; refusing to interpolate across tags
mspc_spe,anomaly-free__anomaly-free,anomaly-free,anomaly_free,anomaly-free__anomaly-free:97,97,stream,0,0,,MspcAlignmentError: aligned coverage 0.939 below required 0.95; refusing to interpolate across tags
mspc_spe,anomaly-free__anomaly-free,anomaly-free,anomaly_free,anomaly-free__anomaly-free:98,98,stream,0,0,,MspcAlignmentError: aligned coverage 0.939 below required 0.95; refusing to interpolate across tags
mspc_spe,anomaly-free__anomaly-free,anomaly-free,anomaly_free,anomaly-free__anomaly-free:99,99,stream,0,0,,MspcAlignmentError: aligned coverage 0.939 below required 0.95; refusing to interpolate across tags
mspc_spe,anomaly-free__anomaly-free,anomaly-free,anomaly_free,anomaly-free__anomaly-free:100,100,stream,0,0,,MspcAlignmentError: aligned coverage 0.939 below required 0.95; refusing to interpolate across tags
mspc_spe,anomaly-free__anomaly-free,anomaly-free,anomaly_free,anomaly-free__anomaly-free:101,101,stream,0,0,,MspcAlignmentError: aligned coverage 0.939 below required 0.95; refusing to interpolate across tags
mspc_spe,anomaly-free__anomaly-free,anomaly-free,anomaly_free,anomaly-free__anomaly-free:102,102,stream,0,0,,MspcAlignmentError: aligned coverage 0.939 below required 0.95; refusing to interpolate across tags
mspc_spe,anomaly-free__anomaly-free,anomaly-free,anomaly_free,anomaly-free__anomaly-free:103,103,stream,0,0,,MspcAlignmentError: aligned coverage 0.939 below required 0.95; refusing to interpolate across tags
mspc_spe,anomaly-free__anomaly-free,anomaly-free,anomaly_free,anomaly-free__anomaly-free:104,104,stream,0,0,,MspcAlignmentError: aligned coverage 0.939 below required 0.95; refusing to interpolate across tags
mspc_spe,anomaly-free__anomaly-free,anomaly-free,anomaly_free,anomaly-free__anomaly-free:105,105,stream,0,0,,MspcAlignmentError: aligned coverage 0.939 below required 0.95; refusing to interpolate across tags
mspc_spe,anomaly-free__anomaly-free,anomaly-free,anomaly_free,anomaly-free__anomaly-free:106,106,stream,0,0,,MspcAlignmentError: aligned coverage 0.939 below required 0.95; refusing to interpolate across tags
mspc_spe,anomaly-free__anomaly-free,anomaly-free,anomaly_free,anomaly-free__anomaly-free:107,107,stream,0,0,,MspcAlignmentError: aligned coverage 0.939 below required 0.95; refusing to interpolate across tags
mspc_spe,anomaly-free__anomaly-free,anomaly-free,anomaly_free,anomaly-free__anomaly-free:108,108,stream,0,0,,MspcAlignmentError: aligned coverage 0.939 below required 0.95; refusing to interpolate across tags
mspc_spe,anomaly-free__anomaly-free,anomaly-free,anomaly_free,anomaly-free__anomaly-free:109,109,stream,0,0,,MspcAlignmentError: aligned coverage 0.939 below required 0.95; refusing to interpolate across tags
mspc_spe,anomaly-free__anomaly-free,anomaly-free,anomaly_free,anomaly-free__anomaly-free:110,110,stream,0,0,,MspcAlignmentError: aligned coverage 0.939 below required 0.95; refusing to interpolate across tags
mspc_spe,anomaly-free__anomaly-free,anomaly-free,anomaly_free,anomaly-free__anomaly-free:111,111,stream,0,0,,MspcAlignmentError: aligned coverage 0.939 below required 0.95; refusing to interpolate across tags
mspc_spe,anomaly-free__anomaly-free,anomaly-free,anomaly_free,anomaly-free__anomaly-free:112,112,stream,0,0,,MspcAlignmentError: aligned coverage 0.939 below required 0.95; refusing to interpolate across tags
mspc_spe,anomaly-free__anomaly-free,anomaly-free,anomaly_free,anomaly-free__anomaly-free:113,113,stream,0,0,,MspcAlignmentError: aligned coverage 0.939 below required 0.95; refusing to interpolate across tags
mspc_spe,anomaly-free__anomaly-free,anomaly-free,anomaly_free,anomaly-free__anomaly-free:114,114,stream,0,0,,MspcAlignmentError: aligned coverage 0.939 below required 0.95; refusing to interpolate across tags
mspc_spe,anomaly-free__anomaly-free,anomaly-free,anomaly_free,anomaly-free__anomaly-free:115,115,stream,0,0,,MspcAlignmentError: aligned coverage 0.939 below required 0.95; refusing to interpolate across tags
mspc_spe,anomaly-free__anomaly-free,anomaly-free,anomaly_free,anomaly-free__anomaly-free:116,116,stream,0,0,,MspcAlignmentError: aligned coverage 0.939 below required 0.95; refusing to interpolate across tags
mspc_spe,anomaly-free__anomaly-free,anomaly-free,anomaly_free,anomaly-free__anomaly-free:117,117,stream,0,0,,MspcAlignmentError: aligned coverage 0.939 below required 0.95; refusing to interpolate across tags
mspc_spe,anomaly-free__anomaly-free,anomaly-free,anomaly_free,anomaly-free__anomaly-free:118,118,stream,0,0,,MspcAlignmentError: aligned coverage 0.939 below required 0.95; refusing to interpolate across tags
mspc_spe,anomaly-free__anomaly-free,anomaly-free,anomaly_free,anomaly-free__anomaly-free:119,119,stream,0,0,,MspcAlignmentError: aligned coverage 0.939 below required 0.95; refusing to interpolate across tags
mspc_spe,anomaly-free__anomaly-free,anomaly-free,anomaly_free,anomaly-free__anomaly-free:120,120,stream,0,0,,MspcAlignmentError: aligned coverage 0.939 below required 0.95; refusing to interpolate across tags
mspc_spe,anomaly-free__anomaly-free,anomaly-free,anomaly_free,anomaly-free__anomaly-free:121,121,stream,0,0,,MspcAlignmentError: aligned coverage 0.939 below required 0.95; refusing to interpolate across tags
mspc_spe,anomaly-free__anomaly-free,anomaly-free,anomaly_free,anomaly-free__anomaly-free:122,122,stream,0,0,,MspcAlignmentError: aligned coverage 0.939 below required 0.95; refusing to interpolate across tags
mspc_spe,anomaly-free__anomaly-free,anomaly-free,anomaly_free,anomaly-free__anomaly-free:123,123,stream,0,0,,MspcAlignmentError: aligned coverage 0.939 below required 0.95; refusing to interpolate across tags
mspc_spe,anomaly-free__anomaly-free,anomaly-free,anomaly_free,anomaly-free__anomaly-free:124,124,stream,0,0,,MspcAlignmentError: aligned coverage 0.939 below required 0.95; refusing to interpolate across tags
mspc_spe,anomaly-free__anomaly-free,anomaly-free,anomaly_free,anomaly-free__anomaly-free:125,125,stream,0,0,,MspcAlignmentError: aligned coverage 0.939 below required 0.95; refusing to interpolate across tags
mspc_spe,anomaly-free__anomaly-free,anomaly-free,anomaly_free,anomaly-free__anomaly-free:126,126,stream,0,0,,MspcAlignmentError: aligned coverage 0.939 below required 0.95; refusing to interpolate across tags
mspc_spe,anomaly-free__anomaly-free,anomaly-free,anomaly_free,anomaly-free__anomaly-free:127,127,stream,0,0,,MspcAlignmentError: aligned coverage 0.939 below required 0.95; refusing to interpolate across tags
mspc_spe,anomaly-free__anomaly-free,anomaly-free,anomaly_free,anomaly-free__anomaly-free:128,128,stream,0,0,,MspcAlignmentError: aligned coverage 0.939 below required 0.95; refusing to interpolate across tags
mspc_spe,anomaly-free__anomaly-free,anomaly-free,anomaly_free,anomaly-free__anomaly-free:129,129,stream,0,0,,MspcAlignmentError: aligned coverage 0.939 below required 0.95; refusing to interpolate across tags
mspc_spe,anomaly-free__anomaly-free,anomaly-free,anomaly_free,anomaly-free__anomaly-free:130,130,stream,0,0,,MspcAlignmentError: aligned coverage 0.939 below required 0.95; refusing to interpolate across tags
mspc_spe,anomaly-free__anomaly-free,anomaly-free,anomaly_free,anomaly-free__anomaly-free:131,131,stream,0,0,,MspcAlignmentError: aligned coverage 0.939 below required 0.95; refusing to interpolate across tags
mspc_spe,anomaly-free__anomaly-free,anomaly-free,anomaly_free,anomaly-free__anomaly-free:132,132,stream,0,0,,MspcAlignmentError: aligned coverage 0.939 below required 0.95; refusing to interpolate across tags
mspc_spe,anomaly-free__anomaly-free,anomaly-free,anomaly_free,anomaly-free__anomaly-free:133,133,stream,0,0,,MspcAlignmentError: aligned coverage 0.939 below required 0.95; refusing to interpolate across tags
mspc_spe,anomaly-free__anomaly-free,anomaly-free,anomaly_free,anomaly-free__anomaly-free:134,134,stream,0,0,,MspcAlignmentError: aligned coverage 0.939 below required 0.95; refusing to interpolate across tags
mspc_spe,anomaly-free__anomaly-free,anomaly-free,anomaly_free,anomaly-free__anomaly-free:135,135,stream,0,0,,MspcAlignmentError: aligned coverage 0.939 below required 0.95; refusing to interpolate across tags
mspc_spe,anomaly-free__anomaly-free,anomaly-free,anomaly_free,anomaly-free__anomaly-free:136,136,stream,0,0,,MspcAlignmentError: aligned coverage 0.939 below required 0.95; refusing to interpolate across tags
mspc_spe,anomaly-free__anomaly-free,anomaly-free,anomaly_free,anomaly-free__anomaly-free:137,137,stream,0,0,,MspcAlignmentError: aligned coverage 0.939 below required 0.95; refusing to interpolate across tags
mspc_spe,anomaly-free__anomaly-free,anomaly-free,anomaly_free,anomaly-free__anomaly-free:138,138,stream,0,0,,MspcAlignmentError: aligned coverage 0.939 below required 0.95; refusing to interpolate across tags
mspc_spe,anomaly-free__anomaly-free,anomaly-free,anomaly_free,anomaly-free__anomaly-free:139,139,stream,0,0,,MspcAlignmentError: aligned coverage 0.939 below required 0.95; refusing to interpolate across tags
mspc_spe,anomaly-free__anomaly-free,anomaly-free,anomaly_free,anomaly-free__anomaly-free:140,140,stream,0,0,,MspcAlignmentError: aligned coverage 0.939 below required 0.95; refusing to interpolate across tags
mspc_spe,anomaly-free__anomaly-free,anomaly-free,anomaly_free,anomaly-free__anomaly-free:141,141,stream,0,0,,MspcAlignmentError: aligned coverage 0.939 below required 0.95; refusing to interpolate across tags
mspc_spe,anomaly-free__anomaly-free,anomaly-free,anomaly_free,anomaly-free__anomaly-free:142,142,stream,0,0,,MspcAlignmentError: aligned coverage 0.939 below required 0.95; refusing to interpolate across tags
mspc_spe,anomaly-free__anomaly-free,anomaly-free,anomaly_free,anomaly-free__anomaly-free:143,143,stream,0,0,,MspcAlignmentError: aligned coverage 0.939 below required 0.95; refusing to interpolate across tags
mspc_spe,anomaly-free__anomaly-free,anomaly-free,anomaly_free,anomaly-free__anomaly-free:144,144,stream,0,0,,MspcAlignmentError: aligned coverage 0.939 below required 0.95; refusing to interpolate across tags
mspc_spe,anomaly-free__anomaly-free,anomaly-free,anomaly_free,anomaly-free__anomaly-free:145,145,stream,0,0,,MspcAlignmentError: aligned coverage 0.939 below required 0.95; refusing to interpolate across tags
mspc_spe,anomaly-free__anomaly-free,anomaly-free,anomaly_free,anomaly-free__anomaly-free:146,146,stream,0,0,,MspcAlignmentError: aligned coverage 0.939 below required 0.95; refusing to interpolate across tags
mspc_spe,anomaly-free__anomaly-free,anomaly-free,anomaly_free,anomaly-free__anomaly-free:147,147,stream,0,0,,MspcAlignmentError: aligned coverage 0.939 below required 0.95; refusing to interpolate across tags
mspc_spe,anomaly-free__anomaly-free,anomaly-free,anomaly_free,anomaly-free__anomaly-free:148,148,stream,0,0,,MspcAlignmentError: aligned coverage 0.939 below required 0.95; refusing to interpolate across tags
mspc_spe,anomaly-free__anomaly-free,anomaly-free,anomaly_free,anomaly-free__anomaly-free:149,149,stream,0,0,,MspcAlignmentError: aligned coverage 0.939 below required 0.95; refusing to interpolate across tags
mspc_spe,anomaly-free__anomaly-free,anomaly-free,anomaly_free,anomaly-free__anomaly-free:150,150,stream,0,0,,MspcAlignmentError: aligned coverage 0.939 below required 0.95; refusing to interpolate across tags
mspc_spe,anomaly-free__anomaly-free,anomaly-free,anomaly_free,anomaly-free__anomaly-free:151,151,stream,0,0,,MspcAlignmentError: aligned coverage 0.939 below required 0.95; refusing to interpolate across tags
mspc_spe,anomaly-free__anomaly-free,anomaly-free,anomaly_free,anomaly-free__anomaly-free:152,152,stream,0,0,,MspcAlignmentError: aligned coverage 0.939 below required 0.95; refusing to interpolate across tags
mspc_spe,anomaly-free__anomaly-free,anomaly-free,anomaly_free,anomaly-free__anomaly-free:153,153,stream,0,0,,MspcAlignmentError: aligned coverage 0.939 below required 0.95; refusing to interpolate across tags
mspc_spe,anomaly-free__anomaly-free,anomaly-free,anomaly_free,anomaly-free__anomaly-free:154,154,stream,0,0,,MspcAlignmentError: aligned coverage 0.939 below required 0.95; refusing to interpolate across tags
mspc_spe,anomaly-free__anomaly-free,anomaly-free,anomaly_free,anomaly-free__anomaly-free:155,155,stream,0,0,,MspcAlignmentError: aligned coverage 0.939 below required 0.95; refusing to interpolate across tags
mspc_spe,anomaly-free__anomaly-free,anomaly-free,anomaly_free,anomaly-free__anomaly-free:156,156,stream,0,0,,MspcAlignmentError: aligned coverage 0.939 below required 0.95; refusing to interpolate across tags
mspc_spe,anomaly-free__anomaly-free,anomaly-free,anomaly_free,anomaly-free__anomaly-free:157,157,stream,0,0,,MspcAlignmentError: aligned coverage 0.939 below required 0.95; refusing to interpolate across tags
mspc_spe,anomaly-free__anomaly-free,anomaly-free,anomaly_free,anomaly-free__anomaly-free:158,158,stream,0,0,,MspcAlignmentError: aligned coverage 0.939 below required 0.95; refusing to interpolate across tags
mspc_spe,anomaly-free__anomaly-free,anomaly-free,anomaly_free,anomaly-free__anomaly-free:159,159,stream,0,0,,MspcAlignmentError: aligned coverage 0.939 below required 0.95; refusing to interpolate across tags
mspc_spe,anomaly-free__anomaly-free,anomaly-free,anomaly_free,anomaly-free__anomaly-free:160,160,stream,0,0,,MspcAlignmentError: aligned coverage 0.939 below required 0.95; refusing to interpolate across tags
mspc_spe,anomaly-free__anomaly-free,anomaly-free,anomaly_free,anomaly-free__anomaly-free:161,161,stream,0,0,,MspcAlignmentError: aligned coverage 0.939 below required 0.95; refusing to interpolate across tags
mspc_spe,anomaly-free__anomaly-free,anomaly-free,anomaly_free,anomaly-free__anomaly-free:162,162,stream,0,0,,MspcAlignmentError: aligned coverage 0.939 below required 0.95; refusing to interpolate across tags
mspc_spe,anomaly-free__anomaly-free,anomaly-free,anomaly_free,anomaly-free__anomaly-free:163,163,stream,0,0,,MspcAlignmentError: aligned coverage 0.939 below required 0.95; refusing to interpolate across tags
mspc_spe,anomaly-free__anomaly-free,anomaly-free,anomaly_free,anomaly-free__anomaly-free:164,164,stream,0,0,,MspcAlignmentError: aligned coverage 0.939 below required 0.95; refusing to interpolate across tags
mspc_spe,anomaly-free__anomaly-free,anomaly-free,anomaly_free,anomaly-free__anomaly-free:165,165,stream,0,0,,MspcAlignmentError: aligned coverage 0.939 below required 0.95; refusing to interpolate across tags
mspc_spe,anomaly-free__anomaly-free,anomaly-free,anomaly_free,anomaly-free__anomaly-free:166,166,stream,0,0,,MspcAlignmentError: aligned coverage 0.939 below required 0.95; refusing to interpolate across tags
mspc_spe,other__1,other,labelled,other__1:0,0,baseline,0,0,0.3221,
mspc_spe,other__1,other,labelled,other__1:1,1,baseline,0,0,0.2505,
mspc_spe,other__1,other,labelled,other__1:2,2,baseline,0,0,0.2751,
mspc_spe,other__1,other,labelled,other__1:3,3,stream,0,0,7.3601,
mspc_spe,other__1,other,labelled,other__1:4,4,stream,0,0,7.6504,
mspc_spe,other__1,other,labelled,other__1:5,5,stream,0,0,8.515,
mspc_spe,other__1,other,labelled,other__1:6,6,stream,0,0,11.7619,
mspc_spe,other__1,other,labelled,other__1:7,7,stream,0,0,16.5134,
mspc_spe,other__1,other,labelled,other__1:8,8,stream,0,0,15.5134,
mspc_spe,other__1,other,labelled,other__1:9,9,stream,1,0,20.8743,
mspc_spe,other__1,other,labelled,other__1:10,10,stream,1,1,29.2229,
mspc_spe,other__1,other,labelled,other__1:11,11,stream,1,1,33.9492,
mspc_spe,other__1,other,labelled,other__1:12,12,stream,1,1,23.3642,
mspc_spe,other__1,other,labelled,other__1:13,13,stream,1,1,,MspcAlignmentError: aligned coverage 0.017 below required 0.95; refusing to interpolate across tags
mspc_spe,other__10,other,labelled,other__10:0,0,baseline,0,0,,"the PCA keeps all 8 components, so SPE is 0 up to rounding and scores nothing"
mspc_spe,other__10,other,labelled,other__10:1,1,baseline,0,0,,"the PCA keeps all 8 components, so SPE is 0 up to rounding and scores nothing"
mspc_spe,other__10,other,labelled,other__10:2,2,baseline,0,0,,"the PCA keeps all 8 components, so SPE is 0 up to rounding and scores nothing"
mspc_spe,other__10,other,labelled,other__10:3,3,stream,0,0,,"the PCA keeps all 8 components, so SPE is 0 up to rounding and scores nothing"
mspc_spe,other__10,other,labelled,other__10:4,4,stream,0,0,,"the PCA keeps all 8 components, so SPE is 0 up to rounding and scores nothing"
mspc_spe,other__10,other,labelled,other__10:5,5,stream,0,0,,"the PCA keeps all 8 components, so SPE is 0 up to rounding and scores nothing"
mspc_spe,other__10,other,labelled,other__10:6,6,stream,0,0,,"the PCA keeps all 8 components, so SPE is 0 up to rounding and scores nothing"
mspc_spe,other__10,other,labelled,other__10:7,7,stream,0,0,,"the PCA keeps all 8 components, so SPE is 0 up to rounding and scores nothing"
mspc_spe,other__10,other,labelled,other__10:8,8,stream,0,0,,"the PCA keeps all 8 components, so SPE is 0 up to rounding and scores nothing"
mspc_spe,other__10,other,labelled,other__10:9,9,stream,0,0,,"the PCA keeps all 8 components, so SPE is 0 up to rounding and scores nothing"
mspc_spe,other__10,other,labelled,other__10:10,10,stream,1,1,,"the PCA keeps all 8 components, so SPE is 0 up to rounding and scores nothing"
mspc_spe,other__10,other,labelled,other__10:11,11,stream,1,1,,MspcAlignmentError: aligned coverage 0.933 below required 0.95; refusing to interpolate across tags
mspc_spe,other__10,other,labelled,other__10:12,12,stream,1,1,,"the PCA keeps all 8 components, so SPE is 0 up to rounding and scores nothing"
mspc_spe,other__10,other,labelled,other__10:13,13,stream,1,1,,"the PCA keeps all 8 components, so SPE is 0 up to rounding and scores nothing"
mspc_spe,other__10,other,labelled,other__10:14,14,stream,1,1,,"the PCA keeps all 8 components, so SPE is 0 up to rounding and scores nothing"
mspc_spe,other__10,other,labelled,other__10:15,15,stream,1,1,,MspcAlignmentError: aligned coverage 0.933 below required 0.95; refusing to interpolate across tags
mspc_spe,other__10,other,labelled,other__10:16,16,stream,1,1,,"the PCA keeps all 8 components, so SPE is 0 up to rounding and scores nothing"
mspc_spe,other__10,other,labelled,other__10:17,17,stream,1,1,,"the PCA keeps all 8 components, so SPE is 0 up to rounding and scores nothing"
mspc_spe,other__10,other,labelled,other__10:18,18,stream,1,1,,"the PCA keeps all 8 components, so SPE is 0 up to rounding and scores nothing"
mspc_spe,other__10,other,labelled,other__10:19,19,stream,1,1,,"the PCA keeps all 8 components, so SPE is 0 up to rounding and scores nothing"
mspc_spe,other__10,other,labelled,other__10:20,20,stream,1,0,,"the PCA keeps all 8 components, so SPE is 0 up to rounding and scores nothing"
mspc_spe,other__10,other,labelled,other__10:21,21,stream,0,0,,"the PCA keeps all 8 components, so SPE is 0 up to rounding and scores nothing"
mspc_spe,other__10,other,labelled,other__10:22,22,stream,0,0,,MspcAlignmentError: aligned coverage 0.933 below required 0.95; refusing to interpolate across tags
mspc_spe,other__10,other,labelled,other__10:23,23,stream,0,0,,MspcAlignmentError: aligned coverage 0.317 below required 0.95; refusing to interpolate across tags
mspc_spe,other__11,other,labelled,other__11:0,0,baseline,0,0,0.3921,
mspc_spe,other__11,other,labelled,other__11:1,1,baseline,0,0,0.2421,
mspc_spe,other__11,other,labelled,other__11:2,2,baseline,0,0,0.3216,
mspc_spe,other__11,other,labelled,other__11:3,3,stream,0,0,0.8922,
mspc_spe,other__11,other,labelled,other__11:4,4,stream,0,0,,MspcAlignmentError: aligned coverage 0.933 below required 0.95; refusing to interpolate across tags
mspc_spe,other__11,other,labelled,other__11:5,5,stream,0,0,0.9599,
mspc_spe,other__11,other,labelled,other__11:6,6,stream,0,0,,MspcAlignmentError: aligned coverage 0.933 below required 0.95; refusing to interpolate across tags
mspc_spe,other__11,other,labelled,other__11:7,7,stream,0,0,1.3968,
mspc_spe,other__11,other,labelled,other__11:8,8,stream,0,0,1.421,
mspc_spe,other__11,other,labelled,other__11:9,9,stream,0,0,3.6694,
mspc_spe,other__11,other,labelled,other__11:10,10,stream,1,1,20.6913,
mspc_spe,other__11,other,labelled,other__11:11,11,stream,1,1,13.8876,
mspc_spe,other__11,other,labelled,other__11:12,12,stream,1,1,27.4968,
mspc_spe,other__11,other,labelled,other__11:13,13,stream,1,1,24.0983,
mspc_spe,other__11,other,labelled,other__11:14,14,stream,1,1,29.7651,
mspc_spe,other__11,other,labelled,other__11:15,15,stream,1,1,30.0652,
mspc_spe,other__11,other,labelled,other__11:16,16,stream,1,1,23.2006,
mspc_spe,other__11,other,labelled,other__11:17,17,stream,1,1,14.9869,
mspc_spe,other__11,other,labelled,other__11:18,18,stream,0,0,,MspcAlignmentError: aligned coverage 0.933 below required 0.95; refusing to interpolate across tags
mspc_spe,other__11,other,labelled,other__11:19,19,stream,0,0,,MspcAlignmentError: aligned coverage 0.933 below required 0.95; refusing to interpolate across tags
mspc_spe,other__11,other,labelled,other__11:20,20,stream,0,0,,MspcAlignmentError: aligned coverage 0.867 below required 0.95; refusing to interpolate across tags
mspc_spe,other__12,other,labelled,other__12:0,0,baseline,0,0,,"every stream window refused, so no fitted model scores the baseline"
mspc_spe,other__12,other,labelled,other__12:1,1,baseline,0,0,,"every stream window refused, so no fitted model scores the baseline"
mspc_spe,other__12,other,labelled,other__12:2,2,baseline,0,0,,"every stream window refused, so no fitted model scores the baseline"
mspc_spe,other__12,other,labelled,other__12:3,3,stream,0,0,,MspcAlignmentError: aligned coverage 0.944 below required 0.95; refusing to interpolate across tags
mspc_spe,other__12,other,labelled,other__12:4,4,stream,0,0,,MspcAlignmentError: aligned coverage 0.944 below required 0.95; refusing to interpolate across tags
mspc_spe,other__12,other,labelled,other__12:5,5,stream,0,0,,MspcAlignmentError: aligned coverage 0.944 below required 0.95; refusing to interpolate across tags
mspc_spe,other__12,other,labelled,other__12:6,6,stream,0,0,,MspcAlignmentError: aligned coverage 0.944 below required 0.95; refusing to interpolate across tags
mspc_spe,other__12,other,labelled,other__12:7,7,stream,0,0,,MspcAlignmentError: aligned coverage 0.944 below required 0.95; refusing to interpolate across tags
mspc_spe,other__12,other,labelled,other__12:8,8,stream,0,0,,MspcAlignmentError: aligned coverage 0.944 below required 0.95; refusing to interpolate across tags
mspc_spe,other__12,other,labelled,other__12:9,9,stream,0,0,,MspcAlignmentError: aligned coverage 0.944 below required 0.95; refusing to interpolate across tags
mspc_spe,other__12,other,labelled,other__12:10,10,stream,1,1,,MspcAlignmentError: aligned coverage 0.944 below required 0.95; refusing to interpolate across tags
mspc_spe,other__12,other,labelled,other__12:11,11,stream,1,1,,MspcAlignmentError: aligned coverage 0.944 below required 0.95; refusing to interpolate across tags
mspc_spe,other__12,other,labelled,other__12:12,12,stream,1,1,,MspcAlignmentError: aligned coverage 0.944 below required 0.95; refusing to interpolate across tags
mspc_spe,other__12,other,labelled,other__12:13,13,stream,1,1,,MspcAlignmentError: aligned coverage 0.944 below required 0.95; refusing to interpolate across tags
mspc_spe,other__12,other,labelled,other__12:14,14,stream,1,1,,MspcAlignmentError: aligned coverage 0.944 below required 0.95; refusing to interpolate across tags
mspc_spe,other__12,other,labelled,other__12:15,15,stream,1,1,,MspcAlignmentError: aligned coverage 0.944 below required 0.95; refusing to interpolate across tags
mspc_spe,other__12,other,labelled,other__12:16,16,stream,1,1,,MspcAlignmentError: aligned coverage 0.944 below required 0.95; refusing to interpolate across tags
mspc_spe,other__12,other,labelled,other__12:17,17,stream,1,0,,MspcAlignmentError: aligned coverage 0.944 below required 0.95; refusing to interpolate across tags
mspc_spe,other__12,other,labelled,other__12:18,18,stream,0,0,,MspcAlignmentError: aligned coverage 0.944 below required 0.95; refusing to interpolate across tags
mspc_spe,other__12,other,labelled,other__12:19,19,stream,0,0,,MspcAlignmentError: aligned coverage 0.944 below required 0.95; refusing to interpolate across tags
mspc_spe,other__12,other,labelled,other__12:20,20,stream,0,0,,MspcAlignmentError: aligned coverage 0.944 below required 0.95; refusing to interpolate across tags
mspc_spe,other__13,other,labelled,other__13:0,0,baseline,0,0,,"every stream window refused, so no fitted model scores the baseline"
mspc_spe,other__13,other,labelled,other__13:1,1,baseline,0,0,,"every stream window refused, so no fitted model scores the baseline"
mspc_spe,other__13,other,labelled,other__13:2,2,baseline,0,0,,"every stream window refused, so no fitted model scores the baseline"
mspc_spe,other__13,other,labelled,other__13:3,3,stream,0,0,,MspcAlignmentError: aligned coverage 0.661 below required 0.95; refusing to interpolate across tags
mspc_spe,other__13,other,labelled,other__13:4,4,stream,0,0,,MspcAlignmentError: aligned coverage 0.661 below required 0.95; refusing to interpolate across tags
mspc_spe,other__13,other,labelled,other__13:5,5,stream,0,0,,MspcAlignmentError: aligned coverage 0.661 below required 0.95; refusing to interpolate across tags
mspc_spe,other__13,other,labelled,other__13:6,6,stream,0,0,,MspcAlignmentError: aligned coverage 0.661 below required 0.95; refusing to interpolate across tags
mspc_spe,other__13,other,labelled,other__13:7,7,stream,0,0,,MspcAlignmentError: aligned coverage 0.661 below required 0.95; refusing to interpolate across tags
mspc_spe,other__13,other,labelled,other__13:8,8,stream,0,0,,MspcAlignmentError: aligned coverage 0.661 below required 0.95; refusing to interpolate across tags
mspc_spe,other__13,other,labelled,other__13:9,9,stream,1,0,,MspcAlignmentError: aligned coverage 0.661 below required 0.95; refusing to interpolate across tags
mspc_spe,other__13,other,labelled,other__13:10,10,stream,1,1,,MspcAlignmentError: aligned coverage 0.661 below required 0.95; refusing to interpolate across tags
mspc_spe,other__13,other,labelled,other__13:11,11,stream,1,1,,MspcAlignmentError: aligned coverage 0.661 below required 0.95; refusing to interpolate across tags
mspc_spe,other__13,other,labelled,other__13:12,12,stream,1,1,,MspcAlignmentError: aligned coverage 0.661 below required 0.95; refusing to interpolate across tags
mspc_spe,other__13,other,labelled,other__13:13,13,stream,1,1,,MspcAlignmentError: aligned coverage 0.661 below required 0.95; refusing to interpolate across tags
mspc_spe,other__13,other,labelled,other__13:14,14,stream,1,1,,MspcAlignmentError: aligned coverage 0.661 below required 0.95; refusing to interpolate across tags
mspc_spe,other__13,other,labelled,other__13:15,15,stream,1,1,,MspcAlignmentError: aligned coverage 0.661 below required 0.95; refusing to interpolate across tags
mspc_spe,other__13,other,labelled,other__13:16,16,stream,0,0,,MspcAlignmentError: aligned coverage 0.661 below required 0.95; refusing to interpolate across tags
mspc_spe,other__13,other,labelled,other__13:17,17,stream,0,0,,MspcAlignmentError: aligned coverage 0.661 below required 0.95; refusing to interpolate across tags
mspc_spe,other__13,other,labelled,other__13:18,18,stream,0,0,,MspcAlignmentError: aligned coverage 0.661 below required 0.95; refusing to interpolate across tags
mspc_spe,other__14,other,labelled,other__14:0,0,baseline,0,0,0.2299,
mspc_spe,other__14,other,labelled,other__14:1,1,baseline,0,0,0.2588,
mspc_spe,other__14,other,labelled,other__14:2,2,baseline,0,0,0.3052,
mspc_spe,other__14,other,labelled,other__14:3,3,stream,0,0,0.2645,
mspc_spe,other__14,other,labelled,other__14:4,4,stream,0,0,0.299,
mspc_spe,other__14,other,labelled,other__14:5,5,stream,0,0,0.2576,
mspc_spe,other__14,other,labelled,other__14:6,6,stream,0,0,0.3672,
mspc_spe,other__14,other,labelled,other__14:7,7,stream,0,0,0.3735,
mspc_spe,other__14,other,labelled,other__14:8,8,stream,0,0,0.3688,
mspc_spe,other__14,other,labelled,other__14:9,9,stream,0,0,,MspcAlignmentError: aligned coverage 0.933 below required 0.95; refusing to interpolate across tags
mspc_spe,other__14,other,labelled,other__14:10,10,stream,1,1,207.299,
mspc_spe,other__14,other,labelled,other__14:11,11,stream,1,1,698.6445,
mspc_spe,other__14,other,labelled,other__14:12,12,stream,1,1,754.9178,
mspc_spe,other__14,other,labelled,other__14:13,13,stream,1,1,743.8264,
mspc_spe,other__14,other,labelled,other__14:14,14,stream,1,1,786.8437,
mspc_spe,other__14,other,labelled,other__14:15,15,stream,1,0,,MspcAlignmentError: aligned coverage 0.817 below required 0.95; refusing to interpolate across tags
mspc_spe,other__2,other,labelled,other__2:0,0,baseline,0,0,,"every stream window refused, so no fitted model scores the baseline"
mspc_spe,other__2,other,labelled,other__2:1,1,baseline,0,0,,"every stream window refused, so no fitted model scores the baseline"
mspc_spe,other__2,other,labelled,other__2:2,2,baseline,0,0,,"every stream window refused, so no fitted model scores the baseline"
mspc_spe,other__2,other,labelled,other__2:3,3,stream,0,0,,MspcAlignmentError: aligned coverage 0.578 below required 0.95; refusing to interpolate across tags
mspc_spe,other__2,other,labelled,other__2:4,4,stream,0,0,,MspcAlignmentError: aligned coverage 0.578 below required 0.95; refusing to interpolate across tags
mspc_spe,other__2,other,labelled,other__2:5,5,stream,1,1,,MspcAlignmentError: aligned coverage 0.578 below required 0.95; refusing to interpolate across tags
mspc_spe,other__2,other,labelled,other__2:6,6,stream,1,1,,MspcAlignmentError: aligned coverage 0.578 below required 0.95; refusing to interpolate across tags
mspc_spe,other__2,other,labelled,other__2:7,7,stream,1,1,,MspcAlignmentError: aligned coverage 0.578 below required 0.95; refusing to interpolate across tags
mspc_spe,other__2,other,labelled,other__2:8,8,stream,1,1,,MspcAlignmentError: aligned coverage 0.578 below required 0.95; refusing to interpolate across tags
mspc_spe,other__2,other,labelled,other__2:9,9,stream,1,1,,MspcAlignmentError: aligned coverage 0.578 below required 0.95; refusing to interpolate across tags
mspc_spe,other__2,other,labelled,other__2:10,10,stream,1,1,,MspcAlignmentError: aligned coverage 0.578 below required 0.95; refusing to interpolate across tags
mspc_spe,other__2,other,labelled,other__2:11,11,stream,1,1,,MspcAlignmentError: aligned coverage 0.578 below required 0.95; refusing to interpolate across tags
mspc_spe,other__2,other,labelled,other__2:12,12,stream,1,1,,MspcAlignmentError: aligned coverage 0.578 below required 0.95; refusing to interpolate across tags
mspc_spe,other__2,other,labelled,other__2:13,13,stream,0,0,,MspcAlignmentError: aligned coverage 0.578 below required 0.95; refusing to interpolate across tags
mspc_spe,other__2,other,labelled,other__2:14,14,stream,0,0,,MspcAlignmentError: aligned coverage 0.578 below required 0.95; refusing to interpolate across tags
mspc_spe,other__2,other,labelled,other__2:15,15,stream,0,0,,MspcAlignmentError: aligned coverage 0.578 below required 0.95; refusing to interpolate across tags
mspc_spe,other__2,other,labelled,other__2:16,16,stream,0,0,,MspcAlignmentError: aligned coverage 0.578 below required 0.95; refusing to interpolate across tags
mspc_spe,other__2,other,labelled,other__2:17,17,stream,0,0,,MspcAlignmentError: aligned coverage 0.578 below required 0.95; refusing to interpolate across tags
mspc_spe,other__3,other,labelled,other__3:0,0,baseline,0,0,,"the PCA keeps all 7 components, so SPE is 0 up to rounding and scores nothing"
mspc_spe,other__3,other,labelled,other__3:1,1,baseline,0,0,,"the PCA keeps all 7 components, so SPE is 0 up to rounding and scores nothing"
mspc_spe,other__3,other,labelled,other__3:2,2,baseline,0,0,,"the PCA keeps all 7 components, so SPE is 0 up to rounding and scores nothing"
mspc_spe,other__3,other,labelled,other__3:3,3,stream,0,0,,"the PCA keeps all 7 components, so SPE is 0 up to rounding and scores nothing"
mspc_spe,other__3,other,labelled,other__3:4,4,stream,0,0,,"the PCA keeps all 7 components, so SPE is 0 up to rounding and scores nothing"
mspc_spe,other__3,other,labelled,other__3:5,5,stream,0,0,,"the PCA keeps all 7 components, so SPE is 0 up to rounding and scores nothing"
mspc_spe,other__3,other,labelled,other__3:6,6,stream,0,0,,MspcAlignmentError: aligned coverage 0.933 below required 0.95; refusing to interpolate across tags
mspc_spe,other__3,other,labelled,other__3:7,7,stream,0,0,,"the PCA keeps all 7 components, so SPE is 0 up to rounding and scores nothing"
mspc_spe,other__3,other,labelled,other__3:8,8,stream,0,0,,"the PCA keeps all 7 components, so SPE is 0 up to rounding and scores nothing"
mspc_spe,other__3,other,labelled,other__3:9,9,stream,1,0,,"the PCA keeps all 7 components, so SPE is 0 up to rounding and scores nothing"
mspc_spe,other__3,other,labelled,other__3:10,10,stream,1,1,,"the PCA keeps all 7 components, so SPE is 0 up to rounding and scores nothing"
mspc_spe,other__3,other,labelled,other__3:11,11,stream,1,1,,"the PCA keeps all 7 components, so SPE is 0 up to rounding and scores nothing"
mspc_spe,other__3,other,labelled,other__3:12,12,stream,1,1,,MspcAlignmentError: aligned coverage 0.933 below required 0.95; refusing to interpolate across tags
mspc_spe,other__3,other,labelled,other__3:13,13,stream,1,1,,"the PCA keeps all 7 components, so SPE is 0 up to rounding and scores nothing"
mspc_spe,other__3,other,labelled,other__3:14,14,stream,1,1,,MspcAlignmentError: aligned coverage 0.933 below required 0.95; refusing to interpolate across tags
mspc_spe,other__3,other,labelled,other__3:15,15,stream,1,1,,"the PCA keeps all 7 components, so SPE is 0 up to rounding and scores nothing"
mspc_spe,other__3,other,labelled,other__3:16,16,stream,1,1,,"the PCA keeps all 7 components, so SPE is 0 up to rounding and scores nothing"
mspc_spe,other__3,other,labelled,other__3:17,17,stream,0,0,,"the PCA keeps all 7 components, so SPE is 0 up to rounding and scores nothing"
mspc_spe,other__3,other,labelled,other__3:18,18,stream,0,0,,"the PCA keeps all 7 components, so SPE is 0 up to rounding and scores nothing"
mspc_spe,other__3,other,labelled,other__3:19,19,stream,0,0,,MspcAlignmentError: aligned coverage 0.933 below required 0.95; refusing to interpolate across tags
mspc_spe,other__4,other,labelled,other__4:0,0,baseline,0,0,0.2454,
mspc_spe,other__4,other,labelled,other__4:1,1,baseline,0,0,0.3375,
mspc_spe,other__4,other,labelled,other__4:2,2,baseline,0,0,0.3889,
mspc_spe,other__4,other,labelled,other__4:3,3,stream,0,0,0.8424,
mspc_spe,other__4,other,labelled,other__4:4,4,stream,0,0,,MspcAlignmentError: aligned coverage 0.933 below required 0.95; refusing to interpolate across tags
mspc_spe,other__4,other,labelled,other__4:5,5,stream,0,0,1.0913,
mspc_spe,other__4,other,labelled,other__4:6,6,stream,0,0,0.6001,
mspc_spe,other__4,other,labelled,other__4:7,7,stream,0,0,0.6034,
mspc_spe,other__4,other,labelled,other__4:8,8,stream,0,0,1.2295,
mspc_spe,other__4,other,labelled,other__4:9,9,stream,0,0,1.8987,
mspc_spe,other__4,other,labelled,other__4:10,10,stream,0,0,1.359,
mspc_spe,other__4,other,labelled,other__4:11,11,stream,0,0,,MspcAlignmentError: aligned coverage 0.933 below required 0.95; refusing to interpolate across tags
mspc_spe,other__4,other,labelled,other__4:12,12,stream,0,0,0.7354,
mspc_spe,other__4,other,labelled,other__4:13,13,stream,0,0,0.685,
mspc_spe,other__4,other,labelled,other__4:14,14,stream,1,1,,MspcAlignmentError: aligned coverage 0.933 below required 0.95; refusing to interpolate across tags
mspc_spe,other__4,other,labelled,other__4:15,15,stream,1,1,2.0489,
mspc_spe,other__4,other,labelled,other__4:16,16,stream,1,1,2.0269,
mspc_spe,other__4,other,labelled,other__4:17,17,stream,1,1,1.4183,
mspc_spe,other__4,other,labelled,other__4:18,18,stream,1,1,1.8344,
mspc_spe,other__4,other,labelled,other__4:19,19,stream,1,1,1.9278,
mspc_spe,other__4,other,labelled,other__4:20,20,stream,1,1,,MspcAlignmentError: aligned coverage 0.900 below required 0.95; refusing to interpolate across tags
mspc_spe,other__5,other,labelled,other__5:0,0,baseline,0,0,,"the PCA keeps all 7 components, so SPE is 0 up to rounding and scores nothing"
mspc_spe,other__5,other,labelled,other__5:1,1,baseline,0,0,,"the PCA keeps all 7 components, so SPE is 0 up to rounding and scores nothing"
mspc_spe,other__5,other,labelled,other__5:2,2,baseline,0,0,,"the PCA keeps all 7 components, so SPE is 0 up to rounding and scores nothing"
mspc_spe,other__5,other,labelled,other__5:3,3,stream,0,0,,"the PCA keeps all 7 components, so SPE is 0 up to rounding and scores nothing"
mspc_spe,other__5,other,labelled,other__5:4,4,stream,0,0,,"the PCA keeps all 7 components, so SPE is 0 up to rounding and scores nothing"
mspc_spe,other__5,other,labelled,other__5:5,5,stream,0,0,,"the PCA keeps all 7 components, so SPE is 0 up to rounding and scores nothing"
mspc_spe,other__5,other,labelled,other__5:6,6,stream,0,0,,"the PCA keeps all 7 components, so SPE is 0 up to rounding and scores nothing"
mspc_spe,other__5,other,labelled,other__5:7,7,stream,0,0,,"the PCA keeps all 7 components, so SPE is 0 up to rounding and scores nothing"
mspc_spe,other__5,other,labelled,other__5:8,8,stream,0,0,,"the PCA keeps all 7 components, so SPE is 0 up to rounding and scores nothing"
mspc_spe,other__5,other,labelled,other__5:9,9,stream,0,0,,"the PCA keeps all 7 components, so SPE is 0 up to rounding and scores nothing"
mspc_spe,other__5,other,labelled,other__5:10,10,stream,1,1,,"the PCA keeps all 7 components, so SPE is 0 up to rounding and scores nothing"
mspc_spe,other__5,other,labelled,other__5:11,11,stream,1,1,,"the PCA keeps all 7 components, so SPE is 0 up to rounding and scores nothing"
mspc_spe,other__5,other,labelled,other__5:12,12,stream,1,1,,"the PCA keeps all 7 components, so SPE is 0 up to rounding and scores nothing"
mspc_spe,other__5,other,labelled,other__5:13,13,stream,1,1,,"the PCA keeps all 7 components, so SPE is 0 up to rounding and scores nothing"
mspc_spe,other__5,other,labelled,other__5:14,14,stream,1,1,,"the PCA keeps all 7 components, so SPE is 0 up to rounding and scores nothing"
mspc_spe,other__5,other,labelled,other__5:15,15,stream,1,1,,"the PCA keeps all 7 components, so SPE is 0 up to rounding and scores nothing"
mspc_spe,other__5,other,labelled,other__5:16,16,stream,1,1,,"the PCA keeps all 7 components, so SPE is 0 up to rounding and scores nothing"
mspc_spe,other__5,other,labelled,other__5:17,17,stream,1,0,,"the PCA keeps all 7 components, so SPE is 0 up to rounding and scores nothing"
mspc_spe,other__5,other,labelled,other__5:18,18,stream,0,0,,"the PCA keeps all 7 components, so SPE is 0 up to rounding and scores nothing"
mspc_spe,other__5,other,labelled,other__5:19,19,stream,0,0,,"the PCA keeps all 7 components, so SPE is 0 up to rounding and scores nothing"
mspc_spe,other__5,other,labelled,other__5:20,20,stream,0,0,,MspcAlignmentError: aligned coverage 0.150 below required 0.95; refusing to interpolate across tags
mspc_spe,other__6,other,labelled,other__6:0,0,baseline,0,0,0.2539,
mspc_spe,other__6,other,labelled,other__6:1,1,baseline,0,0,0.1522,
mspc_spe,other__6,other,labelled,other__6:2,2,baseline,0,0,0.3595,
mspc_spe,other__6,other,labelled,other__6:3,3,stream,0,0,0.7787,
mspc_spe,other__6,other,labelled,other__6:4,4,stream,0,0,0.8737,
mspc_spe,other__6,other,labelled,other__6:5,5,stream,0,0,0.5229,
mspc_spe,other__6,other,labelled,other__6:6,6,stream,0,0,0.697,
mspc_spe,other__6,other,labelled,other__6:7,7,stream,0,0,1.3506,
mspc_spe,other__6,other,labelled,other__6:8,8,stream,0,0,0.5317,
mspc_spe,other__6,other,labelled,other__6:9,9,stream,0,0,0.6703,
mspc_spe,other__6,other,labelled,other__6:10,10,stream,1,1,78.8791,
mspc_spe,other__6,other,labelled,other__6:11,11,stream,1,1,330.7222,
mspc_spe,other__6,other,labelled,other__6:12,12,stream,1,1,344.6594,
mspc_spe,other__6,other,labelled,other__6:13,13,stream,1,1,342.7346,
mspc_spe,other__6,other,labelled,other__6:14,14,stream,1,1,331.734,
mspc_spe,other__6,other,labelled,other__6:15,15,stream,1,1,338.4759,
mspc_spe,other__6,other,labelled,other__6:16,16,stream,1,1,88.587,
mspc_spe,other__6,other,labelled,other__6:17,17,stream,1,0,0.7537,
mspc_spe,other__6,other,labelled,other__6:18,18,stream,0,0,2.9965,
mspc_spe,other__6,other,labelled,other__6:19,19,stream,0,0,7.2884,
mspc_spe,other__6,other,labelled,other__6:20,20,stream,0,0,,MspcAlignmentError: aligned coverage 0.017 below required 0.95; refusing to interpolate across tags
mspc_spe,other__7,other,labelled,other__7:0,0,baseline,0,0,0.258,
mspc_spe,other__7,other,labelled,other__7:1,1,baseline,0,0,0.3929,
mspc_spe,other__7,other,labelled,other__7:2,2,baseline,0,0,0.3013,
mspc_spe,other__7,other,labelled,other__7:3,3,stream,0,0,0.4908,
mspc_spe,other__7,other,labelled,other__7:4,4,stream,0,0,0.4778,
mspc_spe,other__7,other,labelled,other__7:5,5,stream,0,0,0.6279,
mspc_spe,other__7,other,labelled,other__7:6,6,stream,0,0,0.3208,
mspc_spe,other__7,other,labelled,other__7:7,7,stream,0,0,0.4367,
mspc_spe,other__7,other,labelled,other__7:8,8,stream,0,0,0.4101,
mspc_spe,other__7,other,labelled,other__7:9,9,stream,0,0,1.0773,
mspc_spe,other__7,other,labelled,other__7:10,10,stream,1,1,5.4936,
mspc_spe,other__7,other,labelled,other__7:11,11,stream,1,1,28.5464,
mspc_spe,other__7,other,labelled,other__7:12,12,stream,1,1,8.7464,
mspc_spe,other__7,other,labelled,other__7:13,13,stream,1,1,2.8032,
mspc_spe,other__7,other,labelled,other__7:14,14,stream,1,1,4.1688,
mspc_spe,other__7,other,labelled,other__7:15,15,stream,1,1,9.219,
mspc_spe,other__7,other,labelled,other__7:16,16,stream,1,0,9.2208,
mspc_spe,other__7,other,labelled,other__7:17,17,stream,0,0,6.6888,
mspc_spe,other__7,other,labelled,other__7:18,18,stream,0,0,2.4818,
mspc_spe,other__7,other,labelled,other__7:19,19,stream,0,0,,MspcAlignmentError: aligned coverage 0.033 below required 0.95; refusing to interpolate across tags
mspc_spe,other__8,other,labelled,other__8:0,0,baseline,0,0,0.3999,
mspc_spe,other__8,other,labelled,other__8:1,1,baseline,0,0,0.3323,
mspc_spe,other__8,other,labelled,other__8:2,2,baseline,0,0,0.4526,
mspc_spe,other__8,other,labelled,other__8:3,3,stream,0,0,0.4619,
mspc_spe,other__8,other,labelled,other__8:4,4,stream,0,0,0.4713,
mspc_spe,other__8,other,labelled,other__8:5,5,stream,0,0,0.6419,
mspc_spe,other__8,other,labelled,other__8:6,6,stream,0,0,0.5925,
mspc_spe,other__8,other,labelled,other__8:7,7,stream,0,0,1.2114,
mspc_spe,other__8,other,labelled,other__8:8,8,stream,0,0,0.7838,
mspc_spe,other__8,other,labelled,other__8:9,9,stream,0,0,2.2731,
mspc_spe,other__8,other,labelled,other__8:10,10,stream,1,1,9.5631,
mspc_spe,other__8,other,labelled,other__8:11,11,stream,1,1,9.9912,
mspc_spe,other__8,other,labelled,other__8:12,12,stream,1,1,8.618,
mspc_spe,other__8,other,labelled,other__8:13,13,stream,1,1,3.2404,
mspc_spe,other__8,other,labelled,other__8:14,14,stream,1,1,8.0973,
mspc_spe,other__8,other,labelled,other__8:15,15,stream,1,1,8.5621,
mspc_spe,other__8,other,labelled,other__8:16,16,stream,1,1,23.069,
mspc_spe,other__8,other,labelled,other__8:17,17,stream,1,0,16.6816,
mspc_spe,other__8,other,labelled,other__8:18,18,stream,0,0,10.6439,
mspc_spe,other__8,other,labelled,other__8:19,19,stream,0,0,2.889,
mspc_spe,other__8,other,labelled,other__8:20,20,stream,0,0,,MspcAlignmentError: aligned coverage 0.050 below required 0.95; refusing to interpolate across tags
mspc_spe,other__9,other,labelled,other__9:0,0,baseline,0,0,0.2793,
mspc_spe,other__9,other,labelled,other__9:1,1,baseline,0,0,0.2789,
mspc_spe,other__9,other,labelled,other__9:2,2,baseline,0,0,0.3301,
mspc_spe,other__9,other,labelled,other__9:3,3,stream,0,0,0.429,
mspc_spe,other__9,other,labelled,other__9:4,4,stream,0,0,0.9114,
mspc_spe,other__9,other,labelled,other__9:5,5,stream,0,0,1.7787,
mspc_spe,other__9,other,labelled,other__9:6,6,stream,0,0,2.5652,
mspc_spe,other__9,other,labelled,other__9:7,7,stream,0,0,0.9004,
mspc_spe,other__9,other,labelled,other__9:8,8,stream,0,0,0.8507,
mspc_spe,other__9,other,labelled,other__9:9,9,stream,1,0,2.1033,
mspc_spe,other__9,other,labelled,other__9:10,10,stream,1,1,238.6388,
mspc_spe,other__9,other,labelled,other__9:11,11,stream,1,1,1454.063,
mspc_spe,other__9,other,labelled,other__9:12,12,stream,1,1,1671.5196,
mspc_spe,other__9,other,labelled,other__9:13,13,stream,1,1,1665.6657,
mspc_spe,other__9,other,labelled,other__9:14,14,stream,1,1,1661.0248,
mspc_spe,other__9,other,labelled,other__9:15,15,stream,1,1,1795.9406,
mspc_spe,other__9,other,labelled,other__9:16,16,stream,1,1,939.7575,
mspc_spe,other__9,other,labelled,other__9:17,17,stream,0,0,8.5651,
mspc_spe,other__9,other,labelled,other__9:18,18,stream,0,0,,MspcAlignmentError: aligned coverage 0.933 below required 0.95; refusing to interpolate across tags
mspc_spe,other__9,other,labelled,other__9:19,19,stream,0,0,2.2232,
mspc_spe,valve1__0,valve1,labelled,valve1__0:0,0,baseline,0,0,,"the PCA keeps all 6 components, so SPE is 0 up to rounding and scores nothing"
mspc_spe,valve1__0,valve1,labelled,valve1__0:1,1,baseline,0,0,,"the PCA keeps all 6 components, so SPE is 0 up to rounding and scores nothing"
mspc_spe,valve1__0,valve1,labelled,valve1__0:2,2,baseline,0,0,,"the PCA keeps all 6 components, so SPE is 0 up to rounding and scores nothing"
mspc_spe,valve1__0,valve1,labelled,valve1__0:3,3,stream,0,0,,"the PCA keeps all 6 components, so SPE is 0 up to rounding and scores nothing"
mspc_spe,valve1__0,valve1,labelled,valve1__0:4,4,stream,0,0,,"the PCA keeps all 6 components, so SPE is 0 up to rounding and scores nothing"
mspc_spe,valve1__0,valve1,labelled,valve1__0:5,5,stream,0,0,,"the PCA keeps all 6 components, so SPE is 0 up to rounding and scores nothing"
mspc_spe,valve1__0,valve1,labelled,valve1__0:6,6,stream,0,0,,"the PCA keeps all 6 components, so SPE is 0 up to rounding and scores nothing"
mspc_spe,valve1__0,valve1,labelled,valve1__0:7,7,stream,0,0,,"the PCA keeps all 6 components, so SPE is 0 up to rounding and scores nothing"
mspc_spe,valve1__0,valve1,labelled,valve1__0:8,8,stream,0,0,,"the PCA keeps all 6 components, so SPE is 0 up to rounding and scores nothing"
mspc_spe,valve1__0,valve1,labelled,valve1__0:9,9,stream,0,0,,"the PCA keeps all 6 components, so SPE is 0 up to rounding and scores nothing"
mspc_spe,valve1__0,valve1,labelled,valve1__0:10,10,stream,1,1,,"the PCA keeps all 6 components, so SPE is 0 up to rounding and scores nothing"
mspc_spe,valve1__0,valve1,labelled,valve1__0:11,11,stream,1,1,,"the PCA keeps all 6 components, so SPE is 0 up to rounding and scores nothing"
mspc_spe,valve1__0,valve1,labelled,valve1__0:12,12,stream,1,1,,"the PCA keeps all 6 components, so SPE is 0 up to rounding and scores nothing"
mspc_spe,valve1__0,valve1,labelled,valve1__0:13,13,stream,1,1,,"the PCA keeps all 6 components, so SPE is 0 up to rounding and scores nothing"
mspc_spe,valve1__0,valve1,labelled,valve1__0:14,14,stream,1,1,,"the PCA keeps all 6 components, so SPE is 0 up to rounding and scores nothing"
mspc_spe,valve1__0,valve1,labelled,valve1__0:15,15,stream,1,1,,"the PCA keeps all 6 components, so SPE is 0 up to rounding and scores nothing"
mspc_spe,valve1__0,valve1,labelled,valve1__0:16,16,stream,1,1,,"the PCA keeps all 6 components, so SPE is 0 up to rounding and scores nothing"
mspc_spe,valve1__0,valve1,labelled,valve1__0:17,17,stream,0,0,,"the PCA keeps all 6 components, so SPE is 0 up to rounding and scores nothing"
mspc_spe,valve1__0,valve1,labelled,valve1__0:18,18,stream,0,0,,"the PCA keeps all 6 components, so SPE is 0 up to rounding and scores nothing"
mspc_spe,valve1__0,valve1,labelled,valve1__0:19,19,stream,0,0,,"the PCA keeps all 6 components, so SPE is 0 up to rounding and scores nothing"
mspc_spe,valve1__1,valve1,labelled,valve1__1:0,0,baseline,0,0,0.1484,
mspc_spe,valve1__1,valve1,labelled,valve1__1:1,1,baseline,0,0,0.127,
mspc_spe,valve1__1,valve1,labelled,valve1__1:2,2,baseline,0,0,0.3521,
mspc_spe,valve1__1,valve1,labelled,valve1__1:3,3,stream,0,0,10.2931,
mspc_spe,valve1__1,valve1,labelled,valve1__1:4,4,stream,0,0,44.6268,
mspc_spe,valve1__1,valve1,labelled,valve1__1:5,5,stream,0,0,106.2355,
mspc_spe,valve1__1,valve1,labelled,valve1__1:6,6,stream,0,0,85.462,
mspc_spe,valve1__1,valve1,labelled,valve1__1:7,7,stream,0,0,62.9019,
mspc_spe,valve1__1,valve1,labelled,valve1__1:8,8,stream,0,0,55.0002,
mspc_spe,valve1__1,valve1,labelled,valve1__1:9,9,stream,0,0,63.908,
mspc_spe,valve1__1,valve1,labelled,valve1__1:10,10,stream,1,1,62.5787,
mspc_spe,valve1__1,valve1,labelled,valve1__1:11,11,stream,1,1,86.1284,
mspc_spe,valve1__1,valve1,labelled,valve1__1:12,12,stream,1,1,70.0395,
mspc_spe,valve1__1,valve1,labelled,valve1__1:13,13,stream,1,1,83.4445,
mspc_spe,valve1__1,valve1,labelled,valve1__1:14,14,stream,1,1,122.8297,
mspc_spe,valve1__1,valve1,labelled,valve1__1:15,15,stream,1,1,173.0043,
mspc_spe,valve1__1,valve1,labelled,valve1__1:16,16,stream,1,1,262.7793,
mspc_spe,valve1__1,valve1,labelled,valve1__1:17,17,stream,1,0,344.7248,
mspc_spe,valve1__1,valve1,labelled,valve1__1:18,18,stream,0,0,322.812,
mspc_spe,valve1__1,valve1,labelled,valve1__1:19,19,stream,0,0,286.1136,
mspc_spe,valve1__1,valve1,labelled,valve1__1:20,20,stream,0,0,,MspcAlignmentError: aligned coverage 0.017 below required 0.95; refusing to interpolate across tags
mspc_spe,valve1__10,valve1,labelled,valve1__10:0,0,baseline,0,0,,"the PCA keeps all 7 components, so SPE is 0 up to rounding and scores nothing"
mspc_spe,valve1__10,valve1,labelled,valve1__10:1,1,baseline,0,0,,"the PCA keeps all 7 components, so SPE is 0 up to rounding and scores nothing"
mspc_spe,valve1__10,valve1,labelled,valve1__10:2,2,baseline,0,0,,"the PCA keeps all 7 components, so SPE is 0 up to rounding and scores nothing"
mspc_spe,valve1__10,valve1,labelled,valve1__10:3,3,stream,0,0,,"the PCA keeps all 7 components, so SPE is 0 up to rounding and scores nothing"
mspc_spe,valve1__10,valve1,labelled,valve1__10:4,4,stream,0,0,,"the PCA keeps all 7 components, so SPE is 0 up to rounding and scores nothing"
mspc_spe,valve1__10,valve1,labelled,valve1__10:5,5,stream,0,0,,"the PCA keeps all 7 components, so SPE is 0 up to rounding and scores nothing"
mspc_spe,valve1__10,valve1,labelled,valve1__10:6,6,stream,0,0,,"the PCA keeps all 7 components, so SPE is 0 up to rounding and scores nothing"
mspc_spe,valve1__10,valve1,labelled,valve1__10:7,7,stream,0,0,,"the PCA keeps all 7 components, so SPE is 0 up to rounding and scores nothing"
mspc_spe,valve1__10,valve1,labelled,valve1__10:8,8,stream,0,0,,"the PCA keeps all 7 components, so SPE is 0 up to rounding and scores nothing"
mspc_spe,valve1__10,valve1,labelled,valve1__10:9,9,stream,0,0,,"the PCA keeps all 7 components, so SPE is 0 up to rounding and scores nothing"
mspc_spe,valve1__10,valve1,labelled,valve1__10:10,10,stream,1,1,,"the PCA keeps all 7 components, so SPE is 0 up to rounding and scores nothing"
mspc_spe,valve1__10,valve1,labelled,valve1__10:11,11,stream,1,1,,"the PCA keeps all 7 components, so SPE is 0 up to rounding and scores nothing"
mspc_spe,valve1__10,valve1,labelled,valve1__10:12,12,stream,1,1,,"the PCA keeps all 7 components, so SPE is 0 up to rounding and scores nothing"
mspc_spe,valve1__10,valve1,labelled,valve1__10:13,13,stream,1,1,,"the PCA keeps all 7 components, so SPE is 0 up to rounding and scores nothing"
mspc_spe,valve1__10,valve1,labelled,valve1__10:14,14,stream,1,1,,"the PCA keeps all 7 components, so SPE is 0 up to rounding and scores nothing"
mspc_spe,valve1__10,valve1,labelled,valve1__10:15,15,stream,1,1,,"the PCA keeps all 7 components, so SPE is 0 up to rounding and scores nothing"
mspc_spe,valve1__10,valve1,labelled,valve1__10:16,16,stream,1,1,,"the PCA keeps all 7 components, so SPE is 0 up to rounding and scores nothing"
mspc_spe,valve1__10,valve1,labelled,valve1__10:17,17,stream,0,0,,"the PCA keeps all 7 components, so SPE is 0 up to rounding and scores nothing"
mspc_spe,valve1__10,valve1,labelled,valve1__10:18,18,stream,0,0,,"the PCA keeps all 7 components, so SPE is 0 up to rounding and scores nothing"
mspc_spe,valve1__10,valve1,labelled,valve1__10:19,19,stream,0,0,,"the PCA keeps all 7 components, so SPE is 0 up to rounding and scores nothing"
mspc_spe,valve1__11,valve1,labelled,valve1__11:0,0,baseline,0,0,,"the PCA keeps all 6 components, so SPE is 0 up to rounding and scores nothing"
mspc_spe,valve1__11,valve1,labelled,valve1__11:1,1,baseline,0,0,,"the PCA keeps all 6 components, so SPE is 0 up to rounding and scores nothing"
mspc_spe,valve1__11,valve1,labelled,valve1__11:2,2,baseline,0,0,,"the PCA keeps all 6 components, so SPE is 0 up to rounding and scores nothing"
mspc_spe,valve1__11,valve1,labelled,valve1__11:3,3,stream,0,0,,"the PCA keeps all 6 components, so SPE is 0 up to rounding and scores nothing"
mspc_spe,valve1__11,valve1,labelled,valve1__11:4,4,stream,0,0,,"the PCA keeps all 6 components, so SPE is 0 up to rounding and scores nothing"
mspc_spe,valve1__11,valve1,labelled,valve1__11:5,5,stream,0,0,,"the PCA keeps all 6 components, so SPE is 0 up to rounding and scores nothing"
mspc_spe,valve1__11,valve1,labelled,valve1__11:6,6,stream,0,0,,"the PCA keeps all 6 components, so SPE is 0 up to rounding and scores nothing"
mspc_spe,valve1__11,valve1,labelled,valve1__11:7,7,stream,0,0,,"the PCA keeps all 6 components, so SPE is 0 up to rounding and scores nothing"
mspc_spe,valve1__11,valve1,labelled,valve1__11:8,8,stream,0,0,,"the PCA keeps all 6 components, so SPE is 0 up to rounding and scores nothing"
mspc_spe,valve1__11,valve1,labelled,valve1__11:9,9,stream,0,0,,"the PCA keeps all 6 components, so SPE is 0 up to rounding and scores nothing"
mspc_spe,valve1__11,valve1,labelled,valve1__11:10,10,stream,1,1,,"the PCA keeps all 6 components, so SPE is 0 up to rounding and scores nothing"
mspc_spe,valve1__11,valve1,labelled,valve1__11:11,11,stream,1,1,,"the PCA keeps all 6 components, so SPE is 0 up to rounding and scores nothing"
mspc_spe,valve1__11,valve1,labelled,valve1__11:12,12,stream,1,1,,MspcAlignmentError: aligned coverage 0.933 below required 0.95; refusing to interpolate across tags
mspc_spe,valve1__11,valve1,labelled,valve1__11:13,13,stream,1,1,,"the PCA keeps all 6 components, so SPE is 0 up to rounding and scores nothing"
mspc_spe,valve1__11,valve1,labelled,valve1__11:14,14,stream,1,1,,"the PCA keeps all 6 components, so SPE is 0 up to rounding and scores nothing"
mspc_spe,valve1__11,valve1,labelled,valve1__11:15,15,stream,1,1,,"the PCA keeps all 6 components, so SPE is 0 up to rounding and scores nothing"
mspc_spe,valve1__11,valve1,labelled,valve1__11:16,16,stream,1,1,,"the PCA keeps all 6 components, so SPE is 0 up to rounding and scores nothing"
mspc_spe,valve1__11,valve1,labelled,valve1__11:17,17,stream,1,0,,"the PCA keeps all 6 components, so SPE is 0 up to rounding and scores nothing"
mspc_spe,valve1__11,valve1,labelled,valve1__11:18,18,stream,0,0,,MspcAlignmentError: aligned coverage 0.933 below required 0.95; refusing to interpolate across tags
mspc_spe,valve1__11,valve1,labelled,valve1__11:19,19,stream,0,0,,"the PCA keeps all 6 components, so SPE is 0 up to rounding and scores nothing"
mspc_spe,valve1__11,valve1,labelled,valve1__11:20,20,stream,0,0,,MspcAlignmentError: aligned coverage 0.017 below required 0.95; refusing to interpolate across tags
mspc_spe,valve1__12,valve1,labelled,valve1__12:0,0,baseline,0,0,,"the PCA keeps all 7 components, so SPE is 0 up to rounding and scores nothing"
mspc_spe,valve1__12,valve1,labelled,valve1__12:1,1,baseline,0,0,,"the PCA keeps all 7 components, so SPE is 0 up to rounding and scores nothing"
mspc_spe,valve1__12,valve1,labelled,valve1__12:2,2,baseline,0,0,,"the PCA keeps all 7 components, so SPE is 0 up to rounding and scores nothing"
mspc_spe,valve1__12,valve1,labelled,valve1__12:3,3,stream,0,0,,"the PCA keeps all 7 components, so SPE is 0 up to rounding and scores nothing"
mspc_spe,valve1__12,valve1,labelled,valve1__12:4,4,stream,0,0,,"the PCA keeps all 7 components, so SPE is 0 up to rounding and scores nothing"
mspc_spe,valve1__12,valve1,labelled,valve1__12:5,5,stream,0,0,,"the PCA keeps all 7 components, so SPE is 0 up to rounding and scores nothing"
mspc_spe,valve1__12,valve1,labelled,valve1__12:6,6,stream,0,0,,"the PCA keeps all 7 components, so SPE is 0 up to rounding and scores nothing"
mspc_spe,valve1__12,valve1,labelled,valve1__12:7,7,stream,0,0,,"the PCA keeps all 7 components, so SPE is 0 up to rounding and scores nothing"
mspc_spe,valve1__12,valve1,labelled,valve1__12:8,8,stream,0,0,,"the PCA keeps all 7 components, so SPE is 0 up to rounding and scores nothing"
mspc_spe,valve1__12,valve1,labelled,valve1__12:9,9,stream,0,0,,"the PCA keeps all 7 components, so SPE is 0 up to rounding and scores nothing"
mspc_spe,valve1__12,valve1,labelled,valve1__12:10,10,stream,1,1,,"the PCA keeps all 7 components, so SPE is 0 up to rounding and scores nothing"
mspc_spe,valve1__12,valve1,labelled,valve1__12:11,11,stream,1,1,,"the PCA keeps all 7 components, so SPE is 0 up to rounding and scores nothing"
mspc_spe,valve1__12,valve1,labelled,valve1__12:12,12,stream,1,1,,"the PCA keeps all 7 components, so SPE is 0 up to rounding and scores nothing"
mspc_spe,valve1__12,valve1,labelled,valve1__12:13,13,stream,1,1,,"the PCA keeps all 7 components, so SPE is 0 up to rounding and scores nothing"
mspc_spe,valve1__12,valve1,labelled,valve1__12:14,14,stream,1,1,,"the PCA keeps all 7 components, so SPE is 0 up to rounding and scores nothing"
mspc_spe,valve1__12,valve1,labelled,valve1__12:15,15,stream,1,1,,"the PCA keeps all 7 components, so SPE is 0 up to rounding and scores nothing"
mspc_spe,valve1__12,valve1,labelled,valve1__12:16,16,stream,1,1,,MspcAlignmentError: aligned coverage 0.933 below required 0.95; refusing to interpolate across tags
mspc_spe,valve1__12,valve1,labelled,valve1__12:17,17,stream,1,0,,"the PCA keeps all 7 components, so SPE is 0 up to rounding and scores nothing"
mspc_spe,valve1__12,valve1,labelled,valve1__12:18,18,stream,0,0,,MspcAlignmentError: aligned coverage 0.933 below required 0.95; refusing to interpolate across tags
mspc_spe,valve1__12,valve1,labelled,valve1__12:19,19,stream,0,0,,"the PCA keeps all 7 components, so SPE is 0 up to rounding and scores nothing"
mspc_spe,valve1__12,valve1,labelled,valve1__12:20,20,stream,0,0,,MspcAlignmentError: aligned coverage 0.017 below required 0.95; refusing to interpolate across tags
mspc_spe,valve1__13,valve1,labelled,valve1__13:0,0,baseline,0,0,0.2575,
mspc_spe,valve1__13,valve1,labelled,valve1__13:1,1,baseline,0,0,0.2581,
mspc_spe,valve1__13,valve1,labelled,valve1__13:2,2,baseline,0,0,0.438,
mspc_spe,valve1__13,valve1,labelled,valve1__13:3,3,stream,0,0,0.2988,
mspc_spe,valve1__13,valve1,labelled,valve1__13:4,4,stream,0,0,0.7626,
mspc_spe,valve1__13,valve1,labelled,valve1__13:5,5,stream,0,0,0.4809,
mspc_spe,valve1__13,valve1,labelled,valve1__13:6,6,stream,0,0,0.3098,
mspc_spe,valve1__13,valve1,labelled,valve1__13:7,7,stream,0,0,0.3013,
mspc_spe,valve1__13,valve1,labelled,valve1__13:8,8,stream,0,0,0.5719,
mspc_spe,valve1__13,valve1,labelled,valve1__13:9,9,stream,0,0,0.4405,
mspc_spe,valve1__13,valve1,labelled,valve1__13:10,10,stream,1,1,0.9893,
mspc_spe,valve1__13,valve1,labelled,valve1__13:11,11,stream,1,1,3.7535,
mspc_spe,valve1__13,valve1,labelled,valve1__13:12,12,stream,1,1,1.2789,
mspc_spe,valve1__13,valve1,labelled,valve1__13:13,13,stream,1,1,1.4388,
mspc_spe,valve1__13,valve1,labelled,valve1__13:14,14,stream,1,1,2.1197,
mspc_spe,valve1__13,valve1,labelled,valve1__13:15,15,stream,1,1,2.7996,
mspc_spe,valve1__13,valve1,labelled,valve1__13:16,16,stream,1,1,0.6796,
mspc_spe,valve1__13,valve1,labelled,valve1__13:17,17,stream,0,0,0.7814,
mspc_spe,valve1__13,valve1,labelled,valve1__13:18,18,stream,0,0,1.0374,
mspc_spe,valve1__13,valve1,labelled,valve1__13:19,19,stream,0,0,0.5555,
mspc_spe,valve1__14,valve1,labelled,valve1__14:0,0,baseline,0,0,,"every stream window refused, so no fitted model scores the baseline"
mspc_spe,valve1__14,valve1,labelled,valve1__14:1,1,baseline,0,0,,"every stream window refused, so no fitted model scores the baseline"
mspc_spe,valve1__14,valve1,labelled,valve1__14:2,2,baseline,0,0,,"every stream window refused, so no fitted model scores the baseline"
mspc_spe,valve1__14,valve1,labelled,valve1__14:3,3,stream,0,0,,MspcAlignmentError: aligned coverage 0.944 below required 0.95; refusing to interpolate across tags
mspc_spe,valve1__14,valve1,labelled,valve1__14:4,4,stream,0,0,,MspcAlignmentError: aligned coverage 0.944 below required 0.95; refusing to interpolate across tags
mspc_spe,valve1__14,valve1,labelled,valve1__14:5,5,stream,0,0,,MspcAlignmentError: aligned coverage 0.944 below required 0.95; refusing to interpolate across tags
mspc_spe,valve1__14,valve1,labelled,valve1__14:6,6,stream,0,0,,MspcAlignmentError: aligned coverage 0.944 below required 0.95; refusing to interpolate across tags
mspc_spe,valve1__14,valve1,labelled,valve1__14:7,7,stream,0,0,,MspcAlignmentError: aligned coverage 0.944 below required 0.95; refusing to interpolate across tags
mspc_spe,valve1__14,valve1,labelled,valve1__14:8,8,stream,0,0,,MspcAlignmentError: aligned coverage 0.944 below required 0.95; refusing to interpolate across tags
mspc_spe,valve1__14,valve1,labelled,valve1__14:9,9,stream,0,0,,MspcAlignmentError: aligned coverage 0.944 below required 0.95; refusing to interpolate across tags
mspc_spe,valve1__14,valve1,labelled,valve1__14:10,10,stream,1,1,,MspcAlignmentError: aligned coverage 0.944 below required 0.95; refusing to interpolate across tags
mspc_spe,valve1__14,valve1,labelled,valve1__14:11,11,stream,1,1,,MspcAlignmentError: aligned coverage 0.944 below required 0.95; refusing to interpolate across tags
mspc_spe,valve1__14,valve1,labelled,valve1__14:12,12,stream,1,1,,MspcAlignmentError: aligned coverage 0.944 below required 0.95; refusing to interpolate across tags
mspc_spe,valve1__14,valve1,labelled,valve1__14:13,13,stream,1,1,,MspcAlignmentError: aligned coverage 0.944 below required 0.95; refusing to interpolate across tags
mspc_spe,valve1__14,valve1,labelled,valve1__14:14,14,stream,1,1,,MspcAlignmentError: aligned coverage 0.944 below required 0.95; refusing to interpolate across tags
mspc_spe,valve1__14,valve1,labelled,valve1__14:15,15,stream,1,1,,MspcAlignmentError: aligned coverage 0.944 below required 0.95; refusing to interpolate across tags
mspc_spe,valve1__14,valve1,labelled,valve1__14:16,16,stream,1,1,,MspcAlignmentError: aligned coverage 0.944 below required 0.95; refusing to interpolate across tags
mspc_spe,valve1__14,valve1,labelled,valve1__14:17,17,stream,0,0,,MspcAlignmentError: aligned coverage 0.944 below required 0.95; refusing to interpolate across tags
mspc_spe,valve1__14,valve1,labelled,valve1__14:18,18,stream,0,0,,MspcAlignmentError: aligned coverage 0.944 below required 0.95; refusing to interpolate across tags
mspc_spe,valve1__14,valve1,labelled,valve1__14:19,19,stream,0,0,,MspcAlignmentError: aligned coverage 0.944 below required 0.95; refusing to interpolate across tags
mspc_spe,valve1__15,valve1,labelled,valve1__15:0,0,baseline,0,0,,"the PCA keeps all 7 components, so SPE is 0 up to rounding and scores nothing"
mspc_spe,valve1__15,valve1,labelled,valve1__15:1,1,baseline,0,0,,"the PCA keeps all 7 components, so SPE is 0 up to rounding and scores nothing"
mspc_spe,valve1__15,valve1,labelled,valve1__15:2,2,baseline,0,0,,"the PCA keeps all 7 components, so SPE is 0 up to rounding and scores nothing"
mspc_spe,valve1__15,valve1,labelled,valve1__15:3,3,stream,0,0,,"the PCA keeps all 7 components, so SPE is 0 up to rounding and scores nothing"
mspc_spe,valve1__15,valve1,labelled,valve1__15:4,4,stream,0,0,,"the PCA keeps all 7 components, so SPE is 0 up to rounding and scores nothing"
mspc_spe,valve1__15,valve1,labelled,valve1__15:5,5,stream,0,0,,"the PCA keeps all 7 components, so SPE is 0 up to rounding and scores nothing"
mspc_spe,valve1__15,valve1,labelled,valve1__15:6,6,stream,0,0,,"the PCA keeps all 7 components, so SPE is 0 up to rounding and scores nothing"
mspc_spe,valve1__15,valve1,labelled,valve1__15:7,7,stream,0,0,,"the PCA keeps all 7 components, so SPE is 0 up to rounding and scores nothing"
mspc_spe,valve1__15,valve1,labelled,valve1__15:8,8,stream,0,0,,"the PCA keeps all 7 components, so SPE is 0 up to rounding and scores nothing"
mspc_spe,valve1__15,valve1,labelled,valve1__15:9,9,stream,0,0,,"the PCA keeps all 7 components, so SPE is 0 up to rounding and scores nothing"
mspc_spe,valve1__15,valve1,labelled,valve1__15:10,10,stream,1,1,,"the PCA keeps all 7 components, so SPE is 0 up to rounding and scores nothing"
mspc_spe,valve1__15,valve1,labelled,valve1__15:11,11,stream,1,1,,"the PCA keeps all 7 components, so SPE is 0 up to rounding and scores nothing"
mspc_spe,valve1__15,valve1,labelled,valve1__15:12,12,stream,1,1,,"the PCA keeps all 7 components, so SPE is 0 up to rounding and scores nothing"
mspc_spe,valve1__15,valve1,labelled,valve1__15:13,13,stream,1,1,,"the PCA keeps all 7 components, so SPE is 0 up to rounding and scores nothing"
mspc_spe,valve1__15,valve1,labelled,valve1__15:14,14,stream,1,1,,"the PCA keeps all 7 components, so SPE is 0 up to rounding and scores nothing"
mspc_spe,valve1__15,valve1,labelled,valve1__15:15,15,stream,1,1,,"the PCA keeps all 7 components, so SPE is 0 up to rounding and scores nothing"
mspc_spe,valve1__15,valve1,labelled,valve1__15:16,16,stream,1,1,,"the PCA keeps all 7 components, so SPE is 0 up to rounding and scores nothing"
mspc_spe,valve1__15,valve1,labelled,valve1__15:17,17,stream,1,0,,"the PCA keeps all 7 components, so SPE is 0 up to rounding and scores nothing"
mspc_spe,valve1__15,valve1,labelled,valve1__15:18,18,stream,0,0,,"the PCA keeps all 7 components, so SPE is 0 up to rounding and scores nothing"
mspc_spe,valve1__15,valve1,labelled,valve1__15:19,19,stream,0,0,,"the PCA keeps all 7 components, so SPE is 0 up to rounding and scores nothing"
mspc_spe,valve1__15,valve1,labelled,valve1__15:20,20,stream,0,0,,MspcAlignmentError: aligned coverage 0.017 below required 0.95; refusing to interpolate across tags
mspc_spe,valve1__2,valve1,labelled,valve1__2:0,0,baseline,0,0,,"the PCA keeps all 7 components, so SPE is 0 up to rounding and scores nothing"
mspc_spe,valve1__2,valve1,labelled,valve1__2:1,1,baseline,0,0,,"the PCA keeps all 7 components, so SPE is 0 up to rounding and scores nothing"
mspc_spe,valve1__2,valve1,labelled,valve1__2:2,2,baseline,0,0,,"the PCA keeps all 7 components, so SPE is 0 up to rounding and scores nothing"
mspc_spe,valve1__2,valve1,labelled,valve1__2:3,3,stream,0,0,,"the PCA keeps all 7 components, so SPE is 0 up to rounding and scores nothing"
mspc_spe,valve1__2,valve1,labelled,valve1__2:4,4,stream,0,0,,"the PCA keeps all 7 components, so SPE is 0 up to rounding and scores nothing"
mspc_spe,valve1__2,valve1,labelled,valve1__2:5,5,stream,0,0,,"the PCA keeps all 7 components, so SPE is 0 up to rounding and scores nothing"
mspc_spe,valve1__2,valve1,labelled,valve1__2:6,6,stream,0,0,,"the PCA keeps all 7 components, so SPE is 0 up to rounding and scores nothing"
mspc_spe,valve1__2,valve1,labelled,valve1__2:7,7,stream,0,0,,"the PCA keeps all 7 components, so SPE is 0 up to rounding and scores nothing"
mspc_spe,valve1__2,valve1,labelled,valve1__2:8,8,stream,0,0,,"the PCA keeps all 7 components, so SPE is 0 up to rounding and scores nothing"
mspc_spe,valve1__2,valve1,labelled,valve1__2:9,9,stream,0,0,,MspcAlignmentError: aligned coverage 0.817 below required 0.95; refusing to interpolate across tags
mspc_spe,valve1__2,valve1,labelled,valve1__2:10,10,stream,0,0,,MspcAlignmentError: aligned coverage 0.000 below required 0.95; refusing to interpolate across tags
mspc_spe,valve1__2,valve1,labelled,valve1__2:11,11,stream,1,1,,MspcAlignmentError: aligned coverage 0.850 below required 0.95; refusing to interpolate across tags
mspc_spe,valve1__2,valve1,labelled,valve1__2:12,12,stream,1,1,,"the PCA keeps all 7 components, so SPE is 0 up to rounding and scores nothing"
mspc_spe,valve1__2,valve1,labelled,valve1__2:13,13,stream,1,1,,"the PCA keeps all 7 components, so SPE is 0 up to rounding and scores nothing"
mspc_spe,valve1__2,valve1,labelled,valve1__2:14,14,stream,1,1,,"the PCA keeps all 7 components, so SPE is 0 up to rounding and scores nothing"
mspc_spe,valve1__2,valve1,labelled,valve1__2:15,15,stream,1,1,,"the PCA keeps all 7 components, so SPE is 0 up to rounding and scores nothing"
mspc_spe,valve1__2,valve1,labelled,valve1__2:16,16,stream,1,1,,"the PCA keeps all 7 components, so SPE is 0 up to rounding and scores nothing"
mspc_spe,valve1__2,valve1,labelled,valve1__2:17,17,stream,0,0,,"the PCA keeps all 7 components, so SPE is 0 up to rounding and scores nothing"
mspc_spe,valve1__2,valve1,labelled,valve1__2:18,18,stream,0,0,,"the PCA keeps all 7 components, so SPE is 0 up to rounding and scores nothing"
mspc_spe,valve1__2,valve1,labelled,valve1__2:19,19,stream,0,0,,"the PCA keeps all 7 components, so SPE is 0 up to rounding and scores nothing"
mspc_spe,valve1__3,valve1,labelled,valve1__3:0,0,baseline,0,0,0.3037,
mspc_spe,valve1__3,valve1,labelled,valve1__3:1,1,baseline,0,0,0.2393,
mspc_spe,valve1__3,valve1,labelled,valve1__3:2,2,baseline,0,0,0.2608,
mspc_spe,valve1__3,valve1,labelled,valve1__3:3,3,stream,0,0,0.7559,
mspc_spe,valve1__3,valve1,labelled,valve1__3:4,4,stream,0,0,0.6129,
mspc_spe,valve1__3,valve1,labelled,valve1__3:5,5,stream,0,0,0.3551,
mspc_spe,valve1__3,valve1,labelled,valve1__3:6,6,stream,0,0,0.3023,
mspc_spe,valve1__3,valve1,labelled,valve1__3:7,7,stream,0,0,0.4309,
mspc_spe,valve1__3,valve1,labelled,valve1__3:8,8,stream,0,0,0.3045,
mspc_spe,valve1__3,valve1,labelled,valve1__3:9,9,stream,0,0,0.2657,
mspc_spe,valve1__3,valve1,labelled,valve1__3:10,10,stream,1,1,0.3608,
mspc_spe,valve1__3,valve1,labelled,valve1__3:11,11,stream,1,1,0.3531,
mspc_spe,valve1__3,valve1,labelled,valve1__3:12,12,stream,1,1,0.4177,
mspc_spe,valve1__3,valve1,labelled,valve1__3:13,13,stream,1,1,0.5775,
mspc_spe,valve1__3,valve1,labelled,valve1__3:14,14,stream,1,1,0.4366,
mspc_spe,valve1__3,valve1,labelled,valve1__3:15,15,stream,1,1,0.2775,
mspc_spe,valve1__3,valve1,labelled,valve1__3:16,16,stream,1,1,0.4315,
mspc_spe,valve1__3,valve1,labelled,valve1__3:17,17,stream,1,0,0.4828,
mspc_spe,valve1__3,valve1,labelled,valve1__3:18,18,stream,0,0,0.5662,
mspc_spe,valve1__3,valve1,labelled,valve1__3:19,19,stream,0,0,0.2888,
mspc_spe,valve1__3,valve1,labelled,valve1__3:20,20,stream,0,0,,MspcAlignmentError: aligned coverage 0.033 below required 0.95; refusing to interpolate across tags
mspc_spe,valve1__4,valve1,labelled,valve1__4:0,0,baseline,0,0,,"the PCA keeps all 6 components, so SPE is 0 up to rounding and scores nothing"
mspc_spe,valve1__4,valve1,labelled,valve1__4:1,1,baseline,0,0,,"the PCA keeps all 6 components, so SPE is 0 up to rounding and scores nothing"
mspc_spe,valve1__4,valve1,labelled,valve1__4:2,2,baseline,0,0,,"the PCA keeps all 6 components, so SPE is 0 up to rounding and scores nothing"
mspc_spe,valve1__4,valve1,labelled,valve1__4:3,3,stream,0,0,,MspcAlignmentError: aligned coverage 0.933 below required 0.95; refusing to interpolate across tags
mspc_spe,valve1__4,valve1,labelled,valve1__4:4,4,stream,0,0,,"the PCA keeps all 6 components, so SPE is 0 up to rounding and scores nothing"
mspc_spe,valve1__4,valve1,labelled,valve1__4:5,5,stream,0,0,,"the PCA keeps all 6 components, so SPE is 0 up to rounding and scores nothing"
mspc_spe,valve1__4,valve1,labelled,valve1__4:6,6,stream,0,0,,"the PCA keeps all 6 components, so SPE is 0 up to rounding and scores nothing"
mspc_spe,valve1__4,valve1,labelled,valve1__4:7,7,stream,0,0,,"the PCA keeps all 6 components, so SPE is 0 up to rounding and scores nothing"
mspc_spe,valve1__4,valve1,labelled,valve1__4:8,8,stream,0,0,,"the PCA keeps all 6 components, so SPE is 0 up to rounding and scores nothing"
mspc_spe,valve1__4,valve1,labelled,valve1__4:9,9,stream,0,0,,"the PCA keeps all 6 components, so SPE is 0 up to rounding and scores nothing"
mspc_spe,valve1__4,valve1,labelled,valve1__4:10,10,stream,1,1,,"the PCA keeps all 6 components, so SPE is 0 up to rounding and scores nothing"
mspc_spe,valve1__4,valve1,labelled,valve1__4:11,11,stream,1,1,,MspcAlignmentError: aligned coverage 0.117 below required 0.95; refusing to interpolate across tags
mspc_spe,valve1__4,valve1,labelled,valve1__4:12,12,stream,1,1,,MspcAlignmentError: aligned coverage 0.933 below required 0.95; refusing to interpolate across tags
mspc_spe,valve1__4,valve1,labelled,valve1__4:13,13,stream,1,1,,MspcAlignmentError: aligned coverage 0.933 below required 0.95; refusing to interpolate across tags
mspc_spe,valve1__4,valve1,labelled,valve1__4:14,14,stream,1,1,,"the PCA keeps all 6 components, so SPE is 0 up to rounding and scores nothing"
mspc_spe,valve1__4,valve1,labelled,valve1__4:15,15,stream,1,1,,"the PCA keeps all 6 components, so SPE is 0 up to rounding and scores nothing"
mspc_spe,valve1__4,valve1,labelled,valve1__4:16,16,stream,1,1,,"the PCA keeps all 6 components, so SPE is 0 up to rounding and scores nothing"
mspc_spe,valve1__4,valve1,labelled,valve1__4:17,17,stream,0,0,,"the PCA keeps all 6 components, so SPE is 0 up to rounding and scores nothing"
mspc_spe,valve1__4,valve1,labelled,valve1__4:18,18,stream,0,0,,"the PCA keeps all 6 components, so SPE is 0 up to rounding and scores nothing"
mspc_spe,valve1__4,valve1,labelled,valve1__4:19,19,stream,0,0,,"the PCA keeps all 6 components, so SPE is 0 up to rounding and scores nothing"
mspc_spe,valve1__5,valve1,labelled,valve1__5:0,0,baseline,0,0,,"the PCA keeps all 6 components, so SPE is 0 up to rounding and scores nothing"
mspc_spe,valve1__5,valve1,labelled,valve1__5:1,1,baseline,0,0,,"the PCA keeps all 6 components, so SPE is 0 up to rounding and scores nothing"
mspc_spe,valve1__5,valve1,labelled,valve1__5:2,2,baseline,0,0,,"the PCA keeps all 6 components, so SPE is 0 up to rounding and scores nothing"
mspc_spe,valve1__5,valve1,labelled,valve1__5:3,3,stream,0,0,,"the PCA keeps all 6 components, so SPE is 0 up to rounding and scores nothing"
mspc_spe,valve1__5,valve1,labelled,valve1__5:4,4,stream,0,0,,"the PCA keeps all 6 components, so SPE is 0 up to rounding and scores nothing"
mspc_spe,valve1__5,valve1,labelled,valve1__5:5,5,stream,0,0,,"the PCA keeps all 6 components, so SPE is 0 up to rounding and scores nothing"
mspc_spe,valve1__5,valve1,labelled,valve1__5:6,6,stream,0,0,,"the PCA keeps all 6 components, so SPE is 0 up to rounding and scores nothing"
mspc_spe,valve1__5,valve1,labelled,valve1__5:7,7,stream,0,0,,"the PCA keeps all 6 components, so SPE is 0 up to rounding and scores nothing"
mspc_spe,valve1__5,valve1,labelled,valve1__5:8,8,stream,0,0,,"the PCA keeps all 6 components, so SPE is 0 up to rounding and scores nothing"
mspc_spe,valve1__5,valve1,labelled,valve1__5:9,9,stream,0,0,,"the PCA keeps all 6 components, so SPE is 0 up to rounding and scores nothing"
mspc_spe,valve1__5,valve1,labelled,valve1__5:10,10,stream,1,1,,"the PCA keeps all 6 components, so SPE is 0 up to rounding and scores nothing"
mspc_spe,valve1__5,valve1,labelled,valve1__5:11,11,stream,1,1,,"the PCA keeps all 6 components, so SPE is 0 up to rounding and scores nothing"
mspc_spe,valve1__5,valve1,labelled,valve1__5:12,12,stream,1,1,,"the PCA keeps all 6 components, so SPE is 0 up to rounding and scores nothing"
mspc_spe,valve1__5,valve1,labelled,valve1__5:13,13,stream,1,1,,"the PCA keeps all 6 components, so SPE is 0 up to rounding and scores nothing"
mspc_spe,valve1__5,valve1,labelled,valve1__5:14,14,stream,1,1,,"the PCA keeps all 6 components, so SPE is 0 up to rounding and scores nothing"
mspc_spe,valve1__5,valve1,labelled,valve1__5:15,15,stream,1,1,,"the PCA keeps all 6 components, so SPE is 0 up to rounding and scores nothing"
mspc_spe,valve1__5,valve1,labelled,valve1__5:16,16,stream,1,1,,"the PCA keeps all 6 components, so SPE is 0 up to rounding and scores nothing"
mspc_spe,valve1__5,valve1,labelled,valve1__5:17,17,stream,0,0,,"the PCA keeps all 6 components, so SPE is 0 up to rounding and scores nothing"
mspc_spe,valve1__5,valve1,labelled,valve1__5:18,18,stream,0,0,,"the PCA keeps all 6 components, so SPE is 0 up to rounding and scores nothing"
mspc_spe,valve1__5,valve1,labelled,valve1__5:19,19,stream,0,0,,"the PCA keeps all 6 components, so SPE is 0 up to rounding and scores nothing"
mspc_spe,valve1__6,valve1,labelled,valve1__6:0,0,baseline,0,0,,"the PCA keeps all 6 components, so SPE is 0 up to rounding and scores nothing"
mspc_spe,valve1__6,valve1,labelled,valve1__6:1,1,baseline,0,0,,"the PCA keeps all 6 components, so SPE is 0 up to rounding and scores nothing"
mspc_spe,valve1__6,valve1,labelled,valve1__6:2,2,baseline,0,0,,"the PCA keeps all 6 components, so SPE is 0 up to rounding and scores nothing"
mspc_spe,valve1__6,valve1,labelled,valve1__6:3,3,stream,0,0,,"the PCA keeps all 6 components, so SPE is 0 up to rounding and scores nothing"
mspc_spe,valve1__6,valve1,labelled,valve1__6:4,4,stream,0,0,,"the PCA keeps all 6 components, so SPE is 0 up to rounding and scores nothing"
mspc_spe,valve1__6,valve1,labelled,valve1__6:5,5,stream,0,0,,"the PCA keeps all 6 components, so SPE is 0 up to rounding and scores nothing"
mspc_spe,valve1__6,valve1,labelled,valve1__6:6,6,stream,0,0,,"the PCA keeps all 6 components, so SPE is 0 up to rounding and scores nothing"
mspc_spe,valve1__6,valve1,labelled,valve1__6:7,7,stream,0,0,,"the PCA keeps all 6 components, so SPE is 0 up to rounding and scores nothing"
mspc_spe,valve1__6,valve1,labelled,valve1__6:8,8,stream,0,0,,"the PCA keeps all 6 components, so SPE is 0 up to rounding and scores nothing"
mspc_spe,valve1__6,valve1,labelled,valve1__6:9,9,stream,0,0,,"the PCA keeps all 6 components, so SPE is 0 up to rounding and scores nothing"
mspc_spe,valve1__6,valve1,labelled,valve1__6:10,10,stream,1,1,,"the PCA keeps all 6 components, so SPE is 0 up to rounding and scores nothing"
mspc_spe,valve1__6,valve1,labelled,valve1__6:11,11,stream,1,1,,"the PCA keeps all 6 components, so SPE is 0 up to rounding and scores nothing"
mspc_spe,valve1__6,valve1,labelled,valve1__6:12,12,stream,1,1,,"the PCA keeps all 6 components, so SPE is 0 up to rounding and scores nothing"
mspc_spe,valve1__6,valve1,labelled,valve1__6:13,13,stream,1,1,,"the PCA keeps all 6 components, so SPE is 0 up to rounding and scores nothing"
mspc_spe,valve1__6,valve1,labelled,valve1__6:14,14,stream,1,1,,"the PCA keeps all 6 components, so SPE is 0 up to rounding and scores nothing"
mspc_spe,valve1__6,valve1,labelled,valve1__6:15,15,stream,1,1,,"the PCA keeps all 6 components, so SPE is 0 up to rounding and scores nothing"
mspc_spe,valve1__6,valve1,labelled,valve1__6:16,16,stream,1,1,,"the PCA keeps all 6 components, so SPE is 0 up to rounding and scores nothing"
mspc_spe,valve1__6,valve1,labelled,valve1__6:17,17,stream,1,0,,"the PCA keeps all 6 components, so SPE is 0 up to rounding and scores nothing"
mspc_spe,valve1__6,valve1,labelled,valve1__6:18,18,stream,0,0,,"the PCA keeps all 6 components, so SPE is 0 up to rounding and scores nothing"
mspc_spe,valve1__6,valve1,labelled,valve1__6:19,19,stream,0,0,,"the PCA keeps all 6 components, so SPE is 0 up to rounding and scores nothing"
mspc_spe,valve1__7,valve1,labelled,valve1__7:0,0,baseline,0,0,0.2925,
mspc_spe,valve1__7,valve1,labelled,valve1__7:1,1,baseline,0,0,0.4616,
mspc_spe,valve1__7,valve1,labelled,valve1__7:2,2,baseline,0,0,0.4288,
mspc_spe,valve1__7,valve1,labelled,valve1__7:3,3,stream,0,0,0.561,
mspc_spe,valve1__7,valve1,labelled,valve1__7:4,4,stream,0,0,0.4912,
mspc_spe,valve1__7,valve1,labelled,valve1__7:5,5,stream,0,0,0.7301,
mspc_spe,valve1__7,valve1,labelled,valve1__7:6,6,stream,0,0,0.908,
mspc_spe,valve1__7,valve1,labelled,valve1__7:7,7,stream,0,0,0.7094,
mspc_spe,valve1__7,valve1,labelled,valve1__7:8,8,stream,0,0,1.3041,
mspc_spe,valve1__7,valve1,labelled,valve1__7:9,9,stream,0,0,0.9099,
mspc_spe,valve1__7,valve1,labelled,valve1__7:10,10,stream,1,1,0.7539,
mspc_spe,valve1__7,valve1,labelled,valve1__7:11,11,stream,1,1,2.0306,
mspc_spe,valve1__7,valve1,labelled,valve1__7:12,12,stream,1,1,1.0829,
mspc_spe,valve1__7,valve1,labelled,valve1__7:13,13,stream,1,1,1.0005,
mspc_spe,valve1__7,valve1,labelled,valve1__7:14,14,stream,1,1,1.656,
mspc_spe,valve1__7,valve1,labelled,valve1__7:15,15,stream,1,1,2.5622,
mspc_spe,valve1__7,valve1,labelled,valve1__7:16,16,stream,1,1,1.2411,
mspc_spe,valve1__7,valve1,labelled,valve1__7:17,17,stream,1,0,,MspcAlignmentError: aligned coverage 0.317 below required 0.95; refusing to interpolate across tags
mspc_spe,valve1__7,valve1,labelled,valve1__7:18,18,stream,0,0,,MspcAlignmentError: aligned coverage 0.567 below required 0.95; refusing to interpolate across tags
mspc_spe,valve1__7,valve1,labelled,valve1__7:19,19,stream,0,0,1.4001,
mspc_spe,valve1__7,valve1,labelled,valve1__7:20,20,stream,0,0,,MspcAlignmentError: aligned coverage 0.017 below required 0.95; refusing to interpolate across tags
mspc_spe,valve1__8,valve1,labelled,valve1__8:0,0,baseline,0,0,0.2612,
mspc_spe,valve1__8,valve1,labelled,valve1__8:1,1,baseline,0,0,0.3499,
mspc_spe,valve1__8,valve1,labelled,valve1__8:2,2,baseline,0,0,0.2733,
mspc_spe,valve1__8,valve1,labelled,valve1__8:3,3,stream,0,0,0.5491,
mspc_spe,valve1__8,valve1,labelled,valve1__8:4,4,stream,0,0,0.4075,
mspc_spe,valve1__8,valve1,labelled,valve1__8:5,5,stream,0,0,0.5308,
mspc_spe,valve1__8,valve1,labelled,valve1__8:6,6,stream,0,0,0.4625,
mspc_spe,valve1__8,valve1,labelled,valve1__8:7,7,stream,0,0,0.5839,
mspc_spe,valve1__8,valve1,labelled,valve1__8:8,8,stream,0,0,0.6243,
mspc_spe,valve1__8,valve1,labelled,valve1__8:9,9,stream,1,0,0.4674,
mspc_spe,valve1__8,valve1,labelled,valve1__8:10,10,stream,1,1,0.68,
mspc_spe,valve1__8,valve1,labelled,valve1__8:11,11,stream,1,1,0.5104,
mspc_spe,valve1__8,valve1,labelled,valve1__8:12,12,stream,1,1,0.5808,
mspc_spe,valve1__8,valve1,labelled,valve1__8:13,13,stream,1,1,0.7536,
mspc_spe,valve1__8,valve1,labelled,valve1__8:14,14,stream,1,1,1.4474,
mspc_spe,valve1__8,valve1,labelled,valve1__8:15,15,stream,1,1,1.4819,
mspc_spe,valve1__8,valve1,labelled,valve1__8:16,16,stream,1,1,1.9784,
mspc_spe,valve1__8,valve1,labelled,valve1__8:17,17,stream,0,0,1.5149,
mspc_spe,valve1__8,valve1,labelled,valve1__8:18,18,stream,0,0,1.5115,
mspc_spe,valve1__8,valve1,labelled,valve1__8:19,19,stream,0,0,,MspcAlignmentError: aligned coverage 0.933 below required 0.95; refusing to interpolate across tags
mspc_spe,valve1__9,valve1,labelled,valve1__9:0,0,baseline,0,0,0.2379,
mspc_spe,valve1__9,valve1,labelled,valve1__9:1,1,baseline,0,0,0.1444,
mspc_spe,valve1__9,valve1,labelled,valve1__9:2,2,baseline,0,0,0.4004,
mspc_spe,valve1__9,valve1,labelled,valve1__9:3,3,stream,0,0,1.9151,
mspc_spe,valve1__9,valve1,labelled,valve1__9:4,4,stream,0,0,1.9277,
mspc_spe,valve1__9,valve1,labelled,valve1__9:5,5,stream,0,0,2.5462,
mspc_spe,valve1__9,valve1,labelled,valve1__9:6,6,stream,0,0,1.2314,
mspc_spe,valve1__9,valve1,labelled,valve1__9:7,7,stream,0,0,1.0601,
mspc_spe,valve1__9,valve1,labelled,valve1__9:8,8,stream,0,0,1.3773,
mspc_spe,valve1__9,valve1,labelled,valve1__9:9,9,stream,0,0,3.4427,
mspc_spe,valve1__9,valve1,labelled,valve1__9:10,10,stream,1,1,1.6756,
mspc_spe,valve1__9,valve1,labelled,valve1__9:11,11,stream,1,1,7.8992,
mspc_spe,valve1__9,valve1,labelled,valve1__9:12,12,stream,1,1,1.8228,
mspc_spe,valve1__9,valve1,labelled,valve1__9:13,13,stream,1,1,5.1779,
mspc_spe,valve1__9,valve1,labelled,valve1__9:14,14,stream,1,1,1.301,
mspc_spe,valve1__9,valve1,labelled,valve1__9:15,15,stream,1,1,1.5912,
mspc_spe,valve1__9,valve1,labelled,valve1__9:16,16,stream,1,1,0.3559,
mspc_spe,valve1__9,valve1,labelled,valve1__9:17,17,stream,1,0,0.6629,
mspc_spe,valve1__9,valve1,labelled,valve1__9:18,18,stream,0,0,24.117,
mspc_spe,valve1__9,valve1,labelled,valve1__9:19,19,stream,0,0,58.0318,
mspc_spe,valve1__9,valve1,labelled,valve1__9:20,20,stream,0,0,,MspcAlignmentError: aligned coverage 0.017 below required 0.95; refusing to interpolate across tags
mspc_spe,valve2__0,valve2,labelled,valve2__0:0,0,baseline,0,0,,"every stream window refused, so no fitted model scores the baseline"
mspc_spe,valve2__0,valve2,labelled,valve2__0:1,1,baseline,0,0,,"every stream window refused, so no fitted model scores the baseline"
mspc_spe,valve2__0,valve2,labelled,valve2__0:2,2,baseline,0,0,,"every stream window refused, so no fitted model scores the baseline"
mspc_spe,valve2__0,valve2,labelled,valve2__0:3,3,stream,0,0,,MspcAlignmentError: aligned coverage 0.939 below required 0.95; refusing to interpolate across tags
mspc_spe,valve2__0,valve2,labelled,valve2__0:4,4,stream,0,0,,MspcAlignmentError: aligned coverage 0.939 below required 0.95; refusing to interpolate across tags
mspc_spe,valve2__0,valve2,labelled,valve2__0:5,5,stream,0,0,,MspcAlignmentError: aligned coverage 0.939 below required 0.95; refusing to interpolate across tags
mspc_spe,valve2__0,valve2,labelled,valve2__0:6,6,stream,0,0,,MspcAlignmentError: aligned coverage 0.939 below required 0.95; refusing to interpolate across tags
mspc_spe,valve2__0,valve2,labelled,valve2__0:7,7,stream,0,0,,MspcAlignmentError: aligned coverage 0.939 below required 0.95; refusing to interpolate across tags
mspc_spe,valve2__0,valve2,labelled,valve2__0:8,8,stream,0,0,,MspcAlignmentError: aligned coverage 0.939 below required 0.95; refusing to interpolate across tags
mspc_spe,valve2__0,valve2,labelled,valve2__0:9,9,stream,0,0,,MspcAlignmentError: aligned coverage 0.939 below required 0.95; refusing to interpolate across tags
mspc_spe,valve2__0,valve2,labelled,valve2__0:10,10,stream,1,1,,MspcAlignmentError: aligned coverage 0.939 below required 0.95; refusing to interpolate across tags
mspc_spe,valve2__0,valve2,labelled,valve2__0:11,11,stream,1,1,,MspcAlignmentError: aligned coverage 0.939 below required 0.95; refusing to interpolate across tags
mspc_spe,valve2__0,valve2,labelled,valve2__0:12,12,stream,1,1,,MspcAlignmentError: aligned coverage 0.939 below required 0.95; refusing to interpolate across tags
mspc_spe,valve2__0,valve2,labelled,valve2__0:13,13,stream,1,1,,MspcAlignmentError: aligned coverage 0.939 below required 0.95; refusing to interpolate across tags
mspc_spe,valve2__0,valve2,labelled,valve2__0:14,14,stream,1,1,,MspcAlignmentError: aligned coverage 0.939 below required 0.95; refusing to interpolate across tags
mspc_spe,valve2__0,valve2,labelled,valve2__0:15,15,stream,1,1,,MspcAlignmentError: aligned coverage 0.939 below required 0.95; refusing to interpolate across tags
mspc_spe,valve2__0,valve2,labelled,valve2__0:16,16,stream,1,1,,MspcAlignmentError: aligned coverage 0.939 below required 0.95; refusing to interpolate across tags
mspc_spe,valve2__0,valve2,labelled,valve2__0:17,17,stream,0,0,,MspcAlignmentError: aligned coverage 0.939 below required 0.95; refusing to interpolate across tags
mspc_spe,valve2__0,valve2,labelled,valve2__0:18,18,stream,0,0,,MspcAlignmentError: aligned coverage 0.939 below required 0.95; refusing to interpolate across tags
mspc_spe,valve2__0,valve2,labelled,valve2__0:19,19,stream,0,0,,MspcAlignmentError: aligned coverage 0.939 below required 0.95; refusing to interpolate across tags
mspc_spe,valve2__1,valve2,labelled,valve2__1:0,0,baseline,0,0,,"every stream window refused, so no fitted model scores the baseline"
mspc_spe,valve2__1,valve2,labelled,valve2__1:1,1,baseline,0,0,,"every stream window refused, so no fitted model scores the baseline"
mspc_spe,valve2__1,valve2,labelled,valve2__1:2,2,baseline,0,0,,"every stream window refused, so no fitted model scores the baseline"
mspc_spe,valve2__1,valve2,labelled,valve2__1:3,3,stream,0,0,,MspcAlignmentError: aligned coverage 0.933 below required 0.95; refusing to interpolate across tags
mspc_spe,valve2__1,valve2,labelled,valve2__1:4,4,stream,0,0,,MspcAlignmentError: aligned coverage 0.933 below required 0.95; refusing to interpolate across tags
mspc_spe,valve2__1,valve2,labelled,valve2__1:5,5,stream,0,0,,MspcAlignmentError: aligned coverage 0.933 below required 0.95; refusing to interpolate across tags
mspc_spe,valve2__1,valve2,labelled,valve2__1:6,6,stream,0,0,,MspcAlignmentError: aligned coverage 0.933 below required 0.95; refusing to interpolate across tags
mspc_spe,valve2__1,valve2,labelled,valve2__1:7,7,stream,0,0,,MspcAlignmentError: aligned coverage 0.933 below required 0.95; refusing to interpolate across tags
mspc_spe,valve2__1,valve2,labelled,valve2__1:8,8,stream,0,0,,MspcAlignmentError: aligned coverage 0.933 below required 0.95; refusing to interpolate across tags
mspc_spe,valve2__1,valve2,labelled,valve2__1:9,9,stream,0,0,,MspcAlignmentError: aligned coverage 0.933 below required 0.95; refusing to interpolate across tags
mspc_spe,valve2__1,valve2,labelled,valve2__1:10,10,stream,1,1,,MspcAlignmentError: aligned coverage 0.933 below required 0.95; refusing to interpolate across tags
mspc_spe,valve2__1,valve2,labelled,valve2__1:11,11,stream,1,1,,MspcAlignmentError: aligned coverage 0.933 below required 0.95; refusing to interpolate across tags
mspc_spe,valve2__1,valve2,labelled,valve2__1:12,12,stream,1,1,,MspcAlignmentError: aligned coverage 0.933 below required 0.95; refusing to interpolate across tags
mspc_spe,valve2__1,valve2,labelled,valve2__1:13,13,stream,1,1,,MspcAlignmentError: aligned coverage 0.933 below required 0.95; refusing to interpolate across tags
mspc_spe,valve2__1,valve2,labelled,valve2__1:14,14,stream,1,1,,MspcAlignmentError: aligned coverage 0.933 below required 0.95; refusing to interpolate across tags
mspc_spe,valve2__1,valve2,labelled,valve2__1:15,15,stream,0,0,,MspcAlignmentError: aligned coverage 0.933 below required 0.95; refusing to interpolate across tags
mspc_spe,valve2__1,valve2,labelled,valve2__1:16,16,stream,1,1,,MspcAlignmentError: aligned coverage 0.933 below required 0.95; refusing to interpolate across tags
mspc_spe,valve2__1,valve2,labelled,valve2__1:17,17,stream,0,0,,MspcAlignmentError: aligned coverage 0.933 below required 0.95; refusing to interpolate across tags
mspc_spe,valve2__1,valve2,labelled,valve2__1:18,18,stream,0,0,,MspcAlignmentError: aligned coverage 0.933 below required 0.95; refusing to interpolate across tags
mspc_spe,valve2__1,valve2,labelled,valve2__1:19,19,stream,0,0,,MspcAlignmentError: aligned coverage 0.933 below required 0.95; refusing to interpolate across tags
mspc_spe,valve2__1,valve2,labelled,valve2__1:20,20,stream,0,0,,MspcAlignmentError: aligned coverage 0.933 below required 0.95; refusing to interpolate across tags
mspc_spe,valve2__2,valve2,labelled,valve2__2:0,0,baseline,0,0,,"every stream window refused, so no fitted model scores the baseline"
mspc_spe,valve2__2,valve2,labelled,valve2__2:1,1,baseline,0,0,,"every stream window refused, so no fitted model scores the baseline"
mspc_spe,valve2__2,valve2,labelled,valve2__2:2,2,baseline,0,0,,"every stream window refused, so no fitted model scores the baseline"
mspc_spe,valve2__2,valve2,labelled,valve2__2:3,3,stream,0,0,,MspcAlignmentError: aligned coverage 0.939 below required 0.95; refusing to interpolate across tags
mspc_spe,valve2__2,valve2,labelled,valve2__2:4,4,stream,0,0,,MspcAlignmentError: aligned coverage 0.939 below required 0.95; refusing to interpolate across tags
mspc_spe,valve2__2,valve2,labelled,valve2__2:5,5,stream,0,0,,MspcAlignmentError: aligned coverage 0.939 below required 0.95; refusing to interpolate across tags
mspc_spe,valve2__2,valve2,labelled,valve2__2:6,6,stream,0,0,,MspcAlignmentError: aligned coverage 0.939 below required 0.95; refusing to interpolate across tags
mspc_spe,valve2__2,valve2,labelled,valve2__2:7,7,stream,0,0,,MspcAlignmentError: aligned coverage 0.939 below required 0.95; refusing to interpolate across tags
mspc_spe,valve2__2,valve2,labelled,valve2__2:8,8,stream,0,0,,MspcAlignmentError: aligned coverage 0.939 below required 0.95; refusing to interpolate across tags
mspc_spe,valve2__2,valve2,labelled,valve2__2:9,9,stream,0,0,,MspcAlignmentError: aligned coverage 0.939 below required 0.95; refusing to interpolate across tags
mspc_spe,valve2__2,valve2,labelled,valve2__2:10,10,stream,1,1,,MspcAlignmentError: aligned coverage 0.939 below required 0.95; refusing to interpolate across tags
mspc_spe,valve2__2,valve2,labelled,valve2__2:11,11,stream,1,1,,MspcAlignmentError: aligned coverage 0.939 below required 0.95; refusing to interpolate across tags
mspc_spe,valve2__2,valve2,labelled,valve2__2:12,12,stream,1,1,,MspcAlignmentError: aligned coverage 0.939 below required 0.95; refusing to interpolate across tags
mspc_spe,valve2__2,valve2,labelled,valve2__2:13,13,stream,1,1,,MspcAlignmentError: aligned coverage 0.939 below required 0.95; refusing to interpolate across tags
mspc_spe,valve2__2,valve2,labelled,valve2__2:14,14,stream,1,1,,MspcAlignmentError: aligned coverage 0.939 below required 0.95; refusing to interpolate across tags
mspc_spe,valve2__2,valve2,labelled,valve2__2:15,15,stream,1,1,,MspcAlignmentError: aligned coverage 0.939 below required 0.95; refusing to interpolate across tags
mspc_spe,valve2__2,valve2,labelled,valve2__2:16,16,stream,1,1,,MspcAlignmentError: aligned coverage 0.939 below required 0.95; refusing to interpolate across tags
mspc_spe,valve2__2,valve2,labelled,valve2__2:17,17,stream,0,0,,MspcAlignmentError: aligned coverage 0.939 below required 0.95; refusing to interpolate across tags
mspc_spe,valve2__2,valve2,labelled,valve2__2:18,18,stream,0,0,,MspcAlignmentError: aligned coverage 0.939 below required 0.95; refusing to interpolate across tags
mspc_spe,valve2__2,valve2,labelled,valve2__2:19,19,stream,0,0,,MspcAlignmentError: aligned coverage 0.939 below required 0.95; refusing to interpolate across tags
mspc_spe,valve2__3,valve2,labelled,valve2__3:0,0,baseline,0,0,,"every stream window refused, so no fitted model scores the baseline"
mspc_spe,valve2__3,valve2,labelled,valve2__3:1,1,baseline,0,0,,"every stream window refused, so no fitted model scores the baseline"
mspc_spe,valve2__3,valve2,labelled,valve2__3:2,2,baseline,0,0,,"every stream window refused, so no fitted model scores the baseline"
mspc_spe,valve2__3,valve2,labelled,valve2__3:3,3,stream,0,0,,MspcAlignmentError: aligned coverage 0.939 below required 0.95; refusing to interpolate across tags
mspc_spe,valve2__3,valve2,labelled,valve2__3:4,4,stream,0,0,,MspcAlignmentError: aligned coverage 0.939 below required 0.95; refusing to interpolate across tags
mspc_spe,valve2__3,valve2,labelled,valve2__3:5,5,stream,0,0,,MspcAlignmentError: aligned coverage 0.939 below required 0.95; refusing to interpolate across tags
mspc_spe,valve2__3,valve2,labelled,valve2__3:6,6,stream,0,0,,MspcAlignmentError: aligned coverage 0.939 below required 0.95; refusing to interpolate across tags
mspc_spe,valve2__3,valve2,labelled,valve2__3:7,7,stream,0,0,,MspcAlignmentError: aligned coverage 0.939 below required 0.95; refusing to interpolate across tags
mspc_spe,valve2__3,valve2,labelled,valve2__3:8,8,stream,0,0,,MspcAlignmentError: aligned coverage 0.939 below required 0.95; refusing to interpolate across tags
mspc_spe,valve2__3,valve2,labelled,valve2__3:9,9,stream,0,0,,MspcAlignmentError: aligned coverage 0.939 below required 0.95; refusing to interpolate across tags
mspc_spe,valve2__3,valve2,labelled,valve2__3:10,10,stream,1,1,,MspcAlignmentError: aligned coverage 0.939 below required 0.95; refusing to interpolate across tags
mspc_spe,valve2__3,valve2,labelled,valve2__3:11,11,stream,1,1,,MspcAlignmentError: aligned coverage 0.939 below required 0.95; refusing to interpolate across tags
mspc_spe,valve2__3,valve2,labelled,valve2__3:12,12,stream,1,1,,MspcAlignmentError: aligned coverage 0.939 below required 0.95; refusing to interpolate across tags
mspc_spe,valve2__3,valve2,labelled,valve2__3:13,13,stream,1,1,,MspcAlignmentError: aligned coverage 0.939 below required 0.95; refusing to interpolate across tags
mspc_spe,valve2__3,valve2,labelled,valve2__3:14,14,stream,1,1,,MspcAlignmentError: aligned coverage 0.939 below required 0.95; refusing to interpolate across tags
mspc_spe,valve2__3,valve2,labelled,valve2__3:15,15,stream,1,1,,MspcAlignmentError: aligned coverage 0.939 below required 0.95; refusing to interpolate across tags
mspc_spe,valve2__3,valve2,labelled,valve2__3:16,16,stream,1,1,,MspcAlignmentError: aligned coverage 0.939 below required 0.95; refusing to interpolate across tags
mspc_spe,valve2__3,valve2,labelled,valve2__3:17,17,stream,1,0,,MspcAlignmentError: aligned coverage 0.939 below required 0.95; refusing to interpolate across tags
mspc_t2,anomaly-free__anomaly-free,anomaly-free,anomaly_free,anomaly-free__anomaly-free:0,0,baseline,0,0,,"every stream window refused, so no fitted model scores the baseline"
mspc_t2,anomaly-free__anomaly-free,anomaly-free,anomaly_free,anomaly-free__anomaly-free:1,1,baseline,0,0,,"every stream window refused, so no fitted model scores the baseline"
mspc_t2,anomaly-free__anomaly-free,anomaly-free,anomaly_free,anomaly-free__anomaly-free:2,2,baseline,0,0,,"every stream window refused, so no fitted model scores the baseline"
mspc_t2,anomaly-free__anomaly-free,anomaly-free,anomaly_free,anomaly-free__anomaly-free:3,3,stream,0,0,,MspcAlignmentError: aligned coverage 0.939 below required 0.95; refusing to interpolate across tags
mspc_t2,anomaly-free__anomaly-free,anomaly-free,anomaly_free,anomaly-free__anomaly-free:4,4,stream,0,0,,MspcAlignmentError: aligned coverage 0.939 below required 0.95; refusing to interpolate across tags
mspc_t2,anomaly-free__anomaly-free,anomaly-free,anomaly_free,anomaly-free__anomaly-free:5,5,stream,0,0,,MspcAlignmentError: aligned coverage 0.939 below required 0.95; refusing to interpolate across tags
mspc_t2,anomaly-free__anomaly-free,anomaly-free,anomaly_free,anomaly-free__anomaly-free:6,6,stream,0,0,,MspcAlignmentError: aligned coverage 0.939 below required 0.95; refusing to interpolate across tags
mspc_t2,anomaly-free__anomaly-free,anomaly-free,anomaly_free,anomaly-free__anomaly-free:7,7,stream,0,0,,MspcAlignmentError: aligned coverage 0.939 below required 0.95; refusing to interpolate across tags
mspc_t2,anomaly-free__anomaly-free,anomaly-free,anomaly_free,anomaly-free__anomaly-free:8,8,stream,0,0,,MspcAlignmentError: aligned coverage 0.939 below required 0.95; refusing to interpolate across tags
mspc_t2,anomaly-free__anomaly-free,anomaly-free,anomaly_free,anomaly-free__anomaly-free:9,9,stream,0,0,,MspcAlignmentError: aligned coverage 0.939 below required 0.95; refusing to interpolate across tags
mspc_t2,anomaly-free__anomaly-free,anomaly-free,anomaly_free,anomaly-free__anomaly-free:10,10,stream,0,0,,MspcAlignmentError: aligned coverage 0.939 below required 0.95; refusing to interpolate across tags
mspc_t2,anomaly-free__anomaly-free,anomaly-free,anomaly_free,anomaly-free__anomaly-free:11,11,stream,0,0,,MspcAlignmentError: aligned coverage 0.939 below required 0.95; refusing to interpolate across tags
mspc_t2,anomaly-free__anomaly-free,anomaly-free,anomaly_free,anomaly-free__anomaly-free:12,12,stream,0,0,,MspcAlignmentError: aligned coverage 0.939 below required 0.95; refusing to interpolate across tags
mspc_t2,anomaly-free__anomaly-free,anomaly-free,anomaly_free,anomaly-free__anomaly-free:13,13,stream,0,0,,MspcAlignmentError: aligned coverage 0.939 below required 0.95; refusing to interpolate across tags
mspc_t2,anomaly-free__anomaly-free,anomaly-free,anomaly_free,anomaly-free__anomaly-free:14,14,stream,0,0,,MspcAlignmentError: aligned coverage 0.939 below required 0.95; refusing to interpolate across tags
mspc_t2,anomaly-free__anomaly-free,anomaly-free,anomaly_free,anomaly-free__anomaly-free:15,15,stream,0,0,,MspcAlignmentError: aligned coverage 0.939 below required 0.95; refusing to interpolate across tags
mspc_t2,anomaly-free__anomaly-free,anomaly-free,anomaly_free,anomaly-free__anomaly-free:16,16,stream,0,0,,MspcAlignmentError: aligned coverage 0.939 below required 0.95; refusing to interpolate across tags
mspc_t2,anomaly-free__anomaly-free,anomaly-free,anomaly_free,anomaly-free__anomaly-free:17,17,stream,0,0,,MspcAlignmentError: aligned coverage 0.939 below required 0.95; refusing to interpolate across tags
mspc_t2,anomaly-free__anomaly-free,anomaly-free,anomaly_free,anomaly-free__anomaly-free:18,18,stream,0,0,,MspcAlignmentError: aligned coverage 0.939 below required 0.95; refusing to interpolate across tags
mspc_t2,anomaly-free__anomaly-free,anomaly-free,anomaly_free,anomaly-free__anomaly-free:19,19,stream,0,0,,MspcAlignmentError: aligned coverage 0.939 below required 0.95; refusing to interpolate across tags
mspc_t2,anomaly-free__anomaly-free,anomaly-free,anomaly_free,anomaly-free__anomaly-free:20,20,stream,0,0,,MspcAlignmentError: aligned coverage 0.939 below required 0.95; refusing to interpolate across tags
mspc_t2,anomaly-free__anomaly-free,anomaly-free,anomaly_free,anomaly-free__anomaly-free:21,21,stream,0,0,,MspcAlignmentError: aligned coverage 0.939 below required 0.95; refusing to interpolate across tags
mspc_t2,anomaly-free__anomaly-free,anomaly-free,anomaly_free,anomaly-free__anomaly-free:22,22,stream,0,0,,MspcAlignmentError: aligned coverage 0.939 below required 0.95; refusing to interpolate across tags
mspc_t2,anomaly-free__anomaly-free,anomaly-free,anomaly_free,anomaly-free__anomaly-free:23,23,stream,0,0,,MspcAlignmentError: aligned coverage 0.939 below required 0.95; refusing to interpolate across tags
mspc_t2,anomaly-free__anomaly-free,anomaly-free,anomaly_free,anomaly-free__anomaly-free:24,24,stream,0,0,,MspcAlignmentError: aligned coverage 0.939 below required 0.95; refusing to interpolate across tags
mspc_t2,anomaly-free__anomaly-free,anomaly-free,anomaly_free,anomaly-free__anomaly-free:25,25,stream,0,0,,MspcAlignmentError: aligned coverage 0.939 below required 0.95; refusing to interpolate across tags
mspc_t2,anomaly-free__anomaly-free,anomaly-free,anomaly_free,anomaly-free__anomaly-free:26,26,stream,0,0,,MspcAlignmentError: aligned coverage 0.939 below required 0.95; refusing to interpolate across tags
mspc_t2,anomaly-free__anomaly-free,anomaly-free,anomaly_free,anomaly-free__anomaly-free:27,27,stream,0,0,,MspcAlignmentError: aligned coverage 0.939 below required 0.95; refusing to interpolate across tags
mspc_t2,anomaly-free__anomaly-free,anomaly-free,anomaly_free,anomaly-free__anomaly-free:28,28,stream,0,0,,MspcAlignmentError: aligned coverage 0.939 below required 0.95; refusing to interpolate across tags
mspc_t2,anomaly-free__anomaly-free,anomaly-free,anomaly_free,anomaly-free__anomaly-free:29,29,stream,0,0,,MspcAlignmentError: aligned coverage 0.939 below required 0.95; refusing to interpolate across tags
mspc_t2,anomaly-free__anomaly-free,anomaly-free,anomaly_free,anomaly-free__anomaly-free:30,30,stream,0,0,,MspcAlignmentError: aligned coverage 0.939 below required 0.95; refusing to interpolate across tags
mspc_t2,anomaly-free__anomaly-free,anomaly-free,anomaly_free,anomaly-free__anomaly-free:31,31,stream,0,0,,MspcAlignmentError: aligned coverage 0.939 below required 0.95; refusing to interpolate across tags
mspc_t2,anomaly-free__anomaly-free,anomaly-free,anomaly_free,anomaly-free__anomaly-free:32,32,stream,0,0,,MspcAlignmentError: aligned coverage 0.939 below required 0.95; refusing to interpolate across tags
mspc_t2,anomaly-free__anomaly-free,anomaly-free,anomaly_free,anomaly-free__anomaly-free:33,33,stream,0,0,,MspcAlignmentError: aligned coverage 0.939 below required 0.95; refusing to interpolate across tags
mspc_t2,anomaly-free__anomaly-free,anomaly-free,anomaly_free,anomaly-free__anomaly-free:34,34,stream,0,0,,MspcAlignmentError: aligned coverage 0.939 below required 0.95; refusing to interpolate across tags
mspc_t2,anomaly-free__anomaly-free,anomaly-free,anomaly_free,anomaly-free__anomaly-free:35,35,stream,0,0,,MspcAlignmentError: aligned coverage 0.939 below required 0.95; refusing to interpolate across tags
mspc_t2,anomaly-free__anomaly-free,anomaly-free,anomaly_free,anomaly-free__anomaly-free:36,36,stream,0,0,,MspcAlignmentError: aligned coverage 0.939 below required 0.95; refusing to interpolate across tags
mspc_t2,anomaly-free__anomaly-free,anomaly-free,anomaly_free,anomaly-free__anomaly-free:37,37,stream,0,0,,MspcAlignmentError: aligned coverage 0.939 below required 0.95; refusing to interpolate across tags
mspc_t2,anomaly-free__anomaly-free,anomaly-free,anomaly_free,anomaly-free__anomaly-free:38,38,stream,0,0,,MspcAlignmentError: aligned coverage 0.939 below required 0.95; refusing to interpolate across tags
mspc_t2,anomaly-free__anomaly-free,anomaly-free,anomaly_free,anomaly-free__anomaly-free:39,39,stream,0,0,,MspcAlignmentError: aligned coverage 0.939 below required 0.95; refusing to interpolate across tags
mspc_t2,anomaly-free__anomaly-free,anomaly-free,anomaly_free,anomaly-free__anomaly-free:40,40,stream,0,0,,MspcAlignmentError: aligned coverage 0.939 below required 0.95; refusing to interpolate across tags
mspc_t2,anomaly-free__anomaly-free,anomaly-free,anomaly_free,anomaly-free__anomaly-free:41,41,stream,0,0,,MspcAlignmentError: aligned coverage 0.939 below required 0.95; refusing to interpolate across tags
mspc_t2,anomaly-free__anomaly-free,anomaly-free,anomaly_free,anomaly-free__anomaly-free:42,42,stream,0,0,,MspcAlignmentError: aligned coverage 0.939 below required 0.95; refusing to interpolate across tags
mspc_t2,anomaly-free__anomaly-free,anomaly-free,anomaly_free,anomaly-free__anomaly-free:43,43,stream,0,0,,MspcAlignmentError: aligned coverage 0.939 below required 0.95; refusing to interpolate across tags
mspc_t2,anomaly-free__anomaly-free,anomaly-free,anomaly_free,anomaly-free__anomaly-free:44,44,stream,0,0,,MspcAlignmentError: aligned coverage 0.939 below required 0.95; refusing to interpolate across tags
mspc_t2,anomaly-free__anomaly-free,anomaly-free,anomaly_free,anomaly-free__anomaly-free:45,45,stream,0,0,,MspcAlignmentError: aligned coverage 0.939 below required 0.95; refusing to interpolate across tags
mspc_t2,anomaly-free__anomaly-free,anomaly-free,anomaly_free,anomaly-free__anomaly-free:46,46,stream,0,0,,MspcAlignmentError: aligned coverage 0.939 below required 0.95; refusing to interpolate across tags
mspc_t2,anomaly-free__anomaly-free,anomaly-free,anomaly_free,anomaly-free__anomaly-free:47,47,stream,0,0,,MspcAlignmentError: aligned coverage 0.939 below required 0.95; refusing to interpolate across tags
mspc_t2,anomaly-free__anomaly-free,anomaly-free,anomaly_free,anomaly-free__anomaly-free:48,48,stream,0,0,,MspcAlignmentError: aligned coverage 0.939 below required 0.95; refusing to interpolate across tags
mspc_t2,anomaly-free__anomaly-free,anomaly-free,anomaly_free,anomaly-free__anomaly-free:49,49,stream,0,0,,MspcAlignmentError: aligned coverage 0.939 below required 0.95; refusing to interpolate across tags
mspc_t2,anomaly-free__anomaly-free,anomaly-free,anomaly_free,anomaly-free__anomaly-free:50,50,stream,0,0,,MspcAlignmentError: aligned coverage 0.939 below required 0.95; refusing to interpolate across tags
mspc_t2,anomaly-free__anomaly-free,anomaly-free,anomaly_free,anomaly-free__anomaly-free:51,51,stream,0,0,,MspcAlignmentError: aligned coverage 0.939 below required 0.95; refusing to interpolate across tags
mspc_t2,anomaly-free__anomaly-free,anomaly-free,anomaly_free,anomaly-free__anomaly-free:52,52,stream,0,0,,MspcAlignmentError: aligned coverage 0.939 below required 0.95; refusing to interpolate across tags
mspc_t2,anomaly-free__anomaly-free,anomaly-free,anomaly_free,anomaly-free__anomaly-free:53,53,stream,0,0,,MspcAlignmentError: aligned coverage 0.939 below required 0.95; refusing to interpolate across tags
mspc_t2,anomaly-free__anomaly-free,anomaly-free,anomaly_free,anomaly-free__anomaly-free:54,54,stream,0,0,,MspcAlignmentError: aligned coverage 0.939 below required 0.95; refusing to interpolate across tags
mspc_t2,anomaly-free__anomaly-free,anomaly-free,anomaly_free,anomaly-free__anomaly-free:55,55,stream,0,0,,MspcAlignmentError: aligned coverage 0.939 below required 0.95; refusing to interpolate across tags
mspc_t2,anomaly-free__anomaly-free,anomaly-free,anomaly_free,anomaly-free__anomaly-free:56,56,stream,0,0,,MspcAlignmentError: aligned coverage 0.939 below required 0.95; refusing to interpolate across tags
mspc_t2,anomaly-free__anomaly-free,anomaly-free,anomaly_free,anomaly-free__anomaly-free:57,57,stream,0,0,,MspcAlignmentError: aligned coverage 0.939 below required 0.95; refusing to interpolate across tags
mspc_t2,anomaly-free__anomaly-free,anomaly-free,anomaly_free,anomaly-free__anomaly-free:58,58,stream,0,0,,MspcAlignmentError: aligned coverage 0.939 below required 0.95; refusing to interpolate across tags
mspc_t2,anomaly-free__anomaly-free,anomaly-free,anomaly_free,anomaly-free__anomaly-free:59,59,stream,0,0,,MspcAlignmentError: aligned coverage 0.939 below required 0.95; refusing to interpolate across tags
mspc_t2,anomaly-free__anomaly-free,anomaly-free,anomaly_free,anomaly-free__anomaly-free:60,60,stream,0,0,,MspcAlignmentError: aligned coverage 0.939 below required 0.95; refusing to interpolate across tags
mspc_t2,anomaly-free__anomaly-free,anomaly-free,anomaly_free,anomaly-free__anomaly-free:61,61,stream,0,0,,MspcAlignmentError: aligned coverage 0.939 below required 0.95; refusing to interpolate across tags
mspc_t2,anomaly-free__anomaly-free,anomaly-free,anomaly_free,anomaly-free__anomaly-free:62,62,stream,0,0,,MspcAlignmentError: aligned coverage 0.939 below required 0.95; refusing to interpolate across tags
mspc_t2,anomaly-free__anomaly-free,anomaly-free,anomaly_free,anomaly-free__anomaly-free:63,63,stream,0,0,,MspcAlignmentError: aligned coverage 0.939 below required 0.95; refusing to interpolate across tags
mspc_t2,anomaly-free__anomaly-free,anomaly-free,anomaly_free,anomaly-free__anomaly-free:64,64,stream,0,0,,MspcAlignmentError: aligned coverage 0.939 below required 0.95; refusing to interpolate across tags
mspc_t2,anomaly-free__anomaly-free,anomaly-free,anomaly_free,anomaly-free__anomaly-free:65,65,stream,0,0,,MspcAlignmentError: aligned coverage 0.939 below required 0.95; refusing to interpolate across tags
mspc_t2,anomaly-free__anomaly-free,anomaly-free,anomaly_free,anomaly-free__anomaly-free:66,66,stream,0,0,,MspcAlignmentError: aligned coverage 0.939 below required 0.95; refusing to interpolate across tags
mspc_t2,anomaly-free__anomaly-free,anomaly-free,anomaly_free,anomaly-free__anomaly-free:67,67,stream,0,0,,MspcAlignmentError: aligned coverage 0.939 below required 0.95; refusing to interpolate across tags
mspc_t2,anomaly-free__anomaly-free,anomaly-free,anomaly_free,anomaly-free__anomaly-free:68,68,stream,0,0,,MspcAlignmentError: aligned coverage 0.939 below required 0.95; refusing to interpolate across tags
mspc_t2,anomaly-free__anomaly-free,anomaly-free,anomaly_free,anomaly-free__anomaly-free:69,69,stream,0,0,,MspcAlignmentError: aligned coverage 0.939 below required 0.95; refusing to interpolate across tags
mspc_t2,anomaly-free__anomaly-free,anomaly-free,anomaly_free,anomaly-free__anomaly-free:70,70,stream,0,0,,MspcAlignmentError: aligned coverage 0.939 below required 0.95; refusing to interpolate across tags
mspc_t2,anomaly-free__anomaly-free,anomaly-free,anomaly_free,anomaly-free__anomaly-free:71,71,stream,0,0,,MspcAlignmentError: aligned coverage 0.939 below required 0.95; refusing to interpolate across tags
mspc_t2,anomaly-free__anomaly-free,anomaly-free,anomaly_free,anomaly-free__anomaly-free:72,72,stream,0,0,,MspcAlignmentError: aligned coverage 0.939 below required 0.95; refusing to interpolate across tags
mspc_t2,anomaly-free__anomaly-free,anomaly-free,anomaly_free,anomaly-free__anomaly-free:73,73,stream,0,0,,MspcAlignmentError: aligned coverage 0.939 below required 0.95; refusing to interpolate across tags
mspc_t2,anomaly-free__anomaly-free,anomaly-free,anomaly_free,anomaly-free__anomaly-free:74,74,stream,0,0,,MspcAlignmentError: aligned coverage 0.939 below required 0.95; refusing to interpolate across tags
mspc_t2,anomaly-free__anomaly-free,anomaly-free,anomaly_free,anomaly-free__anomaly-free:75,75,stream,0,0,,MspcAlignmentError: aligned coverage 0.939 below required 0.95; refusing to interpolate across tags
mspc_t2,anomaly-free__anomaly-free,anomaly-free,anomaly_free,anomaly-free__anomaly-free:76,76,stream,0,0,,MspcAlignmentError: aligned coverage 0.939 below required 0.95; refusing to interpolate across tags
mspc_t2,anomaly-free__anomaly-free,anomaly-free,anomaly_free,anomaly-free__anomaly-free:77,77,stream,0,0,,MspcAlignmentError: aligned coverage 0.939 below required 0.95; refusing to interpolate across tags
mspc_t2,anomaly-free__anomaly-free,anomaly-free,anomaly_free,anomaly-free__anomaly-free:78,78,stream,0,0,,MspcAlignmentError: aligned coverage 0.939 below required 0.95; refusing to interpolate across tags
mspc_t2,anomaly-free__anomaly-free,anomaly-free,anomaly_free,anomaly-free__anomaly-free:79,79,stream,0,0,,MspcAlignmentError: aligned coverage 0.939 below required 0.95; refusing to interpolate across tags
mspc_t2,anomaly-free__anomaly-free,anomaly-free,anomaly_free,anomaly-free__anomaly-free:80,80,stream,0,0,,MspcAlignmentError: aligned coverage 0.939 below required 0.95; refusing to interpolate across tags
mspc_t2,anomaly-free__anomaly-free,anomaly-free,anomaly_free,anomaly-free__anomaly-free:81,81,stream,0,0,,MspcAlignmentError: aligned coverage 0.939 below required 0.95; refusing to interpolate across tags
mspc_t2,anomaly-free__anomaly-free,anomaly-free,anomaly_free,anomaly-free__anomaly-free:82,82,stream,0,0,,MspcAlignmentError: aligned coverage 0.939 below required 0.95; refusing to interpolate across tags
mspc_t2,anomaly-free__anomaly-free,anomaly-free,anomaly_free,anomaly-free__anomaly-free:83,83,stream,0,0,,MspcAlignmentError: aligned coverage 0.939 below required 0.95; refusing to interpolate across tags
mspc_t2,anomaly-free__anomaly-free,anomaly-free,anomaly_free,anomaly-free__anomaly-free:84,84,stream,0,0,,MspcAlignmentError: aligned coverage 0.939 below required 0.95; refusing to interpolate across tags
mspc_t2,anomaly-free__anomaly-free,anomaly-free,anomaly_free,anomaly-free__anomaly-free:85,85,stream,0,0,,MspcAlignmentError: aligned coverage 0.939 below required 0.95; refusing to interpolate across tags
mspc_t2,anomaly-free__anomaly-free,anomaly-free,anomaly_free,anomaly-free__anomaly-free:86,86,stream,0,0,,MspcAlignmentError: aligned coverage 0.939 below required 0.95; refusing to interpolate across tags
mspc_t2,anomaly-free__anomaly-free,anomaly-free,anomaly_free,anomaly-free__anomaly-free:87,87,stream,0,0,,MspcAlignmentError: aligned coverage 0.939 below required 0.95; refusing to interpolate across tags
mspc_t2,anomaly-free__anomaly-free,anomaly-free,anomaly_free,anomaly-free__anomaly-free:88,88,stream,0,0,,MspcAlignmentError: aligned coverage 0.939 below required 0.95; refusing to interpolate across tags
mspc_t2,anomaly-free__anomaly-free,anomaly-free,anomaly_free,anomaly-free__anomaly-free:89,89,stream,0,0,,MspcAlignmentError: aligned coverage 0.939 below required 0.95; refusing to interpolate across tags
mspc_t2,anomaly-free__anomaly-free,anomaly-free,anomaly_free,anomaly-free__anomaly-free:90,90,stream,0,0,,MspcAlignmentError: aligned coverage 0.939 below required 0.95; refusing to interpolate across tags
mspc_t2,anomaly-free__anomaly-free,anomaly-free,anomaly_free,anomaly-free__anomaly-free:91,91,stream,0,0,,MspcAlignmentError: aligned coverage 0.939 below required 0.95; refusing to interpolate across tags
mspc_t2,anomaly-free__anomaly-free,anomaly-free,anomaly_free,anomaly-free__anomaly-free:92,92,stream,0,0,,MspcAlignmentError: aligned coverage 0.939 below required 0.95; refusing to interpolate across tags
mspc_t2,anomaly-free__anomaly-free,anomaly-free,anomaly_free,anomaly-free__anomaly-free:93,93,stream,0,0,,MspcAlignmentError: aligned coverage 0.939 below required 0.95; refusing to interpolate across tags
mspc_t2,anomaly-free__anomaly-free,anomaly-free,anomaly_free,anomaly-free__anomaly-free:94,94,stream,0,0,,MspcAlignmentError: aligned coverage 0.939 below required 0.95; refusing to interpolate across tags
mspc_t2,anomaly-free__anomaly-free,anomaly-free,anomaly_free,anomaly-free__anomaly-free:95,95,stream,0,0,,MspcAlignmentError: aligned coverage 0.939 below required 0.95; refusing to interpolate across tags
mspc_t2,anomaly-free__anomaly-free,anomaly-free,anomaly_free,anomaly-free__anomaly-free:96,96,stream,0,0,,MspcAlignmentError: aligned coverage 0.939 below required 0.95; refusing to interpolate across tags
mspc_t2,anomaly-free__anomaly-free,anomaly-free,anomaly_free,anomaly-free__anomaly-free:97,97,stream,0,0,,MspcAlignmentError: aligned coverage 0.939 below required 0.95; refusing to interpolate across tags
mspc_t2,anomaly-free__anomaly-free,anomaly-free,anomaly_free,anomaly-free__anomaly-free:98,98,stream,0,0,,MspcAlignmentError: aligned coverage 0.939 below required 0.95; refusing to interpolate across tags
mspc_t2,anomaly-free__anomaly-free,anomaly-free,anomaly_free,anomaly-free__anomaly-free:99,99,stream,0,0,,MspcAlignmentError: aligned coverage 0.939 below required 0.95; refusing to interpolate across tags
mspc_t2,anomaly-free__anomaly-free,anomaly-free,anomaly_free,anomaly-free__anomaly-free:100,100,stream,0,0,,MspcAlignmentError: aligned coverage 0.939 below required 0.95; refusing to interpolate across tags
mspc_t2,anomaly-free__anomaly-free,anomaly-free,anomaly_free,anomaly-free__anomaly-free:101,101,stream,0,0,,MspcAlignmentError: aligned coverage 0.939 below required 0.95; refusing to interpolate across tags
mspc_t2,anomaly-free__anomaly-free,anomaly-free,anomaly_free,anomaly-free__anomaly-free:102,102,stream,0,0,,MspcAlignmentError: aligned coverage 0.939 below required 0.95; refusing to interpolate across tags
mspc_t2,anomaly-free__anomaly-free,anomaly-free,anomaly_free,anomaly-free__anomaly-free:103,103,stream,0,0,,MspcAlignmentError: aligned coverage 0.939 below required 0.95; refusing to interpolate across tags
mspc_t2,anomaly-free__anomaly-free,anomaly-free,anomaly_free,anomaly-free__anomaly-free:104,104,stream,0,0,,MspcAlignmentError: aligned coverage 0.939 below required 0.95; refusing to interpolate across tags
mspc_t2,anomaly-free__anomaly-free,anomaly-free,anomaly_free,anomaly-free__anomaly-free:105,105,stream,0,0,,MspcAlignmentError: aligned coverage 0.939 below required 0.95; refusing to interpolate across tags
mspc_t2,anomaly-free__anomaly-free,anomaly-free,anomaly_free,anomaly-free__anomaly-free:106,106,stream,0,0,,MspcAlignmentError: aligned coverage 0.939 below required 0.95; refusing to interpolate across tags
mspc_t2,anomaly-free__anomaly-free,anomaly-free,anomaly_free,anomaly-free__anomaly-free:107,107,stream,0,0,,MspcAlignmentError: aligned coverage 0.939 below required 0.95; refusing to interpolate across tags
mspc_t2,anomaly-free__anomaly-free,anomaly-free,anomaly_free,anomaly-free__anomaly-free:108,108,stream,0,0,,MspcAlignmentError: aligned coverage 0.939 below required 0.95; refusing to interpolate across tags
mspc_t2,anomaly-free__anomaly-free,anomaly-free,anomaly_free,anomaly-free__anomaly-free:109,109,stream,0,0,,MspcAlignmentError: aligned coverage 0.939 below required 0.95; refusing to interpolate across tags
mspc_t2,anomaly-free__anomaly-free,anomaly-free,anomaly_free,anomaly-free__anomaly-free:110,110,stream,0,0,,MspcAlignmentError: aligned coverage 0.939 below required 0.95; refusing to interpolate across tags
mspc_t2,anomaly-free__anomaly-free,anomaly-free,anomaly_free,anomaly-free__anomaly-free:111,111,stream,0,0,,MspcAlignmentError: aligned coverage 0.939 below required 0.95; refusing to interpolate across tags
mspc_t2,anomaly-free__anomaly-free,anomaly-free,anomaly_free,anomaly-free__anomaly-free:112,112,stream,0,0,,MspcAlignmentError: aligned coverage 0.939 below required 0.95; refusing to interpolate across tags
mspc_t2,anomaly-free__anomaly-free,anomaly-free,anomaly_free,anomaly-free__anomaly-free:113,113,stream,0,0,,MspcAlignmentError: aligned coverage 0.939 below required 0.95; refusing to interpolate across tags
mspc_t2,anomaly-free__anomaly-free,anomaly-free,anomaly_free,anomaly-free__anomaly-free:114,114,stream,0,0,,MspcAlignmentError: aligned coverage 0.939 below required 0.95; refusing to interpolate across tags
mspc_t2,anomaly-free__anomaly-free,anomaly-free,anomaly_free,anomaly-free__anomaly-free:115,115,stream,0,0,,MspcAlignmentError: aligned coverage 0.939 below required 0.95; refusing to interpolate across tags
mspc_t2,anomaly-free__anomaly-free,anomaly-free,anomaly_free,anomaly-free__anomaly-free:116,116,stream,0,0,,MspcAlignmentError: aligned coverage 0.939 below required 0.95; refusing to interpolate across tags
mspc_t2,anomaly-free__anomaly-free,anomaly-free,anomaly_free,anomaly-free__anomaly-free:117,117,stream,0,0,,MspcAlignmentError: aligned coverage 0.939 below required 0.95; refusing to interpolate across tags
mspc_t2,anomaly-free__anomaly-free,anomaly-free,anomaly_free,anomaly-free__anomaly-free:118,118,stream,0,0,,MspcAlignmentError: aligned coverage 0.939 below required 0.95; refusing to interpolate across tags
mspc_t2,anomaly-free__anomaly-free,anomaly-free,anomaly_free,anomaly-free__anomaly-free:119,119,stream,0,0,,MspcAlignmentError: aligned coverage 0.939 below required 0.95; refusing to interpolate across tags
mspc_t2,anomaly-free__anomaly-free,anomaly-free,anomaly_free,anomaly-free__anomaly-free:120,120,stream,0,0,,MspcAlignmentError: aligned coverage 0.939 below required 0.95; refusing to interpolate across tags
mspc_t2,anomaly-free__anomaly-free,anomaly-free,anomaly_free,anomaly-free__anomaly-free:121,121,stream,0,0,,MspcAlignmentError: aligned coverage 0.939 below required 0.95; refusing to interpolate across tags
mspc_t2,anomaly-free__anomaly-free,anomaly-free,anomaly_free,anomaly-free__anomaly-free:122,122,stream,0,0,,MspcAlignmentError: aligned coverage 0.939 below required 0.95; refusing to interpolate across tags
mspc_t2,anomaly-free__anomaly-free,anomaly-free,anomaly_free,anomaly-free__anomaly-free:123,123,stream,0,0,,MspcAlignmentError: aligned coverage 0.939 below required 0.95; refusing to interpolate across tags
mspc_t2,anomaly-free__anomaly-free,anomaly-free,anomaly_free,anomaly-free__anomaly-free:124,124,stream,0,0,,MspcAlignmentError: aligned coverage 0.939 below required 0.95; refusing to interpolate across tags
mspc_t2,anomaly-free__anomaly-free,anomaly-free,anomaly_free,anomaly-free__anomaly-free:125,125,stream,0,0,,MspcAlignmentError: aligned coverage 0.939 below required 0.95; refusing to interpolate across tags
mspc_t2,anomaly-free__anomaly-free,anomaly-free,anomaly_free,anomaly-free__anomaly-free:126,126,stream,0,0,,MspcAlignmentError: aligned coverage 0.939 below required 0.95; refusing to interpolate across tags
mspc_t2,anomaly-free__anomaly-free,anomaly-free,anomaly_free,anomaly-free__anomaly-free:127,127,stream,0,0,,MspcAlignmentError: aligned coverage 0.939 below required 0.95; refusing to interpolate across tags
mspc_t2,anomaly-free__anomaly-free,anomaly-free,anomaly_free,anomaly-free__anomaly-free:128,128,stream,0,0,,MspcAlignmentError: aligned coverage 0.939 below required 0.95; refusing to interpolate across tags
mspc_t2,anomaly-free__anomaly-free,anomaly-free,anomaly_free,anomaly-free__anomaly-free:129,129,stream,0,0,,MspcAlignmentError: aligned coverage 0.939 below required 0.95; refusing to interpolate across tags
mspc_t2,anomaly-free__anomaly-free,anomaly-free,anomaly_free,anomaly-free__anomaly-free:130,130,stream,0,0,,MspcAlignmentError: aligned coverage 0.939 below required 0.95; refusing to interpolate across tags
mspc_t2,anomaly-free__anomaly-free,anomaly-free,anomaly_free,anomaly-free__anomaly-free:131,131,stream,0,0,,MspcAlignmentError: aligned coverage 0.939 below required 0.95; refusing to interpolate across tags
mspc_t2,anomaly-free__anomaly-free,anomaly-free,anomaly_free,anomaly-free__anomaly-free:132,132,stream,0,0,,MspcAlignmentError: aligned coverage 0.939 below required 0.95; refusing to interpolate across tags
mspc_t2,anomaly-free__anomaly-free,anomaly-free,anomaly_free,anomaly-free__anomaly-free:133,133,stream,0,0,,MspcAlignmentError: aligned coverage 0.939 below required 0.95; refusing to interpolate across tags
mspc_t2,anomaly-free__anomaly-free,anomaly-free,anomaly_free,anomaly-free__anomaly-free:134,134,stream,0,0,,MspcAlignmentError: aligned coverage 0.939 below required 0.95; refusing to interpolate across tags
mspc_t2,anomaly-free__anomaly-free,anomaly-free,anomaly_free,anomaly-free__anomaly-free:135,135,stream,0,0,,MspcAlignmentError: aligned coverage 0.939 below required 0.95; refusing to interpolate across tags
mspc_t2,anomaly-free__anomaly-free,anomaly-free,anomaly_free,anomaly-free__anomaly-free:136,136,stream,0,0,,MspcAlignmentError: aligned coverage 0.939 below required 0.95; refusing to interpolate across tags
mspc_t2,anomaly-free__anomaly-free,anomaly-free,anomaly_free,anomaly-free__anomaly-free:137,137,stream,0,0,,MspcAlignmentError: aligned coverage 0.939 below required 0.95; refusing to interpolate across tags
mspc_t2,anomaly-free__anomaly-free,anomaly-free,anomaly_free,anomaly-free__anomaly-free:138,138,stream,0,0,,MspcAlignmentError: aligned coverage 0.939 below required 0.95; refusing to interpolate across tags
mspc_t2,anomaly-free__anomaly-free,anomaly-free,anomaly_free,anomaly-free__anomaly-free:139,139,stream,0,0,,MspcAlignmentError: aligned coverage 0.939 below required 0.95; refusing to interpolate across tags
mspc_t2,anomaly-free__anomaly-free,anomaly-free,anomaly_free,anomaly-free__anomaly-free:140,140,stream,0,0,,MspcAlignmentError: aligned coverage 0.939 below required 0.95; refusing to interpolate across tags
mspc_t2,anomaly-free__anomaly-free,anomaly-free,anomaly_free,anomaly-free__anomaly-free:141,141,stream,0,0,,MspcAlignmentError: aligned coverage 0.939 below required 0.95; refusing to interpolate across tags
mspc_t2,anomaly-free__anomaly-free,anomaly-free,anomaly_free,anomaly-free__anomaly-free:142,142,stream,0,0,,MspcAlignmentError: aligned coverage 0.939 below required 0.95; refusing to interpolate across tags
mspc_t2,anomaly-free__anomaly-free,anomaly-free,anomaly_free,anomaly-free__anomaly-free:143,143,stream,0,0,,MspcAlignmentError: aligned coverage 0.939 below required 0.95; refusing to interpolate across tags
mspc_t2,anomaly-free__anomaly-free,anomaly-free,anomaly_free,anomaly-free__anomaly-free:144,144,stream,0,0,,MspcAlignmentError: aligned coverage 0.939 below required 0.95; refusing to interpolate across tags
mspc_t2,anomaly-free__anomaly-free,anomaly-free,anomaly_free,anomaly-free__anomaly-free:145,145,stream,0,0,,MspcAlignmentError: aligned coverage 0.939 below required 0.95; refusing to interpolate across tags
mspc_t2,anomaly-free__anomaly-free,anomaly-free,anomaly_free,anomaly-free__anomaly-free:146,146,stream,0,0,,MspcAlignmentError: aligned coverage 0.939 below required 0.95; refusing to interpolate across tags
mspc_t2,anomaly-free__anomaly-free,anomaly-free,anomaly_free,anomaly-free__anomaly-free:147,147,stream,0,0,,MspcAlignmentError: aligned coverage 0.939 below required 0.95; refusing to interpolate across tags
mspc_t2,anomaly-free__anomaly-free,anomaly-free,anomaly_free,anomaly-free__anomaly-free:148,148,stream,0,0,,MspcAlignmentError: aligned coverage 0.939 below required 0.95; refusing to interpolate across tags
mspc_t2,anomaly-free__anomaly-free,anomaly-free,anomaly_free,anomaly-free__anomaly-free:149,149,stream,0,0,,MspcAlignmentError: aligned coverage 0.939 below required 0.95; refusing to interpolate across tags
mspc_t2,anomaly-free__anomaly-free,anomaly-free,anomaly_free,anomaly-free__anomaly-free:150,150,stream,0,0,,MspcAlignmentError: aligned coverage 0.939 below required 0.95; refusing to interpolate across tags
mspc_t2,anomaly-free__anomaly-free,anomaly-free,anomaly_free,anomaly-free__anomaly-free:151,151,stream,0,0,,MspcAlignmentError: aligned coverage 0.939 below required 0.95; refusing to interpolate across tags
mspc_t2,anomaly-free__anomaly-free,anomaly-free,anomaly_free,anomaly-free__anomaly-free:152,152,stream,0,0,,MspcAlignmentError: aligned coverage 0.939 below required 0.95; refusing to interpolate across tags
mspc_t2,anomaly-free__anomaly-free,anomaly-free,anomaly_free,anomaly-free__anomaly-free:153,153,stream,0,0,,MspcAlignmentError: aligned coverage 0.939 below required 0.95; refusing to interpolate across tags
mspc_t2,anomaly-free__anomaly-free,anomaly-free,anomaly_free,anomaly-free__anomaly-free:154,154,stream,0,0,,MspcAlignmentError: aligned coverage 0.939 below required 0.95; refusing to interpolate across tags
mspc_t2,anomaly-free__anomaly-free,anomaly-free,anomaly_free,anomaly-free__anomaly-free:155,155,stream,0,0,,MspcAlignmentError: aligned coverage 0.939 below required 0.95; refusing to interpolate across tags
mspc_t2,anomaly-free__anomaly-free,anomaly-free,anomaly_free,anomaly-free__anomaly-free:156,156,stream,0,0,,MspcAlignmentError: aligned coverage 0.939 below required 0.95; refusing to interpolate across tags
mspc_t2,anomaly-free__anomaly-free,anomaly-free,anomaly_free,anomaly-free__anomaly-free:157,157,stream,0,0,,MspcAlignmentError: aligned coverage 0.939 below required 0.95; refusing to interpolate across tags
mspc_t2,anomaly-free__anomaly-free,anomaly-free,anomaly_free,anomaly-free__anomaly-free:158,158,stream,0,0,,MspcAlignmentError: aligned coverage 0.939 below required 0.95; refusing to interpolate across tags
mspc_t2,anomaly-free__anomaly-free,anomaly-free,anomaly_free,anomaly-free__anomaly-free:159,159,stream,0,0,,MspcAlignmentError: aligned coverage 0.939 below required 0.95; refusing to interpolate across tags
mspc_t2,anomaly-free__anomaly-free,anomaly-free,anomaly_free,anomaly-free__anomaly-free:160,160,stream,0,0,,MspcAlignmentError: aligned coverage 0.939 below required 0.95; refusing to interpolate across tags
mspc_t2,anomaly-free__anomaly-free,anomaly-free,anomaly_free,anomaly-free__anomaly-free:161,161,stream,0,0,,MspcAlignmentError: aligned coverage 0.939 below required 0.95; refusing to interpolate across tags
mspc_t2,anomaly-free__anomaly-free,anomaly-free,anomaly_free,anomaly-free__anomaly-free:162,162,stream,0,0,,MspcAlignmentError: aligned coverage 0.939 below required 0.95; refusing to interpolate across tags
mspc_t2,anomaly-free__anomaly-free,anomaly-free,anomaly_free,anomaly-free__anomaly-free:163,163,stream,0,0,,MspcAlignmentError: aligned coverage 0.939 below required 0.95; refusing to interpolate across tags
mspc_t2,anomaly-free__anomaly-free,anomaly-free,anomaly_free,anomaly-free__anomaly-free:164,164,stream,0,0,,MspcAlignmentError: aligned coverage 0.939 below required 0.95; refusing to interpolate across tags
mspc_t2,anomaly-free__anomaly-free,anomaly-free,anomaly_free,anomaly-free__anomaly-free:165,165,stream,0,0,,MspcAlignmentError: aligned coverage 0.939 below required 0.95; refusing to interpolate across tags
mspc_t2,anomaly-free__anomaly-free,anomaly-free,anomaly_free,anomaly-free__anomaly-free:166,166,stream,0,0,,MspcAlignmentError: aligned coverage 0.939 below required 0.95; refusing to interpolate across tags
mspc_t2,other__1,other,labelled,other__1:0,0,baseline,0,0,5.7191,
mspc_t2,other__1,other,labelled,other__1:1,1,baseline,0,0,5.4768,
mspc_t2,other__1,other,labelled,other__1:2,2,baseline,0,0,6.7081,
mspc_t2,other__1,other,labelled,other__1:3,3,stream,0,0,14.0679,
mspc_t2,other__1,other,labelled,other__1:4,4,stream,0,0,17.0545,
mspc_t2,other__1,other,labelled,other__1:5,5,stream,0,0,21.1111,
mspc_t2,other__1,other,labelled,other__1:6,6,stream,0,0,23.6588,
mspc_t2,other__1,other,labelled,other__1:7,7,stream,0,0,22.3143,
mspc_t2,other__1,other,labelled,other__1:8,8,stream,0,0,10.2795,
mspc_t2,other__1,other,labelled,other__1:9,9,stream,1,0,33.2447,
mspc_t2,other__1,other,labelled,other__1:10,10,stream,1,1,58.6585,
mspc_t2,other__1,other,labelled,other__1:11,11,stream,1,1,104.5806,
mspc_t2,other__1,other,labelled,other__1:12,12,stream,1,1,108.7542,
mspc_t2,other__1,other,labelled,other__1:13,13,stream,1,1,,MspcAlignmentError: aligned coverage 0.017 below required 0.95; refusing to interpolate across tags
mspc_t2,other__10,other,labelled,other__10:0,0,baseline,0,0,7.2542,
mspc_t2,other__10,other,labelled,other__10:1,1,baseline,0,0,8.8349,
mspc_t2,other__10,other,labelled,other__10:2,2,baseline,0,0,7.7705,
mspc_t2,other__10,other,labelled,other__10:3,3,stream,0,0,22.4549,
mspc_t2,other__10,other,labelled,other__10:4,4,stream,0,0,13.1944,
mspc_t2,other__10,other,labelled,other__10:5,5,stream,0,0,10.3887,
mspc_t2,other__10,other,labelled,other__10:6,6,stream,0,0,16.5781,
mspc_t2,other__10,other,labelled,other__10:7,7,stream,0,0,16.8908,
mspc_t2,other__10,other,labelled,other__10:8,8,stream,0,0,22.8675,
mspc_t2,other__10,other,labelled,other__10:9,9,stream,0,0,25.566,
mspc_t2,other__10,other,labelled,other__10:10,10,stream,1,1,44.662,
mspc_t2,other__10,other,labelled,other__10:11,11,stream,1,1,,MspcAlignmentError: aligned coverage 0.933 below required 0.95; refusing to interpolate across tags
mspc_t2,other__10,other,labelled,other__10:12,12,stream,1,1,1237.0454,
mspc_t2,other__10,other,labelled,other__10:13,13,stream,1,1,1204.5822,
mspc_t2,other__10,other,labelled,other__10:14,14,stream,1,1,1324.8769,
mspc_t2,other__10,other,labelled,other__10:15,15,stream,1,1,,MspcAlignmentError: aligned coverage 0.933 below required 0.95; refusing to interpolate across tags
mspc_t2,other__10,other,labelled,other__10:16,16,stream,1,1,1261.9912,
mspc_t2,other__10,other,labelled,other__10:17,17,stream,1,1,1126.3194,
mspc_t2,other__10,other,labelled,other__10:18,18,stream,1,1,1075.3724,
mspc_t2,other__10,other,labelled,other__10:19,19,stream,1,1,906.2518,
mspc_t2,other__10,other,labelled,other__10:20,20,stream,1,0,865.8878,
mspc_t2,other__10,other,labelled,other__10:21,21,stream,0,0,749.2114,
mspc_t2,other__10,other,labelled,other__10:22,22,stream,0,0,,MspcAlignmentError: aligned coverage 0.933 below required 0.95; refusing to interpolate across tags
mspc_t2,other__10,other,labelled,other__10:23,23,stream,0,0,,MspcAlignmentError: aligned coverage 0.317 below required 0.95; refusing to interpolate across tags
mspc_t2,other__11,other,labelled,other__11:0,0,baseline,0,0,7.9815,
mspc_t2,other__11,other,labelled,other__11:1,1,baseline,0,0,6.5642,
mspc_t2,other__11,other,labelled,other__11:2,2,baseline,0,0,6.3142,
mspc_t2,other__11,other,labelled,other__11:3,3,stream,0,0,16.635,
mspc_t2,other__11,other,labelled,other__11:4,4,stream,0,0,,MspcAlignmentError: aligned coverage 0.933 below required 0.95; refusing to interpolate across tags
mspc_t2,other__11,other,labelled,other__11:5,5,stream,0,0,34.0086,
mspc_t2,other__11,other,labelled,other__11:6,6,stream,0,0,,MspcAlignmentError: aligned coverage 0.933 below required 0.95; refusing to interpolate across tags
mspc_t2,other__11,other,labelled,other__11:7,7,stream,0,0,59.6831,
mspc_t2,other__11,other,labelled,other__11:8,8,stream,0,0,62.5975,
mspc_t2,other__11,other,labelled,other__11:9,9,stream,0,0,99.2485,
mspc_t2,other__11,other,labelled,other__11:10,10,stream,1,1,130.6441,
mspc_t2,other__11,other,labelled,other__11:11,11,stream,1,1,189.2137,
mspc_t2,other__11,other,labelled,other__11:12,12,stream,1,1,216.408,
mspc_t2,other__11,other,labelled,other__11:13,13,stream,1,1,221.8718,
mspc_t2,other__11,other,labelled,other__11:14,14,stream,1,1,256.5884,
mspc_t2,other__11,other,labelled,other__11:15,15,stream,1,1,257.1165,
mspc_t2,other__11,other,labelled,other__11:16,16,stream,1,1,253.5019,
mspc_t2,other__11,other,labelled,other__11:17,17,stream,1,1,288.9291,
mspc_t2,other__11,other,labelled,other__11:18,18,stream,0,0,,MspcAlignmentError: aligned coverage 0.933 below required 0.95; refusing to interpolate across tags
mspc_t2,other__11,other,labelled,other__11:19,19,stream,0,0,,MspcAlignmentError: aligned coverage 0.933 below required 0.95; refusing to interpolate across tags
mspc_t2,other__11,other,labelled,other__11:20,20,stream,0,0,,MspcAlignmentError: aligned coverage 0.867 below required 0.95; refusing to interpolate across tags
mspc_t2,other__12,other,labelled,other__12:0,0,baseline,0,0,,"every stream window refused, so no fitted model scores the baseline"
mspc_t2,other__12,other,labelled,other__12:1,1,baseline,0,0,,"every stream window refused, so no fitted model scores the baseline"
mspc_t2,other__12,other,labelled,other__12:2,2,baseline,0,0,,"every stream window refused, so no fitted model scores the baseline"
mspc_t2,other__12,other,labelled,other__12:3,3,stream,0,0,,MspcAlignmentError: aligned coverage 0.944 below required 0.95; refusing to interpolate across tags
mspc_t2,other__12,other,labelled,other__12:4,4,stream,0,0,,MspcAlignmentError: aligned coverage 0.944 below required 0.95; refusing to interpolate across tags
mspc_t2,other__12,other,labelled,other__12:5,5,stream,0,0,,MspcAlignmentError: aligned coverage 0.944 below required 0.95; refusing to interpolate across tags
mspc_t2,other__12,other,labelled,other__12:6,6,stream,0,0,,MspcAlignmentError: aligned coverage 0.944 below required 0.95; refusing to interpolate across tags
mspc_t2,other__12,other,labelled,other__12:7,7,stream,0,0,,MspcAlignmentError: aligned coverage 0.944 below required 0.95; refusing to interpolate across tags
mspc_t2,other__12,other,labelled,other__12:8,8,stream,0,0,,MspcAlignmentError: aligned coverage 0.944 below required 0.95; refusing to interpolate across tags
mspc_t2,other__12,other,labelled,other__12:9,9,stream,0,0,,MspcAlignmentError: aligned coverage 0.944 below required 0.95; refusing to interpolate across tags
mspc_t2,other__12,other,labelled,other__12:10,10,stream,1,1,,MspcAlignmentError: aligned coverage 0.944 below required 0.95; refusing to interpolate across tags
mspc_t2,other__12,other,labelled,other__12:11,11,stream,1,1,,MspcAlignmentError: aligned coverage 0.944 below required 0.95; refusing to interpolate across tags
mspc_t2,other__12,other,labelled,other__12:12,12,stream,1,1,,MspcAlignmentError: aligned coverage 0.944 below required 0.95; refusing to interpolate across tags
mspc_t2,other__12,other,labelled,other__12:13,13,stream,1,1,,MspcAlignmentError: aligned coverage 0.944 below required 0.95; refusing to interpolate across tags
mspc_t2,other__12,other,labelled,other__12:14,14,stream,1,1,,MspcAlignmentError: aligned coverage 0.944 below required 0.95; refusing to interpolate across tags
mspc_t2,other__12,other,labelled,other__12:15,15,stream,1,1,,MspcAlignmentError: aligned coverage 0.944 below required 0.95; refusing to interpolate across tags
mspc_t2,other__12,other,labelled,other__12:16,16,stream,1,1,,MspcAlignmentError: aligned coverage 0.944 below required 0.95; refusing to interpolate across tags
mspc_t2,other__12,other,labelled,other__12:17,17,stream,1,0,,MspcAlignmentError: aligned coverage 0.944 below required 0.95; refusing to interpolate across tags
mspc_t2,other__12,other,labelled,other__12:18,18,stream,0,0,,MspcAlignmentError: aligned coverage 0.944 below required 0.95; refusing to interpolate across tags
mspc_t2,other__12,other,labelled,other__12:19,19,stream,0,0,,MspcAlignmentError: aligned coverage 0.944 below required 0.95; refusing to interpolate across tags
mspc_t2,other__12,other,labelled,other__12:20,20,stream,0,0,,MspcAlignmentError: aligned coverage 0.944 below required 0.95; refusing to interpolate across tags
mspc_t2,other__13,other,labelled,other__13:0,0,baseline,0,0,,"every stream window refused, so no fitted model scores the baseline"
mspc_t2,other__13,other,labelled,other__13:1,1,baseline,0,0,,"every stream window refused, so no fitted model scores the baseline"
mspc_t2,other__13,other,labelled,other__13:2,2,baseline,0,0,,"every stream window refused, so no fitted model scores the baseline"
mspc_t2,other__13,other,labelled,other__13:3,3,stream,0,0,,MspcAlignmentError: aligned coverage 0.661 below required 0.95; refusing to interpolate across tags
mspc_t2,other__13,other,labelled,other__13:4,4,stream,0,0,,MspcAlignmentError: aligned coverage 0.661 below required 0.95; refusing to interpolate across tags
mspc_t2,other__13,other,labelled,other__13:5,5,stream,0,0,,MspcAlignmentError: aligned coverage 0.661 below required 0.95; refusing to interpolate across tags
mspc_t2,other__13,other,labelled,other__13:6,6,stream,0,0,,MspcAlignmentError: aligned coverage 0.661 below required 0.95; refusing to interpolate across tags
mspc_t2,other__13,other,labelled,other__13:7,7,stream,0,0,,MspcAlignmentError: aligned coverage 0.661 below required 0.95; refusing to interpolate across tags
mspc_t2,other__13,other,labelled,other__13:8,8,stream,0,0,,MspcAlignmentError: aligned coverage 0.661 below required 0.95; refusing to interpolate across tags
mspc_t2,other__13,other,labelled,other__13:9,9,stream,1,0,,MspcAlignmentError: aligned coverage 0.661 below required 0.95; refusing to interpolate across tags
mspc_t2,other__13,other,labelled,other__13:10,10,stream,1,1,,MspcAlignmentError: aligned coverage 0.661 below required 0.95; refusing to interpolate across tags
mspc_t2,other__13,other,labelled,other__13:11,11,stream,1,1,,MspcAlignmentError: aligned coverage 0.661 below required 0.95; refusing to interpolate across tags
mspc_t2,other__13,other,labelled,other__13:12,12,stream,1,1,,MspcAlignmentError: aligned coverage 0.661 below required 0.95; refusing to interpolate across tags
mspc_t2,other__13,other,labelled,other__13:13,13,stream,1,1,,MspcAlignmentError: aligned coverage 0.661 below required 0.95; refusing to interpolate across tags
mspc_t2,other__13,other,labelled,other__13:14,14,stream,1,1,,MspcAlignmentError: aligned coverage 0.661 below required 0.95; refusing to interpolate across tags
mspc_t2,other__13,other,labelled,other__13:15,15,stream,1,1,,MspcAlignmentError: aligned coverage 0.661 below required 0.95; refusing to interpolate across tags
mspc_t2,other__13,other,labelled,other__13:16,16,stream,0,0,,MspcAlignmentError: aligned coverage 0.661 below required 0.95; refusing to interpolate across tags
mspc_t2,other__13,other,labelled,other__13:17,17,stream,0,0,,MspcAlignmentError: aligned coverage 0.661 below required 0.95; refusing to interpolate across tags
mspc_t2,other__13,other,labelled,other__13:18,18,stream,0,0,,MspcAlignmentError: aligned coverage 0.661 below required 0.95; refusing to interpolate across tags
mspc_t2,other__14,other,labelled,other__14:0,0,baseline,0,0,5.9338,
mspc_t2,other__14,other,labelled,other__14:1,1,baseline,0,0,5.2184,
mspc_t2,other__14,other,labelled,other__14:2,2,baseline,0,0,6.7437,
mspc_t2,other__14,other,labelled,other__14:3,3,stream,0,0,6.5302,
mspc_t2,other__14,other,labelled,other__14:4,4,stream,0,0,10.1547,
mspc_t2,other__14,other,labelled,other__14:5,5,stream,0,0,10.4045,
mspc_t2,other__14,other,labelled,other__14:6,6,stream,0,0,23.1122,
mspc_t2,other__14,other,labelled,other__14:7,7,stream,0,0,21.219,
mspc_t2,other__14,other,labelled,other__14:8,8,stream,0,0,12.5039,
mspc_t2,other__14,other,labelled,other__14:9,9,stream,0,0,,MspcAlignmentError: aligned coverage 0.933 below required 0.95; refusing to interpolate across tags
mspc_t2,other__14,other,labelled,other__14:10,10,stream,1,1,71868.9515,
mspc_t2,other__14,other,labelled,other__14:11,11,stream,1,1,224665.9024,
mspc_t2,other__14,other,labelled,other__14:12,12,stream,1,1,230861.374,
mspc_t2,other__14,other,labelled,other__14:13,13,stream,1,1,225593.3852,
mspc_t2,other__14,other,labelled,other__14:14,14,stream,1,1,223191.8458,
mspc_t2,other__14,other,labelled,other__14:15,15,stream,1,0,,MspcAlignmentError: aligned coverage 0.817 below required 0.95; refusing to interpolate across tags
mspc_t2,other__2,other,labelled,other__2:0,0,baseline,0,0,,"every stream window refused, so no fitted model scores the baseline"
mspc_t2,other__2,other,labelled,other__2:1,1,baseline,0,0,,"every stream window refused, so no fitted model scores the baseline"
mspc_t2,other__2,other,labelled,other__2:2,2,baseline,0,0,,"every stream window refused, so no fitted model scores the baseline"
mspc_t2,other__2,other,labelled,other__2:3,3,stream,0,0,,MspcAlignmentError: aligned coverage 0.578 below required 0.95; refusing to interpolate across tags
mspc_t2,other__2,other,labelled,other__2:4,4,stream,0,0,,MspcAlignmentError: aligned coverage 0.578 below required 0.95; refusing to interpolate across tags
mspc_t2,other__2,other,labelled,other__2:5,5,stream,1,1,,MspcAlignmentError: aligned coverage 0.578 below required 0.95; refusing to interpolate across tags
mspc_t2,other__2,other,labelled,other__2:6,6,stream,1,1,,MspcAlignmentError: aligned coverage 0.578 below required 0.95; refusing to interpolate across tags
mspc_t2,other__2,other,labelled,other__2:7,7,stream,1,1,,MspcAlignmentError: aligned coverage 0.578 below required 0.95; refusing to interpolate across tags
mspc_t2,other__2,other,labelled,other__2:8,8,stream,1,1,,MspcAlignmentError: aligned coverage 0.578 below required 0.95; refusing to interpolate across tags
mspc_t2,other__2,other,labelled,other__2:9,9,stream,1,1,,MspcAlignmentError: aligned coverage 0.578 below required 0.95; refusing to interpolate across tags
mspc_t2,other__2,other,labelled,other__2:10,10,stream,1,1,,MspcAlignmentError: aligned coverage 0.578 below required 0.95; refusing to interpolate across tags
mspc_t2,other__2,other,labelled,other__2:11,11,stream,1,1,,MspcAlignmentError: aligned coverage 0.578 below required 0.95; refusing to interpolate across tags
mspc_t2,other__2,other,labelled,other__2:12,12,stream,1,1,,MspcAlignmentError: aligned coverage 0.578 below required 0.95; refusing to interpolate across tags
mspc_t2,other__2,other,labelled,other__2:13,13,stream,0,0,,MspcAlignmentError: aligned coverage 0.578 below required 0.95; refusing to interpolate across tags
mspc_t2,other__2,other,labelled,other__2:14,14,stream,0,0,,MspcAlignmentError: aligned coverage 0.578 below required 0.95; refusing to interpolate across tags
mspc_t2,other__2,other,labelled,other__2:15,15,stream,0,0,,MspcAlignmentError: aligned coverage 0.578 below required 0.95; refusing to interpolate across tags
mspc_t2,other__2,other,labelled,other__2:16,16,stream,0,0,,MspcAlignmentError: aligned coverage 0.578 below required 0.95; refusing to interpolate across tags
mspc_t2,other__2,other,labelled,other__2:17,17,stream,0,0,,MspcAlignmentError: aligned coverage 0.578 below required 0.95; refusing to interpolate across tags
mspc_t2,other__3,other,labelled,other__3:0,0,baseline,0,0,7.9977,
mspc_t2,other__3,other,labelled,other__3:1,1,baseline,0,0,6.752,
mspc_t2,other__3,other,labelled,other__3:2,2,baseline,0,0,6.0941,
mspc_t2,other__3,other,labelled,other__3:3,3,stream,0,0,7.3919,
mspc_t2,other__3,other,labelled,other__3:4,4,stream,0,0,26.7764,
mspc_t2,other__3,other,labelled,other__3:5,5,stream,0,0,21.1629,
mspc_t2,other__3,other,labelled,other__3:6,6,stream,0,0,,MspcAlignmentError: aligned coverage 0.933 below required 0.95; refusing to interpolate across tags
mspc_t2,other__3,other,labelled,other__3:7,7,stream,0,0,13.8781,
mspc_t2,other__3,other,labelled,other__3:8,8,stream,0,0,26.8031,
mspc_t2,other__3,other,labelled,other__3:9,9,stream,1,0,12.5948,
mspc_t2,other__3,other,labelled,other__3:10,10,stream,1,1,35.205,
mspc_t2,other__3,other,labelled,other__3:11,11,stream,1,1,55.0935,
mspc_t2,other__3,other,labelled,other__3:12,12,stream,1,1,,MspcAlignmentError: aligned coverage 0.933 below required 0.95; refusing to interpolate across tags
mspc_t2,other__3,other,labelled,other__3:13,13,stream,1,1,40.6376,
mspc_t2,other__3,other,labelled,other__3:14,14,stream,1,1,,MspcAlignmentError: aligned coverage 0.933 below required 0.95; refusing to interpolate across tags
mspc_t2,other__3,other,labelled,other__3:15,15,stream,1,1,55.4698,
mspc_t2,other__3,other,labelled,other__3:16,16,stream,1,1,47.4201,
mspc_t2,other__3,other,labelled,other__3:17,17,stream,0,0,52.5788,
mspc_t2,other__3,other,labelled,other__3:18,18,stream,0,0,49.7194,
mspc_t2,other__3,other,labelled,other__3:19,19,stream,0,0,,MspcAlignmentError: aligned coverage 0.933 below required 0.95; refusing to interpolate across tags
mspc_t2,other__4,other,labelled,other__4:0,0,baseline,0,0,6.0997,
mspc_t2,other__4,other,labelled,other__4:1,1,baseline,0,0,6.4673,
mspc_t2,other__4,other,labelled,other__4:2,2,baseline,0,0,5.3278,
mspc_t2,other__4,other,labelled,other__4:3,3,stream,0,0,11.2648,
mspc_t2,other__4,other,labelled,other__4:4,4,stream,0,0,,MspcAlignmentError: aligned coverage 0.933 below required 0.95; refusing to interpolate across tags
mspc_t2,other__4,other,labelled,other__4:5,5,stream,0,0,37.2824,
mspc_t2,other__4,other,labelled,other__4:6,6,stream,0,0,32.3379,
mspc_t2,other__4,other,labelled,other__4:7,7,stream,0,0,9.0545,
mspc_t2,other__4,other,labelled,other__4:8,8,stream,0,0,9.3002,
mspc_t2,other__4,other,labelled,other__4:9,9,stream,0,0,37.2593,
mspc_t2,other__4,other,labelled,other__4:10,10,stream,0,0,45.5519,
mspc_t2,other__4,other,labelled,other__4:11,11,stream,0,0,,MspcAlignmentError: aligned coverage 0.933 below required 0.95; refusing to interpolate across tags
mspc_t2,other__4,other,labelled,other__4:12,12,stream,0,0,13.5357,
mspc_t2,other__4,other,labelled,other__4:13,13,stream,0,0,11.3311,
mspc_t2,other__4,other,labelled,other__4:14,14,stream,1,1,,MspcAlignmentError: aligned coverage 0.933 below required 0.95; refusing to interpolate across tags
mspc_t2,other__4,other,labelled,other__4:15,15,stream,1,1,45.9874,
mspc_t2,other__4,other,labelled,other__4:16,16,stream,1,1,34.1246,
mspc_t2,other__4,other,labelled,other__4:17,17,stream,1,1,26.9596,
mspc_t2,other__4,other,labelled,other__4:18,18,stream,1,1,22.5558,
mspc_t2,other__4,other,labelled,other__4:19,19,stream,1,1,33.7766,
mspc_t2,other__4,other,labelled,other__4:20,20,stream,1,1,,MspcAlignmentError: aligned coverage 0.900 below required 0.95; refusing to interpolate across tags
mspc_t2,other__5,other,labelled,other__5:0,0,baseline,0,0,6.5084,
mspc_t2,other__5,other,labelled,other__5:1,1,baseline,0,0,7.0059,
mspc_t2,other__5,other,labelled,other__5:2,2,baseline,0,0,7.3629,
mspc_t2,other__5,other,labelled,other__5:3,3,stream,0,0,15.8654,
mspc_t2,other__5,other,labelled,other__5:4,4,stream,0,0,21.8634,
mspc_t2,other__5,other,labelled,other__5:5,5,stream,0,0,26.4733,
mspc_t2,other__5,other,labelled,other__5:6,6,stream,0,0,72.2357,
mspc_t2,other__5,other,labelled,other__5:7,7,stream,0,0,21.449,
mspc_t2,other__5,other,labelled,other__5:8,8,stream,0,0,15.3358,
mspc_t2,other__5,other,labelled,other__5:9,9,stream,0,0,25.6579,
mspc_t2,other__5,other,labelled,other__5:10,10,stream,1,1,133198.8636,
mspc_t2,other__5,other,labelled,other__5:11,11,stream,1,1,126091.4056,
mspc_t2,other__5,other,labelled,other__5:12,12,stream,1,1,121393.0499,
mspc_t2,other__5,other,labelled,other__5:13,13,stream,1,1,112950.1345,
mspc_t2,other__5,other,labelled,other__5:14,14,stream,1,1,110762.2739,
mspc_t2,other__5,other,labelled,other__5:15,15,stream,1,1,110833.0978,
mspc_t2,other__5,other,labelled,other__5:16,16,stream,1,1,109225.7304,
mspc_t2,other__5,other,labelled,other__5:17,17,stream,1,0,17831.4686,
mspc_t2,other__5,other,labelled,other__5:18,18,stream,0,0,433.0696,
mspc_t2,other__5,other,labelled,other__5:19,19,stream,0,0,498.2873,
mspc_t2,other__5,other,labelled,other__5:20,20,stream,0,0,,MspcAlignmentError: aligned coverage 0.150 below required 0.95; refusing to interpolate across tags
mspc_t2,other__6,other,labelled,other__6:0,0,baseline,0,0,5.6399,
mspc_t2,other__6,other,labelled,other__6:1,1,baseline,0,0,5.6211,
mspc_t2,other__6,other,labelled,other__6:2,2,baseline,0,0,6.6401,
mspc_t2,other__6,other,labelled,other__6:3,3,stream,0,0,5.7724,
mspc_t2,other__6,other,labelled,other__6:4,4,stream,0,0,4.9875,
mspc_t2,other__6,other,labelled,other__6:5,5,stream,0,0,5.8652,
mspc_t2,other__6,other,labelled,other__6:6,6,stream,0,0,6.4622,
mspc_t2,other__6,other,labelled,other__6:7,7,stream,0,0,10.9788,
mspc_t2,other__6,other,labelled,other__6:8,8,stream,0,0,7.8134,
mspc_t2,other__6,other,labelled,other__6:9,9,stream,0,0,10.2483,
mspc_t2,other__6,other,labelled,other__6:10,10,stream,1,1,15857.216,
mspc_t2,other__6,other,labelled,other__6:11,11,stream,1,1,81857.7876,
mspc_t2,other__6,other,labelled,other__6:12,12,stream,1,1,80661.2269,
mspc_t2,other__6,other,labelled,other__6:13,13,stream,1,1,80260.6405,
mspc_t2,other__6,other,labelled,other__6:14,14,stream,1,1,80097.9362,
mspc_t2,other__6,other,labelled,other__6:15,15,stream,1,1,79407.1728,
mspc_t2,other__6,other,labelled,other__6:16,16,stream,1,1,18990.8453,
mspc_t2,other__6,other,labelled,other__6:17,17,stream,1,0,41.4096,
mspc_t2,other__6,other,labelled,other__6:18,18,stream,0,0,20.2651,
mspc_t2,other__6,other,labelled,other__6:19,19,stream,0,0,22.7578,
mspc_t2,other__6,other,labelled,other__6:20,20,stream,0,0,,MspcAlignmentError: aligned coverage 0.017 below required 0.95; refusing to interpolate across tags
mspc_t2,other__7,other,labelled,other__7:0,0,baseline,0,0,5.2876,
mspc_t2,other__7,other,labelled,other__7:1,1,baseline,0,0,5.7199,
mspc_t2,other__7,other,labelled,other__7:2,2,baseline,0,0,6.8997,
mspc_t2,other__7,other,labelled,other__7:3,3,stream,0,0,15.7202,
mspc_t2,other__7,other,labelled,other__7:4,4,stream,0,0,20.141,
mspc_t2,other__7,other,labelled,other__7:5,5,stream,0,0,11.0075,
mspc_t2,other__7,other,labelled,other__7:6,6,stream,0,0,30.1376,
mspc_t2,other__7,other,labelled,other__7:7,7,stream,0,0,33.2916,
mspc_t2,other__7,other,labelled,other__7:8,8,stream,0,0,10.5396,
mspc_t2,other__7,other,labelled,other__7:9,9,stream,0,0,11.806,
mspc_t2,other__7,other,labelled,other__7:10,10,stream,1,1,5080.6131,
mspc_t2,other__7,other,labelled,other__7:11,11,stream,1,1,22516.6391,
mspc_t2,other__7,other,labelled,other__7:12,12,stream,1,1,37515.2334,
mspc_t2,other__7,other,labelled,other__7:13,13,stream,1,1,37354.247,
mspc_t2,other__7,other,labelled,other__7:14,14,stream,1,1,37207.9095,
mspc_t2,other__7,other,labelled,other__7:15,15,stream,1,1,13722.5985,
mspc_t2,other__7,other,labelled,other__7:16,16,stream,1,0,74.8852,
mspc_t2,other__7,other,labelled,other__7:17,17,stream,0,0,44.179,
mspc_t2,other__7,other,labelled,other__7:18,18,stream,0,0,35.4258,
mspc_t2,other__7,other,labelled,other__7:19,19,stream,0,0,,MspcAlignmentError: aligned coverage 0.033 below required 0.95; refusing to interpolate across tags
mspc_t2,other__8,other,labelled,other__8:0,0,baseline,0,0,7.1673,
mspc_t2,other__8,other,labelled,other__8:1,1,baseline,0,0,5.7243,
mspc_t2,other__8,other,labelled,other__8:2,2,baseline,0,0,7.9856,
mspc_t2,other__8,other,labelled,other__8:3,3,stream,0,0,9.2281,
mspc_t2,other__8,other,labelled,other__8:4,4,stream,0,0,8.1484,
mspc_t2,other__8,other,labelled,other__8:5,5,stream,0,0,8.8141,
mspc_t2,other__8,other,labelled,other__8:6,6,stream,0,0,17.1252,
mspc_t2,other__8,other,labelled,other__8:7,7,stream,0,0,19.6587,
mspc_t2,other__8,other,labelled,other__8:8,8,stream,0,0,16.3694,
mspc_t2,other__8,other,labelled,other__8:9,9,stream,0,0,16.0934,
mspc_t2,other__8,other,labelled,other__8:10,10,stream,1,1,708.3692,
mspc_t2,other__8,other,labelled,other__8:11,11,stream,1,1,50.2781,
mspc_t2,other__8,other,labelled,other__8:12,12,stream,1,1,52.9323,
mspc_t2,other__8,other,labelled,other__8:13,13,stream,1,1,21.3632,
mspc_t2,other__8,other,labelled,other__8:14,14,stream,1,1,31.4504,
mspc_t2,other__8,other,labelled,other__8:15,15,stream,1,1,39.6975,
mspc_t2,other__8,other,labelled,other__8:16,16,stream,1,1,85.9387,
mspc_t2,other__8,other,labelled,other__8:17,17,stream,1,0,1314.4374,
mspc_t2,other__8,other,labelled,other__8:18,18,stream,0,0,182.7017,
mspc_t2,other__8,other,labelled,other__8:19,19,stream,0,0,50.5785,
mspc_t2,other__8,other,labelled,other__8:20,20,stream,0,0,,MspcAlignmentError: aligned coverage 0.050 below required 0.95; refusing to interpolate across tags
mspc_t2,other__9,other,labelled,other__9:0,0,baseline,0,0,5.5506,
mspc_t2,other__9,other,labelled,other__9:1,1,baseline,0,0,5.2575,
mspc_t2,other__9,other,labelled,other__9:2,2,baseline,0,0,7.0945,
mspc_t2,other__9,other,labelled,other__9:3,3,stream,0,0,7.0232,
mspc_t2,other__9,other,labelled,other__9:4,4,stream,0,0,8.6845,
mspc_t2,other__9,other,labelled,other__9:5,5,stream,0,0,8.8297,
mspc_t2,other__9,other,labelled,other__9:6,6,stream,0,0,10.7328,
mspc_t2,other__9,other,labelled,other__9:7,7,stream,0,0,11.9942,
mspc_t2,other__9,other,labelled,other__9:8,8,stream,0,0,13.6889,
mspc_t2,other__9,other,labelled,other__9:9,9,stream,1,0,27.4129,
mspc_t2,other__9,other,labelled,other__9:10,10,stream,1,1,4413.8786,
mspc_t2,other__9,other,labelled,other__9:11,11,stream,1,1,35287.6986,
mspc_t2,other__9,other,labelled,other__9:12,12,stream,1,1,35562.3522,
mspc_t2,other__9,other,labelled,other__9:13,13,stream,1,1,34514.5855,
mspc_t2,other__9,other,labelled,other__9:14,14,stream,1,1,34312.9567,
mspc_t2,other__9,other,labelled,other__9:15,15,stream,1,1,34156.5779,
mspc_t2,other__9,other,labelled,other__9:16,16,stream,1,1,18815.737,
mspc_t2,other__9,other,labelled,other__9:17,17,stream,0,0,66.0148,
mspc_t2,other__9,other,labelled,other__9:18,18,stream,0,0,,MspcAlignmentError: aligned coverage 0.933 below required 0.95; refusing to interpolate across tags
mspc_t2,other__9,other,labelled,other__9:19,19,stream,0,0,73.3777,
mspc_t2,valve1__0,valve1,labelled,valve1__0:0,0,baseline,0,0,6.7341,
mspc_t2,valve1__0,valve1,labelled,valve1__0:1,1,baseline,0,0,5.6003,
mspc_t2,valve1__0,valve1,labelled,valve1__0:2,2,baseline,0,0,5.5475,
mspc_t2,valve1__0,valve1,labelled,valve1__0:3,3,stream,0,0,16.3635,
mspc_t2,valve1__0,valve1,labelled,valve1__0:4,4,stream,0,0,35.3561,
mspc_t2,valve1__0,valve1,labelled,valve1__0:5,5,stream,0,0,63.9193,
mspc_t2,valve1__0,valve1,labelled,valve1__0:6,6,stream,0,0,43.8847,
mspc_t2,valve1__0,valve1,labelled,valve1__0:7,7,stream,0,0,33.3521,
mspc_t2,valve1__0,valve1,labelled,valve1__0:8,8,stream,0,0,50.4597,
mspc_t2,valve1__0,valve1,labelled,valve1__0:9,9,stream,0,0,48.6974,
mspc_t2,valve1__0,valve1,labelled,valve1__0:10,10,stream,1,1,83.4875,
mspc_t2,valve1__0,valve1,labelled,valve1__0:11,11,stream,1,1,619.1892,
mspc_t2,valve1__0,valve1,labelled,valve1__0:12,12,stream,1,1,1047.9401,
mspc_t2,valve1__0,valve1,labelled,valve1__0:13,13,stream,1,1,746.8121,
mspc_t2,valve1__0,valve1,labelled,valve1__0:14,14,stream,1,1,629.7876,
mspc_t2,valve1__0,valve1,labelled,valve1__0:15,15,stream,1,1,565.2078,
mspc_t2,valve1__0,valve1,labelled,valve1__0:16,16,stream,1,1,473.5415,
mspc_t2,valve1__0,valve1,labelled,valve1__0:17,17,stream,0,0,564.593,
mspc_t2,valve1__0,valve1,labelled,valve1__0:18,18,stream,0,0,721.55,
mspc_t2,valve1__0,valve1,labelled,valve1__0:19,19,stream,0,0,627.0438,
mspc_t2,valve1__1,valve1,labelled,valve1__1:0,0,baseline,0,0,5.0155,
mspc_t2,valve1__1,valve1,labelled,valve1__1:1,1,baseline,0,0,4.4689,
mspc_t2,valve1__1,valve1,labelled,valve1__1:2,2,baseline,0,0,5.4279,
mspc_t2,valve1__1,valve1,labelled,valve1__1:3,3,stream,0,0,12.6093,
mspc_t2,valve1__1,valve1,labelled,valve1__1:4,4,stream,0,0,95.9312,
mspc_t2,valve1__1,valve1,labelled,valve1__1:5,5,stream,0,0,61.5913,
mspc_t2,valve1__1,valve1,labelled,valve1__1:6,6,stream,0,0,38.0412,
mspc_t2,valve1__1,valve1,labelled,valve1__1:7,7,stream,0,0,14.5219,
mspc_t2,valve1__1,valve1,labelled,valve1__1:8,8,stream,0,0,15.3285,
mspc_t2,valve1__1,valve1,labelled,valve1__1:9,9,stream,0,0,18.7319,
mspc_t2,valve1__1,valve1,labelled,valve1__1:10,10,stream,1,1,30.8908,
mspc_t2,valve1__1,valve1,labelled,valve1__1:11,11,stream,1,1,21.5836,
mspc_t2,valve1__1,valve1,labelled,valve1__1:12,12,stream,1,1,14.2555,
mspc_t2,valve1__1,valve1,labelled,valve1__1:13,13,stream,1,1,8.2811,
mspc_t2,valve1__1,valve1,labelled,valve1__1:14,14,stream,1,1,8.6259,
mspc_t2,valve1__1,valve1,labelled,valve1__1:15,15,stream,1,1,91.4653,
mspc_t2,valve1__1,valve1,labelled,valve1__1:16,16,stream,1,1,149.7893,
mspc_t2,valve1__1,valve1,labelled,valve1__1:17,17,stream,1,0,79.4178,
mspc_t2,valve1__1,valve1,labelled,valve1__1:18,18,stream,0,0,47.779,
mspc_t2,valve1__1,valve1,labelled,valve1__1:19,19,stream,0,0,23.5917,
mspc_t2,valve1__1,valve1,labelled,valve1__1:20,20,stream,0,0,,MspcAlignmentError: aligned coverage 0.017 below required 0.95; refusing to interpolate across tags
mspc_t2,valve1__10,valve1,labelled,valve1__10:0,0,baseline,0,0,6.8784,
mspc_t2,valve1__10,valve1,labelled,valve1__10:1,1,baseline,0,0,5.7201,
mspc_t2,valve1__10,valve1,labelled,valve1__10:2,2,baseline,0,0,8.2566,
mspc_t2,valve1__10,valve1,labelled,valve1__10:3,3,stream,0,0,15.6759,
mspc_t2,valve1__10,valve1,labelled,valve1__10:4,4,stream,0,0,13.4276,
mspc_t2,valve1__10,valve1,labelled,valve1__10:5,5,stream,0,0,16.4015,
mspc_t2,valve1__10,valve1,labelled,valve1__10:6,6,stream,0,0,17.9684,
mspc_t2,valve1__10,valve1,labelled,valve1__10:7,7,stream,0,0,16.8938,
mspc_t2,valve1__10,valve1,labelled,valve1__10:8,8,stream,0,0,27.7147,
mspc_t2,valve1__10,valve1,labelled,valve1__10:9,9,stream,0,0,35.9678,
mspc_t2,valve1__10,valve1,labelled,valve1__10:10,10,stream,1,1,28.6163,
mspc_t2,valve1__10,valve1,labelled,valve1__10:11,11,stream,1,1,51.9185,
mspc_t2,valve1__10,valve1,labelled,valve1__10:12,12,stream,1,1,70.7894,
mspc_t2,valve1__10,valve1,labelled,valve1__10:13,13,stream,1,1,65.727,
mspc_t2,valve1__10,valve1,labelled,valve1__10:14,14,stream,1,1,48.2516,
mspc_t2,valve1__10,valve1,labelled,valve1__10:15,15,stream,1,1,52.2575,
mspc_t2,valve1__10,valve1,labelled,valve1__10:16,16,stream,1,1,17.1222,
mspc_t2,valve1__10,valve1,labelled,valve1__10:17,17,stream,0,0,13.6965,
mspc_t2,valve1__10,valve1,labelled,valve1__10:18,18,stream,0,0,17.8463,
mspc_t2,valve1__10,valve1,labelled,valve1__10:19,19,stream,0,0,21.0278,
mspc_t2,valve1__11,valve1,labelled,valve1__11:0,0,baseline,0,0,5.4484,
mspc_t2,valve1__11,valve1,labelled,valve1__11:1,1,baseline,0,0,5.7328,
mspc_t2,valve1__11,valve1,labelled,valve1__11:2,2,baseline,0,0,6.7233,
mspc_t2,valve1__11,valve1,labelled,valve1__11:3,3,stream,0,0,24.0097,
mspc_t2,valve1__11,valve1,labelled,valve1__11:4,4,stream,0,0,96.8347,
mspc_t2,valve1__11,valve1,labelled,valve1__11:5,5,stream,0,0,89.2542,
mspc_t2,valve1__11,valve1,labelled,valve1__11:6,6,stream,0,0,53.4667,
mspc_t2,valve1__11,valve1,labelled,valve1__11:7,7,stream,0,0,71.8657,
mspc_t2,valve1__11,valve1,labelled,valve1__11:8,8,stream,0,0,37.1493,
mspc_t2,valve1__11,valve1,labelled,valve1__11:9,9,stream,0,0,14.2743,
mspc_t2,valve1__11,valve1,labelled,valve1__11:10,10,stream,1,1,6.5415,
mspc_t2,valve1__11,valve1,labelled,valve1__11:11,11,stream,1,1,9.3299,
mspc_t2,valve1__11,valve1,labelled,valve1__11:12,12,stream,1,1,,MspcAlignmentError: aligned coverage 0.933 below required 0.95; refusing to interpolate across tags
mspc_t2,valve1__11,valve1,labelled,valve1__11:13,13,stream,1,1,28.5891,
mspc_t2,valve1__11,valve1,labelled,valve1__11:14,14,stream,1,1,24.315,
mspc_t2,valve1__11,valve1,labelled,valve1__11:15,15,stream,1,1,7.2639,
mspc_t2,valve1__11,valve1,labelled,valve1__11:16,16,stream,1,1,6.3284,
mspc_t2,valve1__11,valve1,labelled,valve1__11:17,17,stream,1,0,25.1635,
mspc_t2,valve1__11,valve1,labelled,valve1__11:18,18,stream,0,0,,MspcAlignmentError: aligned coverage 0.933 below required 0.95; refusing to interpolate across tags
mspc_t2,valve1__11,valve1,labelled,valve1__11:19,19,stream,0,0,15.9239,
mspc_t2,valve1__11,valve1,labelled,valve1__11:20,20,stream,0,0,,MspcAlignmentError: aligned coverage 0.017 below required 0.95; refusing to interpolate across tags
mspc_t2,valve1__12,valve1,labelled,valve1__12:0,0,baseline,0,0,7.7085,
mspc_t2,valve1__12,valve1,labelled,valve1__12:1,1,baseline,0,0,5.9234,
mspc_t2,valve1__12,valve1,labelled,valve1__12:2,2,baseline,0,0,7.2453,
mspc_t2,valve1__12,valve1,labelled,valve1__12:3,3,stream,0,0,6.2812,
mspc_t2,valve1__12,valve1,labelled,valve1__12:4,4,stream,0,0,12.5139,
mspc_t2,valve1__12,valve1,labelled,valve1__12:5,5,stream,0,0,12.8705,
mspc_t2,valve1__12,valve1,labelled,valve1__12:6,6,stream,0,0,10.2268,
mspc_t2,valve1__12,valve1,labelled,valve1__12:7,7,stream,0,0,49.2427,
mspc_t2,valve1__12,valve1,labelled,valve1__12:8,8,stream,0,0,297.0054,
mspc_t2,valve1__12,valve1,labelled,valve1__12:9,9,stream,0,0,471.0775,
mspc_t2,valve1__12,valve1,labelled,valve1__12:10,10,stream,1,1,341.2468,
mspc_t2,valve1__12,valve1,labelled,valve1__12:11,11,stream,1,1,298.8695,
mspc_t2,valve1__12,valve1,labelled,valve1__12:12,12,stream,1,1,245.6744,
mspc_t2,valve1__12,valve1,labelled,valve1__12:13,13,stream,1,1,169.7006,
mspc_t2,valve1__12,valve1,labelled,valve1__12:14,14,stream,1,1,149.2877,
mspc_t2,valve1__12,valve1,labelled,valve1__12:15,15,stream,1,1,111.7372,
mspc_t2,valve1__12,valve1,labelled,valve1__12:16,16,stream,1,1,,MspcAlignmentError: aligned coverage 0.933 below required 0.95; refusing to interpolate across tags
mspc_t2,valve1__12,valve1,labelled,valve1__12:17,17,stream,1,0,57.0012,
mspc_t2,valve1__12,valve1,labelled,valve1__12:18,18,stream,0,0,,MspcAlignmentError: aligned coverage 0.933 below required 0.95; refusing to interpolate across tags
mspc_t2,valve1__12,valve1,labelled,valve1__12:19,19,stream,0,0,40.0434,
mspc_t2,valve1__12,valve1,labelled,valve1__12:20,20,stream,0,0,,MspcAlignmentError: aligned coverage 0.017 below required 0.95; refusing to interpolate across tags
mspc_t2,valve1__13,valve1,labelled,valve1__13:0,0,baseline,0,0,6.7345,
mspc_t2,valve1__13,valve1,labelled,valve1__13:1,1,baseline,0,0,5.0205,
mspc_t2,valve1__13,valve1,labelled,valve1__13:2,2,baseline,0,0,6.1398,
mspc_t2,valve1__13,valve1,labelled,valve1__13:3,3,stream,0,0,10.9482,
mspc_t2,valve1__13,valve1,labelled,valve1__13:4,4,stream,0,0,7.3582,
mspc_t2,valve1__13,valve1,labelled,valve1__13:5,5,stream,0,0,7.3123,
mspc_t2,valve1__13,valve1,labelled,valve1__13:6,6,stream,0,0,6.134,
mspc_t2,valve1__13,valve1,labelled,valve1__13:7,7,stream,0,0,9.7919,
mspc_t2,valve1__13,valve1,labelled,valve1__13:8,8,stream,0,0,6.8727,
mspc_t2,valve1__13,valve1,labelled,valve1__13:9,9,stream,0,0,7.3942,
mspc_t2,valve1__13,valve1,labelled,valve1__13:10,10,stream,1,1,49.9063,
mspc_t2,valve1__13,valve1,labelled,valve1__13:11,11,stream,1,1,324.7558,
mspc_t2,valve1__13,valve1,labelled,valve1__13:12,12,stream,1,1,327.7221,
mspc_t2,valve1__13,valve1,labelled,valve1__13:13,13,stream,1,1,348.2585,
mspc_t2,valve1__13,valve1,labelled,valve1__13:14,14,stream,1,1,335.9937,
mspc_t2,valve1__13,valve1,labelled,valve1__13:15,15,stream,1,1,314.581,
mspc_t2,valve1__13,valve1,labelled,valve1__13:16,16,stream,1,1,46.1126,
mspc_t2,valve1__13,valve1,labelled,valve1__13:17,17,stream,0,0,12.5806,
mspc_t2,valve1__13,valve1,labelled,valve1__13:18,18,stream,0,0,13.9889,
mspc_t2,valve1__13,valve1,labelled,valve1__13:19,19,stream,0,0,7.9053,
mspc_t2,valve1__14,valve1,labelled,valve1__14:0,0,baseline,0,0,,"every stream window refused, so no fitted model scores the baseline"
mspc_t2,valve1__14,valve1,labelled,valve1__14:1,1,baseline,0,0,,"every stream window refused, so no fitted model scores the baseline"
mspc_t2,valve1__14,valve1,labelled,valve1__14:2,2,baseline,0,0,,"every stream window refused, so no fitted model scores the baseline"
mspc_t2,valve1__14,valve1,labelled,valve1__14:3,3,stream,0,0,,MspcAlignmentError: aligned coverage 0.944 below required 0.95; refusing to interpolate across tags
mspc_t2,valve1__14,valve1,labelled,valve1__14:4,4,stream,0,0,,MspcAlignmentError: aligned coverage 0.944 below required 0.95; refusing to interpolate across tags
mspc_t2,valve1__14,valve1,labelled,valve1__14:5,5,stream,0,0,,MspcAlignmentError: aligned coverage 0.944 below required 0.95; refusing to interpolate across tags
mspc_t2,valve1__14,valve1,labelled,valve1__14:6,6,stream,0,0,,MspcAlignmentError: aligned coverage 0.944 below required 0.95; refusing to interpolate across tags
mspc_t2,valve1__14,valve1,labelled,valve1__14:7,7,stream,0,0,,MspcAlignmentError: aligned coverage 0.944 below required 0.95; refusing to interpolate across tags
mspc_t2,valve1__14,valve1,labelled,valve1__14:8,8,stream,0,0,,MspcAlignmentError: aligned coverage 0.944 below required 0.95; refusing to interpolate across tags
mspc_t2,valve1__14,valve1,labelled,valve1__14:9,9,stream,0,0,,MspcAlignmentError: aligned coverage 0.944 below required 0.95; refusing to interpolate across tags
mspc_t2,valve1__14,valve1,labelled,valve1__14:10,10,stream,1,1,,MspcAlignmentError: aligned coverage 0.944 below required 0.95; refusing to interpolate across tags
mspc_t2,valve1__14,valve1,labelled,valve1__14:11,11,stream,1,1,,MspcAlignmentError: aligned coverage 0.944 below required 0.95; refusing to interpolate across tags
mspc_t2,valve1__14,valve1,labelled,valve1__14:12,12,stream,1,1,,MspcAlignmentError: aligned coverage 0.944 below required 0.95; refusing to interpolate across tags
mspc_t2,valve1__14,valve1,labelled,valve1__14:13,13,stream,1,1,,MspcAlignmentError: aligned coverage 0.944 below required 0.95; refusing to interpolate across tags
mspc_t2,valve1__14,valve1,labelled,valve1__14:14,14,stream,1,1,,MspcAlignmentError: aligned coverage 0.944 below required 0.95; refusing to interpolate across tags
mspc_t2,valve1__14,valve1,labelled,valve1__14:15,15,stream,1,1,,MspcAlignmentError: aligned coverage 0.944 below required 0.95; refusing to interpolate across tags
mspc_t2,valve1__14,valve1,labelled,valve1__14:16,16,stream,1,1,,MspcAlignmentError: aligned coverage 0.944 below required 0.95; refusing to interpolate across tags
mspc_t2,valve1__14,valve1,labelled,valve1__14:17,17,stream,0,0,,MspcAlignmentError: aligned coverage 0.944 below required 0.95; refusing to interpolate across tags
mspc_t2,valve1__14,valve1,labelled,valve1__14:18,18,stream,0,0,,MspcAlignmentError: aligned coverage 0.944 below required 0.95; refusing to interpolate across tags
mspc_t2,valve1__14,valve1,labelled,valve1__14:19,19,stream,0,0,,MspcAlignmentError: aligned coverage 0.944 below required 0.95; refusing to interpolate across tags
mspc_t2,valve1__15,valve1,labelled,valve1__15:0,0,baseline,0,0,6.9982,
mspc_t2,valve1__15,valve1,labelled,valve1__15:1,1,baseline,0,0,6.6227,
mspc_t2,valve1__15,valve1,labelled,valve1__15:2,2,baseline,0,0,7.2629,
mspc_t2,valve1__15,valve1,labelled,valve1__15:3,3,stream,0,0,24.3189,
mspc_t2,valve1__15,valve1,labelled,valve1__15:4,4,stream,0,0,26.3093,
mspc_t2,valve1__15,valve1,labelled,valve1__15:5,5,stream,0,0,35.8369,
mspc_t2,valve1__15,valve1,labelled,valve1__15:6,6,stream,0,0,62.9,
mspc_t2,valve1__15,valve1,labelled,valve1__15:7,7,stream,0,0,66.3571,
mspc_t2,valve1__15,valve1,labelled,valve1__15:8,8,stream,0,0,34.76,
mspc_t2,valve1__15,valve1,labelled,valve1__15:9,9,stream,0,0,226.6783,
mspc_t2,valve1__15,valve1,labelled,valve1__15:10,10,stream,1,1,714.9021,
mspc_t2,valve1__15,valve1,labelled,valve1__15:11,11,stream,1,1,1047.0297,
mspc_t2,valve1__15,valve1,labelled,valve1__15:12,12,stream,1,1,826.1253,
mspc_t2,valve1__15,valve1,labelled,valve1__15:13,13,stream,1,1,738.0382,
mspc_t2,valve1__15,valve1,labelled,valve1__15:14,14,stream,1,1,671.073,
mspc_t2,valve1__15,valve1,labelled,valve1__15:15,15,stream,1,1,549.3774,
mspc_t2,valve1__15,valve1,labelled,valve1__15:16,16,stream,1,1,91.3883,
mspc_t2,valve1__15,valve1,labelled,valve1__15:17,17,stream,1,0,66.2431,
mspc_t2,valve1__15,valve1,labelled,valve1__15:18,18,stream,0,0,52.3641,
mspc_t2,valve1__15,valve1,labelled,valve1__15:19,19,stream,0,0,56.0924,
mspc_t2,valve1__15,valve1,labelled,valve1__15:20,20,stream,0,0,,MspcAlignmentError: aligned coverage 0.017 below required 0.95; refusing to interpolate across tags
mspc_t2,valve1__2,valve1,labelled,valve1__2:0,0,baseline,0,0,6.1249,
mspc_t2,valve1__2,valve1,labelled,valve1__2:1,1,baseline,0,0,7.4841,
mspc_t2,valve1__2,valve1,labelled,valve1__2:2,2,baseline,0,0,7.2787,
mspc_t2,valve1__2,valve1,labelled,valve1__2:3,3,stream,0,0,12.5729,
mspc_t2,valve1__2,valve1,labelled,valve1__2:4,4,stream,0,0,11.7648,
mspc_t2,valve1__2,valve1,labelled,valve1__2:5,5,stream,0,0,23.5236,
mspc_t2,valve1__2,valve1,labelled,valve1__2:6,6,stream,0,0,49.6528,
mspc_t2,valve1__2,valve1,labelled,valve1__2:7,7,stream,0,0,355.0463,
mspc_t2,valve1__2,valve1,labelled,valve1__2:8,8,stream,0,0,607.4806,
mspc_t2,valve1__2,valve1,labelled,valve1__2:9,9,stream,0,0,,MspcAlignmentError: aligned coverage 0.817 below required 0.95; refusing to interpolate across tags
mspc_t2,valve1__2,valve1,labelled,valve1__2:10,10,stream,0,0,,MspcAlignmentError: aligned coverage 0.000 below required 0.95; refusing to interpolate across tags
mspc_t2,valve1__2,valve1,labelled,valve1__2:11,11,stream,1,1,,MspcAlignmentError: aligned coverage 0.850 below required 0.95; refusing to interpolate across tags
mspc_t2,valve1__2,valve1,labelled,valve1__2:12,12,stream,1,1,439.1082,
mspc_t2,valve1__2,valve1,labelled,valve1__2:13,13,stream,1,1,314.4905,
mspc_t2,valve1__2,valve1,labelled,valve1__2:14,14,stream,1,1,393.9967,
mspc_t2,valve1__2,valve1,labelled,valve1__2:15,15,stream,1,1,472.567,
mspc_t2,valve1__2,valve1,labelled,valve1__2:16,16,stream,1,1,401.3842,
mspc_t2,valve1__2,valve1,labelled,valve1__2:17,17,stream,0,0,353.3822,
mspc_t2,valve1__2,valve1,labelled,valve1__2:18,18,stream,0,0,332.1617,
mspc_t2,valve1__2,valve1,labelled,valve1__2:19,19,stream,0,0,253.3658,
mspc_t2,valve1__3,valve1,labelled,valve1__3:0,0,baseline,0,0,4.9912,
mspc_t2,valve1__3,valve1,labelled,valve1__3:1,1,baseline,0,0,5.0007,
mspc_t2,valve1__3,valve1,labelled,valve1__3:2,2,baseline,0,0,4.9204,
mspc_t2,valve1__3,valve1,labelled,valve1__3:3,3,stream,0,0,5.6107,
mspc_t2,valve1__3,valve1,labelled,valve1__3:4,4,stream,0,0,5.0975,
mspc_t2,valve1__3,valve1,labelled,valve1__3:5,5,stream,0,0,3.934,
mspc_t2,valve1__3,valve1,labelled,valve1__3:6,6,stream,0,0,2.8464,
mspc_t2,valve1__3,valve1,labelled,valve1__3:7,7,stream,0,0,4.4815,
mspc_t2,valve1__3,valve1,labelled,valve1__3:8,8,stream,0,0,4.9771,
mspc_t2,valve1__3,valve1,labelled,valve1__3:9,9,stream,0,0,4.9184,
mspc_t2,valve1__3,valve1,labelled,valve1__3:10,10,stream,1,1,4.5353,
mspc_t2,valve1__3,valve1,labelled,valve1__3:11,11,stream,1,1,4.4352,
mspc_t2,valve1__3,valve1,labelled,valve1__3:12,12,stream,1,1,4.9171,
mspc_t2,valve1__3,valve1,labelled,valve1__3:13,13,stream,1,1,5.7572,
mspc_t2,valve1__3,valve1,labelled,valve1__3:14,14,stream,1,1,6.1123,
mspc_t2,valve1__3,valve1,labelled,valve1__3:15,15,stream,1,1,6.9344,
mspc_t2,valve1__3,valve1,labelled,valve1__3:16,16,stream,1,1,5.55,
mspc_t2,valve1__3,valve1,labelled,valve1__3:17,17,stream,1,0,6.5222,
mspc_t2,valve1__3,valve1,labelled,valve1__3:18,18,stream,0,0,6.8593,
mspc_t2,valve1__3,valve1,labelled,valve1__3:19,19,stream,0,0,7.4109,
mspc_t2,valve1__3,valve1,labelled,valve1__3:20,20,stream,0,0,,MspcAlignmentError: aligned coverage 0.033 below required 0.95; refusing to interpolate across tags
mspc_t2,valve1__4,valve1,labelled,valve1__4:0,0,baseline,0,0,6.2723,
mspc_t2,valve1__4,valve1,labelled,valve1__4:1,1,baseline,0,0,4.78,
mspc_t2,valve1__4,valve1,labelled,valve1__4:2,2,baseline,0,0,6.8232,
mspc_t2,valve1__4,valve1,labelled,valve1__4:3,3,stream,0,0,,MspcAlignmentError: aligned coverage 0.933 below required 0.95; refusing to interpolate across tags
mspc_t2,valve1__4,valve1,labelled,valve1__4:4,4,stream,0,0,256.72,
mspc_t2,valve1__4,valve1,labelled,valve1__4:5,5,stream,0,0,373.4661,
mspc_t2,valve1__4,valve1,labelled,valve1__4:6,6,stream,0,0,226.677,
mspc_t2,valve1__4,valve1,labelled,valve1__4:7,7,stream,0,0,196.893,
mspc_t2,valve1__4,valve1,labelled,valve1__4:8,8,stream,0,0,131.8882,
mspc_t2,valve1__4,valve1,labelled,valve1__4:9,9,stream,0,0,90.9634,
mspc_t2,valve1__4,valve1,labelled,valve1__4:10,10,stream,1,1,105.281,
mspc_t2,valve1__4,valve1,labelled,valve1__4:11,11,stream,1,1,,MspcAlignmentError: aligned coverage 0.117 below required 0.95; refusing to interpolate across tags
mspc_t2,valve1__4,valve1,labelled,valve1__4:12,12,stream,1,1,,MspcAlignmentError: aligned coverage 0.933 below required 0.95; refusing to interpolate across tags
mspc_t2,valve1__4,valve1,labelled,valve1__4:13,13,stream,1,1,,MspcAlignmentError: aligned coverage 0.933 below required 0.95; refusing to interpolate across tags
mspc_t2,valve1__4,valve1,labelled,valve1__4:14,14,stream,1,1,71.7043,
mspc_t2,valve1__4,valve1,labelled,valve1__4:15,15,stream,1,1,120.3185,
mspc_t2,valve1__4,valve1,labelled,valve1__4:16,16,stream,1,1,120.9011,
mspc_t2,valve1__4,valve1,labelled,valve1__4:17,17,stream,0,0,106.8276,
mspc_t2,valve1__4,valve1,labelled,valve1__4:18,18,stream,0,0,104.2301,
mspc_t2,valve1__4,valve1,labelled,valve1__4:19,19,stream,0,0,143.6529,
mspc_t2,valve1__5,valve1,labelled,valve1__5:0,0,baseline,0,0,5.5516,
mspc_t2,valve1__5,valve1,labelled,valve1__5:1,1,baseline,0,0,5.4838,
mspc_t2,valve1__5,valve1,labelled,valve1__5:2,2,baseline,0,0,6.8523,
mspc_t2,valve1__5,valve1,labelled,valve1__5:3,3,stream,0,0,8.956,
mspc_t2,valve1__5,valve1,labelled,valve1__5:4,4,stream,0,0,23.0695,
mspc_t2,valve1__5,valve1,labelled,valve1__5:5,5,stream,0,0,32.7606,
mspc_t2,valve1__5,valve1,labelled,valve1__5:6,6,stream,0,0,21.7188,
mspc_t2,valve1__5,valve1,labelled,valve1__5:7,7,stream,0,0,21.5691,
mspc_t2,valve1__5,valve1,labelled,valve1__5:8,8,stream,0,0,20.1894,
mspc_t2,valve1__5,valve1,labelled,valve1__5:9,9,stream,0,0,13.9214,
mspc_t2,valve1__5,valve1,labelled,valve1__5:10,10,stream,1,1,32.785,
mspc_t2,valve1__5,valve1,labelled,valve1__5:11,11,stream,1,1,68.4644,
mspc_t2,valve1__5,valve1,labelled,valve1__5:12,12,stream,1,1,68.8549,
mspc_t2,valve1__5,valve1,labelled,valve1__5:13,13,stream,1,1,60.4978,
mspc_t2,valve1__5,valve1,labelled,valve1__5:14,14,stream,1,1,77.0866,
mspc_t2,valve1__5,valve1,labelled,valve1__5:15,15,stream,1,1,91.4626,
mspc_t2,valve1__5,valve1,labelled,valve1__5:16,16,stream,1,1,130.0412,
mspc_t2,valve1__5,valve1,labelled,valve1__5:17,17,stream,0,0,112.3858,
mspc_t2,valve1__5,valve1,labelled,valve1__5:18,18,stream,0,0,98.217,
mspc_t2,valve1__5,valve1,labelled,valve1__5:19,19,stream,0,0,129.6153,
mspc_t2,valve1__6,valve1,labelled,valve1__6:0,0,baseline,0,0,6.0905,
mspc_t2,valve1__6,valve1,labelled,valve1__6:1,1,baseline,0,0,5.838,
mspc_t2,valve1__6,valve1,labelled,valve1__6:2,2,baseline,0,0,5.9696,
mspc_t2,valve1__6,valve1,labelled,valve1__6:3,3,stream,0,0,15.0901,
mspc_t2,valve1__6,valve1,labelled,valve1__6:4,4,stream,0,0,206.6069,
mspc_t2,valve1__6,valve1,labelled,valve1__6:5,5,stream,0,0,166.4036,
mspc_t2,valve1__6,valve1,labelled,valve1__6:6,6,stream,0,0,114.5665,
mspc_t2,valve1__6,valve1,labelled,valve1__6:7,7,stream,0,0,136.4908,
mspc_t2,valve1__6,valve1,labelled,valve1__6:8,8,stream,0,0,148.3111,
mspc_t2,valve1__6,valve1,labelled,valve1__6:9,9,stream,0,0,134.1827,
mspc_t2,valve1__6,valve1,labelled,valve1__6:10,10,stream,1,1,145.4405,
mspc_t2,valve1__6,valve1,labelled,valve1__6:11,11,stream,1,1,124.3277,
mspc_t2,valve1__6,valve1,labelled,valve1__6:12,12,stream,1,1,106.8241,
mspc_t2,valve1__6,valve1,labelled,valve1__6:13,13,stream,1,1,149.2257,
mspc_t2,valve1__6,valve1,labelled,valve1__6:14,14,stream,1,1,166.5562,
mspc_t2,valve1__6,valve1,labelled,valve1__6:15,15,stream,1,1,147.9829,
mspc_t2,valve1__6,valve1,labelled,valve1__6:16,16,stream,1,1,180.7414,
mspc_t2,valve1__6,valve1,labelled,valve1__6:17,17,stream,1,0,195.4582,
mspc_t2,valve1__6,valve1,labelled,valve1__6:18,18,stream,0,0,193.4384,
mspc_t2,valve1__6,valve1,labelled,valve1__6:19,19,stream,0,0,204.4475,
mspc_t2,valve1__7,valve1,labelled,valve1__7:0,0,baseline,0,0,7.5929,
mspc_t2,valve1__7,valve1,labelled,valve1__7:1,1,baseline,0,0,6.984,
mspc_t2,valve1__7,valve1,labelled,valve1__7:2,2,baseline,0,0,6.3025,
mspc_t2,valve1__7,valve1,labelled,valve1__7:3,3,stream,0,0,7.5025,
mspc_t2,valve1__7,valve1,labelled,valve1__7:4,4,stream,0,0,10.0292,
mspc_t2,valve1__7,valve1,labelled,valve1__7:5,5,stream,0,0,10.6768,
mspc_t2,valve1__7,valve1,labelled,valve1__7:6,6,stream,0,0,18.4627,
mspc_t2,valve1__7,valve1,labelled,valve1__7:7,7,stream,0,0,15.2,
mspc_t2,valve1__7,valve1,labelled,valve1__7:8,8,stream,0,0,17.4359,
mspc_t2,valve1__7,valve1,labelled,valve1__7:9,9,stream,0,0,20.9538,
mspc_t2,valve1__7,valve1,labelled,valve1__7:10,10,stream,1,1,20.5315,
mspc_t2,valve1__7,valve1,labelled,valve1__7:11,11,stream,1,1,79.0961,
mspc_t2,valve1__7,valve1,labelled,valve1__7:12,12,stream,1,1,76.6898,
mspc_t2,valve1__7,valve1,labelled,valve1__7:13,13,stream,1,1,70.6405,
mspc_t2,valve1__7,valve1,labelled,valve1__7:14,14,stream,1,1,75.825,
mspc_t2,valve1__7,valve1,labelled,valve1__7:15,15,stream,1,1,86.0724,
mspc_t2,valve1__7,valve1,labelled,valve1__7:16,16,stream,1,1,29.3247,
mspc_t2,valve1__7,valve1,labelled,valve1__7:17,17,stream,1,0,,MspcAlignmentError: aligned coverage 0.317 below required 0.95; refusing to interpolate across tags
mspc_t2,valve1__7,valve1,labelled,valve1__7:18,18,stream,0,0,,MspcAlignmentError: aligned coverage 0.567 below required 0.95; refusing to interpolate across tags
mspc_t2,valve1__7,valve1,labelled,valve1__7:19,19,stream,0,0,33.4589,
mspc_t2,valve1__7,valve1,labelled,valve1__7:20,20,stream,0,0,,MspcAlignmentError: aligned coverage 0.017 below required 0.95; refusing to interpolate across tags
mspc_t2,valve1__8,valve1,labelled,valve1__8:0,0,baseline,0,0,4.4265,
mspc_t2,valve1__8,valve1,labelled,valve1__8:1,1,baseline,0,0,4.3091,
mspc_t2,valve1__8,valve1,labelled,valve1__8:2,2,baseline,0,0,6.1767,
mspc_t2,valve1__8,valve1,labelled,valve1__8:3,3,stream,0,0,6.2769,
mspc_t2,valve1__8,valve1,labelled,valve1__8:4,4,stream,0,0,3.9473,
mspc_t2,valve1__8,valve1,labelled,valve1__8:5,5,stream,0,0,7.9014,
mspc_t2,valve1__8,valve1,labelled,valve1__8:6,6,stream,0,0,9.8983,
mspc_t2,valve1__8,valve1,labelled,valve1__8:7,7,stream,0,0,6.0238,
mspc_t2,valve1__8,valve1,labelled,valve1__8:8,8,stream,0,0,5.336,
mspc_t2,valve1__8,valve1,labelled,valve1__8:9,9,stream,1,0,12.3514,
mspc_t2,valve1__8,valve1,labelled,valve1__8:10,10,stream,1,1,11.5661,
mspc_t2,valve1__8,valve1,labelled,valve1__8:11,11,stream,1,1,16.207,
mspc_t2,valve1__8,valve1,labelled,valve1__8:12,12,stream,1,1,30.7446,
mspc_t2,valve1__8,valve1,labelled,valve1__8:13,13,stream,1,1,31.9453,
mspc_t2,valve1__8,valve1,labelled,valve1__8:14,14,stream,1,1,35.9174,
mspc_t2,valve1__8,valve1,labelled,valve1__8:15,15,stream,1,1,38.9313,
mspc_t2,valve1__8,valve1,labelled,valve1__8:16,16,stream,1,1,27.9334,
mspc_t2,valve1__8,valve1,labelled,valve1__8:17,17,stream,0,0,38.405,
mspc_t2,valve1__8,valve1,labelled,valve1__8:18,18,stream,0,0,46.7725,
mspc_t2,valve1__8,valve1,labelled,valve1__8:19,19,stream,0,0,,MspcAlignmentError: aligned coverage 0.933 below required 0.95; refusing to interpolate across tags
mspc_t2,valve1__9,valve1,labelled,valve1__9:0,0,baseline,0,0,5.4955,
mspc_t2,valve1__9,valve1,labelled,valve1__9:1,1,baseline,0,0,4.9236,
mspc_t2,valve1__9,valve1,labelled,valve1__9:2,2,baseline,0,0,4.4845,
mspc_t2,valve1__9,valve1,labelled,valve1__9:3,3,stream,0,0,5.7171,
mspc_t2,valve1__9,valve1,labelled,valve1__9:4,4,stream,0,0,4.7585,
mspc_t2,valve1__9,valve1,labelled,valve1__9:5,5,stream,0,0,10.9504,
mspc_t2,valve1__9,valve1,labelled,valve1__9:6,6,stream,0,0,11.0657,
mspc_t2,valve1__9,valve1,labelled,valve1__9:7,7,stream,0,0,16.4549,
mspc_t2,valve1__9,valve1,labelled,valve1__9:8,8,stream,0,0,28.3132,
mspc_t2,valve1__9,valve1,labelled,valve1__9:9,9,stream,0,0,19.5023,
mspc_t2,valve1__9,valve1,labelled,valve1__9:10,10,stream,1,1,24.8505,
mspc_t2,valve1__9,valve1,labelled,valve1__9:11,11,stream,1,1,27.8892,
mspc_t2,valve1__9,valve1,labelled,valve1__9:12,12,stream,1,1,14.2529,
mspc_t2,valve1__9,valve1,labelled,valve1__9:13,13,stream,1,1,13.3744,
mspc_t2,valve1__9,valve1,labelled,valve1__9:14,14,stream,1,1,19.1886,
mspc_t2,valve1__9,valve1,labelled,valve1__9:15,15,stream,1,1,16.971,
mspc_t2,valve1__9,valve1,labelled,valve1__9:16,16,stream,1,1,37.9582,
mspc_t2,valve1__9,valve1,labelled,valve1__9:17,17,stream,1,0,38.6512,
mspc_t2,valve1__9,valve1,labelled,valve1__9:18,18,stream,0,0,21.8986,
mspc_t2,valve1__9,valve1,labelled,valve1__9:19,19,stream,0,0,16.9658,
mspc_t2,valve1__9,valve1,labelled,valve1__9:20,20,stream,0,0,,MspcAlignmentError: aligned coverage 0.017 below required 0.95; refusing to interpolate across tags
mspc_t2,valve2__0,valve2,labelled,valve2__0:0,0,baseline,0,0,,"every stream window refused, so no fitted model scores the baseline"
mspc_t2,valve2__0,valve2,labelled,valve2__0:1,1,baseline,0,0,,"every stream window refused, so no fitted model scores the baseline"
mspc_t2,valve2__0,valve2,labelled,valve2__0:2,2,baseline,0,0,,"every stream window refused, so no fitted model scores the baseline"
mspc_t2,valve2__0,valve2,labelled,valve2__0:3,3,stream,0,0,,MspcAlignmentError: aligned coverage 0.939 below required 0.95; refusing to interpolate across tags
mspc_t2,valve2__0,valve2,labelled,valve2__0:4,4,stream,0,0,,MspcAlignmentError: aligned coverage 0.939 below required 0.95; refusing to interpolate across tags
mspc_t2,valve2__0,valve2,labelled,valve2__0:5,5,stream,0,0,,MspcAlignmentError: aligned coverage 0.939 below required 0.95; refusing to interpolate across tags
mspc_t2,valve2__0,valve2,labelled,valve2__0:6,6,stream,0,0,,MspcAlignmentError: aligned coverage 0.939 below required 0.95; refusing to interpolate across tags
mspc_t2,valve2__0,valve2,labelled,valve2__0:7,7,stream,0,0,,MspcAlignmentError: aligned coverage 0.939 below required 0.95; refusing to interpolate across tags
mspc_t2,valve2__0,valve2,labelled,valve2__0:8,8,stream,0,0,,MspcAlignmentError: aligned coverage 0.939 below required 0.95; refusing to interpolate across tags
mspc_t2,valve2__0,valve2,labelled,valve2__0:9,9,stream,0,0,,MspcAlignmentError: aligned coverage 0.939 below required 0.95; refusing to interpolate across tags
mspc_t2,valve2__0,valve2,labelled,valve2__0:10,10,stream,1,1,,MspcAlignmentError: aligned coverage 0.939 below required 0.95; refusing to interpolate across tags
mspc_t2,valve2__0,valve2,labelled,valve2__0:11,11,stream,1,1,,MspcAlignmentError: aligned coverage 0.939 below required 0.95; refusing to interpolate across tags
mspc_t2,valve2__0,valve2,labelled,valve2__0:12,12,stream,1,1,,MspcAlignmentError: aligned coverage 0.939 below required 0.95; refusing to interpolate across tags
mspc_t2,valve2__0,valve2,labelled,valve2__0:13,13,stream,1,1,,MspcAlignmentError: aligned coverage 0.939 below required 0.95; refusing to interpolate across tags
mspc_t2,valve2__0,valve2,labelled,valve2__0:14,14,stream,1,1,,MspcAlignmentError: aligned coverage 0.939 below required 0.95; refusing to interpolate across tags
mspc_t2,valve2__0,valve2,labelled,valve2__0:15,15,stream,1,1,,MspcAlignmentError: aligned coverage 0.939 below required 0.95; refusing to interpolate across tags
mspc_t2,valve2__0,valve2,labelled,valve2__0:16,16,stream,1,1,,MspcAlignmentError: aligned coverage 0.939 below required 0.95; refusing to interpolate across tags
mspc_t2,valve2__0,valve2,labelled,valve2__0:17,17,stream,0,0,,MspcAlignmentError: aligned coverage 0.939 below required 0.95; refusing to interpolate across tags
mspc_t2,valve2__0,valve2,labelled,valve2__0:18,18,stream,0,0,,MspcAlignmentError: aligned coverage 0.939 below required 0.95; refusing to interpolate across tags
mspc_t2,valve2__0,valve2,labelled,valve2__0:19,19,stream,0,0,,MspcAlignmentError: aligned coverage 0.939 below required 0.95; refusing to interpolate across tags
mspc_t2,valve2__1,valve2,labelled,valve2__1:0,0,baseline,0,0,,"every stream window refused, so no fitted model scores the baseline"
mspc_t2,valve2__1,valve2,labelled,valve2__1:1,1,baseline,0,0,,"every stream window refused, so no fitted model scores the baseline"
mspc_t2,valve2__1,valve2,labelled,valve2__1:2,2,baseline,0,0,,"every stream window refused, so no fitted model scores the baseline"
mspc_t2,valve2__1,valve2,labelled,valve2__1:3,3,stream,0,0,,MspcAlignmentError: aligned coverage 0.933 below required 0.95; refusing to interpolate across tags
mspc_t2,valve2__1,valve2,labelled,valve2__1:4,4,stream,0,0,,MspcAlignmentError: aligned coverage 0.933 below required 0.95; refusing to interpolate across tags
mspc_t2,valve2__1,valve2,labelled,valve2__1:5,5,stream,0,0,,MspcAlignmentError: aligned coverage 0.933 below required 0.95; refusing to interpolate across tags
mspc_t2,valve2__1,valve2,labelled,valve2__1:6,6,stream,0,0,,MspcAlignmentError: aligned coverage 0.933 below required 0.95; refusing to interpolate across tags
mspc_t2,valve2__1,valve2,labelled,valve2__1:7,7,stream,0,0,,MspcAlignmentError: aligned coverage 0.933 below required 0.95; refusing to interpolate across tags
mspc_t2,valve2__1,valve2,labelled,valve2__1:8,8,stream,0,0,,MspcAlignmentError: aligned coverage 0.933 below required 0.95; refusing to interpolate across tags
mspc_t2,valve2__1,valve2,labelled,valve2__1:9,9,stream,0,0,,MspcAlignmentError: aligned coverage 0.933 below required 0.95; refusing to interpolate across tags
mspc_t2,valve2__1,valve2,labelled,valve2__1:10,10,stream,1,1,,MspcAlignmentError: aligned coverage 0.933 below required 0.95; refusing to interpolate across tags
mspc_t2,valve2__1,valve2,labelled,valve2__1:11,11,stream,1,1,,MspcAlignmentError: aligned coverage 0.933 below required 0.95; refusing to interpolate across tags
mspc_t2,valve2__1,valve2,labelled,valve2__1:12,12,stream,1,1,,MspcAlignmentError: aligned coverage 0.933 below required 0.95; refusing to interpolate across tags
mspc_t2,valve2__1,valve2,labelled,valve2__1:13,13,stream,1,1,,MspcAlignmentError: aligned coverage 0.933 below required 0.95; refusing to interpolate across tags
mspc_t2,valve2__1,valve2,labelled,valve2__1:14,14,stream,1,1,,MspcAlignmentError: aligned coverage 0.933 below required 0.95; refusing to interpolate across tags
mspc_t2,valve2__1,valve2,labelled,valve2__1:15,15,stream,0,0,,MspcAlignmentError: aligned coverage 0.933 below required 0.95; refusing to interpolate across tags
mspc_t2,valve2__1,valve2,labelled,valve2__1:16,16,stream,1,1,,MspcAlignmentError: aligned coverage 0.933 below required 0.95; refusing to interpolate across tags
mspc_t2,valve2__1,valve2,labelled,valve2__1:17,17,stream,0,0,,MspcAlignmentError: aligned coverage 0.933 below required 0.95; refusing to interpolate across tags
mspc_t2,valve2__1,valve2,labelled,valve2__1:18,18,stream,0,0,,MspcAlignmentError: aligned coverage 0.933 below required 0.95; refusing to interpolate across tags
mspc_t2,valve2__1,valve2,labelled,valve2__1:19,19,stream,0,0,,MspcAlignmentError: aligned coverage 0.933 below required 0.95; refusing to interpolate across tags
mspc_t2,valve2__1,valve2,labelled,valve2__1:20,20,stream,0,0,,MspcAlignmentError: aligned coverage 0.933 below required 0.95; refusing to interpolate across tags
mspc_t2,valve2__2,valve2,labelled,valve2__2:0,0,baseline,0,0,,"every stream window refused, so no fitted model scores the baseline"
mspc_t2,valve2__2,valve2,labelled,valve2__2:1,1,baseline,0,0,,"every stream window refused, so no fitted model scores the baseline"
mspc_t2,valve2__2,valve2,labelled,valve2__2:2,2,baseline,0,0,,"every stream window refused, so no fitted model scores the baseline"
mspc_t2,valve2__2,valve2,labelled,valve2__2:3,3,stream,0,0,,MspcAlignmentError: aligned coverage 0.939 below required 0.95; refusing to interpolate across tags
mspc_t2,valve2__2,valve2,labelled,valve2__2:4,4,stream,0,0,,MspcAlignmentError: aligned coverage 0.939 below required 0.95; refusing to interpolate across tags
mspc_t2,valve2__2,valve2,labelled,valve2__2:5,5,stream,0,0,,MspcAlignmentError: aligned coverage 0.939 below required 0.95; refusing to interpolate across tags
mspc_t2,valve2__2,valve2,labelled,valve2__2:6,6,stream,0,0,,MspcAlignmentError: aligned coverage 0.939 below required 0.95; refusing to interpolate across tags
mspc_t2,valve2__2,valve2,labelled,valve2__2:7,7,stream,0,0,,MspcAlignmentError: aligned coverage 0.939 below required 0.95; refusing to interpolate across tags
mspc_t2,valve2__2,valve2,labelled,valve2__2:8,8,stream,0,0,,MspcAlignmentError: aligned coverage 0.939 below required 0.95; refusing to interpolate across tags
mspc_t2,valve2__2,valve2,labelled,valve2__2:9,9,stream,0,0,,MspcAlignmentError: aligned coverage 0.939 below required 0.95; refusing to interpolate across tags
mspc_t2,valve2__2,valve2,labelled,valve2__2:10,10,stream,1,1,,MspcAlignmentError: aligned coverage 0.939 below required 0.95; refusing to interpolate across tags
mspc_t2,valve2__2,valve2,labelled,valve2__2:11,11,stream,1,1,,MspcAlignmentError: aligned coverage 0.939 below required 0.95; refusing to interpolate across tags
mspc_t2,valve2__2,valve2,labelled,valve2__2:12,12,stream,1,1,,MspcAlignmentError: aligned coverage 0.939 below required 0.95; refusing to interpolate across tags
mspc_t2,valve2__2,valve2,labelled,valve2__2:13,13,stream,1,1,,MspcAlignmentError: aligned coverage 0.939 below required 0.95; refusing to interpolate across tags
mspc_t2,valve2__2,valve2,labelled,valve2__2:14,14,stream,1,1,,MspcAlignmentError: aligned coverage 0.939 below required 0.95; refusing to interpolate across tags
mspc_t2,valve2__2,valve2,labelled,valve2__2:15,15,stream,1,1,,MspcAlignmentError: aligned coverage 0.939 below required 0.95; refusing to interpolate across tags
mspc_t2,valve2__2,valve2,labelled,valve2__2:16,16,stream,1,1,,MspcAlignmentError: aligned coverage 0.939 below required 0.95; refusing to interpolate across tags
mspc_t2,valve2__2,valve2,labelled,valve2__2:17,17,stream,0,0,,MspcAlignmentError: aligned coverage 0.939 below required 0.95; refusing to interpolate across tags
mspc_t2,valve2__2,valve2,labelled,valve2__2:18,18,stream,0,0,,MspcAlignmentError: aligned coverage 0.939 below required 0.95; refusing to interpolate across tags
mspc_t2,valve2__2,valve2,labelled,valve2__2:19,19,stream,0,0,,MspcAlignmentError: aligned coverage 0.939 below required 0.95; refusing to interpolate across tags
mspc_t2,valve2__3,valve2,labelled,valve2__3:0,0,baseline,0,0,,"every stream window refused, so no fitted model scores the baseline"
mspc_t2,valve2__3,valve2,labelled,valve2__3:1,1,baseline,0,0,,"every stream window refused, so no fitted model scores the baseline"
mspc_t2,valve2__3,valve2,labelled,valve2__3:2,2,baseline,0,0,,"every stream window refused, so no fitted model scores the baseline"
mspc_t2,valve2__3,valve2,labelled,valve2__3:3,3,stream,0,0,,MspcAlignmentError: aligned coverage 0.939 below required 0.95; refusing to interpolate across tags
mspc_t2,valve2__3,valve2,labelled,valve2__3:4,4,stream,0,0,,MspcAlignmentError: aligned coverage 0.939 below required 0.95; refusing to interpolate across tags
mspc_t2,valve2__3,valve2,labelled,valve2__3:5,5,stream,0,0,,MspcAlignmentError: aligned coverage 0.939 below required 0.95; refusing to interpolate across tags
mspc_t2,valve2__3,valve2,labelled,valve2__3:6,6,stream,0,0,,MspcAlignmentError: aligned coverage 0.939 below required 0.95; refusing to interpolate across tags
mspc_t2,valve2__3,valve2,labelled,valve2__3:7,7,stream,0,0,,MspcAlignmentError: aligned coverage 0.939 below required 0.95; refusing to interpolate across tags
mspc_t2,valve2__3,valve2,labelled,valve2__3:8,8,stream,0,0,,MspcAlignmentError: aligned coverage 0.939 below required 0.95; refusing to interpolate across tags
mspc_t2,valve2__3,valve2,labelled,valve2__3:9,9,stream,0,0,,MspcAlignmentError: aligned coverage 0.939 below required 0.95; refusing to interpolate across tags
mspc_t2,valve2__3,valve2,labelled,valve2__3:10,10,stream,1,1,,MspcAlignmentError: aligned coverage 0.939 below required 0.95; refusing to interpolate across tags
mspc_t2,valve2__3,valve2,labelled,valve2__3:11,11,stream,1,1,,MspcAlignmentError: aligned coverage 0.939 below required 0.95; refusing to interpolate across tags
mspc_t2,valve2__3,valve2,labelled,valve2__3:12,12,stream,1,1,,MspcAlignmentError: aligned coverage 0.939 below required 0.95; refusing to interpolate across tags
mspc_t2,valve2__3,valve2,labelled,valve2__3:13,13,stream,1,1,,MspcAlignmentError: aligned coverage 0.939 below required 0.95; refusing to interpolate across tags
mspc_t2,valve2__3,valve2,labelled,valve2__3:14,14,stream,1,1,,MspcAlignmentError: aligned coverage 0.939 below required 0.95; refusing to interpolate across tags
mspc_t2,valve2__3,valve2,labelled,valve2__3:15,15,stream,1,1,,MspcAlignmentError: aligned coverage 0.939 below required 0.95; refusing to interpolate across tags
mspc_t2,valve2__3,valve2,labelled,valve2__3:16,16,stream,1,1,,MspcAlignmentError: aligned coverage 0.939 below required 0.95; refusing to interpolate across tags
mspc_t2,valve2__3,valve2,labelled,valve2__3:17,17,stream,1,0,,MspcAlignmentError: aligned coverage 0.939 below required 0.95; refusing to interpolate across tags
screen,anomaly-free__anomaly-free,anomaly-free,anomaly_free,anomaly-free__anomaly-free:0,0,baseline,0,0,3.0399,
screen,anomaly-free__anomaly-free,anomaly-free,anomaly_free,anomaly-free__anomaly-free:1,1,baseline,0,0,2.9426,
screen,anomaly-free__anomaly-free,anomaly-free,anomaly_free,anomaly-free__anomaly-free:2,2,baseline,0,0,3.4756,
screen,anomaly-free__anomaly-free,anomaly-free,anomaly_free,anomaly-free__anomaly-free:3,3,stream,0,0,3.2933,
screen,anomaly-free__anomaly-free,anomaly-free,anomaly_free,anomaly-free__anomaly-free:4,4,stream,0,0,4.4072,
screen,anomaly-free__anomaly-free,anomaly-free,anomaly_free,anomaly-free__anomaly-free:5,5,stream,0,0,5.1529,
screen,anomaly-free__anomaly-free,anomaly-free,anomaly_free,anomaly-free__anomaly-free:6,6,stream,0,0,6.5815,
screen,anomaly-free__anomaly-free,anomaly-free,anomaly_free,anomaly-free__anomaly-free:7,7,stream,0,0,7.9682,
screen,anomaly-free__anomaly-free,anomaly-free,anomaly_free,anomaly-free__anomaly-free:8,8,stream,0,0,8.7726,
screen,anomaly-free__anomaly-free,anomaly-free,anomaly_free,anomaly-free__anomaly-free:9,9,stream,0,0,10.0126,
screen,anomaly-free__anomaly-free,anomaly-free,anomaly_free,anomaly-free__anomaly-free:10,10,stream,0,0,10.4274,
screen,anomaly-free__anomaly-free,anomaly-free,anomaly_free,anomaly-free__anomaly-free:11,11,stream,0,0,11.1479,
screen,anomaly-free__anomaly-free,anomaly-free,anomaly_free,anomaly-free__anomaly-free:12,12,stream,0,0,12.2749,
screen,anomaly-free__anomaly-free,anomaly-free,anomaly_free,anomaly-free__anomaly-free:13,13,stream,0,0,13.5359,
screen,anomaly-free__anomaly-free,anomaly-free,anomaly_free,anomaly-free__anomaly-free:14,14,stream,0,0,15.0818,
screen,anomaly-free__anomaly-free,anomaly-free,anomaly_free,anomaly-free__anomaly-free:15,15,stream,0,0,15.5594,
screen,anomaly-free__anomaly-free,anomaly-free,anomaly_free,anomaly-free__anomaly-free:16,16,stream,0,0,16.9712,
screen,anomaly-free__anomaly-free,anomaly-free,anomaly_free,anomaly-free__anomaly-free:17,17,stream,0,0,18.0521,
screen,anomaly-free__anomaly-free,anomaly-free,anomaly_free,anomaly-free__anomaly-free:18,18,stream,0,0,18.9193,
screen,anomaly-free__anomaly-free,anomaly-free,anomaly_free,anomaly-free__anomaly-free:19,19,stream,0,0,19.2795,
screen,anomaly-free__anomaly-free,anomaly-free,anomaly_free,anomaly-free__anomaly-free:20,20,stream,0,0,20.3688,
screen,anomaly-free__anomaly-free,anomaly-free,anomaly_free,anomaly-free__anomaly-free:21,21,stream,0,0,22.5724,
screen,anomaly-free__anomaly-free,anomaly-free,anomaly_free,anomaly-free__anomaly-free:22,22,stream,0,0,25.8736,
screen,anomaly-free__anomaly-free,anomaly-free,anomaly_free,anomaly-free__anomaly-free:23,23,stream,0,0,26.4308,
screen,anomaly-free__anomaly-free,anomaly-free,anomaly_free,anomaly-free__anomaly-free:24,24,stream,0,0,27.9767,
screen,anomaly-free__anomaly-free,anomaly-free,anomaly_free,anomaly-free__anomaly-free:25,25,stream,0,0,29.1497,
screen,anomaly-free__anomaly-free,anomaly-free,anomaly_free,anomaly-free__anomaly-free:26,26,stream,0,0,31.6759,
screen,anomaly-free__anomaly-free,anomaly-free,anomaly_free,anomaly-free__anomaly-free:27,27,stream,0,0,31.8058,
screen,anomaly-free__anomaly-free,anomaly-free,anomaly_free,anomaly-free__anomaly-free:28,28,stream,0,0,29.3257,
screen,anomaly-free__anomaly-free,anomaly-free,anomaly_free,anomaly-free__anomaly-free:29,29,stream,0,0,31.0391,
screen,anomaly-free__anomaly-free,anomaly-free,anomaly_free,anomaly-free__anomaly-free:30,30,stream,0,0,32.8867,
screen,anomaly-free__anomaly-free,anomaly-free,anomaly_free,anomaly-free__anomaly-free:31,31,stream,0,0,35.6433,
screen,anomaly-free__anomaly-free,anomaly-free,anomaly_free,anomaly-free__anomaly-free:32,32,stream,0,0,34.9436,
screen,anomaly-free__anomaly-free,anomaly-free,anomaly_free,anomaly-free__anomaly-free:33,33,stream,0,0,37.2059,
screen,anomaly-free__anomaly-free,anomaly-free,anomaly_free,anomaly-free__anomaly-free:34,34,stream,0,0,37.2143,
screen,anomaly-free__anomaly-free,anomaly-free,anomaly_free,anomaly-free__anomaly-free:35,35,stream,0,0,37.9432,
screen,anomaly-free__anomaly-free,anomaly-free,anomaly_free,anomaly-free__anomaly-free:36,36,stream,0,0,39.0492,
screen,anomaly-free__anomaly-free,anomaly-free,anomaly_free,anomaly-free__anomaly-free:37,37,stream,0,0,39.464,
screen,anomaly-free__anomaly-free,anomaly-free,anomaly_free,anomaly-free__anomaly-free:38,38,stream,0,0,41.0099,
screen,anomaly-free__anomaly-free,anomaly-free,anomaly_free,anomaly-free__anomaly-free:39,39,stream,0,0,43.2973,
screen,anomaly-free__anomaly-free,anomaly-free,anomaly_free,anomaly-free__anomaly-free:40,40,stream,0,0,42.7024,
screen,anomaly-free__anomaly-free,anomaly-free,anomaly_free,anomaly-free__anomaly-free:41,41,stream,0,0,42.6563,
screen,anomaly-free__anomaly-free,anomaly-free,anomaly_free,anomaly-free__anomaly-free:42,42,stream,0,0,44.3237,
screen,anomaly-free__anomaly-free,anomaly-free,anomaly_free,anomaly-free__anomaly-free:43,43,stream,0,0,45.8193,
screen,anomaly-free__anomaly-free,anomaly-free,anomaly_free,anomaly-free__anomaly-free:44,44,stream,0,0,46.6614,
screen,anomaly-free__anomaly-free,anomaly-free,anomaly_free,anomaly-free__anomaly-free:45,45,stream,0,0,48.0774,
screen,anomaly-free__anomaly-free,anomaly-free,anomaly_free,anomaly-free__anomaly-free:46,46,stream,0,0,49.2923,
screen,anomaly-free__anomaly-free,anomaly-free,anomaly_free,anomaly-free__anomaly-free:47,47,stream,0,0,50.2936,
screen,anomaly-free__anomaly-free,anomaly-free,anomaly_free,anomaly-free__anomaly-free:48,48,stream,0,0,51.1482,
screen,anomaly-free__anomaly-free,anomaly-free,anomaly_free,anomaly-free__anomaly-free:49,49,stream,0,0,51.5671,
screen,anomaly-free__anomaly-free,anomaly-free,anomaly_free,anomaly-free__anomaly-free:50,50,stream,0,0,49.2211,
screen,anomaly-free__anomaly-free,anomaly-free,anomaly_free,anomaly-free__anomaly-free:51,51,stream,0,0,49.7615,
screen,anomaly-free__anomaly-free,anomaly-free,anomaly_free,anomaly-free__anomaly-free:52,52,stream,0,0,51.8813,
screen,anomaly-free__anomaly-free,anomaly-free,anomaly_free,anomaly-free__anomaly-free:53,53,stream,0,0,51.2362,
screen,anomaly-free__anomaly-free,anomaly-free,anomaly_free,anomaly-free__anomaly-free:54,54,stream,0,0,51.3995,
screen,anomaly-free__anomaly-free,anomaly-free,anomaly_free,anomaly-free__anomaly-free:55,55,stream,0,0,53.1968,
screen,anomaly-free__anomaly-free,anomaly-free,anomaly_free,anomaly-free__anomaly-free:56,56,stream,0,0,55.568,
screen,anomaly-free__anomaly-free,anomaly-free,anomaly_free,anomaly-free__anomaly-free:57,57,stream,0,0,56.6153,
screen,anomaly-free__anomaly-free,anomaly-free,anomaly_free,anomaly-free__anomaly-free:58,58,stream,0,0,58.0816,
screen,anomaly-free__anomaly-free,anomaly-free,anomaly_free,anomaly-free__anomaly-free:59,59,stream,0,0,57.9853,
screen,anomaly-free__anomaly-free,anomaly-free,anomaly_free,anomaly-free__anomaly-free:60,60,stream,0,0,58.1486,
screen,anomaly-free__anomaly-free,anomaly-free,anomaly_free,anomaly-free__anomaly-free:61,61,stream,0,0,59.6317,
screen,anomaly-free__anomaly-free,anomaly-free,anomaly_free,anomaly-free__anomaly-free:62,62,stream,0,0,61.1189,
screen,anomaly-free__anomaly-free,anomaly-free,anomaly_free,anomaly-free__anomaly-free:63,63,stream,0,0,61.5127,
screen,anomaly-free__anomaly-free,anomaly-free,anomaly_free,anomaly-free__anomaly-free:64,64,stream,0,0,61.1776,
screen,anomaly-free__anomaly-free,anomaly-free,anomaly_free,anomaly-free__anomaly-free:65,65,stream,0,0,62.2961,
screen,anomaly-free__anomaly-free,anomaly-free,anomaly_free,anomaly-free__anomaly-free:66,66,stream,0,0,64.3112,
screen,anomaly-free__anomaly-free,anomaly-free,anomaly_free,anomaly-free__anomaly-free:67,67,stream,0,0,64.8223,
screen,anomaly-free__anomaly-free,anomaly-free,anomaly_free,anomaly-free__anomaly-free:68,68,stream,0,0,65.5052,
screen,anomaly-free__anomaly-free,anomaly-free,anomaly_free,anomaly-free__anomaly-free:69,69,stream,0,0,67.4784,
screen,anomaly-free__anomaly-free,anomaly-free,anomaly_free,anomaly-free__anomaly-free:70,70,stream,0,0,67.2983,
screen,anomaly-free__anomaly-free,anomaly-free,anomaly_free,anomaly-free__anomaly-free:71,71,stream,0,0,67.1349,
screen,anomaly-free__anomaly-free,anomaly-free,anomaly_free,anomaly-free__anomaly-free:72,72,stream,0,0,69.3762,
screen,anomaly-free__anomaly-free,anomaly-free,anomaly_free,anomaly-free__anomaly-free:73,73,stream,0,0,70.1303,
screen,anomaly-free__anomaly-free,anomaly-free,anomaly_free,anomaly-free__anomaly-free:74,74,stream,0,0,70.7377,
screen,anomaly-free__anomaly-free,anomaly-free,anomaly_free,anomaly-free__anomaly-free:75,75,stream,0,0,70.8383,
screen,anomaly-free__anomaly-free,anomaly-free,anomaly_free,anomaly-free__anomaly-free:76,76,stream,0,0,72.6523,
screen,anomaly-free__anomaly-free,anomaly-free,anomaly_free,anomaly-free__anomaly-free:77,77,stream,0,0,73.1131,
screen,anomaly-free__anomaly-free,anomaly-free,anomaly_free,anomaly-free__anomaly-free:78,78,stream,0,0,71.6217,
screen,anomaly-free__anomaly-free,anomaly-free,anomaly_free,anomaly-free__anomaly-free:79,79,stream,0,0,72.6146,
screen,anomaly-free__anomaly-free,anomaly-free,anomaly_free,anomaly-free__anomaly-free:80,80,stream,0,0,73.3268,
screen,anomaly-free__anomaly-free,anomaly-free,anomaly_free,anomaly-free__anomaly-free:81,81,stream,0,0,73.9259,
screen,anomaly-free__anomaly-free,anomaly-free,anomaly_free,anomaly-free__anomaly-free:82,82,stream,0,0,73.6117,
screen,anomaly-free__anomaly-free,anomaly-free,anomaly_free,anomaly-free__anomaly-free:83,83,stream,0,0,73.1215,
screen,anomaly-free__anomaly-free,anomaly-free,anomaly_free,anomaly-free__anomaly-free:84,84,stream,0,0,72.5224,
screen,anomaly-free__anomaly-free,anomaly-free,anomaly_free,anomaly-free__anomaly-free:85,85,stream,0,0,72.9833,
screen,anomaly-free__anomaly-free,anomaly-free,anomaly_free,anomaly-free__anomaly-free:86,86,stream,0,0,73.486,
screen,anomaly-free__anomaly-free,anomaly-free,anomaly_free,anomaly-free__anomaly-free:87,87,stream,0,0,74.5501,
screen,anomaly-free__anomaly-free,anomaly-free,anomaly_free,anomaly-free__anomaly-free:88,88,stream,0,0,74.4998,
screen,anomaly-free__anomaly-free,anomaly-free,anomaly_free,anomaly-free__anomaly-free:89,89,stream,0,0,75.3251,
screen,anomaly-free__anomaly-free,anomaly-free,anomaly_free,anomaly-free__anomaly-free:90,90,stream,0,0,76.5736,
screen,anomaly-free__anomaly-free,anomaly-free,anomaly_free,anomaly-free__anomaly-free:91,91,stream,0,0,77.6,
screen,anomaly-free__anomaly-free,anomaly-free,anomaly_free,anomaly-free__anomaly-free:92,92,stream,0,0,80.9934,
screen,anomaly-free__anomaly-free,anomaly-free,anomaly_free,anomaly-free__anomaly-free:93,93,stream,0,0,80.3943,
screen,anomaly-free__anomaly-free,anomaly-free,anomaly_free,anomaly-free__anomaly-free:94,94,stream,0,0,78.9112,
screen,anomaly-free__anomaly-free,anomaly-free,anomaly_free,anomaly-free__anomaly-free:95,95,stream,0,0,79.2673,
screen,anomaly-free__anomaly-free,anomaly-free,anomaly_free,anomaly-free__anomaly-free:96,96,stream,0,0,81.4751,
screen,anomaly-free__anomaly-free,anomaly-free,anomaly_free,anomaly-free__anomaly-free:97,97,stream,0,0,81.4207,
screen,anomaly-free__anomaly-free,anomaly-free,anomaly_free,anomaly-free__anomaly-free:98,98,stream,0,0,81.6343,
screen,anomaly-free__anomaly-free,anomaly-free,anomaly_free,anomaly-free__anomaly-free:99,99,stream,0,0,81.8354,
screen,anomaly-free__anomaly-free,anomaly-free,anomaly_free,anomaly-free__anomaly-free:100,100,stream,0,0,82.0658,
screen,anomaly-free__anomaly-free,anomaly-free,anomaly_free,anomaly-free__anomaly-free:101,101,stream,0,0,81.7851,
screen,anomaly-free__anomaly-free,anomaly-free,anomaly_free,anomaly-free__anomaly-free:102,102,stream,0,0,83.9301,
screen,anomaly-free__anomaly-free,anomaly-free,anomaly_free,anomaly-free__anomaly-free:103,103,stream,0,0,85.3629,
screen,anomaly-free__anomaly-free,anomaly-free,anomaly_free,anomaly-free__anomaly-free:104,104,stream,0,0,86.5317,
screen,anomaly-free__anomaly-free,anomaly-free,anomaly_free,anomaly-free__anomaly-free:105,105,stream,0,0,87.0512,
screen,anomaly-free__anomaly-free,anomaly-free,anomaly_free,anomaly-free__anomaly-free:106,106,stream,0,0,85.5975,
screen,anomaly-free__anomaly-free,anomaly-free,anomaly_free,anomaly-free__anomaly-free:107,107,stream,0,0,84.8141,
screen,anomaly-free__anomaly-free,anomaly-free,anomaly_free,anomaly-free__anomaly-free:108,108,stream,0,0,85.476,
screen,anomaly-free__anomaly-free,anomaly-free,anomaly_free,anomaly-free__anomaly-free:109,109,stream,0,0,86.8543,
screen,anomaly-free__anomaly-free,anomaly-free,anomaly_free,anomaly-free__anomaly-free:110,110,stream,0,0,86.3935,
screen,anomaly-free__anomaly-free,anomaly-free,anomaly_free,anomaly-free__anomaly-free:111,111,stream,0,0,87.1811,
screen,anomaly-free__anomaly-free,anomaly-free,anomaly_free,anomaly-free__anomaly-free:112,112,stream,0,0,87.3277,
screen,anomaly-free__anomaly-free,anomaly-free,anomaly_free,anomaly-free__anomaly-free:113,113,stream,0,0,87.1643,
screen,anomaly-free__anomaly-free,anomaly-free,anomaly_free,anomaly-free__anomaly-free:114,114,stream,0,0,87.7341,
screen,anomaly-free__anomaly-free,anomaly-free,anomaly_free,anomaly-free__anomaly-free:115,115,stream,0,0,87.8556,
screen,anomaly-free__anomaly-free,anomaly-free,anomaly_free,anomaly-free__anomaly-free:116,116,stream,0,0,88.308,
screen,anomaly-free__anomaly-free,anomaly-free,anomaly_free,anomaly-free__anomaly-free:117,117,stream,0,0,88.6474,
screen,anomaly-free__anomaly-free,anomaly-free,anomaly_free,anomaly-free__anomaly-free:118,118,stream,0,0,88.8066,
screen,anomaly-free__anomaly-free,anomaly-free,anomaly_free,anomaly-free__anomaly-free:119,119,stream,0,0,90.21,
screen,anomaly-free__anomaly-free,anomaly-free,anomaly_free,anomaly-free__anomaly-free:120,120,stream,0,0,91.0018,
screen,anomaly-free__anomaly-free,anomaly-free,anomaly_free,anomaly-free__anomaly-free:121,121,stream,0,0,91.8732,
screen,anomaly-free__anomaly-free,anomaly-free,anomaly_free,anomaly-free__anomaly-free:122,122,stream,0,0,91.8062,
screen,anomaly-free__anomaly-free,anomaly-free,anomaly_free,anomaly-free__anomaly-free:123,123,stream,0,0,92.4639,
screen,anomaly-free__anomaly-free,anomaly-free,anomaly_free,anomaly-free__anomaly-free:124,124,stream,0,0,92.6608,
screen,anomaly-free__anomaly-free,anomaly-free,anomaly_free,anomaly-free__anomaly-free:125,125,stream,0,0,94.2025,
screen,anomaly-free__anomaly-free,anomaly-free,anomaly_free,anomaly-free__anomaly-free:126,126,stream,0,0,95.3336,
screen,anomaly-free__anomaly-free,anomaly-free,anomaly_free,anomaly-free__anomaly-free:127,127,stream,0,0,96.603,
screen,anomaly-free__anomaly-free,anomaly-free,anomaly_free,anomaly-free__anomaly-free:128,128,stream,0,0,95.9913,
screen,anomaly-free__anomaly-free,anomaly-free,anomaly_free,anomaly-free__anomaly-free:129,129,stream,0,0,95.2079,
screen,anomaly-free__anomaly-free,anomaly-free,anomaly_free,anomaly-free__anomaly-free:130,130,stream,0,0,95.2247,
screen,anomaly-free__anomaly-free,anomaly-free,anomaly_free,anomaly-free__anomaly-free:131,131,stream,0,0,95.5096,
screen,anomaly-free__anomaly-free,anomaly-free,anomaly_free,anomaly-free__anomaly-free:132,132,stream,0,0,95.5473,
screen,anomaly-free__anomaly-free,anomaly-free,anomaly_free,anomaly-free__anomaly-free:133,133,stream,0,0,95.5389,
screen,anomaly-free__anomaly-free,anomaly-free,anomaly_free,anomaly-free__anomaly-free:134,134,stream,0,0,96.8711,
screen,anomaly-free__anomaly-free,anomaly-free,anomaly_free,anomaly-free__anomaly-free:135,135,stream,0,0,95.9495,
screen,anomaly-free__anomaly-free,anomaly-free,anomaly_free,anomaly-free__anomaly-free:136,136,stream,0,0,96.1212,
screen,anomaly-free__anomaly-free,anomaly-free,anomaly_free,anomaly-free__anomaly-free:137,137,stream,0,0,96.9507,
screen,anomaly-free__anomaly-free,anomaly-free,anomaly_free,anomaly-free__anomaly-free:138,138,stream,0,0,96.779,
screen,anomaly-free__anomaly-free,anomaly-free,anomaly_free,anomaly-free__anomaly-free:139,139,stream,0,0,97.8808,
screen,anomaly-free__anomaly-free,anomaly-free,anomaly_free,anomaly-free__anomaly-free:140,140,stream,0,0,98.4589,
screen,anomaly-free__anomaly-free,anomaly-free,anomaly_free,anomaly-free__anomaly-free:141,141,stream,0,0,99.0705,
screen,anomaly-free__anomaly-free,anomaly-free,anomaly_free,anomaly-free__anomaly-free:142,142,stream,0,0,99.8372,
screen,anomaly-free__anomaly-free,anomaly-free,anomaly_free,anomaly-free__anomaly-free:143,143,stream,0,0,101.5716,
screen,anomaly-free__anomaly-free,anomaly-free,anomaly_free,anomaly-free__anomaly-free:144,144,stream,0,0,101.5381,
screen,anomaly-free__anomaly-free,anomaly-free,anomaly_free,anomaly-free__anomaly-free:145,145,stream,0,0,105.0697,
screen,anomaly-free__anomaly-free,anomaly-free,anomaly_free,anomaly-free__anomaly-free:146,146,stream,0,0,100.872,
screen,anomaly-free__anomaly-free,anomaly-free,anomaly_free,anomaly-free__anomaly-free:147,147,stream,0,0,109.7493,
screen,anomaly-free__anomaly-free,anomaly-free,anomaly_free,anomaly-free__anomaly-free:148,148,stream,0,0,109.5398,
screen,anomaly-free__anomaly-free,anomaly-free,anomaly_free,anomaly-free__anomaly-free:149,149,stream,0,0,103.637,
screen,anomaly-free__anomaly-free,anomaly-free,anomaly_free,anomaly-free__anomaly-free:150,150,stream,0,0,102.8703,
screen,anomaly-free__anomaly-free,anomaly-free,anomaly_free,anomaly-free__anomaly-free:151,151,stream,0,0,103.6831,
screen,anomaly-free__anomaly-free,anomaly-free,anomaly_free,anomaly-free__anomaly-free:152,152,stream,0,0,103.8925,
screen,anomaly-free__anomaly-free,anomaly-free,anomaly_free,anomaly-free__anomaly-free:153,153,stream,0,0,104.0392,
screen,anomaly-free__anomaly-free,anomaly-free,anomaly_free,anomaly-free__anomaly-free:154,154,stream,0,0,103.0211,
screen,anomaly-free__anomaly-free,anomaly-free,anomaly_free,anomaly-free__anomaly-free:155,155,stream,0,0,102.996,
screen,anomaly-free__anomaly-free,anomaly-free,anomaly_free,anomaly-free__anomaly-free:156,156,stream,0,0,102.6441,
screen,anomaly-free__anomaly-free,anomaly-free,anomaly_free,anomaly-free__anomaly-free:157,157,stream,0,0,103.1049,
screen,anomaly-free__anomaly-free,anomaly-free,anomaly_free,anomaly-free__anomaly-free:158,158,stream,0,0,102.9164,
screen,anomaly-free__anomaly-free,anomaly-free,anomaly_free,anomaly-free__anomaly-free:159,159,stream,0,0,103.2934,
screen,anomaly-free__anomaly-free,anomaly-free,anomaly_free,anomaly-free__anomaly-free:160,160,stream,0,0,103.1301,
screen,anomaly-free__anomaly-free,anomaly-free,anomaly_free,anomaly-free__anomaly-free:161,161,stream,0,0,103.4526,
screen,anomaly-free__anomaly-free,anomaly-free,anomaly_free,anomaly-free__anomaly-free:162,162,stream,0,0,103.3563,
screen,anomaly-free__anomaly-free,anomaly-free,anomaly_free,anomaly-free__anomaly-free:163,163,stream,0,0,103.3311,
screen,anomaly-free__anomaly-free,anomaly-free,anomaly_free,anomaly-free__anomaly-free:164,164,stream,0,0,103.482,
screen,anomaly-free__anomaly-free,anomaly-free,anomaly_free,anomaly-free__anomaly-free:165,165,stream,0,0,103.8632,
screen,anomaly-free__anomaly-free,anomaly-free,anomaly_free,anomaly-free__anomaly-free:166,166,stream,0,0,103.3228,
screen,other__1,other,labelled,other__1:0,0,baseline,0,0,34.0931,
screen,other__1,other,labelled,other__1:1,1,baseline,0,0,34.7676,
screen,other__1,other,labelled,other__1:2,2,baseline,0,0,34.0931,
screen,other__1,other,labelled,other__1:3,3,stream,0,0,34.7676,
screen,other__1,other,labelled,other__1:4,4,stream,0,0,34.7676,
screen,other__1,other,labelled,other__1:5,5,stream,0,0,34.7676,
screen,other__1,other,labelled,other__1:6,6,stream,0,0,34.7676,
screen,other__1,other,labelled,other__1:7,7,stream,0,0,68.141,
screen,other__1,other,labelled,other__1:8,8,stream,0,0,34.7676,
screen,other__1,other,labelled,other__1:9,9,stream,1,0,34.0687,
screen,other__1,other,labelled,other__1:10,10,stream,1,1,138.368,
screen,other__1,other,labelled,other__1:11,11,stream,1,1,138.368,
screen,other__1,other,labelled,other__1:12,12,stream,1,1,138.361,
screen,other__1,other,labelled,other__1:13,13,stream,1,1,104.3027,
screen,other__10,other,labelled,other__10:0,0,baseline,0,0,4.2514,
screen,other__10,other,labelled,other__10:1,1,baseline,0,0,4.3203,
screen,other__10,other,labelled,other__10:2,2,baseline,0,0,3.0338,
screen,other__10,other,labelled,other__10:3,3,stream,0,0,6.11,
screen,other__10,other,labelled,other__10:4,4,stream,0,0,5.5184,
screen,other__10,other,labelled,other__10:5,5,stream,0,0,4.3948,
screen,other__10,other,labelled,other__10:6,6,stream,0,0,4.6093,
screen,other__10,other,labelled,other__10:7,7,stream,0,0,4.212,
screen,other__10,other,labelled,other__10:8,8,stream,0,0,4.6452,
screen,other__10,other,labelled,other__10:9,9,stream,0,0,4.4049,
screen,other__10,other,labelled,other__10:10,10,stream,1,1,9.6178,
screen,other__10,other,labelled,other__10:11,11,stream,1,1,31.2315,
screen,other__10,other,labelled,other__10:12,12,stream,1,1,32.7554,
screen,other__10,other,labelled,other__10:13,13,stream,1,1,30.6583,
screen,other__10,other,labelled,other__10:14,14,stream,1,1,31.5365,
screen,other__10,other,labelled,other__10:15,15,stream,1,1,30.5685,
screen,other__10,other,labelled,other__10:16,16,stream,1,1,29.7973,
screen,other__10,other,labelled,other__10:17,17,stream,1,1,29.0445,
screen,other__10,other,labelled,other__10:18,18,stream,1,1,28.5991,
screen,other__10,other,labelled,other__10:19,19,stream,1,1,27.5931,
screen,other__10,other,labelled,other__10:20,20,stream,1,0,27.5379,
screen,other__10,other,labelled,other__10:21,21,stream,0,0,25.7216,
screen,other__10,other,labelled,other__10:22,22,stream,0,0,26.1509,
screen,other__10,other,labelled,other__10:23,23,stream,0,0,25.3463,
screen,other__11,other,labelled,other__11:0,0,baseline,0,0,5.3415,
screen,other__11,other,labelled,other__11:1,1,baseline,0,0,4.0628,
screen,other__11,other,labelled,other__11:2,2,baseline,0,0,4.1972,
screen,other__11,other,labelled,other__11:3,3,stream,0,0,5.1287,
screen,other__11,other,labelled,other__11:4,4,stream,0,0,4.0464,
screen,other__11,other,labelled,other__11:5,5,stream,0,0,5.303,
screen,other__11,other,labelled,other__11:6,6,stream,0,0,6.3236,
screen,other__11,other,labelled,other__11:7,7,stream,0,0,6.5852,
screen,other__11,other,labelled,other__11:8,8,stream,0,0,7.745,
screen,other__11,other,labelled,other__11:9,9,stream,0,0,8.622,
screen,other__11,other,labelled,other__11:10,10,stream,1,1,10.6833,
screen,other__11,other,labelled,other__11:11,11,stream,1,1,12.256,
screen,other__11,other,labelled,other__11:12,12,stream,1,1,12.8404,
screen,other__11,other,labelled,other__11:13,13,stream,1,1,13.3969,
screen,other__11,other,labelled,other__11:14,14,stream,1,1,14.2617,
screen,other__11,other,labelled,other__11:15,15,stream,1,1,14.688,
screen,other__11,other,labelled,other__11:16,16,stream,1,1,14.5667,
screen,other__11,other,labelled,other__11:17,17,stream,1,1,15.3246,
screen,other__11,other,labelled,other__11:18,18,stream,0,0,15.5862,
screen,other__11,other,labelled,other__11:19,19,stream,0,0,16.0169,
screen,other__11,other,labelled,other__11:20,20,stream,0,0,15.6608,
screen,other__12,other,labelled,other__12:0,0,baseline,0,0,4.5993,
screen,other__12,other,labelled,other__12:1,1,baseline,0,0,4.5017,
screen,other__12,other,labelled,other__12:2,2,baseline,0,0,3.1715,
screen,other__12,other,labelled,other__12:3,3,stream,0,0,4.5736,
screen,other__12,other,labelled,other__12:4,4,stream,0,0,5.0524,
screen,other__12,other,labelled,other__12:5,5,stream,0,0,5.7422,
screen,other__12,other,labelled,other__12:6,6,stream,0,0,7.1765,
screen,other__12,other,labelled,other__12:7,7,stream,0,0,5.921,
screen,other__12,other,labelled,other__12:8,8,stream,0,0,5.2619,
screen,other__12,other,labelled,other__12:9,9,stream,0,0,8.4318,
screen,other__12,other,labelled,other__12:10,10,stream,1,1,8.0073,
screen,other__12,other,labelled,other__12:11,11,stream,1,1,273.633,
screen,other__12,other,labelled,other__12:12,12,stream,1,1,274.2284,
screen,other__12,other,labelled,other__12:13,13,stream,1,1,274.2284,
screen,other__12,other,labelled,other__12:14,14,stream,1,1,274.2289,
screen,other__12,other,labelled,other__12:15,15,stream,1,1,274.2289,
screen,other__12,other,labelled,other__12:16,16,stream,1,1,274.2289,
screen,other__12,other,labelled,other__12:17,17,stream,1,0,16.6779,
screen,other__12,other,labelled,other__12:18,18,stream,0,0,18.4528,
screen,other__12,other,labelled,other__12:19,19,stream,0,0,18.6232,
screen,other__12,other,labelled,other__12:20,20,stream,0,0,17.8077,
screen,other__13,other,labelled,other__13:0,0,baseline,0,0,4.2408,
screen,other__13,other,labelled,other__13:1,1,baseline,0,0,4.1807,
screen,other__13,other,labelled,other__13:2,2,baseline,0,0,4.028,
screen,other__13,other,labelled,other__13:3,3,stream,0,0,4.2197,
screen,other__13,other,labelled,other__13:4,4,stream,0,0,6.2981,
screen,other__13,other,labelled,other__13:5,5,stream,0,0,5.8733,
screen,other__13,other,labelled,other__13:6,6,stream,0,0,5.3925,
screen,other__13,other,labelled,other__13:7,7,stream,0,0,5.6997,
screen,other__13,other,labelled,other__13:8,8,stream,0,0,5.343,
screen,other__13,other,labelled,other__13:9,9,stream,1,0,5.7459,
screen,other__13,other,labelled,other__13:10,10,stream,1,1,5.9824,
screen,other__13,other,labelled,other__13:11,11,stream,1,1,6.4156,
screen,other__13,other,labelled,other__13:12,12,stream,1,1,6.4029,
screen,other__13,other,labelled,other__13:13,13,stream,1,1,6.4289,
screen,other__13,other,labelled,other__13:14,14,stream,1,1,6.2715,
screen,other__13,other,labelled,other__13:15,15,stream,1,1,6.1799,
screen,other__13,other,labelled,other__13:16,16,stream,0,0,6.4883,
screen,other__13,other,labelled,other__13:17,17,stream,0,0,6.3427,
screen,other__13,other,labelled,other__13:18,18,stream,0,0,6.92,
screen,other__14,other,labelled,other__14:0,0,baseline,0,0,3.0535,
screen,other__14,other,labelled,other__14:1,1,baseline,0,0,3.7812,
screen,other__14,other,labelled,other__14:2,2,baseline,0,0,5.1731,
screen,other__14,other,labelled,other__14:3,3,stream,0,0,3.5503,
screen,other__14,other,labelled,other__14:4,4,stream,0,0,3.9531,
screen,other__14,other,labelled,other__14:5,5,stream,0,0,4.6217,
screen,other__14,other,labelled,other__14:6,6,stream,0,0,7.2728,
screen,other__14,other,labelled,other__14:7,7,stream,0,0,7.9062,
screen,other__14,other,labelled,other__14:8,8,stream,0,0,4.9971,
screen,other__14,other,labelled,other__14:9,9,stream,0,0,5.1027,
screen,other__14,other,labelled,other__14:10,10,stream,1,1,490.607,
screen,other__14,other,labelled,other__14:11,11,stream,1,1,546.5252,
screen,other__14,other,labelled,other__14:12,12,stream,1,1,545.0589,
screen,other__14,other,labelled,other__14:13,13,stream,1,1,540.3082,
screen,other__14,other,labelled,other__14:14,14,stream,1,1,535.921,
screen,other__14,other,labelled,other__14:15,15,stream,1,0,530.6893,
screen,other__2,other,labelled,other__2:0,0,baseline,0,0,35.6873,
screen,other__2,other,labelled,other__2:1,1,baseline,0,0,70.0328,
screen,other__2,other,labelled,other__2:2,2,baseline,0,0,,Accelerometer1RMS: no rows in window; Accelerometer2RMS: no rows in window; Current: no rows in window; Temperature: no rows in window; Thermocouple: no rows in window; Voltage: no rows in window; Volume Flow RateRMS: no rows in window
screen,other__2,other,labelled,other__2:3,3,stream,0,0,,Accelerometer1RMS: no rows in window; Accelerometer2RMS: no rows in window; Current: no rows in window; Temperature: no rows in window; Thermocouple: no rows in window; Voltage: no rows in window; Volume Flow RateRMS: no rows in window
screen,other__2,other,labelled,other__2:4,4,stream,0,0,,Accelerometer1RMS: no rows in window; Accelerometer2RMS: no rows in window; Current: no rows in window; Temperature: no rows in window; Thermocouple: no rows in window; Voltage: no rows in window; Volume Flow RateRMS: no rows in window
screen,other__2,other,labelled,other__2:5,5,stream,1,1,35.0129,
screen,other__2,other,labelled,other__2:6,6,stream,1,1,71.364,
screen,other__2,other,labelled,other__2:7,7,stream,1,1,72.0492,
screen,other__2,other,labelled,other__2:8,8,stream,1,1,72.0492,
screen,other__2,other,labelled,other__2:9,9,stream,1,1,71.3568,
screen,other__2,other,labelled,other__2:10,10,stream,1,1,72.0492,
screen,other__2,other,labelled,other__2:11,11,stream,1,1,71.3568,
screen,other__2,other,labelled,other__2:12,12,stream,1,1,70.015,
screen,other__2,other,labelled,other__2:13,13,stream,0,0,105.6952,
screen,other__2,other,labelled,other__2:14,14,stream,0,0,105.6952,
screen,other__2,other,labelled,other__2:15,15,stream,0,0,105.6952,
screen,other__2,other,labelled,other__2:16,16,stream,0,0,106.3875,
screen,other__2,other,labelled,other__2:17,17,stream,0,0,105.01,
screen,other__3,other,labelled,other__3:0,0,baseline,0,0,34.7676,
screen,other__3,other,labelled,other__3:1,1,baseline,0,0,34.7676,
screen,other__3,other,labelled,other__3:2,2,baseline,0,0,34.7676,
screen,other__3,other,labelled,other__3:3,3,stream,0,0,34.0826,
screen,other__3,other,labelled,other__3:4,4,stream,0,0,34.0826,
screen,other__3,other,labelled,other__3:5,5,stream,0,0,34.7676,
screen,other__3,other,labelled,other__3:6,6,stream,0,0,68.8363,
screen,other__3,other,labelled,other__3:7,7,stream,0,0,34.7676,
screen,other__3,other,labelled,other__3:8,8,stream,0,0,34.7676,
screen,other__3,other,labelled,other__3:9,9,stream,1,0,34.7676,
screen,other__3,other,labelled,other__3:10,10,stream,1,1,104.3027,
screen,other__3,other,labelled,other__3:11,11,stream,1,1,104.3027,
screen,other__3,other,labelled,other__3:12,12,stream,1,1,104.3027,
screen,other__3,other,labelled,other__3:13,13,stream,1,1,103.5934,
screen,other__3,other,labelled,other__3:14,14,stream,1,1,103.5934,
screen,other__3,other,labelled,other__3:15,15,stream,1,1,103.5934,
screen,other__3,other,labelled,other__3:16,16,stream,1,1,103.5865,
screen,other__3,other,labelled,other__3:17,17,stream,0,0,69.5351,
screen,other__3,other,labelled,other__3:18,18,stream,0,0,34.7676,
screen,other__3,other,labelled,other__3:19,19,stream,0,0,34.7676,
screen,other__4,other,labelled,other__4:0,0,baseline,0,0,2.7019,
screen,other__4,other,labelled,other__4:1,1,baseline,0,0,2.4555,
screen,other__4,other,labelled,other__4:2,2,baseline,0,0,2.7501,
screen,other__4,other,labelled,other__4:3,3,stream,0,0,2.7743,
screen,other__4,other,labelled,other__4:4,4,stream,0,0,3.488,
screen,other__4,other,labelled,other__4:5,5,stream,0,0,4.8844,
screen,other__4,other,labelled,other__4:6,6,stream,0,0,4.4432,
screen,other__4,other,labelled,other__4:7,7,stream,0,0,2.6819,
screen,other__4,other,labelled,other__4:8,8,stream,0,0,2.7001,
screen,other__4,other,labelled,other__4:9,9,stream,0,0,4.6075,
screen,other__4,other,labelled,other__4:10,10,stream,0,0,4.6336,
screen,other__4,other,labelled,other__4:11,11,stream,0,0,5.1457,
screen,other__4,other,labelled,other__4:12,12,stream,0,0,3.7214,
screen,other__4,other,labelled,other__4:13,13,stream,0,0,3.0567,
screen,other__4,other,labelled,other__4:14,14,stream,1,1,4.8898,
screen,other__4,other,labelled,other__4:15,15,stream,1,1,5.6158,
screen,other__4,other,labelled,other__4:16,16,stream,1,1,5.1848,
screen,other__4,other,labelled,other__4:17,17,stream,1,1,3.4576,
screen,other__4,other,labelled,other__4:18,18,stream,1,1,3.4427,
screen,other__4,other,labelled,other__4:19,19,stream,1,1,5.3522,
screen,other__4,other,labelled,other__4:20,20,stream,1,1,5.4527,
screen,other__5,other,labelled,other__5:0,0,baseline,0,0,3.8569,
screen,other__5,other,labelled,other__5:1,1,baseline,0,0,4.1681,
screen,other__5,other,labelled,other__5:2,2,baseline,0,0,5.9142,
screen,other__5,other,labelled,other__5:3,3,stream,0,0,5.9532,
screen,other__5,other,labelled,other__5:4,4,stream,0,0,5.4648,
screen,other__5,other,labelled,other__5:5,5,stream,0,0,6.4012,
screen,other__5,other,labelled,other__5:6,6,stream,0,0,17.4493,
screen,other__5,other,labelled,other__5:7,7,stream,0,0,6.2366,
screen,other__5,other,labelled,other__5:8,8,stream,0,0,5.7218,
screen,other__5,other,labelled,other__5:9,9,stream,0,0,8.0582,
screen,other__5,other,labelled,other__5:10,10,stream,1,1,431.4374,
screen,other__5,other,labelled,other__5:11,11,stream,1,1,408.0329,
screen,other__5,other,labelled,other__5:12,12,stream,1,1,393.2119,
screen,other__5,other,labelled,other__5:13,13,stream,1,1,383.5599,
screen,other__5,other,labelled,other__5:14,14,stream,1,1,376.7801,
screen,other__5,other,labelled,other__5:15,15,stream,1,1,379.2592,
screen,other__5,other,labelled,other__5:16,16,stream,1,1,372.8402,
screen,other__5,other,labelled,other__5:17,17,stream,1,0,368.97,
screen,other__5,other,labelled,other__5:18,18,stream,0,0,22.5188,
screen,other__5,other,labelled,other__5:19,19,stream,0,0,29.8156,
screen,other__5,other,labelled,other__5:20,20,stream,0,0,30.8426,
screen,other__6,other,labelled,other__6:0,0,baseline,0,0,3.2661,
screen,other__6,other,labelled,other__6:1,1,baseline,0,0,3.4457,
screen,other__6,other,labelled,other__6:2,2,baseline,0,0,3.2803,
screen,other__6,other,labelled,other__6:3,3,stream,0,0,2.853,
screen,other__6,other,labelled,other__6:4,4,stream,0,0,2.6174,
screen,other__6,other,labelled,other__6:5,5,stream,0,0,2.853,
screen,other__6,other,labelled,other__6:6,6,stream,0,0,3.9603,
screen,other__6,other,labelled,other__6:7,7,stream,0,0,3.517,
screen,other__6,other,labelled,other__6:8,8,stream,0,0,3.6963,
screen,other__6,other,labelled,other__6:9,9,stream,0,0,11.7202,
screen,other__6,other,labelled,other__6:10,10,stream,1,1,193.2009,
screen,other__6,other,labelled,other__6:11,11,stream,1,1,254.4948,
screen,other__6,other,labelled,other__6:12,12,stream,1,1,246.1037,
screen,other__6,other,labelled,other__6:13,13,stream,1,1,247.7294,
screen,other__6,other,labelled,other__6:14,14,stream,1,1,246.3286,
screen,other__6,other,labelled,other__6:15,15,stream,1,1,250.2742,
screen,other__6,other,labelled,other__6:16,16,stream,1,1,224.3419,
screen,other__6,other,labelled,other__6:17,17,stream,1,0,14.4857,
screen,other__6,other,labelled,other__6:18,18,stream,0,0,4.9411,
screen,other__6,other,labelled,other__6:19,19,stream,0,0,5.2214,
screen,other__6,other,labelled,other__6:20,20,stream,0,0,4.1763,
screen,other__7,other,labelled,other__7:0,0,baseline,0,0,4.1777,
screen,other__7,other,labelled,other__7:1,1,baseline,0,0,4.1584,
screen,other__7,other,labelled,other__7:2,2,baseline,0,0,3.9929,
screen,other__7,other,labelled,other__7:3,3,stream,0,0,4.6948,
screen,other__7,other,labelled,other__7:4,4,stream,0,0,5.6055,
screen,other__7,other,labelled,other__7:5,5,stream,0,0,4.207,
screen,other__7,other,labelled,other__7:6,6,stream,0,0,7.8097,
screen,other__7,other,labelled,other__7:7,7,stream,0,0,7.1309,
screen,other__7,other,labelled,other__7:8,8,stream,0,0,4.329,
screen,other__7,other,labelled,other__7:9,9,stream,0,0,3.6363,
screen,other__7,other,labelled,other__7:10,10,stream,1,1,77.4301,
screen,other__7,other,labelled,other__7:11,11,stream,1,1,133.8383,
screen,other__7,other,labelled,other__7:12,12,stream,1,1,172.1049,
screen,other__7,other,labelled,other__7:13,13,stream,1,1,168.3478,
screen,other__7,other,labelled,other__7:14,14,stream,1,1,169.0909,
screen,other__7,other,labelled,other__7:15,15,stream,1,1,166.2815,
screen,other__7,other,labelled,other__7:16,16,stream,1,0,23.2491,
screen,other__7,other,labelled,other__7:17,17,stream,0,0,8.2044,
screen,other__7,other,labelled,other__7:18,18,stream,0,0,6.6535,
screen,other__7,other,labelled,other__7:19,19,stream,0,0,5.152,
screen,other__8,other,labelled,other__8:0,0,baseline,0,0,5.0892,
screen,other__8,other,labelled,other__8:1,1,baseline,0,0,4.8699,
screen,other__8,other,labelled,other__8:2,2,baseline,0,0,4.68,
screen,other__8,other,labelled,other__8:3,3,stream,0,0,5.0253,
screen,other__8,other,labelled,other__8:4,4,stream,0,0,4.9355,
screen,other__8,other,labelled,other__8:5,5,stream,0,0,4.5568,
screen,other__8,other,labelled,other__8:6,6,stream,0,0,5.0519,
screen,other__8,other,labelled,other__8:7,7,stream,0,0,4.9194,
screen,other__8,other,labelled,other__8:8,8,stream,0,0,4.5154,
screen,other__8,other,labelled,other__8:9,9,stream,0,0,5.0565,
screen,other__8,other,labelled,other__8:10,10,stream,1,1,160.0439,
screen,other__8,other,labelled,other__8:11,11,stream,1,1,7.8316,
screen,other__8,other,labelled,other__8:12,12,stream,1,1,9.7373,
screen,other__8,other,labelled,other__8:13,13,stream,1,1,5.8563,
screen,other__8,other,labelled,other__8:14,14,stream,1,1,6.595,
screen,other__8,other,labelled,other__8:15,15,stream,1,1,7.489,
screen,other__8,other,labelled,other__8:16,16,stream,1,1,13.6986,
screen,other__8,other,labelled,other__8:17,17,stream,1,0,170.5398,
screen,other__8,other,labelled,other__8:18,18,stream,0,0,13.6397,
screen,other__8,other,labelled,other__8:19,19,stream,0,0,9.1877,
screen,other__8,other,labelled,other__8:20,20,stream,0,0,4.8872,
screen,other__9,other,labelled,other__9:0,0,baseline,0,0,5.1429,
screen,other__9,other,labelled,other__9:1,1,baseline,0,0,4.5494,
screen,other__9,other,labelled,other__9:2,2,baseline,0,0,5.2868,
screen,other__9,other,labelled,other__9:3,3,stream,0,0,6.2486,
screen,other__9,other,labelled,other__9:4,4,stream,0,0,4.5376,
screen,other__9,other,labelled,other__9:5,5,stream,0,0,5.0655,
screen,other__9,other,labelled,other__9:6,6,stream,0,0,5.0474,
screen,other__9,other,labelled,other__9:7,7,stream,0,0,4.5838,
screen,other__9,other,labelled,other__9:8,8,stream,0,0,4.1525,
screen,other__9,other,labelled,other__9:9,9,stream,1,0,5.09,
screen,other__9,other,labelled,other__9:10,10,stream,1,1,158.679,
screen,other__9,other,labelled,other__9:11,11,stream,1,1,189.861,
screen,other__9,other,labelled,other__9:12,12,stream,1,1,189.1272,
screen,other__9,other,labelled,other__9:13,13,stream,1,1,187.7025,
screen,other__9,other,labelled,other__9:14,14,stream,1,1,187.3179,
screen,other__9,other,labelled,other__9:15,15,stream,1,1,188.0942,
screen,other__9,other,labelled,other__9:16,16,stream,1,1,181.7865,
screen,other__9,other,labelled,other__9:17,17,stream,0,0,8.5048,
screen,other__9,other,labelled,other__9:18,18,stream,0,0,8.8315,
screen,other__9,other,labelled,other__9:19,19,stream,0,0,9.043,
screen,valve1__0,valve1,labelled,valve1__0:0,0,baseline,0,0,2.9893,
screen,valve1__0,valve1,labelled,valve1__0:1,1,baseline,0,0,2.6119,
screen,valve1__0,valve1,labelled,valve1__0:2,2,baseline,0,0,3.0585,
screen,valve1__0,valve1,labelled,valve1__0:3,3,stream,0,0,4.0672,
screen,valve1__0,valve1,labelled,valve1__0:4,4,stream,0,0,7.3258,
screen,valve1__0,valve1,labelled,valve1__0:5,5,stream,0,0,7.1813,
screen,valve1__0,valve1,labelled,valve1__0:6,6,stream,0,0,6.3417,
screen,valve1__0,valve1,labelled,valve1__0:7,7,stream,0,0,5.9161,
screen,valve1__0,valve1,labelled,valve1__0:8,8,stream,0,0,7.0212,
screen,valve1__0,valve1,labelled,valve1__0:9,9,stream,0,0,7.285,
screen,valve1__0,valve1,labelled,valve1__0:10,10,stream,1,1,11.7403,
screen,valve1__0,valve1,labelled,valve1__0:11,11,stream,1,1,26.7489,
screen,valve1__0,valve1,labelled,valve1__0:12,12,stream,1,1,28.2403,
screen,valve1__0,valve1,labelled,valve1__0:13,13,stream,1,1,24.5498,
screen,valve1__0,valve1,labelled,valve1__0:14,14,stream,1,1,22.501,
screen,valve1__0,valve1,labelled,valve1__0:15,15,stream,1,1,20.9279,
screen,valve1__0,valve1,labelled,valve1__0:16,16,stream,1,1,18.7004,
screen,valve1__0,valve1,labelled,valve1__0:17,17,stream,0,0,22.2542,
screen,valve1__0,valve1,labelled,valve1__0:18,18,stream,0,0,23.9254,
screen,valve1__0,valve1,labelled,valve1__0:19,19,stream,0,0,22.0633,
screen,valve1__1,valve1,labelled,valve1__1:0,0,baseline,0,0,2.8847,
screen,valve1__1,valve1,labelled,valve1__1:1,1,baseline,0,0,2.91,
screen,valve1__1,valve1,labelled,valve1__1:2,2,baseline,0,0,2.9176,
screen,valve1__1,valve1,labelled,valve1__1:3,3,stream,0,0,7.2275,
screen,valve1__1,valve1,labelled,valve1__1:4,4,stream,0,0,11.2301,
screen,valve1__1,valve1,labelled,valve1__1:5,5,stream,0,0,11.6903,
screen,valve1__1,valve1,labelled,valve1__1:6,6,stream,0,0,10.0268,
screen,valve1__1,valve1,labelled,valve1__1:7,7,stream,0,0,7.5828,
screen,valve1__1,valve1,labelled,valve1__1:8,8,stream,0,0,7.3235,
screen,valve1__1,valve1,labelled,valve1__1:9,9,stream,0,0,7.3736,
screen,valve1__1,valve1,labelled,valve1__1:10,10,stream,1,1,7.2538,
screen,valve1__1,valve1,labelled,valve1__1:11,11,stream,1,1,8.1805,
screen,valve1__1,valve1,labelled,valve1__1:12,12,stream,1,1,7.4205,
screen,valve1__1,valve1,labelled,valve1__1:13,13,stream,1,1,6.4624,
screen,valve1__1,valve1,labelled,valve1__1:14,14,stream,1,1,8.3536,
screen,valve1__1,valve1,labelled,valve1__1:15,15,stream,1,1,17.1144,
screen,valve1__1,valve1,labelled,valve1__1:16,16,stream,1,1,17.4228,
screen,valve1__1,valve1,labelled,valve1__1:17,17,stream,1,0,16.5146,
screen,valve1__1,valve1,labelled,valve1__1:18,18,stream,0,0,18.5863,
screen,valve1__1,valve1,labelled,valve1__1:19,19,stream,0,0,12.5037,
screen,valve1__1,valve1,labelled,valve1__1:20,20,stream,0,0,11.1583,
screen,valve1__10,valve1,labelled,valve1__10:0,0,baseline,0,0,66.8223,
screen,valve1__10,valve1,labelled,valve1__10:1,1,baseline,0,0,66.8223,
screen,valve1__10,valve1,labelled,valve1__10:2,2,baseline,0,0,66.8018,
screen,valve1__10,valve1,labelled,valve1__10:3,3,stream,0,0,66.8018,
screen,valve1__10,valve1,labelled,valve1__10:4,4,stream,0,0,66.7882,
screen,valve1__10,valve1,labelled,valve1__10:5,5,stream,0,0,66.7882,
screen,valve1__10,valve1,labelled,valve1__10:6,6,stream,0,0,66.7882,
screen,valve1__10,valve1,labelled,valve1__10:7,7,stream,0,0,66.7678,
screen,valve1__10,valve1,labelled,valve1__10:8,8,stream,0,0,66.7678,
screen,valve1__10,valve1,labelled,valve1__10:9,9,stream,0,0,66.7541,
screen,valve1__10,valve1,labelled,valve1__10:10,10,stream,1,1,66.7541,
screen,valve1__10,valve1,labelled,valve1__10:11,11,stream,1,1,202.9536,
screen,valve1__10,valve1,labelled,valve1__10:12,12,stream,1,1,202.9536,
screen,valve1__10,valve1,labelled,valve1__10:13,13,stream,1,1,202.9331,
screen,valve1__10,valve1,labelled,valve1__10:14,14,stream,1,1,204.3911,
screen,valve1__10,valve1,labelled,valve1__10:15,15,stream,1,1,204.3911,
screen,valve1__10,valve1,labelled,valve1__10:16,16,stream,1,1,136.2608,
screen,valve1__10,valve1,labelled,valve1__10:17,17,stream,0,0,66.686,
screen,valve1__10,valve1,labelled,valve1__10:18,18,stream,0,0,66.686,
screen,valve1__10,valve1,labelled,valve1__10:19,19,stream,0,0,66.6724,
screen,valve1__11,valve1,labelled,valve1__11:0,0,baseline,0,0,2.566,
screen,valve1__11,valve1,labelled,valve1__11:1,1,baseline,0,0,2.8507,
screen,valve1__11,valve1,labelled,valve1__11:2,2,baseline,0,0,2.6336,
screen,valve1__11,valve1,labelled,valve1__11:3,3,stream,0,0,8.3076,
screen,valve1__11,valve1,labelled,valve1__11:4,4,stream,0,0,10.6347,
screen,valve1__11,valve1,labelled,valve1__11:5,5,stream,0,0,10.1695,
screen,valve1__11,valve1,labelled,valve1__11:6,6,stream,0,0,7.728,
screen,valve1__11,valve1,labelled,valve1__11:7,7,stream,0,0,6.9125,
screen,valve1__11,valve1,labelled,valve1__11:8,8,stream,0,0,5.1291,
screen,valve1__11,valve1,labelled,valve1__11:9,9,stream,0,0,3.7183,
screen,valve1__11,valve1,labelled,valve1__11:10,10,stream,1,1,3.113,
screen,valve1__11,valve1,labelled,valve1__11:11,11,stream,1,1,2.7671,
screen,valve1__11,valve1,labelled,valve1__11:12,12,stream,1,1,3.6062,
screen,valve1__11,valve1,labelled,valve1__11:13,13,stream,1,1,5.712,
screen,valve1__11,valve1,labelled,valve1__11:14,14,stream,1,1,4.9795,
screen,valve1__11,valve1,labelled,valve1__11:15,15,stream,1,1,3.1553,
screen,valve1__11,valve1,labelled,valve1__11:16,16,stream,1,1,2.6284,
screen,valve1__11,valve1,labelled,valve1__11:17,17,stream,1,0,5.664,
screen,valve1__11,valve1,labelled,valve1__11:18,18,stream,0,0,4.8339,
screen,valve1__11,valve1,labelled,valve1__11:19,19,stream,0,0,5.1538,
screen,valve1__11,valve1,labelled,valve1__11:20,20,stream,0,0,4.4361,
screen,valve1__12,valve1,labelled,valve1__12:0,0,baseline,0,0,26.8557,
screen,valve1__12,valve1,labelled,valve1__12:1,1,baseline,0,0,26.8557,
screen,valve1__12,valve1,labelled,valve1__12:2,2,baseline,0,0,26.8557,
screen,valve1__12,valve1,labelled,valve1__12:3,3,stream,0,0,26.1923,
screen,valve1__12,valve1,labelled,valve1__12:4,4,stream,0,0,26.1923,
screen,valve1__12,valve1,labelled,valve1__12:5,5,stream,0,0,27.5165,
screen,valve1__12,valve1,labelled,valve1__12:6,6,stream,0,0,27.5165,
screen,valve1__12,valve1,labelled,valve1__12:7,7,stream,0,0,27.5082,
screen,valve1__12,valve1,labelled,valve1__12:8,8,stream,0,0,27.5082,
screen,valve1__12,valve1,labelled,valve1__12:9,9,stream,0,0,27.5027,
screen,valve1__12,valve1,labelled,valve1__12:10,10,stream,1,1,110.0907,
screen,valve1__12,valve1,labelled,valve1__12:11,11,stream,1,1,110.0852,
screen,valve1__12,valve1,labelled,valve1__12:12,12,stream,1,1,110.7954,
screen,valve1__12,valve1,labelled,valve1__12:13,13,stream,1,1,110.7954,
screen,valve1__12,valve1,labelled,valve1__12:14,14,stream,1,1,110.0769,
screen,valve1__12,valve1,labelled,valve1__12:15,15,stream,1,1,110.0769,
screen,valve1__12,valve1,labelled,valve1__12:16,16,stream,1,1,110.0714,
screen,valve1__12,valve1,labelled,valve1__12:17,17,stream,1,0,83.2652,
screen,valve1__12,valve1,labelled,valve1__12:18,18,stream,0,0,27.4752,
screen,valve1__12,valve1,labelled,valve1__12:19,19,stream,0,0,27.4752,
screen,valve1__12,valve1,labelled,valve1__12:20,20,stream,0,0,5.6893,
screen,valve1__13,valve1,labelled,valve1__13:0,0,baseline,0,0,25.1676,
screen,valve1__13,valve1,labelled,valve1__13:1,1,baseline,0,0,24.5132,
screen,valve1__13,valve1,labelled,valve1__13:2,2,baseline,0,0,24.5082,
screen,valve1__13,valve1,labelled,valve1__13:3,3,stream,0,0,25.1676,
screen,valve1__13,valve1,labelled,valve1__13:4,4,stream,0,0,25.1676,
screen,valve1__13,valve1,labelled,valve1__13:5,5,stream,0,0,25.1676,
screen,valve1__13,valve1,labelled,valve1__13:6,6,stream,0,0,25.1676,
screen,valve1__13,valve1,labelled,valve1__13:7,7,stream,0,0,25.1676,
screen,valve1__13,valve1,labelled,valve1__13:8,8,stream,0,0,25.1676,
screen,valve1__13,valve1,labelled,valve1__13:9,9,stream,0,0,25.1676,
screen,valve1__13,valve1,labelled,valve1__13:10,10,stream,1,1,200.6333,
screen,valve1__13,valve1,labelled,valve1__13:11,11,stream,1,1,225.7984,
screen,valve1__13,valve1,labelled,valve1__13:12,12,stream,1,1,226.5081,
screen,valve1__13,valve1,labelled,valve1__13:13,13,stream,1,1,226.5081,
screen,valve1__13,valve1,labelled,valve1__13:14,14,stream,1,1,226.5081,
screen,valve1__13,valve1,labelled,valve1__13:15,15,stream,1,1,225.7858,
screen,valve1__13,valve1,labelled,valve1__13:16,16,stream,1,1,202.0326,
screen,valve1__13,valve1,labelled,valve1__13:17,17,stream,0,0,25.1676,
screen,valve1__13,valve1,labelled,valve1__13:18,18,stream,0,0,25.1676,
screen,valve1__13,valve1,labelled,valve1__13:19,19,stream,0,0,25.1676,
screen,valve1__14,valve1,labelled,valve1__14:0,0,baseline,0,0,2.8189,
screen,valve1__14,valve1,labelled,valve1__14:1,1,baseline,0,0,3.1144,
screen,valve1__14,valve1,labelled,valve1__14:2,2,baseline,0,0,2.9076,
screen,valve1__14,valve1,labelled,valve1__14:3,3,stream,0,0,3.108,
screen,valve1__14,valve1,labelled,valve1__14:4,4,stream,0,0,3.3168,
screen,valve1__14,valve1,labelled,valve1__14:5,5,stream,0,0,3.1366,
screen,valve1__14,valve1,labelled,valve1__14:6,6,stream,0,0,3.4377,
screen,valve1__14,valve1,labelled,valve1__14:7,7,stream,0,0,3.8864,
screen,valve1__14,valve1,labelled,valve1__14:8,8,stream,0,0,3.5564,
screen,valve1__14,valve1,labelled,valve1__14:9,9,stream,0,0,3.6156,
screen,valve1__14,valve1,labelled,valve1__14:10,10,stream,1,1,3.322,
screen,valve1__14,valve1,labelled,valve1__14:11,11,stream,1,1,3.4317,
screen,valve1__14,valve1,labelled,valve1__14:12,12,stream,1,1,3.6435,
screen,valve1__14,valve1,labelled,valve1__14:13,13,stream,1,1,3.8048,
screen,valve1__14,valve1,labelled,valve1__14:14,14,stream,1,1,3.7199,
screen,valve1__14,valve1,labelled,valve1__14:15,15,stream,1,1,4.1959,
screen,valve1__14,valve1,labelled,valve1__14:16,16,stream,1,1,3.528,
screen,valve1__14,valve1,labelled,valve1__14:17,17,stream,0,0,2.9339,
screen,valve1__14,valve1,labelled,valve1__14:18,18,stream,0,0,3.3304,
screen,valve1__14,valve1,labelled,valve1__14:19,19,stream,0,0,3.4637,
screen,valve1__15,valve1,labelled,valve1__15:0,0,baseline,0,0,22.0422,
screen,valve1__15,valve1,labelled,valve1__15:1,1,baseline,0,0,21.3677,
screen,valve1__15,valve1,labelled,valve1__15:2,2,baseline,0,0,21.3677,
screen,valve1__15,valve1,labelled,valve1__15:3,3,stream,0,0,21.3677,
screen,valve1__15,valve1,labelled,valve1__15:4,4,stream,0,0,21.3677,
screen,valve1__15,valve1,labelled,valve1__15:5,5,stream,0,0,21.3677,
screen,valve1__15,valve1,labelled,valve1__15:6,6,stream,0,0,21.3677,
screen,valve1__15,valve1,labelled,valve1__15:7,7,stream,0,0,22.0268,
screen,valve1__15,valve1,labelled,valve1__15:8,8,stream,0,0,22.0268,
screen,valve1__15,valve1,labelled,valve1__15:9,9,stream,0,0,22.0223,
screen,valve1__15,valve1,labelled,valve1__15:10,10,stream,1,1,132.2751,
screen,valve1__15,valve1,labelled,valve1__15:11,11,stream,1,1,241.7895,
screen,valve1__15,valve1,labelled,valve1__15:12,12,stream,1,1,241.7895,
screen,valve1__15,valve1,labelled,valve1__15:13,13,stream,1,1,241.7895,
screen,valve1__15,valve1,labelled,valve1__15:14,14,stream,1,1,241.7895,
screen,valve1__15,valve1,labelled,valve1__15:15,15,stream,1,1,241.0533,
screen,valve1__15,valve1,labelled,valve1__15:16,16,stream,1,1,219.7473,
screen,valve1__15,valve1,labelled,valve1__15:17,17,stream,1,0,42.6715,
screen,valve1__15,valve1,labelled,valve1__15:18,18,stream,0,0,41.911,
screen,valve1__15,valve1,labelled,valve1__15:19,19,stream,0,0,21.3677,
screen,valve1__15,valve1,labelled,valve1__15:20,20,stream,0,0,20.6249,
screen,valve1__2,valve1,labelled,valve1__2:0,0,baseline,0,0,1122.9147,
screen,valve1__2,valve1,labelled,valve1__2:1,1,baseline,0,0,561.4011,
screen,valve1__2,valve1,labelled,valve1__2:2,2,baseline,0,0,561.4011,
screen,valve1__2,valve1,labelled,valve1__2:3,3,stream,0,0,562.0756,
screen,valve1__2,valve1,labelled,valve1__2:4,4,stream,0,0,561.9632,
screen,valve1__2,valve1,labelled,valve1__2:5,5,stream,0,0,561.9632,
screen,valve1__2,valve1,labelled,valve1__2:6,6,stream,0,0,560.4456,
screen,valve1__2,valve1,labelled,valve1__2:7,7,stream,0,0,561.7946,
screen,valve1__2,valve1,labelled,valve1__2:8,8,stream,0,0,561.6822,
screen,valve1__2,valve1,labelled,valve1__2:9,9,stream,0,0,561.6822,
screen,valve1__2,valve1,labelled,valve1__2:10,10,stream,0,0,,Accelerometer1RMS: no rows in window; Accelerometer2RMS: no rows in window; Current: no rows in window; Temperature: no rows in window; Thermocouple: no rows in window; Voltage: no rows in window; Volume Flow RateRMS: no rows in window
screen,valve1__2,valve1,labelled,valve1__2:11,11,stream,1,1,1120.6664,
screen,valve1__2,valve1,labelled,valve1__2:12,12,stream,1,1,1122.0716,
screen,valve1__2,valve1,labelled,valve1__2:13,13,stream,1,1,1122.0716,
screen,valve1__2,valve1,labelled,valve1__2:14,14,stream,1,1,561.4011,
screen,valve1__2,valve1,labelled,valve1__2:15,15,stream,1,1,561.4011,
screen,valve1__2,valve1,labelled,valve1__2:16,16,stream,1,1,561.4011,
screen,valve1__2,valve1,labelled,valve1__2:17,17,stream,0,0,561.1201,
screen,valve1__2,valve1,labelled,valve1__2:18,18,stream,0,0,561.0077,
screen,valve1__2,valve1,labelled,valve1__2:19,19,stream,0,0,561.0077,
screen,valve1__3,valve1,labelled,valve1__3:0,0,baseline,0,0,2.5691,
screen,valve1__3,valve1,labelled,valve1__3:1,1,baseline,0,0,4.6052,
screen,valve1__3,valve1,labelled,valve1__3:2,2,baseline,0,0,3.374,
screen,valve1__3,valve1,labelled,valve1__3:3,3,stream,0,0,2.5229,
screen,valve1__3,valve1,labelled,valve1__3:4,4,stream,0,0,2.5531,
screen,valve1__3,valve1,labelled,valve1__3:5,5,stream,0,0,2.2959,
screen,valve1__3,valve1,labelled,valve1__3:6,6,stream,0,0,2.2423,
screen,valve1__3,valve1,labelled,valve1__3:7,7,stream,0,0,2.5695,
screen,valve1__3,valve1,labelled,valve1__3:8,8,stream,0,0,2.4011,
screen,valve1__3,valve1,labelled,valve1__3:9,9,stream,0,0,2.7432,
screen,valve1__3,valve1,labelled,valve1__3:10,10,stream,1,1,2.5014,
screen,valve1__3,valve1,labelled,valve1__3:11,11,stream,1,1,2.6128,
screen,valve1__3,valve1,labelled,valve1__3:12,12,stream,1,1,2.4649,
screen,valve1__3,valve1,labelled,valve1__3:13,13,stream,1,1,2.9726,
screen,valve1__3,valve1,labelled,valve1__3:14,14,stream,1,1,2.7465,
screen,valve1__3,valve1,labelled,valve1__3:15,15,stream,1,1,2.6074,
screen,valve1__3,valve1,labelled,valve1__3:16,16,stream,1,1,2.6012,
screen,valve1__3,valve1,labelled,valve1__3:17,17,stream,1,0,2.555,
screen,valve1__3,valve1,labelled,valve1__3:18,18,stream,0,0,3.1054,
screen,valve1__3,valve1,labelled,valve1__3:19,19,stream,0,0,3.6546,
screen,valve1__3,valve1,labelled,valve1__3:20,20,stream,0,0,3.4222,
screen,valve1__4,valve1,labelled,valve1__4:0,0,baseline,0,0,3.4396,
screen,valve1__4,valve1,labelled,valve1__4:1,1,baseline,0,0,2.7395,
screen,valve1__4,valve1,labelled,valve1__4:2,2,baseline,0,0,4.2621,
screen,valve1__4,valve1,labelled,valve1__4:3,3,stream,0,0,6.8735,
screen,valve1__4,valve1,labelled,valve1__4:4,4,stream,0,0,26.0712,
screen,valve1__4,valve1,labelled,valve1__4:5,5,stream,0,0,25.6646,
screen,valve1__4,valve1,labelled,valve1__4:6,6,stream,0,0,18.6027,
screen,valve1__4,valve1,labelled,valve1__4:7,7,stream,0,0,16.278,
screen,valve1__4,valve1,labelled,valve1__4:8,8,stream,0,0,13.8198,
screen,valve1__4,valve1,labelled,valve1__4:9,9,stream,0,0,11.6397,
screen,valve1__4,valve1,labelled,valve1__4:10,10,stream,1,1,11.0193,
screen,valve1__4,valve1,labelled,valve1__4:11,11,stream,1,1,10.2791,
screen,valve1__4,valve1,labelled,valve1__4:12,12,stream,1,1,9.8935,
screen,valve1__4,valve1,labelled,valve1__4:13,13,stream,1,1,8.9908,
screen,valve1__4,valve1,labelled,valve1__4:14,14,stream,1,1,6.8792,
screen,valve1__4,valve1,labelled,valve1__4:15,15,stream,1,1,9.1251,
screen,valve1__4,valve1,labelled,valve1__4:16,16,stream,1,1,9.2139,
screen,valve1__4,valve1,labelled,valve1__4:17,17,stream,0,0,7.0677,
screen,valve1__4,valve1,labelled,valve1__4:18,18,stream,0,0,7.3118,
screen,valve1__4,valve1,labelled,valve1__4:19,19,stream,0,0,9.2345,
screen,valve1__5,valve1,labelled,valve1__5:0,0,baseline,0,0,2.894,
screen,valve1__5,valve1,labelled,valve1__5:1,1,baseline,0,0,3.6924,
screen,valve1__5,valve1,labelled,valve1__5:2,2,baseline,0,0,3.6228,
screen,valve1__5,valve1,labelled,valve1__5:3,3,stream,0,0,3.5741,
screen,valve1__5,valve1,labelled,valve1__5:4,4,stream,0,0,5.5562,
screen,valve1__5,valve1,labelled,valve1__5:5,5,stream,0,0,6.9971,
screen,valve1__5,valve1,labelled,valve1__5:6,6,stream,0,0,4.6797,
screen,valve1__5,valve1,labelled,valve1__5:7,7,stream,0,0,4.7701,
screen,valve1__5,valve1,labelled,valve1__5:8,8,stream,0,0,4.5546,
screen,valve1__5,valve1,labelled,valve1__5:9,9,stream,0,0,4.2208,
screen,valve1__5,valve1,labelled,valve1__5:10,10,stream,1,1,5.8618,
screen,valve1__5,valve1,labelled,valve1__5:11,11,stream,1,1,7.1969,
screen,valve1__5,valve1,labelled,valve1__5:12,12,stream,1,1,8.9214,
screen,valve1__5,valve1,labelled,valve1__5:13,13,stream,1,1,8.6293,
screen,valve1__5,valve1,labelled,valve1__5:14,14,stream,1,1,7.7671,
screen,valve1__5,valve1,labelled,valve1__5:15,15,stream,1,1,10.1243,
screen,valve1__5,valve1,labelled,valve1__5:16,16,stream,1,1,11.5915,
screen,valve1__5,valve1,labelled,valve1__5:17,17,stream,0,0,8.8031,
screen,valve1__5,valve1,labelled,valve1__5:18,18,stream,0,0,9.5541,
screen,valve1__5,valve1,labelled,valve1__5:19,19,stream,0,0,10.5207,
screen,valve1__6,valve1,labelled,valve1__6:0,0,baseline,0,0,2.7955,
screen,valve1__6,valve1,labelled,valve1__6:1,1,baseline,0,0,2.4383,
screen,valve1__6,valve1,labelled,valve1__6:2,2,baseline,0,0,2.6234,
screen,valve1__6,valve1,labelled,valve1__6:3,3,stream,0,0,9.0966,
screen,valve1__6,valve1,labelled,valve1__6:4,4,stream,0,0,16.7301,
screen,valve1__6,valve1,labelled,valve1__6:5,5,stream,0,0,16.1606,
screen,valve1__6,valve1,labelled,valve1__6:6,6,stream,0,0,12.1733,
screen,valve1__6,valve1,labelled,valve1__6:7,7,stream,0,0,12.2751,
screen,valve1__6,valve1,labelled,valve1__6:8,8,stream,0,0,12.3145,
screen,valve1__6,valve1,labelled,valve1__6:9,9,stream,0,0,11.6384,
screen,valve1__6,valve1,labelled,valve1__6:10,10,stream,1,1,11.7141,
screen,valve1__6,valve1,labelled,valve1__6:11,11,stream,1,1,10.355,
screen,valve1__6,valve1,labelled,valve1__6:12,12,stream,1,1,10.4376,
screen,valve1__6,valve1,labelled,valve1__6:13,13,stream,1,1,9.9261,
screen,valve1__6,valve1,labelled,valve1__6:14,14,stream,1,1,9.7842,
screen,valve1__6,valve1,labelled,valve1__6:15,15,stream,1,1,9.4429,
screen,valve1__6,valve1,labelled,valve1__6:16,16,stream,1,1,10.418,
screen,valve1__6,valve1,labelled,valve1__6:17,17,stream,1,0,11.4907,
screen,valve1__6,valve1,labelled,valve1__6:18,18,stream,0,0,11.8402,
screen,valve1__6,valve1,labelled,valve1__6:19,19,stream,0,0,13.116,
screen,valve1__7,valve1,labelled,valve1__7:0,0,baseline,0,0,50.8134,
screen,valve1__7,valve1,labelled,valve1__7:1,1,baseline,0,0,50.8134,
screen,valve1__7,valve1,labelled,valve1__7:2,2,baseline,0,0,50.8134,
screen,valve1__7,valve1,labelled,valve1__7:3,3,stream,0,0,50.8134,
screen,valve1__7,valve1,labelled,valve1__7:4,4,stream,0,0,50.8134,
screen,valve1__7,valve1,labelled,valve1__7:5,5,stream,0,0,50.8134,
screen,valve1__7,valve1,labelled,valve1__7:6,6,stream,0,0,50.8134,
screen,valve1__7,valve1,labelled,valve1__7:7,7,stream,0,0,50.8134,
screen,valve1__7,valve1,labelled,valve1__7:8,8,stream,0,0,50.8134,
screen,valve1__7,valve1,labelled,valve1__7:9,9,stream,0,0,50.8134,
screen,valve1__7,valve1,labelled,valve1__7:10,10,stream,1,1,103.6502,
screen,valve1__7,valve1,labelled,valve1__7:11,11,stream,1,1,206.6259,
screen,valve1__7,valve1,labelled,valve1__7:12,12,stream,1,1,205.8947,
screen,valve1__7,valve1,labelled,valve1__7:13,13,stream,1,1,205.8844,
screen,valve1__7,valve1,labelled,valve1__7:14,14,stream,1,1,205.8844,
screen,valve1__7,valve1,labelled,valve1__7:15,15,stream,1,1,205.869,
screen,valve1__7,valve1,labelled,valve1__7:16,16,stream,1,1,205.869,
screen,valve1__7,valve1,labelled,valve1__7:17,17,stream,1,0,51.3952,
screen,valve1__7,valve1,labelled,valve1__7:18,18,stream,0,0,51.3952,
screen,valve1__7,valve1,labelled,valve1__7:19,19,stream,0,0,51.3952,
screen,valve1__7,valve1,labelled,valve1__7:20,20,stream,0,0,5.3444,
screen,valve1__8,valve1,labelled,valve1__8:0,0,baseline,0,0,2.7274,
screen,valve1__8,valve1,labelled,valve1__8:1,1,baseline,0,0,2.6821,
screen,valve1__8,valve1,labelled,valve1__8:2,2,baseline,0,0,3.5708,
screen,valve1__8,valve1,labelled,valve1__8:3,3,stream,0,0,3.9479,
screen,valve1__8,valve1,labelled,valve1__8:4,4,stream,0,0,2.6535,
screen,valve1__8,valve1,labelled,valve1__8:5,5,stream,0,0,3.4756,
screen,valve1__8,valve1,labelled,valve1__8:6,6,stream,0,0,4.1466,
screen,valve1__8,valve1,labelled,valve1__8:7,7,stream,0,0,4.3295,
screen,valve1__8,valve1,labelled,valve1__8:8,8,stream,0,0,3.9748,
screen,valve1__8,valve1,labelled,valve1__8:9,9,stream,1,0,4.641,
screen,valve1__8,valve1,labelled,valve1__8:10,10,stream,1,1,4.8809,
screen,valve1__8,valve1,labelled,valve1__8:11,11,stream,1,1,6.3578,
screen,valve1__8,valve1,labelled,valve1__8:12,12,stream,1,1,7.0096,
screen,valve1__8,valve1,labelled,valve1__8:13,13,stream,1,1,6.7428,
screen,valve1__8,valve1,labelled,valve1__8:14,14,stream,1,1,7.4978,
screen,valve1__8,valve1,labelled,valve1__8:15,15,stream,1,1,8.3057,
screen,valve1__8,valve1,labelled,valve1__8:16,16,stream,1,1,7.7508,
screen,valve1__8,valve1,labelled,valve1__8:17,17,stream,0,0,8.0162,
screen,valve1__8,valve1,labelled,valve1__8:18,18,stream,0,0,8.6206,
screen,valve1__8,valve1,labelled,valve1__8:19,19,stream,0,0,7.9674,
screen,valve1__9,valve1,labelled,valve1__9:0,0,baseline,0,0,3.6532,
screen,valve1__9,valve1,labelled,valve1__9:1,1,baseline,0,0,2.2296,
screen,valve1__9,valve1,labelled,valve1__9:2,2,baseline,0,0,2.4432,
screen,valve1__9,valve1,labelled,valve1__9:3,3,stream,0,0,2.7504,
screen,valve1__9,valve1,labelled,valve1__9:4,4,stream,0,0,2.8093,
screen,valve1__9,valve1,labelled,valve1__9:5,5,stream,0,0,4.3744,
screen,valve1__9,valve1,labelled,valve1__9:6,6,stream,0,0,3.7195,
screen,valve1__9,valve1,labelled,valve1__9:7,7,stream,0,0,5.4096,
screen,valve1__9,valve1,labelled,valve1__9:8,8,stream,0,0,7.3321,
screen,valve1__9,valve1,labelled,valve1__9:9,9,stream,0,0,7.2322,
screen,valve1__9,valve1,labelled,valve1__9:10,10,stream,1,1,8.2714,
screen,valve1__9,valve1,labelled,valve1__9:11,11,stream,1,1,8.5025,
screen,valve1__9,valve1,labelled,valve1__9:12,12,stream,1,1,6.3055,
screen,valve1__9,valve1,labelled,valve1__9:13,13,stream,1,1,5.0358,
screen,valve1__9,valve1,labelled,valve1__9:14,14,stream,1,1,5.7823,
screen,valve1__9,valve1,labelled,valve1__9:15,15,stream,1,1,6.0544,
screen,valve1__9,valve1,labelled,valve1__9:16,16,stream,1,1,8.014,
screen,valve1__9,valve1,labelled,valve1__9:17,17,stream,1,0,7.3486,
screen,valve1__9,valve1,labelled,valve1__9:18,18,stream,0,0,7.367,
screen,valve1__9,valve1,labelled,valve1__9:19,19,stream,0,0,10.1236,
screen,valve1__9,valve1,labelled,valve1__9:20,20,stream,0,0,7.3543,
screen,valve2__0,valve2,labelled,valve2__0:0,0,baseline,0,0,17.8555,
screen,valve2__0,valve2,labelled,valve2__0:1,1,baseline,0,0,17.8555,
screen,valve2__0,valve2,labelled,valve2__0:2,2,baseline,0,0,17.1995,
screen,valve2__0,valve2,labelled,valve2__0:3,3,stream,0,0,17.8555,
screen,valve2__0,valve2,labelled,valve2__0:4,4,stream,0,0,17.8555,
screen,valve2__0,valve2,labelled,valve2__0:5,5,stream,0,0,18.5207,
screen,valve2__0,valve2,labelled,valve2__0:6,6,stream,0,0,17.8555,
screen,valve2__0,valve2,labelled,valve2__0:7,7,stream,0,0,18.5151,
screen,valve2__0,valve2,labelled,valve2__0:8,8,stream,0,0,17.8054,
screen,valve2__0,valve2,labelled,valve2__0:9,9,stream,0,0,18.5151,
screen,valve2__0,valve2,labelled,valve2__0:10,10,stream,1,1,19.2045,
screen,valve2__0,valve2,labelled,valve2__0:11,11,stream,1,1,19.2045,
screen,valve2__0,valve2,labelled,valve2__0:12,12,stream,1,1,19.2045,
screen,valve2__0,valve2,labelled,valve2__0:13,13,stream,1,1,19.2045,
screen,valve2__0,valve2,labelled,valve2__0:14,14,stream,1,1,19.2045,
screen,valve2__0,valve2,labelled,valve2__0:15,15,stream,1,1,25.144,
screen,valve2__0,valve2,labelled,valve2__0:16,16,stream,1,1,23.5222,
screen,valve2__0,valve2,labelled,valve2__0:17,17,stream,0,0,18.4966,
screen,valve2__0,valve2,labelled,valve2__0:18,18,stream,0,0,18.4929,
screen,valve2__0,valve2,labelled,valve2__0:19,19,stream,0,0,17.8555,
screen,valve2__1,valve2,labelled,valve2__1:0,0,baseline,0,0,3.1179,
screen,valve2__1,valve2,labelled,valve2__1:1,1,baseline,0,0,2.7256,
screen,valve2__1,valve2,labelled,valve2__1:2,2,baseline,0,0,5.003,
screen,valve2__1,valve2,labelled,valve2__1:3,3,stream,0,0,8.0035,
screen,valve2__1,valve2,labelled,valve2__1:4,4,stream,0,0,8.7547,
screen,valve2__1,valve2,labelled,valve2__1:5,5,stream,0,0,7.2201,
screen,valve2__1,valve2,labelled,valve2__1:6,6,stream,0,0,5.8808,
screen,valve2__1,valve2,labelled,valve2__1:7,7,stream,0,0,14.6129,
screen,valve2__1,valve2,labelled,valve2__1:8,8,stream,0,0,10.5885,
screen,valve2__1,valve2,labelled,valve2__1:9,9,stream,0,0,5.2289,
screen,valve2__1,valve2,labelled,valve2__1:10,10,stream,1,1,4.5125,
screen,valve2__1,valve2,labelled,valve2__1:11,11,stream,1,1,3.7831,
screen,valve2__1,valve2,labelled,valve2__1:12,12,stream,1,1,6.8893,
screen,valve2__1,valve2,labelled,valve2__1:13,13,stream,1,1,5.592,
screen,valve2__1,valve2,labelled,valve2__1:14,14,stream,1,1,8.0705,
screen,valve2__1,valve2,labelled,valve2__1:15,15,stream,0,0,,Accelerometer1RMS: no rows in window; Accelerometer2RMS: no rows in window; Current: no rows in window; Pressure: no rows in window; Temperature: no rows in window; Thermocouple: no rows in window; Voltage: no rows in window
screen,valve2__1,valve2,labelled,valve2__1:16,16,stream,1,1,13.8852,
screen,valve2__1,valve2,labelled,valve2__1:17,17,stream,0,0,14.1038,
screen,valve2__1,valve2,labelled,valve2__1:18,18,stream,0,0,8.6724,
screen,valve2__1,valve2,labelled,valve2__1:19,19,stream,0,0,6.1963,
screen,valve2__1,valve2,labelled,valve2__1:20,20,stream,0,0,3.9006,
screen,valve2__2,valve2,labelled,valve2__2:0,0,baseline,0,0,3.8654,
screen,valve2__2,valve2,labelled,valve2__2:1,1,baseline,0,0,3.7918,
screen,valve2__2,valve2,labelled,valve2__2:2,2,baseline,0,0,3.8753,
screen,valve2__2,valve2,labelled,valve2__2:3,3,stream,0,0,3.7586,
screen,valve2__2,valve2,labelled,valve2__2:4,4,stream,0,0,4.5245,
screen,valve2__2,valve2,labelled,valve2__2:5,5,stream,0,0,4.1256,
screen,valve2__2,valve2,labelled,valve2__2:6,6,stream,0,0,5.344,
screen,valve2__2,valve2,labelled,valve2__2:7,7,stream,0,0,11.1477,
screen,valve2__2,valve2,labelled,valve2__2:8,8,stream,0,0,12.6139,
screen,valve2__2,valve2,labelled,valve2__2:9,9,stream,0,0,10.059,
screen,valve2__2,valve2,labelled,valve2__2:10,10,stream,1,1,9.7675,
screen,valve2__2,valve2,labelled,valve2__2:11,11,stream,1,1,5.9883,
screen,valve2__2,valve2,labelled,valve2__2:12,12,stream,1,1,5.1628,
screen,valve2__2,valve2,labelled,valve2__2:13,13,stream,1,1,5.1767,
screen,valve2__2,valve2,labelled,valve2__2:14,14,stream,1,1,5.6489,
screen,valve2__2,valve2,labelled,valve2__2:15,15,stream,1,1,4.2914,
screen,valve2__2,valve2,labelled,valve2__2:16,16,stream,1,1,5.0587,
screen,valve2__2,valve2,labelled,valve2__2:17,17,stream,0,0,5.084,
screen,valve2__2,valve2,labelled,valve2__2:18,18,stream,0,0,6.433,
screen,valve2__2,valve2,labelled,valve2__2:19,19,stream,0,0,5.9102,
screen,valve2__3,valve2,labelled,valve2__3:0,0,baseline,0,0,3.2612,
screen,valve2__3,valve2,labelled,valve2__3:1,1,baseline,0,0,2.4359,
screen,valve2__3,valve2,labelled,valve2__3:2,2,baseline,0,0,4.0602,
screen,valve2__3,valve2,labelled,valve2__3:3,3,stream,0,0,5.105,
screen,valve2__3,valve2,labelled,valve2__3:4,4,stream,0,0,3.227,
screen,valve2__3,valve2,labelled,valve2__3:5,5,stream,0,0,5.6075,
screen,valve2__3,valve2,labelled,valve2__3:6,6,stream,0,0,3.4121,
screen,valve2__3,valve2,labelled,valve2__3:7,7,stream,0,0,3.7031,
screen,valve2__3,valve2,labelled,valve2__3:8,8,stream,0,0,3.9279,
screen,valve2__3,valve2,labelled,valve2__3:9,9,stream,0,0,3.6237,
screen,valve2__3,valve2,labelled,valve2__3:10,10,stream,1,1,3.9015,
screen,valve2__3,valve2,labelled,valve2__3:11,11,stream,1,1,5.343,
screen,valve2__3,valve2,labelled,valve2__3:12,12,stream,1,1,8.0542,
screen,valve2__3,valve2,labelled,valve2__3:13,13,stream,1,1,8.7287,
screen,valve2__3,valve2,labelled,valve2__3:14,14,stream,1,1,8.5039,
screen,valve2__3,valve2,labelled,valve2__3:15,15,stream,1,1,7.102,
screen,valve2__3,valve2,labelled,valve2__3:16,16,stream,1,1,7.75,
screen,valve2__3,valve2,labelled,valve2__3:17,17,stream,1,0,8.7419,
spc,anomaly-free__anomaly-free,anomaly-free,anomaly_free,anomaly-free__anomaly-free:0,0,baseline,0,0,6.0,
spc,anomaly-free__anomaly-free,anomaly-free,anomaly_free,anomaly-free__anomaly-free:1,1,baseline,0,0,6.0,
spc,anomaly-free__anomaly-free,anomaly-free,anomaly_free,anomaly-free__anomaly-free:2,2,baseline,0,0,11.0,
spc,anomaly-free__anomaly-free,anomaly-free,anomaly_free,anomaly-free__anomaly-free:3,3,stream,0,0,6.0,
spc,anomaly-free__anomaly-free,anomaly-free,anomaly_free,anomaly-free__anomaly-free:4,4,stream,0,0,51.0,
spc,anomaly-free__anomaly-free,anomaly-free,anomaly_free,anomaly-free__anomaly-free:5,5,stream,0,0,70.0,
spc,anomaly-free__anomaly-free,anomaly-free,anomaly_free,anomaly-free__anomaly-free:6,6,stream,0,0,67.0,
spc,anomaly-free__anomaly-free,anomaly-free,anomaly_free,anomaly-free__anomaly-free:7,7,stream,0,0,72.0,
spc,anomaly-free__anomaly-free,anomaly-free,anomaly_free,anomaly-free__anomaly-free:8,8,stream,0,0,69.0,
spc,anomaly-free__anomaly-free,anomaly-free,anomaly_free,anomaly-free__anomaly-free:9,9,stream,0,0,72.0,
spc,anomaly-free__anomaly-free,anomaly-free,anomaly_free,anomaly-free__anomaly-free:10,10,stream,0,0,85.0,
spc,anomaly-free__anomaly-free,anomaly-free,anomaly_free,anomaly-free__anomaly-free:11,11,stream,0,0,103.0,
spc,anomaly-free__anomaly-free,anomaly-free,anomaly_free,anomaly-free__anomaly-free:12,12,stream,0,0,118.0,
spc,anomaly-free__anomaly-free,anomaly-free,anomaly_free,anomaly-free__anomaly-free:13,13,stream,0,0,106.0,
spc,anomaly-free__anomaly-free,anomaly-free,anomaly_free,anomaly-free__anomaly-free:14,14,stream,0,0,79.0,
spc,anomaly-free__anomaly-free,anomaly-free,anomaly_free,anomaly-free__anomaly-free:15,15,stream,0,0,100.0,
spc,anomaly-free__anomaly-free,anomaly-free,anomaly_free,anomaly-free__anomaly-free:16,16,stream,0,0,120.0,
spc,anomaly-free__anomaly-free,anomaly-free,anomaly_free,anomaly-free__anomaly-free:17,17,stream,0,0,110.0,
spc,anomaly-free__anomaly-free,anomaly-free,anomaly_free,anomaly-free__anomaly-free:18,18,stream,0,0,123.0,
spc,anomaly-free__anomaly-free,anomaly-free,anomaly_free,anomaly-free__anomaly-free:19,19,stream,0,0,145.0,
spc,anomaly-free__anomaly-free,anomaly-free,anomaly_free,anomaly-free__anomaly-free:20,20,stream,0,0,151.0,
spc,anomaly-free__anomaly-free,anomaly-free,anomaly_free,anomaly-free__anomaly-free:21,21,stream,0,0,145.0,
spc,anomaly-free__anomaly-free,anomaly-free,anomaly_free,anomaly-free__anomaly-free:22,22,stream,0,0,152.0,
spc,anomaly-free__anomaly-free,anomaly-free,anomaly_free,anomaly-free__anomaly-free:23,23,stream,0,0,197.0,
spc,anomaly-free__anomaly-free,anomaly-free,anomaly_free,anomaly-free__anomaly-free:24,24,stream,0,0,188.0,
spc,anomaly-free__anomaly-free,anomaly-free,anomaly_free,anomaly-free__anomaly-free:25,25,stream,0,0,161.0,
spc,anomaly-free__anomaly-free,anomaly-free,anomaly_free,anomaly-free__anomaly-free:26,26,stream,0,0,161.0,
spc,anomaly-free__anomaly-free,anomaly-free,anomaly_free,anomaly-free__anomaly-free:27,27,stream,0,0,188.0,
spc,anomaly-free__anomaly-free,anomaly-free,anomaly_free,anomaly-free__anomaly-free:28,28,stream,0,0,198.0,
spc,anomaly-free__anomaly-free,anomaly-free,anomaly_free,anomaly-free__anomaly-free:29,29,stream,0,0,206.0,
spc,anomaly-free__anomaly-free,anomaly-free,anomaly_free,anomaly-free__anomaly-free:30,30,stream,0,0,204.0,
spc,anomaly-free__anomaly-free,anomaly-free,anomaly_free,anomaly-free__anomaly-free:31,31,stream,0,0,224.0,
spc,anomaly-free__anomaly-free,anomaly-free,anomaly_free,anomaly-free__anomaly-free:32,32,stream,0,0,216.0,
spc,anomaly-free__anomaly-free,anomaly-free,anomaly_free,anomaly-free__anomaly-free:33,33,stream,0,0,202.0,
spc,anomaly-free__anomaly-free,anomaly-free,anomaly_free,anomaly-free__anomaly-free:34,34,stream,0,0,241.0,
spc,anomaly-free__anomaly-free,anomaly-free,anomaly_free,anomaly-free__anomaly-free:35,35,stream,0,0,205.0,
spc,anomaly-free__anomaly-free,anomaly-free,anomaly_free,anomaly-free__anomaly-free:36,36,stream,0,0,194.0,
spc,anomaly-free__anomaly-free,anomaly-free,anomaly_free,anomaly-free__anomaly-free:37,37,stream,0,0,196.0,
spc,anomaly-free__anomaly-free,anomaly-free,anomaly_free,anomaly-free__anomaly-free:38,38,stream,0,0,218.0,
spc,anomaly-free__anomaly-free,anomaly-free,anomaly_free,anomaly-free__anomaly-free:39,39,stream,0,0,258.0,
spc,anomaly-free__anomaly-free,anomaly-free,anomaly_free,anomaly-free__anomaly-free:40,40,stream,0,0,253.0,
spc,anomaly-free__anomaly-free,anomaly-free,anomaly_free,anomaly-free__anomaly-free:41,41,stream,0,0,243.0,
spc,anomaly-free__anomaly-free,anomaly-free,anomaly_free,anomaly-free__anomaly-free:42,42,stream,0,0,266.0,
spc,anomaly-free__anomaly-free,anomaly-free,anomaly_free,anomaly-free__anomaly-free:43,43,stream,0,0,253.0,
spc,anomaly-free__anomaly-free,anomaly-free,anomaly_free,anomaly-free__anomaly-free:44,44,stream,0,0,214.0,
spc,anomaly-free__anomaly-free,anomaly-free,anomaly_free,anomaly-free__anomaly-free:45,45,stream,0,0,255.0,
spc,anomaly-free__anomaly-free,anomaly-free,anomaly_free,anomaly-free__anomaly-free:46,46,stream,0,0,274.0,
spc,anomaly-free__anomaly-free,anomaly-free,anomaly_free,anomaly-free__anomaly-free:47,47,stream,0,0,266.0,
spc,anomaly-free__anomaly-free,anomaly-free,anomaly_free,anomaly-free__anomaly-free:48,48,stream,0,0,271.0,
spc,anomaly-free__anomaly-free,anomaly-free,anomaly_free,anomaly-free__anomaly-free:49,49,stream,0,0,279.0,
spc,anomaly-free__anomaly-free,anomaly-free,anomaly_free,anomaly-free__anomaly-free:50,50,stream,0,0,277.0,
spc,anomaly-free__anomaly-free,anomaly-free,anomaly_free,anomaly-free__anomaly-free:51,51,stream,0,0,268.0,
spc,anomaly-free__anomaly-free,anomaly-free,anomaly_free,anomaly-free__anomaly-free:52,52,stream,0,0,281.0,
spc,anomaly-free__anomaly-free,anomaly-free,anomaly_free,anomaly-free__anomaly-free:53,53,stream,0,0,280.0,
spc,anomaly-free__anomaly-free,anomaly-free,anomaly_free,anomaly-free__anomaly-free:54,54,stream,0,0,270.0,
spc,anomaly-free__anomaly-free,anomaly-free,anomaly_free,anomaly-free__anomaly-free:55,55,stream,0,0,280.0,
spc,anomaly-free__anomaly-free,anomaly-free,anomaly_free,anomaly-free__anomaly-free:56,56,stream,0,0,288.0,
spc,anomaly-free__anomaly-free,anomaly-free,anomaly_free,anomaly-free__anomaly-free:57,57,stream,0,0,284.0,
spc,anomaly-free__anomaly-free,anomaly-free,anomaly_free,anomaly-free__anomaly-free:58,58,stream,0,0,289.0,
spc,anomaly-free__anomaly-free,anomaly-free,anomaly_free,anomaly-free__anomaly-free:59,59,stream,0,0,290.0,
spc,anomaly-free__anomaly-free,anomaly-free,anomaly_free,anomaly-free__anomaly-free:60,60,stream,0,0,280.0,
spc,anomaly-free__anomaly-free,anomaly-free,anomaly_free,anomaly-free__anomaly-free:61,61,stream,0,0,292.0,
spc,anomaly-free__anomaly-free,anomaly-free,anomaly_free,anomaly-free__anomaly-free:62,62,stream,0,0,284.0,
spc,anomaly-free__anomaly-free,anomaly-free,anomaly_free,anomaly-free__anomaly-free:63,63,stream,0,0,282.0,
spc,anomaly-free__anomaly-free,anomaly-free,anomaly_free,anomaly-free__anomaly-free:64,64,stream,0,0,290.0,
spc,anomaly-free__anomaly-free,anomaly-free,anomaly_free,anomaly-free__anomaly-free:65,65,stream,0,0,280.0,
spc,anomaly-free__anomaly-free,anomaly-free,anomaly_free,anomaly-free__anomaly-free:66,66,stream,0,0,280.0,
spc,anomaly-free__anomaly-free,anomaly-free,anomaly_free,anomaly-free__anomaly-free:67,67,stream,0,0,293.0,
spc,anomaly-free__anomaly-free,anomaly-free,anomaly_free,anomaly-free__anomaly-free:68,68,stream,0,0,288.0,
spc,anomaly-free__anomaly-free,anomaly-free,anomaly_free,anomaly-free__anomaly-free:69,69,stream,0,0,296.0,
spc,anomaly-free__anomaly-free,anomaly-free,anomaly_free,anomaly-free__anomaly-free:70,70,stream,0,0,281.0,
spc,anomaly-free__anomaly-free,anomaly-free,anomaly_free,anomaly-free__anomaly-free:71,71,stream,0,0,295.0,
spc,anomaly-free__anomaly-free,anomaly-free,anomaly_free,anomaly-free__anomaly-free:72,72,stream,0,0,288.0,
spc,anomaly-free__anomaly-free,anomaly-free,anomaly_free,anomaly-free__anomaly-free:73,73,stream,0,0,292.0,
spc,anomaly-free__anomaly-free,anomaly-free,anomaly_free,anomaly-free__anomaly-free:74,74,stream,0,0,287.0,
spc,anomaly-free__anomaly-free,anomaly-free,anomaly_free,anomaly-free__anomaly-free:75,75,stream,0,0,278.0,
spc,anomaly-free__anomaly-free,anomaly-free,anomaly_free,anomaly-free__anomaly-free:76,76,stream,0,0,260.0,
spc,anomaly-free__anomaly-free,anomaly-free,anomaly_free,anomaly-free__anomaly-free:77,77,stream,0,0,290.0,
spc,anomaly-free__anomaly-free,anomaly-free,anomaly_free,anomaly-free__anomaly-free:78,78,stream,0,0,285.0,
spc,anomaly-free__anomaly-free,anomaly-free,anomaly_free,anomaly-free__anomaly-free:79,79,stream,0,0,288.0,
spc,anomaly-free__anomaly-free,anomaly-free,anomaly_free,anomaly-free__anomaly-free:80,80,stream,0,0,289.0,
spc,anomaly-free__anomaly-free,anomaly-free,anomaly_free,anomaly-free__anomaly-free:81,81,stream,0,0,290.0,
spc,anomaly-free__anomaly-free,anomaly-free,anomaly_free,anomaly-free__anomaly-free:82,82,stream,0,0,287.0,
spc,anomaly-free__anomaly-free,anomaly-free,anomaly_free,anomaly-free__anomaly-free:83,83,stream,0,0,291.0,
spc,anomaly-free__anomaly-free,anomaly-free,anomaly_free,anomaly-free__anomaly-free:84,84,stream,0,0,287.0,
spc,anomaly-free__anomaly-free,anomaly-free,anomaly_free,anomaly-free__anomaly-free:85,85,stream,0,0,294.0,
spc,anomaly-free__anomaly-free,anomaly-free,anomaly_free,anomaly-free__anomaly-free:86,86,stream,0,0,294.0,
spc,anomaly-free__anomaly-free,anomaly-free,anomaly_free,anomaly-free__anomaly-free:87,87,stream,0,0,286.0,
spc,anomaly-free__anomaly-free,anomaly-free,anomaly_free,anomaly-free__anomaly-free:88,88,stream,0,0,299.0,
spc,anomaly-free__anomaly-free,anomaly-free,anomaly_free,anomaly-free__anomaly-free:89,89,stream,0,0,295.0,
spc,anomaly-free__anomaly-free,anomaly-free,anomaly_free,anomaly-free__anomaly-free:90,90,stream,0,0,291.0,
spc,anomaly-free__anomaly-free,anomaly-free,anomaly_free,anomaly-free__anomaly-free:91,91,stream,0,0,293.0,
spc,anomaly-free__anomaly-free,anomaly-free,anomaly_free,anomaly-free__anomaly-free:92,92,stream,0,0,293.0,
spc,anomaly-free__anomaly-free,anomaly-free,anomaly_free,anomaly-free__anomaly-free:93,93,stream,0,0,291.0,
spc,anomaly-free__anomaly-free,anomaly-free,anomaly_free,anomaly-free__anomaly-free:94,94,stream,0,0,294.0,
spc,anomaly-free__anomaly-free,anomaly-free,anomaly_free,anomaly-free__anomaly-free:95,95,stream,0,0,298.0,
spc,anomaly-free__anomaly-free,anomaly-free,anomaly_free,anomaly-free__anomaly-free:96,96,stream,0,0,293.0,
spc,anomaly-free__anomaly-free,anomaly-free,anomaly_free,anomaly-free__anomaly-free:97,97,stream,0,0,292.0,
spc,anomaly-free__anomaly-free,anomaly-free,anomaly_free,anomaly-free__anomaly-free:98,98,stream,0,0,295.0,
spc,anomaly-free__anomaly-free,anomaly-free,anomaly_free,anomaly-free__anomaly-free:99,99,stream,0,0,297.0,
spc,anomaly-free__anomaly-free,anomaly-free,anomaly_free,anomaly-free__anomaly-free:100,100,stream,0,0,295.0,
spc,anomaly-free__anomaly-free,anomaly-free,anomaly_free,anomaly-free__anomaly-free:101,101,stream,0,0,297.0,
spc,anomaly-free__anomaly-free,anomaly-free,anomaly_free,anomaly-free__anomaly-free:102,102,stream,0,0,295.0,
spc,anomaly-free__anomaly-free,anomaly-free,anomaly_free,anomaly-free__anomaly-free:103,103,stream,0,0,292.0,
spc,anomaly-free__anomaly-free,anomaly-free,anomaly_free,anomaly-free__anomaly-free:104,104,stream,0,0,300.0,
spc,anomaly-free__anomaly-free,anomaly-free,anomaly_free,anomaly-free__anomaly-free:105,105,stream,0,0,295.0,
spc,anomaly-free__anomaly-free,anomaly-free,anomaly_free,anomaly-free__anomaly-free:106,106,stream,0,0,295.0,
spc,anomaly-free__anomaly-free,anomaly-free,anomaly_free,anomaly-free__anomaly-free:107,107,stream,0,0,296.0,
spc,anomaly-free__anomaly-free,anomaly-free,anomaly_free,anomaly-free__anomaly-free:108,108,stream,0,0,303.0,
spc,anomaly-free__anomaly-free,anomaly-free,anomaly_free,anomaly-free__anomaly-free:109,109,stream,0,0,295.0,
spc,anomaly-free__anomaly-free,anomaly-free,anomaly_free,anomaly-free__anomaly-free:110,110,stream,0,0,298.0,
spc,anomaly-free__anomaly-free,anomaly-free,anomaly_free,anomaly-free__anomaly-free:111,111,stream,0,0,292.0,
spc,anomaly-free__anomaly-free,anomaly-free,anomaly_free,anomaly-free__anomaly-free:112,112,stream,0,0,295.0,
spc,anomaly-free__anomaly-free,anomaly-free,anomaly_free,anomaly-free__anomaly-free:113,113,stream,0,0,300.0,
spc,anomaly-free__anomaly-free,anomaly-free,anomaly_free,anomaly-free__anomaly-free:114,114,stream,0,0,293.0,
spc,anomaly-free__anomaly-free,anomaly-free,anomaly_free,anomaly-free__anomaly-free:115,115,stream,0,0,291.0,
spc,anomaly-free__anomaly-free,anomaly-free,anomaly_free,anomaly-free__anomaly-free:116,116,stream,0,0,302.0,
spc,anomaly-free__anomaly-free,anomaly-free,anomaly_free,anomaly-free__anomaly-free:117,117,stream,0,0,292.0,
spc,anomaly-free__anomaly-free,anomaly-free,anomaly_free,anomaly-free__anomaly-free:118,118,stream,0,0,291.0,
spc,anomaly-free__anomaly-free,anomaly-free,anomaly_free,anomaly-free__anomaly-free:119,119,stream,0,0,299.0,
spc,anomaly-free__anomaly-free,anomaly-free,anomaly_free,anomaly-free__anomaly-free:120,120,stream,0,0,291.0,
spc,anomaly-free__anomaly-free,anomaly-free,anomaly_free,anomaly-free__anomaly-free:121,121,stream,0,0,292.0,
spc,anomaly-free__anomaly-free,anomaly-free,anomaly_free,anomaly-free__anomaly-free:122,122,stream,0,0,296.0,
spc,anomaly-free__anomaly-free,anomaly-free,anomaly_free,anomaly-free__anomaly-free:123,123,stream,0,0,297.0,
spc,anomaly-free__anomaly-free,anomaly-free,anomaly_free,anomaly-free__anomaly-free:124,124,stream,0,0,292.0,
spc,anomaly-free__anomaly-free,anomaly-free,anomaly_free,anomaly-free__anomaly-free:125,125,stream,0,0,294.0,
spc,anomaly-free__anomaly-free,anomaly-free,anomaly_free,anomaly-free__anomaly-free:126,126,stream,0,0,297.0,
spc,anomaly-free__anomaly-free,anomaly-free,anomaly_free,anomaly-free__anomaly-free:127,127,stream,0,0,291.0,
spc,anomaly-free__anomaly-free,anomaly-free,anomaly_free,anomaly-free__anomaly-free:128,128,stream,0,0,300.0,
spc,anomaly-free__anomaly-free,anomaly-free,anomaly_free,anomaly-free__anomaly-free:129,129,stream,0,0,291.0,
spc,anomaly-free__anomaly-free,anomaly-free,anomaly_free,anomaly-free__anomaly-free:130,130,stream,0,0,297.0,
spc,anomaly-free__anomaly-free,anomaly-free,anomaly_free,anomaly-free__anomaly-free:131,131,stream,0,0,294.0,
spc,anomaly-free__anomaly-free,anomaly-free,anomaly_free,anomaly-free__anomaly-free:132,132,stream,0,0,303.0,
spc,anomaly-free__anomaly-free,anomaly-free,anomaly_free,anomaly-free__anomaly-free:133,133,stream,0,0,298.0,
spc,anomaly-free__anomaly-free,anomaly-free,anomaly_free,anomaly-free__anomaly-free:134,134,stream,0,0,295.0,
spc,anomaly-free__anomaly-free,anomaly-free,anomaly_free,anomaly-free__anomaly-free:135,135,stream,0,0,293.0,
spc,anomaly-free__anomaly-free,anomaly-free,anomaly_free,anomaly-free__anomaly-free:136,136,stream,0,0,293.0,
spc,anomaly-free__anomaly-free,anomaly-free,anomaly_free,anomaly-free__anomaly-free:137,137,stream,0,0,292.0,
spc,anomaly-free__anomaly-free,anomaly-free,anomaly_free,anomaly-free__anomaly-free:138,138,stream,0,0,293.0,
spc,anomaly-free__anomaly-free,anomaly-free,anomaly_free,anomaly-free__anomaly-free:139,139,stream,0,0,294.0,
spc,anomaly-free__anomaly-free,anomaly-free,anomaly_free,anomaly-free__anomaly-free:140,140,stream,0,0,299.0,
spc,anomaly-free__anomaly-free,anomaly-free,anomaly_free,anomaly-free__anomaly-free:141,141,stream,0,0,293.0,
spc,anomaly-free__anomaly-free,anomaly-free,anomaly_free,anomaly-free__anomaly-free:142,142,stream,0,0,297.0,
spc,anomaly-free__anomaly-free,anomaly-free,anomaly_free,anomaly-free__anomaly-free:143,143,stream,0,0,287.0,
spc,anomaly-free__anomaly-free,anomaly-free,anomaly_free,anomaly-free__anomaly-free:144,144,stream,0,0,301.0,
spc,anomaly-free__anomaly-free,anomaly-free,anomaly_free,anomaly-free__anomaly-free:145,145,stream,0,0,295.0,
spc,anomaly-free__anomaly-free,anomaly-free,anomaly_free,anomaly-free__anomaly-free:146,146,stream,0,0,296.0,
spc,anomaly-free__anomaly-free,anomaly-free,anomaly_free,anomaly-free__anomaly-free:147,147,stream,0,0,304.0,
spc,anomaly-free__anomaly-free,anomaly-free,anomaly_free,anomaly-free__anomaly-free:148,148,stream,0,0,302.0,
spc,anomaly-free__anomaly-free,anomaly-free,anomaly_free,anomaly-free__anomaly-free:149,149,stream,0,0,301.0,
spc,anomaly-free__anomaly-free,anomaly-free,anomaly_free,anomaly-free__anomaly-free:150,150,stream,0,0,298.0,
spc,anomaly-free__anomaly-free,anomaly-free,anomaly_free,anomaly-free__anomaly-free:151,151,stream,0,0,298.0,
spc,anomaly-free__anomaly-free,anomaly-free,anomaly_free,anomaly-free__anomaly-free:152,152,stream,0,0,293.0,
spc,anomaly-free__anomaly-free,anomaly-free,anomaly_free,anomaly-free__anomaly-free:153,153,stream,0,0,290.0,
spc,anomaly-free__anomaly-free,anomaly-free,anomaly_free,anomaly-free__anomaly-free:154,154,stream,0,0,296.0,
spc,anomaly-free__anomaly-free,anomaly-free,anomaly_free,anomaly-free__anomaly-free:155,155,stream,0,0,294.0,
spc,anomaly-free__anomaly-free,anomaly-free,anomaly_free,anomaly-free__anomaly-free:156,156,stream,0,0,290.0,
spc,anomaly-free__anomaly-free,anomaly-free,anomaly_free,anomaly-free__anomaly-free:157,157,stream,0,0,296.0,
spc,anomaly-free__anomaly-free,anomaly-free,anomaly_free,anomaly-free__anomaly-free:158,158,stream,0,0,293.0,
spc,anomaly-free__anomaly-free,anomaly-free,anomaly_free,anomaly-free__anomaly-free:159,159,stream,0,0,287.0,
spc,anomaly-free__anomaly-free,anomaly-free,anomaly_free,anomaly-free__anomaly-free:160,160,stream,0,0,267.0,
spc,anomaly-free__anomaly-free,anomaly-free,anomaly_free,anomaly-free__anomaly-free:161,161,stream,0,0,264.0,
spc,anomaly-free__anomaly-free,anomaly-free,anomaly_free,anomaly-free__anomaly-free:162,162,stream,0,0,282.0,
spc,anomaly-free__anomaly-free,anomaly-free,anomaly_free,anomaly-free__anomaly-free:163,163,stream,0,0,261.0,
spc,anomaly-free__anomaly-free,anomaly-free,anomaly_free,anomaly-free__anomaly-free:164,164,stream,0,0,292.0,
spc,anomaly-free__anomaly-free,anomaly-free,anomaly_free,anomaly-free__anomaly-free:165,165,stream,0,0,288.0,
spc,anomaly-free__anomaly-free,anomaly-free,anomaly_free,anomaly-free__anomaly-free:166,166,stream,0,0,5.0,
spc,other__1,other,labelled,other__1:0,0,baseline,0,0,26.0,
spc,other__1,other,labelled,other__1:1,1,baseline,0,0,26.0,
spc,other__1,other,labelled,other__1:2,2,baseline,0,0,24.0,
spc,other__1,other,labelled,other__1:3,3,stream,0,0,65.0,
spc,other__1,other,labelled,other__1:4,4,stream,0,0,95.0,
spc,other__1,other,labelled,other__1:5,5,stream,0,0,133.0,
spc,other__1,other,labelled,other__1:6,6,stream,0,0,146.0,
spc,other__1,other,labelled,other__1:7,7,stream,0,0,131.0,
spc,other__1,other,labelled,other__1:8,8,stream,0,0,89.0,
spc,other__1,other,labelled,other__1:9,9,stream,1,0,108.0,
spc,other__1,other,labelled,other__1:10,10,stream,1,1,161.0,
spc,other__1,other,labelled,other__1:11,11,stream,1,1,192.0,
spc,other__1,other,labelled,other__1:12,12,stream,1,1,201.0,
spc,other__1,other,labelled,other__1:13,13,stream,1,1,3.0,
spc,other__10,other,labelled,other__10:0,0,baseline,0,0,8.0,
spc,other__10,other,labelled,other__10:1,1,baseline,0,0,17.0,
spc,other__10,other,labelled,other__10:2,2,baseline,0,0,4.0,
spc,other__10,other,labelled,other__10:3,3,stream,0,0,36.0,
spc,other__10,other,labelled,other__10:4,4,stream,0,0,24.0,
spc,other__10,other,labelled,other__10:5,5,stream,0,0,13.0,
spc,other__10,other,labelled,other__10:6,6,stream,0,0,12.0,
spc,other__10,other,labelled,other__10:7,7,stream,0,0,28.0,
spc,other__10,other,labelled,other__10:8,8,stream,0,0,43.0,
spc,other__10,other,labelled,other__10:9,9,stream,0,0,53.0,
spc,other__10,other,labelled,other__10:10,10,stream,1,1,101.0,
spc,other__10,other,labelled,other__10:11,11,stream,1,1,162.0,
spc,other__10,other,labelled,other__10:12,12,stream,1,1,189.0,
spc,other__10,other,labelled,other__10:13,13,stream,1,1,147.0,
spc,other__10,other,labelled,other__10:14,14,stream,1,1,142.0,
spc,other__10,other,labelled,other__10:15,15,stream,1,1,149.0,
spc,other__10,other,labelled,other__10:16,16,stream,1,1,171.0,
spc,other__10,other,labelled,other__10:17,17,stream,1,1,206.0,
spc,other__10,other,labelled,other__10:18,18,stream,1,1,195.0,
spc,other__10,other,labelled,other__10:19,19,stream,1,1,146.0,
spc,other__10,other,labelled,other__10:20,20,stream,1,0,116.0,
spc,other__10,other,labelled,other__10:21,21,stream,0,0,95.0,
spc,other__10,other,labelled,other__10:22,22,stream,0,0,147.0,
spc,other__10,other,labelled,other__10:23,23,stream,0,0,46.0,
spc,other__11,other,labelled,other__11:0,0,baseline,0,0,32.0,
spc,other__11,other,labelled,other__11:1,1,baseline,0,0,16.0,
spc,other__11,other,labelled,other__11:2,2,baseline,0,0,17.0,
spc,other__11,other,labelled,other__11:3,3,stream,0,0,43.0,
spc,other__11,other,labelled,other__11:4,4,stream,0,0,29.0,
spc,other__11,other,labelled,other__11:5,5,stream,0,0,68.0,
spc,other__11,other,labelled,other__11:6,6,stream,0,0,61.0,
spc,other__11,other,labelled,other__11:7,7,stream,0,0,69.0,
spc,other__11,other,labelled,other__11:8,8,stream,0,0,68.0,
spc,other__11,other,labelled,other__11:9,9,stream,0,0,68.0,
spc,other__11,other,labelled,other__11:10,10,stream,1,1,121.0,
spc,other__11,other,labelled,other__11:11,11,stream,1,1,170.0,
spc,other__11,other,labelled,other__11:12,12,stream,1,1,135.0,
spc,other__11,other,labelled,other__11:13,13,stream,1,1,157.0,
spc,other__11,other,labelled,other__11:14,14,stream,1,1,120.0,
spc,other__11,other,labelled,other__11:15,15,stream,1,1,130.0,
spc,other__11,other,labelled,other__11:16,16,stream,1,1,113.0,
spc,other__11,other,labelled,other__11:17,17,stream,1,1,75.0,
spc,other__11,other,labelled,other__11:18,18,stream,0,0,90.0,
spc,other__11,other,labelled,other__11:19,19,stream,0,0,123.0,
spc,other__11,other,labelled,other__11:20,20,stream,0,0,85.0,
spc,other__12,other,labelled,other__12:0,0,baseline,0,0,15.0,
spc,other__12,other,labelled,other__12:1,1,baseline,0,0,12.0,
spc,other__12,other,labelled,other__12:2,2,baseline,0,0,11.0,
spc,other__12,other,labelled,other__12:3,3,stream,0,0,26.0,
spc,other__12,other,labelled,other__12:4,4,stream,0,0,68.0,
spc,other__12,other,labelled,other__12:5,5,stream,0,0,82.0,
spc,other__12,other,labelled,other__12:6,6,stream,0,0,108.0,
spc,other__12,other,labelled,other__12:7,7,stream,0,0,96.0,
spc,other__12,other,labelled,other__12:8,8,stream,0,0,97.0,
spc,other__12,other,labelled,other__12:9,9,stream,0,0,109.0,
spc,other__12,other,labelled,other__12:10,10,stream,1,1,114.0,
spc,other__12,other,labelled,other__12:11,11,stream,1,1,136.0,
spc,other__12,other,labelled,other__12:12,12,stream,1,1,130.0,
spc,other__12,other,labelled,other__12:13,13,stream,1,1,124.0,
spc,other__12,other,labelled,other__12:14,14,stream,1,1,119.0,
spc,other__12,other,labelled,other__12:15,15,stream,1,1,132.0,
spc,other__12,other,labelled,other__12:16,16,stream,1,1,143.0,
spc,other__12,other,labelled,other__12:17,17,stream,1,0,133.0,
spc,other__12,other,labelled,other__12:18,18,stream,0,0,129.0,
spc,other__12,other,labelled,other__12:19,19,stream,0,0,138.0,
spc,other__12,other,labelled,other__12:20,20,stream,0,0,8.0,
spc,other__13,other,labelled,other__13:0,0,baseline,0,0,8.0,
spc,other__13,other,labelled,other__13:1,1,baseline,0,0,9.0,
spc,other__13,other,labelled,other__13:2,2,baseline,0,0,6.0,
spc,other__13,other,labelled,other__13:3,3,stream,0,0,8.0,
spc,other__13,other,labelled,other__13:4,4,stream,0,0,135.0,
spc,other__13,other,labelled,other__13:5,5,stream,0,0,169.0,
spc,other__13,other,labelled,other__13:6,6,stream,0,0,194.0,
spc,other__13,other,labelled,other__13:7,7,stream,0,0,198.0,
spc,other__13,other,labelled,other__13:8,8,stream,0,0,199.0,
spc,other__13,other,labelled,other__13:9,9,stream,1,0,196.0,
spc,other__13,other,labelled,other__13:10,10,stream,1,1,45.0,
spc,other__13,other,labelled,other__13:11,11,stream,1,1,189.0,
spc,other__13,other,labelled,other__13:12,12,stream,1,1,191.0,
spc,other__13,other,labelled,other__13:13,13,stream,1,1,186.0,
spc,other__13,other,labelled,other__13:14,14,stream,1,1,191.0,
spc,other__13,other,labelled,other__13:15,15,stream,1,1,20.0,
spc,other__13,other,labelled,other__13:16,16,stream,0,0,183.0,
spc,other__13,other,labelled,other__13:17,17,stream,0,0,185.0,
spc,other__13,other,labelled,other__13:18,18,stream,0,0,155.0,
spc,other__14,other,labelled,other__14:0,0,baseline,0,0,11.0,
spc,other__14,other,labelled,other__14:1,1,baseline,0,0,11.0,
spc,other__14,other,labelled,other__14:2,2,baseline,0,0,14.0,
spc,other__14,other,labelled,other__14:3,3,stream,0,0,11.0,
spc,other__14,other,labelled,other__14:4,4,stream,0,0,38.0,
spc,other__14,other,labelled,other__14:5,5,stream,0,0,26.0,
spc,other__14,other,labelled,other__14:6,6,stream,0,0,57.0,
spc,other__14,other,labelled,other__14:7,7,stream,0,0,41.0,
spc,other__14,other,labelled,other__14:8,8,stream,0,0,28.0,
spc,other__14,other,labelled,other__14:9,9,stream,0,0,38.0,
spc,other__14,other,labelled,other__14:10,10,stream,1,1,139.0,
spc,other__14,other,labelled,other__14:11,11,stream,1,1,136.0,
spc,other__14,other,labelled,other__14:12,12,stream,1,1,131.0,
spc,other__14,other,labelled,other__14:13,13,stream,1,1,129.0,
spc,other__14,other,labelled,other__14:14,14,stream,1,1,133.0,
spc,other__14,other,labelled,other__14:15,15,stream,1,0,133.0,
spc,other__2,other,labelled,other__2:0,0,baseline,0,0,29.0,
spc,other__2,other,labelled,other__2:1,1,baseline,0,0,31.0,
spc,other__2,other,labelled,other__2:2,2,baseline,0,0,,Accelerometer1RMS: no rows in window; Accelerometer2RMS: no rows in window; Current: no rows in window; Temperature: no rows in window; Thermocouple: no rows in window; Voltage: no rows in window; Volume Flow RateRMS: no rows in window
spc,other__2,other,labelled,other__2:3,3,stream,0,0,,Accelerometer1RMS: no rows in window; Accelerometer2RMS: no rows in window; Current: no rows in window; Temperature: no rows in window; Thermocouple: no rows in window; Voltage: no rows in window; Volume Flow RateRMS: no rows in window
spc,other__2,other,labelled,other__2:4,4,stream,0,0,,Accelerometer1RMS: no rows in window; Accelerometer2RMS: no rows in window; Current: no rows in window; Temperature: no rows in window; Thermocouple: no rows in window; Voltage: no rows in window; Volume Flow RateRMS: no rows in window
spc,other__2,other,labelled,other__2:5,5,stream,1,1,12.0,
spc,other__2,other,labelled,other__2:6,6,stream,1,1,186.0,
spc,other__2,other,labelled,other__2:7,7,stream,1,1,173.0,
spc,other__2,other,labelled,other__2:8,8,stream,1,1,173.0,
spc,other__2,other,labelled,other__2:9,9,stream,1,1,120.0,
spc,other__2,other,labelled,other__2:10,10,stream,1,1,91.0,
spc,other__2,other,labelled,other__2:11,11,stream,1,1,150.0,
spc,other__2,other,labelled,other__2:12,12,stream,1,1,121.0,
spc,other__2,other,labelled,other__2:13,13,stream,0,0,108.0,
spc,other__2,other,labelled,other__2:14,14,stream,0,0,91.0,
spc,other__2,other,labelled,other__2:15,15,stream,0,0,117.0,
spc,other__2,other,labelled,other__2:16,16,stream,0,0,178.0,
spc,other__2,other,labelled,other__2:17,17,stream,0,0,128.0,
spc,other__3,other,labelled,other__3:0,0,baseline,0,0,14.0,
spc,other__3,other,labelled,other__3:1,1,baseline,0,0,31.0,
spc,other__3,other,labelled,other__3:2,2,baseline,0,0,21.0,
spc,other__3,other,labelled,other__3:3,3,stream,0,0,25.0,
spc,other__3,other,labelled,other__3:4,4,stream,0,0,40.0,
spc,other__3,other,labelled,other__3:5,5,stream,0,0,65.0,
spc,other__3,other,labelled,other__3:6,6,stream,0,0,50.0,
spc,other__3,other,labelled,other__3:7,7,stream,0,0,42.0,
spc,other__3,other,labelled,other__3:8,8,stream,0,0,37.0,
spc,other__3,other,labelled,other__3:9,9,stream,1,0,30.0,
spc,other__3,other,labelled,other__3:10,10,stream,1,1,55.0,
spc,other__3,other,labelled,other__3:11,11,stream,1,1,65.0,
spc,other__3,other,labelled,other__3:12,12,stream,1,1,61.0,
spc,other__3,other,labelled,other__3:13,13,stream,1,1,100.0,
spc,other__3,other,labelled,other__3:14,14,stream,1,1,63.0,
spc,other__3,other,labelled,other__3:15,15,stream,1,1,115.0,
spc,other__3,other,labelled,other__3:16,16,stream,1,1,123.0,
spc,other__3,other,labelled,other__3:17,17,stream,0,0,87.0,
spc,other__3,other,labelled,other__3:18,18,stream,0,0,94.0,
spc,other__3,other,labelled,other__3:19,19,stream,0,0,79.0,
spc,other__4,other,labelled,other__4:0,0,baseline,0,0,7.0,
spc,other__4,other,labelled,other__4:1,1,baseline,0,0,4.0,
spc,other__4,other,labelled,other__4:2,2,baseline,0,0,3.0,
spc,other__4,other,labelled,other__4:3,3,stream,0,0,6.0,
spc,other__4,other,labelled,other__4:4,4,stream,0,0,11.0,
spc,other__4,other,labelled,other__4:5,5,stream,0,0,38.0,
spc,other__4,other,labelled,other__4:6,6,stream,0,0,25.0,
spc,other__4,other,labelled,other__4:7,7,stream,0,0,3.0,
spc,other__4,other,labelled,other__4:8,8,stream,0,0,11.0,
spc,other__4,other,labelled,other__4:9,9,stream,0,0,39.0,
spc,other__4,other,labelled,other__4:10,10,stream,0,0,61.0,
spc,other__4,other,labelled,other__4:11,11,stream,0,0,66.0,
spc,other__4,other,labelled,other__4:12,12,stream,0,0,15.0,
spc,other__4,other,labelled,other__4:13,13,stream,0,0,6.0,
spc,other__4,other,labelled,other__4:14,14,stream,1,1,30.0,
spc,other__4,other,labelled,other__4:15,15,stream,1,1,108.0,
spc,other__4,other,labelled,other__4:16,16,stream,1,1,73.0,
spc,other__4,other,labelled,other__4:17,17,stream,1,1,19.0,
spc,other__4,other,labelled,other__4:18,18,stream,1,1,11.0,
spc,other__4,other,labelled,other__4:19,19,stream,1,1,65.0,
spc,other__4,other,labelled,other__4:20,20,stream,1,1,108.0,
spc,other__5,other,labelled,other__5:0,0,baseline,0,0,15.0,
spc,other__5,other,labelled,other__5:1,1,baseline,0,0,17.0,
spc,other__5,other,labelled,other__5:2,2,baseline,0,0,21.0,
spc,other__5,other,labelled,other__5:3,3,stream,0,0,63.0,
spc,other__5,other,labelled,other__5:4,4,stream,0,0,59.0,
spc,other__5,other,labelled,other__5:5,5,stream,0,0,79.0,
spc,other__5,other,labelled,other__5:6,6,stream,0,0,106.0,
spc,other__5,other,labelled,other__5:7,7,stream,0,0,115.0,
spc,other__5,other,labelled,other__5:8,8,stream,0,0,60.0,
spc,other__5,other,labelled,other__5:9,9,stream,0,0,92.0,
spc,other__5,other,labelled,other__5:10,10,stream,1,1,182.0,
spc,other__5,other,labelled,other__5:11,11,stream,1,1,174.0,
spc,other__5,other,labelled,other__5:12,12,stream,1,1,189.0,
spc,other__5,other,labelled,other__5:13,13,stream,1,1,184.0,
spc,other__5,other,labelled,other__5:14,14,stream,1,1,189.0,
spc,other__5,other,labelled,other__5:15,15,stream,1,1,191.0,
spc,other__5,other,labelled,other__5:16,16,stream,1,1,200.0,
spc,other__5,other,labelled,other__5:17,17,stream,1,0,153.0,
spc,other__5,other,labelled,other__5:18,18,stream,0,0,147.0,
spc,other__5,other,labelled,other__5:19,19,stream,0,0,180.0,
spc,other__5,other,labelled,other__5:20,20,stream,0,0,26.0,
spc,other__6,other,labelled,other__6:0,0,baseline,0,0,9.0,
spc,other__6,other,labelled,other__6:1,1,baseline,0,0,7.0,
spc,other__6,other,labelled,other__6:2,2,baseline,0,0,7.0,
spc,other__6,other,labelled,other__6:3,3,stream,0,0,7.0,
spc,other__6,other,labelled,other__6:4,4,stream,0,0,6.0,
spc,other__6,other,labelled,other__6:5,5,stream,0,0,4.0,
spc,other__6,other,labelled,other__6:6,6,stream,0,0,10.0,
spc,other__6,other,labelled,other__6:7,7,stream,0,0,15.0,
spc,other__6,other,labelled,other__6:8,8,stream,0,0,12.0,
spc,other__6,other,labelled,other__6:9,9,stream,0,0,14.0,
spc,other__6,other,labelled,other__6:10,10,stream,1,1,150.0,
spc,other__6,other,labelled,other__6:11,11,stream,1,1,135.0,
spc,other__6,other,labelled,other__6:12,12,stream,1,1,126.0,
spc,other__6,other,labelled,other__6:13,13,stream,1,1,140.0,
spc,other__6,other,labelled,other__6:14,14,stream,1,1,130.0,
spc,other__6,other,labelled,other__6:15,15,stream,1,1,128.0,
spc,other__6,other,labelled,other__6:16,16,stream,1,1,179.0,
spc,other__6,other,labelled,other__6:17,17,stream,1,0,47.0,
spc,other__6,other,labelled,other__6:18,18,stream,0,0,80.0,
spc,other__6,other,labelled,other__6:19,19,stream,0,0,87.0,
spc,other__6,other,labelled,other__6:20,20,stream,0,0,2.0,
spc,other__7,other,labelled,other__7:0,0,baseline,0,0,8.0,
spc,other__7,other,labelled,other__7:1,1,baseline,0,0,9.0,
spc,other__7,other,labelled,other__7:2,2,baseline,0,0,17.0,
spc,other__7,other,labelled,other__7:3,3,stream,0,0,68.0,
spc,other__7,other,labelled,other__7:4,4,stream,0,0,68.0,
spc,other__7,other,labelled,other__7:5,5,stream,0,0,34.0,
spc,other__7,other,labelled,other__7:6,6,stream,0,0,52.0,
spc,other__7,other,labelled,other__7:7,7,stream,0,0,61.0,
spc,other__7,other,labelled,other__7:8,8,stream,0,0,11.0,
spc,other__7,other,labelled,other__7:9,9,stream,0,0,18.0,
spc,other__7,other,labelled,other__7:10,10,stream,1,1,128.0,
spc,other__7,other,labelled,other__7:11,11,stream,1,1,179.0,
spc,other__7,other,labelled,other__7:12,12,stream,1,1,204.0,
spc,other__7,other,labelled,other__7:13,13,stream,1,1,216.0,
spc,other__7,other,labelled,other__7:14,14,stream,1,1,223.0,
spc,other__7,other,labelled,other__7:15,15,stream,1,1,207.0,
spc,other__7,other,labelled,other__7:16,16,stream,1,0,117.0,
spc,other__7,other,labelled,other__7:17,17,stream,0,0,103.0,
spc,other__7,other,labelled,other__7:18,18,stream,0,0,106.0,
spc,other__7,other,labelled,other__7:19,19,stream,0,0,2.0,
spc,other__8,other,labelled,other__8:0,0,baseline,0,0,7.0,
spc,other__8,other,labelled,other__8:1,1,baseline,0,0,7.0,
spc,other__8,other,labelled,other__8:2,2,baseline,0,0,16.0,
spc,other__8,other,labelled,other__8:3,3,stream,0,0,22.0,
spc,other__8,other,labelled,other__8:4,4,stream,0,0,13.0,
spc,other__8,other,labelled,other__8:5,5,stream,0,0,12.0,
spc,other__8,other,labelled,other__8:6,6,stream,0,0,52.0,
spc,other__8,other,labelled,other__8:7,7,stream,0,0,61.0,
spc,other__8,other,labelled,other__8:8,8,stream,0,0,29.0,
spc,other__8,other,labelled,other__8:9,9,stream,0,0,37.0,
spc,other__8,other,labelled,other__8:10,10,stream,1,1,60.0,
spc,other__8,other,labelled,other__8:11,11,stream,1,1,89.0,
spc,other__8,other,labelled,other__8:12,12,stream,1,1,94.0,
spc,other__8,other,labelled,other__8:13,13,stream,1,1,69.0,
spc,other__8,other,labelled,other__8:14,14,stream,1,1,83.0,
spc,other__8,other,labelled,other__8:15,15,stream,1,1,93.0,
spc,other__8,other,labelled,other__8:16,16,stream,1,1,90.0,
spc,other__8,other,labelled,other__8:17,17,stream,1,0,160.0,
spc,other__8,other,labelled,other__8:18,18,stream,0,0,141.0,
spc,other__8,other,labelled,other__8:19,19,stream,0,0,93.0,
spc,other__8,other,labelled,other__8:20,20,stream,0,0,7.0,
spc,other__9,other,labelled,other__9:0,0,baseline,0,0,12.0,
spc,other__9,other,labelled,other__9:1,1,baseline,0,0,16.0,
spc,other__9,other,labelled,other__9:2,2,baseline,0,0,35.0,
spc,other__9,other,labelled,other__9:3,3,stream,0,0,37.0,
spc,other__9,other,labelled,other__9:4,4,stream,0,0,20.0,
spc,other__9,other,labelled,other__9:5,5,stream,0,0,17.0,
spc,other__9,other,labelled,other__9:6,6,stream,0,0,25.0,
spc,other__9,other,labelled,other__9:7,7,stream,0,0,10.0,
spc,other__9,other,labelled,other__9:8,8,stream,0,0,29.0,
spc,other__9,other,labelled,other__9:9,9,stream,1,0,89.0,
spc,other__9,other,labelled,other__9:10,10,stream,1,1,222.0,
spc,other__9,other,labelled,other__9:11,11,stream,1,1,238.0,
spc,other__9,other,labelled,other__9:12,12,stream,1,1,265.0,
spc,other__9,other,labelled,other__9:13,13,stream,1,1,274.0,
spc,other__9,other,labelled,other__9:14,14,stream,1,1,250.0,
spc,other__9,other,labelled,other__9:15,15,stream,1,1,300.0,
spc,other__9,other,labelled,other__9:16,16,stream,1,1,293.0,
spc,other__9,other,labelled,other__9:17,17,stream,0,0,139.0,
spc,other__9,other,labelled,other__9:18,18,stream,0,0,146.0,
spc,other__9,other,labelled,other__9:19,19,stream,0,0,139.0,
spc,valve1__0,valve1,labelled,valve1__0:0,0,baseline,0,0,6.0,
spc,valve1__0,valve1,labelled,valve1__0:1,1,baseline,0,0,6.0,
spc,valve1__0,valve1,labelled,valve1__0:2,2,baseline,0,0,9.0,
spc,valve1__0,valve1,labelled,valve1__0:3,3,stream,0,0,39.0,
spc,valve1__0,valve1,labelled,valve1__0:4,4,stream,0,0,93.0,
spc,valve1__0,valve1,labelled,valve1__0:5,5,stream,0,0,122.0,
spc,valve1__0,valve1,labelled,valve1__0:6,6,stream,0,0,122.0,
spc,valve1__0,valve1,labelled,valve1__0:7,7,stream,0,0,105.0,
spc,valve1__0,valve1,labelled,valve1__0:8,8,stream,0,0,124.0,
spc,valve1__0,valve1,labelled,valve1__0:9,9,stream,0,0,122.0,
spc,valve1__0,valve1,labelled,valve1__0:10,10,stream,1,1,122.0,
spc,valve1__0,valve1,labelled,valve1__0:11,11,stream,1,1,102.0,
spc,valve1__0,valve1,labelled,valve1__0:12,12,stream,1,1,115.0,
spc,valve1__0,valve1,labelled,valve1__0:13,13,stream,1,1,125.0,
spc,valve1__0,valve1,labelled,valve1__0:14,14,stream,1,1,123.0,
spc,valve1__0,valve1,labelled,valve1__0:15,15,stream,1,1,126.0,
spc,valve1__0,valve1,labelled,valve1__0:16,16,stream,1,1,124.0,
spc,valve1__0,valve1,labelled,valve1__0:17,17,stream,0,0,137.0,
spc,valve1__0,valve1,labelled,valve1__0:18,18,stream,0,0,129.0,
spc,valve1__0,valve1,labelled,valve1__0:19,19,stream,0,0,129.0,
spc,valve1__1,valve1,labelled,valve1__1:0,0,baseline,0,0,6.0,
spc,valve1__1,valve1,labelled,valve1__1:1,1,baseline,0,0,13.0,
spc,valve1__1,valve1,labelled,valve1__1:2,2,baseline,0,0,9.0,
spc,valve1__1,valve1,labelled,valve1__1:3,3,stream,0,0,30.0,
spc,valve1__1,valve1,labelled,valve1__1:4,4,stream,0,0,104.0,
spc,valve1__1,valve1,labelled,valve1__1:5,5,stream,0,0,67.0,
spc,valve1__1,valve1,labelled,valve1__1:6,6,stream,0,0,67.0,
spc,valve1__1,valve1,labelled,valve1__1:7,7,stream,0,0,65.0,
spc,valve1__1,valve1,labelled,valve1__1:8,8,stream,0,0,64.0,
spc,valve1__1,valve1,labelled,valve1__1:9,9,stream,0,0,80.0,
spc,valve1__1,valve1,labelled,valve1__1:10,10,stream,1,1,87.0,
spc,valve1__1,valve1,labelled,valve1__1:11,11,stream,1,1,108.0,
spc,valve1__1,valve1,labelled,valve1__1:12,12,stream,1,1,81.0,
spc,valve1__1,valve1,labelled,valve1__1:13,13,stream,1,1,124.0,
spc,valve1__1,valve1,labelled,valve1__1:14,14,stream,1,1,122.0,
spc,valve1__1,valve1,labelled,valve1__1:15,15,stream,1,1,111.0,
spc,valve1__1,valve1,labelled,valve1__1:16,16,stream,1,1,108.0,
spc,valve1__1,valve1,labelled,valve1__1:17,17,stream,1,0,130.0,
spc,valve1__1,valve1,labelled,valve1__1:18,18,stream,0,0,121.0,
spc,valve1__1,valve1,labelled,valve1__1:19,19,stream,0,0,121.0,
spc,valve1__1,valve1,labelled,valve1__1:20,20,stream,0,0,2.0,
spc,valve1__10,valve1,labelled,valve1__10:0,0,baseline,0,0,22.0,
spc,valve1__10,valve1,labelled,valve1__10:1,1,baseline,0,0,16.0,
spc,valve1__10,valve1,labelled,valve1__10:2,2,baseline,0,0,22.0,
spc,valve1__10,valve1,labelled,valve1__10:3,3,stream,0,0,29.0,
spc,valve1__10,valve1,labelled,valve1__10:4,4,stream,0,0,25.0,
spc,valve1__10,valve1,labelled,valve1__10:5,5,stream,0,0,22.0,
spc,valve1__10,valve1,labelled,valve1__10:6,6,stream,0,0,39.0,
spc,valve1__10,valve1,labelled,valve1__10:7,7,stream,0,0,17.0,
spc,valve1__10,valve1,labelled,valve1__10:8,8,stream,0,0,79.0,
spc,valve1__10,valve1,labelled,valve1__10:9,9,stream,0,0,61.0,
spc,valve1__10,valve1,labelled,valve1__10:10,10,stream,1,1,72.0,
spc,valve1__10,valve1,labelled,valve1__10:11,11,stream,1,1,108.0,
spc,valve1__10,valve1,labelled,valve1__10:12,12,stream,1,1,110.0,
spc,valve1__10,valve1,labelled,valve1__10:13,13,stream,1,1,88.0,
spc,valve1__10,valve1,labelled,valve1__10:14,14,stream,1,1,67.0,
spc,valve1__10,valve1,labelled,valve1__10:15,15,stream,1,1,75.0,
spc,valve1__10,valve1,labelled,valve1__10:16,16,stream,1,1,48.0,
spc,valve1__10,valve1,labelled,valve1__10:17,17,stream,0,0,30.0,
spc,valve1__10,valve1,labelled,valve1__10:18,18,stream,0,0,39.0,
spc,valve1__10,valve1,labelled,valve1__10:19,19,stream,0,0,53.0,
spc,valve1__11,valve1,labelled,valve1__11:0,0,baseline,0,0,12.0,
spc,valve1__11,valve1,labelled,valve1__11:1,1,baseline,0,0,7.0,
spc,valve1__11,valve1,labelled,valve1__11:2,2,baseline,0,0,5.0,
spc,valve1__11,valve1,labelled,valve1__11:3,3,stream,0,0,48.0,
spc,valve1__11,valve1,labelled,valve1__11:4,4,stream,0,0,85.0,
spc,valve1__11,valve1,labelled,valve1__11:5,5,stream,0,0,67.0,
spc,valve1__11,valve1,labelled,valve1__11:6,6,stream,0,0,78.0,
spc,valve1__11,valve1,labelled,valve1__11:7,7,stream,0,0,123.0,
spc,valve1__11,valve1,labelled,valve1__11:8,8,stream,0,0,88.0,
spc,valve1__11,valve1,labelled,valve1__11:9,9,stream,0,0,25.0,
spc,valve1__11,valve1,labelled,valve1__11:10,10,stream,1,1,8.0,
spc,valve1__11,valve1,labelled,valve1__11:11,11,stream,1,1,7.0,
spc,valve1__11,valve1,labelled,valve1__11:12,12,stream,1,1,16.0,
spc,valve1__11,valve1,labelled,valve1__11:13,13,stream,1,1,64.0,
spc,valve1__11,valve1,labelled,valve1__11:14,14,stream,1,1,59.0,
spc,valve1__11,valve1,labelled,valve1__11:15,15,stream,1,1,10.0,
spc,valve1__11,valve1,labelled,valve1__11:16,16,stream,1,1,10.0,
spc,valve1__11,valve1,labelled,valve1__11:17,17,stream,1,0,59.0,
spc,valve1__11,valve1,labelled,valve1__11:18,18,stream,0,0,49.0,
spc,valve1__11,valve1,labelled,valve1__11:19,19,stream,0,0,30.0,
spc,valve1__11,valve1,labelled,valve1__11:20,20,stream,0,0,1.0,
spc,valve1__12,valve1,labelled,valve1__12:0,0,baseline,0,0,28.0,
spc,valve1__12,valve1,labelled,valve1__12:1,1,baseline,0,0,23.0,
spc,valve1__12,valve1,labelled,valve1__12:2,2,baseline,0,0,31.0,
spc,valve1__12,valve1,labelled,valve1__12:3,3,stream,0,0,27.0,
spc,valve1__12,valve1,labelled,valve1__12:4,4,stream,0,0,23.0,
spc,valve1__12,valve1,labelled,valve1__12:5,5,stream,0,0,24.0,
spc,valve1__12,valve1,labelled,valve1__12:6,6,stream,0,0,20.0,
spc,valve1__12,valve1,labelled,valve1__12:7,7,stream,0,0,67.0,
spc,valve1__12,valve1,labelled,valve1__12:8,8,stream,0,0,79.0,
spc,valve1__12,valve1,labelled,valve1__12:9,9,stream,0,0,87.0,
spc,valve1__12,valve1,labelled,valve1__12:10,10,stream,1,1,138.0,
spc,valve1__12,valve1,labelled,valve1__12:11,11,stream,1,1,174.0,
spc,valve1__12,valve1,labelled,valve1__12:12,12,stream,1,1,138.0,
spc,valve1__12,valve1,labelled,valve1__12:13,13,stream,1,1,120.0,
spc,valve1__12,valve1,labelled,valve1__12:14,14,stream,1,1,119.0,
spc,valve1__12,valve1,labelled,valve1__12:15,15,stream,1,1,124.0,
spc,valve1__12,valve1,labelled,valve1__12:16,16,stream,1,1,121.0,
spc,valve1__12,valve1,labelled,valve1__12:17,17,stream,1,0,90.0,
spc,valve1__12,valve1,labelled,valve1__12:18,18,stream,0,0,90.0,
spc,valve1__12,valve1,labelled,valve1__12:19,19,stream,0,0,103.0,
spc,valve1__12,valve1,labelled,valve1__12:20,20,stream,0,0,2.0,
spc,valve1__13,valve1,labelled,valve1__13:0,0,baseline,0,0,33.0,
spc,valve1__13,valve1,labelled,valve1__13:1,1,baseline,0,0,21.0,
spc,valve1__13,valve1,labelled,valve1__13:2,2,baseline,0,0,35.0,
spc,valve1__13,valve1,labelled,valve1__13:3,3,stream,0,0,67.0,
spc,valve1__13,valve1,labelled,valve1__13:4,4,stream,0,0,31.0,
spc,valve1__13,valve1,labelled,valve1__13:5,5,stream,0,0,48.0,
spc,valve1__13,valve1,labelled,valve1__13:6,6,stream,0,0,36.0,
spc,valve1__13,valve1,labelled,valve1__13:7,7,stream,0,0,53.0,
spc,valve1__13,valve1,labelled,valve1__13:8,8,stream,0,0,44.0,
spc,valve1__13,valve1,labelled,valve1__13:9,9,stream,0,0,38.0,
spc,valve1__13,valve1,labelled,valve1__13:10,10,stream,1,1,114.0,
spc,valve1__13,valve1,labelled,valve1__13:11,11,stream,1,1,96.0,
spc,valve1__13,valve1,labelled,valve1__13:12,12,stream,1,1,73.0,
spc,valve1__13,valve1,labelled,valve1__13:13,13,stream,1,1,128.0,
spc,valve1__13,valve1,labelled,valve1__13:14,14,stream,1,1,105.0,
spc,valve1__13,valve1,labelled,valve1__13:15,15,stream,1,1,64.0,
spc,valve1__13,valve1,labelled,valve1__13:16,16,stream,1,1,100.0,
spc,valve1__13,valve1,labelled,valve1__13:17,17,stream,0,0,98.0,
spc,valve1__13,valve1,labelled,valve1__13:18,18,stream,0,0,85.0,
spc,valve1__13,valve1,labelled,valve1__13:19,19,stream,0,0,38.0,
spc,valve1__14,valve1,labelled,valve1__14:0,0,baseline,0,0,8.0,
spc,valve1__14,valve1,labelled,valve1__14:1,1,baseline,0,0,8.0,
spc,valve1__14,valve1,labelled,valve1__14:2,2,baseline,0,0,9.0,
spc,valve1__14,valve1,labelled,valve1__14:3,3,stream,0,0,10.0,
spc,valve1__14,valve1,labelled,valve1__14:4,4,stream,0,0,11.0,
spc,valve1__14,valve1,labelled,valve1__14:5,5,stream,0,0,19.0,
spc,valve1__14,valve1,labelled,valve1__14:6,6,stream,0,0,32.0,
spc,valve1__14,valve1,labelled,valve1__14:7,7,stream,0,0,26.0,
spc,valve1__14,valve1,labelled,valve1__14:8,8,stream,0,0,62.0,
spc,valve1__14,valve1,labelled,valve1__14:9,9,stream,0,0,37.0,
spc,valve1__14,valve1,labelled,valve1__14:10,10,stream,1,1,17.0,
spc,valve1__14,valve1,labelled,valve1__14:11,11,stream,1,1,33.0,
spc,valve1__14,valve1,labelled,valve1__14:12,12,stream,1,1,55.0,
spc,valve1__14,valve1,labelled,valve1__14:13,13,stream,1,1,64.0,
spc,valve1__14,valve1,labelled,valve1__14:14,14,stream,1,1,34.0,
spc,valve1__14,valve1,labelled,valve1__14:15,15,stream,1,1,14.0,
spc,valve1__14,valve1,labelled,valve1__14:16,16,stream,1,1,15.0,
spc,valve1__14,valve1,labelled,valve1__14:17,17,stream,0,0,6.0,
spc,valve1__14,valve1,labelled,valve1__14:18,18,stream,0,0,13.0,
spc,valve1__14,valve1,labelled,valve1__14:19,19,stream,0,0,19.0,
spc,valve1__15,valve1,labelled,valve1__15:0,0,baseline,0,0,23.0,
spc,valve1__15,valve1,labelled,valve1__15:1,1,baseline,0,0,23.0,
spc,valve1__15,valve1,labelled,valve1__15:2,2,baseline,0,0,28.0,
spc,valve1__15,valve1,labelled,valve1__15:3,3,stream,0,0,70.0,
spc,valve1__15,valve1,labelled,valve1__15:4,4,stream,0,0,80.0,
spc,valve1__15,valve1,labelled,valve1__15:5,5,stream,0,0,102.0,
spc,valve1__15,valve1,labelled,valve1__15:6,6,stream,0,0,94.0,
spc,valve1__15,valve1,labelled,valve1__15:7,7,stream,0,0,78.0,
spc,valve1__15,valve1,labelled,valve1__15:8,8,stream,0,0,68.0,
spc,valve1__15,valve1,labelled,valve1__15:9,9,stream,0,0,108.0,
spc,valve1__15,valve1,labelled,valve1__15:10,10,stream,1,1,128.0,
spc,valve1__15,valve1,labelled,valve1__15:11,11,stream,1,1,162.0,
spc,valve1__15,valve1,labelled,valve1__15:12,12,stream,1,1,140.0,
spc,valve1__15,valve1,labelled,valve1__15:13,13,stream,1,1,183.0,
spc,valve1__15,valve1,labelled,valve1__15:14,14,stream,1,1,177.0,
spc,valve1__15,valve1,labelled,valve1__15:15,15,stream,1,1,171.0,
spc,valve1__15,valve1,labelled,valve1__15:16,16,stream,1,1,148.0,
spc,valve1__15,valve1,labelled,valve1__15:17,17,stream,1,0,156.0,
spc,valve1__15,valve1,labelled,valve1__15:18,18,stream,0,0,130.0,
spc,valve1__15,valve1,labelled,valve1__15:19,19,stream,0,0,106.0,
spc,valve1__15,valve1,labelled,valve1__15:20,20,stream,0,0,2.0,
spc,valve1__2,valve1,labelled,valve1__2:0,0,baseline,0,0,40.0,
spc,valve1__2,valve1,labelled,valve1__2:1,1,baseline,0,0,27.0,
spc,valve1__2,valve1,labelled,valve1__2:2,2,baseline,0,0,23.0,
spc,valve1__2,valve1,labelled,valve1__2:3,3,stream,0,0,25.0,
spc,valve1__2,valve1,labelled,valve1__2:4,4,stream,0,0,18.0,
spc,valve1__2,valve1,labelled,valve1__2:5,5,stream,0,0,88.0,
spc,valve1__2,valve1,labelled,valve1__2:6,6,stream,0,0,106.0,
spc,valve1__2,valve1,labelled,valve1__2:7,7,stream,0,0,156.0,
spc,valve1__2,valve1,labelled,valve1__2:8,8,stream,0,0,111.0,
spc,valve1__2,valve1,labelled,valve1__2:9,9,stream,0,0,119.0,
spc,valve1__2,valve1,labelled,valve1__2:10,10,stream,0,0,,Accelerometer1RMS: no rows in window; Accelerometer2RMS: no rows in window; Current: no rows in window; Temperature: no rows in window; Thermocouple: no rows in window; Voltage: no rows in window; Volume Flow RateRMS: no rows in window
spc,valve1__2,valve1,labelled,valve1__2:11,11,stream,1,1,150.0,
spc,valve1__2,valve1,labelled,valve1__2:12,12,stream,1,1,177.0,
spc,valve1__2,valve1,labelled,valve1__2:13,13,stream,1,1,169.0,
spc,valve1__2,valve1,labelled,valve1__2:14,14,stream,1,1,169.0,
spc,valve1__2,valve1,labelled,valve1__2:15,15,stream,1,1,164.0,
spc,valve1__2,valve1,labelled,valve1__2:16,16,stream,1,1,141.0,
spc,valve1__2,valve1,labelled,valve1__2:17,17,stream,0,0,133.0,
spc,valve1__2,valve1,labelled,valve1__2:18,18,stream,0,0,132.0,
spc,valve1__2,valve1,labelled,valve1__2:19,19,stream,0,0,133.0,
spc,valve1__3,valve1,labelled,valve1__3:0,0,baseline,0,0,5.0,
spc,valve1__3,valve1,labelled,valve1__3:1,1,baseline,0,0,40.0,
spc,valve1__3,valve1,labelled,valve1__3:2,2,baseline,0,0,14.0,
spc,valve1__3,valve1,labelled,valve1__3:3,3,stream,0,0,4.0,
spc,valve1__3,valve1,labelled,valve1__3:4,4,stream,0,0,6.0,
spc,valve1__3,valve1,labelled,valve1__3:5,5,stream,0,0,3.0,
spc,valve1__3,valve1,labelled,valve1__3:6,6,stream,0,0,5.0,
spc,valve1__3,valve1,labelled,valve1__3:7,7,stream,0,0,8.0,
spc,valve1__3,valve1,labelled,valve1__3:8,8,stream,0,0,5.0,
spc,valve1__3,valve1,labelled,valve1__3:9,9,stream,0,0,4.0,
spc,valve1__3,valve1,labelled,valve1__3:10,10,stream,1,1,5.0,
spc,valve1__3,valve1,labelled,valve1__3:11,11,stream,1,1,6.0,
spc,valve1__3,valve1,labelled,valve1__3:12,12,stream,1,1,9.0,
spc,valve1__3,valve1,labelled,valve1__3:13,13,stream,1,1,6.0,
spc,valve1__3,valve1,labelled,valve1__3:14,14,stream,1,1,5.0,
spc,valve1__3,valve1,labelled,valve1__3:15,15,stream,1,1,11.0,
spc,valve1__3,valve1,labelled,valve1__3:16,16,stream,1,1,4.0,
spc,valve1__3,valve1,labelled,valve1__3:17,17,stream,1,0,6.0,
spc,valve1__3,valve1,labelled,valve1__3:18,18,stream,0,0,8.0,
spc,valve1__3,valve1,labelled,valve1__3:19,19,stream,0,0,26.0,
spc,valve1__3,valve1,labelled,valve1__3:20,20,stream,0,0,2.0,
spc,valve1__4,valve1,labelled,valve1__4:0,0,baseline,0,0,7.0,
spc,valve1__4,valve1,labelled,valve1__4:1,1,baseline,0,0,6.0,
spc,valve1__4,valve1,labelled,valve1__4:2,2,baseline,0,0,10.0,
spc,valve1__4,valve1,labelled,valve1__4:3,3,stream,0,0,18.0,
spc,valve1__4,valve1,labelled,valve1__4:4,4,stream,0,0,70.0,
spc,valve1__4,valve1,labelled,valve1__4:5,5,stream,0,0,61.0,
spc,valve1__4,valve1,labelled,valve1__4:6,6,stream,0,0,62.0,
spc,valve1__4,valve1,labelled,valve1__4:7,7,stream,0,0,64.0,
spc,valve1__4,valve1,labelled,valve1__4:8,8,stream,0,0,70.0,
spc,valve1__4,valve1,labelled,valve1__4:9,9,stream,0,0,61.0,
spc,valve1__4,valve1,labelled,valve1__4:10,10,stream,1,1,63.0,
spc,valve1__4,valve1,labelled,valve1__4:11,11,stream,1,1,7.0,
spc,valve1__4,valve1,labelled,valve1__4:12,12,stream,1,1,82.0,
spc,valve1__4,valve1,labelled,valve1__4:13,13,stream,1,1,117.0,
spc,valve1__4,valve1,labelled,valve1__4:14,14,stream,1,1,120.0,
spc,valve1__4,valve1,labelled,valve1__4:15,15,stream,1,1,122.0,
spc,valve1__4,valve1,labelled,valve1__4:16,16,stream,1,1,118.0,
spc,valve1__4,valve1,labelled,valve1__4:17,17,stream,0,0,122.0,
spc,valve1__4,valve1,labelled,valve1__4:18,18,stream,0,0,124.0,
spc,valve1__4,valve1,labelled,valve1__4:19,19,stream,0,0,120.0,
spc,valve1__5,valve1,labelled,valve1__5:0,0,baseline,0,0,5.0,
spc,valve1__5,valve1,labelled,valve1__5:1,1,baseline,0,0,13.0,
spc,valve1__5,valve1,labelled,valve1__5:2,2,baseline,0,0,18.0,
spc,valve1__5,valve1,labelled,valve1__5:3,3,stream,0,0,22.0,
spc,valve1__5,valve1,labelled,valve1__5:4,4,stream,0,0,51.0,
spc,valve1__5,valve1,labelled,valve1__5:5,5,stream,0,0,102.0,
spc,valve1__5,valve1,labelled,valve1__5:6,6,stream,0,0,64.0,
spc,valve1__5,valve1,labelled,valve1__5:7,7,stream,0,0,54.0,
spc,valve1__5,valve1,labelled,valve1__5:8,8,stream,0,0,41.0,
spc,valve1__5,valve1,labelled,valve1__5:9,9,stream,0,0,21.0,
spc,valve1__5,valve1,labelled,valve1__5:10,10,stream,1,1,62.0,
spc,valve1__5,valve1,labelled,valve1__5:11,11,stream,1,1,66.0,
spc,valve1__5,valve1,labelled,valve1__5:12,12,stream,1,1,64.0,
spc,valve1__5,valve1,labelled,valve1__5:13,13,stream,1,1,66.0,
spc,valve1__5,valve1,labelled,valve1__5:14,14,stream,1,1,69.0,
spc,valve1__5,valve1,labelled,valve1__5:15,15,stream,1,1,65.0,
spc,valve1__5,valve1,labelled,valve1__5:16,16,stream,1,1,65.0,
spc,valve1__5,valve1,labelled,valve1__5:17,17,stream,0,0,68.0,
spc,valve1__5,valve1,labelled,valve1__5:18,18,stream,0,0,65.0,
spc,valve1__5,valve1,labelled,valve1__5:19,19,stream,0,0,67.0,
spc,valve1__6,valve1,labelled,valve1__6:0,0,baseline,0,0,4.0,
spc,valve1__6,valve1,labelled,valve1__6:1,1,baseline,0,0,6.0,
spc,valve1__6,valve1,labelled,valve1__6:2,2,baseline,0,0,3.0,
spc,valve1__6,valve1,labelled,valve1__6:3,3,stream,0,0,24.0,
spc,valve1__6,valve1,labelled,valve1__6:4,4,stream,0,0,88.0,
spc,valve1__6,valve1,labelled,valve1__6:5,5,stream,0,0,79.0,
spc,valve1__6,valve1,labelled,valve1__6:6,6,stream,0,0,90.0,
spc,valve1__6,valve1,labelled,valve1__6:7,7,stream,0,0,111.0,
spc,valve1__6,valve1,labelled,valve1__6:8,8,stream,0,0,117.0,
spc,valve1__6,valve1,labelled,valve1__6:9,9,stream,0,0,120.0,
spc,valve1__6,valve1,labelled,valve1__6:10,10,stream,1,1,121.0,
spc,valve1__6,valve1,labelled,valve1__6:11,11,stream,1,1,122.0,
spc,valve1__6,valve1,labelled,valve1__6:12,12,stream,1,1,122.0,
spc,valve1__6,valve1,labelled,valve1__6:13,13,stream,1,1,120.0,
spc,valve1__6,valve1,labelled,valve1__6:14,14,stream,1,1,120.0,
spc,valve1__6,valve1,labelled,valve1__6:15,15,stream,1,1,118.0,
spc,valve1__6,valve1,labelled,valve1__6:16,16,stream,1,1,121.0,
spc,valve1__6,valve1,labelled,valve1__6:17,17,stream,1,0,121.0,
spc,valve1__6,valve1,labelled,valve1__6:18,18,stream,0,0,122.0,
spc,valve1__6,valve1,labelled,valve1__6:19,19,stream,0,0,121.0,
spc,valve1__7,valve1,labelled,valve1__7:0,0,baseline,0,0,39.0,
spc,valve1__7,valve1,labelled,valve1__7:1,1,baseline,0,0,40.0,
spc,valve1__7,valve1,labelled,valve1__7:2,2,baseline,0,0,31.0,
spc,valve1__7,valve1,labelled,valve1__7:3,3,stream,0,0,34.0,
spc,valve1__7,valve1,labelled,valve1__7:4,4,stream,0,0,37.0,
spc,valve1__7,valve1,labelled,valve1__7:5,5,stream,0,0,42.0,
spc,valve1__7,valve1,labelled,valve1__7:6,6,stream,0,0,51.0,
spc,valve1__7,valve1,labelled,valve1__7:7,7,stream,0,0,43.0,
spc,valve1__7,valve1,labelled,valve1__7:8,8,stream,0,0,65.0,
spc,valve1__7,valve1,labelled,valve1__7:9,9,stream,0,0,58.0,
spc,valve1__7,valve1,labelled,valve1__7:10,10,stream,1,1,78.0,
spc,valve1__7,valve1,labelled,valve1__7:11,11,stream,1,1,124.0,
spc,valve1__7,valve1,labelled,valve1__7:12,12,stream,1,1,108.0,
spc,valve1__7,valve1,labelled,valve1__7:13,13,stream,1,1,101.0,
spc,valve1__7,valve1,labelled,valve1__7:14,14,stream,1,1,124.0,
spc,valve1__7,valve1,labelled,valve1__7:15,15,stream,1,1,123.0,
spc,valve1__7,valve1,labelled,valve1__7:16,16,stream,1,1,85.0,
spc,valve1__7,valve1,labelled,valve1__7:17,17,stream,1,0,26.0,
spc,valve1__7,valve1,labelled,valve1__7:18,18,stream,0,0,48.0,
spc,valve1__7,valve1,labelled,valve1__7:19,19,stream,0,0,86.0,
spc,valve1__7,valve1,labelled,valve1__7:20,20,stream,0,0,1.0,
spc,valve1__8,valve1,labelled,valve1__8:0,0,baseline,0,0,3.0,
spc,valve1__8,valve1,labelled,valve1__8:1,1,baseline,0,0,5.0,
spc,valve1__8,valve1,labelled,valve1__8:2,2,baseline,0,0,7.0,
spc,valve1__8,valve1,labelled,valve1__8:3,3,stream,0,0,15.0,
spc,valve1__8,valve1,labelled,valve1__8:4,4,stream,0,0,7.0,
spc,valve1__8,valve1,labelled,valve1__8:5,5,stream,0,0,12.0,
spc,valve1__8,valve1,labelled,valve1__8:6,6,stream,0,0,20.0,
spc,valve1__8,valve1,labelled,valve1__8:7,7,stream,0,0,16.0,
spc,valve1__8,valve1,labelled,valve1__8:8,8,stream,0,0,10.0,
spc,valve1__8,valve1,labelled,valve1__8:9,9,stream,1,0,45.0,
spc,valve1__8,valve1,labelled,valve1__8:10,10,stream,1,1,24.0,
spc,valve1__8,valve1,labelled,valve1__8:11,11,stream,1,1,38.0,
spc,valve1__8,valve1,labelled,valve1__8:12,12,stream,1,1,66.0,
spc,valve1__8,valve1,labelled,valve1__8:13,13,stream,1,1,63.0,
spc,valve1__8,valve1,labelled,valve1__8:14,14,stream,1,1,68.0,
spc,valve1__8,valve1,labelled,valve1__8:15,15,stream,1,1,66.0,
spc,valve1__8,valve1,labelled,valve1__8:16,16,stream,1,1,71.0,
spc,valve1__8,valve1,labelled,valve1__8:17,17,stream,0,0,68.0,
spc,valve1__8,valve1,labelled,valve1__8:18,18,stream,0,0,68.0,
spc,valve1__8,valve1,labelled,valve1__8:19,19,stream,0,0,71.0,
spc,valve1__9,valve1,labelled,valve1__9:0,0,baseline,0,0,5.0,
spc,valve1__9,valve1,labelled,valve1__9:1,1,baseline,0,0,7.0,
spc,valve1__9,valve1,labelled,valve1__9:2,2,baseline,0,0,2.0,
spc,valve1__9,valve1,labelled,valve1__9:3,3,stream,0,0,3.0,
spc,valve1__9,valve1,labelled,valve1__9:4,4,stream,0,0,4.0,
spc,valve1__9,valve1,labelled,valve1__9:5,5,stream,0,0,44.0,
spc,valve1__9,valve1,labelled,valve1__9:6,6,stream,0,0,32.0,
spc,valve1__9,valve1,labelled,valve1__9:7,7,stream,0,0,61.0,
spc,valve1__9,valve1,labelled,valve1__9:8,8,stream,0,0,117.0,
spc,valve1__9,valve1,labelled,valve1__9:9,9,stream,0,0,65.0,
spc,valve1__9,valve1,labelled,valve1__9:10,10,stream,1,1,105.0,
spc,valve1__9,valve1,labelled,valve1__9:11,11,stream,1,1,80.0,
spc,valve1__9,valve1,labelled,valve1__9:12,12,stream,1,1,71.0,
spc,valve1__9,valve1,labelled,valve1__9:13,13,stream,1,1,69.0,
spc,valve1__9,valve1,labelled,valve1__9:14,14,stream,1,1,86.0,
spc,valve1__9,valve1,labelled,valve1__9:15,15,stream,1,1,75.0,
spc,valve1__9,valve1,labelled,valve1__9:16,16,stream,1,1,124.0,
spc,valve1__9,valve1,labelled,valve1__9:17,17,stream,1,0,118.0,
spc,valve1__9,valve1,labelled,valve1__9:18,18,stream,0,0,83.0,
spc,valve1__9,valve1,labelled,valve1__9:19,19,stream,0,0,109.0,
spc,valve1__9,valve1,labelled,valve1__9:20,20,stream,0,0,2.0,
spc,valve2__0,valve2,labelled,valve2__0:0,0,baseline,0,0,49.0,
spc,valve2__0,valve2,labelled,valve2__0:1,1,baseline,0,0,26.0,
spc,valve2__0,valve2,labelled,valve2__0:2,2,baseline,0,0,22.0,
spc,valve2__0,valve2,labelled,valve2__0:3,3,stream,0,0,29.0,
spc,valve2__0,valve2,labelled,valve2__0:4,4,stream,0,0,43.0,
spc,valve2__0,valve2,labelled,valve2__0:5,5,stream,0,0,25.0,
spc,valve2__0,valve2,labelled,valve2__0:6,6,stream,0,0,69.0,
spc,valve2__0,valve2,labelled,valve2__0:7,7,stream,0,0,66.0,
spc,valve2__0,valve2,labelled,valve2__0:8,8,stream,0,0,60.0,
spc,valve2__0,valve2,labelled,valve2__0:9,9,stream,0,0,72.0,
spc,valve2__0,valve2,labelled,valve2__0:10,10,stream,1,1,89.0,
spc,valve2__0,valve2,labelled,valve2__0:11,11,stream,1,1,89.0,
spc,valve2__0,valve2,labelled,valve2__0:12,12,stream,1,1,107.0,
spc,valve2__0,valve2,labelled,valve2__0:13,13,stream,1,1,118.0,
spc,valve2__0,valve2,labelled,valve2__0:14,14,stream,1,1,131.0,
spc,valve2__0,valve2,labelled,valve2__0:15,15,stream,1,1,142.0,
spc,valve2__0,valve2,labelled,valve2__0:16,16,stream,1,1,138.0,
spc,valve2__0,valve2,labelled,valve2__0:17,17,stream,0,0,141.0,
spc,valve2__0,valve2,labelled,valve2__0:18,18,stream,0,0,142.0,
spc,valve2__0,valve2,labelled,valve2__0:19,19,stream,0,0,111.0,
spc,valve2__1,valve2,labelled,valve2__1:0,0,baseline,0,0,5.0,
spc,valve2__1,valve2,labelled,valve2__1:1,1,baseline,0,0,3.0,
spc,valve2__1,valve2,labelled,valve2__1:2,2,baseline,0,0,25.0,
spc,valve2__1,valve2,labelled,valve2__1:3,3,stream,0,0,59.0,
spc,valve2__1,valve2,labelled,valve2__1:4,4,stream,0,0,63.0,
spc,valve2__1,valve2,labelled,valve2__1:5,5,stream,0,0,62.0,
spc,valve2__1,valve2,labelled,valve2__1:6,6,stream,0,0,30.0,
spc,valve2__1,valve2,labelled,valve2__1:7,7,stream,0,0,61.0,
spc,valve2__1,valve2,labelled,valve2__1:8,8,stream,0,0,60.0,
spc,valve2__1,valve2,labelled,valve2__1:9,9,stream,0,0,32.0,
spc,valve2__1,valve2,labelled,valve2__1:10,10,stream,1,1,20.0,
spc,valve2__1,valve2,labelled,valve2__1:11,11,stream,1,1,15.0,
spc,valve2__1,valve2,labelled,valve2__1:12,12,stream,1,1,52.0,
spc,valve2__1,valve2,labelled,valve2__1:13,13,stream,1,1,61.0,
spc,valve2__1,valve2,labelled,valve2__1:14,14,stream,1,1,61.0,
spc,valve2__1,valve2,labelled,valve2__1:15,15,stream,0,0,,Accelerometer1RMS: no rows in window; Accelerometer2RMS: no rows in window; Current: no rows in window; Pressure: no rows in window; Temperature: no rows in window; Thermocouple: no rows in window; Voltage: no rows in window
spc,valve2__1,valve2,labelled,valve2__1:16,16,stream,1,1,51.0,
spc,valve2__1,valve2,labelled,valve2__1:17,17,stream,0,0,113.0,
spc,valve2__1,valve2,labelled,valve2__1:18,18,stream,0,0,110.0,
spc,valve2__1,valve2,labelled,valve2__1:19,19,stream,0,0,95.0,
spc,valve2__1,valve2,labelled,valve2__1:20,20,stream,0,0,1.0,
spc,valve2__2,valve2,labelled,valve2__2:0,0,baseline,0,0,10.0,
spc,valve2__2,valve2,labelled,valve2__2:1,1,baseline,0,0,12.0,
spc,valve2__2,valve2,labelled,valve2__2:2,2,baseline,0,0,16.0,
spc,valve2__2,valve2,labelled,valve2__2:3,3,stream,0,0,22.0,
spc,valve2__2,valve2,labelled,valve2__2:4,4,stream,0,0,46.0,
spc,valve2__2,valve2,labelled,valve2__2:5,5,stream,0,0,45.0,
spc,valve2__2,valve2,labelled,valve2__2:6,6,stream,0,0,50.0,
spc,valve2__2,valve2,labelled,valve2__2:7,7,stream,0,0,44.0,
spc,valve2__2,valve2,labelled,valve2__2:8,8,stream,0,0,61.0,
spc,valve2__2,valve2,labelled,valve2__2:9,9,stream,0,0,79.0,
spc,valve2__2,valve2,labelled,valve2__2:10,10,stream,1,1,81.0,
spc,valve2__2,valve2,labelled,valve2__2:11,11,stream,1,1,82.0,
spc,valve2__2,valve2,labelled,valve2__2:12,12,stream,1,1,59.0,
spc,valve2__2,valve2,labelled,valve2__2:13,13,stream,1,1,68.0,
spc,valve2__2,valve2,labelled,valve2__2:14,14,stream,1,1,69.0,
spc,valve2__2,valve2,labelled,valve2__2:15,15,stream,1,1,62.0,
spc,valve2__2,valve2,labelled,valve2__2:16,16,stream,1,1,69.0,
spc,valve2__2,valve2,labelled,valve2__2:17,17,stream,0,0,66.0,
spc,valve2__2,valve2,labelled,valve2__2:18,18,stream,0,0,84.0,
spc,valve2__2,valve2,labelled,valve2__2:19,19,stream,0,0,119.0,
spc,valve2__3,valve2,labelled,valve2__3:0,0,baseline,0,0,14.0,
spc,valve2__3,valve2,labelled,valve2__3:1,1,baseline,0,0,7.0,
spc,valve2__3,valve2,labelled,valve2__3:2,2,baseline,0,0,11.0,
spc,valve2__3,valve2,labelled,valve2__3:3,3,stream,0,0,30.0,
spc,valve2__3,valve2,labelled,valve2__3:4,4,stream,0,0,9.0,
spc,valve2__3,valve2,labelled,valve2__3:5,5,stream,0,0,27.0,
spc,valve2__3,valve2,labelled,valve2__3:6,6,stream,0,0,13.0,
spc,valve2__3,valve2,labelled,valve2__3:7,7,stream,0,0,10.0,
spc,valve2__3,valve2,labelled,valve2__3:8,8,stream,0,0,7.0,
spc,valve2__3,valve2,labelled,valve2__3:9,9,stream,0,0,10.0,
spc,valve2__3,valve2,labelled,valve2__3:10,10,stream,1,1,11.0,
spc,valve2__3,valve2,labelled,valve2__3:11,11,stream,1,1,85.0,
spc,valve2__3,valve2,labelled,valve2__3:12,12,stream,1,1,119.0,
spc,valve2__3,valve2,labelled,valve2__3:13,13,stream,1,1,112.0,
spc,valve2__3,valve2,labelled,valve2__3:14,14,stream,1,1,122.0,
spc,valve2__3,valve2,labelled,valve2__3:15,15,stream,1,1,119.0,
spc,valve2__3,valve2,labelled,valve2__3:16,16,stream,1,1,116.0,
spc,valve2__3,valve2,labelled,valve2__3:17,17,stream,1,0,78.0,
