tool,experiment,tag,window_index,score
screen,anomaly-free__anomaly-free,Accelerometer1RMS,0,2.6704
screen,anomaly-free__anomaly-free,Accelerometer1RMS,1,1.6732
screen,anomaly-free__anomaly-free,Accelerometer1RMS,2,3.4756
screen,anomaly-free__anomaly-free,Accelerometer1RMS,3,2.2714
screen,anomaly-free__anomaly-free,Accelerometer1RMS,4,2.9656
screen,anomaly-free__anomaly-free,Accelerometer1RMS,5,3.0844
screen,anomaly-free__anomaly-free,Accelerometer1RMS,6,3.2276
screen,anomaly-free__anomaly-free,Accelerometer1RMS,7,2.7995
screen,anomaly-free__anomaly-free,Accelerometer1RMS,8,2.4571
screen,anomaly-free__anomaly-free,Accelerometer1RMS,9,2.4996
screen,anomaly-free__anomaly-free,Accelerometer1RMS,10,2.827
screen,anomaly-free__anomaly-free,Accelerometer1RMS,11,2.6279
screen,anomaly-free__anomaly-free,Accelerometer1RMS,12,2.2053
screen,anomaly-free__anomaly-free,Accelerometer1RMS,13,1.9983
screen,anomaly-free__anomaly-free,Accelerometer1RMS,14,1.8212
screen,anomaly-free__anomaly-free,Accelerometer1RMS,15,2.0274
screen,anomaly-free__anomaly-free,Accelerometer1RMS,16,2.3855
screen,anomaly-free__anomaly-free,Accelerometer1RMS,17,2.5036
screen,anomaly-free__anomaly-free,Accelerometer1RMS,18,5.3534
screen,anomaly-free__anomaly-free,Accelerometer1RMS,19,5.0363
screen,anomaly-free__anomaly-free,Accelerometer1RMS,20,5.4109
screen,anomaly-free__anomaly-free,Accelerometer1RMS,21,4.7348
screen,anomaly-free__anomaly-free,Accelerometer1RMS,22,5.5077
screen,anomaly-free__anomaly-free,Accelerometer1RMS,23,6.1058
screen,anomaly-free__anomaly-free,Accelerometer1RMS,24,6.2412
screen,anomaly-free__anomaly-free,Accelerometer1RMS,25,5.7485
screen,anomaly-free__anomaly-free,Accelerometer1RMS,26,7.0857
screen,anomaly-free__anomaly-free,Accelerometer1RMS,27,8.8557
screen,anomaly-free__anomaly-free,Accelerometer1RMS,28,8.8321
screen,anomaly-free__anomaly-free,Accelerometer1RMS,29,8.6212
screen,anomaly-free__anomaly-free,Accelerometer1RMS,30,8.559
screen,anomaly-free__anomaly-free,Accelerometer1RMS,31,8.7999
screen,anomaly-free__anomaly-free,Accelerometer1RMS,32,8.6385
screen,anomaly-free__anomaly-free,Accelerometer1RMS,33,8.7794
screen,anomaly-free__anomaly-free,Accelerometer1RMS,34,9.0777
screen,anomaly-free__anomaly-free,Accelerometer1RMS,35,9.5428
screen,anomaly-free__anomaly-free,Accelerometer1RMS,36,8.7896
screen,anomaly-free__anomaly-free,Accelerometer1RMS,37,9.1918
screen,anomaly-free__anomaly-free,Accelerometer1RMS,38,9.7144
screen,anomaly-free__anomaly-free,Accelerometer1RMS,39,9.8734
screen,anomaly-free__anomaly-free,Accelerometer1RMS,40,9.1383
screen,anomaly-free__anomaly-free,Accelerometer1RMS,41,8.2434
screen,anomaly-free__anomaly-free,Accelerometer1RMS,42,7.9459
screen,anomaly-free__anomaly-free,Accelerometer1RMS,43,7.953
screen,anomaly-free__anomaly-free,Accelerometer1RMS,44,7.4855
screen,anomaly-free__anomaly-free,Accelerometer1RMS,45,7.203
screen,anomaly-free__anomaly-free,Accelerometer1RMS,46,7.8822
screen,anomaly-free__anomaly-free,Accelerometer1RMS,47,7.5619
screen,anomaly-free__anomaly-free,Accelerometer1RMS,48,7.7775
screen,anomaly-free__anomaly-free,Accelerometer1RMS,49,7.48
screen,anomaly-free__anomaly-free,Accelerometer1RMS,50,7.9947
screen,anomaly-free__anomaly-free,Accelerometer1RMS,51,7.6705
screen,anomaly-free__anomaly-free,Accelerometer1RMS,52,8.1348
screen,anomaly-free__anomaly-free,Accelerometer1RMS,53,7.9011
screen,anomaly-free__anomaly-free,Accelerometer1RMS,54,8.2363
screen,anomaly-free__anomaly-free,Accelerometer1RMS,55,9.1981
screen,anomaly-free__anomaly-free,Accelerometer1RMS,56,8.0081
screen,anomaly-free__anomaly-free,Accelerometer1RMS,57,9.4877
screen,anomaly-free__anomaly-free,Accelerometer1RMS,58,9.9269
screen,anomaly-free__anomaly-free,Accelerometer1RMS,59,9.6207
screen,anomaly-free__anomaly-free,Accelerometer1RMS,60,9.6325
screen,anomaly-free__anomaly-free,Accelerometer1RMS,61,10.0103
screen,anomaly-free__anomaly-free,Accelerometer1RMS,62,10.1913
screen,anomaly-free__anomaly-free,Accelerometer1RMS,63,10.0764
screen,anomaly-free__anomaly-free,Accelerometer1RMS,64,10.4495
screen,anomaly-free__anomaly-free,Accelerometer1RMS,65,10.651
screen,anomaly-free__anomaly-free,Accelerometer1RMS,66,9.5129
screen,anomaly-free__anomaly-free,Accelerometer1RMS,67,9.8765
screen,anomaly-free__anomaly-free,Accelerometer1RMS,68,9.4169
screen,anomaly-free__anomaly-free,Accelerometer1RMS,69,9.5782
screen,anomaly-free__anomaly-free,Accelerometer1RMS,70,10.0882
screen,anomaly-free__anomaly-free,Accelerometer1RMS,71,10.5298
screen,anomaly-free__anomaly-free,Accelerometer1RMS,72,10.4849
screen,anomaly-free__anomaly-free,Accelerometer1RMS,73,10.4613
screen,anomaly-free__anomaly-free,Accelerometer1RMS,74,10.2858
screen,anomaly-free__anomaly-free,Accelerometer1RMS,75,9.8403
screen,anomaly-free__anomaly-free,Accelerometer1RMS,76,9.8797
screen,anomaly-free__anomaly-free,Accelerometer1RMS,77,10.019
screen,anomaly-free__anomaly-free,Accelerometer1RMS,78,10.8564
screen,anomaly-free__anomaly-free,Accelerometer1RMS,79,10.555
screen,anomaly-free__anomaly-free,Accelerometer1RMS,80,10.7131
screen,anomaly-free__anomaly-free,Accelerometer1RMS,81,10.9563
screen,anomaly-free__anomaly-free,Accelerometer1RMS,82,11.1712
screen,anomaly-free__anomaly-free,Accelerometer1RMS,83,11.549
screen,anomaly-free__anomaly-free,Accelerometer1RMS,84,10.3141
screen,anomaly-free__anomaly-free,Accelerometer1RMS,85,10.455
screen,anomaly-free__anomaly-free,Accelerometer1RMS,86,10.6722
screen,anomaly-free__anomaly-free,Accelerometer1RMS,87,11.2389
screen,anomaly-free__anomaly-free,Accelerometer1RMS,88,11.6529
screen,anomaly-free__anomaly-free,Accelerometer1RMS,89,10.7556
screen,anomaly-free__anomaly-free,Accelerometer1RMS,90,12.5808
screen,anomaly-free__anomaly-free,Accelerometer1RMS,91,11.9866
screen,anomaly-free__anomaly-free,Accelerometer1RMS,92,11.7544
screen,anomaly-free__anomaly-free,Accelerometer1RMS,93,9.4688
screen,anomaly-free__anomaly-free,Accelerometer1RMS,94,9.372
screen,anomaly-free__anomaly-free,Accelerometer1RMS,95,8.2749
screen,anomaly-free__anomaly-free,Accelerometer1RMS,96,8.3528
screen,anomaly-free__anomaly-free,Accelerometer1RMS,97,8.463
screen,anomaly-free__anomaly-free,Accelerometer1RMS,98,8.855
screen,anomaly-free__anomaly-free,Accelerometer1RMS,99,9.4208
screen,anomaly-free__anomaly-free,Accelerometer1RMS,100,9.7931
screen,anomaly-free__anomaly-free,Accelerometer1RMS,101,9.4594
screen,anomaly-free__anomaly-free,Accelerometer1RMS,102,9.2225
screen,anomaly-free__anomaly-free,Accelerometer1RMS,103,9.5625
screen,anomaly-free__anomaly-free,Accelerometer1RMS,104,11.6749
screen,anomaly-free__anomaly-free,Accelerometer1RMS,105,11.5915
screen,anomaly-free__anomaly-free,Accelerometer1RMS,106,11.4734
screen,anomaly-free__anomaly-free,Accelerometer1RMS,107,12.7697
screen,anomaly-free__anomaly-free,Accelerometer1RMS,108,14.3721
screen,anomaly-free__anomaly-free,Accelerometer1RMS,109,14.0053
screen,anomaly-free__anomaly-free,Accelerometer1RMS,110,13.8605
screen,anomaly-free__anomaly-free,Accelerometer1RMS,111,13.2569
screen,anomaly-free__anomaly-free,Accelerometer1RMS,112,12.9885
screen,anomaly-free__anomaly-free,Accelerometer1RMS,113,12.0488
screen,anomaly-free__anomaly-free,Accelerometer1RMS,114,13.1726
screen,anomaly-free__anomaly-free,Accelerometer1RMS,115,13.234
screen,anomaly-free__anomaly-free,Accelerometer1RMS,116,14.9199
screen,anomaly-free__anomaly-free,Accelerometer1RMS,117,14.0588
screen,anomaly-free__anomaly-free,Accelerometer1RMS,118,13.3434
screen,anomaly-free__anomaly-free,Accelerometer1RMS,119,15.1009
screen,anomaly-free__anomaly-free,Accelerometer1RMS,120,14.7121
screen,anomaly-free__anomaly-free,Accelerometer1RMS,121,14.679
screen,anomaly-free__anomaly-free,Accelerometer1RMS,122,14.0793
screen,anomaly-free__anomaly-free,Accelerometer1RMS,123,13.4583
screen,anomaly-free__anomaly-free,Accelerometer1RMS,124,14.0557
screen,anomaly-free__anomaly-free,Accelerometer1RMS,125,14.7609
screen,anomaly-free__anomaly-free,Accelerometer1RMS,126,11.7339
screen,anomaly-free__anomaly-free,Accelerometer1RMS,127,13.1034
screen,anomaly-free__anomaly-free,Accelerometer1RMS,128,13.9306
screen,anomaly-free__anomaly-free,Accelerometer1RMS,129,13.8574
screen,anomaly-free__anomaly-free,Accelerometer1RMS,130,13.456
screen,anomaly-free__anomaly-free,Accelerometer1RMS,131,13.2246
screen,anomaly-free__anomaly-free,Accelerometer1RMS,132,10.6644
screen,anomaly-free__anomaly-free,Accelerometer1RMS,133,10.6683
screen,anomaly-free__anomaly-free,Accelerometer1RMS,134,9.7412
screen,anomaly-free__anomaly-free,Accelerometer1RMS,135,10.3133
screen,anomaly-free__anomaly-free,Accelerometer1RMS,136,7.9286
screen,anomaly-free__anomaly-free,Accelerometer1RMS,137,10.0221
screen,anomaly-free__anomaly-free,Accelerometer1RMS,138,12.8948
screen,anomaly-free__anomaly-free,Accelerometer1RMS,139,12.3392
screen,anomaly-free__anomaly-free,Accelerometer1RMS,140,12.1393
screen,anomaly-free__anomaly-free,Accelerometer1RMS,141,10.0339
screen,anomaly-free__anomaly-free,Accelerometer1RMS,142,6.8047
screen,anomaly-free__anomaly-free,Accelerometer1RMS,143,6.39
screen,anomaly-free__anomaly-free,Accelerometer1RMS,144,8.1868
screen,anomaly-free__anomaly-free,Accelerometer1RMS,145,9.2792
screen,anomaly-free__anomaly-free,Accelerometer1RMS,146,9.6113
screen,anomaly-free__anomaly-free,Accelerometer1RMS,147,7.9869
screen,anomaly-free__anomaly-free,Accelerometer1RMS,148,8.5795
screen,anomaly-free__anomaly-free,Accelerometer1RMS,149,9.6176
screen,anomaly-free__anomaly-free,Accelerometer1RMS,150,9.2658
screen,anomaly-free__anomaly-free,Accelerometer1RMS,151,9.4751
screen,anomaly-free__anomaly-free,Accelerometer1RMS,152,12.8295
screen,anomaly-free__anomaly-free,Accelerometer1RMS,153,12.9452
screen,anomaly-free__anomaly-free,Accelerometer1RMS,154,15.858
screen,anomaly-free__anomaly-free,Accelerometer1RMS,155,12.7272
screen,anomaly-free__anomaly-free,Accelerometer1RMS,156,13.1616
screen,anomaly-free__anomaly-free,Accelerometer1RMS,157,13.1719
screen,anomaly-free__anomaly-free,Accelerometer1RMS,158,18.0838
screen,anomaly-free__anomaly-free,Accelerometer1RMS,159,18.1333
screen,anomaly-free__anomaly-free,Accelerometer1RMS,160,13.0231
screen,anomaly-free__anomaly-free,Accelerometer1RMS,161,14.2288
screen,anomaly-free__anomaly-free,Accelerometer1RMS,162,14.1997
screen,anomaly-free__anomaly-free,Accelerometer1RMS,163,17.5446
screen,anomaly-free__anomaly-free,Accelerometer1RMS,164,16.4514
screen,anomaly-free__anomaly-free,Accelerometer1RMS,165,19.1022
screen,anomaly-free__anomaly-free,Accelerometer1RMS,166,12.9932
screen,anomaly-free__anomaly-free,Accelerometer2RMS,0,2.4049
screen,anomaly-free__anomaly-free,Accelerometer2RMS,1,2.3501
screen,anomaly-free__anomaly-free,Accelerometer2RMS,2,2.2534
screen,anomaly-free__anomaly-free,Accelerometer2RMS,3,2.0988
screen,anomaly-free__anomaly-free,Accelerometer2RMS,4,2.4498
screen,anomaly-free__anomaly-free,Accelerometer2RMS,5,2.6492
screen,anomaly-free__anomaly-free,Accelerometer2RMS,6,2.6074
screen,anomaly-free__anomaly-free,Accelerometer2RMS,7,3.31
screen,anomaly-free__anomaly-free,Accelerometer2RMS,8,3.5361
screen,anomaly-free__anomaly-free,Accelerometer2RMS,9,3.7333
screen,anomaly-free__anomaly-free,Accelerometer2RMS,10,3.9229
screen,anomaly-free__anomaly-free,Accelerometer2RMS,11,5.083
screen,anomaly-free__anomaly-free,Accelerometer2RMS,12,4.2289
screen,anomaly-free__anomaly-free,Accelerometer2RMS,13,4.6278
screen,anomaly-free__anomaly-free,Accelerometer2RMS,14,4.0119
screen,anomaly-free__anomaly-free,Accelerometer2RMS,15,4.034
screen,anomaly-free__anomaly-free,Accelerometer2RMS,16,4.5334
screen,anomaly-free__anomaly-free,Accelerometer2RMS,17,4.2708
screen,anomaly-free__anomaly-free,Accelerometer2RMS,18,6.4678
screen,anomaly-free__anomaly-free,Accelerometer2RMS,19,3.8711
screen,anomaly-free__anomaly-free,Accelerometer2RMS,20,5.2581
screen,anomaly-free__anomaly-free,Accelerometer2RMS,21,5.4195
screen,anomaly-free__anomaly-free,Accelerometer2RMS,22,4.6445
screen,anomaly-free__anomaly-free,Accelerometer2RMS,23,4.3362
screen,anomaly-free__anomaly-free,Accelerometer2RMS,24,5.1325
screen,anomaly-free__anomaly-free,Accelerometer2RMS,25,5.2612
screen,anomaly-free__anomaly-free,Accelerometer2RMS,26,4.7945
screen,anomaly-free__anomaly-free,Accelerometer2RMS,27,4.7542
screen,anomaly-free__anomaly-free,Accelerometer2RMS,28,4.5935
screen,anomaly-free__anomaly-free,Accelerometer2RMS,29,5.6806
screen,anomaly-free__anomaly-free,Accelerometer2RMS,30,4.7382
screen,anomaly-free__anomaly-free,Accelerometer2RMS,31,4.4679
screen,anomaly-free__anomaly-free,Accelerometer2RMS,32,4.978
screen,anomaly-free__anomaly-free,Accelerometer2RMS,33,5.5063
screen,anomaly-free__anomaly-free,Accelerometer2RMS,34,5.0298
screen,anomaly-free__anomaly-free,Accelerometer2RMS,35,6.1793
screen,anomaly-free__anomaly-free,Accelerometer2RMS,36,4.9635
screen,anomaly-free__anomaly-free,Accelerometer2RMS,37,5.3015
screen,anomaly-free__anomaly-free,Accelerometer2RMS,38,5.3464
screen,anomaly-free__anomaly-free,Accelerometer2RMS,39,5.8375
screen,anomaly-free__anomaly-free,Accelerometer2RMS,40,5.9547
screen,anomaly-free__anomaly-free,Accelerometer2RMS,41,6.6071
screen,anomaly-free__anomaly-free,Accelerometer2RMS,42,6.6269
screen,anomaly-free__anomaly-free,Accelerometer2RMS,43,6.9489
screen,anomaly-free__anomaly-free,Accelerometer2RMS,44,7.851
screen,anomaly-free__anomaly-free,Accelerometer2RMS,45,8.1091
screen,anomaly-free__anomaly-free,Accelerometer2RMS,46,8.2591
screen,anomaly-free__anomaly-free,Accelerometer2RMS,47,8.3542
screen,anomaly-free__anomaly-free,Accelerometer2RMS,48,8.607
screen,anomaly-free__anomaly-free,Accelerometer2RMS,49,9.3835
screen,anomaly-free__anomaly-free,Accelerometer2RMS,50,9.4688
screen,anomaly-free__anomaly-free,Accelerometer2RMS,51,9.0874
screen,anomaly-free__anomaly-free,Accelerometer2RMS,52,8.993
screen,anomaly-free__anomaly-free,Accelerometer2RMS,53,9.369
screen,anomaly-free__anomaly-free,Accelerometer2RMS,54,9.9727
screen,anomaly-free__anomaly-free,Accelerometer2RMS,55,9.7641
screen,anomaly-free__anomaly-free,Accelerometer2RMS,56,9.7573
screen,anomaly-free__anomaly-free,Accelerometer2RMS,57,9.7755
screen,anomaly-free__anomaly-free,Accelerometer2RMS,58,9.216
screen,anomaly-free__anomaly-free,Accelerometer2RMS,59,9.8547
screen,anomaly-free__anomaly-free,Accelerometer2RMS,60,9.4665
screen,anomaly-free__anomaly-free,Accelerometer2RMS,61,9.3873
screen,anomaly-free__anomaly-free,Accelerometer2RMS,62,9.3744
screen,anomaly-free__anomaly-free,Accelerometer2RMS,63,9.2031
screen,anomaly-free__anomaly-free,Accelerometer2RMS,64,9.2381
screen,anomaly-free__anomaly-free,Accelerometer2RMS,65,8.9282
screen,anomaly-free__anomaly-free,Accelerometer2RMS,66,9.4025
screen,anomaly-free__anomaly-free,Accelerometer2RMS,67,8.8437
screen,anomaly-free__anomaly-free,Accelerometer2RMS,68,9.3797
screen,anomaly-free__anomaly-free,Accelerometer2RMS,69,9.2876
screen,anomaly-free__anomaly-free,Accelerometer2RMS,70,9.5418
screen,anomaly-free__anomaly-free,Accelerometer2RMS,71,9.2868
screen,anomaly-free__anomaly-free,Accelerometer2RMS,72,9.707
screen,anomaly-free__anomaly-free,Accelerometer2RMS,73,10.2178
screen,anomaly-free__anomaly-free,Accelerometer2RMS,74,9.9849
screen,anomaly-free__anomaly-free,Accelerometer2RMS,75,9.994
screen,anomaly-free__anomaly-free,Accelerometer2RMS,76,9.758
screen,anomaly-free__anomaly-free,Accelerometer2RMS,77,9.7915
screen,anomaly-free__anomaly-free,Accelerometer2RMS,78,9.7367
screen,anomaly-free__anomaly-free,Accelerometer2RMS,79,9.8715
screen,anomaly-free__anomaly-free,Accelerometer2RMS,80,10.2559
screen,anomaly-free__anomaly-free,Accelerometer2RMS,81,10.6244
screen,anomaly-free__anomaly-free,Accelerometer2RMS,82,10.9296
screen,anomaly-free__anomaly-free,Accelerometer2RMS,83,9.7542
screen,anomaly-free__anomaly-free,Accelerometer2RMS,84,9.9803
screen,anomaly-free__anomaly-free,Accelerometer2RMS,85,11.1352
screen,anomaly-free__anomaly-free,Accelerometer2RMS,86,10.2072
screen,anomaly-free__anomaly-free,Accelerometer2RMS,87,10.3526
screen,anomaly-free__anomaly-free,Accelerometer2RMS,88,11.1748
screen,anomaly-free__anomaly-free,Accelerometer2RMS,89,10.2468
screen,anomaly-free__anomaly-free,Accelerometer2RMS,90,10.5665
screen,anomaly-free__anomaly-free,Accelerometer2RMS,91,10.6876
screen,anomaly-free__anomaly-free,Accelerometer2RMS,92,11.2014
screen,anomaly-free__anomaly-free,Accelerometer2RMS,93,11.1314
screen,anomaly-free__anomaly-free,Accelerometer2RMS,94,11.0058
screen,anomaly-free__anomaly-free,Accelerometer2RMS,95,10.4257
screen,anomaly-free__anomaly-free,Accelerometer2RMS,96,10.2041
screen,anomaly-free__anomaly-free,Accelerometer2RMS,97,10.0123
screen,anomaly-free__anomaly-free,Accelerometer2RMS,98,10.9274
screen,anomaly-free__anomaly-free,Accelerometer2RMS,99,10.8155
screen,anomaly-free__anomaly-free,Accelerometer2RMS,100,12.2314
screen,anomaly-free__anomaly-free,Accelerometer2RMS,101,10.5201
screen,anomaly-free__anomaly-free,Accelerometer2RMS,102,10.5269
screen,anomaly-free__anomaly-free,Accelerometer2RMS,103,10.6015
screen,anomaly-free__anomaly-free,Accelerometer2RMS,104,10.5224
screen,anomaly-free__anomaly-free,Accelerometer2RMS,105,9.8547
screen,anomaly-free__anomaly-free,Accelerometer2RMS,106,10.8314
screen,anomaly-free__anomaly-free,Accelerometer2RMS,107,10.8581
screen,anomaly-free__anomaly-free,Accelerometer2RMS,108,8.0162
screen,anomaly-free__anomaly-free,Accelerometer2RMS,109,8.8201
screen,anomaly-free__anomaly-free,Accelerometer2RMS,110,9.4695
screen,anomaly-free__anomaly-free,Accelerometer2RMS,111,9.8699
screen,anomaly-free__anomaly-free,Accelerometer2RMS,112,8.8673
screen,anomaly-free__anomaly-free,Accelerometer2RMS,113,8.4867
screen,anomaly-free__anomaly-free,Accelerometer2RMS,114,9.7413
screen,anomaly-free__anomaly-free,Accelerometer2RMS,115,9.5357
screen,anomaly-free__anomaly-free,Accelerometer2RMS,116,8.9313
screen,anomaly-free__anomaly-free,Accelerometer2RMS,117,9.6408
screen,anomaly-free__anomaly-free,Accelerometer2RMS,118,9.5418
screen,anomaly-free__anomaly-free,Accelerometer2RMS,119,9.3987
screen,anomaly-free__anomaly-free,Accelerometer2RMS,120,8.406
screen,anomaly-free__anomaly-free,Accelerometer2RMS,121,12.1896
screen,anomaly-free__anomaly-free,Accelerometer2RMS,122,11.5135
screen,anomaly-free__anomaly-free,Accelerometer2RMS,123,10.7721
screen,anomaly-free__anomaly-free,Accelerometer2RMS,124,10.7949
screen,anomaly-free__anomaly-free,Accelerometer2RMS,125,11.3826
screen,anomaly-free__anomaly-free,Accelerometer2RMS,126,11.3407
screen,anomaly-free__anomaly-free,Accelerometer2RMS,127,11.8744
screen,anomaly-free__anomaly-free,Accelerometer2RMS,128,11.193
screen,anomaly-free__anomaly-free,Accelerometer2RMS,129,11.0256
screen,anomaly-free__anomaly-free,Accelerometer2RMS,130,11.1679
screen,anomaly-free__anomaly-free,Accelerometer2RMS,131,11.2159
screen,anomaly-free__anomaly-free,Accelerometer2RMS,132,11.6285
screen,anomaly-free__anomaly-free,Accelerometer2RMS,133,13.5682
screen,anomaly-free__anomaly-free,Accelerometer2RMS,134,12.1309
screen,anomaly-free__anomaly-free,Accelerometer2RMS,135,13.0757
screen,anomaly-free__anomaly-free,Accelerometer2RMS,136,12.9501
screen,anomaly-free__anomaly-free,Accelerometer2RMS,137,13.3497
screen,anomaly-free__anomaly-free,Accelerometer2RMS,138,12.3639
screen,anomaly-free__anomaly-free,Accelerometer2RMS,139,12.3532
screen,anomaly-free__anomaly-free,Accelerometer2RMS,140,11.6323
screen,anomaly-free__anomaly-free,Accelerometer2RMS,141,21.9034
screen,anomaly-free__anomaly-free,Accelerometer2RMS,142,11.8523
screen,anomaly-free__anomaly-free,Accelerometer2RMS,143,11.9201
screen,anomaly-free__anomaly-free,Accelerometer2RMS,144,11.5189
screen,anomaly-free__anomaly-free,Accelerometer2RMS,145,12.1827
screen,anomaly-free__anomaly-free,Accelerometer2RMS,146,12.491
screen,anomaly-free__anomaly-free,Accelerometer2RMS,147,11.5052
screen,anomaly-free__anomaly-free,Accelerometer2RMS,148,11.7754
screen,anomaly-free__anomaly-free,Accelerometer2RMS,149,12.0388
screen,anomaly-free__anomaly-free,Accelerometer2RMS,150,11.2555
screen,anomaly-free__anomaly-free,Accelerometer2RMS,151,11.2905
screen,anomaly-free__anomaly-free,Accelerometer2RMS,152,9.6134
screen,anomaly-free__anomaly-free,Accelerometer2RMS,153,8.8734
screen,anomaly-free__anomaly-free,Accelerometer2RMS,154,9.3858
screen,anomaly-free__anomaly-free,Accelerometer2RMS,155,9.9697
screen,anomaly-free__anomaly-free,Accelerometer2RMS,156,8.9229
screen,anomaly-free__anomaly-free,Accelerometer2RMS,157,9.2708
screen,anomaly-free__anomaly-free,Accelerometer2RMS,158,8.5697
screen,anomaly-free__anomaly-free,Accelerometer2RMS,159,7.1766
screen,anomaly-free__anomaly-free,Accelerometer2RMS,160,5.6281
screen,anomaly-free__anomaly-free,Accelerometer2RMS,161,5.8542
screen,anomaly-free__anomaly-free,Accelerometer2RMS,162,20.9465
screen,anomaly-free__anomaly-free,Accelerometer2RMS,163,5.4035
screen,anomaly-free__anomaly-free,Accelerometer2RMS,164,5.5634
screen,anomaly-free__anomaly-free,Accelerometer2RMS,165,14.0562
screen,anomaly-free__anomaly-free,Accelerometer2RMS,166,5.1675
screen,anomaly-free__anomaly-free,Current,0,3.0399
screen,anomaly-free__anomaly-free,Current,1,2.8731
screen,anomaly-free__anomaly-free,Current,2,3.3164
screen,anomaly-free__anomaly-free,Current,3,3.2933
screen,anomaly-free__anomaly-free,Current,4,3.3485
screen,anomaly-free__anomaly-free,Current,5,3.4699
screen,anomaly-free__anomaly-free,Current,6,2.1969
screen,anomaly-free__anomaly-free,Current,7,3.3802
screen,anomaly-free__anomaly-free,Current,8,3.5247
screen,anomaly-free__anomaly-free,Current,9,2.9602
screen,anomaly-free__anomaly-free,Current,10,3.3561
screen,anomaly-free__anomaly-free,Current,11,1.934
screen,anomaly-free__anomaly-free,Current,12,3.4086
screen,anomaly-free__anomaly-free,Current,13,3.42
screen,anomaly-free__anomaly-free,Current,14,3.4286
screen,anomaly-free__anomaly-free,Current,15,3.3801
screen,anomaly-free__anomaly-free,Current,16,3.0627
screen,anomaly-free__anomaly-free,Current,17,2.3059
screen,anomaly-free__anomaly-free,Current,18,3.4892
screen,anomaly-free__anomaly-free,Current,19,3.3621
screen,anomaly-free__anomaly-free,Current,20,2.7011
screen,anomaly-free__anomaly-free,Current,21,3.2865
screen,anomaly-free__anomaly-free,Current,22,3.241
screen,anomaly-free__anomaly-free,Current,23,3.4579
screen,anomaly-free__anomaly-free,Current,24,3.4133
screen,anomaly-free__anomaly-free,Current,25,3.3492
screen,anomaly-free__anomaly-free,Current,26,3.4255
screen,anomaly-free__anomaly-free,Current,27,1.8724
screen,anomaly-free__anomaly-free,Current,28,3.4797
screen,anomaly-free__anomaly-free,Current,29,3.3559
screen,anomaly-free__anomaly-free,Current,30,3.4052
screen,anomaly-free__anomaly-free,Current,31,3.3025
screen,anomaly-free__anomaly-free,Current,32,3.4467
screen,anomaly-free__anomaly-free,Current,33,2.7997
screen,anomaly-free__anomaly-free,Current,34,3.4169
screen,anomaly-free__anomaly-free,Current,35,3.3645
screen,anomaly-free__anomaly-free,Current,36,3.5002
screen,anomaly-free__anomaly-free,Current,37,3.3724
screen,anomaly-free__anomaly-free,Current,38,3.371
screen,anomaly-free__anomaly-free,Current,39,3.1195
screen,anomaly-free__anomaly-free,Current,40,3.4577
screen,anomaly-free__anomaly-free,Current,41,1.8509
screen,anomaly-free__anomaly-free,Current,42,2.8782
screen,anomaly-free__anomaly-free,Current,43,3.1695
screen,anomaly-free__anomaly-free,Current,44,2.0707
screen,anomaly-free__anomaly-free,Current,45,3.1557
screen,anomaly-free__anomaly-free,Current,46,3.3952
screen,anomaly-free__anomaly-free,Current,47,3.2441
screen,anomaly-free__anomaly-free,Current,48,2.1412
screen,anomaly-free__anomaly-free,Current,49,3.4176
screen,anomaly-free__anomaly-free,Current,50,3.1827
screen,anomaly-free__anomaly-free,Current,51,2.7821
screen,anomaly-free__anomaly-free,Current,52,3.4754
screen,anomaly-free__anomaly-free,Current,53,3.5726
screen,anomaly-free__anomaly-free,Current,54,2.9049
screen,anomaly-free__anomaly-free,Current,55,2.5092
screen,anomaly-free__anomaly-free,Current,56,3.4925
screen,anomaly-free__anomaly-free,Current,57,3.1182
screen,anomaly-free__anomaly-free,Current,58,3.2598
screen,anomaly-free__anomaly-free,Current,59,3.2266
screen,anomaly-free__anomaly-free,Current,60,3.1863
screen,anomaly-free__anomaly-free,Current,61,2.6607
screen,anomaly-free__anomaly-free,Current,62,3.0231
screen,anomaly-free__anomaly-free,Current,63,1.984
screen,anomaly-free__anomaly-free,Current,64,3.3827
screen,anomaly-free__anomaly-free,Current,65,2.5674
screen,anomaly-free__anomaly-free,Current,66,2.0487
screen,anomaly-free__anomaly-free,Current,67,3.5107
screen,anomaly-free__anomaly-free,Current,68,2.8704
screen,anomaly-free__anomaly-free,Current,69,3.5518
screen,anomaly-free__anomaly-free,Current,70,2.5456
screen,anomaly-free__anomaly-free,Current,71,3.4533
screen,anomaly-free__anomaly-free,Current,72,3.1292
screen,anomaly-free__anomaly-free,Current,73,3.3191
screen,anomaly-free__anomaly-free,Current,74,3.4153
screen,anomaly-free__anomaly-free,Current,75,3.3911
screen,anomaly-free__anomaly-free,Current,76,3.4925
screen,anomaly-free__anomaly-free,Current,77,3.2025
screen,anomaly-free__anomaly-free,Current,78,2.9945
screen,anomaly-free__anomaly-free,Current,79,3.0183
screen,anomaly-free__anomaly-free,Current,80,3.3832
screen,anomaly-free__anomaly-free,Current,81,3.4735
screen,anomaly-free__anomaly-free,Current,82,2.9817
screen,anomaly-free__anomaly-free,Current,83,2.7744
screen,anomaly-free__anomaly-free,Current,84,2.9657
screen,anomaly-free__anomaly-free,Current,85,3.3412
screen,anomaly-free__anomaly-free,Current,86,3.4953
screen,anomaly-free__anomaly-free,Current,87,2.9919
screen,anomaly-free__anomaly-free,Current,88,3.4628
screen,anomaly-free__anomaly-free,Current,89,3.3281
screen,anomaly-free__anomaly-free,Current,90,3.3629
screen,anomaly-free__anomaly-free,Current,91,2.5853
screen,anomaly-free__anomaly-free,Current,92,2.6137
screen,anomaly-free__anomaly-free,Current,93,3.1913
screen,anomaly-free__anomaly-free,Current,94,3.4856
screen,anomaly-free__anomaly-free,Current,95,3.4599
screen,anomaly-free__anomaly-free,Current,96,2.9991
screen,anomaly-free__anomaly-free,Current,97,2.4457
screen,anomaly-free__anomaly-free,Current,98,3.2837
screen,anomaly-free__anomaly-free,Current,99,3.2267
screen,anomaly-free__anomaly-free,Current,100,3.4346
screen,anomaly-free__anomaly-free,Current,101,2.7683
screen,anomaly-free__anomaly-free,Current,102,3.4372
screen,anomaly-free__anomaly-free,Current,103,3.1887
screen,anomaly-free__anomaly-free,Current,104,3.3209
screen,anomaly-free__anomaly-free,Current,105,3.3435
screen,anomaly-free__anomaly-free,Current,106,3.1701
screen,anomaly-free__anomaly-free,Current,107,3.3304
screen,anomaly-free__anomaly-free,Current,108,3.4242
screen,anomaly-free__anomaly-free,Current,109,3.3855
screen,anomaly-free__anomaly-free,Current,110,3.1917
screen,anomaly-free__anomaly-free,Current,111,3.5793
screen,anomaly-free__anomaly-free,Current,112,3.4958
screen,anomaly-free__anomaly-free,Current,113,3.3768
screen,anomaly-free__anomaly-free,Current,114,2.8345
screen,anomaly-free__anomaly-free,Current,115,3.4763
screen,anomaly-free__anomaly-free,Current,116,3.4162
screen,anomaly-free__anomaly-free,Current,117,3.3048
screen,anomaly-free__anomaly-free,Current,118,3.4028
screen,anomaly-free__anomaly-free,Current,119,3.33
screen,anomaly-free__anomaly-free,Current,120,2.8056
screen,anomaly-free__anomaly-free,Current,121,3.4333
screen,anomaly-free__anomaly-free,Current,122,2.8233
screen,anomaly-free__anomaly-free,Current,123,3.562
screen,anomaly-free__anomaly-free,Current,124,3.4406
screen,anomaly-free__anomaly-free,Current,125,3.2483
screen,anomaly-free__anomaly-free,Current,126,3.124
screen,anomaly-free__anomaly-free,Current,127,3.2179
screen,anomaly-free__anomaly-free,Current,128,3.0922
screen,anomaly-free__anomaly-free,Current,129,3.4615
screen,anomaly-free__anomaly-free,Current,130,3.5115
screen,anomaly-free__anomaly-free,Current,131,3.2324
screen,anomaly-free__anomaly-free,Current,132,3.4945
screen,anomaly-free__anomaly-free,Current,133,3.3917
screen,anomaly-free__anomaly-free,Current,134,3.3625
screen,anomaly-free__anomaly-free,Current,135,3.2323
screen,anomaly-free__anomaly-free,Current,136,3.2889
screen,anomaly-free__anomaly-free,Current,137,3.4505
screen,anomaly-free__anomaly-free,Current,138,3.5371
screen,anomaly-free__anomaly-free,Current,139,3.4703
screen,anomaly-free__anomaly-free,Current,140,3.3662
screen,anomaly-free__anomaly-free,Current,141,3.1855
screen,anomaly-free__anomaly-free,Current,142,2.7149
screen,anomaly-free__anomaly-free,Current,143,3.0047
screen,anomaly-free__anomaly-free,Current,144,3.4816
screen,anomaly-free__anomaly-free,Current,145,3.3439
screen,anomaly-free__anomaly-free,Current,146,3.2982
screen,anomaly-free__anomaly-free,Current,147,3.4344
screen,anomaly-free__anomaly-free,Current,148,3.3575
screen,anomaly-free__anomaly-free,Current,149,3.4769
screen,anomaly-free__anomaly-free,Current,150,3.3411
screen,anomaly-free__anomaly-free,Current,151,3.1724
screen,anomaly-free__anomaly-free,Current,152,2.3977
screen,anomaly-free__anomaly-free,Current,153,2.9881
screen,anomaly-free__anomaly-free,Current,154,3.4557
screen,anomaly-free__anomaly-free,Current,155,3.2499
screen,anomaly-free__anomaly-free,Current,156,2.7812
screen,anomaly-free__anomaly-free,Current,157,3.1167
screen,anomaly-free__anomaly-free,Current,158,3.4065
screen,anomaly-free__anomaly-free,Current,159,3.44
screen,anomaly-free__anomaly-free,Current,160,3.4298
screen,anomaly-free__anomaly-free,Current,161,3.4066
screen,anomaly-free__anomaly-free,Current,162,3.4952
screen,anomaly-free__anomaly-free,Current,163,3.1809
screen,anomaly-free__anomaly-free,Current,164,3.505
screen,anomaly-free__anomaly-free,Current,165,2.9749
screen,anomaly-free__anomaly-free,Current,166,0.1423
screen,anomaly-free__anomaly-free,Temperature,0,1.8569
screen,anomaly-free__anomaly-free,Temperature,1,1.2812
screen,anomaly-free__anomaly-free,Temperature,2,1.4569
screen,anomaly-free__anomaly-free,Temperature,3,1.6407
screen,anomaly-free__anomaly-free,Temperature,4,1.5177
screen,anomaly-free__anomaly-free,Temperature,5,1.6964
screen,anomaly-free__anomaly-free,Temperature,6,2.2094
screen,anomaly-free__anomaly-free,Temperature,7,2.3551
screen,anomaly-free__anomaly-free,Temperature,8,2.012
screen,anomaly-free__anomaly-free,Temperature,9,2.2946
screen,anomaly-free__anomaly-free,Temperature,10,2.0717
screen,anomaly-free__anomaly-free,Temperature,11,2.1555
screen,anomaly-free__anomaly-free,Temperature,12,2.4384
screen,anomaly-free__anomaly-free,Temperature,13,2.3227
screen,anomaly-free__anomaly-free,Temperature,14,2.4413
screen,anomaly-free__anomaly-free,Temperature,15,2.86
screen,anomaly-free__anomaly-free,Temperature,16,2.3061
screen,anomaly-free__anomaly-free,Temperature,17,2.6572
screen,anomaly-free__anomaly-free,Temperature,18,3.1665
screen,anomaly-free__anomaly-free,Temperature,19,2.9246
screen,anomaly-free__anomaly-free,Temperature,20,3.1236
screen,anomaly-free__anomaly-free,Temperature,21,3.3923
screen,anomaly-free__anomaly-free,Temperature,22,2.9607
screen,anomaly-free__anomaly-free,Temperature,23,3.388
screen,anomaly-free__anomaly-free,Temperature,24,3.3066
screen,anomaly-free__anomaly-free,Temperature,25,3.2618
screen,anomaly-free__anomaly-free,Temperature,26,3.5171
screen,anomaly-free__anomaly-free,Temperature,27,3.635
screen,anomaly-free__anomaly-free,Temperature,28,3.7102
screen,anomaly-free__anomaly-free,Temperature,29,3.6417
screen,anomaly-free__anomaly-free,Temperature,30,3.9634
screen,anomaly-free__anomaly-free,Temperature,31,3.5324
screen,anomaly-free__anomaly-free,Temperature,32,3.8217
screen,anomaly-free__anomaly-free,Temperature,33,4.0333
screen,anomaly-free__anomaly-free,Temperature,34,3.8707
screen,anomaly-free__anomaly-free,Temperature,35,3.8693
screen,anomaly-free__anomaly-free,Temperature,36,4.036
screen,anomaly-free__anomaly-free,Temperature,37,4.2061
screen,anomaly-free__anomaly-free,Temperature,38,3.9398
screen,anomaly-free__anomaly-free,Temperature,39,4.2784
screen,anomaly-free__anomaly-free,Temperature,40,4.2795
screen,anomaly-free__anomaly-free,Temperature,41,4.5741
screen,anomaly-free__anomaly-free,Temperature,42,4.4806
screen,anomaly-free__anomaly-free,Temperature,43,4.4579
screen,anomaly-free__anomaly-free,Temperature,44,4.5283
screen,anomaly-free__anomaly-free,Temperature,45,4.5738
screen,anomaly-free__anomaly-free,Temperature,46,4.5637
screen,anomaly-free__anomaly-free,Temperature,47,4.5004
screen,anomaly-free__anomaly-free,Temperature,48,4.873
screen,anomaly-free__anomaly-free,Temperature,49,4.8889
screen,anomaly-free__anomaly-free,Temperature,50,5.1176
screen,anomaly-free__anomaly-free,Temperature,51,4.7635
screen,anomaly-free__anomaly-free,Temperature,52,4.8709
screen,anomaly-free__anomaly-free,Temperature,53,5.1404
screen,anomaly-free__anomaly-free,Temperature,54,5.0849
screen,anomaly-free__anomaly-free,Temperature,55,5.2175
screen,anomaly-free__anomaly-free,Temperature,56,5.3474
screen,anomaly-free__anomaly-free,Temperature,57,4.9949
screen,anomaly-free__anomaly-free,Temperature,58,5.6483
screen,anomaly-free__anomaly-free,Temperature,59,5.4366
screen,anomaly-free__anomaly-free,Temperature,60,5.3809
screen,anomaly-free__anomaly-free,Temperature,61,5.4503
screen,anomaly-free__anomaly-free,Temperature,62,5.5489
screen,anomaly-free__anomaly-free,Temperature,63,5.6113
screen,anomaly-free__anomaly-free,Temperature,64,5.6424
screen,anomaly-free__anomaly-free,Temperature,65,5.5818
screen,anomaly-free__anomaly-free,Temperature,66,5.1607
screen,anomaly-free__anomaly-free,Temperature,67,5.3303
screen,anomaly-free__anomaly-free,Temperature,68,5.888
screen,anomaly-free__anomaly-free,Temperature,69,5.6807
screen,anomaly-free__anomaly-free,Temperature,70,5.835
screen,anomaly-free__anomaly-free,Temperature,71,6.042
screen,anomaly-free__anomaly-free,Temperature,72,5.9552
screen,anomaly-free__anomaly-free,Temperature,73,6.1347
screen,anomaly-free__anomaly-free,Temperature,74,6.0356
screen,anomaly-free__anomaly-free,Temperature,75,5.8955
screen,anomaly-free__anomaly-free,Temperature,76,6.079
screen,anomaly-free__anomaly-free,Temperature,77,6.1031
screen,anomaly-free__anomaly-free,Temperature,78,6.2129
screen,anomaly-free__anomaly-free,Temperature,79,6.1711
screen,anomaly-free__anomaly-free,Temperature,80,5.7616
screen,anomaly-free__anomaly-free,Temperature,81,6.0862
screen,anomaly-free__anomaly-free,Temperature,82,6.3179
screen,anomaly-free__anomaly-free,Temperature,83,6.4101
screen,anomaly-free__anomaly-free,Temperature,84,6.3077
screen,anomaly-free__anomaly-free,Temperature,85,6.4406
screen,anomaly-free__anomaly-free,Temperature,86,6.0257
screen,anomaly-free__anomaly-free,Temperature,87,6.3916
screen,anomaly-free__anomaly-free,Temperature,88,6.5277
screen,anomaly-free__anomaly-free,Temperature,89,6.1604
screen,anomaly-free__anomaly-free,Temperature,90,6.2252
screen,anomaly-free__anomaly-free,Temperature,91,6.1068
screen,anomaly-free__anomaly-free,Temperature,92,6.196
screen,anomaly-free__anomaly-free,Temperature,93,6.6353
screen,anomaly-free__anomaly-free,Temperature,94,6.6565
screen,anomaly-free__anomaly-free,Temperature,95,6.3185
screen,anomaly-free__anomaly-free,Temperature,96,6.5534
screen,anomaly-free__anomaly-free,Temperature,97,6.1026
screen,anomaly-free__anomaly-free,Temperature,98,6.0809
screen,anomaly-free__anomaly-free,Temperature,99,6.0806
screen,anomaly-free__anomaly-free,Temperature,100,6.1342
screen,anomaly-free__anomaly-free,Temperature,101,6.2202
screen,anomaly-free__anomaly-free,Temperature,102,6.0447
screen,anomaly-free__anomaly-free,Temperature,103,6.4095
screen,anomaly-free__anomaly-free,Temperature,104,6.3844
screen,anomaly-free__anomaly-free,Temperature,105,6.2001
screen,anomaly-free__anomaly-free,Temperature,106,6.3806
screen,anomaly-free__anomaly-free,Temperature,107,6.6514
screen,anomaly-free__anomaly-free,Temperature,108,6.1411
screen,anomaly-free__anomaly-free,Temperature,109,6.2183
screen,anomaly-free__anomaly-free,Temperature,110,6.4529
screen,anomaly-free__anomaly-free,Temperature,111,6.1642
screen,anomaly-free__anomaly-free,Temperature,112,6.2855
screen,anomaly-free__anomaly-free,Temperature,113,5.9839
screen,anomaly-free__anomaly-free,Temperature,114,6.3102
screen,anomaly-free__anomaly-free,Temperature,115,6.2003
screen,anomaly-free__anomaly-free,Temperature,116,6.3222
screen,anomaly-free__anomaly-free,Temperature,117,6.4328
screen,anomaly-free__anomaly-free,Temperature,118,6.5585
screen,anomaly-free__anomaly-free,Temperature,119,6.6581
screen,anomaly-free__anomaly-free,Temperature,120,6.3635
screen,anomaly-free__anomaly-free,Temperature,121,6.2285
screen,anomaly-free__anomaly-free,Temperature,122,6.5022
screen,anomaly-free__anomaly-free,Temperature,123,6.109
screen,anomaly-free__anomaly-free,Temperature,124,6.1071
screen,anomaly-free__anomaly-free,Temperature,125,6.5652
screen,anomaly-free__anomaly-free,Temperature,126,6.1671
screen,anomaly-free__anomaly-free,Temperature,127,6.3423
screen,anomaly-free__anomaly-free,Temperature,128,6.4752
screen,anomaly-free__anomaly-free,Temperature,129,5.9627
screen,anomaly-free__anomaly-free,Temperature,130,6.5403
screen,anomaly-free__anomaly-free,Temperature,131,6.3086
screen,anomaly-free__anomaly-free,Temperature,132,6.7682
screen,anomaly-free__anomaly-free,Temperature,133,6.7235
screen,anomaly-free__anomaly-free,Temperature,134,6.7623
screen,anomaly-free__anomaly-free,Temperature,135,6.6903
screen,anomaly-free__anomaly-free,Temperature,136,6.9233
screen,anomaly-free__anomaly-free,Temperature,137,6.5328
screen,anomaly-free__anomaly-free,Temperature,138,7.1521
screen,anomaly-free__anomaly-free,Temperature,139,6.851
screen,anomaly-free__anomaly-free,Temperature,140,6.9753
screen,anomaly-free__anomaly-free,Temperature,141,6.7669
screen,anomaly-free__anomaly-free,Temperature,142,6.9
screen,anomaly-free__anomaly-free,Temperature,143,7.0511
screen,anomaly-free__anomaly-free,Temperature,144,6.952
screen,anomaly-free__anomaly-free,Temperature,145,6.9777
screen,anomaly-free__anomaly-free,Temperature,146,7.2156
screen,anomaly-free__anomaly-free,Temperature,147,6.9056
screen,anomaly-free__anomaly-free,Temperature,148,7.1989
screen,anomaly-free__anomaly-free,Temperature,149,6.9913
screen,anomaly-free__anomaly-free,Temperature,150,7.2616
screen,anomaly-free__anomaly-free,Temperature,151,7.5394
screen,anomaly-free__anomaly-free,Temperature,152,7.533
screen,anomaly-free__anomaly-free,Temperature,153,7.4253
screen,anomaly-free__anomaly-free,Temperature,154,6.9688
screen,anomaly-free__anomaly-free,Temperature,155,7.6621
screen,anomaly-free__anomaly-free,Temperature,156,7.4882
screen,anomaly-free__anomaly-free,Temperature,157,7.1084
screen,anomaly-free__anomaly-free,Temperature,158,7.4044
screen,anomaly-free__anomaly-free,Temperature,159,7.2903
screen,anomaly-free__anomaly-free,Temperature,160,7.6324
screen,anomaly-free__anomaly-free,Temperature,161,7.4448
screen,anomaly-free__anomaly-free,Temperature,162,7.016
screen,anomaly-free__anomaly-free,Temperature,163,7.4261
screen,anomaly-free__anomaly-free,Temperature,164,7.2614
screen,anomaly-free__anomaly-free,Temperature,165,7.0923
screen,anomaly-free__anomaly-free,Temperature,166,5.1313
screen,anomaly-free__anomaly-free,Thermocouple,0,2.1617
screen,anomaly-free__anomaly-free,Thermocouple,1,0.7206
screen,anomaly-free__anomaly-free,Thermocouple,2,1.6548
screen,anomaly-free__anomaly-free,Thermocouple,3,2.9032
screen,anomaly-free__anomaly-free,Thermocouple,4,4.4072
screen,anomaly-free__anomaly-free,Thermocouple,5,5.1529
screen,anomaly-free__anomaly-free,Thermocouple,6,6.5815
screen,anomaly-free__anomaly-free,Thermocouple,7,7.9682
screen,anomaly-free__anomaly-free,Thermocouple,8,8.7726
screen,anomaly-free__anomaly-free,Thermocouple,9,10.0126
screen,anomaly-free__anomaly-free,Thermocouple,10,10.4274
screen,anomaly-free__anomaly-free,Thermocouple,11,11.1479
screen,anomaly-free__anomaly-free,Thermocouple,12,12.2749
screen,anomaly-free__anomaly-free,Thermocouple,13,13.5359
screen,anomaly-free__anomaly-free,Thermocouple,14,15.0818
screen,anomaly-free__anomaly-free,Thermocouple,15,15.5594
screen,anomaly-free__anomaly-free,Thermocouple,16,16.9712
screen,anomaly-free__anomaly-free,Thermocouple,17,18.0521
screen,anomaly-free__anomaly-free,Thermocouple,18,18.9193
screen,anomaly-free__anomaly-free,Thermocouple,19,19.2795
screen,anomaly-free__anomaly-free,Thermocouple,20,20.3688
screen,anomaly-free__anomaly-free,Thermocouple,21,22.5724
screen,anomaly-free__anomaly-free,Thermocouple,22,25.8736
screen,anomaly-free__anomaly-free,Thermocouple,23,26.4308
screen,anomaly-free__anomaly-free,Thermocouple,24,27.9767
screen,anomaly-free__anomaly-free,Thermocouple,25,29.1497
screen,anomaly-free__anomaly-free,Thermocouple,26,31.6759
screen,anomaly-free__anomaly-free,Thermocouple,27,31.8058
screen,anomaly-free__anomaly-free,Thermocouple,28,29.3257
screen,anomaly-free__anomaly-free,Thermocouple,29,31.0391
screen,anomaly-free__anomaly-free,Thermocouple,30,32.8867
screen,anomaly-free__anomaly-free,Thermocouple,31,35.6433
screen,anomaly-free__anomaly-free,Thermocouple,32,34.9436
screen,anomaly-free__anomaly-free,Thermocouple,33,37.2059
screen,anomaly-free__anomaly-free,Thermocouple,34,37.2143
screen,anomaly-free__anomaly-free,Thermocouple,35,37.9432
screen,anomaly-free__anomaly-free,Thermocouple,36,39.0492
screen,anomaly-free__anomaly-free,Thermocouple,37,39.464
screen,anomaly-free__anomaly-free,Thermocouple,38,41.0099
screen,anomaly-free__anomaly-free,Thermocouple,39,43.2973
screen,anomaly-free__anomaly-free,Thermocouple,40,42.7024
screen,anomaly-free__anomaly-free,Thermocouple,41,42.6563
screen,anomaly-free__anomaly-free,Thermocouple,42,44.3237
screen,anomaly-free__anomaly-free,Thermocouple,43,45.8193
screen,anomaly-free__anomaly-free,Thermocouple,44,46.6614
screen,anomaly-free__anomaly-free,Thermocouple,45,48.0774
screen,anomaly-free__anomaly-free,Thermocouple,46,49.2923
screen,anomaly-free__anomaly-free,Thermocouple,47,50.2936
screen,anomaly-free__anomaly-free,Thermocouple,48,51.1482
screen,anomaly-free__anomaly-free,Thermocouple,49,51.5671
screen,anomaly-free__anomaly-free,Thermocouple,50,49.2211
screen,anomaly-free__anomaly-free,Thermocouple,51,49.7615
screen,anomaly-free__anomaly-free,Thermocouple,52,51.8813
screen,anomaly-free__anomaly-free,Thermocouple,53,51.2362
screen,anomaly-free__anomaly-free,Thermocouple,54,51.3995
screen,anomaly-free__anomaly-free,Thermocouple,55,53.1968
screen,anomaly-free__anomaly-free,Thermocouple,56,55.568
screen,anomaly-free__anomaly-free,Thermocouple,57,56.6153
screen,anomaly-free__anomaly-free,Thermocouple,58,58.0816
screen,anomaly-free__anomaly-free,Thermocouple,59,57.9853
screen,anomaly-free__anomaly-free,Thermocouple,60,58.1486
screen,anomaly-free__anomaly-free,Thermocouple,61,59.6317
screen,anomaly-free__anomaly-free,Thermocouple,62,61.1189
screen,anomaly-free__anomaly-free,Thermocouple,63,61.5127
screen,anomaly-free__anomaly-free,Thermocouple,64,61.1776
screen,anomaly-free__anomaly-free,Thermocouple,65,62.2961
screen,anomaly-free__anomaly-free,Thermocouple,66,64.3112
screen,anomaly-free__anomaly-free,Thermocouple,67,64.8223
screen,anomaly-free__anomaly-free,Thermocouple,68,65.5052
screen,anomaly-free__anomaly-free,Thermocouple,69,67.4784
screen,anomaly-free__anomaly-free,Thermocouple,70,67.2983
screen,anomaly-free__anomaly-free,Thermocouple,71,67.1349
screen,anomaly-free__anomaly-free,Thermocouple,72,69.3762
screen,anomaly-free__anomaly-free,Thermocouple,73,70.1303
screen,anomaly-free__anomaly-free,Thermocouple,74,70.7377
screen,anomaly-free__anomaly-free,Thermocouple,75,70.8383
screen,anomaly-free__anomaly-free,Thermocouple,76,72.6523
screen,anomaly-free__anomaly-free,Thermocouple,77,73.1131
screen,anomaly-free__anomaly-free,Thermocouple,78,71.6217
screen,anomaly-free__anomaly-free,Thermocouple,79,72.6146
screen,anomaly-free__anomaly-free,Thermocouple,80,73.3268
screen,anomaly-free__anomaly-free,Thermocouple,81,73.9259
screen,anomaly-free__anomaly-free,Thermocouple,82,73.6117
screen,anomaly-free__anomaly-free,Thermocouple,83,73.1215
screen,anomaly-free__anomaly-free,Thermocouple,84,72.5224
screen,anomaly-free__anomaly-free,Thermocouple,85,72.9833
screen,anomaly-free__anomaly-free,Thermocouple,86,73.486
screen,anomaly-free__anomaly-free,Thermocouple,87,74.5501
screen,anomaly-free__anomaly-free,Thermocouple,88,74.4998
screen,anomaly-free__anomaly-free,Thermocouple,89,75.3251
screen,anomaly-free__anomaly-free,Thermocouple,90,76.5736
screen,anomaly-free__anomaly-free,Thermocouple,91,77.6
screen,anomaly-free__anomaly-free,Thermocouple,92,80.9934
screen,anomaly-free__anomaly-free,Thermocouple,93,80.3943
screen,anomaly-free__anomaly-free,Thermocouple,94,78.9112
screen,anomaly-free__anomaly-free,Thermocouple,95,79.2673
screen,anomaly-free__anomaly-free,Thermocouple,96,81.4751
screen,anomaly-free__anomaly-free,Thermocouple,97,81.4207
screen,anomaly-free__anomaly-free,Thermocouple,98,81.6343
screen,anomaly-free__anomaly-free,Thermocouple,99,81.8354
screen,anomaly-free__anomaly-free,Thermocouple,100,82.0658
screen,anomaly-free__anomaly-free,Thermocouple,101,81.7851
screen,anomaly-free__anomaly-free,Thermocouple,102,83.9301
screen,anomaly-free__anomaly-free,Thermocouple,103,85.3629
screen,anomaly-free__anomaly-free,Thermocouple,104,86.5317
screen,anomaly-free__anomaly-free,Thermocouple,105,87.0512
screen,anomaly-free__anomaly-free,Thermocouple,106,85.5975
screen,anomaly-free__anomaly-free,Thermocouple,107,84.8141
screen,anomaly-free__anomaly-free,Thermocouple,108,85.476
screen,anomaly-free__anomaly-free,Thermocouple,109,86.8543
screen,anomaly-free__anomaly-free,Thermocouple,110,86.3935
screen,anomaly-free__anomaly-free,Thermocouple,111,87.1811
screen,anomaly-free__anomaly-free,Thermocouple,112,87.3277
screen,anomaly-free__anomaly-free,Thermocouple,113,87.1643
screen,anomaly-free__anomaly-free,Thermocouple,114,87.7341
screen,anomaly-free__anomaly-free,Thermocouple,115,87.8556
screen,anomaly-free__anomaly-free,Thermocouple,116,88.308
screen,anomaly-free__anomaly-free,Thermocouple,117,88.6474
screen,anomaly-free__anomaly-free,Thermocouple,118,88.8066
screen,anomaly-free__anomaly-free,Thermocouple,119,90.21
screen,anomaly-free__anomaly-free,Thermocouple,120,91.0018
screen,anomaly-free__anomaly-free,Thermocouple,121,91.8732
screen,anomaly-free__anomaly-free,Thermocouple,122,91.8062
screen,anomaly-free__anomaly-free,Thermocouple,123,92.4639
screen,anomaly-free__anomaly-free,Thermocouple,124,92.6608
screen,anomaly-free__anomaly-free,Thermocouple,125,94.2025
screen,anomaly-free__anomaly-free,Thermocouple,126,95.3336
screen,anomaly-free__anomaly-free,Thermocouple,127,96.603
screen,anomaly-free__anomaly-free,Thermocouple,128,95.9913
screen,anomaly-free__anomaly-free,Thermocouple,129,95.2079
screen,anomaly-free__anomaly-free,Thermocouple,130,95.2247
screen,anomaly-free__anomaly-free,Thermocouple,131,95.5096
screen,anomaly-free__anomaly-free,Thermocouple,132,95.5473
screen,anomaly-free__anomaly-free,Thermocouple,133,95.5389
screen,anomaly-free__anomaly-free,Thermocouple,134,96.8711
screen,anomaly-free__anomaly-free,Thermocouple,135,95.9495
screen,anomaly-free__anomaly-free,Thermocouple,136,96.1212
screen,anomaly-free__anomaly-free,Thermocouple,137,96.9507
screen,anomaly-free__anomaly-free,Thermocouple,138,96.779
screen,anomaly-free__anomaly-free,Thermocouple,139,97.8808
screen,anomaly-free__anomaly-free,Thermocouple,140,98.4589
screen,anomaly-free__anomaly-free,Thermocouple,141,99.0705
screen,anomaly-free__anomaly-free,Thermocouple,142,99.8372
screen,anomaly-free__anomaly-free,Thermocouple,143,101.5716
screen,anomaly-free__anomaly-free,Thermocouple,144,101.5381
screen,anomaly-free__anomaly-free,Thermocouple,145,105.0697
screen,anomaly-free__anomaly-free,Thermocouple,146,100.872
screen,anomaly-free__anomaly-free,Thermocouple,147,109.7493
screen,anomaly-free__anomaly-free,Thermocouple,148,109.5398
screen,anomaly-free__anomaly-free,Thermocouple,149,103.637
screen,anomaly-free__anomaly-free,Thermocouple,150,102.8703
screen,anomaly-free__anomaly-free,Thermocouple,151,103.6831
screen,anomaly-free__anomaly-free,Thermocouple,152,103.8925
screen,anomaly-free__anomaly-free,Thermocouple,153,104.0392
screen,anomaly-free__anomaly-free,Thermocouple,154,103.0211
screen,anomaly-free__anomaly-free,Thermocouple,155,102.996
screen,anomaly-free__anomaly-free,Thermocouple,156,102.6441
screen,anomaly-free__anomaly-free,Thermocouple,157,103.1049
screen,anomaly-free__anomaly-free,Thermocouple,158,102.9164
screen,anomaly-free__anomaly-free,Thermocouple,159,103.2934
screen,anomaly-free__anomaly-free,Thermocouple,160,103.1301
screen,anomaly-free__anomaly-free,Thermocouple,161,103.4526
screen,anomaly-free__anomaly-free,Thermocouple,162,103.3563
screen,anomaly-free__anomaly-free,Thermocouple,163,103.3311
screen,anomaly-free__anomaly-free,Thermocouple,164,103.482
screen,anomaly-free__anomaly-free,Thermocouple,165,103.8632
screen,anomaly-free__anomaly-free,Thermocouple,166,103.3228
screen,anomaly-free__anomaly-free,Voltage,0,2.613
screen,anomaly-free__anomaly-free,Voltage,1,2.9426
screen,anomaly-free__anomaly-free,Voltage,2,2.618
screen,anomaly-free__anomaly-free,Voltage,3,2.9657
screen,anomaly-free__anomaly-free,Voltage,4,2.8644
screen,anomaly-free__anomaly-free,Voltage,5,3.0241
screen,anomaly-free__anomaly-free,Voltage,6,3.0311
screen,anomaly-free__anomaly-free,Voltage,7,2.8252
screen,anomaly-free__anomaly-free,Voltage,8,2.8163
screen,anomaly-free__anomaly-free,Voltage,9,2.7857
screen,anomaly-free__anomaly-free,Voltage,10,2.8743
screen,anomaly-free__anomaly-free,Voltage,11,3.0201
screen,anomaly-free__anomaly-free,Voltage,12,2.8066
screen,anomaly-free__anomaly-free,Voltage,13,2.9243
screen,anomaly-free__anomaly-free,Voltage,14,3.0395
screen,anomaly-free__anomaly-free,Voltage,15,2.9804
screen,anomaly-free__anomaly-free,Voltage,16,2.7801
screen,anomaly-free__anomaly-free,Voltage,17,2.3902
screen,anomaly-free__anomaly-free,Voltage,18,2.7014
screen,anomaly-free__anomaly-free,Voltage,19,3.0008
screen,anomaly-free__anomaly-free,Voltage,20,2.6864
screen,anomaly-free__anomaly-free,Voltage,21,2.9198
screen,anomaly-free__anomaly-free,Voltage,22,3.0108
screen,anomaly-free__anomaly-free,Voltage,23,2.7499
screen,anomaly-free__anomaly-free,Voltage,24,2.644
screen,anomaly-free__anomaly-free,Voltage,25,2.9766
screen,anomaly-free__anomaly-free,Voltage,26,2.8882
screen,anomaly-free__anomaly-free,Voltage,27,2.7487
screen,anomaly-free__anomaly-free,Voltage,28,2.8659
screen,anomaly-free__anomaly-free,Voltage,29,2.7477
screen,anomaly-free__anomaly-free,Voltage,30,2.6804
screen,anomaly-free__anomaly-free,Voltage,31,2.8088
screen,anomaly-free__anomaly-free,Voltage,32,2.7172
screen,anomaly-free__anomaly-free,Voltage,33,2.7689
screen,anomaly-free__anomaly-free,Voltage,34,2.76
screen,anomaly-free__anomaly-free,Voltage,35,2.7215
screen,anomaly-free__anomaly-free,Voltage,36,2.9382
screen,anomaly-free__anomaly-free,Voltage,37,2.6849
screen,anomaly-free__anomaly-free,Voltage,38,2.9839
screen,anomaly-free__anomaly-free,Voltage,39,2.8017
screen,anomaly-free__anomaly-free,Voltage,40,2.9217
screen,anomaly-free__anomaly-free,Voltage,41,2.8162
screen,anomaly-free__anomaly-free,Voltage,42,2.4304
screen,anomaly-free__anomaly-free,Voltage,43,2.6649
screen,anomaly-free__anomaly-free,Voltage,44,2.3174
screen,anomaly-free__anomaly-free,Voltage,45,2.8981
screen,anomaly-free__anomaly-free,Voltage,46,2.9243
screen,anomaly-free__anomaly-free,Voltage,47,2.9808
screen,anomaly-free__anomaly-free,Voltage,48,2.6141
screen,anomaly-free__anomaly-free,Voltage,49,2.7682
screen,anomaly-free__anomaly-free,Voltage,50,2.6734
screen,anomaly-free__anomaly-free,Voltage,51,2.7865
screen,anomaly-free__anomaly-free,Voltage,52,3.0278
screen,anomaly-free__anomaly-free,Voltage,53,2.782
screen,anomaly-free__anomaly-free,Voltage,54,2.7654
screen,anomaly-free__anomaly-free,Voltage,55,2.9145
screen,anomaly-free__anomaly-free,Voltage,56,2.683
screen,anomaly-free__anomaly-free,Voltage,57,2.7763
screen,anomaly-free__anomaly-free,Voltage,58,2.9178
screen,anomaly-free__anomaly-free,Voltage,59,2.9404
screen,anomaly-free__anomaly-free,Voltage,60,2.9444
screen,anomaly-free__anomaly-free,Voltage,61,2.5623
screen,anomaly-free__anomaly-free,Voltage,62,2.6881
screen,anomaly-free__anomaly-free,Voltage,63,2.9106
screen,anomaly-free__anomaly-free,Voltage,64,2.9385
screen,anomaly-free__anomaly-free,Voltage,65,3.1094
screen,anomaly-free__anomaly-free,Voltage,66,2.6891
screen,anomaly-free__anomaly-free,Voltage,67,3.0659
screen,anomaly-free__anomaly-free,Voltage,68,3.005
screen,anomaly-free__anomaly-free,Voltage,69,2.7374
screen,anomaly-free__anomaly-free,Voltage,70,2.7704
screen,anomaly-free__anomaly-free,Voltage,71,2.8568
screen,anomaly-free__anomaly-free,Voltage,72,2.8617
screen,anomaly-free__anomaly-free,Voltage,73,3.0531
screen,anomaly-free__anomaly-free,Voltage,74,2.5343
screen,anomaly-free__anomaly-free,Voltage,75,2.8018
screen,anomaly-free__anomaly-free,Voltage,76,2.5834
screen,anomaly-free__anomaly-free,Voltage,77,3.0017
screen,anomaly-free__anomaly-free,Voltage,78,2.756
screen,anomaly-free__anomaly-free,Voltage,79,2.8894
screen,anomaly-free__anomaly-free,Voltage,80,2.6148
screen,anomaly-free__anomaly-free,Voltage,81,2.9464
screen,anomaly-free__anomaly-free,Voltage,82,2.7267
screen,anomaly-free__anomaly-free,Voltage,83,2.6963
screen,anomaly-free__anomaly-free,Voltage,84,2.8626
screen,anomaly-free__anomaly-free,Voltage,85,2.787
screen,anomaly-free__anomaly-free,Voltage,86,2.8542
screen,anomaly-free__anomaly-free,Voltage,87,2.7135
screen,anomaly-free__anomaly-free,Voltage,88,2.8774
screen,anomaly-free__anomaly-free,Voltage,89,2.8767
screen,anomaly-free__anomaly-free,Voltage,90,2.6171
screen,anomaly-free__anomaly-free,Voltage,91,2.6892
screen,anomaly-free__anomaly-free,Voltage,92,2.6498
screen,anomaly-free__anomaly-free,Voltage,93,2.798
screen,anomaly-free__anomaly-free,Voltage,94,2.9751
screen,anomaly-free__anomaly-free,Voltage,95,2.6788
screen,anomaly-free__anomaly-free,Voltage,96,2.815
screen,anomaly-free__anomaly-free,Voltage,97,2.7517
screen,anomaly-free__anomaly-free,Voltage,98,2.9329
screen,anomaly-free__anomaly-free,Voltage,99,2.8436
screen,anomaly-free__anomaly-free,Voltage,100,2.864
screen,anomaly-free__anomaly-free,Voltage,101,2.9042
screen,anomaly-free__anomaly-free,Voltage,102,2.9007
screen,anomaly-free__anomaly-free,Voltage,103,2.6963
screen,anomaly-free__anomaly-free,Voltage,104,2.9399
screen,anomaly-free__anomaly-free,Voltage,105,2.8248
screen,anomaly-free__anomaly-free,Voltage,106,2.9331
screen,anomaly-free__anomaly-free,Voltage,107,2.7465
screen,anomaly-free__anomaly-free,Voltage,108,3.0155
screen,anomaly-free__anomaly-free,Voltage,109,2.6978
screen,anomaly-free__anomaly-free,Voltage,110,2.6388
screen,anomaly-free__anomaly-free,Voltage,111,2.8038
screen,anomaly-free__anomaly-free,Voltage,112,2.7562
screen,anomaly-free__anomaly-free,Voltage,113,2.7512
screen,anomaly-free__anomaly-free,Voltage,114,2.9592
screen,anomaly-free__anomaly-free,Voltage,115,2.9013
screen,anomaly-free__anomaly-free,Voltage,116,3.0563
screen,anomaly-free__anomaly-free,Voltage,117,2.8798
screen,anomaly-free__anomaly-free,Voltage,118,2.968
screen,anomaly-free__anomaly-free,Voltage,119,2.7074
screen,anomaly-free__anomaly-free,Voltage,120,2.94
screen,anomaly-free__anomaly-free,Voltage,121,2.6098
screen,anomaly-free__anomaly-free,Voltage,122,2.7968
screen,anomaly-free__anomaly-free,Voltage,123,2.5971
screen,anomaly-free__anomaly-free,Voltage,124,2.5183
screen,anomaly-free__anomaly-free,Voltage,125,2.9183
screen,anomaly-free__anomaly-free,Voltage,126,2.9117
screen,anomaly-free__anomaly-free,Voltage,127,2.9339
screen,anomaly-free__anomaly-free,Voltage,128,2.7942
screen,anomaly-free__anomaly-free,Voltage,129,2.5513
screen,anomaly-free__anomaly-free,Voltage,130,3.0085
screen,anomaly-free__anomaly-free,Voltage,131,2.9458
screen,anomaly-free__anomaly-free,Voltage,132,2.8345
screen,anomaly-free__anomaly-free,Voltage,133,2.7988
screen,anomaly-free__anomaly-free,Voltage,134,2.6998
screen,anomaly-free__anomaly-free,Voltage,135,2.8012
screen,anomaly-free__anomaly-free,Voltage,136,2.9001
screen,anomaly-free__anomaly-free,Voltage,137,2.5423
screen,anomaly-free__anomaly-free,Voltage,138,2.9653
screen,anomaly-free__anomaly-free,Voltage,139,2.6949
screen,anomaly-free__anomaly-free,Voltage,140,2.5812
screen,anomaly-free__anomaly-free,Voltage,141,3.0107
screen,anomaly-free__anomaly-free,Voltage,142,2.7544
screen,anomaly-free__anomaly-free,Voltage,143,2.9418
screen,anomaly-free__anomaly-free,Voltage,144,2.6394
screen,anomaly-free__anomaly-free,Voltage,145,2.9872
screen,anomaly-free__anomaly-free,Voltage,146,2.7078
screen,anomaly-free__anomaly-free,Voltage,147,2.7966
screen,anomaly-free__anomaly-free,Voltage,148,2.6933
screen,anomaly-free__anomaly-free,Voltage,149,2.7535
screen,anomaly-free__anomaly-free,Voltage,150,2.9157
screen,anomaly-free__anomaly-free,Voltage,151,2.6634
screen,anomaly-free__anomaly-free,Voltage,152,2.7721
screen,anomaly-free__anomaly-free,Voltage,153,2.8436
screen,anomaly-free__anomaly-free,Voltage,154,2.6027
screen,anomaly-free__anomaly-free,Voltage,155,2.9944
screen,anomaly-free__anomaly-free,Voltage,156,2.6971
screen,anomaly-free__anomaly-free,Voltage,157,2.608
screen,anomaly-free__anomaly-free,Voltage,158,2.6321
screen,anomaly-free__anomaly-free,Voltage,159,2.9919
screen,anomaly-free__anomaly-free,Voltage,160,2.8223
screen,anomaly-free__anomaly-free,Voltage,161,2.9302
screen,anomaly-free__anomaly-free,Voltage,162,2.8683
screen,anomaly-free__anomaly-free,Voltage,163,2.9766
screen,anomaly-free__anomaly-free,Voltage,164,2.9168
screen,anomaly-free__anomaly-free,Voltage,165,2.9481
screen,anomaly-free__anomaly-free,Voltage,166,2.6439
screen,anomaly-free__anomaly-free,Volume Flow RateRMS,0,2.0074
screen,anomaly-free__anomaly-free,Volume Flow RateRMS,1,2.6638
screen,anomaly-free__anomaly-free,Volume Flow RateRMS,2,2.6638
screen,anomaly-free__anomaly-free,Volume Flow RateRMS,3,2.6638
screen,anomaly-free__anomaly-free,Volume Flow RateRMS,4,3.3464
screen,anomaly-free__anomaly-free,Volume Flow RateRMS,5,2.6819
screen,anomaly-free__anomaly-free,Volume Flow RateRMS,6,3.3484
screen,anomaly-free__anomaly-free,Volume Flow RateRMS,7,3.3584
screen,anomaly-free__anomaly-free,Volume Flow RateRMS,8,2.6819
screen,anomaly-free__anomaly-free,Volume Flow RateRMS,9,4.0168
screen,anomaly-free__anomaly-free,Volume Flow RateRMS,10,5.3558
screen,anomaly-free__anomaly-free,Volume Flow RateRMS,11,4.6893
screen,anomaly-free__anomaly-free,Volume Flow RateRMS,12,4.0168
screen,anomaly-free__anomaly-free,Volume Flow RateRMS,13,4.6893
screen,anomaly-free__anomaly-free,Volume Flow RateRMS,14,4.6893
screen,anomaly-free__anomaly-free,Volume Flow RateRMS,15,5.3578
screen,anomaly-free__anomaly-free,Volume Flow RateRMS,16,6.0263
screen,anomaly-free__anomaly-free,Volume Flow RateRMS,17,4.6893
screen,anomaly-free__anomaly-free,Volume Flow RateRMS,18,4.6893
screen,anomaly-free__anomaly-free,Volume Flow RateRMS,19,6.0263
screen,anomaly-free__anomaly-free,Volume Flow RateRMS,20,5.3598
screen,anomaly-free__anomaly-free,Volume Flow RateRMS,21,4.6893
screen,anomaly-free__anomaly-free,Volume Flow RateRMS,22,4.6893
screen,anomaly-free__anomaly-free,Volume Flow RateRMS,23,6.0263
screen,anomaly-free__anomaly-free,Volume Flow RateRMS,24,5.3618
screen,anomaly-free__anomaly-free,Volume Flow RateRMS,25,4.6893
screen,anomaly-free__anomaly-free,Volume Flow RateRMS,26,4.6893
screen,anomaly-free__anomaly-free,Volume Flow RateRMS,27,5.3618
screen,anomaly-free__anomaly-free,Volume Flow RateRMS,28,6.0283
screen,anomaly-free__anomaly-free,Volume Flow RateRMS,29,6.0283
screen,anomaly-free__anomaly-free,Volume Flow RateRMS,30,6.0283
screen,anomaly-free__anomaly-free,Volume Flow RateRMS,31,6.0283
screen,anomaly-free__anomaly-free,Volume Flow RateRMS,32,6.0283
screen,anomaly-free__anomaly-free,Volume Flow RateRMS,33,5.3658
screen,anomaly-free__anomaly-free,Volume Flow RateRMS,34,6.6967
screen,anomaly-free__anomaly-free,Volume Flow RateRMS,35,7.3552
screen,anomaly-free__anomaly-free,Volume Flow RateRMS,36,4.0088
screen,anomaly-free__anomaly-free,Volume Flow RateRMS,37,4.0229
screen,anomaly-free__anomaly-free,Volume Flow RateRMS,38,6.0303
screen,anomaly-free__anomaly-free,Volume Flow RateRMS,39,6.6967
screen,anomaly-free__anomaly-free,Volume Flow RateRMS,40,8.0377
screen,anomaly-free__anomaly-free,Volume Flow RateRMS,41,8.0377
screen,anomaly-free__anomaly-free,Volume Flow RateRMS,42,8.0377
screen,anomaly-free__anomaly-free,Volume Flow RateRMS,43,6.6967
screen,anomaly-free__anomaly-free,Volume Flow RateRMS,44,4.6893
screen,anomaly-free__anomaly-free,Volume Flow RateRMS,45,6.0303
screen,anomaly-free__anomaly-free,Volume Flow RateRMS,46,8.0377
screen,anomaly-free__anomaly-free,Volume Flow RateRMS,47,8.0397
screen,anomaly-free__anomaly-free,Volume Flow RateRMS,48,9.3847
screen,anomaly-free__anomaly-free,Volume Flow RateRMS,49,10.0471
screen,anomaly-free__anomaly-free,Volume Flow RateRMS,50,9.3847
screen,anomaly-free__anomaly-free,Volume Flow RateRMS,51,10.0471
screen,anomaly-free__anomaly-free,Volume Flow RateRMS,52,10.0471
screen,anomaly-free__anomaly-free,Volume Flow RateRMS,53,10.0471
screen,anomaly-free__anomaly-free,Volume Flow RateRMS,54,8.7041
screen,anomaly-free__anomaly-free,Volume Flow RateRMS,55,10.0471
screen,anomaly-free__anomaly-free,Volume Flow RateRMS,56,9.3867
screen,anomaly-free__anomaly-free,Volume Flow RateRMS,57,10.0471
screen,anomaly-free__anomaly-free,Volume Flow RateRMS,58,9.3887
screen,anomaly-free__anomaly-free,Volume Flow RateRMS,59,10.0491
screen,anomaly-free__anomaly-free,Volume Flow RateRMS,60,10.0491
screen,anomaly-free__anomaly-free,Volume Flow RateRMS,61,8.7041
screen,anomaly-free__anomaly-free,Volume Flow RateRMS,62,10.0491
screen,anomaly-free__anomaly-free,Volume Flow RateRMS,63,10.0491
screen,anomaly-free__anomaly-free,Volume Flow RateRMS,64,10.0491
screen,anomaly-free__anomaly-free,Volume Flow RateRMS,65,10.0491
screen,anomaly-free__anomaly-free,Volume Flow RateRMS,66,10.7116
screen,anomaly-free__anomaly-free,Volume Flow RateRMS,67,10.0491
screen,anomaly-free__anomaly-free,Volume Flow RateRMS,68,10.7116
screen,anomaly-free__anomaly-free,Volume Flow RateRMS,69,10.0511
screen,anomaly-free__anomaly-free,Volume Flow RateRMS,70,10.0511
screen,anomaly-free__anomaly-free,Volume Flow RateRMS,71,10.0511
screen,anomaly-free__anomaly-free,Volume Flow RateRMS,72,9.3927
screen,anomaly-free__anomaly-free,Volume Flow RateRMS,73,10.0511
screen,anomaly-free__anomaly-free,Volume Flow RateRMS,74,9.3927
screen,anomaly-free__anomaly-free,Volume Flow RateRMS,75,8.7041
screen,anomaly-free__anomaly-free,Volume Flow RateRMS,76,6.0363
screen,anomaly-free__anomaly-free,Volume Flow RateRMS,77,9.3947
screen,anomaly-free__anomaly-free,Volume Flow RateRMS,78,10.0511
screen,anomaly-free__anomaly-free,Volume Flow RateRMS,79,10.7116
screen,anomaly-free__anomaly-free,Volume Flow RateRMS,80,10.7116
screen,anomaly-free__anomaly-free,Volume Flow RateRMS,81,10.7116
screen,anomaly-free__anomaly-free,Volume Flow RateRMS,82,10.0531
screen,anomaly-free__anomaly-free,Volume Flow RateRMS,83,10.7116
screen,anomaly-free__anomaly-free,Volume Flow RateRMS,84,10.0531
screen,anomaly-free__anomaly-free,Volume Flow RateRMS,85,10.0531
screen,anomaly-free__anomaly-free,Volume Flow RateRMS,86,10.7116
screen,anomaly-free__anomaly-free,Volume Flow RateRMS,87,10.7537
screen,anomaly-free__anomaly-free,Volume Flow RateRMS,88,10.0531
screen,anomaly-free__anomaly-free,Volume Flow RateRMS,89,10.0531
screen,anomaly-free__anomaly-free,Volume Flow RateRMS,90,10.7116
screen,anomaly-free__anomaly-free,Volume Flow RateRMS,91,10.7577
screen,anomaly-free__anomaly-free,Volume Flow RateRMS,92,10.7116
screen,anomaly-free__anomaly-free,Volume Flow RateRMS,93,12.0605
screen,anomaly-free__anomaly-free,Volume Flow RateRMS,94,12.0625
screen,anomaly-free__anomaly-free,Volume Flow RateRMS,95,11.4081
screen,anomaly-free__anomaly-free,Volume Flow RateRMS,96,11.4081
screen,anomaly-free__anomaly-free,Volume Flow RateRMS,97,11.4101
screen,anomaly-free__anomaly-free,Volume Flow RateRMS,98,10.7116
screen,anomaly-free__anomaly-free,Volume Flow RateRMS,99,11.4101
screen,anomaly-free__anomaly-free,Volume Flow RateRMS,100,10.0551
screen,anomaly-free__anomaly-free,Volume Flow RateRMS,101,11.4101
screen,anomaly-free__anomaly-free,Volume Flow RateRMS,102,10.7116
screen,anomaly-free__anomaly-free,Volume Flow RateRMS,103,11.4121
screen,anomaly-free__anomaly-free,Volume Flow RateRMS,104,11.4121
screen,anomaly-free__anomaly-free,Volume Flow RateRMS,105,10.7116
screen,anomaly-free__anomaly-free,Volume Flow RateRMS,106,10.7116
screen,anomaly-free__anomaly-free,Volume Flow RateRMS,107,11.4142
screen,anomaly-free__anomaly-free,Volume Flow RateRMS,108,12.719
screen,anomaly-free__anomaly-free,Volume Flow RateRMS,109,12.0646
screen,anomaly-free__anomaly-free,Volume Flow RateRMS,110,12.7752
screen,anomaly-free__anomaly-free,Volume Flow RateRMS,111,12.719
screen,anomaly-free__anomaly-free,Volume Flow RateRMS,112,12.719
screen,anomaly-free__anomaly-free,Volume Flow RateRMS,113,13.4236
screen,anomaly-free__anomaly-free,Volume Flow RateRMS,114,12.719
screen,anomaly-free__anomaly-free,Volume Flow RateRMS,115,12.7752
screen,anomaly-free__anomaly-free,Volume Flow RateRMS,116,13.4236
screen,anomaly-free__anomaly-free,Volume Flow RateRMS,117,12.0666
screen,anomaly-free__anomaly-free,Volume Flow RateRMS,118,13.4236
screen,anomaly-free__anomaly-free,Volume Flow RateRMS,119,12.719
screen,anomaly-free__anomaly-free,Volume Flow RateRMS,120,12.0666
screen,anomaly-free__anomaly-free,Volume Flow RateRMS,121,12.0666
screen,anomaly-free__anomaly-free,Volume Flow RateRMS,122,12.719
screen,anomaly-free__anomaly-free,Volume Flow RateRMS,123,12.0666
screen,anomaly-free__anomaly-free,Volume Flow RateRMS,124,12.0666
screen,anomaly-free__anomaly-free,Volume Flow RateRMS,125,11.4202
screen,anomaly-free__anomaly-free,Volume Flow RateRMS,126,12.719
screen,anomaly-free__anomaly-free,Volume Flow RateRMS,127,12.0686
screen,anomaly-free__anomaly-free,Volume Flow RateRMS,128,13.4276
screen,anomaly-free__anomaly-free,Volume Flow RateRMS,129,12.719
screen,anomaly-free__anomaly-free,Volume Flow RateRMS,130,12.0686
screen,anomaly-free__anomaly-free,Volume Flow RateRMS,131,12.0686
screen,anomaly-free__anomaly-free,Volume Flow RateRMS,132,12.7852
screen,anomaly-free__anomaly-free,Volume Flow RateRMS,133,12.0686
screen,anomaly-free__anomaly-free,Volume Flow RateRMS,134,8.7041
screen,anomaly-free__anomaly-free,Volume Flow RateRMS,135,10.7116
screen,anomaly-free__anomaly-free,Volume Flow RateRMS,136,11.4242
screen,anomaly-free__anomaly-free,Volume Flow RateRMS,137,12.0686
screen,anomaly-free__anomaly-free,Volume Flow RateRMS,138,12.719
screen,anomaly-free__anomaly-free,Volume Flow RateRMS,139,11.4242
screen,anomaly-free__anomaly-free,Volume Flow RateRMS,140,12.719
screen,anomaly-free__anomaly-free,Volume Flow RateRMS,141,10.0632
screen,anomaly-free__anomaly-free,Volume Flow RateRMS,142,10.0632
screen,anomaly-free__anomaly-free,Volume Flow RateRMS,143,10.7116
screen,anomaly-free__anomaly-free,Volume Flow RateRMS,144,8.7784
screen,anomaly-free__anomaly-free,Volume Flow RateRMS,145,8.7041
screen,anomaly-free__anomaly-free,Volume Flow RateRMS,146,10.0632
screen,anomaly-free__anomaly-free,Volume Flow RateRMS,147,11.4262
screen,anomaly-free__anomaly-free,Volume Flow RateRMS,148,11.4262
screen,anomaly-free__anomaly-free,Volume Flow RateRMS,149,12.0706
screen,anomaly-free__anomaly-free,Volume Flow RateRMS,150,11.4262
screen,anomaly-free__anomaly-free,Volume Flow RateRMS,151,10.7116
screen,anomaly-free__anomaly-free,Volume Flow RateRMS,152,12.0726
screen,anomaly-free__anomaly-free,Volume Flow RateRMS,153,10.7116
screen,anomaly-free__anomaly-free,Volume Flow RateRMS,154,12.0726
screen,anomaly-free__anomaly-free,Volume Flow RateRMS,155,10.7116
screen,anomaly-free__anomaly-free,Volume Flow RateRMS,156,10.7116
screen,anomaly-free__anomaly-free,Volume Flow RateRMS,157,11.4302
screen,anomaly-free__anomaly-free,Volume Flow RateRMS,158,10.7116
screen,anomaly-free__anomaly-free,Volume Flow RateRMS,159,11.4302
screen,anomaly-free__anomaly-free,Volume Flow RateRMS,160,10.7116
screen,anomaly-free__anomaly-free,Volume Flow RateRMS,161,10.7919
screen,anomaly-free__anomaly-free,Volume Flow RateRMS,162,12.0746
screen,anomaly-free__anomaly-free,Volume Flow RateRMS,163,10.7116
screen,anomaly-free__anomaly-free,Volume Flow RateRMS,164,10.7116
screen,anomaly-free__anomaly-free,Volume Flow RateRMS,165,12.0746
screen,anomaly-free__anomaly-free,Volume Flow RateRMS,166,7.9975
spc,anomaly-free__anomaly-free,Accelerometer1RMS,0,1.0
spc,anomaly-free__anomaly-free,Accelerometer1RMS,1,1.0
spc,anomaly-free__anomaly-free,Accelerometer1RMS,2,3.0
spc,anomaly-free__anomaly-free,Accelerometer1RMS,3,1.0
spc,anomaly-free__anomaly-free,Accelerometer1RMS,4,2.0
spc,anomaly-free__anomaly-free,Accelerometer1RMS,5,3.0
spc,anomaly-free__anomaly-free,Accelerometer1RMS,6,4.0
spc,anomaly-free__anomaly-free,Accelerometer1RMS,7,3.0
spc,anomaly-free__anomaly-free,Accelerometer1RMS,8,1.0
spc,anomaly-free__anomaly-free,Accelerometer1RMS,9,0.0
spc,anomaly-free__anomaly-free,Accelerometer1RMS,10,1.0
spc,anomaly-free__anomaly-free,Accelerometer1RMS,11,2.0
spc,anomaly-free__anomaly-free,Accelerometer1RMS,12,2.0
spc,anomaly-free__anomaly-free,Accelerometer1RMS,13,1.0
spc,anomaly-free__anomaly-free,Accelerometer1RMS,14,2.0
spc,anomaly-free__anomaly-free,Accelerometer1RMS,15,3.0
spc,anomaly-free__anomaly-free,Accelerometer1RMS,16,5.0
spc,anomaly-free__anomaly-free,Accelerometer1RMS,17,4.0
spc,anomaly-free__anomaly-free,Accelerometer1RMS,18,20.0
spc,anomaly-free__anomaly-free,Accelerometer1RMS,19,39.0
spc,anomaly-free__anomaly-free,Accelerometer1RMS,20,41.0
spc,anomaly-free__anomaly-free,Accelerometer1RMS,21,31.0
spc,anomaly-free__anomaly-free,Accelerometer1RMS,22,49.0
spc,anomaly-free__anomaly-free,Accelerometer1RMS,23,58.0
spc,anomaly-free__anomaly-free,Accelerometer1RMS,24,51.0
spc,anomaly-free__anomaly-free,Accelerometer1RMS,25,44.0
spc,anomaly-free__anomaly-free,Accelerometer1RMS,26,55.0
spc,anomaly-free__anomaly-free,Accelerometer1RMS,27,57.0
spc,anomaly-free__anomaly-free,Accelerometer1RMS,28,57.0
spc,anomaly-free__anomaly-free,Accelerometer1RMS,29,63.0
spc,anomaly-free__anomaly-free,Accelerometer1RMS,30,56.0
spc,anomaly-free__anomaly-free,Accelerometer1RMS,31,58.0
spc,anomaly-free__anomaly-free,Accelerometer1RMS,32,57.0
spc,anomaly-free__anomaly-free,Accelerometer1RMS,33,57.0
spc,anomaly-free__anomaly-free,Accelerometer1RMS,34,58.0
spc,anomaly-free__anomaly-free,Accelerometer1RMS,35,57.0
spc,anomaly-free__anomaly-free,Accelerometer1RMS,36,58.0
spc,anomaly-free__anomaly-free,Accelerometer1RMS,37,57.0
spc,anomaly-free__anomaly-free,Accelerometer1RMS,38,58.0
spc,anomaly-free__anomaly-free,Accelerometer1RMS,39,57.0
spc,anomaly-free__anomaly-free,Accelerometer1RMS,40,58.0
spc,anomaly-free__anomaly-free,Accelerometer1RMS,41,57.0
spc,anomaly-free__anomaly-free,Accelerometer1RMS,42,57.0
spc,anomaly-free__anomaly-free,Accelerometer1RMS,43,57.0
spc,anomaly-free__anomaly-free,Accelerometer1RMS,44,57.0
spc,anomaly-free__anomaly-free,Accelerometer1RMS,45,57.0
spc,anomaly-free__anomaly-free,Accelerometer1RMS,46,57.0
spc,anomaly-free__anomaly-free,Accelerometer1RMS,47,59.0
spc,anomaly-free__anomaly-free,Accelerometer1RMS,48,57.0
spc,anomaly-free__anomaly-free,Accelerometer1RMS,49,55.0
spc,anomaly-free__anomaly-free,Accelerometer1RMS,50,56.0
spc,anomaly-free__anomaly-free,Accelerometer1RMS,51,57.0
spc,anomaly-free__anomaly-free,Accelerometer1RMS,52,57.0
spc,anomaly-free__anomaly-free,Accelerometer1RMS,53,57.0
spc,anomaly-free__anomaly-free,Accelerometer1RMS,54,57.0
spc,anomaly-free__anomaly-free,Accelerometer1RMS,55,57.0
spc,anomaly-free__anomaly-free,Accelerometer1RMS,56,58.0
spc,anomaly-free__anomaly-free,Accelerometer1RMS,57,57.0
spc,anomaly-free__anomaly-free,Accelerometer1RMS,58,57.0
spc,anomaly-free__anomaly-free,Accelerometer1RMS,59,58.0
spc,anomaly-free__anomaly-free,Accelerometer1RMS,60,56.0
spc,anomaly-free__anomaly-free,Accelerometer1RMS,61,59.0
spc,anomaly-free__anomaly-free,Accelerometer1RMS,62,57.0
spc,anomaly-free__anomaly-free,Accelerometer1RMS,63,57.0
spc,anomaly-free__anomaly-free,Accelerometer1RMS,64,57.0
spc,anomaly-free__anomaly-free,Accelerometer1RMS,65,57.0
spc,anomaly-free__anomaly-free,Accelerometer1RMS,66,56.0
spc,anomaly-free__anomaly-free,Accelerometer1RMS,67,57.0
spc,anomaly-free__anomaly-free,Accelerometer1RMS,68,57.0
spc,anomaly-free__anomaly-free,Accelerometer1RMS,69,58.0
spc,anomaly-free__anomaly-free,Accelerometer1RMS,70,57.0
spc,anomaly-free__anomaly-free,Accelerometer1RMS,71,58.0
spc,anomaly-free__anomaly-free,Accelerometer1RMS,72,57.0
spc,anomaly-free__anomaly-free,Accelerometer1RMS,73,58.0
spc,anomaly-free__anomaly-free,Accelerometer1RMS,74,57.0
spc,anomaly-free__anomaly-free,Accelerometer1RMS,75,57.0
spc,anomaly-free__anomaly-free,Accelerometer1RMS,76,57.0
spc,anomaly-free__anomaly-free,Accelerometer1RMS,77,58.0
spc,anomaly-free__anomaly-free,Accelerometer1RMS,78,56.0
spc,anomaly-free__anomaly-free,Accelerometer1RMS,79,57.0
spc,anomaly-free__anomaly-free,Accelerometer1RMS,80,57.0
spc,anomaly-free__anomaly-free,Accelerometer1RMS,81,57.0
spc,anomaly-free__anomaly-free,Accelerometer1RMS,82,57.0
spc,anomaly-free__anomaly-free,Accelerometer1RMS,83,58.0
spc,anomaly-free__anomaly-free,Accelerometer1RMS,84,57.0
spc,anomaly-free__anomaly-free,Accelerometer1RMS,85,58.0
spc,anomaly-free__anomaly-free,Accelerometer1RMS,86,58.0
spc,anomaly-free__anomaly-free,Accelerometer1RMS,87,57.0
spc,anomaly-free__anomaly-free,Accelerometer1RMS,88,60.0
spc,anomaly-free__anomaly-free,Accelerometer1RMS,89,59.0
spc,anomaly-free__anomaly-free,Accelerometer1RMS,90,58.0
spc,anomaly-free__anomaly-free,Accelerometer1RMS,91,58.0
spc,anomaly-free__anomaly-free,Accelerometer1RMS,92,58.0
spc,anomaly-free__anomaly-free,Accelerometer1RMS,93,58.0
spc,anomaly-free__anomaly-free,Accelerometer1RMS,94,58.0
spc,anomaly-free__anomaly-free,Accelerometer1RMS,95,59.0
spc,anomaly-free__anomaly-free,Accelerometer1RMS,96,59.0
spc,anomaly-free__anomaly-free,Accelerometer1RMS,97,58.0
spc,anomaly-free__anomaly-free,Accelerometer1RMS,98,60.0
spc,anomaly-free__anomaly-free,Accelerometer1RMS,99,59.0
spc,anomaly-free__anomaly-free,Accelerometer1RMS,100,59.0
spc,anomaly-free__anomaly-free,Accelerometer1RMS,101,60.0
spc,anomaly-free__anomaly-free,Accelerometer1RMS,102,58.0
spc,anomaly-free__anomaly-free,Accelerometer1RMS,103,59.0
spc,anomaly-free__anomaly-free,Accelerometer1RMS,104,59.0
spc,anomaly-free__anomaly-free,Accelerometer1RMS,105,60.0
spc,anomaly-free__anomaly-free,Accelerometer1RMS,106,58.0
spc,anomaly-free__anomaly-free,Accelerometer1RMS,107,58.0
spc,anomaly-free__anomaly-free,Accelerometer1RMS,108,59.0
spc,anomaly-free__anomaly-free,Accelerometer1RMS,109,58.0
spc,anomaly-free__anomaly-free,Accelerometer1RMS,110,59.0
spc,anomaly-free__anomaly-free,Accelerometer1RMS,111,58.0
spc,anomaly-free__anomaly-free,Accelerometer1RMS,112,58.0
spc,anomaly-free__anomaly-free,Accelerometer1RMS,113,59.0
spc,anomaly-free__anomaly-free,Accelerometer1RMS,114,61.0
spc,anomaly-free__anomaly-free,Accelerometer1RMS,115,58.0
spc,anomaly-free__anomaly-free,Accelerometer1RMS,116,60.0
spc,anomaly-free__anomaly-free,Accelerometer1RMS,117,58.0
spc,anomaly-free__anomaly-free,Accelerometer1RMS,118,58.0
spc,anomaly-free__anomaly-free,Accelerometer1RMS,119,59.0
spc,anomaly-free__anomaly-free,Accelerometer1RMS,120,59.0
spc,anomaly-free__anomaly-free,Accelerometer1RMS,121,58.0
spc,anomaly-free__anomaly-free,Accelerometer1RMS,122,59.0
spc,anomaly-free__anomaly-free,Accelerometer1RMS,123,58.0
spc,anomaly-free__anomaly-free,Accelerometer1RMS,124,59.0
spc,anomaly-free__anomaly-free,Accelerometer1RMS,125,58.0
spc,anomaly-free__anomaly-free,Accelerometer1RMS,126,59.0
spc,anomaly-free__anomaly-free,Accelerometer1RMS,127,58.0
spc,anomaly-free__anomaly-free,Accelerometer1RMS,128,58.0
spc,anomaly-free__anomaly-free,Accelerometer1RMS,129,58.0
spc,anomaly-free__anomaly-free,Accelerometer1RMS,130,58.0
spc,anomaly-free__anomaly-free,Accelerometer1RMS,131,58.0
spc,anomaly-free__anomaly-free,Accelerometer1RMS,132,59.0
spc,anomaly-free__anomaly-free,Accelerometer1RMS,133,62.0
spc,anomaly-free__anomaly-free,Accelerometer1RMS,134,58.0
spc,anomaly-free__anomaly-free,Accelerometer1RMS,135,58.0
spc,anomaly-free__anomaly-free,Accelerometer1RMS,136,59.0
spc,anomaly-free__anomaly-free,Accelerometer1RMS,137,58.0
spc,anomaly-free__anomaly-free,Accelerometer1RMS,138,59.0
spc,anomaly-free__anomaly-free,Accelerometer1RMS,139,58.0
spc,anomaly-free__anomaly-free,Accelerometer1RMS,140,60.0
spc,anomaly-free__anomaly-free,Accelerometer1RMS,141,57.0
spc,anomaly-free__anomaly-free,Accelerometer1RMS,142,59.0
spc,anomaly-free__anomaly-free,Accelerometer1RMS,143,54.0
spc,anomaly-free__anomaly-free,Accelerometer1RMS,144,59.0
spc,anomaly-free__anomaly-free,Accelerometer1RMS,145,58.0
spc,anomaly-free__anomaly-free,Accelerometer1RMS,146,59.0
spc,anomaly-free__anomaly-free,Accelerometer1RMS,147,59.0
spc,anomaly-free__anomaly-free,Accelerometer1RMS,148,61.0
spc,anomaly-free__anomaly-free,Accelerometer1RMS,149,59.0
spc,anomaly-free__anomaly-free,Accelerometer1RMS,150,58.0
spc,anomaly-free__anomaly-free,Accelerometer1RMS,151,59.0
spc,anomaly-free__anomaly-free,Accelerometer1RMS,152,60.0
spc,anomaly-free__anomaly-free,Accelerometer1RMS,153,58.0
spc,anomaly-free__anomaly-free,Accelerometer1RMS,154,58.0
spc,anomaly-free__anomaly-free,Accelerometer1RMS,155,60.0
spc,anomaly-free__anomaly-free,Accelerometer1RMS,156,58.0
spc,anomaly-free__anomaly-free,Accelerometer1RMS,157,62.0
spc,anomaly-free__anomaly-free,Accelerometer1RMS,158,59.0
spc,anomaly-free__anomaly-free,Accelerometer1RMS,159,58.0
spc,anomaly-free__anomaly-free,Accelerometer1RMS,160,58.0
spc,anomaly-free__anomaly-free,Accelerometer1RMS,161,59.0
spc,anomaly-free__anomaly-free,Accelerometer1RMS,162,58.0
spc,anomaly-free__anomaly-free,Accelerometer1RMS,163,58.0
spc,anomaly-free__anomaly-free,Accelerometer1RMS,164,61.0
spc,anomaly-free__anomaly-free,Accelerometer1RMS,165,58.0
spc,anomaly-free__anomaly-free,Accelerometer1RMS,166,1.0
spc,anomaly-free__anomaly-free,Accelerometer2RMS,0,0.0
spc,anomaly-free__anomaly-free,Accelerometer2RMS,1,1.0
spc,anomaly-free__anomaly-free,Accelerometer2RMS,2,1.0
spc,anomaly-free__anomaly-free,Accelerometer2RMS,3,1.0
spc,anomaly-free__anomaly-free,Accelerometer2RMS,4,0.0
spc,anomaly-free__anomaly-free,Accelerometer2RMS,5,0.0
spc,anomaly-free__anomaly-free,Accelerometer2RMS,6,1.0
spc,anomaly-free__anomaly-free,Accelerometer2RMS,7,2.0
spc,anomaly-free__anomaly-free,Accelerometer2RMS,8,4.0
spc,anomaly-free__anomaly-free,Accelerometer2RMS,9,5.0
spc,anomaly-free__anomaly-free,Accelerometer2RMS,10,9.0
spc,anomaly-free__anomaly-free,Accelerometer2RMS,11,14.0
spc,anomaly-free__anomaly-free,Accelerometer2RMS,12,17.0
spc,anomaly-free__anomaly-free,Accelerometer2RMS,13,17.0
spc,anomaly-free__anomaly-free,Accelerometer2RMS,14,9.0
spc,anomaly-free__anomaly-free,Accelerometer2RMS,15,13.0
spc,anomaly-free__anomaly-free,Accelerometer2RMS,16,8.0
spc,anomaly-free__anomaly-free,Accelerometer2RMS,17,17.0
spc,anomaly-free__anomaly-free,Accelerometer2RMS,18,19.0
spc,anomaly-free__anomaly-free,Accelerometer2RMS,19,19.0
spc,anomaly-free__anomaly-free,Accelerometer2RMS,20,19.0
spc,anomaly-free__anomaly-free,Accelerometer2RMS,21,27.0
spc,anomaly-free__anomaly-free,Accelerometer2RMS,22,23.0
spc,anomaly-free__anomaly-free,Accelerometer2RMS,23,19.0
spc,anomaly-free__anomaly-free,Accelerometer2RMS,24,23.0
spc,anomaly-free__anomaly-free,Accelerometer2RMS,25,23.0
spc,anomaly-free__anomaly-free,Accelerometer2RMS,26,24.0
spc,anomaly-free__anomaly-free,Accelerometer2RMS,27,12.0
spc,anomaly-free__anomaly-free,Accelerometer2RMS,28,10.0
spc,anomaly-free__anomaly-free,Accelerometer2RMS,29,23.0
spc,anomaly-free__anomaly-free,Accelerometer2RMS,30,21.0
spc,anomaly-free__anomaly-free,Accelerometer2RMS,31,19.0
spc,anomaly-free__anomaly-free,Accelerometer2RMS,32,23.0
spc,anomaly-free__anomaly-free,Accelerometer2RMS,33,32.0
spc,anomaly-free__anomaly-free,Accelerometer2RMS,34,31.0
spc,anomaly-free__anomaly-free,Accelerometer2RMS,35,26.0
spc,anomaly-free__anomaly-free,Accelerometer2RMS,36,37.0
spc,anomaly-free__anomaly-free,Accelerometer2RMS,37,28.0
spc,anomaly-free__anomaly-free,Accelerometer2RMS,38,35.0
spc,anomaly-free__anomaly-free,Accelerometer2RMS,39,38.0
spc,anomaly-free__anomaly-free,Accelerometer2RMS,40,49.0
spc,anomaly-free__anomaly-free,Accelerometer2RMS,41,51.0
spc,anomaly-free__anomaly-free,Accelerometer2RMS,42,53.0
spc,anomaly-free__anomaly-free,Accelerometer2RMS,43,57.0
spc,anomaly-free__anomaly-free,Accelerometer2RMS,44,57.0
spc,anomaly-free__anomaly-free,Accelerometer2RMS,45,57.0
spc,anomaly-free__anomaly-free,Accelerometer2RMS,46,57.0
spc,anomaly-free__anomaly-free,Accelerometer2RMS,47,57.0
spc,anomaly-free__anomaly-free,Accelerometer2RMS,48,57.0
spc,anomaly-free__anomaly-free,Accelerometer2RMS,49,57.0
spc,anomaly-free__anomaly-free,Accelerometer2RMS,50,56.0
spc,anomaly-free__anomaly-free,Accelerometer2RMS,51,57.0
spc,anomaly-free__anomaly-free,Accelerometer2RMS,52,57.0
spc,anomaly-free__anomaly-free,Accelerometer2RMS,53,57.0
spc,anomaly-free__anomaly-free,Accelerometer2RMS,54,57.0
spc,anomaly-free__anomaly-free,Accelerometer2RMS,55,57.0
spc,anomaly-free__anomaly-free,Accelerometer2RMS,56,58.0
spc,anomaly-free__anomaly-free,Accelerometer2RMS,57,58.0
spc,anomaly-free__anomaly-free,Accelerometer2RMS,58,57.0
spc,anomaly-free__anomaly-free,Accelerometer2RMS,59,58.0
spc,anomaly-free__anomaly-free,Accelerometer2RMS,60,56.0
spc,anomaly-free__anomaly-free,Accelerometer2RMS,61,58.0
spc,anomaly-free__anomaly-free,Accelerometer2RMS,62,58.0
spc,anomaly-free__anomaly-free,Accelerometer2RMS,63,57.0
spc,anomaly-free__anomaly-free,Accelerometer2RMS,64,57.0
spc,anomaly-free__anomaly-free,Accelerometer2RMS,65,57.0
spc,anomaly-free__anomaly-free,Accelerometer2RMS,66,56.0
spc,anomaly-free__anomaly-free,Accelerometer2RMS,67,57.0
spc,anomaly-free__anomaly-free,Accelerometer2RMS,68,57.0
spc,anomaly-free__anomaly-free,Accelerometer2RMS,69,58.0
spc,anomaly-free__anomaly-free,Accelerometer2RMS,70,56.0
spc,anomaly-free__anomaly-free,Accelerometer2RMS,71,57.0
spc,anomaly-free__anomaly-free,Accelerometer2RMS,72,57.0
spc,anomaly-free__anomaly-free,Accelerometer2RMS,73,57.0
spc,anomaly-free__anomaly-free,Accelerometer2RMS,74,57.0
spc,anomaly-free__anomaly-free,Accelerometer2RMS,75,57.0
spc,anomaly-free__anomaly-free,Accelerometer2RMS,76,57.0
spc,anomaly-free__anomaly-free,Accelerometer2RMS,77,57.0
spc,anomaly-free__anomaly-free,Accelerometer2RMS,78,56.0
spc,anomaly-free__anomaly-free,Accelerometer2RMS,79,58.0
spc,anomaly-free__anomaly-free,Accelerometer2RMS,80,57.0
spc,anomaly-free__anomaly-free,Accelerometer2RMS,81,57.0
spc,anomaly-free__anomaly-free,Accelerometer2RMS,82,57.0
spc,anomaly-free__anomaly-free,Accelerometer2RMS,83,58.0
spc,anomaly-free__anomaly-free,Accelerometer2RMS,84,57.0
spc,anomaly-free__anomaly-free,Accelerometer2RMS,85,58.0
spc,anomaly-free__anomaly-free,Accelerometer2RMS,86,58.0
spc,anomaly-free__anomaly-free,Accelerometer2RMS,87,57.0
spc,anomaly-free__anomaly-free,Accelerometer2RMS,88,59.0
spc,anomaly-free__anomaly-free,Accelerometer2RMS,89,58.0
spc,anomaly-free__anomaly-free,Accelerometer2RMS,90,58.0
spc,anomaly-free__anomaly-free,Accelerometer2RMS,91,58.0
spc,anomaly-free__anomaly-free,Accelerometer2RMS,92,59.0
spc,anomaly-free__anomaly-free,Accelerometer2RMS,93,58.0
spc,anomaly-free__anomaly-free,Accelerometer2RMS,94,58.0
spc,anomaly-free__anomaly-free,Accelerometer2RMS,95,59.0
spc,anomaly-free__anomaly-free,Accelerometer2RMS,96,58.0
spc,anomaly-free__anomaly-free,Accelerometer2RMS,97,58.0
spc,anomaly-free__anomaly-free,Accelerometer2RMS,98,58.0
spc,anomaly-free__anomaly-free,Accelerometer2RMS,99,59.0
spc,anomaly-free__anomaly-free,Accelerometer2RMS,100,58.0
spc,anomaly-free__anomaly-free,Accelerometer2RMS,101,59.0
spc,anomaly-free__anomaly-free,Accelerometer2RMS,102,58.0
spc,anomaly-free__anomaly-free,Accelerometer2RMS,103,58.0
spc,anomaly-free__anomaly-free,Accelerometer2RMS,104,59.0
spc,anomaly-free__anomaly-free,Accelerometer2RMS,105,58.0
spc,anomaly-free__anomaly-free,Accelerometer2RMS,106,58.0
spc,anomaly-free__anomaly-free,Accelerometer2RMS,107,58.0
spc,anomaly-free__anomaly-free,Accelerometer2RMS,108,59.0
spc,anomaly-free__anomaly-free,Accelerometer2RMS,109,58.0
spc,anomaly-free__anomaly-free,Accelerometer2RMS,110,60.0
spc,anomaly-free__anomaly-free,Accelerometer2RMS,111,58.0
spc,anomaly-free__anomaly-free,Accelerometer2RMS,112,58.0
spc,anomaly-free__anomaly-free,Accelerometer2RMS,113,59.0
spc,anomaly-free__anomaly-free,Accelerometer2RMS,114,58.0
spc,anomaly-free__anomaly-free,Accelerometer2RMS,115,58.0
spc,anomaly-free__anomaly-free,Accelerometer2RMS,116,59.0
spc,anomaly-free__anomaly-free,Accelerometer2RMS,117,58.0
spc,anomaly-free__anomaly-free,Accelerometer2RMS,118,58.0
spc,anomaly-free__anomaly-free,Accelerometer2RMS,119,59.0
spc,anomaly-free__anomaly-free,Accelerometer2RMS,120,58.0
spc,anomaly-free__anomaly-free,Accelerometer2RMS,121,58.0
spc,anomaly-free__anomaly-free,Accelerometer2RMS,122,59.0
spc,anomaly-free__anomaly-free,Accelerometer2RMS,123,58.0
spc,anomaly-free__anomaly-free,Accelerometer2RMS,124,58.0
spc,anomaly-free__anomaly-free,Accelerometer2RMS,125,60.0
spc,anomaly-free__anomaly-free,Accelerometer2RMS,126,59.0
spc,anomaly-free__anomaly-free,Accelerometer2RMS,127,58.0
spc,anomaly-free__anomaly-free,Accelerometer2RMS,128,58.0
spc,anomaly-free__anomaly-free,Accelerometer2RMS,129,58.0
spc,anomaly-free__anomaly-free,Accelerometer2RMS,130,59.0
spc,anomaly-free__anomaly-free,Accelerometer2RMS,131,59.0
spc,anomaly-free__anomaly-free,Accelerometer2RMS,132,59.0
spc,anomaly-free__anomaly-free,Accelerometer2RMS,133,59.0
spc,anomaly-free__anomaly-free,Accelerometer2RMS,134,58.0
spc,anomaly-free__anomaly-free,Accelerometer2RMS,135,58.0
spc,anomaly-free__anomaly-free,Accelerometer2RMS,136,58.0
spc,anomaly-free__anomaly-free,Accelerometer2RMS,137,58.0
spc,anomaly-free__anomaly-free,Accelerometer2RMS,138,58.0
spc,anomaly-free__anomaly-free,Accelerometer2RMS,139,58.0
spc,anomaly-free__anomaly-free,Accelerometer2RMS,140,59.0
spc,anomaly-free__anomaly-free,Accelerometer2RMS,141,58.0
spc,anomaly-free__anomaly-free,Accelerometer2RMS,142,59.0
spc,anomaly-free__anomaly-free,Accelerometer2RMS,143,58.0
spc,anomaly-free__anomaly-free,Accelerometer2RMS,144,59.0
spc,anomaly-free__anomaly-free,Accelerometer2RMS,145,58.0
spc,anomaly-free__anomaly-free,Accelerometer2RMS,146,59.0
spc,anomaly-free__anomaly-free,Accelerometer2RMS,147,59.0
spc,anomaly-free__anomaly-free,Accelerometer2RMS,148,59.0
spc,anomaly-free__anomaly-free,Accelerometer2RMS,149,59.0
spc,anomaly-free__anomaly-free,Accelerometer2RMS,150,58.0
spc,anomaly-free__anomaly-free,Accelerometer2RMS,151,60.0
spc,anomaly-free__anomaly-free,Accelerometer2RMS,152,59.0
spc,anomaly-free__anomaly-free,Accelerometer2RMS,153,58.0
spc,anomaly-free__anomaly-free,Accelerometer2RMS,154,58.0
spc,anomaly-free__anomaly-free,Accelerometer2RMS,155,58.0
spc,anomaly-free__anomaly-free,Accelerometer2RMS,156,58.0
spc,anomaly-free__anomaly-free,Accelerometer2RMS,157,58.0
spc,anomaly-free__anomaly-free,Accelerometer2RMS,158,58.0
spc,anomaly-free__anomaly-free,Accelerometer2RMS,159,50.0
spc,anomaly-free__anomaly-free,Accelerometer2RMS,160,34.0
spc,anomaly-free__anomaly-free,Accelerometer2RMS,161,23.0
spc,anomaly-free__anomaly-free,Accelerometer2RMS,162,42.0
spc,anomaly-free__anomaly-free,Accelerometer2RMS,163,26.0
spc,anomaly-free__anomaly-free,Accelerometer2RMS,164,52.0
spc,anomaly-free__anomaly-free,Accelerometer2RMS,165,55.0
spc,anomaly-free__anomaly-free,Accelerometer2RMS,166,1.0
spc,anomaly-free__anomaly-free,Current,0,1.0
spc,anomaly-free__anomaly-free,Current,1,1.0
spc,anomaly-free__anomaly-free,Current,2,4.0
spc,anomaly-free__anomaly-free,Current,3,1.0
spc,anomaly-free__anomaly-free,Current,4,3.0
spc,anomaly-free__anomaly-free,Current,5,3.0
spc,anomaly-free__anomaly-free,Current,6,0.0
spc,anomaly-free__anomaly-free,Current,7,4.0
spc,anomaly-free__anomaly-free,Current,8,4.0
spc,anomaly-free__anomaly-free,Current,9,0.0
spc,anomaly-free__anomaly-free,Current,10,2.0
spc,anomaly-free__anomaly-free,Current,11,0.0
spc,anomaly-free__anomaly-free,Current,12,5.0
spc,anomaly-free__anomaly-free,Current,13,2.0
spc,anomaly-free__anomaly-free,Current,14,3.0
spc,anomaly-free__anomaly-free,Current,15,4.0
spc,anomaly-free__anomaly-free,Current,16,2.0
spc,anomaly-free__anomaly-free,Current,17,2.0
spc,anomaly-free__anomaly-free,Current,18,2.0
spc,anomaly-free__anomaly-free,Current,19,4.0
spc,anomaly-free__anomaly-free,Current,20,1.0
spc,anomaly-free__anomaly-free,Current,21,2.0
spc,anomaly-free__anomaly-free,Current,22,2.0
spc,anomaly-free__anomaly-free,Current,23,2.0
spc,anomaly-free__anomaly-free,Current,24,3.0
spc,anomaly-free__anomaly-free,Current,25,2.0
spc,anomaly-free__anomaly-free,Current,26,2.0
spc,anomaly-free__anomaly-free,Current,27,1.0
spc,anomaly-free__anomaly-free,Current,28,1.0
spc,anomaly-free__anomaly-free,Current,29,3.0
spc,anomaly-free__anomaly-free,Current,30,2.0
spc,anomaly-free__anomaly-free,Current,31,1.0
spc,anomaly-free__anomaly-free,Current,32,10.0
spc,anomaly-free__anomaly-free,Current,33,0.0
spc,anomaly-free__anomaly-free,Current,34,2.0
spc,anomaly-free__anomaly-free,Current,35,2.0
spc,anomaly-free__anomaly-free,Current,36,3.0
spc,anomaly-free__anomaly-free,Current,37,3.0
spc,anomaly-free__anomaly-free,Current,38,2.0
spc,anomaly-free__anomaly-free,Current,39,1.0
spc,anomaly-free__anomaly-free,Current,40,1.0
spc,anomaly-free__anomaly-free,Current,41,0.0
spc,anomaly-free__anomaly-free,Current,42,1.0
spc,anomaly-free__anomaly-free,Current,43,2.0
spc,anomaly-free__anomaly-free,Current,44,0.0
spc,anomaly-free__anomaly-free,Current,45,3.0
spc,anomaly-free__anomaly-free,Current,46,5.0
spc,anomaly-free__anomaly-free,Current,47,4.0
spc,anomaly-free__anomaly-free,Current,48,1.0
spc,anomaly-free__anomaly-free,Current,49,3.0
spc,anomaly-free__anomaly-free,Current,50,3.0
spc,anomaly-free__anomaly-free,Current,51,2.0
spc,anomaly-free__anomaly-free,Current,52,4.0
spc,anomaly-free__anomaly-free,Current,53,3.0
spc,anomaly-free__anomaly-free,Current,54,0.0
spc,anomaly-free__anomaly-free,Current,55,0.0
spc,anomaly-free__anomaly-free,Current,56,3.0
spc,anomaly-free__anomaly-free,Current,57,3.0
spc,anomaly-free__anomaly-free,Current,58,2.0
spc,anomaly-free__anomaly-free,Current,59,2.0
spc,anomaly-free__anomaly-free,Current,60,1.0
spc,anomaly-free__anomaly-free,Current,61,1.0
spc,anomaly-free__anomaly-free,Current,62,2.0
spc,anomaly-free__anomaly-free,Current,63,0.0
spc,anomaly-free__anomaly-free,Current,64,5.0
spc,anomaly-free__anomaly-free,Current,65,0.0
spc,anomaly-free__anomaly-free,Current,66,0.0
spc,anomaly-free__anomaly-free,Current,67,9.0
spc,anomaly-free__anomaly-free,Current,68,0.0
spc,anomaly-free__anomaly-free,Current,69,6.0
spc,anomaly-free__anomaly-free,Current,70,1.0
spc,anomaly-free__anomaly-free,Current,71,7.0
spc,anomaly-free__anomaly-free,Current,72,3.0
spc,anomaly-free__anomaly-free,Current,73,3.0
spc,anomaly-free__anomaly-free,Current,74,2.0
spc,anomaly-free__anomaly-free,Current,75,2.0
spc,anomaly-free__anomaly-free,Current,76,2.0
spc,anomaly-free__anomaly-free,Current,77,1.0
spc,anomaly-free__anomaly-free,Current,78,3.0
spc,anomaly-free__anomaly-free,Current,79,2.0
spc,anomaly-free__anomaly-free,Current,80,4.0
spc,anomaly-free__anomaly-free,Current,81,3.0
spc,anomaly-free__anomaly-free,Current,82,2.0
spc,anomaly-free__anomaly-free,Current,83,0.0
spc,anomaly-free__anomaly-free,Current,84,1.0
spc,anomaly-free__anomaly-free,Current,85,3.0
spc,anomaly-free__anomaly-free,Current,86,1.0
spc,anomaly-free__anomaly-free,Current,87,1.0
spc,anomaly-free__anomaly-free,Current,88,2.0
spc,anomaly-free__anomaly-free,Current,89,4.0
spc,anomaly-free__anomaly-free,Current,90,1.0
spc,anomaly-free__anomaly-free,Current,91,2.0
spc,anomaly-free__anomaly-free,Current,92,1.0
spc,anomaly-free__anomaly-free,Current,93,1.0
spc,anomaly-free__anomaly-free,Current,94,4.0
spc,anomaly-free__anomaly-free,Current,95,3.0
spc,anomaly-free__anomaly-free,Current,96,1.0
spc,anomaly-free__anomaly-free,Current,97,1.0
spc,anomaly-free__anomaly-free,Current,98,2.0
spc,anomaly-free__anomaly-free,Current,99,2.0
spc,anomaly-free__anomaly-free,Current,100,3.0
spc,anomaly-free__anomaly-free,Current,101,0.0
spc,anomaly-free__anomaly-free,Current,102,4.0
spc,anomaly-free__anomaly-free,Current,103,1.0
spc,anomaly-free__anomaly-free,Current,104,4.0
spc,anomaly-free__anomaly-free,Current,105,3.0
spc,anomaly-free__anomaly-free,Current,106,1.0
spc,anomaly-free__anomaly-free,Current,107,6.0
spc,anomaly-free__anomaly-free,Current,108,6.0
spc,anomaly-free__anomaly-free,Current,109,5.0
spc,anomaly-free__anomaly-free,Current,110,1.0
spc,anomaly-free__anomaly-free,Current,111,2.0
spc,anomaly-free__anomaly-free,Current,112,3.0
spc,anomaly-free__anomaly-free,Current,113,5.0
spc,anomaly-free__anomaly-free,Current,114,0.0
spc,anomaly-free__anomaly-free,Current,115,1.0
spc,anomaly-free__anomaly-free,Current,116,2.0
spc,anomaly-free__anomaly-free,Current,117,2.0
spc,anomaly-free__anomaly-free,Current,118,1.0
spc,anomaly-free__anomaly-free,Current,119,4.0
spc,anomaly-free__anomaly-free,Current,120,0.0
spc,anomaly-free__anomaly-free,Current,121,2.0
spc,anomaly-free__anomaly-free,Current,122,1.0
spc,anomaly-free__anomaly-free,Current,123,7.0
spc,anomaly-free__anomaly-free,Current,124,1.0
spc,anomaly-free__anomaly-free,Current,125,2.0
spc,anomaly-free__anomaly-free,Current,126,2.0
spc,anomaly-free__anomaly-free,Current,127,1.0
spc,anomaly-free__anomaly-free,Current,128,8.0
spc,anomaly-free__anomaly-free,Current,129,1.0
spc,anomaly-free__anomaly-free,Current,130,5.0
spc,anomaly-free__anomaly-free,Current,131,3.0
spc,anomaly-free__anomaly-free,Current,132,8.0
spc,anomaly-free__anomaly-free,Current,133,2.0
spc,anomaly-free__anomaly-free,Current,134,4.0
spc,anomaly-free__anomaly-free,Current,135,3.0
spc,anomaly-free__anomaly-free,Current,136,1.0
spc,anomaly-free__anomaly-free,Current,137,1.0
spc,anomaly-free__anomaly-free,Current,138,2.0
spc,anomaly-free__anomaly-free,Current,139,4.0
spc,anomaly-free__anomaly-free,Current,140,2.0
spc,anomaly-free__anomaly-free,Current,141,2.0
spc,anomaly-free__anomaly-free,Current,142,1.0
spc,anomaly-free__anomaly-free,Current,143,1.0
spc,anomaly-free__anomaly-free,Current,144,6.0
spc,anomaly-free__anomaly-free,Current,145,1.0
spc,anomaly-free__anomaly-free,Current,146,1.0
spc,anomaly-free__anomaly-free,Current,147,3.0
spc,anomaly-free__anomaly-free,Current,148,4.0
spc,anomaly-free__anomaly-free,Current,149,5.0
spc,anomaly-free__anomaly-free,Current,150,5.0
spc,anomaly-free__anomaly-free,Current,151,1.0
spc,anomaly-free__anomaly-free,Current,152,0.0
spc,anomaly-free__anomaly-free,Current,153,0.0
spc,anomaly-free__anomaly-free,Current,154,5.0
spc,anomaly-free__anomaly-free,Current,155,2.0
spc,anomaly-free__anomaly-free,Current,156,0.0
spc,anomaly-free__anomaly-free,Current,157,2.0
spc,anomaly-free__anomaly-free,Current,158,2.0
spc,anomaly-free__anomaly-free,Current,159,4.0
spc,anomaly-free__anomaly-free,Current,160,1.0
spc,anomaly-free__anomaly-free,Current,161,4.0
spc,anomaly-free__anomaly-free,Current,162,8.0
spc,anomaly-free__anomaly-free,Current,163,3.0
spc,anomaly-free__anomaly-free,Current,164,2.0
spc,anomaly-free__anomaly-free,Current,165,0.0
spc,anomaly-free__anomaly-free,Current,166,0.0
spc,anomaly-free__anomaly-free,Temperature,0,2.0
spc,anomaly-free__anomaly-free,Temperature,1,1.0
spc,anomaly-free__anomaly-free,Temperature,2,2.0
spc,anomaly-free__anomaly-free,Temperature,3,1.0
spc,anomaly-free__anomaly-free,Temperature,4,1.0
spc,anomaly-free__anomaly-free,Temperature,5,2.0
spc,anomaly-free__anomaly-free,Temperature,6,1.0
spc,anomaly-free__anomaly-free,Temperature,7,2.0
spc,anomaly-free__anomaly-free,Temperature,8,2.0
spc,anomaly-free__anomaly-free,Temperature,9,1.0
spc,anomaly-free__anomaly-free,Temperature,10,3.0
spc,anomaly-free__anomaly-free,Temperature,11,2.0
spc,anomaly-free__anomaly-free,Temperature,12,1.0
spc,anomaly-free__anomaly-free,Temperature,13,2.0
spc,anomaly-free__anomaly-free,Temperature,14,1.0
spc,anomaly-free__anomaly-free,Temperature,15,1.0
spc,anomaly-free__anomaly-free,Temperature,16,1.0
spc,anomaly-free__anomaly-free,Temperature,17,1.0
spc,anomaly-free__anomaly-free,Temperature,18,3.0
spc,anomaly-free__anomaly-free,Temperature,19,1.0
spc,anomaly-free__anomaly-free,Temperature,20,3.0
spc,anomaly-free__anomaly-free,Temperature,21,6.0
spc,anomaly-free__anomaly-free,Temperature,22,1.0
spc,anomaly-free__anomaly-free,Temperature,23,4.0
spc,anomaly-free__anomaly-free,Temperature,24,9.0
spc,anomaly-free__anomaly-free,Temperature,25,7.0
spc,anomaly-free__anomaly-free,Temperature,26,11.0
spc,anomaly-free__anomaly-free,Temperature,27,26.0
spc,anomaly-free__anomaly-free,Temperature,28,17.0
spc,anomaly-free__anomaly-free,Temperature,29,15.0
spc,anomaly-free__anomaly-free,Temperature,30,14.0
spc,anomaly-free__anomaly-free,Temperature,31,30.0
spc,anomaly-free__anomaly-free,Temperature,32,18.0
spc,anomaly-free__anomaly-free,Temperature,33,15.0
spc,anomaly-free__anomaly-free,Temperature,34,43.0
spc,anomaly-free__anomaly-free,Temperature,35,23.0
spc,anomaly-free__anomaly-free,Temperature,36,27.0
spc,anomaly-free__anomaly-free,Temperature,37,38.0
spc,anomaly-free__anomaly-free,Temperature,38,11.0
spc,anomaly-free__anomaly-free,Temperature,39,47.0
spc,anomaly-free__anomaly-free,Temperature,40,31.0
spc,anomaly-free__anomaly-free,Temperature,41,20.0
spc,anomaly-free__anomaly-free,Temperature,42,43.0
spc,anomaly-free__anomaly-free,Temperature,43,34.0
spc,anomaly-free__anomaly-free,Temperature,44,27.0
spc,anomaly-free__anomaly-free,Temperature,45,37.0
spc,anomaly-free__anomaly-free,Temperature,46,41.0
spc,anomaly-free__anomaly-free,Temperature,47,32.0
spc,anomaly-free__anomaly-free,Temperature,48,40.0
spc,anomaly-free__anomaly-free,Temperature,49,49.0
spc,anomaly-free__anomaly-free,Temperature,50,49.0
spc,anomaly-free__anomaly-free,Temperature,51,38.0
spc,anomaly-free__anomaly-free,Temperature,52,48.0
spc,anomaly-free__anomaly-free,Temperature,53,49.0
spc,anomaly-free__anomaly-free,Temperature,54,42.0
spc,anomaly-free__anomaly-free,Temperature,55,52.0
spc,anomaly-free__anomaly-free,Temperature,56,53.0
spc,anomaly-free__anomaly-free,Temperature,57,52.0
spc,anomaly-free__anomaly-free,Temperature,58,59.0
spc,anomaly-free__anomaly-free,Temperature,59,56.0
spc,anomaly-free__anomaly-free,Temperature,60,54.0
spc,anomaly-free__anomaly-free,Temperature,61,58.0
spc,anomaly-free__anomaly-free,Temperature,62,53.0
spc,anomaly-free__anomaly-free,Temperature,63,54.0
spc,anomaly-free__anomaly-free,Temperature,64,57.0
spc,anomaly-free__anomaly-free,Temperature,65,51.0
spc,anomaly-free__anomaly-free,Temperature,66,54.0
spc,anomaly-free__anomaly-free,Temperature,67,55.0
spc,anomaly-free__anomaly-free,Temperature,68,59.0
spc,anomaly-free__anomaly-free,Temperature,69,58.0
spc,anomaly-free__anomaly-free,Temperature,70,55.0
spc,anomaly-free__anomaly-free,Temperature,71,57.0
spc,anomaly-free__anomaly-free,Temperature,72,57.0
spc,anomaly-free__anomaly-free,Temperature,73,57.0
spc,anomaly-free__anomaly-free,Temperature,74,57.0
spc,anomaly-free__anomaly-free,Temperature,75,58.0
spc,anomaly-free__anomaly-free,Temperature,76,57.0
spc,anomaly-free__anomaly-free,Temperature,77,57.0
spc,anomaly-free__anomaly-free,Temperature,78,56.0
spc,anomaly-free__anomaly-free,Temperature,79,57.0
spc,anomaly-free__anomaly-free,Temperature,80,57.0
spc,anomaly-free__anomaly-free,Temperature,81,57.0
spc,anomaly-free__anomaly-free,Temperature,82,57.0
spc,anomaly-free__anomaly-free,Temperature,83,58.0
spc,anomaly-free__anomaly-free,Temperature,84,57.0
spc,anomaly-free__anomaly-free,Temperature,85,58.0
spc,anomaly-free__anomaly-free,Temperature,86,58.0
spc,anomaly-free__anomaly-free,Temperature,87,57.0
spc,anomaly-free__anomaly-free,Temperature,88,59.0
spc,anomaly-free__anomaly-free,Temperature,89,58.0
spc,anomaly-free__anomaly-free,Temperature,90,58.0
spc,anomaly-free__anomaly-free,Temperature,91,58.0
spc,anomaly-free__anomaly-free,Temperature,92,58.0
spc,anomaly-free__anomaly-free,Temperature,93,58.0
spc,anomaly-free__anomaly-free,Temperature,94,58.0
spc,anomaly-free__anomaly-free,Temperature,95,59.0
spc,anomaly-free__anomaly-free,Temperature,96,58.0
spc,anomaly-free__anomaly-free,Temperature,97,58.0
spc,anomaly-free__anomaly-free,Temperature,98,58.0
spc,anomaly-free__anomaly-free,Temperature,99,59.0
spc,anomaly-free__anomaly-free,Temperature,100,58.0
spc,anomaly-free__anomaly-free,Temperature,101,59.0
spc,anomaly-free__anomaly-free,Temperature,102,58.0
spc,anomaly-free__anomaly-free,Temperature,103,58.0
spc,anomaly-free__anomaly-free,Temperature,104,59.0
spc,anomaly-free__anomaly-free,Temperature,105,58.0
spc,anomaly-free__anomaly-free,Temperature,106,59.0
spc,anomaly-free__anomaly-free,Temperature,107,58.0
spc,anomaly-free__anomaly-free,Temperature,108,59.0
spc,anomaly-free__anomaly-free,Temperature,109,58.0
spc,anomaly-free__anomaly-free,Temperature,110,59.0
spc,anomaly-free__anomaly-free,Temperature,111,58.0
spc,anomaly-free__anomaly-free,Temperature,112,59.0
spc,anomaly-free__anomaly-free,Temperature,113,59.0
spc,anomaly-free__anomaly-free,Temperature,114,58.0
spc,anomaly-free__anomaly-free,Temperature,115,58.0
spc,anomaly-free__anomaly-free,Temperature,116,61.0
spc,anomaly-free__anomaly-free,Temperature,117,58.0
spc,anomaly-free__anomaly-free,Temperature,118,58.0
spc,anomaly-free__anomaly-free,Temperature,119,59.0
spc,anomaly-free__anomaly-free,Temperature,120,58.0
spc,anomaly-free__anomaly-free,Temperature,121,58.0
spc,anomaly-free__anomaly-free,Temperature,122,59.0
spc,anomaly-free__anomaly-free,Temperature,123,58.0
spc,anomaly-free__anomaly-free,Temperature,124,58.0
spc,anomaly-free__anomaly-free,Temperature,125,58.0
spc,anomaly-free__anomaly-free,Temperature,126,59.0
spc,anomaly-free__anomaly-free,Temperature,127,58.0
spc,anomaly-free__anomaly-free,Temperature,128,60.0
spc,anomaly-free__anomaly-free,Temperature,129,58.0
spc,anomaly-free__anomaly-free,Temperature,130,58.0
spc,anomaly-free__anomaly-free,Temperature,131,58.0
spc,anomaly-free__anomaly-free,Temperature,132,59.0
spc,anomaly-free__anomaly-free,Temperature,133,59.0
spc,anomaly-free__anomaly-free,Temperature,134,58.0
spc,anomaly-free__anomaly-free,Temperature,135,58.0
spc,anomaly-free__anomaly-free,Temperature,136,58.0
spc,anomaly-free__anomaly-free,Temperature,137,59.0
spc,anomaly-free__anomaly-free,Temperature,138,58.0
spc,anomaly-free__anomaly-free,Temperature,139,58.0
spc,anomaly-free__anomaly-free,Temperature,140,59.0
spc,anomaly-free__anomaly-free,Temperature,141,58.0
spc,anomaly-free__anomaly-free,Temperature,142,59.0
spc,anomaly-free__anomaly-free,Temperature,143,58.0
spc,anomaly-free__anomaly-free,Temperature,144,59.0
spc,anomaly-free__anomaly-free,Temperature,145,58.0
spc,anomaly-free__anomaly-free,Temperature,146,59.0
spc,anomaly-free__anomaly-free,Temperature,147,59.0
spc,anomaly-free__anomaly-free,Temperature,148,59.0
spc,anomaly-free__anomaly-free,Temperature,149,60.0
spc,anomaly-free__anomaly-free,Temperature,150,60.0
spc,anomaly-free__anomaly-free,Temperature,151,59.0
spc,anomaly-free__anomaly-free,Temperature,152,58.0
spc,anomaly-free__anomaly-free,Temperature,153,58.0
spc,anomaly-free__anomaly-free,Temperature,154,58.0
spc,anomaly-free__anomaly-free,Temperature,155,58.0
spc,anomaly-free__anomaly-free,Temperature,156,58.0
spc,anomaly-free__anomaly-free,Temperature,157,58.0
spc,anomaly-free__anomaly-free,Temperature,158,58.0
spc,anomaly-free__anomaly-free,Temperature,159,58.0
spc,anomaly-free__anomaly-free,Temperature,160,58.0
spc,anomaly-free__anomaly-free,Temperature,161,59.0
spc,anomaly-free__anomaly-free,Temperature,162,58.0
spc,anomaly-free__anomaly-free,Temperature,163,58.0
spc,anomaly-free__anomaly-free,Temperature,164,59.0
spc,anomaly-free__anomaly-free,Temperature,165,58.0
spc,anomaly-free__anomaly-free,Temperature,166,1.0
spc,anomaly-free__anomaly-free,Thermocouple,0,1.0
spc,anomaly-free__anomaly-free,Thermocouple,1,2.0
spc,anomaly-free__anomaly-free,Thermocouple,2,1.0
spc,anomaly-free__anomaly-free,Thermocouple,3,1.0
spc,anomaly-free__anomaly-free,Thermocouple,4,43.0
spc,anomaly-free__anomaly-free,Thermocouple,5,58.0
spc,anomaly-free__anomaly-free,Thermocouple,6,57.0
spc,anomaly-free__anomaly-free,Thermocouple,7,57.0
spc,anomaly-free__anomaly-free,Thermocouple,8,57.0
spc,anomaly-free__anomaly-free,Thermocouple,9,57.0
spc,anomaly-free__anomaly-free,Thermocouple,10,58.0
spc,anomaly-free__anomaly-free,Thermocouple,11,57.0
spc,anomaly-free__anomaly-free,Thermocouple,12,58.0
spc,anomaly-free__anomaly-free,Thermocouple,13,57.0
spc,anomaly-free__anomaly-free,Thermocouple,14,57.0
spc,anomaly-free__anomaly-free,Thermocouple,15,58.0
spc,anomaly-free__anomaly-free,Thermocouple,16,57.0
spc,anomaly-free__anomaly-free,Thermocouple,17,57.0
spc,anomaly-free__anomaly-free,Thermocouple,18,55.0
spc,anomaly-free__anomaly-free,Thermocouple,19,54.0
spc,anomaly-free__anomaly-free,Thermocouple,20,57.0
spc,anomaly-free__anomaly-free,Thermocouple,21,58.0
spc,anomaly-free__anomaly-free,Thermocouple,22,59.0
spc,anomaly-free__anomaly-free,Thermocouple,23,59.0
spc,anomaly-free__anomaly-free,Thermocouple,24,57.0
spc,anomaly-free__anomaly-free,Thermocouple,25,58.0
spc,anomaly-free__anomaly-free,Thermocouple,26,60.0
spc,anomaly-free__anomaly-free,Thermocouple,27,57.0
spc,anomaly-free__anomaly-free,Thermocouple,28,57.0
spc,anomaly-free__anomaly-free,Thermocouple,29,59.0
spc,anomaly-free__anomaly-free,Thermocouple,30,56.0
spc,anomaly-free__anomaly-free,Thermocouple,31,59.0
spc,anomaly-free__anomaly-free,Thermocouple,32,57.0
spc,anomaly-free__anomaly-free,Thermocouple,33,57.0
spc,anomaly-free__anomaly-free,Thermocouple,34,58.0
spc,anomaly-free__anomaly-free,Thermocouple,35,57.0
spc,anomaly-free__anomaly-free,Thermocouple,36,58.0
spc,anomaly-free__anomaly-free,Thermocouple,37,58.0
spc,anomaly-free__anomaly-free,Thermocouple,38,57.0
spc,anomaly-free__anomaly-free,Thermocouple,39,57.0
spc,anomaly-free__anomaly-free,Thermocouple,40,57.0
spc,anomaly-free__anomaly-free,Thermocouple,41,57.0
spc,anomaly-free__anomaly-free,Thermocouple,42,56.0
spc,anomaly-free__anomaly-free,Thermocouple,43,57.0
spc,anomaly-free__anomaly-free,Thermocouple,44,57.0
spc,anomaly-free__anomaly-free,Thermocouple,45,57.0
spc,anomaly-free__anomaly-free,Thermocouple,46,57.0
spc,anomaly-free__anomaly-free,Thermocouple,47,57.0
spc,anomaly-free__anomaly-free,Thermocouple,48,58.0
spc,anomaly-free__anomaly-free,Thermocouple,49,57.0
spc,anomaly-free__anomaly-free,Thermocouple,50,57.0
spc,anomaly-free__anomaly-free,Thermocouple,51,57.0
spc,anomaly-free__anomaly-free,Thermocouple,52,57.0
spc,anomaly-free__anomaly-free,Thermocouple,53,57.0
spc,anomaly-free__anomaly-free,Thermocouple,54,57.0
spc,anomaly-free__anomaly-free,Thermocouple,55,57.0
spc,anomaly-free__anomaly-free,Thermocouple,56,58.0
spc,anomaly-free__anomaly-free,Thermocouple,57,57.0
spc,anomaly-free__anomaly-free,Thermocouple,58,57.0
spc,anomaly-free__anomaly-free,Thermocouple,59,58.0
spc,anomaly-free__anomaly-free,Thermocouple,60,57.0
spc,anomaly-free__anomaly-free,Thermocouple,61,58.0
spc,anomaly-free__anomaly-free,Thermocouple,62,57.0
spc,anomaly-free__anomaly-free,Thermocouple,63,57.0
spc,anomaly-free__anomaly-free,Thermocouple,64,57.0
spc,anomaly-free__anomaly-free,Thermocouple,65,57.0
spc,anomaly-free__anomaly-free,Thermocouple,66,58.0
spc,anomaly-free__anomaly-free,Thermocouple,67,57.0
spc,anomaly-free__anomaly-free,Thermocouple,68,57.0
spc,anomaly-free__anomaly-free,Thermocouple,69,58.0
spc,anomaly-free__anomaly-free,Thermocouple,70,56.0
spc,anomaly-free__anomaly-free,Thermocouple,71,57.0
spc,anomaly-free__anomaly-free,Thermocouple,72,57.0
spc,anomaly-free__anomaly-free,Thermocouple,73,58.0
spc,anomaly-free__anomaly-free,Thermocouple,74,57.0
spc,anomaly-free__anomaly-free,Thermocouple,75,57.0
spc,anomaly-free__anomaly-free,Thermocouple,76,57.0
spc,anomaly-free__anomaly-free,Thermocouple,77,59.0
spc,anomaly-free__anomaly-free,Thermocouple,78,56.0
spc,anomaly-free__anomaly-free,Thermocouple,79,57.0
spc,anomaly-free__anomaly-free,Thermocouple,80,57.0
spc,anomaly-free__anomaly-free,Thermocouple,81,58.0
spc,anomaly-free__anomaly-free,Thermocouple,82,57.0
spc,anomaly-free__anomaly-free,Thermocouple,83,59.0
spc,anomaly-free__anomaly-free,Thermocouple,84,57.0
spc,anomaly-free__anomaly-free,Thermocouple,85,58.0
spc,anomaly-free__anomaly-free,Thermocouple,86,59.0
spc,anomaly-free__anomaly-free,Thermocouple,87,57.0
spc,anomaly-free__anomaly-free,Thermocouple,88,59.0
spc,anomaly-free__anomaly-free,Thermocouple,89,58.0
spc,anomaly-free__anomaly-free,Thermocouple,90,58.0
spc,anomaly-free__anomaly-free,Thermocouple,91,58.0
spc,anomaly-free__anomaly-free,Thermocouple,92,59.0
spc,anomaly-free__anomaly-free,Thermocouple,93,58.0
spc,anomaly-free__anomaly-free,Thermocouple,94,58.0
spc,anomaly-free__anomaly-free,Thermocouple,95,59.0
spc,anomaly-free__anomaly-free,Thermocouple,96,58.0
spc,anomaly-free__anomaly-free,Thermocouple,97,59.0
spc,anomaly-free__anomaly-free,Thermocouple,98,58.0
spc,anomaly-free__anomaly-free,Thermocouple,99,59.0
spc,anomaly-free__anomaly-free,Thermocouple,100,58.0
spc,anomaly-free__anomaly-free,Thermocouple,101,59.0
spc,anomaly-free__anomaly-free,Thermocouple,102,58.0
spc,anomaly-free__anomaly-free,Thermocouple,103,58.0
spc,anomaly-free__anomaly-free,Thermocouple,104,60.0
spc,anomaly-free__anomaly-free,Thermocouple,105,58.0
spc,anomaly-free__anomaly-free,Thermocouple,106,59.0
spc,anomaly-free__anomaly-free,Thermocouple,107,58.0
spc,anomaly-free__anomaly-free,Thermocouple,108,60.0
spc,anomaly-free__anomaly-free,Thermocouple,109,58.0
spc,anomaly-free__anomaly-free,Thermocouple,110,59.0
spc,anomaly-free__anomaly-free,Thermocouple,111,58.0
spc,anomaly-free__anomaly-free,Thermocouple,112,58.0
spc,anomaly-free__anomaly-free,Thermocouple,113,59.0
spc,anomaly-free__anomaly-free,Thermocouple,114,58.0
spc,anomaly-free__anomaly-free,Thermocouple,115,58.0
spc,anomaly-free__anomaly-free,Thermocouple,116,59.0
spc,anomaly-free__anomaly-free,Thermocouple,117,58.0
spc,anomaly-free__anomaly-free,Thermocouple,118,58.0
spc,anomaly-free__anomaly-free,Thermocouple,119,59.0
spc,anomaly-free__anomaly-free,Thermocouple,120,58.0
spc,anomaly-free__anomaly-free,Thermocouple,121,58.0
spc,anomaly-free__anomaly-free,Thermocouple,122,59.0
spc,anomaly-free__anomaly-free,Thermocouple,123,58.0
spc,anomaly-free__anomaly-free,Thermocouple,124,58.0
spc,anomaly-free__anomaly-free,Thermocouple,125,58.0
spc,anomaly-free__anomaly-free,Thermocouple,126,59.0
spc,anomaly-free__anomaly-free,Thermocouple,127,58.0
spc,anomaly-free__anomaly-free,Thermocouple,128,58.0
spc,anomaly-free__anomaly-free,Thermocouple,129,58.0
spc,anomaly-free__anomaly-free,Thermocouple,130,58.0
spc,anomaly-free__anomaly-free,Thermocouple,131,58.0
spc,anomaly-free__anomaly-free,Thermocouple,132,59.0
spc,anomaly-free__anomaly-free,Thermocouple,133,58.0
spc,anomaly-free__anomaly-free,Thermocouple,134,59.0
spc,anomaly-free__anomaly-free,Thermocouple,135,58.0
spc,anomaly-free__anomaly-free,Thermocouple,136,58.0
spc,anomaly-free__anomaly-free,Thermocouple,137,58.0
spc,anomaly-free__anomaly-free,Thermocouple,138,58.0
spc,anomaly-free__anomaly-free,Thermocouple,139,58.0
spc,anomaly-free__anomaly-free,Thermocouple,140,59.0
spc,anomaly-free__anomaly-free,Thermocouple,141,58.0
spc,anomaly-free__anomaly-free,Thermocouple,142,59.0
spc,anomaly-free__anomaly-free,Thermocouple,143,58.0
spc,anomaly-free__anomaly-free,Thermocouple,144,60.0
spc,anomaly-free__anomaly-free,Thermocouple,145,59.0
spc,anomaly-free__anomaly-free,Thermocouple,146,59.0
spc,anomaly-free__anomaly-free,Thermocouple,147,65.0
spc,anomaly-free__anomaly-free,Thermocouple,148,60.0
spc,anomaly-free__anomaly-free,Thermocouple,149,59.0
spc,anomaly-free__anomaly-free,Thermocouple,150,58.0
spc,anomaly-free__anomaly-free,Thermocouple,151,59.0
spc,anomaly-free__anomaly-free,Thermocouple,152,58.0
spc,anomaly-free__anomaly-free,Thermocouple,153,58.0
spc,anomaly-free__anomaly-free,Thermocouple,154,59.0
spc,anomaly-free__anomaly-free,Thermocouple,155,58.0
spc,anomaly-free__anomaly-free,Thermocouple,156,58.0
spc,anomaly-free__anomaly-free,Thermocouple,157,58.0
spc,anomaly-free__anomaly-free,Thermocouple,158,58.0
spc,anomaly-free__anomaly-free,Thermocouple,159,58.0
spc,anomaly-free__anomaly-free,Thermocouple,160,58.0
spc,anomaly-free__anomaly-free,Thermocouple,161,60.0
spc,anomaly-free__anomaly-free,Thermocouple,162,58.0
spc,anomaly-free__anomaly-free,Thermocouple,163,58.0
spc,anomaly-free__anomaly-free,Thermocouple,164,59.0
spc,anomaly-free__anomaly-free,Thermocouple,165,58.0
spc,anomaly-free__anomaly-free,Thermocouple,166,1.0
spc,anomaly-free__anomaly-free,Voltage,0,0.0
spc,anomaly-free__anomaly-free,Voltage,1,0.0
spc,anomaly-free__anomaly-free,Voltage,2,0.0
spc,anomaly-free__anomaly-free,Voltage,3,1.0
spc,anomaly-free__anomaly-free,Voltage,4,0.0
spc,anomaly-free__anomaly-free,Voltage,5,1.0
spc,anomaly-free__anomaly-free,Voltage,6,2.0
spc,anomaly-free__anomaly-free,Voltage,7,0.0
spc,anomaly-free__anomaly-free,Voltage,8,0.0
spc,anomaly-free__anomaly-free,Voltage,9,0.0
spc,anomaly-free__anomaly-free,Voltage,10,0.0
spc,anomaly-free__anomaly-free,Voltage,11,1.0
spc,anomaly-free__anomaly-free,Voltage,12,0.0
spc,anomaly-free__anomaly-free,Voltage,13,0.0
spc,anomaly-free__anomaly-free,Voltage,14,1.0
spc,anomaly-free__anomaly-free,Voltage,15,0.0
spc,anomaly-free__anomaly-free,Voltage,16,1.0
spc,anomaly-free__anomaly-free,Voltage,17,0.0
spc,anomaly-free__anomaly-free,Voltage,18,1.0
spc,anomaly-free__anomaly-free,Voltage,19,1.0
spc,anomaly-free__anomaly-free,Voltage,20,0.0
spc,anomaly-free__anomaly-free,Voltage,21,0.0
spc,anomaly-free__anomaly-free,Voltage,22,1.0
spc,anomaly-free__anomaly-free,Voltage,23,0.0
spc,anomaly-free__anomaly-free,Voltage,24,0.0
spc,anomaly-free__anomaly-free,Voltage,25,0.0
spc,anomaly-free__anomaly-free,Voltage,26,0.0
spc,anomaly-free__anomaly-free,Voltage,27,0.0
spc,anomaly-free__anomaly-free,Voltage,28,0.0
spc,anomaly-free__anomaly-free,Voltage,29,0.0
spc,anomaly-free__anomaly-free,Voltage,30,0.0
spc,anomaly-free__anomaly-free,Voltage,31,0.0
spc,anomaly-free__anomaly-free,Voltage,32,0.0
spc,anomaly-free__anomaly-free,Voltage,33,0.0
spc,anomaly-free__anomaly-free,Voltage,34,0.0
spc,anomaly-free__anomaly-free,Voltage,35,0.0
spc,anomaly-free__anomaly-free,Voltage,36,0.0
spc,anomaly-free__anomaly-free,Voltage,37,0.0
spc,anomaly-free__anomaly-free,Voltage,38,0.0
spc,anomaly-free__anomaly-free,Voltage,39,1.0
spc,anomaly-free__anomaly-free,Voltage,40,0.0
spc,anomaly-free__anomaly-free,Voltage,41,1.0
spc,anomaly-free__anomaly-free,Voltage,42,0.0
spc,anomaly-free__anomaly-free,Voltage,43,0.0
spc,anomaly-free__anomaly-free,Voltage,44,1.0
spc,anomaly-free__anomaly-free,Voltage,45,0.0
spc,anomaly-free__anomaly-free,Voltage,46,0.0
spc,anomaly-free__anomaly-free,Voltage,47,0.0
spc,anomaly-free__anomaly-free,Voltage,48,1.0
spc,anomaly-free__anomaly-free,Voltage,49,1.0
spc,anomaly-free__anomaly-free,Voltage,50,0.0
spc,anomaly-free__anomaly-free,Voltage,51,0.0
spc,anomaly-free__anomaly-free,Voltage,52,1.0
spc,anomaly-free__anomaly-free,Voltage,53,0.0
spc,anomaly-free__anomaly-free,Voltage,54,0.0
spc,anomaly-free__anomaly-free,Voltage,55,0.0
spc,anomaly-free__anomaly-free,Voltage,56,0.0
spc,anomaly-free__anomaly-free,Voltage,57,0.0
spc,anomaly-free__anomaly-free,Voltage,58,0.0
spc,anomaly-free__anomaly-free,Voltage,59,0.0
spc,anomaly-free__anomaly-free,Voltage,60,0.0
spc,anomaly-free__anomaly-free,Voltage,61,0.0
spc,anomaly-free__anomaly-free,Voltage,62,0.0
spc,anomaly-free__anomaly-free,Voltage,63,0.0
spc,anomaly-free__anomaly-free,Voltage,64,0.0
spc,anomaly-free__anomaly-free,Voltage,65,1.0
spc,anomaly-free__anomaly-free,Voltage,66,0.0
spc,anomaly-free__anomaly-free,Voltage,67,1.0
spc,anomaly-free__anomaly-free,Voltage,68,1.0
spc,anomaly-free__anomaly-free,Voltage,69,0.0
spc,anomaly-free__anomaly-free,Voltage,70,0.0
spc,anomaly-free__anomaly-free,Voltage,71,2.0
spc,anomaly-free__anomaly-free,Voltage,72,0.0
spc,anomaly-free__anomaly-free,Voltage,73,2.0
spc,anomaly-free__anomaly-free,Voltage,74,0.0
spc,anomaly-free__anomaly-free,Voltage,75,0.0
spc,anomaly-free__anomaly-free,Voltage,76,0.0
spc,anomaly-free__anomaly-free,Voltage,77,1.0
spc,anomaly-free__anomaly-free,Voltage,78,2.0
spc,anomaly-free__anomaly-free,Voltage,79,0.0
spc,anomaly-free__anomaly-free,Voltage,80,0.0
spc,anomaly-free__anomaly-free,Voltage,81,1.0
spc,anomaly-free__anomaly-free,Voltage,82,0.0
spc,anomaly-free__anomaly-free,Voltage,83,0.0
spc,anomaly-free__anomaly-free,Voltage,84,1.0
spc,anomaly-free__anomaly-free,Voltage,85,1.0
spc,anomaly-free__anomaly-free,Voltage,86,2.0
spc,anomaly-free__anomaly-free,Voltage,87,0.0
spc,anomaly-free__anomaly-free,Voltage,88,1.0
spc,anomaly-free__anomaly-free,Voltage,89,0.0
spc,anomaly-free__anomaly-free,Voltage,90,0.0
spc,anomaly-free__anomaly-free,Voltage,91,1.0
spc,anomaly-free__anomaly-free,Voltage,92,0.0
spc,anomaly-free__anomaly-free,Voltage,93,0.0
spc,anomaly-free__anomaly-free,Voltage,94,0.0
spc,anomaly-free__anomaly-free,Voltage,95,0.0
spc,anomaly-free__anomaly-free,Voltage,96,1.0
spc,anomaly-free__anomaly-free,Voltage,97,0.0
spc,anomaly-free__anomaly-free,Voltage,98,1.0
spc,anomaly-free__anomaly-free,Voltage,99,0.0
spc,anomaly-free__anomaly-free,Voltage,100,1.0
spc,anomaly-free__anomaly-free,Voltage,101,1.0
spc,anomaly-free__anomaly-free,Voltage,102,1.0
spc,anomaly-free__anomaly-free,Voltage,103,0.0
spc,anomaly-free__anomaly-free,Voltage,104,0.0
spc,anomaly-free__anomaly-free,Voltage,105,0.0
spc,anomaly-free__anomaly-free,Voltage,106,2.0
spc,anomaly-free__anomaly-free,Voltage,107,0.0
spc,anomaly-free__anomaly-free,Voltage,108,1.0
spc,anomaly-free__anomaly-free,Voltage,109,0.0
spc,anomaly-free__anomaly-free,Voltage,110,1.0
spc,anomaly-free__anomaly-free,Voltage,111,0.0
spc,anomaly-free__anomaly-free,Voltage,112,1.0
spc,anomaly-free__anomaly-free,Voltage,113,0.0
spc,anomaly-free__anomaly-free,Voltage,114,0.0
spc,anomaly-free__anomaly-free,Voltage,115,0.0
spc,anomaly-free__anomaly-free,Voltage,116,2.0
spc,anomaly-free__anomaly-free,Voltage,117,0.0
spc,anomaly-free__anomaly-free,Voltage,118,0.0
spc,anomaly-free__anomaly-free,Voltage,119,0.0
spc,anomaly-free__anomaly-free,Voltage,120,0.0
spc,anomaly-free__anomaly-free,Voltage,121,0.0
spc,anomaly-free__anomaly-free,Voltage,122,0.0
spc,anomaly-free__anomaly-free,Voltage,123,0.0
spc,anomaly-free__anomaly-free,Voltage,124,0.0
spc,anomaly-free__anomaly-free,Voltage,125,0.0
spc,anomaly-free__anomaly-free,Voltage,126,0.0
spc,anomaly-free__anomaly-free,Voltage,127,0.0
spc,anomaly-free__anomaly-free,Voltage,128,0.0
spc,anomaly-free__anomaly-free,Voltage,129,0.0
spc,anomaly-free__anomaly-free,Voltage,130,1.0
spc,anomaly-free__anomaly-free,Voltage,131,0.0
spc,anomaly-free__anomaly-free,Voltage,132,0.0
spc,anomaly-free__anomaly-free,Voltage,133,0.0
spc,anomaly-free__anomaly-free,Voltage,134,0.0
spc,anomaly-free__anomaly-free,Voltage,135,0.0
spc,anomaly-free__anomaly-free,Voltage,136,1.0
spc,anomaly-free__anomaly-free,Voltage,137,0.0
spc,anomaly-free__anomaly-free,Voltage,138,0.0
spc,anomaly-free__anomaly-free,Voltage,139,0.0
spc,anomaly-free__anomaly-free,Voltage,140,1.0
spc,anomaly-free__anomaly-free,Voltage,141,2.0
spc,anomaly-free__anomaly-free,Voltage,142,1.0
spc,anomaly-free__anomaly-free,Voltage,143,0.0
spc,anomaly-free__anomaly-free,Voltage,144,0.0
spc,anomaly-free__anomaly-free,Voltage,145,3.0
spc,anomaly-free__anomaly-free,Voltage,146,0.0
spc,anomaly-free__anomaly-free,Voltage,147,0.0
spc,anomaly-free__anomaly-free,Voltage,148,0.0
spc,anomaly-free__anomaly-free,Voltage,149,0.0
spc,anomaly-free__anomaly-free,Voltage,150,1.0
spc,anomaly-free__anomaly-free,Voltage,151,1.0
spc,anomaly-free__anomaly-free,Voltage,152,0.0
spc,anomaly-free__anomaly-free,Voltage,153,0.0
spc,anomaly-free__anomaly-free,Voltage,154,0.0
spc,anomaly-free__anomaly-free,Voltage,155,0.0
spc,anomaly-free__anomaly-free,Voltage,156,0.0
spc,anomaly-free__anomaly-free,Voltage,157,0.0
spc,anomaly-free__anomaly-free,Voltage,158,0.0
spc,anomaly-free__anomaly-free,Voltage,159,1.0
spc,anomaly-free__anomaly-free,Voltage,160,0.0
spc,anomaly-free__anomaly-free,Voltage,161,0.0
spc,anomaly-free__anomaly-free,Voltage,162,0.0
spc,anomaly-free__anomaly-free,Voltage,163,0.0
spc,anomaly-free__anomaly-free,Voltage,164,0.0
spc,anomaly-free__anomaly-free,Voltage,165,1.0
spc,anomaly-free__anomaly-free,Voltage,166,0.0
spc,anomaly-free__anomaly-free,Volume Flow RateRMS,0,1.0
spc,anomaly-free__anomaly-free,Volume Flow RateRMS,1,0.0
spc,anomaly-free__anomaly-free,Volume Flow RateRMS,2,0.0
spc,anomaly-free__anomaly-free,Volume Flow RateRMS,3,0.0
spc,anomaly-free__anomaly-free,Volume Flow RateRMS,4,2.0
spc,anomaly-free__anomaly-free,Volume Flow RateRMS,5,3.0
spc,anomaly-free__anomaly-free,Volume Flow RateRMS,6,2.0
spc,anomaly-free__anomaly-free,Volume Flow RateRMS,7,4.0
spc,anomaly-free__anomaly-free,Volume Flow RateRMS,8,1.0
spc,anomaly-free__anomaly-free,Volume Flow RateRMS,9,9.0
spc,anomaly-free__anomaly-free,Volume Flow RateRMS,10,12.0
spc,anomaly-free__anomaly-free,Volume Flow RateRMS,11,27.0
spc,anomaly-free__anomaly-free,Volume Flow RateRMS,12,35.0
spc,anomaly-free__anomaly-free,Volume Flow RateRMS,13,27.0
spc,anomaly-free__anomaly-free,Volume Flow RateRMS,14,6.0
spc,anomaly-free__anomaly-free,Volume Flow RateRMS,15,21.0
spc,anomaly-free__anomaly-free,Volume Flow RateRMS,16,46.0
spc,anomaly-free__anomaly-free,Volume Flow RateRMS,17,29.0
spc,anomaly-free__anomaly-free,Volume Flow RateRMS,18,23.0
spc,anomaly-free__anomaly-free,Volume Flow RateRMS,19,27.0
spc,anomaly-free__anomaly-free,Volume Flow RateRMS,20,30.0
spc,anomaly-free__anomaly-free,Volume Flow RateRMS,21,21.0
spc,anomaly-free__anomaly-free,Volume Flow RateRMS,22,17.0
spc,anomaly-free__anomaly-free,Volume Flow RateRMS,23,55.0
spc,anomaly-free__anomaly-free,Volume Flow RateRMS,24,45.0
spc,anomaly-free__anomaly-free,Volume Flow RateRMS,25,27.0
spc,anomaly-free__anomaly-free,Volume Flow RateRMS,26,9.0
spc,anomaly-free__anomaly-free,Volume Flow RateRMS,27,35.0
spc,anomaly-free__anomaly-free,Volume Flow RateRMS,28,56.0
spc,anomaly-free__anomaly-free,Volume Flow RateRMS,29,43.0
spc,anomaly-free__anomaly-free,Volume Flow RateRMS,30,55.0
spc,anomaly-free__anomaly-free,Volume Flow RateRMS,31,57.0
spc,anomaly-free__anomaly-free,Volume Flow RateRMS,32,51.0
spc,anomaly-free__anomaly-free,Volume Flow RateRMS,33,41.0
spc,anomaly-free__anomaly-free,Volume Flow RateRMS,34,49.0
spc,anomaly-free__anomaly-free,Volume Flow RateRMS,35,40.0
spc,anomaly-free__anomaly-free,Volume Flow RateRMS,36,11.0
spc,anomaly-free__anomaly-free,Volume Flow RateRMS,37,12.0
spc,anomaly-free__anomaly-free,Volume Flow RateRMS,38,55.0
spc,anomaly-free__anomaly-free,Volume Flow RateRMS,39,57.0
spc,anomaly-free__anomaly-free,Volume Flow RateRMS,40,57.0
spc,anomaly-free__anomaly-free,Volume Flow RateRMS,41,57.0
spc,anomaly-free__anomaly-free,Volume Flow RateRMS,42,56.0
spc,anomaly-free__anomaly-free,Volume Flow RateRMS,43,46.0
spc,anomaly-free__anomaly-free,Volume Flow RateRMS,44,15.0
spc,anomaly-free__anomaly-free,Volume Flow RateRMS,45,44.0
spc,anomaly-free__anomaly-free,Volume Flow RateRMS,46,57.0
spc,anomaly-free__anomaly-free,Volume Flow RateRMS,47,57.0
spc,anomaly-free__anomaly-free,Volume Flow RateRMS,48,57.0
spc,anomaly-free__anomaly-free,Volume Flow RateRMS,49,57.0
spc,anomaly-free__anomaly-free,Volume Flow RateRMS,50,56.0
spc,anomaly-free__anomaly-free,Volume Flow RateRMS,51,57.0
spc,anomaly-free__anomaly-free,Volume Flow RateRMS,52,57.0
spc,anomaly-free__anomaly-free,Volume Flow RateRMS,53,57.0
spc,anomaly-free__anomaly-free,Volume Flow RateRMS,54,57.0
spc,anomaly-free__anomaly-free,Volume Flow RateRMS,55,57.0
spc,anomaly-free__anomaly-free,Volume Flow RateRMS,56,58.0
spc,anomaly-free__anomaly-free,Volume Flow RateRMS,57,57.0
spc,anomaly-free__anomaly-free,Volume Flow RateRMS,58,57.0
spc,anomaly-free__anomaly-free,Volume Flow RateRMS,59,58.0
spc,anomaly-free__anomaly-free,Volume Flow RateRMS,60,56.0
spc,anomaly-free__anomaly-free,Volume Flow RateRMS,61,58.0
spc,anomaly-free__anomaly-free,Volume Flow RateRMS,62,57.0
spc,anomaly-free__anomaly-free,Volume Flow RateRMS,63,57.0
spc,anomaly-free__anomaly-free,Volume Flow RateRMS,64,57.0
spc,anomaly-free__anomaly-free,Volume Flow RateRMS,65,57.0
spc,anomaly-free__anomaly-free,Volume Flow RateRMS,66,56.0
spc,anomaly-free__anomaly-free,Volume Flow RateRMS,67,57.0
spc,anomaly-free__anomaly-free,Volume Flow RateRMS,68,57.0
spc,anomaly-free__anomaly-free,Volume Flow RateRMS,69,58.0
spc,anomaly-free__anomaly-free,Volume Flow RateRMS,70,56.0
spc,anomaly-free__anomaly-free,Volume Flow RateRMS,71,57.0
spc,anomaly-free__anomaly-free,Volume Flow RateRMS,72,57.0
spc,anomaly-free__anomaly-free,Volume Flow RateRMS,73,57.0
spc,anomaly-free__anomaly-free,Volume Flow RateRMS,74,57.0
spc,anomaly-free__anomaly-free,Volume Flow RateRMS,75,47.0
spc,anomaly-free__anomaly-free,Volume Flow RateRMS,76,30.0
spc,anomaly-free__anomaly-free,Volume Flow RateRMS,77,57.0
spc,anomaly-free__anomaly-free,Volume Flow RateRMS,78,56.0
spc,anomaly-free__anomaly-free,Volume Flow RateRMS,79,57.0
spc,anomaly-free__anomaly-free,Volume Flow RateRMS,80,57.0
spc,anomaly-free__anomaly-free,Volume Flow RateRMS,81,57.0
spc,anomaly-free__anomaly-free,Volume Flow RateRMS,82,57.0
spc,anomaly-free__anomaly-free,Volume Flow RateRMS,83,58.0
spc,anomaly-free__anomaly-free,Volume Flow RateRMS,84,57.0
spc,anomaly-free__anomaly-free,Volume Flow RateRMS,85,58.0
spc,anomaly-free__anomaly-free,Volume Flow RateRMS,86,58.0
spc,anomaly-free__anomaly-free,Volume Flow RateRMS,87,57.0
spc,anomaly-free__anomaly-free,Volume Flow RateRMS,88,59.0
spc,anomaly-free__anomaly-free,Volume Flow RateRMS,89,58.0
spc,anomaly-free__anomaly-free,Volume Flow RateRMS,90,58.0
spc,anomaly-free__anomaly-free,Volume Flow RateRMS,91,58.0
spc,anomaly-free__anomaly-free,Volume Flow RateRMS,92,58.0
spc,anomaly-free__anomaly-free,Volume Flow RateRMS,93,58.0
spc,anomaly-free__anomaly-free,Volume Flow RateRMS,94,58.0
spc,anomaly-free__anomaly-free,Volume Flow RateRMS,95,59.0
spc,anomaly-free__anomaly-free,Volume Flow RateRMS,96,58.0
spc,anomaly-free__anomaly-free,Volume Flow RateRMS,97,58.0
spc,anomaly-free__anomaly-free,Volume Flow RateRMS,98,58.0
spc,anomaly-free__anomaly-free,Volume Flow RateRMS,99,59.0
spc,anomaly-free__anomaly-free,Volume Flow RateRMS,100,58.0
spc,anomaly-free__anomaly-free,Volume Flow RateRMS,101,59.0
spc,anomaly-free__anomaly-free,Volume Flow RateRMS,102,58.0
spc,anomaly-free__anomaly-free,Volume Flow RateRMS,103,58.0
spc,anomaly-free__anomaly-free,Volume Flow RateRMS,104,59.0
spc,anomaly-free__anomaly-free,Volume Flow RateRMS,105,58.0
spc,anomaly-free__anomaly-free,Volume Flow RateRMS,106,58.0
spc,anomaly-free__anomaly-free,Volume Flow RateRMS,107,58.0
spc,anomaly-free__anomaly-free,Volume Flow RateRMS,108,59.0
spc,anomaly-free__anomaly-free,Volume Flow RateRMS,109,58.0
spc,anomaly-free__anomaly-free,Volume Flow RateRMS,110,59.0
spc,anomaly-free__anomaly-free,Volume Flow RateRMS,111,58.0
spc,anomaly-free__anomaly-free,Volume Flow RateRMS,112,58.0
spc,anomaly-free__anomaly-free,Volume Flow RateRMS,113,59.0
spc,anomaly-free__anomaly-free,Volume Flow RateRMS,114,58.0
spc,anomaly-free__anomaly-free,Volume Flow RateRMS,115,58.0
spc,anomaly-free__anomaly-free,Volume Flow RateRMS,116,59.0
spc,anomaly-free__anomaly-free,Volume Flow RateRMS,117,58.0
spc,anomaly-free__anomaly-free,Volume Flow RateRMS,118,58.0
spc,anomaly-free__anomaly-free,Volume Flow RateRMS,119,59.0
spc,anomaly-free__anomaly-free,Volume Flow RateRMS,120,58.0
spc,anomaly-free__anomaly-free,Volume Flow RateRMS,121,58.0
spc,anomaly-free__anomaly-free,Volume Flow RateRMS,122,59.0
spc,anomaly-free__anomaly-free,Volume Flow RateRMS,123,58.0
spc,anomaly-free__anomaly-free,Volume Flow RateRMS,124,58.0
spc,anomaly-free__anomaly-free,Volume Flow RateRMS,125,58.0
spc,anomaly-free__anomaly-free,Volume Flow RateRMS,126,59.0
spc,anomaly-free__anomaly-free,Volume Flow RateRMS,127,58.0
spc,anomaly-free__anomaly-free,Volume Flow RateRMS,128,58.0
spc,anomaly-free__anomaly-free,Volume Flow RateRMS,129,58.0
spc,anomaly-free__anomaly-free,Volume Flow RateRMS,130,58.0
spc,anomaly-free__anomaly-free,Volume Flow RateRMS,131,58.0
spc,anomaly-free__anomaly-free,Volume Flow RateRMS,132,59.0
spc,anomaly-free__anomaly-free,Volume Flow RateRMS,133,58.0
spc,anomaly-free__anomaly-free,Volume Flow RateRMS,134,58.0
spc,anomaly-free__anomaly-free,Volume Flow RateRMS,135,58.0
spc,anomaly-free__anomaly-free,Volume Flow RateRMS,136,58.0
spc,anomaly-free__anomaly-free,Volume Flow RateRMS,137,58.0
spc,anomaly-free__anomaly-free,Volume Flow RateRMS,138,58.0
spc,anomaly-free__anomaly-free,Volume Flow RateRMS,139,58.0
spc,anomaly-free__anomaly-free,Volume Flow RateRMS,140,59.0
spc,anomaly-free__anomaly-free,Volume Flow RateRMS,141,58.0
spc,anomaly-free__anomaly-free,Volume Flow RateRMS,142,59.0
spc,anomaly-free__anomaly-free,Volume Flow RateRMS,143,58.0
spc,anomaly-free__anomaly-free,Volume Flow RateRMS,144,58.0
spc,anomaly-free__anomaly-free,Volume Flow RateRMS,145,58.0
spc,anomaly-free__anomaly-free,Volume Flow RateRMS,146,59.0
spc,anomaly-free__anomaly-free,Volume Flow RateRMS,147,59.0
spc,anomaly-free__anomaly-free,Volume Flow RateRMS,148,59.0
spc,anomaly-free__anomaly-free,Volume Flow RateRMS,149,59.0
spc,anomaly-free__anomaly-free,Volume Flow RateRMS,150,58.0
spc,anomaly-free__anomaly-free,Volume Flow RateRMS,151,59.0
spc,anomaly-free__anomaly-free,Volume Flow RateRMS,152,58.0
spc,anomaly-free__anomaly-free,Volume Flow RateRMS,153,58.0
spc,anomaly-free__anomaly-free,Volume Flow RateRMS,154,58.0
spc,anomaly-free__anomaly-free,Volume Flow RateRMS,155,58.0
spc,anomaly-free__anomaly-free,Volume Flow RateRMS,156,58.0
spc,anomaly-free__anomaly-free,Volume Flow RateRMS,157,58.0
spc,anomaly-free__anomaly-free,Volume Flow RateRMS,158,58.0
spc,anomaly-free__anomaly-free,Volume Flow RateRMS,159,58.0
spc,anomaly-free__anomaly-free,Volume Flow RateRMS,160,58.0
spc,anomaly-free__anomaly-free,Volume Flow RateRMS,161,59.0
spc,anomaly-free__anomaly-free,Volume Flow RateRMS,162,58.0
spc,anomaly-free__anomaly-free,Volume Flow RateRMS,163,58.0
spc,anomaly-free__anomaly-free,Volume Flow RateRMS,164,59.0
spc,anomaly-free__anomaly-free,Volume Flow RateRMS,165,58.0
spc,anomaly-free__anomaly-free,Volume Flow RateRMS,166,1.0
screen,other__1,Accelerometer1RMS,0,1.9446
screen,other__1,Accelerometer1RMS,1,1.9215
screen,other__1,Accelerometer1RMS,2,1.9818
screen,other__1,Accelerometer1RMS,3,4.6592
screen,other__1,Accelerometer1RMS,4,5.0618
screen,other__1,Accelerometer1RMS,5,5.3073
screen,other__1,Accelerometer1RMS,6,5.3626
screen,other__1,Accelerometer1RMS,7,5.4023
screen,other__1,Accelerometer1RMS,8,4.5597
screen,other__1,Accelerometer1RMS,9,4.4784
screen,other__1,Accelerometer1RMS,10,4.8143
screen,other__1,Accelerometer1RMS,11,5.3851
screen,other__1,Accelerometer1RMS,12,4.6744
screen,other__1,Accelerometer1RMS,13,1.961
screen,other__1,Accelerometer2RMS,0,2.2757
screen,other__1,Accelerometer2RMS,1,1.6226
screen,other__1,Accelerometer2RMS,2,1.7817
screen,other__1,Accelerometer2RMS,3,1.7424
screen,other__1,Accelerometer2RMS,4,1.4514
screen,other__1,Accelerometer2RMS,5,1.9323
screen,other__1,Accelerometer2RMS,6,2.1428
screen,other__1,Accelerometer2RMS,7,2.5832
screen,other__1,Accelerometer2RMS,8,2.7607
screen,other__1,Accelerometer2RMS,9,3.1584
screen,other__1,Accelerometer2RMS,10,3.2648
screen,other__1,Accelerometer2RMS,11,3.0124
screen,other__1,Accelerometer2RMS,12,2.4165
screen,other__1,Accelerometer2RMS,13,1.8102
screen,other__1,Current,0,2.2879
screen,other__1,Current,1,2.2934
screen,other__1,Current,2,2.1561
screen,other__1,Current,3,2.291
screen,other__1,Current,4,2.3826
screen,other__1,Current,5,2.2734
screen,other__1,Current,6,2.1328
screen,other__1,Current,7,2.257
screen,other__1,Current,8,2.3639
screen,other__1,Current,9,2.073
screen,other__1,Current,10,2.3204
screen,other__1,Current,11,2.211
screen,other__1,Current,12,2.0297
screen,other__1,Current,13,0.0182
screen,other__1,Temperature,0,3.4589
screen,other__1,Temperature,1,1.2521
screen,other__1,Temperature,2,2.6703
screen,other__1,Temperature,3,3.3699
screen,other__1,Temperature,4,3.7478
screen,other__1,Temperature,5,4.6323
screen,other__1,Temperature,6,4.6773
screen,other__1,Temperature,7,4.5826
screen,other__1,Temperature,8,5.4111
screen,other__1,Temperature,9,9.299
screen,other__1,Temperature,10,10.5793
screen,other__1,Temperature,11,12.1069
screen,other__1,Temperature,12,12.1531
screen,other__1,Temperature,13,7.3867
screen,other__1,Thermocouple,0,1.8105
screen,other__1,Thermocouple,1,3.2406
screen,other__1,Thermocouple,2,2.3988
screen,other__1,Thermocouple,3,3.4942
screen,other__1,Thermocouple,4,3.8796
screen,other__1,Thermocouple,5,4.8837
screen,other__1,Thermocouple,6,4.194
screen,other__1,Thermocouple,7,5.969
screen,other__1,Thermocouple,8,4.6403
screen,other__1,Thermocouple,9,3.2305
screen,other__1,Thermocouple,10,4.2853
screen,other__1,Thermocouple,11,6.0704
screen,other__1,Thermocouple,12,6.679
screen,other__1,Thermocouple,13,5.2184
screen,other__1,Voltage,0,2.3318
screen,other__1,Voltage,1,2.4268
screen,other__1,Voltage,2,2.3577
screen,other__1,Voltage,3,2.4288
screen,other__1,Voltage,4,2.3567
screen,other__1,Voltage,5,2.456
screen,other__1,Voltage,6,2.283
screen,other__1,Voltage,7,2.2759
screen,other__1,Voltage,8,2.1715
screen,other__1,Voltage,9,2.288
screen,other__1,Voltage,10,2.2573
screen,other__1,Voltage,11,2.2666
screen,other__1,Voltage,12,2.4039
screen,other__1,Voltage,13,0.5483
screen,other__1,Volume Flow RateRMS,0,34.0931
screen,other__1,Volume Flow RateRMS,1,34.7676
screen,other__1,Volume Flow RateRMS,2,34.0931
screen,other__1,Volume Flow RateRMS,3,34.7676
screen,other__1,Volume Flow RateRMS,4,34.7676
screen,other__1,Volume Flow RateRMS,5,34.7676
screen,other__1,Volume Flow RateRMS,6,34.7676
screen,other__1,Volume Flow RateRMS,7,68.141
screen,other__1,Volume Flow RateRMS,8,34.7676
screen,other__1,Volume Flow RateRMS,9,34.0687
screen,other__1,Volume Flow RateRMS,10,138.368
screen,other__1,Volume Flow RateRMS,11,138.368
screen,other__1,Volume Flow RateRMS,12,138.361
screen,other__1,Volume Flow RateRMS,13,104.3027
spc,other__1,Accelerometer1RMS,0,0.0
spc,other__1,Accelerometer1RMS,1,0.0
spc,other__1,Accelerometer1RMS,2,0.0
spc,other__1,Accelerometer1RMS,3,23.0
spc,other__1,Accelerometer1RMS,4,34.0
spc,other__1,Accelerometer1RMS,5,34.0
spc,other__1,Accelerometer1RMS,6,48.0
spc,other__1,Accelerometer1RMS,7,42.0
spc,other__1,Accelerometer1RMS,8,30.0
spc,other__1,Accelerometer1RMS,9,21.0
spc,other__1,Accelerometer1RMS,10,32.0
spc,other__1,Accelerometer1RMS,11,33.0
spc,other__1,Accelerometer1RMS,12,24.0
spc,other__1,Accelerometer1RMS,13,0.0
spc,other__1,Accelerometer2RMS,0,0.0
spc,other__1,Accelerometer2RMS,1,0.0
spc,other__1,Accelerometer2RMS,2,0.0
spc,other__1,Accelerometer2RMS,3,0.0
spc,other__1,Accelerometer2RMS,4,0.0
spc,other__1,Accelerometer2RMS,5,0.0
spc,other__1,Accelerometer2RMS,6,0.0
spc,other__1,Accelerometer2RMS,7,1.0
spc,other__1,Accelerometer2RMS,8,1.0
spc,other__1,Accelerometer2RMS,9,3.0
spc,other__1,Accelerometer2RMS,10,6.0
spc,other__1,Accelerometer2RMS,11,2.0
spc,other__1,Accelerometer2RMS,12,2.0
spc,other__1,Accelerometer2RMS,13,0.0
spc,other__1,Current,0,2.0
spc,other__1,Current,1,2.0
spc,other__1,Current,2,1.0
spc,other__1,Current,3,1.0
spc,other__1,Current,4,0.0
spc,other__1,Current,5,0.0
spc,other__1,Current,6,0.0
spc,other__1,Current,7,0.0
spc,other__1,Current,8,0.0
spc,other__1,Current,9,0.0
spc,other__1,Current,10,0.0
spc,other__1,Current,11,1.0
spc,other__1,Current,12,1.0
spc,other__1,Current,13,0.0
spc,other__1,Temperature,0,5.0
spc,other__1,Temperature,1,1.0
spc,other__1,Temperature,2,2.0
spc,other__1,Temperature,3,8.0
spc,other__1,Temperature,4,28.0
spc,other__1,Temperature,5,35.0
spc,other__1,Temperature,6,47.0
spc,other__1,Temperature,7,13.0
spc,other__1,Temperature,8,16.0
spc,other__1,Temperature,9,59.0
spc,other__1,Temperature,10,58.0
spc,other__1,Temperature,11,59.0
spc,other__1,Temperature,12,58.0
spc,other__1,Temperature,13,1.0
spc,other__1,Thermocouple,0,2.0
spc,other__1,Thermocouple,1,4.0
spc,other__1,Thermocouple,2,3.0
spc,other__1,Thermocouple,3,8.0
spc,other__1,Thermocouple,4,6.0
spc,other__1,Thermocouple,5,31.0
spc,other__1,Thermocouple,6,15.0
spc,other__1,Thermocouple,7,53.0
spc,other__1,Thermocouple,8,20.0
spc,other__1,Thermocouple,9,6.0
spc,other__1,Thermocouple,10,19.0
spc,other__1,Thermocouple,11,37.0
spc,other__1,Thermocouple,12,58.0
spc,other__1,Thermocouple,13,1.0
spc,other__1,Voltage,0,0.0
spc,other__1,Voltage,1,1.0
spc,other__1,Voltage,2,1.0
spc,other__1,Voltage,3,1.0
spc,other__1,Voltage,4,0.0
spc,other__1,Voltage,5,0.0
spc,other__1,Voltage,6,0.0
spc,other__1,Voltage,7,0.0
spc,other__1,Voltage,8,0.0
spc,other__1,Voltage,9,0.0
spc,other__1,Voltage,10,0.0
spc,other__1,Voltage,11,1.0
spc,other__1,Voltage,12,0.0
spc,other__1,Voltage,13,0.0
spc,other__1,Volume Flow RateRMS,0,17.0
spc,other__1,Volume Flow RateRMS,1,18.0
spc,other__1,Volume Flow RateRMS,2,17.0
spc,other__1,Volume Flow RateRMS,3,24.0
spc,other__1,Volume Flow RateRMS,4,27.0
spc,other__1,Volume Flow RateRMS,5,33.0
spc,other__1,Volume Flow RateRMS,6,36.0
spc,other__1,Volume Flow RateRMS,7,22.0
spc,other__1,Volume Flow RateRMS,8,22.0
spc,other__1,Volume Flow RateRMS,9,19.0
spc,other__1,Volume Flow RateRMS,10,46.0
spc,other__1,Volume Flow RateRMS,11,59.0
spc,other__1,Volume Flow RateRMS,12,58.0
spc,other__1,Volume Flow RateRMS,13,1.0
screen,other__10,Accelerometer1RMS,0,2.7924
screen,other__10,Accelerometer1RMS,1,2.4542
screen,other__10,Accelerometer1RMS,2,2.5911
screen,other__10,Accelerometer1RMS,3,6.11
screen,other__10,Accelerometer1RMS,4,5.5184
screen,other__10,Accelerometer1RMS,5,2.5467
screen,other__10,Accelerometer1RMS,6,2.8209
screen,other__10,Accelerometer1RMS,7,2.7196
screen,other__10,Accelerometer1RMS,8,2.6675
screen,other__10,Accelerometer1RMS,9,2.4386
screen,other__10,Accelerometer1RMS,10,4.6242
screen,other__10,Accelerometer1RMS,11,5.253
screen,other__10,Accelerometer1RMS,12,7.0183
screen,other__10,Accelerometer1RMS,13,3.7475
screen,other__10,Accelerometer1RMS,14,4.97
screen,other__10,Accelerometer1RMS,15,6.3254
screen,other__10,Accelerometer1RMS,16,5.9043
screen,other__10,Accelerometer1RMS,17,4.1346
screen,other__10,Accelerometer1RMS,18,5.6901
screen,other__10,Accelerometer1RMS,19,5.4316
screen,other__10,Accelerometer1RMS,20,6.0976
screen,other__10,Accelerometer1RMS,21,3.625
screen,other__10,Accelerometer1RMS,22,4.466
screen,other__10,Accelerometer1RMS,23,4.6434
screen,other__10,Accelerometer2RMS,0,3.0379
screen,other__10,Accelerometer2RMS,1,2.8534
screen,other__10,Accelerometer2RMS,2,2.7008
screen,other__10,Accelerometer2RMS,3,3.0289
screen,other__10,Accelerometer2RMS,4,3.343
screen,other__10,Accelerometer2RMS,5,2.9606
screen,other__10,Accelerometer2RMS,6,2.9802
screen,other__10,Accelerometer2RMS,7,3.4702
screen,other__10,Accelerometer2RMS,8,2.9315
screen,other__10,Accelerometer2RMS,9,3.3131
screen,other__10,Accelerometer2RMS,10,2.7499
screen,other__10,Accelerometer2RMS,11,1.3936
screen,other__10,Accelerometer2RMS,12,2.8076
screen,other__10,Accelerometer2RMS,13,3.4845
screen,other__10,Accelerometer2RMS,14,3.3013
screen,other__10,Accelerometer2RMS,15,4.2126
screen,other__10,Accelerometer2RMS,16,4.8282
screen,other__10,Accelerometer2RMS,17,7.8665
screen,other__10,Accelerometer2RMS,18,7.3368
screen,other__10,Accelerometer2RMS,19,4.5742
screen,other__10,Accelerometer2RMS,20,5.636
screen,other__10,Accelerometer2RMS,21,4.287
screen,other__10,Accelerometer2RMS,22,5.2119
screen,other__10,Accelerometer2RMS,23,4.8601
screen,other__10,Current,0,4.2514
screen,other__10,Current,1,4.3203
screen,other__10,Current,2,3.0338
screen,other__10,Current,3,4.4219
screen,other__10,Current,4,3.8476
screen,other__10,Current,5,4.3948
screen,other__10,Current,6,4.6093
screen,other__10,Current,7,4.212
screen,other__10,Current,8,4.6452
screen,other__10,Current,9,3.902
screen,other__10,Current,10,4.5533
screen,other__10,Current,11,4.334
screen,other__10,Current,12,4.4445
screen,other__10,Current,13,4.4717
screen,other__10,Current,14,4.3275
screen,other__10,Current,15,3.8749
screen,other__10,Current,16,4.32
screen,other__10,Current,17,4.0957
screen,other__10,Current,18,4.1336
screen,other__10,Current,19,4.303
screen,other__10,Current,20,4.0325
screen,other__10,Current,21,3.8211
screen,other__10,Current,22,4.5705
screen,other__10,Current,23,4.5848
screen,other__10,Pressure,0,1.349
screen,other__10,Pressure,1,1.349
screen,other__10,Pressure,2,1.349
screen,other__10,Pressure,3,1.349
screen,other__10,Pressure,4,1.349
screen,other__10,Pressure,5,1.349
screen,other__10,Pressure,6,1.349
screen,other__10,Pressure,7,1.349
screen,other__10,Pressure,8,2.0235
screen,other__10,Pressure,9,1.349
screen,other__10,Pressure,10,1.349
screen,other__10,Pressure,11,2.0235
screen,other__10,Pressure,12,1.349
screen,other__10,Pressure,13,1.349
screen,other__10,Pressure,14,1.349
screen,other__10,Pressure,15,1.349
screen,other__10,Pressure,16,1.349
screen,other__10,Pressure,17,1.349
screen,other__10,Pressure,18,1.349
screen,other__10,Pressure,19,1.349
screen,other__10,Pressure,20,1.349
screen,other__10,Pressure,21,2.0235
screen,other__10,Pressure,22,1.349
screen,other__10,Pressure,23,1.349
screen,other__10,Temperature,0,1.7917
screen,other__10,Temperature,1,1.641
screen,other__10,Temperature,2,1.6892
screen,other__10,Temperature,3,1.5618
screen,other__10,Temperature,4,1.451
screen,other__10,Temperature,5,1.7925
screen,other__10,Temperature,6,1.5644
screen,other__10,Temperature,7,2.2194
screen,other__10,Temperature,8,2.0398
screen,other__10,Temperature,9,2.3259
screen,other__10,Temperature,10,2.5408
screen,other__10,Temperature,11,2.1969
screen,other__10,Temperature,12,2.5778
screen,other__10,Temperature,13,2.9645
screen,other__10,Temperature,14,2.8339
screen,other__10,Temperature,15,2.6875
screen,other__10,Temperature,16,3.1883
screen,other__10,Temperature,17,3.1535
screen,other__10,Temperature,18,3.1522
screen,other__10,Temperature,19,3.5095
screen,other__10,Temperature,20,3.5156
screen,other__10,Temperature,21,3.0237
screen,other__10,Temperature,22,3.8141
screen,other__10,Temperature,23,2.0984
screen,other__10,Thermocouple,0,0.8759
screen,other__10,Thermocouple,1,2.7382
screen,other__10,Thermocouple,2,1.1084
screen,other__10,Thermocouple,3,1.3513
screen,other__10,Thermocouple,4,1.4054
screen,other__10,Thermocouple,5,1.6264
screen,other__10,Thermocouple,6,3.0064
screen,other__10,Thermocouple,7,3.1572
screen,other__10,Thermocouple,8,3.7258
screen,other__10,Thermocouple,9,4.4049
screen,other__10,Thermocouple,10,9.6178
screen,other__10,Thermocouple,11,31.2315
screen,other__10,Thermocouple,12,32.7554
screen,other__10,Thermocouple,13,30.6583
screen,other__10,Thermocouple,14,31.5365
screen,other__10,Thermocouple,15,30.5685
screen,other__10,Thermocouple,16,29.7973
screen,other__10,Thermocouple,17,29.0445
screen,other__10,Thermocouple,18,28.5991
screen,other__10,Thermocouple,19,27.5931
screen,other__10,Thermocouple,20,27.5379
screen,other__10,Thermocouple,21,25.7216
screen,other__10,Thermocouple,22,26.1509
screen,other__10,Thermocouple,23,25.3463
screen,other__10,Voltage,0,2.3928
screen,other__10,Voltage,1,2.8281
screen,other__10,Voltage,2,2.6648
screen,other__10,Voltage,3,2.6752
screen,other__10,Voltage,4,2.6324
screen,other__10,Voltage,5,2.3992
screen,other__10,Voltage,6,2.5687
screen,other__10,Voltage,7,2.8298
screen,other__10,Voltage,8,2.5131
screen,other__10,Voltage,9,2.8136
screen,other__10,Voltage,10,2.8409
screen,other__10,Voltage,11,2.7407
screen,other__10,Voltage,12,2.8111
screen,other__10,Voltage,13,2.6748
screen,other__10,Voltage,14,2.6816
screen,other__10,Voltage,15,2.458
screen,other__10,Voltage,16,2.3429
screen,other__10,Voltage,17,2.7001
screen,other__10,Voltage,18,2.7248
screen,other__10,Voltage,19,2.8671
screen,other__10,Voltage,20,2.5596
screen,other__10,Voltage,21,2.4823
screen,other__10,Voltage,22,2.6353
screen,other__10,Voltage,23,2.6445
screen,other__10,Volume Flow RateRMS,0,2.9566
screen,other__10,Volume Flow RateRMS,1,2.2756
screen,other__10,Volume Flow RateRMS,2,2.9566
screen,other__10,Volume Flow RateRMS,3,2.1549
screen,other__10,Volume Flow RateRMS,4,2.9566
screen,other__10,Volume Flow RateRMS,5,2.9587
screen,other__10,Volume Flow RateRMS,6,2.2778
screen,other__10,Volume Flow RateRMS,7,2.8294
screen,other__10,Volume Flow RateRMS,8,2.9587
screen,other__10,Volume Flow RateRMS,9,2.9587
screen,other__10,Volume Flow RateRMS,10,4.312
screen,other__10,Volume Flow RateRMS,11,7.9517
screen,other__10,Volume Flow RateRMS,12,9.2942
screen,other__10,Volume Flow RateRMS,13,10.1066
screen,other__10,Volume Flow RateRMS,14,12.2637
screen,other__10,Volume Flow RateRMS,15,12.9317
screen,other__10,Volume Flow RateRMS,16,15.0866
screen,other__10,Volume Flow RateRMS,17,11.4491
screen,other__10,Volume Flow RateRMS,18,9.2942
screen,other__10,Volume Flow RateRMS,19,7.9538
screen,other__10,Volume Flow RateRMS,20,4.3142
screen,other__10,Volume Flow RateRMS,21,5.8011
screen,other__10,Volume Flow RateRMS,22,6.4691
screen,other__10,Volume Flow RateRMS,23,5.8011
spc,other__10,Accelerometer1RMS,0,1.0
spc,other__10,Accelerometer1RMS,1,0.0
spc,other__10,Accelerometer1RMS,2,0.0
spc,other__10,Accelerometer1RMS,3,27.0
spc,other__10,Accelerometer1RMS,4,10.0
spc,other__10,Accelerometer1RMS,5,0.0
spc,other__10,Accelerometer1RMS,6,1.0
spc,other__10,Accelerometer1RMS,7,1.0
spc,other__10,Accelerometer1RMS,8,0.0
spc,other__10,Accelerometer1RMS,9,0.0
spc,other__10,Accelerometer1RMS,10,24.0
spc,other__10,Accelerometer1RMS,11,57.0
spc,other__10,Accelerometer1RMS,12,57.0
spc,other__10,Accelerometer1RMS,13,21.0
spc,other__10,Accelerometer1RMS,14,13.0
spc,other__10,Accelerometer1RMS,15,14.0
spc,other__10,Accelerometer1RMS,16,15.0
spc,other__10,Accelerometer1RMS,17,17.0
spc,other__10,Accelerometer1RMS,18,30.0
spc,other__10,Accelerometer1RMS,19,21.0
spc,other__10,Accelerometer1RMS,20,15.0
spc,other__10,Accelerometer1RMS,21,6.0
spc,other__10,Accelerometer1RMS,22,8.0
spc,other__10,Accelerometer1RMS,23,4.0
spc,other__10,Accelerometer2RMS,0,1.0
spc,other__10,Accelerometer2RMS,1,1.0
spc,other__10,Accelerometer2RMS,2,0.0
spc,other__10,Accelerometer2RMS,3,1.0
spc,other__10,Accelerometer2RMS,4,1.0
spc,other__10,Accelerometer2RMS,5,0.0
spc,other__10,Accelerometer2RMS,6,1.0
spc,other__10,Accelerometer2RMS,7,4.0
spc,other__10,Accelerometer2RMS,8,0.0
spc,other__10,Accelerometer2RMS,9,3.0
spc,other__10,Accelerometer2RMS,10,3.0
spc,other__10,Accelerometer2RMS,11,1.0
spc,other__10,Accelerometer2RMS,12,4.0
spc,other__10,Accelerometer2RMS,13,2.0
spc,other__10,Accelerometer2RMS,14,3.0
spc,other__10,Accelerometer2RMS,15,14.0
spc,other__10,Accelerometer2RMS,16,29.0
spc,other__10,Accelerometer2RMS,17,58.0
spc,other__10,Accelerometer2RMS,18,41.0
spc,other__10,Accelerometer2RMS,19,17.0
spc,other__10,Accelerometer2RMS,20,9.0
spc,other__10,Accelerometer2RMS,21,7.0
spc,other__10,Accelerometer2RMS,22,18.0
spc,other__10,Accelerometer2RMS,23,9.0
spc,other__10,Current,0,1.0
spc,other__10,Current,1,3.0
spc,other__10,Current,2,1.0
spc,other__10,Current,3,3.0
spc,other__10,Current,4,3.0
spc,other__10,Current,5,2.0
spc,other__10,Current,6,3.0
spc,other__10,Current,7,3.0
spc,other__10,Current,8,4.0
spc,other__10,Current,9,3.0
spc,other__10,Current,10,6.0
spc,other__10,Current,11,2.0
spc,other__10,Current,12,3.0
spc,other__10,Current,13,2.0
spc,other__10,Current,14,5.0
spc,other__10,Current,15,4.0
spc,other__10,Current,16,3.0
spc,other__10,Current,17,1.0
spc,other__10,Current,18,3.0
spc,other__10,Current,19,5.0
spc,other__10,Current,20,6.0
spc,other__10,Current,21,4.0
spc,other__10,Current,22,4.0
spc,other__10,Current,23,1.0
spc,other__10,Pressure,0,0.0
spc,other__10,Pressure,1,0.0
spc,other__10,Pressure,2,0.0
spc,other__10,Pressure,3,0.0
spc,other__10,Pressure,4,0.0
spc,other__10,Pressure,5,0.0
spc,other__10,Pressure,6,0.0
spc,other__10,Pressure,7,0.0
spc,other__10,Pressure,8,0.0
spc,other__10,Pressure,9,0.0
spc,other__10,Pressure,10,0.0
spc,other__10,Pressure,11,0.0
spc,other__10,Pressure,12,0.0
spc,other__10,Pressure,13,0.0
spc,other__10,Pressure,14,0.0
spc,other__10,Pressure,15,0.0
spc,other__10,Pressure,16,0.0
spc,other__10,Pressure,17,0.0
spc,other__10,Pressure,18,0.0
spc,other__10,Pressure,19,0.0
spc,other__10,Pressure,20,0.0
spc,other__10,Pressure,21,0.0
spc,other__10,Pressure,22,0.0
spc,other__10,Pressure,23,0.0
spc,other__10,Temperature,0,2.0
spc,other__10,Temperature,1,2.0
spc,other__10,Temperature,2,1.0
spc,other__10,Temperature,3,1.0
spc,other__10,Temperature,4,2.0
spc,other__10,Temperature,5,2.0
spc,other__10,Temperature,6,2.0
spc,other__10,Temperature,7,1.0
spc,other__10,Temperature,8,1.0
spc,other__10,Temperature,9,2.0
spc,other__10,Temperature,10,4.0
spc,other__10,Temperature,11,1.0
spc,other__10,Temperature,12,3.0
spc,other__10,Temperature,13,1.0
spc,other__10,Temperature,14,1.0
spc,other__10,Temperature,15,1.0
spc,other__10,Temperature,16,6.0
spc,other__10,Temperature,17,6.0
spc,other__10,Temperature,18,3.0
spc,other__10,Temperature,19,10.0
spc,other__10,Temperature,20,14.0
spc,other__10,Temperature,21,2.0
spc,other__10,Temperature,22,22.0
spc,other__10,Temperature,23,1.0
spc,other__10,Thermocouple,0,3.0
spc,other__10,Thermocouple,1,10.0
spc,other__10,Thermocouple,2,1.0
spc,other__10,Thermocouple,3,3.0
spc,other__10,Thermocouple,4,8.0
spc,other__10,Thermocouple,5,7.0
spc,other__10,Thermocouple,6,5.0
spc,other__10,Thermocouple,7,17.0
spc,other__10,Thermocouple,8,37.0
spc,other__10,Thermocouple,9,44.0
spc,other__10,Thermocouple,10,60.0
spc,other__10,Thermocouple,11,74.0
spc,other__10,Thermocouple,12,64.0
spc,other__10,Thermocouple,13,62.0
spc,other__10,Thermocouple,14,62.0
spc,other__10,Thermocouple,15,59.0
spc,other__10,Thermocouple,16,60.0
spc,other__10,Thermocouple,17,66.0
spc,other__10,Thermocouple,18,60.0
spc,other__10,Thermocouple,19,59.0
spc,other__10,Thermocouple,20,64.0
spc,other__10,Thermocouple,21,60.0
spc,other__10,Thermocouple,22,64.0
spc,other__10,Thermocouple,23,20.0
spc,other__10,Voltage,0,0.0
spc,other__10,Voltage,1,1.0
spc,other__10,Voltage,2,0.0
spc,other__10,Voltage,3,1.0
spc,other__10,Voltage,4,0.0
spc,other__10,Voltage,5,0.0
spc,other__10,Voltage,6,0.0
spc,other__10,Voltage,7,1.0
spc,other__10,Voltage,8,1.0
spc,other__10,Voltage,9,0.0
spc,other__10,Voltage,10,0.0
spc,other__10,Voltage,11,0.0
spc,other__10,Voltage,12,0.0
spc,other__10,Voltage,13,1.0
spc,other__10,Voltage,14,0.0
spc,other__10,Voltage,15,0.0
spc,other__10,Voltage,16,0.0
spc,other__10,Voltage,17,0.0
spc,other__10,Voltage,18,0.0
spc,other__10,Voltage,19,0.0
spc,other__10,Voltage,20,1.0
spc,other__10,Voltage,21,1.0
spc,other__10,Voltage,22,0.0
spc,other__10,Voltage,23,0.0
spc,other__10,Volume Flow RateRMS,0,0.0
spc,other__10,Volume Flow RateRMS,1,0.0
spc,other__10,Volume Flow RateRMS,2,1.0
spc,other__10,Volume Flow RateRMS,3,0.0
spc,other__10,Volume Flow RateRMS,4,0.0
spc,other__10,Volume Flow RateRMS,5,2.0
spc,other__10,Volume Flow RateRMS,6,0.0
spc,other__10,Volume Flow RateRMS,7,1.0
spc,other__10,Volume Flow RateRMS,8,0.0
spc,other__10,Volume Flow RateRMS,9,1.0
spc,other__10,Volume Flow RateRMS,10,4.0
spc,other__10,Volume Flow RateRMS,11,27.0
spc,other__10,Volume Flow RateRMS,12,58.0
spc,other__10,Volume Flow RateRMS,13,58.0
spc,other__10,Volume Flow RateRMS,14,58.0
spc,other__10,Volume Flow RateRMS,15,57.0
spc,other__10,Volume Flow RateRMS,16,58.0
spc,other__10,Volume Flow RateRMS,17,58.0
spc,other__10,Volume Flow RateRMS,18,58.0
spc,other__10,Volume Flow RateRMS,19,34.0
spc,other__10,Volume Flow RateRMS,20,7.0
spc,other__10,Volume Flow RateRMS,21,15.0
spc,other__10,Volume Flow RateRMS,22,31.0
spc,other__10,Volume Flow RateRMS,23,11.0
screen,other__11,Accelerometer1RMS,0,5.3415
screen,other__11,Accelerometer1RMS,1,1.6905
screen,other__11,Accelerometer1RMS,2,1.7287
screen,other__11,Accelerometer1RMS,3,2.0769
screen,other__11,Accelerometer1RMS,4,2.6161
screen,other__11,Accelerometer1RMS,5,1.8602
screen,other__11,Accelerometer1RMS,6,2.0527
screen,other__11,Accelerometer1RMS,7,2.4429
screen,other__11,Accelerometer1RMS,8,2.6628
screen,other__11,Accelerometer1RMS,9,2.5871
screen,other__11,Accelerometer1RMS,10,3.1433
screen,other__11,Accelerometer1RMS,11,5.7428
screen,other__11,Accelerometer1RMS,12,3.6048
screen,other__11,Accelerometer1RMS,13,3.9685
screen,other__11,Accelerometer1RMS,14,3.1202
screen,other__11,Accelerometer1RMS,15,3.5805
screen,other__11,Accelerometer1RMS,16,3.478
screen,other__11,Accelerometer1RMS,17,2.2117
screen,other__11,Accelerometer1RMS,18,1.4305
screen,other__11,Accelerometer1RMS,19,2.2277
screen,other__11,Accelerometer1RMS,20,2.3565
screen,other__11,Accelerometer2RMS,0,1.5998
screen,other__11,Accelerometer2RMS,1,1.4638
screen,other__11,Accelerometer2RMS,2,1.7116
screen,other__11,Accelerometer2RMS,3,1.7481
screen,other__11,Accelerometer2RMS,4,1.9576
screen,other__11,Accelerometer2RMS,5,2.6727
screen,other__11,Accelerometer2RMS,6,1.6434
screen,other__11,Accelerometer2RMS,7,2.4496
screen,other__11,Accelerometer2RMS,8,2.2437
screen,other__11,Accelerometer2RMS,9,2.8842
screen,other__11,Accelerometer2RMS,10,4.7646
screen,other__11,Accelerometer2RMS,11,5.4586
screen,other__11,Accelerometer2RMS,12,4.5325
screen,other__11,Accelerometer2RMS,13,4.9782
screen,other__11,Accelerometer2RMS,14,4.9177
screen,other__11,Accelerometer2RMS,15,4.7218
screen,other__11,Accelerometer2RMS,16,4.944
screen,other__11,Accelerometer2RMS,17,3.7469
screen,other__11,Accelerometer2RMS,18,3.2091
screen,other__11,Accelerometer2RMS,19,3.5113
screen,other__11,Accelerometer2RMS,20,2.8346
screen,other__11,Current,0,4.249
screen,other__11,Current,1,4.0628
screen,other__11,Current,2,4.1972
screen,other__11,Current,3,4.2565
screen,other__11,Current,4,4.0464
screen,other__11,Current,5,4.1902
screen,other__11,Current,6,4.1103
screen,other__11,Current,7,4.2228
screen,other__11,Current,8,3.0824
screen,other__11,Current,9,3.5423
screen,other__11,Current,10,4.0849
screen,other__11,Current,11,4.2241
screen,other__11,Current,12,4.252
screen,other__11,Current,13,3.2495
screen,other__11,Current,14,4.1787
screen,other__11,Current,15,3.4644
screen,other__11,Current,16,4.2507
screen,other__11,Current,17,3.7033
screen,other__11,Current,18,4.178
screen,other__11,Current,19,4.2918
screen,other__11,Current,20,2.1138
screen,other__11,Pressure,0,1.349
screen,other__11,Pressure,1,1.349
screen,other__11,Pressure,2,1.349
screen,other__11,Pressure,3,1.349
screen,other__11,Pressure,4,1.349
screen,other__11,Pressure,5,1.349
screen,other__11,Pressure,6,1.349
screen,other__11,Pressure,7,1.349
screen,other__11,Pressure,8,1.349
screen,other__11,Pressure,9,2.698
screen,other__11,Pressure,10,1.349
screen,other__11,Pressure,11,1.349
screen,other__11,Pressure,12,1.349
screen,other__11,Pressure,13,1.349
screen,other__11,Pressure,14,1.349
screen,other__11,Pressure,15,1.349
screen,other__11,Pressure,16,1.349
screen,other__11,Pressure,17,1.349
screen,other__11,Pressure,18,1.349
screen,other__11,Pressure,19,1.349
screen,other__11,Pressure,20,1.349
screen,other__11,Temperature,0,1.7515
screen,other__11,Temperature,1,1.4933
screen,other__11,Temperature,2,1.4427
screen,other__11,Temperature,3,1.4864
screen,other__11,Temperature,4,1.6968
screen,other__11,Temperature,5,2.1099
screen,other__11,Temperature,6,1.7024
screen,other__11,Temperature,7,2.4314
screen,other__11,Temperature,8,2.2308
screen,other__11,Temperature,9,1.8676
screen,other__11,Temperature,10,1.9863
screen,other__11,Temperature,11,2.2759
screen,other__11,Temperature,12,2.219
screen,other__11,Temperature,13,2.3107
screen,other__11,Temperature,14,2.4434
screen,other__11,Temperature,15,2.3973
screen,other__11,Temperature,16,2.4102
screen,other__11,Temperature,17,2.6828
screen,other__11,Temperature,18,2.2322
screen,other__11,Temperature,19,2.6104
screen,other__11,Temperature,20,2.6439
screen,other__11,Thermocouple,0,1.7135
screen,other__11,Thermocouple,1,1.4208
screen,other__11,Thermocouple,2,1.3417
screen,other__11,Thermocouple,3,3.56
screen,other__11,Thermocouple,4,3.6735
screen,other__11,Thermocouple,5,5.303
screen,other__11,Thermocouple,6,6.3236
screen,other__11,Thermocouple,7,6.5852
screen,other__11,Thermocouple,8,7.745
screen,other__11,Thermocouple,9,8.622
screen,other__11,Thermocouple,10,10.6833
screen,other__11,Thermocouple,11,12.256
screen,other__11,Thermocouple,12,12.8404
screen,other__11,Thermocouple,13,13.3969
screen,other__11,Thermocouple,14,14.2617
screen,other__11,Thermocouple,15,14.688
screen,other__11,Thermocouple,16,14.5667
screen,other__11,Thermocouple,17,15.3246
screen,other__11,Thermocouple,18,15.5862
screen,other__11,Thermocouple,19,16.0169
screen,other__11,Thermocouple,20,15.6608
screen,other__11,Voltage,0,3.0273
screen,other__11,Voltage,1,3.0436
screen,other__11,Voltage,2,2.6028
screen,other__11,Voltage,3,3.1367
screen,other__11,Voltage,4,3.0215
screen,other__11,Voltage,5,2.8561
screen,other__11,Voltage,6,2.5438
screen,other__11,Voltage,7,2.9193
screen,other__11,Voltage,8,2.9503
screen,other__11,Voltage,9,2.9834
screen,other__11,Voltage,10,2.8713
screen,other__11,Voltage,11,2.9981
screen,other__11,Voltage,12,2.3593
screen,other__11,Voltage,13,3.0196
screen,other__11,Voltage,14,2.9785
screen,other__11,Voltage,15,2.7845
screen,other__11,Voltage,16,2.721
screen,other__11,Voltage,17,2.8719
screen,other__11,Voltage,18,3.1758
screen,other__11,Voltage,19,2.8
screen,other__11,Voltage,20,3.0455
screen,other__11,Volume Flow RateRMS,0,2.9716
screen,other__11,Volume Flow RateRMS,1,2.3079
screen,other__11,Volume Flow RateRMS,2,2.9716
screen,other__11,Volume Flow RateRMS,3,5.1287
screen,other__11,Volume Flow RateRMS,4,2.1549
screen,other__11,Volume Flow RateRMS,5,2.3101
screen,other__11,Volume Flow RateRMS,6,2.1549
screen,other__11,Volume Flow RateRMS,7,2.1549
screen,other__11,Volume Flow RateRMS,8,2.1549
screen,other__11,Volume Flow RateRMS,9,2.9609
screen,other__11,Volume Flow RateRMS,10,4.3098
screen,other__11,Volume Flow RateRMS,11,5.1309
screen,other__11,Volume Flow RateRMS,12,5.7967
screen,other__11,Volume Flow RateRMS,13,5.7967
screen,other__11,Volume Flow RateRMS,14,4.4693
screen,other__11,Volume Flow RateRMS,15,5.1309
screen,other__11,Volume Flow RateRMS,16,4.3098
screen,other__11,Volume Flow RateRMS,17,3.6375
screen,other__11,Volume Flow RateRMS,18,5.7924
screen,other__11,Volume Flow RateRMS,19,10.1023
screen,other__11,Volume Flow RateRMS,20,6.4648
spc,other__11,Accelerometer1RMS,0,13.0
spc,other__11,Accelerometer1RMS,1,0.0
spc,other__11,Accelerometer1RMS,2,1.0
spc,other__11,Accelerometer1RMS,3,0.0
spc,other__11,Accelerometer1RMS,4,0.0
spc,other__11,Accelerometer1RMS,5,0.0
spc,other__11,Accelerometer1RMS,6,0.0
spc,other__11,Accelerometer1RMS,7,3.0
spc,other__11,Accelerometer1RMS,8,1.0
spc,other__11,Accelerometer1RMS,9,1.0
spc,other__11,Accelerometer1RMS,10,3.0
spc,other__11,Accelerometer1RMS,11,40.0
spc,other__11,Accelerometer1RMS,12,4.0
spc,other__11,Accelerometer1RMS,13,5.0
spc,other__11,Accelerometer1RMS,14,2.0
spc,other__11,Accelerometer1RMS,15,5.0
spc,other__11,Accelerometer1RMS,16,8.0
spc,other__11,Accelerometer1RMS,17,2.0
spc,other__11,Accelerometer1RMS,18,0.0
spc,other__11,Accelerometer1RMS,19,1.0
spc,other__11,Accelerometer1RMS,20,2.0
spc,other__11,Accelerometer2RMS,0,1.0
spc,other__11,Accelerometer2RMS,1,1.0
spc,other__11,Accelerometer2RMS,2,0.0
spc,other__11,Accelerometer2RMS,3,0.0
spc,other__11,Accelerometer2RMS,4,1.0
spc,other__11,Accelerometer2RMS,5,0.0
spc,other__11,Accelerometer2RMS,6,0.0
spc,other__11,Accelerometer2RMS,7,1.0
spc,other__11,Accelerometer2RMS,8,0.0
spc,other__11,Accelerometer2RMS,9,2.0
spc,other__11,Accelerometer2RMS,10,40.0
spc,other__11,Accelerometer2RMS,11,51.0
spc,other__11,Accelerometer2RMS,12,51.0
spc,other__11,Accelerometer2RMS,13,46.0
spc,other__11,Accelerometer2RMS,14,44.0
spc,other__11,Accelerometer2RMS,15,41.0
spc,other__11,Accelerometer2RMS,16,29.0
spc,other__11,Accelerometer2RMS,17,7.0
spc,other__11,Accelerometer2RMS,18,3.0
spc,other__11,Accelerometer2RMS,19,6.0
spc,other__11,Accelerometer2RMS,20,2.0
spc,other__11,Current,0,4.0
spc,other__11,Current,1,3.0
spc,other__11,Current,2,5.0
spc,other__11,Current,3,5.0
spc,other__11,Current,4,4.0
spc,other__11,Current,5,3.0
spc,other__11,Current,6,3.0
spc,other__11,Current,7,5.0
spc,other__11,Current,8,2.0
spc,other__11,Current,9,3.0
spc,other__11,Current,10,3.0
spc,other__11,Current,11,5.0
spc,other__11,Current,12,2.0
spc,other__11,Current,13,1.0
spc,other__11,Current,14,5.0
spc,other__11,Current,15,3.0
spc,other__11,Current,16,6.0
spc,other__11,Current,17,3.0
spc,other__11,Current,18,2.0
spc,other__11,Current,19,4.0
spc,other__11,Current,20,0.0
spc,other__11,Pressure,0,0.0
spc,other__11,Pressure,1,0.0
spc,other__11,Pressure,2,0.0
spc,other__11,Pressure,3,0.0
spc,other__11,Pressure,4,0.0
spc,other__11,Pressure,5,0.0
spc,other__11,Pressure,6,0.0
spc,other__11,Pressure,7,0.0
spc,other__11,Pressure,8,0.0
spc,other__11,Pressure,9,0.0
spc,other__11,Pressure,10,0.0
spc,other__11,Pressure,11,0.0
spc,other__11,Pressure,12,0.0
spc,other__11,Pressure,13,0.0
spc,other__11,Pressure,14,0.0
spc,other__11,Pressure,15,0.0
spc,other__11,Pressure,16,0.0
spc,other__11,Pressure,17,0.0
spc,other__11,Pressure,18,0.0
spc,other__11,Pressure,19,0.0
spc,other__11,Pressure,20,0.0
spc,other__11,Temperature,0,2.0
spc,other__11,Temperature,1,2.0
spc,other__11,Temperature,2,2.0
spc,other__11,Temperature,3,2.0
spc,other__11,Temperature,4,1.0
spc,other__11,Temperature,5,1.0
spc,other__11,Temperature,6,1.0
spc,other__11,Temperature,7,1.0
spc,other__11,Temperature,8,1.0
spc,other__11,Temperature,9,3.0
spc,other__11,Temperature,10,1.0
spc,other__11,Temperature,11,1.0
spc,other__11,Temperature,12,3.0
spc,other__11,Temperature,13,3.0
spc,other__11,Temperature,14,1.0
spc,other__11,Temperature,15,2.0
spc,other__11,Temperature,16,2.0
spc,other__11,Temperature,17,1.0
spc,other__11,Temperature,18,1.0
spc,other__11,Temperature,19,1.0
spc,other__11,Temperature,20,1.0
spc,other__11,Thermocouple,0,10.0
spc,other__11,Thermocouple,1,9.0
spc,other__11,Thermocouple,2,9.0
spc,other__11,Thermocouple,3,34.0
spc,other__11,Thermocouple,4,22.0
spc,other__11,Thermocouple,5,62.0
spc,other__11,Thermocouple,6,57.0
spc,other__11,Thermocouple,7,58.0
spc,other__11,Thermocouple,8,64.0
spc,other__11,Thermocouple,9,58.0
spc,other__11,Thermocouple,10,62.0
spc,other__11,Thermocouple,11,58.0
spc,other__11,Thermocouple,12,59.0
spc,other__11,Thermocouple,13,61.0
spc,other__11,Thermocouple,14,58.0
spc,other__11,Thermocouple,15,62.0
spc,other__11,Thermocouple,16,61.0
spc,other__11,Thermocouple,17,59.0
spc,other__11,Thermocouple,18,62.0
spc,other__11,Thermocouple,19,59.0
spc,other__11,Thermocouple,20,54.0
spc,other__11,Voltage,0,2.0
spc,other__11,Voltage,1,1.0
spc,other__11,Voltage,2,0.0
spc,other__11,Voltage,3,1.0
spc,other__11,Voltage,4,1.0
spc,other__11,Voltage,5,2.0
spc,other__11,Voltage,6,0.0
spc,other__11,Voltage,7,1.0
spc,other__11,Voltage,8,0.0
spc,other__11,Voltage,9,0.0
spc,other__11,Voltage,10,1.0
spc,other__11,Voltage,11,1.0
spc,other__11,Voltage,12,0.0
spc,other__11,Voltage,13,1.0
spc,other__11,Voltage,14,0.0
spc,other__11,Voltage,15,0.0
spc,other__11,Voltage,16,0.0
spc,other__11,Voltage,17,0.0
spc,other__11,Voltage,18,2.0
spc,other__11,Voltage,19,0.0
spc,other__11,Voltage,20,1.0
spc,other__11,Volume Flow RateRMS,0,0.0
spc,other__11,Volume Flow RateRMS,1,0.0
spc,other__11,Volume Flow RateRMS,2,0.0
spc,other__11,Volume Flow RateRMS,3,1.0
spc,other__11,Volume Flow RateRMS,4,0.0
spc,other__11,Volume Flow RateRMS,5,0.0
spc,other__11,Volume Flow RateRMS,6,0.0
spc,other__11,Volume Flow RateRMS,7,0.0
spc,other__11,Volume Flow RateRMS,8,0.0
spc,other__11,Volume Flow RateRMS,9,1.0
spc,other__11,Volume Flow RateRMS,10,11.0
spc,other__11,Volume Flow RateRMS,11,14.0
spc,other__11,Volume Flow RateRMS,12,16.0
spc,other__11,Volume Flow RateRMS,13,40.0
spc,other__11,Volume Flow RateRMS,14,10.0
spc,other__11,Volume Flow RateRMS,15,17.0
spc,other__11,Volume Flow RateRMS,16,7.0
spc,other__11,Volume Flow RateRMS,17,3.0
spc,other__11,Volume Flow RateRMS,18,20.0
spc,other__11,Volume Flow RateRMS,19,52.0
spc,other__11,Volume Flow RateRMS,20,25.0
screen,other__12,Accelerometer1RMS,0,3.0669
screen,other__12,Accelerometer1RMS,1,2.3761
screen,other__12,Accelerometer1RMS,2,1.8323
screen,other__12,Accelerometer1RMS,3,2.7102
screen,other__12,Accelerometer1RMS,4,2.3466
screen,other__12,Accelerometer1RMS,5,2.3849
screen,other__12,Accelerometer1RMS,6,2.252
screen,other__12,Accelerometer1RMS,7,2.925
screen,other__12,Accelerometer1RMS,8,2.5394
screen,other__12,Accelerometer1RMS,9,2.7691
screen,other__12,Accelerometer1RMS,10,2.3637
screen,other__12,Accelerometer1RMS,11,5.1246
screen,other__12,Accelerometer1RMS,12,5.5449
screen,other__12,Accelerometer1RMS,13,5.6147
screen,other__12,Accelerometer1RMS,14,5.6953
screen,other__12,Accelerometer1RMS,15,6.2052
screen,other__12,Accelerometer1RMS,16,6.5281
screen,other__12,Accelerometer1RMS,17,2.6797
screen,other__12,Accelerometer1RMS,18,1.5777
screen,other__12,Accelerometer1RMS,19,1.7432
screen,other__12,Accelerometer1RMS,20,1.8978
screen,other__12,Accelerometer2RMS,0,2.3495
screen,other__12,Accelerometer2RMS,1,2.3673
screen,other__12,Accelerometer2RMS,2,2.5934
screen,other__12,Accelerometer2RMS,3,2.7213
screen,other__12,Accelerometer2RMS,4,2.341
screen,other__12,Accelerometer2RMS,5,2.1098
screen,other__12,Accelerometer2RMS,6,2.461
screen,other__12,Accelerometer2RMS,7,2.1686
screen,other__12,Accelerometer2RMS,8,2.6688
screen,other__12,Accelerometer2RMS,9,2.5185
screen,other__12,Accelerometer2RMS,10,2.9586
screen,other__12,Accelerometer2RMS,11,4.4048
screen,other__12,Accelerometer2RMS,12,5.1428
screen,other__12,Accelerometer2RMS,13,3.7452
screen,other__12,Accelerometer2RMS,14,3.6414
screen,other__12,Accelerometer2RMS,15,4.5082
screen,other__12,Accelerometer2RMS,16,4.8694
screen,other__12,Accelerometer2RMS,17,2.9299
screen,other__12,Accelerometer2RMS,18,2.8107
screen,other__12,Accelerometer2RMS,19,2.8232
screen,other__12,Accelerometer2RMS,20,2.835
screen,other__12,Current,0,4.5993
screen,other__12,Current,1,4.5017
screen,other__12,Current,2,3.1715
screen,other__12,Current,3,4.5736
screen,other__12,Current,4,3.9998
screen,other__12,Current,5,4.389
screen,other__12,Current,6,2.3341
screen,other__12,Current,7,4.4376
screen,other__12,Current,8,4.1073
screen,other__12,Current,9,3.1239
screen,other__12,Current,10,4.7634
screen,other__12,Current,11,3.389
screen,other__12,Current,12,4.8962
screen,other__12,Current,13,4.6826
screen,other__12,Current,14,3.5359
screen,other__12,Current,15,4.5244
screen,other__12,Current,16,4.7231
screen,other__12,Current,17,4.2262
screen,other__12,Current,18,4.6214
screen,other__12,Current,19,4.3074
screen,other__12,Current,20,1.4434
screen,other__12,Temperature,0,1.2945
screen,other__12,Temperature,1,1.6138
screen,other__12,Temperature,2,1.7058
screen,other__12,Temperature,3,1.5708
screen,other__12,Temperature,4,1.5768
screen,other__12,Temperature,5,1.3501
screen,other__12,Temperature,6,1.8823
screen,other__12,Temperature,7,2.2687
screen,other__12,Temperature,8,2.5452
screen,other__12,Temperature,9,2.2377
screen,other__12,Temperature,10,2.5905
screen,other__12,Temperature,11,2.6659
screen,other__12,Temperature,12,2.8
screen,other__12,Temperature,13,3.1224
screen,other__12,Temperature,14,3.4021
screen,other__12,Temperature,15,3.2253
screen,other__12,Temperature,16,3.824
screen,other__12,Temperature,17,3.6514
screen,other__12,Temperature,18,3.0258
screen,other__12,Temperature,19,3.3972
screen,other__12,Temperature,20,1.4562
screen,other__12,Thermocouple,0,1.9076
screen,other__12,Thermocouple,1,2.5444
screen,other__12,Thermocouple,2,1.3881
screen,other__12,Thermocouple,3,3.533
screen,other__12,Thermocouple,4,5.0524
screen,other__12,Thermocouple,5,5.7422
screen,other__12,Thermocouple,6,5.7031
screen,other__12,Thermocouple,7,5.921
screen,other__12,Thermocouple,8,5.2619
screen,other__12,Thermocouple,9,8.4318
screen,other__12,Thermocouple,10,8.0073
screen,other__12,Thermocouple,11,10.3785
screen,other__12,Thermocouple,12,10.8365
screen,other__12,Thermocouple,13,8.1721
screen,other__12,Thermocouple,14,10.8142
screen,other__12,Thermocouple,15,11.8196
screen,other__12,Thermocouple,16,11.8867
screen,other__12,Thermocouple,17,14.3836
screen,other__12,Thermocouple,18,18.4528
screen,other__12,Thermocouple,19,18.6232
screen,other__12,Thermocouple,20,17.8077
screen,other__12,Voltage,0,2.8172
screen,other__12,Voltage,1,2.7636
screen,other__12,Voltage,2,2.698
screen,other__12,Voltage,3,2.672
screen,other__12,Voltage,4,2.7297
screen,other__12,Voltage,5,2.9742
screen,other__12,Voltage,6,2.8174
screen,other__12,Voltage,7,2.7781
screen,other__12,Voltage,8,2.6102
screen,other__12,Voltage,9,2.3367
screen,other__12,Voltage,10,2.9171
screen,other__12,Voltage,11,2.431
screen,other__12,Voltage,12,2.877
screen,other__12,Voltage,13,2.7853
screen,other__12,Voltage,14,2.8583
screen,other__12,Voltage,15,2.3581
screen,other__12,Voltage,16,2.8562
screen,other__12,Voltage,17,2.6721
screen,other__12,Voltage,18,2.6899
screen,other__12,Voltage,19,2.8848
screen,other__12,Voltage,20,1.0022
screen,other__12,Volume Flow RateRMS,0,2.1688
screen,other__12,Volume Flow RateRMS,1,2.9994
screen,other__12,Volume Flow RateRMS,2,2.9842
screen,other__12,Volume Flow RateRMS,3,2.1688
screen,other__12,Volume Flow RateRMS,4,2.1688
screen,other__12,Volume Flow RateRMS,5,4.3376
screen,other__12,Volume Flow RateRMS,6,7.1765
screen,other__12,Volume Flow RateRMS,7,5.8319
screen,other__12,Volume Flow RateRMS,8,5.1552
screen,other__12,Volume Flow RateRMS,9,6.5063
screen,other__12,Volume Flow RateRMS,10,6.5063
screen,other__12,Volume Flow RateRMS,11,273.633
screen,other__12,Volume Flow RateRMS,12,274.2284
screen,other__12,Volume Flow RateRMS,13,274.2284
screen,other__12,Volume Flow RateRMS,14,274.2289
screen,other__12,Volume Flow RateRMS,15,274.2289
screen,other__12,Volume Flow RateRMS,16,274.2289
screen,other__12,Volume Flow RateRMS,17,16.6779
screen,other__12,Volume Flow RateRMS,18,10.0089
screen,other__12,Volume Flow RateRMS,19,8.0028
screen,other__12,Volume Flow RateRMS,20,7.3261
spc,other__12,Accelerometer1RMS,0,3.0
spc,other__12,Accelerometer1RMS,1,0.0
spc,other__12,Accelerometer1RMS,2,0.0
spc,other__12,Accelerometer1RMS,3,5.0
spc,other__12,Accelerometer1RMS,4,1.0
spc,other__12,Accelerometer1RMS,5,2.0
spc,other__12,Accelerometer1RMS,6,5.0
spc,other__12,Accelerometer1RMS,7,2.0
spc,other__12,Accelerometer1RMS,8,2.0
spc,other__12,Accelerometer1RMS,9,1.0
spc,other__12,Accelerometer1RMS,10,3.0
spc,other__12,Accelerometer1RMS,11,21.0
spc,other__12,Accelerometer1RMS,12,31.0
spc,other__12,Accelerometer1RMS,13,35.0
spc,other__12,Accelerometer1RMS,14,28.0
spc,other__12,Accelerometer1RMS,15,33.0
spc,other__12,Accelerometer1RMS,16,31.0
spc,other__12,Accelerometer1RMS,17,1.0
spc,other__12,Accelerometer1RMS,18,1.0
spc,other__12,Accelerometer1RMS,19,2.0
spc,other__12,Accelerometer1RMS,20,0.0
spc,other__12,Accelerometer2RMS,0,1.0
spc,other__12,Accelerometer2RMS,1,0.0
spc,other__12,Accelerometer2RMS,2,0.0
spc,other__12,Accelerometer2RMS,3,0.0
spc,other__12,Accelerometer2RMS,4,1.0
spc,other__12,Accelerometer2RMS,5,0.0
spc,other__12,Accelerometer2RMS,6,0.0
spc,other__12,Accelerometer2RMS,7,1.0
spc,other__12,Accelerometer2RMS,8,1.0
spc,other__12,Accelerometer2RMS,9,2.0
spc,other__12,Accelerometer2RMS,10,2.0
spc,other__12,Accelerometer2RMS,11,9.0
spc,other__12,Accelerometer2RMS,12,6.0
spc,other__12,Accelerometer2RMS,13,4.0
spc,other__12,Accelerometer2RMS,14,5.0
spc,other__12,Accelerometer2RMS,15,9.0
spc,other__12,Accelerometer2RMS,16,9.0
spc,other__12,Accelerometer2RMS,17,2.0
spc,other__12,Accelerometer2RMS,18,1.0
spc,other__12,Accelerometer2RMS,19,2.0
spc,other__12,Accelerometer2RMS,20,0.0
spc,other__12,Current,0,5.0
spc,other__12,Current,1,4.0
spc,other__12,Current,2,6.0
spc,other__12,Current,3,2.0
spc,other__12,Current,4,4.0
spc,other__12,Current,5,5.0
spc,other__12,Current,6,0.0
spc,other__12,Current,7,6.0
spc,other__12,Current,8,4.0
spc,other__12,Current,9,2.0
spc,other__12,Current,10,8.0
spc,other__12,Current,11,1.0
spc,other__12,Current,12,6.0
spc,other__12,Current,13,4.0
spc,other__12,Current,14,2.0
spc,other__12,Current,15,3.0
spc,other__12,Current,16,6.0
spc,other__12,Current,17,7.0
spc,other__12,Current,18,11.0
spc,other__12,Current,19,7.0
spc,other__12,Current,20,0.0
spc,other__12,Temperature,0,3.0
spc,other__12,Temperature,1,2.0
spc,other__12,Temperature,2,2.0
spc,other__12,Temperature,3,2.0
spc,other__12,Temperature,4,2.0
spc,other__12,Temperature,5,2.0
spc,other__12,Temperature,6,2.0
spc,other__12,Temperature,7,1.0
spc,other__12,Temperature,8,1.0
spc,other__12,Temperature,9,3.0
spc,other__12,Temperature,10,1.0
spc,other__12,Temperature,11,2.0
spc,other__12,Temperature,12,1.0
spc,other__12,Temperature,13,2.0
spc,other__12,Temperature,14,4.0
spc,other__12,Temperature,15,3.0
spc,other__12,Temperature,16,7.0
spc,other__12,Temperature,17,3.0
spc,other__12,Temperature,18,2.0
spc,other__12,Temperature,19,11.0
spc,other__12,Temperature,20,0.0
spc,other__12,Thermocouple,0,2.0
spc,other__12,Thermocouple,1,5.0
spc,other__12,Thermocouple,2,2.0
spc,other__12,Thermocouple,3,17.0
spc,other__12,Thermocouple,4,60.0
spc,other__12,Thermocouple,5,61.0
spc,other__12,Thermocouple,6,58.0
spc,other__12,Thermocouple,7,58.0
spc,other__12,Thermocouple,8,60.0
spc,other__12,Thermocouple,9,58.0
spc,other__12,Thermocouple,10,58.0
spc,other__12,Thermocouple,11,51.0
spc,other__12,Thermocouple,12,43.0
spc,other__12,Thermocouple,13,40.0
spc,other__12,Thermocouple,14,40.0
spc,other__12,Thermocouple,15,43.0
spc,other__12,Thermocouple,16,44.0
spc,other__12,Thermocouple,17,59.0
spc,other__12,Thermocouple,18,57.0
spc,other__12,Thermocouple,19,60.0
spc,other__12,Thermocouple,20,4.0
spc,other__12,Voltage,0,1.0
spc,other__12,Voltage,1,1.0
spc,other__12,Voltage,2,0.0
spc,other__12,Voltage,3,0.0
spc,other__12,Voltage,4,0.0
spc,other__12,Voltage,5,0.0
spc,other__12,Voltage,6,1.0
spc,other__12,Voltage,7,0.0
spc,other__12,Voltage,8,0.0
spc,other__12,Voltage,9,0.0
spc,other__12,Voltage,10,0.0
spc,other__12,Voltage,11,0.0
spc,other__12,Voltage,12,0.0
spc,other__12,Voltage,13,0.0
spc,other__12,Voltage,14,0.0
spc,other__12,Voltage,15,0.0
spc,other__12,Voltage,16,0.0
spc,other__12,Voltage,17,3.0
spc,other__12,Voltage,18,0.0
spc,other__12,Voltage,19,0.0
spc,other__12,Voltage,20,0.0
spc,other__12,Volume Flow RateRMS,0,0.0
spc,other__12,Volume Flow RateRMS,1,0.0
spc,other__12,Volume Flow RateRMS,2,1.0
spc,other__12,Volume Flow RateRMS,3,0.0
spc,other__12,Volume Flow RateRMS,4,0.0
spc,other__12,Volume Flow RateRMS,5,12.0
spc,other__12,Volume Flow RateRMS,6,42.0
spc,other__12,Volume Flow RateRMS,7,28.0
spc,other__12,Volume Flow RateRMS,8,29.0
spc,other__12,Volume Flow RateRMS,9,43.0
spc,other__12,Volume Flow RateRMS,10,42.0
spc,other__12,Volume Flow RateRMS,11,52.0
spc,other__12,Volume Flow RateRMS,12,43.0
spc,other__12,Volume Flow RateRMS,13,39.0
spc,other__12,Volume Flow RateRMS,14,40.0
spc,other__12,Volume Flow RateRMS,15,41.0
spc,other__12,Volume Flow RateRMS,16,46.0
spc,other__12,Volume Flow RateRMS,17,58.0
spc,other__12,Volume Flow RateRMS,18,57.0
spc,other__12,Volume Flow RateRMS,19,56.0
spc,other__12,Volume Flow RateRMS,20,4.0
screen,other__13,Accelerometer1RMS,0,2.6671
screen,other__13,Accelerometer1RMS,1,2.5942
screen,other__13,Accelerometer1RMS,2,2.5105
screen,other__13,Accelerometer1RMS,3,2.4628
screen,other__13,Accelerometer1RMS,4,6.2981
screen,other__13,Accelerometer1RMS,5,5.8733
screen,other__13,Accelerometer1RMS,6,5.3925
screen,other__13,Accelerometer1RMS,7,5.6997
screen,other__13,Accelerometer1RMS,8,5.343
screen,other__13,Accelerometer1RMS,9,5.7459
screen,other__13,Accelerometer1RMS,10,5.9824
screen,other__13,Accelerometer1RMS,11,6.4156
screen,other__13,Accelerometer1RMS,12,5.0576
screen,other__13,Accelerometer1RMS,13,5.4004
screen,other__13,Accelerometer1RMS,14,5.6715
screen,other__13,Accelerometer1RMS,15,5.1528
screen,other__13,Accelerometer1RMS,16,6.4883
screen,other__13,Accelerometer1RMS,17,5.1895
screen,other__13,Accelerometer1RMS,18,4.0041
screen,other__13,Accelerometer2RMS,0,2.5094
screen,other__13,Accelerometer2RMS,1,2.4558
screen,other__13,Accelerometer2RMS,2,3.2918
screen,other__13,Accelerometer2RMS,3,2.3752
screen,other__13,Accelerometer2RMS,4,4.4531
screen,other__13,Accelerometer2RMS,5,3.9405
screen,other__13,Accelerometer2RMS,6,3.9515
screen,other__13,Accelerometer2RMS,7,3.9839
screen,other__13,Accelerometer2RMS,8,4.0869
screen,other__13,Accelerometer2RMS,9,4.3197
screen,other__13,Accelerometer2RMS,10,3.0963
screen,other__13,Accelerometer2RMS,11,4.0749
screen,other__13,Accelerometer2RMS,12,3.8211
screen,other__13,Accelerometer2RMS,13,3.4078
screen,other__13,Accelerometer2RMS,14,4.314
screen,other__13,Accelerometer2RMS,15,3.6402
screen,other__13,Accelerometer2RMS,16,4.074
screen,other__13,Accelerometer2RMS,17,3.9496
screen,other__13,Accelerometer2RMS,18,4.1515
screen,other__13,Current,0,4.2408
screen,other__13,Current,1,4.1807
screen,other__13,Current,2,4.028
screen,other__13,Current,3,4.2197
screen,other__13,Current,4,4.186
screen,other__13,Current,5,4.0307
screen,other__13,Current,6,4.1216
screen,other__13,Current,7,3.5556
screen,other__13,Current,8,3.8218
screen,other__13,Current,9,4.1843
screen,other__13,Current,10,3.785
screen,other__13,Current,11,2.9456
screen,other__13,Current,12,2.7474
screen,other__13,Current,13,3.9046
screen,other__13,Current,14,3.0085
screen,other__13,Current,15,4.1776
screen,other__13,Current,16,3.6225
screen,other__13,Current,17,4.2625
screen,other__13,Current,18,3.9861
screen,other__13,Temperature,0,1.4539
screen,other__13,Temperature,1,1.5269
screen,other__13,Temperature,2,1.6989
screen,other__13,Temperature,3,2.1601
screen,other__13,Temperature,4,1.5059
screen,other__13,Temperature,5,1.9715
screen,other__13,Temperature,6,1.6936
screen,other__13,Temperature,7,1.8856
screen,other__13,Temperature,8,2.1936
screen,other__13,Temperature,9,2.3474
screen,other__13,Temperature,10,1.4784
screen,other__13,Temperature,11,2.1923
screen,other__13,Temperature,12,2.2249
screen,other__13,Temperature,13,2.3884
screen,other__13,Temperature,14,2.3574
screen,other__13,Temperature,15,2.1541
screen,other__13,Temperature,16,2.3183
screen,other__13,Temperature,17,3.0219
screen,other__13,Temperature,18,2.7161
screen,other__13,Thermocouple,0,1.1301
screen,other__13,Thermocouple,1,0.9782
screen,other__13,Thermocouple,2,1.4379
screen,other__13,Thermocouple,3,1.5433
screen,other__13,Thermocouple,4,2.5406
screen,other__13,Thermocouple,5,4.2207
screen,other__13,Thermocouple,6,4.8432
screen,other__13,Thermocouple,7,5.0347
screen,other__13,Thermocouple,8,5.1551
screen,other__13,Thermocouple,9,4.9513
screen,other__13,Thermocouple,10,4.6325
screen,other__13,Thermocouple,11,5.9801
screen,other__13,Thermocouple,12,6.4029
screen,other__13,Thermocouple,13,6.4289
screen,other__13,Thermocouple,14,6.2715
screen,other__13,Thermocouple,15,6.1799
screen,other__13,Thermocouple,16,6.3755
screen,other__13,Thermocouple,17,6.3427
screen,other__13,Thermocouple,18,6.92
screen,other__13,Voltage,0,2.91
screen,other__13,Voltage,1,2.9922
screen,other__13,Voltage,2,2.8006
screen,other__13,Voltage,3,2.7313
screen,other__13,Voltage,4,2.9898
screen,other__13,Voltage,5,2.81
screen,other__13,Voltage,6,2.8908
screen,other__13,Voltage,7,3.0216
screen,other__13,Voltage,8,3.0316
screen,other__13,Voltage,9,2.7103
screen,other__13,Voltage,10,2.9607
screen,other__13,Voltage,11,2.771
screen,other__13,Voltage,12,2.8882
screen,other__13,Voltage,13,2.7394
screen,other__13,Voltage,14,2.9419
screen,other__13,Voltage,15,2.9308
screen,other__13,Voltage,16,3.0324
screen,other__13,Voltage,17,2.943
screen,other__13,Voltage,18,2.9211
screen,other__13,Volume Flow RateRMS,0,1.5812
screen,other__13,Volume Flow RateRMS,1,1.4771
screen,other__13,Volume Flow RateRMS,2,1.6154
screen,other__13,Volume Flow RateRMS,3,1.7263
screen,other__13,Volume Flow RateRMS,4,4.3494
screen,other__13,Volume Flow RateRMS,5,4.4907
screen,other__13,Volume Flow RateRMS,6,4.5035
screen,other__13,Volume Flow RateRMS,7,4.5035
screen,other__13,Volume Flow RateRMS,8,4.5164
screen,other__13,Volume Flow RateRMS,9,4.5325
screen,other__13,Volume Flow RateRMS,10,4.1567
screen,other__13,Volume Flow RateRMS,11,4.5453
screen,other__13,Volume Flow RateRMS,12,4.5325
screen,other__13,Volume Flow RateRMS,13,4.587
screen,other__13,Volume Flow RateRMS,14,4.5581
screen,other__13,Volume Flow RateRMS,15,3.5219
screen,other__13,Volume Flow RateRMS,16,4.4073
screen,other__13,Volume Flow RateRMS,17,4.5581
screen,other__13,Volume Flow RateRMS,18,4.5743
spc,other__13,Accelerometer1RMS,0,0.0
spc,other__13,Accelerometer1RMS,1,0.0
spc,other__13,Accelerometer1RMS,2,0.0
spc,other__13,Accelerometer1RMS,3,0.0
spc,other__13,Accelerometer1RMS,4,52.0
spc,other__13,Accelerometer1RMS,5,56.0
spc,other__13,Accelerometer1RMS,6,55.0
spc,other__13,Accelerometer1RMS,7,57.0
spc,other__13,Accelerometer1RMS,8,57.0
spc,other__13,Accelerometer1RMS,9,51.0
spc,other__13,Accelerometer1RMS,10,9.0
spc,other__13,Accelerometer1RMS,11,58.0
spc,other__13,Accelerometer1RMS,12,57.0
spc,other__13,Accelerometer1RMS,13,55.0
spc,other__13,Accelerometer1RMS,14,56.0
spc,other__13,Accelerometer1RMS,15,2.0
spc,other__13,Accelerometer1RMS,16,54.0
spc,other__13,Accelerometer1RMS,17,42.0
spc,other__13,Accelerometer1RMS,18,21.0
spc,other__13,Accelerometer2RMS,0,0.0
spc,other__13,Accelerometer2RMS,1,0.0
spc,other__13,Accelerometer2RMS,2,1.0
spc,other__13,Accelerometer2RMS,3,0.0
spc,other__13,Accelerometer2RMS,4,19.0
spc,other__13,Accelerometer2RMS,5,16.0
spc,other__13,Accelerometer2RMS,6,11.0
spc,other__13,Accelerometer2RMS,7,14.0
spc,other__13,Accelerometer2RMS,8,17.0
spc,other__13,Accelerometer2RMS,9,21.0
spc,other__13,Accelerometer2RMS,10,1.0
spc,other__13,Accelerometer2RMS,11,13.0
spc,other__13,Accelerometer2RMS,12,16.0
spc,other__13,Accelerometer2RMS,13,10.0
spc,other__13,Accelerometer2RMS,14,16.0
spc,other__13,Accelerometer2RMS,15,1.0
spc,other__13,Accelerometer2RMS,16,16.0
spc,other__13,Accelerometer2RMS,17,14.0
spc,other__13,Accelerometer2RMS,18,18.0
spc,other__13,Current,0,4.0
spc,other__13,Current,1,4.0
spc,other__13,Current,2,2.0
spc,other__13,Current,3,5.0
spc,other__13,Current,4,6.0
spc,other__13,Current,5,3.0
spc,other__13,Current,6,8.0
spc,other__13,Current,7,6.0
spc,other__13,Current,8,4.0
spc,other__13,Current,9,6.0
spc,other__13,Current,10,5.0
spc,other__13,Current,11,0.0
spc,other__13,Current,12,1.0
spc,other__13,Current,13,4.0
spc,other__13,Current,14,3.0
spc,other__13,Current,15,2.0
spc,other__13,Current,16,3.0
spc,other__13,Current,17,6.0
spc,other__13,Current,18,4.0
spc,other__13,Temperature,0,2.0
spc,other__13,Temperature,1,2.0
spc,other__13,Temperature,2,1.0
spc,other__13,Temperature,3,2.0
spc,other__13,Temperature,4,3.0
spc,other__13,Temperature,5,2.0
spc,other__13,Temperature,6,2.0
spc,other__13,Temperature,7,3.0
spc,other__13,Temperature,8,3.0
spc,other__13,Temperature,9,1.0
spc,other__13,Temperature,10,0.0
spc,other__13,Temperature,11,1.0
spc,other__13,Temperature,12,1.0
spc,other__13,Temperature,13,1.0
spc,other__13,Temperature,14,1.0
spc,other__13,Temperature,15,1.0
spc,other__13,Temperature,16,1.0
spc,other__13,Temperature,17,5.0
spc,other__13,Temperature,18,1.0
spc,other__13,Thermocouple,0,2.0
spc,other__13,Thermocouple,1,3.0
spc,other__13,Thermocouple,2,2.0
spc,other__13,Thermocouple,3,1.0
spc,other__13,Thermocouple,4,2.0
spc,other__13,Thermocouple,5,35.0
spc,other__13,Thermocouple,6,60.0
spc,other__13,Thermocouple,7,58.0
spc,other__13,Thermocouple,8,58.0
spc,other__13,Thermocouple,9,59.0
spc,other__13,Thermocouple,10,25.0
spc,other__13,Thermocouple,11,58.0
spc,other__13,Thermocouple,12,58.0
spc,other__13,Thermocouple,13,59.0
spc,other__13,Thermocouple,14,58.0
spc,other__13,Thermocouple,15,12.0
spc,other__13,Thermocouple,16,55.0
spc,other__13,Thermocouple,17,60.0
spc,other__13,Thermocouple,18,57.0
spc,other__13,Voltage,0,0.0
spc,other__13,Voltage,1,0.0
spc,other__13,Voltage,2,0.0
spc,other__13,Voltage,3,0.0
spc,other__13,Voltage,4,3.0
spc,other__13,Voltage,5,0.0
spc,other__13,Voltage,6,0.0
spc,other__13,Voltage,7,2.0
spc,other__13,Voltage,8,2.0
spc,other__13,Voltage,9,0.0
spc,other__13,Voltage,10,0.0
spc,other__13,Voltage,11,1.0
spc,other__13,Voltage,12,0.0
spc,other__13,Voltage,13,0.0
spc,other__13,Voltage,14,0.0
spc,other__13,Voltage,15,0.0
spc,other__13,Voltage,16,1.0
spc,other__13,Voltage,17,0.0
spc,other__13,Voltage,18,0.0
spc,other__13,Volume Flow RateRMS,0,0.0
spc,other__13,Volume Flow RateRMS,1,0.0
spc,other__13,Volume Flow RateRMS,2,0.0
spc,other__13,Volume Flow RateRMS,3,0.0
spc,other__13,Volume Flow RateRMS,4,50.0
spc,other__13,Volume Flow RateRMS,5,57.0
spc,other__13,Volume Flow RateRMS,6,58.0
spc,other__13,Volume Flow RateRMS,7,58.0
spc,other__13,Volume Flow RateRMS,8,58.0
spc,other__13,Volume Flow RateRMS,9,58.0
spc,other__13,Volume Flow RateRMS,10,5.0
spc,other__13,Volume Flow RateRMS,11,58.0
spc,other__13,Volume Flow RateRMS,12,58.0
spc,other__13,Volume Flow RateRMS,13,57.0
spc,other__13,Volume Flow RateRMS,14,57.0
spc,other__13,Volume Flow RateRMS,15,2.0
spc,other__13,Volume Flow RateRMS,16,53.0
spc,other__13,Volume Flow RateRMS,17,58.0
spc,other__13,Volume Flow RateRMS,18,54.0
screen,other__14,Accelerometer1RMS,0,2.4012
screen,other__14,Accelerometer1RMS,1,2.0634
screen,other__14,Accelerometer1RMS,2,2.7145
screen,other__14,Accelerometer1RMS,3,2.114
screen,other__14,Accelerometer1RMS,4,2.543
screen,other__14,Accelerometer1RMS,5,3.4098
screen,other__14,Accelerometer1RMS,6,3.1078
screen,other__14,Accelerometer1RMS,7,2.6927
screen,other__14,Accelerometer1RMS,8,3.1562
screen,other__14,Accelerometer1RMS,9,4.0579
screen,other__14,Accelerometer1RMS,10,5.8463
screen,other__14,Accelerometer1RMS,11,3.535
screen,other__14,Accelerometer1RMS,12,3.1841
screen,other__14,Accelerometer1RMS,13,2.2262
screen,other__14,Accelerometer1RMS,14,3.6118
screen,other__14,Accelerometer1RMS,15,101.2037
screen,other__14,Accelerometer2RMS,0,2.0355
screen,other__14,Accelerometer2RMS,1,1.9125
screen,other__14,Accelerometer2RMS,2,2.0841
screen,other__14,Accelerometer2RMS,3,1.9262
screen,other__14,Accelerometer2RMS,4,1.762
screen,other__14,Accelerometer2RMS,5,2.5397
screen,other__14,Accelerometer2RMS,6,2.1318
screen,other__14,Accelerometer2RMS,7,2.4187
screen,other__14,Accelerometer2RMS,8,2.8715
screen,other__14,Accelerometer2RMS,9,2.4063
screen,other__14,Accelerometer2RMS,10,3.8052
screen,other__14,Accelerometer2RMS,11,2.9782
screen,other__14,Accelerometer2RMS,12,3.4529
screen,other__14,Accelerometer2RMS,13,3.0046
screen,other__14,Accelerometer2RMS,14,3.6786
screen,other__14,Accelerometer2RMS,15,54.4628
screen,other__14,Current,0,3.0535
screen,other__14,Current,1,3.7812
screen,other__14,Current,2,3.8559
screen,other__14,Current,3,3.5503
screen,other__14,Current,4,3.8297
screen,other__14,Current,5,2.8285
screen,other__14,Current,6,3.7933
screen,other__14,Current,7,3.8346
screen,other__14,Current,8,3.7484
screen,other__14,Current,9,3.2089
screen,other__14,Current,10,2.8213
screen,other__14,Current,11,3.73
screen,other__14,Current,12,3.7052
screen,other__14,Current,13,3.381
screen,other__14,Current,14,3.256
screen,other__14,Current,15,5.5981
screen,other__14,Temperature,0,1.7064
screen,other__14,Temperature,1,1.7198
screen,other__14,Temperature,2,2.252
screen,other__14,Temperature,3,1.9764
screen,other__14,Temperature,4,2.1063
screen,other__14,Temperature,5,2.0476
screen,other__14,Temperature,6,1.8567
screen,other__14,Temperature,7,2.3096
screen,other__14,Temperature,8,2.4883
screen,other__14,Temperature,9,1.6749
screen,other__14,Temperature,10,2.0582
screen,other__14,Temperature,11,2.5771
screen,other__14,Temperature,12,2.1945
screen,other__14,Temperature,13,2.7264
screen,other__14,Temperature,14,2.8697
screen,other__14,Temperature,15,2.2042
screen,other__14,Thermocouple,0,2.5924
screen,other__14,Thermocouple,1,2.3343
screen,other__14,Thermocouple,2,5.1731
screen,other__14,Thermocouple,3,3.5425
screen,other__14,Thermocouple,4,3.9531
screen,other__14,Thermocouple,5,4.6217
screen,other__14,Thermocouple,6,7.2728
screen,other__14,Thermocouple,7,7.9062
screen,other__14,Thermocouple,8,4.9971
screen,other__14,Thermocouple,9,5.1027
screen,other__14,Thermocouple,10,490.607
screen,other__14,Thermocouple,11,546.5252
screen,other__14,Thermocouple,12,545.0589
screen,other__14,Thermocouple,13,540.3082
screen,other__14,Thermocouple,14,535.921
screen,other__14,Thermocouple,15,530.6893
screen,other__14,Voltage,0,2.343
screen,other__14,Voltage,1,2.2179
screen,other__14,Voltage,2,2.2971
screen,other__14,Voltage,3,2.3158
screen,other__14,Voltage,4,2.4723
screen,other__14,Voltage,5,2.3541
screen,other__14,Voltage,6,2.5208
screen,other__14,Voltage,7,2.3878
screen,other__14,Voltage,8,2.4275
screen,other__14,Voltage,9,2.4118
screen,other__14,Voltage,10,2.2629
screen,other__14,Voltage,11,2.3199
screen,other__14,Voltage,12,2.3555
screen,other__14,Voltage,13,2.2111
screen,other__14,Voltage,14,2.3103
screen,other__14,Voltage,15,2.2731
screen,other__14,Volume Flow RateRMS,0,2.9393
screen,other__14,Volume Flow RateRMS,1,3.4723
screen,other__14,Volume Flow RateRMS,2,2.9376
screen,other__14,Volume Flow RateRMS,3,2.4115
screen,other__14,Volume Flow RateRMS,4,2.9393
screen,other__14,Volume Flow RateRMS,5,2.941
screen,other__14,Volume Flow RateRMS,6,3.4723
screen,other__14,Volume Flow RateRMS,7,2.941
screen,other__14,Volume Flow RateRMS,8,2.3993
screen,other__14,Volume Flow RateRMS,9,3.4723
screen,other__14,Volume Flow RateRMS,10,9.3561
screen,other__14,Volume Flow RateRMS,11,8.6807
screen,other__14,Volume Flow RateRMS,12,8.1494
screen,other__14,Volume Flow RateRMS,13,9.3578
screen,other__14,Volume Flow RateRMS,14,8.6807
screen,other__14,Volume Flow RateRMS,15,213.9487
spc,other__14,Accelerometer1RMS,0,0.0
spc,other__14,Accelerometer1RMS,1,0.0
spc,other__14,Accelerometer1RMS,2,0.0
spc,other__14,Accelerometer1RMS,3,0.0
spc,other__14,Accelerometer1RMS,4,0.0
spc,other__14,Accelerometer1RMS,5,1.0
spc,other__14,Accelerometer1RMS,6,2.0
spc,other__14,Accelerometer1RMS,7,2.0
spc,other__14,Accelerometer1RMS,8,1.0
spc,other__14,Accelerometer1RMS,9,4.0
spc,other__14,Accelerometer1RMS,10,16.0
spc,other__14,Accelerometer1RMS,11,7.0
spc,other__14,Accelerometer1RMS,12,2.0
spc,other__14,Accelerometer1RMS,13,1.0
spc,other__14,Accelerometer1RMS,14,5.0
spc,other__14,Accelerometer1RMS,15,12.0
spc,other__14,Accelerometer2RMS,0,2.0
spc,other__14,Accelerometer2RMS,1,0.0
spc,other__14,Accelerometer2RMS,2,1.0
spc,other__14,Accelerometer2RMS,3,0.0
spc,other__14,Accelerometer2RMS,4,1.0
spc,other__14,Accelerometer2RMS,5,1.0
spc,other__14,Accelerometer2RMS,6,1.0
spc,other__14,Accelerometer2RMS,7,1.0
spc,other__14,Accelerometer2RMS,8,0.0
spc,other__14,Accelerometer2RMS,9,1.0
spc,other__14,Accelerometer2RMS,10,3.0
spc,other__14,Accelerometer2RMS,11,1.0
spc,other__14,Accelerometer2RMS,12,7.0
spc,other__14,Accelerometer2RMS,13,2.0
spc,other__14,Accelerometer2RMS,14,8.0
spc,other__14,Accelerometer2RMS,15,9.0
spc,other__14,Current,0,2.0
spc,other__14,Current,1,5.0
spc,other__14,Current,2,3.0
spc,other__14,Current,3,4.0
spc,other__14,Current,4,4.0
spc,other__14,Current,5,3.0
spc,other__14,Current,6,4.0
spc,other__14,Current,7,3.0
spc,other__14,Current,8,3.0
spc,other__14,Current,9,4.0
spc,other__14,Current,10,0.0
spc,other__14,Current,11,3.0
spc,other__14,Current,12,4.0
spc,other__14,Current,13,3.0
spc,other__14,Current,14,1.0
spc,other__14,Current,15,8.0
spc,other__14,Temperature,0,3.0
spc,other__14,Temperature,1,2.0
spc,other__14,Temperature,2,2.0
spc,other__14,Temperature,3,5.0
spc,other__14,Temperature,4,2.0
spc,other__14,Temperature,5,1.0
spc,other__14,Temperature,6,1.0
spc,other__14,Temperature,7,1.0
spc,other__14,Temperature,8,1.0
spc,other__14,Temperature,9,2.0
spc,other__14,Temperature,10,3.0
spc,other__14,Temperature,11,1.0
spc,other__14,Temperature,12,1.0
spc,other__14,Temperature,13,2.0
spc,other__14,Temperature,14,2.0
spc,other__14,Temperature,15,3.0
spc,other__14,Thermocouple,0,3.0
spc,other__14,Thermocouple,1,2.0
spc,other__14,Thermocouple,2,6.0
spc,other__14,Thermocouple,3,2.0
spc,other__14,Thermocouple,4,30.0
spc,other__14,Thermocouple,5,19.0
spc,other__14,Thermocouple,6,45.0
spc,other__14,Thermocouple,7,32.0
spc,other__14,Thermocouple,8,22.0
spc,other__14,Thermocouple,9,24.0
spc,other__14,Thermocouple,10,63.0
spc,other__14,Thermocouple,11,65.0
spc,other__14,Thermocouple,12,58.0
spc,other__14,Thermocouple,13,63.0
spc,other__14,Thermocouple,14,58.0
spc,other__14,Thermocouple,15,50.0
spc,other__14,Voltage,0,1.0
spc,other__14,Voltage,1,0.0
spc,other__14,Voltage,2,0.0
spc,other__14,Voltage,3,0.0
spc,other__14,Voltage,4,0.0
spc,other__14,Voltage,5,0.0
spc,other__14,Voltage,6,0.0
spc,other__14,Voltage,7,0.0
spc,other__14,Voltage,8,0.0
spc,other__14,Voltage,9,1.0
spc,other__14,Voltage,10,2.0
spc,other__14,Voltage,11,1.0
spc,other__14,Voltage,12,1.0
spc,other__14,Voltage,13,0.0
spc,other__14,Voltage,14,1.0
spc,other__14,Voltage,15,0.0
spc,other__14,Volume Flow RateRMS,0,0.0
spc,other__14,Volume Flow RateRMS,1,2.0
spc,other__14,Volume Flow RateRMS,2,2.0
spc,other__14,Volume Flow RateRMS,3,0.0
spc,other__14,Volume Flow RateRMS,4,1.0
spc,other__14,Volume Flow RateRMS,5,1.0
spc,other__14,Volume Flow RateRMS,6,4.0
spc,other__14,Volume Flow RateRMS,7,2.0
spc,other__14,Volume Flow RateRMS,8,1.0
spc,other__14,Volume Flow RateRMS,9,2.0
spc,other__14,Volume Flow RateRMS,10,52.0
spc,other__14,Volume Flow RateRMS,11,58.0
spc,other__14,Volume Flow RateRMS,12,58.0
spc,other__14,Volume Flow RateRMS,13,58.0
spc,other__14,Volume Flow RateRMS,14,58.0
spc,other__14,Volume Flow RateRMS,15,51.0
screen,other__2,Accelerometer1RMS,0,1.7436
screen,other__2,Accelerometer1RMS,1,2.1176
screen,other__2,Accelerometer1RMS,5,1.4443
screen,other__2,Accelerometer1RMS,6,7.6177
screen,other__2,Accelerometer1RMS,7,2.713
screen,other__2,Accelerometer1RMS,8,3.3905
screen,other__2,Accelerometer1RMS,9,2.8914
screen,other__2,Accelerometer1RMS,10,2.2241
screen,other__2,Accelerometer1RMS,11,2.9018
screen,other__2,Accelerometer1RMS,12,2.7812
screen,other__2,Accelerometer1RMS,13,2.3334
screen,other__2,Accelerometer1RMS,14,1.8716
screen,other__2,Accelerometer1RMS,15,1.6407
screen,other__2,Accelerometer1RMS,16,2.1428
screen,other__2,Accelerometer1RMS,17,2.0364
screen,other__2,Accelerometer2RMS,0,1.4861
screen,other__2,Accelerometer2RMS,1,1.3673
screen,other__2,Accelerometer2RMS,5,1.5715
screen,other__2,Accelerometer2RMS,6,1.9037
screen,other__2,Accelerometer2RMS,7,1.9328
screen,other__2,Accelerometer2RMS,8,2.4368
screen,other__2,Accelerometer2RMS,9,2.0303
screen,other__2,Accelerometer2RMS,10,1.6527
screen,other__2,Accelerometer2RMS,11,1.7424
screen,other__2,Accelerometer2RMS,12,1.9721
screen,other__2,Accelerometer2RMS,13,1.6992
screen,other__2,Accelerometer2RMS,14,1.4927
screen,other__2,Accelerometer2RMS,15,1.5103
screen,other__2,Accelerometer2RMS,16,1.8366
screen,other__2,Accelerometer2RMS,17,1.7538
screen,other__2,Current,0,2.9483
screen,other__2,Current,1,2.7636
screen,other__2,Current,5,1.8049
screen,other__2,Current,6,3.0107
screen,other__2,Current,7,2.3711
screen,other__2,Current,8,2.418
screen,other__2,Current,9,3.0251
screen,other__2,Current,10,2.9825
screen,other__2,Current,11,2.6753
screen,other__2,Current,12,2.2115
screen,other__2,Current,13,3.1148
screen,other__2,Current,14,2.4514
screen,other__2,Current,15,3.0652
screen,other__2,Current,16,3.0911
screen,other__2,Current,17,2.9721
screen,other__2,Temperature,0,1.2182
screen,other__2,Temperature,1,2.4172
screen,other__2,Temperature,5,8.532
screen,other__2,Temperature,6,8.7553
screen,other__2,Temperature,7,8.8632
screen,other__2,Temperature,8,7.7441
screen,other__2,Temperature,9,6.6215
screen,other__2,Temperature,10,4.7743
screen,other__2,Temperature,11,4.2047
screen,other__2,Temperature,12,2.5688
screen,other__2,Temperature,13,2.9463
screen,other__2,Temperature,14,3.8067
screen,other__2,Temperature,15,5.6728
screen,other__2,Temperature,16,6.1753
screen,other__2,Temperature,17,7.3249
screen,other__2,Thermocouple,0,2.1413
screen,other__2,Thermocouple,1,1.5913
screen,other__2,Thermocouple,5,2.77
screen,other__2,Thermocouple,6,5.0489
screen,other__2,Thermocouple,7,7.8516
screen,other__2,Thermocouple,8,7.5373
screen,other__2,Thermocouple,9,3.5951
screen,other__2,Thermocouple,10,4.1452
screen,other__2,Thermocouple,11,7.4849
screen,other__2,Thermocouple,12,8.5981
screen,other__2,Thermocouple,13,6.6467
screen,other__2,Thermocouple,14,5.4942
screen,other__2,Thermocouple,15,3.6475
screen,other__2,Thermocouple,16,7.3539
screen,other__2,Thermocouple,17,9.6197
screen,other__2,Voltage,0,2.4682
screen,other__2,Voltage,1,2.2052
screen,other__2,Voltage,5,2.1271
screen,other__2,Voltage,6,2.4734
screen,other__2,Voltage,7,2.3718
screen,other__2,Voltage,8,2.2508
screen,other__2,Voltage,9,2.2871
screen,other__2,Voltage,10,2.4612
screen,other__2,Voltage,11,2.3419
screen,other__2,Voltage,12,2.1229
screen,other__2,Voltage,13,2.4382
screen,other__2,Voltage,14,2.33
screen,other__2,Voltage,15,2.4879
screen,other__2,Voltage,16,2.4532
screen,other__2,Voltage,17,2.4332
screen,other__2,Volume Flow RateRMS,0,35.6873
screen,other__2,Volume Flow RateRMS,1,70.0328
screen,other__2,Volume Flow RateRMS,5,35.0129
screen,other__2,Volume Flow RateRMS,6,71.364
screen,other__2,Volume Flow RateRMS,7,72.0492
screen,other__2,Volume Flow RateRMS,8,72.0492
screen,other__2,Volume Flow RateRMS,9,71.3568
screen,other__2,Volume Flow RateRMS,10,72.0492
screen,other__2,Volume Flow RateRMS,11,71.3568
screen,other__2,Volume Flow RateRMS,12,70.015
screen,other__2,Volume Flow RateRMS,13,105.6952
screen,other__2,Volume Flow RateRMS,14,105.6952
screen,other__2,Volume Flow RateRMS,15,105.6952
screen,other__2,Volume Flow RateRMS,16,106.3875
screen,other__2,Volume Flow RateRMS,17,105.01
spc,other__2,Accelerometer1RMS,0,0.0
spc,other__2,Accelerometer1RMS,1,0.0
spc,other__2,Accelerometer1RMS,5,0.0
spc,other__2,Accelerometer1RMS,6,40.0
spc,other__2,Accelerometer1RMS,7,0.0
spc,other__2,Accelerometer1RMS,8,3.0
spc,other__2,Accelerometer1RMS,9,2.0
spc,other__2,Accelerometer1RMS,10,1.0
spc,other__2,Accelerometer1RMS,11,1.0
spc,other__2,Accelerometer1RMS,12,1.0
spc,other__2,Accelerometer1RMS,13,1.0
spc,other__2,Accelerometer1RMS,14,0.0
spc,other__2,Accelerometer1RMS,15,0.0
spc,other__2,Accelerometer1RMS,16,0.0
spc,other__2,Accelerometer1RMS,17,0.0
spc,other__2,Accelerometer2RMS,0,0.0
spc,other__2,Accelerometer2RMS,1,0.0
spc,other__2,Accelerometer2RMS,5,0.0
spc,other__2,Accelerometer2RMS,6,0.0
spc,other__2,Accelerometer2RMS,7,0.0
spc,other__2,Accelerometer2RMS,8,1.0
spc,other__2,Accelerometer2RMS,9,2.0
spc,other__2,Accelerometer2RMS,10,0.0
spc,other__2,Accelerometer2RMS,11,1.0
spc,other__2,Accelerometer2RMS,12,2.0
spc,other__2,Accelerometer2RMS,13,0.0
spc,other__2,Accelerometer2RMS,14,0.0
spc,other__2,Accelerometer2RMS,15,0.0
spc,other__2,Accelerometer2RMS,16,1.0
spc,other__2,Accelerometer2RMS,17,1.0
spc,other__2,Current,0,2.0
spc,other__2,Current,1,3.0
spc,other__2,Current,5,0.0
spc,other__2,Current,6,2.0
spc,other__2,Current,7,0.0
spc,other__2,Current,8,0.0
spc,other__2,Current,9,1.0
spc,other__2,Current,10,0.0
spc,other__2,Current,11,4.0
spc,other__2,Current,12,0.0
spc,other__2,Current,13,2.0
spc,other__2,Current,14,0.0
spc,other__2,Current,15,1.0
spc,other__2,Current,16,6.0
spc,other__2,Current,17,0.0
spc,other__2,Temperature,0,3.0
spc,other__2,Temperature,1,3.0
spc,other__2,Temperature,5,6.0
spc,other__2,Temperature,6,61.0
spc,other__2,Temperature,7,58.0
spc,other__2,Temperature,8,58.0
spc,other__2,Temperature,9,55.0
spc,other__2,Temperature,10,25.0
spc,other__2,Temperature,11,37.0
spc,other__2,Temperature,12,3.0
spc,other__2,Temperature,13,2.0
spc,other__2,Temperature,14,6.0
spc,other__2,Temperature,15,53.0
spc,other__2,Temperature,16,54.0
spc,other__2,Temperature,17,42.0
spc,other__2,Thermocouple,0,2.0
spc,other__2,Thermocouple,1,2.0
spc,other__2,Thermocouple,5,0.0
spc,other__2,Thermocouple,6,33.0
spc,other__2,Thermocouple,7,58.0
spc,other__2,Thermocouple,8,54.0
spc,other__2,Thermocouple,9,4.0
spc,other__2,Thermocouple,10,10.0
spc,other__2,Thermocouple,11,55.0
spc,other__2,Thermocouple,12,58.0
spc,other__2,Thermocouple,13,45.0
spc,other__2,Thermocouple,14,27.0
spc,other__2,Thermocouple,15,5.0
spc,other__2,Thermocouple,16,57.0
spc,other__2,Thermocouple,17,42.0
spc,other__2,Voltage,0,0.0
spc,other__2,Voltage,1,0.0
spc,other__2,Voltage,5,0.0
spc,other__2,Voltage,6,0.0
spc,other__2,Voltage,7,0.0
spc,other__2,Voltage,8,1.0
spc,other__2,Voltage,9,0.0
spc,other__2,Voltage,10,0.0
spc,other__2,Voltage,11,1.0
spc,other__2,Voltage,12,0.0
spc,other__2,Voltage,13,0.0
spc,other__2,Voltage,14,0.0
spc,other__2,Voltage,15,0.0
spc,other__2,Voltage,16,1.0
spc,other__2,Voltage,17,1.0
spc,other__2,Volume Flow RateRMS,0,22.0
spc,other__2,Volume Flow RateRMS,1,23.0
spc,other__2,Volume Flow RateRMS,5,6.0
spc,other__2,Volume Flow RateRMS,6,50.0
spc,other__2,Volume Flow RateRMS,7,57.0
spc,other__2,Volume Flow RateRMS,8,56.0
spc,other__2,Volume Flow RateRMS,9,56.0
spc,other__2,Volume Flow RateRMS,10,55.0
spc,other__2,Volume Flow RateRMS,11,51.0
spc,other__2,Volume Flow RateRMS,12,57.0
spc,other__2,Volume Flow RateRMS,13,58.0
spc,other__2,Volume Flow RateRMS,14,58.0
spc,other__2,Volume Flow RateRMS,15,58.0
spc,other__2,Volume Flow RateRMS,16,59.0
spc,other__2,Volume Flow RateRMS,17,42.0
screen,other__3,Accelerometer1RMS,0,1.702
screen,other__3,Accelerometer1RMS,1,2.0594
screen,other__3,Accelerometer1RMS,2,2.4342
screen,other__3,Accelerometer1RMS,3,1.9985
screen,other__3,Accelerometer1RMS,4,3.0759
screen,other__3,Accelerometer1RMS,5,2.4013
screen,other__3,Accelerometer1RMS,6,2.6163
screen,other__3,Accelerometer1RMS,7,2.6983
screen,other__3,Accelerometer1RMS,8,2.4199
screen,other__3,Accelerometer1RMS,9,2.1295
screen,other__3,Accelerometer1RMS,10,2.3205
screen,other__3,Accelerometer1RMS,11,2.5076
screen,other__3,Accelerometer1RMS,12,2.3307
screen,other__3,Accelerometer1RMS,13,2.2579
screen,other__3,Accelerometer1RMS,14,2.2837
screen,other__3,Accelerometer1RMS,15,2.4096
screen,other__3,Accelerometer1RMS,16,3.0418
screen,other__3,Accelerometer1RMS,17,3.3026
screen,other__3,Accelerometer1RMS,18,2.3531
screen,other__3,Accelerometer1RMS,19,3.6228
screen,other__3,Accelerometer2RMS,0,1.9331
screen,other__3,Accelerometer2RMS,1,1.627
screen,other__3,Accelerometer2RMS,2,1.4739
screen,other__3,Accelerometer2RMS,3,2.4855
screen,other__3,Accelerometer2RMS,4,2.4737
screen,other__3,Accelerometer2RMS,5,2.2299
screen,other__3,Accelerometer2RMS,6,2.3655
screen,other__3,Accelerometer2RMS,7,1.9348
screen,other__3,Accelerometer2RMS,8,1.754
screen,other__3,Accelerometer2RMS,9,1.4707
screen,other__3,Accelerometer2RMS,10,1.6722
screen,other__3,Accelerometer2RMS,11,1.5544
screen,other__3,Accelerometer2RMS,12,1.7579
screen,other__3,Accelerometer2RMS,13,1.5455
screen,other__3,Accelerometer2RMS,14,1.7092
screen,other__3,Accelerometer2RMS,15,1.7711
screen,other__3,Accelerometer2RMS,16,1.7252
screen,other__3,Accelerometer2RMS,17,1.8644
screen,other__3,Accelerometer2RMS,18,2.0395
screen,other__3,Accelerometer2RMS,19,2.4584
screen,other__3,Current,0,2.7723
screen,other__3,Current,1,2.6618
screen,other__3,Current,2,2.4542
screen,other__3,Current,3,2.2021
screen,other__3,Current,4,2.2648
screen,other__3,Current,5,2.7387
screen,other__3,Current,6,2.4575
screen,other__3,Current,7,2.5479
screen,other__3,Current,8,2.4096
screen,other__3,Current,9,2.7492
screen,other__3,Current,10,2.3202
screen,other__3,Current,11,2.2892
screen,other__3,Current,12,2.393
screen,other__3,Current,13,2.5726
screen,other__3,Current,14,2.4196
screen,other__3,Current,15,2.6785
screen,other__3,Current,16,2.6581
screen,other__3,Current,17,2.4448
screen,other__3,Current,18,2.7364
screen,other__3,Current,19,2.7336
screen,other__3,Temperature,0,2.1195
screen,other__3,Temperature,1,2.1416
screen,other__3,Temperature,2,2.2072
screen,other__3,Temperature,3,0.9318
screen,other__3,Temperature,4,4.304
screen,other__3,Temperature,5,4.6138
screen,other__3,Temperature,6,3.7756
screen,other__3,Temperature,7,2.5769
screen,other__3,Temperature,8,3.6659
screen,other__3,Temperature,9,3.0122
screen,other__3,Temperature,10,2.7305
screen,other__3,Temperature,11,3.3167
screen,other__3,Temperature,12,3.2374
screen,other__3,Temperature,13,3.8376
screen,other__3,Temperature,14,4.0132
screen,other__3,Temperature,15,5.0092
screen,other__3,Temperature,16,5.8474
screen,other__3,Temperature,17,6.4587
screen,other__3,Temperature,18,5.5083
screen,other__3,Temperature,19,5.7162
screen,other__3,Thermocouple,0,2.6661
screen,other__3,Thermocouple,1,1.6671
screen,other__3,Thermocouple,2,1.6226
screen,other__3,Thermocouple,3,1.6353
screen,other__3,Thermocouple,4,1.9598
screen,other__3,Thermocouple,5,1.8898
screen,other__3,Thermocouple,6,2.0107
screen,other__3,Thermocouple,7,2.9525
screen,other__3,Thermocouple,8,2.9525
screen,other__3,Thermocouple,9,1.3235
screen,other__3,Thermocouple,10,2.1062
screen,other__3,Thermocouple,11,2.8889
screen,other__3,Thermocouple,12,2.4753
screen,other__3,Thermocouple,13,1.5717
screen,other__3,Thermocouple,14,2.3544
screen,other__3,Thermocouple,15,1.8517
screen,other__3,Thermocouple,16,2.278
screen,other__3,Thermocouple,17,1.7944
screen,other__3,Thermocouple,18,2.3225
screen,other__3,Thermocouple,19,2.9779
screen,other__3,Voltage,0,2.7557
screen,other__3,Voltage,1,2.6942
screen,other__3,Voltage,2,2.6536
screen,other__3,Voltage,3,2.681
screen,other__3,Voltage,4,2.6527
screen,other__3,Voltage,5,2.5986
screen,other__3,Voltage,6,2.4338
screen,other__3,Voltage,7,2.589
screen,other__3,Voltage,8,2.5512
screen,other__3,Voltage,9,2.5553
screen,other__3,Voltage,10,2.6438
screen,other__3,Voltage,11,2.6277
screen,other__3,Voltage,12,2.5792
screen,other__3,Voltage,13,2.7745
screen,other__3,Voltage,14,2.51
screen,other__3,Voltage,15,2.6909
screen,other__3,Voltage,16,2.8004
screen,other__3,Voltage,17,2.6225
screen,other__3,Voltage,18,2.5418
screen,other__3,Voltage,19,2.6858
screen,other__3,Volume Flow RateRMS,0,34.7676
screen,other__3,Volume Flow RateRMS,1,34.7676
screen,other__3,Volume Flow RateRMS,2,34.7676
screen,other__3,Volume Flow RateRMS,3,34.0826
screen,other__3,Volume Flow RateRMS,4,34.0826
screen,other__3,Volume Flow RateRMS,5,34.7676
screen,other__3,Volume Flow RateRMS,6,68.8363
screen,other__3,Volume Flow RateRMS,7,34.7676
screen,other__3,Volume Flow RateRMS,8,34.7676
screen,other__3,Volume Flow RateRMS,9,34.7676
screen,other__3,Volume Flow RateRMS,10,104.3027
screen,other__3,Volume Flow RateRMS,11,104.3027
screen,other__3,Volume Flow RateRMS,12,104.3027
screen,other__3,Volume Flow RateRMS,13,103.5934
screen,other__3,Volume Flow RateRMS,14,103.5934
screen,other__3,Volume Flow RateRMS,15,103.5934
screen,other__3,Volume Flow RateRMS,16,103.5865
screen,other__3,Volume Flow RateRMS,17,69.5351
screen,other__3,Volume Flow RateRMS,18,34.7676
screen,other__3,Volume Flow RateRMS,19,34.7676
spc,other__3,Accelerometer1RMS,0,0.0
spc,other__3,Accelerometer1RMS,1,0.0
spc,other__3,Accelerometer1RMS,2,0.0
spc,other__3,Accelerometer1RMS,3,0.0
spc,other__3,Accelerometer1RMS,4,2.0
spc,other__3,Accelerometer1RMS,5,0.0
spc,other__3,Accelerometer1RMS,6,0.0
spc,other__3,Accelerometer1RMS,7,0.0
spc,other__3,Accelerometer1RMS,8,0.0
spc,other__3,Accelerometer1RMS,9,2.0
spc,other__3,Accelerometer1RMS,10,0.0
spc,other__3,Accelerometer1RMS,11,0.0
spc,other__3,Accelerometer1RMS,12,0.0
spc,other__3,Accelerometer1RMS,13,0.0
spc,other__3,Accelerometer1RMS,14,0.0
spc,other__3,Accelerometer1RMS,15,1.0
spc,other__3,Accelerometer1RMS,16,3.0
spc,other__3,Accelerometer1RMS,17,6.0
spc,other__3,Accelerometer1RMS,18,3.0
spc,other__3,Accelerometer1RMS,19,7.0
spc,other__3,Accelerometer2RMS,0,0.0
spc,other__3,Accelerometer2RMS,1,0.0
spc,other__3,Accelerometer2RMS,2,0.0
spc,other__3,Accelerometer2RMS,3,0.0
spc,other__3,Accelerometer2RMS,4,2.0
spc,other__3,Accelerometer2RMS,5,0.0
spc,other__3,Accelerometer2RMS,6,1.0
spc,other__3,Accelerometer2RMS,7,2.0
spc,other__3,Accelerometer2RMS,8,0.0
spc,other__3,Accelerometer2RMS,9,0.0
spc,other__3,Accelerometer2RMS,10,1.0
spc,other__3,Accelerometer2RMS,11,1.0
spc,other__3,Accelerometer2RMS,12,0.0
spc,other__3,Accelerometer2RMS,13,0.0
spc,other__3,Accelerometer2RMS,14,0.0
spc,other__3,Accelerometer2RMS,15,0.0
spc,other__3,Accelerometer2RMS,16,0.0
spc,other__3,Accelerometer2RMS,17,0.0
spc,other__3,Accelerometer2RMS,18,0.0
spc,other__3,Accelerometer2RMS,19,1.0
spc,other__3,Current,0,1.0
spc,other__3,Current,1,1.0
spc,other__3,Current,2,1.0
spc,other__3,Current,3,2.0
spc,other__3,Current,4,1.0
spc,other__3,Current,5,0.0
spc,other__3,Current,6,0.0
spc,other__3,Current,7,2.0
spc,other__3,Current,8,0.0
spc,other__3,Current,9,0.0
spc,other__3,Current,10,0.0
spc,other__3,Current,11,1.0
spc,other__3,Current,12,0.0
spc,other__3,Current,13,2.0
spc,other__3,Current,14,0.0
spc,other__3,Current,15,0.0
spc,other__3,Current,16,1.0
spc,other__3,Current,17,0.0
spc,other__3,Current,18,0.0
spc,other__3,Current,19,1.0
spc,other__3,Temperature,0,1.0
spc,other__3,Temperature,1,3.0
spc,other__3,Temperature,2,3.0
spc,other__3,Temperature,3,1.0
spc,other__3,Temperature,4,17.0
spc,other__3,Temperature,5,40.0
spc,other__3,Temperature,6,28.0
spc,other__3,Temperature,7,2.0
spc,other__3,Temperature,8,7.0
spc,other__3,Temperature,9,2.0
spc,other__3,Temperature,10,1.0
spc,other__3,Temperature,11,4.0
spc,other__3,Temperature,12,3.0
spc,other__3,Temperature,13,36.0
spc,other__3,Temperature,14,5.0
spc,other__3,Temperature,15,55.0
spc,other__3,Temperature,16,59.0
spc,other__3,Temperature,17,58.0
spc,other__3,Temperature,18,58.0
spc,other__3,Temperature,19,41.0
spc,other__3,Thermocouple,0,1.0
spc,other__3,Thermocouple,1,2.0
spc,other__3,Thermocouple,2,2.0
spc,other__3,Thermocouple,3,1.0
spc,other__3,Thermocouple,4,2.0
spc,other__3,Thermocouple,5,1.0
spc,other__3,Thermocouple,6,1.0
spc,other__3,Thermocouple,7,1.0
spc,other__3,Thermocouple,8,1.0
spc,other__3,Thermocouple,9,2.0
spc,other__3,Thermocouple,10,1.0
spc,other__3,Thermocouple,11,1.0
spc,other__3,Thermocouple,12,1.0
spc,other__3,Thermocouple,13,2.0
spc,other__3,Thermocouple,14,1.0
spc,other__3,Thermocouple,15,1.0
spc,other__3,Thermocouple,16,1.0
spc,other__3,Thermocouple,17,2.0
spc,other__3,Thermocouple,18,2.0
spc,other__3,Thermocouple,19,2.0
spc,other__3,Voltage,0,0.0
spc,other__3,Voltage,1,1.0
spc,other__3,Voltage,2,2.0
spc,other__3,Voltage,3,2.0
spc,other__3,Voltage,4,2.0
spc,other__3,Voltage,5,0.0
spc,other__3,Voltage,6,1.0
spc,other__3,Voltage,7,0.0
spc,other__3,Voltage,8,0.0
spc,other__3,Voltage,9,1.0
spc,other__3,Voltage,10,0.0
spc,other__3,Voltage,11,0.0
spc,other__3,Voltage,12,0.0
spc,other__3,Voltage,13,1.0
spc,other__3,Voltage,14,0.0
spc,other__3,Voltage,15,0.0
spc,other__3,Voltage,16,1.0
spc,other__3,Voltage,17,0.0
spc,other__3,Voltage,18,1.0
spc,other__3,Voltage,19,0.0
spc,other__3,Volume Flow RateRMS,0,11.0
spc,other__3,Volume Flow RateRMS,1,24.0
spc,other__3,Volume Flow RateRMS,2,13.0
spc,other__3,Volume Flow RateRMS,3,19.0
spc,other__3,Volume Flow RateRMS,4,14.0
spc,other__3,Volume Flow RateRMS,5,24.0
spc,other__3,Volume Flow RateRMS,6,19.0
spc,other__3,Volume Flow RateRMS,7,35.0
spc,other__3,Volume Flow RateRMS,8,29.0
spc,other__3,Volume Flow RateRMS,9,23.0
spc,other__3,Volume Flow RateRMS,10,52.0
spc,other__3,Volume Flow RateRMS,11,58.0
spc,other__3,Volume Flow RateRMS,12,57.0
spc,other__3,Volume Flow RateRMS,13,59.0
spc,other__3,Volume Flow RateRMS,14,57.0
spc,other__3,Volume Flow RateRMS,15,58.0
spc,other__3,Volume Flow RateRMS,16,58.0
spc,other__3,Volume Flow RateRMS,17,21.0
spc,other__3,Volume Flow RateRMS,18,30.0
spc,other__3,Volume Flow RateRMS,19,27.0
screen,other__4,Accelerometer1RMS,0,2.1959
screen,other__4,Accelerometer1RMS,1,2.4555
screen,other__4,Accelerometer1RMS,2,1.544
screen,other__4,Accelerometer1RMS,3,2.7743
screen,other__4,Accelerometer1RMS,4,3.0089
screen,other__4,Accelerometer1RMS,5,2.2262
screen,other__4,Accelerometer1RMS,6,2.2686
screen,other__4,Accelerometer1RMS,7,2.6819
screen,other__4,Accelerometer1RMS,8,2.1871
screen,other__4,Accelerometer1RMS,9,2.5447
screen,other__4,Accelerometer1RMS,10,2.646
screen,other__4,Accelerometer1RMS,11,1.6616
screen,other__4,Accelerometer1RMS,12,2.1909
screen,other__4,Accelerometer1RMS,13,2.3691
screen,other__4,Accelerometer1RMS,14,1.8451
screen,other__4,Accelerometer1RMS,15,2.2936
screen,other__4,Accelerometer1RMS,16,1.9084
screen,other__4,Accelerometer1RMS,17,1.9181
screen,other__4,Accelerometer1RMS,18,1.8234
screen,other__4,Accelerometer1RMS,19,1.945
screen,other__4,Accelerometer1RMS,20,1.7375
screen,other__4,Accelerometer2RMS,0,1.4091
screen,other__4,Accelerometer2RMS,1,1.5532
screen,other__4,Accelerometer2RMS,2,1.677
screen,other__4,Accelerometer2RMS,3,2.0341
screen,other__4,Accelerometer2RMS,4,2.8891
screen,other__4,Accelerometer2RMS,5,2.5875
screen,other__4,Accelerometer2RMS,6,1.9637
screen,other__4,Accelerometer2RMS,7,1.7355
screen,other__4,Accelerometer2RMS,8,2.3427
screen,other__4,Accelerometer2RMS,9,2.2975
screen,other__4,Accelerometer2RMS,10,2.0629
screen,other__4,Accelerometer2RMS,11,1.7113
screen,other__4,Accelerometer2RMS,12,1.6284
screen,other__4,Accelerometer2RMS,13,1.6242
screen,other__4,Accelerometer2RMS,14,1.738
screen,other__4,Accelerometer2RMS,15,1.7489
screen,other__4,Accelerometer2RMS,16,1.3007
screen,other__4,Accelerometer2RMS,17,1.281
screen,other__4,Accelerometer2RMS,18,1.3799
screen,other__4,Accelerometer2RMS,19,1.4582
screen,other__4,Accelerometer2RMS,20,1.7107
screen,other__4,Current,0,2.6681
screen,other__4,Current,1,2.4449
screen,other__4,Current,2,2.7501
screen,other__4,Current,3,2.7471
screen,other__4,Current,4,2.387
screen,other__4,Current,5,2.743
screen,other__4,Current,6,2.7786
screen,other__4,Current,7,2.6178
screen,other__4,Current,8,2.7001
screen,other__4,Current,9,2.7446
screen,other__4,Current,10,2.7074
screen,other__4,Current,11,2.4883
screen,other__4,Current,12,2.6705
screen,other__4,Current,13,2.5758
screen,other__4,Current,14,2.5442
screen,other__4,Current,15,1.8913
screen,other__4,Current,16,2.6843
screen,other__4,Current,17,2.1566
screen,other__4,Current,18,2.6797
screen,other__4,Current,19,2.7362
screen,other__4,Current,20,2.4259
screen,other__4,Temperature,0,1.4238
screen,other__4,Temperature,1,1.7735
screen,other__4,Temperature,2,0.948
screen,other__4,Temperature,3,2.3726
screen,other__4,Temperature,4,3.488
screen,other__4,Temperature,5,4.8844
screen,other__4,Temperature,6,4.4432
screen,other__4,Temperature,7,1.9771
screen,other__4,Temperature,8,2.0338
screen,other__4,Temperature,9,4.6075
screen,other__4,Temperature,10,4.6336
screen,other__4,Temperature,11,5.1457
screen,other__4,Temperature,12,3.7214
screen,other__4,Temperature,13,3.0567
screen,other__4,Temperature,14,4.8898
screen,other__4,Temperature,15,5.6158
screen,other__4,Temperature,16,5.1848
screen,other__4,Temperature,17,2.3001
screen,other__4,Temperature,18,1.8849
screen,other__4,Temperature,19,5.3522
screen,other__4,Temperature,20,5.4527
screen,other__4,Thermocouple,0,1.2552
screen,other__4,Thermocouple,1,1.6036
screen,other__4,Thermocouple,2,1.2864
screen,other__4,Thermocouple,3,1.7465
screen,other__4,Thermocouple,4,1.3579
screen,other__4,Thermocouple,5,1.072
screen,other__4,Thermocouple,6,0.7504
screen,other__4,Thermocouple,7,1.1792
screen,other__4,Thermocouple,8,1.6706
screen,other__4,Thermocouple,9,0.9202
screen,other__4,Thermocouple,10,1.6527
screen,other__4,Thermocouple,11,1.9431
screen,other__4,Thermocouple,12,1.9833
screen,other__4,Thermocouple,13,2.0547
screen,other__4,Thermocouple,14,1.6929
screen,other__4,Thermocouple,15,2.019
screen,other__4,Thermocouple,16,2.5729
screen,other__4,Thermocouple,17,2.7962
screen,other__4,Thermocouple,18,1.6885
screen,other__4,Thermocouple,19,3.703
screen,other__4,Thermocouple,20,4.2971
screen,other__4,Voltage,0,2.7019
screen,other__4,Voltage,1,2.4023
screen,other__4,Voltage,2,2.4606
screen,other__4,Voltage,3,2.595
screen,other__4,Voltage,4,2.6336
screen,other__4,Voltage,5,2.7022
screen,other__4,Voltage,6,2.6194
screen,other__4,Voltage,7,2.3094
screen,other__4,Voltage,8,2.4835
screen,other__4,Voltage,9,2.5098
screen,other__4,Voltage,10,2.6299
screen,other__4,Voltage,11,2.6148
screen,other__4,Voltage,12,2.6549
screen,other__4,Voltage,13,2.5861
screen,other__4,Voltage,14,2.4778
screen,other__4,Voltage,15,2.4069
screen,other__4,Voltage,16,2.6041
screen,other__4,Voltage,17,2.3568
screen,other__4,Voltage,18,2.5994
screen,other__4,Voltage,19,2.5434
screen,other__4,Voltage,20,2.3235
screen,other__4,Volume Flow RateRMS,0,1.3774
screen,other__4,Volume Flow RateRMS,1,1.3491
screen,other__4,Volume Flow RateRMS,2,1.3353
screen,other__4,Volume Flow RateRMS,3,1.3491
screen,other__4,Volume Flow RateRMS,4,1.349
screen,other__4,Volume Flow RateRMS,5,1.349
screen,other__4,Volume Flow RateRMS,6,1.349
screen,other__4,Volume Flow RateRMS,7,1.349
screen,other__4,Volume Flow RateRMS,8,1.3632
screen,other__4,Volume Flow RateRMS,9,1.3488
screen,other__4,Volume Flow RateRMS,10,1.3488
screen,other__4,Volume Flow RateRMS,11,1.377
screen,other__4,Volume Flow RateRMS,12,1.3768
screen,other__4,Volume Flow RateRMS,13,1.3915
screen,other__4,Volume Flow RateRMS,14,2.7689
screen,other__4,Volume Flow RateRMS,15,4.1315
screen,other__4,Volume Flow RateRMS,16,3.4576
screen,other__4,Volume Flow RateRMS,17,3.4576
screen,other__4,Volume Flow RateRMS,18,3.4427
screen,other__4,Volume Flow RateRMS,19,3.4427
screen,other__4,Volume Flow RateRMS,20,3.4427
spc,other__4,Accelerometer1RMS,0,0.0
spc,other__4,Accelerometer1RMS,1,0.0
spc,other__4,Accelerometer1RMS,2,0.0
spc,other__4,Accelerometer1RMS,3,0.0
spc,other__4,Accelerometer1RMS,4,1.0
spc,other__4,Accelerometer1RMS,5,0.0
spc,other__4,Accelerometer1RMS,6,0.0
spc,other__4,Accelerometer1RMS,7,0.0
spc,other__4,Accelerometer1RMS,8,2.0
spc,other__4,Accelerometer1RMS,9,0.0
spc,other__4,Accelerometer1RMS,10,0.0
spc,other__4,Accelerometer1RMS,11,0.0
spc,other__4,Accelerometer1RMS,12,0.0
spc,other__4,Accelerometer1RMS,13,0.0
spc,other__4,Accelerometer1RMS,14,0.0
spc,other__4,Accelerometer1RMS,15,0.0
spc,other__4,Accelerometer1RMS,16,0.0
spc,other__4,Accelerometer1RMS,17,0.0
spc,other__4,Accelerometer1RMS,18,0.0
spc,other__4,Accelerometer1RMS,19,0.0
spc,other__4,Accelerometer1RMS,20,0.0
spc,other__4,Accelerometer2RMS,0,0.0
spc,other__4,Accelerometer2RMS,1,0.0
spc,other__4,Accelerometer2RMS,2,0.0
spc,other__4,Accelerometer2RMS,3,0.0
spc,other__4,Accelerometer2RMS,4,0.0
spc,other__4,Accelerometer2RMS,5,1.0
spc,other__4,Accelerometer2RMS,6,0.0
spc,other__4,Accelerometer2RMS,7,0.0
spc,other__4,Accelerometer2RMS,8,0.0
spc,other__4,Accelerometer2RMS,9,1.0
spc,other__4,Accelerometer2RMS,10,1.0
spc,other__4,Accelerometer2RMS,11,0.0
spc,other__4,Accelerometer2RMS,12,1.0
spc,other__4,Accelerometer2RMS,13,0.0
spc,other__4,Accelerometer2RMS,14,0.0
spc,other__4,Accelerometer2RMS,15,0.0
spc,other__4,Accelerometer2RMS,16,0.0
spc,other__4,Accelerometer2RMS,17,0.0
spc,other__4,Accelerometer2RMS,18,0.0
spc,other__4,Accelerometer2RMS,19,0.0
spc,other__4,Accelerometer2RMS,20,0.0
spc,other__4,Current,0,1.0
spc,other__4,Current,1,0.0
spc,other__4,Current,2,0.0
spc,other__4,Current,3,1.0
spc,other__4,Current,4,0.0
spc,other__4,Current,5,0.0
spc,other__4,Current,6,1.0
spc,other__4,Current,7,0.0
spc,other__4,Current,8,2.0
spc,other__4,Current,9,0.0
spc,other__4,Current,10,0.0
spc,other__4,Current,11,0.0
spc,other__4,Current,12,0.0
spc,other__4,Current,13,0.0
spc,other__4,Current,14,0.0
spc,other__4,Current,15,5.0
spc,other__4,Current,16,1.0
spc,other__4,Current,17,2.0
spc,other__4,Current,18,0.0
spc,other__4,Current,19,1.0
spc,other__4,Current,20,1.0
spc,other__4,Temperature,0,3.0
spc,other__4,Temperature,1,1.0
spc,other__4,Temperature,2,0.0
spc,other__4,Temperature,3,2.0
spc,other__4,Temperature,4,7.0
spc,other__4,Temperature,5,35.0
spc,other__4,Temperature,6,22.0
spc,other__4,Temperature,7,1.0
spc,other__4,Temperature,8,4.0
spc,other__4,Temperature,9,34.0
spc,other__4,Temperature,10,58.0
spc,other__4,Temperature,11,58.0
spc,other__4,Temperature,12,12.0
spc,other__4,Temperature,13,4.0
spc,other__4,Temperature,14,26.0
spc,other__4,Temperature,15,57.0
spc,other__4,Temperature,16,36.0
spc,other__4,Temperature,17,1.0
spc,other__4,Temperature,18,3.0
spc,other__4,Temperature,19,39.0
spc,other__4,Temperature,20,55.0
spc,other__4,Thermocouple,0,2.0
spc,other__4,Thermocouple,1,2.0
spc,other__4,Thermocouple,2,2.0
spc,other__4,Thermocouple,3,2.0
spc,other__4,Thermocouple,4,2.0
spc,other__4,Thermocouple,5,1.0
spc,other__4,Thermocouple,6,1.0
spc,other__4,Thermocouple,7,1.0
spc,other__4,Thermocouple,8,1.0
spc,other__4,Thermocouple,9,3.0
spc,other__4,Thermocouple,10,1.0
spc,other__4,Thermocouple,11,1.0
spc,other__4,Thermocouple,12,1.0
spc,other__4,Thermocouple,13,1.0
spc,other__4,Thermocouple,14,1.0
spc,other__4,Thermocouple,15,1.0
spc,other__4,Thermocouple,16,1.0
spc,other__4,Thermocouple,17,1.0
spc,other__4,Thermocouple,18,1.0
spc,other__4,Thermocouple,19,13.0
spc,other__4,Thermocouple,20,47.0
spc,other__4,Voltage,0,0.0
spc,other__4,Voltage,1,0.0
spc,other__4,Voltage,2,1.0
spc,other__4,Voltage,3,0.0
spc,other__4,Voltage,4,0.0
spc,other__4,Voltage,5,0.0
spc,other__4,Voltage,6,0.0
spc,other__4,Voltage,7,0.0
spc,other__4,Voltage,8,1.0
spc,other__4,Voltage,9,0.0
spc,other__4,Voltage,10,0.0
spc,other__4,Voltage,11,2.0
spc,other__4,Voltage,12,0.0
spc,other__4,Voltage,13,0.0
spc,other__4,Voltage,14,2.0
spc,other__4,Voltage,15,0.0
spc,other__4,Voltage,16,0.0
spc,other__4,Voltage,17,0.0
spc,other__4,Voltage,18,1.0
spc,other__4,Voltage,19,0.0
spc,other__4,Voltage,20,0.0
spc,other__4,Volume Flow RateRMS,0,1.0
spc,other__4,Volume Flow RateRMS,1,1.0
spc,other__4,Volume Flow RateRMS,2,0.0
spc,other__4,Volume Flow RateRMS,3,1.0
spc,other__4,Volume Flow RateRMS,4,1.0
spc,other__4,Volume Flow RateRMS,5,1.0
spc,other__4,Volume Flow RateRMS,6,1.0
spc,other__4,Volume Flow RateRMS,7,1.0
spc,other__4,Volume Flow RateRMS,8,1.0
spc,other__4,Volume Flow RateRMS,9,1.0
spc,other__4,Volume Flow RateRMS,10,1.0
spc,other__4,Volume Flow RateRMS,11,5.0
spc,other__4,Volume Flow RateRMS,12,1.0
spc,other__4,Volume Flow RateRMS,13,1.0
spc,other__4,Volume Flow RateRMS,14,1.0
spc,other__4,Volume Flow RateRMS,15,45.0
spc,other__4,Volume Flow RateRMS,16,35.0
spc,other__4,Volume Flow RateRMS,17,15.0
spc,other__4,Volume Flow RateRMS,18,6.0
spc,other__4,Volume Flow RateRMS,19,12.0
spc,other__4,Volume Flow RateRMS,20,5.0
screen,other__5,Accelerometer1RMS,0,3.4698
screen,other__5,Accelerometer1RMS,1,2.8071
screen,other__5,Accelerometer1RMS,2,5.9142
screen,other__5,Accelerometer1RMS,3,5.9532
screen,other__5,Accelerometer1RMS,4,2.6372
screen,other__5,Accelerometer1RMS,5,3.0718
screen,other__5,Accelerometer1RMS,6,17.4493
screen,other__5,Accelerometer1RMS,7,5.4895
screen,other__5,Accelerometer1RMS,8,4.6284
screen,other__5,Accelerometer1RMS,9,6.7164
screen,other__5,Accelerometer1RMS,10,313.9252
screen,other__5,Accelerometer1RMS,11,265.3576
screen,other__5,Accelerometer1RMS,12,265.1114
screen,other__5,Accelerometer1RMS,13,258.3014
screen,other__5,Accelerometer1RMS,14,263.2721
screen,other__5,Accelerometer1RMS,15,257.8762
screen,other__5,Accelerometer1RMS,16,261.1476
screen,other__5,Accelerometer1RMS,17,258.9623
screen,other__5,Accelerometer1RMS,18,5.0134
screen,other__5,Accelerometer1RMS,19,5.6799
screen,other__5,Accelerometer1RMS,20,4.6811
screen,other__5,Accelerometer2RMS,0,2.5918
screen,other__5,Accelerometer2RMS,1,2.9622
screen,other__5,Accelerometer2RMS,2,2.6534
screen,other__5,Accelerometer2RMS,3,4.9606
screen,other__5,Accelerometer2RMS,4,5.4648
screen,other__5,Accelerometer2RMS,5,6.4012
screen,other__5,Accelerometer2RMS,6,15.3957
screen,other__5,Accelerometer2RMS,7,6.2366
screen,other__5,Accelerometer2RMS,8,5.7218
screen,other__5,Accelerometer2RMS,9,8.0582
screen,other__5,Accelerometer2RMS,10,431.4374
screen,other__5,Accelerometer2RMS,11,408.0329
screen,other__5,Accelerometer2RMS,12,393.2119
screen,other__5,Accelerometer2RMS,13,383.5599
screen,other__5,Accelerometer2RMS,14,376.7801
screen,other__5,Accelerometer2RMS,15,379.2592
screen,other__5,Accelerometer2RMS,16,372.8402
screen,other__5,Accelerometer2RMS,17,368.97
screen,other__5,Accelerometer2RMS,18,9.117
screen,other__5,Accelerometer2RMS,19,9.1137
screen,other__5,Accelerometer2RMS,20,8.4344
screen,other__5,Current,0,3.7443
screen,other__5,Current,1,4.1681
screen,other__5,Current,2,4.5342
screen,other__5,Current,3,4.5765
screen,other__5,Current,4,4.5636
screen,other__5,Current,5,4.6358
screen,other__5,Current,6,4.6462
screen,other__5,Current,7,4.2492
screen,other__5,Current,8,4.6585
screen,other__5,Current,9,3.9891
screen,other__5,Current,10,4.402
screen,other__5,Current,11,4.5486
screen,other__5,Current,12,4.0297
screen,other__5,Current,13,2.3724
screen,other__5,Current,14,4.4806
screen,other__5,Current,15,4.4196
screen,other__5,Current,16,4.4753
screen,other__5,Current,17,4.1809
screen,other__5,Current,18,3.3908
screen,other__5,Current,19,4.1431
screen,other__5,Current,20,2.7067
screen,other__5,Temperature,0,1.7711
screen,other__5,Temperature,1,1.8331
screen,other__5,Temperature,2,1.2171
screen,other__5,Temperature,3,1.5787
screen,other__5,Temperature,4,1.5731
screen,other__5,Temperature,5,1.2599
screen,other__5,Temperature,6,1.6526
screen,other__5,Temperature,7,1.693
screen,other__5,Temperature,8,1.5844
screen,other__5,Temperature,9,1.9327
screen,other__5,Temperature,10,1.5419
screen,other__5,Temperature,11,1.3988
screen,other__5,Temperature,12,1.519
screen,other__5,Temperature,13,1.5671
screen,other__5,Temperature,14,1.6591
screen,other__5,Temperature,15,2.1457
screen,other__5,Temperature,16,1.7456
screen,other__5,Temperature,17,2.1423
screen,other__5,Temperature,18,1.6087
screen,other__5,Temperature,19,1.9332
screen,other__5,Temperature,20,1.1741
screen,other__5,Thermocouple,0,2.376
screen,other__5,Thermocouple,1,2.9126
screen,other__5,Thermocouple,2,2.2228
screen,other__5,Thermocouple,3,3.6024
screen,other__5,Thermocouple,4,3.0045
screen,other__5,Thermocouple,5,4.1849
screen,other__5,Thermocouple,6,3.8323
screen,other__5,Thermocouple,7,3.7404
screen,other__5,Thermocouple,8,4.2922
screen,other__5,Thermocouple,9,5.6872
screen,other__5,Thermocouple,10,6.9748
screen,other__5,Thermocouple,11,6.2237
screen,other__5,Thermocouple,12,5.8405
screen,other__5,Thermocouple,13,11.0065
screen,other__5,Thermocouple,14,17.4448
screen,other__5,Thermocouple,15,15.7126
screen,other__5,Thermocouple,16,38.1087
screen,other__5,Thermocouple,17,39.3811
screen,other__5,Thermocouple,18,22.5188
screen,other__5,Thermocouple,19,29.8156
screen,other__5,Thermocouple,20,30.8426
screen,other__5,Voltage,0,3.8569
screen,other__5,Voltage,1,3.5814
screen,other__5,Voltage,2,3.7659
screen,other__5,Voltage,3,4.2703
screen,other__5,Voltage,4,4.0325
screen,other__5,Voltage,5,4.1837
screen,other__5,Voltage,6,4.097
screen,other__5,Voltage,7,4.2489
screen,other__5,Voltage,8,4.165
screen,other__5,Voltage,9,4.2089
screen,other__5,Voltage,10,4.1331
screen,other__5,Voltage,11,4.1415
screen,other__5,Voltage,12,4.199
screen,other__5,Voltage,13,3.9162
screen,other__5,Voltage,14,4.0117
screen,other__5,Voltage,15,4.2195
screen,other__5,Voltage,16,3.8977
screen,other__5,Voltage,17,4.0047
screen,other__5,Voltage,18,3.9406
screen,other__5,Voltage,19,4.0856
screen,other__5,Voltage,20,2.0019
screen,other__5,Volume Flow RateRMS,0,2.0818
screen,other__5,Volume Flow RateRMS,1,2.827
screen,other__5,Volume Flow RateRMS,2,2.0818
screen,other__5,Volume Flow RateRMS,3,2.827
screen,other__5,Volume Flow RateRMS,4,2.0818
screen,other__5,Volume Flow RateRMS,5,2.165
screen,other__5,Volume Flow RateRMS,6,3.4953
screen,other__5,Volume Flow RateRMS,7,2.0818
screen,other__5,Volume Flow RateRMS,8,2.8145
screen,other__5,Volume Flow RateRMS,9,3.4953
screen,other__5,Volume Flow RateRMS,10,3.4911
screen,other__5,Volume Flow RateRMS,11,2.0818
screen,other__5,Volume Flow RateRMS,12,2.0818
screen,other__5,Volume Flow RateRMS,13,2.0818
screen,other__5,Volume Flow RateRMS,14,2.0818
screen,other__5,Volume Flow RateRMS,15,2.1713
screen,other__5,Volume Flow RateRMS,16,2.8166
screen,other__5,Volume Flow RateRMS,17,3.4974
screen,other__5,Volume Flow RateRMS,18,5.5791
screen,other__5,Volume Flow RateRMS,19,4.915
screen,other__5,Volume Flow RateRMS,20,2.7521
spc,other__5,Accelerometer1RMS,0,4.0
spc,other__5,Accelerometer1RMS,1,4.0
spc,other__5,Accelerometer1RMS,2,9.0
spc,other__5,Accelerometer1RMS,3,30.0
spc,other__5,Accelerometer1RMS,4,1.0
spc,other__5,Accelerometer1RMS,5,3.0
spc,other__5,Accelerometer1RMS,6,27.0
spc,other__5,Accelerometer1RMS,7,54.0
spc,other__5,Accelerometer1RMS,8,13.0
spc,other__5,Accelerometer1RMS,9,18.0
spc,other__5,Accelerometer1RMS,10,59.0
spc,other__5,Accelerometer1RMS,11,58.0
spc,other__5,Accelerometer1RMS,12,59.0
spc,other__5,Accelerometer1RMS,13,58.0
spc,other__5,Accelerometer1RMS,14,58.0
spc,other__5,Accelerometer1RMS,15,59.0
spc,other__5,Accelerometer1RMS,16,59.0
spc,other__5,Accelerometer1RMS,17,20.0
spc,other__5,Accelerometer1RMS,18,15.0
spc,other__5,Accelerometer1RMS,19,47.0
spc,other__5,Accelerometer1RMS,20,6.0
spc,other__5,Accelerometer2RMS,0,1.0
spc,other__5,Accelerometer2RMS,1,0.0
spc,other__5,Accelerometer2RMS,2,0.0
spc,other__5,Accelerometer2RMS,3,16.0
spc,other__5,Accelerometer2RMS,4,43.0
spc,other__5,Accelerometer2RMS,5,48.0
spc,other__5,Accelerometer2RMS,6,56.0
spc,other__5,Accelerometer2RMS,7,45.0
spc,other__5,Accelerometer2RMS,8,24.0
spc,other__5,Accelerometer2RMS,9,15.0
spc,other__5,Accelerometer2RMS,10,58.0
spc,other__5,Accelerometer2RMS,11,58.0
spc,other__5,Accelerometer2RMS,12,59.0
spc,other__5,Accelerometer2RMS,13,58.0
spc,other__5,Accelerometer2RMS,14,58.0
spc,other__5,Accelerometer2RMS,15,59.0
spc,other__5,Accelerometer2RMS,16,59.0
spc,other__5,Accelerometer2RMS,17,58.0
spc,other__5,Accelerometer2RMS,18,54.0
spc,other__5,Accelerometer2RMS,19,53.0
spc,other__5,Accelerometer2RMS,20,8.0
spc,other__5,Current,0,2.0
spc,other__5,Current,1,2.0
spc,other__5,Current,2,2.0
spc,other__5,Current,3,3.0
spc,other__5,Current,4,4.0
spc,other__5,Current,5,7.0
spc,other__5,Current,6,8.0
spc,other__5,Current,7,4.0
spc,other__5,Current,8,4.0
spc,other__5,Current,9,4.0
spc,other__5,Current,10,5.0
spc,other__5,Current,11,2.0
spc,other__5,Current,12,3.0
spc,other__5,Current,13,0.0
spc,other__5,Current,14,5.0
spc,other__5,Current,15,2.0
spc,other__5,Current,16,6.0
spc,other__5,Current,17,3.0
spc,other__5,Current,18,1.0
spc,other__5,Current,19,2.0
spc,other__5,Current,20,0.0
spc,other__5,Temperature,0,2.0
spc,other__5,Temperature,1,2.0
spc,other__5,Temperature,2,2.0
spc,other__5,Temperature,3,2.0
spc,other__5,Temperature,4,1.0
spc,other__5,Temperature,5,2.0
spc,other__5,Temperature,6,2.0
spc,other__5,Temperature,7,2.0
spc,other__5,Temperature,8,2.0
spc,other__5,Temperature,9,1.0
spc,other__5,Temperature,10,1.0
spc,other__5,Temperature,11,2.0
spc,other__5,Temperature,12,3.0
spc,other__5,Temperature,13,2.0
spc,other__5,Temperature,14,1.0
spc,other__5,Temperature,15,2.0
spc,other__5,Temperature,16,3.0
spc,other__5,Temperature,17,3.0
spc,other__5,Temperature,18,2.0
spc,other__5,Temperature,19,3.0
spc,other__5,Temperature,20,1.0
spc,other__5,Thermocouple,0,2.0
spc,other__5,Thermocouple,1,3.0
spc,other__5,Thermocouple,2,1.0
spc,other__5,Thermocouple,3,2.0
spc,other__5,Thermocouple,4,3.0
spc,other__5,Thermocouple,5,11.0
spc,other__5,Thermocouple,6,4.0
spc,other__5,Thermocouple,7,4.0
spc,other__5,Thermocouple,8,7.0
spc,other__5,Thermocouple,9,40.0
spc,other__5,Thermocouple,10,50.0
spc,other__5,Thermocouple,11,45.0
spc,other__5,Thermocouple,12,55.0
spc,other__5,Thermocouple,13,58.0
spc,other__5,Thermocouple,14,58.0
spc,other__5,Thermocouple,15,59.0
spc,other__5,Thermocouple,16,66.0
spc,other__5,Thermocouple,17,58.0
spc,other__5,Thermocouple,18,58.0
spc,other__5,Thermocouple,19,61.0
spc,other__5,Thermocouple,20,10.0
spc,other__5,Voltage,0,3.0
spc,other__5,Voltage,1,4.0
spc,other__5,Voltage,2,6.0
spc,other__5,Voltage,3,10.0
spc,other__5,Voltage,4,7.0
spc,other__5,Voltage,5,8.0
spc,other__5,Voltage,6,6.0
spc,other__5,Voltage,7,6.0
spc,other__5,Voltage,8,10.0
spc,other__5,Voltage,9,13.0
spc,other__5,Voltage,10,7.0
spc,other__5,Voltage,11,9.0
spc,other__5,Voltage,12,10.0
spc,other__5,Voltage,13,8.0
spc,other__5,Voltage,14,9.0
spc,other__5,Voltage,15,10.0
spc,other__5,Voltage,16,7.0
spc,other__5,Voltage,17,6.0
spc,other__5,Voltage,18,8.0
spc,other__5,Voltage,19,5.0
spc,other__5,Voltage,20,0.0
spc,other__5,Volume Flow RateRMS,0,1.0
spc,other__5,Volume Flow RateRMS,1,2.0
spc,other__5,Volume Flow RateRMS,2,1.0
spc,other__5,Volume Flow RateRMS,3,0.0
spc,other__5,Volume Flow RateRMS,4,0.0
spc,other__5,Volume Flow RateRMS,5,0.0
spc,other__5,Volume Flow RateRMS,6,3.0
spc,other__5,Volume Flow RateRMS,7,0.0
spc,other__5,Volume Flow RateRMS,8,0.0
spc,other__5,Volume Flow RateRMS,9,1.0
spc,other__5,Volume Flow RateRMS,10,2.0
spc,other__5,Volume Flow RateRMS,11,0.0
spc,other__5,Volume Flow RateRMS,12,0.0
spc,other__5,Volume Flow RateRMS,13,0.0
spc,other__5,Volume Flow RateRMS,14,0.0
spc,other__5,Volume Flow RateRMS,15,0.0
spc,other__5,Volume Flow RateRMS,16,0.0
spc,other__5,Volume Flow RateRMS,17,5.0
spc,other__5,Volume Flow RateRMS,18,9.0
spc,other__5,Volume Flow RateRMS,19,9.0
spc,other__5,Volume Flow RateRMS,20,1.0
screen,other__6,Accelerometer1RMS,0,2.2466
screen,other__6,Accelerometer1RMS,1,2.4151
screen,other__6,Accelerometer1RMS,2,2.1652
screen,other__6,Accelerometer1RMS,3,1.9091
screen,other__6,Accelerometer1RMS,4,2.1145
screen,other__6,Accelerometer1RMS,5,2.0588
screen,other__6,Accelerometer1RMS,6,2.641
screen,other__6,Accelerometer1RMS,7,2.7896
screen,other__6,Accelerometer1RMS,8,3.6963
screen,other__6,Accelerometer1RMS,9,11.7202
screen,other__6,Accelerometer1RMS,10,193.2009
screen,other__6,Accelerometer1RMS,11,254.4948
screen,other__6,Accelerometer1RMS,12,246.1037
screen,other__6,Accelerometer1RMS,13,247.7294
screen,other__6,Accelerometer1RMS,14,246.3286
screen,other__6,Accelerometer1RMS,15,250.2742
screen,other__6,Accelerometer1RMS,16,224.3419
screen,other__6,Accelerometer1RMS,17,13.3339
screen,other__6,Accelerometer1RMS,18,3.9747
screen,other__6,Accelerometer1RMS,19,4.4727
screen,other__6,Accelerometer1RMS,20,0.5999
screen,other__6,Accelerometer2RMS,0,3.2661
screen,other__6,Accelerometer2RMS,1,3.4457
screen,other__6,Accelerometer2RMS,2,2.7654
screen,other__6,Accelerometer2RMS,3,2.7295
screen,other__6,Accelerometer2RMS,4,2.5952
screen,other__6,Accelerometer2RMS,5,2.5217
screen,other__6,Accelerometer2RMS,6,3.9603
screen,other__6,Accelerometer2RMS,7,2.9203
screen,other__6,Accelerometer2RMS,8,2.4107
screen,other__6,Accelerometer2RMS,9,6.0133
screen,other__6,Accelerometer2RMS,10,149.6315
screen,other__6,Accelerometer2RMS,11,211.9757
screen,other__6,Accelerometer2RMS,12,204.3888
screen,other__6,Accelerometer2RMS,13,200.9891
screen,other__6,Accelerometer2RMS,14,202.665
screen,other__6,Accelerometer2RMS,15,201.1181
screen,other__6,Accelerometer2RMS,16,174.8429
screen,other__6,Accelerometer2RMS,17,14.4857
screen,other__6,Accelerometer2RMS,18,4.9411
screen,other__6,Accelerometer2RMS,19,3.0766
screen,other__6,Accelerometer2RMS,20,3.0148
screen,other__6,Current,0,2.8326
screen,other__6,Current,1,3.2234
screen,other__6,Current,2,3.2803
screen,other__6,Current,3,2.1749
screen,other__6,Current,4,2.6174
screen,other__6,Current,5,2.2691
screen,other__6,Current,6,2.9808
screen,other__6,Current,7,3.3342
screen,other__6,Current,8,3.263
screen,other__6,Current,9,3.1873
screen,other__6,Current,10,2.9561
screen,other__6,Current,11,2.8986
screen,other__6,Current,12,1.358
screen,other__6,Current,13,1.9863
screen,other__6,Current,14,1.6474
screen,other__6,Current,15,2.1091
screen,other__6,Current,16,2.8891
screen,other__6,Current,17,3.0147
screen,other__6,Current,18,2.9879
screen,other__6,Current,19,3.1602
screen,other__6,Current,20,0.0575
screen,other__6,Temperature,0,1.3641
screen,other__6,Temperature,1,1.2981
screen,other__6,Temperature,2,1.4867
screen,other__6,Temperature,3,1.726
screen,other__6,Temperature,4,1.4235
screen,other__6,Temperature,5,1.3094
screen,other__6,Temperature,6,1.5233
screen,other__6,Temperature,7,1.4425
screen,other__6,Temperature,8,1.4342
screen,other__6,Temperature,9,1.4532
screen,other__6,Temperature,10,1.4614
screen,other__6,Temperature,11,1.4378
screen,other__6,Temperature,12,1.9613
screen,other__6,Temperature,13,2.1016
screen,other__6,Temperature,14,2.0617
screen,other__6,Temperature,15,2.3831
screen,other__6,Temperature,16,2.3837
screen,other__6,Temperature,17,2.3749
screen,other__6,Temperature,18,1.6487
screen,other__6,Temperature,19,1.7405
screen,other__6,Temperature,20,1.1428
screen,other__6,Thermocouple,0,1.1888
screen,other__6,Thermocouple,1,1.6097
screen,other__6,Thermocouple,2,2.3818
screen,other__6,Thermocouple,3,2.0738
screen,other__6,Thermocouple,4,1.7186
screen,other__6,Thermocouple,5,1.8253
screen,other__6,Thermocouple,6,1.6652
screen,other__6,Thermocouple,7,2.1087
screen,other__6,Thermocouple,8,1.8993
screen,other__6,Thermocouple,9,1.2484
screen,other__6,Thermocouple,10,1.0246
screen,other__6,Thermocouple,11,2.3879
screen,other__6,Thermocouple,12,2.2688
screen,other__6,Thermocouple,13,2.7945
screen,other__6,Thermocouple,14,2.4824
screen,other__6,Thermocouple,15,2.3859
screen,other__6,Thermocouple,16,2.5275
screen,other__6,Thermocouple,17,2.7411
screen,other__6,Thermocouple,18,3.817
screen,other__6,Thermocouple,19,5.2214
screen,other__6,Thermocouple,20,4.1763
screen,other__6,Voltage,0,2.4307
screen,other__6,Voltage,1,2.2653
screen,other__6,Voltage,2,2.4371
screen,other__6,Voltage,3,2.5509
screen,other__6,Voltage,4,2.5006
screen,other__6,Voltage,5,2.4424
screen,other__6,Voltage,6,2.4005
screen,other__6,Voltage,7,2.5982
screen,other__6,Voltage,8,2.5307
screen,other__6,Voltage,9,2.3827
screen,other__6,Voltage,10,2.6328
screen,other__6,Voltage,11,2.4501
screen,other__6,Voltage,12,2.3164
screen,other__6,Voltage,13,2.3007
screen,other__6,Voltage,14,2.2569
screen,other__6,Voltage,15,2.5883
screen,other__6,Voltage,16,2.3393
screen,other__6,Voltage,17,2.5987
screen,other__6,Voltage,18,2.4286
screen,other__6,Voltage,19,2.352
screen,other__6,Voltage,20,0.4792
screen,other__6,Volume Flow RateRMS,0,2.8509
screen,other__6,Volume Flow RateRMS,1,2.0947
screen,other__6,Volume Flow RateRMS,2,2.8509
screen,other__6,Volume Flow RateRMS,3,2.853
screen,other__6,Volume Flow RateRMS,4,2.0947
screen,other__6,Volume Flow RateRMS,5,2.853
screen,other__6,Volume Flow RateRMS,6,3.5191
screen,other__6,Volume Flow RateRMS,7,3.517
screen,other__6,Volume Flow RateRMS,8,2.8383
screen,other__6,Volume Flow RateRMS,9,2.8551
screen,other__6,Volume Flow RateRMS,10,2.1596
screen,other__6,Volume Flow RateRMS,11,4.1894
screen,other__6,Volume Flow RateRMS,12,3.517
screen,other__6,Volume Flow RateRMS,13,4.9351
screen,other__6,Volume Flow RateRMS,14,3.517
screen,other__6,Volume Flow RateRMS,15,3.517
screen,other__6,Volume Flow RateRMS,16,2.8425
screen,other__6,Volume Flow RateRMS,17,2.8425
screen,other__6,Volume Flow RateRMS,18,2.765
screen,other__6,Volume Flow RateRMS,19,3.5212
screen,other__6,Volume Flow RateRMS,20,0.6703
spc,other__6,Accelerometer1RMS,0,0.0
spc,other__6,Accelerometer1RMS,1,0.0
spc,other__6,Accelerometer1RMS,2,0.0
spc,other__6,Accelerometer1RMS,3,0.0
spc,other__6,Accelerometer1RMS,4,0.0
spc,other__6,Accelerometer1RMS,5,1.0
spc,other__6,Accelerometer1RMS,6,0.0
spc,other__6,Accelerometer1RMS,7,3.0
spc,other__6,Accelerometer1RMS,8,5.0
spc,other__6,Accelerometer1RMS,9,5.0
spc,other__6,Accelerometer1RMS,10,75.0
spc,other__6,Accelerometer1RMS,11,63.0
spc,other__6,Accelerometer1RMS,12,59.0
spc,other__6,Accelerometer1RMS,13,58.0
spc,other__6,Accelerometer1RMS,14,60.0
spc,other__6,Accelerometer1RMS,15,58.0
spc,other__6,Accelerometer1RMS,16,87.0
spc,other__6,Accelerometer1RMS,17,31.0
spc,other__6,Accelerometer1RMS,18,12.0
spc,other__6,Accelerometer1RMS,19,19.0
spc,other__6,Accelerometer1RMS,20,0.0
spc,other__6,Accelerometer2RMS,0,1.0
spc,other__6,Accelerometer2RMS,1,1.0
spc,other__6,Accelerometer2RMS,2,0.0
spc,other__6,Accelerometer2RMS,3,2.0
spc,other__6,Accelerometer2RMS,4,0.0
spc,other__6,Accelerometer2RMS,5,0.0
spc,other__6,Accelerometer2RMS,6,2.0
spc,other__6,Accelerometer2RMS,7,0.0
spc,other__6,Accelerometer2RMS,8,0.0
spc,other__6,Accelerometer2RMS,9,2.0
spc,other__6,Accelerometer2RMS,10,72.0
spc,other__6,Accelerometer2RMS,11,60.0
spc,other__6,Accelerometer2RMS,12,59.0
spc,other__6,Accelerometer2RMS,13,58.0
spc,other__6,Accelerometer2RMS,14,59.0
spc,other__6,Accelerometer2RMS,15,59.0
spc,other__6,Accelerometer2RMS,16,87.0
spc,other__6,Accelerometer2RMS,17,11.0
spc,other__6,Accelerometer2RMS,18,10.0
spc,other__6,Accelerometer2RMS,19,4.0
spc,other__6,Accelerometer2RMS,20,1.0
spc,other__6,Current,0,1.0
spc,other__6,Current,1,1.0
spc,other__6,Current,2,2.0
spc,other__6,Current,3,0.0
spc,other__6,Current,4,1.0
spc,other__6,Current,5,1.0
spc,other__6,Current,6,1.0
spc,other__6,Current,7,4.0
spc,other__6,Current,8,4.0
spc,other__6,Current,9,3.0
spc,other__6,Current,10,1.0
spc,other__6,Current,11,2.0
spc,other__6,Current,12,0.0
spc,other__6,Current,13,1.0
spc,other__6,Current,14,1.0
spc,other__6,Current,15,2.0
spc,other__6,Current,16,1.0
spc,other__6,Current,17,1.0
spc,other__6,Current,18,1.0
spc,other__6,Current,19,1.0
spc,other__6,Current,20,0.0
spc,other__6,Temperature,0,2.0
spc,other__6,Temperature,1,2.0
spc,other__6,Temperature,2,2.0
spc,other__6,Temperature,3,2.0
spc,other__6,Temperature,4,2.0
spc,other__6,Temperature,5,1.0
spc,other__6,Temperature,6,4.0
spc,other__6,Temperature,7,3.0
spc,other__6,Temperature,8,2.0
spc,other__6,Temperature,9,2.0
spc,other__6,Temperature,10,1.0
spc,other__6,Temperature,11,1.0
spc,other__6,Temperature,12,1.0
spc,other__6,Temperature,13,1.0
spc,other__6,Temperature,14,2.0
spc,other__6,Temperature,15,2.0
spc,other__6,Temperature,16,2.0
spc,other__6,Temperature,17,1.0
spc,other__6,Temperature,18,1.0
spc,other__6,Temperature,19,2.0
spc,other__6,Temperature,20,0.0
spc,other__6,Thermocouple,0,4.0
spc,other__6,Thermocouple,1,2.0
spc,other__6,Thermocouple,2,3.0
spc,other__6,Thermocouple,3,1.0
spc,other__6,Thermocouple,4,2.0
spc,other__6,Thermocouple,5,1.0
spc,other__6,Thermocouple,6,1.0
spc,other__6,Thermocouple,7,1.0
spc,other__6,Thermocouple,8,1.0
spc,other__6,Thermocouple,9,1.0
spc,other__6,Thermocouple,10,1.0
spc,other__6,Thermocouple,11,1.0
spc,other__6,Thermocouple,12,1.0
spc,other__6,Thermocouple,13,1.0
spc,other__6,Thermocouple,14,1.0
spc,other__6,Thermocouple,15,1.0
spc,other__6,Thermocouple,16,1.0
spc,other__6,Thermocouple,17,1.0
spc,other__6,Thermocouple,18,56.0
spc,other__6,Thermocouple,19,59.0
spc,other__6,Thermocouple,20,1.0
spc,other__6,Voltage,0,1.0
spc,other__6,Voltage,1,0.0
spc,other__6,Voltage,2,0.0
spc,other__6,Voltage,3,0.0
spc,other__6,Voltage,4,1.0
spc,other__6,Voltage,5,0.0
spc,other__6,Voltage,6,0.0
spc,other__6,Voltage,7,0.0
spc,other__6,Voltage,8,0.0
spc,other__6,Voltage,9,1.0
spc,other__6,Voltage,10,0.0
spc,other__6,Voltage,11,0.0
spc,other__6,Voltage,12,0.0
spc,other__6,Voltage,13,0.0
spc,other__6,Voltage,14,0.0
spc,other__6,Voltage,15,1.0
spc,other__6,Voltage,16,1.0
spc,other__6,Voltage,17,0.0
spc,other__6,Voltage,18,0.0
spc,other__6,Voltage,19,0.0
spc,other__6,Voltage,20,0.0
spc,other__6,Volume Flow RateRMS,0,0.0
spc,other__6,Volume Flow RateRMS,1,1.0
spc,other__6,Volume Flow RateRMS,2,0.0
spc,other__6,Volume Flow RateRMS,3,2.0
spc,other__6,Volume Flow RateRMS,4,0.0
spc,other__6,Volume Flow RateRMS,5,0.0
spc,other__6,Volume Flow RateRMS,6,2.0
spc,other__6,Volume Flow RateRMS,7,4.0
spc,other__6,Volume Flow RateRMS,8,0.0
spc,other__6,Volume Flow RateRMS,9,0.0
spc,other__6,Volume Flow RateRMS,10,0.0
spc,other__6,Volume Flow RateRMS,11,8.0
spc,other__6,Volume Flow RateRMS,12,6.0
spc,other__6,Volume Flow RateRMS,13,21.0
spc,other__6,Volume Flow RateRMS,14,7.0
spc,other__6,Volume Flow RateRMS,15,5.0
spc,other__6,Volume Flow RateRMS,16,0.0
spc,other__6,Volume Flow RateRMS,17,2.0
spc,other__6,Volume Flow RateRMS,18,0.0
spc,other__6,Volume Flow RateRMS,19,2.0
spc,other__6,Volume Flow RateRMS,20,0.0
screen,other__7,Accelerometer1RMS,0,1.7322
screen,other__7,Accelerometer1RMS,1,1.7322
screen,other__7,Accelerometer1RMS,2,1.956
screen,other__7,Accelerometer1RMS,3,1.8037
screen,other__7,Accelerometer1RMS,4,2.076
screen,other__7,Accelerometer1RMS,5,3.3338
screen,other__7,Accelerometer1RMS,6,2.1771
screen,other__7,Accelerometer1RMS,7,2.0262
screen,other__7,Accelerometer1RMS,8,2.268
screen,other__7,Accelerometer1RMS,9,3.6363
screen,other__7,Accelerometer1RMS,10,66.9733
screen,other__7,Accelerometer1RMS,11,113.4908
screen,other__7,Accelerometer1RMS,12,147.7688
screen,other__7,Accelerometer1RMS,13,146.9162
screen,other__7,Accelerometer1RMS,14,147.1126
screen,other__7,Accelerometer1RMS,15,145.0284
screen,other__7,Accelerometer1RMS,16,22.6763
screen,other__7,Accelerometer1RMS,17,4.3657
screen,other__7,Accelerometer1RMS,18,4.7672
screen,other__7,Accelerometer1RMS,19,2.8248
screen,other__7,Accelerometer2RMS,0,1.8194
screen,other__7,Accelerometer2RMS,1,2.1103
screen,other__7,Accelerometer2RMS,2,2.3058
screen,other__7,Accelerometer2RMS,3,2.4194
screen,other__7,Accelerometer2RMS,4,2.6503
screen,other__7,Accelerometer2RMS,5,3.3268
screen,other__7,Accelerometer2RMS,6,3.345
screen,other__7,Accelerometer2RMS,7,2.9182
screen,other__7,Accelerometer2RMS,8,3.0956
screen,other__7,Accelerometer2RMS,9,2.7668
screen,other__7,Accelerometer2RMS,10,77.4301
screen,other__7,Accelerometer2RMS,11,133.8383
screen,other__7,Accelerometer2RMS,12,172.1049
screen,other__7,Accelerometer2RMS,13,168.3478
screen,other__7,Accelerometer2RMS,14,169.0909
screen,other__7,Accelerometer2RMS,15,166.2815
screen,other__7,Accelerometer2RMS,16,23.2491
screen,other__7,Accelerometer2RMS,17,3.2783
screen,other__7,Accelerometer2RMS,18,4.2847
screen,other__7,Accelerometer2RMS,19,2.6237
screen,other__7,Current,0,4.1777
screen,other__7,Current,1,4.1584
screen,other__7,Current,2,3.9929
screen,other__7,Current,3,3.9316
screen,other__7,Current,4,4.0328
screen,other__7,Current,5,3.867
screen,other__7,Current,6,3.6242
screen,other__7,Current,7,3.9815
screen,other__7,Current,8,3.3618
screen,other__7,Current,9,3.4766
screen,other__7,Current,10,4.105
screen,other__7,Current,11,3.6957
screen,other__7,Current,12,4.0438
screen,other__7,Current,13,2.92
screen,other__7,Current,14,3.9532
screen,other__7,Current,15,3.2999
screen,other__7,Current,16,4.1159
screen,other__7,Current,17,2.7365
screen,other__7,Current,18,3.8117
screen,other__7,Current,19,0.6445
screen,other__7,Temperature,0,1.5177
screen,other__7,Temperature,1,1.7477
screen,other__7,Temperature,2,1.6544
screen,other__7,Temperature,3,1.3652
screen,other__7,Temperature,4,2.0898
screen,other__7,Temperature,5,1.9059
screen,other__7,Temperature,6,1.9278
screen,other__7,Temperature,7,1.3146
screen,other__7,Temperature,8,1.468
screen,other__7,Temperature,9,1.6395
screen,other__7,Temperature,10,1.699
screen,other__7,Temperature,11,1.8803
screen,other__7,Temperature,12,2.2679
screen,other__7,Temperature,13,2.1629
screen,other__7,Temperature,14,2.5537
screen,other__7,Temperature,15,2.2302
screen,other__7,Temperature,16,2.4529
screen,other__7,Temperature,17,1.7379
screen,other__7,Temperature,18,1.5891
screen,other__7,Temperature,19,1.5523
screen,other__7,Thermocouple,0,1.0289
screen,other__7,Thermocouple,1,2.1835
screen,other__7,Thermocouple,2,3.342
screen,other__7,Thermocouple,3,4.6948
screen,other__7,Thermocouple,4,5.6055
screen,other__7,Thermocouple,5,4.207
screen,other__7,Thermocouple,6,2.275
screen,other__7,Thermocouple,7,3.1857
screen,other__7,Thermocouple,8,2.5913
screen,other__7,Thermocouple,9,3.2315
screen,other__7,Thermocouple,10,3.1781
screen,other__7,Thermocouple,11,5.6093
screen,other__7,Thermocouple,12,5.6246
screen,other__7,Thermocouple,13,6.0818
screen,other__7,Thermocouple,14,12.2895
screen,other__7,Thermocouple,15,10.4565
screen,other__7,Thermocouple,16,6.7487
screen,other__7,Thermocouple,17,8.2044
screen,other__7,Thermocouple,18,6.6535
screen,other__7,Thermocouple,19,5.152
screen,other__7,Voltage,0,2.8432
screen,other__7,Voltage,1,2.8014
screen,other__7,Voltage,2,2.4949
screen,other__7,Voltage,3,2.66
screen,other__7,Voltage,4,2.6897
screen,other__7,Voltage,5,3.0523
screen,other__7,Voltage,6,2.957
screen,other__7,Voltage,7,2.8082
screen,other__7,Voltage,8,2.9952
screen,other__7,Voltage,9,2.7546
screen,other__7,Voltage,10,2.777
screen,other__7,Voltage,11,2.7157
screen,other__7,Voltage,12,2.7949
screen,other__7,Voltage,13,2.8251
screen,other__7,Voltage,14,2.6918
screen,other__7,Voltage,15,2.7166
screen,other__7,Voltage,16,2.5158
screen,other__7,Voltage,17,2.7965
screen,other__7,Voltage,18,3.0502
screen,other__7,Voltage,19,0.6013
screen,other__7,Volume Flow RateRMS,0,1.4487
screen,other__7,Volume Flow RateRMS,1,2.9016
screen,other__7,Volume Flow RateRMS,2,3.5697
screen,other__7,Volume Flow RateRMS,3,2.121
screen,other__7,Volume Flow RateRMS,4,2.2059
screen,other__7,Volume Flow RateRMS,5,2.121
screen,other__7,Volume Flow RateRMS,6,7.8097
screen,other__7,Volume Flow RateRMS,7,7.1309
screen,other__7,Volume Flow RateRMS,8,4.329
screen,other__7,Volume Flow RateRMS,9,1.4508
screen,other__7,Volume Flow RateRMS,10,2.208
screen,other__7,Volume Flow RateRMS,11,2.891
screen,other__7,Volume Flow RateRMS,12,5.6886
screen,other__7,Volume Flow RateRMS,13,5.6886
screen,other__7,Volume Flow RateRMS,14,5.012
screen,other__7,Volume Flow RateRMS,15,5.6886
screen,other__7,Volume Flow RateRMS,16,3.5676
screen,other__7,Volume Flow RateRMS,17,2.891
screen,other__7,Volume Flow RateRMS,18,2.2122
screen,other__7,Volume Flow RateRMS,19,0.7699
spc,other__7,Accelerometer1RMS,0,0.0
spc,other__7,Accelerometer1RMS,1,0.0
spc,other__7,Accelerometer1RMS,2,1.0
spc,other__7,Accelerometer1RMS,3,0.0
spc,other__7,Accelerometer1RMS,4,0.0
spc,other__7,Accelerometer1RMS,5,2.0
spc,other__7,Accelerometer1RMS,6,0.0
spc,other__7,Accelerometer1RMS,7,0.0
spc,other__7,Accelerometer1RMS,8,1.0
spc,other__7,Accelerometer1RMS,9,5.0
spc,other__7,Accelerometer1RMS,10,58.0
spc,other__7,Accelerometer1RMS,11,58.0
spc,other__7,Accelerometer1RMS,12,58.0
spc,other__7,Accelerometer1RMS,13,59.0
spc,other__7,Accelerometer1RMS,14,59.0
spc,other__7,Accelerometer1RMS,15,68.0
spc,other__7,Accelerometer1RMS,16,50.0
spc,other__7,Accelerometer1RMS,17,39.0
spc,other__7,Accelerometer1RMS,18,26.0
spc,other__7,Accelerometer1RMS,19,0.0
spc,other__7,Accelerometer2RMS,0,1.0
spc,other__7,Accelerometer2RMS,1,1.0
spc,other__7,Accelerometer2RMS,2,1.0
spc,other__7,Accelerometer2RMS,3,1.0
spc,other__7,Accelerometer2RMS,4,0.0
spc,other__7,Accelerometer2RMS,5,3.0
spc,other__7,Accelerometer2RMS,6,3.0
spc,other__7,Accelerometer2RMS,7,0.0
spc,other__7,Accelerometer2RMS,8,1.0
spc,other__7,Accelerometer2RMS,9,1.0
spc,other__7,Accelerometer2RMS,10,60.0
spc,other__7,Accelerometer2RMS,11,61.0
spc,other__7,Accelerometer2RMS,12,58.0
spc,other__7,Accelerometer2RMS,13,61.0
spc,other__7,Accelerometer2RMS,14,61.0
spc,other__7,Accelerometer2RMS,15,59.0
spc,other__7,Accelerometer2RMS,16,6.0
spc,other__7,Accelerometer2RMS,17,2.0
spc,other__7,Accelerometer2RMS,18,12.0
spc,other__7,Accelerometer2RMS,19,0.0
spc,other__7,Current,0,5.0
spc,other__7,Current,1,5.0
spc,other__7,Current,2,2.0
spc,other__7,Current,3,5.0
spc,other__7,Current,4,5.0
spc,other__7,Current,5,6.0
spc,other__7,Current,6,2.0
spc,other__7,Current,7,3.0
spc,other__7,Current,8,3.0
spc,other__7,Current,9,4.0
spc,other__7,Current,10,7.0
spc,other__7,Current,11,1.0
spc,other__7,Current,12,5.0
spc,other__7,Current,13,1.0
spc,other__7,Current,14,4.0
spc,other__7,Current,15,3.0
spc,other__7,Current,16,4.0
spc,other__7,Current,17,0.0
spc,other__7,Current,18,5.0
spc,other__7,Current,19,0.0
spc,other__7,Temperature,0,1.0
spc,other__7,Temperature,1,2.0
spc,other__7,Temperature,2,2.0
spc,other__7,Temperature,3,3.0
spc,other__7,Temperature,4,2.0
spc,other__7,Temperature,5,2.0
spc,other__7,Temperature,6,2.0
spc,other__7,Temperature,7,1.0
spc,other__7,Temperature,8,1.0
spc,other__7,Temperature,9,1.0
spc,other__7,Temperature,10,1.0
spc,other__7,Temperature,11,2.0
spc,other__7,Temperature,12,1.0
spc,other__7,Temperature,13,1.0
spc,other__7,Temperature,14,1.0
spc,other__7,Temperature,15,2.0
spc,other__7,Temperature,16,1.0
spc,other__7,Temperature,17,1.0
spc,other__7,Temperature,18,2.0
spc,other__7,Temperature,19,0.0
spc,other__7,Thermocouple,0,1.0
spc,other__7,Thermocouple,1,1.0
spc,other__7,Thermocouple,2,10.0
spc,other__7,Thermocouple,3,58.0
spc,other__7,Thermocouple,4,60.0
spc,other__7,Thermocouple,5,19.0
spc,other__7,Thermocouple,6,1.0
spc,other__7,Thermocouple,7,6.0
spc,other__7,Thermocouple,8,1.0
spc,other__7,Thermocouple,9,7.0
spc,other__7,Thermocouple,10,2.0
spc,other__7,Thermocouple,11,56.0
spc,other__7,Thermocouple,12,44.0
spc,other__7,Thermocouple,13,59.0
spc,other__7,Thermocouple,14,62.0
spc,other__7,Thermocouple,15,63.0
spc,other__7,Thermocouple,16,54.0
spc,other__7,Thermocouple,17,58.0
spc,other__7,Thermocouple,18,59.0
spc,other__7,Thermocouple,19,2.0
spc,other__7,Voltage,0,0.0
spc,other__7,Voltage,1,0.0
spc,other__7,Voltage,2,0.0
spc,other__7,Voltage,3,1.0
spc,other__7,Voltage,4,1.0
spc,other__7,Voltage,5,2.0
spc,other__7,Voltage,6,0.0
spc,other__7,Voltage,7,0.0
spc,other__7,Voltage,8,0.0
spc,other__7,Voltage,9,0.0
spc,other__7,Voltage,10,0.0
spc,other__7,Voltage,11,0.0
spc,other__7,Voltage,12,0.0
spc,other__7,Voltage,13,1.0
spc,other__7,Voltage,14,1.0
spc,other__7,Voltage,15,0.0
spc,other__7,Voltage,16,0.0
spc,other__7,Voltage,17,1.0
spc,other__7,Voltage,18,2.0
spc,other__7,Voltage,19,0.0
spc,other__7,Volume Flow RateRMS,0,0.0
spc,other__7,Volume Flow RateRMS,1,0.0
spc,other__7,Volume Flow RateRMS,2,1.0
spc,other__7,Volume Flow RateRMS,3,0.0
spc,other__7,Volume Flow RateRMS,4,0.0
spc,other__7,Volume Flow RateRMS,5,0.0
spc,other__7,Volume Flow RateRMS,6,44.0
spc,other__7,Volume Flow RateRMS,7,51.0
spc,other__7,Volume Flow RateRMS,8,4.0
spc,other__7,Volume Flow RateRMS,9,0.0
spc,other__7,Volume Flow RateRMS,10,0.0
spc,other__7,Volume Flow RateRMS,11,1.0
spc,other__7,Volume Flow RateRMS,12,38.0
spc,other__7,Volume Flow RateRMS,13,34.0
spc,other__7,Volume Flow RateRMS,14,35.0
spc,other__7,Volume Flow RateRMS,15,12.0
spc,other__7,Volume Flow RateRMS,16,2.0
spc,other__7,Volume Flow RateRMS,17,2.0
spc,other__7,Volume Flow RateRMS,18,0.0
spc,other__7,Volume Flow RateRMS,19,0.0
screen,other__8,Accelerometer1RMS,0,2.518
screen,other__8,Accelerometer1RMS,1,2.2812
screen,other__8,Accelerometer1RMS,2,2.2043
screen,other__8,Accelerometer1RMS,3,2.3317
screen,other__8,Accelerometer1RMS,4,2.9519
screen,other__8,Accelerometer1RMS,5,2.7364
screen,other__8,Accelerometer1RMS,6,2.4695
screen,other__8,Accelerometer1RMS,7,3.025
screen,other__8,Accelerometer1RMS,8,4.176
screen,other__8,Accelerometer1RMS,9,3.9601
screen,other__8,Accelerometer1RMS,10,153.9839
screen,other__8,Accelerometer1RMS,11,4.8914
screen,other__8,Accelerometer1RMS,12,4.7168
screen,other__8,Accelerometer1RMS,13,4.8726
screen,other__8,Accelerometer1RMS,14,3.816
screen,other__8,Accelerometer1RMS,15,4.584
screen,other__8,Accelerometer1RMS,16,4.8513
screen,other__8,Accelerometer1RMS,17,161.3983
screen,other__8,Accelerometer1RMS,18,9.3092
screen,other__8,Accelerometer1RMS,19,9.1877
screen,other__8,Accelerometer1RMS,20,4.8872
screen,other__8,Accelerometer2RMS,0,2.6167
screen,other__8,Accelerometer2RMS,1,2.2496
screen,other__8,Accelerometer2RMS,2,2.5766
screen,other__8,Accelerometer2RMS,3,3.4851
screen,other__8,Accelerometer2RMS,4,2.6218
screen,other__8,Accelerometer2RMS,5,2.8322
screen,other__8,Accelerometer2RMS,6,3.418
screen,other__8,Accelerometer2RMS,7,2.7977
screen,other__8,Accelerometer2RMS,8,3.14
screen,other__8,Accelerometer2RMS,9,3.0262
screen,other__8,Accelerometer2RMS,10,160.0439
screen,other__8,Accelerometer2RMS,11,2.5763
screen,other__8,Accelerometer2RMS,12,3.3752
screen,other__8,Accelerometer2RMS,13,2.1511
screen,other__8,Accelerometer2RMS,14,3.0211
screen,other__8,Accelerometer2RMS,15,2.8024
screen,other__8,Accelerometer2RMS,16,2.5829
screen,other__8,Accelerometer2RMS,17,170.5398
screen,other__8,Accelerometer2RMS,18,4.0992
screen,other__8,Accelerometer2RMS,19,4.6602
screen,other__8,Accelerometer2RMS,20,4.4117
screen,other__8,Current,0,5.0892
screen,other__8,Current,1,4.8699
screen,other__8,Current,2,4.68
screen,other__8,Current,3,5.0253
screen,other__8,Current,4,4.9355
screen,other__8,Current,5,4.5568
screen,other__8,Current,6,5.0519
screen,other__8,Current,7,4.9194
screen,other__8,Current,8,4.5154
screen,other__8,Current,9,5.0565
screen,other__8,Current,10,4.6599
screen,other__8,Current,11,4.957
screen,other__8,Current,12,4.1121
screen,other__8,Current,13,3.9247
screen,other__8,Current,14,4.9183
screen,other__8,Current,15,4.4771
screen,other__8,Current,16,5.0616
screen,other__8,Current,17,4.378
screen,other__8,Current,18,4.9195
screen,other__8,Current,19,4.8492
screen,other__8,Current,20,1.3363
screen,other__8,Pressure,0,1.349
screen,other__8,Pressure,1,1.349
screen,other__8,Pressure,2,1.349
screen,other__8,Pressure,3,1.349
screen,other__8,Pressure,4,1.349
screen,other__8,Pressure,5,2.0235
screen,other__8,Pressure,6,0.6745
screen,other__8,Pressure,7,1.349
screen,other__8,Pressure,8,1.349
screen,other__8,Pressure,9,1.349
screen,other__8,Pressure,10,1.349
screen,other__8,Pressure,11,1.349
screen,other__8,Pressure,12,1.349
screen,other__8,Pressure,13,1.349
screen,other__8,Pressure,14,1.349
screen,other__8,Pressure,15,1.349
screen,other__8,Pressure,16,1.349
screen,other__8,Pressure,17,1.349
screen,other__8,Pressure,18,1.349
screen,other__8,Pressure,19,1.349
screen,other__8,Pressure,20,0.0
screen,other__8,Temperature,0,2.1295
screen,other__8,Temperature,1,1.7692
screen,other__8,Temperature,2,1.5958
screen,other__8,Temperature,3,1.8596
screen,other__8,Temperature,4,1.7796
screen,other__8,Temperature,5,1.8758
screen,other__8,Temperature,6,2.0576
screen,other__8,Temperature,7,1.8222
screen,other__8,Temperature,8,2.203
screen,other__8,Temperature,9,1.8205
screen,other__8,Temperature,10,2.3662
screen,other__8,Temperature,11,1.9506
screen,other__8,Temperature,12,2.4401
screen,other__8,Temperature,13,1.735
screen,other__8,Temperature,14,1.9981
screen,other__8,Temperature,15,2.1103
screen,other__8,Temperature,16,1.761
screen,other__8,Temperature,17,2.3594
screen,other__8,Temperature,18,2.3597
screen,other__8,Temperature,19,2.3113
screen,other__8,Temperature,20,1.8576
screen,other__8,Thermocouple,0,0.985
screen,other__8,Thermocouple,1,1.076
screen,other__8,Thermocouple,2,2.3018
screen,other__8,Thermocouple,3,2.2751
screen,other__8,Thermocouple,4,1.9218
screen,other__8,Thermocouple,5,2.1198
screen,other__8,Thermocouple,6,4.2718
screen,other__8,Thermocouple,7,4.6197
screen,other__8,Thermocouple,8,2.3982
screen,other__8,Thermocouple,9,1.6059
screen,other__8,Thermocouple,10,5.5298
screen,other__8,Thermocouple,11,7.8316
screen,other__8,Thermocouple,12,9.7373
screen,other__8,Thermocouple,13,5.8563
screen,other__8,Thermocouple,14,6.595
screen,other__8,Thermocouple,15,7.489
screen,other__8,Thermocouple,16,13.6986
screen,other__8,Thermocouple,17,15.6953
screen,other__8,Thermocouple,18,13.6397
screen,other__8,Thermocouple,19,5.5458
screen,other__8,Thermocouple,20,3.0245
screen,other__8,Voltage,0,2.7829
screen,other__8,Voltage,1,2.4265
screen,other__8,Voltage,2,2.7072
screen,other__8,Voltage,3,2.571
screen,other__8,Voltage,4,2.3622
screen,other__8,Voltage,5,2.5632
screen,other__8,Voltage,6,2.7299
screen,other__8,Voltage,7,2.6622
screen,other__8,Voltage,8,2.7419
screen,other__8,Voltage,9,2.6558
screen,other__8,Voltage,10,2.6696
screen,other__8,Voltage,11,2.481
screen,other__8,Voltage,12,2.49
screen,other__8,Voltage,13,2.5611
screen,other__8,Voltage,14,2.3986
screen,other__8,Voltage,15,2.5677
screen,other__8,Voltage,16,2.8385
screen,other__8,Voltage,17,2.5224
screen,other__8,Voltage,18,2.4634
screen,other__8,Voltage,19,2.8008
screen,other__8,Voltage,20,0.9229
screen,other__8,Volume Flow RateRMS,0,2.8958
screen,other__8,Volume Flow RateRMS,1,2.1277
screen,other__8,Volume Flow RateRMS,2,2.9107
screen,other__8,Volume Flow RateRMS,3,4.2555
screen,other__8,Volume Flow RateRMS,4,2.9129
screen,other__8,Volume Flow RateRMS,5,3.5831
screen,other__8,Volume Flow RateRMS,6,4.2555
screen,other__8,Volume Flow RateRMS,7,4.3746
screen,other__8,Volume Flow RateRMS,8,3.5831
screen,other__8,Volume Flow RateRMS,9,3.5831
screen,other__8,Volume Flow RateRMS,10,3.5831
screen,other__8,Volume Flow RateRMS,11,4.2555
screen,other__8,Volume Flow RateRMS,12,5.7108
screen,other__8,Volume Flow RateRMS,13,4.2555
screen,other__8,Volume Flow RateRMS,14,2.1277
screen,other__8,Volume Flow RateRMS,15,3.581
screen,other__8,Volume Flow RateRMS,16,2.1277
screen,other__8,Volume Flow RateRMS,17,2.9022
screen,other__8,Volume Flow RateRMS,18,3.5852
screen,other__8,Volume Flow RateRMS,19,2.1277
screen,other__8,Volume Flow RateRMS,20,2.9192
spc,other__8,Accelerometer1RMS,0,1.0
spc,other__8,Accelerometer1RMS,1,0.0
spc,other__8,Accelerometer1RMS,2,1.0
spc,other__8,Accelerometer1RMS,3,1.0
spc,other__8,Accelerometer1RMS,4,1.0
spc,other__8,Accelerometer1RMS,5,0.0
spc,other__8,Accelerometer1RMS,6,2.0
spc,other__8,Accelerometer1RMS,7,1.0
spc,other__8,Accelerometer1RMS,8,18.0
spc,other__8,Accelerometer1RMS,9,15.0
spc,other__8,Accelerometer1RMS,10,14.0
spc,other__8,Accelerometer1RMS,11,13.0
spc,other__8,Accelerometer1RMS,12,16.0
spc,other__8,Accelerometer1RMS,13,13.0
spc,other__8,Accelerometer1RMS,14,13.0
spc,other__8,Accelerometer1RMS,15,28.0
spc,other__8,Accelerometer1RMS,16,21.0
spc,other__8,Accelerometer1RMS,17,57.0
spc,other__8,Accelerometer1RMS,18,48.0
spc,other__8,Accelerometer1RMS,19,43.0
spc,other__8,Accelerometer1RMS,20,3.0
spc,other__8,Accelerometer2RMS,0,0.0
spc,other__8,Accelerometer2RMS,1,0.0
spc,other__8,Accelerometer2RMS,2,0.0
spc,other__8,Accelerometer2RMS,3,3.0
spc,other__8,Accelerometer2RMS,4,1.0
spc,other__8,Accelerometer2RMS,5,2.0
spc,other__8,Accelerometer2RMS,6,2.0
spc,other__8,Accelerometer2RMS,7,2.0
spc,other__8,Accelerometer2RMS,8,1.0
spc,other__8,Accelerometer2RMS,9,2.0
spc,other__8,Accelerometer2RMS,10,11.0
spc,other__8,Accelerometer2RMS,11,1.0
spc,other__8,Accelerometer2RMS,12,2.0
spc,other__8,Accelerometer2RMS,13,1.0
spc,other__8,Accelerometer2RMS,14,1.0
spc,other__8,Accelerometer2RMS,15,1.0
spc,other__8,Accelerometer2RMS,16,2.0
spc,other__8,Accelerometer2RMS,17,33.0
spc,other__8,Accelerometer2RMS,18,15.0
spc,other__8,Accelerometer2RMS,19,22.0
spc,other__8,Accelerometer2RMS,20,2.0
spc,other__8,Current,0,4.0
spc,other__8,Current,1,3.0
spc,other__8,Current,2,10.0
spc,other__8,Current,3,10.0
spc,other__8,Current,4,6.0
spc,other__8,Current,5,3.0
spc,other__8,Current,6,4.0
spc,other__8,Current,7,7.0
spc,other__8,Current,8,3.0
spc,other__8,Current,9,4.0
spc,other__8,Current,10,6.0
spc,other__8,Current,11,1.0
spc,other__8,Current,12,3.0
spc,other__8,Current,13,4.0
spc,other__8,Current,14,6.0
spc,other__8,Current,15,3.0
spc,other__8,Current,16,4.0
spc,other__8,Current,17,3.0
spc,other__8,Current,18,7.0
spc,other__8,Current,19,3.0
spc,other__8,Current,20,0.0
spc,other__8,Pressure,0,0.0
spc,other__8,Pressure,1,0.0
spc,other__8,Pressure,2,0.0
spc,other__8,Pressure,3,0.0
spc,other__8,Pressure,4,0.0
spc,other__8,Pressure,5,0.0
spc,other__8,Pressure,6,0.0
spc,other__8,Pressure,7,0.0
spc,other__8,Pressure,8,0.0
spc,other__8,Pressure,9,0.0
spc,other__8,Pressure,10,0.0
spc,other__8,Pressure,11,0.0
spc,other__8,Pressure,12,0.0
spc,other__8,Pressure,13,0.0
spc,other__8,Pressure,14,0.0
spc,other__8,Pressure,15,0.0
spc,other__8,Pressure,16,0.0
spc,other__8,Pressure,17,0.0
spc,other__8,Pressure,18,0.0
spc,other__8,Pressure,19,0.0
spc,other__8,Pressure,20,0.0
spc,other__8,Temperature,0,1.0
spc,other__8,Temperature,1,2.0
spc,other__8,Temperature,2,3.0
spc,other__8,Temperature,3,1.0
spc,other__8,Temperature,4,2.0
spc,other__8,Temperature,5,2.0
spc,other__8,Temperature,6,2.0
spc,other__8,Temperature,7,1.0
spc,other__8,Temperature,8,2.0
spc,other__8,Temperature,9,3.0
spc,other__8,Temperature,10,2.0
spc,other__8,Temperature,11,2.0
spc,other__8,Temperature,12,2.0
spc,other__8,Temperature,13,2.0
spc,other__8,Temperature,14,1.0
spc,other__8,Temperature,15,2.0
spc,other__8,Temperature,16,2.0
spc,other__8,Temperature,17,1.0
spc,other__8,Temperature,18,3.0
spc,other__8,Temperature,19,3.0
spc,other__8,Temperature,20,0.0
spc,other__8,Thermocouple,0,1.0
spc,other__8,Thermocouple,1,2.0
spc,other__8,Thermocouple,2,1.0
spc,other__8,Thermocouple,3,1.0
spc,other__8,Thermocouple,4,2.0
spc,other__8,Thermocouple,5,2.0
spc,other__8,Thermocouple,6,31.0
spc,other__8,Thermocouple,7,33.0
spc,other__8,Thermocouple,8,1.0
spc,other__8,Thermocouple,9,2.0
spc,other__8,Thermocouple,10,19.0
spc,other__8,Thermocouple,11,58.0
spc,other__8,Thermocouple,12,58.0
spc,other__8,Thermocouple,13,41.0
spc,other__8,Thermocouple,14,59.0
spc,other__8,Thermocouple,15,56.0
spc,other__8,Thermocouple,16,60.0
spc,other__8,Thermocouple,17,65.0
spc,other__8,Thermocouple,18,64.0
spc,other__8,Thermocouple,19,18.0
spc,other__8,Thermocouple,20,2.0
spc,other__8,Voltage,0,0.0
spc,other__8,Voltage,1,0.0
spc,other__8,Voltage,2,0.0
spc,other__8,Voltage,3,0.0
spc,other__8,Voltage,4,0.0
spc,other__8,Voltage,5,0.0
spc,other__8,Voltage,6,0.0
spc,other__8,Voltage,7,0.0
spc,other__8,Voltage,8,0.0
spc,other__8,Voltage,9,0.0
spc,other__8,Voltage,10,0.0
spc,other__8,Voltage,11,2.0
spc,other__8,Voltage,12,1.0
spc,other__8,Voltage,13,0.0
spc,other__8,Voltage,14,2.0
spc,other__8,Voltage,15,0.0
spc,other__8,Voltage,16,1.0
spc,other__8,Voltage,17,0.0
spc,other__8,Voltage,18,0.0
spc,other__8,Voltage,19,0.0
spc,other__8,Voltage,20,0.0
spc,other__8,Volume Flow RateRMS,0,0.0
spc,other__8,Volume Flow RateRMS,1,0.0
spc,other__8,Volume Flow RateRMS,2,1.0
spc,other__8,Volume Flow RateRMS,3,6.0
spc,other__8,Volume Flow RateRMS,4,1.0
spc,other__8,Volume Flow RateRMS,5,3.0
spc,other__8,Volume Flow RateRMS,6,11.0
spc,other__8,Volume Flow RateRMS,7,17.0
spc,other__8,Volume Flow RateRMS,8,4.0
spc,other__8,Volume Flow RateRMS,9,11.0
spc,other__8,Volume Flow RateRMS,10,8.0
spc,other__8,Volume Flow RateRMS,11,12.0
spc,other__8,Volume Flow RateRMS,12,12.0
spc,other__8,Volume Flow RateRMS,13,8.0
spc,other__8,Volume Flow RateRMS,14,1.0
spc,other__8,Volume Flow RateRMS,15,3.0
spc,other__8,Volume Flow RateRMS,16,0.0
spc,other__8,Volume Flow RateRMS,17,1.0
spc,other__8,Volume Flow RateRMS,18,4.0
spc,other__8,Volume Flow RateRMS,19,4.0
spc,other__8,Volume Flow RateRMS,20,0.0
screen,other__9,Accelerometer1RMS,0,2.9367
screen,other__9,Accelerometer1RMS,1,2.0919
screen,other__9,Accelerometer1RMS,2,2.4127
screen,other__9,Accelerometer1RMS,3,6.2486
screen,other__9,Accelerometer1RMS,4,4.3326
screen,other__9,Accelerometer1RMS,5,4.6517
screen,other__9,Accelerometer1RMS,6,4.846
screen,other__9,Accelerometer1RMS,7,2.1339
screen,other__9,Accelerometer1RMS,8,3.7493
screen,other__9,Accelerometer1RMS,9,4.4849
screen,other__9,Accelerometer1RMS,10,158.679
screen,other__9,Accelerometer1RMS,11,189.861
screen,other__9,Accelerometer1RMS,12,189.1272
screen,other__9,Accelerometer1RMS,13,187.7025
screen,other__9,Accelerometer1RMS,14,187.3179
screen,other__9,Accelerometer1RMS,15,188.0942
screen,other__9,Accelerometer1RMS,16,181.7865
screen,other__9,Accelerometer1RMS,17,8.5048
screen,other__9,Accelerometer1RMS,18,3.7329
screen,other__9,Accelerometer1RMS,19,5.3457
screen,other__9,Accelerometer2RMS,0,1.6866
screen,other__9,Accelerometer2RMS,1,1.7806
screen,other__9,Accelerometer2RMS,2,1.7437
screen,other__9,Accelerometer2RMS,3,3.181
screen,other__9,Accelerometer2RMS,4,3.5777
screen,other__9,Accelerometer2RMS,5,2.564
screen,other__9,Accelerometer2RMS,6,1.888
screen,other__9,Accelerometer2RMS,7,2.1635
screen,other__9,Accelerometer2RMS,8,3.0167
screen,other__9,Accelerometer2RMS,9,2.5756
screen,other__9,Accelerometer2RMS,10,109.0328
screen,other__9,Accelerometer2RMS,11,128.8617
screen,other__9,Accelerometer2RMS,12,124.9531
screen,other__9,Accelerometer2RMS,13,122.1106
screen,other__9,Accelerometer2RMS,14,121.4556
screen,other__9,Accelerometer2RMS,15,122.2964
screen,other__9,Accelerometer2RMS,16,116.6285
screen,other__9,Accelerometer2RMS,17,5.8057
screen,other__9,Accelerometer2RMS,18,2.822
screen,other__9,Accelerometer2RMS,19,2.4051
screen,other__9,Current,0,5.1429
screen,other__9,Current,1,4.5494
screen,other__9,Current,2,5.2868
screen,other__9,Current,3,5.3255
screen,other__9,Current,4,4.5376
screen,other__9,Current,5,5.0655
screen,other__9,Current,6,5.0474
screen,other__9,Current,7,4.5838
screen,other__9,Current,8,4.1525
screen,other__9,Current,9,5.09
screen,other__9,Current,10,4.7397
screen,other__9,Current,11,4.8159
screen,other__9,Current,12,4.8798
screen,other__9,Current,13,4.9346
screen,other__9,Current,14,4.0717
screen,other__9,Current,15,4.7534
screen,other__9,Current,16,4.6477
screen,other__9,Current,17,4.987
screen,other__9,Current,18,5.2359
screen,other__9,Current,19,4.7327
screen,other__9,Temperature,0,1.8317
screen,other__9,Temperature,1,1.2662
screen,other__9,Temperature,2,1.2654
screen,other__9,Temperature,3,1.3523
screen,other__9,Temperature,4,1.6698
screen,other__9,Temperature,5,1.8401
screen,other__9,Temperature,6,2.3397
screen,other__9,Temperature,7,2.5949
screen,other__9,Temperature,8,2.4779
screen,other__9,Temperature,9,3.2621
screen,other__9,Temperature,10,3.4551
screen,other__9,Temperature,11,3.5435
screen,other__9,Temperature,12,4.3781
screen,other__9,Temperature,13,4.3492
screen,other__9,Temperature,14,4.1169
screen,other__9,Temperature,15,4.5825
screen,other__9,Temperature,16,4.5089
screen,other__9,Temperature,17,4.5077
screen,other__9,Temperature,18,4.502
screen,other__9,Temperature,19,4.8231
screen,other__9,Thermocouple,0,0.8757
screen,other__9,Thermocouple,1,3.3742
screen,other__9,Thermocouple,2,3.954
screen,other__9,Thermocouple,3,3.6538
screen,other__9,Thermocouple,4,2.634
screen,other__9,Thermocouple,5,1.7506
screen,other__9,Thermocouple,6,2.6579
screen,other__9,Thermocouple,7,2.7108
screen,other__9,Thermocouple,8,3.0518
screen,other__9,Thermocouple,9,4.1314
screen,other__9,Thermocouple,10,4.1979
screen,other__9,Thermocouple,11,5.2945
screen,other__9,Thermocouple,12,5.7208
screen,other__9,Thermocouple,13,6.1591
screen,other__9,Thermocouple,14,6.698
screen,other__9,Thermocouple,15,7.4961
screen,other__9,Thermocouple,16,7.6496
screen,other__9,Thermocouple,17,8.3523
screen,other__9,Thermocouple,18,8.8315
screen,other__9,Thermocouple,19,9.043
screen,other__9,Voltage,0,2.6566
screen,other__9,Voltage,1,2.7575
screen,other__9,Voltage,2,2.6305
screen,other__9,Voltage,3,2.9479
screen,other__9,Voltage,4,2.7212
screen,other__9,Voltage,5,2.8856
screen,other__9,Voltage,6,2.6608
screen,other__9,Voltage,7,2.4832
screen,other__9,Voltage,8,2.487
screen,other__9,Voltage,9,2.8012
screen,other__9,Voltage,10,2.7482
screen,other__9,Voltage,11,2.5834
screen,other__9,Voltage,12,2.8818
screen,other__9,Voltage,13,2.8469
screen,other__9,Voltage,14,2.8222
screen,other__9,Voltage,15,2.8137
screen,other__9,Voltage,16,2.6315
screen,other__9,Voltage,17,2.7775
screen,other__9,Voltage,18,2.6411
screen,other__9,Voltage,19,2.4002
screen,other__9,Volume Flow RateRMS,0,2.1277
screen,other__9,Volume Flow RateRMS,1,2.9044
screen,other__9,Volume Flow RateRMS,2,2.9044
screen,other__9,Volume Flow RateRMS,3,2.1277
screen,other__9,Volume Flow RateRMS,4,2.9065
screen,other__9,Volume Flow RateRMS,5,2.1277
screen,other__9,Volume Flow RateRMS,6,2.1277
screen,other__9,Volume Flow RateRMS,7,2.1277
screen,other__9,Volume Flow RateRMS,8,2.1277
screen,other__9,Volume Flow RateRMS,9,1.4596
screen,other__9,Volume Flow RateRMS,10,3.5831
screen,other__9,Volume Flow RateRMS,11,7.1641
screen,other__9,Volume Flow RateRMS,12,9.2918
screen,other__9,Volume Flow RateRMS,13,7.8386
screen,other__9,Volume Flow RateRMS,14,9.9663
screen,other__9,Volume Flow RateRMS,15,8.5109
screen,other__9,Volume Flow RateRMS,16,9.2939
screen,other__9,Volume Flow RateRMS,17,7.1662
screen,other__9,Volume Flow RateRMS,18,4.2555
screen,other__9,Volume Flow RateRMS,19,4.2555
spc,other__9,Accelerometer1RMS,0,0.0
spc,other__9,Accelerometer1RMS,1,0.0
spc,other__9,Accelerometer1RMS,2,0.0
spc,other__9,Accelerometer1RMS,3,4.0
spc,other__9,Accelerometer1RMS,4,4.0
spc,other__9,Accelerometer1RMS,5,8.0
spc,other__9,Accelerometer1RMS,6,15.0
spc,other__9,Accelerometer1RMS,7,1.0
spc,other__9,Accelerometer1RMS,8,13.0
spc,other__9,Accelerometer1RMS,9,32.0
spc,other__9,Accelerometer1RMS,10,80.0
spc,other__9,Accelerometer1RMS,11,58.0
spc,other__9,Accelerometer1RMS,12,58.0
spc,other__9,Accelerometer1RMS,13,58.0
spc,other__9,Accelerometer1RMS,14,58.0
spc,other__9,Accelerometer1RMS,15,60.0
spc,other__9,Accelerometer1RMS,16,73.0
spc,other__9,Accelerometer1RMS,17,12.0
spc,other__9,Accelerometer1RMS,18,10.0
spc,other__9,Accelerometer1RMS,19,20.0
spc,other__9,Accelerometer2RMS,0,0.0
spc,other__9,Accelerometer2RMS,1,0.0
spc,other__9,Accelerometer2RMS,2,0.0
spc,other__9,Accelerometer2RMS,3,2.0
spc,other__9,Accelerometer2RMS,4,3.0
spc,other__9,Accelerometer2RMS,5,0.0
spc,other__9,Accelerometer2RMS,6,0.0
spc,other__9,Accelerometer2RMS,7,3.0
spc,other__9,Accelerometer2RMS,8,2.0
spc,other__9,Accelerometer2RMS,9,1.0
spc,other__9,Accelerometer2RMS,10,75.0
spc,other__9,Accelerometer2RMS,11,58.0
spc,other__9,Accelerometer2RMS,12,58.0
spc,other__9,Accelerometer2RMS,13,58.0
spc,other__9,Accelerometer2RMS,14,58.0
spc,other__9,Accelerometer2RMS,15,59.0
spc,other__9,Accelerometer2RMS,16,70.0
spc,other__9,Accelerometer2RMS,17,5.0
spc,other__9,Accelerometer2RMS,18,2.0
spc,other__9,Accelerometer2RMS,19,2.0
spc,other__9,Current,0,6.0
spc,other__9,Current,1,3.0
spc,other__9,Current,2,6.0
spc,other__9,Current,3,5.0
spc,other__9,Current,4,9.0
spc,other__9,Current,5,6.0
spc,other__9,Current,6,5.0
spc,other__9,Current,7,3.0
spc,other__9,Current,8,4.0
spc,other__9,Current,9,12.0
spc,other__9,Current,10,3.0
spc,other__9,Current,11,8.0
spc,other__9,Current,12,1.0
spc,other__9,Current,13,2.0
spc,other__9,Current,14,5.0
spc,other__9,Current,15,10.0
spc,other__9,Current,16,4.0
spc,other__9,Current,17,4.0
spc,other__9,Current,18,8.0
spc,other__9,Current,19,6.0
spc,other__9,Temperature,0,1.0
spc,other__9,Temperature,1,3.0
spc,other__9,Temperature,2,2.0
spc,other__9,Temperature,3,2.0
spc,other__9,Temperature,4,2.0
spc,other__9,Temperature,5,2.0
spc,other__9,Temperature,6,4.0
spc,other__9,Temperature,7,1.0
spc,other__9,Temperature,8,1.0
spc,other__9,Temperature,9,8.0
spc,other__9,Temperature,10,15.0
spc,other__9,Temperature,11,17.0
spc,other__9,Temperature,12,32.0
spc,other__9,Temperature,13,38.0
spc,other__9,Temperature,14,13.0
spc,other__9,Temperature,15,53.0
spc,other__9,Temperature,16,34.0
spc,other__9,Temperature,17,34.0
spc,other__9,Temperature,18,41.0
spc,other__9,Temperature,19,34.0
spc,other__9,Thermocouple,0,2.0
spc,other__9,Thermocouple,1,10.0
spc,other__9,Thermocouple,2,27.0
spc,other__9,Thermocouple,3,24.0
spc,other__9,Thermocouple,4,2.0
spc,other__9,Thermocouple,5,1.0
spc,other__9,Thermocouple,6,1.0
spc,other__9,Thermocouple,7,2.0
spc,other__9,Thermocouple,8,7.0
spc,other__9,Thermocouple,9,35.0
spc,other__9,Thermocouple,10,42.0
spc,other__9,Thermocouple,11,59.0
spc,other__9,Thermocouple,12,58.0
spc,other__9,Thermocouple,13,59.0
spc,other__9,Thermocouple,14,58.0
spc,other__9,Thermocouple,15,60.0
spc,other__9,Thermocouple,16,58.0
spc,other__9,Thermocouple,17,59.0
spc,other__9,Thermocouple,18,57.0
spc,other__9,Thermocouple,19,59.0
spc,other__9,Voltage,0,3.0
spc,other__9,Voltage,1,0.0
spc,other__9,Voltage,2,0.0
spc,other__9,Voltage,3,0.0
spc,other__9,Voltage,4,0.0
spc,other__9,Voltage,5,0.0
spc,other__9,Voltage,6,0.0
spc,other__9,Voltage,7,0.0
spc,other__9,Voltage,8,0.0
spc,other__9,Voltage,9,1.0
spc,other__9,Voltage,10,0.0
spc,other__9,Voltage,11,0.0
spc,other__9,Voltage,12,0.0
spc,other__9,Voltage,13,1.0
spc,other__9,Voltage,14,0.0
spc,other__9,Voltage,15,0.0
spc,other__9,Voltage,16,0.0
spc,other__9,Voltage,17,0.0
spc,other__9,Voltage,18,0.0
spc,other__9,Voltage,19,0.0
spc,other__9,Volume Flow RateRMS,0,0.0
spc,other__9,Volume Flow RateRMS,1,0.0
spc,other__9,Volume Flow RateRMS,2,0.0
spc,other__9,Volume Flow RateRMS,3,0.0
spc,other__9,Volume Flow RateRMS,4,0.0
spc,other__9,Volume Flow RateRMS,5,0.0
spc,other__9,Volume Flow RateRMS,6,0.0
spc,other__9,Volume Flow RateRMS,7,0.0
spc,other__9,Volume Flow RateRMS,8,2.0
spc,other__9,Volume Flow RateRMS,9,0.0
spc,other__9,Volume Flow RateRMS,10,7.0
spc,other__9,Volume Flow RateRMS,11,38.0
spc,other__9,Volume Flow RateRMS,12,58.0
spc,other__9,Volume Flow RateRMS,13,58.0
spc,other__9,Volume Flow RateRMS,14,58.0
spc,other__9,Volume Flow RateRMS,15,58.0
spc,other__9,Volume Flow RateRMS,16,54.0
spc,other__9,Volume Flow RateRMS,17,25.0
spc,other__9,Volume Flow RateRMS,18,28.0
spc,other__9,Volume Flow RateRMS,19,18.0
screen,valve1__0,Accelerometer1RMS,0,2.0811
screen,valve1__0,Accelerometer1RMS,1,2.061
screen,valve1__0,Accelerometer1RMS,2,3.0585
screen,valve1__0,Accelerometer1RMS,3,2.2473
screen,valve1__0,Accelerometer1RMS,4,2.2469
screen,valve1__0,Accelerometer1RMS,5,2.66
screen,valve1__0,Accelerometer1RMS,6,2.2486
screen,valve1__0,Accelerometer1RMS,7,2.5411
screen,valve1__0,Accelerometer1RMS,8,3.0697
screen,valve1__0,Accelerometer1RMS,9,2.7307
screen,valve1__0,Accelerometer1RMS,10,2.6214
screen,valve1__0,Accelerometer1RMS,11,3.175
screen,valve1__0,Accelerometer1RMS,12,3.3511
screen,valve1__0,Accelerometer1RMS,13,3.0473
screen,valve1__0,Accelerometer1RMS,14,3.9145
screen,valve1__0,Accelerometer1RMS,15,2.9983
screen,valve1__0,Accelerometer1RMS,16,3.6147
screen,valve1__0,Accelerometer1RMS,17,3.5117
screen,valve1__0,Accelerometer1RMS,18,3.8217
screen,valve1__0,Accelerometer1RMS,19,4.1244
screen,valve1__0,Accelerometer2RMS,0,2.0993
screen,valve1__0,Accelerometer2RMS,1,2.0704
screen,valve1__0,Accelerometer2RMS,2,2.0846
screen,valve1__0,Accelerometer2RMS,3,2.4179
screen,valve1__0,Accelerometer2RMS,4,2.5376
screen,valve1__0,Accelerometer2RMS,5,2.3075
screen,valve1__0,Accelerometer2RMS,6,2.2695
screen,valve1__0,Accelerometer2RMS,7,1.8043
screen,valve1__0,Accelerometer2RMS,8,1.8278
screen,valve1__0,Accelerometer2RMS,9,2.2275
screen,valve1__0,Accelerometer2RMS,10,2.0869
screen,valve1__0,Accelerometer2RMS,11,1.7608
screen,valve1__0,Accelerometer2RMS,12,2.1574
screen,valve1__0,Accelerometer2RMS,13,2.4121
screen,valve1__0,Accelerometer2RMS,14,2.0471
screen,valve1__0,Accelerometer2RMS,15,2.0722
screen,valve1__0,Accelerometer2RMS,16,2.0428
screen,valve1__0,Accelerometer2RMS,17,3.4758
screen,valve1__0,Accelerometer2RMS,18,3.6618
screen,valve1__0,Accelerometer2RMS,19,2.7537
screen,valve1__0,Current,0,1.783
screen,valve1__0,Current,1,1.5755
screen,valve1__0,Current,2,1.6919
screen,valve1__0,Current,3,1.6912
screen,valve1__0,Current,4,1.6781
screen,valve1__0,Current,5,1.7646
screen,valve1__0,Current,6,1.6328
screen,valve1__0,Current,7,1.6641
screen,valve1__0,Current,8,1.4685
screen,valve1__0,Current,9,1.5571
screen,valve1__0,Current,10,1.9275
screen,valve1__0,Current,11,1.5316
screen,valve1__0,Current,12,1.4074
screen,valve1__0,Current,13,1.6771
screen,valve1__0,Current,14,1.6894
screen,valve1__0,Current,15,1.4227
screen,valve1__0,Current,16,1.6876
screen,valve1__0,Current,17,1.2343
screen,valve1__0,Current,18,1.5927
screen,valve1__0,Current,19,1.6683
screen,valve1__0,Temperature,0,1.5829
screen,valve1__0,Temperature,1,1.4637
screen,valve1__0,Temperature,2,2.6107
screen,valve1__0,Temperature,3,4.0672
screen,valve1__0,Temperature,4,7.3258
screen,valve1__0,Temperature,5,7.1813
screen,valve1__0,Temperature,6,6.3417
screen,valve1__0,Temperature,7,4.9015
screen,valve1__0,Temperature,8,5.374
screen,valve1__0,Temperature,9,5.2079
screen,valve1__0,Temperature,10,11.7403
screen,valve1__0,Temperature,11,26.7489
screen,valve1__0,Temperature,12,28.2403
screen,valve1__0,Temperature,13,24.5498
screen,valve1__0,Temperature,14,22.501
screen,valve1__0,Temperature,15,20.9279
screen,valve1__0,Temperature,16,18.7004
screen,valve1__0,Temperature,17,22.2542
screen,valve1__0,Temperature,18,23.9254
screen,valve1__0,Temperature,19,22.0633
screen,valve1__0,Thermocouple,0,2.9643
screen,valve1__0,Thermocouple,1,1.242
screen,valve1__0,Thermocouple,2,1.9438
screen,valve1__0,Thermocouple,3,1.9438
screen,valve1__0,Thermocouple,4,4.0843
screen,valve1__0,Thermocouple,5,4.4875
screen,valve1__0,Thermocouple,6,5.2292
screen,valve1__0,Thermocouple,7,5.9161
screen,valve1__0,Thermocouple,8,7.0212
screen,valve1__0,Thermocouple,9,7.285
screen,valve1__0,Thermocouple,10,7.2651
screen,valve1__0,Thermocouple,11,7.2651
screen,valve1__0,Thermocouple,12,8.4498
screen,valve1__0,Thermocouple,13,9.7341
screen,valve1__0,Thermocouple,14,11.4912
screen,valve1__0,Thermocouple,15,11.9791
screen,valve1__0,Thermocouple,16,11.6754
screen,valve1__0,Thermocouple,17,10.8292
screen,valve1__0,Thermocouple,18,11.76
screen,valve1__0,Thermocouple,19,12.4221
screen,valve1__0,Voltage,0,2.9893
screen,valve1__0,Voltage,1,2.6119
screen,valve1__0,Voltage,2,2.6333
screen,valve1__0,Voltage,3,2.8045
screen,valve1__0,Voltage,4,2.6811
screen,valve1__0,Voltage,5,2.8089
screen,valve1__0,Voltage,6,2.565
screen,valve1__0,Voltage,7,3.0092
screen,valve1__0,Voltage,8,2.4155
screen,valve1__0,Voltage,9,2.877
screen,valve1__0,Voltage,10,2.9056
screen,valve1__0,Voltage,11,2.287
screen,valve1__0,Voltage,12,2.9901
screen,valve1__0,Voltage,13,2.9217
screen,valve1__0,Voltage,14,3.0026
screen,valve1__0,Voltage,15,2.8996
screen,valve1__0,Voltage,16,2.8086
screen,valve1__0,Voltage,17,2.6709
screen,valve1__0,Voltage,18,2.737
screen,valve1__0,Voltage,19,2.903
spc,valve1__0,Accelerometer1RMS,0,1.0
spc,valve1__0,Accelerometer1RMS,1,1.0
spc,valve1__0,Accelerometer1RMS,2,2.0
spc,valve1__0,Accelerometer1RMS,3,1.0
spc,valve1__0,Accelerometer1RMS,4,1.0
spc,valve1__0,Accelerometer1RMS,5,3.0
spc,valve1__0,Accelerometer1RMS,6,1.0
spc,valve1__0,Accelerometer1RMS,7,1.0
spc,valve1__0,Accelerometer1RMS,8,3.0
spc,valve1__0,Accelerometer1RMS,9,2.0
spc,valve1__0,Accelerometer1RMS,10,2.0
spc,valve1__0,Accelerometer1RMS,11,2.0
spc,valve1__0,Accelerometer1RMS,12,2.0
spc,valve1__0,Accelerometer1RMS,13,2.0
spc,valve1__0,Accelerometer1RMS,14,4.0
spc,valve1__0,Accelerometer1RMS,15,3.0
spc,valve1__0,Accelerometer1RMS,16,7.0
spc,valve1__0,Accelerometer1RMS,17,11.0
spc,valve1__0,Accelerometer1RMS,18,9.0
spc,valve1__0,Accelerometer1RMS,19,7.0
spc,valve1__0,Accelerometer2RMS,0,2.0
spc,valve1__0,Accelerometer2RMS,1,0.0
spc,valve1__0,Accelerometer2RMS,2,2.0
spc,valve1__0,Accelerometer2RMS,3,6.0
spc,valve1__0,Accelerometer2RMS,4,4.0
spc,valve1__0,Accelerometer2RMS,5,1.0
spc,valve1__0,Accelerometer2RMS,6,2.0
spc,valve1__0,Accelerometer2RMS,7,0.0
spc,valve1__0,Accelerometer2RMS,8,2.0
spc,valve1__0,Accelerometer2RMS,9,3.0
spc,valve1__0,Accelerometer2RMS,10,2.0
spc,valve1__0,Accelerometer2RMS,11,0.0
spc,valve1__0,Accelerometer2RMS,12,3.0
spc,valve1__0,Accelerometer2RMS,13,4.0
spc,valve1__0,Accelerometer2RMS,14,0.0
spc,valve1__0,Accelerometer2RMS,15,2.0
spc,valve1__0,Accelerometer2RMS,16,1.0
spc,valve1__0,Accelerometer2RMS,17,3.0
spc,valve1__0,Accelerometer2RMS,18,3.0
spc,valve1__0,Accelerometer2RMS,19,2.0
spc,valve1__0,Current,0,1.0
spc,valve1__0,Current,1,1.0
spc,valve1__0,Current,2,1.0
spc,valve1__0,Current,3,1.0
spc,valve1__0,Current,4,1.0
spc,valve1__0,Current,5,2.0
spc,valve1__0,Current,6,3.0
spc,valve1__0,Current,7,1.0
spc,valve1__0,Current,8,2.0
spc,valve1__0,Current,9,1.0
spc,valve1__0,Current,10,2.0
spc,valve1__0,Current,11,1.0
spc,valve1__0,Current,12,1.0
spc,valve1__0,Current,13,1.0
spc,valve1__0,Current,14,2.0
spc,valve1__0,Current,15,2.0
spc,valve1__0,Current,16,0.0
spc,valve1__0,Current,17,3.0
spc,valve1__0,Current,18,1.0
spc,valve1__0,Current,19,2.0
spc,valve1__0,Temperature,0,1.0
spc,valve1__0,Temperature,1,1.0
spc,valve1__0,Temperature,2,2.0
spc,valve1__0,Temperature,3,28.0
spc,valve1__0,Temperature,4,60.0
spc,valve1__0,Temperature,5,58.0
spc,valve1__0,Temperature,6,58.0
spc,valve1__0,Temperature,7,43.0
spc,valve1__0,Temperature,8,58.0
spc,valve1__0,Temperature,9,56.0
spc,valve1__0,Temperature,10,58.0
spc,valve1__0,Temperature,11,58.0
spc,valve1__0,Temperature,12,59.0
spc,valve1__0,Temperature,13,59.0
spc,valve1__0,Temperature,14,58.0
spc,valve1__0,Temperature,15,59.0
spc,valve1__0,Temperature,16,58.0
spc,valve1__0,Temperature,17,59.0
spc,valve1__0,Temperature,18,58.0
spc,valve1__0,Temperature,19,59.0
spc,valve1__0,Thermocouple,0,1.0
spc,valve1__0,Thermocouple,1,1.0
spc,valve1__0,Thermocouple,2,2.0
spc,valve1__0,Thermocouple,3,3.0
spc,valve1__0,Thermocouple,4,26.0
spc,valve1__0,Thermocouple,5,58.0
spc,valve1__0,Thermocouple,6,58.0
spc,valve1__0,Thermocouple,7,59.0
spc,valve1__0,Thermocouple,8,59.0
spc,valve1__0,Thermocouple,9,59.0
spc,valve1__0,Thermocouple,10,58.0
spc,valve1__0,Thermocouple,11,41.0
spc,valve1__0,Thermocouple,12,49.0
spc,valve1__0,Thermocouple,13,59.0
spc,valve1__0,Thermocouple,14,58.0
spc,valve1__0,Thermocouple,15,59.0
spc,valve1__0,Thermocouple,16,58.0
spc,valve1__0,Thermocouple,17,59.0
spc,valve1__0,Thermocouple,18,58.0
spc,valve1__0,Thermocouple,19,59.0
spc,valve1__0,Voltage,0,0.0
spc,valve1__0,Voltage,1,2.0
spc,valve1__0,Voltage,2,0.0
spc,valve1__0,Voltage,3,0.0
spc,valve1__0,Voltage,4,1.0
spc,valve1__0,Voltage,5,0.0
spc,valve1__0,Voltage,6,0.0
spc,valve1__0,Voltage,7,1.0
spc,valve1__0,Voltage,8,0.0
spc,valve1__0,Voltage,9,1.0
spc,valve1__0,Voltage,10,0.0
spc,valve1__0,Voltage,11,0.0
spc,valve1__0,Voltage,12,1.0
spc,valve1__0,Voltage,13,0.0
spc,valve1__0,Voltage,14,1.0
spc,valve1__0,Voltage,15,1.0
spc,valve1__0,Voltage,16,0.0
spc,valve1__0,Voltage,17,2.0
spc,valve1__0,Voltage,18,0.0
spc,valve1__0,Voltage,19,0.0
screen,valve1__1,Accelerometer1RMS,0,2.4309
screen,valve1__1,Accelerometer1RMS,1,1.9624
screen,valve1__1,Accelerometer1RMS,2,1.9661
screen,valve1__1,Accelerometer1RMS,3,2.0982
screen,valve1__1,Accelerometer1RMS,4,2.8726
screen,valve1__1,Accelerometer1RMS,5,2.0959
screen,valve1__1,Accelerometer1RMS,6,1.8574
screen,valve1__1,Accelerometer1RMS,7,1.8728
screen,valve1__1,Accelerometer1RMS,8,2.2566
screen,valve1__1,Accelerometer1RMS,9,2.3091
screen,valve1__1,Accelerometer1RMS,10,3.1539
screen,valve1__1,Accelerometer1RMS,11,2.2029
screen,valve1__1,Accelerometer1RMS,12,1.8917
screen,valve1__1,Accelerometer1RMS,13,1.7439
screen,valve1__1,Accelerometer1RMS,14,2.2549
screen,valve1__1,Accelerometer1RMS,15,2.2954
screen,valve1__1,Accelerometer1RMS,16,2.1833
screen,valve1__1,Accelerometer1RMS,17,2.6192
screen,valve1__1,Accelerometer1RMS,18,2.1641
screen,valve1__1,Accelerometer1RMS,19,2.7884
screen,valve1__1,Accelerometer1RMS,20,0.4134
screen,valve1__1,Accelerometer2RMS,0,2.8847
screen,valve1__1,Accelerometer2RMS,1,2.4418
screen,valve1__1,Accelerometer2RMS,2,2.8969
screen,valve1__1,Accelerometer2RMS,3,1.8115
screen,valve1__1,Accelerometer2RMS,4,2.6441
screen,valve1__1,Accelerometer2RMS,5,2.4701
screen,valve1__1,Accelerometer2RMS,6,2.1503
screen,valve1__1,Accelerometer2RMS,7,2.2052
screen,valve1__1,Accelerometer2RMS,8,1.8781
screen,valve1__1,Accelerometer2RMS,9,3.8449
screen,valve1__1,Accelerometer2RMS,10,4.6196
screen,valve1__1,Accelerometer2RMS,11,3.0255
screen,valve1__1,Accelerometer2RMS,12,2.0183
screen,valve1__1,Accelerometer2RMS,13,2.949
screen,valve1__1,Accelerometer2RMS,14,2.3707
screen,valve1__1,Accelerometer2RMS,15,2.075
screen,valve1__1,Accelerometer2RMS,16,3.7826
screen,valve1__1,Accelerometer2RMS,17,5.7034
screen,valve1__1,Accelerometer2RMS,18,18.5863
screen,valve1__1,Accelerometer2RMS,19,2.3314
screen,valve1__1,Accelerometer2RMS,20,1.2391
screen,valve1__1,Current,0,1.5189
screen,valve1__1,Current,1,1.5633
screen,valve1__1,Current,2,1.5174
screen,valve1__1,Current,3,1.4501
screen,valve1__1,Current,4,1.5123
screen,valve1__1,Current,5,1.5594
screen,valve1__1,Current,6,1.5164
screen,valve1__1,Current,7,1.6269
screen,valve1__1,Current,8,1.4744
screen,valve1__1,Current,9,1.5982
screen,valve1__1,Current,10,1.4566
screen,valve1__1,Current,11,1.5364
screen,valve1__1,Current,12,1.3578
screen,valve1__1,Current,13,1.6667
screen,valve1__1,Current,14,1.4615
screen,valve1__1,Current,15,1.4602
screen,valve1__1,Current,16,1.3616
screen,valve1__1,Current,17,1.5753
screen,valve1__1,Current,18,1.1928
screen,valve1__1,Current,19,1.5006
screen,valve1__1,Current,20,0.9325
screen,valve1__1,Temperature,0,1.4767
screen,valve1__1,Temperature,1,1.4139
screen,valve1__1,Temperature,2,1.6206
screen,valve1__1,Temperature,3,7.2275
screen,valve1__1,Temperature,4,11.2301
screen,valve1__1,Temperature,5,11.6903
screen,valve1__1,Temperature,6,10.0268
screen,valve1__1,Temperature,7,7.5828
screen,valve1__1,Temperature,8,7.3235
screen,valve1__1,Temperature,9,7.3736
screen,valve1__1,Temperature,10,7.2538
screen,valve1__1,Temperature,11,8.1805
screen,valve1__1,Temperature,12,7.4205
screen,valve1__1,Temperature,13,6.3564
screen,valve1__1,Temperature,14,8.3536
screen,valve1__1,Temperature,15,17.1144
screen,valve1__1,Temperature,16,17.4228
screen,valve1__1,Temperature,17,16.5146
screen,valve1__1,Temperature,18,14.7519
screen,valve1__1,Temperature,19,12.5037
screen,valve1__1,Temperature,20,11.1583
screen,valve1__1,Thermocouple,0,2.2422
screen,valve1__1,Thermocouple,1,1.1621
screen,valve1__1,Thermocouple,2,1.2669
screen,valve1__1,Thermocouple,3,1.8913
screen,valve1__1,Thermocouple,4,6.034
screen,valve1__1,Thermocouple,5,1.6589
screen,valve1__1,Thermocouple,6,2.347
screen,valve1__1,Thermocouple,7,2.7253
screen,valve1__1,Thermocouple,8,2.6661
screen,valve1__1,Thermocouple,9,3.6094
screen,valve1__1,Thermocouple,10,3.3725
screen,valve1__1,Thermocouple,11,3.7234
screen,valve1__1,Thermocouple,12,3.974
screen,valve1__1,Thermocouple,13,6.4624
screen,valve1__1,Thermocouple,14,6.5307
screen,valve1__1,Thermocouple,15,5.7377
screen,valve1__1,Thermocouple,16,5.4142
screen,valve1__1,Thermocouple,17,6.0704
screen,valve1__1,Thermocouple,18,7.9891
screen,valve1__1,Thermocouple,19,8.2261
screen,valve1__1,Thermocouple,20,7.9025
screen,valve1__1,Voltage,0,2.6331
screen,valve1__1,Voltage,1,2.91
screen,valve1__1,Voltage,2,2.9176
screen,valve1__1,Voltage,3,2.9921
screen,valve1__1,Voltage,4,3.0903
screen,valve1__1,Voltage,5,2.9184
screen,valve1__1,Voltage,6,3.1057
screen,valve1__1,Voltage,7,3.0399
screen,valve1__1,Voltage,8,3.166
screen,valve1__1,Voltage,9,3.2287
screen,valve1__1,Voltage,10,2.9605
screen,valve1__1,Voltage,11,3.3046
screen,valve1__1,Voltage,12,2.8512
screen,valve1__1,Voltage,13,3.1092
screen,valve1__1,Voltage,14,2.9811
screen,valve1__1,Voltage,15,2.7616
screen,valve1__1,Voltage,16,2.7315
screen,valve1__1,Voltage,17,2.8686
screen,valve1__1,Voltage,18,3.028
screen,valve1__1,Voltage,19,3.2227
screen,valve1__1,Voltage,20,0.0298
spc,valve1__1,Accelerometer1RMS,0,1.0
spc,valve1__1,Accelerometer1RMS,1,1.0
spc,valve1__1,Accelerometer1RMS,2,0.0
spc,valve1__1,Accelerometer1RMS,3,3.0
spc,valve1__1,Accelerometer1RMS,4,1.0
spc,valve1__1,Accelerometer1RMS,5,1.0
spc,valve1__1,Accelerometer1RMS,6,0.0
spc,valve1__1,Accelerometer1RMS,7,0.0
spc,valve1__1,Accelerometer1RMS,8,0.0
spc,valve1__1,Accelerometer1RMS,9,4.0
spc,valve1__1,Accelerometer1RMS,10,1.0
spc,valve1__1,Accelerometer1RMS,11,1.0
spc,valve1__1,Accelerometer1RMS,12,2.0
spc,valve1__1,Accelerometer1RMS,13,1.0
spc,valve1__1,Accelerometer1RMS,14,1.0
spc,valve1__1,Accelerometer1RMS,15,2.0
spc,valve1__1,Accelerometer1RMS,16,1.0
spc,valve1__1,Accelerometer1RMS,17,1.0
spc,valve1__1,Accelerometer1RMS,18,0.0
spc,valve1__1,Accelerometer1RMS,19,2.0
spc,valve1__1,Accelerometer1RMS,20,0.0
spc,valve1__1,Accelerometer2RMS,0,1.0
spc,valve1__1,Accelerometer2RMS,1,2.0
spc,valve1__1,Accelerometer2RMS,2,1.0
spc,valve1__1,Accelerometer2RMS,3,1.0
spc,valve1__1,Accelerometer2RMS,4,3.0
spc,valve1__1,Accelerometer2RMS,5,3.0
spc,valve1__1,Accelerometer2RMS,6,3.0
spc,valve1__1,Accelerometer2RMS,7,3.0
spc,valve1__1,Accelerometer2RMS,8,0.0
spc,valve1__1,Accelerometer2RMS,9,5.0
spc,valve1__1,Accelerometer2RMS,10,16.0
spc,valve1__1,Accelerometer2RMS,11,5.0
spc,valve1__1,Accelerometer2RMS,12,1.0
spc,valve1__1,Accelerometer2RMS,13,2.0
spc,valve1__1,Accelerometer2RMS,14,1.0
spc,valve1__1,Accelerometer2RMS,15,1.0
spc,valve1__1,Accelerometer2RMS,16,8.0
spc,valve1__1,Accelerometer2RMS,17,12.0
spc,valve1__1,Accelerometer2RMS,18,1.0
spc,valve1__1,Accelerometer2RMS,19,1.0
spc,valve1__1,Accelerometer2RMS,20,0.0
spc,valve1__1,Current,0,1.0
spc,valve1__1,Current,1,2.0
spc,valve1__1,Current,2,2.0
spc,valve1__1,Current,3,1.0
spc,valve1__1,Current,4,0.0
spc,valve1__1,Current,5,1.0
spc,valve1__1,Current,6,3.0
spc,valve1__1,Current,7,1.0
spc,valve1__1,Current,8,1.0
spc,valve1__1,Current,9,1.0
spc,valve1__1,Current,10,2.0
spc,valve1__1,Current,11,1.0
spc,valve1__1,Current,12,0.0
spc,valve1__1,Current,13,3.0
spc,valve1__1,Current,14,2.0
spc,valve1__1,Current,15,1.0
spc,valve1__1,Current,16,2.0
spc,valve1__1,Current,17,1.0
spc,valve1__1,Current,18,1.0
spc,valve1__1,Current,19,1.0
spc,valve1__1,Current,20,0.0
spc,valve1__1,Temperature,0,2.0
spc,valve1__1,Temperature,1,4.0
spc,valve1__1,Temperature,2,3.0
spc,valve1__1,Temperature,3,23.0
spc,valve1__1,Temperature,4,60.0
spc,valve1__1,Temperature,5,60.0
spc,valve1__1,Temperature,6,59.0
spc,valve1__1,Temperature,7,59.0
spc,valve1__1,Temperature,8,58.0
spc,valve1__1,Temperature,9,59.0
spc,valve1__1,Temperature,10,60.0
spc,valve1__1,Temperature,11,59.0
spc,valve1__1,Temperature,12,59.0
spc,valve1__1,Temperature,13,59.0
spc,valve1__1,Temperature,14,59.0
spc,valve1__1,Temperature,15,58.0
spc,valve1__1,Temperature,16,58.0
spc,valve1__1,Temperature,17,58.0
spc,valve1__1,Temperature,18,58.0
spc,valve1__1,Temperature,19,58.0
spc,valve1__1,Temperature,20,1.0
spc,valve1__1,Thermocouple,0,1.0
spc,valve1__1,Thermocouple,1,3.0
spc,valve1__1,Thermocouple,2,2.0
spc,valve1__1,Thermocouple,3,2.0
spc,valve1__1,Thermocouple,4,37.0
spc,valve1__1,Thermocouple,5,2.0
spc,valve1__1,Thermocouple,6,1.0
spc,valve1__1,Thermocouple,7,1.0
spc,valve1__1,Thermocouple,8,2.0
spc,valve1__1,Thermocouple,9,10.0
spc,valve1__1,Thermocouple,10,8.0
spc,valve1__1,Thermocouple,11,40.0
spc,valve1__1,Thermocouple,12,19.0
spc,valve1__1,Thermocouple,13,58.0
spc,valve1__1,Thermocouple,14,59.0
spc,valve1__1,Thermocouple,15,49.0
spc,valve1__1,Thermocouple,16,39.0
spc,valve1__1,Thermocouple,17,58.0
spc,valve1__1,Thermocouple,18,60.0
spc,valve1__1,Thermocouple,19,58.0
spc,valve1__1,Thermocouple,20,1.0
spc,valve1__1,Voltage,0,0.0
spc,valve1__1,Voltage,1,1.0
spc,valve1__1,Voltage,2,1.0
spc,valve1__1,Voltage,3,0.0
spc,valve1__1,Voltage,4,3.0
spc,valve1__1,Voltage,5,0.0
spc,valve1__1,Voltage,6,1.0
spc,valve1__1,Voltage,7,1.0
spc,valve1__1,Voltage,8,3.0
spc,valve1__1,Voltage,9,1.0
spc,valve1__1,Voltage,10,0.0
spc,valve1__1,Voltage,11,2.0
spc,valve1__1,Voltage,12,0.0
spc,valve1__1,Voltage,13,1.0
spc,valve1__1,Voltage,14,0.0
spc,valve1__1,Voltage,15,0.0
spc,valve1__1,Voltage,16,0.0
spc,valve1__1,Voltage,17,0.0
spc,valve1__1,Voltage,18,1.0
spc,valve1__1,Voltage,19,1.0
spc,valve1__1,Voltage,20,0.0
screen,valve1__10,Accelerometer1RMS,0,1.9943
screen,valve1__10,Accelerometer1RMS,1,2.4493
screen,valve1__10,Accelerometer1RMS,2,1.8508
screen,valve1__10,Accelerometer1RMS,3,1.7614
screen,valve1__10,Accelerometer1RMS,4,2.0772
screen,valve1__10,Accelerometer1RMS,5,1.6287
screen,valve1__10,Accelerometer1RMS,6,1.6269
screen,valve1__10,Accelerometer1RMS,7,1.9463
screen,valve1__10,Accelerometer1RMS,8,2.2169
screen,valve1__10,Accelerometer1RMS,9,2.0418
screen,valve1__10,Accelerometer1RMS,10,2.8111
screen,valve1__10,Accelerometer1RMS,11,2.2678
screen,valve1__10,Accelerometer1RMS,12,1.8315
screen,valve1__10,Accelerometer1RMS,13,1.7851
screen,valve1__10,Accelerometer1RMS,14,2.1238
screen,valve1__10,Accelerometer1RMS,15,1.9084
screen,valve1__10,Accelerometer1RMS,16,1.532
screen,valve1__10,Accelerometer1RMS,17,2.1169
screen,valve1__10,Accelerometer1RMS,18,1.576
screen,valve1__10,Accelerometer1RMS,19,2.062
screen,valve1__10,Accelerometer2RMS,0,1.9798
screen,valve1__10,Accelerometer2RMS,1,1.736
screen,valve1__10,Accelerometer2RMS,2,2.8456
screen,valve1__10,Accelerometer2RMS,3,3.9585
screen,valve1__10,Accelerometer2RMS,4,2.8129
screen,valve1__10,Accelerometer2RMS,5,2.4376
screen,valve1__10,Accelerometer2RMS,6,1.673
screen,valve1__10,Accelerometer2RMS,7,1.5682
screen,valve1__10,Accelerometer2RMS,8,2.3426
screen,valve1__10,Accelerometer2RMS,9,1.6148
screen,valve1__10,Accelerometer2RMS,10,2.0245
screen,valve1__10,Accelerometer2RMS,11,2.1397
screen,valve1__10,Accelerometer2RMS,12,6.1617
screen,valve1__10,Accelerometer2RMS,13,6.3453
screen,valve1__10,Accelerometer2RMS,14,2.7054
screen,valve1__10,Accelerometer2RMS,15,2.489
screen,valve1__10,Accelerometer2RMS,16,1.6494
screen,valve1__10,Accelerometer2RMS,17,2.5193
screen,valve1__10,Accelerometer2RMS,18,3.7277
screen,valve1__10,Accelerometer2RMS,19,3.6652
screen,valve1__10,Current,0,1.7695
screen,valve1__10,Current,1,1.9833
screen,valve1__10,Current,2,1.8908
screen,valve1__10,Current,3,1.7479
screen,valve1__10,Current,4,1.8533
screen,valve1__10,Current,5,2.0266
screen,valve1__10,Current,6,1.5991
screen,valve1__10,Current,7,1.8628
screen,valve1__10,Current,8,1.9222
screen,valve1__10,Current,9,1.9523
screen,valve1__10,Current,10,2.0043
screen,valve1__10,Current,11,1.9931
screen,valve1__10,Current,12,1.9285
screen,valve1__10,Current,13,1.9522
screen,valve1__10,Current,14,1.9447
screen,valve1__10,Current,15,2.0461
screen,valve1__10,Current,16,1.9259
screen,valve1__10,Current,17,1.9436
screen,valve1__10,Current,18,2.0639
screen,valve1__10,Current,19,1.9709
screen,valve1__10,Temperature,0,1.6662
screen,valve1__10,Temperature,1,0.8513
screen,valve1__10,Temperature,2,2.016
screen,valve1__10,Temperature,3,2.6625
screen,valve1__10,Temperature,4,2.2178
screen,valve1__10,Temperature,5,3.2223
screen,valve1__10,Temperature,6,3.3028
screen,valve1__10,Temperature,7,3.0102
screen,valve1__10,Temperature,8,4.016
screen,valve1__10,Temperature,9,3.0882
screen,valve1__10,Temperature,10,4.9044
screen,valve1__10,Temperature,11,4.3815
screen,valve1__10,Temperature,12,2.5423
screen,valve1__10,Temperature,13,2.3188
screen,valve1__10,Temperature,14,1.8997
screen,valve1__10,Temperature,15,1.2555
screen,valve1__10,Temperature,16,0.8117
screen,valve1__10,Temperature,17,1.1
screen,valve1__10,Temperature,18,1.298
screen,valve1__10,Temperature,19,1.5511
screen,valve1__10,Thermocouple,0,1.5738
screen,valve1__10,Thermocouple,1,2.4169
screen,valve1__10,Thermocouple,2,2.001
screen,valve1__10,Thermocouple,3,3.1589
screen,valve1__10,Thermocouple,4,4.1256
screen,valve1__10,Thermocouple,5,3.1139
screen,valve1__10,Thermocouple,6,3.26
screen,valve1__10,Thermocouple,7,2.9565
screen,valve1__10,Thermocouple,8,4.5641
screen,valve1__10,Thermocouple,9,8.2625
screen,valve1__10,Thermocouple,10,2.4169
screen,valve1__10,Thermocouple,11,3.676
screen,valve1__10,Thermocouple,12,2.2371
screen,valve1__10,Thermocouple,13,2.7879
screen,valve1__10,Thermocouple,14,2.4956
screen,valve1__10,Thermocouple,15,3.4287
screen,valve1__10,Thermocouple,16,3.4399
screen,valve1__10,Thermocouple,17,3.8671
screen,valve1__10,Thermocouple,18,3.5636
screen,valve1__10,Thermocouple,19,4.6877
screen,valve1__10,Voltage,0,2.4358
screen,valve1__10,Voltage,1,2.5553
screen,valve1__10,Voltage,2,2.7864
screen,valve1__10,Voltage,3,2.9103
screen,valve1__10,Voltage,4,2.857
screen,valve1__10,Voltage,5,2.5554
screen,valve1__10,Voltage,6,2.5343
screen,valve1__10,Voltage,7,2.67
screen,valve1__10,Voltage,8,2.637
screen,valve1__10,Voltage,9,2.7299
screen,valve1__10,Voltage,10,2.8422
screen,valve1__10,Voltage,11,2.5759
screen,valve1__10,Voltage,12,2.6447
screen,valve1__10,Voltage,13,2.7941
screen,valve1__10,Voltage,14,2.5263
screen,valve1__10,Voltage,15,2.7679
screen,valve1__10,Voltage,16,2.8029
screen,valve1__10,Voltage,17,2.6346
screen,valve1__10,Voltage,18,2.768
screen,valve1__10,Voltage,19,2.9376
screen,valve1__10,Volume Flow RateRMS,0,66.8223
screen,valve1__10,Volume Flow RateRMS,1,66.8223
screen,valve1__10,Volume Flow RateRMS,2,66.8018
screen,valve1__10,Volume Flow RateRMS,3,66.8018
screen,valve1__10,Volume Flow RateRMS,4,66.7882
screen,valve1__10,Volume Flow RateRMS,5,66.7882
screen,valve1__10,Volume Flow RateRMS,6,66.7882
screen,valve1__10,Volume Flow RateRMS,7,66.7678
screen,valve1__10,Volume Flow RateRMS,8,66.7678
screen,valve1__10,Volume Flow RateRMS,9,66.7541
screen,valve1__10,Volume Flow RateRMS,10,66.7541
screen,valve1__10,Volume Flow RateRMS,11,202.9536
screen,valve1__10,Volume Flow RateRMS,12,202.9536
screen,valve1__10,Volume Flow RateRMS,13,202.9331
screen,valve1__10,Volume Flow RateRMS,14,204.3911
screen,valve1__10,Volume Flow RateRMS,15,204.3911
screen,valve1__10,Volume Flow RateRMS,16,136.2608
screen,valve1__10,Volume Flow RateRMS,17,66.686
screen,valve1__10,Volume Flow RateRMS,18,66.686
screen,valve1__10,Volume Flow RateRMS,19,66.6724
spc,valve1__10,Accelerometer1RMS,0,1.0
spc,valve1__10,Accelerometer1RMS,1,0.0
spc,valve1__10,Accelerometer1RMS,2,0.0
spc,valve1__10,Accelerometer1RMS,3,0.0
spc,valve1__10,Accelerometer1RMS,4,0.0
spc,valve1__10,Accelerometer1RMS,5,0.0
spc,valve1__10,Accelerometer1RMS,6,0.0
spc,valve1__10,Accelerometer1RMS,7,0.0
spc,valve1__10,Accelerometer1RMS,8,0.0
spc,valve1__10,Accelerometer1RMS,9,0.0
spc,valve1__10,Accelerometer1RMS,10,3.0
spc,valve1__10,Accelerometer1RMS,11,0.0
spc,valve1__10,Accelerometer1RMS,12,0.0
spc,valve1__10,Accelerometer1RMS,13,0.0
spc,valve1__10,Accelerometer1RMS,14,1.0
spc,valve1__10,Accelerometer1RMS,15,1.0
spc,valve1__10,Accelerometer1RMS,16,0.0
spc,valve1__10,Accelerometer1RMS,17,1.0
spc,valve1__10,Accelerometer1RMS,18,1.0
spc,valve1__10,Accelerometer1RMS,19,1.0
spc,valve1__10,Accelerometer2RMS,0,2.0
spc,valve1__10,Accelerometer2RMS,1,2.0
spc,valve1__10,Accelerometer2RMS,2,0.0
spc,valve1__10,Accelerometer2RMS,3,5.0
spc,valve1__10,Accelerometer2RMS,4,2.0
spc,valve1__10,Accelerometer2RMS,5,1.0
spc,valve1__10,Accelerometer2RMS,6,0.0
spc,valve1__10,Accelerometer2RMS,7,0.0
spc,valve1__10,Accelerometer2RMS,8,0.0
spc,valve1__10,Accelerometer2RMS,9,1.0
spc,valve1__10,Accelerometer2RMS,10,2.0
spc,valve1__10,Accelerometer2RMS,11,1.0
spc,valve1__10,Accelerometer2RMS,12,47.0
spc,valve1__10,Accelerometer2RMS,13,27.0
spc,valve1__10,Accelerometer2RMS,14,2.0
spc,valve1__10,Accelerometer2RMS,15,2.0
spc,valve1__10,Accelerometer2RMS,16,3.0
spc,valve1__10,Accelerometer2RMS,17,2.0
spc,valve1__10,Accelerometer2RMS,18,7.0
spc,valve1__10,Accelerometer2RMS,19,5.0
spc,valve1__10,Current,0,0.0
spc,valve1__10,Current,1,1.0
spc,valve1__10,Current,2,2.0
spc,valve1__10,Current,3,1.0
spc,valve1__10,Current,4,3.0
spc,valve1__10,Current,5,1.0
spc,valve1__10,Current,6,2.0
spc,valve1__10,Current,7,2.0
spc,valve1__10,Current,8,2.0
spc,valve1__10,Current,9,2.0
spc,valve1__10,Current,10,1.0
spc,valve1__10,Current,11,3.0
spc,valve1__10,Current,12,1.0
spc,valve1__10,Current,13,0.0
spc,valve1__10,Current,14,2.0
spc,valve1__10,Current,15,1.0
spc,valve1__10,Current,16,1.0
spc,valve1__10,Current,17,1.0
spc,valve1__10,Current,18,2.0
spc,valve1__10,Current,19,0.0
spc,valve1__10,Temperature,0,3.0
spc,valve1__10,Temperature,1,2.0
spc,valve1__10,Temperature,2,1.0
spc,valve1__10,Temperature,3,1.0
spc,valve1__10,Temperature,4,1.0
spc,valve1__10,Temperature,5,2.0
spc,valve1__10,Temperature,6,19.0
spc,valve1__10,Temperature,7,3.0
spc,valve1__10,Temperature,8,41.0
spc,valve1__10,Temperature,9,3.0
spc,valve1__10,Temperature,10,52.0
spc,valve1__10,Temperature,11,30.0
spc,valve1__10,Temperature,12,1.0
spc,valve1__10,Temperature,13,1.0
spc,valve1__10,Temperature,14,1.0
spc,valve1__10,Temperature,15,3.0
spc,valve1__10,Temperature,16,3.0
spc,valve1__10,Temperature,17,0.0
spc,valve1__10,Temperature,18,1.0
spc,valve1__10,Temperature,19,1.0
spc,valve1__10,Thermocouple,0,0.0
spc,valve1__10,Thermocouple,1,2.0
spc,valve1__10,Thermocouple,2,2.0
spc,valve1__10,Thermocouple,3,3.0
spc,valve1__10,Thermocouple,4,2.0
spc,valve1__10,Thermocouple,5,4.0
spc,valve1__10,Thermocouple,6,8.0
spc,valve1__10,Thermocouple,7,1.0
spc,valve1__10,Thermocouple,8,26.0
spc,valve1__10,Thermocouple,9,35.0
spc,valve1__10,Thermocouple,10,2.0
spc,valve1__10,Thermocouple,11,14.0
spc,valve1__10,Thermocouple,12,2.0
spc,valve1__10,Thermocouple,13,2.0
spc,valve1__10,Thermocouple,14,2.0
spc,valve1__10,Thermocouple,15,10.0
spc,valve1__10,Thermocouple,16,6.0
spc,valve1__10,Thermocouple,17,17.0
spc,valve1__10,Thermocouple,18,13.0
spc,valve1__10,Thermocouple,19,37.0
spc,valve1__10,Voltage,0,0.0
spc,valve1__10,Voltage,1,0.0
spc,valve1__10,Voltage,2,0.0
spc,valve1__10,Voltage,3,0.0
spc,valve1__10,Voltage,4,0.0
spc,valve1__10,Voltage,5,0.0
spc,valve1__10,Voltage,6,0.0
spc,valve1__10,Voltage,7,0.0
spc,valve1__10,Voltage,8,0.0
spc,valve1__10,Voltage,9,0.0
spc,valve1__10,Voltage,10,0.0
spc,valve1__10,Voltage,11,1.0
spc,valve1__10,Voltage,12,1.0
spc,valve1__10,Voltage,13,0.0
spc,valve1__10,Voltage,14,0.0
spc,valve1__10,Voltage,15,0.0
spc,valve1__10,Voltage,16,0.0
spc,valve1__10,Voltage,17,0.0
spc,valve1__10,Voltage,18,0.0
spc,valve1__10,Voltage,19,0.0
spc,valve1__10,Volume Flow RateRMS,0,16.0
spc,valve1__10,Volume Flow RateRMS,1,9.0
spc,valve1__10,Volume Flow RateRMS,2,17.0
spc,valve1__10,Volume Flow RateRMS,3,19.0
spc,valve1__10,Volume Flow RateRMS,4,17.0
spc,valve1__10,Volume Flow RateRMS,5,14.0
spc,valve1__10,Volume Flow RateRMS,6,10.0
spc,valve1__10,Volume Flow RateRMS,7,11.0
spc,valve1__10,Volume Flow RateRMS,8,10.0
spc,valve1__10,Volume Flow RateRMS,9,20.0
spc,valve1__10,Volume Flow RateRMS,10,12.0
spc,valve1__10,Volume Flow RateRMS,11,59.0
spc,valve1__10,Volume Flow RateRMS,12,58.0
spc,valve1__10,Volume Flow RateRMS,13,58.0
spc,valve1__10,Volume Flow RateRMS,14,59.0
spc,valve1__10,Volume Flow RateRMS,15,58.0
spc,valve1__10,Volume Flow RateRMS,16,35.0
spc,valve1__10,Volume Flow RateRMS,17,9.0
spc,valve1__10,Volume Flow RateRMS,18,15.0
spc,valve1__10,Volume Flow RateRMS,19,9.0
screen,valve1__11,Accelerometer1RMS,0,1.5732
screen,valve1__11,Accelerometer1RMS,1,2.5565
screen,valve1__11,Accelerometer1RMS,2,2.4503
screen,valve1__11,Accelerometer1RMS,3,2.5052
screen,valve1__11,Accelerometer1RMS,4,2.1131
screen,valve1__11,Accelerometer1RMS,5,2.1131
screen,valve1__11,Accelerometer1RMS,6,2.0195
screen,valve1__11,Accelerometer1RMS,7,2.3389
screen,valve1__11,Accelerometer1RMS,8,1.6568
screen,valve1__11,Accelerometer1RMS,9,1.9423
screen,valve1__11,Accelerometer1RMS,10,1.9598
screen,valve1__11,Accelerometer1RMS,11,1.7153
screen,valve1__11,Accelerometer1RMS,12,1.8813
screen,valve1__11,Accelerometer1RMS,13,1.4573
screen,valve1__11,Accelerometer1RMS,14,1.3179
screen,valve1__11,Accelerometer1RMS,15,1.8379
screen,valve1__11,Accelerometer1RMS,16,1.8864
screen,valve1__11,Accelerometer1RMS,17,2.5427
screen,valve1__11,Accelerometer1RMS,18,2.4869
screen,valve1__11,Accelerometer1RMS,19,2.5637
screen,valve1__11,Accelerometer1RMS,20,2.1102
screen,valve1__11,Accelerometer2RMS,0,1.6672
screen,valve1__11,Accelerometer2RMS,1,2.8507
screen,valve1__11,Accelerometer2RMS,2,1.923
screen,valve1__11,Accelerometer2RMS,3,1.8437
screen,valve1__11,Accelerometer2RMS,4,2.7719
screen,valve1__11,Accelerometer2RMS,5,3.6022
screen,valve1__11,Accelerometer2RMS,6,7.0232
screen,valve1__11,Accelerometer2RMS,7,6.9125
screen,valve1__11,Accelerometer2RMS,8,5.1291
screen,valve1__11,Accelerometer2RMS,9,1.9642
screen,valve1__11,Accelerometer2RMS,10,1.6438
screen,valve1__11,Accelerometer2RMS,11,2.2614
screen,valve1__11,Accelerometer2RMS,12,3.6062
screen,valve1__11,Accelerometer2RMS,13,3.5869
screen,valve1__11,Accelerometer2RMS,14,2.0279
screen,valve1__11,Accelerometer2RMS,15,2.1416
screen,valve1__11,Accelerometer2RMS,16,2.4819
screen,valve1__11,Accelerometer2RMS,17,2.6133
screen,valve1__11,Accelerometer2RMS,18,2.9933
screen,valve1__11,Accelerometer2RMS,19,3.2873
screen,valve1__11,Accelerometer2RMS,20,2.6869
screen,valve1__11,Current,0,1.9011
screen,valve1__11,Current,1,1.5625
screen,valve1__11,Current,2,1.7985
screen,valve1__11,Current,3,1.7498
screen,valve1__11,Current,4,1.9847
screen,valve1__11,Current,5,1.6027
screen,valve1__11,Current,6,1.6436
screen,valve1__11,Current,7,1.8987
screen,valve1__11,Current,8,2.0236
screen,valve1__11,Current,9,1.6413
screen,valve1__11,Current,10,2.0067
screen,valve1__11,Current,11,1.7954
screen,valve1__11,Current,12,1.9906
screen,valve1__11,Current,13,1.8668
screen,valve1__11,Current,14,2.0006
screen,valve1__11,Current,15,1.9442
screen,valve1__11,Current,16,1.6677
screen,valve1__11,Current,17,1.986
screen,valve1__11,Current,18,1.8181
screen,valve1__11,Current,19,2.0299
screen,valve1__11,Current,20,0.8355
screen,valve1__11,Temperature,0,2.5565
screen,valve1__11,Temperature,1,1.7823
screen,valve1__11,Temperature,2,1.5278
screen,valve1__11,Temperature,3,8.3076
screen,valve1__11,Temperature,4,10.6347
screen,valve1__11,Temperature,5,10.1695
screen,valve1__11,Temperature,6,7.728
screen,valve1__11,Temperature,7,5.307
screen,valve1__11,Temperature,8,4.7684
screen,valve1__11,Temperature,9,3.3171
screen,valve1__11,Temperature,10,1.9424
screen,valve1__11,Temperature,11,2.4268
screen,valve1__11,Temperature,12,3.2352
screen,valve1__11,Temperature,13,5.712
screen,valve1__11,Temperature,14,4.9795
screen,valve1__11,Temperature,15,3.1553
screen,valve1__11,Temperature,16,2.2767
screen,valve1__11,Temperature,17,1.655
screen,valve1__11,Temperature,18,1.9685
screen,valve1__11,Temperature,19,2.0949
screen,valve1__11,Temperature,20,0.9687
screen,valve1__11,Thermocouple,0,1.5306
screen,valve1__11,Thermocouple,1,1.7035
screen,valve1__11,Thermocouple,2,2.1878
screen,valve1__11,Thermocouple,3,3.7443
screen,valve1__11,Thermocouple,4,3.7962
screen,valve1__11,Thermocouple,5,2.9401
screen,valve1__11,Thermocouple,6,2.2051
screen,valve1__11,Thermocouple,7,3.6751
screen,valve1__11,Thermocouple,8,4.3237
screen,valve1__11,Thermocouple,9,3.7183
screen,valve1__11,Thermocouple,10,3.113
screen,valve1__11,Thermocouple,11,2.7671
screen,valve1__11,Thermocouple,12,3.1476
screen,valve1__11,Thermocouple,13,1.6257
screen,valve1__11,Thermocouple,14,3.3033
screen,valve1__11,Thermocouple,15,3.0871
screen,valve1__11,Thermocouple,16,2.3607
screen,valve1__11,Thermocouple,17,5.664
screen,valve1__11,Thermocouple,18,4.8339
screen,valve1__11,Thermocouple,19,5.1538
screen,valve1__11,Thermocouple,20,4.4361
screen,valve1__11,Voltage,0,2.566
screen,valve1__11,Voltage,1,2.4251
screen,valve1__11,Voltage,2,2.6336
screen,valve1__11,Voltage,3,2.466
screen,valve1__11,Voltage,4,2.3181
screen,valve1__11,Voltage,5,2.5809
screen,valve1__11,Voltage,6,2.4176
screen,valve1__11,Voltage,7,2.4499
screen,valve1__11,Voltage,8,2.4649
screen,valve1__11,Voltage,9,2.3015
screen,valve1__11,Voltage,10,2.3758
screen,valve1__11,Voltage,11,2.4049
screen,valve1__11,Voltage,12,2.4084
screen,valve1__11,Voltage,13,2.3584
screen,valve1__11,Voltage,14,2.4853
screen,valve1__11,Voltage,15,2.4469
screen,valve1__11,Voltage,16,2.6284
screen,valve1__11,Voltage,17,2.5233
screen,valve1__11,Voltage,18,2.4148
screen,valve1__11,Voltage,19,2.688
screen,valve1__11,Voltage,20,1.142
spc,valve1__11,Accelerometer1RMS,0,0.0
spc,valve1__11,Accelerometer1RMS,1,0.0
spc,valve1__11,Accelerometer1RMS,2,0.0
spc,valve1__11,Accelerometer1RMS,3,0.0
spc,valve1__11,Accelerometer1RMS,4,2.0
spc,valve1__11,Accelerometer1RMS,5,0.0
spc,valve1__11,Accelerometer1RMS,6,1.0
spc,valve1__11,Accelerometer1RMS,7,1.0
spc,valve1__11,Accelerometer1RMS,8,3.0
spc,valve1__11,Accelerometer1RMS,9,1.0
spc,valve1__11,Accelerometer1RMS,10,2.0
spc,valve1__11,Accelerometer1RMS,11,0.0
spc,valve1__11,Accelerometer1RMS,12,0.0
spc,valve1__11,Accelerometer1RMS,13,0.0
spc,valve1__11,Accelerometer1RMS,14,0.0
spc,valve1__11,Accelerometer1RMS,15,1.0
spc,valve1__11,Accelerometer1RMS,16,1.0
spc,valve1__11,Accelerometer1RMS,17,1.0
spc,valve1__11,Accelerometer1RMS,18,1.0
spc,valve1__11,Accelerometer1RMS,19,0.0
spc,valve1__11,Accelerometer1RMS,20,0.0
spc,valve1__11,Accelerometer2RMS,0,2.0
spc,valve1__11,Accelerometer2RMS,1,1.0
spc,valve1__11,Accelerometer2RMS,2,1.0
spc,valve1__11,Accelerometer2RMS,3,1.0
spc,valve1__11,Accelerometer2RMS,4,4.0
spc,valve1__11,Accelerometer2RMS,5,5.0
spc,valve1__11,Accelerometer2RMS,6,17.0
spc,valve1__11,Accelerometer2RMS,7,57.0
spc,valve1__11,Accelerometer2RMS,8,10.0
spc,valve1__11,Accelerometer2RMS,9,1.0
spc,valve1__11,Accelerometer2RMS,10,0.0
spc,valve1__11,Accelerometer2RMS,11,1.0
spc,valve1__11,Accelerometer2RMS,12,9.0
spc,valve1__11,Accelerometer2RMS,13,7.0
spc,valve1__11,Accelerometer2RMS,14,1.0
spc,valve1__11,Accelerometer2RMS,15,2.0
spc,valve1__11,Accelerometer2RMS,16,4.0
spc,valve1__11,Accelerometer2RMS,17,2.0
spc,valve1__11,Accelerometer2RMS,18,2.0
spc,valve1__11,Accelerometer2RMS,19,3.0
spc,valve1__11,Accelerometer2RMS,20,0.0
spc,valve1__11,Current,0,5.0
spc,valve1__11,Current,1,2.0
spc,valve1__11,Current,2,1.0
spc,valve1__11,Current,3,1.0
spc,valve1__11,Current,4,1.0
spc,valve1__11,Current,5,1.0
spc,valve1__11,Current,6,1.0
spc,valve1__11,Current,7,1.0
spc,valve1__11,Current,8,1.0
spc,valve1__11,Current,9,1.0
spc,valve1__11,Current,10,1.0
spc,valve1__11,Current,11,2.0
spc,valve1__11,Current,12,0.0
spc,valve1__11,Current,13,1.0
spc,valve1__11,Current,14,1.0
spc,valve1__11,Current,15,0.0
spc,valve1__11,Current,16,2.0
spc,valve1__11,Current,17,1.0
spc,valve1__11,Current,18,1.0
spc,valve1__11,Current,19,2.0
spc,valve1__11,Current,20,0.0
spc,valve1__11,Temperature,0,1.0
spc,valve1__11,Temperature,1,2.0
spc,valve1__11,Temperature,2,1.0
spc,valve1__11,Temperature,3,31.0
spc,valve1__11,Temperature,4,59.0
spc,valve1__11,Temperature,5,58.0
spc,valve1__11,Temperature,6,58.0
spc,valve1__11,Temperature,7,59.0
spc,valve1__11,Temperature,8,57.0
spc,valve1__11,Temperature,9,4.0
spc,valve1__11,Temperature,10,3.0
spc,valve1__11,Temperature,11,1.0
spc,valve1__11,Temperature,12,3.0
spc,valve1__11,Temperature,13,53.0
spc,valve1__11,Temperature,14,55.0
spc,valve1__11,Temperature,15,4.0
spc,valve1__11,Temperature,16,1.0
spc,valve1__11,Temperature,17,3.0
spc,valve1__11,Temperature,18,2.0
spc,valve1__11,Temperature,19,2.0
spc,valve1__11,Temperature,20,0.0
spc,valve1__11,Thermocouple,0,3.0
spc,valve1__11,Thermocouple,1,2.0
spc,valve1__11,Thermocouple,2,1.0
spc,valve1__11,Thermocouple,3,15.0
spc,valve1__11,Thermocouple,4,19.0
spc,valve1__11,Thermocouple,5,1.0
spc,valve1__11,Thermocouple,6,1.0
spc,valve1__11,Thermocouple,7,5.0
spc,valve1__11,Thermocouple,8,17.0
spc,valve1__11,Thermocouple,9,18.0
spc,valve1__11,Thermocouple,10,2.0
spc,valve1__11,Thermocouple,11,3.0
spc,valve1__11,Thermocouple,12,4.0
spc,valve1__11,Thermocouple,13,3.0
spc,valve1__11,Thermocouple,14,2.0
spc,valve1__11,Thermocouple,15,3.0
spc,valve1__11,Thermocouple,16,2.0
spc,valve1__11,Thermocouple,17,52.0
spc,valve1__11,Thermocouple,18,42.0
spc,valve1__11,Thermocouple,19,22.0
spc,valve1__11,Thermocouple,20,1.0
spc,valve1__11,Voltage,0,1.0
spc,valve1__11,Voltage,1,0.0
spc,valve1__11,Voltage,2,1.0
spc,valve1__11,Voltage,3,0.0
spc,valve1__11,Voltage,4,0.0
spc,valve1__11,Voltage,5,2.0
spc,valve1__11,Voltage,6,0.0
spc,valve1__11,Voltage,7,0.0
spc,valve1__11,Voltage,8,0.0
spc,valve1__11,Voltage,9,0.0
spc,valve1__11,Voltage,10,0.0
spc,valve1__11,Voltage,11,0.0
spc,valve1__11,Voltage,12,0.0
spc,valve1__11,Voltage,13,0.0
spc,valve1__11,Voltage,14,0.0
spc,valve1__11,Voltage,15,0.0
spc,valve1__11,Voltage,16,0.0
spc,valve1__11,Voltage,17,0.0
spc,valve1__11,Voltage,18,1.0
spc,valve1__11,Voltage,19,1.0
spc,valve1__11,Voltage,20,0.0
screen,valve1__12,Accelerometer1RMS,0,2.5406
screen,valve1__12,Accelerometer1RMS,1,2.5704
screen,valve1__12,Accelerometer1RMS,2,2.3641
screen,valve1__12,Accelerometer1RMS,3,2.7372
screen,valve1__12,Accelerometer1RMS,4,2.5218
screen,valve1__12,Accelerometer1RMS,5,2.2163
screen,valve1__12,Accelerometer1RMS,6,2.5492
screen,valve1__12,Accelerometer1RMS,7,2.3791
screen,valve1__12,Accelerometer1RMS,8,2.7963
screen,valve1__12,Accelerometer1RMS,9,2.7546
screen,valve1__12,Accelerometer1RMS,10,2.4361
screen,valve1__12,Accelerometer1RMS,11,2.3055
screen,valve1__12,Accelerometer1RMS,12,2.3367
screen,valve1__12,Accelerometer1RMS,13,2.8591
screen,valve1__12,Accelerometer1RMS,14,2.435
screen,valve1__12,Accelerometer1RMS,15,2.0452
screen,valve1__12,Accelerometer1RMS,16,2.3474
screen,valve1__12,Accelerometer1RMS,17,1.9899
screen,valve1__12,Accelerometer1RMS,18,2.4917
screen,valve1__12,Accelerometer1RMS,19,1.9851
screen,valve1__12,Accelerometer1RMS,20,0.841
screen,valve1__12,Accelerometer2RMS,0,3.0063
screen,valve1__12,Accelerometer2RMS,1,1.9108
screen,valve1__12,Accelerometer2RMS,2,2.6577
screen,valve1__12,Accelerometer2RMS,3,2.4136
screen,valve1__12,Accelerometer2RMS,4,2.8819
screen,valve1__12,Accelerometer2RMS,5,2.0506
screen,valve1__12,Accelerometer2RMS,6,2.3453
screen,valve1__12,Accelerometer2RMS,7,2.6312
screen,valve1__12,Accelerometer2RMS,8,2.5245
screen,valve1__12,Accelerometer2RMS,9,5.1681
screen,valve1__12,Accelerometer2RMS,10,4.9551
screen,valve1__12,Accelerometer2RMS,11,8.6278
screen,valve1__12,Accelerometer2RMS,12,5.5152
screen,valve1__12,Accelerometer2RMS,13,2.6213
screen,valve1__12,Accelerometer2RMS,14,2.8503
screen,valve1__12,Accelerometer2RMS,15,3.3578
screen,valve1__12,Accelerometer2RMS,16,3.2631
screen,valve1__12,Accelerometer2RMS,17,2.8755
screen,valve1__12,Accelerometer2RMS,18,3.1838
screen,valve1__12,Accelerometer2RMS,19,2.6694
screen,valve1__12,Accelerometer2RMS,20,0.3771
screen,valve1__12,Current,0,1.6535
screen,valve1__12,Current,1,1.4206
screen,valve1__12,Current,2,1.4409
screen,valve1__12,Current,3,1.5469
screen,valve1__12,Current,4,1.4902
screen,valve1__12,Current,5,1.579
screen,valve1__12,Current,6,1.6257
screen,valve1__12,Current,7,1.458
screen,valve1__12,Current,8,1.6331
screen,valve1__12,Current,9,1.7351
screen,valve1__12,Current,10,1.2844
screen,valve1__12,Current,11,1.6958
screen,valve1__12,Current,12,1.439
screen,valve1__12,Current,13,1.6178
screen,valve1__12,Current,14,1.5149
screen,valve1__12,Current,15,1.3841
screen,valve1__12,Current,16,1.7608
screen,valve1__12,Current,17,1.4717
screen,valve1__12,Current,18,1.649
screen,valve1__12,Current,19,1.5727
screen,valve1__12,Current,20,0.3299
screen,valve1__12,Temperature,0,2.355
screen,valve1__12,Temperature,1,1.8657
screen,valve1__12,Temperature,2,1.6785
screen,valve1__12,Temperature,3,2.1715
screen,valve1__12,Temperature,4,2.8114
screen,valve1__12,Temperature,5,3.7293
screen,valve1__12,Temperature,6,2.6804
screen,valve1__12,Temperature,7,10.551
screen,valve1__12,Temperature,8,22.3918
screen,valve1__12,Temperature,9,22.0442
screen,valve1__12,Temperature,10,17.6038
screen,valve1__12,Temperature,11,14.4711
screen,valve1__12,Temperature,12,13.2758
screen,valve1__12,Temperature,13,10.2504
screen,valve1__12,Temperature,14,9.5434
screen,valve1__12,Temperature,15,8.525
screen,valve1__12,Temperature,16,7.0533
screen,valve1__12,Temperature,17,6.9445
screen,valve1__12,Temperature,18,5.9157
screen,valve1__12,Temperature,19,4.6833
screen,valve1__12,Temperature,20,5.6893
screen,valve1__12,Thermocouple,0,1.0931
screen,valve1__12,Thermocouple,1,1.3199
screen,valve1__12,Thermocouple,2,1.6281
screen,valve1__12,Thermocouple,3,1.6165
screen,valve1__12,Thermocouple,4,2.0816
screen,valve1__12,Thermocouple,5,1.4653
screen,valve1__12,Thermocouple,6,1.5234
screen,valve1__12,Thermocouple,7,1.9828
screen,valve1__12,Thermocouple,8,2.9712
screen,valve1__12,Thermocouple,9,3.3725
screen,valve1__12,Thermocouple,10,1.5699
screen,valve1__12,Thermocouple,11,1.9944
screen,valve1__12,Thermocouple,12,3.0003
screen,valve1__12,Thermocouple,13,2.5759
screen,valve1__12,Thermocouple,14,2.1863
screen,valve1__12,Thermocouple,15,1.506
screen,valve1__12,Thermocouple,16,2.2619
screen,valve1__12,Thermocouple,17,3.2271
screen,valve1__12,Thermocouple,18,3.3492
screen,valve1__12,Thermocouple,19,4.7621
screen,valve1__12,Thermocouple,20,5.0994
screen,valve1__12,Voltage,0,2.7212
screen,valve1__12,Voltage,1,2.4924
screen,valve1__12,Voltage,2,2.6515
screen,valve1__12,Voltage,3,2.7442
screen,valve1__12,Voltage,4,2.7332
screen,valve1__12,Voltage,5,2.7055
screen,valve1__12,Voltage,6,2.4905
screen,valve1__12,Voltage,7,2.7945
screen,valve1__12,Voltage,8,2.8133
screen,valve1__12,Voltage,9,2.8246
screen,valve1__12,Voltage,10,2.597
screen,valve1__12,Voltage,11,2.6919
screen,valve1__12,Voltage,12,2.3315
screen,valve1__12,Voltage,13,2.6898
screen,valve1__12,Voltage,14,2.8209
screen,valve1__12,Voltage,15,2.6563
screen,valve1__12,Voltage,16,2.5547
screen,valve1__12,Voltage,17,2.6641
screen,valve1__12,Voltage,18,2.6054
screen,valve1__12,Voltage,19,2.6505
screen,valve1__12,Voltage,20,2.2913
screen,valve1__12,Volume Flow RateRMS,0,26.8557
screen,valve1__12,Volume Flow RateRMS,1,26.8557
screen,valve1__12,Volume Flow RateRMS,2,26.8557
screen,valve1__12,Volume Flow RateRMS,3,26.1923
screen,valve1__12,Volume Flow RateRMS,4,26.1923
screen,valve1__12,Volume Flow RateRMS,5,27.5165
screen,valve1__12,Volume Flow RateRMS,6,27.5165
screen,valve1__12,Volume Flow RateRMS,7,27.5082
screen,valve1__12,Volume Flow RateRMS,8,27.5082
screen,valve1__12,Volume Flow RateRMS,9,27.5027
screen,valve1__12,Volume Flow RateRMS,10,110.0907
screen,valve1__12,Volume Flow RateRMS,11,110.0852
screen,valve1__12,Volume Flow RateRMS,12,110.7954
screen,valve1__12,Volume Flow RateRMS,13,110.7954
screen,valve1__12,Volume Flow RateRMS,14,110.0769
screen,valve1__12,Volume Flow RateRMS,15,110.0769
screen,valve1__12,Volume Flow RateRMS,16,110.0714
screen,valve1__12,Volume Flow RateRMS,17,83.2652
screen,valve1__12,Volume Flow RateRMS,18,27.4752
screen,valve1__12,Volume Flow RateRMS,19,27.4752
screen,valve1__12,Volume Flow RateRMS,20,0.6745
spc,valve1__12,Accelerometer1RMS,0,0.0
spc,valve1__12,Accelerometer1RMS,1,1.0
spc,valve1__12,Accelerometer1RMS,2,1.0
spc,valve1__12,Accelerometer1RMS,3,5.0
spc,valve1__12,Accelerometer1RMS,4,0.0
spc,valve1__12,Accelerometer1RMS,5,0.0
spc,valve1__12,Accelerometer1RMS,6,0.0
spc,valve1__12,Accelerometer1RMS,7,2.0
spc,valve1__12,Accelerometer1RMS,8,0.0
spc,valve1__12,Accelerometer1RMS,9,3.0
spc,valve1__12,Accelerometer1RMS,10,0.0
spc,valve1__12,Accelerometer1RMS,11,0.0
spc,valve1__12,Accelerometer1RMS,12,0.0
spc,valve1__12,Accelerometer1RMS,13,0.0
spc,valve1__12,Accelerometer1RMS,14,0.0
spc,valve1__12,Accelerometer1RMS,15,0.0
spc,valve1__12,Accelerometer1RMS,16,1.0
spc,valve1__12,Accelerometer1RMS,17,4.0
spc,valve1__12,Accelerometer1RMS,18,7.0
spc,valve1__12,Accelerometer1RMS,19,1.0
spc,valve1__12,Accelerometer1RMS,20,0.0
spc,valve1__12,Accelerometer2RMS,0,1.0
spc,valve1__12,Accelerometer2RMS,1,3.0
spc,valve1__12,Accelerometer2RMS,2,3.0
spc,valve1__12,Accelerometer2RMS,3,0.0
spc,valve1__12,Accelerometer2RMS,4,5.0
spc,valve1__12,Accelerometer2RMS,5,1.0
spc,valve1__12,Accelerometer2RMS,6,2.0
spc,valve1__12,Accelerometer2RMS,7,1.0
spc,valve1__12,Accelerometer2RMS,8,5.0
spc,valve1__12,Accelerometer2RMS,9,9.0
spc,valve1__12,Accelerometer2RMS,10,22.0
spc,valve1__12,Accelerometer2RMS,11,54.0
spc,valve1__12,Accelerometer2RMS,12,18.0
spc,valve1__12,Accelerometer2RMS,13,1.0
spc,valve1__12,Accelerometer2RMS,14,1.0
spc,valve1__12,Accelerometer2RMS,15,3.0
spc,valve1__12,Accelerometer2RMS,16,1.0
spc,valve1__12,Accelerometer2RMS,17,8.0
spc,valve1__12,Accelerometer2RMS,18,10.0
spc,valve1__12,Accelerometer2RMS,19,2.0
spc,valve1__12,Accelerometer2RMS,20,0.0
spc,valve1__12,Current,0,1.0
spc,valve1__12,Current,1,0.0
spc,valve1__12,Current,2,3.0
spc,valve1__12,Current,3,2.0
spc,valve1__12,Current,4,1.0
spc,valve1__12,Current,5,1.0
spc,valve1__12,Current,6,2.0
spc,valve1__12,Current,7,2.0
spc,valve1__12,Current,8,1.0
spc,valve1__12,Current,9,3.0
spc,valve1__12,Current,10,0.0
spc,valve1__12,Current,11,2.0
spc,valve1__12,Current,12,2.0
spc,valve1__12,Current,13,2.0
spc,valve1__12,Current,14,0.0
spc,valve1__12,Current,15,3.0
spc,valve1__12,Current,16,1.0
spc,valve1__12,Current,17,1.0
spc,valve1__12,Current,18,3.0
spc,valve1__12,Current,19,1.0
spc,valve1__12,Current,20,0.0
spc,valve1__12,Temperature,0,1.0
spc,valve1__12,Temperature,1,1.0
spc,valve1__12,Temperature,2,1.0
spc,valve1__12,Temperature,3,0.0
spc,valve1__12,Temperature,4,1.0
spc,valve1__12,Temperature,5,7.0
spc,valve1__12,Temperature,6,1.0
spc,valve1__12,Temperature,7,46.0
spc,valve1__12,Temperature,8,58.0
spc,valve1__12,Temperature,9,58.0
spc,valve1__12,Temperature,10,58.0
spc,valve1__12,Temperature,11,59.0
spc,valve1__12,Temperature,12,58.0
spc,valve1__12,Temperature,13,58.0
spc,valve1__12,Temperature,14,58.0
spc,valve1__12,Temperature,15,58.0
spc,valve1__12,Temperature,16,57.0
spc,valve1__12,Temperature,17,59.0
spc,valve1__12,Temperature,18,54.0
spc,valve1__12,Temperature,19,30.0
spc,valve1__12,Temperature,20,1.0
spc,valve1__12,Thermocouple,0,2.0
spc,valve1__12,Thermocouple,1,1.0
spc,valve1__12,Thermocouple,2,1.0
spc,valve1__12,Thermocouple,3,1.0
spc,valve1__12,Thermocouple,4,1.0
spc,valve1__12,Thermocouple,5,3.0
spc,valve1__12,Thermocouple,6,3.0
spc,valve1__12,Thermocouple,7,2.0
spc,valve1__12,Thermocouple,8,3.0
spc,valve1__12,Thermocouple,9,4.0
spc,valve1__12,Thermocouple,10,1.0
spc,valve1__12,Thermocouple,11,1.0
spc,valve1__12,Thermocouple,12,2.0
spc,valve1__12,Thermocouple,13,1.0
spc,valve1__12,Thermocouple,14,1.0
spc,valve1__12,Thermocouple,15,2.0
spc,valve1__12,Thermocouple,16,3.0
spc,valve1__12,Thermocouple,17,2.0
spc,valve1__12,Thermocouple,18,2.0
spc,valve1__12,Thermocouple,19,54.0
spc,valve1__12,Thermocouple,20,1.0
spc,valve1__12,Voltage,0,0.0
spc,valve1__12,Voltage,1,0.0
spc,valve1__12,Voltage,2,1.0
spc,valve1__12,Voltage,3,0.0
spc,valve1__12,Voltage,4,0.0
spc,valve1__12,Voltage,5,0.0
spc,valve1__12,Voltage,6,0.0
spc,valve1__12,Voltage,7,0.0
spc,valve1__12,Voltage,8,0.0
spc,valve1__12,Voltage,9,0.0
spc,valve1__12,Voltage,10,0.0
spc,valve1__12,Voltage,11,0.0
spc,valve1__12,Voltage,12,0.0
spc,valve1__12,Voltage,13,0.0
spc,valve1__12,Voltage,14,1.0
spc,valve1__12,Voltage,15,0.0
spc,valve1__12,Voltage,16,1.0
spc,valve1__12,Voltage,17,1.0
spc,valve1__12,Voltage,18,0.0
spc,valve1__12,Voltage,19,0.0
spc,valve1__12,Voltage,20,0.0
spc,valve1__12,Volume Flow RateRMS,0,23.0
spc,valve1__12,Volume Flow RateRMS,1,17.0
spc,valve1__12,Volume Flow RateRMS,2,21.0
spc,valve1__12,Volume Flow RateRMS,3,19.0
spc,valve1__12,Volume Flow RateRMS,4,15.0
spc,valve1__12,Volume Flow RateRMS,5,12.0
spc,valve1__12,Volume Flow RateRMS,6,12.0
spc,valve1__12,Volume Flow RateRMS,7,14.0
spc,valve1__12,Volume Flow RateRMS,8,12.0
spc,valve1__12,Volume Flow RateRMS,9,10.0
spc,valve1__12,Volume Flow RateRMS,10,57.0
spc,valve1__12,Volume Flow RateRMS,11,58.0
spc,valve1__12,Volume Flow RateRMS,12,58.0
spc,valve1__12,Volume Flow RateRMS,13,58.0
spc,valve1__12,Volume Flow RateRMS,14,58.0
spc,valve1__12,Volume Flow RateRMS,15,58.0
spc,valve1__12,Volume Flow RateRMS,16,57.0
spc,valve1__12,Volume Flow RateRMS,17,15.0
spc,valve1__12,Volume Flow RateRMS,18,14.0
spc,valve1__12,Volume Flow RateRMS,19,15.0
spc,valve1__12,Volume Flow RateRMS,20,0.0
screen,valve1__13,Accelerometer1RMS,0,2.7749
screen,valve1__13,Accelerometer1RMS,1,1.5608
screen,valve1__13,Accelerometer1RMS,2,1.931
screen,valve1__13,Accelerometer1RMS,3,1.8769
screen,valve1__13,Accelerometer1RMS,4,1.7114
screen,valve1__13,Accelerometer1RMS,5,1.7595
screen,valve1__13,Accelerometer1RMS,6,2.1814
screen,valve1__13,Accelerometer1RMS,7,1.9458
screen,valve1__13,Accelerometer1RMS,8,1.919
screen,valve1__13,Accelerometer1RMS,9,1.4035
screen,valve1__13,Accelerometer1RMS,10,2.6469
screen,valve1__13,Accelerometer1RMS,11,1.5901
screen,valve1__13,Accelerometer1RMS,12,2.5081
screen,valve1__13,Accelerometer1RMS,13,1.7686
screen,valve1__13,Accelerometer1RMS,14,1.9765
screen,valve1__13,Accelerometer1RMS,15,1.8112
screen,valve1__13,Accelerometer1RMS,16,1.4084
screen,valve1__13,Accelerometer1RMS,17,1.9066
screen,valve1__13,Accelerometer1RMS,18,2.3866
screen,valve1__13,Accelerometer1RMS,19,1.6273
screen,valve1__13,Accelerometer2RMS,0,1.7898
screen,valve1__13,Accelerometer2RMS,1,1.8644
screen,valve1__13,Accelerometer2RMS,2,1.831
screen,valve1__13,Accelerometer2RMS,3,1.6582
screen,valve1__13,Accelerometer2RMS,4,2.6294
screen,valve1__13,Accelerometer2RMS,5,2.3776
screen,valve1__13,Accelerometer2RMS,6,1.6588
screen,valve1__13,Accelerometer2RMS,7,2.0973
screen,valve1__13,Accelerometer2RMS,8,1.8091
screen,valve1__13,Accelerometer2RMS,9,1.7369
screen,valve1__13,Accelerometer2RMS,10,1.3239
screen,valve1__13,Accelerometer2RMS,11,1.6843
screen,valve1__13,Accelerometer2RMS,12,3.1628
screen,valve1__13,Accelerometer2RMS,13,1.8906
screen,valve1__13,Accelerometer2RMS,14,1.8793
screen,valve1__13,Accelerometer2RMS,15,1.7888
screen,valve1__13,Accelerometer2RMS,16,1.9232
screen,valve1__13,Accelerometer2RMS,17,1.6284
screen,valve1__13,Accelerometer2RMS,18,2.192
screen,valve1__13,Accelerometer2RMS,19,2.3453
screen,valve1__13,Current,0,1.6007
screen,valve1__13,Current,1,1.625
screen,valve1__13,Current,2,1.8844
screen,valve1__13,Current,3,1.7539
screen,valve1__13,Current,4,1.6581
screen,valve1__13,Current,5,1.7334
screen,valve1__13,Current,6,1.6262
screen,valve1__13,Current,7,1.4766
screen,valve1__13,Current,8,1.7306
screen,valve1__13,Current,9,1.4468
screen,valve1__13,Current,10,1.6235
screen,valve1__13,Current,11,1.6341
screen,valve1__13,Current,12,1.67
screen,valve1__13,Current,13,1.6284
screen,valve1__13,Current,14,1.7351
screen,valve1__13,Current,15,1.8825
screen,valve1__13,Current,16,1.6291
screen,valve1__13,Current,17,1.6654
screen,valve1__13,Current,18,1.6205
screen,valve1__13,Current,19,1.5613
screen,valve1__13,Temperature,0,3.4869
screen,valve1__13,Temperature,1,1.2177
screen,valve1__13,Temperature,2,0.6222
screen,valve1__13,Temperature,3,0.5039
screen,valve1__13,Temperature,4,1.352
screen,valve1__13,Temperature,5,1.8873
screen,valve1__13,Temperature,6,2.1174
screen,valve1__13,Temperature,7,2.5152
screen,valve1__13,Temperature,8,2.6109
screen,valve1__13,Temperature,9,2.8615
screen,valve1__13,Temperature,10,3.1876
screen,valve1__13,Temperature,11,3.265
screen,valve1__13,Temperature,12,3.1257
screen,valve1__13,Temperature,13,3.0985
screen,valve1__13,Temperature,14,3.1269
screen,valve1__13,Temperature,15,3.188
screen,valve1__13,Temperature,16,3.6812
screen,valve1__13,Temperature,17,3.9986
screen,valve1__13,Temperature,18,3.7881
screen,valve1__13,Temperature,19,1.8821
screen,valve1__13,Thermocouple,0,1.8445
screen,valve1__13,Thermocouple,1,2.0372
screen,valve1__13,Thermocouple,2,4.9554
screen,valve1__13,Thermocouple,3,5.7676
screen,valve1__13,Thermocouple,4,3.7716
screen,valve1__13,Thermocouple,5,3.3862
screen,valve1__13,Thermocouple,6,2.6842
screen,valve1__13,Thermocouple,7,4.3635
screen,valve1__13,Thermocouple,8,2.3263
screen,valve1__13,Thermocouple,9,2.4089
screen,valve1__13,Thermocouple,10,6.3182
screen,valve1__13,Thermocouple,11,6.8688
screen,valve1__13,Thermocouple,12,4.2534
screen,valve1__13,Thermocouple,13,7.3506
screen,valve1__13,Thermocouple,14,7.7085
screen,valve1__13,Thermocouple,15,2.5603
screen,valve1__13,Thermocouple,16,2.6704
screen,valve1__13,Thermocouple,17,3.6891
screen,valve1__13,Thermocouple,18,6.9514
screen,valve1__13,Thermocouple,19,5.6437
screen,valve1__13,Voltage,0,2.7466
screen,valve1__13,Voltage,1,2.8522
screen,valve1__13,Voltage,2,3.0789
screen,valve1__13,Voltage,3,3.1769
screen,valve1__13,Voltage,4,3.145
screen,valve1__13,Voltage,5,2.9092
screen,valve1__13,Voltage,6,3.2656
screen,valve1__13,Voltage,7,3.0361
screen,valve1__13,Voltage,8,3.084
screen,valve1__13,Voltage,9,3.1344
screen,valve1__13,Voltage,10,3.1135
screen,valve1__13,Voltage,11,3.2336
screen,valve1__13,Voltage,12,2.9447
screen,valve1__13,Voltage,13,3.0757
screen,valve1__13,Voltage,14,3.0843
screen,valve1__13,Voltage,15,2.9162
screen,valve1__13,Voltage,16,2.8587
screen,valve1__13,Voltage,17,3.3156
screen,valve1__13,Voltage,18,3.0588
screen,valve1__13,Voltage,19,2.8103
screen,valve1__13,Volume Flow RateRMS,0,25.1676
screen,valve1__13,Volume Flow RateRMS,1,24.5132
screen,valve1__13,Volume Flow RateRMS,2,24.5082
screen,valve1__13,Volume Flow RateRMS,3,25.1676
screen,valve1__13,Volume Flow RateRMS,4,25.1676
screen,valve1__13,Volume Flow RateRMS,5,25.1676
screen,valve1__13,Volume Flow RateRMS,6,25.1676
screen,valve1__13,Volume Flow RateRMS,7,25.1676
screen,valve1__13,Volume Flow RateRMS,8,25.1676
screen,valve1__13,Volume Flow RateRMS,9,25.1676
screen,valve1__13,Volume Flow RateRMS,10,200.6333
screen,valve1__13,Volume Flow RateRMS,11,225.7984
screen,valve1__13,Volume Flow RateRMS,12,226.5081
screen,valve1__13,Volume Flow RateRMS,13,226.5081
screen,valve1__13,Volume Flow RateRMS,14,226.5081
screen,valve1__13,Volume Flow RateRMS,15,225.7858
screen,valve1__13,Volume Flow RateRMS,16,202.0326
screen,valve1__13,Volume Flow RateRMS,17,25.1676
screen,valve1__13,Volume Flow RateRMS,18,25.1676
screen,valve1__13,Volume Flow RateRMS,19,25.1676
spc,valve1__13,Accelerometer1RMS,0,2.0
spc,valve1__13,Accelerometer1RMS,1,1.0
spc,valve1__13,Accelerometer1RMS,2,0.0
spc,valve1__13,Accelerometer1RMS,3,3.0
spc,valve1__13,Accelerometer1RMS,4,1.0
spc,valve1__13,Accelerometer1RMS,5,2.0
spc,valve1__13,Accelerometer1RMS,6,2.0
spc,valve1__13,Accelerometer1RMS,7,1.0
spc,valve1__13,Accelerometer1RMS,8,2.0
spc,valve1__13,Accelerometer1RMS,9,0.0
spc,valve1__13,Accelerometer1RMS,10,1.0
spc,valve1__13,Accelerometer1RMS,11,0.0
spc,valve1__13,Accelerometer1RMS,12,0.0
spc,valve1__13,Accelerometer1RMS,13,0.0
spc,valve1__13,Accelerometer1RMS,14,0.0
spc,valve1__13,Accelerometer1RMS,15,0.0
spc,valve1__13,Accelerometer1RMS,16,1.0
spc,valve1__13,Accelerometer1RMS,17,2.0
spc,valve1__13,Accelerometer1RMS,18,2.0
spc,valve1__13,Accelerometer1RMS,19,2.0
spc,valve1__13,Accelerometer2RMS,0,2.0
spc,valve1__13,Accelerometer2RMS,1,3.0
spc,valve1__13,Accelerometer2RMS,2,1.0
spc,valve1__13,Accelerometer2RMS,3,4.0
spc,valve1__13,Accelerometer2RMS,4,1.0
spc,valve1__13,Accelerometer2RMS,5,8.0
spc,valve1__13,Accelerometer2RMS,6,2.0
spc,valve1__13,Accelerometer2RMS,7,5.0
spc,valve1__13,Accelerometer2RMS,8,3.0
spc,valve1__13,Accelerometer2RMS,9,3.0
spc,valve1__13,Accelerometer2RMS,10,3.0
spc,valve1__13,Accelerometer2RMS,11,0.0
spc,valve1__13,Accelerometer2RMS,12,3.0
spc,valve1__13,Accelerometer2RMS,13,1.0
spc,valve1__13,Accelerometer2RMS,14,1.0
spc,valve1__13,Accelerometer2RMS,15,0.0
spc,valve1__13,Accelerometer2RMS,16,3.0
spc,valve1__13,Accelerometer2RMS,17,1.0
spc,valve1__13,Accelerometer2RMS,18,1.0
spc,valve1__13,Accelerometer2RMS,19,1.0
spc,valve1__13,Current,0,2.0
spc,valve1__13,Current,1,1.0
spc,valve1__13,Current,2,1.0
spc,valve1__13,Current,3,2.0
spc,valve1__13,Current,4,2.0
spc,valve1__13,Current,5,2.0
spc,valve1__13,Current,6,2.0
spc,valve1__13,Current,7,0.0
spc,valve1__13,Current,8,1.0
spc,valve1__13,Current,9,1.0
spc,valve1__13,Current,10,2.0
spc,valve1__13,Current,11,0.0
spc,valve1__13,Current,12,2.0
spc,valve1__13,Current,13,1.0
spc,valve1__13,Current,14,1.0
spc,valve1__13,Current,15,1.0
spc,valve1__13,Current,16,1.0
spc,valve1__13,Current,17,1.0
spc,valve1__13,Current,18,0.0
spc,valve1__13,Current,19,1.0
spc,valve1__13,Temperature,0,8.0
spc,valve1__13,Temperature,1,1.0
spc,valve1__13,Temperature,2,2.0
spc,valve1__13,Temperature,3,1.0
spc,valve1__13,Temperature,4,1.0
spc,valve1__13,Temperature,5,1.0
spc,valve1__13,Temperature,6,1.0
spc,valve1__13,Temperature,7,1.0
spc,valve1__13,Temperature,8,1.0
spc,valve1__13,Temperature,9,1.0
spc,valve1__13,Temperature,10,22.0
spc,valve1__13,Temperature,11,2.0
spc,valve1__13,Temperature,12,4.0
spc,valve1__13,Temperature,13,11.0
spc,valve1__13,Temperature,14,3.0
spc,valve1__13,Temperature,15,3.0
spc,valve1__13,Temperature,16,54.0
spc,valve1__13,Temperature,17,58.0
spc,valve1__13,Temperature,18,37.0
spc,valve1__13,Temperature,19,3.0
spc,valve1__13,Thermocouple,0,3.0
spc,valve1__13,Thermocouple,1,0.0
spc,valve1__13,Thermocouple,2,14.0
spc,valve1__13,Thermocouple,3,38.0
spc,valve1__13,Thermocouple,4,6.0
spc,valve1__13,Thermocouple,5,7.0
spc,valve1__13,Thermocouple,6,6.0
spc,valve1__13,Thermocouple,7,12.0
spc,valve1__13,Thermocouple,8,0.0
spc,valve1__13,Thermocouple,9,2.0
spc,valve1__13,Thermocouple,10,43.0
spc,valve1__13,Thermocouple,11,34.0
spc,valve1__13,Thermocouple,12,6.0
spc,valve1__13,Thermocouple,13,56.0
spc,valve1__13,Thermocouple,14,39.0
spc,valve1__13,Thermocouple,15,2.0
spc,valve1__13,Thermocouple,16,2.0
spc,valve1__13,Thermocouple,17,7.0
spc,valve1__13,Thermocouple,18,25.0
spc,valve1__13,Thermocouple,19,16.0
spc,valve1__13,Voltage,0,0.0
spc,valve1__13,Voltage,1,0.0
spc,valve1__13,Voltage,2,1.0
spc,valve1__13,Voltage,3,1.0
spc,valve1__13,Voltage,4,1.0
spc,valve1__13,Voltage,5,1.0
spc,valve1__13,Voltage,6,1.0
spc,valve1__13,Voltage,7,2.0
spc,valve1__13,Voltage,8,3.0
spc,valve1__13,Voltage,9,2.0
spc,valve1__13,Voltage,10,2.0
spc,valve1__13,Voltage,11,2.0
spc,valve1__13,Voltage,12,0.0
spc,valve1__13,Voltage,13,1.0
spc,valve1__13,Voltage,14,3.0
spc,valve1__13,Voltage,15,0.0
spc,valve1__13,Voltage,16,0.0
spc,valve1__13,Voltage,17,2.0
spc,valve1__13,Voltage,18,1.0
spc,valve1__13,Voltage,19,0.0
spc,valve1__13,Volume Flow RateRMS,0,16.0
spc,valve1__13,Volume Flow RateRMS,1,15.0
spc,valve1__13,Volume Flow RateRMS,2,16.0
spc,valve1__13,Volume Flow RateRMS,3,18.0
spc,valve1__13,Volume Flow RateRMS,4,19.0
spc,valve1__13,Volume Flow RateRMS,5,27.0
spc,valve1__13,Volume Flow RateRMS,6,22.0
spc,valve1__13,Volume Flow RateRMS,7,32.0
spc,valve1__13,Volume Flow RateRMS,8,34.0
spc,valve1__13,Volume Flow RateRMS,9,29.0
spc,valve1__13,Volume Flow RateRMS,10,41.0
spc,valve1__13,Volume Flow RateRMS,11,58.0
spc,valve1__13,Volume Flow RateRMS,12,58.0
spc,valve1__13,Volume Flow RateRMS,13,58.0
spc,valve1__13,Volume Flow RateRMS,14,58.0
spc,valve1__13,Volume Flow RateRMS,15,58.0
spc,valve1__13,Volume Flow RateRMS,16,39.0
spc,valve1__13,Volume Flow RateRMS,17,27.0
spc,valve1__13,Volume Flow RateRMS,18,19.0
spc,valve1__13,Volume Flow RateRMS,19,15.0
screen,valve1__14,Accelerometer1RMS,0,2.8189
screen,valve1__14,Accelerometer1RMS,1,3.1144
screen,valve1__14,Accelerometer1RMS,2,2.6461
screen,valve1__14,Accelerometer1RMS,3,2.5854
screen,valve1__14,Accelerometer1RMS,4,2.6755
screen,valve1__14,Accelerometer1RMS,5,2.1935
screen,valve1__14,Accelerometer1RMS,6,3.4377
screen,valve1__14,Accelerometer1RMS,7,2.8995
screen,valve1__14,Accelerometer1RMS,8,3.0836
screen,valve1__14,Accelerometer1RMS,9,3.5852
screen,valve1__14,Accelerometer1RMS,10,3.0093
screen,valve1__14,Accelerometer1RMS,11,3.1141
screen,valve1__14,Accelerometer1RMS,12,2.4235
screen,valve1__14,Accelerometer1RMS,13,2.19
screen,valve1__14,Accelerometer1RMS,14,2.3572
screen,valve1__14,Accelerometer1RMS,15,4.1959
screen,valve1__14,Accelerometer1RMS,16,2.9942
screen,valve1__14,Accelerometer1RMS,17,2.9339
screen,valve1__14,Accelerometer1RMS,18,3.3304
screen,valve1__14,Accelerometer1RMS,19,2.5851
screen,valve1__14,Accelerometer2RMS,0,2.4401
screen,valve1__14,Accelerometer2RMS,1,2.0588
screen,valve1__14,Accelerometer2RMS,2,2.731
screen,valve1__14,Accelerometer2RMS,3,2.5045
screen,valve1__14,Accelerometer2RMS,4,2.5431
screen,valve1__14,Accelerometer2RMS,5,2.7397
screen,valve1__14,Accelerometer2RMS,6,3.0565
screen,valve1__14,Accelerometer2RMS,7,3.8864
screen,valve1__14,Accelerometer2RMS,8,2.6182
screen,valve1__14,Accelerometer2RMS,9,3.1445
screen,valve1__14,Accelerometer2RMS,10,3.2967
screen,valve1__14,Accelerometer2RMS,11,2.8122
screen,valve1__14,Accelerometer2RMS,12,2.6263
screen,valve1__14,Accelerometer2RMS,13,2.8966
screen,valve1__14,Accelerometer2RMS,14,2.1069
screen,valve1__14,Accelerometer2RMS,15,2.1361
screen,valve1__14,Accelerometer2RMS,16,3.528
screen,valve1__14,Accelerometer2RMS,17,2.2723
screen,valve1__14,Accelerometer2RMS,18,2.8606
screen,valve1__14,Accelerometer2RMS,19,2.258
screen,valve1__14,Current,0,1.7324
screen,valve1__14,Current,1,1.7097
screen,valve1__14,Current,2,1.585
screen,valve1__14,Current,3,1.6379
screen,valve1__14,Current,4,1.8372
screen,valve1__14,Current,5,1.7391
screen,valve1__14,Current,6,1.6319
screen,valve1__14,Current,7,1.6714
screen,valve1__14,Current,8,1.6311
screen,valve1__14,Current,9,1.6634
screen,valve1__14,Current,10,1.6817
screen,valve1__14,Current,11,1.536
screen,valve1__14,Current,12,1.6795
screen,valve1__14,Current,13,1.6863
screen,valve1__14,Current,14,1.5725
screen,valve1__14,Current,15,1.8228
screen,valve1__14,Current,16,1.7625
screen,valve1__14,Current,17,1.4973
screen,valve1__14,Current,18,1.624
screen,valve1__14,Current,19,1.6195
screen,valve1__14,Temperature,0,1.5019
screen,valve1__14,Temperature,1,0.8878
screen,valve1__14,Temperature,2,1.8969
screen,valve1__14,Temperature,3,1.8303
screen,valve1__14,Temperature,4,2.5344
screen,valve1__14,Temperature,5,3.0876
screen,valve1__14,Temperature,6,3.3972
screen,valve1__14,Temperature,7,3.2335
screen,valve1__14,Temperature,8,3.5564
screen,valve1__14,Temperature,9,3.6156
screen,valve1__14,Temperature,10,2.7429
screen,valve1__14,Temperature,11,3.4317
screen,valve1__14,Temperature,12,3.6435
screen,valve1__14,Temperature,13,3.8048
screen,valve1__14,Temperature,14,3.7199
screen,valve1__14,Temperature,15,1.4914
screen,valve1__14,Temperature,16,1.0013
screen,valve1__14,Temperature,17,1.7948
screen,valve1__14,Temperature,18,1.9868
screen,valve1__14,Temperature,19,2.7098
screen,valve1__14,Thermocouple,0,1.9215
screen,valve1__14,Thermocouple,1,0.8306
screen,valve1__14,Thermocouple,2,1.2137
screen,valve1__14,Thermocouple,3,0.6224
screen,valve1__14,Thermocouple,4,1.2803
screen,valve1__14,Thermocouple,5,2.4544
screen,valve1__14,Thermocouple,6,1.5676
screen,valve1__14,Thermocouple,7,1.7466
screen,valve1__14,Thermocouple,8,2.1546
screen,valve1__14,Thermocouple,9,1.8007
screen,valve1__14,Thermocouple,10,2.4461
screen,valve1__14,Thermocouple,11,2.0131
screen,valve1__14,Thermocouple,12,2.2462
screen,valve1__14,Thermocouple,13,1.834
screen,valve1__14,Thermocouple,14,1.9173
screen,valve1__14,Thermocouple,15,2.2046
screen,valve1__14,Thermocouple,16,3.0623
screen,valve1__14,Thermocouple,17,2.775
screen,valve1__14,Thermocouple,18,2.75
screen,valve1__14,Thermocouple,19,3.3287
screen,valve1__14,Voltage,0,2.8078
screen,valve1__14,Voltage,1,2.9543
screen,valve1__14,Voltage,2,2.9076
screen,valve1__14,Voltage,3,3.108
screen,valve1__14,Voltage,4,3.3168
screen,valve1__14,Voltage,5,3.1366
screen,valve1__14,Voltage,6,3.2359
screen,valve1__14,Voltage,7,3.3922
screen,valve1__14,Voltage,8,3.2597
screen,valve1__14,Voltage,9,3.1169
screen,valve1__14,Voltage,10,3.322
screen,valve1__14,Voltage,11,3.355
screen,valve1__14,Voltage,12,3.0049
screen,valve1__14,Voltage,13,3.4167
screen,valve1__14,Voltage,14,3.1172
screen,valve1__14,Voltage,15,3.4551
screen,valve1__14,Voltage,16,3.2513
screen,valve1__14,Voltage,17,2.9129
screen,valve1__14,Voltage,18,3.3243
screen,valve1__14,Voltage,19,3.4637
spc,valve1__14,Accelerometer1RMS,0,0.0
spc,valve1__14,Accelerometer1RMS,1,1.0
spc,valve1__14,Accelerometer1RMS,2,1.0
spc,valve1__14,Accelerometer1RMS,3,2.0
spc,valve1__14,Accelerometer1RMS,4,1.0
spc,valve1__14,Accelerometer1RMS,5,2.0
spc,valve1__14,Accelerometer1RMS,6,6.0
spc,valve1__14,Accelerometer1RMS,7,3.0
spc,valve1__14,Accelerometer1RMS,8,4.0
spc,valve1__14,Accelerometer1RMS,9,2.0
spc,valve1__14,Accelerometer1RMS,10,4.0
spc,valve1__14,Accelerometer1RMS,11,3.0
spc,valve1__14,Accelerometer1RMS,12,1.0
spc,valve1__14,Accelerometer1RMS,13,2.0
spc,valve1__14,Accelerometer1RMS,14,1.0
spc,valve1__14,Accelerometer1RMS,15,7.0
spc,valve1__14,Accelerometer1RMS,16,0.0
spc,valve1__14,Accelerometer1RMS,17,2.0
spc,valve1__14,Accelerometer1RMS,18,4.0
spc,valve1__14,Accelerometer1RMS,19,1.0
spc,valve1__14,Accelerometer2RMS,0,4.0
spc,valve1__14,Accelerometer2RMS,1,0.0
spc,valve1__14,Accelerometer2RMS,2,5.0
spc,valve1__14,Accelerometer2RMS,3,1.0
spc,valve1__14,Accelerometer2RMS,4,3.0
spc,valve1__14,Accelerometer2RMS,5,3.0
spc,valve1__14,Accelerometer2RMS,6,5.0
spc,valve1__14,Accelerometer2RMS,7,10.0
spc,valve1__14,Accelerometer2RMS,8,3.0
spc,valve1__14,Accelerometer2RMS,9,3.0
spc,valve1__14,Accelerometer2RMS,10,4.0
spc,valve1__14,Accelerometer2RMS,11,3.0
spc,valve1__14,Accelerometer2RMS,12,3.0
spc,valve1__14,Accelerometer2RMS,13,4.0
spc,valve1__14,Accelerometer2RMS,14,4.0
spc,valve1__14,Accelerometer2RMS,15,4.0
spc,valve1__14,Accelerometer2RMS,16,4.0
spc,valve1__14,Accelerometer2RMS,17,2.0
spc,valve1__14,Accelerometer2RMS,18,4.0
spc,valve1__14,Accelerometer2RMS,19,0.0
spc,valve1__14,Current,0,1.0
spc,valve1__14,Current,1,1.0
spc,valve1__14,Current,2,1.0
spc,valve1__14,Current,3,2.0
spc,valve1__14,Current,4,1.0
spc,valve1__14,Current,5,2.0
spc,valve1__14,Current,6,0.0
spc,valve1__14,Current,7,1.0
spc,valve1__14,Current,8,0.0
spc,valve1__14,Current,9,0.0
spc,valve1__14,Current,10,2.0
spc,valve1__14,Current,11,3.0
spc,valve1__14,Current,12,3.0
spc,valve1__14,Current,13,1.0
spc,valve1__14,Current,14,1.0
spc,valve1__14,Current,15,0.0
spc,valve1__14,Current,16,1.0
spc,valve1__14,Current,17,0.0
spc,valve1__14,Current,18,1.0
spc,valve1__14,Current,19,2.0
spc,valve1__14,Temperature,0,2.0
spc,valve1__14,Temperature,1,3.0
spc,valve1__14,Temperature,2,1.0
spc,valve1__14,Temperature,3,1.0
spc,valve1__14,Temperature,4,1.0
spc,valve1__14,Temperature,5,5.0
spc,valve1__14,Temperature,6,18.0
spc,valve1__14,Temperature,7,8.0
spc,valve1__14,Temperature,8,52.0
spc,valve1__14,Temperature,9,30.0
spc,valve1__14,Temperature,10,2.0
spc,valve1__14,Temperature,11,19.0
spc,valve1__14,Temperature,12,46.0
spc,valve1__14,Temperature,13,54.0
spc,valve1__14,Temperature,14,26.0
spc,valve1__14,Temperature,15,1.0
spc,valve1__14,Temperature,16,3.0
spc,valve1__14,Temperature,17,1.0
spc,valve1__14,Temperature,18,1.0
spc,valve1__14,Temperature,19,2.0
spc,valve1__14,Thermocouple,0,1.0
spc,valve1__14,Thermocouple,1,3.0
spc,valve1__14,Thermocouple,2,1.0
spc,valve1__14,Thermocouple,3,1.0
spc,valve1__14,Thermocouple,4,2.0
spc,valve1__14,Thermocouple,5,3.0
spc,valve1__14,Thermocouple,6,1.0
spc,valve1__14,Thermocouple,7,1.0
spc,valve1__14,Thermocouple,8,1.0
spc,valve1__14,Thermocouple,9,1.0
spc,valve1__14,Thermocouple,10,1.0
spc,valve1__14,Thermocouple,11,2.0
spc,valve1__14,Thermocouple,12,1.0
spc,valve1__14,Thermocouple,13,1.0
spc,valve1__14,Thermocouple,14,1.0
spc,valve1__14,Thermocouple,15,1.0
spc,valve1__14,Thermocouple,16,3.0
spc,valve1__14,Thermocouple,17,1.0
spc,valve1__14,Thermocouple,18,1.0
spc,valve1__14,Thermocouple,19,11.0
spc,valve1__14,Voltage,0,0.0
spc,valve1__14,Voltage,1,0.0
spc,valve1__14,Voltage,2,0.0
spc,valve1__14,Voltage,3,3.0
spc,valve1__14,Voltage,4,3.0
spc,valve1__14,Voltage,5,4.0
spc,valve1__14,Voltage,6,2.0
spc,valve1__14,Voltage,7,3.0
spc,valve1__14,Voltage,8,2.0
spc,valve1__14,Voltage,9,1.0
spc,valve1__14,Voltage,10,4.0
spc,valve1__14,Voltage,11,3.0
spc,valve1__14,Voltage,12,1.0
spc,valve1__14,Voltage,13,2.0
spc,valve1__14,Voltage,14,1.0
spc,valve1__14,Voltage,15,1.0
spc,valve1__14,Voltage,16,4.0
spc,valve1__14,Voltage,17,0.0
spc,valve1__14,Voltage,18,2.0
spc,valve1__14,Voltage,19,3.0
screen,valve1__15,Accelerometer1RMS,0,2.0999
screen,valve1__15,Accelerometer1RMS,1,2.3718
screen,valve1__15,Accelerometer1RMS,2,3.3963
screen,valve1__15,Accelerometer1RMS,3,2.3509
screen,valve1__15,Accelerometer1RMS,4,2.2015
screen,valve1__15,Accelerometer1RMS,5,2.75
screen,valve1__15,Accelerometer1RMS,6,2.0157
screen,valve1__15,Accelerometer1RMS,7,2.3464
screen,valve1__15,Accelerometer1RMS,8,1.9124
screen,valve1__15,Accelerometer1RMS,9,2.7511
screen,valve1__15,Accelerometer1RMS,10,1.8907
screen,valve1__15,Accelerometer1RMS,11,2.4333
screen,valve1__15,Accelerometer1RMS,12,2.9973
screen,valve1__15,Accelerometer1RMS,13,2.1568
screen,valve1__15,Accelerometer1RMS,14,2.5679
screen,valve1__15,Accelerometer1RMS,15,2.5448
screen,valve1__15,Accelerometer1RMS,16,2.625
screen,valve1__15,Accelerometer1RMS,17,2.562
screen,valve1__15,Accelerometer1RMS,18,1.9377
screen,valve1__15,Accelerometer1RMS,19,1.8121
screen,valve1__15,Accelerometer1RMS,20,1.0733
screen,valve1__15,Accelerometer2RMS,0,1.9517
screen,valve1__15,Accelerometer2RMS,1,2.3956
screen,valve1__15,Accelerometer2RMS,2,2.5033
screen,valve1__15,Accelerometer2RMS,3,2.7673
screen,valve1__15,Accelerometer2RMS,4,2.4673
screen,valve1__15,Accelerometer2RMS,5,2.5275
screen,valve1__15,Accelerometer2RMS,6,2.7072
screen,valve1__15,Accelerometer2RMS,7,1.7797
screen,valve1__15,Accelerometer2RMS,8,2.1047
screen,valve1__15,Accelerometer2RMS,9,2.2721
screen,valve1__15,Accelerometer2RMS,10,2.2016
screen,valve1__15,Accelerometer2RMS,11,1.7201
screen,valve1__15,Accelerometer2RMS,12,1.7471
screen,valve1__15,Accelerometer2RMS,13,1.8297
screen,valve1__15,Accelerometer2RMS,14,1.5824
screen,valve1__15,Accelerometer2RMS,15,1.7271
screen,valve1__15,Accelerometer2RMS,16,1.9795
screen,valve1__15,Accelerometer2RMS,17,2.3074
screen,valve1__15,Accelerometer2RMS,18,1.706
screen,valve1__15,Accelerometer2RMS,19,1.7623
screen,valve1__15,Accelerometer2RMS,20,0.3675
screen,valve1__15,Current,0,1.6681
screen,valve1__15,Current,1,1.819
screen,valve1__15,Current,2,1.7654
screen,valve1__15,Current,3,1.8562
screen,valve1__15,Current,4,1.8493
screen,valve1__15,Current,5,1.7885
screen,valve1__15,Current,6,1.8863
screen,valve1__15,Current,7,1.764
screen,valve1__15,Current,8,1.7976
screen,valve1__15,Current,9,1.8431
screen,valve1__15,Current,10,1.7245
screen,valve1__15,Current,11,1.7099
screen,valve1__15,Current,12,1.862
screen,valve1__15,Current,13,1.7296
screen,valve1__15,Current,14,1.8733
screen,valve1__15,Current,15,1.8293
screen,valve1__15,Current,16,1.7643
screen,valve1__15,Current,17,1.734
screen,valve1__15,Current,18,1.6708
screen,valve1__15,Current,19,1.6862
screen,valve1__15,Current,20,0.4383
screen,valve1__15,Temperature,0,2.4501
screen,valve1__15,Temperature,1,2.4079
screen,valve1__15,Temperature,2,3.0662
screen,valve1__15,Temperature,3,4.8678
screen,valve1__15,Temperature,4,4.5436
screen,valve1__15,Temperature,5,6.8446
screen,valve1__15,Temperature,6,8.7253
screen,valve1__15,Temperature,7,10.3221
screen,valve1__15,Temperature,8,8.3903
screen,valve1__15,Temperature,9,21.4607
screen,valve1__15,Temperature,10,29.5195
screen,valve1__15,Temperature,11,27.8005
screen,valve1__15,Temperature,12,22.6094
screen,valve1__15,Temperature,13,17.3958
screen,valve1__15,Temperature,14,14.9358
screen,valve1__15,Temperature,15,11.5669
screen,valve1__15,Temperature,16,7.9726
screen,valve1__15,Temperature,17,8.5834
screen,valve1__15,Temperature,18,5.0735
screen,valve1__15,Temperature,19,3.9966
screen,valve1__15,Temperature,20,2.2336
screen,valve1__15,Thermocouple,0,1.9374
screen,valve1__15,Thermocouple,1,1.2055
screen,valve1__15,Thermocouple,2,1.9732
screen,valve1__15,Thermocouple,3,3.846
screen,valve1__15,Thermocouple,4,4.0469
screen,valve1__15,Thermocouple,5,4.7358
screen,valve1__15,Thermocouple,6,3.8173
screen,valve1__15,Thermocouple,7,2.2818
screen,valve1__15,Thermocouple,8,1.349
screen,valve1__15,Thermocouple,9,5.6327
screen,valve1__15,Thermocouple,10,4.9439
screen,valve1__15,Thermocouple,11,4.5636
screen,valve1__15,Thermocouple,12,3.4873
screen,valve1__15,Thermocouple,13,4.4057
screen,valve1__15,Thermocouple,14,5.3672
screen,valve1__15,Thermocouple,15,4.2909
screen,valve1__15,Thermocouple,16,4.7501
screen,valve1__15,Thermocouple,17,4.4846
screen,valve1__15,Thermocouple,18,6.3718
screen,valve1__15,Thermocouple,19,6.3072
screen,valve1__15,Thermocouple,20,4.9654
screen,valve1__15,Voltage,0,2.3874
screen,valve1__15,Voltage,1,2.3495
screen,valve1__15,Voltage,2,2.3454
screen,valve1__15,Voltage,3,2.2395
screen,valve1__15,Voltage,4,2.1049
screen,valve1__15,Voltage,5,2.3663
screen,valve1__15,Voltage,6,2.1206
screen,valve1__15,Voltage,7,2.3915
screen,valve1__15,Voltage,8,2.1716
screen,valve1__15,Voltage,9,2.2781
screen,valve1__15,Voltage,10,2.2928
screen,valve1__15,Voltage,11,2.2363
screen,valve1__15,Voltage,12,2.1958
screen,valve1__15,Voltage,13,2.1515
screen,valve1__15,Voltage,14,2.2351
screen,valve1__15,Voltage,15,2.1975
screen,valve1__15,Voltage,16,2.3132
screen,valve1__15,Voltage,17,2.1305
screen,valve1__15,Voltage,18,2.2585
screen,valve1__15,Voltage,19,2.4469
screen,valve1__15,Voltage,20,0.4474
screen,valve1__15,Volume Flow RateRMS,0,22.0422
screen,valve1__15,Volume Flow RateRMS,1,21.3677
screen,valve1__15,Volume Flow RateRMS,2,21.3677
screen,valve1__15,Volume Flow RateRMS,3,21.3677
screen,valve1__15,Volume Flow RateRMS,4,21.3677
screen,valve1__15,Volume Flow RateRMS,5,21.3677
screen,valve1__15,Volume Flow RateRMS,6,21.3677
screen,valve1__15,Volume Flow RateRMS,7,22.0268
screen,valve1__15,Volume Flow RateRMS,8,22.0268
screen,valve1__15,Volume Flow RateRMS,9,22.0223
screen,valve1__15,Volume Flow RateRMS,10,132.2751
screen,valve1__15,Volume Flow RateRMS,11,241.7895
screen,valve1__15,Volume Flow RateRMS,12,241.7895
screen,valve1__15,Volume Flow RateRMS,13,241.7895
screen,valve1__15,Volume Flow RateRMS,14,241.7895
screen,valve1__15,Volume Flow RateRMS,15,241.0533
screen,valve1__15,Volume Flow RateRMS,16,219.7473
screen,valve1__15,Volume Flow RateRMS,17,42.6715
screen,valve1__15,Volume Flow RateRMS,18,41.911
screen,valve1__15,Volume Flow RateRMS,19,21.3677
screen,valve1__15,Volume Flow RateRMS,20,20.6249
spc,valve1__15,Accelerometer1RMS,0,0.0
spc,valve1__15,Accelerometer1RMS,1,0.0
spc,valve1__15,Accelerometer1RMS,2,1.0
spc,valve1__15,Accelerometer1RMS,3,0.0
spc,valve1__15,Accelerometer1RMS,4,0.0
spc,valve1__15,Accelerometer1RMS,5,0.0
spc,valve1__15,Accelerometer1RMS,6,1.0
spc,valve1__15,Accelerometer1RMS,7,0.0
spc,valve1__15,Accelerometer1RMS,8,0.0
spc,valve1__15,Accelerometer1RMS,9,1.0
spc,valve1__15,Accelerometer1RMS,10,0.0
spc,valve1__15,Accelerometer1RMS,11,3.0
spc,valve1__15,Accelerometer1RMS,12,1.0
spc,valve1__15,Accelerometer1RMS,13,5.0
spc,valve1__15,Accelerometer1RMS,14,1.0
spc,valve1__15,Accelerometer1RMS,15,0.0
spc,valve1__15,Accelerometer1RMS,16,0.0
spc,valve1__15,Accelerometer1RMS,17,0.0
spc,valve1__15,Accelerometer1RMS,18,0.0
spc,valve1__15,Accelerometer1RMS,19,0.0
spc,valve1__15,Accelerometer1RMS,20,0.0
spc,valve1__15,Accelerometer2RMS,0,1.0
spc,valve1__15,Accelerometer2RMS,1,1.0
spc,valve1__15,Accelerometer2RMS,2,1.0
spc,valve1__15,Accelerometer2RMS,3,0.0
spc,valve1__15,Accelerometer2RMS,4,2.0
spc,valve1__15,Accelerometer2RMS,5,1.0
spc,valve1__15,Accelerometer2RMS,6,1.0
spc,valve1__15,Accelerometer2RMS,7,0.0
spc,valve1__15,Accelerometer2RMS,8,2.0
spc,valve1__15,Accelerometer2RMS,9,1.0
spc,valve1__15,Accelerometer2RMS,10,0.0
spc,valve1__15,Accelerometer2RMS,11,2.0
spc,valve1__15,Accelerometer2RMS,12,3.0
spc,valve1__15,Accelerometer2RMS,13,1.0
spc,valve1__15,Accelerometer2RMS,14,2.0
spc,valve1__15,Accelerometer2RMS,15,3.0
spc,valve1__15,Accelerometer2RMS,16,0.0
spc,valve1__15,Accelerometer2RMS,17,1.0
spc,valve1__15,Accelerometer2RMS,18,2.0
spc,valve1__15,Accelerometer2RMS,19,0.0
spc,valve1__15,Accelerometer2RMS,20,0.0
spc,valve1__15,Current,0,1.0
spc,valve1__15,Current,1,2.0
spc,valve1__15,Current,2,1.0
spc,valve1__15,Current,3,0.0
spc,valve1__15,Current,4,1.0
spc,valve1__15,Current,5,2.0
spc,valve1__15,Current,6,2.0
spc,valve1__15,Current,7,1.0
spc,valve1__15,Current,8,2.0
spc,valve1__15,Current,9,1.0
spc,valve1__15,Current,10,0.0
spc,valve1__15,Current,11,1.0
spc,valve1__15,Current,12,2.0
spc,valve1__15,Current,13,2.0
spc,valve1__15,Current,14,2.0
spc,valve1__15,Current,15,2.0
spc,valve1__15,Current,16,1.0
spc,valve1__15,Current,17,2.0
spc,valve1__15,Current,18,1.0
spc,valve1__15,Current,19,1.0
spc,valve1__15,Current,20,0.0
spc,valve1__15,Temperature,0,1.0
spc,valve1__15,Temperature,1,1.0
spc,valve1__15,Temperature,2,2.0
spc,valve1__15,Temperature,3,31.0
spc,valve1__15,Temperature,4,17.0
spc,valve1__15,Temperature,5,33.0
spc,valve1__15,Temperature,6,58.0
spc,valve1__15,Temperature,7,59.0
spc,valve1__15,Temperature,8,48.0
spc,valve1__15,Temperature,9,59.0
spc,valve1__15,Temperature,10,58.0
spc,valve1__15,Temperature,11,59.0
spc,valve1__15,Temperature,12,58.0
spc,valve1__15,Temperature,13,61.0
spc,valve1__15,Temperature,14,59.0
spc,valve1__15,Temperature,15,58.0
spc,valve1__15,Temperature,16,59.0
spc,valve1__15,Temperature,17,57.0
spc,valve1__15,Temperature,18,25.0
spc,valve1__15,Temperature,19,9.0
spc,valve1__15,Temperature,20,0.0
spc,valve1__15,Thermocouple,0,2.0
spc,valve1__15,Thermocouple,1,1.0
spc,valve1__15,Thermocouple,2,3.0
spc,valve1__15,Thermocouple,3,17.0
spc,valve1__15,Thermocouple,4,39.0
spc,valve1__15,Thermocouple,5,50.0
spc,valve1__15,Thermocouple,6,10.0
spc,valve1__15,Thermocouple,7,2.0
spc,valve1__15,Thermocouple,8,1.0
spc,valve1__15,Thermocouple,9,32.0
spc,valve1__15,Thermocouple,10,21.0
spc,valve1__15,Thermocouple,11,37.0
spc,valve1__15,Thermocouple,12,17.0
spc,valve1__15,Thermocouple,13,55.0
spc,valve1__15,Thermocouple,14,54.0
spc,valve1__15,Thermocouple,15,50.0
spc,valve1__15,Thermocouple,16,43.0
spc,valve1__15,Thermocouple,17,51.0
spc,valve1__15,Thermocouple,18,61.0
spc,valve1__15,Thermocouple,19,58.0
spc,valve1__15,Thermocouple,20,1.0
spc,valve1__15,Voltage,0,0.0
spc,valve1__15,Voltage,1,0.0
spc,valve1__15,Voltage,2,0.0
spc,valve1__15,Voltage,3,1.0
spc,valve1__15,Voltage,4,0.0
spc,valve1__15,Voltage,5,0.0
spc,valve1__15,Voltage,6,0.0
spc,valve1__15,Voltage,7,1.0
spc,valve1__15,Voltage,8,1.0
spc,valve1__15,Voltage,9,0.0
spc,valve1__15,Voltage,10,0.0
spc,valve1__15,Voltage,11,1.0
spc,valve1__15,Voltage,12,1.0
spc,valve1__15,Voltage,13,0.0
spc,valve1__15,Voltage,14,0.0
spc,valve1__15,Voltage,15,0.0
spc,valve1__15,Voltage,16,1.0
spc,valve1__15,Voltage,17,0.0
spc,valve1__15,Voltage,18,1.0
spc,valve1__15,Voltage,19,0.0
spc,valve1__15,Voltage,20,0.0
spc,valve1__15,Volume Flow RateRMS,0,18.0
spc,valve1__15,Volume Flow RateRMS,1,18.0
spc,valve1__15,Volume Flow RateRMS,2,20.0
spc,valve1__15,Volume Flow RateRMS,3,21.0
spc,valve1__15,Volume Flow RateRMS,4,21.0
spc,valve1__15,Volume Flow RateRMS,5,16.0
spc,valve1__15,Volume Flow RateRMS,6,22.0
spc,valve1__15,Volume Flow RateRMS,7,15.0
spc,valve1__15,Volume Flow RateRMS,8,14.0
spc,valve1__15,Volume Flow RateRMS,9,14.0
spc,valve1__15,Volume Flow RateRMS,10,49.0
spc,valve1__15,Volume Flow RateRMS,11,59.0
spc,valve1__15,Volume Flow RateRMS,12,58.0
spc,valve1__15,Volume Flow RateRMS,13,59.0
spc,valve1__15,Volume Flow RateRMS,14,59.0
spc,valve1__15,Volume Flow RateRMS,15,58.0
spc,valve1__15,Volume Flow RateRMS,16,44.0
spc,valve1__15,Volume Flow RateRMS,17,45.0
spc,valve1__15,Volume Flow RateRMS,18,40.0
spc,valve1__15,Volume Flow RateRMS,19,38.0
spc,valve1__15,Volume Flow RateRMS,20,1.0
screen,valve1__2,Accelerometer1RMS,0,2.6883
screen,valve1__2,Accelerometer1RMS,1,2.9096
screen,valve1__2,Accelerometer1RMS,2,1.9949
screen,valve1__2,Accelerometer1RMS,3,2.6827
screen,valve1__2,Accelerometer1RMS,4,2.9532
screen,valve1__2,Accelerometer1RMS,5,3.37
screen,valve1__2,Accelerometer1RMS,6,3.2711
screen,valve1__2,Accelerometer1RMS,7,4.3907
screen,valve1__2,Accelerometer1RMS,8,2.8179
screen,valve1__2,Accelerometer1RMS,9,1.7192
screen,valve1__2,Accelerometer1RMS,11,2.2031
screen,valve1__2,Accelerometer1RMS,12,2.462
screen,valve1__2,Accelerometer1RMS,13,2.1052
screen,valve1__2,Accelerometer1RMS,14,2.5152
screen,valve1__2,Accelerometer1RMS,15,2.9068
screen,valve1__2,Accelerometer1RMS,16,3.3737
screen,valve1__2,Accelerometer1RMS,17,2.5133
screen,valve1__2,Accelerometer1RMS,18,2.3094
screen,valve1__2,Accelerometer1RMS,19,2.6681
screen,valve1__2,Accelerometer2RMS,0,2.1809
screen,valve1__2,Accelerometer2RMS,1,2.3208
screen,valve1__2,Accelerometer2RMS,2,2.4476
screen,valve1__2,Accelerometer2RMS,3,2.897
screen,valve1__2,Accelerometer2RMS,4,2.7415
screen,valve1__2,Accelerometer2RMS,5,2.4686
screen,valve1__2,Accelerometer2RMS,6,3.4529
screen,valve1__2,Accelerometer2RMS,7,3.8275
screen,valve1__2,Accelerometer2RMS,8,1.5738
screen,valve1__2,Accelerometer2RMS,9,2.0546
screen,valve1__2,Accelerometer2RMS,11,2.7843
screen,valve1__2,Accelerometer2RMS,12,2.278
screen,valve1__2,Accelerometer2RMS,13,3.1478
screen,valve1__2,Accelerometer2RMS,14,2.9379
screen,valve1__2,Accelerometer2RMS,15,2.7046
screen,valve1__2,Accelerometer2RMS,16,2.803
screen,valve1__2,Accelerometer2RMS,17,3.2118
screen,valve1__2,Accelerometer2RMS,18,3.2386
screen,valve1__2,Accelerometer2RMS,19,3.0006
screen,valve1__2,Current,0,1.4582
screen,valve1__2,Current,1,1.4518
screen,valve1__2,Current,2,1.6475
screen,valve1__2,Current,3,1.5909
screen,valve1__2,Current,4,1.5816
screen,valve1__2,Current,5,1.4109
screen,valve1__2,Current,6,1.6273
screen,valve1__2,Current,7,1.6265
screen,valve1__2,Current,8,1.5227
screen,valve1__2,Current,9,1.3583
screen,valve1__2,Current,11,1.5604
screen,valve1__2,Current,12,1.4962
screen,valve1__2,Current,13,1.5244
screen,valve1__2,Current,14,1.6089
screen,valve1__2,Current,15,1.4456
screen,valve1__2,Current,16,1.4644
screen,valve1__2,Current,17,1.6483
screen,valve1__2,Current,18,1.4299
screen,valve1__2,Current,19,1.5671
screen,valve1__2,Temperature,0,1.8732
screen,valve1__2,Temperature,1,2.7199
screen,valve1__2,Temperature,2,1.7845
screen,valve1__2,Temperature,3,1.6452
screen,valve1__2,Temperature,4,3.6717
screen,valve1__2,Temperature,5,4.5493
screen,valve1__2,Temperature,6,10.5407
screen,valve1__2,Temperature,7,20.8654
screen,valve1__2,Temperature,8,20.2706
screen,valve1__2,Temperature,9,16.9419
screen,valve1__2,Temperature,11,12.1463
screen,valve1__2,Temperature,12,11.9894
screen,valve1__2,Temperature,13,9.8297
screen,valve1__2,Temperature,14,10.7882
screen,valve1__2,Temperature,15,10.6015
screen,valve1__2,Temperature,16,7.6742
screen,valve1__2,Temperature,17,7.833
screen,valve1__2,Temperature,18,7.1475
screen,valve1__2,Temperature,19,4.9288
screen,valve1__2,Thermocouple,0,1.1845
screen,valve1__2,Thermocouple,1,1.9741
screen,valve1__2,Thermocouple,2,2.5993
screen,valve1__2,Thermocouple,3,3.5616
screen,valve1__2,Thermocouple,4,2.9776
screen,valve1__2,Thermocouple,5,4.6556
screen,valve1__2,Thermocouple,6,8.3489
screen,valve1__2,Thermocouple,7,11.7049
screen,valve1__2,Thermocouple,8,7.7813
screen,valve1__2,Thermocouple,9,7.6415
screen,valve1__2,Thermocouple,11,8.4887
screen,valve1__2,Thermocouple,12,10.8659
screen,valve1__2,Thermocouple,13,10.3312
screen,valve1__2,Thermocouple,14,12.0833
screen,valve1__2,Thermocouple,15,13.3747
screen,valve1__2,Thermocouple,16,13.021
screen,valve1__2,Thermocouple,17,12.1573
screen,valve1__2,Thermocouple,18,13.2842
screen,valve1__2,Thermocouple,19,12.9634
screen,valve1__2,Voltage,0,3.0427
screen,valve1__2,Voltage,1,2.9017
screen,valve1__2,Voltage,2,3.0122
screen,valve1__2,Voltage,3,3.445
screen,valve1__2,Voltage,4,2.855
screen,valve1__2,Voltage,5,3.4668
screen,valve1__2,Voltage,6,3.1903
screen,valve1__2,Voltage,7,3.1165
screen,valve1__2,Voltage,8,3.1526
screen,valve1__2,Voltage,9,2.5427
screen,valve1__2,Voltage,11,3.1417
screen,valve1__2,Voltage,12,3.2784
screen,valve1__2,Voltage,13,3.1837
screen,valve1__2,Voltage,14,3.128
screen,valve1__2,Voltage,15,3.0393
screen,valve1__2,Voltage,16,2.799
screen,valve1__2,Voltage,17,2.9802
screen,valve1__2,Voltage,18,2.8565
screen,valve1__2,Voltage,19,3.1045
screen,valve1__2,Volume Flow RateRMS,0,1122.9147
screen,valve1__2,Volume Flow RateRMS,1,561.4011
screen,valve1__2,Volume Flow RateRMS,2,561.4011
screen,valve1__2,Volume Flow RateRMS,3,562.0756
screen,valve1__2,Volume Flow RateRMS,4,561.9632
screen,valve1__2,Volume Flow RateRMS,5,561.9632
screen,valve1__2,Volume Flow RateRMS,6,560.4456
screen,valve1__2,Volume Flow RateRMS,7,561.7946
screen,valve1__2,Volume Flow RateRMS,8,561.6822
screen,valve1__2,Volume Flow RateRMS,9,561.6822
screen,valve1__2,Volume Flow RateRMS,11,1120.6664
screen,valve1__2,Volume Flow RateRMS,12,1122.0716
screen,valve1__2,Volume Flow RateRMS,13,1122.0716
screen,valve1__2,Volume Flow RateRMS,14,561.4011
screen,valve1__2,Volume Flow RateRMS,15,561.4011
screen,valve1__2,Volume Flow RateRMS,16,561.4011
screen,valve1__2,Volume Flow RateRMS,17,561.1201
screen,valve1__2,Volume Flow RateRMS,18,561.0077
screen,valve1__2,Volume Flow RateRMS,19,561.0077
spc,valve1__2,Accelerometer1RMS,0,0.0
spc,valve1__2,Accelerometer1RMS,1,0.0
spc,valve1__2,Accelerometer1RMS,2,0.0
spc,valve1__2,Accelerometer1RMS,3,0.0
spc,valve1__2,Accelerometer1RMS,4,0.0
spc,valve1__2,Accelerometer1RMS,5,3.0
spc,valve1__2,Accelerometer1RMS,6,5.0
spc,valve1__2,Accelerometer1RMS,7,6.0
spc,valve1__2,Accelerometer1RMS,8,0.0
spc,valve1__2,Accelerometer1RMS,9,1.0
spc,valve1__2,Accelerometer1RMS,11,2.0
spc,valve1__2,Accelerometer1RMS,12,0.0
spc,valve1__2,Accelerometer1RMS,13,0.0
spc,valve1__2,Accelerometer1RMS,14,0.0
spc,valve1__2,Accelerometer1RMS,15,0.0
spc,valve1__2,Accelerometer1RMS,16,1.0
spc,valve1__2,Accelerometer1RMS,17,0.0
spc,valve1__2,Accelerometer1RMS,18,0.0
spc,valve1__2,Accelerometer1RMS,19,1.0
spc,valve1__2,Accelerometer2RMS,0,2.0
spc,valve1__2,Accelerometer2RMS,1,1.0
spc,valve1__2,Accelerometer2RMS,2,1.0
spc,valve1__2,Accelerometer2RMS,3,2.0
spc,valve1__2,Accelerometer2RMS,4,1.0
spc,valve1__2,Accelerometer2RMS,5,1.0
spc,valve1__2,Accelerometer2RMS,6,3.0
spc,valve1__2,Accelerometer2RMS,7,6.0
spc,valve1__2,Accelerometer2RMS,8,2.0
spc,valve1__2,Accelerometer2RMS,9,1.0
spc,valve1__2,Accelerometer2RMS,11,2.0
spc,valve1__2,Accelerometer2RMS,12,1.0
spc,valve1__2,Accelerometer2RMS,13,2.0
spc,valve1__2,Accelerometer2RMS,14,2.0
spc,valve1__2,Accelerometer2RMS,15,0.0
spc,valve1__2,Accelerometer2RMS,16,0.0
spc,valve1__2,Accelerometer2RMS,17,2.0
spc,valve1__2,Accelerometer2RMS,18,2.0
spc,valve1__2,Accelerometer2RMS,19,2.0
spc,valve1__2,Current,0,1.0
spc,valve1__2,Current,1,3.0
spc,valve1__2,Current,2,1.0
spc,valve1__2,Current,3,1.0
spc,valve1__2,Current,4,1.0
spc,valve1__2,Current,5,2.0
spc,valve1__2,Current,6,2.0
spc,valve1__2,Current,7,1.0
spc,valve1__2,Current,8,2.0
spc,valve1__2,Current,9,0.0
spc,valve1__2,Current,11,2.0
spc,valve1__2,Current,12,1.0
spc,valve1__2,Current,13,1.0
spc,valve1__2,Current,14,1.0
spc,valve1__2,Current,15,2.0
spc,valve1__2,Current,16,1.0
spc,valve1__2,Current,17,2.0
spc,valve1__2,Current,18,0.0
spc,valve1__2,Current,19,1.0
spc,valve1__2,Temperature,0,1.0
spc,valve1__2,Temperature,1,1.0
spc,valve1__2,Temperature,2,1.0
spc,valve1__2,Temperature,3,1.0
spc,valve1__2,Temperature,4,6.0
spc,valve1__2,Temperature,5,34.0
spc,valve1__2,Temperature,6,29.0
spc,valve1__2,Temperature,7,59.0
spc,valve1__2,Temperature,8,59.0
spc,valve1__2,Temperature,9,50.0
spc,valve1__2,Temperature,11,52.0
spc,valve1__2,Temperature,12,58.0
spc,valve1__2,Temperature,13,59.0
spc,valve1__2,Temperature,14,59.0
spc,valve1__2,Temperature,15,59.0
spc,valve1__2,Temperature,16,58.0
spc,valve1__2,Temperature,17,58.0
spc,valve1__2,Temperature,18,58.0
spc,valve1__2,Temperature,19,56.0
spc,valve1__2,Thermocouple,0,1.0
spc,valve1__2,Thermocouple,1,1.0
spc,valve1__2,Thermocouple,2,2.0
spc,valve1__2,Thermocouple,3,10.0
spc,valve1__2,Thermocouple,4,1.0
spc,valve1__2,Thermocouple,5,33.0
spc,valve1__2,Thermocouple,6,49.0
spc,valve1__2,Thermocouple,7,62.0
spc,valve1__2,Thermocouple,8,34.0
spc,valve1__2,Thermocouple,9,51.0
spc,valve1__2,Thermocouple,11,52.0
spc,valve1__2,Thermocouple,12,59.0
spc,valve1__2,Thermocouple,13,58.0
spc,valve1__2,Thermocouple,14,58.0
spc,valve1__2,Thermocouple,15,59.0
spc,valve1__2,Thermocouple,16,59.0
spc,valve1__2,Thermocouple,17,58.0
spc,valve1__2,Thermocouple,18,59.0
spc,valve1__2,Thermocouple,19,58.0
spc,valve1__2,Voltage,0,2.0
spc,valve1__2,Voltage,1,0.0
spc,valve1__2,Voltage,2,1.0
spc,valve1__2,Voltage,3,2.0
spc,valve1__2,Voltage,4,0.0
spc,valve1__2,Voltage,5,4.0
spc,valve1__2,Voltage,6,2.0
spc,valve1__2,Voltage,7,1.0
spc,valve1__2,Voltage,8,3.0
spc,valve1__2,Voltage,9,0.0
spc,valve1__2,Voltage,11,2.0
spc,valve1__2,Voltage,12,3.0
spc,valve1__2,Voltage,13,2.0
spc,valve1__2,Voltage,14,3.0
spc,valve1__2,Voltage,15,1.0
spc,valve1__2,Voltage,16,0.0
spc,valve1__2,Voltage,17,0.0
spc,valve1__2,Voltage,18,0.0
spc,valve1__2,Voltage,19,1.0
spc,valve1__2,Volume Flow RateRMS,0,33.0
spc,valve1__2,Volume Flow RateRMS,1,21.0
spc,valve1__2,Volume Flow RateRMS,2,17.0
spc,valve1__2,Volume Flow RateRMS,3,9.0
spc,valve1__2,Volume Flow RateRMS,4,9.0
spc,valve1__2,Volume Flow RateRMS,5,11.0
spc,valve1__2,Volume Flow RateRMS,6,16.0
spc,valve1__2,Volume Flow RateRMS,7,21.0
spc,valve1__2,Volume Flow RateRMS,8,11.0
spc,valve1__2,Volume Flow RateRMS,9,16.0
spc,valve1__2,Volume Flow RateRMS,11,38.0
spc,valve1__2,Volume Flow RateRMS,12,55.0
spc,valve1__2,Volume Flow RateRMS,13,47.0
spc,valve1__2,Volume Flow RateRMS,14,46.0
spc,valve1__2,Volume Flow RateRMS,15,43.0
spc,valve1__2,Volume Flow RateRMS,16,22.0
spc,valve1__2,Volume Flow RateRMS,17,13.0
spc,valve1__2,Volume Flow RateRMS,18,13.0
spc,valve1__2,Volume Flow RateRMS,19,14.0
screen,valve1__3,Accelerometer1RMS,0,1.5493
screen,valve1__3,Accelerometer1RMS,1,2.4413
screen,valve1__3,Accelerometer1RMS,2,2.8943
screen,valve1__3,Accelerometer1RMS,3,1.6735
screen,valve1__3,Accelerometer1RMS,4,1.975
screen,valve1__3,Accelerometer1RMS,5,1.9046
screen,valve1__3,Accelerometer1RMS,6,1.5581
screen,valve1__3,Accelerometer1RMS,7,1.83
screen,valve1__3,Accelerometer1RMS,8,2.2275
screen,valve1__3,Accelerometer1RMS,9,2.7432
screen,valve1__3,Accelerometer1RMS,10,2.3944
screen,valve1__3,Accelerometer1RMS,11,2.2641
screen,valve1__3,Accelerometer1RMS,12,2.3538
screen,valve1__3,Accelerometer1RMS,13,2.3058
screen,valve1__3,Accelerometer1RMS,14,2.4021
screen,valve1__3,Accelerometer1RMS,15,2.4592
screen,valve1__3,Accelerometer1RMS,16,2.6012
screen,valve1__3,Accelerometer1RMS,17,2.3545
screen,valve1__3,Accelerometer1RMS,18,2.3249
screen,valve1__3,Accelerometer1RMS,19,2.5562
screen,valve1__3,Accelerometer1RMS,20,1.055
screen,valve1__3,Accelerometer2RMS,0,2.2279
screen,valve1__3,Accelerometer2RMS,1,1.9587
screen,valve1__3,Accelerometer2RMS,2,1.9236
screen,valve1__3,Accelerometer2RMS,3,2.1057
screen,valve1__3,Accelerometer2RMS,4,2.2809
screen,valve1__3,Accelerometer2RMS,5,1.2207
screen,valve1__3,Accelerometer2RMS,6,2.2349
screen,valve1__3,Accelerometer2RMS,7,2.5695
screen,valve1__3,Accelerometer2RMS,8,2.4011
screen,valve1__3,Accelerometer2RMS,9,2.5669
screen,valve1__3,Accelerometer2RMS,10,2.2057
screen,valve1__3,Accelerometer2RMS,11,1.6932
screen,valve1__3,Accelerometer2RMS,12,2.2718
screen,valve1__3,Accelerometer2RMS,13,2.2414
screen,valve1__3,Accelerometer2RMS,14,2.7465
screen,valve1__3,Accelerometer2RMS,15,2.4428
screen,valve1__3,Accelerometer2RMS,16,2.12
screen,valve1__3,Accelerometer2RMS,17,2.1618
screen,valve1__3,Accelerometer2RMS,18,2.5435
screen,valve1__3,Accelerometer2RMS,19,2.154
screen,valve1__3,Accelerometer2RMS,20,1.1416
screen,valve1__3,Current,0,1.6864
screen,valve1__3,Current,1,1.7749
screen,valve1__3,Current,2,1.6745
screen,valve1__3,Current,3,1.6931
screen,valve1__3,Current,4,1.4927
screen,valve1__3,Current,5,1.7465
screen,valve1__3,Current,6,1.3761
screen,valve1__3,Current,7,1.6729
screen,valve1__3,Current,8,1.7842
screen,valve1__3,Current,9,1.7405
screen,valve1__3,Current,10,1.8269
screen,valve1__3,Current,11,1.7474
screen,valve1__3,Current,12,1.3943
screen,valve1__3,Current,13,1.684
screen,valve1__3,Current,14,1.5592
screen,valve1__3,Current,15,1.7469
screen,valve1__3,Current,16,1.6478
screen,valve1__3,Current,17,1.7483
screen,valve1__3,Current,18,1.7462
screen,valve1__3,Current,19,1.6031
screen,valve1__3,Current,20,0.9396
screen,valve1__3,Temperature,0,2.5691
screen,valve1__3,Temperature,1,1.154
screen,valve1__3,Temperature,2,0.8745
screen,valve1__3,Temperature,3,0.5471
screen,valve1__3,Temperature,4,1.0185
screen,valve1__3,Temperature,5,1.4969
screen,valve1__3,Temperature,6,1.5885
screen,valve1__3,Temperature,7,1.6167
screen,valve1__3,Temperature,8,1.7969
screen,valve1__3,Temperature,9,1.9048
screen,valve1__3,Temperature,10,1.7936
screen,valve1__3,Temperature,11,1.9385
screen,valve1__3,Temperature,12,1.9881
screen,valve1__3,Temperature,13,1.6139
screen,valve1__3,Temperature,14,1.8364
screen,valve1__3,Temperature,15,2.0801
screen,valve1__3,Temperature,16,1.97
screen,valve1__3,Temperature,17,2.0392
screen,valve1__3,Temperature,18,1.9719
screen,valve1__3,Temperature,19,2.0586
screen,valve1__3,Temperature,20,1.8858
screen,valve1__3,Thermocouple,0,0.8269
screen,valve1__3,Thermocouple,1,4.6052
screen,valve1__3,Thermocouple,2,3.374
screen,valve1__3,Thermocouple,3,2.5229
screen,valve1__3,Thermocouple,4,2.5531
screen,valve1__3,Thermocouple,5,1.5029
screen,valve1__3,Thermocouple,6,0.7726
screen,valve1__3,Thermocouple,7,2.2845
screen,valve1__3,Thermocouple,8,2.0159
screen,valve1__3,Thermocouple,9,1.4244
screen,valve1__3,Thermocouple,10,1.5361
screen,valve1__3,Thermocouple,11,1.3218
screen,valve1__3,Thermocouple,12,2.3479
screen,valve1__3,Thermocouple,13,2.9726
screen,valve1__3,Thermocouple,14,2.4777
screen,valve1__3,Thermocouple,15,2.6074
screen,valve1__3,Thermocouple,16,2.2091
screen,valve1__3,Thermocouple,17,2.4475
screen,valve1__3,Thermocouple,18,3.1054
screen,valve1__3,Thermocouple,19,3.6546
screen,valve1__3,Thermocouple,20,3.4222
screen,valve1__3,Voltage,0,2.2027
screen,valve1__3,Voltage,1,2.3933
screen,valve1__3,Voltage,2,2.0714
screen,valve1__3,Voltage,3,2.4118
screen,valve1__3,Voltage,4,2.4446
screen,valve1__3,Voltage,5,2.2959
screen,valve1__3,Voltage,6,2.2423
screen,valve1__3,Voltage,7,2.3665
screen,valve1__3,Voltage,8,2.351
screen,valve1__3,Voltage,9,2.3977
screen,valve1__3,Voltage,10,2.5014
screen,valve1__3,Voltage,11,2.6128
screen,valve1__3,Voltage,12,2.4649
screen,valve1__3,Voltage,13,2.4364
screen,valve1__3,Voltage,14,2.5516
screen,valve1__3,Voltage,15,2.3734
screen,valve1__3,Voltage,16,2.4363
screen,valve1__3,Voltage,17,2.555
screen,valve1__3,Voltage,18,2.2909
screen,valve1__3,Voltage,19,2.3691
screen,valve1__3,Voltage,20,1.832
spc,valve1__3,Accelerometer1RMS,0,0.0
spc,valve1__3,Accelerometer1RMS,1,1.0
spc,valve1__3,Accelerometer1RMS,2,1.0
spc,valve1__3,Accelerometer1RMS,3,1.0
spc,valve1__3,Accelerometer1RMS,4,1.0
spc,valve1__3,Accelerometer1RMS,5,0.0
spc,valve1__3,Accelerometer1RMS,6,0.0
spc,valve1__3,Accelerometer1RMS,7,1.0
spc,valve1__3,Accelerometer1RMS,8,1.0
spc,valve1__3,Accelerometer1RMS,9,1.0
spc,valve1__3,Accelerometer1RMS,10,1.0
spc,valve1__3,Accelerometer1RMS,11,0.0
spc,valve1__3,Accelerometer1RMS,12,3.0
spc,valve1__3,Accelerometer1RMS,13,2.0
spc,valve1__3,Accelerometer1RMS,14,1.0
spc,valve1__3,Accelerometer1RMS,15,2.0
spc,valve1__3,Accelerometer1RMS,16,0.0
spc,valve1__3,Accelerometer1RMS,17,1.0
spc,valve1__3,Accelerometer1RMS,18,0.0
spc,valve1__3,Accelerometer1RMS,19,1.0
spc,valve1__3,Accelerometer1RMS,20,0.0
spc,valve1__3,Accelerometer2RMS,0,0.0
spc,valve1__3,Accelerometer2RMS,1,0.0
spc,valve1__3,Accelerometer2RMS,2,3.0
spc,valve1__3,Accelerometer2RMS,3,0.0
spc,valve1__3,Accelerometer2RMS,4,1.0
spc,valve1__3,Accelerometer2RMS,5,0.0
spc,valve1__3,Accelerometer2RMS,6,0.0
spc,valve1__3,Accelerometer2RMS,7,1.0
spc,valve1__3,Accelerometer2RMS,8,1.0
spc,valve1__3,Accelerometer2RMS,9,1.0
spc,valve1__3,Accelerometer2RMS,10,0.0
spc,valve1__3,Accelerometer2RMS,11,0.0
spc,valve1__3,Accelerometer2RMS,12,2.0
spc,valve1__3,Accelerometer2RMS,13,2.0
spc,valve1__3,Accelerometer2RMS,14,1.0
spc,valve1__3,Accelerometer2RMS,15,2.0
spc,valve1__3,Accelerometer2RMS,16,1.0
spc,valve1__3,Accelerometer2RMS,17,2.0
spc,valve1__3,Accelerometer2RMS,18,1.0
spc,valve1__3,Accelerometer2RMS,19,1.0
spc,valve1__3,Accelerometer2RMS,20,0.0
spc,valve1__3,Current,0,3.0
spc,valve1__3,Current,1,1.0
spc,valve1__3,Current,2,2.0
spc,valve1__3,Current,3,1.0
spc,valve1__3,Current,4,1.0
spc,valve1__3,Current,5,1.0
spc,valve1__3,Current,6,1.0
spc,valve1__3,Current,7,3.0
spc,valve1__3,Current,8,1.0
spc,valve1__3,Current,9,0.0
spc,valve1__3,Current,10,2.0
spc,valve1__3,Current,11,3.0
spc,valve1__3,Current,12,2.0
spc,valve1__3,Current,13,0.0
spc,valve1__3,Current,14,1.0
spc,valve1__3,Current,15,4.0
spc,valve1__3,Current,16,1.0
spc,valve1__3,Current,17,1.0
spc,valve1__3,Current,18,2.0
spc,valve1__3,Current,19,2.0
spc,valve1__3,Current,20,0.0
spc,valve1__3,Temperature,0,1.0
spc,valve1__3,Temperature,1,2.0
spc,valve1__3,Temperature,2,2.0
spc,valve1__3,Temperature,3,1.0
spc,valve1__3,Temperature,4,1.0
spc,valve1__3,Temperature,5,1.0
spc,valve1__3,Temperature,6,1.0
spc,valve1__3,Temperature,7,2.0
spc,valve1__3,Temperature,8,1.0
spc,valve1__3,Temperature,9,1.0
spc,valve1__3,Temperature,10,1.0
spc,valve1__3,Temperature,11,1.0
spc,valve1__3,Temperature,12,1.0
spc,valve1__3,Temperature,13,1.0
spc,valve1__3,Temperature,14,1.0
spc,valve1__3,Temperature,15,1.0
spc,valve1__3,Temperature,16,1.0
spc,valve1__3,Temperature,17,1.0
spc,valve1__3,Temperature,18,1.0
spc,valve1__3,Temperature,19,1.0
spc,valve1__3,Temperature,20,0.0
spc,valve1__3,Thermocouple,0,1.0
spc,valve1__3,Thermocouple,1,36.0
spc,valve1__3,Thermocouple,2,6.0
spc,valve1__3,Thermocouple,3,1.0
spc,valve1__3,Thermocouple,4,1.0
spc,valve1__3,Thermocouple,5,1.0
spc,valve1__3,Thermocouple,6,2.0
spc,valve1__3,Thermocouple,7,1.0
spc,valve1__3,Thermocouple,8,1.0
spc,valve1__3,Thermocouple,9,1.0
spc,valve1__3,Thermocouple,10,1.0
spc,valve1__3,Thermocouple,11,1.0
spc,valve1__3,Thermocouple,12,1.0
spc,valve1__3,Thermocouple,13,1.0
spc,valve1__3,Thermocouple,14,1.0
spc,valve1__3,Thermocouple,15,1.0
spc,valve1__3,Thermocouple,16,1.0
spc,valve1__3,Thermocouple,17,1.0
spc,valve1__3,Thermocouple,18,3.0
spc,valve1__3,Thermocouple,19,20.0
spc,valve1__3,Thermocouple,20,2.0
spc,valve1__3,Voltage,0,0.0
spc,valve1__3,Voltage,1,0.0
spc,valve1__3,Voltage,2,0.0
spc,valve1__3,Voltage,3,0.0
spc,valve1__3,Voltage,4,1.0
spc,valve1__3,Voltage,5,0.0
spc,valve1__3,Voltage,6,1.0
spc,valve1__3,Voltage,7,0.0
spc,valve1__3,Voltage,8,0.0
spc,valve1__3,Voltage,9,0.0
spc,valve1__3,Voltage,10,0.0
spc,valve1__3,Voltage,11,1.0
spc,valve1__3,Voltage,12,0.0
spc,valve1__3,Voltage,13,0.0
spc,valve1__3,Voltage,14,0.0
spc,valve1__3,Voltage,15,1.0
spc,valve1__3,Voltage,16,0.0
spc,valve1__3,Voltage,17,0.0
spc,valve1__3,Voltage,18,1.0
spc,valve1__3,Voltage,19,1.0
spc,valve1__3,Voltage,20,0.0
screen,valve1__4,Accelerometer1RMS,0,1.7853
screen,valve1__4,Accelerometer1RMS,1,2.2661
screen,valve1__4,Accelerometer1RMS,2,2.6268
screen,valve1__4,Accelerometer1RMS,3,2.8646
screen,valve1__4,Accelerometer1RMS,4,2.236
screen,valve1__4,Accelerometer1RMS,5,3.1151
screen,valve1__4,Accelerometer1RMS,6,2.7979
screen,valve1__4,Accelerometer1RMS,7,2.6706
screen,valve1__4,Accelerometer1RMS,8,2.595
screen,valve1__4,Accelerometer1RMS,9,2.8852
screen,valve1__4,Accelerometer1RMS,10,2.9214
screen,valve1__4,Accelerometer1RMS,11,2.97
screen,valve1__4,Accelerometer1RMS,12,2.9916
screen,valve1__4,Accelerometer1RMS,13,2.5946
screen,valve1__4,Accelerometer1RMS,14,2.6357
screen,valve1__4,Accelerometer1RMS,15,3.5928
screen,valve1__4,Accelerometer1RMS,16,2.9663
screen,valve1__4,Accelerometer1RMS,17,2.3801
screen,valve1__4,Accelerometer1RMS,18,3.8916
screen,valve1__4,Accelerometer1RMS,19,2.8506
screen,valve1__4,Accelerometer2RMS,0,2.2091
screen,valve1__4,Accelerometer2RMS,1,2.7013
screen,valve1__4,Accelerometer2RMS,2,2.7593
screen,valve1__4,Accelerometer2RMS,3,2.5125
screen,valve1__4,Accelerometer2RMS,4,2.18
screen,valve1__4,Accelerometer2RMS,5,2.6465
screen,valve1__4,Accelerometer2RMS,6,1.6833
screen,valve1__4,Accelerometer2RMS,7,3.1256
screen,valve1__4,Accelerometer2RMS,8,3.1821
screen,valve1__4,Accelerometer2RMS,9,1.918
screen,valve1__4,Accelerometer2RMS,10,2.718
screen,valve1__4,Accelerometer2RMS,11,1.9581
screen,valve1__4,Accelerometer2RMS,12,2.3625
screen,valve1__4,Accelerometer2RMS,13,2.0846
screen,valve1__4,Accelerometer2RMS,14,2.1221
screen,valve1__4,Accelerometer2RMS,15,2.8317
screen,valve1__4,Accelerometer2RMS,16,2.2725
screen,valve1__4,Accelerometer2RMS,17,2.9404
screen,valve1__4,Accelerometer2RMS,18,2.0895
screen,valve1__4,Accelerometer2RMS,19,2.4195
screen,valve1__4,Current,0,1.8998
screen,valve1__4,Current,1,2.0774
screen,valve1__4,Current,2,1.8914
screen,valve1__4,Current,3,1.955
screen,valve1__4,Current,4,1.9449
screen,valve1__4,Current,5,1.9534
screen,valve1__4,Current,6,2.0131
screen,valve1__4,Current,7,1.9882
screen,valve1__4,Current,8,1.9187
screen,valve1__4,Current,9,1.1943
screen,valve1__4,Current,10,1.8901
screen,valve1__4,Current,11,0.8781
screen,valve1__4,Current,12,2.1046
screen,valve1__4,Current,13,1.8995
screen,valve1__4,Current,14,2.0849
screen,valve1__4,Current,15,1.9924
screen,valve1__4,Current,16,2.0295
screen,valve1__4,Current,17,1.539
screen,valve1__4,Current,18,2.0148
screen,valve1__4,Current,19,1.9849
screen,valve1__4,Temperature,0,3.4396
screen,valve1__4,Temperature,1,1.8574
screen,valve1__4,Temperature,2,4.2621
screen,valve1__4,Temperature,3,6.8735
screen,valve1__4,Temperature,4,26.0712
screen,valve1__4,Temperature,5,25.6646
screen,valve1__4,Temperature,6,18.6027
screen,valve1__4,Temperature,7,16.278
screen,valve1__4,Temperature,8,13.8198
screen,valve1__4,Temperature,9,11.6397
screen,valve1__4,Temperature,10,11.0193
screen,valve1__4,Temperature,11,10.2791
screen,valve1__4,Temperature,12,9.8935
screen,valve1__4,Temperature,13,8.9908
screen,valve1__4,Temperature,14,6.8792
screen,valve1__4,Temperature,15,9.1251
screen,valve1__4,Temperature,16,9.2139
screen,valve1__4,Temperature,17,7.0677
screen,valve1__4,Temperature,18,7.3118
screen,valve1__4,Temperature,19,7.5956
screen,valve1__4,Thermocouple,0,2.6815
screen,valve1__4,Thermocouple,1,1.0583
screen,valve1__4,Thermocouple,2,1.8699
screen,valve1__4,Thermocouple,3,1.7164
screen,valve1__4,Thermocouple,4,2.4293
screen,valve1__4,Thermocouple,5,2.5389
screen,valve1__4,Thermocouple,6,2.0948
screen,valve1__4,Thermocouple,7,2.6102
screen,valve1__4,Thermocouple,8,2.7857
screen,valve1__4,Thermocouple,9,2.3086
screen,valve1__4,Thermocouple,10,2.3415
screen,valve1__4,Thermocouple,11,2.2977
screen,valve1__4,Thermocouple,12,4.4034
screen,valve1__4,Thermocouple,13,4.9901
screen,valve1__4,Thermocouple,14,4.9627
screen,valve1__4,Thermocouple,15,7.4742
screen,valve1__4,Thermocouple,16,6.893
screen,valve1__4,Thermocouple,17,7.041
screen,valve1__4,Thermocouple,18,7.1068
screen,valve1__4,Thermocouple,19,9.2345
screen,valve1__4,Voltage,0,2.6471
screen,valve1__4,Voltage,1,2.7395
screen,valve1__4,Voltage,2,2.9043
screen,valve1__4,Voltage,3,2.8346
screen,valve1__4,Voltage,4,2.6213
screen,valve1__4,Voltage,5,2.8708
screen,valve1__4,Voltage,6,2.8686
screen,valve1__4,Voltage,7,2.9001
screen,valve1__4,Voltage,8,2.8838
screen,valve1__4,Voltage,9,2.3408
screen,valve1__4,Voltage,10,2.5976
screen,valve1__4,Voltage,11,1.0699
screen,valve1__4,Voltage,12,2.7714
screen,valve1__4,Voltage,13,2.6806
screen,valve1__4,Voltage,14,2.7887
screen,valve1__4,Voltage,15,2.6244
screen,valve1__4,Voltage,16,2.7028
screen,valve1__4,Voltage,17,2.8042
screen,valve1__4,Voltage,18,2.6574
screen,valve1__4,Voltage,19,2.7784
spc,valve1__4,Accelerometer1RMS,0,0.0
spc,valve1__4,Accelerometer1RMS,1,0.0
spc,valve1__4,Accelerometer1RMS,2,0.0
spc,valve1__4,Accelerometer1RMS,3,0.0
spc,valve1__4,Accelerometer1RMS,4,0.0
spc,valve1__4,Accelerometer1RMS,5,1.0
spc,valve1__4,Accelerometer1RMS,6,0.0
spc,valve1__4,Accelerometer1RMS,7,1.0
spc,valve1__4,Accelerometer1RMS,8,0.0
spc,valve1__4,Accelerometer1RMS,9,0.0
spc,valve1__4,Accelerometer1RMS,10,0.0
spc,valve1__4,Accelerometer1RMS,11,0.0
spc,valve1__4,Accelerometer1RMS,12,0.0
spc,valve1__4,Accelerometer1RMS,13,2.0
spc,valve1__4,Accelerometer1RMS,14,0.0
spc,valve1__4,Accelerometer1RMS,15,1.0
spc,valve1__4,Accelerometer1RMS,16,0.0
spc,valve1__4,Accelerometer1RMS,17,0.0
spc,valve1__4,Accelerometer1RMS,18,5.0
spc,valve1__4,Accelerometer1RMS,19,0.0
spc,valve1__4,Accelerometer2RMS,0,1.0
spc,valve1__4,Accelerometer2RMS,1,0.0
spc,valve1__4,Accelerometer2RMS,2,0.0
spc,valve1__4,Accelerometer2RMS,3,1.0
spc,valve1__4,Accelerometer2RMS,4,0.0
spc,valve1__4,Accelerometer2RMS,5,0.0
spc,valve1__4,Accelerometer2RMS,6,0.0
spc,valve1__4,Accelerometer2RMS,7,3.0
spc,valve1__4,Accelerometer2RMS,8,4.0
spc,valve1__4,Accelerometer2RMS,9,0.0
spc,valve1__4,Accelerometer2RMS,10,1.0
spc,valve1__4,Accelerometer2RMS,11,0.0
spc,valve1__4,Accelerometer2RMS,12,0.0
spc,valve1__4,Accelerometer2RMS,13,1.0
spc,valve1__4,Accelerometer2RMS,14,1.0
spc,valve1__4,Accelerometer2RMS,15,1.0
spc,valve1__4,Accelerometer2RMS,16,1.0
spc,valve1__4,Accelerometer2RMS,17,1.0
spc,valve1__4,Accelerometer2RMS,18,0.0
spc,valve1__4,Accelerometer2RMS,19,1.0
spc,valve1__4,Current,0,2.0
spc,valve1__4,Current,1,2.0
spc,valve1__4,Current,2,0.0
spc,valve1__4,Current,3,1.0
spc,valve1__4,Current,4,5.0
spc,valve1__4,Current,5,0.0
spc,valve1__4,Current,6,1.0
spc,valve1__4,Current,7,1.0
spc,valve1__4,Current,8,2.0
spc,valve1__4,Current,9,1.0
spc,valve1__4,Current,10,2.0
spc,valve1__4,Current,11,0.0
spc,valve1__4,Current,12,1.0
spc,valve1__4,Current,13,1.0
spc,valve1__4,Current,14,1.0
spc,valve1__4,Current,15,3.0
spc,valve1__4,Current,16,0.0
spc,valve1__4,Current,17,2.0
spc,valve1__4,Current,18,1.0
spc,valve1__4,Current,19,3.0
spc,valve1__4,Temperature,0,2.0
spc,valve1__4,Temperature,1,2.0
spc,valve1__4,Temperature,2,7.0
spc,valve1__4,Temperature,3,15.0
spc,valve1__4,Temperature,4,63.0
spc,valve1__4,Temperature,5,58.0
spc,valve1__4,Temperature,6,59.0
spc,valve1__4,Temperature,7,58.0
spc,valve1__4,Temperature,8,60.0
spc,valve1__4,Temperature,9,58.0
spc,valve1__4,Temperature,10,59.0
spc,valve1__4,Temperature,11,7.0
spc,valve1__4,Temperature,12,57.0
spc,valve1__4,Temperature,13,58.0
spc,valve1__4,Temperature,14,59.0
spc,valve1__4,Temperature,15,59.0
spc,valve1__4,Temperature,16,58.0
spc,valve1__4,Temperature,17,59.0
spc,valve1__4,Temperature,18,59.0
spc,valve1__4,Temperature,19,58.0
spc,valve1__4,Thermocouple,0,2.0
spc,valve1__4,Thermocouple,1,2.0
spc,valve1__4,Thermocouple,2,2.0
spc,valve1__4,Thermocouple,3,1.0
spc,valve1__4,Thermocouple,4,1.0
spc,valve1__4,Thermocouple,5,2.0
spc,valve1__4,Thermocouple,6,1.0
spc,valve1__4,Thermocouple,7,1.0
spc,valve1__4,Thermocouple,8,3.0
spc,valve1__4,Thermocouple,9,1.0
spc,valve1__4,Thermocouple,10,1.0
spc,valve1__4,Thermocouple,11,0.0
spc,valve1__4,Thermocouple,12,24.0
spc,valve1__4,Thermocouple,13,55.0
spc,valve1__4,Thermocouple,14,59.0
spc,valve1__4,Thermocouple,15,58.0
spc,valve1__4,Thermocouple,16,59.0
spc,valve1__4,Thermocouple,17,60.0
spc,valve1__4,Thermocouple,18,59.0
spc,valve1__4,Thermocouple,19,58.0
spc,valve1__4,Voltage,0,0.0
spc,valve1__4,Voltage,1,0.0
spc,valve1__4,Voltage,2,1.0
spc,valve1__4,Voltage,3,0.0
spc,valve1__4,Voltage,4,1.0
spc,valve1__4,Voltage,5,0.0
spc,valve1__4,Voltage,6,1.0
spc,valve1__4,Voltage,7,0.0
spc,valve1__4,Voltage,8,1.0
spc,valve1__4,Voltage,9,1.0
spc,valve1__4,Voltage,10,0.0
spc,valve1__4,Voltage,11,0.0
spc,valve1__4,Voltage,12,0.0
spc,valve1__4,Voltage,13,0.0
spc,valve1__4,Voltage,14,0.0
spc,valve1__4,Voltage,15,0.0
spc,valve1__4,Voltage,16,0.0
spc,valve1__4,Voltage,17,0.0
spc,valve1__4,Voltage,18,0.0
spc,valve1__4,Voltage,19,0.0
screen,valve1__5,Accelerometer1RMS,0,2.1098
screen,valve1__5,Accelerometer1RMS,1,2.7057
screen,valve1__5,Accelerometer1RMS,2,2.7638
screen,valve1__5,Accelerometer1RMS,3,1.9755
screen,valve1__5,Accelerometer1RMS,4,1.7943
screen,valve1__5,Accelerometer1RMS,5,2.0804
screen,valve1__5,Accelerometer1RMS,6,2.629
screen,valve1__5,Accelerometer1RMS,7,2.9916
screen,valve1__5,Accelerometer1RMS,8,3.1278
screen,valve1__5,Accelerometer1RMS,9,2.3771
screen,valve1__5,Accelerometer1RMS,10,2.9615
screen,valve1__5,Accelerometer1RMS,11,2.9687
screen,valve1__5,Accelerometer1RMS,12,2.7128
screen,valve1__5,Accelerometer1RMS,13,2.3938
screen,valve1__5,Accelerometer1RMS,14,2.8165
screen,valve1__5,Accelerometer1RMS,15,2.8349
screen,valve1__5,Accelerometer1RMS,16,3.1953
screen,valve1__5,Accelerometer1RMS,17,2.8102
screen,valve1__5,Accelerometer1RMS,18,3.1826
screen,valve1__5,Accelerometer1RMS,19,2.6714
screen,valve1__5,Accelerometer2RMS,0,2.2742
screen,valve1__5,Accelerometer2RMS,1,2.1085
screen,valve1__5,Accelerometer2RMS,2,2.1079
screen,valve1__5,Accelerometer2RMS,3,2.3844
screen,valve1__5,Accelerometer2RMS,4,2.163
screen,valve1__5,Accelerometer2RMS,5,2.4801
screen,valve1__5,Accelerometer2RMS,6,2.0166
screen,valve1__5,Accelerometer2RMS,7,2.0281
screen,valve1__5,Accelerometer2RMS,8,2.4791
screen,valve1__5,Accelerometer2RMS,9,2.0528
screen,valve1__5,Accelerometer2RMS,10,2.5208
screen,valve1__5,Accelerometer2RMS,11,2.3825
screen,valve1__5,Accelerometer2RMS,12,2.1978
screen,valve1__5,Accelerometer2RMS,13,2.2267
screen,valve1__5,Accelerometer2RMS,14,2.1978
screen,valve1__5,Accelerometer2RMS,15,2.5597
screen,valve1__5,Accelerometer2RMS,16,1.9529
screen,valve1__5,Accelerometer2RMS,17,2.6138
screen,valve1__5,Accelerometer2RMS,18,2.3587
screen,valve1__5,Accelerometer2RMS,19,2.1068
screen,valve1__5,Current,0,1.8324
screen,valve1__5,Current,1,1.6286
screen,valve1__5,Current,2,1.9303
screen,valve1__5,Current,3,1.9264
screen,valve1__5,Current,4,1.8551
screen,valve1__5,Current,5,1.9341
screen,valve1__5,Current,6,1.9222
screen,valve1__5,Current,7,2.0648
screen,valve1__5,Current,8,1.8887
screen,valve1__5,Current,9,1.8642
screen,valve1__5,Current,10,1.8293
screen,valve1__5,Current,11,2.0002
screen,valve1__5,Current,12,1.6533
screen,valve1__5,Current,13,2.0547
screen,valve1__5,Current,14,1.9796
screen,valve1__5,Current,15,1.9269
screen,valve1__5,Current,16,1.8382
screen,valve1__5,Current,17,1.4783
screen,valve1__5,Current,18,1.6772
screen,valve1__5,Current,19,2.1275
screen,valve1__5,Temperature,0,1.967
screen,valve1__5,Temperature,1,1.4449
screen,valve1__5,Temperature,2,2.3624
screen,valve1__5,Temperature,3,2.7794
screen,valve1__5,Temperature,4,5.5562
screen,valve1__5,Temperature,5,6.9971
screen,valve1__5,Temperature,6,4.3569
screen,valve1__5,Temperature,7,3.0139
screen,valve1__5,Temperature,8,2.7801
screen,valve1__5,Temperature,9,2.3197
screen,valve1__5,Temperature,10,2.2619
screen,valve1__5,Temperature,11,2.8996
screen,valve1__5,Temperature,12,1.4271
screen,valve1__5,Temperature,13,2.1115
screen,valve1__5,Temperature,14,2.9725
screen,valve1__5,Temperature,15,2.3236
screen,valve1__5,Temperature,16,2.7255
screen,valve1__5,Temperature,17,2.9915
screen,valve1__5,Temperature,18,1.9125
screen,valve1__5,Temperature,19,3.1124
screen,valve1__5,Thermocouple,0,1.4463
screen,valve1__5,Thermocouple,1,1.9261
screen,valve1__5,Thermocouple,2,3.6228
screen,valve1__5,Thermocouple,3,3.5741
screen,valve1__5,Thermocouple,4,2.5937
screen,valve1__5,Thermocouple,5,5.0135
screen,valve1__5,Thermocouple,6,4.6797
screen,valve1__5,Thermocouple,7,4.7701
screen,valve1__5,Thermocouple,8,4.5546
screen,valve1__5,Thermocouple,9,4.2208
screen,valve1__5,Thermocouple,10,5.8618
screen,valve1__5,Thermocouple,11,7.1969
screen,valve1__5,Thermocouple,12,8.9214
screen,valve1__5,Thermocouple,13,8.6293
screen,valve1__5,Thermocouple,14,7.7671
screen,valve1__5,Thermocouple,15,10.1243
screen,valve1__5,Thermocouple,16,11.5915
screen,valve1__5,Thermocouple,17,8.8031
screen,valve1__5,Thermocouple,18,9.5541
screen,valve1__5,Thermocouple,19,10.5207
screen,valve1__5,Voltage,0,2.894
screen,valve1__5,Voltage,1,3.6924
screen,valve1__5,Voltage,2,3.2984
screen,valve1__5,Voltage,3,3.4894
screen,valve1__5,Voltage,4,3.1982
screen,valve1__5,Voltage,5,2.892
screen,valve1__5,Voltage,6,3.214
screen,valve1__5,Voltage,7,3.5152
screen,valve1__5,Voltage,8,3.5071
screen,valve1__5,Voltage,9,3.5044
screen,valve1__5,Voltage,10,3.5048
screen,valve1__5,Voltage,11,3.4468
screen,valve1__5,Voltage,12,3.3955
screen,valve1__5,Voltage,13,3.7646
screen,valve1__5,Voltage,14,3.2465
screen,valve1__5,Voltage,15,3.6429
screen,valve1__5,Voltage,16,3.0819
screen,valve1__5,Voltage,17,3.7153
screen,valve1__5,Voltage,18,3.3925
screen,valve1__5,Voltage,19,3.781
spc,valve1__5,Accelerometer1RMS,0,1.0
spc,valve1__5,Accelerometer1RMS,1,0.0
spc,valve1__5,Accelerometer1RMS,2,0.0
spc,valve1__5,Accelerometer1RMS,3,0.0
spc,valve1__5,Accelerometer1RMS,4,0.0
spc,valve1__5,Accelerometer1RMS,5,0.0
spc,valve1__5,Accelerometer1RMS,6,1.0
spc,valve1__5,Accelerometer1RMS,7,2.0
spc,valve1__5,Accelerometer1RMS,8,3.0
spc,valve1__5,Accelerometer1RMS,9,1.0
spc,valve1__5,Accelerometer1RMS,10,1.0
spc,valve1__5,Accelerometer1RMS,11,2.0
spc,valve1__5,Accelerometer1RMS,12,1.0
spc,valve1__5,Accelerometer1RMS,13,0.0
spc,valve1__5,Accelerometer1RMS,14,2.0
spc,valve1__5,Accelerometer1RMS,15,2.0
spc,valve1__5,Accelerometer1RMS,16,2.0
spc,valve1__5,Accelerometer1RMS,17,1.0
spc,valve1__5,Accelerometer1RMS,18,1.0
spc,valve1__5,Accelerometer1RMS,19,0.0
spc,valve1__5,Accelerometer2RMS,0,0.0
spc,valve1__5,Accelerometer2RMS,1,1.0
spc,valve1__5,Accelerometer2RMS,2,3.0
spc,valve1__5,Accelerometer2RMS,3,0.0
spc,valve1__5,Accelerometer2RMS,4,1.0
spc,valve1__5,Accelerometer2RMS,5,0.0
spc,valve1__5,Accelerometer2RMS,6,1.0
spc,valve1__5,Accelerometer2RMS,7,0.0
spc,valve1__5,Accelerometer2RMS,8,0.0
spc,valve1__5,Accelerometer2RMS,9,1.0
spc,valve1__5,Accelerometer2RMS,10,1.0
spc,valve1__5,Accelerometer2RMS,11,0.0
spc,valve1__5,Accelerometer2RMS,12,0.0
spc,valve1__5,Accelerometer2RMS,13,0.0
spc,valve1__5,Accelerometer2RMS,14,1.0
spc,valve1__5,Accelerometer2RMS,15,0.0
spc,valve1__5,Accelerometer2RMS,16,0.0
spc,valve1__5,Accelerometer2RMS,17,0.0
spc,valve1__5,Accelerometer2RMS,18,0.0
spc,valve1__5,Accelerometer2RMS,19,0.0
spc,valve1__5,Current,0,2.0
spc,valve1__5,Current,1,1.0
spc,valve1__5,Current,2,2.0
spc,valve1__5,Current,3,1.0
spc,valve1__5,Current,4,2.0
spc,valve1__5,Current,5,2.0
spc,valve1__5,Current,6,1.0
spc,valve1__5,Current,7,3.0
spc,valve1__5,Current,8,1.0
spc,valve1__5,Current,9,2.0
spc,valve1__5,Current,10,0.0
spc,valve1__5,Current,11,1.0
spc,valve1__5,Current,12,2.0
spc,valve1__5,Current,13,3.0
spc,valve1__5,Current,14,2.0
spc,valve1__5,Current,15,0.0
spc,valve1__5,Current,16,1.0
spc,valve1__5,Current,17,2.0
spc,valve1__5,Current,18,0.0
spc,valve1__5,Current,19,2.0
spc,valve1__5,Temperature,0,1.0
spc,valve1__5,Temperature,1,3.0
spc,valve1__5,Temperature,2,3.0
spc,valve1__5,Temperature,3,3.0
spc,valve1__5,Temperature,4,40.0
spc,valve1__5,Temperature,5,57.0
spc,valve1__5,Temperature,6,22.0
spc,valve1__5,Temperature,7,2.0
spc,valve1__5,Temperature,8,0.0
spc,valve1__5,Temperature,9,3.0
spc,valve1__5,Temperature,10,1.0
spc,valve1__5,Temperature,11,2.0
spc,valve1__5,Temperature,12,0.0
spc,valve1__5,Temperature,13,2.0
spc,valve1__5,Temperature,14,2.0
spc,valve1__5,Temperature,15,0.0
spc,valve1__5,Temperature,16,2.0
spc,valve1__5,Temperature,17,1.0
spc,valve1__5,Temperature,18,2.0
spc,valve1__5,Temperature,19,3.0
spc,valve1__5,Thermocouple,0,1.0
spc,valve1__5,Thermocouple,1,3.0
spc,valve1__5,Thermocouple,2,4.0
spc,valve1__5,Thermocouple,3,13.0
spc,valve1__5,Thermocouple,4,7.0
spc,valve1__5,Thermocouple,5,40.0
spc,valve1__5,Thermocouple,6,36.0
spc,valve1__5,Thermocouple,7,41.0
spc,valve1__5,Thermocouple,8,35.0
spc,valve1__5,Thermocouple,9,12.0
spc,valve1__5,Thermocouple,10,57.0
spc,valve1__5,Thermocouple,11,58.0
spc,valve1__5,Thermocouple,12,59.0
spc,valve1__5,Thermocouple,13,59.0
spc,valve1__5,Thermocouple,14,59.0
spc,valve1__5,Thermocouple,15,60.0
spc,valve1__5,Thermocouple,16,58.0
spc,valve1__5,Thermocouple,17,59.0
spc,valve1__5,Thermocouple,18,59.0
spc,valve1__5,Thermocouple,19,59.0
spc,valve1__5,Voltage,0,0.0
spc,valve1__5,Voltage,1,5.0
spc,valve1__5,Voltage,2,6.0
spc,valve1__5,Voltage,3,5.0
spc,valve1__5,Voltage,4,1.0
spc,valve1__5,Voltage,5,3.0
spc,valve1__5,Voltage,6,3.0
spc,valve1__5,Voltage,7,6.0
spc,valve1__5,Voltage,8,2.0
spc,valve1__5,Voltage,9,2.0
spc,valve1__5,Voltage,10,2.0
spc,valve1__5,Voltage,11,3.0
spc,valve1__5,Voltage,12,2.0
spc,valve1__5,Voltage,13,2.0
spc,valve1__5,Voltage,14,3.0
spc,valve1__5,Voltage,15,3.0
spc,valve1__5,Voltage,16,2.0
spc,valve1__5,Voltage,17,5.0
spc,valve1__5,Voltage,18,3.0
spc,valve1__5,Voltage,19,3.0
screen,valve1__6,Accelerometer1RMS,0,1.931
screen,valve1__6,Accelerometer1RMS,1,2.1381
screen,valve1__6,Accelerometer1RMS,2,1.8712
screen,valve1__6,Accelerometer1RMS,3,2.1024
screen,valve1__6,Accelerometer1RMS,4,3.4507
screen,valve1__6,Accelerometer1RMS,5,2.0774
screen,valve1__6,Accelerometer1RMS,6,2.4834
screen,valve1__6,Accelerometer1RMS,7,2.6304
screen,valve1__6,Accelerometer1RMS,8,2.2297
screen,valve1__6,Accelerometer1RMS,9,1.9374
screen,valve1__6,Accelerometer1RMS,10,2.2087
screen,valve1__6,Accelerometer1RMS,11,1.5967
screen,valve1__6,Accelerometer1RMS,12,2.145
screen,valve1__6,Accelerometer1RMS,13,1.6966
screen,valve1__6,Accelerometer1RMS,14,2.2682
screen,valve1__6,Accelerometer1RMS,15,1.9764
screen,valve1__6,Accelerometer1RMS,16,2.3494
screen,valve1__6,Accelerometer1RMS,17,2.0371
screen,valve1__6,Accelerometer1RMS,18,2.2544
screen,valve1__6,Accelerometer1RMS,19,2.6138
screen,valve1__6,Accelerometer2RMS,0,2.3019
screen,valve1__6,Accelerometer2RMS,1,1.8665
screen,valve1__6,Accelerometer2RMS,2,2.1662
screen,valve1__6,Accelerometer2RMS,3,3.0713
screen,valve1__6,Accelerometer2RMS,4,3.0391
screen,valve1__6,Accelerometer2RMS,5,4.0305
screen,valve1__6,Accelerometer2RMS,6,4.7259
screen,valve1__6,Accelerometer2RMS,7,2.5079
screen,valve1__6,Accelerometer2RMS,8,1.8645
screen,valve1__6,Accelerometer2RMS,9,2.9726
screen,valve1__6,Accelerometer2RMS,10,2.6631
screen,valve1__6,Accelerometer2RMS,11,1.9334
screen,valve1__6,Accelerometer2RMS,12,3.365
screen,valve1__6,Accelerometer2RMS,13,2.6028
screen,valve1__6,Accelerometer2RMS,14,1.7872
screen,valve1__6,Accelerometer2RMS,15,2.7113
screen,valve1__6,Accelerometer2RMS,16,2.1217
screen,valve1__6,Accelerometer2RMS,17,2.2
screen,valve1__6,Accelerometer2RMS,18,1.861
screen,valve1__6,Accelerometer2RMS,19,2.0082
screen,valve1__6,Current,0,1.6074
screen,valve1__6,Current,1,1.6319
screen,valve1__6,Current,2,1.6074
screen,valve1__6,Current,3,1.1055
screen,valve1__6,Current,4,1.5856
screen,valve1__6,Current,5,1.6458
screen,valve1__6,Current,6,1.5949
screen,valve1__6,Current,7,1.58
screen,valve1__6,Current,8,1.7279
screen,valve1__6,Current,9,1.5912
screen,valve1__6,Current,10,1.5453
screen,valve1__6,Current,11,1.767
screen,valve1__6,Current,12,1.5797
screen,valve1__6,Current,13,1.6021
screen,valve1__6,Current,14,1.544
screen,valve1__6,Current,15,1.5547
screen,valve1__6,Current,16,1.4813
screen,valve1__6,Current,17,1.6356
screen,valve1__6,Current,18,1.6101
screen,valve1__6,Current,19,1.676
screen,valve1__6,Temperature,0,2.146
screen,valve1__6,Temperature,1,1.2872
screen,valve1__6,Temperature,2,2.6234
screen,valve1__6,Temperature,3,9.0966
screen,valve1__6,Temperature,4,16.7301
screen,valve1__6,Temperature,5,16.1606
screen,valve1__6,Temperature,6,12.1733
screen,valve1__6,Temperature,7,12.2751
screen,valve1__6,Temperature,8,12.3145
screen,valve1__6,Temperature,9,11.6384
screen,valve1__6,Temperature,10,11.7141
screen,valve1__6,Temperature,11,10.355
screen,valve1__6,Temperature,12,10.4376
screen,valve1__6,Temperature,13,9.9261
screen,valve1__6,Temperature,14,9.6304
screen,valve1__6,Temperature,15,9.1136
screen,valve1__6,Temperature,16,9.8339
screen,valve1__6,Temperature,17,9.4684
screen,valve1__6,Temperature,18,8.0918
screen,valve1__6,Temperature,19,8.2878
screen,valve1__6,Thermocouple,0,2.7955
screen,valve1__6,Thermocouple,1,1.8447
screen,valve1__6,Thermocouple,2,1.4953
screen,valve1__6,Thermocouple,3,1.5521
screen,valve1__6,Thermocouple,4,5.5341
screen,valve1__6,Thermocouple,5,1.7472
screen,valve1__6,Thermocouple,6,4.0388
screen,valve1__6,Thermocouple,7,4.4451
screen,valve1__6,Thermocouple,8,6.046
screen,valve1__6,Thermocouple,9,6.428
screen,valve1__6,Thermocouple,10,6.3792
screen,valve1__6,Thermocouple,11,6.5986
screen,valve1__6,Thermocouple,12,6.0542
screen,valve1__6,Thermocouple,13,8.3052
screen,valve1__6,Thermocouple,14,9.7842
screen,valve1__6,Thermocouple,15,9.4429
screen,valve1__6,Thermocouple,16,10.418
screen,valve1__6,Thermocouple,17,11.4907
screen,valve1__6,Thermocouple,18,11.8402
screen,valve1__6,Thermocouple,19,13.116
screen,valve1__6,Voltage,0,2.4124
screen,valve1__6,Voltage,1,2.4383
screen,valve1__6,Voltage,2,2.3993
screen,valve1__6,Voltage,3,2.468
screen,valve1__6,Voltage,4,2.4269
screen,valve1__6,Voltage,5,2.5069
screen,valve1__6,Voltage,6,2.3014
screen,valve1__6,Voltage,7,2.6167
screen,valve1__6,Voltage,8,2.1853
screen,valve1__6,Voltage,9,2.4519
screen,valve1__6,Voltage,10,2.39
screen,valve1__6,Voltage,11,2.4712
screen,valve1__6,Voltage,12,2.4849
screen,valve1__6,Voltage,13,2.4024
screen,valve1__6,Voltage,14,2.1527
screen,valve1__6,Voltage,15,2.3859
screen,valve1__6,Voltage,16,2.3611
screen,valve1__6,Voltage,17,2.1383
screen,valve1__6,Voltage,18,2.3191
screen,valve1__6,Voltage,19,2.4646
spc,valve1__6,Accelerometer1RMS,0,0.0
spc,valve1__6,Accelerometer1RMS,1,0.0
spc,valve1__6,Accelerometer1RMS,2,0.0
spc,valve1__6,Accelerometer1RMS,3,0.0
spc,valve1__6,Accelerometer1RMS,4,1.0
spc,valve1__6,Accelerometer1RMS,5,0.0
spc,valve1__6,Accelerometer1RMS,6,0.0
spc,valve1__6,Accelerometer1RMS,7,0.0
spc,valve1__6,Accelerometer1RMS,8,0.0
spc,valve1__6,Accelerometer1RMS,9,0.0
spc,valve1__6,Accelerometer1RMS,10,0.0
spc,valve1__6,Accelerometer1RMS,11,0.0
spc,valve1__6,Accelerometer1RMS,12,0.0
spc,valve1__6,Accelerometer1RMS,13,0.0
spc,valve1__6,Accelerometer1RMS,14,0.0
spc,valve1__6,Accelerometer1RMS,15,0.0
spc,valve1__6,Accelerometer1RMS,16,1.0
spc,valve1__6,Accelerometer1RMS,17,0.0
spc,valve1__6,Accelerometer1RMS,18,0.0
spc,valve1__6,Accelerometer1RMS,19,1.0
spc,valve1__6,Accelerometer2RMS,0,0.0
spc,valve1__6,Accelerometer2RMS,1,1.0
spc,valve1__6,Accelerometer2RMS,2,0.0
spc,valve1__6,Accelerometer2RMS,3,2.0
spc,valve1__6,Accelerometer2RMS,4,1.0
spc,valve1__6,Accelerometer2RMS,5,18.0
spc,valve1__6,Accelerometer2RMS,6,14.0
spc,valve1__6,Accelerometer2RMS,7,2.0
spc,valve1__6,Accelerometer2RMS,8,0.0
spc,valve1__6,Accelerometer2RMS,9,1.0
spc,valve1__6,Accelerometer2RMS,10,1.0
spc,valve1__6,Accelerometer2RMS,11,0.0
spc,valve1__6,Accelerometer2RMS,12,4.0
spc,valve1__6,Accelerometer2RMS,13,1.0
spc,valve1__6,Accelerometer2RMS,14,0.0
spc,valve1__6,Accelerometer2RMS,15,1.0
spc,valve1__6,Accelerometer2RMS,16,2.0
spc,valve1__6,Accelerometer2RMS,17,0.0
spc,valve1__6,Accelerometer2RMS,18,0.0
spc,valve1__6,Accelerometer2RMS,19,0.0
spc,valve1__6,Current,0,2.0
spc,valve1__6,Current,1,1.0
spc,valve1__6,Current,2,1.0
spc,valve1__6,Current,3,1.0
spc,valve1__6,Current,4,2.0
spc,valve1__6,Current,5,1.0
spc,valve1__6,Current,6,5.0
spc,valve1__6,Current,7,1.0
spc,valve1__6,Current,8,1.0
spc,valve1__6,Current,9,1.0
spc,valve1__6,Current,10,2.0
spc,valve1__6,Current,11,4.0
spc,valve1__6,Current,12,1.0
spc,valve1__6,Current,13,1.0
spc,valve1__6,Current,14,2.0
spc,valve1__6,Current,15,1.0
spc,valve1__6,Current,16,0.0
spc,valve1__6,Current,17,2.0
spc,valve1__6,Current,18,3.0
spc,valve1__6,Current,19,2.0
spc,valve1__6,Temperature,0,1.0
spc,valve1__6,Temperature,1,1.0
spc,valve1__6,Temperature,2,1.0
spc,valve1__6,Temperature,3,19.0
spc,valve1__6,Temperature,4,59.0
spc,valve1__6,Temperature,5,59.0
spc,valve1__6,Temperature,6,59.0
spc,valve1__6,Temperature,7,59.0
spc,valve1__6,Temperature,8,58.0
spc,valve1__6,Temperature,9,59.0
spc,valve1__6,Temperature,10,59.0
spc,valve1__6,Temperature,11,59.0
spc,valve1__6,Temperature,12,58.0
spc,valve1__6,Temperature,13,59.0
spc,valve1__6,Temperature,14,59.0
spc,valve1__6,Temperature,15,58.0
spc,valve1__6,Temperature,16,59.0
spc,valve1__6,Temperature,17,59.0
spc,valve1__6,Temperature,18,59.0
spc,valve1__6,Temperature,19,59.0
spc,valve1__6,Thermocouple,0,1.0
spc,valve1__6,Thermocouple,1,2.0
spc,valve1__6,Thermocouple,2,1.0
spc,valve1__6,Thermocouple,3,2.0
spc,valve1__6,Thermocouple,4,25.0
spc,valve1__6,Thermocouple,5,1.0
spc,valve1__6,Thermocouple,6,12.0
spc,valve1__6,Thermocouple,7,49.0
spc,valve1__6,Thermocouple,8,57.0
spc,valve1__6,Thermocouple,9,59.0
spc,valve1__6,Thermocouple,10,59.0
spc,valve1__6,Thermocouple,11,59.0
spc,valve1__6,Thermocouple,12,58.0
spc,valve1__6,Thermocouple,13,59.0
spc,valve1__6,Thermocouple,14,59.0
spc,valve1__6,Thermocouple,15,58.0
spc,valve1__6,Thermocouple,16,59.0
spc,valve1__6,Thermocouple,17,59.0
spc,valve1__6,Thermocouple,18,60.0
spc,valve1__6,Thermocouple,19,59.0
spc,valve1__6,Voltage,0,0.0
spc,valve1__6,Voltage,1,1.0
spc,valve1__6,Voltage,2,0.0
spc,valve1__6,Voltage,3,0.0
spc,valve1__6,Voltage,4,0.0
spc,valve1__6,Voltage,5,0.0
spc,valve1__6,Voltage,6,0.0
spc,valve1__6,Voltage,7,0.0
spc,valve1__6,Voltage,8,1.0
spc,valve1__6,Voltage,9,0.0
spc,valve1__6,Voltage,10,0.0
spc,valve1__6,Voltage,11,0.0
spc,valve1__6,Voltage,12,1.0
spc,valve1__6,Voltage,13,0.0
spc,valve1__6,Voltage,14,0.0
spc,valve1__6,Voltage,15,0.0
spc,valve1__6,Voltage,16,0.0
spc,valve1__6,Voltage,17,1.0
spc,valve1__6,Voltage,18,0.0
spc,valve1__6,Voltage,19,0.0
screen,valve1__7,Accelerometer1RMS,0,1.9511
screen,valve1__7,Accelerometer1RMS,1,1.9458
screen,valve1__7,Accelerometer1RMS,2,2.581
screen,valve1__7,Accelerometer1RMS,3,1.947
screen,valve1__7,Accelerometer1RMS,4,2.6637
screen,valve1__7,Accelerometer1RMS,5,2.1381
screen,valve1__7,Accelerometer1RMS,6,3.2051
screen,valve1__7,Accelerometer1RMS,7,2.3379
screen,valve1__7,Accelerometer1RMS,8,2.7057
screen,valve1__7,Accelerometer1RMS,9,2.03
screen,valve1__7,Accelerometer1RMS,10,2.3394
screen,valve1__7,Accelerometer1RMS,11,2.0195
screen,valve1__7,Accelerometer1RMS,12,2.8302
screen,valve1__7,Accelerometer1RMS,13,2.3282
screen,valve1__7,Accelerometer1RMS,14,2.9871
screen,valve1__7,Accelerometer1RMS,15,2.0026
screen,valve1__7,Accelerometer1RMS,16,2.8073
screen,valve1__7,Accelerometer1RMS,17,2.3649
screen,valve1__7,Accelerometer1RMS,18,2.8579
screen,valve1__7,Accelerometer1RMS,19,2.7184
screen,valve1__7,Accelerometer1RMS,20,0.2286
screen,valve1__7,Accelerometer2RMS,0,2.0295
screen,valve1__7,Accelerometer2RMS,1,2.594
screen,valve1__7,Accelerometer2RMS,2,2.3832
screen,valve1__7,Accelerometer2RMS,3,2.5626
screen,valve1__7,Accelerometer2RMS,4,2.7086
screen,valve1__7,Accelerometer2RMS,5,2.979
screen,valve1__7,Accelerometer2RMS,6,2.8595
screen,valve1__7,Accelerometer2RMS,7,2.5014
screen,valve1__7,Accelerometer2RMS,8,2.92
screen,valve1__7,Accelerometer2RMS,9,2.136
screen,valve1__7,Accelerometer2RMS,10,3.1396
screen,valve1__7,Accelerometer2RMS,11,1.8687
screen,valve1__7,Accelerometer2RMS,12,2.0906
screen,valve1__7,Accelerometer2RMS,13,2.4928
screen,valve1__7,Accelerometer2RMS,14,2.3756
screen,valve1__7,Accelerometer2RMS,15,2.2562
screen,valve1__7,Accelerometer2RMS,16,2.8087
screen,valve1__7,Accelerometer2RMS,17,2.4238
screen,valve1__7,Accelerometer2RMS,18,3.0553
screen,valve1__7,Accelerometer2RMS,19,3.3079
screen,valve1__7,Accelerometer2RMS,20,0.9826
screen,valve1__7,Current,0,1.7081
screen,valve1__7,Current,1,1.746
screen,valve1__7,Current,2,1.8257
screen,valve1__7,Current,3,1.8138
screen,valve1__7,Current,4,1.8941
screen,valve1__7,Current,5,1.6852
screen,valve1__7,Current,6,1.7284
screen,valve1__7,Current,7,1.8668
screen,valve1__7,Current,8,1.8921
screen,valve1__7,Current,9,1.8308
screen,valve1__7,Current,10,1.9255
screen,valve1__7,Current,11,1.8274
screen,valve1__7,Current,12,1.8964
screen,valve1__7,Current,13,1.7311
screen,valve1__7,Current,14,1.8935
screen,valve1__7,Current,15,1.8487
screen,valve1__7,Current,16,1.8843
screen,valve1__7,Current,17,1.7768
screen,valve1__7,Current,18,1.8355
screen,valve1__7,Current,19,1.9541
screen,valve1__7,Current,20,1.8158
screen,valve1__7,Pressure,0,1.349
screen,valve1__7,Pressure,1,1.349
screen,valve1__7,Pressure,2,1.349
screen,valve1__7,Pressure,3,1.349
screen,valve1__7,Pressure,4,1.349
screen,valve1__7,Pressure,5,1.349
screen,valve1__7,Pressure,6,0.6745
screen,valve1__7,Pressure,7,1.349
screen,valve1__7,Pressure,8,1.349
screen,valve1__7,Pressure,9,2.0235
screen,valve1__7,Pressure,10,1.349
screen,valve1__7,Pressure,11,2.0235
screen,valve1__7,Pressure,12,1.349
screen,valve1__7,Pressure,13,1.349
screen,valve1__7,Pressure,14,1.349
screen,valve1__7,Pressure,15,1.349
screen,valve1__7,Pressure,16,1.349
screen,valve1__7,Pressure,17,1.349
screen,valve1__7,Pressure,18,1.349
screen,valve1__7,Pressure,19,2.0235
screen,valve1__7,Pressure,20,0.0
screen,valve1__7,Temperature,0,2.2226
screen,valve1__7,Temperature,1,1.9473
screen,valve1__7,Temperature,2,1.5059
screen,valve1__7,Temperature,3,1.9771
screen,valve1__7,Temperature,4,2.989
screen,valve1__7,Temperature,5,2.1189
screen,valve1__7,Temperature,6,2.9675
screen,valve1__7,Temperature,7,2.8053
screen,valve1__7,Temperature,8,2.9239
screen,valve1__7,Temperature,9,3.6676
screen,valve1__7,Temperature,10,1.6566
screen,valve1__7,Temperature,11,2.3369
screen,valve1__7,Temperature,12,2.6646
screen,valve1__7,Temperature,13,1.4922
screen,valve1__7,Temperature,14,1.6875
screen,valve1__7,Temperature,15,2.5487
screen,valve1__7,Temperature,16,2.568
screen,valve1__7,Temperature,17,1.3151
screen,valve1__7,Temperature,18,1.9711
screen,valve1__7,Temperature,19,1.9159
screen,valve1__7,Temperature,20,0.0996
screen,valve1__7,Thermocouple,0,3.082
screen,valve1__7,Thermocouple,1,1.3349
screen,valve1__7,Thermocouple,2,1.3302
screen,valve1__7,Thermocouple,3,1.4567
screen,valve1__7,Thermocouple,4,2.4122
screen,valve1__7,Thermocouple,5,2.8385
screen,valve1__7,Thermocouple,6,3.3865
screen,valve1__7,Thermocouple,7,3.4661
screen,valve1__7,Thermocouple,8,3.6254
screen,valve1__7,Thermocouple,9,3.9486
screen,valve1__7,Thermocouple,10,4.4404
screen,valve1__7,Thermocouple,11,4.8198
screen,valve1__7,Thermocouple,12,3.8502
screen,valve1__7,Thermocouple,13,3.8783
screen,valve1__7,Thermocouple,14,4.6746
screen,valve1__7,Thermocouple,15,4.9978
screen,valve1__7,Thermocouple,16,5.0868
screen,valve1__7,Thermocouple,17,3.5832
screen,valve1__7,Thermocouple,18,4.9135
screen,valve1__7,Thermocouple,19,5.7098
screen,valve1__7,Thermocouple,20,5.3444
screen,valve1__7,Voltage,0,3.238
screen,valve1__7,Voltage,1,2.8832
screen,valve1__7,Voltage,2,3.1542
screen,valve1__7,Voltage,3,2.9318
screen,valve1__7,Voltage,4,3.2544
screen,valve1__7,Voltage,5,3.227
screen,valve1__7,Voltage,6,3.1547
screen,valve1__7,Voltage,7,2.998
screen,valve1__7,Voltage,8,2.9566
screen,valve1__7,Voltage,9,2.6769
screen,valve1__7,Voltage,10,3.193
screen,valve1__7,Voltage,11,3.0862
screen,valve1__7,Voltage,12,3.2145
screen,valve1__7,Voltage,13,3.2162
screen,valve1__7,Voltage,14,2.9109
screen,valve1__7,Voltage,15,2.7226
screen,valve1__7,Voltage,16,2.9926
screen,valve1__7,Voltage,17,3.0715
screen,valve1__7,Voltage,18,2.5223
screen,valve1__7,Voltage,19,2.8792
screen,valve1__7,Voltage,20,1.3494
screen,valve1__7,Volume Flow RateRMS,0,50.8134
screen,valve1__7,Volume Flow RateRMS,1,50.8134
screen,valve1__7,Volume Flow RateRMS,2,50.8134
screen,valve1__7,Volume Flow RateRMS,3,50.8134
screen,valve1__7,Volume Flow RateRMS,4,50.8134
screen,valve1__7,Volume Flow RateRMS,5,50.8134
screen,valve1__7,Volume Flow RateRMS,6,50.8134
screen,valve1__7,Volume Flow RateRMS,7,50.8134
screen,valve1__7,Volume Flow RateRMS,8,50.8134
screen,valve1__7,Volume Flow RateRMS,9,50.8134
screen,valve1__7,Volume Flow RateRMS,10,103.6502
screen,valve1__7,Volume Flow RateRMS,11,206.6259
screen,valve1__7,Volume Flow RateRMS,12,205.8947
screen,valve1__7,Volume Flow RateRMS,13,205.8844
screen,valve1__7,Volume Flow RateRMS,14,205.8844
screen,valve1__7,Volume Flow RateRMS,15,205.869
screen,valve1__7,Volume Flow RateRMS,16,205.869
screen,valve1__7,Volume Flow RateRMS,17,51.3952
screen,valve1__7,Volume Flow RateRMS,18,51.3952
screen,valve1__7,Volume Flow RateRMS,19,51.3952
screen,valve1__7,Volume Flow RateRMS,20,0.6745
spc,valve1__7,Accelerometer1RMS,0,0.0
spc,valve1__7,Accelerometer1RMS,1,0.0
spc,valve1__7,Accelerometer1RMS,2,0.0
spc,valve1__7,Accelerometer1RMS,3,0.0
spc,valve1__7,Accelerometer1RMS,4,0.0
spc,valve1__7,Accelerometer1RMS,5,0.0
spc,valve1__7,Accelerometer1RMS,6,1.0
spc,valve1__7,Accelerometer1RMS,7,0.0
spc,valve1__7,Accelerometer1RMS,8,0.0
spc,valve1__7,Accelerometer1RMS,9,0.0
spc,valve1__7,Accelerometer1RMS,10,1.0
spc,valve1__7,Accelerometer1RMS,11,0.0
spc,valve1__7,Accelerometer1RMS,12,1.0
spc,valve1__7,Accelerometer1RMS,13,1.0
spc,valve1__7,Accelerometer1RMS,14,1.0
spc,valve1__7,Accelerometer1RMS,15,0.0
spc,valve1__7,Accelerometer1RMS,16,0.0
spc,valve1__7,Accelerometer1RMS,17,1.0
spc,valve1__7,Accelerometer1RMS,18,1.0
spc,valve1__7,Accelerometer1RMS,19,1.0
spc,valve1__7,Accelerometer1RMS,20,0.0
spc,valve1__7,Accelerometer2RMS,0,0.0
spc,valve1__7,Accelerometer2RMS,1,0.0
spc,valve1__7,Accelerometer2RMS,2,1.0
spc,valve1__7,Accelerometer2RMS,3,0.0
spc,valve1__7,Accelerometer2RMS,4,0.0
spc,valve1__7,Accelerometer2RMS,5,0.0
spc,valve1__7,Accelerometer2RMS,6,0.0
spc,valve1__7,Accelerometer2RMS,7,0.0
spc,valve1__7,Accelerometer2RMS,8,1.0
spc,valve1__7,Accelerometer2RMS,9,0.0
spc,valve1__7,Accelerometer2RMS,10,1.0
spc,valve1__7,Accelerometer2RMS,11,0.0
spc,valve1__7,Accelerometer2RMS,12,0.0
spc,valve1__7,Accelerometer2RMS,13,1.0
spc,valve1__7,Accelerometer2RMS,14,1.0
spc,valve1__7,Accelerometer2RMS,15,0.0
spc,valve1__7,Accelerometer2RMS,16,0.0
spc,valve1__7,Accelerometer2RMS,17,0.0
spc,valve1__7,Accelerometer2RMS,18,3.0
spc,valve1__7,Accelerometer2RMS,19,3.0
spc,valve1__7,Accelerometer2RMS,20,0.0
spc,valve1__7,Current,0,2.0
spc,valve1__7,Current,1,1.0
spc,valve1__7,Current,2,2.0
spc,valve1__7,Current,3,3.0
spc,valve1__7,Current,4,1.0
spc,valve1__7,Current,5,1.0
spc,valve1__7,Current,6,2.0
spc,valve1__7,Current,7,1.0
spc,valve1__7,Current,8,2.0
spc,valve1__7,Current,9,3.0
spc,valve1__7,Current,10,1.0
spc,valve1__7,Current,11,1.0
spc,valve1__7,Current,12,2.0
spc,valve1__7,Current,13,1.0
spc,valve1__7,Current,14,0.0
spc,valve1__7,Current,15,3.0
spc,valve1__7,Current,16,3.0
spc,valve1__7,Current,17,0.0
spc,valve1__7,Current,18,1.0
spc,valve1__7,Current,19,4.0
spc,valve1__7,Current,20,0.0
spc,valve1__7,Pressure,0,0.0
spc,valve1__7,Pressure,1,0.0
spc,valve1__7,Pressure,2,0.0
spc,valve1__7,Pressure,3,0.0
spc,valve1__7,Pressure,4,0.0
spc,valve1__7,Pressure,5,0.0
spc,valve1__7,Pressure,6,0.0
spc,valve1__7,Pressure,7,0.0
spc,valve1__7,Pressure,8,0.0
spc,valve1__7,Pressure,9,0.0
spc,valve1__7,Pressure,10,0.0
spc,valve1__7,Pressure,11,0.0
spc,valve1__7,Pressure,12,0.0
spc,valve1__7,Pressure,13,0.0
spc,valve1__7,Pressure,14,0.0
spc,valve1__7,Pressure,15,0.0
spc,valve1__7,Pressure,16,0.0
spc,valve1__7,Pressure,17,0.0
spc,valve1__7,Pressure,18,0.0
spc,valve1__7,Pressure,19,0.0
spc,valve1__7,Pressure,20,0.0
spc,valve1__7,Temperature,0,3.0
spc,valve1__7,Temperature,1,3.0
spc,valve1__7,Temperature,2,0.0
spc,valve1__7,Temperature,3,2.0
spc,valve1__7,Temperature,4,1.0
spc,valve1__7,Temperature,5,1.0
spc,valve1__7,Temperature,6,1.0
spc,valve1__7,Temperature,7,2.0
spc,valve1__7,Temperature,8,2.0
spc,valve1__7,Temperature,9,6.0
spc,valve1__7,Temperature,10,2.0
spc,valve1__7,Temperature,11,2.0
spc,valve1__7,Temperature,12,1.0
spc,valve1__7,Temperature,13,2.0
spc,valve1__7,Temperature,14,4.0
spc,valve1__7,Temperature,15,1.0
spc,valve1__7,Temperature,16,1.0
spc,valve1__7,Temperature,17,2.0
spc,valve1__7,Temperature,18,2.0
spc,valve1__7,Temperature,19,3.0
spc,valve1__7,Temperature,20,0.0
spc,valve1__7,Thermocouple,0,3.0
spc,valve1__7,Thermocouple,1,5.0
spc,valve1__7,Thermocouple,2,1.0
spc,valve1__7,Thermocouple,3,1.0
spc,valve1__7,Thermocouple,4,1.0
spc,valve1__7,Thermocouple,5,1.0
spc,valve1__7,Thermocouple,6,14.0
spc,valve1__7,Thermocouple,7,8.0
spc,valve1__7,Thermocouple,8,28.0
spc,valve1__7,Thermocouple,9,25.0
spc,valve1__7,Thermocouple,10,50.0
spc,valve1__7,Thermocouple,11,59.0
spc,valve1__7,Thermocouple,12,44.0
spc,valve1__7,Thermocouple,13,35.0
spc,valve1__7,Thermocouple,14,60.0
spc,valve1__7,Thermocouple,15,59.0
spc,valve1__7,Thermocouple,16,59.0
spc,valve1__7,Thermocouple,17,18.0
spc,valve1__7,Thermocouple,18,35.0
spc,valve1__7,Thermocouple,19,59.0
spc,valve1__7,Thermocouple,20,1.0
spc,valve1__7,Voltage,0,1.0
spc,valve1__7,Voltage,1,0.0
spc,valve1__7,Voltage,2,3.0
spc,valve1__7,Voltage,3,0.0
spc,valve1__7,Voltage,4,4.0
spc,valve1__7,Voltage,5,6.0
spc,valve1__7,Voltage,6,1.0
spc,valve1__7,Voltage,7,0.0
spc,valve1__7,Voltage,8,0.0
spc,valve1__7,Voltage,9,0.0
spc,valve1__7,Voltage,10,2.0
spc,valve1__7,Voltage,11,3.0
spc,valve1__7,Voltage,12,1.0
spc,valve1__7,Voltage,13,2.0
spc,valve1__7,Voltage,14,0.0
spc,valve1__7,Voltage,15,1.0
spc,valve1__7,Voltage,16,0.0
spc,valve1__7,Voltage,17,1.0
spc,valve1__7,Voltage,18,0.0
spc,valve1__7,Voltage,19,0.0
spc,valve1__7,Voltage,20,0.0
spc,valve1__7,Volume Flow RateRMS,0,30.0
spc,valve1__7,Volume Flow RateRMS,1,31.0
spc,valve1__7,Volume Flow RateRMS,2,24.0
spc,valve1__7,Volume Flow RateRMS,3,28.0
spc,valve1__7,Volume Flow RateRMS,4,30.0
spc,valve1__7,Volume Flow RateRMS,5,33.0
spc,valve1__7,Volume Flow RateRMS,6,32.0
spc,valve1__7,Volume Flow RateRMS,7,32.0
spc,valve1__7,Volume Flow RateRMS,8,32.0
spc,valve1__7,Volume Flow RateRMS,9,24.0
spc,valve1__7,Volume Flow RateRMS,10,21.0
spc,valve1__7,Volume Flow RateRMS,11,59.0
spc,valve1__7,Volume Flow RateRMS,12,59.0
spc,valve1__7,Volume Flow RateRMS,13,59.0
spc,valve1__7,Volume Flow RateRMS,14,58.0
spc,valve1__7,Volume Flow RateRMS,15,59.0
spc,valve1__7,Volume Flow RateRMS,16,22.0
spc,valve1__7,Volume Flow RateRMS,17,4.0
spc,valve1__7,Volume Flow RateRMS,18,6.0
spc,valve1__7,Volume Flow RateRMS,19,16.0
spc,valve1__7,Volume Flow RateRMS,20,0.0
screen,valve1__8,Accelerometer1RMS,0,2.0958
screen,valve1__8,Accelerometer1RMS,1,1.9505
screen,valve1__8,Accelerometer1RMS,2,2.4154
screen,valve1__8,Accelerometer1RMS,3,1.8872
screen,valve1__8,Accelerometer1RMS,4,1.5749
screen,valve1__8,Accelerometer1RMS,5,2.49
screen,valve1__8,Accelerometer1RMS,6,2.4139
screen,valve1__8,Accelerometer1RMS,7,2.1926
screen,valve1__8,Accelerometer1RMS,8,2.1395
screen,valve1__8,Accelerometer1RMS,9,1.8701
screen,valve1__8,Accelerometer1RMS,10,1.8366
screen,valve1__8,Accelerometer1RMS,11,2.022
screen,valve1__8,Accelerometer1RMS,12,1.9087
screen,valve1__8,Accelerometer1RMS,13,1.781
screen,valve1__8,Accelerometer1RMS,14,2.4283
screen,valve1__8,Accelerometer1RMS,15,2.0789
screen,valve1__8,Accelerometer1RMS,16,2.1633
screen,valve1__8,Accelerometer1RMS,17,2.1123
screen,valve1__8,Accelerometer1RMS,18,2.2279
screen,valve1__8,Accelerometer1RMS,19,2.1478
screen,valve1__8,Accelerometer2RMS,0,2.7274
screen,valve1__8,Accelerometer2RMS,1,2.6599
screen,valve1__8,Accelerometer2RMS,2,2.442
screen,valve1__8,Accelerometer2RMS,3,2.2244
screen,valve1__8,Accelerometer2RMS,4,2.5557
screen,valve1__8,Accelerometer2RMS,5,2.8651
screen,valve1__8,Accelerometer2RMS,6,2.6913
screen,valve1__8,Accelerometer2RMS,7,2.251
screen,valve1__8,Accelerometer2RMS,8,2.2872
screen,valve1__8,Accelerometer2RMS,9,1.8426
screen,valve1__8,Accelerometer2RMS,10,2.3484
screen,valve1__8,Accelerometer2RMS,11,2.2977
screen,valve1__8,Accelerometer2RMS,12,2.6651
screen,valve1__8,Accelerometer2RMS,13,2.8637
screen,valve1__8,Accelerometer2RMS,14,3.6701
screen,valve1__8,Accelerometer2RMS,15,4.0042
screen,valve1__8,Accelerometer2RMS,16,3.5446
screen,valve1__8,Accelerometer2RMS,17,3.1176
screen,valve1__8,Accelerometer2RMS,18,3.3077
screen,valve1__8,Accelerometer2RMS,19,3.7162
screen,valve1__8,Current,0,1.6335
screen,valve1__8,Current,1,2.0574
screen,valve1__8,Current,2,1.8838
screen,valve1__8,Current,3,1.6105
screen,valve1__8,Current,4,1.9235
screen,valve1__8,Current,5,2.0371
screen,valve1__8,Current,6,2.1277
screen,valve1__8,Current,7,1.8125
screen,valve1__8,Current,8,1.8707
screen,valve1__8,Current,9,1.9032
screen,valve1__8,Current,10,1.8881
screen,valve1__8,Current,11,2.0637
screen,valve1__8,Current,12,1.9361
screen,valve1__8,Current,13,1.7975
screen,valve1__8,Current,14,1.898
screen,valve1__8,Current,15,1.8283
screen,valve1__8,Current,16,1.8899
screen,valve1__8,Current,17,1.9463
screen,valve1__8,Current,18,1.8723
screen,valve1__8,Current,19,1.7202
screen,valve1__8,Temperature,0,2.1404
screen,valve1__8,Temperature,1,1.7285
screen,valve1__8,Temperature,2,2.744
screen,valve1__8,Temperature,3,3.9479
screen,valve1__8,Temperature,4,1.5154
screen,valve1__8,Temperature,5,3.4756
screen,valve1__8,Temperature,6,4.1466
screen,valve1__8,Temperature,7,4.3295
screen,valve1__8,Temperature,8,3.9748
screen,valve1__8,Temperature,9,4.641
screen,valve1__8,Temperature,10,4.8809
screen,valve1__8,Temperature,11,6.3578
screen,valve1__8,Temperature,12,7.0096
screen,valve1__8,Temperature,13,6.7428
screen,valve1__8,Temperature,14,7.4978
screen,valve1__8,Temperature,15,8.3057
screen,valve1__8,Temperature,16,7.7508
screen,valve1__8,Temperature,17,8.0162
screen,valve1__8,Temperature,18,8.6206
screen,valve1__8,Temperature,19,7.9674
screen,valve1__8,Thermocouple,0,2.2139
screen,valve1__8,Thermocouple,1,2.6821
screen,valve1__8,Thermocouple,2,3.5708
screen,valve1__8,Thermocouple,3,1.2776
screen,valve1__8,Thermocouple,4,1.9124
screen,valve1__8,Thermocouple,5,2.3091
screen,valve1__8,Thermocouple,6,1.2379
screen,valve1__8,Thermocouple,7,1.3093
screen,valve1__8,Thermocouple,8,3.3804
screen,valve1__8,Thermocouple,9,2.3329
screen,valve1__8,Thermocouple,10,2.9281
screen,valve1__8,Thermocouple,11,2.8963
screen,valve1__8,Thermocouple,12,1.9044
screen,valve1__8,Thermocouple,13,3.2217
screen,valve1__8,Thermocouple,14,2.0552
screen,valve1__8,Thermocouple,15,2.0949
screen,valve1__8,Thermocouple,16,3.3804
screen,valve1__8,Thermocouple,17,3.2931
screen,valve1__8,Thermocouple,18,3.1185
screen,valve1__8,Thermocouple,19,2.8805
screen,valve1__8,Voltage,0,2.3655
screen,valve1__8,Voltage,1,2.5471
screen,valve1__8,Voltage,2,2.7045
screen,valve1__8,Voltage,3,2.519
screen,valve1__8,Voltage,4,2.6535
screen,valve1__8,Voltage,5,2.3238
screen,valve1__8,Voltage,6,2.8194
screen,valve1__8,Voltage,7,2.5773
screen,valve1__8,Voltage,8,2.7395
screen,valve1__8,Voltage,9,2.655
screen,valve1__8,Voltage,10,2.7361
screen,valve1__8,Voltage,11,2.8937
screen,valve1__8,Voltage,12,2.7728
screen,valve1__8,Voltage,13,2.3871
screen,valve1__8,Voltage,14,2.664
screen,valve1__8,Voltage,15,2.4256
screen,valve1__8,Voltage,16,2.8464
screen,valve1__8,Voltage,17,2.4449
screen,valve1__8,Voltage,18,2.5727
screen,valve1__8,Voltage,19,2.7768
spc,valve1__8,Accelerometer1RMS,0,0.0
spc,valve1__8,Accelerometer1RMS,1,0.0
spc,valve1__8,Accelerometer1RMS,2,0.0
spc,valve1__8,Accelerometer1RMS,3,0.0
spc,valve1__8,Accelerometer1RMS,4,0.0
spc,valve1__8,Accelerometer1RMS,5,0.0
spc,valve1__8,Accelerometer1RMS,6,0.0
spc,valve1__8,Accelerometer1RMS,7,0.0
spc,valve1__8,Accelerometer1RMS,8,0.0
spc,valve1__8,Accelerometer1RMS,9,0.0
spc,valve1__8,Accelerometer1RMS,10,1.0
spc,valve1__8,Accelerometer1RMS,11,0.0
spc,valve1__8,Accelerometer1RMS,12,0.0
spc,valve1__8,Accelerometer1RMS,13,0.0
spc,valve1__8,Accelerometer1RMS,14,0.0
spc,valve1__8,Accelerometer1RMS,15,0.0
spc,valve1__8,Accelerometer1RMS,16,0.0
spc,valve1__8,Accelerometer1RMS,17,0.0
spc,valve1__8,Accelerometer1RMS,18,0.0
spc,valve1__8,Accelerometer1RMS,19,1.0
spc,valve1__8,Accelerometer2RMS,0,1.0
spc,valve1__8,Accelerometer2RMS,1,0.0
spc,valve1__8,Accelerometer2RMS,2,0.0
spc,valve1__8,Accelerometer2RMS,3,1.0
spc,valve1__8,Accelerometer2RMS,4,2.0
spc,valve1__8,Accelerometer2RMS,5,2.0
spc,valve1__8,Accelerometer2RMS,6,2.0
spc,valve1__8,Accelerometer2RMS,7,2.0
spc,valve1__8,Accelerometer2RMS,8,0.0
spc,valve1__8,Accelerometer2RMS,9,0.0
spc,valve1__8,Accelerometer2RMS,10,1.0
spc,valve1__8,Accelerometer2RMS,11,0.0
spc,valve1__8,Accelerometer2RMS,12,1.0
spc,valve1__8,Accelerometer2RMS,13,2.0
spc,valve1__8,Accelerometer2RMS,14,9.0
spc,valve1__8,Accelerometer2RMS,15,6.0
spc,valve1__8,Accelerometer2RMS,16,9.0
spc,valve1__8,Accelerometer2RMS,17,3.0
spc,valve1__8,Accelerometer2RMS,18,3.0
spc,valve1__8,Accelerometer2RMS,19,10.0
spc,valve1__8,Current,0,1.0
spc,valve1__8,Current,1,2.0
spc,valve1__8,Current,2,2.0
spc,valve1__8,Current,3,2.0
spc,valve1__8,Current,4,3.0
spc,valve1__8,Current,5,1.0
spc,valve1__8,Current,6,2.0
spc,valve1__8,Current,7,1.0
spc,valve1__8,Current,8,2.0
spc,valve1__8,Current,9,2.0
spc,valve1__8,Current,10,0.0
spc,valve1__8,Current,11,1.0
spc,valve1__8,Current,12,2.0
spc,valve1__8,Current,13,1.0
spc,valve1__8,Current,14,0.0
spc,valve1__8,Current,15,0.0
spc,valve1__8,Current,16,1.0
spc,valve1__8,Current,17,1.0
spc,valve1__8,Current,18,2.0
spc,valve1__8,Current,19,1.0
spc,valve1__8,Temperature,0,0.0
spc,valve1__8,Temperature,1,2.0
spc,valve1__8,Temperature,2,2.0
spc,valve1__8,Temperature,3,11.0
spc,valve1__8,Temperature,4,1.0
spc,valve1__8,Temperature,5,8.0
spc,valve1__8,Temperature,6,15.0
spc,valve1__8,Temperature,7,10.0
spc,valve1__8,Temperature,8,6.0
spc,valve1__8,Temperature,9,42.0
spc,valve1__8,Temperature,10,21.0
spc,valve1__8,Temperature,11,35.0
spc,valve1__8,Temperature,12,60.0
spc,valve1__8,Temperature,13,58.0
spc,valve1__8,Temperature,14,58.0
spc,valve1__8,Temperature,15,58.0
spc,valve1__8,Temperature,16,58.0
spc,valve1__8,Temperature,17,59.0
spc,valve1__8,Temperature,18,58.0
spc,valve1__8,Temperature,19,57.0
spc,valve1__8,Thermocouple,0,1.0
spc,valve1__8,Thermocouple,1,1.0
spc,valve1__8,Thermocouple,2,3.0
spc,valve1__8,Thermocouple,3,0.0
spc,valve1__8,Thermocouple,4,1.0
spc,valve1__8,Thermocouple,5,1.0
spc,valve1__8,Thermocouple,6,1.0
spc,valve1__8,Thermocouple,7,3.0
spc,valve1__8,Thermocouple,8,2.0
spc,valve1__8,Thermocouple,9,1.0
spc,valve1__8,Thermocouple,10,1.0
spc,valve1__8,Thermocouple,11,1.0
spc,valve1__8,Thermocouple,12,2.0
spc,valve1__8,Thermocouple,13,2.0
spc,valve1__8,Thermocouple,14,1.0
spc,valve1__8,Thermocouple,15,2.0
spc,valve1__8,Thermocouple,16,3.0
spc,valve1__8,Thermocouple,17,4.0
spc,valve1__8,Thermocouple,18,4.0
spc,valve1__8,Thermocouple,19,1.0
spc,valve1__8,Voltage,0,0.0
spc,valve1__8,Voltage,1,0.0
spc,valve1__8,Voltage,2,0.0
spc,valve1__8,Voltage,3,1.0
spc,valve1__8,Voltage,4,0.0
spc,valve1__8,Voltage,5,0.0
spc,valve1__8,Voltage,6,0.0
spc,valve1__8,Voltage,7,0.0
spc,valve1__8,Voltage,8,0.0
spc,valve1__8,Voltage,9,0.0
spc,valve1__8,Voltage,10,0.0
spc,valve1__8,Voltage,11,1.0
spc,valve1__8,Voltage,12,1.0
spc,valve1__8,Voltage,13,0.0
spc,valve1__8,Voltage,14,0.0
spc,valve1__8,Voltage,15,0.0
spc,valve1__8,Voltage,16,0.0
spc,valve1__8,Voltage,17,1.0
spc,valve1__8,Voltage,18,1.0
spc,valve1__8,Voltage,19,1.0
screen,valve1__9,Accelerometer1RMS,0,1.8115
screen,valve1__9,Accelerometer1RMS,1,1.6038
screen,valve1__9,Accelerometer1RMS,2,1.9536
screen,valve1__9,Accelerometer1RMS,3,2.2792
screen,valve1__9,Accelerometer1RMS,4,1.9084
screen,valve1__9,Accelerometer1RMS,5,2.0336
screen,valve1__9,Accelerometer1RMS,6,2.0341
screen,valve1__9,Accelerometer1RMS,7,1.948
screen,valve1__9,Accelerometer1RMS,8,2.5046
screen,valve1__9,Accelerometer1RMS,9,2.0782
screen,valve1__9,Accelerometer1RMS,10,1.8464
screen,valve1__9,Accelerometer1RMS,11,1.5977
screen,valve1__9,Accelerometer1RMS,12,1.7229
screen,valve1__9,Accelerometer1RMS,13,1.945
screen,valve1__9,Accelerometer1RMS,14,2.2364
screen,valve1__9,Accelerometer1RMS,15,1.692
screen,valve1__9,Accelerometer1RMS,16,1.9127
screen,valve1__9,Accelerometer1RMS,17,1.5546
screen,valve1__9,Accelerometer1RMS,18,2.7493
screen,valve1__9,Accelerometer1RMS,19,3.1603
screen,valve1__9,Accelerometer1RMS,20,0.3667
screen,valve1__9,Accelerometer2RMS,0,2.1405
screen,valve1__9,Accelerometer2RMS,1,1.9367
screen,valve1__9,Accelerometer2RMS,2,2.2409
screen,valve1__9,Accelerometer2RMS,3,2.0315
screen,valve1__9,Accelerometer2RMS,4,2.1012
screen,valve1__9,Accelerometer2RMS,5,2.8525
screen,valve1__9,Accelerometer2RMS,6,3.0174
screen,valve1__9,Accelerometer2RMS,7,3.2435
screen,valve1__9,Accelerometer2RMS,8,3.0653
screen,valve1__9,Accelerometer2RMS,9,2.6804
screen,valve1__9,Accelerometer2RMS,10,2.9804
screen,valve1__9,Accelerometer2RMS,11,3.5453
screen,valve1__9,Accelerometer2RMS,12,2.4923
screen,valve1__9,Accelerometer2RMS,13,3.4603
screen,valve1__9,Accelerometer2RMS,14,2.8551
screen,valve1__9,Accelerometer2RMS,15,2.4251
screen,valve1__9,Accelerometer2RMS,16,2.8621
screen,valve1__9,Accelerometer2RMS,17,2.466
screen,valve1__9,Accelerometer2RMS,18,2.7869
screen,valve1__9,Accelerometer2RMS,19,3.2249
screen,valve1__9,Accelerometer2RMS,20,0.3559
screen,valve1__9,Current,0,1.6861
screen,valve1__9,Current,1,1.6334
screen,valve1__9,Current,2,1.6335
screen,valve1__9,Current,3,1.6634
screen,valve1__9,Current,4,1.6055
screen,valve1__9,Current,5,1.5576
screen,valve1__9,Current,6,1.6678
screen,valve1__9,Current,7,1.6374
screen,valve1__9,Current,8,1.5815
screen,valve1__9,Current,9,1.5781
screen,valve1__9,Current,10,1.7967
screen,valve1__9,Current,11,1.5779
screen,valve1__9,Current,12,1.7662
screen,valve1__9,Current,13,1.6302
screen,valve1__9,Current,14,1.7023
screen,valve1__9,Current,15,1.6323
screen,valve1__9,Current,16,1.5532
screen,valve1__9,Current,17,1.7099
screen,valve1__9,Current,18,1.4892
screen,valve1__9,Current,19,1.636
screen,valve1__9,Current,20,0.2468
screen,valve1__9,Temperature,0,3.6532
screen,valve1__9,Temperature,1,1.7239
screen,valve1__9,Temperature,2,1.9767
screen,valve1__9,Temperature,3,1.5527
screen,valve1__9,Temperature,4,1.7838
screen,valve1__9,Temperature,5,2.706
screen,valve1__9,Temperature,6,2.642
screen,valve1__9,Temperature,7,5.4096
screen,valve1__9,Temperature,8,7.3321
screen,valve1__9,Temperature,9,7.2322
screen,valve1__9,Temperature,10,8.2714
screen,valve1__9,Temperature,11,8.5025
screen,valve1__9,Temperature,12,6.3055
screen,valve1__9,Temperature,13,3.7491
screen,valve1__9,Temperature,14,5.7343
screen,valve1__9,Temperature,15,6.0544
screen,valve1__9,Temperature,16,8.014
screen,valve1__9,Temperature,17,7.3486
screen,valve1__9,Temperature,18,5.837
screen,valve1__9,Temperature,19,10.1236
screen,valve1__9,Temperature,20,7.3543
screen,valve1__9,Thermocouple,0,1.9711
screen,valve1__9,Thermocouple,1,1.5192
screen,valve1__9,Thermocouple,2,2.4426
screen,valve1__9,Thermocouple,3,2.7504
screen,valve1__9,Thermocouple,4,2.8093
screen,valve1__9,Thermocouple,5,4.3744
screen,valve1__9,Thermocouple,6,3.7195
screen,valve1__9,Thermocouple,7,4.8
screen,valve1__9,Thermocouple,8,4.8393
screen,valve1__9,Thermocouple,9,3.1629
screen,valve1__9,Thermocouple,10,4.6887
screen,valve1__9,Thermocouple,11,3.9749
screen,valve1__9,Thermocouple,12,4.2761
screen,valve1__9,Thermocouple,13,5.0358
screen,valve1__9,Thermocouple,14,5.7823
screen,valve1__9,Thermocouple,15,3.4248
screen,valve1__9,Thermocouple,16,6.3913
screen,valve1__9,Thermocouple,17,6.83
screen,valve1__9,Thermocouple,18,7.367
screen,valve1__9,Thermocouple,19,5.7757
screen,valve1__9,Thermocouple,20,3.654
screen,valve1__9,Voltage,0,2.2304
screen,valve1__9,Voltage,1,2.2296
screen,valve1__9,Voltage,2,2.4432
screen,valve1__9,Voltage,3,2.2869
screen,valve1__9,Voltage,4,2.1165
screen,valve1__9,Voltage,5,2.421
screen,valve1__9,Voltage,6,2.3674
screen,valve1__9,Voltage,7,2.3005
screen,valve1__9,Voltage,8,2.2294
screen,valve1__9,Voltage,9,2.4058
screen,valve1__9,Voltage,10,2.4577
screen,valve1__9,Voltage,11,2.3089
screen,valve1__9,Voltage,12,2.5756
screen,valve1__9,Voltage,13,2.3538
screen,valve1__9,Voltage,14,2.3426
screen,valve1__9,Voltage,15,2.5766
screen,valve1__9,Voltage,16,2.5212
screen,valve1__9,Voltage,17,2.3536
screen,valve1__9,Voltage,18,2.3288
screen,valve1__9,Voltage,19,2.4006
screen,valve1__9,Voltage,20,0.0729
spc,valve1__9,Accelerometer1RMS,0,0.0
spc,valve1__9,Accelerometer1RMS,1,0.0
spc,valve1__9,Accelerometer1RMS,2,0.0
spc,valve1__9,Accelerometer1RMS,3,0.0
spc,valve1__9,Accelerometer1RMS,4,0.0
spc,valve1__9,Accelerometer1RMS,5,0.0
spc,valve1__9,Accelerometer1RMS,6,0.0
spc,valve1__9,Accelerometer1RMS,7,0.0
spc,valve1__9,Accelerometer1RMS,8,0.0
spc,valve1__9,Accelerometer1RMS,9,0.0
spc,valve1__9,Accelerometer1RMS,10,0.0
spc,valve1__9,Accelerometer1RMS,11,0.0
spc,valve1__9,Accelerometer1RMS,12,0.0
spc,valve1__9,Accelerometer1RMS,13,0.0
spc,valve1__9,Accelerometer1RMS,14,0.0
spc,valve1__9,Accelerometer1RMS,15,0.0
spc,valve1__9,Accelerometer1RMS,16,0.0
spc,valve1__9,Accelerometer1RMS,17,0.0
spc,valve1__9,Accelerometer1RMS,18,0.0
spc,valve1__9,Accelerometer1RMS,19,1.0
spc,valve1__9,Accelerometer1RMS,20,0.0
spc,valve1__9,Accelerometer2RMS,0,0.0
spc,valve1__9,Accelerometer2RMS,1,1.0
spc,valve1__9,Accelerometer2RMS,2,0.0
spc,valve1__9,Accelerometer2RMS,3,0.0
spc,valve1__9,Accelerometer2RMS,4,0.0
spc,valve1__9,Accelerometer2RMS,5,0.0
spc,valve1__9,Accelerometer2RMS,6,3.0
spc,valve1__9,Accelerometer2RMS,7,6.0
spc,valve1__9,Accelerometer2RMS,8,3.0
spc,valve1__9,Accelerometer2RMS,9,1.0
spc,valve1__9,Accelerometer2RMS,10,0.0
spc,valve1__9,Accelerometer2RMS,11,5.0
spc,valve1__9,Accelerometer2RMS,12,2.0
spc,valve1__9,Accelerometer2RMS,13,3.0
spc,valve1__9,Accelerometer2RMS,14,2.0
spc,valve1__9,Accelerometer2RMS,15,2.0
spc,valve1__9,Accelerometer2RMS,16,2.0
spc,valve1__9,Accelerometer2RMS,17,1.0
spc,valve1__9,Accelerometer2RMS,18,2.0
spc,valve1__9,Accelerometer2RMS,19,3.0
spc,valve1__9,Accelerometer2RMS,20,0.0
spc,valve1__9,Current,0,2.0
spc,valve1__9,Current,1,3.0
spc,valve1__9,Current,2,0.0
spc,valve1__9,Current,3,1.0
spc,valve1__9,Current,4,1.0
spc,valve1__9,Current,5,1.0
spc,valve1__9,Current,6,2.0
spc,valve1__9,Current,7,1.0
spc,valve1__9,Current,8,0.0
spc,valve1__9,Current,9,0.0
spc,valve1__9,Current,10,0.0
spc,valve1__9,Current,11,2.0
spc,valve1__9,Current,12,2.0
spc,valve1__9,Current,13,1.0
spc,valve1__9,Current,14,1.0
spc,valve1__9,Current,15,1.0
spc,valve1__9,Current,16,3.0
spc,valve1__9,Current,17,1.0
spc,valve1__9,Current,18,1.0
spc,valve1__9,Current,19,2.0
spc,valve1__9,Current,20,0.0
spc,valve1__9,Temperature,0,2.0
spc,valve1__9,Temperature,1,1.0
spc,valve1__9,Temperature,2,0.0
spc,valve1__9,Temperature,3,1.0
spc,valve1__9,Temperature,4,2.0
spc,valve1__9,Temperature,5,1.0
spc,valve1__9,Temperature,6,3.0
spc,valve1__9,Temperature,7,16.0
spc,valve1__9,Temperature,8,58.0
spc,valve1__9,Temperature,9,59.0
spc,valve1__9,Temperature,10,58.0
spc,valve1__9,Temperature,11,59.0
spc,valve1__9,Temperature,12,25.0
spc,valve1__9,Temperature,13,8.0
spc,valve1__9,Temperature,14,54.0
spc,valve1__9,Temperature,15,58.0
spc,valve1__9,Temperature,16,59.0
spc,valve1__9,Temperature,17,58.0
spc,valve1__9,Temperature,18,21.0
spc,valve1__9,Temperature,19,59.0
spc,valve1__9,Temperature,20,1.0
spc,valve1__9,Thermocouple,0,1.0
spc,valve1__9,Thermocouple,1,1.0
spc,valve1__9,Thermocouple,2,2.0
spc,valve1__9,Thermocouple,3,1.0
spc,valve1__9,Thermocouple,4,1.0
spc,valve1__9,Thermocouple,5,42.0
spc,valve1__9,Thermocouple,6,24.0
spc,valve1__9,Thermocouple,7,38.0
spc,valve1__9,Thermocouple,8,56.0
spc,valve1__9,Thermocouple,9,5.0
spc,valve1__9,Thermocouple,10,47.0
spc,valve1__9,Thermocouple,11,14.0
spc,valve1__9,Thermocouple,12,40.0
spc,valve1__9,Thermocouple,13,57.0
spc,valve1__9,Thermocouple,14,29.0
spc,valve1__9,Thermocouple,15,14.0
spc,valve1__9,Thermocouple,16,60.0
spc,valve1__9,Thermocouple,17,58.0
spc,valve1__9,Thermocouple,18,58.0
spc,valve1__9,Thermocouple,19,44.0
spc,valve1__9,Thermocouple,20,1.0
spc,valve1__9,Voltage,0,0.0
spc,valve1__9,Voltage,1,1.0
spc,valve1__9,Voltage,2,0.0
spc,valve1__9,Voltage,3,0.0
spc,valve1__9,Voltage,4,0.0
spc,valve1__9,Voltage,5,0.0
spc,valve1__9,Voltage,6,0.0
spc,valve1__9,Voltage,7,0.0
spc,valve1__9,Voltage,8,0.0
spc,valve1__9,Voltage,9,0.0
spc,valve1__9,Voltage,10,0.0
spc,valve1__9,Voltage,11,0.0
spc,valve1__9,Voltage,12,2.0
spc,valve1__9,Voltage,13,0.0
spc,valve1__9,Voltage,14,0.0
spc,valve1__9,Voltage,15,0.0
spc,valve1__9,Voltage,16,0.0
spc,valve1__9,Voltage,17,0.0
spc,valve1__9,Voltage,18,1.0
spc,valve1__9,Voltage,19,0.0
spc,valve1__9,Voltage,20,0.0
screen,valve2__0,Accelerometer1RMS,0,1.9063
screen,valve2__0,Accelerometer1RMS,1,2.0199
screen,valve2__0,Accelerometer1RMS,2,2.164
screen,valve2__0,Accelerometer1RMS,3,2.4313
screen,valve2__0,Accelerometer1RMS,4,2.395
screen,valve2__0,Accelerometer1RMS,5,1.9384
screen,valve2__0,Accelerometer1RMS,6,2.1454
screen,valve2__0,Accelerometer1RMS,7,2.4849
screen,valve2__0,Accelerometer1RMS,8,2.6917
screen,valve2__0,Accelerometer1RMS,9,2.659
screen,valve2__0,Accelerometer1RMS,10,9.4471
screen,valve2__0,Accelerometer1RMS,11,2.431
screen,valve2__0,Accelerometer1RMS,12,3.6463
screen,valve2__0,Accelerometer1RMS,13,3.2805
screen,valve2__0,Accelerometer1RMS,14,2.689
screen,valve2__0,Accelerometer1RMS,15,2.5718
screen,valve2__0,Accelerometer1RMS,16,2.982
screen,valve2__0,Accelerometer1RMS,17,3.5465
screen,valve2__0,Accelerometer1RMS,18,2.4295
screen,valve2__0,Accelerometer1RMS,19,3.4333
screen,valve2__0,Accelerometer2RMS,0,2.1595
screen,valve2__0,Accelerometer2RMS,1,1.3821
screen,valve2__0,Accelerometer2RMS,2,2.2339
screen,valve2__0,Accelerometer2RMS,3,2.2828
screen,valve2__0,Accelerometer2RMS,4,1.9086
screen,valve2__0,Accelerometer2RMS,5,1.7765
screen,valve2__0,Accelerometer2RMS,6,1.2382
screen,valve2__0,Accelerometer2RMS,7,1.8101
screen,valve2__0,Accelerometer2RMS,8,1.7624
screen,valve2__0,Accelerometer2RMS,9,2.0508
screen,valve2__0,Accelerometer2RMS,10,1.7205
screen,valve2__0,Accelerometer2RMS,11,1.532
screen,valve2__0,Accelerometer2RMS,12,2.1742
screen,valve2__0,Accelerometer2RMS,13,2.0902
screen,valve2__0,Accelerometer2RMS,14,1.8101
screen,valve2__0,Accelerometer2RMS,15,1.8864
screen,valve2__0,Accelerometer2RMS,16,1.7491
screen,valve2__0,Accelerometer2RMS,17,2.2516
screen,valve2__0,Accelerometer2RMS,18,2.1469
screen,valve2__0,Accelerometer2RMS,19,2.544
screen,valve2__0,Current,0,1.8525
screen,valve2__0,Current,1,1.73
screen,valve2__0,Current,2,1.5219
screen,valve2__0,Current,3,1.6286
screen,valve2__0,Current,4,1.7848
screen,valve2__0,Current,5,1.6796
screen,valve2__0,Current,6,1.567
screen,valve2__0,Current,7,1.5982
screen,valve2__0,Current,8,1.7169
screen,valve2__0,Current,9,1.6044
screen,valve2__0,Current,10,1.7332
screen,valve2__0,Current,11,1.6649
screen,valve2__0,Current,12,1.4955
screen,valve2__0,Current,13,1.8002
screen,valve2__0,Current,14,1.5701
screen,valve2__0,Current,15,1.6879
screen,valve2__0,Current,16,1.7193
screen,valve2__0,Current,17,1.6779
screen,valve2__0,Current,18,1.6756
screen,valve2__0,Current,19,1.7839
screen,valve2__0,Temperature,0,4.143
screen,valve2__0,Temperature,1,2.0731
screen,valve2__0,Temperature,2,2.362
screen,valve2__0,Temperature,3,3.3129
screen,valve2__0,Temperature,4,4.1015
screen,valve2__0,Temperature,5,3.8988
screen,valve2__0,Temperature,6,4.8144
screen,valve2__0,Temperature,7,6.6116
screen,valve2__0,Temperature,8,4.4549
screen,valve2__0,Temperature,9,6.3829
screen,valve2__0,Temperature,10,7.3555
screen,valve2__0,Temperature,11,6.0642
screen,valve2__0,Temperature,12,7.2942
screen,valve2__0,Temperature,13,8.2445
screen,valve2__0,Temperature,14,16.1865
screen,valve2__0,Temperature,15,25.144
screen,valve2__0,Temperature,16,23.5222
screen,valve2__0,Temperature,17,17.8201
screen,valve2__0,Temperature,18,15.4525
screen,valve2__0,Temperature,19,13.0137
screen,valve2__0,Thermocouple,0,1.1049
screen,valve2__0,Thermocouple,1,1.9014
screen,valve2__0,Thermocouple,2,1.9914
screen,valve2__0,Thermocouple,3,3.077
screen,valve2__0,Thermocouple,4,1.9207
screen,valve2__0,Thermocouple,5,1.6124
screen,valve2__0,Thermocouple,6,1.4132
screen,valve2__0,Thermocouple,7,1.6445
screen,valve2__0,Thermocouple,8,1.7922
screen,valve2__0,Thermocouple,9,2.5117
screen,valve2__0,Thermocouple,10,2.7108
screen,valve2__0,Thermocouple,11,1.5481
screen,valve2__0,Thermocouple,12,3.7771
screen,valve2__0,Thermocouple,13,4.1433
screen,valve2__0,Thermocouple,14,4.6122
screen,valve2__0,Thermocouple,15,5.4987
screen,valve2__0,Thermocouple,16,5.8713
screen,valve2__0,Thermocouple,17,5.6657
screen,valve2__0,Thermocouple,18,4.7792
screen,valve2__0,Thermocouple,19,3.7386
screen,valve2__0,Voltage,0,2.5001
screen,valve2__0,Voltage,1,2.6128
screen,valve2__0,Voltage,2,2.5284
screen,valve2__0,Voltage,3,2.4408
screen,valve2__0,Voltage,4,2.275
screen,valve2__0,Voltage,5,2.616
screen,valve2__0,Voltage,6,2.6256
screen,valve2__0,Voltage,7,2.5315
screen,valve2__0,Voltage,8,2.1315
screen,valve2__0,Voltage,9,2.4174
screen,valve2__0,Voltage,10,2.4339
screen,valve2__0,Voltage,11,2.441
screen,valve2__0,Voltage,12,2.3257
screen,valve2__0,Voltage,13,2.4486
screen,valve2__0,Voltage,14,2.6449
screen,valve2__0,Voltage,15,2.6198
screen,valve2__0,Voltage,16,2.5616
screen,valve2__0,Voltage,17,2.4433
screen,valve2__0,Voltage,18,2.567
screen,valve2__0,Voltage,19,2.4968
screen,valve2__0,Volume Flow RateRMS,0,17.8555
screen,valve2__0,Volume Flow RateRMS,1,17.8555
screen,valve2__0,Volume Flow RateRMS,2,17.1995
screen,valve2__0,Volume Flow RateRMS,3,17.8555
screen,valve2__0,Volume Flow RateRMS,4,17.8555
screen,valve2__0,Volume Flow RateRMS,5,18.5207
screen,valve2__0,Volume Flow RateRMS,6,17.8555
screen,valve2__0,Volume Flow RateRMS,7,18.5151
screen,valve2__0,Volume Flow RateRMS,8,17.8054
screen,valve2__0,Volume Flow RateRMS,9,18.5151
screen,valve2__0,Volume Flow RateRMS,10,19.2045
screen,valve2__0,Volume Flow RateRMS,11,19.2045
screen,valve2__0,Volume Flow RateRMS,12,19.2045
screen,valve2__0,Volume Flow RateRMS,13,19.2045
screen,valve2__0,Volume Flow RateRMS,14,19.2045
screen,valve2__0,Volume Flow RateRMS,15,19.2045
screen,valve2__0,Volume Flow RateRMS,16,19.2045
screen,valve2__0,Volume Flow RateRMS,17,18.4966
screen,valve2__0,Volume Flow RateRMS,18,18.4929
screen,valve2__0,Volume Flow RateRMS,19,17.8555
spc,valve2__0,Accelerometer1RMS,0,1.0
spc,valve2__0,Accelerometer1RMS,1,0.0
spc,valve2__0,Accelerometer1RMS,2,0.0
spc,valve2__0,Accelerometer1RMS,3,0.0
spc,valve2__0,Accelerometer1RMS,4,0.0
spc,valve2__0,Accelerometer1RMS,5,1.0
spc,valve2__0,Accelerometer1RMS,6,0.0
spc,valve2__0,Accelerometer1RMS,7,0.0
spc,valve2__0,Accelerometer1RMS,8,0.0
spc,valve2__0,Accelerometer1RMS,9,0.0
spc,valve2__0,Accelerometer1RMS,10,1.0
spc,valve2__0,Accelerometer1RMS,11,1.0
spc,valve2__0,Accelerometer1RMS,12,2.0
spc,valve2__0,Accelerometer1RMS,13,1.0
spc,valve2__0,Accelerometer1RMS,14,1.0
spc,valve2__0,Accelerometer1RMS,15,0.0
spc,valve2__0,Accelerometer1RMS,16,0.0
spc,valve2__0,Accelerometer1RMS,17,2.0
spc,valve2__0,Accelerometer1RMS,18,1.0
spc,valve2__0,Accelerometer1RMS,19,2.0
spc,valve2__0,Accelerometer2RMS,0,0.0
spc,valve2__0,Accelerometer2RMS,1,1.0
spc,valve2__0,Accelerometer2RMS,2,0.0
spc,valve2__0,Accelerometer2RMS,3,0.0
spc,valve2__0,Accelerometer2RMS,4,1.0
spc,valve2__0,Accelerometer2RMS,5,0.0
spc,valve2__0,Accelerometer2RMS,6,0.0
spc,valve2__0,Accelerometer2RMS,7,0.0
spc,valve2__0,Accelerometer2RMS,8,2.0
spc,valve2__0,Accelerometer2RMS,9,3.0
spc,valve2__0,Accelerometer2RMS,10,1.0
spc,valve2__0,Accelerometer2RMS,11,0.0
spc,valve2__0,Accelerometer2RMS,12,1.0
spc,valve2__0,Accelerometer2RMS,13,2.0
spc,valve2__0,Accelerometer2RMS,14,1.0
spc,valve2__0,Accelerometer2RMS,15,1.0
spc,valve2__0,Accelerometer2RMS,16,1.0
spc,valve2__0,Accelerometer2RMS,17,2.0
spc,valve2__0,Accelerometer2RMS,18,1.0
spc,valve2__0,Accelerometer2RMS,19,1.0
spc,valve2__0,Current,0,1.0
spc,valve2__0,Current,1,2.0
spc,valve2__0,Current,2,2.0
spc,valve2__0,Current,3,1.0
spc,valve2__0,Current,4,2.0
spc,valve2__0,Current,5,1.0
spc,valve2__0,Current,6,2.0
spc,valve2__0,Current,7,1.0
spc,valve2__0,Current,8,1.0
spc,valve2__0,Current,9,2.0
spc,valve2__0,Current,10,1.0
spc,valve2__0,Current,11,2.0
spc,valve2__0,Current,12,0.0
spc,valve2__0,Current,13,2.0
spc,valve2__0,Current,14,0.0
spc,valve2__0,Current,15,1.0
spc,valve2__0,Current,16,1.0
spc,valve2__0,Current,17,1.0
spc,valve2__0,Current,18,2.0
spc,valve2__0,Current,19,1.0
spc,valve2__0,Temperature,0,19.0
spc,valve2__0,Temperature,1,1.0
spc,valve2__0,Temperature,2,1.0
spc,valve2__0,Temperature,3,5.0
spc,valve2__0,Temperature,4,19.0
spc,valve2__0,Temperature,5,9.0
spc,valve2__0,Temperature,6,51.0
spc,valve2__0,Temperature,7,48.0
spc,valve2__0,Temperature,8,43.0
spc,valve2__0,Temperature,9,51.0
spc,valve2__0,Temperature,10,57.0
spc,valve2__0,Temperature,11,57.0
spc,valve2__0,Temperature,12,57.0
spc,valve2__0,Temperature,13,51.0
spc,valve2__0,Temperature,14,53.0
spc,valve2__0,Temperature,15,59.0
spc,valve2__0,Temperature,16,57.0
spc,valve2__0,Temperature,17,58.0
spc,valve2__0,Temperature,18,58.0
spc,valve2__0,Temperature,19,57.0
spc,valve2__0,Thermocouple,0,3.0
spc,valve2__0,Thermocouple,1,2.0
spc,valve2__0,Thermocouple,2,1.0
spc,valve2__0,Thermocouple,3,2.0
spc,valve2__0,Thermocouple,4,1.0
spc,valve2__0,Thermocouple,5,1.0
spc,valve2__0,Thermocouple,6,1.0
spc,valve2__0,Thermocouple,7,1.0
spc,valve2__0,Thermocouple,8,2.0
spc,valve2__0,Thermocouple,9,1.0
spc,valve2__0,Thermocouple,10,1.0
spc,valve2__0,Thermocouple,11,1.0
spc,valve2__0,Thermocouple,12,15.0
spc,valve2__0,Thermocouple,13,35.0
spc,valve2__0,Thermocouple,14,50.0
spc,valve2__0,Thermocouple,15,58.0
spc,valve2__0,Thermocouple,16,57.0
spc,valve2__0,Thermocouple,17,58.0
spc,valve2__0,Thermocouple,18,55.0
spc,valve2__0,Thermocouple,19,27.0
spc,valve2__0,Voltage,0,2.0
spc,valve2__0,Voltage,1,0.0
spc,valve2__0,Voltage,2,0.0
spc,valve2__0,Voltage,3,0.0
spc,valve2__0,Voltage,4,0.0
spc,valve2__0,Voltage,5,0.0
spc,valve2__0,Voltage,6,0.0
spc,valve2__0,Voltage,7,0.0
spc,valve2__0,Voltage,8,0.0
spc,valve2__0,Voltage,9,0.0
spc,valve2__0,Voltage,10,1.0
spc,valve2__0,Voltage,11,0.0
spc,valve2__0,Voltage,12,0.0
spc,valve2__0,Voltage,13,1.0
spc,valve2__0,Voltage,14,0.0
spc,valve2__0,Voltage,15,0.0
spc,valve2__0,Voltage,16,0.0
spc,valve2__0,Voltage,17,0.0
spc,valve2__0,Voltage,18,0.0
spc,valve2__0,Voltage,19,0.0
spc,valve2__0,Volume Flow RateRMS,0,23.0
spc,valve2__0,Volume Flow RateRMS,1,20.0
spc,valve2__0,Volume Flow RateRMS,2,18.0
spc,valve2__0,Volume Flow RateRMS,3,21.0
spc,valve2__0,Volume Flow RateRMS,4,20.0
spc,valve2__0,Volume Flow RateRMS,5,13.0
spc,valve2__0,Volume Flow RateRMS,6,15.0
spc,valve2__0,Volume Flow RateRMS,7,16.0
spc,valve2__0,Volume Flow RateRMS,8,12.0
spc,valve2__0,Volume Flow RateRMS,9,15.0
spc,valve2__0,Volume Flow RateRMS,10,27.0
spc,valve2__0,Volume Flow RateRMS,11,28.0
spc,valve2__0,Volume Flow RateRMS,12,32.0
spc,valve2__0,Volume Flow RateRMS,13,26.0
spc,valve2__0,Volume Flow RateRMS,14,26.0
spc,valve2__0,Volume Flow RateRMS,15,23.0
spc,valve2__0,Volume Flow RateRMS,16,22.0
spc,valve2__0,Volume Flow RateRMS,17,20.0
spc,valve2__0,Volume Flow RateRMS,18,25.0
spc,valve2__0,Volume Flow RateRMS,19,23.0
screen,valve2__1,Accelerometer1RMS,0,2.7823
screen,valve2__1,Accelerometer1RMS,1,2.7256
screen,valve2__1,Accelerometer1RMS,2,2.5197
screen,valve2__1,Accelerometer1RMS,3,2.0329
screen,valve2__1,Accelerometer1RMS,4,2.6736
screen,valve2__1,Accelerometer1RMS,5,3.0709
screen,valve2__1,Accelerometer1RMS,6,2.472
screen,valve2__1,Accelerometer1RMS,7,2.8222
screen,valve2__1,Accelerometer1RMS,8,2.5991
screen,valve2__1,Accelerometer1RMS,9,2.4048
screen,valve2__1,Accelerometer1RMS,10,2.7118
screen,valve2__1,Accelerometer1RMS,11,2.6611
screen,valve2__1,Accelerometer1RMS,12,2.5952
screen,valve2__1,Accelerometer1RMS,13,2.3844
screen,valve2__1,Accelerometer1RMS,14,2.4637
screen,valve2__1,Accelerometer1RMS,16,3.0976
screen,valve2__1,Accelerometer1RMS,17,4.1336
screen,valve2__1,Accelerometer1RMS,18,2.7612
screen,valve2__1,Accelerometer1RMS,19,2.4894
screen,valve2__1,Accelerometer1RMS,20,1.0423
screen,valve2__1,Accelerometer2RMS,0,1.7753
screen,valve2__1,Accelerometer2RMS,1,1.9954
screen,valve2__1,Accelerometer2RMS,2,1.5335
screen,valve2__1,Accelerometer2RMS,3,1.2684
screen,valve2__1,Accelerometer2RMS,4,1.6786
screen,valve2__1,Accelerometer2RMS,5,1.7387
screen,valve2__1,Accelerometer2RMS,6,1.4787
screen,valve2__1,Accelerometer2RMS,7,2.0004
screen,valve2__1,Accelerometer2RMS,8,2.2958
screen,valve2__1,Accelerometer2RMS,9,2.3677
screen,valve2__1,Accelerometer2RMS,10,2.4082
screen,valve2__1,Accelerometer2RMS,11,2.019
screen,valve2__1,Accelerometer2RMS,12,1.9933
screen,valve2__1,Accelerometer2RMS,13,2.1094
screen,valve2__1,Accelerometer2RMS,14,2.0681
screen,valve2__1,Accelerometer2RMS,16,1.9432
screen,valve2__1,Accelerometer2RMS,17,1.5302
screen,valve2__1,Accelerometer2RMS,18,1.6383
screen,valve2__1,Accelerometer2RMS,19,1.6894
screen,valve2__1,Accelerometer2RMS,20,0.8404
screen,valve2__1,Current,0,2.3221
screen,valve2__1,Current,1,2.7038
screen,valve2__1,Current,2,2.3854
screen,valve2__1,Current,3,2.4446
screen,valve2__1,Current,4,2.5218
screen,valve2__1,Current,5,2.5382
screen,valve2__1,Current,6,2.6225
screen,valve2__1,Current,7,2.6688
screen,valve2__1,Current,8,2.0676
screen,valve2__1,Current,9,2.4116
screen,valve2__1,Current,10,2.4812
screen,valve2__1,Current,11,2.553
screen,valve2__1,Current,12,2.6507
screen,valve2__1,Current,13,2.5419
screen,valve2__1,Current,14,2.1585
screen,valve2__1,Current,16,2.594
screen,valve2__1,Current,17,2.1645
screen,valve2__1,Current,18,2.6158
screen,valve2__1,Current,19,2.5788
screen,valve2__1,Current,20,1.0372
screen,valve2__1,Pressure,0,1.349
screen,valve2__1,Pressure,1,1.349
screen,valve2__1,Pressure,2,1.349
screen,valve2__1,Pressure,3,2.0235
screen,valve2__1,Pressure,4,2.0235
screen,valve2__1,Pressure,5,1.349
screen,valve2__1,Pressure,6,1.349
screen,valve2__1,Pressure,7,1.349
screen,valve2__1,Pressure,8,1.349
screen,valve2__1,Pressure,9,1.349
screen,valve2__1,Pressure,10,2.0235
screen,valve2__1,Pressure,11,1.349
screen,valve2__1,Pressure,12,1.349
screen,valve2__1,Pressure,13,1.349
screen,valve2__1,Pressure,14,1.349
screen,valve2__1,Pressure,16,1.349
screen,valve2__1,Pressure,17,2.0235
screen,valve2__1,Pressure,18,1.349
screen,valve2__1,Pressure,19,1.349
screen,valve2__1,Pressure,20,0.0
screen,valve2__1,Temperature,0,2.9924
screen,valve2__1,Temperature,1,1.8799
screen,valve2__1,Temperature,2,5.003
screen,valve2__1,Temperature,3,8.0035
screen,valve2__1,Temperature,4,8.7547
screen,valve2__1,Temperature,5,7.2201
screen,valve2__1,Temperature,6,5.8808
screen,valve2__1,Temperature,7,14.6129
screen,valve2__1,Temperature,8,10.5885
screen,valve2__1,Temperature,9,5.2289
screen,valve2__1,Temperature,10,4.5125
screen,valve2__1,Temperature,11,3.7831
screen,valve2__1,Temperature,12,6.8893
screen,valve2__1,Temperature,13,5.592
screen,valve2__1,Temperature,14,8.0705
screen,valve2__1,Temperature,16,13.8852
screen,valve2__1,Temperature,17,14.1038
screen,valve2__1,Temperature,18,8.6724
screen,valve2__1,Temperature,19,6.1963
screen,valve2__1,Temperature,20,2.4212
screen,valve2__1,Thermocouple,0,3.1179
screen,valve2__1,Thermocouple,1,1.2981
screen,valve2__1,Thermocouple,2,1.2472
screen,valve2__1,Thermocouple,3,1.5781
screen,valve2__1,Thermocouple,4,1.3363
screen,valve2__1,Thermocouple,5,2.5643
screen,valve2__1,Thermocouple,6,2.4371
screen,valve2__1,Thermocouple,7,1.3363
screen,valve2__1,Thermocouple,8,1.6353
screen,valve2__1,Thermocouple,9,1.4444
screen,valve2__1,Thermocouple,10,1.8326
screen,valve2__1,Thermocouple,11,2.0617
screen,valve2__1,Thermocouple,12,2.5134
screen,valve2__1,Thermocouple,13,2.9716
screen,valve2__1,Thermocouple,14,1.9789
screen,valve2__1,Thermocouple,16,3.3915
screen,valve2__1,Thermocouple,17,4.1488
screen,valve2__1,Thermocouple,18,4.1869
screen,valve2__1,Thermocouple,19,4.2187
screen,valve2__1,Thermocouple,20,3.9006
screen,valve2__1,Voltage,0,2.4075
screen,valve2__1,Voltage,1,2.5252
screen,valve2__1,Voltage,2,2.5814
screen,valve2__1,Voltage,3,2.6785
screen,valve2__1,Voltage,4,2.5531
screen,valve2__1,Voltage,5,2.4702
screen,valve2__1,Voltage,6,2.4691
screen,valve2__1,Voltage,7,2.4654
screen,valve2__1,Voltage,8,2.6051
screen,valve2__1,Voltage,9,2.4902
screen,valve2__1,Voltage,10,2.5851
screen,valve2__1,Voltage,11,2.5208
screen,valve2__1,Voltage,12,2.5397
screen,valve2__1,Voltage,13,2.5023
screen,valve2__1,Voltage,14,2.4202
screen,valve2__1,Voltage,16,2.524
screen,valve2__1,Voltage,17,2.5987
screen,valve2__1,Voltage,18,2.6207
screen,valve2__1,Voltage,19,2.6761
screen,valve2__1,Voltage,20,1.1529
spc,valve2__1,Accelerometer1RMS,0,0.0
spc,valve2__1,Accelerometer1RMS,1,0.0
spc,valve2__1,Accelerometer1RMS,2,0.0
spc,valve2__1,Accelerometer1RMS,3,0.0
spc,valve2__1,Accelerometer1RMS,4,0.0
spc,valve2__1,Accelerometer1RMS,5,1.0
spc,valve2__1,Accelerometer1RMS,6,0.0
spc,valve2__1,Accelerometer1RMS,7,0.0
spc,valve2__1,Accelerometer1RMS,8,1.0
spc,valve2__1,Accelerometer1RMS,9,1.0
spc,valve2__1,Accelerometer1RMS,10,0.0
spc,valve2__1,Accelerometer1RMS,11,0.0
spc,valve2__1,Accelerometer1RMS,12,1.0
spc,valve2__1,Accelerometer1RMS,13,2.0
spc,valve2__1,Accelerometer1RMS,14,0.0
spc,valve2__1,Accelerometer1RMS,16,2.0
spc,valve2__1,Accelerometer1RMS,17,3.0
spc,valve2__1,Accelerometer1RMS,18,0.0
spc,valve2__1,Accelerometer1RMS,19,0.0
spc,valve2__1,Accelerometer1RMS,20,0.0
spc,valve2__1,Accelerometer2RMS,0,1.0
spc,valve2__1,Accelerometer2RMS,1,0.0
spc,valve2__1,Accelerometer2RMS,2,1.0
spc,valve2__1,Accelerometer2RMS,3,0.0
spc,valve2__1,Accelerometer2RMS,4,0.0
spc,valve2__1,Accelerometer2RMS,5,1.0
spc,valve2__1,Accelerometer2RMS,6,0.0
spc,valve2__1,Accelerometer2RMS,7,0.0
spc,valve2__1,Accelerometer2RMS,8,0.0
spc,valve2__1,Accelerometer2RMS,9,0.0
spc,valve2__1,Accelerometer2RMS,10,0.0
spc,valve2__1,Accelerometer2RMS,11,1.0
spc,valve2__1,Accelerometer2RMS,12,2.0
spc,valve2__1,Accelerometer2RMS,13,3.0
spc,valve2__1,Accelerometer2RMS,14,3.0
spc,valve2__1,Accelerometer2RMS,16,3.0
spc,valve2__1,Accelerometer2RMS,17,1.0
spc,valve2__1,Accelerometer2RMS,18,0.0
spc,valve2__1,Accelerometer2RMS,19,0.0
spc,valve2__1,Accelerometer2RMS,20,0.0
spc,valve2__1,Current,0,1.0
spc,valve2__1,Current,1,1.0
spc,valve2__1,Current,2,2.0
spc,valve2__1,Current,3,2.0
spc,valve2__1,Current,4,3.0
spc,valve2__1,Current,5,1.0
spc,valve2__1,Current,6,1.0
spc,valve2__1,Current,7,2.0
spc,valve2__1,Current,8,2.0
spc,valve2__1,Current,9,4.0
spc,valve2__1,Current,10,1.0
spc,valve2__1,Current,11,1.0
spc,valve2__1,Current,12,2.0
spc,valve2__1,Current,13,2.0
spc,valve2__1,Current,14,2.0
spc,valve2__1,Current,16,1.0
spc,valve2__1,Current,17,3.0
spc,valve2__1,Current,18,1.0
spc,valve2__1,Current,19,0.0
spc,valve2__1,Current,20,0.0
spc,valve2__1,Pressure,0,0.0
spc,valve2__1,Pressure,1,0.0
spc,valve2__1,Pressure,2,0.0
spc,valve2__1,Pressure,3,0.0
spc,valve2__1,Pressure,4,0.0
spc,valve2__1,Pressure,5,0.0
spc,valve2__1,Pressure,6,0.0
spc,valve2__1,Pressure,7,0.0
spc,valve2__1,Pressure,8,0.0
spc,valve2__1,Pressure,9,0.0
spc,valve2__1,Pressure,10,0.0
spc,valve2__1,Pressure,11,0.0
spc,valve2__1,Pressure,12,0.0
spc,valve2__1,Pressure,13,0.0
spc,valve2__1,Pressure,14,0.0
spc,valve2__1,Pressure,16,0.0
spc,valve2__1,Pressure,17,0.0
spc,valve2__1,Pressure,18,0.0
spc,valve2__1,Pressure,19,0.0
spc,valve2__1,Pressure,20,0.0
spc,valve2__1,Temperature,0,1.0
spc,valve2__1,Temperature,1,0.0
spc,valve2__1,Temperature,2,20.0
spc,valve2__1,Temperature,3,56.0
spc,valve2__1,Temperature,4,57.0
spc,valve2__1,Temperature,5,57.0
spc,valve2__1,Temperature,6,27.0
spc,valve2__1,Temperature,7,58.0
spc,valve2__1,Temperature,8,55.0
spc,valve2__1,Temperature,9,24.0
spc,valve2__1,Temperature,10,17.0
spc,valve2__1,Temperature,11,12.0
spc,valve2__1,Temperature,12,46.0
spc,valve2__1,Temperature,13,52.0
spc,valve2__1,Temperature,14,55.0
spc,valve2__1,Temperature,16,38.0
spc,valve2__1,Temperature,17,57.0
spc,valve2__1,Temperature,18,57.0
spc,valve2__1,Temperature,19,55.0
spc,valve2__1,Temperature,20,0.0
spc,valve2__1,Thermocouple,0,2.0
spc,valve2__1,Thermocouple,1,2.0
spc,valve2__1,Thermocouple,2,2.0
spc,valve2__1,Thermocouple,3,1.0
spc,valve2__1,Thermocouple,4,3.0
spc,valve2__1,Thermocouple,5,1.0
spc,valve2__1,Thermocouple,6,1.0
spc,valve2__1,Thermocouple,7,1.0
spc,valve2__1,Thermocouple,8,2.0
spc,valve2__1,Thermocouple,9,3.0
spc,valve2__1,Thermocouple,10,2.0
spc,valve2__1,Thermocouple,11,1.0
spc,valve2__1,Thermocouple,12,1.0
spc,valve2__1,Thermocouple,13,2.0
spc,valve2__1,Thermocouple,14,1.0
spc,valve2__1,Thermocouple,16,7.0
spc,valve2__1,Thermocouple,17,49.0
spc,valve2__1,Thermocouple,18,52.0
spc,valve2__1,Thermocouple,19,40.0
spc,valve2__1,Thermocouple,20,1.0
spc,valve2__1,Voltage,0,0.0
spc,valve2__1,Voltage,1,0.0
spc,valve2__1,Voltage,2,0.0
spc,valve2__1,Voltage,3,0.0
spc,valve2__1,Voltage,4,0.0
spc,valve2__1,Voltage,5,1.0
spc,valve2__1,Voltage,6,1.0
spc,valve2__1,Voltage,7,0.0
spc,valve2__1,Voltage,8,0.0
spc,valve2__1,Voltage,9,0.0
spc,valve2__1,Voltage,10,0.0
spc,valve2__1,Voltage,11,0.0
spc,valve2__1,Voltage,12,0.0
spc,valve2__1,Voltage,13,0.0
spc,valve2__1,Voltage,14,0.0
spc,valve2__1,Voltage,16,0.0
spc,valve2__1,Voltage,17,0.0
spc,valve2__1,Voltage,18,0.0
spc,valve2__1,Voltage,19,0.0
spc,valve2__1,Voltage,20,0.0
screen,valve2__2,Accelerometer1RMS,0,2.2379
screen,valve2__2,Accelerometer1RMS,1,2.3091
screen,valve2__2,Accelerometer1RMS,2,2.0361
screen,valve2__2,Accelerometer1RMS,3,2.0812
screen,valve2__2,Accelerometer1RMS,4,2.4614
screen,valve2__2,Accelerometer1RMS,5,2.0656
screen,valve2__2,Accelerometer1RMS,6,2.0013
screen,valve2__2,Accelerometer1RMS,7,2.0835
screen,valve2__2,Accelerometer1RMS,8,2.3944
screen,valve2__2,Accelerometer1RMS,9,2.547
screen,valve2__2,Accelerometer1RMS,10,9.7675
screen,valve2__2,Accelerometer1RMS,11,2.6408
screen,valve2__2,Accelerometer1RMS,12,2.0335
screen,valve2__2,Accelerometer1RMS,13,1.9234
screen,valve2__2,Accelerometer1RMS,14,2.0783
screen,valve2__2,Accelerometer1RMS,15,1.4291
screen,valve2__2,Accelerometer1RMS,16,2.0361
screen,valve2__2,Accelerometer1RMS,17,2.9098
screen,valve2__2,Accelerometer1RMS,18,2.0314
screen,valve2__2,Accelerometer1RMS,19,2.3628
screen,valve2__2,Accelerometer2RMS,0,2.2851
screen,valve2__2,Accelerometer2RMS,1,1.8189
screen,valve2__2,Accelerometer2RMS,2,1.9742
screen,valve2__2,Accelerometer2RMS,3,1.945
screen,valve2__2,Accelerometer2RMS,4,2.1405
screen,valve2__2,Accelerometer2RMS,5,1.9278
screen,valve2__2,Accelerometer2RMS,6,2.2832
screen,valve2__2,Accelerometer2RMS,7,2.0025
screen,valve2__2,Accelerometer2RMS,8,2.1128
screen,valve2__2,Accelerometer2RMS,9,2.6386
screen,valve2__2,Accelerometer2RMS,10,1.7989
screen,valve2__2,Accelerometer2RMS,11,2.2156
screen,valve2__2,Accelerometer2RMS,12,2.2794
screen,valve2__2,Accelerometer2RMS,13,2.1258
screen,valve2__2,Accelerometer2RMS,14,2.2781
screen,valve2__2,Accelerometer2RMS,15,3.1226
screen,valve2__2,Accelerometer2RMS,16,3.1722
screen,valve2__2,Accelerometer2RMS,17,2.7941
screen,valve2__2,Accelerometer2RMS,18,1.8167
screen,valve2__2,Accelerometer2RMS,19,2.6555
screen,valve2__2,Current,0,1.6198
screen,valve2__2,Current,1,1.4174
screen,valve2__2,Current,2,1.4948
screen,valve2__2,Current,3,1.4872
screen,valve2__2,Current,4,1.4849
screen,valve2__2,Current,5,1.3794
screen,valve2__2,Current,6,1.5365
screen,valve2__2,Current,7,1.5088
screen,valve2__2,Current,8,1.5407
screen,valve2__2,Current,9,1.4646
screen,valve2__2,Current,10,1.3702
screen,valve2__2,Current,11,1.2852
screen,valve2__2,Current,12,1.2873
screen,valve2__2,Current,13,1.5495
screen,valve2__2,Current,14,1.4212
screen,valve2__2,Current,15,1.2549
screen,valve2__2,Current,16,1.584
screen,valve2__2,Current,17,1.4757
screen,valve2__2,Current,18,1.3531
screen,valve2__2,Current,19,1.4923
screen,valve2__2,Temperature,0,2.9469
screen,valve2__2,Temperature,1,1.4974
screen,valve2__2,Temperature,2,1.4044
screen,valve2__2,Temperature,3,3.4902
screen,valve2__2,Temperature,4,4.5245
screen,valve2__2,Temperature,5,4.1256
screen,valve2__2,Temperature,6,5.344
screen,valve2__2,Temperature,7,11.1477
screen,valve2__2,Temperature,8,12.6139
screen,valve2__2,Temperature,9,10.059
screen,valve2__2,Temperature,10,6.7593
screen,valve2__2,Temperature,11,5.9883
screen,valve2__2,Temperature,12,5.1628
screen,valve2__2,Temperature,13,3.6278
screen,valve2__2,Temperature,14,2.9583
screen,valve2__2,Temperature,15,2.0987
screen,valve2__2,Temperature,16,3.1636
screen,valve2__2,Temperature,17,3.2037
screen,valve2__2,Temperature,18,4.0949
screen,valve2__2,Temperature,19,4.9407
screen,valve2__2,Thermocouple,0,1.7284
screen,valve2__2,Thermocouple,1,1.349
screen,valve2__2,Thermocouple,2,2.6305
screen,valve2__2,Thermocouple,3,2.698
screen,valve2__2,Thermocouple,4,2.1752
screen,valve2__2,Thermocouple,5,1.3574
screen,valve2__2,Thermocouple,6,1.6103
screen,valve2__2,Thermocouple,7,1.8633
screen,valve2__2,Thermocouple,8,2.9256
screen,valve2__2,Thermocouple,9,3.6254
screen,valve2__2,Thermocouple,10,3.8446
screen,valve2__2,Thermocouple,11,3.8615
screen,valve2__2,Thermocouple,12,3.6254
screen,valve2__2,Thermocouple,13,5.1767
screen,valve2__2,Thermocouple,14,5.6489
screen,valve2__2,Thermocouple,15,4.2914
screen,valve2__2,Thermocouple,16,5.0587
screen,valve2__2,Thermocouple,17,5.084
screen,valve2__2,Thermocouple,18,6.433
screen,valve2__2,Thermocouple,19,5.9102
screen,valve2__2,Voltage,0,3.8654
screen,valve2__2,Voltage,1,3.7918
screen,valve2__2,Voltage,2,3.8753
screen,valve2__2,Voltage,3,3.7586
screen,valve2__2,Voltage,4,3.8718
screen,valve2__2,Voltage,5,3.7818
screen,valve2__2,Voltage,6,3.5395
screen,valve2__2,Voltage,7,3.5412
screen,valve2__2,Voltage,8,2.8733
screen,valve2__2,Voltage,9,3.9011
screen,valve2__2,Voltage,10,3.3994
screen,valve2__2,Voltage,11,3.5164
screen,valve2__2,Voltage,12,3.5251
screen,valve2__2,Voltage,13,3.6778
screen,valve2__2,Voltage,14,3.7812
screen,valve2__2,Voltage,15,3.4332
screen,valve2__2,Voltage,16,3.7874
screen,valve2__2,Voltage,17,3.4231
screen,valve2__2,Voltage,18,3.3245
screen,valve2__2,Voltage,19,3.6518
spc,valve2__2,Accelerometer1RMS,0,0.0
spc,valve2__2,Accelerometer1RMS,1,1.0
spc,valve2__2,Accelerometer1RMS,2,1.0
spc,valve2__2,Accelerometer1RMS,3,1.0
spc,valve2__2,Accelerometer1RMS,4,0.0
spc,valve2__2,Accelerometer1RMS,5,0.0
spc,valve2__2,Accelerometer1RMS,6,1.0
spc,valve2__2,Accelerometer1RMS,7,0.0
spc,valve2__2,Accelerometer1RMS,8,0.0
spc,valve2__2,Accelerometer1RMS,9,0.0
spc,valve2__2,Accelerometer1RMS,10,3.0
spc,valve2__2,Accelerometer1RMS,11,0.0
spc,valve2__2,Accelerometer1RMS,12,0.0
spc,valve2__2,Accelerometer1RMS,13,0.0
spc,valve2__2,Accelerometer1RMS,14,0.0
spc,valve2__2,Accelerometer1RMS,15,0.0
spc,valve2__2,Accelerometer1RMS,16,0.0
spc,valve2__2,Accelerometer1RMS,17,1.0
spc,valve2__2,Accelerometer1RMS,18,0.0
spc,valve2__2,Accelerometer1RMS,19,0.0
spc,valve2__2,Accelerometer2RMS,0,0.0
spc,valve2__2,Accelerometer2RMS,1,1.0
spc,valve2__2,Accelerometer2RMS,2,0.0
spc,valve2__2,Accelerometer2RMS,3,0.0
spc,valve2__2,Accelerometer2RMS,4,0.0
spc,valve2__2,Accelerometer2RMS,5,0.0
spc,valve2__2,Accelerometer2RMS,6,1.0
spc,valve2__2,Accelerometer2RMS,7,0.0
spc,valve2__2,Accelerometer2RMS,8,1.0
spc,valve2__2,Accelerometer2RMS,9,1.0
spc,valve2__2,Accelerometer2RMS,10,0.0
spc,valve2__2,Accelerometer2RMS,11,3.0
spc,valve2__2,Accelerometer2RMS,12,0.0
spc,valve2__2,Accelerometer2RMS,13,0.0
spc,valve2__2,Accelerometer2RMS,14,2.0
spc,valve2__2,Accelerometer2RMS,15,3.0
spc,valve2__2,Accelerometer2RMS,16,2.0
spc,valve2__2,Accelerometer2RMS,17,1.0
spc,valve2__2,Accelerometer2RMS,18,1.0
spc,valve2__2,Accelerometer2RMS,19,0.0
spc,valve2__2,Current,0,1.0
spc,valve2__2,Current,1,3.0
spc,valve2__2,Current,2,3.0
spc,valve2__2,Current,3,1.0
spc,valve2__2,Current,4,1.0
spc,valve2__2,Current,5,3.0
spc,valve2__2,Current,6,2.0
spc,valve2__2,Current,7,2.0
spc,valve2__2,Current,8,0.0
spc,valve2__2,Current,9,3.0
spc,valve2__2,Current,10,1.0
spc,valve2__2,Current,11,1.0
spc,valve2__2,Current,12,0.0
spc,valve2__2,Current,13,1.0
spc,valve2__2,Current,14,1.0
spc,valve2__2,Current,15,1.0
spc,valve2__2,Current,16,2.0
spc,valve2__2,Current,17,1.0
spc,valve2__2,Current,18,1.0
spc,valve2__2,Current,19,0.0
spc,valve2__2,Temperature,0,1.0
spc,valve2__2,Temperature,1,1.0
spc,valve2__2,Temperature,2,2.0
spc,valve2__2,Temperature,3,14.0
spc,valve2__2,Temperature,4,36.0
spc,valve2__2,Temperature,5,35.0
spc,valve2__2,Temperature,6,41.0
spc,valve2__2,Temperature,7,34.0
spc,valve2__2,Temperature,8,57.0
spc,valve2__2,Temperature,9,58.0
spc,valve2__2,Temperature,10,57.0
spc,valve2__2,Temperature,11,58.0
spc,valve2__2,Temperature,12,45.0
spc,valve2__2,Temperature,13,4.0
spc,valve2__2,Temperature,14,3.0
spc,valve2__2,Temperature,15,2.0
spc,valve2__2,Temperature,16,2.0
spc,valve2__2,Temperature,17,2.0
spc,valve2__2,Temperature,18,21.0
spc,valve2__2,Temperature,19,58.0
spc,valve2__2,Thermocouple,0,1.0
spc,valve2__2,Thermocouple,1,1.0
spc,valve2__2,Thermocouple,2,2.0
spc,valve2__2,Thermocouple,3,1.0
spc,valve2__2,Thermocouple,4,1.0
spc,valve2__2,Thermocouple,5,2.0
spc,valve2__2,Thermocouple,6,2.0
spc,valve2__2,Thermocouple,7,2.0
spc,valve2__2,Thermocouple,8,2.0
spc,valve2__2,Thermocouple,9,6.0
spc,valve2__2,Thermocouple,10,17.0
spc,valve2__2,Thermocouple,11,14.0
spc,valve2__2,Thermocouple,12,10.0
spc,valve2__2,Thermocouple,13,57.0
spc,valve2__2,Thermocouple,14,57.0
spc,valve2__2,Thermocouple,15,49.0
spc,valve2__2,Thermocouple,16,56.0
spc,valve2__2,Thermocouple,17,56.0
spc,valve2__2,Thermocouple,18,57.0
spc,valve2__2,Thermocouple,19,57.0
spc,valve2__2,Voltage,0,7.0
spc,valve2__2,Voltage,1,5.0
spc,valve2__2,Voltage,2,8.0
spc,valve2__2,Voltage,3,5.0
spc,valve2__2,Voltage,4,8.0
spc,valve2__2,Voltage,5,5.0
spc,valve2__2,Voltage,6,3.0
spc,valve2__2,Voltage,7,6.0
spc,valve2__2,Voltage,8,1.0
spc,valve2__2,Voltage,9,11.0
spc,valve2__2,Voltage,10,3.0
spc,valve2__2,Voltage,11,6.0
spc,valve2__2,Voltage,12,4.0
spc,valve2__2,Voltage,13,6.0
spc,valve2__2,Voltage,14,6.0
spc,valve2__2,Voltage,15,7.0
spc,valve2__2,Voltage,16,7.0
spc,valve2__2,Voltage,17,5.0
spc,valve2__2,Voltage,18,4.0
spc,valve2__2,Voltage,19,4.0
screen,valve2__3,Accelerometer1RMS,0,2.1592
screen,valve2__3,Accelerometer1RMS,1,1.9127
screen,valve2__3,Accelerometer1RMS,2,2.4453
screen,valve2__3,Accelerometer1RMS,3,2.4193
screen,valve2__3,Accelerometer1RMS,4,2.3556
screen,valve2__3,Accelerometer1RMS,5,2.0071
screen,valve2__3,Accelerometer1RMS,6,1.9528
screen,valve2__3,Accelerometer1RMS,7,2.049
screen,valve2__3,Accelerometer1RMS,8,2.1224
screen,valve2__3,Accelerometer1RMS,9,1.7758
screen,valve2__3,Accelerometer1RMS,10,1.7614
screen,valve2__3,Accelerometer1RMS,11,2.0282
screen,valve2__3,Accelerometer1RMS,12,1.9609
screen,valve2__3,Accelerometer1RMS,13,2.2808
screen,valve2__3,Accelerometer1RMS,14,2.1769
screen,valve2__3,Accelerometer1RMS,15,2.0531
screen,valve2__3,Accelerometer1RMS,16,2.2617
screen,valve2__3,Accelerometer1RMS,17,1.8628
screen,valve2__3,Accelerometer2RMS,0,2.188
screen,valve2__3,Accelerometer2RMS,1,1.7367
screen,valve2__3,Accelerometer2RMS,2,2.2589
screen,valve2__3,Accelerometer2RMS,3,2.4622
screen,valve2__3,Accelerometer2RMS,4,1.8968
screen,valve2__3,Accelerometer2RMS,5,2.1783
screen,valve2__3,Accelerometer2RMS,6,2.8688
screen,valve2__3,Accelerometer2RMS,7,1.828
screen,valve2__3,Accelerometer2RMS,8,2.1789
screen,valve2__3,Accelerometer2RMS,9,2.4516
screen,valve2__3,Accelerometer2RMS,10,2.3508
screen,valve2__3,Accelerometer2RMS,11,2.5878
screen,valve2__3,Accelerometer2RMS,12,2.5533
screen,valve2__3,Accelerometer2RMS,13,2.6155
screen,valve2__3,Accelerometer2RMS,14,2.2242
screen,valve2__3,Accelerometer2RMS,15,2.574
screen,valve2__3,Accelerometer2RMS,16,2.5282
screen,valve2__3,Accelerometer2RMS,17,2.1289
screen,valve2__3,Current,0,2.0245
screen,valve2__3,Current,1,1.8358
screen,valve2__3,Current,2,1.9239
screen,valve2__3,Current,3,1.8799
screen,valve2__3,Current,4,2.0562
screen,valve2__3,Current,5,1.966
screen,valve2__3,Current,6,2.1129
screen,valve2__3,Current,7,2.0652
screen,valve2__3,Current,8,2.161
screen,valve2__3,Current,9,1.9253
screen,valve2__3,Current,10,2.0791
screen,valve2__3,Current,11,2.0714
screen,valve2__3,Current,12,1.9124
screen,valve2__3,Current,13,2.0289
screen,valve2__3,Current,14,2.2105
screen,valve2__3,Current,15,2.0412
screen,valve2__3,Current,16,1.9809
screen,valve2__3,Current,17,1.6986
screen,valve2__3,Temperature,0,3.2612
screen,valve2__3,Temperature,1,1.5778
screen,valve2__3,Temperature,2,0.6745
screen,valve2__3,Temperature,3,0.3556
screen,valve2__3,Temperature,4,1.2721
screen,valve2__3,Temperature,5,1.7093
screen,valve2__3,Temperature,6,1.7309
screen,valve2__3,Temperature,7,2.1702
screen,valve2__3,Temperature,8,2.7447
screen,valve2__3,Temperature,9,2.9823
screen,valve2__3,Temperature,10,3.2292
screen,valve2__3,Temperature,11,3.4389
screen,valve2__3,Temperature,12,3.8011
screen,valve2__3,Temperature,13,3.4667
screen,valve2__3,Temperature,14,3.9461
screen,valve2__3,Temperature,15,4.1547
screen,valve2__3,Temperature,16,3.7731
screen,valve2__3,Temperature,17,4.2998
screen,valve2__3,Thermocouple,0,2.0499
screen,valve2__3,Thermocouple,1,2.4202
screen,valve2__3,Thermocouple,2,4.0602
screen,valve2__3,Thermocouple,3,5.105
screen,valve2__3,Thermocouple,4,3.227
screen,valve2__3,Thermocouple,5,5.6075
screen,valve2__3,Thermocouple,6,3.4121
screen,valve2__3,Thermocouple,7,3.7031
screen,valve2__3,Thermocouple,8,3.9279
screen,valve2__3,Thermocouple,9,3.6237
screen,valve2__3,Thermocouple,10,3.9015
screen,valve2__3,Thermocouple,11,5.343
screen,valve2__3,Thermocouple,12,8.0542
screen,valve2__3,Thermocouple,13,8.7287
screen,valve2__3,Thermocouple,14,8.5039
screen,valve2__3,Thermocouple,15,7.102
screen,valve2__3,Thermocouple,16,7.75
screen,valve2__3,Thermocouple,17,8.7419
screen,valve2__3,Voltage,0,2.3528
screen,valve2__3,Voltage,1,2.4359
screen,valve2__3,Voltage,2,2.2848
screen,valve2__3,Voltage,3,2.446
screen,valve2__3,Voltage,4,2.5297
screen,valve2__3,Voltage,5,2.3085
screen,valve2__3,Voltage,6,2.4272
screen,valve2__3,Voltage,7,2.3915
screen,valve2__3,Voltage,8,2.4992
screen,valve2__3,Voltage,9,2.5435
screen,valve2__3,Voltage,10,2.3105
screen,valve2__3,Voltage,11,2.5081
screen,valve2__3,Voltage,12,1.748
screen,valve2__3,Voltage,13,2.3104
screen,valve2__3,Voltage,14,2.4787
screen,valve2__3,Voltage,15,2.4434
screen,valve2__3,Voltage,16,2.5881
screen,valve2__3,Voltage,17,2.231
spc,valve2__3,Accelerometer1RMS,0,1.0
spc,valve2__3,Accelerometer1RMS,1,1.0
spc,valve2__3,Accelerometer1RMS,2,1.0
spc,valve2__3,Accelerometer1RMS,3,1.0
spc,valve2__3,Accelerometer1RMS,4,0.0
spc,valve2__3,Accelerometer1RMS,5,0.0
spc,valve2__3,Accelerometer1RMS,6,2.0
spc,valve2__3,Accelerometer1RMS,7,0.0
spc,valve2__3,Accelerometer1RMS,8,0.0
spc,valve2__3,Accelerometer1RMS,9,0.0
spc,valve2__3,Accelerometer1RMS,10,2.0
spc,valve2__3,Accelerometer1RMS,11,1.0
spc,valve2__3,Accelerometer1RMS,12,0.0
spc,valve2__3,Accelerometer1RMS,13,2.0
spc,valve2__3,Accelerometer1RMS,14,2.0
spc,valve2__3,Accelerometer1RMS,15,0.0
spc,valve2__3,Accelerometer1RMS,16,0.0
spc,valve2__3,Accelerometer1RMS,17,0.0
spc,valve2__3,Accelerometer2RMS,0,0.0
spc,valve2__3,Accelerometer2RMS,1,2.0
spc,valve2__3,Accelerometer2RMS,2,1.0
spc,valve2__3,Accelerometer2RMS,3,1.0
spc,valve2__3,Accelerometer2RMS,4,1.0
spc,valve2__3,Accelerometer2RMS,5,0.0
spc,valve2__3,Accelerometer2RMS,6,0.0
spc,valve2__3,Accelerometer2RMS,7,1.0
spc,valve2__3,Accelerometer2RMS,8,0.0
spc,valve2__3,Accelerometer2RMS,9,0.0
spc,valve2__3,Accelerometer2RMS,10,2.0
spc,valve2__3,Accelerometer2RMS,11,9.0
spc,valve2__3,Accelerometer2RMS,12,4.0
spc,valve2__3,Accelerometer2RMS,13,3.0
spc,valve2__3,Accelerometer2RMS,14,2.0
spc,valve2__3,Accelerometer2RMS,15,3.0
spc,valve2__3,Accelerometer2RMS,16,1.0
spc,valve2__3,Accelerometer2RMS,17,1.0
spc,valve2__3,Current,0,3.0
spc,valve2__3,Current,1,1.0
spc,valve2__3,Current,2,1.0
spc,valve2__3,Current,3,1.0
spc,valve2__3,Current,4,1.0
spc,valve2__3,Current,5,1.0
spc,valve2__3,Current,6,1.0
spc,valve2__3,Current,7,1.0
spc,valve2__3,Current,8,1.0
spc,valve2__3,Current,9,1.0
spc,valve2__3,Current,10,1.0
spc,valve2__3,Current,11,2.0
spc,valve2__3,Current,12,0.0
spc,valve2__3,Current,13,1.0
spc,valve2__3,Current,14,1.0
spc,valve2__3,Current,15,2.0
spc,valve2__3,Current,16,2.0
spc,valve2__3,Current,17,1.0
spc,valve2__3,Temperature,0,9.0
spc,valve2__3,Temperature,1,1.0
spc,valve2__3,Temperature,2,2.0
spc,valve2__3,Temperature,3,1.0
spc,valve2__3,Temperature,4,1.0
spc,valve2__3,Temperature,5,1.0
spc,valve2__3,Temperature,6,1.0
spc,valve2__3,Temperature,7,1.0
spc,valve2__3,Temperature,8,1.0
spc,valve2__3,Temperature,9,1.0
spc,valve2__3,Temperature,10,3.0
spc,valve2__3,Temperature,11,49.0
spc,valve2__3,Temperature,12,56.0
spc,valve2__3,Temperature,13,49.0
spc,valve2__3,Temperature,14,57.0
spc,valve2__3,Temperature,15,57.0
spc,valve2__3,Temperature,16,57.0
spc,valve2__3,Temperature,17,38.0
spc,valve2__3,Thermocouple,0,1.0
spc,valve2__3,Thermocouple,1,2.0
spc,valve2__3,Thermocouple,2,5.0
spc,valve2__3,Thermocouple,3,26.0
spc,valve2__3,Thermocouple,4,6.0
spc,valve2__3,Thermocouple,5,25.0
spc,valve2__3,Thermocouple,6,8.0
spc,valve2__3,Thermocouple,7,7.0
spc,valve2__3,Thermocouple,8,5.0
spc,valve2__3,Thermocouple,9,8.0
spc,valve2__3,Thermocouple,10,3.0
spc,valve2__3,Thermocouple,11,24.0
spc,valve2__3,Thermocouple,12,59.0
spc,valve2__3,Thermocouple,13,57.0
spc,valve2__3,Thermocouple,14,60.0
spc,valve2__3,Thermocouple,15,56.0
spc,valve2__3,Thermocouple,16,56.0
spc,valve2__3,Thermocouple,17,38.0
spc,valve2__3,Voltage,0,0.0
spc,valve2__3,Voltage,1,0.0
spc,valve2__3,Voltage,2,1.0
spc,valve2__3,Voltage,3,0.0
spc,valve2__3,Voltage,4,0.0
spc,valve2__3,Voltage,5,0.0
spc,valve2__3,Voltage,6,1.0
spc,valve2__3,Voltage,7,0.0
spc,valve2__3,Voltage,8,0.0
spc,valve2__3,Voltage,9,0.0
spc,valve2__3,Voltage,10,0.0
spc,valve2__3,Voltage,11,0.0
spc,valve2__3,Voltage,12,0.0
spc,valve2__3,Voltage,13,0.0
spc,valve2__3,Voltage,14,0.0
spc,valve2__3,Voltage,15,1.0
spc,valve2__3,Voltage,16,0.0
spc,valve2__3,Voltage,17,0.0
