design,record,group,segment,tag,quantity,method,adjustment,n_before,n_after,n_covariates,estimate,lo,hi,width,p_value,clears,refused,reason,trend_t,lag1,lag1_after,hac_bandwidth,before_trend,covariate_outside,covariate_shifted,too_persistent,variance_reduction,variance_ratio_after
3w_aligned_onset,WELL-00001_20140124083303,WELL-00001,0,P-ANULAR,level,block_bootstrap,adjusted,180,120,3,,,,,,,1,no_spread,,,,,,,,,,
3w_aligned_onset,WELL-00001_20140124083303,WELL-00001,0,P-ANULAR,level,block_bootstrap,raw,180,120,0,,,,,,,1,no_spread,,,,,,,,,,
3w_aligned_onset,WELL-00001_20140124083303,WELL-00001,0,P-ANULAR,level,ewc,adjusted,180,120,3,,,,,,,1,no_spread,,,,,,,,,,
3w_aligned_onset,WELL-00001_20140124083303,WELL-00001,0,P-ANULAR,level,ewc,raw,180,120,0,,,,,,,1,no_spread,,,,,,,,,,
3w_aligned_onset,WELL-00001_20140124083303,WELL-00001,0,P-ANULAR,level,hac,adjusted,180,120,3,,,,,,,1,no_spread,,,,,,,,,,
3w_aligned_onset,WELL-00001_20140124083303,WELL-00001,0,P-ANULAR,level,hac,raw,180,120,0,,,,,,,1,no_spread,,,,,,,,,,
3w_aligned_onset,WELL-00001_20140124083303,WELL-00001,0,P-ANULAR,level,naive,adjusted,180,120,3,,,,,,,1,no_spread,,,,,,,,,,
3w_aligned_onset,WELL-00001_20140124083303,WELL-00001,0,P-ANULAR,level,naive,raw,180,120,0,,,,,,,1,no_spread,,,,,,,,,,
3w_aligned_onset,WELL-00001_20140124083303,WELL-00001,0,P-ANULAR,spread,block_bootstrap,adjusted,180,120,3,,,,,,,1,no_spread,,,,,,,,,,
3w_aligned_onset,WELL-00001_20140124083303,WELL-00001,0,P-ANULAR,spread,block_bootstrap,raw,180,120,0,,,,,,,1,no_spread,,,,,,,,,,
3w_aligned_onset,WELL-00001_20140124083303,WELL-00001,0,P-ANULAR,spread,naive,adjusted,180,120,3,,,,,,,1,no_spread,,,,,,,,,,
3w_aligned_onset,WELL-00001_20140124083303,WELL-00001,0,P-ANULAR,spread,naive,raw,180,120,0,,,,,,,1,no_spread,,,,,,,,,,
3w_aligned_onset,WELL-00001_20140124083303,WELL-00001,0,P-JUS-CKGL,level,block_bootstrap,adjusted,180,120,3,,,,,,,1,no_spread,,,,,,,,,,
3w_aligned_onset,WELL-00001_20140124083303,WELL-00001,0,P-JUS-CKGL,level,block_bootstrap,raw,180,120,0,,,,,,,1,no_spread,,,,,,,,,,
3w_aligned_onset,WELL-00001_20140124083303,WELL-00001,0,P-JUS-CKGL,level,ewc,adjusted,180,120,3,,,,,,,1,no_spread,,,,,,,,,,
3w_aligned_onset,WELL-00001_20140124083303,WELL-00001,0,P-JUS-CKGL,level,ewc,raw,180,120,0,,,,,,,1,no_spread,,,,,,,,,,
3w_aligned_onset,WELL-00001_20140124083303,WELL-00001,0,P-JUS-CKGL,level,hac,adjusted,180,120,3,,,,,,,1,no_spread,,,,,,,,,,
3w_aligned_onset,WELL-00001_20140124083303,WELL-00001,0,P-JUS-CKGL,level,hac,raw,180,120,0,,,,,,,1,no_spread,,,,,,,,,,
3w_aligned_onset,WELL-00001_20140124083303,WELL-00001,0,P-JUS-CKGL,level,naive,adjusted,180,120,3,,,,,,,1,no_spread,,,,,,,,,,
3w_aligned_onset,WELL-00001_20140124083303,WELL-00001,0,P-JUS-CKGL,level,naive,raw,180,120,0,,,,,,,1,no_spread,,,,,,,,,,
3w_aligned_onset,WELL-00001_20140124083303,WELL-00001,0,P-JUS-CKGL,spread,block_bootstrap,adjusted,180,120,3,,,,,,,1,no_spread,,,,,,,,,,
3w_aligned_onset,WELL-00001_20140124083303,WELL-00001,0,P-JUS-CKGL,spread,block_bootstrap,raw,180,120,0,,,,,,,1,no_spread,,,,,,,,,,
3w_aligned_onset,WELL-00001_20140124083303,WELL-00001,0,P-JUS-CKGL,spread,naive,adjusted,180,120,3,,,,,,,1,no_spread,,,,,,,,,,
3w_aligned_onset,WELL-00001_20140124083303,WELL-00001,0,P-JUS-CKGL,spread,naive,raw,180,120,0,,,,,,,1,no_spread,,,,,,,,,,
3w_aligned_onset,WELL-00001_20140124083303,WELL-00001,0,P-MON-CKP,level,block_bootstrap,adjusted,180,120,2,,,,,,,1,covariate_outside,,,,,,1,1,,,
3w_aligned_onset,WELL-00001_20140124083303,WELL-00001,0,P-MON-CKP,level,block_bootstrap,raw,180,120,0,-176.0258,-201.4741,-156.3705,45.1036,0.0,1,0,,-3.9604,1.0195,0.9509,179.0,1,,,1,,
3w_aligned_onset,WELL-00001_20140124083303,WELL-00001,0,P-MON-CKP,level,ewc,adjusted,180,120,2,,,,,,,1,covariate_outside,,,,,,1,1,,,
3w_aligned_onset,WELL-00001_20140124083303,WELL-00001,0,P-MON-CKP,level,ewc,raw,180,120,0,-176.0258,-212.4851,-139.5664,72.9186,0.0,1,0,,-3.9604,1.0195,0.9509,179.0,1,,,1,,
3w_aligned_onset,WELL-00001_20140124083303,WELL-00001,0,P-MON-CKP,level,hac,adjusted,180,120,2,,,,,,,1,covariate_outside,,,,,,1,1,,,
3w_aligned_onset,WELL-00001_20140124083303,WELL-00001,0,P-MON-CKP,level,hac,raw,180,120,0,-176.0258,-218.9252,-133.1264,85.7988,0.0,1,0,,-3.9604,1.0195,0.9509,179.0,1,,,1,,
3w_aligned_onset,WELL-00001_20140124083303,WELL-00001,0,P-MON-CKP,level,naive,adjusted,180,120,2,,,,,,,1,covariate_outside,,,,,,1,1,,,
3w_aligned_onset,WELL-00001_20140124083303,WELL-00001,0,P-MON-CKP,level,naive,raw,180,120,0,-176.0258,-184.8219,-167.2296,17.5923,0.0,1,0,,-3.9604,1.0195,0.9509,179.0,1,,,1,,
3w_aligned_onset,WELL-00001_20140124083303,WELL-00001,0,P-MON-CKP,spread,block_bootstrap,adjusted,180,120,2,,,,,,,1,covariate_outside,,,,,,1,1,,,
3w_aligned_onset,WELL-00001_20140124083303,WELL-00001,0,P-MON-CKP,spread,block_bootstrap,raw,180,120,0,3.895,3.2089,4.5482,1.3393,0.0,1,0,,-3.9604,1.0195,0.9509,179.0,1,,,1,,
3w_aligned_onset,WELL-00001_20140124083303,WELL-00001,0,P-MON-CKP,spread,naive,adjusted,180,120,2,,,,,,,1,covariate_outside,,,,,,1,1,,,
3w_aligned_onset,WELL-00001_20140124083303,WELL-00001,0,P-MON-CKP,spread,naive,raw,180,120,0,3.895,3.7311,4.0589,0.3278,0.0,1,0,,-3.9604,1.0195,0.9509,179.0,1,,,1,,
3w_aligned_onset,WELL-00001_20140124083303,WELL-00001,0,P-PDG,level,block_bootstrap,adjusted,180,120,3,,,,,,,1,no_spread,,,,,,,,,,
3w_aligned_onset,WELL-00001_20140124083303,WELL-00001,0,P-PDG,level,block_bootstrap,raw,180,120,0,,,,,,,1,no_spread,,,,,,,,,,
3w_aligned_onset,WELL-00001_20140124083303,WELL-00001,0,P-PDG,level,ewc,adjusted,180,120,3,,,,,,,1,no_spread,,,,,,,,,,
3w_aligned_onset,WELL-00001_20140124083303,WELL-00001,0,P-PDG,level,ewc,raw,180,120,0,,,,,,,1,no_spread,,,,,,,,,,
3w_aligned_onset,WELL-00001_20140124083303,WELL-00001,0,P-PDG,level,hac,adjusted,180,120,3,,,,,,,1,no_spread,,,,,,,,,,
3w_aligned_onset,WELL-00001_20140124083303,WELL-00001,0,P-PDG,level,hac,raw,180,120,0,,,,,,,1,no_spread,,,,,,,,,,
3w_aligned_onset,WELL-00001_20140124083303,WELL-00001,0,P-PDG,level,naive,adjusted,180,120,3,,,,,,,1,no_spread,,,,,,,,,,
3w_aligned_onset,WELL-00001_20140124083303,WELL-00001,0,P-PDG,level,naive,raw,180,120,0,,,,,,,1,no_spread,,,,,,,,,,
3w_aligned_onset,WELL-00001_20140124083303,WELL-00001,0,P-PDG,spread,block_bootstrap,adjusted,180,120,3,,,,,,,1,no_spread,,,,,,,,,,
3w_aligned_onset,WELL-00001_20140124083303,WELL-00001,0,P-PDG,spread,block_bootstrap,raw,180,120,0,,,,,,,1,no_spread,,,,,,,,,,
3w_aligned_onset,WELL-00001_20140124083303,WELL-00001,0,P-PDG,spread,naive,adjusted,180,120,3,,,,,,,1,no_spread,,,,,,,,,,
3w_aligned_onset,WELL-00001_20140124083303,WELL-00001,0,P-PDG,spread,naive,raw,180,120,0,,,,,,,1,no_spread,,,,,,,,,,
3w_aligned_onset,WELL-00001_20140124083303,WELL-00001,0,P-TPT,level,block_bootstrap,adjusted,180,120,2,,,,,,,1,covariate_outside,,,,,,1,1,,,
3w_aligned_onset,WELL-00001_20140124083303,WELL-00001,0,P-TPT,level,block_bootstrap,raw,180,120,0,-59.6216,-73.1917,-48.1164,25.0752,0.0,1,0,,3.9281,0.9715,0.9838,68.6204,1,,,1,,
3w_aligned_onset,WELL-00001_20140124083303,WELL-00001,0,P-TPT,level,ewc,adjusted,180,120,2,,,,,,,1,covariate_outside,,,,,,1,1,,,
3w_aligned_onset,WELL-00001_20140124083303,WELL-00001,0,P-TPT,level,ewc,raw,180,120,0,-59.6216,-78.4244,-40.8189,37.6055,0.0001,1,0,,3.9281,0.9715,0.9838,68.6204,1,,,1,,
3w_aligned_onset,WELL-00001_20140124083303,WELL-00001,0,P-TPT,level,hac,adjusted,180,120,2,,,,,,,1,covariate_outside,,,,,,1,1,,,
3w_aligned_onset,WELL-00001_20140124083303,WELL-00001,0,P-TPT,level,hac,raw,180,120,0,-59.6216,-83.7939,-35.4494,48.3446,0.0,1,0,,3.9281,0.9715,0.9838,68.6204,1,,,1,,
3w_aligned_onset,WELL-00001_20140124083303,WELL-00001,0,P-TPT,level,naive,adjusted,180,120,2,,,,,,,1,covariate_outside,,,,,,1,1,,,
3w_aligned_onset,WELL-00001_20140124083303,WELL-00001,0,P-TPT,level,naive,raw,180,120,0,-59.6216,-64.1176,-55.1256,8.992,0.0,1,0,,3.9281,0.9715,0.9838,68.6204,1,,,1,,
3w_aligned_onset,WELL-00001_20140124083303,WELL-00001,0,P-TPT,spread,block_bootstrap,adjusted,180,120,2,,,,,,,1,covariate_outside,,,,,,1,1,,,
3w_aligned_onset,WELL-00001_20140124083303,WELL-00001,0,P-TPT,spread,block_bootstrap,raw,180,120,0,3.2235,2.6264,3.4047,0.7783,0.0,1,0,,3.9281,0.9715,0.9838,68.6204,1,,,1,,
3w_aligned_onset,WELL-00001_20140124083303,WELL-00001,0,P-TPT,spread,naive,adjusted,180,120,2,,,,,,,1,covariate_outside,,,,,,1,1,,,
3w_aligned_onset,WELL-00001_20140124083303,WELL-00001,0,P-TPT,spread,naive,raw,180,120,0,3.2235,3.0596,3.3874,0.3278,0.0,1,0,,3.9281,0.9715,0.9838,68.6204,1,,,1,,
3w_aligned_onset,WELL-00001_20140124083303,WELL-00001,0,T-TPT,level,block_bootstrap,adjusted,180,120,2,,,,,,,1,covariate_outside,,,,,,1,1,,,
3w_aligned_onset,WELL-00001_20140124083303,WELL-00001,0,T-TPT,level,block_bootstrap,raw,180,120,0,19.2716,14.6502,24.0862,9.4361,0.0,1,0,,1.1761,0.7788,0.987,16.1725,0,,,1,,
3w_aligned_onset,WELL-00001_20140124083303,WELL-00001,0,T-TPT,level,ewc,adjusted,180,120,2,,,,,,,1,covariate_outside,,,,,,1,1,,,
3w_aligned_onset,WELL-00001_20140124083303,WELL-00001,0,T-TPT,level,ewc,raw,180,120,0,19.2716,12.2705,26.2727,14.0022,0.0002,1,0,,1.1761,0.7788,0.987,16.1725,0,,,1,,
3w_aligned_onset,WELL-00001_20140124083303,WELL-00001,0,T-TPT,level,hac,adjusted,180,120,2,,,,,,,1,covariate_outside,,,,,,1,1,,,
3w_aligned_onset,WELL-00001_20140124083303,WELL-00001,0,T-TPT,level,hac,raw,180,120,0,19.2716,10.7402,27.8029,17.0627,0.0,1,0,,1.1761,0.7788,0.987,16.1725,0,,,1,,
3w_aligned_onset,WELL-00001_20140124083303,WELL-00001,0,T-TPT,level,naive,adjusted,180,120,2,,,,,,,1,covariate_outside,,,,,,1,1,,,
3w_aligned_onset,WELL-00001_20140124083303,WELL-00001,0,T-TPT,level,naive,raw,180,120,0,19.2716,17.5844,20.9587,3.3744,0.0,1,0,,1.1761,0.7788,0.987,16.1725,0,,,1,,
3w_aligned_onset,WELL-00001_20140124083303,WELL-00001,0,T-TPT,spread,block_bootstrap,adjusted,180,120,2,,,,,,,1,covariate_outside,,,,,,1,1,,,
3w_aligned_onset,WELL-00001_20140124083303,WELL-00001,0,T-TPT,spread,block_bootstrap,raw,180,120,0,2.2401,1.721,2.6075,0.8865,0.0,1,0,,1.1761,0.7788,0.987,16.1725,0,,,1,,
3w_aligned_onset,WELL-00001_20140124083303,WELL-00001,0,T-TPT,spread,naive,adjusted,180,120,2,,,,,,,1,covariate_outside,,,,,,1,1,,,
3w_aligned_onset,WELL-00001_20140124083303,WELL-00001,0,T-TPT,spread,naive,raw,180,120,0,2.2401,2.0762,2.404,0.3278,0.0,1,0,,1.1761,0.7788,0.987,16.1725,0,,,1,,
3w_aligned_onset,WELL-00001_20170226130146,WELL-00001,0,P-ANULAR,level,block_bootstrap,adjusted,180,120,4,,,,,,,1,covariate_outside,,,,,,1,1,,,
3w_aligned_onset,WELL-00001_20170226130146,WELL-00001,0,P-ANULAR,level,block_bootstrap,raw,180,120,0,-2.4583,-2.874,-1.9765,0.8976,0.0,1,0,,-8.2863,0.9762,0.8182,77.3971,1,,,1,,
3w_aligned_onset,WELL-00001_20170226130146,WELL-00001,0,P-ANULAR,level,ewc,adjusted,180,120,4,,,,,,,1,covariate_outside,,,,,,1,1,,,
3w_aligned_onset,WELL-00001_20170226130146,WELL-00001,0,P-ANULAR,level,ewc,raw,180,120,0,-2.4583,-3.1243,-1.7923,1.332,0.0,1,0,,-8.2863,0.9762,0.8182,77.3971,1,,,1,,
3w_aligned_onset,WELL-00001_20170226130146,WELL-00001,0,P-ANULAR,level,hac,adjusted,180,120,4,,,,,,,1,covariate_outside,,,,,,1,1,,,
3w_aligned_onset,WELL-00001_20170226130146,WELL-00001,0,P-ANULAR,level,hac,raw,180,120,0,-2.4583,-3.3139,-1.6027,1.7112,0.0,1,0,,-8.2863,0.9762,0.8182,77.3971,1,,,1,,
3w_aligned_onset,WELL-00001_20170226130146,WELL-00001,0,P-ANULAR,level,naive,adjusted,180,120,4,,,,,,,1,covariate_outside,,,,,,1,1,,,
3w_aligned_onset,WELL-00001_20170226130146,WELL-00001,0,P-ANULAR,level,naive,raw,180,120,0,-2.4583,-2.6344,-2.2822,0.3522,0.0,1,0,,-8.2863,0.9762,0.8182,77.3971,1,,,1,,
3w_aligned_onset,WELL-00001_20170226130146,WELL-00001,0,P-ANULAR,spread,block_bootstrap,adjusted,180,120,4,,,,,,,1,covariate_outside,,,,,,1,1,,,
3w_aligned_onset,WELL-00001_20170226130146,WELL-00001,0,P-ANULAR,spread,block_bootstrap,raw,180,120,0,,,,,,,1,no_spread_after,-8.2863,0.9762,0.8182,77.3971,1,,,1,,
3w_aligned_onset,WELL-00001_20170226130146,WELL-00001,0,P-ANULAR,spread,naive,adjusted,180,120,4,,,,,,,1,covariate_outside,,,,,,1,1,,,
3w_aligned_onset,WELL-00001_20170226130146,WELL-00001,0,P-ANULAR,spread,naive,raw,180,120,0,-0.5986,-0.7625,-0.4347,0.3278,0.0,1,0,,-8.2863,0.9762,0.8182,77.3971,1,,,1,,
3w_aligned_onset,WELL-00001_20170226130146,WELL-00001,0,P-JUS-CKGL,level,block_bootstrap,adjusted,180,120,4,-1.6905,-2.1331,-1.2578,0.8753,0.0,1,0,,-2.7558,0.8604,0.9015,22.8027,1,0,1,1,0.7719,1.4347
3w_aligned_onset,WELL-00001_20170226130146,WELL-00001,0,P-JUS-CKGL,level,block_bootstrap,raw,180,120,0,-4.0288,-4.5462,-3.4933,1.0529,0.0,1,0,,-5901.6098,0.9998,0.9994,179.0,1,,,1,,
3w_aligned_onset,WELL-00001_20170226130146,WELL-00001,0,P-JUS-CKGL,level,ewc,adjusted,180,120,4,-1.6905,-2.2756,-1.1054,1.1702,0.0,1,0,,-2.7558,0.8604,0.9015,22.8027,1,0,1,1,0.7719,1.4347
3w_aligned_onset,WELL-00001_20170226130146,WELL-00001,0,P-JUS-CKGL,level,ewc,raw,180,120,0,-4.0288,-4.7841,-3.2735,1.5106,0.0,1,0,,-5901.6098,0.9998,0.9994,179.0,1,,,1,,
3w_aligned_onset,WELL-00001_20170226130146,WELL-00001,0,P-JUS-CKGL,level,hac,adjusted,180,120,4,-1.6905,-2.3186,-1.0624,1.2562,0.0,1,0,,-2.7558,0.8604,0.9015,22.8027,1,0,1,1,0.7719,1.4347
3w_aligned_onset,WELL-00001_20170226130146,WELL-00001,0,P-JUS-CKGL,level,hac,raw,180,120,0,-4.0288,-5.0818,-2.9757,2.1061,0.0,1,0,,-5901.6098,0.9998,0.9994,179.0,1,,,1,,
3w_aligned_onset,WELL-00001_20170226130146,WELL-00001,0,P-JUS-CKGL,level,naive,adjusted,180,120,4,-1.6905,-1.8493,-1.5317,0.3177,0.0,1,0,,-2.7558,0.8604,0.9015,22.8027,1,0,1,1,0.7719,1.4347
3w_aligned_onset,WELL-00001_20170226130146,WELL-00001,0,P-JUS-CKGL,level,naive,raw,180,120,0,-4.0288,-4.2173,-3.8403,0.377,0.0,1,0,,-5901.6098,0.9998,0.9994,179.0,1,,,1,,
3w_aligned_onset,WELL-00001_20170226130146,WELL-00001,0,P-JUS-CKGL,spread,block_bootstrap,adjusted,180,120,4,0.5128,-0.0913,0.8777,0.9689,0.09,0,0,,-2.7558,0.8604,0.9015,22.8027,1,0,1,1,0.7719,1.4347
3w_aligned_onset,WELL-00001_20170226130146,WELL-00001,0,P-JUS-CKGL,spread,block_bootstrap,raw,180,120,0,-0.4068,-0.8984,-0.0707,0.8277,0.0,1,0,,-5901.6098,0.9998,0.9994,179.0,1,,,1,,
3w_aligned_onset,WELL-00001_20170226130146,WELL-00001,0,P-JUS-CKGL,spread,naive,adjusted,180,120,4,0.5128,0.3488,0.6767,0.3278,0.0,1,0,,-2.7558,0.8604,0.9015,22.8027,1,0,1,1,0.7719,1.4347
3w_aligned_onset,WELL-00001_20170226130146,WELL-00001,0,P-JUS-CKGL,spread,naive,raw,180,120,0,-0.4068,-0.5707,-0.2429,0.3278,0.0,1,0,,-5901.6098,0.9998,0.9994,179.0,1,,,1,,
3w_aligned_onset,WELL-00001_20170226130146,WELL-00001,0,P-MON-CKP,level,block_bootstrap,adjusted,180,120,4,,,,,,,1,covariate_outside,,,,,,1,1,,,
3w_aligned_onset,WELL-00001_20170226130146,WELL-00001,0,P-MON-CKP,level,block_bootstrap,raw,180,120,0,0.7769,0.5441,1.071,0.5269,0.0,1,0,,0.8052,0.254,0.2923,4.3021,0,,,0,,
3w_aligned_onset,WELL-00001_20170226130146,WELL-00001,0,P-MON-CKP,level,ewc,adjusted,180,120,4,,,,,,,1,covariate_outside,,,,,,1,1,,,
3w_aligned_onset,WELL-00001_20170226130146,WELL-00001,0,P-MON-CKP,level,ewc,raw,180,120,0,0.7769,0.4149,1.139,0.7241,0.0002,1,0,,0.8052,0.254,0.2923,4.3021,0,,,0,,
3w_aligned_onset,WELL-00001_20170226130146,WELL-00001,0,P-MON-CKP,level,hac,adjusted,180,120,4,,,,,,,1,covariate_outside,,,,,,1,1,,,
3w_aligned_onset,WELL-00001_20170226130146,WELL-00001,0,P-MON-CKP,level,hac,raw,180,120,0,0.7769,0.4891,1.0648,0.5758,0.0,1,0,,0.8052,0.254,0.2923,4.3021,0,,,0,,
3w_aligned_onset,WELL-00001_20170226130146,WELL-00001,0,P-MON-CKP,level,naive,adjusted,180,120,4,,,,,,,1,covariate_outside,,,,,,1,1,,,
3w_aligned_onset,WELL-00001_20170226130146,WELL-00001,0,P-MON-CKP,level,naive,raw,180,120,0,0.7769,0.5356,1.0183,0.4827,0.0,1,0,,0.8052,0.254,0.2923,4.3021,0,,,0,,
3w_aligned_onset,WELL-00001_20170226130146,WELL-00001,0,P-MON-CKP,spread,block_bootstrap,adjusted,180,120,4,,,,,,,1,covariate_outside,,,,,,1,1,,,
3w_aligned_onset,WELL-00001_20170226130146,WELL-00001,0,P-MON-CKP,spread,block_bootstrap,raw,180,120,0,0.071,-0.2171,0.2603,0.4774,0.64,0,0,,0.8052,0.254,0.2923,4.3021,0,,,0,,
3w_aligned_onset,WELL-00001_20170226130146,WELL-00001,0,P-MON-CKP,spread,naive,adjusted,180,120,4,,,,,,,1,covariate_outside,,,,,,1,1,,,
3w_aligned_onset,WELL-00001_20170226130146,WELL-00001,0,P-MON-CKP,spread,naive,raw,180,120,0,0.071,-0.0929,0.2349,0.3278,0.3959,0,0,,0.8052,0.254,0.2923,4.3021,0,,,0,,
3w_aligned_onset,WELL-00001_20170226130146,WELL-00001,0,P-PDG,level,block_bootstrap,adjusted,180,120,5,,,,,,,1,no_spread,,,,,,,,,,
3w_aligned_onset,WELL-00001_20170226130146,WELL-00001,0,P-PDG,level,block_bootstrap,raw,180,120,0,,,,,,,1,no_spread,,,,,,,,,,
3w_aligned_onset,WELL-00001_20170226130146,WELL-00001,0,P-PDG,level,ewc,adjusted,180,120,5,,,,,,,1,no_spread,,,,,,,,,,
3w_aligned_onset,WELL-00001_20170226130146,WELL-00001,0,P-PDG,level,ewc,raw,180,120,0,,,,,,,1,no_spread,,,,,,,,,,
3w_aligned_onset,WELL-00001_20170226130146,WELL-00001,0,P-PDG,level,hac,adjusted,180,120,5,,,,,,,1,no_spread,,,,,,,,,,
3w_aligned_onset,WELL-00001_20170226130146,WELL-00001,0,P-PDG,level,hac,raw,180,120,0,,,,,,,1,no_spread,,,,,,,,,,
3w_aligned_onset,WELL-00001_20170226130146,WELL-00001,0,P-PDG,level,naive,adjusted,180,120,5,,,,,,,1,no_spread,,,,,,,,,,
3w_aligned_onset,WELL-00001_20170226130146,WELL-00001,0,P-PDG,level,naive,raw,180,120,0,,,,,,,1,no_spread,,,,,,,,,,
3w_aligned_onset,WELL-00001_20170226130146,WELL-00001,0,P-PDG,spread,block_bootstrap,adjusted,180,120,5,,,,,,,1,no_spread,,,,,,,,,,
3w_aligned_onset,WELL-00001_20170226130146,WELL-00001,0,P-PDG,spread,block_bootstrap,raw,180,120,0,,,,,,,1,no_spread,,,,,,,,,,
3w_aligned_onset,WELL-00001_20170226130146,WELL-00001,0,P-PDG,spread,naive,adjusted,180,120,5,,,,,,,1,no_spread,,,,,,,,,,
3w_aligned_onset,WELL-00001_20170226130146,WELL-00001,0,P-PDG,spread,naive,raw,180,120,0,,,,,,,1,no_spread,,,,,,,,,,
3w_aligned_onset,WELL-00001_20170226130146,WELL-00001,0,P-TPT,level,block_bootstrap,adjusted,180,120,4,,,,,,,1,covariate_outside,,,,,,1,1,,,
3w_aligned_onset,WELL-00001_20170226130146,WELL-00001,0,P-TPT,level,block_bootstrap,raw,180,120,0,0.3174,-0.1393,0.8514,0.9907,0.19,0,0,,-0.0871,0.9489,0.9449,46.0893,0,,,1,,
3w_aligned_onset,WELL-00001_20170226130146,WELL-00001,0,P-TPT,level,ewc,adjusted,180,120,4,,,,,,,1,covariate_outside,,,,,,1,1,,,
3w_aligned_onset,WELL-00001_20170226130146,WELL-00001,0,P-TPT,level,ewc,raw,180,120,0,0.3174,-0.3621,0.997,1.3592,0.3415,0,0,,-0.0871,0.9489,0.9449,46.0893,0,,,1,,
3w_aligned_onset,WELL-00001_20170226130146,WELL-00001,0,P-TPT,level,hac,adjusted,180,120,4,,,,,,,1,covariate_outside,,,,,,1,1,,,
3w_aligned_onset,WELL-00001_20170226130146,WELL-00001,0,P-TPT,level,hac,raw,180,120,0,0.3174,-0.0646,0.6995,0.7641,0.1034,0,0,,-0.0871,0.9489,0.9449,46.0893,0,,,1,,
3w_aligned_onset,WELL-00001_20170226130146,WELL-00001,0,P-TPT,level,naive,adjusted,180,120,4,,,,,,,1,covariate_outside,,,,,,1,1,,,
3w_aligned_onset,WELL-00001_20170226130146,WELL-00001,0,P-TPT,level,naive,raw,180,120,0,0.3174,0.1368,0.4981,0.3613,0.0006,1,0,,-0.0871,0.9489,0.9449,46.0893,0,,,1,,
3w_aligned_onset,WELL-00001_20170226130146,WELL-00001,0,P-TPT,spread,block_bootstrap,adjusted,180,120,4,,,,,,,1,covariate_outside,,,,,,1,1,,,
3w_aligned_onset,WELL-00001_20170226130146,WELL-00001,0,P-TPT,spread,block_bootstrap,raw,180,120,0,-0.5207,-1.1961,-0.3419,0.8542,0.0,1,0,,-0.0871,0.9489,0.9449,46.0893,0,,,1,,
3w_aligned_onset,WELL-00001_20170226130146,WELL-00001,0,P-TPT,spread,naive,adjusted,180,120,4,,,,,,,1,covariate_outside,,,,,,1,1,,,
3w_aligned_onset,WELL-00001_20170226130146,WELL-00001,0,P-TPT,spread,naive,raw,180,120,0,-0.5207,-0.6847,-0.3568,0.3278,0.0,1,0,,-0.0871,0.9489,0.9449,46.0893,0,,,1,,
3w_aligned_onset,WELL-00001_20170226130146,WELL-00001,0,T-TPT,level,block_bootstrap,adjusted,180,120,4,,,,,,,1,covariate_outside,,,,,,1,1,,,
3w_aligned_onset,WELL-00001_20170226130146,WELL-00001,0,T-TPT,level,block_bootstrap,raw,180,120,0,0.11,-0.3615,0.5495,0.911,0.6,0,0,,-0.7954,0.9379,0.6266,40.3372,0,,,1,,
3w_aligned_onset,WELL-00001_20170226130146,WELL-00001,0,T-TPT,level,ewc,adjusted,180,120,4,,,,,,,1,covariate_outside,,,,,,1,1,,,
3w_aligned_onset,WELL-00001_20170226130146,WELL-00001,0,T-TPT,level,ewc,raw,180,120,0,0.11,-0.4412,0.6611,1.1024,0.6781,0,0,,-0.7954,0.9379,0.6266,40.3372,0,,,1,,
3w_aligned_onset,WELL-00001_20170226130146,WELL-00001,0,T-TPT,level,hac,adjusted,180,120,4,,,,,,,1,covariate_outside,,,,,,1,1,,,
3w_aligned_onset,WELL-00001_20170226130146,WELL-00001,0,T-TPT,level,hac,raw,180,120,0,0.11,-0.4157,0.6357,1.0514,0.6818,0,0,,-0.7954,0.9379,0.6266,40.3372,0,,,1,,
3w_aligned_onset,WELL-00001_20170226130146,WELL-00001,0,T-TPT,level,naive,adjusted,180,120,4,,,,,,,1,covariate_outside,,,,,,1,1,,,
3w_aligned_onset,WELL-00001_20170226130146,WELL-00001,0,T-TPT,level,naive,raw,180,120,0,0.11,-0.0708,0.2907,0.3615,0.2331,0,0,,-0.7954,0.9379,0.6266,40.3372,0,,,1,,
3w_aligned_onset,WELL-00001_20170226130146,WELL-00001,0,T-TPT,spread,block_bootstrap,adjusted,180,120,4,,,,,,,1,covariate_outside,,,,,,1,1,,,
3w_aligned_onset,WELL-00001_20170226130146,WELL-00001,0,T-TPT,spread,block_bootstrap,raw,180,120,0,-0.5195,-26.9589,-0.0569,26.902,0.02,1,0,,-0.7954,0.9379,0.6266,40.3372,0,,,1,,
3w_aligned_onset,WELL-00001_20170226130146,WELL-00001,0,T-TPT,spread,naive,adjusted,180,120,4,,,,,,,1,covariate_outside,,,,,,1,1,,,
3w_aligned_onset,WELL-00001_20170226130146,WELL-00001,0,T-TPT,spread,naive,raw,180,120,0,-0.5195,-0.6834,-0.3556,0.3278,0.0,1,0,,-0.7954,0.9379,0.6266,40.3372,0,,,1,,
3w_aligned_onset,WELL-00002_20140212160333,WELL-00002,0,P-ANULAR,level,block_bootstrap,adjusted,180,120,2,,,,,,,1,no_spread,,,,,,,,,,
3w_aligned_onset,WELL-00002_20140212160333,WELL-00002,0,P-ANULAR,level,block_bootstrap,raw,180,120,0,,,,,,,1,no_spread,,,,,,,,,,
3w_aligned_onset,WELL-00002_20140212160333,WELL-00002,0,P-ANULAR,level,ewc,adjusted,180,120,2,,,,,,,1,no_spread,,,,,,,,,,
3w_aligned_onset,WELL-00002_20140212160333,WELL-00002,0,P-ANULAR,level,ewc,raw,180,120,0,,,,,,,1,no_spread,,,,,,,,,,
3w_aligned_onset,WELL-00002_20140212160333,WELL-00002,0,P-ANULAR,level,hac,adjusted,180,120,2,,,,,,,1,no_spread,,,,,,,,,,
3w_aligned_onset,WELL-00002_20140212160333,WELL-00002,0,P-ANULAR,level,hac,raw,180,120,0,,,,,,,1,no_spread,,,,,,,,,,
3w_aligned_onset,WELL-00002_20140212160333,WELL-00002,0,P-ANULAR,level,naive,adjusted,180,120,2,,,,,,,1,no_spread,,,,,,,,,,
3w_aligned_onset,WELL-00002_20140212160333,WELL-00002,0,P-ANULAR,level,naive,raw,180,120,0,,,,,,,1,no_spread,,,,,,,,,,
3w_aligned_onset,WELL-00002_20140212160333,WELL-00002,0,P-ANULAR,spread,block_bootstrap,adjusted,180,120,2,,,,,,,1,no_spread,,,,,,,,,,
3w_aligned_onset,WELL-00002_20140212160333,WELL-00002,0,P-ANULAR,spread,block_bootstrap,raw,180,120,0,,,,,,,1,no_spread,,,,,,,,,,
3w_aligned_onset,WELL-00002_20140212160333,WELL-00002,0,P-ANULAR,spread,naive,adjusted,180,120,2,,,,,,,1,no_spread,,,,,,,,,,
3w_aligned_onset,WELL-00002_20140212160333,WELL-00002,0,P-ANULAR,spread,naive,raw,180,120,0,,,,,,,1,no_spread,,,,,,,,,,
3w_aligned_onset,WELL-00002_20140212160333,WELL-00002,0,P-JUS-CKGL,level,block_bootstrap,adjusted,0,0,2,,,,,,,1,too_few,,,,,,,,,,
3w_aligned_onset,WELL-00002_20140212160333,WELL-00002,0,P-JUS-CKGL,level,block_bootstrap,raw,0,0,0,,,,,,,1,too_few,,,,,,,,,,
3w_aligned_onset,WELL-00002_20140212160333,WELL-00002,0,P-JUS-CKGL,level,ewc,adjusted,0,0,2,,,,,,,1,too_few,,,,,,,,,,
3w_aligned_onset,WELL-00002_20140212160333,WELL-00002,0,P-JUS-CKGL,level,ewc,raw,0,0,0,,,,,,,1,too_few,,,,,,,,,,
3w_aligned_onset,WELL-00002_20140212160333,WELL-00002,0,P-JUS-CKGL,level,hac,adjusted,0,0,2,,,,,,,1,too_few,,,,,,,,,,
3w_aligned_onset,WELL-00002_20140212160333,WELL-00002,0,P-JUS-CKGL,level,hac,raw,0,0,0,,,,,,,1,too_few,,,,,,,,,,
3w_aligned_onset,WELL-00002_20140212160333,WELL-00002,0,P-JUS-CKGL,level,naive,adjusted,0,0,2,,,,,,,1,too_few,,,,,,,,,,
3w_aligned_onset,WELL-00002_20140212160333,WELL-00002,0,P-JUS-CKGL,level,naive,raw,0,0,0,,,,,,,1,too_few,,,,,,,,,,
3w_aligned_onset,WELL-00002_20140212160333,WELL-00002,0,P-JUS-CKGL,spread,block_bootstrap,adjusted,0,0,2,,,,,,,1,too_few,,,,,,,,,,
3w_aligned_onset,WELL-00002_20140212160333,WELL-00002,0,P-JUS-CKGL,spread,block_bootstrap,raw,0,0,0,,,,,,,1,too_few,,,,,,,,,,
3w_aligned_onset,WELL-00002_20140212160333,WELL-00002,0,P-JUS-CKGL,spread,naive,adjusted,0,0,2,,,,,,,1,too_few,,,,,,,,,,
3w_aligned_onset,WELL-00002_20140212160333,WELL-00002,0,P-JUS-CKGL,spread,naive,raw,0,0,0,,,,,,,1,too_few,,,,,,,,,,
3w_aligned_onset,WELL-00002_20140212160333,WELL-00002,0,P-MON-CKP,level,block_bootstrap,adjusted,0,0,2,,,,,,,1,too_few,,,,,,,,,,
3w_aligned_onset,WELL-00002_20140212160333,WELL-00002,0,P-MON-CKP,level,block_bootstrap,raw,0,0,0,,,,,,,1,too_few,,,,,,,,,,
3w_aligned_onset,WELL-00002_20140212160333,WELL-00002,0,P-MON-CKP,level,ewc,adjusted,0,0,2,,,,,,,1,too_few,,,,,,,,,,
3w_aligned_onset,WELL-00002_20140212160333,WELL-00002,0,P-MON-CKP,level,ewc,raw,0,0,0,,,,,,,1,too_few,,,,,,,,,,
3w_aligned_onset,WELL-00002_20140212160333,WELL-00002,0,P-MON-CKP,level,hac,adjusted,0,0,2,,,,,,,1,too_few,,,,,,,,,,
3w_aligned_onset,WELL-00002_20140212160333,WELL-00002,0,P-MON-CKP,level,hac,raw,0,0,0,,,,,,,1,too_few,,,,,,,,,,
3w_aligned_onset,WELL-00002_20140212160333,WELL-00002,0,P-MON-CKP,level,naive,adjusted,0,0,2,,,,,,,1,too_few,,,,,,,,,,
3w_aligned_onset,WELL-00002_20140212160333,WELL-00002,0,P-MON-CKP,level,naive,raw,0,0,0,,,,,,,1,too_few,,,,,,,,,,
3w_aligned_onset,WELL-00002_20140212160333,WELL-00002,0,P-MON-CKP,spread,block_bootstrap,adjusted,0,0,2,,,,,,,1,too_few,,,,,,,,,,
3w_aligned_onset,WELL-00002_20140212160333,WELL-00002,0,P-MON-CKP,spread,block_bootstrap,raw,0,0,0,,,,,,,1,too_few,,,,,,,,,,
3w_aligned_onset,WELL-00002_20140212160333,WELL-00002,0,P-MON-CKP,spread,naive,adjusted,0,0,2,,,,,,,1,too_few,,,,,,,,,,
3w_aligned_onset,WELL-00002_20140212160333,WELL-00002,0,P-MON-CKP,spread,naive,raw,0,0,0,,,,,,,1,too_few,,,,,,,,,,
3w_aligned_onset,WELL-00002_20140212160333,WELL-00002,0,P-PDG,level,block_bootstrap,adjusted,180,120,2,,,,,,,1,no_spread,,,,,,,,,,
3w_aligned_onset,WELL-00002_20140212160333,WELL-00002,0,P-PDG,level,block_bootstrap,raw,180,120,0,,,,,,,1,no_spread,,,,,,,,,,
3w_aligned_onset,WELL-00002_20140212160333,WELL-00002,0,P-PDG,level,ewc,adjusted,180,120,2,,,,,,,1,no_spread,,,,,,,,,,
3w_aligned_onset,WELL-00002_20140212160333,WELL-00002,0,P-PDG,level,ewc,raw,180,120,0,,,,,,,1,no_spread,,,,,,,,,,
3w_aligned_onset,WELL-00002_20140212160333,WELL-00002,0,P-PDG,level,hac,adjusted,180,120,2,,,,,,,1,no_spread,,,,,,,,,,
3w_aligned_onset,WELL-00002_20140212160333,WELL-00002,0,P-PDG,level,hac,raw,180,120,0,,,,,,,1,no_spread,,,,,,,,,,
3w_aligned_onset,WELL-00002_20140212160333,WELL-00002,0,P-PDG,level,naive,adjusted,180,120,2,,,,,,,1,no_spread,,,,,,,,,,
3w_aligned_onset,WELL-00002_20140212160333,WELL-00002,0,P-PDG,level,naive,raw,180,120,0,,,,,,,1,no_spread,,,,,,,,,,
3w_aligned_onset,WELL-00002_20140212160333,WELL-00002,0,P-PDG,spread,block_bootstrap,adjusted,180,120,2,,,,,,,1,no_spread,,,,,,,,,,
3w_aligned_onset,WELL-00002_20140212160333,WELL-00002,0,P-PDG,spread,block_bootstrap,raw,180,120,0,,,,,,,1,no_spread,,,,,,,,,,
3w_aligned_onset,WELL-00002_20140212160333,WELL-00002,0,P-PDG,spread,naive,adjusted,180,120,2,,,,,,,1,no_spread,,,,,,,,,,
3w_aligned_onset,WELL-00002_20140212160333,WELL-00002,0,P-PDG,spread,naive,raw,180,120,0,,,,,,,1,no_spread,,,,,,,,,,
3w_aligned_onset,WELL-00002_20140212160333,WELL-00002,0,P-TPT,level,block_bootstrap,adjusted,180,120,1,,,,,,,1,covariate_outside,,,,,,1,1,,,
3w_aligned_onset,WELL-00002_20140212160333,WELL-00002,0,P-TPT,level,block_bootstrap,raw,180,120,0,15.8573,12.3745,19.6562,7.2817,0.0,1,0,,1.5224,1.0098,0.9894,179.0,0,,,1,,
3w_aligned_onset,WELL-00002_20140212160333,WELL-00002,0,P-TPT,level,ewc,adjusted,180,120,1,,,,,,,1,covariate_outside,,,,,,1,1,,,
3w_aligned_onset,WELL-00002_20140212160333,WELL-00002,0,P-TPT,level,ewc,raw,180,120,0,15.8573,10.6432,21.0715,10.4283,0.0001,1,0,,1.5224,1.0098,0.9894,179.0,0,,,1,,
3w_aligned_onset,WELL-00002_20140212160333,WELL-00002,0,P-TPT,level,hac,adjusted,180,120,1,,,,,,,1,covariate_outside,,,,,,1,1,,,
3w_aligned_onset,WELL-00002_20140212160333,WELL-00002,0,P-TPT,level,hac,raw,180,120,0,15.8573,9.9113,21.8034,11.8921,0.0,1,0,,1.5224,1.0098,0.9894,179.0,0,,,1,,
3w_aligned_onset,WELL-00002_20140212160333,WELL-00002,0,P-TPT,level,naive,adjusted,180,120,1,,,,,,,1,covariate_outside,,,,,,1,1,,,
3w_aligned_onset,WELL-00002_20140212160333,WELL-00002,0,P-TPT,level,naive,raw,180,120,0,15.8573,14.6098,17.1049,2.4951,0.0,1,0,,1.5224,1.0098,0.9894,179.0,0,,,1,,
3w_aligned_onset,WELL-00002_20140212160333,WELL-00002,0,P-TPT,spread,block_bootstrap,adjusted,180,120,1,,,,,,,1,covariate_outside,,,,,,1,1,,,
3w_aligned_onset,WELL-00002_20140212160333,WELL-00002,0,P-TPT,spread,block_bootstrap,raw,180,120,0,1.9351,1.4234,2.5499,1.1265,0.0,1,0,,1.5224,1.0098,0.9894,179.0,0,,,1,,
3w_aligned_onset,WELL-00002_20140212160333,WELL-00002,0,P-TPT,spread,naive,adjusted,180,120,1,,,,,,,1,covariate_outside,,,,,,1,1,,,
3w_aligned_onset,WELL-00002_20140212160333,WELL-00002,0,P-TPT,spread,naive,raw,180,120,0,1.9351,1.7712,2.099,0.3278,0.0,1,0,,1.5224,1.0098,0.9894,179.0,0,,,1,,
3w_aligned_onset,WELL-00002_20140212160333,WELL-00002,0,T-TPT,level,block_bootstrap,adjusted,180,120,1,,,,,,,1,covariate_outside,,,,,,1,1,,,
3w_aligned_onset,WELL-00002_20140212160333,WELL-00002,0,T-TPT,level,block_bootstrap,raw,180,120,0,1.8929,1.366,2.7711,1.4051,0.0,1,0,,1.258,0.9813,0.9932,91.2929,0,,,1,,
3w_aligned_onset,WELL-00002_20140212160333,WELL-00002,0,T-TPT,level,ewc,adjusted,180,120,1,,,,,,,1,covariate_outside,,,,,,1,1,,,
3w_aligned_onset,WELL-00002_20140212160333,WELL-00002,0,T-TPT,level,ewc,raw,180,120,0,1.8929,0.9365,2.8493,1.9128,0.0006,1,0,,1.258,0.9813,0.9932,91.2929,0,,,1,,
3w_aligned_onset,WELL-00002_20140212160333,WELL-00002,0,T-TPT,level,hac,adjusted,180,120,1,,,,,,,1,covariate_outside,,,,,,1,1,,,
3w_aligned_onset,WELL-00002_20140212160333,WELL-00002,0,T-TPT,level,hac,raw,180,120,0,1.8929,0.9214,2.8643,1.9429,0.0001,1,0,,1.258,0.9813,0.9932,91.2929,0,,,1,,
3w_aligned_onset,WELL-00002_20140212160333,WELL-00002,0,T-TPT,level,naive,adjusted,180,120,1,,,,,,,1,covariate_outside,,,,,,1,1,,,
3w_aligned_onset,WELL-00002_20140212160333,WELL-00002,0,T-TPT,level,naive,raw,180,120,0,1.8929,1.6478,2.138,0.4902,0.0,1,0,,1.258,0.9813,0.9932,91.2929,0,,,1,,
3w_aligned_onset,WELL-00002_20140212160333,WELL-00002,0,T-TPT,spread,block_bootstrap,adjusted,180,120,1,,,,,,,1,covariate_outside,,,,,,1,1,,,
3w_aligned_onset,WELL-00002_20140212160333,WELL-00002,0,T-TPT,spread,block_bootstrap,raw,180,120,0,0.0954,-0.4161,0.3189,0.735,0.79,0,0,,1.258,0.9813,0.9932,91.2929,0,,,1,,
3w_aligned_onset,WELL-00002_20140212160333,WELL-00002,0,T-TPT,spread,naive,adjusted,180,120,1,,,,,,,1,covariate_outside,,,,,,1,1,,,
3w_aligned_onset,WELL-00002_20140212160333,WELL-00002,0,T-TPT,spread,naive,raw,180,120,0,0.0954,-0.0686,0.2593,0.3278,0.2542,0,0,,1.258,0.9813,0.9932,91.2929,0,,,1,,
3w_aligned_onset,WELL-00006_20170731170930,WELL-00006,0,P-ANULAR,level,block_bootstrap,adjusted,180,120,2,,,,,,,1,covariate_outside,,,,,,1,1,,,
3w_aligned_onset,WELL-00006_20170731170930,WELL-00006,0,P-ANULAR,level,block_bootstrap,raw,180,120,0,3.9945,2.8319,5.3772,2.5453,0.0,1,0,,-5.4303,0.9948,0.9854,179.0,1,,,1,,
3w_aligned_onset,WELL-00006_20170731170930,WELL-00006,0,P-ANULAR,level,ewc,adjusted,180,120,2,,,,,,,1,covariate_outside,,,,,,1,1,,,
3w_aligned_onset,WELL-00006_20170731170930,WELL-00006,0,P-ANULAR,level,ewc,raw,180,120,0,3.9945,2.17,5.819,3.649,0.0005,1,0,,-5.4303,0.9948,0.9854,179.0,1,,,1,,
3w_aligned_onset,WELL-00006_20170731170930,WELL-00006,0,P-ANULAR,level,hac,adjusted,180,120,2,,,,,,,1,covariate_outside,,,,,,1,1,,,
3w_aligned_onset,WELL-00006_20170731170930,WELL-00006,0,P-ANULAR,level,hac,raw,180,120,0,3.9945,1.6532,6.3358,4.6826,0.0008,1,0,,-5.4303,0.9948,0.9854,179.0,1,,,1,,
3w_aligned_onset,WELL-00006_20170731170930,WELL-00006,0,P-ANULAR,level,naive,adjusted,180,120,2,,,,,,,1,covariate_outside,,,,,,1,1,,,
3w_aligned_onset,WELL-00006_20170731170930,WELL-00006,0,P-ANULAR,level,naive,raw,180,120,0,3.9945,3.5467,4.4423,0.8957,0.0,1,0,,-5.4303,0.9948,0.9854,179.0,1,,,1,,
3w_aligned_onset,WELL-00006_20170731170930,WELL-00006,0,P-ANULAR,spread,block_bootstrap,adjusted,180,120,2,,,,,,,1,covariate_outside,,,,,,1,1,,,
3w_aligned_onset,WELL-00006_20170731170930,WELL-00006,0,P-ANULAR,spread,block_bootstrap,raw,180,120,0,0.8612,0.3994,1.1619,0.7624,0.0,1,0,,-5.4303,0.9948,0.9854,179.0,1,,,1,,
3w_aligned_onset,WELL-00006_20170731170930,WELL-00006,0,P-ANULAR,spread,naive,adjusted,180,120,2,,,,,,,1,covariate_outside,,,,,,1,1,,,
3w_aligned_onset,WELL-00006_20170731170930,WELL-00006,0,P-ANULAR,spread,naive,raw,180,120,0,0.8612,0.6973,1.0251,0.3278,0.0,1,0,,-5.4303,0.9948,0.9854,179.0,1,,,1,,
3w_aligned_onset,WELL-00006_20170731170930,WELL-00006,0,P-JUS-CKGL,level,block_bootstrap,adjusted,180,120,2,,,,,,,1,covariate_outside,,,,,,1,1,,,
3w_aligned_onset,WELL-00006_20170731170930,WELL-00006,0,P-JUS-CKGL,level,block_bootstrap,raw,180,120,0,-4.0303,-4.5472,-3.4932,1.0541,0.0,1,0,,-255704.235,0.9998,0.9996,179.0,1,,,1,,
3w_aligned_onset,WELL-00006_20170731170930,WELL-00006,0,P-JUS-CKGL,level,ewc,adjusted,180,120,2,,,,,,,1,covariate_outside,,,,,,1,1,,,
3w_aligned_onset,WELL-00006_20170731170930,WELL-00006,0,P-JUS-CKGL,level,ewc,raw,180,120,0,-4.0303,-4.7863,-3.2742,1.5121,0.0,1,0,,-255704.235,0.9998,0.9996,179.0,1,,,1,,
3w_aligned_onset,WELL-00006_20170731170930,WELL-00006,0,P-JUS-CKGL,level,hac,adjusted,180,120,2,,,,,,,1,covariate_outside,,,,,,1,1,,,
3w_aligned_onset,WELL-00006_20170731170930,WELL-00006,0,P-JUS-CKGL,level,hac,raw,180,120,0,-4.0303,-5.0842,-2.9763,2.1078,0.0,1,0,,-255704.235,0.9998,0.9996,179.0,1,,,1,,
3w_aligned_onset,WELL-00006_20170731170930,WELL-00006,0,P-JUS-CKGL,level,naive,adjusted,180,120,2,,,,,,,1,covariate_outside,,,,,,1,1,,,
3w_aligned_onset,WELL-00006_20170731170930,WELL-00006,0,P-JUS-CKGL,level,naive,raw,180,120,0,-4.0303,-4.219,-3.8416,0.3774,0.0,1,0,,-255704.235,0.9998,0.9996,179.0,1,,,1,,
3w_aligned_onset,WELL-00006_20170731170930,WELL-00006,0,P-JUS-CKGL,spread,block_bootstrap,adjusted,180,120,2,,,,,,,1,covariate_outside,,,,,,1,1,,,
3w_aligned_onset,WELL-00006_20170731170930,WELL-00006,0,P-JUS-CKGL,spread,block_bootstrap,raw,180,120,0,-0.4041,-0.8959,-0.0694,0.8264,0.0,1,0,,-255704.235,0.9998,0.9996,179.0,1,,,1,,
3w_aligned_onset,WELL-00006_20170731170930,WELL-00006,0,P-JUS-CKGL,spread,naive,adjusted,180,120,2,,,,,,,1,covariate_outside,,,,,,1,1,,,
3w_aligned_onset,WELL-00006_20170731170930,WELL-00006,0,P-JUS-CKGL,spread,naive,raw,180,120,0,-0.4041,-0.568,-0.2402,0.3278,0.0,1,0,,-255704.235,0.9998,0.9996,179.0,1,,,1,,
3w_aligned_onset,WELL-00006_20170731170930,WELL-00006,0,P-MON-CKP,level,block_bootstrap,adjusted,180,120,2,,,,,,,1,covariate_outside,,,,,,1,1,,,
3w_aligned_onset,WELL-00006_20170731170930,WELL-00006,0,P-MON-CKP,level,block_bootstrap,raw,180,120,0,-4.2612,-4.8388,-3.6099,1.2289,0.0,1,0,,-197481.9005,0.9998,1.0041,179.0,1,,,1,,
3w_aligned_onset,WELL-00006_20170731170930,WELL-00006,0,P-MON-CKP,level,ewc,adjusted,180,120,2,,,,,,,1,covariate_outside,,,,,,1,1,,,
3w_aligned_onset,WELL-00006_20170731170930,WELL-00006,0,P-MON-CKP,level,ewc,raw,180,120,0,-4.2612,-5.1305,-3.392,1.7385,0.0,1,0,,-197481.9005,0.9998,1.0041,179.0,1,,,1,,
3w_aligned_onset,WELL-00006_20170731170930,WELL-00006,0,P-MON-CKP,level,hac,adjusted,180,120,2,,,,,,,1,covariate_outside,,,,,,1,1,,,
3w_aligned_onset,WELL-00006_20170731170930,WELL-00006,0,P-MON-CKP,level,hac,raw,180,120,0,-4.2612,-5.4455,-3.0769,2.3686,0.0,1,0,,-197481.9005,0.9998,1.0041,179.0,1,,,1,,
3w_aligned_onset,WELL-00006_20170731170930,WELL-00006,0,P-MON-CKP,level,naive,adjusted,180,120,2,,,,,,,1,covariate_outside,,,,,,1,1,,,
3w_aligned_onset,WELL-00006_20170731170930,WELL-00006,0,P-MON-CKP,level,naive,raw,180,120,0,-4.2612,-4.4799,-4.0426,0.4373,0.0,1,0,,-197481.9005,0.9998,1.0041,179.0,1,,,1,,
3w_aligned_onset,WELL-00006_20170731170930,WELL-00006,0,P-MON-CKP,spread,block_bootstrap,adjusted,180,120,2,,,,,,,1,covariate_outside,,,,,,1,1,,,
3w_aligned_onset,WELL-00006_20170731170930,WELL-00006,0,P-MON-CKP,spread,block_bootstrap,raw,180,120,0,-0.0952,-0.5785,0.2345,0.813,0.52,0,0,,-197481.9005,0.9998,1.0041,179.0,1,,,1,,
3w_aligned_onset,WELL-00006_20170731170930,WELL-00006,0,P-MON-CKP,spread,naive,adjusted,180,120,2,,,,,,,1,covariate_outside,,,,,,1,1,,,
3w_aligned_onset,WELL-00006_20170731170930,WELL-00006,0,P-MON-CKP,spread,naive,raw,180,120,0,-0.0952,-0.2591,0.0687,0.3278,0.255,0,0,,-197481.9005,0.9998,1.0041,179.0,1,,,1,,
3w_aligned_onset,WELL-00006_20170731170930,WELL-00006,0,P-PDG,level,block_bootstrap,adjusted,180,120,3,,,,,,,1,no_spread,,,,,,,,,,
3w_aligned_onset,WELL-00006_20170731170930,WELL-00006,0,P-PDG,level,block_bootstrap,raw,180,120,0,,,,,,,1,no_spread,,,,,,,,,,
3w_aligned_onset,WELL-00006_20170731170930,WELL-00006,0,P-PDG,level,ewc,adjusted,180,120,3,,,,,,,1,no_spread,,,,,,,,,,
3w_aligned_onset,WELL-00006_20170731170930,WELL-00006,0,P-PDG,level,ewc,raw,180,120,0,,,,,,,1,no_spread,,,,,,,,,,
3w_aligned_onset,WELL-00006_20170731170930,WELL-00006,0,P-PDG,level,hac,adjusted,180,120,3,,,,,,,1,no_spread,,,,,,,,,,
3w_aligned_onset,WELL-00006_20170731170930,WELL-00006,0,P-PDG,level,hac,raw,180,120,0,,,,,,,1,no_spread,,,,,,,,,,
3w_aligned_onset,WELL-00006_20170731170930,WELL-00006,0,P-PDG,level,naive,adjusted,180,120,3,,,,,,,1,no_spread,,,,,,,,,,
3w_aligned_onset,WELL-00006_20170731170930,WELL-00006,0,P-PDG,level,naive,raw,180,120,0,,,,,,,1,no_spread,,,,,,,,,,
3w_aligned_onset,WELL-00006_20170731170930,WELL-00006,0,P-PDG,spread,block_bootstrap,adjusted,180,120,3,,,,,,,1,no_spread,,,,,,,,,,
3w_aligned_onset,WELL-00006_20170731170930,WELL-00006,0,P-PDG,spread,block_bootstrap,raw,180,120,0,,,,,,,1,no_spread,,,,,,,,,,
3w_aligned_onset,WELL-00006_20170731170930,WELL-00006,0,P-PDG,spread,naive,adjusted,180,120,3,,,,,,,1,no_spread,,,,,,,,,,
3w_aligned_onset,WELL-00006_20170731170930,WELL-00006,0,P-PDG,spread,naive,raw,180,120,0,,,,,,,1,no_spread,,,,,,,,,,
3w_aligned_onset,WELL-00006_20170731170930,WELL-00006,0,P-TPT,level,block_bootstrap,adjusted,180,120,3,,,,,,,1,no_spread,,,,,,,,,,
3w_aligned_onset,WELL-00006_20170731170930,WELL-00006,0,P-TPT,level,block_bootstrap,raw,180,120,0,,,,,,,1,no_spread,,,,,,,,,,
3w_aligned_onset,WELL-00006_20170731170930,WELL-00006,0,P-TPT,level,ewc,adjusted,180,120,3,,,,,,,1,no_spread,,,,,,,,,,
3w_aligned_onset,WELL-00006_20170731170930,WELL-00006,0,P-TPT,level,ewc,raw,180,120,0,,,,,,,1,no_spread,,,,,,,,,,
3w_aligned_onset,WELL-00006_20170731170930,WELL-00006,0,P-TPT,level,hac,adjusted,180,120,3,,,,,,,1,no_spread,,,,,,,,,,
3w_aligned_onset,WELL-00006_20170731170930,WELL-00006,0,P-TPT,level,hac,raw,180,120,0,,,,,,,1,no_spread,,,,,,,,,,
3w_aligned_onset,WELL-00006_20170731170930,WELL-00006,0,P-TPT,level,naive,adjusted,180,120,3,,,,,,,1,no_spread,,,,,,,,,,
3w_aligned_onset,WELL-00006_20170731170930,WELL-00006,0,P-TPT,level,naive,raw,180,120,0,,,,,,,1,no_spread,,,,,,,,,,
3w_aligned_onset,WELL-00006_20170731170930,WELL-00006,0,P-TPT,spread,block_bootstrap,adjusted,180,120,3,,,,,,,1,no_spread,,,,,,,,,,
3w_aligned_onset,WELL-00006_20170731170930,WELL-00006,0,P-TPT,spread,block_bootstrap,raw,180,120,0,,,,,,,1,no_spread,,,,,,,,,,
3w_aligned_onset,WELL-00006_20170731170930,WELL-00006,0,P-TPT,spread,naive,adjusted,180,120,3,,,,,,,1,no_spread,,,,,,,,,,
3w_aligned_onset,WELL-00006_20170731170930,WELL-00006,0,P-TPT,spread,naive,raw,180,120,0,,,,,,,1,no_spread,,,,,,,,,,
3w_aligned_onset,WELL-00006_20170731170930,WELL-00006,0,T-TPT,level,block_bootstrap,adjusted,180,120,3,,,,,,,1,no_spread,,,,,,,,,,
3w_aligned_onset,WELL-00006_20170731170930,WELL-00006,0,T-TPT,level,block_bootstrap,raw,180,120,0,,,,,,,1,no_spread,,,,,,,,,,
3w_aligned_onset,WELL-00006_20170731170930,WELL-00006,0,T-TPT,level,ewc,adjusted,180,120,3,,,,,,,1,no_spread,,,,,,,,,,
3w_aligned_onset,WELL-00006_20170731170930,WELL-00006,0,T-TPT,level,ewc,raw,180,120,0,,,,,,,1,no_spread,,,,,,,,,,
3w_aligned_onset,WELL-00006_20170731170930,WELL-00006,0,T-TPT,level,hac,adjusted,180,120,3,,,,,,,1,no_spread,,,,,,,,,,
3w_aligned_onset,WELL-00006_20170731170930,WELL-00006,0,T-TPT,level,hac,raw,180,120,0,,,,,,,1,no_spread,,,,,,,,,,
3w_aligned_onset,WELL-00006_20170731170930,WELL-00006,0,T-TPT,level,naive,adjusted,180,120,3,,,,,,,1,no_spread,,,,,,,,,,
3w_aligned_onset,WELL-00006_20170731170930,WELL-00006,0,T-TPT,level,naive,raw,180,120,0,,,,,,,1,no_spread,,,,,,,,,,
3w_aligned_onset,WELL-00006_20170731170930,WELL-00006,0,T-TPT,spread,block_bootstrap,adjusted,180,120,3,,,,,,,1,no_spread,,,,,,,,,,
3w_aligned_onset,WELL-00006_20170731170930,WELL-00006,0,T-TPT,spread,block_bootstrap,raw,180,120,0,,,,,,,1,no_spread,,,,,,,,,,
3w_aligned_onset,WELL-00006_20170731170930,WELL-00006,0,T-TPT,spread,naive,adjusted,180,120,3,,,,,,,1,no_spread,,,,,,,,,,
3w_aligned_onset,WELL-00006_20170731170930,WELL-00006,0,T-TPT,spread,naive,raw,180,120,0,,,,,,,1,no_spread,,,,,,,,,,
3w_aligned_onset,WELL-00006_20180617190257,WELL-00006,0,P-ANULAR,level,block_bootstrap,adjusted,180,120,3,,,,,,,1,covariate_outside,,,,,,1,1,,,
3w_aligned_onset,WELL-00006_20180617190257,WELL-00006,0,P-ANULAR,level,block_bootstrap,raw,180,120,0,3.1384,2.781,3.7116,0.9306,0.0,1,0,,10.5165,0.9875,0.9541,119.4087,1,,,1,,
3w_aligned_onset,WELL-00006_20180617190257,WELL-00006,0,P-ANULAR,level,ewc,adjusted,180,120,3,,,,,,,1,covariate_outside,,,,,,1,1,,,
3w_aligned_onset,WELL-00006_20180617190257,WELL-00006,0,P-ANULAR,level,ewc,raw,180,120,0,3.1384,2.4597,3.8171,1.3574,0.0,1,0,,10.5165,0.9875,0.9541,119.4087,1,,,1,,
3w_aligned_onset,WELL-00006_20180617190257,WELL-00006,0,P-ANULAR,level,hac,adjusted,180,120,3,,,,,,,1,covariate_outside,,,,,,1,1,,,
3w_aligned_onset,WELL-00006_20180617190257,WELL-00006,0,P-ANULAR,level,hac,raw,180,120,0,3.1384,2.0779,4.1989,2.121,0.0,1,0,,10.5165,0.9875,0.9541,119.4087,1,,,1,,
3w_aligned_onset,WELL-00006_20180617190257,WELL-00006,0,P-ANULAR,level,naive,adjusted,180,120,3,,,,,,,1,covariate_outside,,,,,,1,1,,,
3w_aligned_onset,WELL-00006_20180617190257,WELL-00006,0,P-ANULAR,level,naive,raw,180,120,0,3.1384,2.9683,3.3086,0.3403,0.0,1,0,,10.5165,0.9875,0.9541,119.4087,1,,,1,,
3w_aligned_onset,WELL-00006_20180617190257,WELL-00006,0,P-ANULAR,spread,block_bootstrap,adjusted,180,120,3,,,,,,,1,covariate_outside,,,,,,1,1,,,
3w_aligned_onset,WELL-00006_20180617190257,WELL-00006,0,P-ANULAR,spread,block_bootstrap,raw,180,120,0,-0.7179,-1.1483,-0.4454,0.703,0.0,1,0,,10.5165,0.9875,0.9541,119.4087,1,,,1,,
3w_aligned_onset,WELL-00006_20180617190257,WELL-00006,0,P-ANULAR,spread,naive,adjusted,180,120,3,,,,,,,1,covariate_outside,,,,,,1,1,,,
3w_aligned_onset,WELL-00006_20180617190257,WELL-00006,0,P-ANULAR,spread,naive,raw,180,120,0,-0.7179,-0.8818,-0.554,0.3278,0.0,1,0,,10.5165,0.9875,0.9541,119.4087,1,,,1,,
3w_aligned_onset,WELL-00006_20180617190257,WELL-00006,0,P-JUS-CKGL,level,block_bootstrap,adjusted,180,120,3,,,,,,,1,covariate_outside,,,,,,1,1,,,
3w_aligned_onset,WELL-00006_20180617190257,WELL-00006,0,P-JUS-CKGL,level,block_bootstrap,raw,180,120,0,2.0866,1.6888,2.5652,0.8764,0.0,1,0,,633.121,0.999,0.9996,179.0,1,,,1,,
3w_aligned_onset,WELL-00006_20180617190257,WELL-00006,0,P-JUS-CKGL,level,ewc,adjusted,180,120,3,,,,,,,1,covariate_outside,,,,,,1,1,,,
3w_aligned_onset,WELL-00006_20180617190257,WELL-00006,0,P-JUS-CKGL,level,ewc,raw,180,120,0,2.0866,1.4553,2.7179,1.2626,0.0,1,0,,633.121,0.999,0.9996,179.0,1,,,1,,
3w_aligned_onset,WELL-00006_20180617190257,WELL-00006,0,P-JUS-CKGL,level,hac,adjusted,180,120,3,,,,,,,1,covariate_outside,,,,,,1,1,,,
3w_aligned_onset,WELL-00006_20180617190257,WELL-00006,0,P-JUS-CKGL,level,hac,raw,180,120,0,2.0866,1.2022,2.971,1.7688,0.0,1,0,,633.121,0.999,0.9996,179.0,1,,,1,,
3w_aligned_onset,WELL-00006_20180617190257,WELL-00006,0,P-JUS-CKGL,level,naive,adjusted,180,120,3,,,,,,,1,covariate_outside,,,,,,1,1,,,
3w_aligned_onset,WELL-00006_20180617190257,WELL-00006,0,P-JUS-CKGL,level,naive,raw,180,120,0,2.0866,1.9386,2.2345,0.2959,0.0,1,0,,633.121,0.999,0.9996,179.0,1,,,1,,
3w_aligned_onset,WELL-00006_20180617190257,WELL-00006,0,P-JUS-CKGL,spread,block_bootstrap,adjusted,180,120,3,,,,,,,1,covariate_outside,,,,,,1,1,,,
3w_aligned_onset,WELL-00006_20180617190257,WELL-00006,0,P-JUS-CKGL,spread,block_bootstrap,raw,180,120,0,-2.0311,-2.5236,-1.6994,0.8242,0.0,1,0,,633.121,0.999,0.9996,179.0,1,,,1,,
3w_aligned_onset,WELL-00006_20180617190257,WELL-00006,0,P-JUS-CKGL,spread,naive,adjusted,180,120,3,,,,,,,1,covariate_outside,,,,,,1,1,,,
3w_aligned_onset,WELL-00006_20180617190257,WELL-00006,0,P-JUS-CKGL,spread,naive,raw,180,120,0,-2.0311,-2.195,-1.8672,0.3278,0.0,1,0,,633.121,0.999,0.9996,179.0,1,,,1,,
3w_aligned_onset,WELL-00006_20180617190257,WELL-00006,0,P-MON-CKP,level,block_bootstrap,adjusted,180,120,3,,,,,,,1,covariate_outside,,,,,,1,1,,,
3w_aligned_onset,WELL-00006_20180617190257,WELL-00006,0,P-MON-CKP,level,block_bootstrap,raw,180,120,0,-3.5446,-5.0068,-2.0867,2.9202,0.0,1,0,,-0.1891,0.3424,0.9092,5.4571,0,,,1,,
3w_aligned_onset,WELL-00006_20180617190257,WELL-00006,0,P-MON-CKP,level,ewc,adjusted,180,120,3,,,,,,,1,covariate_outside,,,,,,1,1,,,
3w_aligned_onset,WELL-00006_20180617190257,WELL-00006,0,P-MON-CKP,level,ewc,raw,180,120,0,-3.5446,-5.603,-1.4862,4.1169,0.0036,1,0,,-0.1891,0.3424,0.9092,5.4571,0,,,1,,
3w_aligned_onset,WELL-00006_20180617190257,WELL-00006,0,P-MON-CKP,level,hac,adjusted,180,120,3,,,,,,,1,covariate_outside,,,,,,1,1,,,
3w_aligned_onset,WELL-00006_20180617190257,WELL-00006,0,P-MON-CKP,level,hac,raw,180,120,0,-3.5446,-5.7811,-1.3081,4.473,0.0019,1,0,,-0.1891,0.3424,0.9092,5.4571,0,,,1,,
3w_aligned_onset,WELL-00006_20180617190257,WELL-00006,0,P-MON-CKP,level,naive,adjusted,180,120,3,,,,,,,1,covariate_outside,,,,,,1,1,,,
3w_aligned_onset,WELL-00006_20180617190257,WELL-00006,0,P-MON-CKP,level,naive,raw,180,120,0,-3.5446,-4.0842,-3.0051,1.0791,0.0,1,0,,-0.1891,0.3424,0.9092,5.4571,0,,,1,,
3w_aligned_onset,WELL-00006_20180617190257,WELL-00006,0,P-MON-CKP,spread,block_bootstrap,adjusted,180,120,3,,,,,,,1,covariate_outside,,,,,,1,1,,,
3w_aligned_onset,WELL-00006_20180617190257,WELL-00006,0,P-MON-CKP,spread,block_bootstrap,raw,180,120,0,1.0658,0.514,1.2334,0.7194,0.0,1,0,,-0.1891,0.3424,0.9092,5.4571,0,,,1,,
3w_aligned_onset,WELL-00006_20180617190257,WELL-00006,0,P-MON-CKP,spread,naive,adjusted,180,120,3,,,,,,,1,covariate_outside,,,,,,1,1,,,
3w_aligned_onset,WELL-00006_20180617190257,WELL-00006,0,P-MON-CKP,spread,naive,raw,180,120,0,1.0658,0.9018,1.2297,0.3278,0.0,1,0,,-0.1891,0.3424,0.9092,5.4571,0,,,1,,
3w_aligned_onset,WELL-00006_20180617190257,WELL-00006,0,P-PDG,level,block_bootstrap,adjusted,180,120,4,,,,,,,1,no_spread,,,,,,,,,,
3w_aligned_onset,WELL-00006_20180617190257,WELL-00006,0,P-PDG,level,block_bootstrap,raw,180,120,0,,,,,,,1,no_spread,,,,,,,,,,
3w_aligned_onset,WELL-00006_20180617190257,WELL-00006,0,P-PDG,level,ewc,adjusted,180,120,4,,,,,,,1,no_spread,,,,,,,,,,
3w_aligned_onset,WELL-00006_20180617190257,WELL-00006,0,P-PDG,level,ewc,raw,180,120,0,,,,,,,1,no_spread,,,,,,,,,,
3w_aligned_onset,WELL-00006_20180617190257,WELL-00006,0,P-PDG,level,hac,adjusted,180,120,4,,,,,,,1,no_spread,,,,,,,,,,
3w_aligned_onset,WELL-00006_20180617190257,WELL-00006,0,P-PDG,level,hac,raw,180,120,0,,,,,,,1,no_spread,,,,,,,,,,
3w_aligned_onset,WELL-00006_20180617190257,WELL-00006,0,P-PDG,level,naive,adjusted,180,120,4,,,,,,,1,no_spread,,,,,,,,,,
3w_aligned_onset,WELL-00006_20180617190257,WELL-00006,0,P-PDG,level,naive,raw,180,120,0,,,,,,,1,no_spread,,,,,,,,,,
3w_aligned_onset,WELL-00006_20180617190257,WELL-00006,0,P-PDG,spread,block_bootstrap,adjusted,180,120,4,,,,,,,1,no_spread,,,,,,,,,,
3w_aligned_onset,WELL-00006_20180617190257,WELL-00006,0,P-PDG,spread,block_bootstrap,raw,180,120,0,,,,,,,1,no_spread,,,,,,,,,,
3w_aligned_onset,WELL-00006_20180617190257,WELL-00006,0,P-PDG,spread,naive,adjusted,180,120,4,,,,,,,1,no_spread,,,,,,,,,,
3w_aligned_onset,WELL-00006_20180617190257,WELL-00006,0,P-PDG,spread,naive,raw,180,120,0,,,,,,,1,no_spread,,,,,,,,,,
3w_aligned_onset,WELL-00006_20180617190257,WELL-00006,0,P-TPT,level,block_bootstrap,adjusted,180,120,4,,,,,,,1,no_spread,,,,,,,,,,
3w_aligned_onset,WELL-00006_20180617190257,WELL-00006,0,P-TPT,level,block_bootstrap,raw,180,120,0,,,,,,,1,no_spread,,,,,,,,,,
3w_aligned_onset,WELL-00006_20180617190257,WELL-00006,0,P-TPT,level,ewc,adjusted,180,120,4,,,,,,,1,no_spread,,,,,,,,,,
3w_aligned_onset,WELL-00006_20180617190257,WELL-00006,0,P-TPT,level,ewc,raw,180,120,0,,,,,,,1,no_spread,,,,,,,,,,
3w_aligned_onset,WELL-00006_20180617190257,WELL-00006,0,P-TPT,level,hac,adjusted,180,120,4,,,,,,,1,no_spread,,,,,,,,,,
3w_aligned_onset,WELL-00006_20180617190257,WELL-00006,0,P-TPT,level,hac,raw,180,120,0,,,,,,,1,no_spread,,,,,,,,,,
3w_aligned_onset,WELL-00006_20180617190257,WELL-00006,0,P-TPT,level,naive,adjusted,180,120,4,,,,,,,1,no_spread,,,,,,,,,,
3w_aligned_onset,WELL-00006_20180617190257,WELL-00006,0,P-TPT,level,naive,raw,180,120,0,,,,,,,1,no_spread,,,,,,,,,,
3w_aligned_onset,WELL-00006_20180617190257,WELL-00006,0,P-TPT,spread,block_bootstrap,adjusted,180,120,4,,,,,,,1,no_spread,,,,,,,,,,
3w_aligned_onset,WELL-00006_20180617190257,WELL-00006,0,P-TPT,spread,block_bootstrap,raw,180,120,0,,,,,,,1,no_spread,,,,,,,,,,
3w_aligned_onset,WELL-00006_20180617190257,WELL-00006,0,P-TPT,spread,naive,adjusted,180,120,4,,,,,,,1,no_spread,,,,,,,,,,
3w_aligned_onset,WELL-00006_20180617190257,WELL-00006,0,P-TPT,spread,naive,raw,180,120,0,,,,,,,1,no_spread,,,,,,,,,,
3w_aligned_onset,WELL-00006_20180617190257,WELL-00006,0,T-TPT,level,block_bootstrap,adjusted,180,120,3,,,,,,,1,covariate_outside,,,,,,1,1,,,
3w_aligned_onset,WELL-00006_20180617190257,WELL-00006,0,T-TPT,level,block_bootstrap,raw,180,120,0,9.6816,6.8467,12.389,5.5422,0.0,1,0,,0.0841,0.5196,0.9951,8.1794,0,,,1,,
3w_aligned_onset,WELL-00006_20180617190257,WELL-00006,0,T-TPT,level,ewc,adjusted,180,120,3,,,,,,,1,covariate_outside,,,,,,1,1,,,
3w_aligned_onset,WELL-00006_20180617190257,WELL-00006,0,T-TPT,level,ewc,raw,180,120,0,9.6816,5.5461,13.817,8.2709,0.0005,1,0,,0.0841,0.5196,0.9951,8.1794,0,,,1,,
3w_aligned_onset,WELL-00006_20180617190257,WELL-00006,0,T-TPT,level,hac,adjusted,180,120,3,,,,,,,1,covariate_outside,,,,,,1,1,,,
3w_aligned_onset,WELL-00006_20180617190257,WELL-00006,0,T-TPT,level,hac,raw,180,120,0,9.6816,4.9633,14.3998,9.4365,0.0001,1,0,,0.0841,0.5196,0.9951,8.1794,0,,,1,,
3w_aligned_onset,WELL-00006_20180617190257,WELL-00006,0,T-TPT,level,naive,adjusted,180,120,3,,,,,,,1,covariate_outside,,,,,,1,1,,,
3w_aligned_onset,WELL-00006_20180617190257,WELL-00006,0,T-TPT,level,naive,raw,180,120,0,9.6816,8.6733,10.6898,2.0165,0.0,1,0,,0.0841,0.5196,0.9951,8.1794,0,,,1,,
3w_aligned_onset,WELL-00006_20180617190257,WELL-00006,0,T-TPT,spread,block_bootstrap,adjusted,180,120,3,,,,,,,1,covariate_outside,,,,,,1,1,,,
3w_aligned_onset,WELL-00006_20180617190257,WELL-00006,0,T-TPT,spread,block_bootstrap,raw,180,120,0,1.7184,1.1609,1.8496,0.6887,0.0,1,0,,0.0841,0.5196,0.9951,8.1794,0,,,1,,
3w_aligned_onset,WELL-00006_20180617190257,WELL-00006,0,T-TPT,spread,naive,adjusted,180,120,3,,,,,,,1,covariate_outside,,,,,,1,1,,,
3w_aligned_onset,WELL-00006_20180617190257,WELL-00006,0,T-TPT,spread,naive,raw,180,120,0,1.7184,1.5545,1.8823,0.3278,0.0,1,0,,0.0841,0.5196,0.9951,8.1794,0,,,1,,
3w_aligned_onset,WELL-00014_20160304155906,WELL-00014,0,P-ANULAR,level,block_bootstrap,adjusted,180,120,5,,,,,,,1,covariate_outside,,,,,,1,1,,,
3w_aligned_onset,WELL-00014_20160304155906,WELL-00014,0,P-ANULAR,level,block_bootstrap,raw,180,120,0,4.2614,3.7429,4.8745,1.1316,0.0,1,0,,10.963,1.0078,0.9996,179.0,1,,,1,,
3w_aligned_onset,WELL-00014_20160304155906,WELL-00014,0,P-ANULAR,level,ewc,adjusted,180,120,5,,,,,,,1,covariate_outside,,,,,,1,1,,,
3w_aligned_onset,WELL-00014_20160304155906,WELL-00014,0,P-ANULAR,level,ewc,raw,180,120,0,4.2614,3.4866,5.0362,1.5495,0.0,1,0,,10.963,1.0078,0.9996,179.0,1,,,1,,
3w_aligned_onset,WELL-00014_20160304155906,WELL-00014,0,P-ANULAR,level,hac,adjusted,180,120,5,,,,,,,1,covariate_outside,,,,,,1,1,,,
3w_aligned_onset,WELL-00014_20160304155906,WELL-00014,0,P-ANULAR,level,hac,raw,180,120,0,4.2614,3.2004,5.3223,2.1219,0.0,1,0,,10.963,1.0078,0.9996,179.0,1,,,1,,
3w_aligned_onset,WELL-00014_20160304155906,WELL-00014,0,P-ANULAR,level,naive,adjusted,180,120,5,,,,,,,1,covariate_outside,,,,,,1,1,,,
3w_aligned_onset,WELL-00014_20160304155906,WELL-00014,0,P-ANULAR,level,naive,raw,180,120,0,4.2614,4.0669,4.4559,0.389,0.0,1,0,,10.963,1.0078,0.9996,179.0,1,,,1,,
3w_aligned_onset,WELL-00014_20160304155906,WELL-00014,0,P-ANULAR,spread,block_bootstrap,adjusted,180,120,5,,,,,,,1,covariate_outside,,,,,,1,1,,,
3w_aligned_onset,WELL-00014_20160304155906,WELL-00014,0,P-ANULAR,spread,block_bootstrap,raw,180,120,0,-0.3316,-0.872,-0.0632,0.8088,0.0,1,0,,10.963,1.0078,0.9996,179.0,1,,,1,,
3w_aligned_onset,WELL-00014_20160304155906,WELL-00014,0,P-ANULAR,spread,naive,adjusted,180,120,5,,,,,,,1,covariate_outside,,,,,,1,1,,,
3w_aligned_onset,WELL-00014_20160304155906,WELL-00014,0,P-ANULAR,spread,naive,raw,180,120,0,-0.3316,-0.4955,-0.1677,0.3278,0.0001,1,0,,10.963,1.0078,0.9996,179.0,1,,,1,,
3w_aligned_onset,WELL-00014_20160304155906,WELL-00014,0,P-JUS-CKGL,level,block_bootstrap,adjusted,180,120,5,,,,,,,1,covariate_outside,,,,,,1,1,,,
3w_aligned_onset,WELL-00014_20160304155906,WELL-00014,0,P-JUS-CKGL,level,block_bootstrap,raw,180,120,0,4.2283,3.5155,4.8921,1.3767,0.0,1,0,,11.1435,0.9819,0.9729,93.3462,1,,,1,,
3w_aligned_onset,WELL-00014_20160304155906,WELL-00014,0,P-JUS-CKGL,level,ewc,adjusted,180,120,5,,,,,,,1,covariate_outside,,,,,,1,1,,,
3w_aligned_onset,WELL-00014_20160304155906,WELL-00014,0,P-JUS-CKGL,level,ewc,raw,180,120,0,4.2283,3.1549,5.3016,2.1467,0.0,1,0,,11.1435,0.9819,0.9729,93.3462,1,,,1,,
3w_aligned_onset,WELL-00014_20160304155906,WELL-00014,0,P-JUS-CKGL,level,hac,adjusted,180,120,5,,,,,,,1,covariate_outside,,,,,,1,1,,,
3w_aligned_onset,WELL-00014_20160304155906,WELL-00014,0,P-JUS-CKGL,level,hac,raw,180,120,0,4.2283,2.8798,5.5768,2.697,0.0,1,0,,11.1435,0.9819,0.9729,93.3462,1,,,1,,
3w_aligned_onset,WELL-00014_20160304155906,WELL-00014,0,P-JUS-CKGL,level,naive,adjusted,180,120,5,,,,,,,1,covariate_outside,,,,,,1,1,,,
3w_aligned_onset,WELL-00014_20160304155906,WELL-00014,0,P-JUS-CKGL,level,naive,raw,180,120,0,4.2283,3.9524,4.5042,0.5518,0.0,1,0,,11.1435,0.9819,0.9729,93.3462,1,,,1,,
3w_aligned_onset,WELL-00014_20160304155906,WELL-00014,0,P-JUS-CKGL,spread,block_bootstrap,adjusted,180,120,5,,,,,,,1,covariate_outside,,,,,,1,1,,,
3w_aligned_onset,WELL-00014_20160304155906,WELL-00014,0,P-JUS-CKGL,spread,block_bootstrap,raw,180,120,0,0.2686,-0.2755,0.618,0.8935,0.35,0,0,,11.1435,0.9819,0.9729,93.3462,1,,,1,,
3w_aligned_onset,WELL-00014_20160304155906,WELL-00014,0,P-JUS-CKGL,spread,naive,adjusted,180,120,5,,,,,,,1,covariate_outside,,,,,,1,1,,,
3w_aligned_onset,WELL-00014_20160304155906,WELL-00014,0,P-JUS-CKGL,spread,naive,raw,180,120,0,0.2686,0.1046,0.4325,0.3278,0.0013,1,0,,11.1435,0.9819,0.9729,93.3462,1,,,1,,
3w_aligned_onset,WELL-00014_20160304155906,WELL-00014,0,P-MON-CKP,level,block_bootstrap,adjusted,180,120,5,,,,,,,1,covariate_outside,,,,,,1,1,,,
3w_aligned_onset,WELL-00014_20160304155906,WELL-00014,0,P-MON-CKP,level,block_bootstrap,raw,180,120,0,-0.1458,-0.5939,0.3973,0.9912,0.78,0,0,,-0.1016,0.7148,0.7522,13.2134,0,,,0,,
3w_aligned_onset,WELL-00014_20160304155906,WELL-00014,0,P-MON-CKP,level,ewc,adjusted,180,120,5,,,,,,,1,covariate_outside,,,,,,1,1,,,
3w_aligned_onset,WELL-00014_20160304155906,WELL-00014,0,P-MON-CKP,level,ewc,raw,180,120,0,-0.1458,-0.8025,0.511,1.3135,0.6479,0,0,,-0.1016,0.7148,0.7522,13.2134,0,,,0,,
3w_aligned_onset,WELL-00014_20160304155906,WELL-00014,0,P-MON-CKP,level,hac,adjusted,180,120,5,,,,,,,1,covariate_outside,,,,,,1,1,,,
3w_aligned_onset,WELL-00014_20160304155906,WELL-00014,0,P-MON-CKP,level,hac,raw,180,120,0,-0.1458,-0.6437,0.3522,0.996,0.5662,0,0,,-0.1016,0.7148,0.7522,13.2134,0,,,0,,
3w_aligned_onset,WELL-00014_20160304155906,WELL-00014,0,P-MON-CKP,level,naive,adjusted,180,120,5,,,,,,,1,covariate_outside,,,,,,1,1,,,
3w_aligned_onset,WELL-00014_20160304155906,WELL-00014,0,P-MON-CKP,level,naive,raw,180,120,0,-0.1458,-0.3748,0.0832,0.458,0.2122,0,0,,-0.1016,0.7148,0.7522,13.2134,0,,,0,,
3w_aligned_onset,WELL-00014_20160304155906,WELL-00014,0,P-MON-CKP,spread,block_bootstrap,adjusted,180,120,5,,,,,,,1,covariate_outside,,,,,,1,1,,,
3w_aligned_onset,WELL-00014_20160304155906,WELL-00014,0,P-MON-CKP,spread,block_bootstrap,raw,180,120,0,-0.0144,-0.1946,0.1103,0.3049,0.71,0,0,,-0.1016,0.7148,0.7522,13.2134,0,,,0,,
3w_aligned_onset,WELL-00014_20160304155906,WELL-00014,0,P-MON-CKP,spread,naive,adjusted,180,120,5,,,,,,,1,covariate_outside,,,,,,1,1,,,
3w_aligned_onset,WELL-00014_20160304155906,WELL-00014,0,P-MON-CKP,spread,naive,raw,180,120,0,-0.0144,-0.1783,0.1495,0.3278,0.8632,0,0,,-0.1016,0.7148,0.7522,13.2134,0,,,0,,
3w_aligned_onset,WELL-00014_20160304155906,WELL-00014,0,P-PDG,level,block_bootstrap,adjusted,180,120,5,,,,,,,1,covariate_outside,,,,,,1,1,,,
3w_aligned_onset,WELL-00014_20160304155906,WELL-00014,0,P-PDG,level,block_bootstrap,raw,180,120,0,0.0828,-0.5119,0.7065,1.2183,0.96,0,0,,0.0312,0.9733,0.9747,71.6278,0,,,1,,
3w_aligned_onset,WELL-00014_20160304155906,WELL-00014,0,P-PDG,level,ewc,adjusted,180,120,5,,,,,,,1,covariate_outside,,,,,,1,1,,,
3w_aligned_onset,WELL-00014_20160304155906,WELL-00014,0,P-PDG,level,ewc,raw,180,120,0,0.0828,-0.8226,0.9882,1.8108,0.8504,0,0,,0.0312,0.9733,0.9747,71.6278,0,,,1,,
3w_aligned_onset,WELL-00014_20160304155906,WELL-00014,0,P-PDG,level,hac,adjusted,180,120,5,,,,,,,1,covariate_outside,,,,,,1,1,,,
3w_aligned_onset,WELL-00014_20160304155906,WELL-00014,0,P-PDG,level,hac,raw,180,120,0,0.0828,-0.2516,0.4172,0.6688,0.6276,0,0,,0.0312,0.9733,0.9747,71.6278,0,,,1,,
3w_aligned_onset,WELL-00014_20160304155906,WELL-00014,0,P-PDG,level,naive,adjusted,180,120,5,,,,,,,1,covariate_outside,,,,,,1,1,,,
3w_aligned_onset,WELL-00014_20160304155906,WELL-00014,0,P-PDG,level,naive,raw,180,120,0,0.0828,-0.1502,0.3157,0.4659,0.4862,0,0,,0.0312,0.9733,0.9747,71.6278,0,,,1,,
3w_aligned_onset,WELL-00014_20160304155906,WELL-00014,0,P-PDG,spread,block_bootstrap,adjusted,180,120,5,,,,,,,1,covariate_outside,,,,,,1,1,,,
3w_aligned_onset,WELL-00014_20160304155906,WELL-00014,0,P-PDG,spread,block_bootstrap,raw,180,120,0,0.0141,-0.2456,0.2553,0.5009,0.86,0,0,,0.0312,0.9733,0.9747,71.6278,0,,,1,,
3w_aligned_onset,WELL-00014_20160304155906,WELL-00014,0,P-PDG,spread,naive,adjusted,180,120,5,,,,,,,1,covariate_outside,,,,,,1,1,,,
3w_aligned_onset,WELL-00014_20160304155906,WELL-00014,0,P-PDG,spread,naive,raw,180,120,0,0.0141,-0.1498,0.178,0.3278,0.8659,0,0,,0.0312,0.9733,0.9747,71.6278,0,,,1,,
3w_aligned_onset,WELL-00014_20160304155906,WELL-00014,0,P-TPT,level,block_bootstrap,adjusted,180,120,5,,,,,,,1,covariate_outside,,,,,,1,1,,,
3w_aligned_onset,WELL-00014_20160304155906,WELL-00014,0,P-TPT,level,block_bootstrap,raw,180,120,0,-3.6021,-4.2875,-3.105,1.1825,0.0,1,0,,-0.5927,0.9788,0.9986,83.9039,0,,,1,,
3w_aligned_onset,WELL-00014_20160304155906,WELL-00014,0,P-TPT,level,ewc,adjusted,180,120,5,,,,,,,1,covariate_outside,,,,,,1,1,,,
3w_aligned_onset,WELL-00014_20160304155906,WELL-00014,0,P-TPT,level,ewc,raw,180,120,0,-3.6021,-4.3634,-2.8407,1.5227,0.0,1,0,,-0.5927,0.9788,0.9986,83.9039,0,,,1,,
3w_aligned_onset,WELL-00014_20160304155906,WELL-00014,0,P-TPT,level,hac,adjusted,180,120,5,,,,,,,1,covariate_outside,,,,,,1,1,,,
3w_aligned_onset,WELL-00014_20160304155906,WELL-00014,0,P-TPT,level,hac,raw,180,120,0,-3.6021,-4.5087,-2.6954,1.8133,0.0,1,0,,-0.5927,0.9788,0.9986,83.9039,0,,,1,,
3w_aligned_onset,WELL-00014_20160304155906,WELL-00014,0,P-TPT,level,naive,adjusted,180,120,5,,,,,,,1,covariate_outside,,,,,,1,1,,,
3w_aligned_onset,WELL-00014_20160304155906,WELL-00014,0,P-TPT,level,naive,raw,180,120,0,-3.6021,-3.7925,-3.4116,0.3809,0.0,1,0,,-0.5927,0.9788,0.9986,83.9039,0,,,1,,
3w_aligned_onset,WELL-00014_20160304155906,WELL-00014,0,P-TPT,spread,block_bootstrap,adjusted,180,120,5,,,,,,,1,covariate_outside,,,,,,1,1,,,
3w_aligned_onset,WELL-00014_20160304155906,WELL-00014,0,P-TPT,spread,block_bootstrap,raw,180,120,0,-0.3811,-0.8552,-0.0011,0.8541,0.05,1,0,,-0.5927,0.9788,0.9986,83.9039,0,,,1,,
3w_aligned_onset,WELL-00014_20160304155906,WELL-00014,0,P-TPT,spread,naive,adjusted,180,120,5,,,,,,,1,covariate_outside,,,,,,1,1,,,
3w_aligned_onset,WELL-00014_20160304155906,WELL-00014,0,P-TPT,spread,naive,raw,180,120,0,-0.3811,-0.545,-0.2172,0.3278,0.0,1,0,,-0.5927,0.9788,0.9986,83.9039,0,,,1,,
3w_aligned_onset,WELL-00014_20160304155906,WELL-00014,0,T-TPT,level,block_bootstrap,adjusted,180,120,5,,,,,,,1,covariate_outside,,,,,,1,1,,,
3w_aligned_onset,WELL-00014_20160304155906,WELL-00014,0,T-TPT,level,block_bootstrap,raw,180,120,0,4.3591,3.8156,4.9191,1.1035,0.0,1,0,,15.3672,1.0064,0.9996,179.0,1,,,1,,
3w_aligned_onset,WELL-00014_20160304155906,WELL-00014,0,T-TPT,level,ewc,adjusted,180,120,5,,,,,,,1,covariate_outside,,,,,,1,1,,,
3w_aligned_onset,WELL-00014_20160304155906,WELL-00014,0,T-TPT,level,ewc,raw,180,120,0,4.3591,3.5747,5.1435,1.5688,0.0,1,0,,15.3672,1.0064,0.9996,179.0,1,,,1,,
3w_aligned_onset,WELL-00014_20160304155906,WELL-00014,0,T-TPT,level,hac,adjusted,180,120,5,,,,,,,1,covariate_outside,,,,,,1,1,,,
3w_aligned_onset,WELL-00014_20160304155906,WELL-00014,0,T-TPT,level,hac,raw,180,120,0,4.3591,3.2733,5.4448,2.1715,0.0,1,0,,15.3672,1.0064,0.9996,179.0,1,,,1,,
3w_aligned_onset,WELL-00014_20160304155906,WELL-00014,0,T-TPT,level,naive,adjusted,180,120,5,,,,,,,1,covariate_outside,,,,,,1,1,,,
3w_aligned_onset,WELL-00014_20160304155906,WELL-00014,0,T-TPT,level,naive,raw,180,120,0,4.3591,4.1626,4.5555,0.3929,0.0,1,0,,15.3672,1.0064,0.9996,179.0,1,,,1,,
3w_aligned_onset,WELL-00014_20160304155906,WELL-00014,0,T-TPT,spread,block_bootstrap,adjusted,180,120,5,,,,,,,1,covariate_outside,,,,,,1,1,,,
3w_aligned_onset,WELL-00014_20160304155906,WELL-00014,0,T-TPT,spread,block_bootstrap,raw,180,120,0,-0.3089,-0.8423,-0.0439,0.7984,0.01,1,0,,15.3672,1.0064,0.9996,179.0,1,,,1,,
3w_aligned_onset,WELL-00014_20160304155906,WELL-00014,0,T-TPT,spread,naive,adjusted,180,120,5,,,,,,,1,covariate_outside,,,,,,1,1,,,
3w_aligned_onset,WELL-00014_20160304155906,WELL-00014,0,T-TPT,spread,naive,raw,180,120,0,-0.3089,-0.4728,-0.145,0.3278,0.0002,1,0,,15.3672,1.0064,0.9996,179.0,1,,,1,,
3w_aligned_onset,WELL-00014_20160306070000,WELL-00014,0,P-ANULAR,level,block_bootstrap,adjusted,180,120,5,,,,,,,1,no_spread,,,,,,,,,,
3w_aligned_onset,WELL-00014_20160306070000,WELL-00014,0,P-ANULAR,level,block_bootstrap,raw,180,120,0,,,,,,,1,no_spread,,,,,,,,,,
3w_aligned_onset,WELL-00014_20160306070000,WELL-00014,0,P-ANULAR,level,ewc,adjusted,180,120,5,,,,,,,1,no_spread,,,,,,,,,,
3w_aligned_onset,WELL-00014_20160306070000,WELL-00014,0,P-ANULAR,level,ewc,raw,180,120,0,,,,,,,1,no_spread,,,,,,,,,,
3w_aligned_onset,WELL-00014_20160306070000,WELL-00014,0,P-ANULAR,level,hac,adjusted,180,120,5,,,,,,,1,no_spread,,,,,,,,,,
3w_aligned_onset,WELL-00014_20160306070000,WELL-00014,0,P-ANULAR,level,hac,raw,180,120,0,,,,,,,1,no_spread,,,,,,,,,,
3w_aligned_onset,WELL-00014_20160306070000,WELL-00014,0,P-ANULAR,level,naive,adjusted,180,120,5,,,,,,,1,no_spread,,,,,,,,,,
3w_aligned_onset,WELL-00014_20160306070000,WELL-00014,0,P-ANULAR,level,naive,raw,180,120,0,,,,,,,1,no_spread,,,,,,,,,,
3w_aligned_onset,WELL-00014_20160306070000,WELL-00014,0,P-ANULAR,spread,block_bootstrap,adjusted,180,120,5,,,,,,,1,no_spread,,,,,,,,,,
3w_aligned_onset,WELL-00014_20160306070000,WELL-00014,0,P-ANULAR,spread,block_bootstrap,raw,180,120,0,,,,,,,1,no_spread,,,,,,,,,,
3w_aligned_onset,WELL-00014_20160306070000,WELL-00014,0,P-ANULAR,spread,naive,adjusted,180,120,5,,,,,,,1,no_spread,,,,,,,,,,
3w_aligned_onset,WELL-00014_20160306070000,WELL-00014,0,P-ANULAR,spread,naive,raw,180,120,0,,,,,,,1,no_spread,,,,,,,,,,
3w_aligned_onset,WELL-00014_20160306070000,WELL-00014,0,P-JUS-CKGL,level,block_bootstrap,adjusted,180,120,4,,,,,,,1,covariate_outside,,,,,,1,1,,,
3w_aligned_onset,WELL-00014_20160306070000,WELL-00014,0,P-JUS-CKGL,level,block_bootstrap,raw,180,120,0,2.7237,2.192,3.2974,1.1054,0.0,1,0,,39.2777,0.997,0.9847,179.0,1,,,1,,
3w_aligned_onset,WELL-00014_20160306070000,WELL-00014,0,P-JUS-CKGL,level,ewc,adjusted,180,120,4,,,,,,,1,covariate_outside,,,,,,1,1,,,
3w_aligned_onset,WELL-00014_20160306070000,WELL-00014,0,P-JUS-CKGL,level,ewc,raw,180,120,0,2.7237,1.9738,3.4736,1.4998,0.0,1,0,,39.2777,0.997,0.9847,179.0,1,,,1,,
3w_aligned_onset,WELL-00014_20160306070000,WELL-00014,0,P-JUS-CKGL,level,hac,adjusted,180,120,4,,,,,,,1,covariate_outside,,,,,,1,1,,,
3w_aligned_onset,WELL-00014_20160306070000,WELL-00014,0,P-JUS-CKGL,level,hac,raw,180,120,0,2.7237,1.6675,3.7799,2.1124,0.0,1,0,,39.2777,0.997,0.9847,179.0,1,,,1,,
3w_aligned_onset,WELL-00014_20160306070000,WELL-00014,0,P-JUS-CKGL,level,naive,adjusted,180,120,4,,,,,,,1,covariate_outside,,,,,,1,1,,,
3w_aligned_onset,WELL-00014_20160306070000,WELL-00014,0,P-JUS-CKGL,level,naive,raw,180,120,0,2.7237,2.5348,2.9125,0.3777,0.0,1,0,,39.2777,0.997,0.9847,179.0,1,,,1,,
3w_aligned_onset,WELL-00014_20160306070000,WELL-00014,0,P-JUS-CKGL,spread,block_bootstrap,adjusted,180,120,4,,,,,,,1,covariate_outside,,,,,,1,1,,,
3w_aligned_onset,WELL-00014_20160306070000,WELL-00014,0,P-JUS-CKGL,spread,block_bootstrap,raw,180,120,0,-0.4022,-0.9492,-0.0545,0.8947,0.02,1,0,,39.2777,0.997,0.9847,179.0,1,,,1,,
3w_aligned_onset,WELL-00014_20160306070000,WELL-00014,0,P-JUS-CKGL,spread,naive,adjusted,180,120,4,,,,,,,1,covariate_outside,,,,,,1,1,,,
3w_aligned_onset,WELL-00014_20160306070000,WELL-00014,0,P-JUS-CKGL,spread,naive,raw,180,120,0,-0.4022,-0.5661,-0.2383,0.3278,0.0,1,0,,39.2777,0.997,0.9847,179.0,1,,,1,,
3w_aligned_onset,WELL-00014_20160306070000,WELL-00014,0,P-MON-CKP,level,block_bootstrap,adjusted,180,120,4,,,,,,,1,covariate_outside,,,,,,1,1,,,
3w_aligned_onset,WELL-00014_20160306070000,WELL-00014,0,P-MON-CKP,level,block_bootstrap,raw,180,120,0,-0.1396,-0.6063,0.2362,0.8426,0.36,0,0,,-0.1398,0.7296,0.744,13.8006,0,,,0,,
3w_aligned_onset,WELL-00014_20160306070000,WELL-00014,0,P-MON-CKP,level,ewc,adjusted,180,120,4,,,,,,,1,covariate_outside,,,,,,1,1,,,
3w_aligned_onset,WELL-00014_20160306070000,WELL-00014,0,P-MON-CKP,level,ewc,raw,180,120,0,-0.1396,-0.7064,0.4271,1.1334,0.6125,0,0,,-0.1398,0.7296,0.744,13.8006,0,,,0,,
3w_aligned_onset,WELL-00014_20160306070000,WELL-00014,0,P-MON-CKP,level,hac,adjusted,180,120,4,,,,,,,1,covariate_outside,,,,,,1,1,,,
3w_aligned_onset,WELL-00014_20160306070000,WELL-00014,0,P-MON-CKP,level,hac,raw,180,120,0,-0.1396,-0.5803,0.301,0.8813,0.5345,0,0,,-0.1398,0.7296,0.744,13.8006,0,,,0,,
3w_aligned_onset,WELL-00014_20160306070000,WELL-00014,0,P-MON-CKP,level,naive,adjusted,180,120,4,,,,,,,1,covariate_outside,,,,,,1,1,,,
3w_aligned_onset,WELL-00014_20160306070000,WELL-00014,0,P-MON-CKP,level,naive,raw,180,120,0,-0.1396,-0.371,0.0917,0.4627,0.2368,0,0,,-0.1398,0.7296,0.744,13.8006,0,,,0,,
3w_aligned_onset,WELL-00014_20160306070000,WELL-00014,0,P-MON-CKP,spread,block_bootstrap,adjusted,180,120,4,,,,,,,1,covariate_outside,,,,,,1,1,,,
3w_aligned_onset,WELL-00014_20160306070000,WELL-00014,0,P-MON-CKP,spread,block_bootstrap,raw,180,120,0,0.0026,-0.2256,0.2288,0.4545,0.97,0,0,,-0.1398,0.7296,0.744,13.8006,0,,,0,,
3w_aligned_onset,WELL-00014_20160306070000,WELL-00014,0,P-MON-CKP,spread,naive,adjusted,180,120,4,,,,,,,1,covariate_outside,,,,,,1,1,,,
3w_aligned_onset,WELL-00014_20160306070000,WELL-00014,0,P-MON-CKP,spread,naive,raw,180,120,0,0.0026,-0.1613,0.1665,0.3278,0.9753,0,0,,-0.1398,0.7296,0.744,13.8006,0,,,0,,
3w_aligned_onset,WELL-00014_20160306070000,WELL-00014,0,P-PDG,level,block_bootstrap,adjusted,180,120,4,,,,,,,1,covariate_outside,,,,,,1,1,,,
3w_aligned_onset,WELL-00014_20160306070000,WELL-00014,0,P-PDG,level,block_bootstrap,raw,180,120,0,-0.2769,-0.8771,0.226,1.103,0.31,0,0,,1.4848,0.9667,0.9491,61.7642,0,,,1,,
3w_aligned_onset,WELL-00014_20160306070000,WELL-00014,0,P-PDG,level,ewc,adjusted,180,120,4,,,,,,,1,covariate_outside,,,,,,1,1,,,
3w_aligned_onset,WELL-00014_20160306070000,WELL-00014,0,P-PDG,level,ewc,raw,180,120,0,-0.2769,-1.0699,0.516,1.5859,0.4756,0,0,,1.4848,0.9667,0.9491,61.7642,0,,,1,,
3w_aligned_onset,WELL-00014_20160306070000,WELL-00014,0,P-PDG,level,hac,adjusted,180,120,4,,,,,,,1,covariate_outside,,,,,,1,1,,,
3w_aligned_onset,WELL-00014_20160306070000,WELL-00014,0,P-PDG,level,hac,raw,180,120,0,-0.2769,-0.6377,0.0838,0.7215,0.1324,0,0,,1.4848,0.9667,0.9491,61.7642,0,,,1,,
3w_aligned_onset,WELL-00014_20160306070000,WELL-00014,0,P-PDG,level,naive,adjusted,180,120,4,,,,,,,1,covariate_outside,,,,,,1,1,,,
3w_aligned_onset,WELL-00014_20160306070000,WELL-00014,0,P-PDG,level,naive,raw,180,120,0,-0.2769,-0.4858,-0.068,0.4178,0.0094,1,0,,1.4848,0.9667,0.9491,61.7642,0,,,1,,
3w_aligned_onset,WELL-00014_20160306070000,WELL-00014,0,P-PDG,spread,block_bootstrap,adjusted,180,120,4,,,,,,,1,covariate_outside,,,,,,1,1,,,
3w_aligned_onset,WELL-00014_20160306070000,WELL-00014,0,P-PDG,spread,block_bootstrap,raw,180,120,0,-0.1809,-0.464,0.1124,0.5764,0.2,0,0,,1.4848,0.9667,0.9491,61.7642,0,,,1,,
3w_aligned_onset,WELL-00014_20160306070000,WELL-00014,0,P-PDG,spread,naive,adjusted,180,120,4,,,,,,,1,covariate_outside,,,,,,1,1,,,
3w_aligned_onset,WELL-00014_20160306070000,WELL-00014,0,P-PDG,spread,naive,raw,180,120,0,-0.1809,-0.3448,-0.017,0.3278,0.0306,1,0,,1.4848,0.9667,0.9491,61.7642,0,,,1,,
3w_aligned_onset,WELL-00014_20160306070000,WELL-00014,0,P-TPT,level,block_bootstrap,adjusted,180,120,4,,,,,,,1,covariate_outside,,,,,,1,1,,,
3w_aligned_onset,WELL-00014_20160306070000,WELL-00014,0,P-TPT,level,block_bootstrap,raw,180,120,0,-5.1818,-6.1582,-4.3099,1.8483,0.0,1,0,,13.3022,0.9909,0.9996,147.5623,1,,,1,,
3w_aligned_onset,WELL-00014_20160306070000,WELL-00014,0,P-TPT,level,ewc,adjusted,180,120,4,,,,,,,1,covariate_outside,,,,,,1,1,,,
3w_aligned_onset,WELL-00014_20160306070000,WELL-00014,0,P-TPT,level,ewc,raw,180,120,0,-5.1818,-6.4974,-3.8661,2.6313,0.0,1,0,,13.3022,0.9909,0.9996,147.5623,1,,,1,,
3w_aligned_onset,WELL-00014_20160306070000,WELL-00014,0,P-TPT,level,hac,adjusted,180,120,4,,,,,,,1,covariate_outside,,,,,,1,1,,,
3w_aligned_onset,WELL-00014_20160306070000,WELL-00014,0,P-TPT,level,hac,raw,180,120,0,-5.1818,-6.8946,-3.4689,3.4258,0.0,1,0,,13.3022,0.9909,0.9996,147.5623,1,,,1,,
3w_aligned_onset,WELL-00014_20160306070000,WELL-00014,0,P-TPT,level,naive,adjusted,180,120,4,,,,,,,1,covariate_outside,,,,,,1,1,,,
3w_aligned_onset,WELL-00014_20160306070000,WELL-00014,0,P-TPT,level,naive,raw,180,120,0,-5.1818,-5.5082,-4.8553,0.6529,0.0,1,0,,13.3022,0.9909,0.9996,147.5623,1,,,1,,
3w_aligned_onset,WELL-00014_20160306070000,WELL-00014,0,P-TPT,spread,block_bootstrap,adjusted,180,120,4,,,,,,,1,covariate_outside,,,,,,1,1,,,
3w_aligned_onset,WELL-00014_20160306070000,WELL-00014,0,P-TPT,spread,block_bootstrap,raw,180,120,0,0.4896,0.0101,0.7564,0.7463,0.05,1,0,,13.3022,0.9909,0.9996,147.5623,1,,,1,,
3w_aligned_onset,WELL-00014_20160306070000,WELL-00014,0,P-TPT,spread,naive,adjusted,180,120,4,,,,,,,1,covariate_outside,,,,,,1,1,,,
3w_aligned_onset,WELL-00014_20160306070000,WELL-00014,0,P-TPT,spread,naive,raw,180,120,0,0.4896,0.3256,0.6535,0.3278,0.0,1,0,,13.3022,0.9909,0.9996,147.5623,1,,,1,,
3w_aligned_onset,WELL-00014_20160306070000,WELL-00014,0,T-TPT,level,block_bootstrap,adjusted,180,120,4,,,,,,,1,covariate_outside,,,,,,1,1,,,
3w_aligned_onset,WELL-00014_20160306070000,WELL-00014,0,T-TPT,level,block_bootstrap,raw,180,120,0,-6.6708,-7.4123,-5.913,1.4992,0.0,1,0,,-27.0009,1.0055,0.9996,179.0,1,,,1,,
3w_aligned_onset,WELL-00014_20160306070000,WELL-00014,0,T-TPT,level,ewc,adjusted,180,120,4,,,,,,,1,covariate_outside,,,,,,1,1,,,
3w_aligned_onset,WELL-00014_20160306070000,WELL-00014,0,T-TPT,level,ewc,raw,180,120,0,-6.6708,-7.773,-5.5686,2.2044,0.0,1,0,,-27.0009,1.0055,0.9996,179.0,1,,,1,,
3w_aligned_onset,WELL-00014_20160306070000,WELL-00014,0,T-TPT,level,hac,adjusted,180,120,4,,,,,,,1,covariate_outside,,,,,,1,1,,,
3w_aligned_onset,WELL-00014_20160306070000,WELL-00014,0,T-TPT,level,hac,raw,180,120,0,-6.6708,-8.1062,-5.2355,2.8707,0.0,1,0,,-27.0009,1.0055,0.9996,179.0,1,,,1,,
3w_aligned_onset,WELL-00014_20160306070000,WELL-00014,0,T-TPT,level,naive,adjusted,180,120,4,,,,,,,1,covariate_outside,,,,,,1,1,,,
3w_aligned_onset,WELL-00014_20160306070000,WELL-00014,0,T-TPT,level,naive,raw,180,120,0,-6.6708,-6.9466,-6.3951,0.5515,0.0,1,0,,-27.0009,1.0055,0.9996,179.0,1,,,1,,
3w_aligned_onset,WELL-00014_20160306070000,WELL-00014,0,T-TPT,spread,block_bootstrap,adjusted,180,120,4,,,,,,,1,covariate_outside,,,,,,1,1,,,
3w_aligned_onset,WELL-00014_20160306070000,WELL-00014,0,T-TPT,spread,block_bootstrap,raw,180,120,0,0.2679,-0.2423,0.6598,0.9022,0.27,0,0,,-27.0009,1.0055,0.9996,179.0,1,,,1,,
3w_aligned_onset,WELL-00014_20160306070000,WELL-00014,0,T-TPT,spread,naive,adjusted,180,120,4,,,,,,,1,covariate_outside,,,,,,1,1,,,
3w_aligned_onset,WELL-00014_20160306070000,WELL-00014,0,T-TPT,spread,naive,raw,180,120,0,0.2679,0.104,0.4319,0.3278,0.0014,1,0,,-27.0009,1.0055,0.9996,179.0,1,,,1,,
3w_aligned_onset,WELL-00019_20120601165020,WELL-00019,0,P-ANULAR,level,block_bootstrap,adjusted,0,0,5,,,,,,,1,too_few,,,,,,,,,,
3w_aligned_onset,WELL-00019_20120601165020,WELL-00019,0,P-ANULAR,level,block_bootstrap,raw,0,0,0,,,,,,,1,too_few,,,,,,,,,,
3w_aligned_onset,WELL-00019_20120601165020,WELL-00019,0,P-ANULAR,level,ewc,adjusted,0,0,5,,,,,,,1,too_few,,,,,,,,,,
3w_aligned_onset,WELL-00019_20120601165020,WELL-00019,0,P-ANULAR,level,ewc,raw,0,0,0,,,,,,,1,too_few,,,,,,,,,,
3w_aligned_onset,WELL-00019_20120601165020,WELL-00019,0,P-ANULAR,level,hac,adjusted,0,0,5,,,,,,,1,too_few,,,,,,,,,,
3w_aligned_onset,WELL-00019_20120601165020,WELL-00019,0,P-ANULAR,level,hac,raw,0,0,0,,,,,,,1,too_few,,,,,,,,,,
3w_aligned_onset,WELL-00019_20120601165020,WELL-00019,0,P-ANULAR,level,naive,adjusted,0,0,5,,,,,,,1,too_few,,,,,,,,,,
3w_aligned_onset,WELL-00019_20120601165020,WELL-00019,0,P-ANULAR,level,naive,raw,0,0,0,,,,,,,1,too_few,,,,,,,,,,
3w_aligned_onset,WELL-00019_20120601165020,WELL-00019,0,P-ANULAR,spread,block_bootstrap,adjusted,0,0,5,,,,,,,1,too_few,,,,,,,,,,
3w_aligned_onset,WELL-00019_20120601165020,WELL-00019,0,P-ANULAR,spread,block_bootstrap,raw,0,0,0,,,,,,,1,too_few,,,,,,,,,,
3w_aligned_onset,WELL-00019_20120601165020,WELL-00019,0,P-ANULAR,spread,naive,adjusted,0,0,5,,,,,,,1,too_few,,,,,,,,,,
3w_aligned_onset,WELL-00019_20120601165020,WELL-00019,0,P-ANULAR,spread,naive,raw,0,0,0,,,,,,,1,too_few,,,,,,,,,,
3w_aligned_onset,WELL-00019_20120601165020,WELL-00019,0,P-JUS-CKGL,level,block_bootstrap,adjusted,180,120,4,,,,,,,1,covariate_outside,,,,,,1,1,,,
3w_aligned_onset,WELL-00019_20120601165020,WELL-00019,0,P-JUS-CKGL,level,block_bootstrap,raw,180,120,0,-142.4621,-168.5258,-119.6818,48.844,0.0,1,0,,0.1565,0.6699,0.9758,11.6827,0,,,1,,
3w_aligned_onset,WELL-00019_20120601165020,WELL-00019,0,P-JUS-CKGL,level,ewc,adjusted,180,120,4,,,,,,,1,covariate_outside,,,,,,1,1,,,
3w_aligned_onset,WELL-00019_20120601165020,WELL-00019,0,P-JUS-CKGL,level,ewc,raw,180,120,0,-142.4621,-180.3349,-104.5892,75.7457,0.0,1,0,,0.1565,0.6699,0.9758,11.6827,0,,,1,,
3w_aligned_onset,WELL-00019_20120601165020,WELL-00019,0,P-JUS-CKGL,level,hac,adjusted,180,120,4,,,,,,,1,covariate_outside,,,,,,1,1,,,
3w_aligned_onset,WELL-00019_20120601165020,WELL-00019,0,P-JUS-CKGL,level,hac,raw,180,120,0,-142.4621,-190.5892,-94.3349,96.2543,0.0,1,0,,0.1565,0.6699,0.9758,11.6827,0,,,1,,
3w_aligned_onset,WELL-00019_20120601165020,WELL-00019,0,P-JUS-CKGL,level,naive,adjusted,180,120,4,,,,,,,1,covariate_outside,,,,,,1,1,,,
3w_aligned_onset,WELL-00019_20120601165020,WELL-00019,0,P-JUS-CKGL,level,naive,raw,180,120,0,-142.4621,-151.4914,-133.4328,18.0586,0.0,1,0,,0.1565,0.6699,0.9758,11.6827,0,,,1,,
3w_aligned_onset,WELL-00019_20120601165020,WELL-00019,0,P-JUS-CKGL,spread,block_bootstrap,adjusted,180,120,4,,,,,,,1,covariate_outside,,,,,,1,1,,,
3w_aligned_onset,WELL-00019_20120601165020,WELL-00019,0,P-JUS-CKGL,spread,block_bootstrap,raw,180,120,0,3.9212,3.1504,4.1246,0.9742,0.0,1,0,,0.1565,0.6699,0.9758,11.6827,0,,,1,,
3w_aligned_onset,WELL-00019_20120601165020,WELL-00019,0,P-JUS-CKGL,spread,naive,adjusted,180,120,4,,,,,,,1,covariate_outside,,,,,,1,1,,,
3w_aligned_onset,WELL-00019_20120601165020,WELL-00019,0,P-JUS-CKGL,spread,naive,raw,180,120,0,3.9212,3.7572,4.0851,0.3278,0.0,1,0,,0.1565,0.6699,0.9758,11.6827,0,,,1,,
3w_aligned_onset,WELL-00019_20120601165020,WELL-00019,0,P-MON-CKP,level,block_bootstrap,adjusted,180,120,4,,,,,,,1,covariate_outside,,,,,,1,1,,,
3w_aligned_onset,WELL-00019_20120601165020,WELL-00019,0,P-MON-CKP,level,block_bootstrap,raw,180,120,0,8.6381,8.4252,8.8805,0.4554,0.0,1,0,,0.3384,0.4383,1.1853,6.8248,0,,,1,,
3w_aligned_onset,WELL-00019_20120601165020,WELL-00019,0,P-MON-CKP,level,ewc,adjusted,180,120,4,,,,,,,1,covariate_outside,,,,,,1,1,,,
3w_aligned_onset,WELL-00019_20120601165020,WELL-00019,0,P-MON-CKP,level,ewc,raw,180,120,0,8.6381,8.3381,8.9381,0.5999,0.0,1,0,,0.3384,0.4383,1.1853,6.8248,0,,,1,,
3w_aligned_onset,WELL-00019_20120601165020,WELL-00019,0,P-MON-CKP,level,hac,adjusted,180,120,4,,,,,,,1,covariate_outside,,,,,,1,1,,,
3w_aligned_onset,WELL-00019_20120601165020,WELL-00019,0,P-MON-CKP,level,hac,raw,180,120,0,8.6381,8.3669,8.9093,0.5423,0.0,1,0,,0.3384,0.4383,1.1853,6.8248,0,,,1,,
3w_aligned_onset,WELL-00019_20120601165020,WELL-00019,0,P-MON-CKP,level,naive,adjusted,180,120,4,,,,,,,1,covariate_outside,,,,,,1,1,,,
3w_aligned_onset,WELL-00019_20120601165020,WELL-00019,0,P-MON-CKP,level,naive,raw,180,120,0,8.6381,8.4706,8.8056,0.3351,0.0,1,0,,0.3384,0.4383,1.1853,6.8248,0,,,1,,
3w_aligned_onset,WELL-00019_20120601165020,WELL-00019,0,P-MON-CKP,spread,block_bootstrap,adjusted,180,120,4,,,,,,,1,covariate_outside,,,,,,1,1,,,
3w_aligned_onset,WELL-00019_20120601165020,WELL-00019,0,P-MON-CKP,spread,block_bootstrap,raw,180,120,0,-0.7797,-3.1164,-0.8845,2.2319,0.0,1,0,,0.3384,0.4383,1.1853,6.8248,0,,,1,,
3w_aligned_onset,WELL-00019_20120601165020,WELL-00019,0,P-MON-CKP,spread,naive,adjusted,180,120,4,,,,,,,1,covariate_outside,,,,,,1,1,,,
3w_aligned_onset,WELL-00019_20120601165020,WELL-00019,0,P-MON-CKP,spread,naive,raw,180,120,0,-0.7797,-0.9436,-0.6158,0.3278,0.0,1,0,,0.3384,0.4383,1.1853,6.8248,0,,,1,,
3w_aligned_onset,WELL-00019_20120601165020,WELL-00019,0,P-PDG,level,block_bootstrap,adjusted,180,120,4,,,,,,,1,covariate_outside,,,,,,1,1,,,
3w_aligned_onset,WELL-00019_20120601165020,WELL-00019,0,P-PDG,level,block_bootstrap,raw,180,120,0,37.8562,37.7469,40.4142,2.6673,0.0,1,0,,0.8626,0.9331,0.9211,38.3263,0,,,1,,
3w_aligned_onset,WELL-00019_20120601165020,WELL-00019,0,P-PDG,level,ewc,adjusted,180,120,4,,,,,,,1,covariate_outside,,,,,,1,1,,,
3w_aligned_onset,WELL-00019_20120601165020,WELL-00019,0,P-PDG,level,ewc,raw,180,120,0,37.8562,33.6187,42.0937,8.4751,0.0,1,0,,0.8626,0.9331,0.9211,38.3263,0,,,1,,
3w_aligned_onset,WELL-00019_20120601165020,WELL-00019,0,P-PDG,level,hac,adjusted,180,120,4,,,,,,,1,covariate_outside,,,,,,1,1,,,
3w_aligned_onset,WELL-00019_20120601165020,WELL-00019,0,P-PDG,level,hac,raw,180,120,0,37.8562,34.9372,40.7752,5.8379,0.0,1,0,,0.8626,0.9331,0.9211,38.3263,0,,,1,,
3w_aligned_onset,WELL-00019_20120601165020,WELL-00019,0,P-PDG,level,naive,adjusted,180,120,4,,,,,,,1,covariate_outside,,,,,,1,1,,,
3w_aligned_onset,WELL-00019_20120601165020,WELL-00019,0,P-PDG,level,naive,raw,180,120,0,37.8562,36.5709,39.1415,2.5706,0.0,1,0,,0.8626,0.9331,0.9211,38.3263,0,,,1,,
3w_aligned_onset,WELL-00019_20120601165020,WELL-00019,0,P-PDG,spread,block_bootstrap,adjusted,180,120,4,,,,,,,1,covariate_outside,,,,,,1,1,,,
3w_aligned_onset,WELL-00019_20120601165020,WELL-00019,0,P-PDG,spread,block_bootstrap,raw,180,120,0,1.9653,0.2594,1.9291,1.6696,0.01,1,0,,0.8626,0.9331,0.9211,38.3263,0,,,1,,
3w_aligned_onset,WELL-00019_20120601165020,WELL-00019,0,P-PDG,spread,naive,adjusted,180,120,4,,,,,,,1,covariate_outside,,,,,,1,1,,,
3w_aligned_onset,WELL-00019_20120601165020,WELL-00019,0,P-PDG,spread,naive,raw,180,120,0,1.9653,1.8014,2.1292,0.3278,0.0,1,0,,0.8626,0.9331,0.9211,38.3263,0,,,1,,
3w_aligned_onset,WELL-00019_20120601165020,WELL-00019,0,P-TPT,level,block_bootstrap,adjusted,180,120,4,,,,,,,1,covariate_outside,,,,,,1,1,,,
3w_aligned_onset,WELL-00019_20120601165020,WELL-00019,0,P-TPT,level,block_bootstrap,raw,180,120,0,-17.3458,-20.3355,-16.9028,3.4327,0.0,1,0,,-0.088,0.9717,1.026,68.9104,0,,,1,,
3w_aligned_onset,WELL-00019_20120601165020,WELL-00019,0,P-TPT,level,ewc,adjusted,180,120,4,,,,,,,1,covariate_outside,,,,,,1,1,,,
3w_aligned_onset,WELL-00019_20120601165020,WELL-00019,0,P-TPT,level,ewc,raw,180,120,0,-17.3458,-21.9765,-12.7151,9.2615,0.0,1,0,,-0.088,0.9717,1.026,68.9104,0,,,1,,
3w_aligned_onset,WELL-00019_20120601165020,WELL-00019,0,P-TPT,level,hac,adjusted,180,120,4,,,,,,,1,covariate_outside,,,,,,1,1,,,
3w_aligned_onset,WELL-00019_20120601165020,WELL-00019,0,P-TPT,level,hac,raw,180,120,0,-17.3458,-19.4405,-15.2511,4.1893,0.0,1,0,,-0.088,0.9717,1.026,68.9104,0,,,1,,
3w_aligned_onset,WELL-00019_20120601165020,WELL-00019,0,P-TPT,level,naive,adjusted,180,120,4,,,,,,,1,covariate_outside,,,,,,1,1,,,
3w_aligned_onset,WELL-00019_20120601165020,WELL-00019,0,P-TPT,level,naive,raw,180,120,0,-17.3458,-18.7595,-15.9321,2.8273,0.0,1,0,,-0.088,0.9717,1.026,68.9104,0,,,1,,
3w_aligned_onset,WELL-00019_20120601165020,WELL-00019,0,P-TPT,spread,block_bootstrap,adjusted,180,120,4,,,,,,,1,covariate_outside,,,,,,1,1,,,
3w_aligned_onset,WELL-00019_20120601165020,WELL-00019,0,P-TPT,spread,block_bootstrap,raw,180,120,0,2.0616,-0.0766,2.1358,2.2124,0.09,0,0,,-0.088,0.9717,1.026,68.9104,0,,,1,,
3w_aligned_onset,WELL-00019_20120601165020,WELL-00019,0,P-TPT,spread,naive,adjusted,180,120,4,,,,,,,1,covariate_outside,,,,,,1,1,,,
3w_aligned_onset,WELL-00019_20120601165020,WELL-00019,0,P-TPT,spread,naive,raw,180,120,0,2.0616,1.8977,2.2256,0.3278,0.0,1,0,,-0.088,0.9717,1.026,68.9104,0,,,1,,
3w_aligned_onset,WELL-00019_20120601165020,WELL-00019,0,T-TPT,level,block_bootstrap,adjusted,180,120,4,,,,,,,1,covariate_outside,,,,,,1,1,,,
3w_aligned_onset,WELL-00019_20120601165020,WELL-00019,0,T-TPT,level,block_bootstrap,raw,180,120,0,-53.1781,-59.3616,-50.2094,9.1521,0.0,1,0,,0.194,0.937,0.9413,39.9265,0,,,1,,
3w_aligned_onset,WELL-00019_20120601165020,WELL-00019,0,T-TPT,level,ewc,adjusted,180,120,4,,,,,,,1,covariate_outside,,,,,,1,1,,,
3w_aligned_onset,WELL-00019_20120601165020,WELL-00019,0,T-TPT,level,ewc,raw,180,120,0,-53.1781,-62.3551,-44.0012,18.3539,0.0,1,0,,0.194,0.937,0.9413,39.9265,0,,,1,,
3w_aligned_onset,WELL-00019_20120601165020,WELL-00019,0,T-TPT,level,hac,adjusted,180,120,4,,,,,,,1,covariate_outside,,,,,,1,1,,,
3w_aligned_onset,WELL-00019_20120601165020,WELL-00019,0,T-TPT,level,hac,raw,180,120,0,-53.1781,-61.6466,-44.7096,16.937,0.0,1,0,,0.194,0.937,0.9413,39.9265,0,,,1,,
3w_aligned_onset,WELL-00019_20120601165020,WELL-00019,0,T-TPT,level,naive,adjusted,180,120,4,,,,,,,1,covariate_outside,,,,,,1,1,,,
3w_aligned_onset,WELL-00019_20120601165020,WELL-00019,0,T-TPT,level,naive,raw,180,120,0,-53.1781,-55.5711,-50.7851,4.786,0.0,1,0,,0.194,0.937,0.9413,39.9265,0,,,1,,
3w_aligned_onset,WELL-00019_20120601165020,WELL-00019,0,T-TPT,spread,block_bootstrap,adjusted,180,120,4,,,,,,,1,covariate_outside,,,,,,1,1,,,
3w_aligned_onset,WELL-00019_20120601165020,WELL-00019,0,T-TPT,spread,block_bootstrap,raw,180,120,0,2.5915,0.8991,2.6912,1.7921,0.0,1,0,,0.194,0.937,0.9413,39.9265,0,,,1,,
3w_aligned_onset,WELL-00019_20120601165020,WELL-00019,0,T-TPT,spread,naive,adjusted,180,120,4,,,,,,,1,covariate_outside,,,,,,1,1,,,
3w_aligned_onset,WELL-00019_20120601165020,WELL-00019,0,T-TPT,spread,naive,raw,180,120,0,2.5915,2.4276,2.7554,0.3278,0.0,1,0,,0.194,0.937,0.9413,39.9265,0,,,1,,
3w_aligned_onset,WELL-00019_20141117190526,WELL-00019,0,P-ANULAR,level,block_bootstrap,adjusted,0,0,5,,,,,,,1,too_few,,,,,,,,,,
3w_aligned_onset,WELL-00019_20141117190526,WELL-00019,0,P-ANULAR,level,block_bootstrap,raw,0,0,0,,,,,,,1,too_few,,,,,,,,,,
3w_aligned_onset,WELL-00019_20141117190526,WELL-00019,0,P-ANULAR,level,ewc,adjusted,0,0,5,,,,,,,1,too_few,,,,,,,,,,
3w_aligned_onset,WELL-00019_20141117190526,WELL-00019,0,P-ANULAR,level,ewc,raw,0,0,0,,,,,,,1,too_few,,,,,,,,,,
3w_aligned_onset,WELL-00019_20141117190526,WELL-00019,0,P-ANULAR,level,hac,adjusted,0,0,5,,,,,,,1,too_few,,,,,,,,,,
3w_aligned_onset,WELL-00019_20141117190526,WELL-00019,0,P-ANULAR,level,hac,raw,0,0,0,,,,,,,1,too_few,,,,,,,,,,
3w_aligned_onset,WELL-00019_20141117190526,WELL-00019,0,P-ANULAR,level,naive,adjusted,0,0,5,,,,,,,1,too_few,,,,,,,,,,
3w_aligned_onset,WELL-00019_20141117190526,WELL-00019,0,P-ANULAR,level,naive,raw,0,0,0,,,,,,,1,too_few,,,,,,,,,,
3w_aligned_onset,WELL-00019_20141117190526,WELL-00019,0,P-ANULAR,spread,block_bootstrap,adjusted,0,0,5,,,,,,,1,too_few,,,,,,,,,,
3w_aligned_onset,WELL-00019_20141117190526,WELL-00019,0,P-ANULAR,spread,block_bootstrap,raw,0,0,0,,,,,,,1,too_few,,,,,,,,,,
3w_aligned_onset,WELL-00019_20141117190526,WELL-00019,0,P-ANULAR,spread,naive,adjusted,0,0,5,,,,,,,1,too_few,,,,,,,,,,
3w_aligned_onset,WELL-00019_20141117190526,WELL-00019,0,P-ANULAR,spread,naive,raw,0,0,0,,,,,,,1,too_few,,,,,,,,,,
3w_aligned_onset,WELL-00019_20141117190526,WELL-00019,0,P-JUS-CKGL,level,block_bootstrap,adjusted,180,120,4,,,,,,,1,covariate_outside,,,,,,1,1,,,
3w_aligned_onset,WELL-00019_20141117190526,WELL-00019,0,P-JUS-CKGL,level,block_bootstrap,raw,180,120,0,-94.927,-114.9044,-77.5462,37.3582,0.0,1,0,,4.8671,0.8599,0.9853,22.7399,1,,,1,,
3w_aligned_onset,WELL-00019_20141117190526,WELL-00019,0,P-JUS-CKGL,level,ewc,adjusted,180,120,4,,,,,,,1,covariate_outside,,,,,,1,1,,,
3w_aligned_onset,WELL-00019_20141117190526,WELL-00019,0,P-JUS-CKGL,level,ewc,raw,180,120,0,-94.927,-123.6413,-66.2127,57.4286,0.0,1,0,,4.8671,0.8599,0.9853,22.7399,1,,,1,,
3w_aligned_onset,WELL-00019_20141117190526,WELL-00019,0,P-JUS-CKGL,level,hac,adjusted,180,120,4,,,,,,,1,covariate_outside,,,,,,1,1,,,
3w_aligned_onset,WELL-00019_20141117190526,WELL-00019,0,P-JUS-CKGL,level,hac,raw,180,120,0,-94.927,-131.015,-58.839,72.176,0.0,1,0,,4.8671,0.8599,0.9853,22.7399,1,,,1,,
3w_aligned_onset,WELL-00019_20141117190526,WELL-00019,0,P-JUS-CKGL,level,naive,adjusted,180,120,4,,,,,,,1,covariate_outside,,,,,,1,1,,,
3w_aligned_onset,WELL-00019_20141117190526,WELL-00019,0,P-JUS-CKGL,level,naive,raw,180,120,0,-94.927,-101.7716,-88.0824,13.6892,0.0,1,0,,4.8671,0.8599,0.9853,22.7399,1,,,1,,
3w_aligned_onset,WELL-00019_20141117190526,WELL-00019,0,P-JUS-CKGL,spread,block_bootstrap,adjusted,180,120,4,,,,,,,1,covariate_outside,,,,,,1,1,,,
3w_aligned_onset,WELL-00019_20141117190526,WELL-00019,0,P-JUS-CKGL,spread,block_bootstrap,raw,180,120,0,3.6441,3.0313,4.0085,0.9773,0.0,1,0,,4.8671,0.8599,0.9853,22.7399,1,,,1,,
3w_aligned_onset,WELL-00019_20141117190526,WELL-00019,0,P-JUS-CKGL,spread,naive,adjusted,180,120,4,,,,,,,1,covariate_outside,,,,,,1,1,,,
3w_aligned_onset,WELL-00019_20141117190526,WELL-00019,0,P-JUS-CKGL,spread,naive,raw,180,120,0,3.6441,3.4801,3.808,0.3278,0.0,1,0,,4.8671,0.8599,0.9853,22.7399,1,,,1,,
3w_aligned_onset,WELL-00019_20141117190526,WELL-00019,0,P-MON-CKP,level,block_bootstrap,adjusted,180,120,4,,,,,,,1,covariate_outside,,,,,,1,1,,,
3w_aligned_onset,WELL-00019_20141117190526,WELL-00019,0,P-MON-CKP,level,block_bootstrap,raw,180,120,0,15.0948,7.32,23.2243,15.9043,0.0,1,0,,-0.0818,0.4418,1.0045,6.8791,0,,,1,,
3w_aligned_onset,WELL-00019_20141117190526,WELL-00019,0,P-MON-CKP,level,ewc,adjusted,180,120,4,,,,,,,1,covariate_outside,,,,,,1,1,,,
3w_aligned_onset,WELL-00019_20141117190526,WELL-00019,0,P-MON-CKP,level,ewc,raw,180,120,0,15.0948,4.156,26.0336,21.8776,0.0123,1,0,,-0.0818,0.4418,1.0045,6.8791,0,,,1,,
3w_aligned_onset,WELL-00019_20141117190526,WELL-00019,0,P-MON-CKP,level,hac,adjusted,180,120,4,,,,,,,1,covariate_outside,,,,,,1,1,,,
3w_aligned_onset,WELL-00019_20141117190526,WELL-00019,0,P-MON-CKP,level,hac,raw,180,120,0,15.0948,2.7819,27.4077,24.6258,0.0163,1,0,,-0.0818,0.4418,1.0045,6.8791,0,,,1,,
3w_aligned_onset,WELL-00019_20141117190526,WELL-00019,0,P-MON-CKP,level,naive,adjusted,180,120,4,,,,,,,1,covariate_outside,,,,,,1,1,,,
3w_aligned_onset,WELL-00019_20141117190526,WELL-00019,0,P-MON-CKP,level,naive,raw,180,120,0,15.0948,12.4786,17.711,5.2324,0.0,1,0,,-0.0818,0.4418,1.0045,6.8791,0,,,1,,
3w_aligned_onset,WELL-00019_20141117190526,WELL-00019,0,P-MON-CKP,spread,block_bootstrap,adjusted,180,120,4,,,,,,,1,covariate_outside,,,,,,1,1,,,
3w_aligned_onset,WELL-00019_20141117190526,WELL-00019,0,P-MON-CKP,spread,block_bootstrap,raw,180,120,0,2.681,2.3521,2.9725,0.6204,0.0,1,0,,-0.0818,0.4418,1.0045,6.8791,0,,,1,,
3w_aligned_onset,WELL-00019_20141117190526,WELL-00019,0,P-MON-CKP,spread,naive,adjusted,180,120,4,,,,,,,1,covariate_outside,,,,,,1,1,,,
3w_aligned_onset,WELL-00019_20141117190526,WELL-00019,0,P-MON-CKP,spread,naive,raw,180,120,0,2.681,2.5171,2.8449,0.3278,0.0,1,0,,-0.0818,0.4418,1.0045,6.8791,0,,,1,,
3w_aligned_onset,WELL-00019_20141117190526,WELL-00019,0,P-PDG,level,block_bootstrap,adjusted,180,120,4,,,,,,,1,covariate_outside,,,,,,1,1,,,
3w_aligned_onset,WELL-00019_20141117190526,WELL-00019,0,P-PDG,level,block_bootstrap,raw,180,120,0,0.5239,0.2191,0.845,0.6259,0.0,1,0,,0.1877,0.1121,0.2587,2.4059,0,,,0,,
3w_aligned_onset,WELL-00019_20141117190526,WELL-00019,0,P-PDG,level,ewc,adjusted,180,120,4,,,,,,,1,covariate_outside,,,,,,1,1,,,
3w_aligned_onset,WELL-00019_20141117190526,WELL-00019,0,P-PDG,level,ewc,raw,180,120,0,0.5239,0.1511,0.8968,0.7457,0.0092,1,0,,0.1877,0.1121,0.2587,2.4059,0,,,0,,
3w_aligned_onset,WELL-00019_20141117190526,WELL-00019,0,P-PDG,level,hac,adjusted,180,120,4,,,,,,,1,covariate_outside,,,,,,1,1,,,
3w_aligned_onset,WELL-00019_20141117190526,WELL-00019,0,P-PDG,level,hac,raw,180,120,0,0.5239,0.207,0.8408,0.6338,0.0012,1,0,,0.1877,0.1121,0.2587,2.4059,0,,,0,,
3w_aligned_onset,WELL-00019_20141117190526,WELL-00019,0,P-PDG,level,naive,adjusted,180,120,4,,,,,,,1,covariate_outside,,,,,,1,1,,,
3w_aligned_onset,WELL-00019_20141117190526,WELL-00019,0,P-PDG,level,naive,raw,180,120,0,0.5239,0.2632,0.7847,0.5215,0.0001,1,0,,0.1877,0.1121,0.2587,2.4059,0,,,0,,
3w_aligned_onset,WELL-00019_20141117190526,WELL-00019,0,P-PDG,spread,block_bootstrap,adjusted,180,120,4,,,,,,,1,covariate_outside,,,,,,1,1,,,
3w_aligned_onset,WELL-00019_20141117190526,WELL-00019,0,P-PDG,spread,block_bootstrap,raw,180,120,0,0.1883,-0.1688,0.4776,0.6464,0.3,0,0,,0.1877,0.1121,0.2587,2.4059,0,,,0,,
3w_aligned_onset,WELL-00019_20141117190526,WELL-00019,0,P-PDG,spread,naive,adjusted,180,120,4,,,,,,,1,covariate_outside,,,,,,1,1,,,
3w_aligned_onset,WELL-00019_20141117190526,WELL-00019,0,P-PDG,spread,naive,raw,180,120,0,0.1883,0.0244,0.3522,0.3278,0.0244,1,0,,0.1877,0.1121,0.2587,2.4059,0,,,0,,
3w_aligned_onset,WELL-00019_20141117190526,WELL-00019,0,P-TPT,level,block_bootstrap,adjusted,180,120,4,,,,,,,1,covariate_outside,,,,,,1,1,,,
3w_aligned_onset,WELL-00019_20141117190526,WELL-00019,0,P-TPT,level,block_bootstrap,raw,180,120,0,96.3374,83.7594,114.3484,30.5891,0.0,1,0,,-0.0375,0.9517,0.9551,47.9061,0,,,1,,
3w_aligned_onset,WELL-00019_20141117190526,WELL-00019,0,P-TPT,level,ewc,adjusted,180,120,4,,,,,,,1,covariate_outside,,,,,,1,1,,,
3w_aligned_onset,WELL-00019_20141117190526,WELL-00019,0,P-TPT,level,ewc,raw,180,120,0,96.3374,73.3066,119.3681,46.0615,0.0,1,0,,-0.0375,0.9517,0.9551,47.9061,0,,,1,,
3w_aligned_onset,WELL-00019_20141117190526,WELL-00019,0,P-TPT,level,hac,adjusted,180,120,4,,,,,,,1,covariate_outside,,,,,,1,1,,,
3w_aligned_onset,WELL-00019_20141117190526,WELL-00019,0,P-TPT,level,hac,raw,180,120,0,96.3374,75.0327,117.642,42.6093,0.0,1,0,,-0.0375,0.9517,0.9551,47.9061,0,,,1,,
3w_aligned_onset,WELL-00019_20141117190526,WELL-00019,0,P-TPT,level,naive,adjusted,180,120,4,,,,,,,1,covariate_outside,,,,,,1,1,,,
3w_aligned_onset,WELL-00019_20141117190526,WELL-00019,0,P-TPT,level,naive,raw,180,120,0,96.3374,90.8278,101.8469,11.0191,0.0,1,0,,-0.0375,0.9517,0.9551,47.9061,0,,,1,,
3w_aligned_onset,WELL-00019_20141117190526,WELL-00019,0,P-TPT,spread,block_bootstrap,adjusted,180,120,4,,,,,,,1,covariate_outside,,,,,,1,1,,,
3w_aligned_onset,WELL-00019_20141117190526,WELL-00019,0,P-TPT,spread,block_bootstrap,raw,180,120,0,3.427,2.5224,3.6983,1.1759,0.0,1,0,,-0.0375,0.9517,0.9551,47.9061,0,,,1,,
3w_aligned_onset,WELL-00019_20141117190526,WELL-00019,0,P-TPT,spread,naive,adjusted,180,120,4,,,,,,,1,covariate_outside,,,,,,1,1,,,
3w_aligned_onset,WELL-00019_20141117190526,WELL-00019,0,P-TPT,spread,naive,raw,180,120,0,3.427,3.263,3.5909,0.3278,0.0,1,0,,-0.0375,0.9517,0.9551,47.9061,0,,,1,,
3w_aligned_onset,WELL-00019_20141117190526,WELL-00019,0,T-TPT,level,block_bootstrap,adjusted,180,120,4,,,,,,,1,covariate_outside,,,,,,1,1,,,
3w_aligned_onset,WELL-00019_20141117190526,WELL-00019,0,T-TPT,level,block_bootstrap,raw,180,120,0,-346.4974,-460.7371,-228.4619,232.2752,0.0,1,0,,-2.7643,0.9036,0.9925,29.6918,1,,,1,,
3w_aligned_onset,WELL-00019_20141117190526,WELL-00019,0,T-TPT,level,ewc,adjusted,180,120,4,,,,,,,1,covariate_outside,,,,,,1,1,,,
3w_aligned_onset,WELL-00019_20141117190526,WELL-00019,0,T-TPT,level,ewc,raw,180,120,0,-346.4974,-505.308,-187.6869,317.6211,0.0008,1,0,,-2.7643,0.9036,0.9925,29.6918,1,,,1,,
3w_aligned_onset,WELL-00019_20141117190526,WELL-00019,0,T-TPT,level,hac,adjusted,180,120,4,,,,,,,1,covariate_outside,,,,,,1,1,,,
3w_aligned_onset,WELL-00019_20141117190526,WELL-00019,0,T-TPT,level,hac,raw,180,120,0,-346.4974,-527.4436,-165.5512,361.8924,0.0002,1,0,,-2.7643,0.9036,0.9925,29.6918,1,,,1,,
3w_aligned_onset,WELL-00019_20141117190526,WELL-00019,0,T-TPT,level,naive,adjusted,180,120,4,,,,,,,1,covariate_outside,,,,,,1,1,,,
3w_aligned_onset,WELL-00019_20141117190526,WELL-00019,0,T-TPT,level,naive,raw,180,120,0,-346.4974,-384.3528,-308.642,75.7108,0.0,1,0,,-2.7643,0.9036,0.9925,29.6918,1,,,1,,
3w_aligned_onset,WELL-00019_20141117190526,WELL-00019,0,T-TPT,spread,block_bootstrap,adjusted,180,120,4,,,,,,,1,covariate_outside,,,,,,1,1,,,
3w_aligned_onset,WELL-00019_20141117190526,WELL-00019,0,T-TPT,spread,block_bootstrap,raw,180,120,0,5.3546,4.8851,5.5728,0.6877,0.0,1,0,,-2.7643,0.9036,0.9925,29.6918,1,,,1,,
3w_aligned_onset,WELL-00019_20141117190526,WELL-00019,0,T-TPT,spread,naive,adjusted,180,120,4,,,,,,,1,covariate_outside,,,,,,1,1,,,
3w_aligned_onset,WELL-00019_20141117190526,WELL-00019,0,T-TPT,spread,naive,raw,180,120,0,5.3546,5.1907,5.5185,0.3278,0.0,1,0,,-2.7643,0.9036,0.9925,29.6918,1,,,1,,
3w_aligned_onset,WELL-00019_20150614025713,WELL-00019,0,P-ANULAR,level,block_bootstrap,adjusted,0,0,5,,,,,,,1,too_few,,,,,,,,,,
3w_aligned_onset,WELL-00019_20150614025713,WELL-00019,0,P-ANULAR,level,block_bootstrap,raw,0,0,0,,,,,,,1,too_few,,,,,,,,,,
3w_aligned_onset,WELL-00019_20150614025713,WELL-00019,0,P-ANULAR,level,ewc,adjusted,0,0,5,,,,,,,1,too_few,,,,,,,,,,
3w_aligned_onset,WELL-00019_20150614025713,WELL-00019,0,P-ANULAR,level,ewc,raw,0,0,0,,,,,,,1,too_few,,,,,,,,,,
3w_aligned_onset,WELL-00019_20150614025713,WELL-00019,0,P-ANULAR,level,hac,adjusted,0,0,5,,,,,,,1,too_few,,,,,,,,,,
3w_aligned_onset,WELL-00019_20150614025713,WELL-00019,0,P-ANULAR,level,hac,raw,0,0,0,,,,,,,1,too_few,,,,,,,,,,
3w_aligned_onset,WELL-00019_20150614025713,WELL-00019,0,P-ANULAR,level,naive,adjusted,0,0,5,,,,,,,1,too_few,,,,,,,,,,
3w_aligned_onset,WELL-00019_20150614025713,WELL-00019,0,P-ANULAR,level,naive,raw,0,0,0,,,,,,,1,too_few,,,,,,,,,,
3w_aligned_onset,WELL-00019_20150614025713,WELL-00019,0,P-ANULAR,spread,block_bootstrap,adjusted,0,0,5,,,,,,,1,too_few,,,,,,,,,,
3w_aligned_onset,WELL-00019_20150614025713,WELL-00019,0,P-ANULAR,spread,block_bootstrap,raw,0,0,0,,,,,,,1,too_few,,,,,,,,,,
3w_aligned_onset,WELL-00019_20150614025713,WELL-00019,0,P-ANULAR,spread,naive,adjusted,0,0,5,,,,,,,1,too_few,,,,,,,,,,
3w_aligned_onset,WELL-00019_20150614025713,WELL-00019,0,P-ANULAR,spread,naive,raw,0,0,0,,,,,,,1,too_few,,,,,,,,,,
3w_aligned_onset,WELL-00019_20150614025713,WELL-00019,0,P-JUS-CKGL,level,block_bootstrap,adjusted,180,120,4,,,,,,,1,covariate_outside,,,,,,1,1,,,
3w_aligned_onset,WELL-00019_20150614025713,WELL-00019,0,P-JUS-CKGL,level,block_bootstrap,raw,180,120,0,-100.1678,-111.3753,-89.8862,21.4892,0.0,1,0,,2.0699,0.8708,0.9408,24.1125,1,,,1,,
3w_aligned_onset,WELL-00019_20150614025713,WELL-00019,0,P-JUS-CKGL,level,ewc,adjusted,180,120,4,,,,,,,1,covariate_outside,,,,,,1,1,,,
3w_aligned_onset,WELL-00019_20150614025713,WELL-00019,0,P-JUS-CKGL,level,ewc,raw,180,120,0,-100.1678,-121.0454,-79.2902,41.7551,0.0,1,0,,2.0699,0.8708,0.9408,24.1125,1,,,1,,
3w_aligned_onset,WELL-00019_20150614025713,WELL-00019,0,P-JUS-CKGL,level,hac,adjusted,180,120,4,,,,,,,1,covariate_outside,,,,,,1,1,,,
3w_aligned_onset,WELL-00019_20150614025713,WELL-00019,0,P-JUS-CKGL,level,hac,raw,180,120,0,-100.1678,-118.7842,-81.5514,37.2328,0.0,1,0,,2.0699,0.8708,0.9408,24.1125,1,,,1,,
3w_aligned_onset,WELL-00019_20150614025713,WELL-00019,0,P-JUS-CKGL,level,naive,adjusted,180,120,4,,,,,,,1,covariate_outside,,,,,,1,1,,,
3w_aligned_onset,WELL-00019_20150614025713,WELL-00019,0,P-JUS-CKGL,level,naive,raw,180,120,0,-100.1678,-105.1793,-95.1564,10.0229,0.0,1,0,,2.0699,0.8708,0.9408,24.1125,1,,,1,,
3w_aligned_onset,WELL-00019_20150614025713,WELL-00019,0,P-JUS-CKGL,spread,block_bootstrap,adjusted,180,120,4,,,,,,,1,covariate_outside,,,,,,1,1,,,
3w_aligned_onset,WELL-00019_20150614025713,WELL-00019,0,P-JUS-CKGL,spread,block_bootstrap,raw,180,120,0,3.3321,1.5264,3.7005,2.174,0.0,1,0,,2.0699,0.8708,0.9408,24.1125,1,,,1,,
3w_aligned_onset,WELL-00019_20150614025713,WELL-00019,0,P-JUS-CKGL,spread,naive,adjusted,180,120,4,,,,,,,1,covariate_outside,,,,,,1,1,,,
3w_aligned_onset,WELL-00019_20150614025713,WELL-00019,0,P-JUS-CKGL,spread,naive,raw,180,120,0,3.3321,3.1682,3.496,0.3278,0.0,1,0,,2.0699,0.8708,0.9408,24.1125,1,,,1,,
3w_aligned_onset,WELL-00019_20150614025713,WELL-00019,0,P-MON-CKP,level,block_bootstrap,adjusted,180,120,4,,,,,,,1,covariate_outside,,,,,,1,1,,,
3w_aligned_onset,WELL-00019_20150614025713,WELL-00019,0,P-MON-CKP,level,block_bootstrap,raw,180,120,0,-1.6924,-1.7962,-1.5744,0.2217,0.0,1,0,,-1.8594,0.2109,,3.7472,0,,,0,,
3w_aligned_onset,WELL-00019_20150614025713,WELL-00019,0,P-MON-CKP,level,ewc,adjusted,180,120,4,,,,,,,1,covariate_outside,,,,,,1,1,,,
3w_aligned_onset,WELL-00019_20150614025713,WELL-00019,0,P-MON-CKP,level,ewc,raw,180,120,0,-1.6924,-1.7997,-1.5852,0.2145,0.0,1,0,,-1.8594,0.2109,,3.7472,0,,,0,,
3w_aligned_onset,WELL-00019_20150614025713,WELL-00019,0,P-MON-CKP,level,hac,adjusted,180,120,4,,,,,,,1,covariate_outside,,,,,,1,1,,,
3w_aligned_onset,WELL-00019_20150614025713,WELL-00019,0,P-MON-CKP,level,hac,raw,180,120,0,-1.6924,-1.8302,-1.5546,0.2756,0.0,1,0,,-1.8594,0.2109,,3.7472,0,,,0,,
3w_aligned_onset,WELL-00019_20150614025713,WELL-00019,0,P-MON-CKP,level,naive,adjusted,180,120,4,,,,,,,1,covariate_outside,,,,,,1,1,,,
3w_aligned_onset,WELL-00019_20150614025713,WELL-00019,0,P-MON-CKP,level,naive,raw,180,120,0,-1.6924,-1.8385,-1.5463,0.2922,0.0,1,0,,-1.8594,0.2109,,3.7472,0,,,0,,
3w_aligned_onset,WELL-00019_20150614025713,WELL-00019,0,P-MON-CKP,spread,block_bootstrap,adjusted,180,120,4,,,,,,,1,covariate_outside,,,,,,1,1,,,
3w_aligned_onset,WELL-00019_20150614025713,WELL-00019,0,P-MON-CKP,spread,block_bootstrap,raw,180,120,0,,,,,,,1,no_spread_after,-1.8594,0.2109,,3.7472,0,,,0,,
3w_aligned_onset,WELL-00019_20150614025713,WELL-00019,0,P-MON-CKP,spread,naive,adjusted,180,120,4,,,,,,,1,covariate_outside,,,,,,1,1,,,
3w_aligned_onset,WELL-00019_20150614025713,WELL-00019,0,P-MON-CKP,spread,naive,raw,180,120,0,,,,,,,1,no_spread_after,-1.8594,0.2109,,3.7472,0,,,0,,
3w_aligned_onset,WELL-00019_20150614025713,WELL-00019,0,P-PDG,level,block_bootstrap,adjusted,180,120,4,,,,,,,1,covariate_outside,,,,,,1,1,,,
3w_aligned_onset,WELL-00019_20150614025713,WELL-00019,0,P-PDG,level,block_bootstrap,raw,180,120,0,1.0879,0.8772,1.3379,0.4608,0.0,1,0,,1.6558,0.1592,0.3614,3.0658,0,,,0,,
3w_aligned_onset,WELL-00019_20150614025713,WELL-00019,0,P-PDG,level,ewc,adjusted,180,120,4,,,,,,,1,covariate_outside,,,,,,1,1,,,
3w_aligned_onset,WELL-00019_20150614025713,WELL-00019,0,P-PDG,level,ewc,raw,180,120,0,1.0879,0.7467,1.4291,0.6824,0.0,1,0,,1.6558,0.1592,0.3614,3.0658,0,,,0,,
3w_aligned_onset,WELL-00019_20150614025713,WELL-00019,0,P-PDG,level,hac,adjusted,180,120,4,,,,,,,1,covariate_outside,,,,,,1,1,,,
3w_aligned_onset,WELL-00019_20150614025713,WELL-00019,0,P-PDG,level,hac,raw,180,120,0,1.0879,0.8485,1.3273,0.4789,0.0,1,0,,1.6558,0.1592,0.3614,3.0658,0,,,0,,
3w_aligned_onset,WELL-00019_20150614025713,WELL-00019,0,P-PDG,level,naive,adjusted,180,120,4,,,,,,,1,covariate_outside,,,,,,1,1,,,
3w_aligned_onset,WELL-00019_20150614025713,WELL-00019,0,P-PDG,level,naive,raw,180,120,0,1.0879,0.8951,1.2806,0.3855,0.0,1,0,,1.6558,0.1592,0.3614,3.0658,0,,,0,,
3w_aligned_onset,WELL-00019_20150614025713,WELL-00019,0,P-PDG,spread,block_bootstrap,adjusted,180,120,4,,,,,,,1,covariate_outside,,,,,,1,1,,,
3w_aligned_onset,WELL-00019_20150614025713,WELL-00019,0,P-PDG,spread,block_bootstrap,raw,180,120,0,-0.3528,-0.8654,-0.2423,0.6231,0.0,1,0,,1.6558,0.1592,0.3614,3.0658,0,,,0,,
3w_aligned_onset,WELL-00019_20150614025713,WELL-00019,0,P-PDG,spread,naive,adjusted,180,120,4,,,,,,,1,covariate_outside,,,,,,1,1,,,
3w_aligned_onset,WELL-00019_20150614025713,WELL-00019,0,P-PDG,spread,naive,raw,180,120,0,-0.3528,-0.5168,-0.1889,0.3278,0.0,1,0,,1.6558,0.1592,0.3614,3.0658,0,,,0,,
3w_aligned_onset,WELL-00019_20150614025713,WELL-00019,0,P-TPT,level,block_bootstrap,adjusted,180,120,4,,,,,,,1,covariate_outside,,,,,,1,1,,,
3w_aligned_onset,WELL-00019_20150614025713,WELL-00019,0,P-TPT,level,block_bootstrap,raw,180,120,0,-1.5233,-1.8855,-1.1062,0.7793,0.0,1,0,,3.2514,0.8576,,22.4735,1,,,0,,
3w_aligned_onset,WELL-00019_20150614025713,WELL-00019,0,P-TPT,level,ewc,adjusted,180,120,4,,,,,,,1,covariate_outside,,,,,,1,1,,,
3w_aligned_onset,WELL-00019_20150614025713,WELL-00019,0,P-TPT,level,ewc,raw,180,120,0,-1.5233,-2.0641,-0.9826,1.0815,0.0001,1,0,,3.2514,0.8576,,22.4735,1,,,0,,
3w_aligned_onset,WELL-00019_20150614025713,WELL-00019,0,P-TPT,level,hac,adjusted,180,120,4,,,,,,,1,covariate_outside,,,,,,1,1,,,
3w_aligned_onset,WELL-00019_20150614025713,WELL-00019,0,P-TPT,level,hac,raw,180,120,0,-1.5233,-2.0669,-0.9798,1.0871,0.0,1,0,,3.2514,0.8576,,22.4735,1,,,0,,
3w_aligned_onset,WELL-00019_20150614025713,WELL-00019,0,P-TPT,level,naive,adjusted,180,120,4,,,,,,,1,covariate_outside,,,,,,1,1,,,
3w_aligned_onset,WELL-00019_20150614025713,WELL-00019,0,P-TPT,level,naive,raw,180,120,0,-1.5233,-1.6694,-1.3772,0.2922,0.0,1,0,,3.2514,0.8576,,22.4735,1,,,0,,
3w_aligned_onset,WELL-00019_20150614025713,WELL-00019,0,P-TPT,spread,block_bootstrap,adjusted,180,120,4,,,,,,,1,covariate_outside,,,,,,1,1,,,
3w_aligned_onset,WELL-00019_20150614025713,WELL-00019,0,P-TPT,spread,block_bootstrap,raw,180,120,0,,,,,,,1,no_spread_after,3.2514,0.8576,,22.4735,1,,,0,,
3w_aligned_onset,WELL-00019_20150614025713,WELL-00019,0,P-TPT,spread,naive,adjusted,180,120,4,,,,,,,1,covariate_outside,,,,,,1,1,,,
3w_aligned_onset,WELL-00019_20150614025713,WELL-00019,0,P-TPT,spread,naive,raw,180,120,0,,,,,,,1,no_spread_after,3.2514,0.8576,,22.4735,1,,,0,,
3w_aligned_onset,WELL-00019_20150614025713,WELL-00019,0,T-TPT,level,block_bootstrap,adjusted,180,120,4,,,,,,,1,covariate_outside,,,,,,1,1,,,
3w_aligned_onset,WELL-00019_20150614025713,WELL-00019,0,T-TPT,level,block_bootstrap,raw,180,120,0,0.0873,-0.076,0.3043,0.3803,0.31,0,0,,-2.7881,0.8195,,18.8743,1,,,0,,
3w_aligned_onset,WELL-00019_20150614025713,WELL-00019,0,T-TPT,level,ewc,adjusted,180,120,4,,,,,,,1,covariate_outside,,,,,,1,1,,,
3w_aligned_onset,WELL-00019_20150614025713,WELL-00019,0,T-TPT,level,ewc,raw,180,120,0,0.0873,-0.151,0.3257,0.4768,0.4402,0,0,,-2.7881,0.8195,,18.8743,1,,,0,,
3w_aligned_onset,WELL-00019_20150614025713,WELL-00019,0,T-TPT,level,hac,adjusted,180,120,4,,,,,,,1,covariate_outside,,,,,,1,1,,,
3w_aligned_onset,WELL-00019_20150614025713,WELL-00019,0,T-TPT,level,hac,raw,180,120,0,0.0873,-0.134,0.3087,0.4427,0.4393,0,0,,-2.7881,0.8195,,18.8743,1,,,0,,
3w_aligned_onset,WELL-00019_20150614025713,WELL-00019,0,T-TPT,level,naive,adjusted,180,120,4,,,,,,,1,covariate_outside,,,,,,1,1,,,
3w_aligned_onset,WELL-00019_20150614025713,WELL-00019,0,T-TPT,level,naive,raw,180,120,0,0.0873,-0.0587,0.2334,0.2922,0.2413,0,0,,-2.7881,0.8195,,18.8743,1,,,0,,
3w_aligned_onset,WELL-00019_20150614025713,WELL-00019,0,T-TPT,spread,block_bootstrap,adjusted,180,120,4,,,,,,,1,covariate_outside,,,,,,1,1,,,
3w_aligned_onset,WELL-00019_20150614025713,WELL-00019,0,T-TPT,spread,block_bootstrap,raw,180,120,0,,,,,,,1,no_spread_after,-2.7881,0.8195,,18.8743,1,,,0,,
3w_aligned_onset,WELL-00019_20150614025713,WELL-00019,0,T-TPT,spread,naive,adjusted,180,120,4,,,,,,,1,covariate_outside,,,,,,1,1,,,
3w_aligned_onset,WELL-00019_20150614025713,WELL-00019,0,T-TPT,spread,naive,raw,180,120,0,,,,,,,1,no_spread_after,-2.7881,0.8195,,18.8743,1,,,0,,
3w_aligned_onset,WELL-00019_20210617032654,WELL-00019,0,P-ANULAR,level,block_bootstrap,adjusted,0,0,2,,,,,,,1,too_few,,,,,,,,,,
3w_aligned_onset,WELL-00019_20210617032654,WELL-00019,0,P-ANULAR,level,block_bootstrap,raw,0,0,0,,,,,,,1,too_few,,,,,,,,,,
3w_aligned_onset,WELL-00019_20210617032654,WELL-00019,0,P-ANULAR,level,ewc,adjusted,0,0,2,,,,,,,1,too_few,,,,,,,,,,
3w_aligned_onset,WELL-00019_20210617032654,WELL-00019,0,P-ANULAR,level,ewc,raw,0,0,0,,,,,,,1,too_few,,,,,,,,,,
3w_aligned_onset,WELL-00019_20210617032654,WELL-00019,0,P-ANULAR,level,hac,adjusted,0,0,2,,,,,,,1,too_few,,,,,,,,,,
3w_aligned_onset,WELL-00019_20210617032654,WELL-00019,0,P-ANULAR,level,hac,raw,0,0,0,,,,,,,1,too_few,,,,,,,,,,
3w_aligned_onset,WELL-00019_20210617032654,WELL-00019,0,P-ANULAR,level,naive,adjusted,0,0,2,,,,,,,1,too_few,,,,,,,,,,
3w_aligned_onset,WELL-00019_20210617032654,WELL-00019,0,P-ANULAR,level,naive,raw,0,0,0,,,,,,,1,too_few,,,,,,,,,,
3w_aligned_onset,WELL-00019_20210617032654,WELL-00019,0,P-ANULAR,spread,block_bootstrap,adjusted,0,0,2,,,,,,,1,too_few,,,,,,,,,,
3w_aligned_onset,WELL-00019_20210617032654,WELL-00019,0,P-ANULAR,spread,block_bootstrap,raw,0,0,0,,,,,,,1,too_few,,,,,,,,,,
3w_aligned_onset,WELL-00019_20210617032654,WELL-00019,0,P-ANULAR,spread,naive,adjusted,0,0,2,,,,,,,1,too_few,,,,,,,,,,
3w_aligned_onset,WELL-00019_20210617032654,WELL-00019,0,P-ANULAR,spread,naive,raw,0,0,0,,,,,,,1,too_few,,,,,,,,,,
3w_aligned_onset,WELL-00019_20210617032654,WELL-00019,0,P-JUS-CKGL,level,block_bootstrap,adjusted,180,120,1,,,,,,,1,covariate_outside,,,,,,1,1,,,
3w_aligned_onset,WELL-00019_20210617032654,WELL-00019,0,P-JUS-CKGL,level,block_bootstrap,raw,180,120,0,-181.4276,-198.4298,-168.9493,29.4806,0.0,1,0,,1.6353,0.5702,0.8877,9.1686,0,,,1,,
3w_aligned_onset,WELL-00019_20210617032654,WELL-00019,0,P-JUS-CKGL,level,ewc,adjusted,180,120,1,,,,,,,1,covariate_outside,,,,,,1,1,,,
3w_aligned_onset,WELL-00019_20210617032654,WELL-00019,0,P-JUS-CKGL,level,ewc,raw,180,120,0,-181.4276,-206.5384,-156.3168,50.2216,0.0,1,0,,1.6353,0.5702,0.8877,9.1686,0,,,1,,
3w_aligned_onset,WELL-00019_20210617032654,WELL-00019,0,P-JUS-CKGL,level,hac,adjusted,180,120,1,,,,,,,1,covariate_outside,,,,,,1,1,,,
3w_aligned_onset,WELL-00019_20210617032654,WELL-00019,0,P-JUS-CKGL,level,hac,raw,180,120,0,-181.4276,-201.2558,-161.5994,39.6564,0.0,1,0,,1.6353,0.5702,0.8877,9.1686,0,,,1,,
3w_aligned_onset,WELL-00019_20210617032654,WELL-00019,0,P-JUS-CKGL,level,naive,adjusted,180,120,1,,,,,,,1,covariate_outside,,,,,,1,1,,,
3w_aligned_onset,WELL-00019_20210617032654,WELL-00019,0,P-JUS-CKGL,level,naive,raw,180,120,0,-181.4276,-187.6576,-175.1975,12.4601,0.0,1,0,,1.6353,0.5702,0.8877,9.1686,0,,,1,,
3w_aligned_onset,WELL-00019_20210617032654,WELL-00019,0,P-JUS-CKGL,spread,block_bootstrap,adjusted,180,120,1,,,,,,,1,covariate_outside,,,,,,1,1,,,
3w_aligned_onset,WELL-00019_20210617032654,WELL-00019,0,P-JUS-CKGL,spread,block_bootstrap,raw,180,120,0,3.5499,2.7448,3.6303,0.8855,0.0,1,0,,1.6353,0.5702,0.8877,9.1686,0,,,1,,
3w_aligned_onset,WELL-00019_20210617032654,WELL-00019,0,P-JUS-CKGL,spread,naive,adjusted,180,120,1,,,,,,,1,covariate_outside,,,,,,1,1,,,
3w_aligned_onset,WELL-00019_20210617032654,WELL-00019,0,P-JUS-CKGL,spread,naive,raw,180,120,0,3.5499,3.386,3.7139,0.3278,0.0,1,0,,1.6353,0.5702,0.8877,9.1686,0,,,1,,
3w_aligned_onset,WELL-00019_20210617032654,WELL-00019,0,P-MON-CKP,level,block_bootstrap,adjusted,180,120,1,,,,,,,1,covariate_outside,,,,,,1,1,,,
3w_aligned_onset,WELL-00019_20210617032654,WELL-00019,0,P-MON-CKP,level,block_bootstrap,raw,180,120,0,-2.4493,-3.1739,-1.7565,1.4174,0.0,1,0,,-0.2868,-0.1796,0.7607,3.3379,0,,,0,,
3w_aligned_onset,WELL-00019_20210617032654,WELL-00019,0,P-MON-CKP,level,ewc,adjusted,180,120,1,,,,,,,1,covariate_outside,,,,,,1,1,,,
3w_aligned_onset,WELL-00019_20210617032654,WELL-00019,0,P-MON-CKP,level,ewc,raw,180,120,0,-2.4493,-3.5912,-1.3073,2.2839,0.0009,1,0,,-0.2868,-0.1796,0.7607,3.3379,0,,,0,,
3w_aligned_onset,WELL-00019_20210617032654,WELL-00019,0,P-MON-CKP,level,hac,adjusted,180,120,1,,,,,,,1,covariate_outside,,,,,,1,1,,,
3w_aligned_onset,WELL-00019_20210617032654,WELL-00019,0,P-MON-CKP,level,hac,raw,180,120,0,-2.4493,-3.3884,-1.5102,1.8782,0.0,1,0,,-0.2868,-0.1796,0.7607,3.3379,0,,,0,,
3w_aligned_onset,WELL-00019_20210617032654,WELL-00019,0,P-MON-CKP,level,naive,adjusted,180,120,1,,,,,,,1,covariate_outside,,,,,,1,1,,,
3w_aligned_onset,WELL-00019_20210617032654,WELL-00019,0,P-MON-CKP,level,naive,raw,180,120,0,-2.4493,-2.7867,-2.1119,0.6748,0.0,1,0,,-0.2868,-0.1796,0.7607,3.3379,0,,,0,,
3w_aligned_onset,WELL-00019_20210617032654,WELL-00019,0,P-MON-CKP,spread,block_bootstrap,adjusted,180,120,1,,,,,,,1,covariate_outside,,,,,,1,1,,,
3w_aligned_onset,WELL-00019_20210617032654,WELL-00019,0,P-MON-CKP,spread,block_bootstrap,raw,180,120,0,0.5305,0.0695,0.7026,0.6332,0.05,1,0,,-0.2868,-0.1796,0.7607,3.3379,0,,,0,,
3w_aligned_onset,WELL-00019_20210617032654,WELL-00019,0,P-MON-CKP,spread,naive,adjusted,180,120,1,,,,,,,1,covariate_outside,,,,,,1,1,,,
3w_aligned_onset,WELL-00019_20210617032654,WELL-00019,0,P-MON-CKP,spread,naive,raw,180,120,0,0.5305,0.3666,0.6944,0.3278,0.0,1,0,,-0.2868,-0.1796,0.7607,3.3379,0,,,0,,
3w_aligned_onset,WELL-00019_20210617032654,WELL-00019,0,P-PDG,level,block_bootstrap,adjusted,180,120,2,,,,,,,1,no_spread,,,,,,,,,,
3w_aligned_onset,WELL-00019_20210617032654,WELL-00019,0,P-PDG,level,block_bootstrap,raw,180,120,0,,,,,,,1,no_spread,,,,,,,,,,
3w_aligned_onset,WELL-00019_20210617032654,WELL-00019,0,P-PDG,level,ewc,adjusted,180,120,2,,,,,,,1,no_spread,,,,,,,,,,
3w_aligned_onset,WELL-00019_20210617032654,WELL-00019,0,P-PDG,level,ewc,raw,180,120,0,,,,,,,1,no_spread,,,,,,,,,,
3w_aligned_onset,WELL-00019_20210617032654,WELL-00019,0,P-PDG,level,hac,adjusted,180,120,2,,,,,,,1,no_spread,,,,,,,,,,
3w_aligned_onset,WELL-00019_20210617032654,WELL-00019,0,P-PDG,level,hac,raw,180,120,0,,,,,,,1,no_spread,,,,,,,,,,
3w_aligned_onset,WELL-00019_20210617032654,WELL-00019,0,P-PDG,level,naive,adjusted,180,120,2,,,,,,,1,no_spread,,,,,,,,,,
3w_aligned_onset,WELL-00019_20210617032654,WELL-00019,0,P-PDG,level,naive,raw,180,120,0,,,,,,,1,no_spread,,,,,,,,,,
3w_aligned_onset,WELL-00019_20210617032654,WELL-00019,0,P-PDG,spread,block_bootstrap,adjusted,180,120,2,,,,,,,1,no_spread,,,,,,,,,,
3w_aligned_onset,WELL-00019_20210617032654,WELL-00019,0,P-PDG,spread,block_bootstrap,raw,180,120,0,,,,,,,1,no_spread,,,,,,,,,,
3w_aligned_onset,WELL-00019_20210617032654,WELL-00019,0,P-PDG,spread,naive,adjusted,180,120,2,,,,,,,1,no_spread,,,,,,,,,,
3w_aligned_onset,WELL-00019_20210617032654,WELL-00019,0,P-PDG,spread,naive,raw,180,120,0,,,,,,,1,no_spread,,,,,,,,,,
3w_aligned_onset,WELL-00019_20210617032654,WELL-00019,0,P-TPT,level,block_bootstrap,adjusted,180,120,2,,,,,,,1,no_spread,,,,,,,,,,
3w_aligned_onset,WELL-00019_20210617032654,WELL-00019,0,P-TPT,level,block_bootstrap,raw,180,120,0,,,,,,,1,no_spread,,,,,,,,,,
3w_aligned_onset,WELL-00019_20210617032654,WELL-00019,0,P-TPT,level,ewc,adjusted,180,120,2,,,,,,,1,no_spread,,,,,,,,,,
3w_aligned_onset,WELL-00019_20210617032654,WELL-00019,0,P-TPT,level,ewc,raw,180,120,0,,,,,,,1,no_spread,,,,,,,,,,
3w_aligned_onset,WELL-00019_20210617032654,WELL-00019,0,P-TPT,level,hac,adjusted,180,120,2,,,,,,,1,no_spread,,,,,,,,,,
3w_aligned_onset,WELL-00019_20210617032654,WELL-00019,0,P-TPT,level,hac,raw,180,120,0,,,,,,,1,no_spread,,,,,,,,,,
3w_aligned_onset,WELL-00019_20210617032654,WELL-00019,0,P-TPT,level,naive,adjusted,180,120,2,,,,,,,1,no_spread,,,,,,,,,,
3w_aligned_onset,WELL-00019_20210617032654,WELL-00019,0,P-TPT,level,naive,raw,180,120,0,,,,,,,1,no_spread,,,,,,,,,,
3w_aligned_onset,WELL-00019_20210617032654,WELL-00019,0,P-TPT,spread,block_bootstrap,adjusted,180,120,2,,,,,,,1,no_spread,,,,,,,,,,
3w_aligned_onset,WELL-00019_20210617032654,WELL-00019,0,P-TPT,spread,block_bootstrap,raw,180,120,0,,,,,,,1,no_spread,,,,,,,,,,
3w_aligned_onset,WELL-00019_20210617032654,WELL-00019,0,P-TPT,spread,naive,adjusted,180,120,2,,,,,,,1,no_spread,,,,,,,,,,
3w_aligned_onset,WELL-00019_20210617032654,WELL-00019,0,P-TPT,spread,naive,raw,180,120,0,,,,,,,1,no_spread,,,,,,,,,,
3w_aligned_onset,WELL-00019_20210617032654,WELL-00019,0,T-TPT,level,block_bootstrap,adjusted,180,120,2,,,,,,,1,no_spread,,,,,,,,,,
3w_aligned_onset,WELL-00019_20210617032654,WELL-00019,0,T-TPT,level,block_bootstrap,raw,180,120,0,,,,,,,1,no_spread,,,,,,,,,,
3w_aligned_onset,WELL-00019_20210617032654,WELL-00019,0,T-TPT,level,ewc,adjusted,180,120,2,,,,,,,1,no_spread,,,,,,,,,,
3w_aligned_onset,WELL-00019_20210617032654,WELL-00019,0,T-TPT,level,ewc,raw,180,120,0,,,,,,,1,no_spread,,,,,,,,,,
3w_aligned_onset,WELL-00019_20210617032654,WELL-00019,0,T-TPT,level,hac,adjusted,180,120,2,,,,,,,1,no_spread,,,,,,,,,,
3w_aligned_onset,WELL-00019_20210617032654,WELL-00019,0,T-TPT,level,hac,raw,180,120,0,,,,,,,1,no_spread,,,,,,,,,,
3w_aligned_onset,WELL-00019_20210617032654,WELL-00019,0,T-TPT,level,naive,adjusted,180,120,2,,,,,,,1,no_spread,,,,,,,,,,
3w_aligned_onset,WELL-00019_20210617032654,WELL-00019,0,T-TPT,level,naive,raw,180,120,0,,,,,,,1,no_spread,,,,,,,,,,
3w_aligned_onset,WELL-00019_20210617032654,WELL-00019,0,T-TPT,spread,block_bootstrap,adjusted,180,120,2,,,,,,,1,no_spread,,,,,,,,,,
3w_aligned_onset,WELL-00019_20210617032654,WELL-00019,0,T-TPT,spread,block_bootstrap,raw,180,120,0,,,,,,,1,no_spread,,,,,,,,,,
3w_aligned_onset,WELL-00019_20210617032654,WELL-00019,0,T-TPT,spread,naive,adjusted,180,120,2,,,,,,,1,no_spread,,,,,,,,,,
3w_aligned_onset,WELL-00019_20210617032654,WELL-00019,0,T-TPT,spread,naive,raw,180,120,0,,,,,,,1,no_spread,,,,,,,,,,
3w_aligned_onset,WELL-00021_20180611011218,WELL-00021,0,P-ANULAR,level,block_bootstrap,adjusted,180,120,4,,,,,,,1,covariate_outside,,,,,,1,1,,,
3w_aligned_onset,WELL-00021_20180611011218,WELL-00021,0,P-ANULAR,level,block_bootstrap,raw,180,120,0,-0.0583,-0.4057,0.26,0.6657,0.6,0,0,,-7.4899,0.1502,0.251,2.943,1,,,0,,
3w_aligned_onset,WELL-00021_20180611011218,WELL-00021,0,P-ANULAR,level,ewc,adjusted,180,120,4,,,,,,,1,covariate_outside,,,,,,1,1,,,
3w_aligned_onset,WELL-00021_20180611011218,WELL-00021,0,P-ANULAR,level,ewc,raw,180,120,0,-0.0583,-0.4642,0.3475,0.8117,0.768,0,0,,-7.4899,0.1502,0.251,2.943,1,,,0,,
3w_aligned_onset,WELL-00021_20180611011218,WELL-00021,0,P-ANULAR,level,hac,adjusted,180,120,4,,,,,,,1,covariate_outside,,,,,,1,1,,,
3w_aligned_onset,WELL-00021_20180611011218,WELL-00021,0,P-ANULAR,level,hac,raw,180,120,0,-0.0583,-0.2988,0.1822,0.481,0.6346,0,0,,-7.4899,0.1502,0.251,2.943,1,,,0,,
3w_aligned_onset,WELL-00021_20180611011218,WELL-00021,0,P-ANULAR,level,naive,adjusted,180,120,4,,,,,,,1,covariate_outside,,,,,,1,1,,,
3w_aligned_onset,WELL-00021_20180611011218,WELL-00021,0,P-ANULAR,level,naive,raw,180,120,0,-0.0583,-0.2626,0.1459,0.4085,0.5758,0,0,,-7.4899,0.1502,0.251,2.943,1,,,0,,
3w_aligned_onset,WELL-00021_20180611011218,WELL-00021,0,P-ANULAR,spread,block_bootstrap,adjusted,180,120,4,,,,,,,1,covariate_outside,,,,,,1,1,,,
3w_aligned_onset,WELL-00021_20180611011218,WELL-00021,0,P-ANULAR,spread,block_bootstrap,raw,180,120,0,-0.2258,-0.3617,-0.1038,0.2579,0.01,1,0,,-7.4899,0.1502,0.251,2.943,1,,,0,,
3w_aligned_onset,WELL-00021_20180611011218,WELL-00021,0,P-ANULAR,spread,naive,adjusted,180,120,4,,,,,,,1,covariate_outside,,,,,,1,1,,,
3w_aligned_onset,WELL-00021_20180611011218,WELL-00021,0,P-ANULAR,spread,naive,raw,180,120,0,-0.2258,-0.3897,-0.0619,0.3278,0.0069,1,0,,-7.4899,0.1502,0.251,2.943,1,,,0,,
3w_aligned_onset,WELL-00021_20180611011218,WELL-00021,0,P-JUS-CKGL,level,block_bootstrap,adjusted,180,120,4,5.878,4.0633,7.803,3.7398,0.0,1,0,,-1.6203,0.7208,0.9928,13.4439,0,0,1,1,0.7493,0.8989
3w_aligned_onset,WELL-00021_20180611011218,WELL-00021,0,P-JUS-CKGL,level,block_bootstrap,raw,180,120,0,5.1345,3.1168,7.2182,4.1015,0.0,1,0,,-14.6528,0.9879,0.9972,122.0039,1,,,1,,
3w_aligned_onset,WELL-00021_20180611011218,WELL-00021,0,P-JUS-CKGL,level,ewc,adjusted,180,120,4,5.878,3.1174,8.6387,5.5213,0.0009,1,0,,-1.6203,0.7208,0.9928,13.4439,0,0,1,1,0.7493,0.8989
3w_aligned_onset,WELL-00021_20180611011218,WELL-00021,0,P-JUS-CKGL,level,ewc,raw,180,120,0,5.1345,2.187,8.082,5.895,0.0031,1,0,,-14.6528,0.9879,0.9972,122.0039,1,,,1,,
3w_aligned_onset,WELL-00021_20180611011218,WELL-00021,0,P-JUS-CKGL,level,hac,adjusted,180,120,4,5.878,2.6508,9.1052,6.4544,0.0004,1,0,,-1.6203,0.7208,0.9928,13.4439,0,0,1,1,0.7493,0.8989
3w_aligned_onset,WELL-00021_20180611011218,WELL-00021,0,P-JUS-CKGL,level,hac,raw,180,120,0,5.1345,1.5806,8.6884,7.1078,0.0046,1,0,,-14.6528,0.9879,0.9972,122.0039,1,,,1,,
3w_aligned_onset,WELL-00021_20180611011218,WELL-00021,0,P-JUS-CKGL,level,naive,adjusted,180,120,4,5.878,5.2143,6.5418,1.3275,0.0,1,0,,-1.6203,0.7208,0.9928,13.4439,0,0,1,1,0.7493,0.8989
3w_aligned_onset,WELL-00021_20180611011218,WELL-00021,0,P-JUS-CKGL,level,naive,raw,180,120,0,5.1345,4.4235,5.8454,1.4219,0.0,1,0,,-14.6528,0.9879,0.9972,122.0039,1,,,1,,
3w_aligned_onset,WELL-00021_20180611011218,WELL-00021,0,P-JUS-CKGL,spread,block_bootstrap,adjusted,180,120,4,1.9967,1.4924,2.2488,0.7565,0.0,1,0,,-1.6203,0.7208,0.9928,13.4439,0,0,1,1,0.7493,0.8989
3w_aligned_onset,WELL-00021_20180611011218,WELL-00021,0,P-JUS-CKGL,spread,block_bootstrap,raw,180,120,0,1.3581,0.8874,1.6523,0.7649,0.0,1,0,,-14.6528,0.9879,0.9972,122.0039,1,,,1,,
3w_aligned_onset,WELL-00021_20180611011218,WELL-00021,0,P-JUS-CKGL,spread,naive,adjusted,180,120,4,1.9967,1.8328,2.1606,0.3278,0.0,1,0,,-1.6203,0.7208,0.9928,13.4439,0,0,1,1,0.7493,0.8989
3w_aligned_onset,WELL-00021_20180611011218,WELL-00021,0,P-JUS-CKGL,spread,naive,raw,180,120,0,1.3581,1.1942,1.522,0.3278,0.0,1,0,,-14.6528,0.9879,0.9972,122.0039,1,,,1,,
3w_aligned_onset,WELL-00021_20180611011218,WELL-00021,0,P-MON-CKP,level,block_bootstrap,adjusted,180,120,4,,,,,,,1,covariate_outside,,,,,,1,1,,,
3w_aligned_onset,WELL-00021_20180611011218,WELL-00021,0,P-MON-CKP,level,block_bootstrap,raw,180,120,0,1.3654,1.0693,1.7976,0.7283,0.0,1,0,,-1.9978,0.4049,0.5046,6.3269,1,,,0,,
3w_aligned_onset,WELL-00021_20180611011218,WELL-00021,0,P-MON-CKP,level,ewc,adjusted,180,120,4,,,,,,,1,covariate_outside,,,,,,1,1,,,
3w_aligned_onset,WELL-00021_20180611011218,WELL-00021,0,P-MON-CKP,level,ewc,raw,180,120,0,1.3654,0.9276,1.8031,0.8755,0.0,1,0,,-1.9978,0.4049,0.5046,6.3269,1,,,0,,
3w_aligned_onset,WELL-00021_20180611011218,WELL-00021,0,P-MON-CKP,level,hac,adjusted,180,120,4,,,,,,,1,covariate_outside,,,,,,1,1,,,
3w_aligned_onset,WELL-00021_20180611011218,WELL-00021,0,P-MON-CKP,level,hac,raw,180,120,0,1.3654,1.0468,1.6839,0.6371,0.0,1,0,,-1.9978,0.4049,0.5046,6.3269,1,,,0,,
3w_aligned_onset,WELL-00021_20180611011218,WELL-00021,0,P-MON-CKP,level,naive,adjusted,180,120,4,,,,,,,1,covariate_outside,,,,,,1,1,,,
3w_aligned_onset,WELL-00021_20180611011218,WELL-00021,0,P-MON-CKP,level,naive,raw,180,120,0,1.3654,1.1694,1.5614,0.3921,0.0,1,0,,-1.9978,0.4049,0.5046,6.3269,1,,,0,,
3w_aligned_onset,WELL-00021_20180611011218,WELL-00021,0,P-MON-CKP,spread,block_bootstrap,adjusted,180,120,4,,,,,,,1,covariate_outside,,,,,,1,1,,,
3w_aligned_onset,WELL-00021_20180611011218,WELL-00021,0,P-MON-CKP,spread,block_bootstrap,raw,180,120,0,-0.314,-0.4871,-0.1743,0.3128,0.0,1,0,,-1.9978,0.4049,0.5046,6.3269,1,,,0,,
3w_aligned_onset,WELL-00021_20180611011218,WELL-00021,0,P-MON-CKP,spread,naive,adjusted,180,120,4,,,,,,,1,covariate_outside,,,,,,1,1,,,
3w_aligned_onset,WELL-00021_20180611011218,WELL-00021,0,P-MON-CKP,spread,naive,raw,180,120,0,-0.314,-0.4779,-0.1501,0.3278,0.0002,1,0,,-1.9978,0.4049,0.5046,6.3269,1,,,0,,
3w_aligned_onset,WELL-00021_20180611011218,WELL-00021,0,P-PDG,level,block_bootstrap,adjusted,180,120,5,,,,,,,1,no_spread,,,,,,,,,,
3w_aligned_onset,WELL-00021_20180611011218,WELL-00021,0,P-PDG,level,block_bootstrap,raw,180,120,0,,,,,,,1,no_spread,,,,,,,,,,
3w_aligned_onset,WELL-00021_20180611011218,WELL-00021,0,P-PDG,level,ewc,adjusted,180,120,5,,,,,,,1,no_spread,,,,,,,,,,
3w_aligned_onset,WELL-00021_20180611011218,WELL-00021,0,P-PDG,level,ewc,raw,180,120,0,,,,,,,1,no_spread,,,,,,,,,,
3w_aligned_onset,WELL-00021_20180611011218,WELL-00021,0,P-PDG,level,hac,adjusted,180,120,5,,,,,,,1,no_spread,,,,,,,,,,
3w_aligned_onset,WELL-00021_20180611011218,WELL-00021,0,P-PDG,level,hac,raw,180,120,0,,,,,,,1,no_spread,,,,,,,,,,
3w_aligned_onset,WELL-00021_20180611011218,WELL-00021,0,P-PDG,level,naive,adjusted,180,120,5,,,,,,,1,no_spread,,,,,,,,,,
3w_aligned_onset,WELL-00021_20180611011218,WELL-00021,0,P-PDG,level,naive,raw,180,120,0,,,,,,,1,no_spread,,,,,,,,,,
3w_aligned_onset,WELL-00021_20180611011218,WELL-00021,0,P-PDG,spread,block_bootstrap,adjusted,180,120,5,,,,,,,1,no_spread,,,,,,,,,,
3w_aligned_onset,WELL-00021_20180611011218,WELL-00021,0,P-PDG,spread,block_bootstrap,raw,180,120,0,,,,,,,1,no_spread,,,,,,,,,,
3w_aligned_onset,WELL-00021_20180611011218,WELL-00021,0,P-PDG,spread,naive,adjusted,180,120,5,,,,,,,1,no_spread,,,,,,,,,,
3w_aligned_onset,WELL-00021_20180611011218,WELL-00021,0,P-PDG,spread,naive,raw,180,120,0,,,,,,,1,no_spread,,,,,,,,,,
3w_aligned_onset,WELL-00021_20180611011218,WELL-00021,0,P-TPT,level,block_bootstrap,adjusted,180,120,4,,,,,,,1,covariate_outside,,,,,,1,1,,,
3w_aligned_onset,WELL-00021_20180611011218,WELL-00021,0,P-TPT,level,block_bootstrap,raw,180,120,0,-0.8923,-1.3957,-0.1386,1.2571,0.01,1,0,,-2.2954,0.8169,0.8189,18.6721,1,,,0,,
3w_aligned_onset,WELL-00021_20180611011218,WELL-00021,0,P-TPT,level,ewc,adjusted,180,120,4,,,,,,,1,covariate_outside,,,,,,1,1,,,
3w_aligned_onset,WELL-00021_20180611011218,WELL-00021,0,P-TPT,level,ewc,raw,180,120,0,-0.8923,-1.6296,-0.155,1.4746,0.0201,1,0,,-2.2954,0.8169,0.8189,18.6721,1,,,0,,
3w_aligned_onset,WELL-00021_20180611011218,WELL-00021,0,P-TPT,level,hac,adjusted,180,120,4,,,,,,,1,covariate_outside,,,,,,1,1,,,
3w_aligned_onset,WELL-00021_20180611011218,WELL-00021,0,P-TPT,level,hac,raw,180,120,0,-0.8923,-1.6049,-0.1796,1.4253,0.0141,1,0,,-2.2954,0.8169,0.8189,18.6721,1,,,0,,
3w_aligned_onset,WELL-00021_20180611011218,WELL-00021,0,P-TPT,level,naive,adjusted,180,120,4,,,,,,,1,covariate_outside,,,,,,1,1,,,
3w_aligned_onset,WELL-00021_20180611011218,WELL-00021,0,P-TPT,level,naive,raw,180,120,0,-0.8923,-1.1111,-0.6734,0.4377,0.0,1,0,,-2.2954,0.8169,0.8189,18.6721,1,,,0,,
3w_aligned_onset,WELL-00021_20180611011218,WELL-00021,0,P-TPT,spread,block_bootstrap,adjusted,180,120,4,,,,,,,1,covariate_outside,,,,,,1,1,,,
3w_aligned_onset,WELL-00021_20180611011218,WELL-00021,0,P-TPT,spread,block_bootstrap,raw,180,120,0,-0.0935,-0.4903,0.1896,0.68,0.34,0,0,,-2.2954,0.8169,0.8189,18.6721,1,,,0,,
3w_aligned_onset,WELL-00021_20180611011218,WELL-00021,0,P-TPT,spread,naive,adjusted,180,120,4,,,,,,,1,covariate_outside,,,,,,1,1,,,
3w_aligned_onset,WELL-00021_20180611011218,WELL-00021,0,P-TPT,spread,naive,raw,180,120,0,-0.0935,-0.2574,0.0705,0.3278,0.2638,0,0,,-2.2954,0.8169,0.8189,18.6721,1,,,0,,
3w_aligned_onset,WELL-00021_20180611011218,WELL-00021,0,T-TPT,level,block_bootstrap,adjusted,180,120,4,,,,,,,1,covariate_outside,,,,,,1,1,,,
3w_aligned_onset,WELL-00021_20180611011218,WELL-00021,0,T-TPT,level,block_bootstrap,raw,180,120,0,-0.9222,-1.44,-0.4512,0.9888,0.0,1,0,,-8.9475,0.9356,0.7234,39.3128,1,,,1,,
3w_aligned_onset,WELL-00021_20180611011218,WELL-00021,0,T-TPT,level,ewc,adjusted,180,120,4,,,,,,,1,covariate_outside,,,,,,1,1,,,
3w_aligned_onset,WELL-00021_20180611011218,WELL-00021,0,T-TPT,level,ewc,raw,180,120,0,-0.9222,-1.5662,-0.2782,1.288,0.0077,1,0,,-8.9475,0.9356,0.7234,39.3128,1,,,1,,
3w_aligned_onset,WELL-00021_20180611011218,WELL-00021,0,T-TPT,level,hac,adjusted,180,120,4,,,,,,,1,covariate_outside,,,,,,1,1,,,
3w_aligned_onset,WELL-00021_20180611011218,WELL-00021,0,T-TPT,level,hac,raw,180,120,0,-0.9222,-1.7007,-0.1437,1.5571,0.0203,1,0,,-8.9475,0.9356,0.7234,39.3128,1,,,1,,
3w_aligned_onset,WELL-00021_20180611011218,WELL-00021,0,T-TPT,level,naive,adjusted,180,120,4,,,,,,,1,covariate_outside,,,,,,1,1,,,
3w_aligned_onset,WELL-00021_20180611011218,WELL-00021,0,T-TPT,level,naive,raw,180,120,0,-0.9222,-1.098,-0.7463,0.3517,0.0,1,0,,-8.9475,0.9356,0.7234,39.3128,1,,,1,,
3w_aligned_onset,WELL-00021_20180611011218,WELL-00021,0,T-TPT,spread,block_bootstrap,adjusted,180,120,4,,,,,,,1,covariate_outside,,,,,,1,1,,,
3w_aligned_onset,WELL-00021_20180611011218,WELL-00021,0,T-TPT,spread,block_bootstrap,raw,180,120,0,-0.6032,-0.865,-0.1871,0.6779,0.01,1,0,,-8.9475,0.9356,0.7234,39.3128,1,,,1,,
3w_aligned_onset,WELL-00021_20180611011218,WELL-00021,0,T-TPT,spread,naive,adjusted,180,120,4,,,,,,,1,covariate_outside,,,,,,1,1,,,
3w_aligned_onset,WELL-00021_20180611011218,WELL-00021,0,T-TPT,spread,naive,raw,180,120,0,-0.6032,-0.7671,-0.4393,0.3278,0.0,1,0,,-8.9475,0.9356,0.7234,39.3128,1,,,1,,
3w_aligned_onset,WELL-00021_20190403013307,WELL-00021,0,P-ANULAR,level,block_bootstrap,adjusted,180,120,4,,,,,,,1,covariate_outside,,,,,,1,1,,,
3w_aligned_onset,WELL-00021_20190403013307,WELL-00021,0,P-ANULAR,level,block_bootstrap,raw,180,120,0,-1.1892,-1.4209,-0.947,0.4738,0.0,1,0,,-6.4599,0.2926,0.1301,4.8001,1,,,0,,
3w_aligned_onset,WELL-00021_20190403013307,WELL-00021,0,P-ANULAR,level,ewc,adjusted,180,120,4,,,,,,,1,covariate_outside,,,,,,1,1,,,
3w_aligned_onset,WELL-00021_20190403013307,WELL-00021,0,P-ANULAR,level,ewc,raw,180,120,0,-1.1892,-1.5164,-0.8619,0.6545,0.0,1,0,,-6.4599,0.2926,0.1301,4.8001,1,,,0,,
3w_aligned_onset,WELL-00021_20190403013307,WELL-00021,0,P-ANULAR,level,hac,adjusted,180,120,4,,,,,,,1,covariate_outside,,,,,,1,1,,,
3w_aligned_onset,WELL-00021_20190403013307,WELL-00021,0,P-ANULAR,level,hac,raw,180,120,0,-1.1892,-1.4225,-0.9559,0.4666,0.0,1,0,,-6.4599,0.2926,0.1301,4.8001,1,,,0,,
3w_aligned_onset,WELL-00021_20190403013307,WELL-00021,0,P-ANULAR,level,naive,adjusted,180,120,4,,,,,,,1,covariate_outside,,,,,,1,1,,,
3w_aligned_onset,WELL-00021_20190403013307,WELL-00021,0,P-ANULAR,level,naive,raw,180,120,0,-1.1892,-1.3793,-0.9991,0.3802,0.0,1,0,,-6.4599,0.2926,0.1301,4.8001,1,,,0,,
3w_aligned_onset,WELL-00021_20190403013307,WELL-00021,0,P-ANULAR,spread,block_bootstrap,adjusted,180,120,4,,,,,,,1,covariate_outside,,,,,,1,1,,,
3w_aligned_onset,WELL-00021_20190403013307,WELL-00021,0,P-ANULAR,spread,block_bootstrap,raw,180,120,0,-0.3856,-0.5714,-0.251,0.3204,0.0,1,0,,-6.4599,0.2926,0.1301,4.8001,1,,,0,,
3w_aligned_onset,WELL-00021_20190403013307,WELL-00021,0,P-ANULAR,spread,naive,adjusted,180,120,4,,,,,,,1,covariate_outside,,,,,,1,1,,,
3w_aligned_onset,WELL-00021_20190403013307,WELL-00021,0,P-ANULAR,spread,naive,raw,180,120,0,-0.3856,-0.5495,-0.2217,0.3278,0.0,1,0,,-6.4599,0.2926,0.1301,4.8001,1,,,0,,
3w_aligned_onset,WELL-00021_20190403013307,WELL-00021,0,P-JUS-CKGL,level,block_bootstrap,adjusted,180,120,4,,,,,,,1,covariate_outside,,,,,,1,1,,,
3w_aligned_onset,WELL-00021_20190403013307,WELL-00021,0,P-JUS-CKGL,level,block_bootstrap,raw,180,120,0,4.7599,3.9659,5.4302,1.4643,0.0,1,0,,19.1523,1.0035,1.0046,179.0,1,,,1,,
3w_aligned_onset,WELL-00021_20190403013307,WELL-00021,0,P-JUS-CKGL,level,ewc,adjusted,180,120,4,,,,,,,1,covariate_outside,,,,,,1,1,,,
3w_aligned_onset,WELL-00021_20190403013307,WELL-00021,0,P-JUS-CKGL,level,ewc,raw,180,120,0,4.7599,3.755,5.7648,2.0097,0.0,1,0,,19.1523,1.0035,1.0046,179.0,1,,,1,,
3w_aligned_onset,WELL-00021_20190403013307,WELL-00021,0,P-JUS-CKGL,level,hac,adjusted,180,120,4,,,,,,,1,covariate_outside,,,,,,1,1,,,
3w_aligned_onset,WELL-00021_20190403013307,WELL-00021,0,P-JUS-CKGL,level,hac,raw,180,120,0,4.7599,3.4267,6.0931,2.6665,0.0,1,0,,19.1523,1.0035,1.0046,179.0,1,,,1,,
3w_aligned_onset,WELL-00021_20190403013307,WELL-00021,0,P-JUS-CKGL,level,naive,adjusted,180,120,4,,,,,,,1,covariate_outside,,,,,,1,1,,,
3w_aligned_onset,WELL-00021_20190403013307,WELL-00021,0,P-JUS-CKGL,level,naive,raw,180,120,0,4.7599,4.5076,5.0122,0.5047,0.0,1,0,,19.1523,1.0035,1.0046,179.0,1,,,1,,
3w_aligned_onset,WELL-00021_20190403013307,WELL-00021,0,P-JUS-CKGL,spread,block_bootstrap,adjusted,180,120,4,,,,,,,1,covariate_outside,,,,,,1,1,,,
3w_aligned_onset,WELL-00021_20190403013307,WELL-00021,0,P-JUS-CKGL,spread,block_bootstrap,raw,180,120,0,0.1397,-0.384,0.401,0.785,0.64,0,0,,19.1523,1.0035,1.0046,179.0,1,,,1,,
3w_aligned_onset,WELL-00021_20190403013307,WELL-00021,0,P-JUS-CKGL,spread,naive,adjusted,180,120,4,,,,,,,1,covariate_outside,,,,,,1,1,,,
3w_aligned_onset,WELL-00021_20190403013307,WELL-00021,0,P-JUS-CKGL,spread,naive,raw,180,120,0,0.1397,-0.0242,0.3037,0.3278,0.0948,0,0,,19.1523,1.0035,1.0046,179.0,1,,,1,,
3w_aligned_onset,WELL-00021_20190403013307,WELL-00021,0,P-MON-CKP,level,block_bootstrap,adjusted,180,120,4,,,,,,,1,covariate_outside,,,,,,1,1,,,
3w_aligned_onset,WELL-00021_20190403013307,WELL-00021,0,P-MON-CKP,level,block_bootstrap,raw,180,120,0,0.0021,-0.5653,0.4614,1.0267,0.78,0,0,,3.7763,0.946,0.8382,44.3748,1,,,1,,
3w_aligned_onset,WELL-00021_20190403013307,WELL-00021,0,P-MON-CKP,level,ewc,adjusted,180,120,4,,,,,,,1,covariate_outside,,,,,,1,1,,,
3w_aligned_onset,WELL-00021_20190403013307,WELL-00021,0,P-MON-CKP,level,ewc,raw,180,120,0,0.0021,-0.7057,0.7098,1.4155,0.9951,0,0,,3.7763,0.946,0.8382,44.3748,1,,,1,,
3w_aligned_onset,WELL-00021_20190403013307,WELL-00021,0,P-MON-CKP,level,hac,adjusted,180,120,4,,,,,,,1,covariate_outside,,,,,,1,1,,,
3w_aligned_onset,WELL-00021_20190403013307,WELL-00021,0,P-MON-CKP,level,hac,raw,180,120,0,0.0021,-0.8559,0.8601,1.7159,0.9962,0,0,,3.7763,0.946,0.8382,44.3748,1,,,1,,
3w_aligned_onset,WELL-00021_20190403013307,WELL-00021,0,P-MON-CKP,level,naive,adjusted,180,120,4,,,,,,,1,covariate_outside,,,,,,1,1,,,
3w_aligned_onset,WELL-00021_20190403013307,WELL-00021,0,P-MON-CKP,level,naive,raw,180,120,0,0.0021,-0.1829,0.187,0.3699,0.9823,0,0,,3.7763,0.946,0.8382,44.3748,1,,,1,,
3w_aligned_onset,WELL-00021_20190403013307,WELL-00021,0,P-MON-CKP,spread,block_bootstrap,adjusted,180,120,4,,,,,,,1,covariate_outside,,,,,,1,1,,,
3w_aligned_onset,WELL-00021_20190403013307,WELL-00021,0,P-MON-CKP,spread,block_bootstrap,raw,180,120,0,-0.4558,-1.0586,0.1623,1.2209,0.1,0,0,,3.7763,0.946,0.8382,44.3748,1,,,1,,
3w_aligned_onset,WELL-00021_20190403013307,WELL-00021,0,P-MON-CKP,spread,naive,adjusted,180,120,4,,,,,,,1,covariate_outside,,,,,,1,1,,,
3w_aligned_onset,WELL-00021_20190403013307,WELL-00021,0,P-MON-CKP,spread,naive,raw,180,120,0,-0.4558,-0.6197,-0.2919,0.3278,0.0,1,0,,3.7763,0.946,0.8382,44.3748,1,,,1,,
3w_aligned_onset,WELL-00021_20190403013307,WELL-00021,0,P-PDG,level,block_bootstrap,adjusted,180,120,5,,,,,,,1,no_spread,,,,,,,,,,
3w_aligned_onset,WELL-00021_20190403013307,WELL-00021,0,P-PDG,level,block_bootstrap,raw,180,120,0,,,,,,,1,no_spread,,,,,,,,,,
3w_aligned_onset,WELL-00021_20190403013307,WELL-00021,0,P-PDG,level,ewc,adjusted,180,120,5,,,,,,,1,no_spread,,,,,,,,,,
3w_aligned_onset,WELL-00021_20190403013307,WELL-00021,0,P-PDG,level,ewc,raw,180,120,0,,,,,,,1,no_spread,,,,,,,,,,
3w_aligned_onset,WELL-00021_20190403013307,WELL-00021,0,P-PDG,level,hac,adjusted,180,120,5,,,,,,,1,no_spread,,,,,,,,,,
3w_aligned_onset,WELL-00021_20190403013307,WELL-00021,0,P-PDG,level,hac,raw,180,120,0,,,,,,,1,no_spread,,,,,,,,,,
3w_aligned_onset,WELL-00021_20190403013307,WELL-00021,0,P-PDG,level,naive,adjusted,180,120,5,,,,,,,1,no_spread,,,,,,,,,,
3w_aligned_onset,WELL-00021_20190403013307,WELL-00021,0,P-PDG,level,naive,raw,180,120,0,,,,,,,1,no_spread,,,,,,,,,,
3w_aligned_onset,WELL-00021_20190403013307,WELL-00021,0,P-PDG,spread,block_bootstrap,adjusted,180,120,5,,,,,,,1,no_spread,,,,,,,,,,
3w_aligned_onset,WELL-00021_20190403013307,WELL-00021,0,P-PDG,spread,block_bootstrap,raw,180,120,0,,,,,,,1,no_spread,,,,,,,,,,
3w_aligned_onset,WELL-00021_20190403013307,WELL-00021,0,P-PDG,spread,naive,adjusted,180,120,5,,,,,,,1,no_spread,,,,,,,,,,
3w_aligned_onset,WELL-00021_20190403013307,WELL-00021,0,P-PDG,spread,naive,raw,180,120,0,,,,,,,1,no_spread,,,,,,,,,,
3w_aligned_onset,WELL-00021_20190403013307,WELL-00021,0,P-TPT,level,block_bootstrap,adjusted,180,120,4,,,,,,,1,covariate_outside,,,,,,1,1,,,
3w_aligned_onset,WELL-00021_20190403013307,WELL-00021,0,P-TPT,level,block_bootstrap,raw,180,120,0,7.1134,4.1617,9.7602,5.5986,0.0,1,0,,8.1784,0.5901,1.0079,9.6024,1,,,1,,
3w_aligned_onset,WELL-00021_20190403013307,WELL-00021,0,P-TPT,level,ewc,adjusted,180,120,4,,,,,,,1,covariate_outside,,,,,,1,1,,,
3w_aligned_onset,WELL-00021_20190403013307,WELL-00021,0,P-TPT,level,ewc,raw,180,120,0,7.1134,2.775,11.4518,8.6768,0.0047,1,0,,8.1784,0.5901,1.0079,9.6024,1,,,1,,
3w_aligned_onset,WELL-00021_20190403013307,WELL-00021,0,P-TPT,level,hac,adjusted,180,120,4,,,,,,,1,covariate_outside,,,,,,1,1,,,
3w_aligned_onset,WELL-00021_20190403013307,WELL-00021,0,P-TPT,level,hac,raw,180,120,0,7.1134,2.3719,11.8549,9.483,0.0033,1,0,,8.1784,0.5901,1.0079,9.6024,1,,,1,,
3w_aligned_onset,WELL-00021_20190403013307,WELL-00021,0,P-TPT,level,naive,adjusted,180,120,4,,,,,,,1,covariate_outside,,,,,,1,1,,,
3w_aligned_onset,WELL-00021_20190403013307,WELL-00021,0,P-TPT,level,naive,raw,180,120,0,7.1134,6.0617,8.1651,2.1034,0.0,1,0,,8.1784,0.5901,1.0079,9.6024,1,,,1,,
3w_aligned_onset,WELL-00021_20190403013307,WELL-00021,0,P-TPT,spread,block_bootstrap,adjusted,180,120,4,,,,,,,1,covariate_outside,,,,,,1,1,,,
3w_aligned_onset,WELL-00021_20190403013307,WELL-00021,0,P-TPT,spread,block_bootstrap,raw,180,120,0,1.7615,1.1711,1.9278,0.7567,0.0,1,0,,8.1784,0.5901,1.0079,9.6024,1,,,1,,
3w_aligned_onset,WELL-00021_20190403013307,WELL-00021,0,P-TPT,spread,naive,adjusted,180,120,4,,,,,,,1,covariate_outside,,,,,,1,1,,,
3w_aligned_onset,WELL-00021_20190403013307,WELL-00021,0,P-TPT,spread,naive,raw,180,120,0,1.7615,1.5976,1.9254,0.3278,0.0,1,0,,8.1784,0.5901,1.0079,9.6024,1,,,1,,
3w_aligned_onset,WELL-00021_20190403013307,WELL-00021,0,T-TPT,level,block_bootstrap,adjusted,180,120,4,,,,,,,1,covariate_outside,,,,,,1,1,,,
3w_aligned_onset,WELL-00021_20190403013307,WELL-00021,0,T-TPT,level,block_bootstrap,raw,180,120,0,-1.8243,-2.5765,-1.3829,1.1936,0.0,1,0,,-4.0187,0.917,0.8997,32.9886,1,,,1,,
3w_aligned_onset,WELL-00021_20190403013307,WELL-00021,0,T-TPT,level,ewc,adjusted,180,120,4,,,,,,,1,covariate_outside,,,,,,1,1,,,
3w_aligned_onset,WELL-00021_20190403013307,WELL-00021,0,T-TPT,level,ewc,raw,180,120,0,-1.8243,-2.6169,-1.0317,1.5852,0.0001,1,0,,-4.0187,0.917,0.8997,32.9886,1,,,1,,
3w_aligned_onset,WELL-00021_20190403013307,WELL-00021,0,T-TPT,level,hac,adjusted,180,120,4,,,,,,,1,covariate_outside,,,,,,1,1,,,
3w_aligned_onset,WELL-00021_20190403013307,WELL-00021,0,T-TPT,level,hac,raw,180,120,0,-1.8243,-2.7573,-0.8913,1.866,0.0001,1,0,,-4.0187,0.917,0.8997,32.9886,1,,,1,,
3w_aligned_onset,WELL-00021_20190403013307,WELL-00021,0,T-TPT,level,naive,adjusted,180,120,4,,,,,,,1,covariate_outside,,,,,,1,1,,,
3w_aligned_onset,WELL-00021_20190403013307,WELL-00021,0,T-TPT,level,naive,raw,180,120,0,-1.8243,-2.0399,-1.6088,0.4311,0.0,1,0,,-4.0187,0.917,0.8997,32.9886,1,,,1,,
3w_aligned_onset,WELL-00021_20190403013307,WELL-00021,0,T-TPT,spread,block_bootstrap,adjusted,180,120,4,,,,,,,1,covariate_outside,,,,,,1,1,,,
3w_aligned_onset,WELL-00021_20190403013307,WELL-00021,0,T-TPT,spread,block_bootstrap,raw,180,120,0,-0.1214,-0.4793,0.1246,0.6039,0.25,0,0,,-4.0187,0.917,0.8997,32.9886,1,,,1,,
3w_aligned_onset,WELL-00021_20190403013307,WELL-00021,0,T-TPT,spread,naive,adjusted,180,120,4,,,,,,,1,covariate_outside,,,,,,1,1,,,
3w_aligned_onset,WELL-00021_20190403013307,WELL-00021,0,T-TPT,spread,naive,raw,180,120,0,-0.1214,-0.2853,0.0426,0.3278,0.1468,0,0,,-4.0187,0.917,0.8997,32.9886,1,,,1,,
3w_aligned_onset,WELL-00022_20180802233838,WELL-00022,0,P-ANULAR,level,block_bootstrap,adjusted,180,120,4,,,,,,,1,covariate_outside,,,,,,1,1,,,
3w_aligned_onset,WELL-00022_20180802233838,WELL-00022,0,P-ANULAR,level,block_bootstrap,raw,180,120,0,1.4398,1.0482,1.8939,0.8456,0.0,1,0,,5.3282,0.9948,0.534,179.0,1,,,1,,
3w_aligned_onset,WELL-00022_20180802233838,WELL-00022,0,P-ANULAR,level,ewc,adjusted,180,120,4,,,,,,,1,covariate_outside,,,,,,1,1,,,
3w_aligned_onset,WELL-00022_20180802233838,WELL-00022,0,P-ANULAR,level,ewc,raw,180,120,0,1.4398,0.8196,2.0599,1.2403,0.0003,1,0,,5.3282,0.9948,0.534,179.0,1,,,1,,
3w_aligned_onset,WELL-00022_20180802233838,WELL-00022,0,P-ANULAR,level,hac,adjusted,180,120,4,,,,,,,1,covariate_outside,,,,,,1,1,,,
3w_aligned_onset,WELL-00022_20180802233838,WELL-00022,0,P-ANULAR,level,hac,raw,180,120,0,1.4398,0.6703,2.2092,1.5389,0.0002,1,0,,5.3282,0.9948,0.534,179.0,1,,,1,,
3w_aligned_onset,WELL-00022_20180802233838,WELL-00022,0,P-ANULAR,level,naive,adjusted,180,120,4,,,,,,,1,covariate_outside,,,,,,1,1,,,
3w_aligned_onset,WELL-00022_20180802233838,WELL-00022,0,P-ANULAR,level,naive,raw,180,120,0,1.4398,1.2923,1.5872,0.295,0.0,1,0,,5.3282,0.9948,0.534,179.0,1,,,1,,
3w_aligned_onset,WELL-00022_20180802233838,WELL-00022,0,P-ANULAR,spread,block_bootstrap,adjusted,180,120,4,,,,,,,1,covariate_outside,,,,,,1,1,,,
3w_aligned_onset,WELL-00022_20180802233838,WELL-00022,0,P-ANULAR,spread,block_bootstrap,raw,180,120,0,-2.18,-2.9169,-2.029,0.8879,0.0,1,0,,5.3282,0.9948,0.534,179.0,1,,,1,,
3w_aligned_onset,WELL-00022_20180802233838,WELL-00022,0,P-ANULAR,spread,naive,adjusted,180,120,4,,,,,,,1,covariate_outside,,,,,,1,1,,,
3w_aligned_onset,WELL-00022_20180802233838,WELL-00022,0,P-ANULAR,spread,naive,raw,180,120,0,-2.18,-2.3439,-2.016,0.3278,0.0,1,0,,5.3282,0.9948,0.534,179.0,1,,,1,,
3w_aligned_onset,WELL-00022_20180802233838,WELL-00022,0,P-JUS-CKGL,level,block_bootstrap,adjusted,180,120,4,2.0197,1.467,2.5682,1.1012,0.0,1,0,,-3.6823,1.0118,0.9699,179.0,1,0,1,1,0.0521,0.9194
3w_aligned_onset,WELL-00022_20180802233838,WELL-00022,0,P-JUS-CKGL,level,block_bootstrap,raw,180,120,0,2.1453,1.5908,2.7646,1.1738,0.0,1,0,,-2.3753,1.0202,0.9799,179.0,1,,,1,,
3w_aligned_onset,WELL-00022_20180802233838,WELL-00022,0,P-JUS-CKGL,level,ewc,adjusted,180,120,4,2.0197,1.1538,2.8857,1.7319,0.0001,1,0,,-3.6823,1.0118,0.9699,179.0,1,0,1,1,0.0521,0.9194
3w_aligned_onset,WELL-00022_20180802233838,WELL-00022,0,P-JUS-CKGL,level,ewc,raw,180,120,0,2.1453,1.2389,3.0517,1.8128,0.0001,1,0,,-2.3753,1.0202,0.9799,179.0,1,,,1,,
3w_aligned_onset,WELL-00022_20180802233838,WELL-00022,0,P-JUS-CKGL,level,hac,adjusted,180,120,4,2.0197,1.028,3.0115,1.9835,0.0001,1,0,,-3.6823,1.0118,0.9699,179.0,1,0,1,1,0.0521,0.9194
3w_aligned_onset,WELL-00022_20180802233838,WELL-00022,0,P-JUS-CKGL,level,hac,raw,180,120,0,2.1453,1.1403,3.1503,2.0099,0.0,1,0,,-2.3753,1.0202,0.9799,179.0,1,,,1,,
3w_aligned_onset,WELL-00022_20180802233838,WELL-00022,0,P-JUS-CKGL,level,naive,adjusted,180,120,4,2.0197,1.7965,2.2429,0.4464,0.0,1,0,,-3.6823,1.0118,0.9699,179.0,1,0,1,1,0.0521,0.9194
3w_aligned_onset,WELL-00022_20180802233838,WELL-00022,0,P-JUS-CKGL,level,naive,raw,180,120,0,2.1453,1.914,2.3766,0.4627,0.0,1,0,,-2.3753,1.0202,0.9799,179.0,1,,,1,,
3w_aligned_onset,WELL-00022_20180802233838,WELL-00022,0,P-JUS-CKGL,spread,block_bootstrap,adjusted,180,120,4,-0.0127,-0.3385,0.4397,0.7783,0.64,0,0,,-3.6823,1.0118,0.9699,179.0,1,0,1,1,0.0521,0.9194
3w_aligned_onset,WELL-00022_20180802233838,WELL-00022,0,P-JUS-CKGL,spread,block_bootstrap,raw,180,120,0,0.0025,-0.2958,0.4277,0.7235,0.72,0,0,,-2.3753,1.0202,0.9799,179.0,1,,,1,,
3w_aligned_onset,WELL-00022_20180802233838,WELL-00022,0,P-JUS-CKGL,spread,naive,adjusted,180,120,4,-0.0127,-0.1767,0.1512,0.3278,0.8789,0,0,,-3.6823,1.0118,0.9699,179.0,1,0,1,1,0.0521,0.9194
3w_aligned_onset,WELL-00022_20180802233838,WELL-00022,0,P-JUS-CKGL,spread,naive,raw,180,120,0,0.0025,-0.1614,0.1665,0.3278,0.9758,0,0,,-2.3753,1.0202,0.9799,179.0,1,,,1,,
3w_aligned_onset,WELL-00022_20180802233838,WELL-00022,0,P-MON-CKP,level,block_bootstrap,adjusted,180,120,4,,,,,,,1,covariate_outside,,,,,,1,1,,,
3w_aligned_onset,WELL-00022_20180802233838,WELL-00022,0,P-MON-CKP,level,block_bootstrap,raw,180,120,0,0.1095,-0.0395,0.202,0.2415,0.18,0,0,,0.6275,0.0304,0.1866,0.9991,0,,,0,,
3w_aligned_onset,WELL-00022_20180802233838,WELL-00022,0,P-MON-CKP,level,ewc,adjusted,180,120,4,,,,,,,1,covariate_outside,,,,,,1,1,,,
3w_aligned_onset,WELL-00022_20180802233838,WELL-00022,0,P-MON-CKP,level,ewc,raw,180,120,0,0.1095,0.002,0.2171,0.2152,0.0463,1,0,,0.6275,0.0304,0.1866,0.9991,0,,,0,,
3w_aligned_onset,WELL-00022_20180802233838,WELL-00022,0,P-MON-CKP,level,hac,adjusted,180,120,4,,,,,,,1,covariate_outside,,,,,,1,1,,,
3w_aligned_onset,WELL-00022_20180802233838,WELL-00022,0,P-MON-CKP,level,hac,raw,180,120,0,0.1095,-0.1323,0.3514,0.4836,0.3747,0,0,,0.6275,0.0304,0.1866,0.9991,0,,,0,,
3w_aligned_onset,WELL-00022_20180802233838,WELL-00022,0,P-MON-CKP,level,naive,adjusted,180,120,4,,,,,,,1,covariate_outside,,,,,,1,1,,,
3w_aligned_onset,WELL-00022_20180802233838,WELL-00022,0,P-MON-CKP,level,naive,raw,180,120,0,0.1095,-0.1375,0.3566,0.4941,0.3849,0,0,,0.6275,0.0304,0.1866,0.9991,0,,,0,,
3w_aligned_onset,WELL-00022_20180802233838,WELL-00022,0,P-MON-CKP,spread,block_bootstrap,adjusted,180,120,4,,,,,,,1,covariate_outside,,,,,,1,1,,,
3w_aligned_onset,WELL-00022_20180802233838,WELL-00022,0,P-MON-CKP,spread,block_bootstrap,raw,180,120,0,0.1077,-0.1243,0.3363,0.4607,0.32,0,0,,0.6275,0.0304,0.1866,0.9991,0,,,0,,
3w_aligned_onset,WELL-00022_20180802233838,WELL-00022,0,P-MON-CKP,spread,naive,adjusted,180,120,4,,,,,,,1,covariate_outside,,,,,,1,1,,,
3w_aligned_onset,WELL-00022_20180802233838,WELL-00022,0,P-MON-CKP,spread,naive,raw,180,120,0,0.1077,-0.0563,0.2716,0.3278,0.198,0,0,,0.6275,0.0304,0.1866,0.9991,0,,,0,,
3w_aligned_onset,WELL-00022_20180802233838,WELL-00022,0,P-PDG,level,block_bootstrap,adjusted,180,120,5,,,,,,,1,no_spread,,,,,,,,,,
3w_aligned_onset,WELL-00022_20180802233838,WELL-00022,0,P-PDG,level,block_bootstrap,raw,180,120,0,,,,,,,1,no_spread,,,,,,,,,,
3w_aligned_onset,WELL-00022_20180802233838,WELL-00022,0,P-PDG,level,ewc,adjusted,180,120,5,,,,,,,1,no_spread,,,,,,,,,,
3w_aligned_onset,WELL-00022_20180802233838,WELL-00022,0,P-PDG,level,ewc,raw,180,120,0,,,,,,,1,no_spread,,,,,,,,,,
3w_aligned_onset,WELL-00022_20180802233838,WELL-00022,0,P-PDG,level,hac,adjusted,180,120,5,,,,,,,1,no_spread,,,,,,,,,,
3w_aligned_onset,WELL-00022_20180802233838,WELL-00022,0,P-PDG,level,hac,raw,180,120,0,,,,,,,1,no_spread,,,,,,,,,,
3w_aligned_onset,WELL-00022_20180802233838,WELL-00022,0,P-PDG,level,naive,adjusted,180,120,5,,,,,,,1,no_spread,,,,,,,,,,
3w_aligned_onset,WELL-00022_20180802233838,WELL-00022,0,P-PDG,level,naive,raw,180,120,0,,,,,,,1,no_spread,,,,,,,,,,
3w_aligned_onset,WELL-00022_20180802233838,WELL-00022,0,P-PDG,spread,block_bootstrap,adjusted,180,120,5,,,,,,,1,no_spread,,,,,,,,,,
3w_aligned_onset,WELL-00022_20180802233838,WELL-00022,0,P-PDG,spread,block_bootstrap,raw,180,120,0,,,,,,,1,no_spread,,,,,,,,,,
3w_aligned_onset,WELL-00022_20180802233838,WELL-00022,0,P-PDG,spread,naive,adjusted,180,120,5,,,,,,,1,no_spread,,,,,,,,,,
3w_aligned_onset,WELL-00022_20180802233838,WELL-00022,0,P-PDG,spread,naive,raw,180,120,0,,,,,,,1,no_spread,,,,,,,,,,
3w_aligned_onset,WELL-00022_20180802233838,WELL-00022,0,P-TPT,level,block_bootstrap,adjusted,180,120,4,,,,,,,1,covariate_outside,,,,,,1,1,,,
3w_aligned_onset,WELL-00022_20180802233838,WELL-00022,0,P-TPT,level,block_bootstrap,raw,180,120,0,0.6503,0.245,0.9105,0.6655,0.0,1,0,,-0.2261,0.2927,0.2092,4.8017,0,,,0,,
3w_aligned_onset,WELL-00022_20180802233838,WELL-00022,0,P-TPT,level,ewc,adjusted,180,120,4,,,,,,,1,covariate_outside,,,,,,1,1,,,
3w_aligned_onset,WELL-00022_20180802233838,WELL-00022,0,P-TPT,level,ewc,raw,180,120,0,0.6503,0.1961,1.1046,0.9085,0.0085,1,0,,-0.2261,0.2927,0.2092,4.8017,0,,,0,,
3w_aligned_onset,WELL-00022_20180802233838,WELL-00022,0,P-TPT,level,hac,adjusted,180,120,4,,,,,,,1,covariate_outside,,,,,,1,1,,,
3w_aligned_onset,WELL-00022_20180802233838,WELL-00022,0,P-TPT,level,hac,raw,180,120,0,0.6503,0.3097,0.991,0.6812,0.0002,1,0,,-0.2261,0.2927,0.2092,4.8017,0,,,0,,
3w_aligned_onset,WELL-00022_20180802233838,WELL-00022,0,P-TPT,level,naive,adjusted,180,120,4,,,,,,,1,covariate_outside,,,,,,1,1,,,
3w_aligned_onset,WELL-00022_20180802233838,WELL-00022,0,P-TPT,level,naive,raw,180,120,0,0.6503,0.3389,0.9618,0.6229,0.0,1,0,,-0.2261,0.2927,0.2092,4.8017,0,,,0,,
3w_aligned_onset,WELL-00022_20180802233838,WELL-00022,0,P-TPT,spread,block_bootstrap,adjusted,180,120,4,,,,,,,1,covariate_outside,,,,,,1,1,,,
3w_aligned_onset,WELL-00022_20180802233838,WELL-00022,0,P-TPT,spread,block_bootstrap,raw,180,120,0,0.4301,-0.106,0.7938,0.8997,0.18,0,0,,-0.2261,0.2927,0.2092,4.8017,0,,,0,,
3w_aligned_onset,WELL-00022_20180802233838,WELL-00022,0,P-TPT,spread,naive,adjusted,180,120,4,,,,,,,1,covariate_outside,,,,,,1,1,,,
3w_aligned_onset,WELL-00022_20180802233838,WELL-00022,0,P-TPT,spread,naive,raw,180,120,0,0.4301,0.2662,0.594,0.3278,0.0,1,0,,-0.2261,0.2927,0.2092,4.8017,0,,,0,,
3w_aligned_onset,WELL-00022_20180802233838,WELL-00022,0,T-TPT,level,block_bootstrap,adjusted,180,120,4,,,,,,,1,covariate_outside,,,,,,1,1,,,
3w_aligned_onset,WELL-00022_20180802233838,WELL-00022,0,T-TPT,level,block_bootstrap,raw,180,120,0,-0.2827,-0.617,0.1358,0.7528,0.22,0,0,,-2.096,0.6704,0.4514,11.6976,1,,,0,,
3w_aligned_onset,WELL-00022_20180802233838,WELL-00022,0,T-TPT,level,ewc,adjusted,180,120,4,,,,,,,1,covariate_outside,,,,,,1,1,,,
3w_aligned_onset,WELL-00022_20180802233838,WELL-00022,0,T-TPT,level,ewc,raw,180,120,0,-0.2827,-0.7649,0.1996,0.9645,0.2342,0,0,,-2.096,0.6704,0.4514,11.6976,1,,,0,,
3w_aligned_onset,WELL-00022_20180802233838,WELL-00022,0,T-TPT,level,hac,adjusted,180,120,4,,,,,,,1,covariate_outside,,,,,,1,1,,,
3w_aligned_onset,WELL-00022_20180802233838,WELL-00022,0,T-TPT,level,hac,raw,180,120,0,-0.2827,-0.6753,0.1099,0.7852,0.1582,0,0,,-2.096,0.6704,0.4514,11.6976,1,,,0,,
3w_aligned_onset,WELL-00022_20180802233838,WELL-00022,0,T-TPT,level,naive,adjusted,180,120,4,,,,,,,1,covariate_outside,,,,,,1,1,,,
3w_aligned_onset,WELL-00022_20180802233838,WELL-00022,0,T-TPT,level,naive,raw,180,120,0,-0.2827,-0.4768,-0.0886,0.3882,0.0043,1,0,,-2.096,0.6704,0.4514,11.6976,1,,,0,,
3w_aligned_onset,WELL-00022_20180802233838,WELL-00022,0,T-TPT,spread,block_bootstrap,adjusted,180,120,4,,,,,,,1,covariate_outside,,,,,,1,1,,,
3w_aligned_onset,WELL-00022_20180802233838,WELL-00022,0,T-TPT,spread,block_bootstrap,raw,180,120,0,-0.3366,-0.6541,-0.0669,0.5872,0.0,1,0,,-2.096,0.6704,0.4514,11.6976,1,,,0,,
3w_aligned_onset,WELL-00022_20180802233838,WELL-00022,0,T-TPT,spread,naive,adjusted,180,120,4,,,,,,,1,covariate_outside,,,,,,1,1,,,
3w_aligned_onset,WELL-00022_20180802233838,WELL-00022,0,T-TPT,spread,naive,raw,180,120,0,-0.3366,-0.5006,-0.1727,0.3278,0.0001,1,0,,-2.096,0.6704,0.4514,11.6976,1,,,0,,
3w_aligned_onset,WELL-00022_20180912025800,WELL-00022,0,P-ANULAR,level,block_bootstrap,adjusted,180,120,4,,,,,,,1,covariate_outside,,,,,,1,1,,,
3w_aligned_onset,WELL-00022_20180912025800,WELL-00022,0,P-ANULAR,level,block_bootstrap,raw,180,120,0,0.3061,0.0131,0.6205,0.6074,0.02,1,0,,-1.9689,0.986,0.1578,110.7383,1,,,1,,
3w_aligned_onset,WELL-00022_20180912025800,WELL-00022,0,P-ANULAR,level,ewc,adjusted,180,120,4,,,,,,,1,covariate_outside,,,,,,1,1,,,
3w_aligned_onset,WELL-00022_20180912025800,WELL-00022,0,P-ANULAR,level,ewc,raw,180,120,0,0.3061,-0.2836,0.8959,1.1795,0.2805,0,0,,-1.9689,0.986,0.1578,110.7383,1,,,1,,
3w_aligned_onset,WELL-00022_20180912025800,WELL-00022,0,P-ANULAR,level,hac,adjusted,180,120,4,,,,,,,1,covariate_outside,,,,,,1,1,,,
3w_aligned_onset,WELL-00022_20180912025800,WELL-00022,0,P-ANULAR,level,hac,raw,180,120,0,0.3061,-0.1311,0.7434,0.8745,0.17,0,0,,-1.9689,0.986,0.1578,110.7383,1,,,1,,
3w_aligned_onset,WELL-00022_20180912025800,WELL-00022,0,P-ANULAR,level,naive,adjusted,180,120,4,,,,,,,1,covariate_outside,,,,,,1,1,,,
3w_aligned_onset,WELL-00022_20180912025800,WELL-00022,0,P-ANULAR,level,naive,raw,180,120,0,0.3061,0.1583,0.454,0.2958,0.0,1,0,,-1.9689,0.986,0.1578,110.7383,1,,,1,,
3w_aligned_onset,WELL-00022_20180912025800,WELL-00022,0,P-ANULAR,spread,block_bootstrap,adjusted,180,120,4,,,,,,,1,covariate_outside,,,,,,1,1,,,
3w_aligned_onset,WELL-00022_20180912025800,WELL-00022,0,P-ANULAR,spread,block_bootstrap,raw,180,120,0,-2.0531,-2.4378,0.1022,2.54,0.2,0,0,,-1.9689,0.986,0.1578,110.7383,1,,,1,,
3w_aligned_onset,WELL-00022_20180912025800,WELL-00022,0,P-ANULAR,spread,naive,adjusted,180,120,4,,,,,,,1,covariate_outside,,,,,,1,1,,,
3w_aligned_onset,WELL-00022_20180912025800,WELL-00022,0,P-ANULAR,spread,naive,raw,180,120,0,-2.0531,-2.217,-1.8891,0.3278,0.0,1,0,,-1.9689,0.986,0.1578,110.7383,1,,,1,,
3w_aligned_onset,WELL-00022_20180912025800,WELL-00022,0,P-JUS-CKGL,level,block_bootstrap,adjusted,180,120,4,-1.6539,-2.1295,-1.2399,0.8895,0.0,1,0,,0.5221,0.9309,0.569,37.4485,0,0,1,1,0.3313,49.422
3w_aligned_onset,WELL-00022_20180912025800,WELL-00022,0,P-JUS-CKGL,level,block_bootstrap,raw,180,120,0,-3.0181,-3.5789,-2.6697,0.9092,0.0,1,0,,0.7477,0.9925,1.019,168.308,0,,,1,,
3w_aligned_onset,WELL-00022_20180912025800,WELL-00022,0,P-JUS-CKGL,level,ewc,adjusted,180,120,4,-1.6539,-2.1818,-1.126,1.0558,0.0,1,0,,0.5221,0.9309,0.569,37.4485,0,0,1,1,0.3313,49.422
3w_aligned_onset,WELL-00022_20180912025800,WELL-00022,0,P-JUS-CKGL,level,ewc,raw,180,120,0,-3.0181,-3.6467,-2.3896,1.2571,0.0,1,0,,0.7477,0.9925,1.019,168.308,0,,,1,,
3w_aligned_onset,WELL-00022_20180912025800,WELL-00022,0,P-JUS-CKGL,level,hac,adjusted,180,120,4,-1.6539,-2.2619,-1.0459,1.216,0.0,1,0,,0.5221,0.9309,0.569,37.4485,0,0,1,1,0.3313,49.422
3w_aligned_onset,WELL-00022_20180912025800,WELL-00022,0,P-JUS-CKGL,level,hac,raw,180,120,0,-3.0181,-3.5179,-2.5184,0.9996,0.0,1,0,,0.7477,0.9925,1.019,168.308,0,,,1,,
3w_aligned_onset,WELL-00022_20180912025800,WELL-00022,0,P-JUS-CKGL,level,naive,adjusted,180,120,4,-1.6539,-1.8118,-1.4961,0.3157,0.0,1,0,,0.5221,0.9309,0.569,37.4485,0,0,1,1,0.3313,49.422
3w_aligned_onset,WELL-00022_20180912025800,WELL-00022,0,P-JUS-CKGL,level,naive,raw,180,120,0,-3.0181,-3.165,-2.8713,0.2936,0.0,1,0,,0.7477,0.9925,1.019,168.308,0,,,1,,
3w_aligned_onset,WELL-00022_20180912025800,WELL-00022,0,P-JUS-CKGL,spread,block_bootstrap,adjusted,180,120,4,-0.3492,-0.5422,-0.0263,0.5158,0.05,1,0,,0.5221,0.9309,0.569,37.4485,0,0,1,1,0.3313,49.422
3w_aligned_onset,WELL-00022_20180912025800,WELL-00022,0,P-JUS-CKGL,spread,block_bootstrap,raw,180,120,0,-2.5006,-2.9938,-2.0676,0.9262,0.0,1,0,,0.7477,0.9925,1.019,168.308,0,,,1,,
3w_aligned_onset,WELL-00022_20180912025800,WELL-00022,0,P-JUS-CKGL,spread,naive,adjusted,180,120,4,-0.3492,-0.5132,-0.1853,0.3278,0.0,1,0,,0.5221,0.9309,0.569,37.4485,0,0,1,1,0.3313,49.422
3w_aligned_onset,WELL-00022_20180912025800,WELL-00022,0,P-JUS-CKGL,spread,naive,raw,180,120,0,-2.5006,-2.6646,-2.3367,0.3278,0.0,1,0,,0.7477,0.9925,1.019,168.308,0,,,1,,
3w_aligned_onset,WELL-00022_20180912025800,WELL-00022,0,P-MON-CKP,level,block_bootstrap,adjusted,180,120,4,,,,,,,1,covariate_outside,,,,,,1,1,,,
3w_aligned_onset,WELL-00022_20180912025800,WELL-00022,0,P-MON-CKP,level,block_bootstrap,raw,180,120,0,0.0165,-0.102,0.1461,0.2481,0.77,0,0,,0.3727,-0.0011,0.0395,0.1077,0,,,0,,
3w_aligned_onset,WELL-00022_20180912025800,WELL-00022,0,P-MON-CKP,level,ewc,adjusted,180,120,4,,,,,,,1,covariate_outside,,,,,,1,1,,,
3w_aligned_onset,WELL-00022_20180912025800,WELL-00022,0,P-MON-CKP,level,ewc,raw,180,120,0,0.0165,-0.0797,0.1128,0.1924,0.7221,0,0,,0.3727,-0.0011,0.0395,0.1077,0,,,0,,
3w_aligned_onset,WELL-00022_20180912025800,WELL-00022,0,P-MON-CKP,level,hac,adjusted,180,120,4,,,,,,,1,covariate_outside,,,,,,1,1,,,
3w_aligned_onset,WELL-00022_20180912025800,WELL-00022,0,P-MON-CKP,level,hac,raw,180,120,0,0.0165,-0.2385,0.2716,0.5102,0.8988,0,0,,0.3727,-0.0011,0.0395,0.1077,0,,,0,,
3w_aligned_onset,WELL-00022_20180912025800,WELL-00022,0,P-MON-CKP,level,naive,adjusted,180,120,4,,,,,,,1,covariate_outside,,,,,,1,1,,,
3w_aligned_onset,WELL-00022_20180912025800,WELL-00022,0,P-MON-CKP,level,naive,raw,180,120,0,0.0165,-0.2392,0.2723,0.5116,0.8991,0,0,,0.3727,-0.0011,0.0395,0.1077,0,,,0,,
3w_aligned_onset,WELL-00022_20180912025800,WELL-00022,0,P-MON-CKP,spread,block_bootstrap,adjusted,180,120,4,,,,,,,1,covariate_outside,,,,,,1,1,,,
3w_aligned_onset,WELL-00022_20180912025800,WELL-00022,0,P-MON-CKP,spread,block_bootstrap,raw,180,120,0,0.16,0.0209,0.3786,0.3577,0.04,1,0,,0.3727,-0.0011,0.0395,0.1077,0,,,0,,
3w_aligned_onset,WELL-00022_20180912025800,WELL-00022,0,P-MON-CKP,spread,naive,adjusted,180,120,4,,,,,,,1,covariate_outside,,,,,,1,1,,,
3w_aligned_onset,WELL-00022_20180912025800,WELL-00022,0,P-MON-CKP,spread,naive,raw,180,120,0,0.16,-0.0039,0.3239,0.3278,0.0557,0,0,,0.3727,-0.0011,0.0395,0.1077,0,,,0,,
3w_aligned_onset,WELL-00022_20180912025800,WELL-00022,0,P-PDG,level,block_bootstrap,adjusted,180,120,5,,,,,,,1,no_spread,,,,,,,,,,
3w_aligned_onset,WELL-00022_20180912025800,WELL-00022,0,P-PDG,level,block_bootstrap,raw,180,120,0,,,,,,,1,no_spread,,,,,,,,,,
3w_aligned_onset,WELL-00022_20180912025800,WELL-00022,0,P-PDG,level,ewc,adjusted,180,120,5,,,,,,,1,no_spread,,,,,,,,,,
3w_aligned_onset,WELL-00022_20180912025800,WELL-00022,0,P-PDG,level,ewc,raw,180,120,0,,,,,,,1,no_spread,,,,,,,,,,
3w_aligned_onset,WELL-00022_20180912025800,WELL-00022,0,P-PDG,level,hac,adjusted,180,120,5,,,,,,,1,no_spread,,,,,,,,,,
3w_aligned_onset,WELL-00022_20180912025800,WELL-00022,0,P-PDG,level,hac,raw,180,120,0,,,,,,,1,no_spread,,,,,,,,,,
3w_aligned_onset,WELL-00022_20180912025800,WELL-00022,0,P-PDG,level,naive,adjusted,180,120,5,,,,,,,1,no_spread,,,,,,,,,,
3w_aligned_onset,WELL-00022_20180912025800,WELL-00022,0,P-PDG,level,naive,raw,180,120,0,,,,,,,1,no_spread,,,,,,,,,,
3w_aligned_onset,WELL-00022_20180912025800,WELL-00022,0,P-PDG,spread,block_bootstrap,adjusted,180,120,5,,,,,,,1,no_spread,,,,,,,,,,
3w_aligned_onset,WELL-00022_20180912025800,WELL-00022,0,P-PDG,spread,block_bootstrap,raw,180,120,0,,,,,,,1,no_spread,,,,,,,,,,
3w_aligned_onset,WELL-00022_20180912025800,WELL-00022,0,P-PDG,spread,naive,adjusted,180,120,5,,,,,,,1,no_spread,,,,,,,,,,
3w_aligned_onset,WELL-00022_20180912025800,WELL-00022,0,P-PDG,spread,naive,raw,180,120,0,,,,,,,1,no_spread,,,,,,,,,,
3w_aligned_onset,WELL-00022_20180912025800,WELL-00022,0,P-TPT,level,block_bootstrap,adjusted,180,120,4,,,,,,,1,covariate_outside,,,,,,1,1,,,
3w_aligned_onset,WELL-00022_20180912025800,WELL-00022,0,P-TPT,level,block_bootstrap,raw,180,120,0,0.4921,0.1031,0.8392,0.7361,0.01,1,0,,-10.45,0.6509,0.3784,11.1261,1,,,0,,
3w_aligned_onset,WELL-00022_20180912025800,WELL-00022,0,P-TPT,level,ewc,adjusted,180,120,4,,,,,,,1,covariate_outside,,,,,,1,1,,,
3w_aligned_onset,WELL-00022_20180912025800,WELL-00022,0,P-TPT,level,ewc,raw,180,120,0,0.4921,-0.0196,1.0037,1.0233,0.0585,0,0,,-10.45,0.6509,0.3784,11.1261,1,,,0,,
3w_aligned_onset,WELL-00022_20180912025800,WELL-00022,0,P-TPT,level,hac,adjusted,180,120,4,,,,,,,1,covariate_outside,,,,,,1,1,,,
3w_aligned_onset,WELL-00022_20180912025800,WELL-00022,0,P-TPT,level,hac,raw,180,120,0,0.4921,0.0936,0.8906,0.797,0.0155,1,0,,-10.45,0.6509,0.3784,11.1261,1,,,0,,
3w_aligned_onset,WELL-00022_20180912025800,WELL-00022,0,P-TPT,level,naive,adjusted,180,120,4,,,,,,,1,covariate_outside,,,,,,1,1,,,
3w_aligned_onset,WELL-00022_20180912025800,WELL-00022,0,P-TPT,level,naive,raw,180,120,0,0.4921,0.2734,0.7107,0.4373,0.0,1,0,,-10.45,0.6509,0.3784,11.1261,1,,,0,,
3w_aligned_onset,WELL-00022_20180912025800,WELL-00022,0,P-TPT,spread,block_bootstrap,adjusted,180,120,4,,,,,,,1,covariate_outside,,,,,,1,1,,,
3w_aligned_onset,WELL-00022_20180912025800,WELL-00022,0,P-TPT,spread,block_bootstrap,raw,180,120,0,-0.0952,-0.1792,0.0321,0.2113,0.3,0,0,,-10.45,0.6509,0.3784,11.1261,1,,,0,,
3w_aligned_onset,WELL-00022_20180912025800,WELL-00022,0,P-TPT,spread,naive,adjusted,180,120,4,,,,,,,1,covariate_outside,,,,,,1,1,,,
3w_aligned_onset,WELL-00022_20180912025800,WELL-00022,0,P-TPT,spread,naive,raw,180,120,0,-0.0952,-0.2591,0.0688,0.3278,0.2552,0,0,,-10.45,0.6509,0.3784,11.1261,1,,,0,,
3w_aligned_onset,WELL-00022_20180912025800,WELL-00022,0,T-TPT,level,block_bootstrap,adjusted,180,120,4,,,,,,,1,covariate_outside,,,,,,1,1,,,
3w_aligned_onset,WELL-00022_20180912025800,WELL-00022,0,T-TPT,level,block_bootstrap,raw,180,120,0,-4.1067,-4.6884,-3.5668,1.1216,0.0,1,0,,4.1019,0.7493,0.5638,14.6617,1,,,0,,
3w_aligned_onset,WELL-00022_20180912025800,WELL-00022,0,T-TPT,level,ewc,adjusted,180,120,4,,,,,,,1,covariate_outside,,,,,,1,1,,,
3w_aligned_onset,WELL-00022_20180912025800,WELL-00022,0,T-TPT,level,ewc,raw,180,120,0,-4.1067,-4.8818,-3.3316,1.5502,0.0,1,0,,4.1019,0.7493,0.5638,14.6617,1,,,0,,
3w_aligned_onset,WELL-00022_20180912025800,WELL-00022,0,T-TPT,level,hac,adjusted,180,120,4,,,,,,,1,covariate_outside,,,,,,1,1,,,
3w_aligned_onset,WELL-00022_20180912025800,WELL-00022,0,T-TPT,level,hac,raw,180,120,0,-4.1067,-4.7359,-3.4775,1.2584,0.0,1,0,,4.1019,0.7493,0.5638,14.6617,1,,,0,,
3w_aligned_onset,WELL-00022_20180912025800,WELL-00022,0,T-TPT,level,naive,adjusted,180,120,4,,,,,,,1,covariate_outside,,,,,,1,1,,,
3w_aligned_onset,WELL-00022_20180912025800,WELL-00022,0,T-TPT,level,naive,raw,180,120,0,-4.1067,-4.4023,-3.8112,0.5911,0.0,1,0,,4.1019,0.7493,0.5638,14.6617,1,,,0,,
3w_aligned_onset,WELL-00022_20180912025800,WELL-00022,0,T-TPT,spread,block_bootstrap,adjusted,180,120,4,,,,,,,1,covariate_outside,,,,,,1,1,,,
3w_aligned_onset,WELL-00022_20180912025800,WELL-00022,0,T-TPT,spread,block_bootstrap,raw,180,120,0,0.3618,0.1709,0.9759,0.8051,0.0,1,0,,4.1019,0.7493,0.5638,14.6617,1,,,0,,
3w_aligned_onset,WELL-00022_20180912025800,WELL-00022,0,T-TPT,spread,naive,adjusted,180,120,4,,,,,,,1,covariate_outside,,,,,,1,1,,,
3w_aligned_onset,WELL-00022_20180912025800,WELL-00022,0,T-TPT,spread,naive,raw,180,120,0,0.3618,0.1979,0.5257,0.3278,0.0,1,0,,4.1019,0.7493,0.5638,14.6617,1,,,0,,
3w_aligned_onset,WELL-00022_20180919003240,WELL-00022,0,P-ANULAR,level,block_bootstrap,adjusted,180,120,4,-0.1251,-0.6942,0.5241,1.2183,0.86,0,0,,0.3222,0.275,0.6436,4.5724,0,0,1,0,0.1103,1.1808
3w_aligned_onset,WELL-00022_20180919003240,WELL-00022,0,P-ANULAR,level,block_bootstrap,raw,180,120,0,0.267,-0.2083,0.876,1.0843,0.26,0,0,,3.361,0.3522,0.5866,5.5893,1,,,0,,
3w_aligned_onset,WELL-00022_20180919003240,WELL-00022,0,P-ANULAR,level,ewc,adjusted,180,120,4,-0.1251,-0.9266,0.6763,1.6029,0.7393,0,0,,0.3222,0.275,0.6436,4.5724,0,0,1,0,0.1103,1.1808
3w_aligned_onset,WELL-00022_20180919003240,WELL-00022,0,P-ANULAR,level,ewc,raw,180,120,0,0.267,-0.4706,1.0047,1.4753,0.4508,0,0,,3.361,0.3522,0.5866,5.5893,1,,,0,,
3w_aligned_onset,WELL-00022_20180919003240,WELL-00022,0,P-ANULAR,level,hac,adjusted,180,120,4,-0.1251,-0.7079,0.4576,1.1655,0.6738,0,0,,0.3222,0.275,0.6436,4.5724,0,0,1,0,0.1103,1.1808
3w_aligned_onset,WELL-00022_20180919003240,WELL-00022,0,P-ANULAR,level,hac,raw,180,120,0,0.267,-0.2461,0.7802,1.0263,0.3078,0,0,,3.361,0.3522,0.5866,5.5893,1,,,0,,
3w_aligned_onset,WELL-00022_20180919003240,WELL-00022,0,P-ANULAR,level,naive,adjusted,180,120,4,-0.1251,-0.3882,0.1379,0.5262,0.3512,0,0,,0.3222,0.275,0.6436,4.5724,0,0,1,0,0.1103,1.1808
3w_aligned_onset,WELL-00022_20180919003240,WELL-00022,0,P-ANULAR,level,naive,raw,180,120,0,0.267,0.0143,0.5198,0.5055,0.0384,1,0,,3.361,0.3522,0.5866,5.5893,1,,,0,,
3w_aligned_onset,WELL-00022_20180919003240,WELL-00022,0,P-ANULAR,spread,block_bootstrap,adjusted,180,120,4,0.2837,0.0481,0.4104,0.3623,0.03,1,0,,0.3222,0.275,0.6436,4.5724,0,0,1,0,0.1103,1.1808
3w_aligned_onset,WELL-00022_20180919003240,WELL-00022,0,P-ANULAR,spread,block_bootstrap,raw,180,120,0,0.1421,-0.0609,0.2887,0.3496,0.18,0,0,,3.361,0.3522,0.5866,5.5893,1,,,0,,
3w_aligned_onset,WELL-00022_20180919003240,WELL-00022,0,P-ANULAR,spread,naive,adjusted,180,120,4,0.2837,0.1197,0.4476,0.3278,0.0007,1,0,,0.3222,0.275,0.6436,4.5724,0,0,1,0,0.1103,1.1808
3w_aligned_onset,WELL-00022_20180919003240,WELL-00022,0,P-ANULAR,spread,naive,raw,180,120,0,0.1421,-0.0218,0.3061,0.3278,0.0892,0,0,,3.361,0.3522,0.5866,5.5893,1,,,0,,
3w_aligned_onset,WELL-00022_20180919003240,WELL-00022,0,P-JUS-CKGL,level,block_bootstrap,adjusted,180,120,4,1.304,1.0359,1.6375,0.6016,0.0,1,0,,8.5591,0.4563,0.5916,7.1042,1,0,1,0,0.7159,1.7936
3w_aligned_onset,WELL-00022_20180919003240,WELL-00022,0,P-JUS-CKGL,level,block_bootstrap,raw,180,120,0,1.1548,0.7377,1.6704,0.9327,0.0,1,0,,11.2646,1.0053,1.0105,179.0,1,,,1,,
3w_aligned_onset,WELL-00022_20180919003240,WELL-00022,0,P-JUS-CKGL,level,ewc,adjusted,180,120,4,1.304,0.9148,1.6932,0.7784,0.0,1,0,,8.5591,0.4563,0.5916,7.1042,1,0,1,0,0.7159,1.7936
3w_aligned_onset,WELL-00022_20180919003240,WELL-00022,0,P-JUS-CKGL,level,ewc,raw,180,120,0,1.1548,0.4645,1.8451,1.3806,0.0025,1,0,,11.2646,1.0053,1.0105,179.0,1,,,1,,
3w_aligned_onset,WELL-00022_20180919003240,WELL-00022,0,P-JUS-CKGL,level,hac,adjusted,180,120,4,1.304,1.0244,1.5836,0.5593,0.0,1,0,,8.5591,0.4563,0.5916,7.1042,1,0,1,0,0.7159,1.7936
3w_aligned_onset,WELL-00022_20180919003240,WELL-00022,0,P-JUS-CKGL,level,hac,raw,180,120,0,1.1548,0.2005,2.1091,1.9085,0.0177,1,0,,11.2646,1.0053,1.0105,179.0,1,,,1,,
3w_aligned_onset,WELL-00022_20180919003240,WELL-00022,0,P-JUS-CKGL,level,naive,adjusted,180,120,4,1.304,1.1653,1.4427,0.2774,0.0,1,0,,8.5591,0.4563,0.5916,7.1042,1,0,1,0,0.7159,1.7936
3w_aligned_onset,WELL-00022_20180919003240,WELL-00022,0,P-JUS-CKGL,level,naive,raw,180,120,0,1.1548,0.9854,1.3242,0.3388,0.0,1,0,,11.2646,1.0053,1.0105,179.0,1,,,1,,
3w_aligned_onset,WELL-00022_20180919003240,WELL-00022,0,P-JUS-CKGL,spread,block_bootstrap,adjusted,180,120,4,0.1854,-0.1212,0.5173,0.6385,0.3,0,0,,8.5591,0.4563,0.5916,7.1042,1,0,1,0,0.7159,1.7936
3w_aligned_onset,WELL-00022_20180919003240,WELL-00022,0,P-JUS-CKGL,spread,block_bootstrap,raw,180,120,0,-0.7359,-1.3915,-0.4313,0.9602,0.0,1,0,,11.2646,1.0053,1.0105,179.0,1,,,1,,
3w_aligned_onset,WELL-00022_20180919003240,WELL-00022,0,P-JUS-CKGL,spread,naive,adjusted,180,120,4,0.1854,0.0215,0.3493,0.3278,0.0266,1,0,,8.5591,0.4563,0.5916,7.1042,1,0,1,0,0.7159,1.7936
3w_aligned_onset,WELL-00022_20180919003240,WELL-00022,0,P-JUS-CKGL,spread,naive,raw,180,120,0,-0.7359,-0.8998,-0.572,0.3278,0.0,1,0,,11.2646,1.0053,1.0105,179.0,1,,,1,,
3w_aligned_onset,WELL-00022_20180919003240,WELL-00022,0,P-MON-CKP,level,block_bootstrap,adjusted,180,120,4,-0.5844,-0.7772,-0.4285,0.3487,0.0,1,0,,-0.3302,-0.1667,0.0943,3.1662,0,0,1,0,0.1333,0.9547
3w_aligned_onset,WELL-00022_20180919003240,WELL-00022,0,P-MON-CKP,level,block_bootstrap,raw,180,120,0,0.0119,-0.0759,0.0841,0.16,0.99,0,0,,0.2278,-0.1893,-0.1539,3.4657,0,,,0,,
3w_aligned_onset,WELL-00022_20180919003240,WELL-00022,0,P-MON-CKP,level,ewc,adjusted,180,120,4,-0.5844,-0.8103,-0.3584,0.452,0.0001,1,0,,-0.3302,-0.1667,0.0943,3.1662,0,0,1,0,0.1333,0.9547
3w_aligned_onset,WELL-00022_20180919003240,WELL-00022,0,P-MON-CKP,level,ewc,raw,180,120,0,0.0119,-0.0364,0.0601,0.0964,0.6127,0,0,,0.2278,-0.1893,-0.1539,3.4657,0,,,0,,
3w_aligned_onset,WELL-00022_20180919003240,WELL-00022,0,P-MON-CKP,level,hac,adjusted,180,120,4,-0.5844,-0.7729,-0.3958,0.3771,0.0,1,0,,-0.3302,-0.1667,0.0943,3.1662,0,0,1,0,0.1333,0.9547
3w_aligned_onset,WELL-00022_20180919003240,WELL-00022,0,P-MON-CKP,level,hac,raw,180,120,0,0.0119,-0.1302,0.1539,0.2841,0.8701,0,0,,0.2278,-0.1893,-0.1539,3.4657,0,,,0,,
3w_aligned_onset,WELL-00022_20180919003240,WELL-00022,0,P-MON-CKP,level,naive,adjusted,180,120,4,-0.5844,-0.7927,-0.3761,0.4166,0.0,1,0,,-0.3302,-0.1667,0.0943,3.1662,0,0,1,0,0.1333,0.9547
3w_aligned_onset,WELL-00022_20180919003240,WELL-00022,0,P-MON-CKP,level,naive,raw,180,120,0,0.0119,-0.2059,0.2296,0.4355,0.915,0,0,,0.2278,-0.1893,-0.1539,3.4657,0,,,0,,
3w_aligned_onset,WELL-00022_20180919003240,WELL-00022,0,P-MON-CKP,spread,block_bootstrap,adjusted,180,120,4,-0.0543,-0.1832,0.0334,0.2166,0.21,0,0,,-0.3302,-0.1667,0.0943,3.1662,0,0,1,0,0.1333,0.9547
3w_aligned_onset,WELL-00022_20180919003240,WELL-00022,0,P-MON-CKP,spread,block_bootstrap,raw,180,120,0,-0.1027,-0.1977,-0.007,0.1907,0.03,1,0,,0.2278,-0.1893,-0.1539,3.4657,0,,,0,,
3w_aligned_onset,WELL-00022_20180919003240,WELL-00022,0,P-MON-CKP,spread,naive,adjusted,180,120,4,-0.0543,-0.2182,0.1096,0.3278,0.516,0,0,,-0.3302,-0.1667,0.0943,3.1662,0,0,1,0,0.1333,0.9547
3w_aligned_onset,WELL-00022_20180919003240,WELL-00022,0,P-MON-CKP,spread,naive,raw,180,120,0,-0.1027,-0.2666,0.0613,0.3278,0.2197,0,0,,0.2278,-0.1893,-0.1539,3.4657,0,,,0,,
3w_aligned_onset,WELL-00022_20180919003240,WELL-00022,0,P-PDG,level,block_bootstrap,adjusted,180,120,5,,,,,,,1,no_spread,,,,,,,,,,
3w_aligned_onset,WELL-00022_20180919003240,WELL-00022,0,P-PDG,level,block_bootstrap,raw,180,120,0,,,,,,,1,no_spread,,,,,,,,,,
3w_aligned_onset,WELL-00022_20180919003240,WELL-00022,0,P-PDG,level,ewc,adjusted,180,120,5,,,,,,,1,no_spread,,,,,,,,,,
3w_aligned_onset,WELL-00022_20180919003240,WELL-00022,0,P-PDG,level,ewc,raw,180,120,0,,,,,,,1,no_spread,,,,,,,,,,
3w_aligned_onset,WELL-00022_20180919003240,WELL-00022,0,P-PDG,level,hac,adjusted,180,120,5,,,,,,,1,no_spread,,,,,,,,,,
3w_aligned_onset,WELL-00022_20180919003240,WELL-00022,0,P-PDG,level,hac,raw,180,120,0,,,,,,,1,no_spread,,,,,,,,,,
3w_aligned_onset,WELL-00022_20180919003240,WELL-00022,0,P-PDG,level,naive,adjusted,180,120,5,,,,,,,1,no_spread,,,,,,,,,,
3w_aligned_onset,WELL-00022_20180919003240,WELL-00022,0,P-PDG,level,naive,raw,180,120,0,,,,,,,1,no_spread,,,,,,,,,,
3w_aligned_onset,WELL-00022_20180919003240,WELL-00022,0,P-PDG,spread,block_bootstrap,adjusted,180,120,5,,,,,,,1,no_spread,,,,,,,,,,
3w_aligned_onset,WELL-00022_20180919003240,WELL-00022,0,P-PDG,spread,block_bootstrap,raw,180,120,0,,,,,,,1,no_spread,,,,,,,,,,
3w_aligned_onset,WELL-00022_20180919003240,WELL-00022,0,P-PDG,spread,naive,adjusted,180,120,5,,,,,,,1,no_spread,,,,,,,,,,
3w_aligned_onset,WELL-00022_20180919003240,WELL-00022,0,P-PDG,spread,naive,raw,180,120,0,,,,,,,1,no_spread,,,,,,,,,,
3w_aligned_onset,WELL-00022_20180919003240,WELL-00022,0,P-TPT,level,block_bootstrap,adjusted,180,120,4,-0.4337,-0.6546,-0.2246,0.4301,0.0,1,0,,-0.4037,0.076,0.0695,1.8474,0,0,1,0,0.1296,0.8525
3w_aligned_onset,WELL-00022_20180919003240,WELL-00022,0,P-TPT,level,block_bootstrap,raw,180,120,0,-0.8311,-1.137,-0.5758,0.5612,0.0,1,0,,-0.9071,0.0852,0.0574,1.9963,0,,,0,,
3w_aligned_onset,WELL-00022_20180919003240,WELL-00022,0,P-TPT,level,ewc,adjusted,180,120,4,-0.4337,-0.7391,-0.1283,0.6108,0.0083,1,0,,-0.4037,0.076,0.0695,1.8474,0,0,1,0,0.1296,0.8525
3w_aligned_onset,WELL-00022_20180919003240,WELL-00022,0,P-TPT,level,ewc,raw,180,120,0,-0.8311,-1.1855,-0.4767,0.7088,0.0002,1,0,,-0.9071,0.0852,0.0574,1.9963,0,,,0,,
3w_aligned_onset,WELL-00022_20180919003240,WELL-00022,0,P-TPT,level,hac,adjusted,180,120,4,-0.4337,-0.714,-0.1533,0.5607,0.0024,1,0,,-0.4037,0.076,0.0695,1.8474,0,0,1,0,0.1296,0.8525
3w_aligned_onset,WELL-00022_20180919003240,WELL-00022,0,P-TPT,level,hac,raw,180,120,0,-0.8311,-1.1325,-0.5298,0.6027,0.0,1,0,,-0.9071,0.0852,0.0574,1.9963,0,,,0,,
3w_aligned_onset,WELL-00022_20180919003240,WELL-00022,0,P-TPT,level,naive,adjusted,180,120,4,-0.4337,-0.7079,-0.1594,0.5485,0.0019,1,0,,-0.4037,0.076,0.0695,1.8474,0,0,1,0,0.1296,0.8525
3w_aligned_onset,WELL-00022_20180919003240,WELL-00022,0,P-TPT,level,naive,raw,180,120,0,-0.8311,-1.1274,-0.5348,0.5926,0.0,1,0,,-0.9071,0.0852,0.0574,1.9963,0,,,0,,
3w_aligned_onset,WELL-00022_20180919003240,WELL-00022,0,P-TPT,spread,block_bootstrap,adjusted,180,120,4,0.3547,0.2274,0.5022,0.2748,0.0,1,0,,-0.4037,0.076,0.0695,1.8474,0,0,1,0,0.1296,0.8525
3w_aligned_onset,WELL-00022_20180919003240,WELL-00022,0,P-TPT,spread,block_bootstrap,raw,180,120,0,0.3651,0.2402,0.5317,0.2915,0.0,1,0,,-0.9071,0.0852,0.0574,1.9963,0,,,0,,
3w_aligned_onset,WELL-00022_20180919003240,WELL-00022,0,P-TPT,spread,naive,adjusted,180,120,4,0.3547,0.1908,0.5186,0.3278,0.0,1,0,,-0.4037,0.076,0.0695,1.8474,0,0,1,0,0.1296,0.8525
3w_aligned_onset,WELL-00022_20180919003240,WELL-00022,0,P-TPT,spread,naive,raw,180,120,0,0.3651,0.2012,0.5291,0.3278,0.0,1,0,,-0.9071,0.0852,0.0574,1.9963,0,,,0,,
3w_aligned_onset,WELL-00022_20180919003240,WELL-00022,0,T-TPT,level,block_bootstrap,adjusted,180,120,4,1.182,0.8596,1.5771,0.7175,0.0,1,0,,0.3176,0.2452,0.6144,4.1893,0,0,1,0,0.7119,0.6837
3w_aligned_onset,WELL-00022_20180919003240,WELL-00022,0,T-TPT,level,block_bootstrap,raw,180,120,0,0.3009,-0.2803,0.8778,1.1581,0.25,0,0,,-16.3335,0.764,0.7284,15.381,1,,,0,,
3w_aligned_onset,WELL-00022_20180919003240,WELL-00022,0,T-TPT,level,ewc,adjusted,180,120,4,1.182,0.7307,1.6332,0.9025,0.0001,1,0,,0.3176,0.2452,0.6144,4.1893,0,0,1,0,0.7119,0.6837
3w_aligned_onset,WELL-00022_20180919003240,WELL-00022,0,T-TPT,level,ewc,raw,180,120,0,0.3009,-0.4439,1.0456,1.4895,0.4095,0,0,,-16.3335,0.764,0.7284,15.381,1,,,0,,
3w_aligned_onset,WELL-00022_20180919003240,WELL-00022,0,T-TPT,level,hac,adjusted,180,120,4,1.182,0.86,1.504,0.644,0.0,1,0,,0.3176,0.2452,0.6144,4.1893,0,0,1,0,0.7119,0.6837
3w_aligned_onset,WELL-00022_20180919003240,WELL-00022,0,T-TPT,level,hac,raw,180,120,0,0.3009,-0.3491,0.9509,1.3001,0.3643,0,0,,-16.3335,0.764,0.7284,15.381,1,,,0,,
3w_aligned_onset,WELL-00022_20180919003240,WELL-00022,0,T-TPT,level,naive,adjusted,180,120,4,1.182,1.0209,1.343,0.3221,0.0,1,0,,0.3176,0.2452,0.6144,4.1893,0,0,1,0,0.7119,0.6837
3w_aligned_onset,WELL-00022_20180919003240,WELL-00022,0,T-TPT,level,naive,raw,180,120,0,0.3009,0.0766,0.5251,0.4485,0.0085,1,0,,-16.3335,0.764,0.7284,15.381,1,,,0,,
3w_aligned_onset,WELL-00022_20180919003240,WELL-00022,0,T-TPT,spread,block_bootstrap,adjusted,180,120,4,0.3817,-0.035,0.7797,0.8147,0.09,0,0,,0.3176,0.2452,0.6144,4.1893,0,0,1,0,0.7119,0.6837
3w_aligned_onset,WELL-00022_20180919003240,WELL-00022,0,T-TPT,spread,block_bootstrap,raw,180,120,0,-0.0504,-0.4944,0.2891,0.7835,0.63,0,0,,-16.3335,0.764,0.7284,15.381,1,,,0,,
3w_aligned_onset,WELL-00022_20180919003240,WELL-00022,0,T-TPT,spread,naive,adjusted,180,120,4,0.3817,0.2178,0.5457,0.3278,0.0,1,0,,0.3176,0.2452,0.6144,4.1893,0,0,1,0,0.7119,0.6837
3w_aligned_onset,WELL-00022_20180919003240,WELL-00022,0,T-TPT,spread,naive,raw,180,120,0,-0.0504,-0.2143,0.1135,0.3278,0.5467,0,0,,-16.3335,0.764,0.7284,15.381,1,,,0,,
3w_aligned_onset,WELL-00022_20180925003447,WELL-00022,0,P-ANULAR,level,block_bootstrap,adjusted,180,120,4,,,,,,,1,covariate_outside,,,,,,1,1,,,
3w_aligned_onset,WELL-00022_20180925003447,WELL-00022,0,P-ANULAR,level,block_bootstrap,raw,180,120,0,-0.3054,-0.9302,0.2938,1.224,0.27,0,0,,-0.0067,0.8841,0.9029,26.0686,0,,,1,,
3w_aligned_onset,WELL-00022_20180925003447,WELL-00022,0,P-ANULAR,level,ewc,adjusted,180,120,4,,,,,,,1,covariate_outside,,,,,,1,1,,,
3w_aligned_onset,WELL-00022_20180925003447,WELL-00022,0,P-ANULAR,level,ewc,raw,180,120,0,-0.3054,-1.0988,0.488,1.5868,0.4296,0,0,,-0.0067,0.8841,0.9029,26.0686,0,,,1,,
3w_aligned_onset,WELL-00022_20180925003447,WELL-00022,0,P-ANULAR,level,hac,adjusted,180,120,4,,,,,,,1,covariate_outside,,,,,,1,1,,,
3w_aligned_onset,WELL-00022_20180925003447,WELL-00022,0,P-ANULAR,level,hac,raw,180,120,0,-0.3054,-0.8362,0.2253,1.0615,0.2593,0,0,,-0.0067,0.8841,0.9029,26.0686,0,,,1,,
3w_aligned_onset,WELL-00022_20180925003447,WELL-00022,0,P-ANULAR,level,naive,adjusted,180,120,4,,,,,,,1,covariate_outside,,,,,,1,1,,,
3w_aligned_onset,WELL-00022_20180925003447,WELL-00022,0,P-ANULAR,level,naive,raw,180,120,0,-0.3054,-0.5391,-0.0718,0.4673,0.0104,1,0,,-0.0067,0.8841,0.9029,26.0686,0,,,1,,
3w_aligned_onset,WELL-00022_20180925003447,WELL-00022,0,P-ANULAR,spread,block_bootstrap,adjusted,180,120,4,,,,,,,1,covariate_outside,,,,,,1,1,,,
3w_aligned_onset,WELL-00022_20180925003447,WELL-00022,0,P-ANULAR,spread,block_bootstrap,raw,180,120,0,0.0188,-0.2292,0.2145,0.4438,0.75,0,0,,-0.0067,0.8841,0.9029,26.0686,0,,,1,,
3w_aligned_onset,WELL-00022_20180925003447,WELL-00022,0,P-ANULAR,spread,naive,adjusted,180,120,4,,,,,,,1,covariate_outside,,,,,,1,1,,,
3w_aligned_onset,WELL-00022_20180925003447,WELL-00022,0,P-ANULAR,spread,naive,raw,180,120,0,0.0188,-0.1451,0.1827,0.3278,0.822,0,0,,-0.0067,0.8841,0.9029,26.0686,0,,,1,,
3w_aligned_onset,WELL-00022_20180925003447,WELL-00022,0,P-JUS-CKGL,level,block_bootstrap,adjusted,180,120,4,-2.7357,-3.1887,-2.3094,0.8793,0.0,1,0,,-11.6575,0.6446,0.765,10.9527,1,0,1,0,0.4749,79.1248
3w_aligned_onset,WELL-00022_20180925003447,WELL-00022,0,P-JUS-CKGL,level,block_bootstrap,raw,180,120,0,-1.7968,-2.2827,-1.4127,0.87,0.0,1,0,,-18.219,0.9945,0.9904,179.0,1,,,1,,
3w_aligned_onset,WELL-00022_20180925003447,WELL-00022,0,P-JUS-CKGL,level,ewc,adjusted,180,120,4,-2.7357,-3.3574,-2.114,1.2434,0.0,1,0,,-11.6575,0.6446,0.765,10.9527,1,0,1,0,0.4749,79.1248
3w_aligned_onset,WELL-00022_20180925003447,WELL-00022,0,P-JUS-CKGL,level,ewc,raw,180,120,0,-1.7968,-2.4262,-1.1674,1.2588,0.0,1,0,,-18.219,0.9945,0.9904,179.0,1,,,1,,
3w_aligned_onset,WELL-00022_20180925003447,WELL-00022,0,P-JUS-CKGL,level,hac,adjusted,180,120,4,-2.7357,-3.2605,-2.2109,1.0495,0.0,1,0,,-11.6575,0.6446,0.765,10.9527,1,0,1,0,0.4749,79.1248
3w_aligned_onset,WELL-00022_20180925003447,WELL-00022,0,P-JUS-CKGL,level,hac,raw,180,120,0,-1.7968,-2.6733,-0.9203,1.753,0.0001,1,0,,-18.219,0.9945,0.9904,179.0,1,,,1,,
3w_aligned_onset,WELL-00022_20180925003447,WELL-00022,0,P-JUS-CKGL,level,naive,adjusted,180,120,4,-2.7357,-2.9235,-2.5479,0.3756,0.0,1,0,,-11.6575,0.6446,0.765,10.9527,1,0,1,0,0.4749,79.1248
3w_aligned_onset,WELL-00022_20180925003447,WELL-00022,0,P-JUS-CKGL,level,naive,raw,180,120,0,-1.7968,-1.9439,-1.6497,0.2942,0.0,1,0,,-18.219,0.9945,0.9904,179.0,1,,,1,,
3w_aligned_onset,WELL-00022_20180925003447,WELL-00022,0,P-JUS-CKGL,spread,block_bootstrap,adjusted,180,120,4,0.1794,-0.1324,0.4982,0.6306,0.23,0,0,,-11.6575,0.6446,0.765,10.9527,1,0,1,0,0.4749,79.1248
3w_aligned_onset,WELL-00022_20180925003447,WELL-00022,0,P-JUS-CKGL,spread,block_bootstrap,raw,180,120,0,-2.3282,-2.8171,-2.0179,0.7992,0.0,1,0,,-18.219,0.9945,0.9904,179.0,1,,,1,,
3w_aligned_onset,WELL-00022_20180925003447,WELL-00022,0,P-JUS-CKGL,spread,naive,adjusted,180,120,4,0.1794,0.0155,0.3433,0.3278,0.032,1,0,,-11.6575,0.6446,0.765,10.9527,1,0,1,0,0.4749,79.1248
3w_aligned_onset,WELL-00022_20180925003447,WELL-00022,0,P-JUS-CKGL,spread,naive,raw,180,120,0,-2.3282,-2.4921,-2.1643,0.3278,0.0,1,0,,-18.219,0.9945,0.9904,179.0,1,,,1,,
3w_aligned_onset,WELL-00022_20180925003447,WELL-00022,0,P-MON-CKP,level,block_bootstrap,adjusted,180,120,4,,,,,,,1,covariate_outside,,,,,,1,1,,,
3w_aligned_onset,WELL-00022_20180925003447,WELL-00022,0,P-MON-CKP,level,block_bootstrap,raw,180,120,0,0.0011,-0.0977,0.1075,0.2052,0.9,0,0,,0.4212,0.206,0.1783,3.6835,0,,,0,,
3w_aligned_onset,WELL-00022_20180925003447,WELL-00022,0,P-MON-CKP,level,ewc,adjusted,180,120,4,,,,,,,1,covariate_outside,,,,,,1,1,,,
3w_aligned_onset,WELL-00022_20180925003447,WELL-00022,0,P-MON-CKP,level,ewc,raw,180,120,0,0.0011,-0.0707,0.073,0.1438,0.9739,0,0,,0.4212,0.206,0.1783,3.6835,0,,,0,,
3w_aligned_onset,WELL-00022_20180925003447,WELL-00022,0,P-MON-CKP,level,hac,adjusted,180,120,4,,,,,,,1,covariate_outside,,,,,,1,1,,,
3w_aligned_onset,WELL-00022_20180925003447,WELL-00022,0,P-MON-CKP,level,hac,raw,180,120,0,0.0011,-0.2015,0.2038,0.4053,0.9912,0,0,,0.4212,0.206,0.1783,3.6835,0,,,0,,
3w_aligned_onset,WELL-00022_20180925003447,WELL-00022,0,P-MON-CKP,level,naive,adjusted,180,120,4,,,,,,,1,covariate_outside,,,,,,1,1,,,
3w_aligned_onset,WELL-00022_20180925003447,WELL-00022,0,P-MON-CKP,level,naive,raw,180,120,0,0.0011,-0.2208,0.2231,0.4439,0.9919,0,0,,0.4212,0.206,0.1783,3.6835,0,,,0,,
3w_aligned_onset,WELL-00022_20180925003447,WELL-00022,0,P-MON-CKP,spread,block_bootstrap,adjusted,180,120,4,,,,,,,1,covariate_outside,,,,,,1,1,,,
3w_aligned_onset,WELL-00022_20180925003447,WELL-00022,0,P-MON-CKP,spread,block_bootstrap,raw,180,120,0,-0.0683,-0.3567,0.1774,0.5341,0.62,0,0,,0.4212,0.206,0.1783,3.6835,0,,,0,,
3w_aligned_onset,WELL-00022_20180925003447,WELL-00022,0,P-MON-CKP,spread,naive,adjusted,180,120,4,,,,,,,1,covariate_outside,,,,,,1,1,,,
3w_aligned_onset,WELL-00022_20180925003447,WELL-00022,0,P-MON-CKP,spread,naive,raw,180,120,0,-0.0683,-0.2322,0.0956,0.3278,0.4141,0,0,,0.4212,0.206,0.1783,3.6835,0,,,0,,
3w_aligned_onset,WELL-00022_20180925003447,WELL-00022,0,P-PDG,level,block_bootstrap,adjusted,180,120,5,,,,,,,1,no_spread,,,,,,,,,,
3w_aligned_onset,WELL-00022_20180925003447,WELL-00022,0,P-PDG,level,block_bootstrap,raw,180,120,0,,,,,,,1,no_spread,,,,,,,,,,
3w_aligned_onset,WELL-00022_20180925003447,WELL-00022,0,P-PDG,level,ewc,adjusted,180,120,5,,,,,,,1,no_spread,,,,,,,,,,
3w_aligned_onset,WELL-00022_20180925003447,WELL-00022,0,P-PDG,level,ewc,raw,180,120,0,,,,,,,1,no_spread,,,,,,,,,,
3w_aligned_onset,WELL-00022_20180925003447,WELL-00022,0,P-PDG,level,hac,adjusted,180,120,5,,,,,,,1,no_spread,,,,,,,,,,
3w_aligned_onset,WELL-00022_20180925003447,WELL-00022,0,P-PDG,level,hac,raw,180,120,0,,,,,,,1,no_spread,,,,,,,,,,
3w_aligned_onset,WELL-00022_20180925003447,WELL-00022,0,P-PDG,level,naive,adjusted,180,120,5,,,,,,,1,no_spread,,,,,,,,,,
3w_aligned_onset,WELL-00022_20180925003447,WELL-00022,0,P-PDG,level,naive,raw,180,120,0,,,,,,,1,no_spread,,,,,,,,,,
3w_aligned_onset,WELL-00022_20180925003447,WELL-00022,0,P-PDG,spread,block_bootstrap,adjusted,180,120,5,,,,,,,1,no_spread,,,,,,,,,,
3w_aligned_onset,WELL-00022_20180925003447,WELL-00022,0,P-PDG,spread,block_bootstrap,raw,180,120,0,,,,,,,1,no_spread,,,,,,,,,,
3w_aligned_onset,WELL-00022_20180925003447,WELL-00022,0,P-PDG,spread,naive,adjusted,180,120,5,,,,,,,1,no_spread,,,,,,,,,,
3w_aligned_onset,WELL-00022_20180925003447,WELL-00022,0,P-PDG,spread,naive,raw,180,120,0,,,,,,,1,no_spread,,,,,,,,,,
3w_aligned_onset,WELL-00022_20180925003447,WELL-00022,0,P-TPT,level,block_bootstrap,adjusted,180,120,4,,,,,,,1,covariate_outside,,,,,,1,1,,,
3w_aligned_onset,WELL-00022_20180925003447,WELL-00022,0,P-TPT,level,block_bootstrap,raw,180,120,0,0.4241,0.133,0.7571,0.6241,0.01,1,0,,-0.6364,0.3125,0.477,5.0592,0,,,0,,
3w_aligned_onset,WELL-00022_20180925003447,WELL-00022,0,P-TPT,level,ewc,adjusted,180,120,4,,,,,,,1,covariate_outside,,,,,,1,1,,,
3w_aligned_onset,WELL-00022_20180925003447,WELL-00022,0,P-TPT,level,ewc,raw,180,120,0,0.4241,-0.0008,0.849,0.8498,0.0504,0,0,,-0.6364,0.3125,0.477,5.0592,0,,,0,,
3w_aligned_onset,WELL-00022_20180925003447,WELL-00022,0,P-TPT,level,hac,adjusted,180,120,4,,,,,,,1,covariate_outside,,,,,,1,1,,,
3w_aligned_onset,WELL-00022_20180925003447,WELL-00022,0,P-TPT,level,hac,raw,180,120,0,0.4241,0.1279,0.7203,0.5925,0.005,1,0,,-0.6364,0.3125,0.477,5.0592,0,,,0,,
3w_aligned_onset,WELL-00022_20180925003447,WELL-00022,0,P-TPT,level,naive,adjusted,180,120,4,,,,,,,1,covariate_outside,,,,,,1,1,,,
3w_aligned_onset,WELL-00022_20180925003447,WELL-00022,0,P-TPT,level,naive,raw,180,120,0,0.4241,0.1844,0.6638,0.4794,0.0005,1,0,,-0.6364,0.3125,0.477,5.0592,0,,,0,,
3w_aligned_onset,WELL-00022_20180925003447,WELL-00022,0,P-TPT,spread,block_bootstrap,adjusted,180,120,4,,,,,,,1,covariate_outside,,,,,,1,1,,,
3w_aligned_onset,WELL-00022_20180925003447,WELL-00022,0,P-TPT,spread,block_bootstrap,raw,180,120,0,0.0604,-0.2681,0.3496,0.6177,0.72,0,0,,-0.6364,0.3125,0.477,5.0592,0,,,0,,
3w_aligned_onset,WELL-00022_20180925003447,WELL-00022,0,P-TPT,spread,naive,adjusted,180,120,4,,,,,,,1,covariate_outside,,,,,,1,1,,,
3w_aligned_onset,WELL-00022_20180925003447,WELL-00022,0,P-TPT,spread,naive,raw,180,120,0,0.0604,-0.1036,0.2243,0.3278,0.4704,0,0,,-0.6364,0.3125,0.477,5.0592,0,,,0,,
3w_aligned_onset,WELL-00022_20180925003447,WELL-00022,0,T-TPT,level,block_bootstrap,adjusted,180,120,4,,,,,,,1,covariate_outside,,,,,,1,1,,,
3w_aligned_onset,WELL-00022_20180925003447,WELL-00022,0,T-TPT,level,block_bootstrap,raw,180,120,0,-1.3055,-1.8207,-0.7996,1.0211,0.0,1,0,,8.2058,0.651,0.6809,11.1308,1,,,0,,
3w_aligned_onset,WELL-00022_20180925003447,WELL-00022,0,T-TPT,level,ewc,adjusted,180,120,4,,,,,,,1,covariate_outside,,,,,,1,1,,,
3w_aligned_onset,WELL-00022_20180925003447,WELL-00022,0,T-TPT,level,ewc,raw,180,120,0,-1.3055,-2.0524,-0.5586,1.4938,0.0017,1,0,,8.2058,0.651,0.6809,11.1308,1,,,0,,
3w_aligned_onset,WELL-00022_20180925003447,WELL-00022,0,T-TPT,level,hac,adjusted,180,120,4,,,,,,,1,covariate_outside,,,,,,1,1,,,
3w_aligned_onset,WELL-00022_20180925003447,WELL-00022,0,T-TPT,level,hac,raw,180,120,0,-1.3055,-1.9047,-0.7063,1.1983,0.0,1,0,,8.2058,0.651,0.6809,11.1308,1,,,0,,
3w_aligned_onset,WELL-00022_20180925003447,WELL-00022,0,T-TPT,level,naive,adjusted,180,120,4,,,,,,,1,covariate_outside,,,,,,1,1,,,
3w_aligned_onset,WELL-00022_20180925003447,WELL-00022,0,T-TPT,level,naive,raw,180,120,0,-1.3055,-1.5544,-1.0567,0.4977,0.0,1,0,,8.2058,0.651,0.6809,11.1308,1,,,0,,
3w_aligned_onset,WELL-00022_20180925003447,WELL-00022,0,T-TPT,spread,block_bootstrap,adjusted,180,120,4,,,,,,,1,covariate_outside,,,,,,1,1,,,
3w_aligned_onset,WELL-00022_20180925003447,WELL-00022,0,T-TPT,spread,block_bootstrap,raw,180,120,0,0.1186,-0.2229,0.3924,0.6154,0.37,0,0,,8.2058,0.651,0.6809,11.1308,1,,,0,,
3w_aligned_onset,WELL-00022_20180925003447,WELL-00022,0,T-TPT,spread,naive,adjusted,180,120,4,,,,,,,1,covariate_outside,,,,,,1,1,,,
3w_aligned_onset,WELL-00022_20180925003447,WELL-00022,0,T-TPT,spread,naive,raw,180,120,0,0.1186,-0.0453,0.2825,0.3278,0.1561,0,0,,8.2058,0.651,0.6809,11.1308,1,,,0,,
3w_aligned_onset,WELL-00022_20181007080700,WELL-00022,0,P-ANULAR,level,block_bootstrap,adjusted,180,120,4,,,,,,,1,covariate_outside,,,,,,1,1,,,
3w_aligned_onset,WELL-00022_20181007080700,WELL-00022,0,P-ANULAR,level,block_bootstrap,raw,180,120,0,0.5531,0.2489,0.8653,0.6164,0.0,1,0,,-1.7165,0.3992,0.0601,6.2442,0,,,0,,
3w_aligned_onset,WELL-00022_20181007080700,WELL-00022,0,P-ANULAR,level,ewc,adjusted,180,120,4,,,,,,,1,covariate_outside,,,,,,1,1,,,
3w_aligned_onset,WELL-00022_20181007080700,WELL-00022,0,P-ANULAR,level,ewc,raw,180,120,0,0.5531,0.1652,0.941,0.7758,0.0081,1,0,,-1.7165,0.3992,0.0601,6.2442,0,,,0,,
3w_aligned_onset,WELL-00022_20181007080700,WELL-00022,0,P-ANULAR,level,hac,adjusted,180,120,4,,,,,,,1,covariate_outside,,,,,,1,1,,,
3w_aligned_onset,WELL-00022_20181007080700,WELL-00022,0,P-ANULAR,level,hac,raw,180,120,0,0.5531,0.2716,0.8347,0.5631,0.0001,1,0,,-1.7165,0.3992,0.0601,6.2442,0,,,0,,
3w_aligned_onset,WELL-00022_20181007080700,WELL-00022,0,P-ANULAR,level,naive,adjusted,180,120,4,,,,,,,1,covariate_outside,,,,,,1,1,,,
3w_aligned_onset,WELL-00022_20181007080700,WELL-00022,0,P-ANULAR,level,naive,raw,180,120,0,0.5531,0.3375,0.7688,0.4313,0.0,1,0,,-1.7165,0.3992,0.0601,6.2442,0,,,0,,
3w_aligned_onset,WELL-00022_20181007080700,WELL-00022,0,P-ANULAR,spread,block_bootstrap,adjusted,180,120,4,,,,,,,1,covariate_outside,,,,,,1,1,,,
3w_aligned_onset,WELL-00022_20181007080700,WELL-00022,0,P-ANULAR,spread,block_bootstrap,raw,180,120,0,-0.1203,-0.3699,0.033,0.4029,0.13,0,0,,-1.7165,0.3992,0.0601,6.2442,0,,,0,,
3w_aligned_onset,WELL-00022_20181007080700,WELL-00022,0,P-ANULAR,spread,naive,adjusted,180,120,4,,,,,,,1,covariate_outside,,,,,,1,1,,,
3w_aligned_onset,WELL-00022_20181007080700,WELL-00022,0,P-ANULAR,spread,naive,raw,180,120,0,-0.1203,-0.2842,0.0437,0.3278,0.1505,0,0,,-1.7165,0.3992,0.0601,6.2442,0,,,0,,
3w_aligned_onset,WELL-00022_20181007080700,WELL-00022,0,P-JUS-CKGL,level,block_bootstrap,adjusted,180,120,4,5.0839,3.0055,7.2543,4.2488,0.0,1,0,,-4.3207,0.8591,0.9908,22.6497,1,0,1,1,0.1972,0.7796
3w_aligned_onset,WELL-00022_20181007080700,WELL-00022,0,P-JUS-CKGL,level,block_bootstrap,raw,180,120,0,5.6722,3.3265,8.1848,4.8582,0.0,1,0,,-5.7959,0.979,0.9933,84.4306,1,,,1,,
3w_aligned_onset,WELL-00022_20181007080700,WELL-00022,0,P-JUS-CKGL,level,ewc,adjusted,180,120,4,5.0839,2.1918,7.9761,5.7842,0.003,1,0,,-4.3207,0.8591,0.9908,22.6497,1,0,1,1,0.1972,0.7796
3w_aligned_onset,WELL-00022_20181007080700,WELL-00022,0,P-JUS-CKGL,level,ewc,raw,180,120,0,5.6722,2.3882,8.9563,6.5681,0.0033,1,0,,-5.7959,0.979,0.9933,84.4306,1,,,1,,
3w_aligned_onset,WELL-00022_20181007080700,WELL-00022,0,P-JUS-CKGL,level,hac,adjusted,180,120,4,5.0839,1.8243,8.3436,6.5193,0.0022,1,0,,-4.3207,0.8591,0.9908,22.6497,1,0,1,1,0.1972,0.7796
3w_aligned_onset,WELL-00022_20181007080700,WELL-00022,0,P-JUS-CKGL,level,hac,raw,180,120,0,5.6722,1.8769,9.4676,7.5907,0.0034,1,0,,-5.7959,0.979,0.9933,84.4306,1,,,1,,
3w_aligned_onset,WELL-00022_20181007080700,WELL-00022,0,P-JUS-CKGL,level,naive,adjusted,180,120,4,5.0839,4.3862,5.7817,1.3954,0.0,1,0,,-4.3207,0.8591,0.9908,22.6497,1,0,1,1,0.1972,0.7796
3w_aligned_onset,WELL-00022_20181007080700,WELL-00022,0,P-JUS-CKGL,level,naive,raw,180,120,0,5.6722,4.8825,6.462,1.5796,0.0,1,0,,-5.7959,0.979,0.9933,84.4306,1,,,1,,
3w_aligned_onset,WELL-00022_20181007080700,WELL-00022,0,P-JUS-CKGL,spread,block_bootstrap,adjusted,180,120,4,1.4528,1.0839,2.0318,0.9479,0.0,1,0,,-4.3207,0.8591,0.9908,22.6497,1,0,1,1,0.1972,0.7796
3w_aligned_onset,WELL-00022_20181007080700,WELL-00022,0,P-JUS-CKGL,spread,block_bootstrap,raw,180,120,0,1.4674,1.0525,2.157,1.1045,0.0,1,0,,-5.7959,0.979,0.9933,84.4306,1,,,1,,
3w_aligned_onset,WELL-00022_20181007080700,WELL-00022,0,P-JUS-CKGL,spread,naive,adjusted,180,120,4,1.4528,1.2889,1.6167,0.3278,0.0,1,0,,-4.3207,0.8591,0.9908,22.6497,1,0,1,1,0.1972,0.7796
3w_aligned_onset,WELL-00022_20181007080700,WELL-00022,0,P-JUS-CKGL,spread,naive,raw,180,120,0,1.4674,1.3035,1.6313,0.3278,0.0,1,0,,-5.7959,0.979,0.9933,84.4306,1,,,1,,
3w_aligned_onset,WELL-00022_20181007080700,WELL-00022,0,P-MON-CKP,level,block_bootstrap,adjusted,180,120,4,,,,,,,1,covariate_outside,,,,,,1,1,,,
3w_aligned_onset,WELL-00022_20181007080700,WELL-00022,0,P-MON-CKP,level,block_bootstrap,raw,180,120,0,0.0841,-0.0187,0.1704,0.1891,0.12,0,0,,0.9303,-0.1056,-0.0541,2.3091,0,,,0,,
3w_aligned_onset,WELL-00022_20181007080700,WELL-00022,0,P-MON-CKP,level,ewc,adjusted,180,120,4,,,,,,,1,covariate_outside,,,,,,1,1,,,
3w_aligned_onset,WELL-00022_20181007080700,WELL-00022,0,P-MON-CKP,level,ewc,raw,180,120,0,0.0841,0.0035,0.1647,0.1612,0.0417,1,0,,0.9303,-0.1056,-0.0541,2.3091,0,,,0,,
3w_aligned_onset,WELL-00022_20181007080700,WELL-00022,0,P-MON-CKP,level,hac,adjusted,180,120,4,,,,,,,1,covariate_outside,,,,,,1,1,,,
3w_aligned_onset,WELL-00022_20181007080700,WELL-00022,0,P-MON-CKP,level,hac,raw,180,120,0,0.0841,-0.1147,0.2829,0.3976,0.4069,0,0,,0.9303,-0.1056,-0.0541,2.3091,0,,,0,,
3w_aligned_onset,WELL-00022_20181007080700,WELL-00022,0,P-MON-CKP,level,naive,adjusted,180,120,4,,,,,,,1,covariate_outside,,,,,,1,1,,,
3w_aligned_onset,WELL-00022_20181007080700,WELL-00022,0,P-MON-CKP,level,naive,raw,180,120,0,0.0841,-0.1304,0.2987,0.4291,0.4423,0,0,,0.9303,-0.1056,-0.0541,2.3091,0,,,0,,
3w_aligned_onset,WELL-00022_20181007080700,WELL-00022,0,P-MON-CKP,spread,block_bootstrap,adjusted,180,120,4,,,,,,,1,covariate_outside,,,,,,1,1,,,
3w_aligned_onset,WELL-00022_20181007080700,WELL-00022,0,P-MON-CKP,spread,block_bootstrap,raw,180,120,0,-0.1297,-0.2912,0.0217,0.3129,0.06,0,0,,0.9303,-0.1056,-0.0541,2.3091,0,,,0,,
3w_aligned_onset,WELL-00022_20181007080700,WELL-00022,0,P-MON-CKP,spread,naive,adjusted,180,120,4,,,,,,,1,covariate_outside,,,,,,1,1,,,
3w_aligned_onset,WELL-00022_20181007080700,WELL-00022,0,P-MON-CKP,spread,naive,raw,180,120,0,-0.1297,-0.2936,0.0342,0.3278,0.121,0,0,,0.9303,-0.1056,-0.0541,2.3091,0,,,0,,
3w_aligned_onset,WELL-00022_20181007080700,WELL-00022,0,P-PDG,level,block_bootstrap,adjusted,180,120,5,,,,,,,1,no_spread,,,,,,,,,,
3w_aligned_onset,WELL-00022_20181007080700,WELL-00022,0,P-PDG,level,block_bootstrap,raw,180,120,0,,,,,,,1,no_spread,,,,,,,,,,
3w_aligned_onset,WELL-00022_20181007080700,WELL-00022,0,P-PDG,level,ewc,adjusted,180,120,5,,,,,,,1,no_spread,,,,,,,,,,
3w_aligned_onset,WELL-00022_20181007080700,WELL-00022,0,P-PDG,level,ewc,raw,180,120,0,,,,,,,1,no_spread,,,,,,,,,,
3w_aligned_onset,WELL-00022_20181007080700,WELL-00022,0,P-PDG,level,hac,adjusted,180,120,5,,,,,,,1,no_spread,,,,,,,,,,
3w_aligned_onset,WELL-00022_20181007080700,WELL-00022,0,P-PDG,level,hac,raw,180,120,0,,,,,,,1,no_spread,,,,,,,,,,
3w_aligned_onset,WELL-00022_20181007080700,WELL-00022,0,P-PDG,level,naive,adjusted,180,120,5,,,,,,,1,no_spread,,,,,,,,,,
3w_aligned_onset,WELL-00022_20181007080700,WELL-00022,0,P-PDG,level,naive,raw,180,120,0,,,,,,,1,no_spread,,,,,,,,,,
3w_aligned_onset,WELL-00022_20181007080700,WELL-00022,0,P-PDG,spread,block_bootstrap,adjusted,180,120,5,,,,,,,1,no_spread,,,,,,,,,,
3w_aligned_onset,WELL-00022_20181007080700,WELL-00022,0,P-PDG,spread,block_bootstrap,raw,180,120,0,,,,,,,1,no_spread,,,,,,,,,,
3w_aligned_onset,WELL-00022_20181007080700,WELL-00022,0,P-PDG,spread,naive,adjusted,180,120,5,,,,,,,1,no_spread,,,,,,,,,,
3w_aligned_onset,WELL-00022_20181007080700,WELL-00022,0,P-PDG,spread,naive,raw,180,120,0,,,,,,,1,no_spread,,,,,,,,,,
3w_aligned_onset,WELL-00022_20181007080700,WELL-00022,0,P-TPT,level,block_bootstrap,adjusted,180,120,4,,,,,,,1,covariate_outside,,,,,,1,1,,,
3w_aligned_onset,WELL-00022_20181007080700,WELL-00022,0,P-TPT,level,block_bootstrap,raw,180,120,0,0.4765,0.2588,0.6982,0.4394,0.0,1,0,,1.2652,0.1646,0.2187,3.1384,0,,,0,,
3w_aligned_onset,WELL-00022_20181007080700,WELL-00022,0,P-TPT,level,ewc,adjusted,180,120,4,,,,,,,1,covariate_outside,,,,,,1,1,,,
3w_aligned_onset,WELL-00022_20181007080700,WELL-00022,0,P-TPT,level,ewc,raw,180,120,0,0.4765,0.1552,0.7978,0.6427,0.0056,1,0,,1.2652,0.1646,0.2187,3.1384,0,,,0,,
3w_aligned_onset,WELL-00022_20181007080700,WELL-00022,0,P-TPT,level,hac,adjusted,180,120,4,,,,,,,1,covariate_outside,,,,,,1,1,,,
3w_aligned_onset,WELL-00022_20181007080700,WELL-00022,0,P-TPT,level,hac,raw,180,120,0,0.4765,0.2686,0.6844,0.4158,0.0,1,0,,1.2652,0.1646,0.2187,3.1384,0,,,0,,
3w_aligned_onset,WELL-00022_20181007080700,WELL-00022,0,P-TPT,level,naive,adjusted,180,120,4,,,,,,,1,covariate_outside,,,,,,1,1,,,
3w_aligned_onset,WELL-00022_20181007080700,WELL-00022,0,P-TPT,level,naive,raw,180,120,0,0.4765,0.2725,0.6806,0.4081,0.0,1,0,,1.2652,0.1646,0.2187,3.1384,0,,,0,,
3w_aligned_onset,WELL-00022_20181007080700,WELL-00022,0,P-TPT,spread,block_bootstrap,adjusted,180,120,4,,,,,,,1,covariate_outside,,,,,,1,1,,,
3w_aligned_onset,WELL-00022_20181007080700,WELL-00022,0,P-TPT,spread,block_bootstrap,raw,180,120,0,-0.2279,-0.3957,-0.1113,0.2844,0.0,1,0,,1.2652,0.1646,0.2187,3.1384,0,,,0,,
3w_aligned_onset,WELL-00022_20181007080700,WELL-00022,0,P-TPT,spread,naive,adjusted,180,120,4,,,,,,,1,covariate_outside,,,,,,1,1,,,
3w_aligned_onset,WELL-00022_20181007080700,WELL-00022,0,P-TPT,spread,naive,raw,180,120,0,-0.2279,-0.3918,-0.0639,0.3278,0.0064,1,0,,1.2652,0.1646,0.2187,3.1384,0,,,0,,
3w_aligned_onset,WELL-00022_20181007080700,WELL-00022,0,T-TPT,level,block_bootstrap,adjusted,180,120,4,,,,,,,1,covariate_outside,,,,,,1,1,,,
3w_aligned_onset,WELL-00022_20181007080700,WELL-00022,0,T-TPT,level,block_bootstrap,raw,180,120,0,-1.3296,-2.0052,-0.6871,1.3182,0.0,1,0,,8.3336,0.5732,0.89,9.2332,1,,,1,,
3w_aligned_onset,WELL-00022_20181007080700,WELL-00022,0,T-TPT,level,ewc,adjusted,180,120,4,,,,,,,1,covariate_outside,,,,,,1,1,,,
3w_aligned_onset,WELL-00022_20181007080700,WELL-00022,0,T-TPT,level,ewc,raw,180,120,0,-1.3296,-2.3522,-0.307,2.0452,0.0149,1,0,,8.3336,0.5732,0.89,9.2332,1,,,1,,
3w_aligned_onset,WELL-00022_20181007080700,WELL-00022,0,T-TPT,level,hac,adjusted,180,120,4,,,,,,,1,covariate_outside,,,,,,1,1,,,
3w_aligned_onset,WELL-00022_20181007080700,WELL-00022,0,T-TPT,level,hac,raw,180,120,0,-1.3296,-2.3634,-0.2958,2.0675,0.0117,1,0,,8.3336,0.5732,0.89,9.2332,1,,,1,,
3w_aligned_onset,WELL-00022_20181007080700,WELL-00022,0,T-TPT,level,naive,adjusted,180,120,4,,,,,,,1,covariate_outside,,,,,,1,1,,,
3w_aligned_onset,WELL-00022_20181007080700,WELL-00022,0,T-TPT,level,naive,raw,180,120,0,-1.3296,-1.6219,-1.0373,0.5846,0.0,1,0,,8.3336,0.5732,0.89,9.2332,1,,,1,,
3w_aligned_onset,WELL-00022_20181007080700,WELL-00022,0,T-TPT,spread,block_bootstrap,adjusted,180,120,4,,,,,,,1,covariate_outside,,,,,,1,1,,,
3w_aligned_onset,WELL-00022_20181007080700,WELL-00022,0,T-TPT,spread,block_bootstrap,raw,180,120,0,0.3472,-0.0669,0.5141,0.5809,0.12,0,0,,8.3336,0.5732,0.89,9.2332,1,,,1,,
3w_aligned_onset,WELL-00022_20181007080700,WELL-00022,0,T-TPT,spread,naive,adjusted,180,120,4,,,,,,,1,covariate_outside,,,,,,1,1,,,
3w_aligned_onset,WELL-00022_20181007080700,WELL-00022,0,T-TPT,spread,naive,raw,180,120,0,0.3472,0.1833,0.5111,0.3278,0.0,1,0,,8.3336,0.5732,0.89,9.2332,1,,,1,,
3w_aligned_onset,WELL-00022_20181020133850,WELL-00022,0,P-ANULAR,level,block_bootstrap,adjusted,180,120,4,,,,,,,1,covariate_outside,,,,,,1,1,,,
3w_aligned_onset,WELL-00022_20181020133850,WELL-00022,0,P-ANULAR,level,block_bootstrap,raw,180,120,0,-0.4343,-0.7406,-0.1039,0.6366,0.02,1,0,,2.228,0.2865,0.2305,4.7211,1,,,0,,
3w_aligned_onset,WELL-00022_20181020133850,WELL-00022,0,P-ANULAR,level,ewc,adjusted,180,120,4,,,,,,,1,covariate_outside,,,,,,1,1,,,
3w_aligned_onset,WELL-00022_20181020133850,WELL-00022,0,P-ANULAR,level,ewc,raw,180,120,0,-0.4343,-0.8462,-0.0224,0.8238,0.0397,1,0,,2.228,0.2865,0.2305,4.7211,1,,,0,,
3w_aligned_onset,WELL-00022_20181020133850,WELL-00022,0,P-ANULAR,level,hac,adjusted,180,120,4,,,,,,,1,covariate_outside,,,,,,1,1,,,
3w_aligned_onset,WELL-00022_20181020133850,WELL-00022,0,P-ANULAR,level,hac,raw,180,120,0,-0.4343,-0.7287,-0.1398,0.5889,0.0038,1,0,,2.228,0.2865,0.2305,4.7211,1,,,0,,
3w_aligned_onset,WELL-00022_20181020133850,WELL-00022,0,P-ANULAR,level,naive,adjusted,180,120,4,,,,,,,1,covariate_outside,,,,,,1,1,,,
3w_aligned_onset,WELL-00022_20181020133850,WELL-00022,0,P-ANULAR,level,naive,raw,180,120,0,-0.4343,-0.6546,-0.2139,0.4407,0.0001,1,0,,2.228,0.2865,0.2305,4.7211,1,,,0,,
3w_aligned_onset,WELL-00022_20181020133850,WELL-00022,0,P-ANULAR,spread,block_bootstrap,adjusted,180,120,4,,,,,,,1,covariate_outside,,,,,,1,1,,,
3w_aligned_onset,WELL-00022_20181020133850,WELL-00022,0,P-ANULAR,spread,block_bootstrap,raw,180,120,0,-0.0813,-0.2016,0.0741,0.2758,0.55,0,0,,2.228,0.2865,0.2305,4.7211,1,,,0,,
3w_aligned_onset,WELL-00022_20181020133850,WELL-00022,0,P-ANULAR,spread,naive,adjusted,180,120,4,,,,,,,1,covariate_outside,,,,,,1,1,,,
3w_aligned_onset,WELL-00022_20181020133850,WELL-00022,0,P-ANULAR,spread,naive,raw,180,120,0,-0.0813,-0.2452,0.0826,0.3278,0.3311,0,0,,2.228,0.2865,0.2305,4.7211,1,,,0,,
3w_aligned_onset,WELL-00022_20181020133850,WELL-00022,0,P-JUS-CKGL,level,block_bootstrap,adjusted,180,120,4,,,,,,,1,covariate_outside,,,,,,1,1,,,
3w_aligned_onset,WELL-00022_20181020133850,WELL-00022,0,P-JUS-CKGL,level,block_bootstrap,raw,180,120,0,-3.098,-3.58,-2.5284,1.0516,0.0,1,0,,-10.5286,0.9926,0.9953,169.7851,1,,,1,,
3w_aligned_onset,WELL-00022_20181020133850,WELL-00022,0,P-JUS-CKGL,level,ewc,adjusted,180,120,4,,,,,,,1,covariate_outside,,,,,,1,1,,,
3w_aligned_onset,WELL-00022_20181020133850,WELL-00022,0,P-JUS-CKGL,level,ewc,raw,180,120,0,-3.098,-3.8135,-2.3826,1.4309,0.0,1,0,,-10.5286,0.9926,0.9953,169.7851,1,,,1,,
3w_aligned_onset,WELL-00022_20181020133850,WELL-00022,0,P-JUS-CKGL,level,hac,adjusted,180,120,4,,,,,,,1,covariate_outside,,,,,,1,1,,,
3w_aligned_onset,WELL-00022_20181020133850,WELL-00022,0,P-JUS-CKGL,level,hac,raw,180,120,0,-3.098,-4.0986,-2.0975,2.0011,0.0,1,0,,-10.5286,0.9926,0.9953,169.7851,1,,,1,,
3w_aligned_onset,WELL-00022_20181020133850,WELL-00022,0,P-JUS-CKGL,level,naive,adjusted,180,120,4,,,,,,,1,covariate_outside,,,,,,1,1,,,
3w_aligned_onset,WELL-00022_20181020133850,WELL-00022,0,P-JUS-CKGL,level,naive,raw,180,120,0,-3.098,-3.2756,-2.9204,0.3552,0.0,1,0,,-10.5286,0.9926,0.9953,169.7851,1,,,1,,
3w_aligned_onset,WELL-00022_20181020133850,WELL-00022,0,P-JUS-CKGL,spread,block_bootstrap,adjusted,180,120,4,,,,,,,1,covariate_outside,,,,,,1,1,,,
3w_aligned_onset,WELL-00022_20181020133850,WELL-00022,0,P-JUS-CKGL,spread,block_bootstrap,raw,180,120,0,-0.5718,-1.0407,-0.2195,0.8212,0.0,1,0,,-10.5286,0.9926,0.9953,169.7851,1,,,1,,
3w_aligned_onset,WELL-00022_20181020133850,WELL-00022,0,P-JUS-CKGL,spread,naive,adjusted,180,120,4,,,,,,,1,covariate_outside,,,,,,1,1,,,
3w_aligned_onset,WELL-00022_20181020133850,WELL-00022,0,P-JUS-CKGL,spread,naive,raw,180,120,0,-0.5718,-0.7357,-0.4079,0.3278,0.0,1,0,,-10.5286,0.9926,0.9953,169.7851,1,,,1,,
3w_aligned_onset,WELL-00022_20181020133850,WELL-00022,0,P-MON-CKP,level,block_bootstrap,adjusted,180,120,4,,,,,,,1,covariate_outside,,,,,,1,1,,,
3w_aligned_onset,WELL-00022_20181020133850,WELL-00022,0,P-MON-CKP,level,block_bootstrap,raw,180,120,0,0.1752,-0.1133,0.4994,0.6127,0.21,0,0,,-0.5086,0.3438,0.2311,5.476,0,,,0,,
3w_aligned_onset,WELL-00022_20181020133850,WELL-00022,0,P-MON-CKP,level,ewc,adjusted,180,120,4,,,,,,,1,covariate_outside,,,,,,1,1,,,
3w_aligned_onset,WELL-00022_20181020133850,WELL-00022,0,P-MON-CKP,level,ewc,raw,180,120,0,0.1752,-0.2081,0.5585,0.7666,0.3525,0,0,,-0.5086,0.3438,0.2311,5.476,0,,,0,,
3w_aligned_onset,WELL-00022_20181020133850,WELL-00022,0,P-MON-CKP,level,hac,adjusted,180,120,4,,,,,,,1,covariate_outside,,,,,,1,1,,,
3w_aligned_onset,WELL-00022_20181020133850,WELL-00022,0,P-MON-CKP,level,hac,raw,180,120,0,0.1752,-0.1083,0.4586,0.5669,0.2258,0,0,,-0.5086,0.3438,0.2311,5.476,0,,,0,,
3w_aligned_onset,WELL-00022_20181020133850,WELL-00022,0,P-MON-CKP,level,naive,adjusted,180,120,4,,,,,,,1,covariate_outside,,,,,,1,1,,,
3w_aligned_onset,WELL-00022_20181020133850,WELL-00022,0,P-MON-CKP,level,naive,raw,180,120,0,0.1752,-0.061,0.4114,0.4724,0.1461,0,0,,-0.5086,0.3438,0.2311,5.476,0,,,0,,
3w_aligned_onset,WELL-00022_20181020133850,WELL-00022,0,P-MON-CKP,spread,block_bootstrap,adjusted,180,120,4,,,,,,,1,covariate_outside,,,,,,1,1,,,
3w_aligned_onset,WELL-00022_20181020133850,WELL-00022,0,P-MON-CKP,spread,block_bootstrap,raw,180,120,0,0.0368,-0.1059,0.1982,0.3041,0.54,0,0,,-0.5086,0.3438,0.2311,5.476,0,,,0,,
3w_aligned_onset,WELL-00022_20181020133850,WELL-00022,0,P-MON-CKP,spread,naive,adjusted,180,120,4,,,,,,,1,covariate_outside,,,,,,1,1,,,
3w_aligned_onset,WELL-00022_20181020133850,WELL-00022,0,P-MON-CKP,spread,naive,raw,180,120,0,0.0368,-0.1271,0.2007,0.3278,0.66,0,0,,-0.5086,0.3438,0.2311,5.476,0,,,0,,
3w_aligned_onset,WELL-00022_20181020133850,WELL-00022,0,P-PDG,level,block_bootstrap,adjusted,180,120,5,,,,,,,1,no_spread,,,,,,,,,,
3w_aligned_onset,WELL-00022_20181020133850,WELL-00022,0,P-PDG,level,block_bootstrap,raw,180,120,0,,,,,,,1,no_spread,,,,,,,,,,
3w_aligned_onset,WELL-00022_20181020133850,WELL-00022,0,P-PDG,level,ewc,adjusted,180,120,5,,,,,,,1,no_spread,,,,,,,,,,
3w_aligned_onset,WELL-00022_20181020133850,WELL-00022,0,P-PDG,level,ewc,raw,180,120,0,,,,,,,1,no_spread,,,,,,,,,,
3w_aligned_onset,WELL-00022_20181020133850,WELL-00022,0,P-PDG,level,hac,adjusted,180,120,5,,,,,,,1,no_spread,,,,,,,,,,
3w_aligned_onset,WELL-00022_20181020133850,WELL-00022,0,P-PDG,level,hac,raw,180,120,0,,,,,,,1,no_spread,,,,,,,,,,
3w_aligned_onset,WELL-00022_20181020133850,WELL-00022,0,P-PDG,level,naive,adjusted,180,120,5,,,,,,,1,no_spread,,,,,,,,,,
3w_aligned_onset,WELL-00022_20181020133850,WELL-00022,0,P-PDG,level,naive,raw,180,120,0,,,,,,,1,no_spread,,,,,,,,,,
3w_aligned_onset,WELL-00022_20181020133850,WELL-00022,0,P-PDG,spread,block_bootstrap,adjusted,180,120,5,,,,,,,1,no_spread,,,,,,,,,,
3w_aligned_onset,WELL-00022_20181020133850,WELL-00022,0,P-PDG,spread,block_bootstrap,raw,180,120,0,,,,,,,1,no_spread,,,,,,,,,,
3w_aligned_onset,WELL-00022_20181020133850,WELL-00022,0,P-PDG,spread,naive,adjusted,180,120,5,,,,,,,1,no_spread,,,,,,,,,,
3w_aligned_onset,WELL-00022_20181020133850,WELL-00022,0,P-PDG,spread,naive,raw,180,120,0,,,,,,,1,no_spread,,,,,,,,,,
3w_aligned_onset,WELL-00022_20181020133850,WELL-00022,0,P-TPT,level,block_bootstrap,adjusted,180,120,4,,,,,,,1,covariate_outside,,,,,,1,1,,,
3w_aligned_onset,WELL-00022_20181020133850,WELL-00022,0,P-TPT,level,block_bootstrap,raw,180,120,0,1.8455,1.3847,2.6203,1.2356,0.0,1,0,,1.4829,0.8366,0.6913,20.3217,0,,,0,,
3w_aligned_onset,WELL-00022_20181020133850,WELL-00022,0,P-TPT,level,ewc,adjusted,180,120,4,,,,,,,1,covariate_outside,,,,,,1,1,,,
3w_aligned_onset,WELL-00022_20181020133850,WELL-00022,0,P-TPT,level,ewc,raw,180,120,0,1.8455,0.9344,2.7566,1.8222,0.0005,1,0,,1.4829,0.8366,0.6913,20.3217,0,,,0,,
3w_aligned_onset,WELL-00022_20181020133850,WELL-00022,0,P-TPT,level,hac,adjusted,180,120,4,,,,,,,1,covariate_outside,,,,,,1,1,,,
3w_aligned_onset,WELL-00022_20181020133850,WELL-00022,0,P-TPT,level,hac,raw,180,120,0,1.8455,1.1612,2.5297,1.3684,0.0,1,0,,1.4829,0.8366,0.6913,20.3217,0,,,0,,
3w_aligned_onset,WELL-00022_20181020133850,WELL-00022,0,P-TPT,level,naive,adjusted,180,120,4,,,,,,,1,covariate_outside,,,,,,1,1,,,
3w_aligned_onset,WELL-00022_20181020133850,WELL-00022,0,P-TPT,level,naive,raw,180,120,0,1.8455,1.5623,2.1287,0.5664,0.0,1,0,,1.4829,0.8366,0.6913,20.3217,0,,,0,,
3w_aligned_onset,WELL-00022_20181020133850,WELL-00022,0,P-TPT,spread,block_bootstrap,adjusted,180,120,4,,,,,,,1,covariate_outside,,,,,,1,1,,,
3w_aligned_onset,WELL-00022_20181020133850,WELL-00022,0,P-TPT,spread,block_bootstrap,raw,180,120,0,0.3045,0.1571,0.4607,0.3037,0.0,1,0,,1.4829,0.8366,0.6913,20.3217,0,,,0,,
3w_aligned_onset,WELL-00022_20181020133850,WELL-00022,0,P-TPT,spread,naive,adjusted,180,120,4,,,,,,,1,covariate_outside,,,,,,1,1,,,
3w_aligned_onset,WELL-00022_20181020133850,WELL-00022,0,P-TPT,spread,naive,raw,180,120,0,0.3045,0.1406,0.4685,0.3278,0.0003,1,0,,1.4829,0.8366,0.6913,20.3217,0,,,0,,
3w_aligned_onset,WELL-00022_20181020133850,WELL-00022,0,T-TPT,level,block_bootstrap,adjusted,180,120,4,,,,,,,1,covariate_outside,,,,,,1,1,,,
3w_aligned_onset,WELL-00022_20181020133850,WELL-00022,0,T-TPT,level,block_bootstrap,raw,180,120,0,-2.9691,-3.6093,-2.5252,1.0841,0.0,1,0,,-5.6799,0.8633,0.7354,23.1518,1,,,0,,
3w_aligned_onset,WELL-00022_20181020133850,WELL-00022,0,T-TPT,level,ewc,adjusted,180,120,4,,,,,,,1,covariate_outside,,,,,,1,1,,,
3w_aligned_onset,WELL-00022_20181020133850,WELL-00022,0,T-TPT,level,ewc,raw,180,120,0,-2.9691,-3.758,-2.1802,1.5778,0.0,1,0,,-5.6799,0.8633,0.7354,23.1518,1,,,0,,
3w_aligned_onset,WELL-00022_20181020133850,WELL-00022,0,T-TPT,level,hac,adjusted,180,120,4,,,,,,,1,covariate_outside,,,,,,1,1,,,
3w_aligned_onset,WELL-00022_20181020133850,WELL-00022,0,T-TPT,level,hac,raw,180,120,0,-2.9691,-3.6787,-2.2594,1.4193,0.0,1,0,,-5.6799,0.8633,0.7354,23.1518,1,,,0,,
3w_aligned_onset,WELL-00022_20181020133850,WELL-00022,0,T-TPT,level,naive,adjusted,180,120,4,,,,,,,1,covariate_outside,,,,,,1,1,,,
3w_aligned_onset,WELL-00022_20181020133850,WELL-00022,0,T-TPT,level,naive,raw,180,120,0,-2.9691,-3.1997,-2.7384,0.4613,0.0,1,0,,-5.6799,0.8633,0.7354,23.1518,1,,,0,,
3w_aligned_onset,WELL-00022_20181020133850,WELL-00022,0,T-TPT,spread,block_bootstrap,adjusted,180,120,4,,,,,,,1,covariate_outside,,,,,,1,1,,,
3w_aligned_onset,WELL-00022_20181020133850,WELL-00022,0,T-TPT,spread,block_bootstrap,raw,180,120,0,-0.0023,-0.4904,0.1843,0.6746,0.63,0,0,,-5.6799,0.8633,0.7354,23.1518,1,,,0,,
3w_aligned_onset,WELL-00022_20181020133850,WELL-00022,0,T-TPT,spread,naive,adjusted,180,120,4,,,,,,,1,covariate_outside,,,,,,1,1,,,
3w_aligned_onset,WELL-00022_20181020133850,WELL-00022,0,T-TPT,spread,naive,raw,180,120,0,-0.0023,-0.1662,0.1616,0.3278,0.9782,0,0,,-5.6799,0.8633,0.7354,23.1518,1,,,0,,
3w_aligned_onset,WELL-00022_20181026005827,WELL-00022,0,P-ANULAR,level,block_bootstrap,adjusted,180,120,4,,,,,,,1,covariate_outside,,,,,,1,1,,,
3w_aligned_onset,WELL-00022_20181026005827,WELL-00022,0,P-ANULAR,level,block_bootstrap,raw,180,120,0,0.3563,-0.1316,0.7179,0.8496,0.13,0,0,,5.3757,0.2587,0.4418,4.3627,1,,,0,,
3w_aligned_onset,WELL-00022_20181026005827,WELL-00022,0,P-ANULAR,level,ewc,adjusted,180,120,4,,,,,,,1,covariate_outside,,,,,,1,1,,,
3w_aligned_onset,WELL-00022_20181026005827,WELL-00022,0,P-ANULAR,level,ewc,raw,180,120,0,0.3563,-0.2059,0.9184,1.1243,0.1981,0,0,,5.3757,0.2587,0.4418,4.3627,1,,,0,,
3w_aligned_onset,WELL-00022_20181026005827,WELL-00022,0,P-ANULAR,level,hac,adjusted,180,120,4,,,,,,,1,covariate_outside,,,,,,1,1,,,
3w_aligned_onset,WELL-00022_20181026005827,WELL-00022,0,P-ANULAR,level,hac,raw,180,120,0,0.3563,-0.0124,0.725,0.7374,0.0582,0,0,,5.3757,0.2587,0.4418,4.3627,1,,,0,,
3w_aligned_onset,WELL-00022_20181026005827,WELL-00022,0,P-ANULAR,level,naive,adjusted,180,120,4,,,,,,,1,covariate_outside,,,,,,1,1,,,
3w_aligned_onset,WELL-00022_20181026005827,WELL-00022,0,P-ANULAR,level,naive,raw,180,120,0,0.3563,0.1139,0.5986,0.4847,0.004,1,0,,5.3757,0.2587,0.4418,4.3627,1,,,0,,
3w_aligned_onset,WELL-00022_20181026005827,WELL-00022,0,P-ANULAR,spread,block_bootstrap,adjusted,180,120,4,,,,,,,1,covariate_outside,,,,,,1,1,,,
3w_aligned_onset,WELL-00022_20181026005827,WELL-00022,0,P-ANULAR,spread,block_bootstrap,raw,180,120,0,0.0777,-0.1964,0.1928,0.3893,0.79,0,0,,5.3757,0.2587,0.4418,4.3627,1,,,0,,
3w_aligned_onset,WELL-00022_20181026005827,WELL-00022,0,P-ANULAR,spread,naive,adjusted,180,120,4,,,,,,,1,covariate_outside,,,,,,1,1,,,
3w_aligned_onset,WELL-00022_20181026005827,WELL-00022,0,P-ANULAR,spread,naive,raw,180,120,0,0.0777,-0.0862,0.2416,0.3278,0.353,0,0,,5.3757,0.2587,0.4418,4.3627,1,,,0,,
3w_aligned_onset,WELL-00022_20181026005827,WELL-00022,0,P-JUS-CKGL,level,block_bootstrap,adjusted,180,120,4,,,,,,,1,covariate_outside,,,,,,1,1,,,
3w_aligned_onset,WELL-00022_20181026005827,WELL-00022,0,P-JUS-CKGL,level,block_bootstrap,raw,180,120,0,-1.9606,-2.6818,-1.3315,1.3503,0.0,1,0,,8.634,0.967,0.969,62.1595,1,,,1,,
3w_aligned_onset,WELL-00022_20181026005827,WELL-00022,0,P-JUS-CKGL,level,ewc,adjusted,180,120,4,,,,,,,1,covariate_outside,,,,,,1,1,,,
3w_aligned_onset,WELL-00022_20181026005827,WELL-00022,0,P-JUS-CKGL,level,ewc,raw,180,120,0,-1.9606,-2.9606,-0.9606,2.0,0.0007,1,0,,8.634,0.967,0.969,62.1595,1,,,1,,
3w_aligned_onset,WELL-00022_20181026005827,WELL-00022,0,P-JUS-CKGL,level,hac,adjusted,180,120,4,,,,,,,1,covariate_outside,,,,,,1,1,,,
3w_aligned_onset,WELL-00022_20181026005827,WELL-00022,0,P-JUS-CKGL,level,hac,raw,180,120,0,-1.9606,-3.4217,-0.4994,2.9223,0.0085,1,0,,8.634,0.967,0.969,62.1595,1,,,1,,
3w_aligned_onset,WELL-00022_20181026005827,WELL-00022,0,P-JUS-CKGL,level,naive,adjusted,180,120,4,,,,,,,1,covariate_outside,,,,,,1,1,,,
3w_aligned_onset,WELL-00022_20181026005827,WELL-00022,0,P-JUS-CKGL,level,naive,raw,180,120,0,-1.9606,-2.2178,-1.7033,0.5144,0.0,1,0,,8.634,0.967,0.969,62.1595,1,,,1,,
3w_aligned_onset,WELL-00022_20181026005827,WELL-00022,0,P-JUS-CKGL,spread,block_bootstrap,adjusted,180,120,4,,,,,,,1,covariate_outside,,,,,,1,1,,,
3w_aligned_onset,WELL-00022_20181026005827,WELL-00022,0,P-JUS-CKGL,spread,block_bootstrap,raw,180,120,0,0.1683,-0.404,0.4534,0.8574,0.6,0,0,,8.634,0.967,0.969,62.1595,1,,,1,,
3w_aligned_onset,WELL-00022_20181026005827,WELL-00022,0,P-JUS-CKGL,spread,naive,adjusted,180,120,4,,,,,,,1,covariate_outside,,,,,,1,1,,,
3w_aligned_onset,WELL-00022_20181026005827,WELL-00022,0,P-JUS-CKGL,spread,naive,raw,180,120,0,0.1683,0.0043,0.3322,0.3278,0.0443,1,0,,8.634,0.967,0.969,62.1595,1,,,1,,
3w_aligned_onset,WELL-00022_20181026005827,WELL-00022,0,P-MON-CKP,level,block_bootstrap,adjusted,180,120,4,,,,,,,1,covariate_outside,,,,,,1,1,,,
3w_aligned_onset,WELL-00022_20181026005827,WELL-00022,0,P-MON-CKP,level,block_bootstrap,raw,180,120,0,0.0255,-0.0583,0.1377,0.1961,0.49,0,0,,-0.024,-0.078,-0.1112,1.8803,0,,,0,,
3w_aligned_onset,WELL-00022_20181026005827,WELL-00022,0,P-MON-CKP,level,ewc,adjusted,180,120,4,,,,,,,1,covariate_outside,,,,,,1,1,,,
3w_aligned_onset,WELL-00022_20181026005827,WELL-00022,0,P-MON-CKP,level,ewc,raw,180,120,0,0.0255,-0.0345,0.0856,0.1201,0.385,0,0,,-0.024,-0.078,-0.1112,1.8803,0,,,0,,
3w_aligned_onset,WELL-00022_20181026005827,WELL-00022,0,P-MON-CKP,level,hac,adjusted,180,120,4,,,,,,,1,covariate_outside,,,,,,1,1,,,
3w_aligned_onset,WELL-00022_20181026005827,WELL-00022,0,P-MON-CKP,level,hac,raw,180,120,0,0.0255,-0.1855,0.2366,0.4222,0.8125,0,0,,-0.024,-0.078,-0.1112,1.8803,0,,,0,,
3w_aligned_onset,WELL-00022_20181026005827,WELL-00022,0,P-MON-CKP,level,naive,adjusted,180,120,4,,,,,,,1,covariate_outside,,,,,,1,1,,,
3w_aligned_onset,WELL-00022_20181026005827,WELL-00022,0,P-MON-CKP,level,naive,raw,180,120,0,0.0255,-0.2006,0.2517,0.4522,0.8247,0,0,,-0.024,-0.078,-0.1112,1.8803,0,,,0,,
3w_aligned_onset,WELL-00022_20181026005827,WELL-00022,0,P-MON-CKP,spread,block_bootstrap,adjusted,180,120,4,,,,,,,1,covariate_outside,,,,,,1,1,,,
3w_aligned_onset,WELL-00022_20181026005827,WELL-00022,0,P-MON-CKP,spread,block_bootstrap,raw,180,120,0,-0.0361,-0.1896,0.0895,0.2791,0.5,0,0,,-0.024,-0.078,-0.1112,1.8803,0,,,0,,
3w_aligned_onset,WELL-00022_20181026005827,WELL-00022,0,P-MON-CKP,spread,naive,adjusted,180,120,4,,,,,,,1,covariate_outside,,,,,,1,1,,,
3w_aligned_onset,WELL-00022_20181026005827,WELL-00022,0,P-MON-CKP,spread,naive,raw,180,120,0,-0.0361,-0.2,0.1278,0.3278,0.6662,0,0,,-0.024,-0.078,-0.1112,1.8803,0,,,0,,
3w_aligned_onset,WELL-00022_20181026005827,WELL-00022,0,P-PDG,level,block_bootstrap,adjusted,180,120,5,,,,,,,1,no_spread,,,,,,,,,,
3w_aligned_onset,WELL-00022_20181026005827,WELL-00022,0,P-PDG,level,block_bootstrap,raw,180,120,0,,,,,,,1,no_spread,,,,,,,,,,
3w_aligned_onset,WELL-00022_20181026005827,WELL-00022,0,P-PDG,level,ewc,adjusted,180,120,5,,,,,,,1,no_spread,,,,,,,,,,
3w_aligned_onset,WELL-00022_20181026005827,WELL-00022,0,P-PDG,level,ewc,raw,180,120,0,,,,,,,1,no_spread,,,,,,,,,,
3w_aligned_onset,WELL-00022_20181026005827,WELL-00022,0,P-PDG,level,hac,adjusted,180,120,5,,,,,,,1,no_spread,,,,,,,,,,
3w_aligned_onset,WELL-00022_20181026005827,WELL-00022,0,P-PDG,level,hac,raw,180,120,0,,,,,,,1,no_spread,,,,,,,,,,
3w_aligned_onset,WELL-00022_20181026005827,WELL-00022,0,P-PDG,level,naive,adjusted,180,120,5,,,,,,,1,no_spread,,,,,,,,,,
3w_aligned_onset,WELL-00022_20181026005827,WELL-00022,0,P-PDG,level,naive,raw,180,120,0,,,,,,,1,no_spread,,,,,,,,,,
3w_aligned_onset,WELL-00022_20181026005827,WELL-00022,0,P-PDG,spread,block_bootstrap,adjusted,180,120,5,,,,,,,1,no_spread,,,,,,,,,,
3w_aligned_onset,WELL-00022_20181026005827,WELL-00022,0,P-PDG,spread,block_bootstrap,raw,180,120,0,,,,,,,1,no_spread,,,,,,,,,,
3w_aligned_onset,WELL-00022_20181026005827,WELL-00022,0,P-PDG,spread,naive,adjusted,180,120,5,,,,,,,1,no_spread,,,,,,,,,,
3w_aligned_onset,WELL-00022_20181026005827,WELL-00022,0,P-PDG,spread,naive,raw,180,120,0,,,,,,,1,no_spread,,,,,,,,,,
3w_aligned_onset,WELL-00022_20181026005827,WELL-00022,0,P-TPT,level,block_bootstrap,adjusted,180,120,4,,,,,,,1,covariate_outside,,,,,,1,1,,,
3w_aligned_onset,WELL-00022_20181026005827,WELL-00022,0,P-TPT,level,block_bootstrap,raw,180,120,0,1.4882,1.2436,1.7075,0.4639,0.0,1,0,,4.0706,0.201,0.3566,3.618,1,,,0,,
3w_aligned_onset,WELL-00022_20181026005827,WELL-00022,0,P-TPT,level,ewc,adjusted,180,120,4,,,,,,,1,covariate_outside,,,,,,1,1,,,
3w_aligned_onset,WELL-00022_20181026005827,WELL-00022,0,P-TPT,level,ewc,raw,180,120,0,1.4882,1.1532,1.8231,0.6699,0.0,1,0,,4.0706,0.201,0.3566,3.618,1,,,0,,
3w_aligned_onset,WELL-00022_20181026005827,WELL-00022,0,P-TPT,level,hac,adjusted,180,120,4,,,,,,,1,covariate_outside,,,,,,1,1,,,
3w_aligned_onset,WELL-00022_20181026005827,WELL-00022,0,P-TPT,level,hac,raw,180,120,0,1.4882,1.2768,1.6996,0.4228,0.0,1,0,,4.0706,0.201,0.3566,3.618,1,,,0,,
3w_aligned_onset,WELL-00022_20181026005827,WELL-00022,0,P-TPT,level,naive,adjusted,180,120,4,,,,,,,1,covariate_outside,,,,,,1,1,,,
3w_aligned_onset,WELL-00022_20181026005827,WELL-00022,0,P-TPT,level,naive,raw,180,120,0,1.4882,1.3032,1.6731,0.3699,0.0,1,0,,4.0706,0.201,0.3566,3.618,1,,,0,,
3w_aligned_onset,WELL-00022_20181026005827,WELL-00022,0,P-TPT,spread,block_bootstrap,adjusted,180,120,4,,,,,,,1,covariate_outside,,,,,,1,1,,,
3w_aligned_onset,WELL-00022_20181026005827,WELL-00022,0,P-TPT,spread,block_bootstrap,raw,180,120,0,-0.4556,-0.9337,-0.1367,0.797,0.01,1,0,,4.0706,0.201,0.3566,3.618,1,,,0,,
3w_aligned_onset,WELL-00022_20181026005827,WELL-00022,0,P-TPT,spread,naive,adjusted,180,120,4,,,,,,,1,covariate_outside,,,,,,1,1,,,
3w_aligned_onset,WELL-00022_20181026005827,WELL-00022,0,P-TPT,spread,naive,raw,180,120,0,-0.4556,-0.6195,-0.2917,0.3278,0.0,1,0,,4.0706,0.201,0.3566,3.618,1,,,0,,
3w_aligned_onset,WELL-00022_20181026005827,WELL-00022,0,T-TPT,level,block_bootstrap,adjusted,180,120,4,-17.0878,-19.3754,-14.9628,4.4126,0.0,1,0,,0.8924,0.2257,0.7056,3.9381,0,0,1,0,0.1021,0.9262
3w_aligned_onset,WELL-00022_20181026005827,WELL-00022,0,T-TPT,level,block_bootstrap,raw,180,120,0,-17.7717,-20.1711,-15.4858,4.6853,0.0,1,0,,3.9936,0.3007,0.7216,4.9053,1,,,0,,
3w_aligned_onset,WELL-00022_20181026005827,WELL-00022,0,T-TPT,level,ewc,adjusted,180,120,4,-17.0878,-20.177,-13.9986,6.1784,0.0,1,0,,0.8924,0.2257,0.7056,3.9381,0,0,1,0,0.1021,0.9262
3w_aligned_onset,WELL-00022_20181026005827,WELL-00022,0,T-TPT,level,ewc,raw,180,120,0,-17.7717,-21.0393,-14.5041,6.5352,0.0,1,0,,3.9936,0.3007,0.7216,4.9053,1,,,0,,
3w_aligned_onset,WELL-00022_20181026005827,WELL-00022,0,T-TPT,level,hac,adjusted,180,120,4,-17.0878,-19.4752,-14.7004,4.7748,0.0,1,0,,0.8924,0.2257,0.7056,3.9381,0,0,1,0,0.1021,0.9262
3w_aligned_onset,WELL-00022_20181026005827,WELL-00022,0,T-TPT,level,hac,raw,180,120,0,-17.7717,-20.3459,-15.1975,5.1484,0.0,1,0,,3.9936,0.3007,0.7216,4.9053,1,,,0,,
3w_aligned_onset,WELL-00022_20181026005827,WELL-00022,0,T-TPT,level,naive,adjusted,180,120,4,-17.0878,-18.026,-16.1496,1.8764,0.0,1,0,,0.8924,0.2257,0.7056,3.9381,0,0,1,0,0.1021,0.9262
3w_aligned_onset,WELL-00022_20181026005827,WELL-00022,0,T-TPT,level,naive,raw,180,120,0,-17.7717,-18.7468,-16.7965,1.9503,0.0,1,0,,3.9936,0.3007,0.7216,4.9053,1,,,0,,
3w_aligned_onset,WELL-00022_20181026005827,WELL-00022,0,T-TPT,spread,block_bootstrap,adjusted,180,120,4,1.6998,1.2308,2.1365,0.9056,0.0,1,0,,0.8924,0.2257,0.7056,3.9381,0,0,1,0,0.1021,0.9262
3w_aligned_onset,WELL-00022_20181026005827,WELL-00022,0,T-TPT,spread,block_bootstrap,raw,180,120,0,1.6843,1.2594,2.0621,0.8027,0.0,1,0,,3.9936,0.3007,0.7216,4.9053,1,,,0,,
3w_aligned_onset,WELL-00022_20181026005827,WELL-00022,0,T-TPT,spread,naive,adjusted,180,120,4,1.6998,1.5359,1.8638,0.3278,0.0,1,0,,0.8924,0.2257,0.7056,3.9381,0,0,1,0,0.1021,0.9262
3w_aligned_onset,WELL-00022_20181026005827,WELL-00022,0,T-TPT,spread,naive,raw,180,120,0,1.6843,1.5204,1.8482,0.3278,0.0,1,0,,3.9936,0.3007,0.7216,4.9053,1,,,0,,
3w_aligned_onset,WELL-00022_20181101193049,WELL-00022,0,P-ANULAR,level,block_bootstrap,adjusted,180,120,4,1.653,0.258,2.7951,2.5371,0.01,1,0,,0.7026,0.807,0.9647,17.9511,0,0,1,1,0.425,1.1727
3w_aligned_onset,WELL-00022_20181101193049,WELL-00022,0,P-ANULAR,level,block_bootstrap,raw,180,120,0,3.5092,2.0996,4.5545,2.4549,0.0,1,0,,2.2218,0.9276,0.973,36.2548,1,,,1,,
3w_aligned_onset,WELL-00022_20181101193049,WELL-00022,0,P-ANULAR,level,ewc,adjusted,180,120,4,1.653,-0.142,3.4479,3.5899,0.0673,0,0,,0.7026,0.807,0.9647,17.9511,0,0,1,1,0.425,1.1727
3w_aligned_onset,WELL-00022_20181101193049,WELL-00022,0,P-ANULAR,level,ewc,raw,180,120,0,3.5092,1.808,5.2104,3.4025,0.0008,1,0,,2.2218,0.9276,0.973,36.2548,1,,,1,,
3w_aligned_onset,WELL-00022_20181101193049,WELL-00022,0,P-ANULAR,level,hac,adjusted,180,120,4,1.653,-0.5192,3.8251,4.3443,0.1358,0,0,,0.7026,0.807,0.9647,17.9511,0,0,1,1,0.425,1.1727
3w_aligned_onset,WELL-00022_20181101193049,WELL-00022,0,P-ANULAR,level,hac,raw,180,120,0,3.5092,1.4013,5.6171,4.2157,0.0011,1,0,,2.2218,0.9276,0.973,36.2548,1,,,1,,
3w_aligned_onset,WELL-00022_20181101193049,WELL-00022,0,P-ANULAR,level,naive,adjusted,180,120,4,1.653,1.2006,2.1054,0.9048,0.0,1,0,,0.7026,0.807,0.9647,17.9511,0,0,1,1,0.425,1.1727
3w_aligned_onset,WELL-00022_20181101193049,WELL-00022,0,P-ANULAR,level,naive,raw,180,120,0,3.5092,3.0786,3.9398,0.8612,0.0,1,0,,2.2218,0.9276,0.973,36.2548,1,,,1,,
3w_aligned_onset,WELL-00022_20181101193049,WELL-00022,0,P-ANULAR,spread,block_bootstrap,adjusted,180,120,4,1.1735,0.7688,1.6702,0.9014,0.02,1,0,,0.7026,0.807,0.9647,17.9511,0,0,1,1,0.425,1.1727
3w_aligned_onset,WELL-00022_20181101193049,WELL-00022,0,P-ANULAR,spread,block_bootstrap,raw,180,120,0,0.8171,0.4136,2.6046,2.191,0.02,1,0,,2.2218,0.9276,0.973,36.2548,1,,,1,,
3w_aligned_onset,WELL-00022_20181101193049,WELL-00022,0,P-ANULAR,spread,naive,adjusted,180,120,4,1.1735,1.0095,1.3374,0.3278,0.0,1,0,,0.7026,0.807,0.9647,17.9511,0,0,1,1,0.425,1.1727
3w_aligned_onset,WELL-00022_20181101193049,WELL-00022,0,P-ANULAR,spread,naive,raw,180,120,0,0.8171,0.6531,0.981,0.3278,0.0,1,0,,2.2218,0.9276,0.973,36.2548,1,,,1,,
3w_aligned_onset,WELL-00022_20181101193049,WELL-00022,0,P-JUS-CKGL,level,block_bootstrap,adjusted,180,120,4,,,,,,,1,covariate_outside,,,,,,1,1,,,
3w_aligned_onset,WELL-00022_20181101193049,WELL-00022,0,P-JUS-CKGL,level,block_bootstrap,raw,180,120,0,-0.6057,-1.1805,-0.0167,1.1638,0.03,1,0,,-7.4666,0.9491,0.9327,46.2467,1,,,1,,
3w_aligned_onset,WELL-00022_20181101193049,WELL-00022,0,P-JUS-CKGL,level,ewc,adjusted,180,120,4,,,,,,,1,covariate_outside,,,,,,1,1,,,
3w_aligned_onset,WELL-00022_20181101193049,WELL-00022,0,P-JUS-CKGL,level,ewc,raw,180,120,0,-0.6057,-1.3952,0.1837,1.5789,0.1254,0,0,,-7.4666,0.9491,0.9327,46.2467,1,,,1,,
3w_aligned_onset,WELL-00022_20181101193049,WELL-00022,0,P-JUS-CKGL,level,hac,adjusted,180,120,4,,,,,,,1,covariate_outside,,,,,,1,1,,,
3w_aligned_onset,WELL-00022_20181101193049,WELL-00022,0,P-JUS-CKGL,level,hac,raw,180,120,0,-0.6057,-1.6205,0.409,2.0295,0.242,0,0,,-7.4666,0.9491,0.9327,46.2467,1,,,1,,
3w_aligned_onset,WELL-00022_20181101193049,WELL-00022,0,P-JUS-CKGL,level,naive,adjusted,180,120,4,,,,,,,1,covariate_outside,,,,,,1,1,,,
3w_aligned_onset,WELL-00022_20181101193049,WELL-00022,0,P-JUS-CKGL,level,naive,raw,180,120,0,-0.6057,-0.8163,-0.3952,0.4211,0.0,1,0,,-7.4666,0.9491,0.9327,46.2467,1,,,1,,
3w_aligned_onset,WELL-00022_20181101193049,WELL-00022,0,P-JUS-CKGL,spread,block_bootstrap,adjusted,180,120,4,,,,,,,1,covariate_outside,,,,,,1,1,,,
3w_aligned_onset,WELL-00022_20181101193049,WELL-00022,0,P-JUS-CKGL,spread,block_bootstrap,raw,180,120,0,-0.1657,-0.6538,0.0778,0.7316,0.13,0,0,,-7.4666,0.9491,0.9327,46.2467,1,,,1,,
3w_aligned_onset,WELL-00022_20181101193049,WELL-00022,0,P-JUS-CKGL,spread,naive,adjusted,180,120,4,,,,,,,1,covariate_outside,,,,,,1,1,,,
3w_aligned_onset,WELL-00022_20181101193049,WELL-00022,0,P-JUS-CKGL,spread,naive,raw,180,120,0,-0.1657,-0.3297,-0.0018,0.3278,0.0475,1,0,,-7.4666,0.9491,0.9327,46.2467,1,,,1,,
3w_aligned_onset,WELL-00022_20181101193049,WELL-00022,0,P-MON-CKP,level,block_bootstrap,adjusted,180,120,4,,,,,,,1,covariate_outside,,,,,,1,1,,,
3w_aligned_onset,WELL-00022_20181101193049,WELL-00022,0,P-MON-CKP,level,block_bootstrap,raw,180,120,0,0.1557,-0.0072,0.4091,0.4163,0.06,0,0,,0.8428,0.1912,0.01,3.4901,0,,,0,,
3w_aligned_onset,WELL-00022_20181101193049,WELL-00022,0,P-MON-CKP,level,ewc,adjusted,180,120,4,,,,,,,1,covariate_outside,,,,,,1,1,,,
3w_aligned_onset,WELL-00022_20181101193049,WELL-00022,0,P-MON-CKP,level,ewc,raw,180,120,0,0.1557,-0.1278,0.4392,0.567,0.2659,0,0,,0.8428,0.1912,0.01,3.4901,0,,,0,,
3w_aligned_onset,WELL-00022_20181101193049,WELL-00022,0,P-MON-CKP,level,hac,adjusted,180,120,4,,,,,,,1,covariate_outside,,,,,,1,1,,,
3w_aligned_onset,WELL-00022_20181101193049,WELL-00022,0,P-MON-CKP,level,hac,raw,180,120,0,0.1557,-0.0765,0.388,0.4645,0.1888,0,0,,0.8428,0.1912,0.01,3.4901,0,,,0,,
3w_aligned_onset,WELL-00022_20181101193049,WELL-00022,0,P-MON-CKP,level,naive,adjusted,180,120,4,,,,,,,1,covariate_outside,,,,,,1,1,,,
3w_aligned_onset,WELL-00022_20181101193049,WELL-00022,0,P-MON-CKP,level,naive,raw,180,120,0,0.1557,-0.0719,0.3834,0.4552,0.1799,0,0,,0.8428,0.1912,0.01,3.4901,0,,,0,,
3w_aligned_onset,WELL-00022_20181101193049,WELL-00022,0,P-MON-CKP,spread,block_bootstrap,adjusted,180,120,4,,,,,,,1,covariate_outside,,,,,,1,1,,,
3w_aligned_onset,WELL-00022_20181101193049,WELL-00022,0,P-MON-CKP,spread,block_bootstrap,raw,180,120,0,-0.0247,-0.1968,0.1951,0.3919,0.82,0,0,,0.8428,0.1912,0.01,3.4901,0,,,0,,
3w_aligned_onset,WELL-00022_20181101193049,WELL-00022,0,P-MON-CKP,spread,naive,adjusted,180,120,4,,,,,,,1,covariate_outside,,,,,,1,1,,,
3w_aligned_onset,WELL-00022_20181101193049,WELL-00022,0,P-MON-CKP,spread,naive,raw,180,120,0,-0.0247,-0.1886,0.1393,0.3278,0.768,0,0,,0.8428,0.1912,0.01,3.4901,0,,,0,,
3w_aligned_onset,WELL-00022_20181101193049,WELL-00022,0,P-PDG,level,block_bootstrap,adjusted,180,120,5,,,,,,,1,no_spread,,,,,,,,,,
3w_aligned_onset,WELL-00022_20181101193049,WELL-00022,0,P-PDG,level,block_bootstrap,raw,180,120,0,,,,,,,1,no_spread,,,,,,,,,,
3w_aligned_onset,WELL-00022_20181101193049,WELL-00022,0,P-PDG,level,ewc,adjusted,180,120,5,,,,,,,1,no_spread,,,,,,,,,,
3w_aligned_onset,WELL-00022_20181101193049,WELL-00022,0,P-PDG,level,ewc,raw,180,120,0,,,,,,,1,no_spread,,,,,,,,,,
3w_aligned_onset,WELL-00022_20181101193049,WELL-00022,0,P-PDG,level,hac,adjusted,180,120,5,,,,,,,1,no_spread,,,,,,,,,,
3w_aligned_onset,WELL-00022_20181101193049,WELL-00022,0,P-PDG,level,hac,raw,180,120,0,,,,,,,1,no_spread,,,,,,,,,,
3w_aligned_onset,WELL-00022_20181101193049,WELL-00022,0,P-PDG,level,naive,adjusted,180,120,5,,,,,,,1,no_spread,,,,,,,,,,
3w_aligned_onset,WELL-00022_20181101193049,WELL-00022,0,P-PDG,level,naive,raw,180,120,0,,,,,,,1,no_spread,,,,,,,,,,
3w_aligned_onset,WELL-00022_20181101193049,WELL-00022,0,P-PDG,spread,block_bootstrap,adjusted,180,120,5,,,,,,,1,no_spread,,,,,,,,,,
3w_aligned_onset,WELL-00022_20181101193049,WELL-00022,0,P-PDG,spread,block_bootstrap,raw,180,120,0,,,,,,,1,no_spread,,,,,,,,,,
3w_aligned_onset,WELL-00022_20181101193049,WELL-00022,0,P-PDG,spread,naive,adjusted,180,120,5,,,,,,,1,no_spread,,,,,,,,,,
3w_aligned_onset,WELL-00022_20181101193049,WELL-00022,0,P-PDG,spread,naive,raw,180,120,0,,,,,,,1,no_spread,,,,,,,,,,
3w_aligned_onset,WELL-00022_20181101193049,WELL-00022,0,P-TPT,level,block_bootstrap,adjusted,180,120,4,,,,,,,1,covariate_outside,,,,,,1,1,,,
3w_aligned_onset,WELL-00022_20181101193049,WELL-00022,0,P-TPT,level,block_bootstrap,raw,180,120,0,1.5179,1.0249,1.8269,0.802,0.0,1,0,,-3.1266,0.7921,0.1846,16.9637,1,,,0,,
3w_aligned_onset,WELL-00022_20181101193049,WELL-00022,0,P-TPT,level,ewc,adjusted,180,120,4,,,,,,,1,covariate_outside,,,,,,1,1,,,
3w_aligned_onset,WELL-00022_20181101193049,WELL-00022,0,P-TPT,level,ewc,raw,180,120,0,1.5179,0.9868,2.0489,1.0621,0.0,1,0,,-3.1266,0.7921,0.1846,16.9637,1,,,0,,
3w_aligned_onset,WELL-00022_20181101193049,WELL-00022,0,P-TPT,level,hac,adjusted,180,120,4,,,,,,,1,covariate_outside,,,,,,1,1,,,
3w_aligned_onset,WELL-00022_20181101193049,WELL-00022,0,P-TPT,level,hac,raw,180,120,0,1.5179,1.0581,1.9776,0.9195,0.0,1,0,,-3.1266,0.7921,0.1846,16.9637,1,,,0,,
3w_aligned_onset,WELL-00022_20181101193049,WELL-00022,0,P-TPT,level,naive,adjusted,180,120,4,,,,,,,1,covariate_outside,,,,,,1,1,,,
3w_aligned_onset,WELL-00022_20181101193049,WELL-00022,0,P-TPT,level,naive,raw,180,120,0,1.5179,1.3644,1.6713,0.3069,0.0,1,0,,-3.1266,0.7921,0.1846,16.9637,1,,,0,,
3w_aligned_onset,WELL-00022_20181101193049,WELL-00022,0,P-TPT,spread,block_bootstrap,adjusted,180,120,4,,,,,,,1,covariate_outside,,,,,,1,1,,,
3w_aligned_onset,WELL-00022_20181101193049,WELL-00022,0,P-TPT,spread,block_bootstrap,raw,180,120,0,-1.3386,-2.6798,-1.1917,1.4881,0.0,1,0,,-3.1266,0.7921,0.1846,16.9637,1,,,0,,
3w_aligned_onset,WELL-00022_20181101193049,WELL-00022,0,P-TPT,spread,naive,adjusted,180,120,4,,,,,,,1,covariate_outside,,,,,,1,1,,,
3w_aligned_onset,WELL-00022_20181101193049,WELL-00022,0,P-TPT,spread,naive,raw,180,120,0,-1.3386,-1.5025,-1.1747,0.3278,0.0,1,0,,-3.1266,0.7921,0.1846,16.9637,1,,,0,,
3w_aligned_onset,WELL-00022_20181101193049,WELL-00022,0,T-TPT,level,block_bootstrap,adjusted,180,120,4,,,,,,,1,covariate_outside,,,,,,1,1,,,
3w_aligned_onset,WELL-00022_20181101193049,WELL-00022,0,T-TPT,level,block_bootstrap,raw,180,120,0,1.3496,0.7253,1.8968,1.1715,0.0,1,0,,7.2886,0.9735,0.7449,72.1423,1,,,1,,
3w_aligned_onset,WELL-00022_20181101193049,WELL-00022,0,T-TPT,level,ewc,adjusted,180,120,4,,,,,,,1,covariate_outside,,,,,,1,1,,,
3w_aligned_onset,WELL-00022_20181101193049,WELL-00022,0,T-TPT,level,ewc,raw,180,120,0,1.3496,0.6174,2.0818,1.4644,0.001,1,0,,7.2886,0.9735,0.7449,72.1423,1,,,1,,
3w_aligned_onset,WELL-00022_20181101193049,WELL-00022,0,T-TPT,level,hac,adjusted,180,120,4,,,,,,,1,covariate_outside,,,,,,1,1,,,
3w_aligned_onset,WELL-00022_20181101193049,WELL-00022,0,T-TPT,level,hac,raw,180,120,0,1.3496,0.3391,2.3601,2.021,0.0089,1,0,,7.2886,0.9735,0.7449,72.1423,1,,,1,,
3w_aligned_onset,WELL-00022_20181101193049,WELL-00022,0,T-TPT,level,naive,adjusted,180,120,4,,,,,,,1,covariate_outside,,,,,,1,1,,,
3w_aligned_onset,WELL-00022_20181101193049,WELL-00022,0,T-TPT,level,naive,raw,180,120,0,1.3496,1.1413,1.5579,0.4166,0.0,1,0,,7.2886,0.9735,0.7449,72.1423,1,,,1,,
3w_aligned_onset,WELL-00022_20181101193049,WELL-00022,0,T-TPT,spread,block_bootstrap,adjusted,180,120,4,,,,,,,1,covariate_outside,,,,,,1,1,,,
3w_aligned_onset,WELL-00022_20181101193049,WELL-00022,0,T-TPT,spread,block_bootstrap,raw,180,120,0,-0.1863,-0.4054,-0.0118,0.3936,0.05,1,0,,7.2886,0.9735,0.7449,72.1423,1,,,1,,
3w_aligned_onset,WELL-00022_20181101193049,WELL-00022,0,T-TPT,spread,naive,adjusted,180,120,4,,,,,,,1,covariate_outside,,,,,,1,1,,,
3w_aligned_onset,WELL-00022_20181101193049,WELL-00022,0,T-TPT,spread,naive,raw,180,120,0,-0.1863,-0.3502,-0.0224,0.3278,0.0259,1,0,,7.2886,0.9735,0.7449,72.1423,1,,,1,,
3w_aligned_onset,WELL-00023_20180826212652,WELL-00023,0,P-ANULAR,level,block_bootstrap,adjusted,0,0,2,,,,,,,1,too_few,,,,,,,,,,
3w_aligned_onset,WELL-00023_20180826212652,WELL-00023,0,P-ANULAR,level,block_bootstrap,raw,0,0,0,,,,,,,1,too_few,,,,,,,,,,
3w_aligned_onset,WELL-00023_20180826212652,WELL-00023,0,P-ANULAR,level,ewc,adjusted,0,0,2,,,,,,,1,too_few,,,,,,,,,,
3w_aligned_onset,WELL-00023_20180826212652,WELL-00023,0,P-ANULAR,level,ewc,raw,0,0,0,,,,,,,1,too_few,,,,,,,,,,
3w_aligned_onset,WELL-00023_20180826212652,WELL-00023,0,P-ANULAR,level,hac,adjusted,0,0,2,,,,,,,1,too_few,,,,,,,,,,
3w_aligned_onset,WELL-00023_20180826212652,WELL-00023,0,P-ANULAR,level,hac,raw,0,0,0,,,,,,,1,too_few,,,,,,,,,,
3w_aligned_onset,WELL-00023_20180826212652,WELL-00023,0,P-ANULAR,level,naive,adjusted,0,0,2,,,,,,,1,too_few,,,,,,,,,,
3w_aligned_onset,WELL-00023_20180826212652,WELL-00023,0,P-ANULAR,level,naive,raw,0,0,0,,,,,,,1,too_few,,,,,,,,,,
3w_aligned_onset,WELL-00023_20180826212652,WELL-00023,0,P-ANULAR,spread,block_bootstrap,adjusted,0,0,2,,,,,,,1,too_few,,,,,,,,,,
3w_aligned_onset,WELL-00023_20180826212652,WELL-00023,0,P-ANULAR,spread,block_bootstrap,raw,0,0,0,,,,,,,1,too_few,,,,,,,,,,
3w_aligned_onset,WELL-00023_20180826212652,WELL-00023,0,P-ANULAR,spread,naive,adjusted,0,0,2,,,,,,,1,too_few,,,,,,,,,,
3w_aligned_onset,WELL-00023_20180826212652,WELL-00023,0,P-ANULAR,spread,naive,raw,0,0,0,,,,,,,1,too_few,,,,,,,,,,
3w_aligned_onset,WELL-00023_20180826212652,WELL-00023,0,P-JUS-CKGL,level,block_bootstrap,adjusted,180,120,1,-0.62,-1.1107,-0.2329,0.8778,0.0,1,0,,-10.4351,0.9589,0.6132,53.4725,1,0,0,1,0.0249,1.3876
3w_aligned_onset,WELL-00023_20180826212652,WELL-00023,0,P-JUS-CKGL,level,block_bootstrap,raw,180,120,0,-0.5902,-1.0897,-0.2078,0.8818,0.0,1,0,,-8.8825,0.991,1.0081,148.7181,1,,,1,,
3w_aligned_onset,WELL-00023_20180826212652,WELL-00023,0,P-JUS-CKGL,level,ewc,adjusted,180,120,1,-0.62,-1.2437,0.0037,1.2473,0.0512,0,0,,-10.4351,0.9589,0.6132,53.4725,1,0,0,1,0.0249,1.3876
3w_aligned_onset,WELL-00023_20180826212652,WELL-00023,0,P-JUS-CKGL,level,ewc,raw,180,120,0,-0.5902,-1.2304,0.05,1.2804,0.068,0,0,,-8.8825,0.991,1.0081,148.7181,1,,,1,,
3w_aligned_onset,WELL-00023_20180826212652,WELL-00023,0,P-JUS-CKGL,level,hac,adjusted,180,120,1,-0.62,-1.4543,0.2143,1.6686,0.1453,0,0,,-10.4351,0.9589,0.6132,53.4725,1,0,0,1,0.0249,1.3876
3w_aligned_onset,WELL-00023_20180826212652,WELL-00023,0,P-JUS-CKGL,level,hac,raw,180,120,0,-0.5902,-1.5073,0.327,1.8342,0.2072,0,0,,-8.8825,0.991,1.0081,148.7181,1,,,1,,
3w_aligned_onset,WELL-00023_20180826212652,WELL-00023,0,P-JUS-CKGL,level,naive,adjusted,180,120,1,-0.62,-0.7723,-0.4677,0.3046,0.0,1,0,,-10.4351,0.9589,0.6132,53.4725,1,0,0,1,0.0249,1.3876
3w_aligned_onset,WELL-00023_20180826212652,WELL-00023,0,P-JUS-CKGL,level,naive,raw,180,120,0,-0.5902,-0.742,-0.4383,0.3037,0.0,1,0,,-8.8825,0.991,1.0081,148.7181,1,,,1,,
3w_aligned_onset,WELL-00023_20180826212652,WELL-00023,0,P-JUS-CKGL,spread,block_bootstrap,adjusted,180,120,1,-1.2862,-1.547,-0.6939,0.8532,0.0,1,0,,-10.4351,0.9589,0.6132,53.4725,1,0,0,1,0.0249,1.3876
3w_aligned_onset,WELL-00023_20180826212652,WELL-00023,0,P-JUS-CKGL,spread,block_bootstrap,raw,180,120,0,-1.4626,-1.8647,-0.8893,0.9753,0.0,1,0,,-8.8825,0.991,1.0081,148.7181,1,,,1,,
3w_aligned_onset,WELL-00023_20180826212652,WELL-00023,0,P-JUS-CKGL,spread,naive,adjusted,180,120,1,-1.2862,-1.4501,-1.1223,0.3278,0.0,1,0,,-10.4351,0.9589,0.6132,53.4725,1,0,0,1,0.0249,1.3876
3w_aligned_onset,WELL-00023_20180826212652,WELL-00023,0,P-JUS-CKGL,spread,naive,raw,180,120,0,-1.4626,-1.6265,-1.2986,0.3278,0.0,1,0,,-8.8825,0.991,1.0081,148.7181,1,,,1,,
3w_aligned_onset,WELL-00023_20180826212652,WELL-00023,0,P-MON-CKP,level,block_bootstrap,adjusted,180,120,1,0.2823,0.1869,0.4023,0.2154,0.0,1,0,,0.2861,-0.2373,-0.1116,4.0879,0,0,0,0,0.0249,0.9964
3w_aligned_onset,WELL-00023_20180826212652,WELL-00023,0,P-MON-CKP,level,block_bootstrap,raw,180,120,0,0.1893,0.067,0.3275,0.2605,0.0,1,0,,-3.0566,-0.2074,-0.1056,3.7017,1,,,0,,
3w_aligned_onset,WELL-00023_20180826212652,WELL-00023,0,P-MON-CKP,level,ewc,adjusted,180,120,1,0.2823,0.1676,0.397,0.2294,0.0001,1,0,,0.2861,-0.2373,-0.1116,4.0879,0,0,0,0,0.0249,0.9964
3w_aligned_onset,WELL-00023_20180826212652,WELL-00023,0,P-MON-CKP,level,ewc,raw,180,120,0,0.1893,0.0363,0.3423,0.306,0.0178,1,0,,-3.0566,-0.2074,-0.1056,3.7017,1,,,0,,
3w_aligned_onset,WELL-00023_20180826212652,WELL-00023,0,P-MON-CKP,level,hac,adjusted,180,120,1,0.2823,0.0812,0.4835,0.4023,0.0059,1,0,,0.2861,-0.2373,-0.1116,4.0879,0,0,0,0,0.0249,0.9964
3w_aligned_onset,WELL-00023_20180826212652,WELL-00023,0,P-MON-CKP,level,hac,raw,180,120,0,0.1893,-0.0194,0.398,0.4174,0.0754,0,0,,-3.0566,-0.2074,-0.1056,3.7017,1,,,0,,
3w_aligned_onset,WELL-00023_20180826212652,WELL-00023,0,P-MON-CKP,level,naive,adjusted,180,120,1,0.2823,0.05,0.5147,0.4647,0.0172,1,0,,0.2861,-0.2373,-0.1116,4.0879,0,0,0,0,0.0249,0.9964
3w_aligned_onset,WELL-00023_20180826212652,WELL-00023,0,P-MON-CKP,level,naive,raw,180,120,0,0.1893,-0.0445,0.423,0.4675,0.1125,0,0,,-3.0566,-0.2074,-0.1056,3.7017,1,,,0,,
3w_aligned_onset,WELL-00023_20180826212652,WELL-00023,0,P-MON-CKP,spread,block_bootstrap,adjusted,180,120,1,0.0305,-0.1551,0.1335,0.2886,0.97,0,0,,0.2861,-0.2373,-0.1116,4.0879,0,0,0,0,0.0249,0.9964
3w_aligned_onset,WELL-00023_20180826212652,WELL-00023,0,P-MON-CKP,spread,block_bootstrap,raw,180,120,0,0.0198,-0.156,0.1266,0.2826,0.99,0,0,,-3.0566,-0.2074,-0.1056,3.7017,1,,,0,,
3w_aligned_onset,WELL-00023_20180826212652,WELL-00023,0,P-MON-CKP,spread,naive,adjusted,180,120,1,0.0305,-0.1334,0.1945,0.3278,0.715,0,0,,0.2861,-0.2373,-0.1116,4.0879,0,0,0,0,0.0249,0.9964
3w_aligned_onset,WELL-00023_20180826212652,WELL-00023,0,P-MON-CKP,spread,naive,raw,180,120,0,0.0198,-0.1442,0.1837,0.3278,0.8133,0,0,,-3.0566,-0.2074,-0.1056,3.7017,1,,,0,,
3w_aligned_onset,WELL-00023_20180826212652,WELL-00023,0,P-PDG,level,block_bootstrap,adjusted,0,0,2,,,,,,,1,too_few,,,,,,,,,,
3w_aligned_onset,WELL-00023_20180826212652,WELL-00023,0,P-PDG,level,block_bootstrap,raw,0,0,0,,,,,,,1,too_few,,,,,,,,,,
3w_aligned_onset,WELL-00023_20180826212652,WELL-00023,0,P-PDG,level,ewc,adjusted,0,0,2,,,,,,,1,too_few,,,,,,,,,,
3w_aligned_onset,WELL-00023_20180826212652,WELL-00023,0,P-PDG,level,ewc,raw,0,0,0,,,,,,,1,too_few,,,,,,,,,,
3w_aligned_onset,WELL-00023_20180826212652,WELL-00023,0,P-PDG,level,hac,adjusted,0,0,2,,,,,,,1,too_few,,,,,,,,,,
3w_aligned_onset,WELL-00023_20180826212652,WELL-00023,0,P-PDG,level,hac,raw,0,0,0,,,,,,,1,too_few,,,,,,,,,,
3w_aligned_onset,WELL-00023_20180826212652,WELL-00023,0,P-PDG,level,naive,adjusted,0,0,2,,,,,,,1,too_few,,,,,,,,,,
3w_aligned_onset,WELL-00023_20180826212652,WELL-00023,0,P-PDG,level,naive,raw,0,0,0,,,,,,,1,too_few,,,,,,,,,,
3w_aligned_onset,WELL-00023_20180826212652,WELL-00023,0,P-PDG,spread,block_bootstrap,adjusted,0,0,2,,,,,,,1,too_few,,,,,,,,,,
3w_aligned_onset,WELL-00023_20180826212652,WELL-00023,0,P-PDG,spread,block_bootstrap,raw,0,0,0,,,,,,,1,too_few,,,,,,,,,,
3w_aligned_onset,WELL-00023_20180826212652,WELL-00023,0,P-PDG,spread,naive,adjusted,0,0,2,,,,,,,1,too_few,,,,,,,,,,
3w_aligned_onset,WELL-00023_20180826212652,WELL-00023,0,P-PDG,spread,naive,raw,0,0,0,,,,,,,1,too_few,,,,,,,,,,
3w_aligned_onset,WELL-00023_20180826212652,WELL-00023,0,P-TPT,level,block_bootstrap,adjusted,0,0,2,,,,,,,1,too_few,,,,,,,,,,
3w_aligned_onset,WELL-00023_20180826212652,WELL-00023,0,P-TPT,level,block_bootstrap,raw,0,0,0,,,,,,,1,too_few,,,,,,,,,,
3w_aligned_onset,WELL-00023_20180826212652,WELL-00023,0,P-TPT,level,ewc,adjusted,0,0,2,,,,,,,1,too_few,,,,,,,,,,
3w_aligned_onset,WELL-00023_20180826212652,WELL-00023,0,P-TPT,level,ewc,raw,0,0,0,,,,,,,1,too_few,,,,,,,,,,
3w_aligned_onset,WELL-00023_20180826212652,WELL-00023,0,P-TPT,level,hac,adjusted,0,0,2,,,,,,,1,too_few,,,,,,,,,,
3w_aligned_onset,WELL-00023_20180826212652,WELL-00023,0,P-TPT,level,hac,raw,0,0,0,,,,,,,1,too_few,,,,,,,,,,
3w_aligned_onset,WELL-00023_20180826212652,WELL-00023,0,P-TPT,level,naive,adjusted,0,0,2,,,,,,,1,too_few,,,,,,,,,,
3w_aligned_onset,WELL-00023_20180826212652,WELL-00023,0,P-TPT,level,naive,raw,0,0,0,,,,,,,1,too_few,,,,,,,,,,
3w_aligned_onset,WELL-00023_20180826212652,WELL-00023,0,P-TPT,spread,block_bootstrap,adjusted,0,0,2,,,,,,,1,too_few,,,,,,,,,,
3w_aligned_onset,WELL-00023_20180826212652,WELL-00023,0,P-TPT,spread,block_bootstrap,raw,0,0,0,,,,,,,1,too_few,,,,,,,,,,
3w_aligned_onset,WELL-00023_20180826212652,WELL-00023,0,P-TPT,spread,naive,adjusted,0,0,2,,,,,,,1,too_few,,,,,,,,,,
3w_aligned_onset,WELL-00023_20180826212652,WELL-00023,0,P-TPT,spread,naive,raw,0,0,0,,,,,,,1,too_few,,,,,,,,,,
3w_aligned_onset,WELL-00023_20180826212652,WELL-00023,0,T-TPT,level,block_bootstrap,adjusted,0,0,2,,,,,,,1,too_few,,,,,,,,,,
3w_aligned_onset,WELL-00023_20180826212652,WELL-00023,0,T-TPT,level,block_bootstrap,raw,0,0,0,,,,,,,1,too_few,,,,,,,,,,
3w_aligned_onset,WELL-00023_20180826212652,WELL-00023,0,T-TPT,level,ewc,adjusted,0,0,2,,,,,,,1,too_few,,,,,,,,,,
3w_aligned_onset,WELL-00023_20180826212652,WELL-00023,0,T-TPT,level,ewc,raw,0,0,0,,,,,,,1,too_few,,,,,,,,,,
3w_aligned_onset,WELL-00023_20180826212652,WELL-00023,0,T-TPT,level,hac,adjusted,0,0,2,,,,,,,1,too_few,,,,,,,,,,
3w_aligned_onset,WELL-00023_20180826212652,WELL-00023,0,T-TPT,level,hac,raw,0,0,0,,,,,,,1,too_few,,,,,,,,,,
3w_aligned_onset,WELL-00023_20180826212652,WELL-00023,0,T-TPT,level,naive,adjusted,0,0,2,,,,,,,1,too_few,,,,,,,,,,
3w_aligned_onset,WELL-00023_20180826212652,WELL-00023,0,T-TPT,level,naive,raw,0,0,0,,,,,,,1,too_few,,,,,,,,,,
3w_aligned_onset,WELL-00023_20180826212652,WELL-00023,0,T-TPT,spread,block_bootstrap,adjusted,0,0,2,,,,,,,1,too_few,,,,,,,,,,
3w_aligned_onset,WELL-00023_20180826212652,WELL-00023,0,T-TPT,spread,block_bootstrap,raw,0,0,0,,,,,,,1,too_few,,,,,,,,,,
3w_aligned_onset,WELL-00023_20180826212652,WELL-00023,0,T-TPT,spread,naive,adjusted,0,0,2,,,,,,,1,too_few,,,,,,,,,,
3w_aligned_onset,WELL-00023_20180826212652,WELL-00023,0,T-TPT,spread,naive,raw,0,0,0,,,,,,,1,too_few,,,,,,,,,,
3w_aligned_onset,WELL-00023_20181014121654,WELL-00023,0,P-ANULAR,level,block_bootstrap,adjusted,0,0,2,,,,,,,1,too_few,,,,,,,,,,
3w_aligned_onset,WELL-00023_20181014121654,WELL-00023,0,P-ANULAR,level,block_bootstrap,raw,0,0,0,,,,,,,1,too_few,,,,,,,,,,
3w_aligned_onset,WELL-00023_20181014121654,WELL-00023,0,P-ANULAR,level,ewc,adjusted,0,0,2,,,,,,,1,too_few,,,,,,,,,,
3w_aligned_onset,WELL-00023_20181014121654,WELL-00023,0,P-ANULAR,level,ewc,raw,0,0,0,,,,,,,1,too_few,,,,,,,,,,
3w_aligned_onset,WELL-00023_20181014121654,WELL-00023,0,P-ANULAR,level,hac,adjusted,0,0,2,,,,,,,1,too_few,,,,,,,,,,
3w_aligned_onset,WELL-00023_20181014121654,WELL-00023,0,P-ANULAR,level,hac,raw,0,0,0,,,,,,,1,too_few,,,,,,,,,,
3w_aligned_onset,WELL-00023_20181014121654,WELL-00023,0,P-ANULAR,level,naive,adjusted,0,0,2,,,,,,,1,too_few,,,,,,,,,,
3w_aligned_onset,WELL-00023_20181014121654,WELL-00023,0,P-ANULAR,level,naive,raw,0,0,0,,,,,,,1,too_few,,,,,,,,,,
3w_aligned_onset,WELL-00023_20181014121654,WELL-00023,0,P-ANULAR,spread,block_bootstrap,adjusted,0,0,2,,,,,,,1,too_few,,,,,,,,,,
3w_aligned_onset,WELL-00023_20181014121654,WELL-00023,0,P-ANULAR,spread,block_bootstrap,raw,0,0,0,,,,,,,1,too_few,,,,,,,,,,
3w_aligned_onset,WELL-00023_20181014121654,WELL-00023,0,P-ANULAR,spread,naive,adjusted,0,0,2,,,,,,,1,too_few,,,,,,,,,,
3w_aligned_onset,WELL-00023_20181014121654,WELL-00023,0,P-ANULAR,spread,naive,raw,0,0,0,,,,,,,1,too_few,,,,,,,,,,
3w_aligned_onset,WELL-00023_20181014121654,WELL-00023,0,P-JUS-CKGL,level,block_bootstrap,adjusted,180,120,1,7.7861,7.1654,8.7746,1.6092,0.0,1,0,,9.7036,1.0052,0.9739,179.0,1,0,0,1,0.0055,1.0004
3w_aligned_onset,WELL-00023_20181014121654,WELL-00023,0,P-JUS-CKGL,level,block_bootstrap,raw,180,120,0,7.7686,7.1485,8.7664,1.6179,0.0,1,0,,9.8474,1.0092,0.9774,179.0,1,,,1,,
3w_aligned_onset,WELL-00023_20181014121654,WELL-00023,0,P-JUS-CKGL,level,ewc,adjusted,180,120,1,7.7861,6.5833,8.9888,2.4054,0.0,1,0,,9.7036,1.0052,0.9739,179.0,1,0,0,1,0.0055,1.0004
3w_aligned_onset,WELL-00023_20181014121654,WELL-00023,0,P-JUS-CKGL,level,ewc,raw,180,120,0,7.7686,6.5632,8.974,2.4108,0.0,1,0,,9.8474,1.0092,0.9774,179.0,1,,,1,,
3w_aligned_onset,WELL-00023_20181014121654,WELL-00023,0,P-JUS-CKGL,level,hac,adjusted,180,120,1,7.7861,6.2476,9.3245,3.0769,0.0,1,0,,9.7036,1.0052,0.9739,179.0,1,0,0,1,0.0055,1.0004
3w_aligned_onset,WELL-00023_20181014121654,WELL-00023,0,P-JUS-CKGL,level,hac,raw,180,120,0,7.7686,6.2593,9.2778,3.0185,0.0,1,0,,9.8474,1.0092,0.9774,179.0,1,,,1,,
3w_aligned_onset,WELL-00023_20181014121654,WELL-00023,0,P-JUS-CKGL,level,naive,adjusted,180,120,1,7.7861,7.4841,8.088,0.6039,0.0,1,0,,9.7036,1.0052,0.9739,179.0,1,0,0,1,0.0055,1.0004
3w_aligned_onset,WELL-00023_20181014121654,WELL-00023,0,P-JUS-CKGL,level,naive,raw,180,120,0,7.7686,7.4665,8.0707,0.6042,0.0,1,0,,9.8474,1.0092,0.9774,179.0,1,,,1,,
3w_aligned_onset,WELL-00023_20181014121654,WELL-00023,0,P-JUS-CKGL,spread,block_bootstrap,adjusted,180,120,1,0.3937,-0.1843,0.9566,1.1408,0.14,0,0,,9.7036,1.0052,0.9739,179.0,1,0,0,1,0.0055,1.0004
3w_aligned_onset,WELL-00023_20181014121654,WELL-00023,0,P-JUS-CKGL,spread,block_bootstrap,raw,180,120,0,0.3907,-0.1663,0.9615,1.1278,0.14,0,0,,9.8474,1.0092,0.9774,179.0,1,,,1,,
3w_aligned_onset,WELL-00023_20181014121654,WELL-00023,0,P-JUS-CKGL,spread,naive,adjusted,180,120,1,0.3937,0.2297,0.5576,0.3278,0.0,1,0,,9.7036,1.0052,0.9739,179.0,1,0,0,1,0.0055,1.0004
3w_aligned_onset,WELL-00023_20181014121654,WELL-00023,0,P-JUS-CKGL,spread,naive,raw,180,120,0,0.3907,0.2268,0.5546,0.3278,0.0,1,0,,9.8474,1.0092,0.9774,179.0,1,,,1,,
3w_aligned_onset,WELL-00023_20181014121654,WELL-00023,0,P-MON-CKP,level,block_bootstrap,adjusted,180,120,1,,,,,,,1,covariate_outside,,,,,,1,1,,,
3w_aligned_onset,WELL-00023_20181014121654,WELL-00023,0,P-MON-CKP,level,block_bootstrap,raw,180,120,0,0.235,-0.1089,0.6739,0.7828,0.27,0,0,,-0.5345,-0.0524,0.2142,1.4401,0,,,0,,
3w_aligned_onset,WELL-00023_20181014121654,WELL-00023,0,P-MON-CKP,level,ewc,adjusted,180,120,1,,,,,,,1,covariate_outside,,,,,,1,1,,,
3w_aligned_onset,WELL-00023_20181014121654,WELL-00023,0,P-MON-CKP,level,ewc,raw,180,120,0,0.235,-0.2518,0.7217,0.9735,0.311,0,0,,-0.5345,-0.0524,0.2142,1.4401,0,,,0,,
3w_aligned_onset,WELL-00023_20181014121654,WELL-00023,0,P-MON-CKP,level,hac,adjusted,180,120,1,,,,,,,1,covariate_outside,,,,,,1,1,,,
3w_aligned_onset,WELL-00023_20181014121654,WELL-00023,0,P-MON-CKP,level,hac,raw,180,120,0,0.235,-0.0779,0.5479,0.6258,0.141,0,0,,-0.5345,-0.0524,0.2142,1.4401,0,,,0,,
3w_aligned_onset,WELL-00023_20181014121654,WELL-00023,0,P-MON-CKP,level,naive,adjusted,180,120,1,,,,,,,1,covariate_outside,,,,,,1,1,,,
3w_aligned_onset,WELL-00023_20181014121654,WELL-00023,0,P-MON-CKP,level,naive,raw,180,120,0,0.235,-0.0392,0.5091,0.5483,0.093,0,0,,-0.5345,-0.0524,0.2142,1.4401,0,,,0,,
3w_aligned_onset,WELL-00023_20181014121654,WELL-00023,0,P-MON-CKP,spread,block_bootstrap,adjusted,180,120,1,,,,,,,1,covariate_outside,,,,,,1,1,,,
3w_aligned_onset,WELL-00023_20181014121654,WELL-00023,0,P-MON-CKP,spread,block_bootstrap,raw,180,120,0,0.2598,-0.0138,0.4847,0.4985,0.07,0,0,,-0.5345,-0.0524,0.2142,1.4401,0,,,0,,
3w_aligned_onset,WELL-00023_20181014121654,WELL-00023,0,P-MON-CKP,spread,naive,adjusted,180,120,1,,,,,,,1,covariate_outside,,,,,,1,1,,,
3w_aligned_onset,WELL-00023_20181014121654,WELL-00023,0,P-MON-CKP,spread,naive,raw,180,120,0,0.2598,0.0959,0.4237,0.3278,0.0019,1,0,,-0.5345,-0.0524,0.2142,1.4401,0,,,0,,
3w_aligned_onset,WELL-00023_20181014121654,WELL-00023,0,P-PDG,level,block_bootstrap,adjusted,0,0,2,,,,,,,1,too_few,,,,,,,,,,
3w_aligned_onset,WELL-00023_20181014121654,WELL-00023,0,P-PDG,level,block_bootstrap,raw,0,0,0,,,,,,,1,too_few,,,,,,,,,,
3w_aligned_onset,WELL-00023_20181014121654,WELL-00023,0,P-PDG,level,ewc,adjusted,0,0,2,,,,,,,1,too_few,,,,,,,,,,
3w_aligned_onset,WELL-00023_20181014121654,WELL-00023,0,P-PDG,level,ewc,raw,0,0,0,,,,,,,1,too_few,,,,,,,,,,
3w_aligned_onset,WELL-00023_20181014121654,WELL-00023,0,P-PDG,level,hac,adjusted,0,0,2,,,,,,,1,too_few,,,,,,,,,,
3w_aligned_onset,WELL-00023_20181014121654,WELL-00023,0,P-PDG,level,hac,raw,0,0,0,,,,,,,1,too_few,,,,,,,,,,
3w_aligned_onset,WELL-00023_20181014121654,WELL-00023,0,P-PDG,level,naive,adjusted,0,0,2,,,,,,,1,too_few,,,,,,,,,,
3w_aligned_onset,WELL-00023_20181014121654,WELL-00023,0,P-PDG,level,naive,raw,0,0,0,,,,,,,1,too_few,,,,,,,,,,
3w_aligned_onset,WELL-00023_20181014121654,WELL-00023,0,P-PDG,spread,block_bootstrap,adjusted,0,0,2,,,,,,,1,too_few,,,,,,,,,,
3w_aligned_onset,WELL-00023_20181014121654,WELL-00023,0,P-PDG,spread,block_bootstrap,raw,0,0,0,,,,,,,1,too_few,,,,,,,,,,
3w_aligned_onset,WELL-00023_20181014121654,WELL-00023,0,P-PDG,spread,naive,adjusted,0,0,2,,,,,,,1,too_few,,,,,,,,,,
3w_aligned_onset,WELL-00023_20181014121654,WELL-00023,0,P-PDG,spread,naive,raw,0,0,0,,,,,,,1,too_few,,,,,,,,,,
3w_aligned_onset,WELL-00023_20181014121654,WELL-00023,0,P-TPT,level,block_bootstrap,adjusted,0,0,2,,,,,,,1,too_few,,,,,,,,,,
3w_aligned_onset,WELL-00023_20181014121654,WELL-00023,0,P-TPT,level,block_bootstrap,raw,0,0,0,,,,,,,1,too_few,,,,,,,,,,
3w_aligned_onset,WELL-00023_20181014121654,WELL-00023,0,P-TPT,level,ewc,adjusted,0,0,2,,,,,,,1,too_few,,,,,,,,,,
3w_aligned_onset,WELL-00023_20181014121654,WELL-00023,0,P-TPT,level,ewc,raw,0,0,0,,,,,,,1,too_few,,,,,,,,,,
3w_aligned_onset,WELL-00023_20181014121654,WELL-00023,0,P-TPT,level,hac,adjusted,0,0,2,,,,,,,1,too_few,,,,,,,,,,
3w_aligned_onset,WELL-00023_20181014121654,WELL-00023,0,P-TPT,level,hac,raw,0,0,0,,,,,,,1,too_few,,,,,,,,,,
3w_aligned_onset,WELL-00023_20181014121654,WELL-00023,0,P-TPT,level,naive,adjusted,0,0,2,,,,,,,1,too_few,,,,,,,,,,
3w_aligned_onset,WELL-00023_20181014121654,WELL-00023,0,P-TPT,level,naive,raw,0,0,0,,,,,,,1,too_few,,,,,,,,,,
3w_aligned_onset,WELL-00023_20181014121654,WELL-00023,0,P-TPT,spread,block_bootstrap,adjusted,0,0,2,,,,,,,1,too_few,,,,,,,,,,
3w_aligned_onset,WELL-00023_20181014121654,WELL-00023,0,P-TPT,spread,block_bootstrap,raw,0,0,0,,,,,,,1,too_few,,,,,,,,,,
3w_aligned_onset,WELL-00023_20181014121654,WELL-00023,0,P-TPT,spread,naive,adjusted,0,0,2,,,,,,,1,too_few,,,,,,,,,,
3w_aligned_onset,WELL-00023_20181014121654,WELL-00023,0,P-TPT,spread,naive,raw,0,0,0,,,,,,,1,too_few,,,,,,,,,,
3w_aligned_onset,WELL-00023_20181014121654,WELL-00023,0,T-TPT,level,block_bootstrap,adjusted,180,120,2,,,,,,,1,no_spread,,,,,,,,,,
3w_aligned_onset,WELL-00023_20181014121654,WELL-00023,0,T-TPT,level,block_bootstrap,raw,180,120,0,,,,,,,1,no_spread,,,,,,,,,,
3w_aligned_onset,WELL-00023_20181014121654,WELL-00023,0,T-TPT,level,ewc,adjusted,180,120,2,,,,,,,1,no_spread,,,,,,,,,,
3w_aligned_onset,WELL-00023_20181014121654,WELL-00023,0,T-TPT,level,ewc,raw,180,120,0,,,,,,,1,no_spread,,,,,,,,,,
3w_aligned_onset,WELL-00023_20181014121654,WELL-00023,0,T-TPT,level,hac,adjusted,180,120,2,,,,,,,1,no_spread,,,,,,,,,,
3w_aligned_onset,WELL-00023_20181014121654,WELL-00023,0,T-TPT,level,hac,raw,180,120,0,,,,,,,1,no_spread,,,,,,,,,,
3w_aligned_onset,WELL-00023_20181014121654,WELL-00023,0,T-TPT,level,naive,adjusted,180,120,2,,,,,,,1,no_spread,,,,,,,,,,
3w_aligned_onset,WELL-00023_20181014121654,WELL-00023,0,T-TPT,level,naive,raw,180,120,0,,,,,,,1,no_spread,,,,,,,,,,
3w_aligned_onset,WELL-00023_20181014121654,WELL-00023,0,T-TPT,spread,block_bootstrap,adjusted,180,120,2,,,,,,,1,no_spread,,,,,,,,,,
3w_aligned_onset,WELL-00023_20181014121654,WELL-00023,0,T-TPT,spread,block_bootstrap,raw,180,120,0,,,,,,,1,no_spread,,,,,,,,,,
3w_aligned_onset,WELL-00023_20181014121654,WELL-00023,0,T-TPT,spread,naive,adjusted,180,120,2,,,,,,,1,no_spread,,,,,,,,,,
3w_aligned_onset,WELL-00023_20181014121654,WELL-00023,0,T-TPT,spread,naive,raw,180,120,0,,,,,,,1,no_spread,,,,,,,,,,
3w_aligned_onset,WELL-00023_20181019115124,WELL-00023,0,P-ANULAR,level,block_bootstrap,adjusted,0,0,2,,,,,,,1,too_few,,,,,,,,,,
3w_aligned_onset,WELL-00023_20181019115124,WELL-00023,0,P-ANULAR,level,block_bootstrap,raw,0,0,0,,,,,,,1,too_few,,,,,,,,,,
3w_aligned_onset,WELL-00023_20181019115124,WELL-00023,0,P-ANULAR,level,ewc,adjusted,0,0,2,,,,,,,1,too_few,,,,,,,,,,
3w_aligned_onset,WELL-00023_20181019115124,WELL-00023,0,P-ANULAR,level,ewc,raw,0,0,0,,,,,,,1,too_few,,,,,,,,,,
3w_aligned_onset,WELL-00023_20181019115124,WELL-00023,0,P-ANULAR,level,hac,adjusted,0,0,2,,,,,,,1,too_few,,,,,,,,,,
3w_aligned_onset,WELL-00023_20181019115124,WELL-00023,0,P-ANULAR,level,hac,raw,0,0,0,,,,,,,1,too_few,,,,,,,,,,
3w_aligned_onset,WELL-00023_20181019115124,WELL-00023,0,P-ANULAR,level,naive,adjusted,0,0,2,,,,,,,1,too_few,,,,,,,,,,
3w_aligned_onset,WELL-00023_20181019115124,WELL-00023,0,P-ANULAR,level,naive,raw,0,0,0,,,,,,,1,too_few,,,,,,,,,,
3w_aligned_onset,WELL-00023_20181019115124,WELL-00023,0,P-ANULAR,spread,block_bootstrap,adjusted,0,0,2,,,,,,,1,too_few,,,,,,,,,,
3w_aligned_onset,WELL-00023_20181019115124,WELL-00023,0,P-ANULAR,spread,block_bootstrap,raw,0,0,0,,,,,,,1,too_few,,,,,,,,,,
3w_aligned_onset,WELL-00023_20181019115124,WELL-00023,0,P-ANULAR,spread,naive,adjusted,0,0,2,,,,,,,1,too_few,,,,,,,,,,
3w_aligned_onset,WELL-00023_20181019115124,WELL-00023,0,P-ANULAR,spread,naive,raw,0,0,0,,,,,,,1,too_few,,,,,,,,,,
3w_aligned_onset,WELL-00023_20181019115124,WELL-00023,0,P-JUS-CKGL,level,block_bootstrap,adjusted,180,120,1,2.3538,1.9085,2.8193,0.9108,0.0,1,0,,2.4107,1.0109,0.838,179.0,1,0,1,1,0.0054,1.2412
3w_aligned_onset,WELL-00023_20181019115124,WELL-00023,0,P-JUS-CKGL,level,block_bootstrap,raw,180,120,0,2.3987,1.9412,2.8531,0.9119,0.0,1,0,,2.4315,1.0177,0.9856,179.0,1,,,1,,
3w_aligned_onset,WELL-00023_20181019115124,WELL-00023,0,P-JUS-CKGL,level,ewc,adjusted,180,120,1,2.3538,1.7144,2.9931,1.2786,0.0,1,0,,2.4107,1.0109,0.838,179.0,1,0,1,1,0.0054,1.2412
3w_aligned_onset,WELL-00023_20181019115124,WELL-00023,0,P-JUS-CKGL,level,ewc,raw,180,120,0,2.3987,1.7577,3.0396,1.2819,0.0,1,0,,2.4315,1.0177,0.9856,179.0,1,,,1,,
3w_aligned_onset,WELL-00023_20181019115124,WELL-00023,0,P-JUS-CKGL,level,hac,adjusted,180,120,1,2.3538,1.7742,2.9333,1.1591,0.0,1,0,,2.4107,1.0109,0.838,179.0,1,0,1,1,0.0054,1.2412
3w_aligned_onset,WELL-00023_20181019115124,WELL-00023,0,P-JUS-CKGL,level,hac,raw,180,120,0,2.3987,1.8039,2.9935,1.1896,0.0,1,0,,2.4315,1.0177,0.9856,179.0,1,,,1,,
3w_aligned_onset,WELL-00023_20181019115124,WELL-00023,0,P-JUS-CKGL,level,naive,adjusted,180,120,1,2.3538,2.2003,2.5072,0.3068,0.0,1,0,,2.4107,1.0109,0.838,179.0,1,0,1,1,0.0054,1.2412
3w_aligned_onset,WELL-00023_20181019115124,WELL-00023,0,P-JUS-CKGL,level,naive,raw,180,120,0,2.3987,2.2464,2.551,0.3047,0.0,1,0,,2.4315,1.0177,0.9856,179.0,1,,,1,,
3w_aligned_onset,WELL-00023_20181019115124,WELL-00023,0,P-JUS-CKGL,spread,block_bootstrap,adjusted,180,120,1,-1.3115,-1.7915,-0.5604,1.231,0.0,1,0,,2.4107,1.0109,0.838,179.0,1,0,1,1,0.0054,1.2412
3w_aligned_onset,WELL-00023_20181019115124,WELL-00023,0,P-JUS-CKGL,spread,block_bootstrap,raw,180,120,0,-1.4222,-1.9206,-0.6675,1.253,0.0,1,0,,2.4315,1.0177,0.9856,179.0,1,,,1,,
3w_aligned_onset,WELL-00023_20181019115124,WELL-00023,0,P-JUS-CKGL,spread,naive,adjusted,180,120,1,-1.3115,-1.4754,-1.1476,0.3278,0.0,1,0,,2.4107,1.0109,0.838,179.0,1,0,1,1,0.0054,1.2412
3w_aligned_onset,WELL-00023_20181019115124,WELL-00023,0,P-JUS-CKGL,spread,naive,raw,180,120,0,-1.4222,-1.5861,-1.2583,0.3278,0.0,1,0,,2.4315,1.0177,0.9856,179.0,1,,,1,,
3w_aligned_onset,WELL-00023_20181019115124,WELL-00023,0,P-MON-CKP,level,block_bootstrap,adjusted,180,120,1,0.4362,0.1644,0.6873,0.5229,0.0,1,0,,0.8521,-0.1788,-0.128,3.3281,0,0,1,0,0.0054,1.0025
3w_aligned_onset,WELL-00023_20181019115124,WELL-00023,0,P-MON-CKP,level,block_bootstrap,raw,180,120,0,0.6122,0.3222,0.8653,0.5431,0.0,1,0,,1.6181,-0.1724,-0.1311,3.2431,0,,,0,,
3w_aligned_onset,WELL-00023_20181019115124,WELL-00023,0,P-MON-CKP,level,ewc,adjusted,180,120,1,0.4362,0.0394,0.8331,0.7937,0.0344,1,0,,0.8521,-0.1788,-0.128,3.3281,0,0,1,0,0.0054,1.0025
3w_aligned_onset,WELL-00023_20181019115124,WELL-00023,0,P-MON-CKP,level,ewc,raw,180,120,0,0.6122,0.2177,1.0068,0.7891,0.0063,1,0,,1.6181,-0.1724,-0.1311,3.2431,0,,,0,,
3w_aligned_onset,WELL-00023_20181019115124,WELL-00023,0,P-MON-CKP,level,hac,adjusted,180,120,1,0.4362,0.1815,0.691,0.5096,0.0008,1,0,,0.8521,-0.1788,-0.128,3.3281,0,0,1,0,0.0054,1.0025
3w_aligned_onset,WELL-00023_20181019115124,WELL-00023,0,P-MON-CKP,level,hac,raw,180,120,0,0.6122,0.3567,0.8677,0.511,0.0,1,0,,1.6181,-0.1724,-0.1311,3.2431,0,,,0,,
3w_aligned_onset,WELL-00023_20181019115124,WELL-00023,0,P-MON-CKP,level,naive,adjusted,180,120,1,0.4362,0.1543,0.7182,0.5639,0.0024,1,0,,0.8521,-0.1788,-0.128,3.3281,0,0,1,0,0.0054,1.0025
3w_aligned_onset,WELL-00023_20181019115124,WELL-00023,0,P-MON-CKP,level,naive,raw,180,120,0,0.6122,0.3303,0.8941,0.5638,0.0,1,0,,1.6181,-0.1724,-0.1311,3.2431,0,,,0,,
3w_aligned_onset,WELL-00023_20181019115124,WELL-00023,0,P-MON-CKP,spread,block_bootstrap,adjusted,180,120,1,0.3023,0.0734,0.4633,0.3899,0.01,1,0,,0.8521,-0.1788,-0.128,3.3281,0,0,1,0,0.0054,1.0025
3w_aligned_onset,WELL-00023_20181019115124,WELL-00023,0,P-MON-CKP,spread,block_bootstrap,raw,180,120,0,0.2983,0.0701,0.4576,0.3875,0.01,1,0,,1.6181,-0.1724,-0.1311,3.2431,0,,,0,,
3w_aligned_onset,WELL-00023_20181019115124,WELL-00023,0,P-MON-CKP,spread,naive,adjusted,180,120,1,0.3023,0.1383,0.4662,0.3278,0.0003,1,0,,0.8521,-0.1788,-0.128,3.3281,0,0,1,0,0.0054,1.0025
3w_aligned_onset,WELL-00023_20181019115124,WELL-00023,0,P-MON-CKP,spread,naive,raw,180,120,0,0.2983,0.1344,0.4622,0.3278,0.0004,1,0,,1.6181,-0.1724,-0.1311,3.2431,0,,,0,,
3w_aligned_onset,WELL-00023_20181019115124,WELL-00023,0,P-PDG,level,block_bootstrap,adjusted,0,0,2,,,,,,,1,too_few,,,,,,,,,,
3w_aligned_onset,WELL-00023_20181019115124,WELL-00023,0,P-PDG,level,block_bootstrap,raw,0,0,0,,,,,,,1,too_few,,,,,,,,,,
3w_aligned_onset,WELL-00023_20181019115124,WELL-00023,0,P-PDG,level,ewc,adjusted,0,0,2,,,,,,,1,too_few,,,,,,,,,,
3w_aligned_onset,WELL-00023_20181019115124,WELL-00023,0,P-PDG,level,ewc,raw,0,0,0,,,,,,,1,too_few,,,,,,,,,,
3w_aligned_onset,WELL-00023_20181019115124,WELL-00023,0,P-PDG,level,hac,adjusted,0,0,2,,,,,,,1,too_few,,,,,,,,,,
3w_aligned_onset,WELL-00023_20181019115124,WELL-00023,0,P-PDG,level,hac,raw,0,0,0,,,,,,,1,too_few,,,,,,,,,,
3w_aligned_onset,WELL-00023_20181019115124,WELL-00023,0,P-PDG,level,naive,adjusted,0,0,2,,,,,,,1,too_few,,,,,,,,,,
3w_aligned_onset,WELL-00023_20181019115124,WELL-00023,0,P-PDG,level,naive,raw,0,0,0,,,,,,,1,too_few,,,,,,,,,,
3w_aligned_onset,WELL-00023_20181019115124,WELL-00023,0,P-PDG,spread,block_bootstrap,adjusted,0,0,2,,,,,,,1,too_few,,,,,,,,,,
3w_aligned_onset,WELL-00023_20181019115124,WELL-00023,0,P-PDG,spread,block_bootstrap,raw,0,0,0,,,,,,,1,too_few,,,,,,,,,,
3w_aligned_onset,WELL-00023_20181019115124,WELL-00023,0,P-PDG,spread,naive,adjusted,0,0,2,,,,,,,1,too_few,,,,,,,,,,
3w_aligned_onset,WELL-00023_20181019115124,WELL-00023,0,P-PDG,spread,naive,raw,0,0,0,,,,,,,1,too_few,,,,,,,,,,
3w_aligned_onset,WELL-00023_20181019115124,WELL-00023,0,P-TPT,level,block_bootstrap,adjusted,0,0,2,,,,,,,1,too_few,,,,,,,,,,
3w_aligned_onset,WELL-00023_20181019115124,WELL-00023,0,P-TPT,level,block_bootstrap,raw,0,0,0,,,,,,,1,too_few,,,,,,,,,,
3w_aligned_onset,WELL-00023_20181019115124,WELL-00023,0,P-TPT,level,ewc,adjusted,0,0,2,,,,,,,1,too_few,,,,,,,,,,
3w_aligned_onset,WELL-00023_20181019115124,WELL-00023,0,P-TPT,level,ewc,raw,0,0,0,,,,,,,1,too_few,,,,,,,,,,
3w_aligned_onset,WELL-00023_20181019115124,WELL-00023,0,P-TPT,level,hac,adjusted,0,0,2,,,,,,,1,too_few,,,,,,,,,,
3w_aligned_onset,WELL-00023_20181019115124,WELL-00023,0,P-TPT,level,hac,raw,0,0,0,,,,,,,1,too_few,,,,,,,,,,
3w_aligned_onset,WELL-00023_20181019115124,WELL-00023,0,P-TPT,level,naive,adjusted,0,0,2,,,,,,,1,too_few,,,,,,,,,,
3w_aligned_onset,WELL-00023_20181019115124,WELL-00023,0,P-TPT,level,naive,raw,0,0,0,,,,,,,1,too_few,,,,,,,,,,
3w_aligned_onset,WELL-00023_20181019115124,WELL-00023,0,P-TPT,spread,block_bootstrap,adjusted,0,0,2,,,,,,,1,too_few,,,,,,,,,,
3w_aligned_onset,WELL-00023_20181019115124,WELL-00023,0,P-TPT,spread,block_bootstrap,raw,0,0,0,,,,,,,1,too_few,,,,,,,,,,
3w_aligned_onset,WELL-00023_20181019115124,WELL-00023,0,P-TPT,spread,naive,adjusted,0,0,2,,,,,,,1,too_few,,,,,,,,,,
3w_aligned_onset,WELL-00023_20181019115124,WELL-00023,0,P-TPT,spread,naive,raw,0,0,0,,,,,,,1,too_few,,,,,,,,,,
3w_aligned_onset,WELL-00023_20181019115124,WELL-00023,0,T-TPT,level,block_bootstrap,adjusted,180,120,2,,,,,,,1,no_spread,,,,,,,,,,
3w_aligned_onset,WELL-00023_20181019115124,WELL-00023,0,T-TPT,level,block_bootstrap,raw,180,120,0,,,,,,,1,no_spread,,,,,,,,,,
3w_aligned_onset,WELL-00023_20181019115124,WELL-00023,0,T-TPT,level,ewc,adjusted,180,120,2,,,,,,,1,no_spread,,,,,,,,,,
3w_aligned_onset,WELL-00023_20181019115124,WELL-00023,0,T-TPT,level,ewc,raw,180,120,0,,,,,,,1,no_spread,,,,,,,,,,
3w_aligned_onset,WELL-00023_20181019115124,WELL-00023,0,T-TPT,level,hac,adjusted,180,120,2,,,,,,,1,no_spread,,,,,,,,,,
3w_aligned_onset,WELL-00023_20181019115124,WELL-00023,0,T-TPT,level,hac,raw,180,120,0,,,,,,,1,no_spread,,,,,,,,,,
3w_aligned_onset,WELL-00023_20181019115124,WELL-00023,0,T-TPT,level,naive,adjusted,180,120,2,,,,,,,1,no_spread,,,,,,,,,,
3w_aligned_onset,WELL-00023_20181019115124,WELL-00023,0,T-TPT,level,naive,raw,180,120,0,,,,,,,1,no_spread,,,,,,,,,,
3w_aligned_onset,WELL-00023_20181019115124,WELL-00023,0,T-TPT,spread,block_bootstrap,adjusted,180,120,2,,,,,,,1,no_spread,,,,,,,,,,
3w_aligned_onset,WELL-00023_20181019115124,WELL-00023,0,T-TPT,spread,block_bootstrap,raw,180,120,0,,,,,,,1,no_spread,,,,,,,,,,
3w_aligned_onset,WELL-00023_20181019115124,WELL-00023,0,T-TPT,spread,naive,adjusted,180,120,2,,,,,,,1,no_spread,,,,,,,,,,
3w_aligned_onset,WELL-00023_20181019115124,WELL-00023,0,T-TPT,spread,naive,raw,180,120,0,,,,,,,1,no_spread,,,,,,,,,,
3w_aligned_onset,WELL-00023_20181030045054,WELL-00023,0,P-ANULAR,level,block_bootstrap,adjusted,0,0,2,,,,,,,1,too_few,,,,,,,,,,
3w_aligned_onset,WELL-00023_20181030045054,WELL-00023,0,P-ANULAR,level,block_bootstrap,raw,0,0,0,,,,,,,1,too_few,,,,,,,,,,
3w_aligned_onset,WELL-00023_20181030045054,WELL-00023,0,P-ANULAR,level,ewc,adjusted,0,0,2,,,,,,,1,too_few,,,,,,,,,,
3w_aligned_onset,WELL-00023_20181030045054,WELL-00023,0,P-ANULAR,level,ewc,raw,0,0,0,,,,,,,1,too_few,,,,,,,,,,
3w_aligned_onset,WELL-00023_20181030045054,WELL-00023,0,P-ANULAR,level,hac,adjusted,0,0,2,,,,,,,1,too_few,,,,,,,,,,
3w_aligned_onset,WELL-00023_20181030045054,WELL-00023,0,P-ANULAR,level,hac,raw,0,0,0,,,,,,,1,too_few,,,,,,,,,,
3w_aligned_onset,WELL-00023_20181030045054,WELL-00023,0,P-ANULAR,level,naive,adjusted,0,0,2,,,,,,,1,too_few,,,,,,,,,,
3w_aligned_onset,WELL-00023_20181030045054,WELL-00023,0,P-ANULAR,level,naive,raw,0,0,0,,,,,,,1,too_few,,,,,,,,,,
3w_aligned_onset,WELL-00023_20181030045054,WELL-00023,0,P-ANULAR,spread,block_bootstrap,adjusted,0,0,2,,,,,,,1,too_few,,,,,,,,,,
3w_aligned_onset,WELL-00023_20181030045054,WELL-00023,0,P-ANULAR,spread,block_bootstrap,raw,0,0,0,,,,,,,1,too_few,,,,,,,,,,
3w_aligned_onset,WELL-00023_20181030045054,WELL-00023,0,P-ANULAR,spread,naive,adjusted,0,0,2,,,,,,,1,too_few,,,,,,,,,,
3w_aligned_onset,WELL-00023_20181030045054,WELL-00023,0,P-ANULAR,spread,naive,raw,0,0,0,,,,,,,1,too_few,,,,,,,,,,
3w_aligned_onset,WELL-00023_20181030045054,WELL-00023,0,P-JUS-CKGL,level,block_bootstrap,adjusted,180,120,1,-0.8179,-1.034,-0.6489,0.3851,0.0,1,0,,-0.3204,0.2816,0.3556,4.6569,0,0,0,0,0.0018,0.9994
3w_aligned_onset,WELL-00023_20181030045054,WELL-00023,0,P-JUS-CKGL,level,block_bootstrap,raw,180,120,0,-0.8238,-1.0349,-0.6511,0.3839,0.0,1,0,,-0.3489,0.2797,0.367,4.6331,0,,,0,,
3w_aligned_onset,WELL-00023_20181030045054,WELL-00023,0,P-JUS-CKGL,level,ewc,adjusted,180,120,1,-0.8179,-1.0005,-0.6353,0.3652,0.0,1,0,,-0.3204,0.2816,0.3556,4.6569,0,0,0,0,0.0018,0.9994
3w_aligned_onset,WELL-00023_20181030045054,WELL-00023,0,P-JUS-CKGL,level,ewc,raw,180,120,0,-0.8238,-1.0052,-0.6424,0.3628,0.0,1,0,,-0.3489,0.2797,0.367,4.6331,0,,,0,,
3w_aligned_onset,WELL-00023_20181030045054,WELL-00023,0,P-JUS-CKGL,level,hac,adjusted,180,120,1,-0.8179,-1.0863,-0.5496,0.5367,0.0,1,0,,-0.3204,0.2816,0.3556,4.6569,0,0,0,0,0.0018,0.9994
3w_aligned_onset,WELL-00023_20181030045054,WELL-00023,0,P-JUS-CKGL,level,hac,raw,180,120,0,-0.8238,-1.0932,-0.5544,0.5387,0.0,1,0,,-0.3489,0.2797,0.367,4.6331,0,,,0,,
3w_aligned_onset,WELL-00023_20181030045054,WELL-00023,0,P-JUS-CKGL,level,naive,adjusted,180,120,1,-0.8179,-1.0384,-0.5974,0.441,0.0,1,0,,-0.3204,0.2816,0.3556,4.6569,0,0,0,0,0.0018,0.9994
3w_aligned_onset,WELL-00023_20181030045054,WELL-00023,0,P-JUS-CKGL,level,naive,raw,180,120,0,-0.8238,-1.0444,-0.6032,0.4413,0.0,1,0,,-0.3489,0.2797,0.367,4.6331,0,,,0,,
3w_aligned_onset,WELL-00023_20181030045054,WELL-00023,0,P-JUS-CKGL,spread,block_bootstrap,adjusted,180,120,1,-0.0783,-0.2433,0.0244,0.2677,0.14,0,0,,-0.3204,0.2816,0.3556,4.6569,0,0,0,0,0.0018,0.9994
3w_aligned_onset,WELL-00023_20181030045054,WELL-00023,0,P-JUS-CKGL,spread,block_bootstrap,raw,180,120,0,-0.0789,-0.2427,0.0235,0.2662,0.14,0,0,,-0.3489,0.2797,0.367,4.6331,0,,,0,,
3w_aligned_onset,WELL-00023_20181030045054,WELL-00023,0,P-JUS-CKGL,spread,naive,adjusted,180,120,1,-0.0783,-0.2422,0.0856,0.3278,0.3492,0,0,,-0.3204,0.2816,0.3556,4.6569,0,0,0,0,0.0018,0.9994
3w_aligned_onset,WELL-00023_20181030045054,WELL-00023,0,P-JUS-CKGL,spread,naive,raw,180,120,0,-0.0789,-0.2428,0.085,0.3278,0.3453,0,0,,-0.3489,0.2797,0.367,4.6331,0,,,0,,
3w_aligned_onset,WELL-00023_20181030045054,WELL-00023,0,P-MON-CKP,level,block_bootstrap,adjusted,180,120,1,0.1041,-0.0794,0.2788,0.3583,0.4,0,0,,1.0248,-0.1296,-0.0838,2.6576,0,0,1,0,0.0018,0.9988
3w_aligned_onset,WELL-00023_20181030045054,WELL-00023,0,P-MON-CKP,level,block_bootstrap,raw,180,120,0,0.1389,-0.0415,0.3112,0.3526,0.12,0,0,,1.0453,-0.1315,-0.0785,2.6839,0,,,0,,
3w_aligned_onset,WELL-00023_20181030045054,WELL-00023,0,P-MON-CKP,level,ewc,adjusted,180,120,1,0.1041,-0.0305,0.2386,0.2691,0.1213,0,0,,1.0248,-0.1296,-0.0838,2.6576,0,0,1,0,0.0018,0.9988
3w_aligned_onset,WELL-00023_20181030045054,WELL-00023,0,P-MON-CKP,level,ewc,raw,180,120,0,0.1389,0.0059,0.2719,0.266,0.0416,1,0,,1.0453,-0.1315,-0.0785,2.6839,0,,,0,,
3w_aligned_onset,WELL-00023_20181030045054,WELL-00023,0,P-MON-CKP,level,hac,adjusted,180,120,1,0.1041,-0.1581,0.3663,0.5244,0.4367,0,0,,1.0248,-0.1296,-0.0838,2.6576,0,0,1,0,0.0018,0.9988
3w_aligned_onset,WELL-00023_20181030045054,WELL-00023,0,P-MON-CKP,level,hac,raw,180,120,0,0.1389,-0.1242,0.4021,0.5263,0.3007,0,0,,1.0453,-0.1315,-0.0785,2.6839,0,,,0,,
3w_aligned_onset,WELL-00023_20181030045054,WELL-00023,0,P-MON-CKP,level,naive,adjusted,180,120,1,0.1041,-0.1746,0.3827,0.5572,0.4642,0,0,,1.0248,-0.1296,-0.0838,2.6576,0,0,1,0,0.0018,0.9988
3w_aligned_onset,WELL-00023_20181030045054,WELL-00023,0,P-MON-CKP,level,naive,raw,180,120,0,0.1389,-0.1399,0.4177,0.5576,0.3287,0,0,,1.0453,-0.1315,-0.0785,2.6839,0,,,0,,
3w_aligned_onset,WELL-00023_20181030045054,WELL-00023,0,P-MON-CKP,spread,block_bootstrap,adjusted,180,120,1,0.2834,0.1004,0.4442,0.3438,0.0,1,0,,1.0248,-0.1296,-0.0838,2.6576,0,0,1,0,0.0018,0.9988
3w_aligned_onset,WELL-00023_20181030045054,WELL-00023,0,P-MON-CKP,spread,block_bootstrap,raw,180,120,0,0.2831,0.0974,0.4472,0.3498,0.0,1,0,,1.0453,-0.1315,-0.0785,2.6839,0,,,0,,
3w_aligned_onset,WELL-00023_20181030045054,WELL-00023,0,P-MON-CKP,spread,naive,adjusted,180,120,1,0.2834,0.1195,0.4473,0.3278,0.0007,1,0,,1.0248,-0.1296,-0.0838,2.6576,0,0,1,0,0.0018,0.9988
3w_aligned_onset,WELL-00023_20181030045054,WELL-00023,0,P-MON-CKP,spread,naive,raw,180,120,0,0.2831,0.1192,0.447,0.3278,0.0007,1,0,,1.0453,-0.1315,-0.0785,2.6839,0,,,0,,
3w_aligned_onset,WELL-00023_20181030045054,WELL-00023,0,P-PDG,level,block_bootstrap,adjusted,0,0,2,,,,,,,1,too_few,,,,,,,,,,
3w_aligned_onset,WELL-00023_20181030045054,WELL-00023,0,P-PDG,level,block_bootstrap,raw,0,0,0,,,,,,,1,too_few,,,,,,,,,,
3w_aligned_onset,WELL-00023_20181030045054,WELL-00023,0,P-PDG,level,ewc,adjusted,0,0,2,,,,,,,1,too_few,,,,,,,,,,
3w_aligned_onset,WELL-00023_20181030045054,WELL-00023,0,P-PDG,level,ewc,raw,0,0,0,,,,,,,1,too_few,,,,,,,,,,
3w_aligned_onset,WELL-00023_20181030045054,WELL-00023,0,P-PDG,level,hac,adjusted,0,0,2,,,,,,,1,too_few,,,,,,,,,,
3w_aligned_onset,WELL-00023_20181030045054,WELL-00023,0,P-PDG,level,hac,raw,0,0,0,,,,,,,1,too_few,,,,,,,,,,
3w_aligned_onset,WELL-00023_20181030045054,WELL-00023,0,P-PDG,level,naive,adjusted,0,0,2,,,,,,,1,too_few,,,,,,,,,,
3w_aligned_onset,WELL-00023_20181030045054,WELL-00023,0,P-PDG,level,naive,raw,0,0,0,,,,,,,1,too_few,,,,,,,,,,
3w_aligned_onset,WELL-00023_20181030045054,WELL-00023,0,P-PDG,spread,block_bootstrap,adjusted,0,0,2,,,,,,,1,too_few,,,,,,,,,,
3w_aligned_onset,WELL-00023_20181030045054,WELL-00023,0,P-PDG,spread,block_bootstrap,raw,0,0,0,,,,,,,1,too_few,,,,,,,,,,
3w_aligned_onset,WELL-00023_20181030045054,WELL-00023,0,P-PDG,spread,naive,adjusted,0,0,2,,,,,,,1,too_few,,,,,,,,,,
3w_aligned_onset,WELL-00023_20181030045054,WELL-00023,0,P-PDG,spread,naive,raw,0,0,0,,,,,,,1,too_few,,,,,,,,,,
3w_aligned_onset,WELL-00023_20181030045054,WELL-00023,0,P-TPT,level,block_bootstrap,adjusted,0,0,2,,,,,,,1,too_few,,,,,,,,,,
3w_aligned_onset,WELL-00023_20181030045054,WELL-00023,0,P-TPT,level,block_bootstrap,raw,0,0,0,,,,,,,1,too_few,,,,,,,,,,
3w_aligned_onset,WELL-00023_20181030045054,WELL-00023,0,P-TPT,level,ewc,adjusted,0,0,2,,,,,,,1,too_few,,,,,,,,,,
3w_aligned_onset,WELL-00023_20181030045054,WELL-00023,0,P-TPT,level,ewc,raw,0,0,0,,,,,,,1,too_few,,,,,,,,,,
3w_aligned_onset,WELL-00023_20181030045054,WELL-00023,0,P-TPT,level,hac,adjusted,0,0,2,,,,,,,1,too_few,,,,,,,,,,
3w_aligned_onset,WELL-00023_20181030045054,WELL-00023,0,P-TPT,level,hac,raw,0,0,0,,,,,,,1,too_few,,,,,,,,,,
3w_aligned_onset,WELL-00023_20181030045054,WELL-00023,0,P-TPT,level,naive,adjusted,0,0,2,,,,,,,1,too_few,,,,,,,,,,
3w_aligned_onset,WELL-00023_20181030045054,WELL-00023,0,P-TPT,level,naive,raw,0,0,0,,,,,,,1,too_few,,,,,,,,,,
3w_aligned_onset,WELL-00023_20181030045054,WELL-00023,0,P-TPT,spread,block_bootstrap,adjusted,0,0,2,,,,,,,1,too_few,,,,,,,,,,
3w_aligned_onset,WELL-00023_20181030045054,WELL-00023,0,P-TPT,spread,block_bootstrap,raw,0,0,0,,,,,,,1,too_few,,,,,,,,,,
3w_aligned_onset,WELL-00023_20181030045054,WELL-00023,0,P-TPT,spread,naive,adjusted,0,0,2,,,,,,,1,too_few,,,,,,,,,,
3w_aligned_onset,WELL-00023_20181030045054,WELL-00023,0,P-TPT,spread,naive,raw,0,0,0,,,,,,,1,too_few,,,,,,,,,,
3w_aligned_onset,WELL-00023_20181030045054,WELL-00023,0,T-TPT,level,block_bootstrap,adjusted,180,120,2,,,,,,,1,no_spread,,,,,,,,,,
3w_aligned_onset,WELL-00023_20181030045054,WELL-00023,0,T-TPT,level,block_bootstrap,raw,180,120,0,,,,,,,1,no_spread,,,,,,,,,,
3w_aligned_onset,WELL-00023_20181030045054,WELL-00023,0,T-TPT,level,ewc,adjusted,180,120,2,,,,,,,1,no_spread,,,,,,,,,,
3w_aligned_onset,WELL-00023_20181030045054,WELL-00023,0,T-TPT,level,ewc,raw,180,120,0,,,,,,,1,no_spread,,,,,,,,,,
3w_aligned_onset,WELL-00023_20181030045054,WELL-00023,0,T-TPT,level,hac,adjusted,180,120,2,,,,,,,1,no_spread,,,,,,,,,,
3w_aligned_onset,WELL-00023_20181030045054,WELL-00023,0,T-TPT,level,hac,raw,180,120,0,,,,,,,1,no_spread,,,,,,,,,,
3w_aligned_onset,WELL-00023_20181030045054,WELL-00023,0,T-TPT,level,naive,adjusted,180,120,2,,,,,,,1,no_spread,,,,,,,,,,
3w_aligned_onset,WELL-00023_20181030045054,WELL-00023,0,T-TPT,level,naive,raw,180,120,0,,,,,,,1,no_spread,,,,,,,,,,
3w_aligned_onset,WELL-00023_20181030045054,WELL-00023,0,T-TPT,spread,block_bootstrap,adjusted,180,120,2,,,,,,,1,no_spread,,,,,,,,,,
3w_aligned_onset,WELL-00023_20181030045054,WELL-00023,0,T-TPT,spread,block_bootstrap,raw,180,120,0,,,,,,,1,no_spread,,,,,,,,,,
3w_aligned_onset,WELL-00023_20181030045054,WELL-00023,0,T-TPT,spread,naive,adjusted,180,120,2,,,,,,,1,no_spread,,,,,,,,,,
3w_aligned_onset,WELL-00023_20181030045054,WELL-00023,0,T-TPT,spread,naive,raw,180,120,0,,,,,,,1,no_spread,,,,,,,,,,
3w_aligned_onset,WELL-00024_20160712123044,WELL-00024,0,P-ANULAR,level,block_bootstrap,adjusted,180,120,2,3.22,2.9558,3.6856,0.7298,0.0,1,0,,-6.4218,0.4917,0.4817,7.6866,1,0,1,0,0.0074,0.9581
3w_aligned_onset,WELL-00024_20160712123044,WELL-00024,0,P-ANULAR,level,block_bootstrap,raw,180,120,0,3.1279,2.8507,3.5998,0.7491,0.0,1,0,,-6.6902,0.4996,0.4932,7.822,1,,,0,,
3w_aligned_onset,WELL-00024_20160712123044,WELL-00024,0,P-ANULAR,level,ewc,adjusted,180,120,2,3.22,2.6861,3.754,1.0678,0.0,1,0,,-6.4218,0.4917,0.4817,7.6866,1,0,1,0,0.0074,0.9581
3w_aligned_onset,WELL-00024_20160712123044,WELL-00024,0,P-ANULAR,level,ewc,raw,180,120,0,3.1279,2.5795,3.6763,1.0968,0.0,1,0,,-6.6902,0.4996,0.4932,7.822,1,,,0,,
3w_aligned_onset,WELL-00024_20160712123044,WELL-00024,0,P-ANULAR,level,hac,adjusted,180,120,2,3.22,2.8582,3.5819,0.7236,0.0,1,0,,-6.4218,0.4917,0.4817,7.6866,1,0,1,0,0.0074,0.9581
3w_aligned_onset,WELL-00024_20160712123044,WELL-00024,0,P-ANULAR,level,hac,raw,180,120,0,3.1279,2.756,3.4999,0.7439,0.0,1,0,,-6.6902,0.4996,0.4932,7.822,1,,,0,,
3w_aligned_onset,WELL-00024_20160712123044,WELL-00024,0,P-ANULAR,level,naive,adjusted,180,120,2,3.22,3.0223,3.4178,0.3955,0.0,1,0,,-6.4218,0.4917,0.4817,7.6866,1,0,1,0,0.0074,0.9581
3w_aligned_onset,WELL-00024_20160712123044,WELL-00024,0,P-ANULAR,level,naive,raw,180,120,0,3.1279,2.9278,3.328,0.4002,0.0,1,0,,-6.6902,0.4996,0.4932,7.822,1,,,0,,
3w_aligned_onset,WELL-00024_20160712123044,WELL-00024,0,P-ANULAR,spread,block_bootstrap,adjusted,180,120,2,-0.2866,-0.5992,-0.0671,0.5321,0.0,1,0,,-6.4218,0.4917,0.4817,7.6866,1,0,1,0,0.0074,0.9581
3w_aligned_onset,WELL-00024_20160712123044,WELL-00024,0,P-ANULAR,spread,block_bootstrap,raw,180,120,0,-0.269,-0.5892,-0.0654,0.5238,0.01,1,0,,-6.6902,0.4996,0.4932,7.822,1,,,0,,
3w_aligned_onset,WELL-00024_20160712123044,WELL-00024,0,P-ANULAR,spread,naive,adjusted,180,120,2,-0.2866,-0.4506,-0.1227,0.3278,0.0006,1,0,,-6.4218,0.4917,0.4817,7.6866,1,0,1,0,0.0074,0.9581
3w_aligned_onset,WELL-00024_20160712123044,WELL-00024,0,P-ANULAR,spread,naive,raw,180,120,0,-0.269,-0.4329,-0.105,0.3278,0.0013,1,0,,-6.6902,0.4996,0.4932,7.822,1,,,0,,
3w_aligned_onset,WELL-00024_20160712123044,WELL-00024,0,P-JUS-CKGL,level,block_bootstrap,adjusted,180,120,2,,,,,,,1,covariate_outside,,,,,,1,1,,,
3w_aligned_onset,WELL-00024_20160712123044,WELL-00024,0,P-JUS-CKGL,level,block_bootstrap,raw,180,120,0,-1.1231,-1.5577,-0.5829,0.9748,0.0,1,0,,-0.0903,0.7899,0.8948,16.8247,0,,,1,,
3w_aligned_onset,WELL-00024_20160712123044,WELL-00024,0,P-JUS-CKGL,level,ewc,adjusted,180,120,2,,,,,,,1,covariate_outside,,,,,,1,1,,,
3w_aligned_onset,WELL-00024_20160712123044,WELL-00024,0,P-JUS-CKGL,level,ewc,raw,180,120,0,-1.1231,-1.7795,-0.4666,1.3128,0.0019,1,0,,-0.0903,0.7899,0.8948,16.8247,0,,,1,,
3w_aligned_onset,WELL-00024_20160712123044,WELL-00024,0,P-JUS-CKGL,level,hac,adjusted,180,120,2,,,,,,,1,covariate_outside,,,,,,1,1,,,
3w_aligned_onset,WELL-00024_20160712123044,WELL-00024,0,P-JUS-CKGL,level,hac,raw,180,120,0,-1.1231,-1.7129,-0.5332,1.1798,0.0002,1,0,,-0.0903,0.7899,0.8948,16.8247,0,,,1,,
3w_aligned_onset,WELL-00024_20160712123044,WELL-00024,0,P-JUS-CKGL,level,naive,adjusted,180,120,2,,,,,,,1,covariate_outside,,,,,,1,1,,,
3w_aligned_onset,WELL-00024_20160712123044,WELL-00024,0,P-JUS-CKGL,level,naive,raw,180,120,0,-1.1231,-1.3225,-0.9236,0.3989,0.0,1,0,,-0.0903,0.7899,0.8948,16.8247,0,,,1,,
3w_aligned_onset,WELL-00024_20160712123044,WELL-00024,0,P-JUS-CKGL,spread,block_bootstrap,adjusted,180,120,2,,,,,,,1,covariate_outside,,,,,,1,1,,,
3w_aligned_onset,WELL-00024_20160712123044,WELL-00024,0,P-JUS-CKGL,spread,block_bootstrap,raw,180,120,0,-0.2757,-0.8984,0.0498,0.9483,0.1,0,0,,-0.0903,0.7899,0.8948,16.8247,0,,,1,,
3w_aligned_onset,WELL-00024_20160712123044,WELL-00024,0,P-JUS-CKGL,spread,naive,adjusted,180,120,2,,,,,,,1,covariate_outside,,,,,,1,1,,,
3w_aligned_onset,WELL-00024_20160712123044,WELL-00024,0,P-JUS-CKGL,spread,naive,raw,180,120,0,-0.2757,-0.4397,-0.1118,0.3278,0.001,1,0,,-0.0903,0.7899,0.8948,16.8247,0,,,1,,
3w_aligned_onset,WELL-00024_20160712123044,WELL-00024,0,P-MON-CKP,level,block_bootstrap,adjusted,180,120,2,,,,,,,1,covariate_outside,,,,,,1,1,,,
3w_aligned_onset,WELL-00024_20160712123044,WELL-00024,0,P-MON-CKP,level,block_bootstrap,raw,180,120,0,0.2653,0.1373,0.4128,0.2755,0.0,1,0,,2.6766,-0.4389,-0.3865,6.8342,1,,,0,,
3w_aligned_onset,WELL-00024_20160712123044,WELL-00024,0,P-MON-CKP,level,ewc,adjusted,180,120,2,,,,,,,1,covariate_outside,,,,,,1,1,,,
3w_aligned_onset,WELL-00024_20160712123044,WELL-00024,0,P-MON-CKP,level,ewc,raw,180,120,0,0.2653,0.1029,0.4276,0.3247,0.003,1,0,,2.6766,-0.4389,-0.3865,6.8342,1,,,0,,
3w_aligned_onset,WELL-00024_20160712123044,WELL-00024,0,P-MON-CKP,level,hac,adjusted,180,120,2,,,,,,,1,covariate_outside,,,,,,1,1,,,
3w_aligned_onset,WELL-00024_20160712123044,WELL-00024,0,P-MON-CKP,level,hac,raw,180,120,0,0.2653,0.1145,0.4161,0.3016,0.0006,1,0,,2.6766,-0.4389,-0.3865,6.8342,1,,,0,,
3w_aligned_onset,WELL-00024_20160712123044,WELL-00024,0,P-MON-CKP,level,naive,adjusted,180,120,2,,,,,,,1,covariate_outside,,,,,,1,1,,,
3w_aligned_onset,WELL-00024_20160712123044,WELL-00024,0,P-MON-CKP,level,naive,raw,180,120,0,0.2653,0.0315,0.4991,0.4676,0.0262,1,0,,2.6766,-0.4389,-0.3865,6.8342,1,,,0,,
3w_aligned_onset,WELL-00024_20160712123044,WELL-00024,0,P-MON-CKP,spread,block_bootstrap,adjusted,180,120,2,,,,,,,1,covariate_outside,,,,,,1,1,,,
3w_aligned_onset,WELL-00024_20160712123044,WELL-00024,0,P-MON-CKP,spread,block_bootstrap,raw,180,120,0,0.0201,-0.1638,0.1639,0.3277,0.91,0,0,,2.6766,-0.4389,-0.3865,6.8342,1,,,0,,
3w_aligned_onset,WELL-00024_20160712123044,WELL-00024,0,P-MON-CKP,spread,naive,adjusted,180,120,2,,,,,,,1,covariate_outside,,,,,,1,1,,,
3w_aligned_onset,WELL-00024_20160712123044,WELL-00024,0,P-MON-CKP,spread,naive,raw,180,120,0,0.0201,-0.1438,0.1841,0.3278,0.8096,0,0,,2.6766,-0.4389,-0.3865,6.8342,1,,,0,,
3w_aligned_onset,WELL-00024_20160712123044,WELL-00024,0,P-PDG,level,block_bootstrap,adjusted,180,92,3,,,,,,,1,no_spread,,,,,,,,,,
3w_aligned_onset,WELL-00024_20160712123044,WELL-00024,0,P-PDG,level,block_bootstrap,raw,180,92,0,,,,,,,1,no_spread,,,,,,,,,,
3w_aligned_onset,WELL-00024_20160712123044,WELL-00024,0,P-PDG,level,ewc,adjusted,180,92,3,,,,,,,1,no_spread,,,,,,,,,,
3w_aligned_onset,WELL-00024_20160712123044,WELL-00024,0,P-PDG,level,ewc,raw,180,92,0,,,,,,,1,no_spread,,,,,,,,,,
3w_aligned_onset,WELL-00024_20160712123044,WELL-00024,0,P-PDG,level,hac,adjusted,180,92,3,,,,,,,1,no_spread,,,,,,,,,,
3w_aligned_onset,WELL-00024_20160712123044,WELL-00024,0,P-PDG,level,hac,raw,180,92,0,,,,,,,1,no_spread,,,,,,,,,,
3w_aligned_onset,WELL-00024_20160712123044,WELL-00024,0,P-PDG,level,naive,adjusted,180,92,3,,,,,,,1,no_spread,,,,,,,,,,
3w_aligned_onset,WELL-00024_20160712123044,WELL-00024,0,P-PDG,level,naive,raw,180,92,0,,,,,,,1,no_spread,,,,,,,,,,
3w_aligned_onset,WELL-00024_20160712123044,WELL-00024,0,P-PDG,spread,block_bootstrap,adjusted,180,92,3,,,,,,,1,no_spread,,,,,,,,,,
3w_aligned_onset,WELL-00024_20160712123044,WELL-00024,0,P-PDG,spread,block_bootstrap,raw,180,92,0,,,,,,,1,no_spread,,,,,,,,,,
3w_aligned_onset,WELL-00024_20160712123044,WELL-00024,0,P-PDG,spread,naive,adjusted,180,92,3,,,,,,,1,no_spread,,,,,,,,,,
3w_aligned_onset,WELL-00024_20160712123044,WELL-00024,0,P-PDG,spread,naive,raw,180,92,0,,,,,,,1,no_spread,,,,,,,,,,
3w_aligned_onset,WELL-00024_20160712123044,WELL-00024,0,P-TPT,level,block_bootstrap,adjusted,180,120,3,,,,,,,1,no_spread,,,,,,,,,,
3w_aligned_onset,WELL-00024_20160712123044,WELL-00024,0,P-TPT,level,block_bootstrap,raw,180,120,0,,,,,,,1,no_spread,,,,,,,,,,
3w_aligned_onset,WELL-00024_20160712123044,WELL-00024,0,P-TPT,level,ewc,adjusted,180,120,3,,,,,,,1,no_spread,,,,,,,,,,
3w_aligned_onset,WELL-00024_20160712123044,WELL-00024,0,P-TPT,level,ewc,raw,180,120,0,,,,,,,1,no_spread,,,,,,,,,,
3w_aligned_onset,WELL-00024_20160712123044,WELL-00024,0,P-TPT,level,hac,adjusted,180,120,3,,,,,,,1,no_spread,,,,,,,,,,
3w_aligned_onset,WELL-00024_20160712123044,WELL-00024,0,P-TPT,level,hac,raw,180,120,0,,,,,,,1,no_spread,,,,,,,,,,
3w_aligned_onset,WELL-00024_20160712123044,WELL-00024,0,P-TPT,level,naive,adjusted,180,120,3,,,,,,,1,no_spread,,,,,,,,,,
3w_aligned_onset,WELL-00024_20160712123044,WELL-00024,0,P-TPT,level,naive,raw,180,120,0,,,,,,,1,no_spread,,,,,,,,,,
3w_aligned_onset,WELL-00024_20160712123044,WELL-00024,0,P-TPT,spread,block_bootstrap,adjusted,180,120,3,,,,,,,1,no_spread,,,,,,,,,,
3w_aligned_onset,WELL-00024_20160712123044,WELL-00024,0,P-TPT,spread,block_bootstrap,raw,180,120,0,,,,,,,1,no_spread,,,,,,,,,,
3w_aligned_onset,WELL-00024_20160712123044,WELL-00024,0,P-TPT,spread,naive,adjusted,180,120,3,,,,,,,1,no_spread,,,,,,,,,,
3w_aligned_onset,WELL-00024_20160712123044,WELL-00024,0,P-TPT,spread,naive,raw,180,120,0,,,,,,,1,no_spread,,,,,,,,,,
3w_aligned_onset,WELL-00024_20160712123044,WELL-00024,0,T-TPT,level,block_bootstrap,adjusted,180,120,3,,,,,,,1,no_spread,,,,,,,,,,
3w_aligned_onset,WELL-00024_20160712123044,WELL-00024,0,T-TPT,level,block_bootstrap,raw,180,120,0,,,,,,,1,no_spread,,,,,,,,,,
3w_aligned_onset,WELL-00024_20160712123044,WELL-00024,0,T-TPT,level,ewc,adjusted,180,120,3,,,,,,,1,no_spread,,,,,,,,,,
3w_aligned_onset,WELL-00024_20160712123044,WELL-00024,0,T-TPT,level,ewc,raw,180,120,0,,,,,,,1,no_spread,,,,,,,,,,
3w_aligned_onset,WELL-00024_20160712123044,WELL-00024,0,T-TPT,level,hac,adjusted,180,120,3,,,,,,,1,no_spread,,,,,,,,,,
3w_aligned_onset,WELL-00024_20160712123044,WELL-00024,0,T-TPT,level,hac,raw,180,120,0,,,,,,,1,no_spread,,,,,,,,,,
3w_aligned_onset,WELL-00024_20160712123044,WELL-00024,0,T-TPT,level,naive,adjusted,180,120,3,,,,,,,1,no_spread,,,,,,,,,,
3w_aligned_onset,WELL-00024_20160712123044,WELL-00024,0,T-TPT,level,naive,raw,180,120,0,,,,,,,1,no_spread,,,,,,,,,,
3w_aligned_onset,WELL-00024_20160712123044,WELL-00024,0,T-TPT,spread,block_bootstrap,adjusted,180,120,3,,,,,,,1,no_spread,,,,,,,,,,
3w_aligned_onset,WELL-00024_20160712123044,WELL-00024,0,T-TPT,spread,block_bootstrap,raw,180,120,0,,,,,,,1,no_spread,,,,,,,,,,
3w_aligned_onset,WELL-00024_20160712123044,WELL-00024,0,T-TPT,spread,naive,adjusted,180,120,3,,,,,,,1,no_spread,,,,,,,,,,
3w_aligned_onset,WELL-00024_20160712123044,WELL-00024,0,T-TPT,spread,naive,raw,180,120,0,,,,,,,1,no_spread,,,,,,,,,,
3w_aligned_onset,WELL-00024_20160720230624,WELL-00024,0,P-ANULAR,level,block_bootstrap,adjusted,180,120,4,,,,,,,1,covariate_outside,,,,,,1,1,,,
3w_aligned_onset,WELL-00024_20160720230624,WELL-00024,0,P-ANULAR,level,block_bootstrap,raw,180,120,0,1.7504,1.2593,2.2888,1.0295,0.0,1,0,,8.061,0.4884,0.4057,7.631,1,,,0,,
3w_aligned_onset,WELL-00024_20160720230624,WELL-00024,0,P-ANULAR,level,ewc,adjusted,180,120,4,,,,,,,1,covariate_outside,,,,,,1,1,,,
3w_aligned_onset,WELL-00024_20160720230624,WELL-00024,0,P-ANULAR,level,ewc,raw,180,120,0,1.7504,1.1592,2.3416,1.1825,0.0,1,0,,8.061,0.4884,0.4057,7.631,1,,,0,,
3w_aligned_onset,WELL-00024_20160720230624,WELL-00024,0,P-ANULAR,level,hac,adjusted,180,120,4,,,,,,,1,covariate_outside,,,,,,1,1,,,
3w_aligned_onset,WELL-00024_20160720230624,WELL-00024,0,P-ANULAR,level,hac,raw,180,120,0,1.7504,1.3415,2.1593,0.8177,0.0,1,0,,8.061,0.4884,0.4057,7.631,1,,,0,,
3w_aligned_onset,WELL-00024_20160720230624,WELL-00024,0,P-ANULAR,level,naive,adjusted,180,120,4,,,,,,,1,covariate_outside,,,,,,1,1,,,
3w_aligned_onset,WELL-00024_20160720230624,WELL-00024,0,P-ANULAR,level,naive,raw,180,120,0,1.7504,1.512,1.9888,0.4768,0.0,1,0,,8.061,0.4884,0.4057,7.631,1,,,0,,
3w_aligned_onset,WELL-00024_20160720230624,WELL-00024,0,P-ANULAR,spread,block_bootstrap,adjusted,180,120,4,,,,,,,1,covariate_outside,,,,,,1,1,,,
3w_aligned_onset,WELL-00024_20160720230624,WELL-00024,0,P-ANULAR,spread,block_bootstrap,raw,180,120,0,0.0515,-0.1444,0.2175,0.3619,0.75,0,0,,8.061,0.4884,0.4057,7.631,1,,,0,,
3w_aligned_onset,WELL-00024_20160720230624,WELL-00024,0,P-ANULAR,spread,naive,adjusted,180,120,4,,,,,,,1,covariate_outside,,,,,,1,1,,,
3w_aligned_onset,WELL-00024_20160720230624,WELL-00024,0,P-ANULAR,spread,naive,raw,180,120,0,0.0515,-0.1125,0.2154,0.3278,0.5384,0,0,,8.061,0.4884,0.4057,7.631,1,,,0,,
3w_aligned_onset,WELL-00024_20160720230624,WELL-00024,0,P-JUS-CKGL,level,block_bootstrap,adjusted,180,120,4,,,,,,,1,covariate_outside,,,,,,1,1,,,
3w_aligned_onset,WELL-00024_20160720230624,WELL-00024,0,P-JUS-CKGL,level,block_bootstrap,raw,180,120,0,2.3603,1.9017,2.8417,0.94,0.0,1,0,,16.2294,0.7925,0.7801,16.9897,1,,,0,,
3w_aligned_onset,WELL-00024_20160720230624,WELL-00024,0,P-JUS-CKGL,level,ewc,adjusted,180,120,4,,,,,,,1,covariate_outside,,,,,,1,1,,,
3w_aligned_onset,WELL-00024_20160720230624,WELL-00024,0,P-JUS-CKGL,level,ewc,raw,180,120,0,2.3603,1.7478,2.9728,1.225,0.0,1,0,,16.2294,0.7925,0.7801,16.9897,1,,,0,,
3w_aligned_onset,WELL-00024_20160720230624,WELL-00024,0,P-JUS-CKGL,level,hac,adjusted,180,120,4,,,,,,,1,covariate_outside,,,,,,1,1,,,
3w_aligned_onset,WELL-00024_20160720230624,WELL-00024,0,P-JUS-CKGL,level,hac,raw,180,120,0,2.3603,1.7846,2.9359,1.1513,0.0,1,0,,16.2294,0.7925,0.7801,16.9897,1,,,0,,
3w_aligned_onset,WELL-00024_20160720230624,WELL-00024,0,P-JUS-CKGL,level,naive,adjusted,180,120,4,,,,,,,1,covariate_outside,,,,,,1,1,,,
3w_aligned_onset,WELL-00024_20160720230624,WELL-00024,0,P-JUS-CKGL,level,naive,raw,180,120,0,2.3603,2.178,2.5425,0.3645,0.0,1,0,,16.2294,0.7925,0.7801,16.9897,1,,,0,,
3w_aligned_onset,WELL-00024_20160720230624,WELL-00024,0,P-JUS-CKGL,spread,block_bootstrap,adjusted,180,120,4,,,,,,,1,covariate_outside,,,,,,1,1,,,
3w_aligned_onset,WELL-00024_20160720230624,WELL-00024,0,P-JUS-CKGL,spread,block_bootstrap,raw,180,120,0,-0.4958,-0.7905,-0.2677,0.5228,0.0,1,0,,16.2294,0.7925,0.7801,16.9897,1,,,0,,
3w_aligned_onset,WELL-00024_20160720230624,WELL-00024,0,P-JUS-CKGL,spread,naive,adjusted,180,120,4,,,,,,,1,covariate_outside,,,,,,1,1,,,
3w_aligned_onset,WELL-00024_20160720230624,WELL-00024,0,P-JUS-CKGL,spread,naive,raw,180,120,0,-0.4958,-0.6597,-0.3319,0.3278,0.0,1,0,,16.2294,0.7925,0.7801,16.9897,1,,,0,,
3w_aligned_onset,WELL-00024_20160720230624,WELL-00024,0,P-MON-CKP,level,block_bootstrap,adjusted,180,120,4,,,,,,,1,covariate_outside,,,,,,1,1,,,
3w_aligned_onset,WELL-00024_20160720230624,WELL-00024,0,P-MON-CKP,level,block_bootstrap,raw,180,120,0,0.5671,0.4084,0.7139,0.3055,0.0,1,0,,3.0542,-0.1191,-0.1387,2.5069,1,,,0,,
3w_aligned_onset,WELL-00024_20160720230624,WELL-00024,0,P-MON-CKP,level,ewc,adjusted,180,120,4,,,,,,,1,covariate_outside,,,,,,1,1,,,
3w_aligned_onset,WELL-00024_20160720230624,WELL-00024,0,P-MON-CKP,level,ewc,raw,180,120,0,0.5671,0.3945,0.7396,0.3451,0.0,1,0,,3.0542,-0.1191,-0.1387,2.5069,1,,,0,,
3w_aligned_onset,WELL-00024_20160720230624,WELL-00024,0,P-MON-CKP,level,hac,adjusted,180,120,4,,,,,,,1,covariate_outside,,,,,,1,1,,,
3w_aligned_onset,WELL-00024_20160720230624,WELL-00024,0,P-MON-CKP,level,hac,raw,180,120,0,0.5671,0.3579,0.7762,0.4183,0.0,1,0,,3.0542,-0.1191,-0.1387,2.5069,1,,,0,,
3w_aligned_onset,WELL-00024_20160720230624,WELL-00024,0,P-MON-CKP,level,naive,adjusted,180,120,4,,,,,,,1,covariate_outside,,,,,,1,1,,,
3w_aligned_onset,WELL-00024_20160720230624,WELL-00024,0,P-MON-CKP,level,naive,raw,180,120,0,0.5671,0.3296,0.8046,0.475,0.0,1,0,,3.0542,-0.1191,-0.1387,2.5069,1,,,0,,
3w_aligned_onset,WELL-00024_20160720230624,WELL-00024,0,P-MON-CKP,spread,block_bootstrap,adjusted,180,120,4,,,,,,,1,covariate_outside,,,,,,1,1,,,
3w_aligned_onset,WELL-00024_20160720230624,WELL-00024,0,P-MON-CKP,spread,block_bootstrap,raw,180,120,0,0.0457,-0.14,0.2152,0.3552,0.73,0,0,,3.0542,-0.1191,-0.1387,2.5069,1,,,0,,
3w_aligned_onset,WELL-00024_20160720230624,WELL-00024,0,P-MON-CKP,spread,naive,adjusted,180,120,4,,,,,,,1,covariate_outside,,,,,,1,1,,,
3w_aligned_onset,WELL-00024_20160720230624,WELL-00024,0,P-MON-CKP,spread,naive,raw,180,120,0,0.0457,-0.1183,0.2096,0.3278,0.5852,0,0,,3.0542,-0.1191,-0.1387,2.5069,1,,,0,,
3w_aligned_onset,WELL-00024_20160720230624,WELL-00024,0,P-PDG,level,block_bootstrap,adjusted,180,120,5,,,,,,,1,no_spread,,,,,,,,,,
3w_aligned_onset,WELL-00024_20160720230624,WELL-00024,0,P-PDG,level,block_bootstrap,raw,180,120,0,,,,,,,1,no_spread,,,,,,,,,,
3w_aligned_onset,WELL-00024_20160720230624,WELL-00024,0,P-PDG,level,ewc,adjusted,180,120,5,,,,,,,1,no_spread,,,,,,,,,,
3w_aligned_onset,WELL-00024_20160720230624,WELL-00024,0,P-PDG,level,ewc,raw,180,120,0,,,,,,,1,no_spread,,,,,,,,,,
3w_aligned_onset,WELL-00024_20160720230624,WELL-00024,0,P-PDG,level,hac,adjusted,180,120,5,,,,,,,1,no_spread,,,,,,,,,,
3w_aligned_onset,WELL-00024_20160720230624,WELL-00024,0,P-PDG,level,hac,raw,180,120,0,,,,,,,1,no_spread,,,,,,,,,,
3w_aligned_onset,WELL-00024_20160720230624,WELL-00024,0,P-PDG,level,naive,adjusted,180,120,5,,,,,,,1,no_spread,,,,,,,,,,
3w_aligned_onset,WELL-00024_20160720230624,WELL-00024,0,P-PDG,level,naive,raw,180,120,0,,,,,,,1,no_spread,,,,,,,,,,
3w_aligned_onset,WELL-00024_20160720230624,WELL-00024,0,P-PDG,spread,block_bootstrap,adjusted,180,120,5,,,,,,,1,no_spread,,,,,,,,,,
3w_aligned_onset,WELL-00024_20160720230624,WELL-00024,0,P-PDG,spread,block_bootstrap,raw,180,120,0,,,,,,,1,no_spread,,,,,,,,,,
3w_aligned_onset,WELL-00024_20160720230624,WELL-00024,0,P-PDG,spread,naive,adjusted,180,120,5,,,,,,,1,no_spread,,,,,,,,,,
3w_aligned_onset,WELL-00024_20160720230624,WELL-00024,0,P-PDG,spread,naive,raw,180,120,0,,,,,,,1,no_spread,,,,,,,,,,
3w_aligned_onset,WELL-00024_20160720230624,WELL-00024,0,P-TPT,level,block_bootstrap,adjusted,180,120,4,,,,,,,1,covariate_outside,,,,,,1,1,,,
3w_aligned_onset,WELL-00024_20160720230624,WELL-00024,0,P-TPT,level,block_bootstrap,raw,180,120,0,1.5421,1.1895,1.9379,0.7484,0.0,1,0,,17.3171,0.5781,0.2974,9.3377,1,,,0,,
3w_aligned_onset,WELL-00024_20160720230624,WELL-00024,0,P-TPT,level,ewc,adjusted,180,120,4,,,,,,,1,covariate_outside,,,,,,1,1,,,
3w_aligned_onset,WELL-00024_20160720230624,WELL-00024,0,P-TPT,level,ewc,raw,180,120,0,1.5421,1.0371,2.0471,1.0099,0.0,1,0,,17.3171,0.5781,0.2974,9.3377,1,,,0,,
3w_aligned_onset,WELL-00024_20160720230624,WELL-00024,0,P-TPT,level,hac,adjusted,180,120,4,,,,,,,1,covariate_outside,,,,,,1,1,,,
3w_aligned_onset,WELL-00024_20160720230624,WELL-00024,0,P-TPT,level,hac,raw,180,120,0,1.5421,1.1753,1.9089,0.7336,0.0,1,0,,17.3171,0.5781,0.2974,9.3377,1,,,0,,
3w_aligned_onset,WELL-00024_20160720230624,WELL-00024,0,P-TPT,level,naive,adjusted,180,120,4,,,,,,,1,covariate_outside,,,,,,1,1,,,
3w_aligned_onset,WELL-00024_20160720230624,WELL-00024,0,P-TPT,level,naive,raw,180,120,0,1.5421,1.3602,1.724,0.3638,0.0,1,0,,17.3171,0.5781,0.2974,9.3377,1,,,0,,
3w_aligned_onset,WELL-00024_20160720230624,WELL-00024,0,P-TPT,spread,block_bootstrap,adjusted,180,120,4,,,,,,,1,covariate_outside,,,,,,1,1,,,
3w_aligned_onset,WELL-00024_20160720230624,WELL-00024,0,P-TPT,spread,block_bootstrap,raw,180,120,0,-0.5014,-0.7413,-0.2913,0.45,0.0,1,0,,17.3171,0.5781,0.2974,9.3377,1,,,0,,
3w_aligned_onset,WELL-00024_20160720230624,WELL-00024,0,P-TPT,spread,naive,adjusted,180,120,4,,,,,,,1,covariate_outside,,,,,,1,1,,,
3w_aligned_onset,WELL-00024_20160720230624,WELL-00024,0,P-TPT,spread,naive,raw,180,120,0,-0.5014,-0.6653,-0.3375,0.3278,0.0,1,0,,17.3171,0.5781,0.2974,9.3377,1,,,0,,
3w_aligned_onset,WELL-00024_20160720230624,WELL-00024,0,T-TPT,level,block_bootstrap,adjusted,180,120,4,,,,,,,1,covariate_outside,,,,,,1,1,,,
3w_aligned_onset,WELL-00024_20160720230624,WELL-00024,0,T-TPT,level,block_bootstrap,raw,180,120,0,1.9769,1.4577,2.5153,1.0576,0.0,1,0,,11.7488,0.5389,0.4571,8.54,1,,,0,,
3w_aligned_onset,WELL-00024_20160720230624,WELL-00024,0,T-TPT,level,ewc,adjusted,180,120,4,,,,,,,1,covariate_outside,,,,,,1,1,,,
3w_aligned_onset,WELL-00024_20160720230624,WELL-00024,0,T-TPT,level,ewc,raw,180,120,0,1.9769,1.3683,2.5855,1.2172,0.0,1,0,,11.7488,0.5389,0.4571,8.54,1,,,0,,
3w_aligned_onset,WELL-00024_20160720230624,WELL-00024,0,T-TPT,level,hac,adjusted,180,120,4,,,,,,,1,covariate_outside,,,,,,1,1,,,
3w_aligned_onset,WELL-00024_20160720230624,WELL-00024,0,T-TPT,level,hac,raw,180,120,0,1.9769,1.5535,2.4002,0.8467,0.0,1,0,,11.7488,0.5389,0.4571,8.54,1,,,0,,
3w_aligned_onset,WELL-00024_20160720230624,WELL-00024,0,T-TPT,level,naive,adjusted,180,120,4,,,,,,,1,covariate_outside,,,,,,1,1,,,
3w_aligned_onset,WELL-00024_20160720230624,WELL-00024,0,T-TPT,level,naive,raw,180,120,0,1.9769,1.7606,2.1932,0.4326,0.0,1,0,,11.7488,0.5389,0.4571,8.54,1,,,0,,
3w_aligned_onset,WELL-00024_20160720230624,WELL-00024,0,T-TPT,spread,block_bootstrap,adjusted,180,120,4,,,,,,,1,covariate_outside,,,,,,1,1,,,
3w_aligned_onset,WELL-00024_20160720230624,WELL-00024,0,T-TPT,spread,block_bootstrap,raw,180,120,0,-0.1147,-0.2785,0.1034,0.3819,0.26,0,0,,11.7488,0.5389,0.4571,8.54,1,,,0,,
3w_aligned_onset,WELL-00024_20160720230624,WELL-00024,0,T-TPT,spread,naive,adjusted,180,120,4,,,,,,,1,covariate_outside,,,,,,1,1,,,
3w_aligned_onset,WELL-00024_20160720230624,WELL-00024,0,T-TPT,spread,naive,raw,180,120,0,-0.1147,-0.2786,0.0492,0.3278,0.1702,0,0,,11.7488,0.5389,0.4571,8.54,1,,,0,,
3w_aligned_onset,WELL-00024_20160722105543,WELL-00024,0,P-ANULAR,level,block_bootstrap,adjusted,180,120,3,,,,,,,1,covariate_outside,,,,,,1,1,,,
3w_aligned_onset,WELL-00024_20160722105543,WELL-00024,0,P-ANULAR,level,block_bootstrap,raw,180,120,0,-2.488,-2.954,-2.1032,0.8508,0.0,1,0,,-17.4305,0.7302,0.3412,13.8235,1,,,0,,
3w_aligned_onset,WELL-00024_20160722105543,WELL-00024,0,P-ANULAR,level,ewc,adjusted,180,120,3,,,,,,,1,covariate_outside,,,,,,1,1,,,
3w_aligned_onset,WELL-00024_20160722105543,WELL-00024,0,P-ANULAR,level,ewc,raw,180,120,0,-2.488,-3.081,-1.895,1.186,0.0,1,0,,-17.4305,0.7302,0.3412,13.8235,1,,,0,,
3w_aligned_onset,WELL-00024_20160722105543,WELL-00024,0,P-ANULAR,level,hac,adjusted,180,120,3,,,,,,,1,covariate_outside,,,,,,1,1,,,
3w_aligned_onset,WELL-00024_20160722105543,WELL-00024,0,P-ANULAR,level,hac,raw,180,120,0,-2.488,-2.9739,-2.0022,0.9716,0.0,1,0,,-17.4305,0.7302,0.3412,13.8235,1,,,0,,
3w_aligned_onset,WELL-00024_20160722105543,WELL-00024,0,P-ANULAR,level,naive,adjusted,180,120,3,,,,,,,1,covariate_outside,,,,,,1,1,,,
3w_aligned_onset,WELL-00024_20160722105543,WELL-00024,0,P-ANULAR,level,naive,raw,180,120,0,-2.488,-2.6854,-2.2907,0.3947,0.0,1,0,,-17.4305,0.7302,0.3412,13.8235,1,,,0,,
3w_aligned_onset,WELL-00024_20160722105543,WELL-00024,0,P-ANULAR,spread,block_bootstrap,adjusted,180,120,3,,,,,,,1,covariate_outside,,,,,,1,1,,,
3w_aligned_onset,WELL-00024_20160722105543,WELL-00024,0,P-ANULAR,spread,block_bootstrap,raw,180,120,0,-0.2987,-0.4215,0.0265,0.4481,0.09,0,0,,-17.4305,0.7302,0.3412,13.8235,1,,,0,,
3w_aligned_onset,WELL-00024_20160722105543,WELL-00024,0,P-ANULAR,spread,naive,adjusted,180,120,3,,,,,,,1,covariate_outside,,,,,,1,1,,,
3w_aligned_onset,WELL-00024_20160722105543,WELL-00024,0,P-ANULAR,spread,naive,raw,180,120,0,-0.2987,-0.4626,-0.1348,0.3278,0.0004,1,0,,-17.4305,0.7302,0.3412,13.8235,1,,,0,,
3w_aligned_onset,WELL-00024_20160722105543,WELL-00024,0,P-JUS-CKGL,level,block_bootstrap,adjusted,180,120,3,,,,,,,1,covariate_outside,,,,,,1,1,,,
3w_aligned_onset,WELL-00024_20160722105543,WELL-00024,0,P-JUS-CKGL,level,block_bootstrap,raw,180,120,0,1.9737,1.2214,3.0207,1.7993,0.0,1,0,,-2.4793,0.9259,0.8783,35.6888,1,,,1,,
3w_aligned_onset,WELL-00024_20160722105543,WELL-00024,0,P-JUS-CKGL,level,ewc,adjusted,180,120,3,,,,,,,1,covariate_outside,,,,,,1,1,,,
3w_aligned_onset,WELL-00024_20160722105543,WELL-00024,0,P-JUS-CKGL,level,ewc,raw,180,120,0,1.9737,0.8309,3.1165,2.2856,0.0023,1,0,,-2.4793,0.9259,0.8783,35.6888,1,,,1,,
3w_aligned_onset,WELL-00024_20160722105543,WELL-00024,0,P-JUS-CKGL,level,hac,adjusted,180,120,3,,,,,,,1,covariate_outside,,,,,,1,1,,,
3w_aligned_onset,WELL-00024_20160722105543,WELL-00024,0,P-JUS-CKGL,level,hac,raw,180,120,0,1.9737,0.783,3.1644,2.3814,0.0012,1,0,,-2.4793,0.9259,0.8783,35.6888,1,,,1,,
3w_aligned_onset,WELL-00024_20160722105543,WELL-00024,0,P-JUS-CKGL,level,naive,adjusted,180,120,3,,,,,,,1,covariate_outside,,,,,,1,1,,,
3w_aligned_onset,WELL-00024_20160722105543,WELL-00024,0,P-JUS-CKGL,level,naive,raw,180,120,0,1.9737,1.6474,2.3,0.6526,0.0,1,0,,-2.4793,0.9259,0.8783,35.6888,1,,,1,,
3w_aligned_onset,WELL-00024_20160722105543,WELL-00024,0,P-JUS-CKGL,spread,block_bootstrap,adjusted,180,120,3,,,,,,,1,covariate_outside,,,,,,1,1,,,
3w_aligned_onset,WELL-00024_20160722105543,WELL-00024,0,P-JUS-CKGL,spread,block_bootstrap,raw,180,120,0,0.4891,0.1378,1.2799,1.1421,0.04,1,0,,-2.4793,0.9259,0.8783,35.6888,1,,,1,,
3w_aligned_onset,WELL-00024_20160722105543,WELL-00024,0,P-JUS-CKGL,spread,naive,adjusted,180,120,3,,,,,,,1,covariate_outside,,,,,,1,1,,,
3w_aligned_onset,WELL-00024_20160722105543,WELL-00024,0,P-JUS-CKGL,spread,naive,raw,180,120,0,0.4891,0.3252,0.653,0.3278,0.0,1,0,,-2.4793,0.9259,0.8783,35.6888,1,,,1,,
3w_aligned_onset,WELL-00024_20160722105543,WELL-00024,0,P-MON-CKP,level,block_bootstrap,adjusted,180,120,3,,,,,,,1,covariate_outside,,,,,,1,1,,,
3w_aligned_onset,WELL-00024_20160722105543,WELL-00024,0,P-MON-CKP,level,block_bootstrap,raw,180,120,0,0.7183,0.5433,0.8933,0.35,0.0,1,0,,2.3327,-0.1546,-0.2008,3.0038,1,,,0,,
3w_aligned_onset,WELL-00024_20160722105543,WELL-00024,0,P-MON-CKP,level,ewc,adjusted,180,120,3,,,,,,,1,covariate_outside,,,,,,1,1,,,
3w_aligned_onset,WELL-00024_20160722105543,WELL-00024,0,P-MON-CKP,level,ewc,raw,180,120,0,0.7183,0.537,0.8995,0.3625,0.0,1,0,,2.3327,-0.1546,-0.2008,3.0038,1,,,0,,
3w_aligned_onset,WELL-00024_20160722105543,WELL-00024,0,P-MON-CKP,level,hac,adjusted,180,120,3,,,,,,,1,covariate_outside,,,,,,1,1,,,
3w_aligned_onset,WELL-00024_20160722105543,WELL-00024,0,P-MON-CKP,level,hac,raw,180,120,0,0.7183,0.5287,0.9078,0.3791,0.0,1,0,,2.3327,-0.1546,-0.2008,3.0038,1,,,0,,
3w_aligned_onset,WELL-00024_20160722105543,WELL-00024,0,P-MON-CKP,level,naive,adjusted,180,120,3,,,,,,,1,covariate_outside,,,,,,1,1,,,
3w_aligned_onset,WELL-00024_20160722105543,WELL-00024,0,P-MON-CKP,level,naive,raw,180,120,0,0.7183,0.4907,0.9458,0.4552,0.0,1,0,,2.3327,-0.1546,-0.2008,3.0038,1,,,0,,
3w_aligned_onset,WELL-00024_20160722105543,WELL-00024,0,P-MON-CKP,spread,block_bootstrap,adjusted,180,120,3,,,,,,,1,covariate_outside,,,,,,1,1,,,
3w_aligned_onset,WELL-00024_20160722105543,WELL-00024,0,P-MON-CKP,spread,block_bootstrap,raw,180,120,0,-0.025,-0.3048,0.2137,0.5185,0.88,0,0,,2.3327,-0.1546,-0.2008,3.0038,1,,,0,,
3w_aligned_onset,WELL-00024_20160722105543,WELL-00024,0,P-MON-CKP,spread,naive,adjusted,180,120,3,,,,,,,1,covariate_outside,,,,,,1,1,,,
3w_aligned_onset,WELL-00024_20160722105543,WELL-00024,0,P-MON-CKP,spread,naive,raw,180,120,0,-0.025,-0.1889,0.139,0.3278,0.7654,0,0,,2.3327,-0.1546,-0.2008,3.0038,1,,,0,,
3w_aligned_onset,WELL-00024_20160722105543,WELL-00024,0,P-PDG,level,block_bootstrap,adjusted,180,120,4,,,,,,,1,no_spread,,,,,,,,,,
3w_aligned_onset,WELL-00024_20160722105543,WELL-00024,0,P-PDG,level,block_bootstrap,raw,180,120,0,,,,,,,1,no_spread,,,,,,,,,,
3w_aligned_onset,WELL-00024_20160722105543,WELL-00024,0,P-PDG,level,ewc,adjusted,180,120,4,,,,,,,1,no_spread,,,,,,,,,,
3w_aligned_onset,WELL-00024_20160722105543,WELL-00024,0,P-PDG,level,ewc,raw,180,120,0,,,,,,,1,no_spread,,,,,,,,,,
3w_aligned_onset,WELL-00024_20160722105543,WELL-00024,0,P-PDG,level,hac,adjusted,180,120,4,,,,,,,1,no_spread,,,,,,,,,,
3w_aligned_onset,WELL-00024_20160722105543,WELL-00024,0,P-PDG,level,hac,raw,180,120,0,,,,,,,1,no_spread,,,,,,,,,,
3w_aligned_onset,WELL-00024_20160722105543,WELL-00024,0,P-PDG,level,naive,adjusted,180,120,4,,,,,,,1,no_spread,,,,,,,,,,
3w_aligned_onset,WELL-00024_20160722105543,WELL-00024,0,P-PDG,level,naive,raw,180,120,0,,,,,,,1,no_spread,,,,,,,,,,
3w_aligned_onset,WELL-00024_20160722105543,WELL-00024,0,P-PDG,spread,block_bootstrap,adjusted,180,120,4,,,,,,,1,no_spread,,,,,,,,,,
3w_aligned_onset,WELL-00024_20160722105543,WELL-00024,0,P-PDG,spread,block_bootstrap,raw,180,120,0,,,,,,,1,no_spread,,,,,,,,,,
3w_aligned_onset,WELL-00024_20160722105543,WELL-00024,0,P-PDG,spread,naive,adjusted,180,120,4,,,,,,,1,no_spread,,,,,,,,,,
3w_aligned_onset,WELL-00024_20160722105543,WELL-00024,0,P-PDG,spread,naive,raw,180,120,0,,,,,,,1,no_spread,,,,,,,,,,
3w_aligned_onset,WELL-00024_20160722105543,WELL-00024,0,P-TPT,level,block_bootstrap,adjusted,180,120,3,,,,,,,1,covariate_outside,,,,,,1,1,,,
3w_aligned_onset,WELL-00024_20160722105543,WELL-00024,0,P-TPT,level,block_bootstrap,raw,180,120,0,-2.5135,-2.9429,-2.158,0.7849,0.0,1,0,,-19.7626,0.7716,0.264,15.7795,1,,,0,,
3w_aligned_onset,WELL-00024_20160722105543,WELL-00024,0,P-TPT,level,ewc,adjusted,180,120,3,,,,,,,1,covariate_outside,,,,,,1,1,,,
3w_aligned_onset,WELL-00024_20160722105543,WELL-00024,0,P-TPT,level,ewc,raw,180,120,0,-2.5135,-3.0593,-1.9677,1.0916,0.0,1,0,,-19.7626,0.7716,0.264,15.7795,1,,,0,,
3w_aligned_onset,WELL-00024_20160722105543,WELL-00024,0,P-TPT,level,hac,adjusted,180,120,3,,,,,,,1,covariate_outside,,,,,,1,1,,,
3w_aligned_onset,WELL-00024_20160722105543,WELL-00024,0,P-TPT,level,hac,raw,180,120,0,-2.5135,-2.997,-2.0299,0.9671,0.0,1,0,,-19.7626,0.7716,0.264,15.7795,1,,,0,,
3w_aligned_onset,WELL-00024_20160722105543,WELL-00024,0,P-TPT,level,naive,adjusted,180,120,3,,,,,,,1,covariate_outside,,,,,,1,1,,,
3w_aligned_onset,WELL-00024_20160722105543,WELL-00024,0,P-TPT,level,naive,raw,180,120,0,-2.5135,-2.6787,-2.3483,0.3304,0.0,1,0,,-19.7626,0.7716,0.264,15.7795,1,,,0,,
3w_aligned_onset,WELL-00024_20160722105543,WELL-00024,0,P-TPT,spread,block_bootstrap,adjusted,180,120,3,,,,,,,1,covariate_outside,,,,,,1,1,,,
3w_aligned_onset,WELL-00024_20160722105543,WELL-00024,0,P-TPT,spread,block_bootstrap,raw,180,120,0,-0.8415,-1.1867,-0.6422,0.5444,0.0,1,0,,-19.7626,0.7716,0.264,15.7795,1,,,0,,
3w_aligned_onset,WELL-00024_20160722105543,WELL-00024,0,P-TPT,spread,naive,adjusted,180,120,3,,,,,,,1,covariate_outside,,,,,,1,1,,,
3w_aligned_onset,WELL-00024_20160722105543,WELL-00024,0,P-TPT,spread,naive,raw,180,120,0,-0.8415,-1.0054,-0.6776,0.3278,0.0,1,0,,-19.7626,0.7716,0.264,15.7795,1,,,0,,
3w_aligned_onset,WELL-00024_20160722105543,WELL-00024,0,T-TPT,level,block_bootstrap,adjusted,180,120,4,,,,,,,1,no_spread,,,,,,,,,,
3w_aligned_onset,WELL-00024_20160722105543,WELL-00024,0,T-TPT,level,block_bootstrap,raw,180,120,0,,,,,,,1,no_spread,,,,,,,,,,
3w_aligned_onset,WELL-00024_20160722105543,WELL-00024,0,T-TPT,level,ewc,adjusted,180,120,4,,,,,,,1,no_spread,,,,,,,,,,
3w_aligned_onset,WELL-00024_20160722105543,WELL-00024,0,T-TPT,level,ewc,raw,180,120,0,,,,,,,1,no_spread,,,,,,,,,,
3w_aligned_onset,WELL-00024_20160722105543,WELL-00024,0,T-TPT,level,hac,adjusted,180,120,4,,,,,,,1,no_spread,,,,,,,,,,
3w_aligned_onset,WELL-00024_20160722105543,WELL-00024,0,T-TPT,level,hac,raw,180,120,0,,,,,,,1,no_spread,,,,,,,,,,
3w_aligned_onset,WELL-00024_20160722105543,WELL-00024,0,T-TPT,level,naive,adjusted,180,120,4,,,,,,,1,no_spread,,,,,,,,,,
3w_aligned_onset,WELL-00024_20160722105543,WELL-00024,0,T-TPT,level,naive,raw,180,120,0,,,,,,,1,no_spread,,,,,,,,,,
3w_aligned_onset,WELL-00024_20160722105543,WELL-00024,0,T-TPT,spread,block_bootstrap,adjusted,180,120,4,,,,,,,1,no_spread,,,,,,,,,,
3w_aligned_onset,WELL-00024_20160722105543,WELL-00024,0,T-TPT,spread,block_bootstrap,raw,180,120,0,,,,,,,1,no_spread,,,,,,,,,,
3w_aligned_onset,WELL-00024_20160722105543,WELL-00024,0,T-TPT,spread,naive,adjusted,180,120,4,,,,,,,1,no_spread,,,,,,,,,,
3w_aligned_onset,WELL-00024_20160722105543,WELL-00024,0,T-TPT,spread,naive,raw,180,120,0,,,,,,,1,no_spread,,,,,,,,,,
3w_aligned_onset,WELL-00024_20160729172014,WELL-00024,0,P-ANULAR,level,block_bootstrap,adjusted,180,120,3,-0.2222,-0.4023,-0.0331,0.3692,0.01,1,0,,-6.2342,0.2974,0.0176,4.8619,1,0,1,0,0.6486,2.1534
3w_aligned_onset,WELL-00024_20160729172014,WELL-00024,0,P-ANULAR,level,block_bootstrap,raw,180,120,0,-1.1321,-1.5317,-0.7117,0.82,0.0,1,0,,-12.6818,0.8235,0.1862,19.192,1,,,0,,
3w_aligned_onset,WELL-00024_20160729172014,WELL-00024,0,P-ANULAR,level,ewc,adjusted,180,120,3,-0.2222,-0.4538,0.0095,0.4634,0.0591,0,0,,-6.2342,0.2974,0.0176,4.8619,1,0,1,0,0.6486,2.1534
3w_aligned_onset,WELL-00024_20160729172014,WELL-00024,0,P-ANULAR,level,ewc,raw,180,120,0,-1.1321,-1.7092,-0.555,1.1542,0.001,1,0,,-12.6818,0.8235,0.1862,19.192,1,,,0,,
3w_aligned_onset,WELL-00024_20160729172014,WELL-00024,0,P-ANULAR,level,hac,adjusted,180,120,3,-0.2222,-0.3812,-0.0632,0.318,0.0062,1,0,,-6.2342,0.2974,0.0176,4.8619,1,0,1,0,0.6486,2.1534
3w_aligned_onset,WELL-00024_20160729172014,WELL-00024,0,P-ANULAR,level,hac,raw,180,120,0,-1.1321,-1.6901,-0.5741,1.116,0.0001,1,0,,-12.6818,0.8235,0.1862,19.192,1,,,0,,
3w_aligned_onset,WELL-00024_20160729172014,WELL-00024,0,P-ANULAR,level,naive,adjusted,180,120,3,-0.2222,-0.3492,-0.0951,0.254,0.0006,1,0,,-6.2342,0.2974,0.0176,4.8619,1,0,1,0,0.6486,2.1534
3w_aligned_onset,WELL-00024_20160729172014,WELL-00024,0,P-ANULAR,level,naive,raw,180,120,0,-1.1321,-1.2913,-0.9728,0.3184,0.0,1,0,,-12.6818,0.8235,0.1862,19.192,1,,,0,,
3w_aligned_onset,WELL-00024_20160729172014,WELL-00024,0,P-ANULAR,spread,block_bootstrap,adjusted,180,120,3,-0.1321,-0.2763,-0.0183,0.258,0.02,1,0,,-6.2342,0.2974,0.0176,4.8619,1,0,1,0,0.6486,2.1534
3w_aligned_onset,WELL-00024_20160729172014,WELL-00024,0,P-ANULAR,spread,block_bootstrap,raw,180,120,0,-1.0386,-1.1637,-0.6973,0.4664,0.0,1,0,,-12.6818,0.8235,0.1862,19.192,1,,,0,,
3w_aligned_onset,WELL-00024_20160729172014,WELL-00024,0,P-ANULAR,spread,naive,adjusted,180,120,3,-0.1321,-0.296,0.0318,0.3278,0.1143,0,0,,-6.2342,0.2974,0.0176,4.8619,1,0,1,0,0.6486,2.1534
3w_aligned_onset,WELL-00024_20160729172014,WELL-00024,0,P-ANULAR,spread,naive,raw,180,120,0,-1.0386,-1.2025,-0.8747,0.3278,0.0,1,0,,-12.6818,0.8235,0.1862,19.192,1,,,0,,
3w_aligned_onset,WELL-00024_20160729172014,WELL-00024,0,P-JUS-CKGL,level,block_bootstrap,adjusted,180,120,3,-1.4221,-1.691,-1.2335,0.4574,0.0,1,0,,-2.0148,0.1384,0.0878,2.7801,1,0,1,0,0.0517,1.0497
3w_aligned_onset,WELL-00024_20160729172014,WELL-00024,0,P-JUS-CKGL,level,block_bootstrap,raw,180,120,0,-1.6624,-1.9662,-1.4563,0.5099,0.0,1,0,,-4.5674,0.1975,0.0801,3.5731,1,,,0,,
3w_aligned_onset,WELL-00024_20160729172014,WELL-00024,0,P-JUS-CKGL,level,ewc,adjusted,180,120,3,-1.4221,-1.7278,-1.1163,0.6115,0.0,1,0,,-2.0148,0.1384,0.0878,2.7801,1,0,1,0,0.0517,1.0497
3w_aligned_onset,WELL-00024_20160729172014,WELL-00024,0,P-JUS-CKGL,level,ewc,raw,180,120,0,-1.6624,-2.0086,-1.3162,0.6924,0.0,1,0,,-4.5674,0.1975,0.0801,3.5731,1,,,0,,
3w_aligned_onset,WELL-00024_20160729172014,WELL-00024,0,P-JUS-CKGL,level,hac,adjusted,180,120,3,-1.4221,-1.6492,-1.195,0.4542,0.0,1,0,,-2.0148,0.1384,0.0878,2.7801,1,0,1,0,0.0517,1.0497
3w_aligned_onset,WELL-00024_20160729172014,WELL-00024,0,P-JUS-CKGL,level,hac,raw,180,120,0,-1.6624,-1.8999,-1.4249,0.4751,0.0,1,0,,-4.5674,0.1975,0.0801,3.5731,1,,,0,,
3w_aligned_onset,WELL-00024_20160729172014,WELL-00024,0,P-JUS-CKGL,level,naive,adjusted,180,120,3,-1.4221,-1.636,-1.2081,0.4279,0.0,1,0,,-2.0148,0.1384,0.0878,2.7801,1,0,1,0,0.0517,1.0497
3w_aligned_onset,WELL-00024_20160729172014,WELL-00024,0,P-JUS-CKGL,level,naive,raw,180,120,0,-1.6624,-1.8761,-1.4487,0.4274,0.0,1,0,,-4.5674,0.1975,0.0801,3.5731,1,,,0,,
3w_aligned_onset,WELL-00024_20160729172014,WELL-00024,0,P-JUS-CKGL,spread,block_bootstrap,adjusted,180,120,3,-0.0864,-0.2168,0.065,0.2818,0.3,0,0,,-2.0148,0.1384,0.0878,2.7801,1,0,1,0,0.0517,1.0497
3w_aligned_onset,WELL-00024_20160729172014,WELL-00024,0,P-JUS-CKGL,spread,block_bootstrap,raw,180,120,0,-0.1372,-0.2486,0.0377,0.2863,0.14,0,0,,-4.5674,0.1975,0.0801,3.5731,1,,,0,,
3w_aligned_onset,WELL-00024_20160729172014,WELL-00024,0,P-JUS-CKGL,spread,naive,adjusted,180,120,3,-0.0864,-0.2503,0.0775,0.3278,0.3017,0,0,,-2.0148,0.1384,0.0878,2.7801,1,0,1,0,0.0517,1.0497
3w_aligned_onset,WELL-00024_20160729172014,WELL-00024,0,P-JUS-CKGL,spread,naive,raw,180,120,0,-0.1372,-0.3011,0.0267,0.3278,0.101,0,0,,-4.5674,0.1975,0.0801,3.5731,1,,,0,,
3w_aligned_onset,WELL-00024_20160729172014,WELL-00024,0,P-MON-CKP,level,block_bootstrap,adjusted,180,120,3,0.4877,0.3295,0.6215,0.292,0.0,1,0,,1.3348,-0.3081,-0.1615,5.002,0,0,1,0,0.0125,1.0112
3w_aligned_onset,WELL-00024_20160729172014,WELL-00024,0,P-MON-CKP,level,block_bootstrap,raw,180,120,0,0.5567,0.4047,0.6821,0.2774,0.0,1,0,,3.1624,-0.2899,-0.1653,4.7654,1,,,0,,
3w_aligned_onset,WELL-00024_20160729172014,WELL-00024,0,P-MON-CKP,level,ewc,adjusted,180,120,3,0.4877,0.3309,0.6446,0.3136,0.0,1,0,,1.3348,-0.3081,-0.1615,5.002,0,0,1,0,0.0125,1.0112
3w_aligned_onset,WELL-00024_20160729172014,WELL-00024,0,P-MON-CKP,level,ewc,raw,180,120,0,0.5567,0.3888,0.7246,0.3358,0.0,1,0,,3.1624,-0.2899,-0.1653,4.7654,1,,,0,,
3w_aligned_onset,WELL-00024_20160729172014,WELL-00024,0,P-MON-CKP,level,hac,adjusted,180,120,3,0.4877,0.2813,0.6942,0.4129,0.0,1,0,,1.3348,-0.3081,-0.1615,5.002,0,0,1,0,0.0125,1.0112
3w_aligned_onset,WELL-00024_20160729172014,WELL-00024,0,P-MON-CKP,level,hac,raw,180,120,0,0.5567,0.3483,0.7651,0.4169,0.0,1,0,,3.1624,-0.2899,-0.1653,4.7654,1,,,0,,
3w_aligned_onset,WELL-00024_20160729172014,WELL-00024,0,P-MON-CKP,level,naive,adjusted,180,120,3,0.4877,0.2331,0.7424,0.5094,0.0002,1,0,,1.3348,-0.3081,-0.1615,5.002,0,0,1,0,0.0125,1.0112
3w_aligned_onset,WELL-00024_20160729172014,WELL-00024,0,P-MON-CKP,level,naive,raw,180,120,0,0.5567,0.3025,0.811,0.5085,0.0,1,0,,3.1624,-0.2899,-0.1653,4.7654,1,,,0,,
3w_aligned_onset,WELL-00024_20160729172014,WELL-00024,0,P-MON-CKP,spread,block_bootstrap,adjusted,180,120,3,0.1629,-0.0327,0.3587,0.3913,0.1,0,0,,1.3348,-0.3081,-0.1615,5.002,0,0,1,0,0.0125,1.0112
3w_aligned_onset,WELL-00024_20160729172014,WELL-00024,0,P-MON-CKP,spread,block_bootstrap,raw,180,120,0,0.151,-0.0472,0.3604,0.4075,0.13,0,0,,3.1624,-0.2899,-0.1653,4.7654,1,,,0,,
3w_aligned_onset,WELL-00024_20160729172014,WELL-00024,0,P-MON-CKP,spread,naive,adjusted,180,120,3,0.1629,-0.0011,0.3268,0.3278,0.0515,0,0,,1.3348,-0.3081,-0.1615,5.002,0,0,1,0,0.0125,1.0112
3w_aligned_onset,WELL-00024_20160729172014,WELL-00024,0,P-MON-CKP,spread,naive,raw,180,120,0,0.151,-0.0129,0.3149,0.3278,0.071,0,0,,3.1624,-0.2899,-0.1653,4.7654,1,,,0,,
3w_aligned_onset,WELL-00024_20160729172014,WELL-00024,0,P-PDG,level,block_bootstrap,adjusted,180,120,4,,,,,,,1,no_spread,,,,,,,,,,
3w_aligned_onset,WELL-00024_20160729172014,WELL-00024,0,P-PDG,level,block_bootstrap,raw,180,120,0,,,,,,,1,no_spread,,,,,,,,,,
3w_aligned_onset,WELL-00024_20160729172014,WELL-00024,0,P-PDG,level,ewc,adjusted,180,120,4,,,,,,,1,no_spread,,,,,,,,,,
3w_aligned_onset,WELL-00024_20160729172014,WELL-00024,0,P-PDG,level,ewc,raw,180,120,0,,,,,,,1,no_spread,,,,,,,,,,
3w_aligned_onset,WELL-00024_20160729172014,WELL-00024,0,P-PDG,level,hac,adjusted,180,120,4,,,,,,,1,no_spread,,,,,,,,,,
3w_aligned_onset,WELL-00024_20160729172014,WELL-00024,0,P-PDG,level,hac,raw,180,120,0,,,,,,,1,no_spread,,,,,,,,,,
3w_aligned_onset,WELL-00024_20160729172014,WELL-00024,0,P-PDG,level,naive,adjusted,180,120,4,,,,,,,1,no_spread,,,,,,,,,,
3w_aligned_onset,WELL-00024_20160729172014,WELL-00024,0,P-PDG,level,naive,raw,180,120,0,,,,,,,1,no_spread,,,,,,,,,,
3w_aligned_onset,WELL-00024_20160729172014,WELL-00024,0,P-PDG,spread,block_bootstrap,adjusted,180,120,4,,,,,,,1,no_spread,,,,,,,,,,
3w_aligned_onset,WELL-00024_20160729172014,WELL-00024,0,P-PDG,spread,block_bootstrap,raw,180,120,0,,,,,,,1,no_spread,,,,,,,,,,
3w_aligned_onset,WELL-00024_20160729172014,WELL-00024,0,P-PDG,spread,naive,adjusted,180,120,4,,,,,,,1,no_spread,,,,,,,,,,
3w_aligned_onset,WELL-00024_20160729172014,WELL-00024,0,P-PDG,spread,naive,raw,180,120,0,,,,,,,1,no_spread,,,,,,,,,,
3w_aligned_onset,WELL-00024_20160729172014,WELL-00024,0,P-TPT,level,block_bootstrap,adjusted,180,120,3,-0.05,-0.2797,0.1448,0.4245,0.6,0,0,,-0.8446,0.2859,0.0889,4.7132,0,0,1,0,0.6424,0.8636
3w_aligned_onset,WELL-00024_20160729172014,WELL-00024,0,P-TPT,level,block_bootstrap,raw,180,120,0,-0.9774,-1.4446,-0.5487,0.8959,0.0,1,0,,-6.2326,0.7961,0.2539,17.2159,1,,,0,,
3w_aligned_onset,WELL-00024_20160729172014,WELL-00024,0,P-TPT,level,ewc,adjusted,180,120,3,-0.05,-0.2975,0.1976,0.4952,0.6789,0,0,,-0.8446,0.2859,0.0889,4.7132,0,0,1,0,0.6424,0.8636
3w_aligned_onset,WELL-00024_20160729172014,WELL-00024,0,P-TPT,level,ewc,raw,180,120,0,-0.9774,-1.5545,-0.4003,1.1543,0.0025,1,0,,-6.2326,0.7961,0.2539,17.2159,1,,,0,,
3w_aligned_onset,WELL-00024_20160729172014,WELL-00024,0,P-TPT,level,hac,adjusted,180,120,3,-0.05,-0.2185,0.1185,0.337,0.561,0,0,,-0.8446,0.2859,0.0889,4.7132,0,0,1,0,0.6424,0.8636
3w_aligned_onset,WELL-00024_20160729172014,WELL-00024,0,P-TPT,level,hac,raw,180,120,0,-0.9774,-1.4998,-0.455,1.0448,0.0002,1,0,,-6.2326,0.7961,0.2539,17.2159,1,,,0,,
3w_aligned_onset,WELL-00024_20160729172014,WELL-00024,0,P-TPT,level,naive,adjusted,180,120,3,-0.05,-0.1922,0.0923,0.2845,0.4911,0,0,,-0.8446,0.2859,0.0889,4.7132,0,0,1,0,0.6424,0.8636
3w_aligned_onset,WELL-00024_20160729172014,WELL-00024,0,P-TPT,level,naive,raw,180,120,0,-0.9774,-1.167,-0.7879,0.3791,0.0,1,0,,-6.2326,0.7961,0.2539,17.2159,1,,,0,,
3w_aligned_onset,WELL-00024_20160729172014,WELL-00024,0,P-TPT,spread,block_bootstrap,adjusted,180,120,3,0.0479,-0.1032,0.1695,0.2727,0.63,0,0,,-0.8446,0.2859,0.0889,4.7132,0,0,1,0,0.6424,0.8636
3w_aligned_onset,WELL-00024_20160729172014,WELL-00024,0,P-TPT,spread,block_bootstrap,raw,180,120,0,-0.393,-0.557,0.0677,0.6247,0.1,0,0,,-6.2326,0.7961,0.2539,17.2159,1,,,0,,
3w_aligned_onset,WELL-00024_20160729172014,WELL-00024,0,P-TPT,spread,naive,adjusted,180,120,3,0.0479,-0.116,0.2118,0.3278,0.567,0,0,,-0.8446,0.2859,0.0889,4.7132,0,0,1,0,0.6424,0.8636
3w_aligned_onset,WELL-00024_20160729172014,WELL-00024,0,P-TPT,spread,naive,raw,180,120,0,-0.393,-0.5569,-0.2291,0.3278,0.0,1,0,,-6.2326,0.7961,0.2539,17.2159,1,,,0,,
3w_aligned_onset,WELL-00024_20160729172014,WELL-00024,0,T-TPT,level,block_bootstrap,adjusted,180,120,4,,,,,,,1,no_spread,,,,,,,,,,
3w_aligned_onset,WELL-00024_20160729172014,WELL-00024,0,T-TPT,level,block_bootstrap,raw,180,120,0,,,,,,,1,no_spread,,,,,,,,,,
3w_aligned_onset,WELL-00024_20160729172014,WELL-00024,0,T-TPT,level,ewc,adjusted,180,120,4,,,,,,,1,no_spread,,,,,,,,,,
3w_aligned_onset,WELL-00024_20160729172014,WELL-00024,0,T-TPT,level,ewc,raw,180,120,0,,,,,,,1,no_spread,,,,,,,,,,
3w_aligned_onset,WELL-00024_20160729172014,WELL-00024,0,T-TPT,level,hac,adjusted,180,120,4,,,,,,,1,no_spread,,,,,,,,,,
3w_aligned_onset,WELL-00024_20160729172014,WELL-00024,0,T-TPT,level,hac,raw,180,120,0,,,,,,,1,no_spread,,,,,,,,,,
3w_aligned_onset,WELL-00024_20160729172014,WELL-00024,0,T-TPT,level,naive,adjusted,180,120,4,,,,,,,1,no_spread,,,,,,,,,,
3w_aligned_onset,WELL-00024_20160729172014,WELL-00024,0,T-TPT,level,naive,raw,180,120,0,,,,,,,1,no_spread,,,,,,,,,,
3w_aligned_onset,WELL-00024_20160729172014,WELL-00024,0,T-TPT,spread,block_bootstrap,adjusted,180,120,4,,,,,,,1,no_spread,,,,,,,,,,
3w_aligned_onset,WELL-00024_20160729172014,WELL-00024,0,T-TPT,spread,block_bootstrap,raw,180,120,0,,,,,,,1,no_spread,,,,,,,,,,
3w_aligned_onset,WELL-00024_20160729172014,WELL-00024,0,T-TPT,spread,naive,adjusted,180,120,4,,,,,,,1,no_spread,,,,,,,,,,
3w_aligned_onset,WELL-00024_20160729172014,WELL-00024,0,T-TPT,spread,naive,raw,180,120,0,,,,,,,1,no_spread,,,,,,,,,,
3w_aligned_onset,WELL-00024_20160825100303,WELL-00024,0,P-ANULAR,level,block_bootstrap,adjusted,180,120,4,0.2744,0.1519,0.3977,0.2458,0.0,1,0,,-0.6977,-0.056,0.198,1.5046,0,0,1,0,0.769,0.287
3w_aligned_onset,WELL-00024_20160825100303,WELL-00024,0,P-ANULAR,level,block_bootstrap,raw,180,120,0,0.2329,-0.3379,0.7271,1.065,0.47,0,0,,-18.8812,0.7364,0.7143,14.0879,1,,,0,,
3w_aligned_onset,WELL-00024_20160825100303,WELL-00024,0,P-ANULAR,level,ewc,adjusted,180,120,4,0.2744,0.1377,0.411,0.2732,0.0004,1,0,,-0.6977,-0.056,0.198,1.5046,0,0,1,0,0.769,0.287
3w_aligned_onset,WELL-00024_20160825100303,WELL-00024,0,P-ANULAR,level,ewc,raw,180,120,0,0.2329,-0.4589,0.9246,1.3835,0.4916,0,0,,-18.8812,0.7364,0.7143,14.0879,1,,,0,,
3w_aligned_onset,WELL-00024_20160825100303,WELL-00024,0,P-ANULAR,level,hac,adjusted,180,120,4,0.2744,0.1661,0.3826,0.2165,0.0,1,0,,-0.6977,-0.056,0.198,1.5046,0,0,1,0,0.769,0.287
3w_aligned_onset,WELL-00024_20160825100303,WELL-00024,0,P-ANULAR,level,hac,raw,180,120,0,0.2329,-0.3669,0.8327,1.1996,0.4467,0,0,,-18.8812,0.7364,0.7143,14.0879,1,,,0,,
3w_aligned_onset,WELL-00024_20160825100303,WELL-00024,0,P-ANULAR,level,naive,adjusted,180,120,4,0.2744,0.1719,0.3768,0.2049,0.0,1,0,,-0.6977,-0.056,0.198,1.5046,0,0,1,0,0.769,0.287
3w_aligned_onset,WELL-00024_20160825100303,WELL-00024,0,P-ANULAR,level,naive,raw,180,120,0,0.2329,0.031,0.4347,0.4037,0.0237,1,0,,-18.8812,0.7364,0.7143,14.0879,1,,,0,,
3w_aligned_onset,WELL-00024_20160825100303,WELL-00024,0,P-ANULAR,spread,block_bootstrap,adjusted,180,120,4,-0.1418,-0.2966,0.0186,0.3152,0.1,0,0,,-0.6977,-0.056,0.198,1.5046,0,0,1,0,0.769,0.287
3w_aligned_onset,WELL-00024_20160825100303,WELL-00024,0,P-ANULAR,spread,block_bootstrap,raw,180,120,0,-0.2505,-0.7194,0.0819,0.8013,0.18,0,0,,-18.8812,0.7364,0.7143,14.0879,1,,,0,,
3w_aligned_onset,WELL-00024_20160825100303,WELL-00024,0,P-ANULAR,spread,naive,adjusted,180,120,4,-0.1418,-0.3058,0.0221,0.3278,0.0899,0,0,,-0.6977,-0.056,0.198,1.5046,0,0,1,0,0.769,0.287
3w_aligned_onset,WELL-00024_20160825100303,WELL-00024,0,P-ANULAR,spread,naive,raw,180,120,0,-0.2505,-0.4144,-0.0865,0.3278,0.0027,1,0,,-18.8812,0.7364,0.7143,14.0879,1,,,0,,
3w_aligned_onset,WELL-00024_20160825100303,WELL-00024,0,P-JUS-CKGL,level,block_bootstrap,adjusted,180,120,4,-1.1642,-1.4617,-0.8131,0.6486,0.0,1,0,,-2.0191,0.8138,0.6608,18.4392,1,0,1,0,0.6259,2.7637
3w_aligned_onset,WELL-00024_20160825100303,WELL-00024,0,P-JUS-CKGL,level,block_bootstrap,raw,180,120,0,-1.0457,-1.5115,-0.6332,0.8783,0.0,1,0,,-9.6977,0.9944,0.8494,179.0,1,,,1,,
3w_aligned_onset,WELL-00024_20160825100303,WELL-00024,0,P-JUS-CKGL,level,ewc,adjusted,180,120,4,-1.1642,-1.5789,-0.7494,0.8295,0.0,1,0,,-2.0191,0.8138,0.6608,18.4392,1,0,1,0,0.6259,2.7637
3w_aligned_onset,WELL-00024_20160825100303,WELL-00024,0,P-JUS-CKGL,level,ewc,raw,180,120,0,-1.0457,-1.6838,-0.4075,1.2763,0.0034,1,0,,-9.6977,0.9944,0.8494,179.0,1,,,1,,
3w_aligned_onset,WELL-00024_20160825100303,WELL-00024,0,P-JUS-CKGL,level,hac,adjusted,180,120,4,-1.1642,-1.5395,-0.7889,0.7506,0.0,1,0,,-2.0191,0.8138,0.6608,18.4392,1,0,1,0,0.6259,2.7637
3w_aligned_onset,WELL-00024_20160825100303,WELL-00024,0,P-JUS-CKGL,level,hac,raw,180,120,0,-1.0457,-1.9088,-0.1826,1.7262,0.0176,1,0,,-9.6977,0.9944,0.8494,179.0,1,,,1,,
3w_aligned_onset,WELL-00024_20160825100303,WELL-00024,0,P-JUS-CKGL,level,naive,adjusted,180,120,4,-1.1642,-1.2881,-1.0403,0.2478,0.0,1,0,,-2.0191,0.8138,0.6608,18.4392,1,0,1,0,0.6259,2.7637
3w_aligned_onset,WELL-00024_20160825100303,WELL-00024,0,P-JUS-CKGL,level,naive,raw,180,120,0,-1.0457,-1.2006,-0.8907,0.3099,0.0,1,0,,-9.6977,0.9944,0.8494,179.0,1,,,1,,
3w_aligned_onset,WELL-00024_20160825100303,WELL-00024,0,P-JUS-CKGL,spread,block_bootstrap,adjusted,180,120,4,-0.2426,-0.6722,0.0185,0.6907,0.07,0,0,,-2.0191,0.8138,0.6608,18.4392,1,0,1,0,0.6259,2.7637
3w_aligned_onset,WELL-00024_20160825100303,WELL-00024,0,P-JUS-CKGL,spread,block_bootstrap,raw,180,120,0,-1.2424,-1.6593,-0.9144,0.7449,0.0,1,0,,-9.6977,0.9944,0.8494,179.0,1,,,1,,
3w_aligned_onset,WELL-00024_20160825100303,WELL-00024,0,P-JUS-CKGL,spread,naive,adjusted,180,120,4,-0.2426,-0.4065,-0.0786,0.3278,0.0037,1,0,,-2.0191,0.8138,0.6608,18.4392,1,0,1,0,0.6259,2.7637
3w_aligned_onset,WELL-00024_20160825100303,WELL-00024,0,P-JUS-CKGL,spread,naive,raw,180,120,0,-1.2424,-1.4064,-1.0785,0.3278,0.0,1,0,,-9.6977,0.9944,0.8494,179.0,1,,,1,,
3w_aligned_onset,WELL-00024_20160825100303,WELL-00024,0,P-MON-CKP,level,block_bootstrap,adjusted,180,120,4,0.3027,0.1653,0.4255,0.2602,0.0,1,0,,0.2236,-0.1873,-0.2678,3.4391,0,0,1,0,0.015,0.9874
3w_aligned_onset,WELL-00024_20160825100303,WELL-00024,0,P-MON-CKP,level,block_bootstrap,raw,180,120,0,0.4885,0.3383,0.6122,0.2739,0.0,1,0,,1.3798,-0.1848,-0.2694,3.4071,0,,,0,,
3w_aligned_onset,WELL-00024_20160825100303,WELL-00024,0,P-MON-CKP,level,ewc,adjusted,180,120,4,0.3027,0.1891,0.4163,0.2272,0.0,1,0,,0.2236,-0.1873,-0.2678,3.4391,0,0,1,0,0.015,0.9874
3w_aligned_onset,WELL-00024_20160825100303,WELL-00024,0,P-MON-CKP,level,ewc,raw,180,120,0,0.4885,0.363,0.614,0.251,0.0,1,0,,1.3798,-0.1848,-0.2694,3.4071,0,,,0,,
3w_aligned_onset,WELL-00024_20160825100303,WELL-00024,0,P-MON-CKP,level,hac,adjusted,180,120,4,0.3027,0.1489,0.4564,0.3075,0.0001,1,0,,0.2236,-0.1873,-0.2678,3.4391,0,0,1,0,0.015,0.9874
3w_aligned_onset,WELL-00024_20160825100303,WELL-00024,0,P-MON-CKP,level,hac,raw,180,120,0,0.4885,0.3332,0.6437,0.3106,0.0,1,0,,1.3798,-0.1848,-0.2694,3.4071,0,,,0,,
3w_aligned_onset,WELL-00024_20160825100303,WELL-00024,0,P-MON-CKP,level,naive,adjusted,180,120,4,0.3027,0.0725,0.5328,0.4602,0.0099,1,0,,0.2236,-0.1873,-0.2678,3.4391,0,0,1,0,0.015,0.9874
3w_aligned_onset,WELL-00024_20160825100303,WELL-00024,0,P-MON-CKP,level,naive,raw,180,120,0,0.4885,0.2568,0.7202,0.4634,0.0,1,0,,1.3798,-0.1848,-0.2694,3.4071,0,,,0,,
3w_aligned_onset,WELL-00024_20160825100303,WELL-00024,0,P-MON-CKP,spread,block_bootstrap,adjusted,180,120,4,0.0064,-0.1395,0.1448,0.2843,0.96,0,0,,0.2236,-0.1873,-0.2678,3.4391,0,0,1,0,0.015,0.9874
3w_aligned_onset,WELL-00024_20160825100303,WELL-00024,0,P-MON-CKP,spread,block_bootstrap,raw,180,120,0,0.0052,-0.1464,0.1279,0.2743,1.0,0,0,,1.3798,-0.1848,-0.2694,3.4071,0,,,0,,
3w_aligned_onset,WELL-00024_20160825100303,WELL-00024,0,P-MON-CKP,spread,naive,adjusted,180,120,4,0.0064,-0.1576,0.1703,0.3278,0.9393,0,0,,0.2236,-0.1873,-0.2678,3.4391,0,0,1,0,0.015,0.9874
3w_aligned_onset,WELL-00024_20160825100303,WELL-00024,0,P-MON-CKP,spread,naive,raw,180,120,0,0.0052,-0.1588,0.1691,0.3278,0.9508,0,0,,1.3798,-0.1848,-0.2694,3.4071,0,,,0,,
3w_aligned_onset,WELL-00024_20160825100303,WELL-00024,0,P-PDG,level,block_bootstrap,adjusted,180,120,5,,,,,,,1,no_spread,,,,,,,,,,
3w_aligned_onset,WELL-00024_20160825100303,WELL-00024,0,P-PDG,level,block_bootstrap,raw,180,120,0,,,,,,,1,no_spread,,,,,,,,,,
3w_aligned_onset,WELL-00024_20160825100303,WELL-00024,0,P-PDG,level,ewc,adjusted,180,120,5,,,,,,,1,no_spread,,,,,,,,,,
3w_aligned_onset,WELL-00024_20160825100303,WELL-00024,0,P-PDG,level,ewc,raw,180,120,0,,,,,,,1,no_spread,,,,,,,,,,
3w_aligned_onset,WELL-00024_20160825100303,WELL-00024,0,P-PDG,level,hac,adjusted,180,120,5,,,,,,,1,no_spread,,,,,,,,,,
3w_aligned_onset,WELL-00024_20160825100303,WELL-00024,0,P-PDG,level,hac,raw,180,120,0,,,,,,,1,no_spread,,,,,,,,,,
3w_aligned_onset,WELL-00024_20160825100303,WELL-00024,0,P-PDG,level,naive,adjusted,180,120,5,,,,,,,1,no_spread,,,,,,,,,,
3w_aligned_onset,WELL-00024_20160825100303,WELL-00024,0,P-PDG,level,naive,raw,180,120,0,,,,,,,1,no_spread,,,,,,,,,,
3w_aligned_onset,WELL-00024_20160825100303,WELL-00024,0,P-PDG,spread,block_bootstrap,adjusted,180,120,5,,,,,,,1,no_spread,,,,,,,,,,
3w_aligned_onset,WELL-00024_20160825100303,WELL-00024,0,P-PDG,spread,block_bootstrap,raw,180,120,0,,,,,,,1,no_spread,,,,,,,,,,
3w_aligned_onset,WELL-00024_20160825100303,WELL-00024,0,P-PDG,spread,naive,adjusted,180,120,5,,,,,,,1,no_spread,,,,,,,,,,
3w_aligned_onset,WELL-00024_20160825100303,WELL-00024,0,P-PDG,spread,naive,raw,180,120,0,,,,,,,1,no_spread,,,,,,,,,,
3w_aligned_onset,WELL-00024_20160825100303,WELL-00024,0,P-TPT,level,block_bootstrap,adjusted,180,120,4,-0.0078,-0.2505,0.2186,0.4691,0.86,0,0,,-0.9213,0.3554,0.447,5.6332,0,0,1,0,0.7807,0.3233
3w_aligned_onset,WELL-00024_20160825100303,WELL-00024,0,P-TPT,level,block_bootstrap,raw,180,120,0,0.0199,-0.6316,0.6338,1.2654,0.93,0,0,,-12.6959,0.8973,0.8463,28.389,1,,,1,,
3w_aligned_onset,WELL-00024_20160825100303,WELL-00024,0,P-TPT,level,ewc,adjusted,180,120,4,-0.0078,-0.3085,0.2929,0.6015,0.957,0,0,,-0.9213,0.3554,0.447,5.6332,0,0,1,0,0.7807,0.3233
3w_aligned_onset,WELL-00024_20160825100303,WELL-00024,0,P-TPT,level,ewc,raw,180,120,0,0.0199,-0.7869,0.8267,1.6136,0.9595,0,0,,-12.6959,0.8973,0.8463,28.389,1,,,1,,
3w_aligned_onset,WELL-00024_20160825100303,WELL-00024,0,P-TPT,level,hac,adjusted,180,120,4,-0.0078,-0.204,0.1884,0.3923,0.9378,0,0,,-0.9213,0.3554,0.447,5.6332,0,0,1,0,0.7807,0.3233
3w_aligned_onset,WELL-00024_20160825100303,WELL-00024,0,P-TPT,level,hac,raw,180,120,0,0.0199,-0.8762,0.916,1.7922,0.9652,0,0,,-12.6959,0.8973,0.8463,28.389,1,,,1,,
3w_aligned_onset,WELL-00024_20160825100303,WELL-00024,0,P-TPT,level,naive,adjusted,180,120,4,-0.0078,-0.1224,0.1068,0.2292,0.8938,0,0,,-0.9213,0.3554,0.447,5.6332,0,0,1,0,0.7807,0.3233
3w_aligned_onset,WELL-00024_20160825100303,WELL-00024,0,P-TPT,level,naive,raw,180,120,0,0.0199,-0.198,0.2379,0.4359,0.8578,0,0,,-12.6959,0.8973,0.8463,28.389,1,,,1,,
3w_aligned_onset,WELL-00024_20160825100303,WELL-00024,0,P-TPT,spread,block_bootstrap,adjusted,180,120,4,0.0933,-0.1424,0.2662,0.4085,0.43,0,0,,-0.9213,0.3554,0.447,5.6332,0,0,1,0,0.7807,0.3233
3w_aligned_onset,WELL-00024_20160825100303,WELL-00024,0,P-TPT,spread,block_bootstrap,raw,180,120,0,-0.1009,-0.7952,0.1922,0.9874,0.37,0,0,,-12.6959,0.8973,0.8463,28.389,1,,,1,,
3w_aligned_onset,WELL-00024_20160825100303,WELL-00024,0,P-TPT,spread,naive,adjusted,180,120,4,0.0933,-0.0706,0.2572,0.3278,0.2647,0,0,,-0.9213,0.3554,0.447,5.6332,0,0,1,0,0.7807,0.3233
3w_aligned_onset,WELL-00024_20160825100303,WELL-00024,0,P-TPT,spread,naive,raw,180,120,0,-0.1009,-0.2648,0.063,0.3278,0.2276,0,0,,-12.6959,0.8973,0.8463,28.389,1,,,1,,
3w_aligned_onset,WELL-00024_20160825100303,WELL-00024,0,T-TPT,level,block_bootstrap,adjusted,180,120,4,0.4092,0.2613,0.5485,0.2872,0.0,1,0,,-0.5219,0.1312,0.1774,2.68,0,0,1,0,0.7545,0.4443
3w_aligned_onset,WELL-00024_20160825100303,WELL-00024,0,T-TPT,level,block_bootstrap,raw,180,120,0,0.2779,-0.2299,0.7096,0.9395,0.3,0,0,,-13.6784,0.8046,0.5922,17.7796,1,,,0,,
3w_aligned_onset,WELL-00024_20160825100303,WELL-00024,0,T-TPT,level,ewc,adjusted,180,120,4,0.4092,0.2455,0.5728,0.3272,0.0,1,0,,-0.5219,0.1312,0.1774,2.68,0,0,1,0,0.7545,0.4443
3w_aligned_onset,WELL-00024_20160825100303,WELL-00024,0,T-TPT,level,ewc,raw,180,120,0,0.2779,-0.3701,0.926,1.2961,0.3817,0,0,,-13.6784,0.8046,0.5922,17.7796,1,,,0,,
3w_aligned_onset,WELL-00024_20160825100303,WELL-00024,0,T-TPT,level,hac,adjusted,180,120,4,0.4092,0.2834,0.5349,0.2514,0.0,1,0,,-0.5219,0.1312,0.1774,2.68,0,0,1,0,0.7545,0.4443
3w_aligned_onset,WELL-00024_20160825100303,WELL-00024,0,T-TPT,level,hac,raw,180,120,0,0.2779,-0.3044,0.8603,1.1647,0.3496,0,0,,-13.6784,0.8046,0.5922,17.7796,1,,,0,,
3w_aligned_onset,WELL-00024_20160825100303,WELL-00024,0,T-TPT,level,naive,adjusted,180,120,4,0.4092,0.2969,0.5214,0.2245,0.0,1,0,,-0.5219,0.1312,0.1774,2.68,0,0,1,0,0.7545,0.4443
3w_aligned_onset,WELL-00024_20160825100303,WELL-00024,0,T-TPT,level,naive,raw,180,120,0,0.2779,0.0833,0.4726,0.3893,0.0051,1,0,,-13.6784,0.8046,0.5922,17.7796,1,,,0,,
3w_aligned_onset,WELL-00024_20160825100303,WELL-00024,0,T-TPT,spread,block_bootstrap,adjusted,180,120,4,-0.033,-0.1725,0.0867,0.2592,0.62,0,0,,-0.5219,0.1312,0.1774,2.68,0,0,1,0,0.7545,0.4443
3w_aligned_onset,WELL-00024_20160825100303,WELL-00024,0,T-TPT,spread,block_bootstrap,raw,180,120,0,-0.3297,-0.6607,-0.1111,0.5496,0.01,1,0,,-13.6784,0.8046,0.5922,17.7796,1,,,0,,
3w_aligned_onset,WELL-00024_20160825100303,WELL-00024,0,T-TPT,spread,naive,adjusted,180,120,4,-0.033,-0.1969,0.1309,0.3278,0.6932,0,0,,-0.5219,0.1312,0.1774,2.68,0,0,1,0,0.7545,0.4443
3w_aligned_onset,WELL-00024_20160825100303,WELL-00024,0,T-TPT,spread,naive,raw,180,120,0,-0.3297,-0.4936,-0.1658,0.3278,0.0001,1,0,,-13.6784,0.8046,0.5922,17.7796,1,,,0,,
3w_aligned_onset,WELL-00024_20160909220000,WELL-00024,0,P-ANULAR,level,block_bootstrap,adjusted,180,120,4,,,,,,,1,covariate_outside,,,,,,1,1,,,
3w_aligned_onset,WELL-00024_20160909220000,WELL-00024,0,P-ANULAR,level,block_bootstrap,raw,180,120,0,-2.4197,-2.9062,-2.0801,0.8261,0.0,1,0,,-18.3105,0.8465,0.4568,21.2764,1,,,0,,
3w_aligned_onset,WELL-00024_20160909220000,WELL-00024,0,P-ANULAR,level,ewc,adjusted,180,120,4,,,,,,,1,covariate_outside,,,,,,1,1,,,
3w_aligned_onset,WELL-00024_20160909220000,WELL-00024,0,P-ANULAR,level,ewc,raw,180,120,0,-2.4197,-3.0149,-1.8246,1.1903,0.0,1,0,,-18.3105,0.8465,0.4568,21.2764,1,,,0,,
3w_aligned_onset,WELL-00024_20160909220000,WELL-00024,0,P-ANULAR,level,hac,adjusted,180,120,4,,,,,,,1,covariate_outside,,,,,,1,1,,,
3w_aligned_onset,WELL-00024_20160909220000,WELL-00024,0,P-ANULAR,level,hac,raw,180,120,0,-2.4197,-3.0189,-1.8206,1.1982,0.0,1,0,,-18.3105,0.8465,0.4568,21.2764,1,,,0,,
3w_aligned_onset,WELL-00024_20160909220000,WELL-00024,0,P-ANULAR,level,naive,adjusted,180,120,4,,,,,,,1,covariate_outside,,,,,,1,1,,,
3w_aligned_onset,WELL-00024_20160909220000,WELL-00024,0,P-ANULAR,level,naive,raw,180,120,0,-2.4197,-2.5833,-2.2562,0.3271,0.0,1,0,,-18.3105,0.8465,0.4568,21.2764,1,,,0,,
3w_aligned_onset,WELL-00024_20160909220000,WELL-00024,0,P-ANULAR,spread,block_bootstrap,adjusted,180,120,4,,,,,,,1,covariate_outside,,,,,,1,1,,,
3w_aligned_onset,WELL-00024_20160909220000,WELL-00024,0,P-ANULAR,spread,block_bootstrap,raw,180,120,0,-0.8899,-1.2488,-0.5994,0.6493,0.0,1,0,,-18.3105,0.8465,0.4568,21.2764,1,,,0,,
3w_aligned_onset,WELL-00024_20160909220000,WELL-00024,0,P-ANULAR,spread,naive,adjusted,180,120,4,,,,,,,1,covariate_outside,,,,,,1,1,,,
3w_aligned_onset,WELL-00024_20160909220000,WELL-00024,0,P-ANULAR,spread,naive,raw,180,120,0,-0.8899,-1.0538,-0.726,0.3278,0.0,1,0,,-18.3105,0.8465,0.4568,21.2764,1,,,0,,
3w_aligned_onset,WELL-00024_20160909220000,WELL-00024,0,P-JUS-CKGL,level,block_bootstrap,adjusted,180,120,4,,,,,,,1,covariate_outside,,,,,,1,1,,,
3w_aligned_onset,WELL-00024_20160909220000,WELL-00024,0,P-JUS-CKGL,level,block_bootstrap,raw,180,120,0,5.5881,4.8808,6.3075,1.4266,0.0,1,0,,-1.2011,0.8564,0.904,22.3345,0,,,1,,
3w_aligned_onset,WELL-00024_20160909220000,WELL-00024,0,P-JUS-CKGL,level,ewc,adjusted,180,120,4,,,,,,,1,covariate_outside,,,,,,1,1,,,
3w_aligned_onset,WELL-00024_20160909220000,WELL-00024,0,P-JUS-CKGL,level,ewc,raw,180,120,0,5.5881,4.5638,6.6123,2.0486,0.0,1,0,,-1.2011,0.8564,0.904,22.3345,0,,,1,,
3w_aligned_onset,WELL-00024_20160909220000,WELL-00024,0,P-JUS-CKGL,level,hac,adjusted,180,120,4,,,,,,,1,covariate_outside,,,,,,1,1,,,
3w_aligned_onset,WELL-00024_20160909220000,WELL-00024,0,P-JUS-CKGL,level,hac,raw,180,120,0,5.5881,4.6067,6.5694,1.9627,0.0,1,0,,-1.2011,0.8564,0.904,22.3345,0,,,1,,
3w_aligned_onset,WELL-00024_20160909220000,WELL-00024,0,P-JUS-CKGL,level,naive,adjusted,180,120,4,,,,,,,1,covariate_outside,,,,,,1,1,,,
3w_aligned_onset,WELL-00024_20160909220000,WELL-00024,0,P-JUS-CKGL,level,naive,raw,180,120,0,5.5881,5.305,5.8711,0.5661,0.0,1,0,,-1.2011,0.8564,0.904,22.3345,0,,,1,,
3w_aligned_onset,WELL-00024_20160909220000,WELL-00024,0,P-JUS-CKGL,spread,block_bootstrap,adjusted,180,120,4,,,,,,,1,covariate_outside,,,,,,1,1,,,
3w_aligned_onset,WELL-00024_20160909220000,WELL-00024,0,P-JUS-CKGL,spread,block_bootstrap,raw,180,120,0,0.3037,-0.2434,0.6778,0.9212,0.57,0,0,,-1.2011,0.8564,0.904,22.3345,0,,,1,,
3w_aligned_onset,WELL-00024_20160909220000,WELL-00024,0,P-JUS-CKGL,spread,naive,adjusted,180,120,4,,,,,,,1,covariate_outside,,,,,,1,1,,,
3w_aligned_onset,WELL-00024_20160909220000,WELL-00024,0,P-JUS-CKGL,spread,naive,raw,180,120,0,0.3037,0.1398,0.4677,0.3278,0.0003,1,0,,-1.2011,0.8564,0.904,22.3345,0,,,1,,
3w_aligned_onset,WELL-00024_20160909220000,WELL-00024,0,P-MON-CKP,level,block_bootstrap,adjusted,180,120,4,,,,,,,1,covariate_outside,,,,,,1,1,,,
3w_aligned_onset,WELL-00024_20160909220000,WELL-00024,0,P-MON-CKP,level,block_bootstrap,raw,180,120,0,1.4041,1.2438,1.6609,0.4172,0.0,1,0,,7.4775,-0.2076,-0.2789,3.7039,1,,,0,,
3w_aligned_onset,WELL-00024_20160909220000,WELL-00024,0,P-MON-CKP,level,ewc,adjusted,180,120,4,,,,,,,1,covariate_outside,,,,,,1,1,,,
3w_aligned_onset,WELL-00024_20160909220000,WELL-00024,0,P-MON-CKP,level,ewc,raw,180,120,0,1.4041,1.1493,1.659,0.5097,0.0,1,0,,7.4775,-0.2076,-0.2789,3.7039,1,,,0,,
3w_aligned_onset,WELL-00024_20160909220000,WELL-00024,0,P-MON-CKP,level,hac,adjusted,180,120,4,,,,,,,1,covariate_outside,,,,,,1,1,,,
3w_aligned_onset,WELL-00024_20160909220000,WELL-00024,0,P-MON-CKP,level,hac,raw,180,120,0,1.4041,1.2146,1.5937,0.3791,0.0,1,0,,7.4775,-0.2076,-0.2789,3.7039,1,,,0,,
3w_aligned_onset,WELL-00024_20160909220000,WELL-00024,0,P-MON-CKP,level,naive,adjusted,180,120,4,,,,,,,1,covariate_outside,,,,,,1,1,,,
3w_aligned_onset,WELL-00024_20160909220000,WELL-00024,0,P-MON-CKP,level,naive,raw,180,120,0,1.4041,1.1702,1.6381,0.4678,0.0,1,0,,7.4775,-0.2076,-0.2789,3.7039,1,,,0,,
3w_aligned_onset,WELL-00024_20160909220000,WELL-00024,0,P-MON-CKP,spread,block_bootstrap,adjusted,180,120,4,,,,,,,1,covariate_outside,,,,,,1,1,,,
3w_aligned_onset,WELL-00024_20160909220000,WELL-00024,0,P-MON-CKP,spread,block_bootstrap,raw,180,120,0,0.0209,-0.1732,0.2566,0.4298,0.82,0,0,,7.4775,-0.2076,-0.2789,3.7039,1,,,0,,
3w_aligned_onset,WELL-00024_20160909220000,WELL-00024,0,P-MON-CKP,spread,naive,adjusted,180,120,4,,,,,,,1,covariate_outside,,,,,,1,1,,,
3w_aligned_onset,WELL-00024_20160909220000,WELL-00024,0,P-MON-CKP,spread,naive,raw,180,120,0,0.0209,-0.143,0.1848,0.3278,0.8029,0,0,,7.4775,-0.2076,-0.2789,3.7039,1,,,0,,
3w_aligned_onset,WELL-00024_20160909220000,WELL-00024,0,P-PDG,level,block_bootstrap,adjusted,180,120,5,,,,,,,1,no_spread,,,,,,,,,,
3w_aligned_onset,WELL-00024_20160909220000,WELL-00024,0,P-PDG,level,block_bootstrap,raw,180,120,0,,,,,,,1,no_spread,,,,,,,,,,
3w_aligned_onset,WELL-00024_20160909220000,WELL-00024,0,P-PDG,level,ewc,adjusted,180,120,5,,,,,,,1,no_spread,,,,,,,,,,
3w_aligned_onset,WELL-00024_20160909220000,WELL-00024,0,P-PDG,level,ewc,raw,180,120,0,,,,,,,1,no_spread,,,,,,,,,,
3w_aligned_onset,WELL-00024_20160909220000,WELL-00024,0,P-PDG,level,hac,adjusted,180,120,5,,,,,,,1,no_spread,,,,,,,,,,
3w_aligned_onset,WELL-00024_20160909220000,WELL-00024,0,P-PDG,level,hac,raw,180,120,0,,,,,,,1,no_spread,,,,,,,,,,
3w_aligned_onset,WELL-00024_20160909220000,WELL-00024,0,P-PDG,level,naive,adjusted,180,120,5,,,,,,,1,no_spread,,,,,,,,,,
3w_aligned_onset,WELL-00024_20160909220000,WELL-00024,0,P-PDG,level,naive,raw,180,120,0,,,,,,,1,no_spread,,,,,,,,,,
3w_aligned_onset,WELL-00024_20160909220000,WELL-00024,0,P-PDG,spread,block_bootstrap,adjusted,180,120,5,,,,,,,1,no_spread,,,,,,,,,,
3w_aligned_onset,WELL-00024_20160909220000,WELL-00024,0,P-PDG,spread,block_bootstrap,raw,180,120,0,,,,,,,1,no_spread,,,,,,,,,,
3w_aligned_onset,WELL-00024_20160909220000,WELL-00024,0,P-PDG,spread,naive,adjusted,180,120,5,,,,,,,1,no_spread,,,,,,,,,,
3w_aligned_onset,WELL-00024_20160909220000,WELL-00024,0,P-PDG,spread,naive,raw,180,120,0,,,,,,,1,no_spread,,,,,,,,,,
3w_aligned_onset,WELL-00024_20160909220000,WELL-00024,0,P-TPT,level,block_bootstrap,adjusted,180,120,4,,,,,,,1,covariate_outside,,,,,,1,1,,,
3w_aligned_onset,WELL-00024_20160909220000,WELL-00024,0,P-TPT,level,block_bootstrap,raw,180,120,0,-3.0942,-3.5829,-2.6846,0.8983,0.0,1,0,,-23.7369,0.7834,0.5426,16.4407,1,,,0,,
3w_aligned_onset,WELL-00024_20160909220000,WELL-00024,0,P-TPT,level,ewc,adjusted,180,120,4,,,,,,,1,covariate_outside,,,,,,1,1,,,
3w_aligned_onset,WELL-00024_20160909220000,WELL-00024,0,P-TPT,level,ewc,raw,180,120,0,-3.0942,-3.748,-2.4403,1.3077,0.0,1,0,,-23.7369,0.7834,0.5426,16.4407,1,,,0,,
3w_aligned_onset,WELL-00024_20160909220000,WELL-00024,0,P-TPT,level,hac,adjusted,180,120,4,,,,,,,1,covariate_outside,,,,,,1,1,,,
3w_aligned_onset,WELL-00024_20160909220000,WELL-00024,0,P-TPT,level,hac,raw,180,120,0,-3.0942,-3.6715,-2.5168,1.1548,0.0,1,0,,-23.7369,0.7834,0.5426,16.4407,1,,,0,,
3w_aligned_onset,WELL-00024_20160909220000,WELL-00024,0,P-TPT,level,naive,adjusted,180,120,4,,,,,,,1,covariate_outside,,,,,,1,1,,,
3w_aligned_onset,WELL-00024_20160909220000,WELL-00024,0,P-TPT,level,naive,raw,180,120,0,-3.0942,-3.2951,-2.8932,0.402,0.0,1,0,,-23.7369,0.7834,0.5426,16.4407,1,,,0,,
3w_aligned_onset,WELL-00024_20160909220000,WELL-00024,0,P-TPT,spread,block_bootstrap,adjusted,180,120,4,,,,,,,1,covariate_outside,,,,,,1,1,,,
3w_aligned_onset,WELL-00024_20160909220000,WELL-00024,0,P-TPT,spread,block_bootstrap,raw,180,120,0,-0.2594,-0.5492,-0.0147,0.5345,0.03,1,0,,-23.7369,0.7834,0.5426,16.4407,1,,,0,,
3w_aligned_onset,WELL-00024_20160909220000,WELL-00024,0,P-TPT,spread,naive,adjusted,180,120,4,,,,,,,1,covariate_outside,,,,,,1,1,,,
3w_aligned_onset,WELL-00024_20160909220000,WELL-00024,0,P-TPT,spread,naive,raw,180,120,0,-0.2594,-0.4233,-0.0955,0.3278,0.0019,1,0,,-23.7369,0.7834,0.5426,16.4407,1,,,0,,
3w_aligned_onset,WELL-00024_20160909220000,WELL-00024,0,T-TPT,level,block_bootstrap,adjusted,180,120,4,,,,,,,1,covariate_outside,,,,,,1,1,,,
3w_aligned_onset,WELL-00024_20160909220000,WELL-00024,0,T-TPT,level,block_bootstrap,raw,180,120,0,-1.6184,-2.0564,-1.2252,0.8313,0.0,1,0,,-13.0589,0.865,0.4409,23.3637,1,,,0,,
3w_aligned_onset,WELL-00024_20160909220000,WELL-00024,0,T-TPT,level,ewc,adjusted,180,120,4,,,,,,,1,covariate_outside,,,,,,1,1,,,
3w_aligned_onset,WELL-00024_20160909220000,WELL-00024,0,T-TPT,level,ewc,raw,180,120,0,-1.6184,-2.2238,-1.013,1.2108,0.0,1,0,,-13.0589,0.865,0.4409,23.3637,1,,,0,,
3w_aligned_onset,WELL-00024_20160909220000,WELL-00024,0,T-TPT,level,hac,adjusted,180,120,4,,,,,,,1,covariate_outside,,,,,,1,1,,,
3w_aligned_onset,WELL-00024_20160909220000,WELL-00024,0,T-TPT,level,hac,raw,180,120,0,-1.6184,-2.2461,-0.9907,1.2554,0.0,1,0,,-13.0589,0.865,0.4409,23.3637,1,,,0,,
3w_aligned_onset,WELL-00024_20160909220000,WELL-00024,0,T-TPT,level,naive,adjusted,180,120,4,,,,,,,1,covariate_outside,,,,,,1,1,,,
3w_aligned_onset,WELL-00024_20160909220000,WELL-00024,0,T-TPT,level,naive,raw,180,120,0,-1.6184,-1.7883,-1.4485,0.3398,0.0,1,0,,-13.0589,0.865,0.4409,23.3637,1,,,0,,
3w_aligned_onset,WELL-00024_20160909220000,WELL-00024,0,T-TPT,spread,block_bootstrap,adjusted,180,120,4,,,,,,,1,covariate_outside,,,,,,1,1,,,
3w_aligned_onset,WELL-00024_20160909220000,WELL-00024,0,T-TPT,spread,block_bootstrap,raw,180,120,0,-0.7234,-0.9478,-0.2726,0.6752,0.0,1,0,,-13.0589,0.865,0.4409,23.3637,1,,,0,,
3w_aligned_onset,WELL-00024_20160909220000,WELL-00024,0,T-TPT,spread,naive,adjusted,180,120,4,,,,,,,1,covariate_outside,,,,,,1,1,,,
3w_aligned_onset,WELL-00024_20160909220000,WELL-00024,0,T-TPT,spread,naive,raw,180,120,0,-0.7234,-0.8873,-0.5595,0.3278,0.0,1,0,,-13.0589,0.865,0.4409,23.3637,1,,,0,,
3w_aligned_onset,WELL-00024_20161001112049,WELL-00024,0,P-ANULAR,level,block_bootstrap,adjusted,180,120,3,,,,,,,1,no_spread,,,,,,,,,,
3w_aligned_onset,WELL-00024_20161001112049,WELL-00024,0,P-ANULAR,level,block_bootstrap,raw,180,120,0,,,,,,,1,no_spread,,,,,,,,,,
3w_aligned_onset,WELL-00024_20161001112049,WELL-00024,0,P-ANULAR,level,ewc,adjusted,180,120,3,,,,,,,1,no_spread,,,,,,,,,,
3w_aligned_onset,WELL-00024_20161001112049,WELL-00024,0,P-ANULAR,level,ewc,raw,180,120,0,,,,,,,1,no_spread,,,,,,,,,,
3w_aligned_onset,WELL-00024_20161001112049,WELL-00024,0,P-ANULAR,level,hac,adjusted,180,120,3,,,,,,,1,no_spread,,,,,,,,,,
3w_aligned_onset,WELL-00024_20161001112049,WELL-00024,0,P-ANULAR,level,hac,raw,180,120,0,,,,,,,1,no_spread,,,,,,,,,,
3w_aligned_onset,WELL-00024_20161001112049,WELL-00024,0,P-ANULAR,level,naive,adjusted,180,120,3,,,,,,,1,no_spread,,,,,,,,,,
3w_aligned_onset,WELL-00024_20161001112049,WELL-00024,0,P-ANULAR,level,naive,raw,180,120,0,,,,,,,1,no_spread,,,,,,,,,,
3w_aligned_onset,WELL-00024_20161001112049,WELL-00024,0,P-ANULAR,spread,block_bootstrap,adjusted,180,120,3,,,,,,,1,no_spread,,,,,,,,,,
3w_aligned_onset,WELL-00024_20161001112049,WELL-00024,0,P-ANULAR,spread,block_bootstrap,raw,180,120,0,,,,,,,1,no_spread,,,,,,,,,,
3w_aligned_onset,WELL-00024_20161001112049,WELL-00024,0,P-ANULAR,spread,naive,adjusted,180,120,3,,,,,,,1,no_spread,,,,,,,,,,
3w_aligned_onset,WELL-00024_20161001112049,WELL-00024,0,P-ANULAR,spread,naive,raw,180,120,0,,,,,,,1,no_spread,,,,,,,,,,
3w_aligned_onset,WELL-00024_20161001112049,WELL-00024,0,P-JUS-CKGL,level,block_bootstrap,adjusted,180,120,2,0.4723,0.0758,0.7022,0.6264,0.0,1,0,,-0.1576,0.1277,0.271,2.631,0,0,1,0,0.006,0.9962
3w_aligned_onset,WELL-00024_20161001112049,WELL-00024,0,P-JUS-CKGL,level,block_bootstrap,raw,180,120,0,0.3855,-0.0102,0.6035,0.6137,0.08,0,0,,-0.2699,0.1256,0.2661,2.6,0,,,0,,
3w_aligned_onset,WELL-00024_20161001112049,WELL-00024,0,P-JUS-CKGL,level,ewc,adjusted,180,120,2,0.4723,0.0891,0.8556,0.7665,0.0195,1,0,,-0.1576,0.1277,0.271,2.631,0,0,1,0,0.006,0.9962
3w_aligned_onset,WELL-00024_20161001112049,WELL-00024,0,P-JUS-CKGL,level,ewc,raw,180,120,0,0.3855,0.0005,0.7705,0.77,0.0497,1,0,,-0.2699,0.1256,0.2661,2.6,0,,,0,,
3w_aligned_onset,WELL-00024_20161001112049,WELL-00024,0,P-JUS-CKGL,level,hac,adjusted,180,120,2,0.4723,0.1914,0.7532,0.5618,0.001,1,0,,-0.1576,0.1277,0.271,2.631,0,0,1,0,0.006,0.9962
3w_aligned_onset,WELL-00024_20161001112049,WELL-00024,0,P-JUS-CKGL,level,hac,raw,180,120,0,0.3855,0.1045,0.6666,0.5621,0.0072,1,0,,-0.2699,0.1256,0.2661,2.6,0,,,0,,
3w_aligned_onset,WELL-00024_20161001112049,WELL-00024,0,P-JUS-CKGL,level,naive,adjusted,180,120,2,0.4723,0.2355,0.7092,0.4736,0.0001,1,0,,-0.1576,0.1277,0.271,2.631,0,0,1,0,0.006,0.9962
3w_aligned_onset,WELL-00024_20161001112049,WELL-00024,0,P-JUS-CKGL,level,naive,raw,180,120,0,0.3855,0.1482,0.6229,0.4747,0.0015,1,0,,-0.2699,0.1256,0.2661,2.6,0,,,0,,
3w_aligned_onset,WELL-00024_20161001112049,WELL-00024,0,P-JUS-CKGL,spread,block_bootstrap,adjusted,180,120,2,0.0457,-0.2245,0.25,0.4745,0.81,0,0,,-0.1576,0.1277,0.271,2.631,0,0,1,0,0.006,0.9962
3w_aligned_onset,WELL-00024_20161001112049,WELL-00024,0,P-JUS-CKGL,spread,block_bootstrap,raw,180,120,0,0.0446,-0.2399,0.2537,0.4936,0.85,0,0,,-0.2699,0.1256,0.2661,2.6,0,,,0,,
3w_aligned_onset,WELL-00024_20161001112049,WELL-00024,0,P-JUS-CKGL,spread,naive,adjusted,180,120,2,0.0457,-0.1182,0.2097,0.3278,0.5844,0,0,,-0.1576,0.1277,0.271,2.631,0,0,1,0,0.006,0.9962
3w_aligned_onset,WELL-00024_20161001112049,WELL-00024,0,P-JUS-CKGL,spread,naive,raw,180,120,0,0.0446,-0.1193,0.2085,0.3278,0.5937,0,0,,-0.2699,0.1256,0.2661,2.6,0,,,0,,
3w_aligned_onset,WELL-00024_20161001112049,WELL-00024,0,P-MON-CKP,level,block_bootstrap,adjusted,180,120,2,0.1777,0.0391,0.2818,0.2427,0.0,1,0,,1.7438,-0.1831,-0.1449,3.3845,0,0,1,0,0.0025,1.0128
3w_aligned_onset,WELL-00024_20161001112049,WELL-00024,0,P-MON-CKP,level,block_bootstrap,raw,180,120,0,0.2423,0.0995,0.3589,0.2593,0.0,1,0,,1.8815,-0.1779,-0.1415,3.3162,0,,,0,,
3w_aligned_onset,WELL-00024_20161001112049,WELL-00024,0,P-MON-CKP,level,ewc,adjusted,180,120,2,0.1777,0.0609,0.2945,0.2336,0.0049,1,0,,1.7438,-0.1831,-0.1449,3.3845,0,0,1,0,0.0025,1.0128
3w_aligned_onset,WELL-00024_20161001112049,WELL-00024,0,P-MON-CKP,level,ewc,raw,180,120,0,0.2423,0.1208,0.3637,0.2429,0.0005,1,0,,1.8815,-0.1779,-0.1415,3.3162,0,,,0,,
3w_aligned_onset,WELL-00024_20161001112049,WELL-00024,0,P-MON-CKP,level,hac,adjusted,180,120,2,0.1777,-0.0044,0.3598,0.3643,0.0559,0,0,,1.7438,-0.1831,-0.1449,3.3845,0,0,1,0,0.0025,1.0128
3w_aligned_onset,WELL-00024_20161001112049,WELL-00024,0,P-MON-CKP,level,hac,raw,180,120,0,0.2423,0.0584,0.4261,0.3677,0.0098,1,0,,1.8815,-0.1779,-0.1415,3.3162,0,,,0,,
3w_aligned_onset,WELL-00024_20161001112049,WELL-00024,0,P-MON-CKP,level,naive,adjusted,180,120,2,0.1777,-0.0517,0.4071,0.4587,0.1289,0,0,,1.7438,-0.1831,-0.1449,3.3845,0,0,1,0,0.0025,1.0128
3w_aligned_onset,WELL-00024_20161001112049,WELL-00024,0,P-MON-CKP,level,naive,raw,180,120,0,0.2423,0.0137,0.4709,0.4572,0.0378,1,0,,1.8815,-0.1779,-0.1415,3.3162,0,,,0,,
3w_aligned_onset,WELL-00024_20161001112049,WELL-00024,0,P-MON-CKP,spread,block_bootstrap,adjusted,180,120,2,-0.0097,-0.2017,0.2036,0.4053,0.93,0,0,,1.7438,-0.1831,-0.1449,3.3845,0,0,1,0,0.0025,1.0128
3w_aligned_onset,WELL-00024_20161001112049,WELL-00024,0,P-MON-CKP,spread,block_bootstrap,raw,180,120,0,-0.0173,-0.2094,0.1952,0.4046,1.0,0,0,,1.8815,-0.1779,-0.1415,3.3162,0,,,0,,
3w_aligned_onset,WELL-00024_20161001112049,WELL-00024,0,P-MON-CKP,spread,naive,adjusted,180,120,2,-0.0097,-0.1736,0.1542,0.3278,0.9079,0,0,,1.7438,-0.1831,-0.1449,3.3845,0,0,1,0,0.0025,1.0128
3w_aligned_onset,WELL-00024_20161001112049,WELL-00024,0,P-MON-CKP,spread,naive,raw,180,120,0,-0.0173,-0.1812,0.1466,0.3278,0.8362,0,0,,1.8815,-0.1779,-0.1415,3.3162,0,,,0,,
3w_aligned_onset,WELL-00024_20161001112049,WELL-00024,0,P-PDG,level,block_bootstrap,adjusted,180,120,3,,,,,,,1,no_spread,,,,,,,,,,
3w_aligned_onset,WELL-00024_20161001112049,WELL-00024,0,P-PDG,level,block_bootstrap,raw,180,120,0,,,,,,,1,no_spread,,,,,,,,,,
3w_aligned_onset,WELL-00024_20161001112049,WELL-00024,0,P-PDG,level,ewc,adjusted,180,120,3,,,,,,,1,no_spread,,,,,,,,,,
3w_aligned_onset,WELL-00024_20161001112049,WELL-00024,0,P-PDG,level,ewc,raw,180,120,0,,,,,,,1,no_spread,,,,,,,,,,
3w_aligned_onset,WELL-00024_20161001112049,WELL-00024,0,P-PDG,level,hac,adjusted,180,120,3,,,,,,,1,no_spread,,,,,,,,,,
3w_aligned_onset,WELL-00024_20161001112049,WELL-00024,0,P-PDG,level,hac,raw,180,120,0,,,,,,,1,no_spread,,,,,,,,,,
3w_aligned_onset,WELL-00024_20161001112049,WELL-00024,0,P-PDG,level,naive,adjusted,180,120,3,,,,,,,1,no_spread,,,,,,,,,,
3w_aligned_onset,WELL-00024_20161001112049,WELL-00024,0,P-PDG,level,naive,raw,180,120,0,,,,,,,1,no_spread,,,,,,,,,,
3w_aligned_onset,WELL-00024_20161001112049,WELL-00024,0,P-PDG,spread,block_bootstrap,adjusted,180,120,3,,,,,,,1,no_spread,,,,,,,,,,
3w_aligned_onset,WELL-00024_20161001112049,WELL-00024,0,P-PDG,spread,block_bootstrap,raw,180,120,0,,,,,,,1,no_spread,,,,,,,,,,
3w_aligned_onset,WELL-00024_20161001112049,WELL-00024,0,P-PDG,spread,naive,adjusted,180,120,3,,,,,,,1,no_spread,,,,,,,,,,
3w_aligned_onset,WELL-00024_20161001112049,WELL-00024,0,P-PDG,spread,naive,raw,180,120,0,,,,,,,1,no_spread,,,,,,,,,,
3w_aligned_onset,WELL-00024_20161001112049,WELL-00024,0,P-TPT,level,block_bootstrap,adjusted,180,120,3,,,,,,,1,no_spread,,,,,,,,,,
3w_aligned_onset,WELL-00024_20161001112049,WELL-00024,0,P-TPT,level,block_bootstrap,raw,180,120,0,,,,,,,1,no_spread,,,,,,,,,,
3w_aligned_onset,WELL-00024_20161001112049,WELL-00024,0,P-TPT,level,ewc,adjusted,180,120,3,,,,,,,1,no_spread,,,,,,,,,,
3w_aligned_onset,WELL-00024_20161001112049,WELL-00024,0,P-TPT,level,ewc,raw,180,120,0,,,,,,,1,no_spread,,,,,,,,,,
3w_aligned_onset,WELL-00024_20161001112049,WELL-00024,0,P-TPT,level,hac,adjusted,180,120,3,,,,,,,1,no_spread,,,,,,,,,,
3w_aligned_onset,WELL-00024_20161001112049,WELL-00024,0,P-TPT,level,hac,raw,180,120,0,,,,,,,1,no_spread,,,,,,,,,,
3w_aligned_onset,WELL-00024_20161001112049,WELL-00024,0,P-TPT,level,naive,adjusted,180,120,3,,,,,,,1,no_spread,,,,,,,,,,
3w_aligned_onset,WELL-00024_20161001112049,WELL-00024,0,P-TPT,level,naive,raw,180,120,0,,,,,,,1,no_spread,,,,,,,,,,
3w_aligned_onset,WELL-00024_20161001112049,WELL-00024,0,P-TPT,spread,block_bootstrap,adjusted,180,120,3,,,,,,,1,no_spread,,,,,,,,,,
3w_aligned_onset,WELL-00024_20161001112049,WELL-00024,0,P-TPT,spread,block_bootstrap,raw,180,120,0,,,,,,,1,no_spread,,,,,,,,,,
3w_aligned_onset,WELL-00024_20161001112049,WELL-00024,0,P-TPT,spread,naive,adjusted,180,120,3,,,,,,,1,no_spread,,,,,,,,,,
3w_aligned_onset,WELL-00024_20161001112049,WELL-00024,0,P-TPT,spread,naive,raw,180,120,0,,,,,,,1,no_spread,,,,,,,,,,
3w_aligned_onset,WELL-00024_20161001112049,WELL-00024,0,T-TPT,level,block_bootstrap,adjusted,180,120,2,1.2099,0.9949,1.5222,0.5273,0.0,1,0,,1.9403,0.1923,0.3698,3.5049,0,0,1,0,0.008,1.0101
3w_aligned_onset,WELL-00024_20161001112049,WELL-00024,0,T-TPT,level,block_bootstrap,raw,180,120,0,1.1923,0.9797,1.4951,0.5154,0.0,1,0,,2.0175,0.194,0.3723,3.5278,1,,,0,,
3w_aligned_onset,WELL-00024_20161001112049,WELL-00024,0,T-TPT,level,ewc,adjusted,180,120,2,1.2099,0.8419,1.578,0.7362,0.0,1,0,,1.9403,0.1923,0.3698,3.5049,0,0,1,0,0.008,1.0101
3w_aligned_onset,WELL-00024_20161001112049,WELL-00024,0,T-TPT,level,ewc,raw,180,120,0,1.1923,0.8216,1.563,0.7414,0.0,1,0,,2.0175,0.194,0.3723,3.5278,1,,,0,,
3w_aligned_onset,WELL-00024_20161001112049,WELL-00024,0,T-TPT,level,hac,adjusted,180,120,2,1.2099,0.9294,1.4905,0.5611,0.0,1,0,,1.9403,0.1923,0.3698,3.5049,0,0,1,0,0.008,1.0101
3w_aligned_onset,WELL-00024_20161001112049,WELL-00024,0,T-TPT,level,hac,raw,180,120,0,1.1923,0.9101,1.4745,0.5644,0.0,1,0,,2.0175,0.194,0.3723,3.5278,1,,,0,,
3w_aligned_onset,WELL-00024_20161001112049,WELL-00024,0,T-TPT,level,naive,adjusted,180,120,2,1.2099,0.995,1.4249,0.4299,0.0,1,0,,1.9403,0.1923,0.3698,3.5049,0,0,1,0,0.008,1.0101
3w_aligned_onset,WELL-00024_20161001112049,WELL-00024,0,T-TPT,level,naive,raw,180,120,0,1.1923,0.9775,1.407,0.4295,0.0,1,0,,2.0175,0.194,0.3723,3.5278,1,,,0,,
3w_aligned_onset,WELL-00024_20161001112049,WELL-00024,0,T-TPT,spread,block_bootstrap,adjusted,180,120,2,-0.1189,-0.4554,0.0595,0.5149,0.22,0,0,,1.9403,0.1923,0.3698,3.5049,0,0,1,0,0.008,1.0101
3w_aligned_onset,WELL-00024_20161001112049,WELL-00024,0,T-TPT,spread,block_bootstrap,raw,180,120,0,-0.128,-0.4683,0.0546,0.523,0.18,0,0,,2.0175,0.194,0.3723,3.5278,1,,,0,,
3w_aligned_onset,WELL-00024_20161001112049,WELL-00024,0,T-TPT,spread,naive,adjusted,180,120,2,-0.1189,-0.2829,0.045,0.3278,0.155,0,0,,1.9403,0.1923,0.3698,3.5049,0,0,1,0,0.008,1.0101
3w_aligned_onset,WELL-00024_20161001112049,WELL-00024,0,T-TPT,spread,naive,raw,180,120,0,-0.128,-0.2919,0.0359,0.3278,0.126,0,0,,2.0175,0.194,0.3723,3.5278,1,,,0,,
3w_aligned_onset,WELL-00024_20161026065657,WELL-00024,0,P-ANULAR,level,block_bootstrap,adjusted,180,120,3,-0.244,-0.5533,-0.0536,0.4997,0.0,1,0,,1.6413,0.0058,0.1865,0.3326,0,0,1,0,0.2469,0.8871
3w_aligned_onset,WELL-00024_20161026065657,WELL-00024,0,P-ANULAR,level,block_bootstrap,raw,180,120,0,-0.2209,-0.5856,0.0088,0.5944,0.06,0,0,,5.1583,0.2563,0.3521,4.3315,1,,,0,,
3w_aligned_onset,WELL-00024_20161026065657,WELL-00024,0,P-ANULAR,level,ewc,adjusted,180,120,3,-0.244,-0.5709,0.083,0.654,0.1331,0,0,,1.6413,0.0058,0.1865,0.3326,0,0,1,0,0.2469,0.8871
3w_aligned_onset,WELL-00024_20161026065657,WELL-00024,0,P-ANULAR,level,ewc,raw,180,120,0,-0.2209,-0.6707,0.2289,0.8996,0.3181,0,0,,5.1583,0.2563,0.3521,4.3315,1,,,0,,
3w_aligned_onset,WELL-00024_20161026065657,WELL-00024,0,P-ANULAR,level,hac,adjusted,180,120,3,-0.244,-0.4696,-0.0184,0.4512,0.034,1,0,,1.6413,0.0058,0.1865,0.3326,0,0,1,0,0.2469,0.8871
3w_aligned_onset,WELL-00024_20161026065657,WELL-00024,0,P-ANULAR,level,hac,raw,180,120,0,-0.2209,-0.5347,0.093,0.6277,0.1678,0,0,,5.1583,0.2563,0.3521,4.3315,1,,,0,,
3w_aligned_onset,WELL-00024_20161026065657,WELL-00024,0,P-ANULAR,level,naive,adjusted,180,120,3,-0.244,-0.4552,-0.0328,0.4224,0.0236,1,0,,1.6413,0.0058,0.1865,0.3326,0,0,1,0,0.2469,0.8871
3w_aligned_onset,WELL-00024_20161026065657,WELL-00024,0,P-ANULAR,level,naive,raw,180,120,0,-0.2209,-0.4522,0.0105,0.4626,0.0613,0,0,,5.1583,0.2563,0.3521,4.3315,1,,,0,,
3w_aligned_onset,WELL-00024_20161026065657,WELL-00024,0,P-ANULAR,spread,block_bootstrap,adjusted,180,120,3,0.0843,-0.085,0.1863,0.2714,0.42,0,0,,1.6413,0.0058,0.1865,0.3326,0,0,1,0,0.2469,0.8871
3w_aligned_onset,WELL-00024_20161026065657,WELL-00024,0,P-ANULAR,spread,block_bootstrap,raw,180,120,0,0.0024,-0.155,0.0834,0.2384,0.91,0,0,,5.1583,0.2563,0.3521,4.3315,1,,,0,,
3w_aligned_onset,WELL-00024_20161026065657,WELL-00024,0,P-ANULAR,spread,naive,adjusted,180,120,3,0.0843,-0.0796,0.2482,0.3278,0.3135,0,0,,1.6413,0.0058,0.1865,0.3326,0,0,1,0,0.2469,0.8871
3w_aligned_onset,WELL-00024_20161026065657,WELL-00024,0,P-ANULAR,spread,naive,raw,180,120,0,0.0024,-0.1615,0.1664,0.3278,0.9767,0,0,,5.1583,0.2563,0.3521,4.3315,1,,,0,,
3w_aligned_onset,WELL-00024_20161026065657,WELL-00024,0,P-JUS-CKGL,level,block_bootstrap,adjusted,180,120,3,0.5701,0.3975,0.888,0.4905,0.0,1,0,,0.6592,0.1265,0.0882,2.6131,0,0,1,0,0.0085,1.0387
3w_aligned_onset,WELL-00024_20161026065657,WELL-00024,0,P-JUS-CKGL,level,block_bootstrap,raw,180,120,0,0.5412,0.357,0.848,0.491,0.0,1,0,,0.8944,0.1362,0.0632,2.7497,0,,,0,,
3w_aligned_onset,WELL-00024_20161026065657,WELL-00024,0,P-JUS-CKGL,level,ewc,adjusted,180,120,3,0.5701,0.3071,0.8332,0.5261,0.0002,1,0,,0.6592,0.1265,0.0882,2.6131,0,0,1,0,0.0085,1.0387
3w_aligned_onset,WELL-00024_20161026065657,WELL-00024,0,P-JUS-CKGL,level,ewc,raw,180,120,0,0.5412,0.2858,0.7966,0.5107,0.0003,1,0,,0.8944,0.1362,0.0632,2.7497,0,,,0,,
3w_aligned_onset,WELL-00024_20161026065657,WELL-00024,0,P-JUS-CKGL,level,hac,adjusted,180,120,3,0.5701,0.3394,0.8009,0.4615,0.0,1,0,,0.6592,0.1265,0.0882,2.6131,0,0,1,0,0.0085,1.0387
3w_aligned_onset,WELL-00024_20161026065657,WELL-00024,0,P-JUS-CKGL,level,hac,raw,180,120,0,0.5412,0.3138,0.7686,0.4548,0.0,1,0,,0.8944,0.1362,0.0632,2.7497,0,,,0,,
3w_aligned_onset,WELL-00024_20161026065657,WELL-00024,0,P-JUS-CKGL,level,naive,adjusted,180,120,3,0.5701,0.3504,0.7898,0.4394,0.0,1,0,,0.6592,0.1265,0.0882,2.6131,0,0,1,0,0.0085,1.0387
3w_aligned_onset,WELL-00024_20161026065657,WELL-00024,0,P-JUS-CKGL,level,naive,raw,180,120,0,0.5412,0.3234,0.759,0.4356,0.0,1,0,,0.8944,0.1362,0.0632,2.7497,0,,,0,,
3w_aligned_onset,WELL-00024_20161026065657,WELL-00024,0,P-JUS-CKGL,spread,block_bootstrap,adjusted,180,120,3,-0.0789,-0.2825,0.0458,0.3283,0.11,0,0,,0.6592,0.1265,0.0882,2.6131,0,0,1,0,0.0085,1.0387
3w_aligned_onset,WELL-00024_20161026065657,WELL-00024,0,P-JUS-CKGL,spread,block_bootstrap,raw,180,120,0,-0.1022,-0.2896,0.0133,0.3029,0.08,0,0,,0.8944,0.1362,0.0632,2.7497,0,,,0,,
3w_aligned_onset,WELL-00024_20161026065657,WELL-00024,0,P-JUS-CKGL,spread,naive,adjusted,180,120,3,-0.0789,-0.2429,0.085,0.3278,0.3453,0,0,,0.6592,0.1265,0.0882,2.6131,0,0,1,0,0.0085,1.0387
3w_aligned_onset,WELL-00024_20161026065657,WELL-00024,0,P-JUS-CKGL,spread,naive,raw,180,120,0,-0.1022,-0.2661,0.0617,0.3278,0.2218,0,0,,0.8944,0.1362,0.0632,2.7497,0,,,0,,
3w_aligned_onset,WELL-00024_20161026065657,WELL-00024,0,P-MON-CKP,level,block_bootstrap,adjusted,180,120,3,0.3247,0.14,0.4517,0.3118,0.0,1,0,,0.4883,-0.1129,-0.2458,2.4165,0,0,1,0,0.0122,1.0119
3w_aligned_onset,WELL-00024_20161026065657,WELL-00024,0,P-MON-CKP,level,block_bootstrap,raw,180,120,0,0.3386,0.1544,0.4939,0.3394,0.0,1,0,,-0.0022,-0.1001,-0.2381,2.2266,0,,,0,,
3w_aligned_onset,WELL-00024_20161026065657,WELL-00024,0,P-MON-CKP,level,ewc,adjusted,180,120,3,0.3247,0.1941,0.4552,0.2612,0.0001,1,0,,0.4883,-0.1129,-0.2458,2.4165,0,0,1,0,0.0122,1.0119
3w_aligned_onset,WELL-00024_20161026065657,WELL-00024,0,P-MON-CKP,level,ewc,raw,180,120,0,0.3386,0.201,0.4763,0.2752,0.0001,1,0,,-0.0022,-0.1001,-0.2381,2.2266,0,,,0,,
3w_aligned_onset,WELL-00024_20161026065657,WELL-00024,0,P-MON-CKP,level,hac,adjusted,180,120,3,0.3247,0.1107,0.5386,0.4278,0.0029,1,0,,0.4883,-0.1129,-0.2458,2.4165,0,0,1,0,0.0122,1.0119
3w_aligned_onset,WELL-00024_20161026065657,WELL-00024,0,P-MON-CKP,level,hac,raw,180,120,0,0.3386,0.1198,0.5575,0.4377,0.0024,1,0,,-0.0022,-0.1001,-0.2381,2.2266,0,,,0,,
3w_aligned_onset,WELL-00024_20161026065657,WELL-00024,0,P-MON-CKP,level,naive,adjusted,180,120,3,0.3247,0.0498,0.5995,0.5496,0.0206,1,0,,0.4883,-0.1129,-0.2458,2.4165,0,0,1,0,0.0122,1.0119
3w_aligned_onset,WELL-00024_20161026065657,WELL-00024,0,P-MON-CKP,level,naive,raw,180,120,0,0.3386,0.0645,0.6128,0.5482,0.0155,1,0,,-0.0022,-0.1001,-0.2381,2.2266,0,,,0,,
3w_aligned_onset,WELL-00024_20161026065657,WELL-00024,0,P-MON-CKP,spread,block_bootstrap,adjusted,180,120,3,0.2716,0.0785,0.4302,0.3517,0.0,1,0,,0.4883,-0.1129,-0.2458,2.4165,0,0,1,0,0.0122,1.0119
3w_aligned_onset,WELL-00024_20161026065657,WELL-00024,0,P-MON-CKP,spread,block_bootstrap,raw,180,120,0,0.2596,0.0502,0.418,0.3678,0.0,1,0,,-0.0022,-0.1001,-0.2381,2.2266,0,,,0,,
3w_aligned_onset,WELL-00024_20161026065657,WELL-00024,0,P-MON-CKP,spread,naive,adjusted,180,120,3,0.2716,0.1077,0.4356,0.3278,0.0012,1,0,,0.4883,-0.1129,-0.2458,2.4165,0,0,1,0,0.0122,1.0119
3w_aligned_onset,WELL-00024_20161026065657,WELL-00024,0,P-MON-CKP,spread,naive,raw,180,120,0,0.2596,0.0957,0.4235,0.3278,0.0019,1,0,,-0.0022,-0.1001,-0.2381,2.2266,0,,,0,,
3w_aligned_onset,WELL-00024_20161026065657,WELL-00024,0,P-PDG,level,block_bootstrap,adjusted,0,0,4,,,,,,,1,too_few,,,,,,,,,,
3w_aligned_onset,WELL-00024_20161026065657,WELL-00024,0,P-PDG,level,block_bootstrap,raw,0,0,0,,,,,,,1,too_few,,,,,,,,,,
3w_aligned_onset,WELL-00024_20161026065657,WELL-00024,0,P-PDG,level,ewc,adjusted,0,0,4,,,,,,,1,too_few,,,,,,,,,,
3w_aligned_onset,WELL-00024_20161026065657,WELL-00024,0,P-PDG,level,ewc,raw,0,0,0,,,,,,,1,too_few,,,,,,,,,,
3w_aligned_onset,WELL-00024_20161026065657,WELL-00024,0,P-PDG,level,hac,adjusted,0,0,4,,,,,,,1,too_few,,,,,,,,,,
3w_aligned_onset,WELL-00024_20161026065657,WELL-00024,0,P-PDG,level,hac,raw,0,0,0,,,,,,,1,too_few,,,,,,,,,,
3w_aligned_onset,WELL-00024_20161026065657,WELL-00024,0,P-PDG,level,naive,adjusted,0,0,4,,,,,,,1,too_few,,,,,,,,,,
3w_aligned_onset,WELL-00024_20161026065657,WELL-00024,0,P-PDG,level,naive,raw,0,0,0,,,,,,,1,too_few,,,,,,,,,,
3w_aligned_onset,WELL-00024_20161026065657,WELL-00024,0,P-PDG,spread,block_bootstrap,adjusted,0,0,4,,,,,,,1,too_few,,,,,,,,,,
3w_aligned_onset,WELL-00024_20161026065657,WELL-00024,0,P-PDG,spread,block_bootstrap,raw,0,0,0,,,,,,,1,too_few,,,,,,,,,,
3w_aligned_onset,WELL-00024_20161026065657,WELL-00024,0,P-PDG,spread,naive,adjusted,0,0,4,,,,,,,1,too_few,,,,,,,,,,
3w_aligned_onset,WELL-00024_20161026065657,WELL-00024,0,P-PDG,spread,naive,raw,0,0,0,,,,,,,1,too_few,,,,,,,,,,
3w_aligned_onset,WELL-00024_20161026065657,WELL-00024,0,P-TPT,level,block_bootstrap,adjusted,180,120,4,,,,,,,1,no_spread,,,,,,,,,,
3w_aligned_onset,WELL-00024_20161026065657,WELL-00024,0,P-TPT,level,block_bootstrap,raw,180,120,0,,,,,,,1,no_spread,,,,,,,,,,
3w_aligned_onset,WELL-00024_20161026065657,WELL-00024,0,P-TPT,level,ewc,adjusted,180,120,4,,,,,,,1,no_spread,,,,,,,,,,
3w_aligned_onset,WELL-00024_20161026065657,WELL-00024,0,P-TPT,level,ewc,raw,180,120,0,,,,,,,1,no_spread,,,,,,,,,,
3w_aligned_onset,WELL-00024_20161026065657,WELL-00024,0,P-TPT,level,hac,adjusted,180,120,4,,,,,,,1,no_spread,,,,,,,,,,
3w_aligned_onset,WELL-00024_20161026065657,WELL-00024,0,P-TPT,level,hac,raw,180,120,0,,,,,,,1,no_spread,,,,,,,,,,
3w_aligned_onset,WELL-00024_20161026065657,WELL-00024,0,P-TPT,level,naive,adjusted,180,120,4,,,,,,,1,no_spread,,,,,,,,,,
3w_aligned_onset,WELL-00024_20161026065657,WELL-00024,0,P-TPT,level,naive,raw,180,120,0,,,,,,,1,no_spread,,,,,,,,,,
3w_aligned_onset,WELL-00024_20161026065657,WELL-00024,0,P-TPT,spread,block_bootstrap,adjusted,180,120,4,,,,,,,1,no_spread,,,,,,,,,,
3w_aligned_onset,WELL-00024_20161026065657,WELL-00024,0,P-TPT,spread,block_bootstrap,raw,180,120,0,,,,,,,1,no_spread,,,,,,,,,,
3w_aligned_onset,WELL-00024_20161026065657,WELL-00024,0,P-TPT,spread,naive,adjusted,180,120,4,,,,,,,1,no_spread,,,,,,,,,,
3w_aligned_onset,WELL-00024_20161026065657,WELL-00024,0,P-TPT,spread,naive,raw,180,120,0,,,,,,,1,no_spread,,,,,,,,,,
3w_aligned_onset,WELL-00024_20161026065657,WELL-00024,0,T-TPT,level,block_bootstrap,adjusted,180,120,3,0.1422,-0.1055,0.38,0.4855,0.24,0,0,,4.4973,0.2866,0.23,4.7225,1,0,1,0,0.2347,0.8622
3w_aligned_onset,WELL-00024_20161026065657,WELL-00024,0,T-TPT,level,block_bootstrap,raw,180,120,0,0.0211,-0.3207,0.3134,0.634,0.98,0,0,,5.3732,0.5168,0.4109,8.1282,1,,,0,,
3w_aligned_onset,WELL-00024_20161026065657,WELL-00024,0,T-TPT,level,ewc,adjusted,180,120,3,0.1422,-0.2043,0.4887,0.693,0.403,0,0,,4.4973,0.2866,0.23,4.7225,1,0,1,0,0.2347,0.8622
3w_aligned_onset,WELL-00024_20161026065657,WELL-00024,0,T-TPT,level,ewc,raw,180,120,0,0.0211,-0.4515,0.4938,0.9453,0.9268,0,0,,5.3732,0.5168,0.4109,8.1282,1,,,0,,
3w_aligned_onset,WELL-00024_20161026065657,WELL-00024,0,T-TPT,level,hac,adjusted,180,120,3,0.1422,-0.1113,0.3957,0.5069,0.2716,0,0,,4.4973,0.2866,0.23,4.7225,1,0,1,0,0.2347,0.8622
3w_aligned_onset,WELL-00024_20161026065657,WELL-00024,0,T-TPT,level,hac,raw,180,120,0,0.0211,-0.34,0.3822,0.7222,0.9088,0,0,,5.3732,0.5168,0.4109,8.1282,1,,,0,,
3w_aligned_onset,WELL-00024_20161026065657,WELL-00024,0,T-TPT,level,naive,adjusted,180,120,3,0.1422,-0.0572,0.3416,0.3988,0.1623,0,0,,4.4973,0.2866,0.23,4.7225,1,0,1,0,0.2347,0.8622
3w_aligned_onset,WELL-00024_20161026065657,WELL-00024,0,T-TPT,level,naive,raw,180,120,0,0.0211,-0.1992,0.2414,0.4406,0.851,0,0,,5.3732,0.5168,0.4109,8.1282,1,,,0,,
3w_aligned_onset,WELL-00024_20161026065657,WELL-00024,0,T-TPT,spread,block_bootstrap,adjusted,180,120,3,-0.0222,-0.1951,0.2012,0.3963,0.85,0,0,,4.4973,0.2866,0.23,4.7225,1,0,1,0,0.2347,0.8622
3w_aligned_onset,WELL-00024_20161026065657,WELL-00024,0,T-TPT,spread,block_bootstrap,raw,180,120,0,-0.0818,-0.251,0.1624,0.4134,0.77,0,0,,5.3732,0.5168,0.4109,8.1282,1,,,0,,
3w_aligned_onset,WELL-00024_20161026065657,WELL-00024,0,T-TPT,spread,naive,adjusted,180,120,3,-0.0222,-0.1861,0.1418,0.3278,0.7911,0,0,,4.4973,0.2866,0.23,4.7225,1,0,1,0,0.2347,0.8622
3w_aligned_onset,WELL-00024_20161026065657,WELL-00024,0,T-TPT,spread,naive,raw,180,120,0,-0.0818,-0.2457,0.0821,0.3278,0.3282,0,0,,5.3732,0.5168,0.4109,8.1282,1,,,0,,
3w_aligned_onset,WELL-00025_20200629194141,WELL-00025,0,P-ANULAR,level,block_bootstrap,adjusted,180,120,4,,,,,,,1,covariate_outside,,,,,,1,1,,,
3w_aligned_onset,WELL-00025_20200629194141,WELL-00025,0,P-ANULAR,level,block_bootstrap,raw,180,120,0,-207.0672,-237.2081,-181.325,55.8831,0.0,1,0,,1.6809,0.1037,0.9946,2.2809,0,,,1,,
3w_aligned_onset,WELL-00025_20200629194141,WELL-00025,0,P-ANULAR,level,ewc,adjusted,180,120,4,,,,,,,1,covariate_outside,,,,,,1,1,,,
3w_aligned_onset,WELL-00025_20200629194141,WELL-00025,0,P-ANULAR,level,ewc,raw,180,120,0,-207.0672,-253.7861,-160.3482,93.4378,0.0,1,0,,1.6809,0.1037,0.9946,2.2809,0,,,1,,
3w_aligned_onset,WELL-00025_20200629194141,WELL-00025,0,P-ANULAR,level,hac,adjusted,180,120,4,,,,,,,1,covariate_outside,,,,,,1,1,,,
3w_aligned_onset,WELL-00025_20200629194141,WELL-00025,0,P-ANULAR,level,hac,raw,180,120,0,-207.0672,-245.3205,-168.8139,76.5066,0.0,1,0,,1.6809,0.1037,0.9946,2.2809,0,,,1,,
3w_aligned_onset,WELL-00025_20200629194141,WELL-00025,0,P-ANULAR,level,naive,adjusted,180,120,4,,,,,,,1,covariate_outside,,,,,,1,1,,,
3w_aligned_onset,WELL-00025_20200629194141,WELL-00025,0,P-ANULAR,level,naive,raw,180,120,0,-207.0672,-218.3692,-195.7651,22.604,0.0,1,0,,1.6809,0.1037,0.9946,2.2809,0,,,1,,
3w_aligned_onset,WELL-00025_20200629194141,WELL-00025,0,P-ANULAR,spread,block_bootstrap,adjusted,180,120,4,,,,,,,1,covariate_outside,,,,,,1,1,,,
3w_aligned_onset,WELL-00025_20200629194141,WELL-00025,0,P-ANULAR,spread,block_bootstrap,raw,180,120,0,4.1457,2.5334,4.2935,1.7601,0.0,1,0,,1.6809,0.1037,0.9946,2.2809,0,,,1,,
3w_aligned_onset,WELL-00025_20200629194141,WELL-00025,0,P-ANULAR,spread,naive,adjusted,180,120,4,,,,,,,1,covariate_outside,,,,,,1,1,,,
3w_aligned_onset,WELL-00025_20200629194141,WELL-00025,0,P-ANULAR,spread,naive,raw,180,120,0,4.1457,3.9818,4.3096,0.3278,0.0,1,0,,1.6809,0.1037,0.9946,2.2809,0,,,1,,
3w_aligned_onset,WELL-00025_20200629194141,WELL-00025,0,P-JUS-CKGL,level,block_bootstrap,adjusted,0,0,5,,,,,,,1,too_few,,,,,,,,,,
3w_aligned_onset,WELL-00025_20200629194141,WELL-00025,0,P-JUS-CKGL,level,block_bootstrap,raw,0,0,0,,,,,,,1,too_few,,,,,,,,,,
3w_aligned_onset,WELL-00025_20200629194141,WELL-00025,0,P-JUS-CKGL,level,ewc,adjusted,0,0,5,,,,,,,1,too_few,,,,,,,,,,
3w_aligned_onset,WELL-00025_20200629194141,WELL-00025,0,P-JUS-CKGL,level,ewc,raw,0,0,0,,,,,,,1,too_few,,,,,,,,,,
3w_aligned_onset,WELL-00025_20200629194141,WELL-00025,0,P-JUS-CKGL,level,hac,adjusted,0,0,5,,,,,,,1,too_few,,,,,,,,,,
3w_aligned_onset,WELL-00025_20200629194141,WELL-00025,0,P-JUS-CKGL,level,hac,raw,0,0,0,,,,,,,1,too_few,,,,,,,,,,
3w_aligned_onset,WELL-00025_20200629194141,WELL-00025,0,P-JUS-CKGL,level,naive,adjusted,0,0,5,,,,,,,1,too_few,,,,,,,,,,
3w_aligned_onset,WELL-00025_20200629194141,WELL-00025,0,P-JUS-CKGL,level,naive,raw,0,0,0,,,,,,,1,too_few,,,,,,,,,,
3w_aligned_onset,WELL-00025_20200629194141,WELL-00025,0,P-JUS-CKGL,spread,block_bootstrap,adjusted,0,0,5,,,,,,,1,too_few,,,,,,,,,,
3w_aligned_onset,WELL-00025_20200629194141,WELL-00025,0,P-JUS-CKGL,spread,block_bootstrap,raw,0,0,0,,,,,,,1,too_few,,,,,,,,,,
3w_aligned_onset,WELL-00025_20200629194141,WELL-00025,0,P-JUS-CKGL,spread,naive,adjusted,0,0,5,,,,,,,1,too_few,,,,,,,,,,
3w_aligned_onset,WELL-00025_20200629194141,WELL-00025,0,P-JUS-CKGL,spread,naive,raw,0,0,0,,,,,,,1,too_few,,,,,,,,,,
3w_aligned_onset,WELL-00025_20200629194141,WELL-00025,0,P-MON-CKP,level,block_bootstrap,adjusted,180,120,4,,,,,,,1,covariate_outside,,,,,,1,1,,,
3w_aligned_onset,WELL-00025_20200629194141,WELL-00025,0,P-MON-CKP,level,block_bootstrap,raw,180,120,0,13.7821,6.4276,22.0142,15.5866,0.0,1,0,,-1.0536,0.406,0.997,6.3432,0,,,1,,
3w_aligned_onset,WELL-00025_20200629194141,WELL-00025,0,P-MON-CKP,level,ewc,adjusted,180,120,4,,,,,,,1,covariate_outside,,,,,,1,1,,,
3w_aligned_onset,WELL-00025_20200629194141,WELL-00025,0,P-MON-CKP,level,ewc,raw,180,120,0,13.7821,2.6976,24.8667,22.1691,0.0203,1,0,,-1.0536,0.406,0.997,6.3432,0,,,1,,
3w_aligned_onset,WELL-00025_20200629194141,WELL-00025,0,P-MON-CKP,level,hac,adjusted,180,120,4,,,,,,,1,covariate_outside,,,,,,1,1,,,
3w_aligned_onset,WELL-00025_20200629194141,WELL-00025,0,P-MON-CKP,level,hac,raw,180,120,0,13.7821,1.0634,26.5009,25.4375,0.0337,1,0,,-1.0536,0.406,0.997,6.3432,0,,,1,,
3w_aligned_onset,WELL-00025_20200629194141,WELL-00025,0,P-MON-CKP,level,naive,adjusted,180,120,4,,,,,,,1,covariate_outside,,,,,,1,1,,,
3w_aligned_onset,WELL-00025_20200629194141,WELL-00025,0,P-MON-CKP,level,naive,raw,180,120,0,13.7821,11.1207,16.4435,5.3228,0.0,1,0,,-1.0536,0.406,0.997,6.3432,0,,,1,,
3w_aligned_onset,WELL-00025_20200629194141,WELL-00025,0,P-MON-CKP,spread,block_bootstrap,adjusted,180,120,4,,,,,,,1,covariate_outside,,,,,,1,1,,,
3w_aligned_onset,WELL-00025_20200629194141,WELL-00025,0,P-MON-CKP,spread,block_bootstrap,raw,180,120,0,2.6982,2.3224,2.8077,0.4853,0.0,1,0,,-1.0536,0.406,0.997,6.3432,0,,,1,,
3w_aligned_onset,WELL-00025_20200629194141,WELL-00025,0,P-MON-CKP,spread,naive,adjusted,180,120,4,,,,,,,1,covariate_outside,,,,,,1,1,,,
3w_aligned_onset,WELL-00025_20200629194141,WELL-00025,0,P-MON-CKP,spread,naive,raw,180,120,0,2.6982,2.5342,2.8621,0.3278,0.0,1,0,,-1.0536,0.406,0.997,6.3432,0,,,1,,
3w_aligned_onset,WELL-00025_20200629194141,WELL-00025,0,P-PDG,level,block_bootstrap,adjusted,180,120,4,,,,,,,1,covariate_outside,,,,,,1,1,,,
3w_aligned_onset,WELL-00025_20200629194141,WELL-00025,0,P-PDG,level,block_bootstrap,raw,180,120,0,300.1352,253.4669,353.6893,100.2224,0.0,1,0,,1.1096,0.9245,0.9888,35.222,0,,,1,,
3w_aligned_onset,WELL-00025_20200629194141,WELL-00025,0,P-PDG,level,ewc,adjusted,180,120,4,,,,,,,1,covariate_outside,,,,,,1,1,,,
3w_aligned_onset,WELL-00025_20200629194141,WELL-00025,0,P-PDG,level,ewc,raw,180,120,0,300.1352,224.0522,376.2182,152.166,0.0,1,0,,1.1096,0.9245,0.9888,35.222,0,,,1,,
3w_aligned_onset,WELL-00025_20200629194141,WELL-00025,0,P-PDG,level,hac,adjusted,180,120,4,,,,,,,1,covariate_outside,,,,,,1,1,,,
3w_aligned_onset,WELL-00025_20200629194141,WELL-00025,0,P-PDG,level,hac,raw,180,120,0,300.1352,209.8212,390.4492,180.628,0.0,1,0,,1.1096,0.9245,0.9888,35.222,0,,,1,,
3w_aligned_onset,WELL-00025_20200629194141,WELL-00025,0,P-PDG,level,naive,adjusted,180,120,4,,,,,,,1,covariate_outside,,,,,,1,1,,,
3w_aligned_onset,WELL-00025_20200629194141,WELL-00025,0,P-PDG,level,naive,raw,180,120,0,300.1352,282.004,318.2664,36.2624,0.0,1,0,,1.1096,0.9245,0.9888,35.222,0,,,1,,
3w_aligned_onset,WELL-00025_20200629194141,WELL-00025,0,P-PDG,spread,block_bootstrap,adjusted,180,120,4,,,,,,,1,covariate_outside,,,,,,1,1,,,
3w_aligned_onset,WELL-00025_20200629194141,WELL-00025,0,P-PDG,spread,block_bootstrap,raw,180,120,0,4.6184,4.0384,4.7983,0.7599,0.0,1,0,,1.1096,0.9245,0.9888,35.222,0,,,1,,
3w_aligned_onset,WELL-00025_20200629194141,WELL-00025,0,P-PDG,spread,naive,adjusted,180,120,4,,,,,,,1,covariate_outside,,,,,,1,1,,,
3w_aligned_onset,WELL-00025_20200629194141,WELL-00025,0,P-PDG,spread,naive,raw,180,120,0,4.6184,4.4545,4.7823,0.3278,0.0,1,0,,1.1096,0.9245,0.9888,35.222,0,,,1,,
3w_aligned_onset,WELL-00025_20200629194141,WELL-00025,0,P-TPT,level,block_bootstrap,adjusted,180,120,4,,,,,,,1,covariate_outside,,,,,,1,1,,,
3w_aligned_onset,WELL-00025_20200629194141,WELL-00025,0,P-TPT,level,block_bootstrap,raw,180,120,0,24.3029,4.0818,45.6621,41.5804,0.0,1,0,,0.2825,0.8723,0.9856,24.3092,0,,,1,,
3w_aligned_onset,WELL-00025_20200629194141,WELL-00025,0,P-TPT,level,ewc,adjusted,180,120,4,,,,,,,1,covariate_outside,,,,,,1,1,,,
3w_aligned_onset,WELL-00025_20200629194141,WELL-00025,0,P-TPT,level,ewc,raw,180,120,0,24.3029,-2.3373,50.9431,53.2804,0.0691,0,0,,0.2825,0.8723,0.9856,24.3092,0,,,1,,
3w_aligned_onset,WELL-00025_20200629194141,WELL-00025,0,P-TPT,level,hac,adjusted,180,120,4,,,,,,,1,covariate_outside,,,,,,1,1,,,
3w_aligned_onset,WELL-00025_20200629194141,WELL-00025,0,P-TPT,level,hac,raw,180,120,0,24.3029,-4.6836,53.2893,57.9729,0.1003,0,0,,0.2825,0.8723,0.9856,24.3092,0,,,1,,
3w_aligned_onset,WELL-00025_20200629194141,WELL-00025,0,P-TPT,level,naive,adjusted,180,120,4,,,,,,,1,covariate_outside,,,,,,1,1,,,
3w_aligned_onset,WELL-00025_20200629194141,WELL-00025,0,P-TPT,level,naive,raw,180,120,0,24.3029,17.7754,30.8304,13.055,0.0,1,0,,0.2825,0.8723,0.9856,24.3092,0,,,1,,
3w_aligned_onset,WELL-00025_20200629194141,WELL-00025,0,P-TPT,spread,block_bootstrap,adjusted,180,120,4,,,,,,,1,covariate_outside,,,,,,1,1,,,
3w_aligned_onset,WELL-00025_20200629194141,WELL-00025,0,P-TPT,spread,block_bootstrap,raw,180,120,0,3.5966,2.7357,3.7549,1.0193,0.0,1,0,,0.2825,0.8723,0.9856,24.3092,0,,,1,,
3w_aligned_onset,WELL-00025_20200629194141,WELL-00025,0,P-TPT,spread,naive,adjusted,180,120,4,,,,,,,1,covariate_outside,,,,,,1,1,,,
3w_aligned_onset,WELL-00025_20200629194141,WELL-00025,0,P-TPT,spread,naive,raw,180,120,0,3.5966,3.4327,3.7605,0.3278,0.0,1,0,,0.2825,0.8723,0.9856,24.3092,0,,,1,,
3w_aligned_onset,WELL-00025_20200629194141,WELL-00025,0,T-TPT,level,block_bootstrap,adjusted,180,120,4,,,,,,,1,covariate_outside,,,,,,1,1,,,
3w_aligned_onset,WELL-00025_20200629194141,WELL-00025,0,T-TPT,level,block_bootstrap,raw,180,120,0,-204.0738,-229.0252,-185.013,44.0122,0.0,1,0,,-1.7293,0.8736,0.9502,24.4925,0,,,1,,
3w_aligned_onset,WELL-00025_20200629194141,WELL-00025,0,T-TPT,level,ewc,adjusted,180,120,4,,,,,,,1,covariate_outside,,,,,,1,1,,,
3w_aligned_onset,WELL-00025_20200629194141,WELL-00025,0,T-TPT,level,ewc,raw,180,120,0,-204.0738,-239.9351,-168.2125,71.7226,0.0,1,0,,-1.7293,0.8736,0.9502,24.4925,0,,,1,,
3w_aligned_onset,WELL-00025_20200629194141,WELL-00025,0,T-TPT,level,hac,adjusted,180,120,4,,,,,,,1,covariate_outside,,,,,,1,1,,,
3w_aligned_onset,WELL-00025_20200629194141,WELL-00025,0,T-TPT,level,hac,raw,180,120,0,-204.0738,-246.3223,-161.8254,84.4969,0.0,1,0,,-1.7293,0.8736,0.9502,24.4925,0,,,1,,
3w_aligned_onset,WELL-00025_20200629194141,WELL-00025,0,T-TPT,level,naive,adjusted,180,120,4,,,,,,,1,covariate_outside,,,,,,1,1,,,
3w_aligned_onset,WELL-00025_20200629194141,WELL-00025,0,T-TPT,level,naive,raw,180,120,0,-204.0738,-212.7705,-195.3771,17.3935,0.0,1,0,,-1.7293,0.8736,0.9502,24.4925,0,,,1,,
3w_aligned_onset,WELL-00025_20200629194141,WELL-00025,0,T-TPT,spread,block_bootstrap,adjusted,180,120,4,,,,,,,1,covariate_outside,,,,,,1,1,,,
3w_aligned_onset,WELL-00025_20200629194141,WELL-00025,0,T-TPT,spread,block_bootstrap,raw,180,120,0,3.8836,3.0947,3.9834,0.8888,0.0,1,0,,-1.7293,0.8736,0.9502,24.4925,0,,,1,,
3w_aligned_onset,WELL-00025_20200629194141,WELL-00025,0,T-TPT,spread,naive,adjusted,180,120,4,,,,,,,1,covariate_outside,,,,,,1,1,,,
3w_aligned_onset,WELL-00025_20200629194141,WELL-00025,0,T-TPT,spread,naive,raw,180,120,0,3.8836,3.7197,4.0475,0.3278,0.0,1,0,,-1.7293,0.8736,0.9502,24.4925,0,,,1,,
3w_aligned_onset,WELL-00026_20160601130000,WELL-00026,0,P-ANULAR,level,block_bootstrap,adjusted,180,120,3,,,,,,,1,covariate_outside,,,,,,1,1,,,
3w_aligned_onset,WELL-00026_20160601130000,WELL-00026,0,P-ANULAR,level,block_bootstrap,raw,180,120,0,0.0075,-0.6415,0.5239,1.1654,0.87,0,0,,-2.8142,0.962,0.942,56.4336,1,,,1,,
3w_aligned_onset,WELL-00026_20160601130000,WELL-00026,0,P-ANULAR,level,ewc,adjusted,180,120,3,,,,,,,1,covariate_outside,,,,,,1,1,,,
3w_aligned_onset,WELL-00026_20160601130000,WELL-00026,0,P-ANULAR,level,ewc,raw,180,120,0,0.0075,-0.7198,0.7348,1.4546,0.9831,0,0,,-2.8142,0.962,0.942,56.4336,1,,,1,,
3w_aligned_onset,WELL-00026_20160601130000,WELL-00026,0,P-ANULAR,level,hac,adjusted,180,120,3,,,,,,,1,covariate_outside,,,,,,1,1,,,
3w_aligned_onset,WELL-00026_20160601130000,WELL-00026,0,P-ANULAR,level,hac,raw,180,120,0,0.0075,-0.9456,0.9605,1.9061,0.9877,0,0,,-2.8142,0.962,0.942,56.4336,1,,,1,,
3w_aligned_onset,WELL-00026_20160601130000,WELL-00026,0,P-ANULAR,level,naive,adjusted,180,120,3,,,,,,,1,covariate_outside,,,,,,1,1,,,
3w_aligned_onset,WELL-00026_20160601130000,WELL-00026,0,P-ANULAR,level,naive,raw,180,120,0,0.0075,-0.1892,0.2041,0.3933,0.9406,0,0,,-2.8142,0.962,0.942,56.4336,1,,,1,,
3w_aligned_onset,WELL-00026_20160601130000,WELL-00026,0,P-ANULAR,spread,block_bootstrap,adjusted,180,120,3,,,,,,,1,covariate_outside,,,,,,1,1,,,
3w_aligned_onset,WELL-00026_20160601130000,WELL-00026,0,P-ANULAR,spread,block_bootstrap,raw,180,120,0,-0.3069,-0.5834,-0.0241,0.5593,0.04,1,0,,-2.8142,0.962,0.942,56.4336,1,,,1,,
3w_aligned_onset,WELL-00026_20160601130000,WELL-00026,0,P-ANULAR,spread,naive,adjusted,180,120,3,,,,,,,1,covariate_outside,,,,,,1,1,,,
3w_aligned_onset,WELL-00026_20160601130000,WELL-00026,0,P-ANULAR,spread,naive,raw,180,120,0,-0.3069,-0.4708,-0.143,0.3278,0.0002,1,0,,-2.8142,0.962,0.942,56.4336,1,,,1,,
3w_aligned_onset,WELL-00026_20160601130000,WELL-00026,0,P-JUS-CKGL,level,block_bootstrap,adjusted,180,120,3,,,,,,,1,covariate_outside,,,,,,1,1,,,
3w_aligned_onset,WELL-00026_20160601130000,WELL-00026,0,P-JUS-CKGL,level,block_bootstrap,raw,180,120,0,0.0924,-0.4746,0.5593,1.0339,0.87,0,0,,-3.1583,0.9815,0.9368,91.6616,1,,,1,,
3w_aligned_onset,WELL-00026_20160601130000,WELL-00026,0,P-JUS-CKGL,level,ewc,adjusted,180,120,3,,,,,,,1,covariate_outside,,,,,,1,1,,,
3w_aligned_onset,WELL-00026_20160601130000,WELL-00026,0,P-JUS-CKGL,level,ewc,raw,180,120,0,0.0924,-0.6279,0.8127,1.4407,0.7922,0,0,,-3.1583,0.9815,0.9368,91.6616,1,,,1,,
3w_aligned_onset,WELL-00026_20160601130000,WELL-00026,0,P-JUS-CKGL,level,hac,adjusted,180,120,3,,,,,,,1,covariate_outside,,,,,,1,1,,,
3w_aligned_onset,WELL-00026_20160601130000,WELL-00026,0,P-JUS-CKGL,level,hac,raw,180,120,0,0.0924,-0.837,1.0218,1.8588,0.8455,0,0,,-3.1583,0.9815,0.9368,91.6616,1,,,1,,
3w_aligned_onset,WELL-00026_20160601130000,WELL-00026,0,P-JUS-CKGL,level,naive,adjusted,180,120,3,,,,,,,1,covariate_outside,,,,,,1,1,,,
3w_aligned_onset,WELL-00026_20160601130000,WELL-00026,0,P-JUS-CKGL,level,naive,raw,180,120,0,0.0924,-0.0981,0.2829,0.3811,0.3419,0,0,,-3.1583,0.9815,0.9368,91.6616,1,,,1,,
3w_aligned_onset,WELL-00026_20160601130000,WELL-00026,0,P-JUS-CKGL,spread,block_bootstrap,adjusted,180,120,3,,,,,,,1,covariate_outside,,,,,,1,1,,,
3w_aligned_onset,WELL-00026_20160601130000,WELL-00026,0,P-JUS-CKGL,spread,block_bootstrap,raw,180,120,0,-0.3804,-0.7045,0.0084,0.713,0.07,0,0,,-3.1583,0.9815,0.9368,91.6616,1,,,1,,
3w_aligned_onset,WELL-00026_20160601130000,WELL-00026,0,P-JUS-CKGL,spread,naive,adjusted,180,120,3,,,,,,,1,covariate_outside,,,,,,1,1,,,
3w_aligned_onset,WELL-00026_20160601130000,WELL-00026,0,P-JUS-CKGL,spread,naive,raw,180,120,0,-0.3804,-0.5443,-0.2165,0.3278,0.0,1,0,,-3.1583,0.9815,0.9368,91.6616,1,,,1,,
3w_aligned_onset,WELL-00026_20160601130000,WELL-00026,0,P-MON-CKP,level,block_bootstrap,adjusted,180,120,3,,,,,,,1,covariate_outside,,,,,,1,1,,,
3w_aligned_onset,WELL-00026_20160601130000,WELL-00026,0,P-MON-CKP,level,block_bootstrap,raw,180,120,0,0.1087,-0.1842,0.456,0.6402,0.44,0,0,,-1.0403,0.3794,0.4023,5.9633,0,,,0,,
3w_aligned_onset,WELL-00026_20160601130000,WELL-00026,0,P-MON-CKP,level,ewc,adjusted,180,120,3,,,,,,,1,covariate_outside,,,,,,1,1,,,
3w_aligned_onset,WELL-00026_20160601130000,WELL-00026,0,P-MON-CKP,level,ewc,raw,180,120,0,0.1087,-0.2522,0.4696,0.7218,0.5287,0,0,,-1.0403,0.3794,0.4023,5.9633,0,,,0,,
3w_aligned_onset,WELL-00026_20160601130000,WELL-00026,0,P-MON-CKP,level,hac,adjusted,180,120,3,,,,,,,1,covariate_outside,,,,,,1,1,,,
3w_aligned_onset,WELL-00026_20160601130000,WELL-00026,0,P-MON-CKP,level,hac,raw,180,120,0,0.1087,-0.2166,0.4339,0.6504,0.5126,0,0,,-1.0403,0.3794,0.4023,5.9633,0,,,0,,
3w_aligned_onset,WELL-00026_20160601130000,WELL-00026,0,P-MON-CKP,level,naive,adjusted,180,120,3,,,,,,,1,covariate_outside,,,,,,1,1,,,
3w_aligned_onset,WELL-00026_20160601130000,WELL-00026,0,P-MON-CKP,level,naive,raw,180,120,0,0.1087,-0.1452,0.3626,0.5078,0.4016,0,0,,-1.0403,0.3794,0.4023,5.9633,0,,,0,,
3w_aligned_onset,WELL-00026_20160601130000,WELL-00026,0,P-MON-CKP,spread,block_bootstrap,adjusted,180,120,3,,,,,,,1,covariate_outside,,,,,,1,1,,,
3w_aligned_onset,WELL-00026_20160601130000,WELL-00026,0,P-MON-CKP,spread,block_bootstrap,raw,180,120,0,0.149,-0.0351,0.3129,0.348,0.16,0,0,,-1.0403,0.3794,0.4023,5.9633,0,,,0,,
3w_aligned_onset,WELL-00026_20160601130000,WELL-00026,0,P-MON-CKP,spread,naive,adjusted,180,120,3,,,,,,,1,covariate_outside,,,,,,1,1,,,
3w_aligned_onset,WELL-00026_20160601130000,WELL-00026,0,P-MON-CKP,spread,naive,raw,180,120,0,0.149,-0.0149,0.3129,0.3278,0.0748,0,0,,-1.0403,0.3794,0.4023,5.9633,0,,,0,,
3w_aligned_onset,WELL-00026_20160601130000,WELL-00026,0,P-PDG,level,block_bootstrap,adjusted,180,120,3,4.8759,3.6218,5.8926,2.2708,0.0,1,0,,0.897,0.9554,0.9886,50.5713,0,0,0,1,0.122,0.802
3w_aligned_onset,WELL-00026_20160601130000,WELL-00026,0,P-PDG,level,block_bootstrap,raw,180,120,0,4.8434,3.4222,5.9641,2.5419,0.0,1,0,,0.4564,0.9814,0.9996,91.4137,0,,,1,,
3w_aligned_onset,WELL-00026_20160601130000,WELL-00026,0,P-PDG,level,ewc,adjusted,180,120,3,4.8759,3.3598,6.3921,3.0323,0.0,1,0,,0.897,0.9554,0.9886,50.5713,0,0,0,1,0.122,0.802
3w_aligned_onset,WELL-00026_20160601130000,WELL-00026,0,P-PDG,level,ewc,raw,180,120,0,4.8434,3.1475,6.5394,3.3919,0.0,1,0,,0.4564,0.9814,0.9996,91.4137,0,,,1,,
3w_aligned_onset,WELL-00026_20160601130000,WELL-00026,0,P-PDG,level,hac,adjusted,180,120,3,4.8759,3.0345,6.7174,3.6828,0.0,1,0,,0.897,0.9554,0.9886,50.5713,0,0,0,1,0.122,0.802
3w_aligned_onset,WELL-00026_20160601130000,WELL-00026,0,P-PDG,level,hac,raw,180,120,0,4.8434,2.8445,6.8424,3.998,0.0,1,0,,0.4564,0.9814,0.9996,91.4137,0,,,1,,
3w_aligned_onset,WELL-00026_20160601130000,WELL-00026,0,P-PDG,level,naive,adjusted,180,120,3,4.8759,4.4987,5.2531,0.7544,0.0,1,0,,0.897,0.9554,0.9886,50.5713,0,0,0,1,0.122,0.802
3w_aligned_onset,WELL-00026_20160601130000,WELL-00026,0,P-PDG,level,naive,raw,180,120,0,4.8434,4.4247,5.2622,0.8376,0.0,1,0,,0.4564,0.9814,0.9996,91.4137,0,,,1,,
3w_aligned_onset,WELL-00026_20160601130000,WELL-00026,0,P-PDG,spread,block_bootstrap,adjusted,180,120,3,0.7403,0.2367,0.9372,0.7005,0.0,1,0,,0.897,0.9554,0.9886,50.5713,0,0,0,1,0.122,0.802
3w_aligned_onset,WELL-00026_20160601130000,WELL-00026,0,P-PDG,spread,block_bootstrap,raw,180,120,0,0.7855,0.341,1.0128,0.6719,0.0,1,0,,0.4564,0.9814,0.9996,91.4137,0,,,1,,
3w_aligned_onset,WELL-00026_20160601130000,WELL-00026,0,P-PDG,spread,naive,adjusted,180,120,3,0.7403,0.5764,0.9042,0.3278,0.0,1,0,,0.897,0.9554,0.9886,50.5713,0,0,0,1,0.122,0.802
3w_aligned_onset,WELL-00026_20160601130000,WELL-00026,0,P-PDG,spread,naive,raw,180,120,0,0.7855,0.6216,0.9495,0.3278,0.0,1,0,,0.4564,0.9814,0.9996,91.4137,0,,,1,,
3w_aligned_onset,WELL-00026_20160601130000,WELL-00026,0,P-TPT,level,block_bootstrap,adjusted,0,0,4,,,,,,,1,too_few,,,,,,,,,,
3w_aligned_onset,WELL-00026_20160601130000,WELL-00026,0,P-TPT,level,block_bootstrap,raw,0,0,0,,,,,,,1,too_few,,,,,,,,,,
3w_aligned_onset,WELL-00026_20160601130000,WELL-00026,0,P-TPT,level,ewc,adjusted,0,0,4,,,,,,,1,too_few,,,,,,,,,,
3w_aligned_onset,WELL-00026_20160601130000,WELL-00026,0,P-TPT,level,ewc,raw,0,0,0,,,,,,,1,too_few,,,,,,,,,,
3w_aligned_onset,WELL-00026_20160601130000,WELL-00026,0,P-TPT,level,hac,adjusted,0,0,4,,,,,,,1,too_few,,,,,,,,,,
3w_aligned_onset,WELL-00026_20160601130000,WELL-00026,0,P-TPT,level,hac,raw,0,0,0,,,,,,,1,too_few,,,,,,,,,,
3w_aligned_onset,WELL-00026_20160601130000,WELL-00026,0,P-TPT,level,naive,adjusted,0,0,4,,,,,,,1,too_few,,,,,,,,,,
3w_aligned_onset,WELL-00026_20160601130000,WELL-00026,0,P-TPT,level,naive,raw,0,0,0,,,,,,,1,too_few,,,,,,,,,,
3w_aligned_onset,WELL-00026_20160601130000,WELL-00026,0,P-TPT,spread,block_bootstrap,adjusted,0,0,4,,,,,,,1,too_few,,,,,,,,,,
3w_aligned_onset,WELL-00026_20160601130000,WELL-00026,0,P-TPT,spread,block_bootstrap,raw,0,0,0,,,,,,,1,too_few,,,,,,,,,,
3w_aligned_onset,WELL-00026_20160601130000,WELL-00026,0,P-TPT,spread,naive,adjusted,0,0,4,,,,,,,1,too_few,,,,,,,,,,
3w_aligned_onset,WELL-00026_20160601130000,WELL-00026,0,P-TPT,spread,naive,raw,0,0,0,,,,,,,1,too_few,,,,,,,,,,
3w_aligned_onset,WELL-00026_20160601130000,WELL-00026,0,T-TPT,level,block_bootstrap,adjusted,0,0,4,,,,,,,1,too_few,,,,,,,,,,
3w_aligned_onset,WELL-00026_20160601130000,WELL-00026,0,T-TPT,level,block_bootstrap,raw,0,0,0,,,,,,,1,too_few,,,,,,,,,,
3w_aligned_onset,WELL-00026_20160601130000,WELL-00026,0,T-TPT,level,ewc,adjusted,0,0,4,,,,,,,1,too_few,,,,,,,,,,
3w_aligned_onset,WELL-00026_20160601130000,WELL-00026,0,T-TPT,level,ewc,raw,0,0,0,,,,,,,1,too_few,,,,,,,,,,
3w_aligned_onset,WELL-00026_20160601130000,WELL-00026,0,T-TPT,level,hac,adjusted,0,0,4,,,,,,,1,too_few,,,,,,,,,,
3w_aligned_onset,WELL-00026_20160601130000,WELL-00026,0,T-TPT,level,hac,raw,0,0,0,,,,,,,1,too_few,,,,,,,,,,
3w_aligned_onset,WELL-00026_20160601130000,WELL-00026,0,T-TPT,level,naive,adjusted,0,0,4,,,,,,,1,too_few,,,,,,,,,,
3w_aligned_onset,WELL-00026_20160601130000,WELL-00026,0,T-TPT,level,naive,raw,0,0,0,,,,,,,1,too_few,,,,,,,,,,
3w_aligned_onset,WELL-00026_20160601130000,WELL-00026,0,T-TPT,spread,block_bootstrap,adjusted,0,0,4,,,,,,,1,too_few,,,,,,,,,,
3w_aligned_onset,WELL-00026_20160601130000,WELL-00026,0,T-TPT,spread,block_bootstrap,raw,0,0,0,,,,,,,1,too_few,,,,,,,,,,
3w_aligned_onset,WELL-00026_20160601130000,WELL-00026,0,T-TPT,spread,naive,adjusted,0,0,4,,,,,,,1,too_few,,,,,,,,,,
3w_aligned_onset,WELL-00026_20160601130000,WELL-00026,0,T-TPT,spread,naive,raw,0,0,0,,,,,,,1,too_few,,,,,,,,,,
3w_aligned_onset,WELL-00026_20170207230000,WELL-00026,0,P-ANULAR,level,block_bootstrap,adjusted,180,120,3,0.3982,0.154,0.6249,0.4709,0.0,1,0,,-3.5052,0.5815,0.6812,9.4109,1,0,1,0,0.6185,0.4758
3w_aligned_onset,WELL-00026_20170207230000,WELL-00026,0,P-ANULAR,level,block_bootstrap,raw,180,120,0,1.6508,1.4037,2.108,0.7043,0.0,1,0,,-0.84,0.8132,0.7793,18.3926,0,,,0,,
3w_aligned_onset,WELL-00026_20170207230000,WELL-00026,0,P-ANULAR,level,ewc,adjusted,180,120,3,0.3982,0.067,0.7293,0.6623,0.0208,1,0,,-3.5052,0.5815,0.6812,9.4109,1,0,1,0,0.6185,0.4758
3w_aligned_onset,WELL-00026_20170207230000,WELL-00026,0,P-ANULAR,level,ewc,raw,180,120,0,1.6508,1.1831,2.1184,0.9352,0.0,1,0,,-0.84,0.8132,0.7793,18.3926,0,,,0,,
3w_aligned_onset,WELL-00026_20170207230000,WELL-00026,0,P-ANULAR,level,hac,adjusted,180,120,3,0.3982,0.1434,0.653,0.5097,0.0022,1,0,,-3.5052,0.5815,0.6812,9.4109,1,0,1,0,0.6185,0.4758
3w_aligned_onset,WELL-00026_20170207230000,WELL-00026,0,P-ANULAR,level,hac,raw,180,120,0,1.6508,1.2423,2.0592,0.8169,0.0,1,0,,-0.84,0.8132,0.7793,18.3926,0,,,0,,
3w_aligned_onset,WELL-00026_20170207230000,WELL-00026,0,P-ANULAR,level,naive,adjusted,180,120,3,0.3982,0.275,0.5213,0.2463,0.0,1,0,,-3.5052,0.5815,0.6812,9.4109,1,0,1,0,0.6185,0.4758
3w_aligned_onset,WELL-00026_20170207230000,WELL-00026,0,P-ANULAR,level,naive,raw,180,120,0,1.6508,1.4607,1.8408,0.3801,0.0,1,0,,-0.84,0.8132,0.7793,18.3926,0,,,0,,
3w_aligned_onset,WELL-00026_20170207230000,WELL-00026,0,P-ANULAR,spread,block_bootstrap,adjusted,180,120,3,-0.2762,-0.6679,-0.1315,0.5363,0.0,1,0,,-3.5052,0.5815,0.6812,9.4109,1,0,1,0,0.6185,0.4758
3w_aligned_onset,WELL-00026_20170207230000,WELL-00026,0,P-ANULAR,spread,block_bootstrap,raw,180,120,0,-0.3867,-0.9033,-0.2336,0.6697,0.0,1,0,,-0.84,0.8132,0.7793,18.3926,0,,,0,,
3w_aligned_onset,WELL-00026_20170207230000,WELL-00026,0,P-ANULAR,spread,naive,adjusted,180,120,3,-0.2762,-0.4401,-0.1123,0.3278,0.001,1,0,,-3.5052,0.5815,0.6812,9.4109,1,0,1,0,0.6185,0.4758
3w_aligned_onset,WELL-00026_20170207230000,WELL-00026,0,P-ANULAR,spread,naive,raw,180,120,0,-0.3867,-0.5506,-0.2228,0.3278,0.0,1,0,,-0.84,0.8132,0.7793,18.3926,0,,,0,,
3w_aligned_onset,WELL-00026_20170207230000,WELL-00026,0,P-JUS-CKGL,level,block_bootstrap,adjusted,180,120,3,0.4737,0.2972,0.7807,0.4834,0.0,1,0,,4.7657,0.7483,0.6816,14.6161,1,0,1,0,0.5934,0.3621
3w_aligned_onset,WELL-00026_20170207230000,WELL-00026,0,P-JUS-CKGL,level,block_bootstrap,raw,180,120,0,1.7016,1.3835,2.1986,0.815,0.0,1,0,,1.1709,0.9236,0.8298,34.9377,0,,,1,,
3w_aligned_onset,WELL-00026_20170207230000,WELL-00026,0,P-JUS-CKGL,level,ewc,adjusted,180,120,3,0.4737,0.1105,0.837,0.7265,0.0134,1,0,,4.7657,0.7483,0.6816,14.6161,1,0,1,0,0.5934,0.3621
3w_aligned_onset,WELL-00026_20170207230000,WELL-00026,0,P-JUS-CKGL,level,ewc,raw,180,120,0,1.7016,1.1694,2.2338,1.0644,0.0,1,0,,1.1709,0.9236,0.8298,34.9377,0,,,1,,
3w_aligned_onset,WELL-00026_20170207230000,WELL-00026,0,P-JUS-CKGL,level,hac,adjusted,180,120,3,0.4737,0.1636,0.7838,0.6202,0.0028,1,0,,4.7657,0.7483,0.6816,14.6161,1,0,1,0,0.5934,0.3621
3w_aligned_onset,WELL-00026_20170207230000,WELL-00026,0,P-JUS-CKGL,level,hac,raw,180,120,0,1.7016,1.1521,2.2511,1.0989,0.0,1,0,,1.1709,0.9236,0.8298,34.9377,0,,,1,,
3w_aligned_onset,WELL-00026_20170207230000,WELL-00026,0,P-JUS-CKGL,level,naive,adjusted,180,120,3,0.4737,0.3576,0.5899,0.2323,0.0,1,0,,4.7657,0.7483,0.6816,14.6161,1,0,1,0,0.5934,0.3621
3w_aligned_onset,WELL-00026_20170207230000,WELL-00026,0,P-JUS-CKGL,level,naive,raw,180,120,0,1.7016,1.5155,1.8877,0.3722,0.0,1,0,,1.1709,0.9236,0.8298,34.9377,0,,,1,,
3w_aligned_onset,WELL-00026_20170207230000,WELL-00026,0,P-JUS-CKGL,spread,block_bootstrap,adjusted,180,120,3,-0.4978,-0.9183,-0.2249,0.6934,0.0,1,0,,4.7657,0.7483,0.6816,14.6161,1,0,1,0,0.5934,0.3621
3w_aligned_onset,WELL-00026_20170207230000,WELL-00026,0,P-JUS-CKGL,spread,block_bootstrap,raw,180,120,0,-0.4398,-0.8184,-0.2291,0.5892,0.0,1,0,,1.1709,0.9236,0.8298,34.9377,0,,,1,,
3w_aligned_onset,WELL-00026_20170207230000,WELL-00026,0,P-JUS-CKGL,spread,naive,adjusted,180,120,3,-0.4978,-0.6617,-0.3339,0.3278,0.0,1,0,,4.7657,0.7483,0.6816,14.6161,1,0,1,0,0.5934,0.3621
3w_aligned_onset,WELL-00026_20170207230000,WELL-00026,0,P-JUS-CKGL,spread,naive,raw,180,120,0,-0.4398,-0.6037,-0.2759,0.3278,0.0,1,0,,1.1709,0.9236,0.8298,34.9377,0,,,1,,
3w_aligned_onset,WELL-00026_20170207230000,WELL-00026,0,P-MON-CKP,level,block_bootstrap,adjusted,180,120,3,0.498,0.1816,0.7005,0.5189,0.0,1,0,,-0.2109,0.3113,0.5408,5.0445,0,0,1,0,0.182,1.0117
3w_aligned_onset,WELL-00026_20170207230000,WELL-00026,0,P-MON-CKP,level,block_bootstrap,raw,180,120,0,-0.0199,-0.3707,0.1697,0.5405,0.52,0,0,,0.1073,0.4536,0.5108,7.0621,0,,,0,,
3w_aligned_onset,WELL-00026_20170207230000,WELL-00026,0,P-MON-CKP,level,ewc,adjusted,180,120,3,0.498,0.1331,0.8628,0.7297,0.0111,1,0,,-0.2109,0.3113,0.5408,5.0445,0,0,1,0,0.182,1.0117
3w_aligned_onset,WELL-00026_20170207230000,WELL-00026,0,P-MON-CKP,level,ewc,raw,180,120,0,-0.0199,-0.3264,0.2865,0.6128,0.8933,0,0,,0.1073,0.4536,0.5108,7.0621,0,,,0,,
3w_aligned_onset,WELL-00026_20170207230000,WELL-00026,0,P-MON-CKP,level,hac,adjusted,180,120,3,0.498,0.1799,0.8161,0.6363,0.0022,1,0,,-0.2109,0.3113,0.5408,5.0445,0,0,1,0,0.182,1.0117
3w_aligned_onset,WELL-00026_20170207230000,WELL-00026,0,P-MON-CKP,level,hac,raw,180,120,0,-0.0199,-0.3369,0.297,0.6339,0.9018,0,0,,0.1073,0.4536,0.5108,7.0621,0,,,0,,
3w_aligned_onset,WELL-00026_20170207230000,WELL-00026,0,P-MON-CKP,level,naive,adjusted,180,120,3,0.498,0.2732,0.7228,0.4496,0.0,1,0,,-0.2109,0.3113,0.5408,5.0445,0,0,1,0,0.182,1.0117
3w_aligned_onset,WELL-00026_20170207230000,WELL-00026,0,P-MON-CKP,level,naive,raw,180,120,0,-0.0199,-0.2524,0.2125,0.465,0.8664,0,0,,0.1073,0.4536,0.5108,7.0621,0,,,0,,
3w_aligned_onset,WELL-00026_20170207230000,WELL-00026,0,P-MON-CKP,spread,block_bootstrap,adjusted,180,120,3,0.1169,-0.1043,0.2435,0.3478,0.42,0,0,,-0.2109,0.3113,0.5408,5.0445,0,0,1,0,0.182,1.0117
3w_aligned_onset,WELL-00026_20170207230000,WELL-00026,0,P-MON-CKP,spread,block_bootstrap,raw,180,120,0,0.0107,-0.187,0.1728,0.3598,0.95,0,0,,0.1073,0.4536,0.5108,7.0621,0,,,0,,
3w_aligned_onset,WELL-00026_20170207230000,WELL-00026,0,P-MON-CKP,spread,naive,adjusted,180,120,3,0.1169,-0.047,0.2808,0.3278,0.1621,0,0,,-0.2109,0.3113,0.5408,5.0445,0,0,1,0,0.182,1.0117
3w_aligned_onset,WELL-00026_20170207230000,WELL-00026,0,P-MON-CKP,spread,naive,raw,180,120,0,0.0107,-0.1532,0.1746,0.3278,0.8983,0,0,,0.1073,0.4536,0.5108,7.0621,0,,,0,,
3w_aligned_onset,WELL-00026_20170207230000,WELL-00026,0,P-PDG,level,block_bootstrap,adjusted,180,120,3,1.3026,0.6961,1.7062,1.01,0.0,1,0,,1.7405,0.9434,0.9686,42.971,0,0,1,1,0.0785,1.0284
3w_aligned_onset,WELL-00026_20170207230000,WELL-00026,0,P-PDG,level,block_bootstrap,raw,180,120,0,1.0166,0.4044,1.483,1.0786,0.0,1,0,,1.6645,0.969,0.9966,64.8488,0,,,1,,
3w_aligned_onset,WELL-00026_20170207230000,WELL-00026,0,P-PDG,level,ewc,adjusted,180,120,3,1.3026,0.5125,2.0927,1.5802,0.0026,1,0,,1.7405,0.9434,0.9686,42.971,0,0,1,1,0.0785,1.0284
3w_aligned_onset,WELL-00026_20170207230000,WELL-00026,0,P-PDG,level,ewc,raw,180,120,0,1.0166,0.2096,1.8235,1.6139,0.016,1,0,,1.6645,0.969,0.9966,64.8488,0,,,1,,
3w_aligned_onset,WELL-00026_20170207230000,WELL-00026,0,P-PDG,level,hac,adjusted,180,120,3,1.3026,0.3503,2.2549,1.9046,0.0073,1,0,,1.7405,0.9434,0.9686,42.971,0,0,1,1,0.0785,1.0284
3w_aligned_onset,WELL-00026_20170207230000,WELL-00026,0,P-PDG,level,hac,raw,180,120,0,1.0166,0.0842,1.9489,1.8647,0.0326,1,0,,1.6645,0.969,0.9966,64.8488,0,,,1,,
3w_aligned_onset,WELL-00026_20170207230000,WELL-00026,0,P-PDG,level,naive,adjusted,180,120,3,1.3026,1.0953,1.51,0.4147,0.0,1,0,,1.7405,0.9434,0.9686,42.971,0,0,1,1,0.0785,1.0284
3w_aligned_onset,WELL-00026_20170207230000,WELL-00026,0,P-PDG,level,naive,raw,180,120,0,1.0166,0.8068,1.2264,0.4197,0.0,1,0,,1.6645,0.969,0.9966,64.8488,0,,,1,,
3w_aligned_onset,WELL-00026_20170207230000,WELL-00026,0,P-PDG,spread,block_bootstrap,adjusted,180,120,3,-0.1173,-0.9021,0.2927,1.1948,0.33,0,0,,1.7405,0.9434,0.9686,42.971,0,0,1,1,0.0785,1.0284
3w_aligned_onset,WELL-00026_20170207230000,WELL-00026,0,P-PDG,spread,block_bootstrap,raw,180,120,0,-0.1722,-0.8646,0.1811,1.0457,0.25,0,0,,1.6645,0.969,0.9966,64.8488,0,,,1,,
3w_aligned_onset,WELL-00026_20170207230000,WELL-00026,0,P-PDG,spread,naive,adjusted,180,120,3,-0.1173,-0.2812,0.0466,0.3278,0.1608,0,0,,1.7405,0.9434,0.9686,42.971,0,0,1,1,0.0785,1.0284
3w_aligned_onset,WELL-00026_20170207230000,WELL-00026,0,P-PDG,spread,naive,raw,180,120,0,-0.1722,-0.3361,-0.0082,0.3278,0.0395,1,0,,1.6645,0.969,0.9966,64.8488,0,,,1,,
3w_aligned_onset,WELL-00026_20170207230000,WELL-00026,0,P-TPT,level,block_bootstrap,adjusted,0,0,4,,,,,,,1,too_few,,,,,,,,,,
3w_aligned_onset,WELL-00026_20170207230000,WELL-00026,0,P-TPT,level,block_bootstrap,raw,0,0,0,,,,,,,1,too_few,,,,,,,,,,
3w_aligned_onset,WELL-00026_20170207230000,WELL-00026,0,P-TPT,level,ewc,adjusted,0,0,4,,,,,,,1,too_few,,,,,,,,,,
3w_aligned_onset,WELL-00026_20170207230000,WELL-00026,0,P-TPT,level,ewc,raw,0,0,0,,,,,,,1,too_few,,,,,,,,,,
3w_aligned_onset,WELL-00026_20170207230000,WELL-00026,0,P-TPT,level,hac,adjusted,0,0,4,,,,,,,1,too_few,,,,,,,,,,
3w_aligned_onset,WELL-00026_20170207230000,WELL-00026,0,P-TPT,level,hac,raw,0,0,0,,,,,,,1,too_few,,,,,,,,,,
3w_aligned_onset,WELL-00026_20170207230000,WELL-00026,0,P-TPT,level,naive,adjusted,0,0,4,,,,,,,1,too_few,,,,,,,,,,
3w_aligned_onset,WELL-00026_20170207230000,WELL-00026,0,P-TPT,level,naive,raw,0,0,0,,,,,,,1,too_few,,,,,,,,,,
3w_aligned_onset,WELL-00026_20170207230000,WELL-00026,0,P-TPT,spread,block_bootstrap,adjusted,0,0,4,,,,,,,1,too_few,,,,,,,,,,
3w_aligned_onset,WELL-00026_20170207230000,WELL-00026,0,P-TPT,spread,block_bootstrap,raw,0,0,0,,,,,,,1,too_few,,,,,,,,,,
3w_aligned_onset,WELL-00026_20170207230000,WELL-00026,0,P-TPT,spread,naive,adjusted,0,0,4,,,,,,,1,too_few,,,,,,,,,,
3w_aligned_onset,WELL-00026_20170207230000,WELL-00026,0,P-TPT,spread,naive,raw,0,0,0,,,,,,,1,too_few,,,,,,,,,,
3w_aligned_onset,WELL-00026_20170207230000,WELL-00026,0,T-TPT,level,block_bootstrap,adjusted,0,0,4,,,,,,,1,too_few,,,,,,,,,,
3w_aligned_onset,WELL-00026_20170207230000,WELL-00026,0,T-TPT,level,block_bootstrap,raw,0,0,0,,,,,,,1,too_few,,,,,,,,,,
3w_aligned_onset,WELL-00026_20170207230000,WELL-00026,0,T-TPT,level,ewc,adjusted,0,0,4,,,,,,,1,too_few,,,,,,,,,,
3w_aligned_onset,WELL-00026_20170207230000,WELL-00026,0,T-TPT,level,ewc,raw,0,0,0,,,,,,,1,too_few,,,,,,,,,,
3w_aligned_onset,WELL-00026_20170207230000,WELL-00026,0,T-TPT,level,hac,adjusted,0,0,4,,,,,,,1,too_few,,,,,,,,,,
3w_aligned_onset,WELL-00026_20170207230000,WELL-00026,0,T-TPT,level,hac,raw,0,0,0,,,,,,,1,too_few,,,,,,,,,,
3w_aligned_onset,WELL-00026_20170207230000,WELL-00026,0,T-TPT,level,naive,adjusted,0,0,4,,,,,,,1,too_few,,,,,,,,,,
3w_aligned_onset,WELL-00026_20170207230000,WELL-00026,0,T-TPT,level,naive,raw,0,0,0,,,,,,,1,too_few,,,,,,,,,,
3w_aligned_onset,WELL-00026_20170207230000,WELL-00026,0,T-TPT,spread,block_bootstrap,adjusted,0,0,4,,,,,,,1,too_few,,,,,,,,,,
3w_aligned_onset,WELL-00026_20170207230000,WELL-00026,0,T-TPT,spread,block_bootstrap,raw,0,0,0,,,,,,,1,too_few,,,,,,,,,,
3w_aligned_onset,WELL-00026_20170207230000,WELL-00026,0,T-TPT,spread,naive,adjusted,0,0,4,,,,,,,1,too_few,,,,,,,,,,
3w_aligned_onset,WELL-00026_20170207230000,WELL-00026,0,T-TPT,spread,naive,raw,0,0,0,,,,,,,1,too_few,,,,,,,,,,
3w_aligned_onset,WELL-00026_20170608230000,WELL-00026,0,P-ANULAR,level,block_bootstrap,adjusted,180,120,3,,,,,,,1,covariate_outside,,,,,,1,1,,,
3w_aligned_onset,WELL-00026_20170608230000,WELL-00026,0,P-ANULAR,level,block_bootstrap,raw,180,120,0,-2.8229,-3.5603,-2.2422,1.3181,0.0,1,0,,0.8824,0.9149,0.9577,32.4127,0,,,1,,
3w_aligned_onset,WELL-00026_20170608230000,WELL-00026,0,P-ANULAR,level,ewc,adjusted,180,120,3,,,,,,,1,covariate_outside,,,,,,1,1,,,
3w_aligned_onset,WELL-00026_20170608230000,WELL-00026,0,P-ANULAR,level,ewc,raw,180,120,0,-2.8229,-3.7287,-1.917,1.8117,0.0,1,0,,0.8824,0.9149,0.9577,32.4127,0,,,1,,
3w_aligned_onset,WELL-00026_20170608230000,WELL-00026,0,P-ANULAR,level,hac,adjusted,180,120,3,,,,,,,1,covariate_outside,,,,,,1,1,,,
3w_aligned_onset,WELL-00026_20170608230000,WELL-00026,0,P-ANULAR,level,hac,raw,180,120,0,-2.8229,-3.7916,-1.8541,1.9375,0.0,1,0,,0.8824,0.9149,0.9577,32.4127,0,,,1,,
3w_aligned_onset,WELL-00026_20170608230000,WELL-00026,0,P-ANULAR,level,naive,adjusted,180,120,3,,,,,,,1,covariate_outside,,,,,,1,1,,,
3w_aligned_onset,WELL-00026_20170608230000,WELL-00026,0,P-ANULAR,level,naive,raw,180,120,0,-2.8229,-3.0653,-2.5804,0.4849,0.0,1,0,,0.8824,0.9149,0.9577,32.4127,0,,,1,,
3w_aligned_onset,WELL-00026_20170608230000,WELL-00026,0,P-ANULAR,spread,block_bootstrap,adjusted,180,120,3,,,,,,,1,covariate_outside,,,,,,1,1,,,
3w_aligned_onset,WELL-00026_20170608230000,WELL-00026,0,P-ANULAR,spread,block_bootstrap,raw,180,120,0,0.0782,-0.6365,0.4485,1.085,0.95,0,0,,0.8824,0.9149,0.9577,32.4127,0,,,1,,
3w_aligned_onset,WELL-00026_20170608230000,WELL-00026,0,P-ANULAR,spread,naive,adjusted,180,120,3,,,,,,,1,covariate_outside,,,,,,1,1,,,
3w_aligned_onset,WELL-00026_20170608230000,WELL-00026,0,P-ANULAR,spread,naive,raw,180,120,0,0.0782,-0.0857,0.2421,0.3278,0.3497,0,0,,0.8824,0.9149,0.9577,32.4127,0,,,1,,
3w_aligned_onset,WELL-00026_20170608230000,WELL-00026,0,P-JUS-CKGL,level,block_bootstrap,adjusted,180,120,3,,,,,,,1,covariate_outside,,,,,,1,1,,,
3w_aligned_onset,WELL-00026_20170608230000,WELL-00026,0,P-JUS-CKGL,level,block_bootstrap,raw,180,120,0,-2.2883,-3.0029,-1.841,1.1619,0.0,1,0,,0.1278,0.9202,0.8855,33.9074,0,,,1,,
3w_aligned_onset,WELL-00026_20170608230000,WELL-00026,0,P-JUS-CKGL,level,ewc,adjusted,180,120,3,,,,,,,1,covariate_outside,,,,,,1,1,,,
3w_aligned_onset,WELL-00026_20170608230000,WELL-00026,0,P-JUS-CKGL,level,ewc,raw,180,120,0,-2.2883,-3.0774,-1.4993,1.5781,0.0,1,0,,0.1278,0.9202,0.8855,33.9074,0,,,1,,
3w_aligned_onset,WELL-00026_20170608230000,WELL-00026,0,P-JUS-CKGL,level,hac,adjusted,180,120,3,,,,,,,1,covariate_outside,,,,,,1,1,,,
3w_aligned_onset,WELL-00026_20170608230000,WELL-00026,0,P-JUS-CKGL,level,hac,raw,180,120,0,-2.2883,-2.9621,-1.6145,1.3476,0.0,1,0,,0.1278,0.9202,0.8855,33.9074,0,,,1,,
3w_aligned_onset,WELL-00026_20170608230000,WELL-00026,0,P-JUS-CKGL,level,naive,adjusted,180,120,3,,,,,,,1,covariate_outside,,,,,,1,1,,,
3w_aligned_onset,WELL-00026_20170608230000,WELL-00026,0,P-JUS-CKGL,level,naive,raw,180,120,0,-2.2883,-2.5033,-2.0734,0.4299,0.0,1,0,,0.1278,0.9202,0.8855,33.9074,0,,,1,,
3w_aligned_onset,WELL-00026_20170608230000,WELL-00026,0,P-JUS-CKGL,spread,block_bootstrap,adjusted,180,120,3,,,,,,,1,covariate_outside,,,,,,1,1,,,
3w_aligned_onset,WELL-00026_20170608230000,WELL-00026,0,P-JUS-CKGL,spread,block_bootstrap,raw,180,120,0,-0.1265,-0.8015,0.1673,0.9688,0.28,0,0,,0.1278,0.9202,0.8855,33.9074,0,,,1,,
3w_aligned_onset,WELL-00026_20170608230000,WELL-00026,0,P-JUS-CKGL,spread,naive,adjusted,180,120,3,,,,,,,1,covariate_outside,,,,,,1,1,,,
3w_aligned_onset,WELL-00026_20170608230000,WELL-00026,0,P-JUS-CKGL,spread,naive,raw,180,120,0,-0.1265,-0.2904,0.0375,0.3278,0.1305,0,0,,0.1278,0.9202,0.8855,33.9074,0,,,1,,
3w_aligned_onset,WELL-00026_20170608230000,WELL-00026,0,P-MON-CKP,level,block_bootstrap,adjusted,180,120,3,,,,,,,1,covariate_outside,,,,,,1,1,,,
3w_aligned_onset,WELL-00026_20170608230000,WELL-00026,0,P-MON-CKP,level,block_bootstrap,raw,180,120,0,-0.0991,-0.324,0.173,0.497,0.54,0,0,,-1.3357,0.3677,0.4111,5.8011,0,,,0,,
3w_aligned_onset,WELL-00026_20170608230000,WELL-00026,0,P-MON-CKP,level,ewc,adjusted,180,120,3,,,,,,,1,covariate_outside,,,,,,1,1,,,
3w_aligned_onset,WELL-00026_20170608230000,WELL-00026,0,P-MON-CKP,level,ewc,raw,180,120,0,-0.0991,-0.3602,0.162,0.5222,0.4383,0,0,,-1.3357,0.3677,0.4111,5.8011,0,,,0,,
3w_aligned_onset,WELL-00026_20170608230000,WELL-00026,0,P-MON-CKP,level,hac,adjusted,180,120,3,,,,,,,1,covariate_outside,,,,,,1,1,,,
3w_aligned_onset,WELL-00026_20170608230000,WELL-00026,0,P-MON-CKP,level,hac,raw,180,120,0,-0.0991,-0.3607,0.1625,0.5232,0.458,0,0,,-1.3357,0.3677,0.4111,5.8011,0,,,0,,
3w_aligned_onset,WELL-00026_20170608230000,WELL-00026,0,P-MON-CKP,level,naive,adjusted,180,120,3,,,,,,,1,covariate_outside,,,,,,1,1,,,
3w_aligned_onset,WELL-00026_20170608230000,WELL-00026,0,P-MON-CKP,level,naive,raw,180,120,0,-0.0991,-0.3166,0.1185,0.4351,0.3721,0,0,,-1.3357,0.3677,0.4111,5.8011,0,,,0,,
3w_aligned_onset,WELL-00026_20170608230000,WELL-00026,0,P-MON-CKP,spread,block_bootstrap,adjusted,180,120,3,,,,,,,1,covariate_outside,,,,,,1,1,,,
3w_aligned_onset,WELL-00026_20170608230000,WELL-00026,0,P-MON-CKP,spread,block_bootstrap,raw,180,120,0,-0.1045,-0.2571,0.0606,0.3177,0.26,0,0,,-1.3357,0.3677,0.4111,5.8011,0,,,0,,
3w_aligned_onset,WELL-00026_20170608230000,WELL-00026,0,P-MON-CKP,spread,naive,adjusted,180,120,3,,,,,,,1,covariate_outside,,,,,,1,1,,,
3w_aligned_onset,WELL-00026_20170608230000,WELL-00026,0,P-MON-CKP,spread,naive,raw,180,120,0,-0.1045,-0.2684,0.0595,0.3278,0.2116,0,0,,-1.3357,0.3677,0.4111,5.8011,0,,,0,,
3w_aligned_onset,WELL-00026_20170608230000,WELL-00026,0,P-PDG,level,block_bootstrap,adjusted,180,120,3,,,,,,,1,covariate_outside,,,,,,1,1,,,
3w_aligned_onset,WELL-00026_20170608230000,WELL-00026,0,P-PDG,level,block_bootstrap,raw,180,120,0,3.7764,3.1847,4.3091,1.1245,0.0,1,0,,3.8349,0.9742,0.9515,73.3767,1,,,1,,
3w_aligned_onset,WELL-00026_20170608230000,WELL-00026,0,P-PDG,level,ewc,adjusted,180,120,3,,,,,,,1,covariate_outside,,,,,,1,1,,,
3w_aligned_onset,WELL-00026_20170608230000,WELL-00026,0,P-PDG,level,ewc,raw,180,120,0,3.7764,3.014,4.5389,1.525,0.0,1,0,,3.8349,0.9742,0.9515,73.3767,1,,,1,,
3w_aligned_onset,WELL-00026_20170608230000,WELL-00026,0,P-PDG,level,hac,adjusted,180,120,3,,,,,,,1,covariate_outside,,,,,,1,1,,,
3w_aligned_onset,WELL-00026_20170608230000,WELL-00026,0,P-PDG,level,hac,raw,180,120,0,3.7764,2.7917,4.7612,1.9695,0.0,1,0,,3.8349,0.9742,0.9515,73.3767,1,,,1,,
3w_aligned_onset,WELL-00026_20170608230000,WELL-00026,0,P-PDG,level,naive,adjusted,180,120,3,,,,,,,1,covariate_outside,,,,,,1,1,,,
3w_aligned_onset,WELL-00026_20170608230000,WELL-00026,0,P-PDG,level,naive,raw,180,120,0,3.7764,3.5771,3.9758,0.3987,0.0,1,0,,3.8349,0.9742,0.9515,73.3767,1,,,1,,
3w_aligned_onset,WELL-00026_20170608230000,WELL-00026,0,P-PDG,spread,block_bootstrap,adjusted,180,120,3,,,,,,,1,covariate_outside,,,,,,1,1,,,
3w_aligned_onset,WELL-00026_20170608230000,WELL-00026,0,P-PDG,spread,block_bootstrap,raw,180,120,0,-0.2769,-0.5172,0.14,0.6572,0.19,0,0,,3.8349,0.9742,0.9515,73.3767,1,,,1,,
3w_aligned_onset,WELL-00026_20170608230000,WELL-00026,0,P-PDG,spread,naive,adjusted,180,120,3,,,,,,,1,covariate_outside,,,,,,1,1,,,
3w_aligned_onset,WELL-00026_20170608230000,WELL-00026,0,P-PDG,spread,naive,raw,180,120,0,-0.2769,-0.4408,-0.113,0.3278,0.0009,1,0,,3.8349,0.9742,0.9515,73.3767,1,,,1,,
3w_aligned_onset,WELL-00026_20170608230000,WELL-00026,0,P-TPT,level,block_bootstrap,adjusted,0,0,4,,,,,,,1,too_few,,,,,,,,,,
3w_aligned_onset,WELL-00026_20170608230000,WELL-00026,0,P-TPT,level,block_bootstrap,raw,0,0,0,,,,,,,1,too_few,,,,,,,,,,
3w_aligned_onset,WELL-00026_20170608230000,WELL-00026,0,P-TPT,level,ewc,adjusted,0,0,4,,,,,,,1,too_few,,,,,,,,,,
3w_aligned_onset,WELL-00026_20170608230000,WELL-00026,0,P-TPT,level,ewc,raw,0,0,0,,,,,,,1,too_few,,,,,,,,,,
3w_aligned_onset,WELL-00026_20170608230000,WELL-00026,0,P-TPT,level,hac,adjusted,0,0,4,,,,,,,1,too_few,,,,,,,,,,
3w_aligned_onset,WELL-00026_20170608230000,WELL-00026,0,P-TPT,level,hac,raw,0,0,0,,,,,,,1,too_few,,,,,,,,,,
3w_aligned_onset,WELL-00026_20170608230000,WELL-00026,0,P-TPT,level,naive,adjusted,0,0,4,,,,,,,1,too_few,,,,,,,,,,
3w_aligned_onset,WELL-00026_20170608230000,WELL-00026,0,P-TPT,level,naive,raw,0,0,0,,,,,,,1,too_few,,,,,,,,,,
3w_aligned_onset,WELL-00026_20170608230000,WELL-00026,0,P-TPT,spread,block_bootstrap,adjusted,0,0,4,,,,,,,1,too_few,,,,,,,,,,
3w_aligned_onset,WELL-00026_20170608230000,WELL-00026,0,P-TPT,spread,block_bootstrap,raw,0,0,0,,,,,,,1,too_few,,,,,,,,,,
3w_aligned_onset,WELL-00026_20170608230000,WELL-00026,0,P-TPT,spread,naive,adjusted,0,0,4,,,,,,,1,too_few,,,,,,,,,,
3w_aligned_onset,WELL-00026_20170608230000,WELL-00026,0,P-TPT,spread,naive,raw,0,0,0,,,,,,,1,too_few,,,,,,,,,,
3w_aligned_onset,WELL-00026_20170608230000,WELL-00026,0,T-TPT,level,block_bootstrap,adjusted,0,0,4,,,,,,,1,too_few,,,,,,,,,,
3w_aligned_onset,WELL-00026_20170608230000,WELL-00026,0,T-TPT,level,block_bootstrap,raw,0,0,0,,,,,,,1,too_few,,,,,,,,,,
3w_aligned_onset,WELL-00026_20170608230000,WELL-00026,0,T-TPT,level,ewc,adjusted,0,0,4,,,,,,,1,too_few,,,,,,,,,,
3w_aligned_onset,WELL-00026_20170608230000,WELL-00026,0,T-TPT,level,ewc,raw,0,0,0,,,,,,,1,too_few,,,,,,,,,,
3w_aligned_onset,WELL-00026_20170608230000,WELL-00026,0,T-TPT,level,hac,adjusted,0,0,4,,,,,,,1,too_few,,,,,,,,,,
3w_aligned_onset,WELL-00026_20170608230000,WELL-00026,0,T-TPT,level,hac,raw,0,0,0,,,,,,,1,too_few,,,,,,,,,,
3w_aligned_onset,WELL-00026_20170608230000,WELL-00026,0,T-TPT,level,naive,adjusted,0,0,4,,,,,,,1,too_few,,,,,,,,,,
3w_aligned_onset,WELL-00026_20170608230000,WELL-00026,0,T-TPT,level,naive,raw,0,0,0,,,,,,,1,too_few,,,,,,,,,,
3w_aligned_onset,WELL-00026_20170608230000,WELL-00026,0,T-TPT,spread,block_bootstrap,adjusted,0,0,4,,,,,,,1,too_few,,,,,,,,,,
3w_aligned_onset,WELL-00026_20170608230000,WELL-00026,0,T-TPT,spread,block_bootstrap,raw,0,0,0,,,,,,,1,too_few,,,,,,,,,,
3w_aligned_onset,WELL-00026_20170608230000,WELL-00026,0,T-TPT,spread,naive,adjusted,0,0,4,,,,,,,1,too_few,,,,,,,,,,
3w_aligned_onset,WELL-00026_20170608230000,WELL-00026,0,T-TPT,spread,naive,raw,0,0,0,,,,,,,1,too_few,,,,,,,,,,
3w_aligned_onset,WELL-00027_20230918170106,WELL-00027,0,P-ANULAR,level,block_bootstrap,adjusted,0,0,3,,,,,,,1,too_few,,,,,,,,,,
3w_aligned_onset,WELL-00027_20230918170106,WELL-00027,0,P-ANULAR,level,block_bootstrap,raw,0,0,0,,,,,,,1,too_few,,,,,,,,,,
3w_aligned_onset,WELL-00027_20230918170106,WELL-00027,0,P-ANULAR,level,ewc,adjusted,0,0,3,,,,,,,1,too_few,,,,,,,,,,
3w_aligned_onset,WELL-00027_20230918170106,WELL-00027,0,P-ANULAR,level,ewc,raw,0,0,0,,,,,,,1,too_few,,,,,,,,,,
3w_aligned_onset,WELL-00027_20230918170106,WELL-00027,0,P-ANULAR,level,hac,adjusted,0,0,3,,,,,,,1,too_few,,,,,,,,,,
3w_aligned_onset,WELL-00027_20230918170106,WELL-00027,0,P-ANULAR,level,hac,raw,0,0,0,,,,,,,1,too_few,,,,,,,,,,
3w_aligned_onset,WELL-00027_20230918170106,WELL-00027,0,P-ANULAR,level,naive,adjusted,0,0,3,,,,,,,1,too_few,,,,,,,,,,
3w_aligned_onset,WELL-00027_20230918170106,WELL-00027,0,P-ANULAR,level,naive,raw,0,0,0,,,,,,,1,too_few,,,,,,,,,,
3w_aligned_onset,WELL-00027_20230918170106,WELL-00027,0,P-ANULAR,spread,block_bootstrap,adjusted,0,0,3,,,,,,,1,too_few,,,,,,,,,,
3w_aligned_onset,WELL-00027_20230918170106,WELL-00027,0,P-ANULAR,spread,block_bootstrap,raw,0,0,0,,,,,,,1,too_few,,,,,,,,,,
3w_aligned_onset,WELL-00027_20230918170106,WELL-00027,0,P-ANULAR,spread,naive,adjusted,0,0,3,,,,,,,1,too_few,,,,,,,,,,
3w_aligned_onset,WELL-00027_20230918170106,WELL-00027,0,P-ANULAR,spread,naive,raw,0,0,0,,,,,,,1,too_few,,,,,,,,,,
3w_aligned_onset,WELL-00027_20230918170106,WELL-00027,0,P-JUS-CKGL,level,block_bootstrap,adjusted,180,120,2,,,,,,,1,covariate_outside,,,,,,1,1,,,
3w_aligned_onset,WELL-00027_20230918170106,WELL-00027,0,P-JUS-CKGL,level,block_bootstrap,raw,180,120,0,-136.2843,-157.944,-119.4249,38.5191,0.0,1,0,,-3.4273,0.9398,0.9176,41.1975,1,,,1,,
3w_aligned_onset,WELL-00027_20230918170106,WELL-00027,0,P-JUS-CKGL,level,ewc,adjusted,180,120,2,,,,,,,1,covariate_outside,,,,,,1,1,,,
3w_aligned_onset,WELL-00027_20230918170106,WELL-00027,0,P-JUS-CKGL,level,ewc,raw,180,120,0,-136.2843,-166.3025,-106.2661,60.0363,0.0,1,0,,-3.4273,0.9398,0.9176,41.1975,1,,,1,,
3w_aligned_onset,WELL-00027_20230918170106,WELL-00027,0,P-JUS-CKGL,level,hac,adjusted,180,120,2,,,,,,,1,covariate_outside,,,,,,1,1,,,
3w_aligned_onset,WELL-00027_20230918170106,WELL-00027,0,P-JUS-CKGL,level,hac,raw,180,120,0,-136.2843,-163.6167,-108.9519,54.6648,0.0,1,0,,-3.4273,0.9398,0.9176,41.1975,1,,,1,,
3w_aligned_onset,WELL-00027_20230918170106,WELL-00027,0,P-JUS-CKGL,level,naive,adjusted,180,120,2,,,,,,,1,covariate_outside,,,,,,1,1,,,
3w_aligned_onset,WELL-00027_20230918170106,WELL-00027,0,P-JUS-CKGL,level,naive,raw,180,120,0,-136.2843,-144.2251,-128.3435,15.8816,0.0,1,0,,-3.4273,0.9398,0.9176,41.1975,1,,,1,,
3w_aligned_onset,WELL-00027_20230918170106,WELL-00027,0,P-JUS-CKGL,spread,block_bootstrap,adjusted,180,120,2,,,,,,,1,covariate_outside,,,,,,1,1,,,
3w_aligned_onset,WELL-00027_20230918170106,WELL-00027,0,P-JUS-CKGL,spread,block_bootstrap,raw,180,120,0,3.7927,3.2152,4.1609,0.9457,0.0,1,0,,-3.4273,0.9398,0.9176,41.1975,1,,,1,,
3w_aligned_onset,WELL-00027_20230918170106,WELL-00027,0,P-JUS-CKGL,spread,naive,adjusted,180,120,2,,,,,,,1,covariate_outside,,,,,,1,1,,,
3w_aligned_onset,WELL-00027_20230918170106,WELL-00027,0,P-JUS-CKGL,spread,naive,raw,180,120,0,3.7927,3.6287,3.9566,0.3278,0.0,1,0,,-3.4273,0.9398,0.9176,41.1975,1,,,1,,
3w_aligned_onset,WELL-00027_20230918170106,WELL-00027,0,P-MON-CKP,level,block_bootstrap,adjusted,180,120,2,,,,,,,1,covariate_outside,,,,,,1,1,,,
3w_aligned_onset,WELL-00027_20230918170106,WELL-00027,0,P-MON-CKP,level,block_bootstrap,raw,180,120,0,-51.6566,-53.4845,-50.3985,3.086,0.0,1,0,,-1.125,0.4945,0.3658,7.7345,0,,,0,,
3w_aligned_onset,WELL-00027_20230918170106,WELL-00027,0,P-MON-CKP,level,ewc,adjusted,180,120,2,,,,,,,1,covariate_outside,,,,,,1,1,,,
3w_aligned_onset,WELL-00027_20230918170106,WELL-00027,0,P-MON-CKP,level,ewc,raw,180,120,0,-51.6566,-54.4721,-48.8411,5.631,0.0,1,0,,-1.125,0.4945,0.3658,7.7345,0,,,0,,
3w_aligned_onset,WELL-00027_20230918170106,WELL-00027,0,P-MON-CKP,level,hac,adjusted,180,120,2,,,,,,,1,covariate_outside,,,,,,1,1,,,
3w_aligned_onset,WELL-00027_20230918170106,WELL-00027,0,P-MON-CKP,level,hac,raw,180,120,0,-51.6566,-53.1971,-50.116,3.0811,0.0,1,0,,-1.125,0.4945,0.3658,7.7345,0,,,0,,
3w_aligned_onset,WELL-00027_20230918170106,WELL-00027,0,P-MON-CKP,level,naive,adjusted,180,120,2,,,,,,,1,covariate_outside,,,,,,1,1,,,
3w_aligned_onset,WELL-00027_20230918170106,WELL-00027,0,P-MON-CKP,level,naive,raw,180,120,0,-51.6566,-52.6618,-50.6513,2.0105,0.0,1,0,,-1.125,0.4945,0.3658,7.7345,0,,,0,,
3w_aligned_onset,WELL-00027_20230918170106,WELL-00027,0,P-MON-CKP,spread,block_bootstrap,adjusted,180,120,2,,,,,,,1,covariate_outside,,,,,,1,1,,,
3w_aligned_onset,WELL-00027_20230918170106,WELL-00027,0,P-MON-CKP,spread,block_bootstrap,raw,180,120,0,1.7154,0.7352,1.7882,1.0531,0.0,1,0,,-1.125,0.4945,0.3658,7.7345,0,,,0,,
3w_aligned_onset,WELL-00027_20230918170106,WELL-00027,0,P-MON-CKP,spread,naive,adjusted,180,120,2,,,,,,,1,covariate_outside,,,,,,1,1,,,
3w_aligned_onset,WELL-00027_20230918170106,WELL-00027,0,P-MON-CKP,spread,naive,raw,180,120,0,1.7154,1.5514,1.8793,0.3278,0.0,1,0,,-1.125,0.4945,0.3658,7.7345,0,,,0,,
3w_aligned_onset,WELL-00027_20230918170106,WELL-00027,0,P-PDG,level,block_bootstrap,adjusted,0,0,3,,,,,,,1,too_few,,,,,,,,,,
3w_aligned_onset,WELL-00027_20230918170106,WELL-00027,0,P-PDG,level,block_bootstrap,raw,0,0,0,,,,,,,1,too_few,,,,,,,,,,
3w_aligned_onset,WELL-00027_20230918170106,WELL-00027,0,P-PDG,level,ewc,adjusted,0,0,3,,,,,,,1,too_few,,,,,,,,,,
3w_aligned_onset,WELL-00027_20230918170106,WELL-00027,0,P-PDG,level,ewc,raw,0,0,0,,,,,,,1,too_few,,,,,,,,,,
3w_aligned_onset,WELL-00027_20230918170106,WELL-00027,0,P-PDG,level,hac,adjusted,0,0,3,,,,,,,1,too_few,,,,,,,,,,
3w_aligned_onset,WELL-00027_20230918170106,WELL-00027,0,P-PDG,level,hac,raw,0,0,0,,,,,,,1,too_few,,,,,,,,,,
3w_aligned_onset,WELL-00027_20230918170106,WELL-00027,0,P-PDG,level,naive,adjusted,0,0,3,,,,,,,1,too_few,,,,,,,,,,
3w_aligned_onset,WELL-00027_20230918170106,WELL-00027,0,P-PDG,level,naive,raw,0,0,0,,,,,,,1,too_few,,,,,,,,,,
3w_aligned_onset,WELL-00027_20230918170106,WELL-00027,0,P-PDG,spread,block_bootstrap,adjusted,0,0,3,,,,,,,1,too_few,,,,,,,,,,
3w_aligned_onset,WELL-00027_20230918170106,WELL-00027,0,P-PDG,spread,block_bootstrap,raw,0,0,0,,,,,,,1,too_few,,,,,,,,,,
3w_aligned_onset,WELL-00027_20230918170106,WELL-00027,0,P-PDG,spread,naive,adjusted,0,0,3,,,,,,,1,too_few,,,,,,,,,,
3w_aligned_onset,WELL-00027_20230918170106,WELL-00027,0,P-PDG,spread,naive,raw,0,0,0,,,,,,,1,too_few,,,,,,,,,,
3w_aligned_onset,WELL-00027_20230918170106,WELL-00027,0,P-TPT,level,block_bootstrap,adjusted,180,120,2,,,,,,,1,covariate_outside,,,,,,1,1,,,
3w_aligned_onset,WELL-00027_20230918170106,WELL-00027,0,P-TPT,level,block_bootstrap,raw,180,120,0,-18.8968,-32.9132,-2.6507,30.2625,0.02,1,0,,-1.8318,0.9879,1.002,121.8229,0,,,1,,
3w_aligned_onset,WELL-00027_20230918170106,WELL-00027,0,P-TPT,level,ewc,adjusted,180,120,2,,,,,,,1,covariate_outside,,,,,,1,1,,,
3w_aligned_onset,WELL-00027_20230918170106,WELL-00027,0,P-TPT,level,ewc,raw,180,120,0,-18.8968,-39.1854,1.3918,40.5772,0.0644,0,0,,-1.8318,0.9879,1.002,121.8229,0,,,1,,
3w_aligned_onset,WELL-00027_20230918170106,WELL-00027,0,P-TPT,level,hac,adjusted,180,120,2,,,,,,,1,covariate_outside,,,,,,1,1,,,
3w_aligned_onset,WELL-00027_20230918170106,WELL-00027,0,P-TPT,level,hac,raw,180,120,0,-18.8968,-41.7679,3.9743,45.7422,0.1054,0,0,,-1.8318,0.9879,1.002,121.8229,0,,,1,,
3w_aligned_onset,WELL-00027_20230918170106,WELL-00027,0,P-TPT,level,naive,adjusted,180,120,2,,,,,,,1,covariate_outside,,,,,,1,1,,,
3w_aligned_onset,WELL-00027_20230918170106,WELL-00027,0,P-TPT,level,naive,raw,180,120,0,-18.8968,-23.7653,-14.0283,9.737,0.0,1,0,,-1.8318,0.9879,1.002,121.8229,0,,,1,,
3w_aligned_onset,WELL-00027_20230918170106,WELL-00027,0,P-TPT,spread,block_bootstrap,adjusted,180,120,2,,,,,,,1,covariate_outside,,,,,,1,1,,,
3w_aligned_onset,WELL-00027_20230918170106,WELL-00027,0,P-TPT,spread,block_bootstrap,raw,180,120,0,3.3032,2.925,3.6726,0.7476,0.0,1,0,,-1.8318,0.9879,1.002,121.8229,0,,,1,,
3w_aligned_onset,WELL-00027_20230918170106,WELL-00027,0,P-TPT,spread,naive,adjusted,180,120,2,,,,,,,1,covariate_outside,,,,,,1,1,,,
3w_aligned_onset,WELL-00027_20230918170106,WELL-00027,0,P-TPT,spread,naive,raw,180,120,0,3.3032,3.1392,3.4671,0.3278,0.0,1,0,,-1.8318,0.9879,1.002,121.8229,0,,,1,,
3w_aligned_onset,WELL-00027_20230918170106,WELL-00027,0,T-TPT,level,block_bootstrap,adjusted,180,120,3,,,,,,,1,no_spread,,,,,,,,,,
3w_aligned_onset,WELL-00027_20230918170106,WELL-00027,0,T-TPT,level,block_bootstrap,raw,180,120,0,,,,,,,1,no_spread,,,,,,,,,,
3w_aligned_onset,WELL-00027_20230918170106,WELL-00027,0,T-TPT,level,ewc,adjusted,180,120,3,,,,,,,1,no_spread,,,,,,,,,,
3w_aligned_onset,WELL-00027_20230918170106,WELL-00027,0,T-TPT,level,ewc,raw,180,120,0,,,,,,,1,no_spread,,,,,,,,,,
3w_aligned_onset,WELL-00027_20230918170106,WELL-00027,0,T-TPT,level,hac,adjusted,180,120,3,,,,,,,1,no_spread,,,,,,,,,,
3w_aligned_onset,WELL-00027_20230918170106,WELL-00027,0,T-TPT,level,hac,raw,180,120,0,,,,,,,1,no_spread,,,,,,,,,,
3w_aligned_onset,WELL-00027_20230918170106,WELL-00027,0,T-TPT,level,naive,adjusted,180,120,3,,,,,,,1,no_spread,,,,,,,,,,
3w_aligned_onset,WELL-00027_20230918170106,WELL-00027,0,T-TPT,level,naive,raw,180,120,0,,,,,,,1,no_spread,,,,,,,,,,
3w_aligned_onset,WELL-00027_20230918170106,WELL-00027,0,T-TPT,spread,block_bootstrap,adjusted,180,120,3,,,,,,,1,no_spread,,,,,,,,,,
3w_aligned_onset,WELL-00027_20230918170106,WELL-00027,0,T-TPT,spread,block_bootstrap,raw,180,120,0,,,,,,,1,no_spread,,,,,,,,,,
3w_aligned_onset,WELL-00027_20230918170106,WELL-00027,0,T-TPT,spread,naive,adjusted,180,120,3,,,,,,,1,no_spread,,,,,,,,,,
3w_aligned_onset,WELL-00027_20230918170106,WELL-00027,0,T-TPT,spread,naive,raw,180,120,0,,,,,,,1,no_spread,,,,,,,,,,
3w_aligned_onset,WELL-00028_20210617053128,WELL-00028,0,P-ANULAR,level,block_bootstrap,adjusted,180,120,3,,,,,,,1,covariate_outside,,,,,,1,1,,,
3w_aligned_onset,WELL-00028_20210617053128,WELL-00028,0,P-ANULAR,level,block_bootstrap,raw,180,120,0,0.2808,-0.2499,0.605,0.8548,0.25,0,0,,3.0598,0.7057,0.6945,12.8742,1,,,0,,
3w_aligned_onset,WELL-00028_20210617053128,WELL-00028,0,P-ANULAR,level,ewc,adjusted,180,120,3,,,,,,,1,covariate_outside,,,,,,1,1,,,
3w_aligned_onset,WELL-00028_20210617053128,WELL-00028,0,P-ANULAR,level,ewc,raw,180,120,0,0.2808,-0.2679,0.8295,1.0974,0.295,0,0,,3.0598,0.7057,0.6945,12.8742,1,,,0,,
3w_aligned_onset,WELL-00028_20210617053128,WELL-00028,0,P-ANULAR,level,hac,adjusted,180,120,3,,,,,,,1,covariate_outside,,,,,,1,1,,,
3w_aligned_onset,WELL-00028_20210617053128,WELL-00028,0,P-ANULAR,level,hac,raw,180,120,0,0.2808,-0.1651,0.7268,0.8918,0.2171,0,0,,3.0598,0.7057,0.6945,12.8742,1,,,0,,
3w_aligned_onset,WELL-00028_20210617053128,WELL-00028,0,P-ANULAR,level,naive,adjusted,180,120,3,,,,,,,1,covariate_outside,,,,,,1,1,,,
3w_aligned_onset,WELL-00028_20210617053128,WELL-00028,0,P-ANULAR,level,naive,raw,180,120,0,0.2808,0.0488,0.5128,0.464,0.0177,1,0,,3.0598,0.7057,0.6945,12.8742,1,,,0,,
3w_aligned_onset,WELL-00028_20210617053128,WELL-00028,0,P-ANULAR,spread,block_bootstrap,adjusted,180,120,3,,,,,,,1,covariate_outside,,,,,,1,1,,,
3w_aligned_onset,WELL-00028_20210617053128,WELL-00028,0,P-ANULAR,spread,block_bootstrap,raw,180,120,0,0.0073,-0.3926,0.3557,0.7483,0.98,0,0,,3.0598,0.7057,0.6945,12.8742,1,,,0,,
3w_aligned_onset,WELL-00028_20210617053128,WELL-00028,0,P-ANULAR,spread,naive,adjusted,180,120,3,,,,,,,1,covariate_outside,,,,,,1,1,,,
3w_aligned_onset,WELL-00028_20210617053128,WELL-00028,0,P-ANULAR,spread,naive,raw,180,120,0,0.0073,-0.1566,0.1712,0.3278,0.9304,0,0,,3.0598,0.7057,0.6945,12.8742,1,,,0,,
3w_aligned_onset,WELL-00028_20210617053128,WELL-00028,0,P-JUS-CKGL,level,block_bootstrap,adjusted,180,120,3,,,,,,,1,covariate_outside,,,,,,1,1,,,
3w_aligned_onset,WELL-00028_20210617053128,WELL-00028,0,P-JUS-CKGL,level,block_bootstrap,raw,180,120,0,-146.916,-170.2513,-129.7454,40.5059,0.0,1,0,,-3.0809,0.5832,0.9446,9.4497,1,,,1,,
3w_aligned_onset,WELL-00028_20210617053128,WELL-00028,0,P-JUS-CKGL,level,ewc,adjusted,180,120,3,,,,,,,1,covariate_outside,,,,,,1,1,,,
3w_aligned_onset,WELL-00028_20210617053128,WELL-00028,0,P-JUS-CKGL,level,ewc,raw,180,120,0,-146.916,-177.1268,-116.7052,60.4217,0.0,1,0,,-3.0809,0.5832,0.9446,9.4497,1,,,1,,
3w_aligned_onset,WELL-00028_20210617053128,WELL-00028,0,P-JUS-CKGL,level,hac,adjusted,180,120,3,,,,,,,1,covariate_outside,,,,,,1,1,,,
3w_aligned_onset,WELL-00028_20210617053128,WELL-00028,0,P-JUS-CKGL,level,hac,raw,180,120,0,-146.916,-178.8398,-114.9922,63.8477,0.0,1,0,,-3.0809,0.5832,0.9446,9.4497,1,,,1,,
3w_aligned_onset,WELL-00028_20210617053128,WELL-00028,0,P-JUS-CKGL,level,naive,adjusted,180,120,3,,,,,,,1,covariate_outside,,,,,,1,1,,,
3w_aligned_onset,WELL-00028_20210617053128,WELL-00028,0,P-JUS-CKGL,level,naive,raw,180,120,0,-146.916,-154.4068,-139.4252,14.9816,0.0,1,0,,-3.0809,0.5832,0.9446,9.4497,1,,,1,,
3w_aligned_onset,WELL-00028_20210617053128,WELL-00028,0,P-JUS-CKGL,spread,block_bootstrap,adjusted,180,120,3,,,,,,,1,covariate_outside,,,,,,1,1,,,
3w_aligned_onset,WELL-00028_20210617053128,WELL-00028,0,P-JUS-CKGL,spread,block_bootstrap,raw,180,120,0,3.7343,3.2852,3.9233,0.6381,0.0,1,0,,-3.0809,0.5832,0.9446,9.4497,1,,,1,,
3w_aligned_onset,WELL-00028_20210617053128,WELL-00028,0,P-JUS-CKGL,spread,naive,adjusted,180,120,3,,,,,,,1,covariate_outside,,,,,,1,1,,,
3w_aligned_onset,WELL-00028_20210617053128,WELL-00028,0,P-JUS-CKGL,spread,naive,raw,180,120,0,3.7343,3.5704,3.8982,0.3278,0.0,1,0,,-3.0809,0.5832,0.9446,9.4497,1,,,1,,
3w_aligned_onset,WELL-00028_20210617053128,WELL-00028,0,P-MON-CKP,level,block_bootstrap,adjusted,180,120,3,,,,,,,1,covariate_outside,,,,,,1,1,,,
3w_aligned_onset,WELL-00028_20210617053128,WELL-00028,0,P-MON-CKP,level,block_bootstrap,raw,180,120,0,-6.5889,-9.2995,-4.2803,5.0192,0.0,1,0,,3.1099,0.1054,0.9615,2.3068,1,,,1,,
3w_aligned_onset,WELL-00028_20210617053128,WELL-00028,0,P-MON-CKP,level,ewc,adjusted,180,120,3,,,,,,,1,covariate_outside,,,,,,1,1,,,
3w_aligned_onset,WELL-00028_20210617053128,WELL-00028,0,P-MON-CKP,level,ewc,raw,180,120,0,-6.5889,-10.234,-2.9439,7.2901,0.0027,1,0,,3.1099,0.1054,0.9615,2.3068,1,,,1,,
3w_aligned_onset,WELL-00028_20210617053128,WELL-00028,0,P-MON-CKP,level,hac,adjusted,180,120,3,,,,,,,1,covariate_outside,,,,,,1,1,,,
3w_aligned_onset,WELL-00028_20210617053128,WELL-00028,0,P-MON-CKP,level,hac,raw,180,120,0,-6.5889,-11.0132,-2.1647,8.8485,0.0035,1,0,,3.1099,0.1054,0.9615,2.3068,1,,,1,,
3w_aligned_onset,WELL-00028_20210617053128,WELL-00028,0,P-MON-CKP,level,naive,adjusted,180,120,3,,,,,,,1,covariate_outside,,,,,,1,1,,,
3w_aligned_onset,WELL-00028_20210617053128,WELL-00028,0,P-MON-CKP,level,naive,raw,180,120,0,-6.5889,-7.49,-5.6878,1.8022,0.0,1,0,,3.1099,0.1054,0.9615,2.3068,1,,,1,,
3w_aligned_onset,WELL-00028_20210617053128,WELL-00028,0,P-MON-CKP,spread,block_bootstrap,adjusted,180,120,3,,,,,,,1,covariate_outside,,,,,,1,1,,,
3w_aligned_onset,WELL-00028_20210617053128,WELL-00028,0,P-MON-CKP,spread,block_bootstrap,raw,180,120,0,1.6034,1.2215,1.8342,0.6126,0.0,1,0,,3.1099,0.1054,0.9615,2.3068,1,,,1,,
3w_aligned_onset,WELL-00028_20210617053128,WELL-00028,0,P-MON-CKP,spread,naive,adjusted,180,120,3,,,,,,,1,covariate_outside,,,,,,1,1,,,
3w_aligned_onset,WELL-00028_20210617053128,WELL-00028,0,P-MON-CKP,spread,naive,raw,180,120,0,1.6034,1.4394,1.7673,0.3278,0.0,1,0,,3.1099,0.1054,0.9615,2.3068,1,,,1,,
3w_aligned_onset,WELL-00028_20210617053128,WELL-00028,0,P-PDG,level,block_bootstrap,adjusted,180,120,4,,,,,,,1,no_spread,,,,,,,,,,
3w_aligned_onset,WELL-00028_20210617053128,WELL-00028,0,P-PDG,level,block_bootstrap,raw,180,120,0,,,,,,,1,no_spread,,,,,,,,,,
3w_aligned_onset,WELL-00028_20210617053128,WELL-00028,0,P-PDG,level,ewc,adjusted,180,120,4,,,,,,,1,no_spread,,,,,,,,,,
3w_aligned_onset,WELL-00028_20210617053128,WELL-00028,0,P-PDG,level,ewc,raw,180,120,0,,,,,,,1,no_spread,,,,,,,,,,
3w_aligned_onset,WELL-00028_20210617053128,WELL-00028,0,P-PDG,level,hac,adjusted,180,120,4,,,,,,,1,no_spread,,,,,,,,,,
3w_aligned_onset,WELL-00028_20210617053128,WELL-00028,0,P-PDG,level,hac,raw,180,120,0,,,,,,,1,no_spread,,,,,,,,,,
3w_aligned_onset,WELL-00028_20210617053128,WELL-00028,0,P-PDG,level,naive,adjusted,180,120,4,,,,,,,1,no_spread,,,,,,,,,,
3w_aligned_onset,WELL-00028_20210617053128,WELL-00028,0,P-PDG,level,naive,raw,180,120,0,,,,,,,1,no_spread,,,,,,,,,,
3w_aligned_onset,WELL-00028_20210617053128,WELL-00028,0,P-PDG,spread,block_bootstrap,adjusted,180,120,4,,,,,,,1,no_spread,,,,,,,,,,
3w_aligned_onset,WELL-00028_20210617053128,WELL-00028,0,P-PDG,spread,block_bootstrap,raw,180,120,0,,,,,,,1,no_spread,,,,,,,,,,
3w_aligned_onset,WELL-00028_20210617053128,WELL-00028,0,P-PDG,spread,naive,adjusted,180,120,4,,,,,,,1,no_spread,,,,,,,,,,
3w_aligned_onset,WELL-00028_20210617053128,WELL-00028,0,P-PDG,spread,naive,raw,180,120,0,,,,,,,1,no_spread,,,,,,,,,,
3w_aligned_onset,WELL-00028_20210617053128,WELL-00028,0,P-TPT,level,block_bootstrap,adjusted,180,120,3,,,,,,,1,covariate_outside,,,,,,1,1,,,
3w_aligned_onset,WELL-00028_20210617053128,WELL-00028,0,P-TPT,level,block_bootstrap,raw,180,120,0,4.7351,4.2016,5.4598,1.2582,0.0,1,0,,7.2305,0.852,0.837,21.8526,1,,,0,,
3w_aligned_onset,WELL-00028_20210617053128,WELL-00028,0,P-TPT,level,ewc,adjusted,180,120,3,,,,,,,1,covariate_outside,,,,,,1,1,,,
3w_aligned_onset,WELL-00028_20210617053128,WELL-00028,0,P-TPT,level,ewc,raw,180,120,0,4.7351,3.8022,5.668,1.8659,0.0,1,0,,7.2305,0.852,0.837,21.8526,1,,,0,,
3w_aligned_onset,WELL-00028_20210617053128,WELL-00028,0,P-TPT,level,hac,adjusted,180,120,3,,,,,,,1,covariate_outside,,,,,,1,1,,,
3w_aligned_onset,WELL-00028_20210617053128,WELL-00028,0,P-TPT,level,hac,raw,180,120,0,4.7351,3.7977,5.6725,1.8747,0.0,1,0,,7.2305,0.852,0.837,21.8526,1,,,0,,
3w_aligned_onset,WELL-00028_20210617053128,WELL-00028,0,P-TPT,level,naive,adjusted,180,120,3,,,,,,,1,covariate_outside,,,,,,1,1,,,
3w_aligned_onset,WELL-00028_20210617053128,WELL-00028,0,P-TPT,level,naive,raw,180,120,0,4.7351,4.4782,4.992,0.5137,0.0,1,0,,7.2305,0.852,0.837,21.8526,1,,,0,,
3w_aligned_onset,WELL-00028_20210617053128,WELL-00028,0,P-TPT,spread,block_bootstrap,adjusted,180,120,3,,,,,,,1,covariate_outside,,,,,,1,1,,,
3w_aligned_onset,WELL-00028_20210617053128,WELL-00028,0,P-TPT,spread,block_bootstrap,raw,180,120,0,0.1663,-0.1694,0.6593,0.8287,0.24,0,0,,7.2305,0.852,0.837,21.8526,1,,,0,,
3w_aligned_onset,WELL-00028_20210617053128,WELL-00028,0,P-TPT,spread,naive,adjusted,180,120,3,,,,,,,1,covariate_outside,,,,,,1,1,,,
3w_aligned_onset,WELL-00028_20210617053128,WELL-00028,0,P-TPT,spread,naive,raw,180,120,0,0.1663,0.0024,0.3302,0.3278,0.0468,1,0,,7.2305,0.852,0.837,21.8526,1,,,0,,
3w_aligned_onset,WELL-00028_20210617053128,WELL-00028,0,T-TPT,level,block_bootstrap,adjusted,0,0,4,,,,,,,1,too_few,,,,,,,,,,
3w_aligned_onset,WELL-00028_20210617053128,WELL-00028,0,T-TPT,level,block_bootstrap,raw,0,0,0,,,,,,,1,too_few,,,,,,,,,,
3w_aligned_onset,WELL-00028_20210617053128,WELL-00028,0,T-TPT,level,ewc,adjusted,0,0,4,,,,,,,1,too_few,,,,,,,,,,
3w_aligned_onset,WELL-00028_20210617053128,WELL-00028,0,T-TPT,level,ewc,raw,0,0,0,,,,,,,1,too_few,,,,,,,,,,
3w_aligned_onset,WELL-00028_20210617053128,WELL-00028,0,T-TPT,level,hac,adjusted,0,0,4,,,,,,,1,too_few,,,,,,,,,,
3w_aligned_onset,WELL-00028_20210617053128,WELL-00028,0,T-TPT,level,hac,raw,0,0,0,,,,,,,1,too_few,,,,,,,,,,
3w_aligned_onset,WELL-00028_20210617053128,WELL-00028,0,T-TPT,level,naive,adjusted,0,0,4,,,,,,,1,too_few,,,,,,,,,,
3w_aligned_onset,WELL-00028_20210617053128,WELL-00028,0,T-TPT,level,naive,raw,0,0,0,,,,,,,1,too_few,,,,,,,,,,
3w_aligned_onset,WELL-00028_20210617053128,WELL-00028,0,T-TPT,spread,block_bootstrap,adjusted,0,0,4,,,,,,,1,too_few,,,,,,,,,,
3w_aligned_onset,WELL-00028_20210617053128,WELL-00028,0,T-TPT,spread,block_bootstrap,raw,0,0,0,,,,,,,1,too_few,,,,,,,,,,
3w_aligned_onset,WELL-00028_20210617053128,WELL-00028,0,T-TPT,spread,naive,adjusted,0,0,4,,,,,,,1,too_few,,,,,,,,,,
3w_aligned_onset,WELL-00028_20210617053128,WELL-00028,0,T-TPT,spread,naive,raw,0,0,0,,,,,,,1,too_few,,,,,,,,,,
3w_aligned_onset,WELL-00029_20201020231724,WELL-00029,0,P-ANULAR,level,block_bootstrap,adjusted,180,120,4,,,,,,,1,covariate_outside,,,,,,1,1,,,
3w_aligned_onset,WELL-00029_20201020231724,WELL-00029,0,P-ANULAR,level,block_bootstrap,raw,180,120,0,-29.6459,-37.4319,-22.0059,15.426,0.0,1,0,,-0.7357,0.4936,0.9762,7.7197,0,,,1,,
3w_aligned_onset,WELL-00029_20201020231724,WELL-00029,0,P-ANULAR,level,ewc,adjusted,180,120,4,,,,,,,1,covariate_outside,,,,,,1,1,,,
3w_aligned_onset,WELL-00029_20201020231724,WELL-00029,0,P-ANULAR,level,ewc,raw,180,120,0,-29.6459,-40.0914,-19.2004,20.891,0.0001,1,0,,-0.7357,0.4936,0.9762,7.7197,0,,,1,,
3w_aligned_onset,WELL-00029_20201020231724,WELL-00029,0,P-ANULAR,level,hac,adjusted,180,120,4,,,,,,,1,covariate_outside,,,,,,1,1,,,
3w_aligned_onset,WELL-00029_20201020231724,WELL-00029,0,P-ANULAR,level,hac,raw,180,120,0,-29.6459,-43.8119,-15.4798,28.3321,0.0,1,0,,-0.7357,0.4936,0.9762,7.7197,0,,,1,,
3w_aligned_onset,WELL-00029_20201020231724,WELL-00029,0,P-ANULAR,level,naive,adjusted,180,120,4,,,,,,,1,covariate_outside,,,,,,1,1,,,
3w_aligned_onset,WELL-00029_20201020231724,WELL-00029,0,P-ANULAR,level,naive,raw,180,120,0,-29.6459,-32.1709,-27.1209,5.0501,0.0,1,0,,-0.7357,0.4936,0.9762,7.7197,0,,,1,,
3w_aligned_onset,WELL-00029_20201020231724,WELL-00029,0,P-ANULAR,spread,block_bootstrap,adjusted,180,120,4,,,,,,,1,covariate_outside,,,,,,1,1,,,
3w_aligned_onset,WELL-00029_20201020231724,WELL-00029,0,P-ANULAR,spread,block_bootstrap,raw,180,120,0,2.6454,2.3889,2.7877,0.3989,0.0,1,0,,-0.7357,0.4936,0.9762,7.7197,0,,,1,,
3w_aligned_onset,WELL-00029_20201020231724,WELL-00029,0,P-ANULAR,spread,naive,adjusted,180,120,4,,,,,,,1,covariate_outside,,,,,,1,1,,,
3w_aligned_onset,WELL-00029_20201020231724,WELL-00029,0,P-ANULAR,spread,naive,raw,180,120,0,2.6454,2.4815,2.8093,0.3278,0.0,1,0,,-0.7357,0.4936,0.9762,7.7197,0,,,1,,
3w_aligned_onset,WELL-00029_20201020231724,WELL-00029,0,P-JUS-CKGL,level,block_bootstrap,adjusted,180,120,4,,,,,,,1,covariate_outside,,,,,,1,1,,,
3w_aligned_onset,WELL-00029_20201020231724,WELL-00029,0,P-JUS-CKGL,level,block_bootstrap,raw,180,120,0,-169.1013,-217.5771,-133.3032,84.274,0.0,1,0,,-1.5683,0.893,0.9741,27.5772,0,,,1,,
3w_aligned_onset,WELL-00029_20201020231724,WELL-00029,0,P-JUS-CKGL,level,ewc,adjusted,180,120,4,,,,,,,1,covariate_outside,,,,,,1,1,,,
3w_aligned_onset,WELL-00029_20201020231724,WELL-00029,0,P-JUS-CKGL,level,ewc,raw,180,120,0,-169.1013,-225.57,-112.6326,112.9374,0.0001,1,0,,-1.5683,0.893,0.9741,27.5772,0,,,1,,
3w_aligned_onset,WELL-00029_20201020231724,WELL-00029,0,P-JUS-CKGL,level,hac,adjusted,180,120,4,,,,,,,1,covariate_outside,,,,,,1,1,,,
3w_aligned_onset,WELL-00029_20201020231724,WELL-00029,0,P-JUS-CKGL,level,hac,raw,180,120,0,-169.1013,-226.6716,-111.531,115.1406,0.0,1,0,,-1.5683,0.893,0.9741,27.5772,0,,,1,,
3w_aligned_onset,WELL-00029_20201020231724,WELL-00029,0,P-JUS-CKGL,level,naive,adjusted,180,120,4,,,,,,,1,covariate_outside,,,,,,1,1,,,
3w_aligned_onset,WELL-00029_20201020231724,WELL-00029,0,P-JUS-CKGL,level,naive,raw,180,120,0,-169.1013,-182.8885,-155.3141,27.5744,0.0,1,0,,-1.5683,0.893,0.9741,27.5772,0,,,1,,
3w_aligned_onset,WELL-00029_20201020231724,WELL-00029,0,P-JUS-CKGL,spread,block_bootstrap,adjusted,180,120,4,,,,,,,1,covariate_outside,,,,,,1,1,,,
3w_aligned_onset,WELL-00029_20201020231724,WELL-00029,0,P-JUS-CKGL,spread,block_bootstrap,raw,180,120,0,4.3445,3.1073,4.9813,1.874,0.0,1,0,,-1.5683,0.893,0.9741,27.5772,0,,,1,,
3w_aligned_onset,WELL-00029_20201020231724,WELL-00029,0,P-JUS-CKGL,spread,naive,adjusted,180,120,4,,,,,,,1,covariate_outside,,,,,,1,1,,,
3w_aligned_onset,WELL-00029_20201020231724,WELL-00029,0,P-JUS-CKGL,spread,naive,raw,180,120,0,4.3445,4.1806,4.5084,0.3278,0.0,1,0,,-1.5683,0.893,0.9741,27.5772,0,,,1,,
3w_aligned_onset,WELL-00029_20201020231724,WELL-00029,0,P-MON-CKP,level,block_bootstrap,adjusted,180,120,4,,,,,,,1,covariate_outside,,,,,,1,1,,,
3w_aligned_onset,WELL-00029_20201020231724,WELL-00029,0,P-MON-CKP,level,block_bootstrap,raw,180,120,0,56.8092,-82.9016,304.578,387.4796,0.49,0,0,,-0.0456,0.1816,0.9713,3.3641,0,,,1,,
3w_aligned_onset,WELL-00029_20201020231724,WELL-00029,0,P-MON-CKP,level,ewc,adjusted,180,120,4,,,,,,,1,covariate_outside,,,,,,1,1,,,
3w_aligned_onset,WELL-00029_20201020231724,WELL-00029,0,P-MON-CKP,level,ewc,raw,180,120,0,56.8092,-219.0546,332.673,551.7276,0.6524,0,0,,-0.0456,0.1816,0.9713,3.3641,0,,,1,,
3w_aligned_onset,WELL-00029_20201020231724,WELL-00029,0,P-MON-CKP,level,hac,adjusted,180,120,4,,,,,,,1,covariate_outside,,,,,,1,1,,,
3w_aligned_onset,WELL-00029_20201020231724,WELL-00029,0,P-MON-CKP,level,hac,raw,180,120,0,56.8092,-143.3385,256.9569,400.2954,0.578,0,0,,-0.0456,0.1816,0.9713,3.3641,0,,,1,,
3w_aligned_onset,WELL-00029_20201020231724,WELL-00029,0,P-MON-CKP,level,naive,adjusted,180,120,4,,,,,,,1,covariate_outside,,,,,,1,1,,,
3w_aligned_onset,WELL-00029_20201020231724,WELL-00029,0,P-MON-CKP,level,naive,raw,180,120,0,56.8092,-13.2225,126.8408,140.0633,0.1119,0,0,,-0.0456,0.1816,0.9713,3.3641,0,,,1,,
3w_aligned_onset,WELL-00029_20201020231724,WELL-00029,0,P-MON-CKP,spread,block_bootstrap,adjusted,180,120,4,,,,,,,1,covariate_outside,,,,,,1,1,,,
3w_aligned_onset,WELL-00029_20201020231724,WELL-00029,0,P-MON-CKP,spread,block_bootstrap,raw,180,120,0,5.9698,4.8422,6.3639,1.5216,0.0,1,0,,-0.0456,0.1816,0.9713,3.3641,0,,,1,,
3w_aligned_onset,WELL-00029_20201020231724,WELL-00029,0,P-MON-CKP,spread,naive,adjusted,180,120,4,,,,,,,1,covariate_outside,,,,,,1,1,,,
3w_aligned_onset,WELL-00029_20201020231724,WELL-00029,0,P-MON-CKP,spread,naive,raw,180,120,0,5.9698,5.8058,6.1337,0.3278,0.0,1,0,,-0.0456,0.1816,0.9713,3.3641,0,,,1,,
3w_aligned_onset,WELL-00029_20201020231724,WELL-00029,0,P-PDG,level,block_bootstrap,adjusted,180,120,4,,,,,,,1,covariate_outside,,,,,,1,1,,,
3w_aligned_onset,WELL-00029_20201020231724,WELL-00029,0,P-PDG,level,block_bootstrap,raw,180,120,0,1244.7911,1192.3181,1354.5274,162.2094,0.0,1,0,,-1.2287,0.9109,0.7732,31.3825,0,,,1,,
3w_aligned_onset,WELL-00029_20201020231724,WELL-00029,0,P-PDG,level,ewc,adjusted,180,120,4,,,,,,,1,covariate_outside,,,,,,1,1,,,
3w_aligned_onset,WELL-00029_20201020231724,WELL-00029,0,P-PDG,level,ewc,raw,180,120,0,1244.7911,1091.3154,1398.2669,306.9516,0.0,1,0,,-1.2287,0.9109,0.7732,31.3825,0,,,1,,
3w_aligned_onset,WELL-00029_20201020231724,WELL-00029,0,P-PDG,level,hac,adjusted,180,120,4,,,,,,,1,covariate_outside,,,,,,1,1,,,
3w_aligned_onset,WELL-00029_20201020231724,WELL-00029,0,P-PDG,level,hac,raw,180,120,0,1244.7911,1136.2219,1353.3603,217.1384,0.0,1,0,,-1.2287,0.9109,0.7732,31.3825,0,,,1,,
3w_aligned_onset,WELL-00029_20201020231724,WELL-00029,0,P-PDG,level,naive,adjusted,180,120,4,,,,,,,1,covariate_outside,,,,,,1,1,,,
3w_aligned_onset,WELL-00029_20201020231724,WELL-00029,0,P-PDG,level,naive,raw,180,120,0,1244.7911,1200.7419,1288.8404,88.0986,0.0,1,0,,-1.2287,0.9109,0.7732,31.3825,0,,,1,,
3w_aligned_onset,WELL-00029_20201020231724,WELL-00029,0,P-PDG,spread,block_bootstrap,adjusted,180,120,4,,,,,,,1,covariate_outside,,,,,,1,1,,,
3w_aligned_onset,WELL-00029_20201020231724,WELL-00029,0,P-PDG,spread,block_bootstrap,raw,180,120,0,5.5061,4.5753,6.0827,1.5074,0.0,1,0,,-1.2287,0.9109,0.7732,31.3825,0,,,1,,
3w_aligned_onset,WELL-00029_20201020231724,WELL-00029,0,P-PDG,spread,naive,adjusted,180,120,4,,,,,,,1,covariate_outside,,,,,,1,1,,,
3w_aligned_onset,WELL-00029_20201020231724,WELL-00029,0,P-PDG,spread,naive,raw,180,120,0,5.5061,5.3422,5.67,0.3278,0.0,1,0,,-1.2287,0.9109,0.7732,31.3825,0,,,1,,
3w_aligned_onset,WELL-00029_20201020231724,WELL-00029,0,P-TPT,level,block_bootstrap,adjusted,180,120,5,,,,,,,1,no_spread,,,,,,,,,,
3w_aligned_onset,WELL-00029_20201020231724,WELL-00029,0,P-TPT,level,block_bootstrap,raw,180,120,0,,,,,,,1,no_spread,,,,,,,,,,
3w_aligned_onset,WELL-00029_20201020231724,WELL-00029,0,P-TPT,level,ewc,adjusted,180,120,5,,,,,,,1,no_spread,,,,,,,,,,
3w_aligned_onset,WELL-00029_20201020231724,WELL-00029,0,P-TPT,level,ewc,raw,180,120,0,,,,,,,1,no_spread,,,,,,,,,,
3w_aligned_onset,WELL-00029_20201020231724,WELL-00029,0,P-TPT,level,hac,adjusted,180,120,5,,,,,,,1,no_spread,,,,,,,,,,
3w_aligned_onset,WELL-00029_20201020231724,WELL-00029,0,P-TPT,level,hac,raw,180,120,0,,,,,,,1,no_spread,,,,,,,,,,
3w_aligned_onset,WELL-00029_20201020231724,WELL-00029,0,P-TPT,level,naive,adjusted,180,120,5,,,,,,,1,no_spread,,,,,,,,,,
3w_aligned_onset,WELL-00029_20201020231724,WELL-00029,0,P-TPT,level,naive,raw,180,120,0,,,,,,,1,no_spread,,,,,,,,,,
3w_aligned_onset,WELL-00029_20201020231724,WELL-00029,0,P-TPT,spread,block_bootstrap,adjusted,180,120,5,,,,,,,1,no_spread,,,,,,,,,,
3w_aligned_onset,WELL-00029_20201020231724,WELL-00029,0,P-TPT,spread,block_bootstrap,raw,180,120,0,,,,,,,1,no_spread,,,,,,,,,,
3w_aligned_onset,WELL-00029_20201020231724,WELL-00029,0,P-TPT,spread,naive,adjusted,180,120,5,,,,,,,1,no_spread,,,,,,,,,,
3w_aligned_onset,WELL-00029_20201020231724,WELL-00029,0,P-TPT,spread,naive,raw,180,120,0,,,,,,,1,no_spread,,,,,,,,,,
3w_aligned_onset,WELL-00029_20201020231724,WELL-00029,0,T-TPT,level,block_bootstrap,adjusted,180,120,4,,,,,,,1,covariate_outside,,,,,,1,1,,,
3w_aligned_onset,WELL-00029_20201020231724,WELL-00029,0,T-TPT,level,block_bootstrap,raw,180,120,0,-720.6932,-863.5361,-562.5177,301.0184,0.0,1,0,,2.0721,0.0553,0.9742,1.492,1,,,1,,
3w_aligned_onset,WELL-00029_20201020231724,WELL-00029,0,T-TPT,level,ewc,adjusted,180,120,4,,,,,,,1,covariate_outside,,,,,,1,1,,,
3w_aligned_onset,WELL-00029_20201020231724,WELL-00029,0,T-TPT,level,ewc,raw,180,120,0,-720.6932,-973.6139,-467.7726,505.8414,0.0001,1,0,,2.0721,0.0553,0.9742,1.492,1,,,1,,
3w_aligned_onset,WELL-00029_20201020231724,WELL-00029,0,T-TPT,level,hac,adjusted,180,120,4,,,,,,,1,covariate_outside,,,,,,1,1,,,
3w_aligned_onset,WELL-00029_20201020231724,WELL-00029,0,T-TPT,level,hac,raw,180,120,0,-720.6932,-963.3888,-477.9977,485.3912,0.0,1,0,,2.0721,0.0553,0.9742,1.492,1,,,1,,
3w_aligned_onset,WELL-00029_20201020231724,WELL-00029,0,T-TPT,level,naive,adjusted,180,120,4,,,,,,,1,covariate_outside,,,,,,1,1,,,
3w_aligned_onset,WELL-00029_20201020231724,WELL-00029,0,T-TPT,level,naive,raw,180,120,0,-720.6932,-782.9737,-658.4128,124.561,0.0,1,0,,2.0721,0.0553,0.9742,1.492,1,,,1,,
3w_aligned_onset,WELL-00029_20201020231724,WELL-00029,0,T-TPT,spread,block_bootstrap,adjusted,180,120,4,,,,,,,1,covariate_outside,,,,,,1,1,,,
3w_aligned_onset,WELL-00029_20201020231724,WELL-00029,0,T-TPT,spread,block_bootstrap,raw,180,120,0,5.8525,5.3294,6.0124,0.6829,0.0,1,0,,2.0721,0.0553,0.9742,1.492,1,,,1,,
3w_aligned_onset,WELL-00029_20201020231724,WELL-00029,0,T-TPT,spread,naive,adjusted,180,120,4,,,,,,,1,covariate_outside,,,,,,1,1,,,
3w_aligned_onset,WELL-00029_20201020231724,WELL-00029,0,T-TPT,spread,naive,raw,180,120,0,5.8525,5.6885,6.0164,0.3278,0.0,1,0,,2.0721,0.0553,0.9742,1.492,1,,,1,,
3w_aligned_onset,WELL-00030_20141108012623,WELL-00030,0,P-ANULAR,level,block_bootstrap,adjusted,180,120,5,,,,,,,1,covariate_outside,,,,,,1,1,,,
3w_aligned_onset,WELL-00030_20141108012623,WELL-00030,0,P-ANULAR,level,block_bootstrap,raw,180,120,0,-5.4329,-8.5164,-3.5666,4.9497,0.0,1,0,,-0.4088,0.9898,1.0172,137.1102,0,,,1,,
3w_aligned_onset,WELL-00030_20141108012623,WELL-00030,0,P-ANULAR,level,ewc,adjusted,180,120,5,,,,,,,1,covariate_outside,,,,,,1,1,,,
3w_aligned_onset,WELL-00030_20141108012623,WELL-00030,0,P-ANULAR,level,ewc,raw,180,120,0,-5.4329,-9.0632,-1.8026,7.2606,0.0078,1,0,,-0.4088,0.9898,1.0172,137.1102,0,,,1,,
3w_aligned_onset,WELL-00030_20141108012623,WELL-00030,0,P-ANULAR,level,hac,adjusted,180,120,5,,,,,,,1,covariate_outside,,,,,,1,1,,,
3w_aligned_onset,WELL-00030_20141108012623,WELL-00030,0,P-ANULAR,level,hac,raw,180,120,0,-5.4329,-8.8483,-2.0176,6.8307,0.0018,1,0,,-0.4088,0.9898,1.0172,137.1102,0,,,1,,
3w_aligned_onset,WELL-00030_20141108012623,WELL-00030,0,P-ANULAR,level,naive,adjusted,180,120,5,,,,,,,1,covariate_outside,,,,,,1,1,,,
3w_aligned_onset,WELL-00030_20141108012623,WELL-00030,0,P-ANULAR,level,naive,raw,180,120,0,-5.4329,-6.3101,-4.5558,1.7543,0.0,1,0,,-0.4088,0.9898,1.0172,137.1102,0,,,1,,
3w_aligned_onset,WELL-00030_20141108012623,WELL-00030,0,P-ANULAR,spread,block_bootstrap,adjusted,180,120,5,,,,,,,1,covariate_outside,,,,,,1,1,,,
3w_aligned_onset,WELL-00030_20141108012623,WELL-00030,0,P-ANULAR,spread,block_bootstrap,raw,180,120,0,1.5756,0.8653,1.8675,1.0022,0.0,1,0,,-0.4088,0.9898,1.0172,137.1102,0,,,1,,
3w_aligned_onset,WELL-00030_20141108012623,WELL-00030,0,P-ANULAR,spread,naive,adjusted,180,120,5,,,,,,,1,covariate_outside,,,,,,1,1,,,
3w_aligned_onset,WELL-00030_20141108012623,WELL-00030,0,P-ANULAR,spread,naive,raw,180,120,0,1.5756,1.4117,1.7396,0.3278,0.0,1,0,,-0.4088,0.9898,1.0172,137.1102,0,,,1,,
3w_aligned_onset,WELL-00030_20141108012623,WELL-00030,0,P-JUS-CKGL,level,block_bootstrap,adjusted,180,120,5,,,,,,,1,covariate_outside,,,,,,1,1,,,
3w_aligned_onset,WELL-00030_20141108012623,WELL-00030,0,P-JUS-CKGL,level,block_bootstrap,raw,180,120,0,-17.6321,-23.4071,-13.9766,9.4305,0.0,1,0,,-0.6198,0.996,0.9945,179.0,0,,,1,,
3w_aligned_onset,WELL-00030_20141108012623,WELL-00030,0,P-JUS-CKGL,level,ewc,adjusted,180,120,5,,,,,,,1,covariate_outside,,,,,,1,1,,,
3w_aligned_onset,WELL-00030_20141108012623,WELL-00030,0,P-JUS-CKGL,level,ewc,raw,180,120,0,-17.6321,-24.4123,-10.8518,13.5605,0.0002,1,0,,-0.6198,0.996,0.9945,179.0,0,,,1,,
3w_aligned_onset,WELL-00030_20141108012623,WELL-00030,0,P-JUS-CKGL,level,hac,adjusted,180,120,5,,,,,,,1,covariate_outside,,,,,,1,1,,,
3w_aligned_onset,WELL-00030_20141108012623,WELL-00030,0,P-JUS-CKGL,level,hac,raw,180,120,0,-17.6321,-22.5884,-12.6757,9.9127,0.0,1,0,,-0.6198,0.996,0.9945,179.0,0,,,1,,
3w_aligned_onset,WELL-00030_20141108012623,WELL-00030,0,P-JUS-CKGL,level,naive,adjusted,180,120,5,,,,,,,1,covariate_outside,,,,,,1,1,,,
3w_aligned_onset,WELL-00030_20141108012623,WELL-00030,0,P-JUS-CKGL,level,naive,raw,180,120,0,-17.6321,-19.3148,-15.9493,3.3655,0.0,1,0,,-0.6198,0.996,0.9945,179.0,0,,,1,,
3w_aligned_onset,WELL-00030_20141108012623,WELL-00030,0,P-JUS-CKGL,spread,block_bootstrap,adjusted,180,120,5,,,,,,,1,covariate_outside,,,,,,1,1,,,
3w_aligned_onset,WELL-00030_20141108012623,WELL-00030,0,P-JUS-CKGL,spread,block_bootstrap,raw,180,120,0,2.2375,0.7921,2.5652,1.7731,0.0,1,0,,-0.6198,0.996,0.9945,179.0,0,,,1,,
3w_aligned_onset,WELL-00030_20141108012623,WELL-00030,0,P-JUS-CKGL,spread,naive,adjusted,180,120,5,,,,,,,1,covariate_outside,,,,,,1,1,,,
3w_aligned_onset,WELL-00030_20141108012623,WELL-00030,0,P-JUS-CKGL,spread,naive,raw,180,120,0,2.2375,2.0736,2.4014,0.3278,0.0,1,0,,-0.6198,0.996,0.9945,179.0,0,,,1,,
3w_aligned_onset,WELL-00030_20141108012623,WELL-00030,0,P-MON-CKP,level,block_bootstrap,adjusted,180,120,5,,,,,,,1,covariate_outside,,,,,,1,1,,,
3w_aligned_onset,WELL-00030_20141108012623,WELL-00030,0,P-MON-CKP,level,block_bootstrap,raw,180,120,0,-2.7596,-3.7291,-2.0203,1.7089,0.0,1,0,,1.7022,0.8995,0.9387,28.842,0,,,1,,
3w_aligned_onset,WELL-00030_20141108012623,WELL-00030,0,P-MON-CKP,level,ewc,adjusted,180,120,5,,,,,,,1,covariate_outside,,,,,,1,1,,,
3w_aligned_onset,WELL-00030_20141108012623,WELL-00030,0,P-MON-CKP,level,ewc,raw,180,120,0,-2.7596,-4.174,-1.3452,2.8288,0.001,1,0,,1.7022,0.8995,0.9387,28.842,0,,,1,,
3w_aligned_onset,WELL-00030_20141108012623,WELL-00030,0,P-MON-CKP,level,hac,adjusted,180,120,5,,,,,,,1,covariate_outside,,,,,,1,1,,,
3w_aligned_onset,WELL-00030_20141108012623,WELL-00030,0,P-MON-CKP,level,hac,raw,180,120,0,-2.7596,-4.3327,-1.1864,3.1463,0.0006,1,0,,1.7022,0.8995,0.9387,28.842,0,,,1,,
3w_aligned_onset,WELL-00030_20141108012623,WELL-00030,0,P-MON-CKP,level,naive,adjusted,180,120,5,,,,,,,1,covariate_outside,,,,,,1,1,,,
3w_aligned_onset,WELL-00030_20141108012623,WELL-00030,0,P-MON-CKP,level,naive,raw,180,120,0,-2.7596,-3.1195,-2.3996,0.7199,0.0,1,0,,1.7022,0.8995,0.9387,28.842,0,,,1,,
3w_aligned_onset,WELL-00030_20141108012623,WELL-00030,0,P-MON-CKP,spread,block_bootstrap,adjusted,180,120,5,,,,,,,1,covariate_outside,,,,,,1,1,,,
3w_aligned_onset,WELL-00030_20141108012623,WELL-00030,0,P-MON-CKP,spread,block_bootstrap,raw,180,120,0,0.609,-0.3418,0.9525,1.2943,0.17,0,0,,1.7022,0.8995,0.9387,28.842,0,,,1,,
3w_aligned_onset,WELL-00030_20141108012623,WELL-00030,0,P-MON-CKP,spread,naive,adjusted,180,120,5,,,,,,,1,covariate_outside,,,,,,1,1,,,
3w_aligned_onset,WELL-00030_20141108012623,WELL-00030,0,P-MON-CKP,spread,naive,raw,180,120,0,0.609,0.4451,0.7729,0.3278,0.0,1,0,,1.7022,0.8995,0.9387,28.842,0,,,1,,
3w_aligned_onset,WELL-00030_20141108012623,WELL-00030,0,P-PDG,level,block_bootstrap,adjusted,180,120,5,,,,,,,1,covariate_outside,,,,,,1,1,,,
3w_aligned_onset,WELL-00030_20141108012623,WELL-00030,0,P-PDG,level,block_bootstrap,raw,180,120,0,1.3847,-1.0555,3.4302,4.4857,0.3,0,0,,-1.2062,0.9962,1.0097,179.0,0,,,1,,
3w_aligned_onset,WELL-00030_20141108012623,WELL-00030,0,P-PDG,level,ewc,adjusted,180,120,5,,,,,,,1,covariate_outside,,,,,,1,1,,,
3w_aligned_onset,WELL-00030_20141108012623,WELL-00030,0,P-PDG,level,ewc,raw,180,120,0,1.3847,-1.5769,4.3463,5.9232,0.3216,0,0,,-1.2062,0.9962,1.0097,179.0,0,,,1,,
3w_aligned_onset,WELL-00030_20141108012623,WELL-00030,0,P-PDG,level,hac,adjusted,180,120,5,,,,,,,1,covariate_outside,,,,,,1,1,,,
3w_aligned_onset,WELL-00030_20141108012623,WELL-00030,0,P-PDG,level,hac,raw,180,120,0,1.3847,-1.8947,4.6642,6.5589,0.4079,0,0,,-1.2062,0.9962,1.0097,179.0,0,,,1,,
3w_aligned_onset,WELL-00030_20141108012623,WELL-00030,0,P-PDG,level,naive,adjusted,180,120,5,,,,,,,1,covariate_outside,,,,,,1,1,,,
3w_aligned_onset,WELL-00030_20141108012623,WELL-00030,0,P-PDG,level,naive,raw,180,120,0,1.3847,0.6709,2.0986,1.4277,0.0001,1,0,,-1.2062,0.9962,1.0097,179.0,0,,,1,,
3w_aligned_onset,WELL-00030_20141108012623,WELL-00030,0,P-PDG,spread,block_bootstrap,adjusted,180,120,5,,,,,,,1,covariate_outside,,,,,,1,1,,,
3w_aligned_onset,WELL-00030_20141108012623,WELL-00030,0,P-PDG,spread,block_bootstrap,raw,180,120,0,1.3623,0.9375,1.7642,0.8266,0.0,1,0,,-1.2062,0.9962,1.0097,179.0,0,,,1,,
3w_aligned_onset,WELL-00030_20141108012623,WELL-00030,0,P-PDG,spread,naive,adjusted,180,120,5,,,,,,,1,covariate_outside,,,,,,1,1,,,
3w_aligned_onset,WELL-00030_20141108012623,WELL-00030,0,P-PDG,spread,naive,raw,180,120,0,1.3623,1.1984,1.5263,0.3278,0.0,1,0,,-1.2062,0.9962,1.0097,179.0,0,,,1,,
3w_aligned_onset,WELL-00030_20141108012623,WELL-00030,0,P-TPT,level,block_bootstrap,adjusted,180,120,5,,,,,,,1,covariate_outside,,,,,,1,1,,,
3w_aligned_onset,WELL-00030_20141108012623,WELL-00030,0,P-TPT,level,block_bootstrap,raw,180,120,0,-2.4661,-4.4518,-1.1836,3.2681,0.0,1,0,,-1.5232,0.9964,1.0016,179.0,0,,,1,,
3w_aligned_onset,WELL-00030_20141108012623,WELL-00030,0,P-TPT,level,ewc,adjusted,180,120,5,,,,,,,1,covariate_outside,,,,,,1,1,,,
3w_aligned_onset,WELL-00030_20141108012623,WELL-00030,0,P-TPT,level,ewc,raw,180,120,0,-2.4661,-4.5512,-0.3809,4.1703,0.0246,1,0,,-1.5232,0.9964,1.0016,179.0,0,,,1,,
3w_aligned_onset,WELL-00030_20141108012623,WELL-00030,0,P-TPT,level,hac,adjusted,180,120,5,,,,,,,1,covariate_outside,,,,,,1,1,,,
3w_aligned_onset,WELL-00030_20141108012623,WELL-00030,0,P-TPT,level,hac,raw,180,120,0,-2.4661,-4.385,-0.5471,3.8379,0.0118,1,0,,-1.5232,0.9964,1.0016,179.0,0,,,1,,
3w_aligned_onset,WELL-00030_20141108012623,WELL-00030,0,P-TPT,level,naive,adjusted,180,120,5,,,,,,,1,covariate_outside,,,,,,1,1,,,
3w_aligned_onset,WELL-00030_20141108012623,WELL-00030,0,P-TPT,level,naive,raw,180,120,0,-2.4661,-2.9738,-1.9583,1.0155,0.0,1,0,,-1.5232,0.9964,1.0016,179.0,0,,,1,,
3w_aligned_onset,WELL-00030_20141108012623,WELL-00030,0,P-TPT,spread,block_bootstrap,adjusted,180,120,5,,,,,,,1,covariate_outside,,,,,,1,1,,,
3w_aligned_onset,WELL-00030_20141108012623,WELL-00030,0,P-TPT,spread,block_bootstrap,raw,180,120,0,0.9999,0.4817,1.3769,0.8952,0.0,1,0,,-1.5232,0.9964,1.0016,179.0,0,,,1,,
3w_aligned_onset,WELL-00030_20141108012623,WELL-00030,0,P-TPT,spread,naive,adjusted,180,120,5,,,,,,,1,covariate_outside,,,,,,1,1,,,
3w_aligned_onset,WELL-00030_20141108012623,WELL-00030,0,P-TPT,spread,naive,raw,180,120,0,0.9999,0.836,1.1638,0.3278,0.0,1,0,,-1.5232,0.9964,1.0016,179.0,0,,,1,,
3w_aligned_onset,WELL-00030_20141108012623,WELL-00030,0,T-TPT,level,block_bootstrap,adjusted,180,120,5,,,,,,,1,covariate_outside,,,,,,1,1,,,
3w_aligned_onset,WELL-00030_20141108012623,WELL-00030,0,T-TPT,level,block_bootstrap,raw,180,120,0,-10.3006,-15.549,-5.1802,10.3688,0.0,1,0,,0.3982,0.9927,0.9939,170.5778,0,,,1,,
3w_aligned_onset,WELL-00030_20141108012623,WELL-00030,0,T-TPT,level,ewc,adjusted,180,120,5,,,,,,,1,covariate_outside,,,,,,1,1,,,
3w_aligned_onset,WELL-00030_20141108012623,WELL-00030,0,T-TPT,level,ewc,raw,180,120,0,-10.3006,-17.5753,-3.0259,14.5494,0.0107,1,0,,0.3982,0.9927,0.9939,170.5778,0,,,1,,
3w_aligned_onset,WELL-00030_20141108012623,WELL-00030,0,T-TPT,level,hac,adjusted,180,120,5,,,,,,,1,covariate_outside,,,,,,1,1,,,
3w_aligned_onset,WELL-00030_20141108012623,WELL-00030,0,T-TPT,level,hac,raw,180,120,0,-10.3006,-18.0003,-2.6009,15.3995,0.0087,1,0,,0.3982,0.9927,0.9939,170.5778,0,,,1,,
3w_aligned_onset,WELL-00030_20141108012623,WELL-00030,0,T-TPT,level,naive,adjusted,180,120,5,,,,,,,1,covariate_outside,,,,,,1,1,,,
3w_aligned_onset,WELL-00030_20141108012623,WELL-00030,0,T-TPT,level,naive,raw,180,120,0,-10.3006,-12.0422,-8.559,3.4831,0.0,1,0,,0.3982,0.9927,0.9939,170.5778,0,,,1,,
3w_aligned_onset,WELL-00030_20141108012623,WELL-00030,0,T-TPT,spread,block_bootstrap,adjusted,180,120,5,,,,,,,1,covariate_outside,,,,,,1,1,,,
3w_aligned_onset,WELL-00030_20141108012623,WELL-00030,0,T-TPT,spread,block_bootstrap,raw,180,120,0,2.2721,2.0543,2.5713,0.517,0.0,1,0,,0.3982,0.9927,0.9939,170.5778,0,,,1,,
3w_aligned_onset,WELL-00030_20141108012623,WELL-00030,0,T-TPT,spread,naive,adjusted,180,120,5,,,,,,,1,covariate_outside,,,,,,1,1,,,
3w_aligned_onset,WELL-00030_20141108012623,WELL-00030,0,T-TPT,spread,naive,raw,180,120,0,2.2721,2.1082,2.436,0.3278,0.0,1,0,,0.3982,0.9927,0.9939,170.5778,0,,,1,,
3w_aligned_onset,WELL-00031_20140403170404,WELL-00031,0,P-ANULAR,level,block_bootstrap,adjusted,0,0,2,,,,,,,1,too_few,,,,,,,,,,
3w_aligned_onset,WELL-00031_20140403170404,WELL-00031,0,P-ANULAR,level,block_bootstrap,raw,0,0,0,,,,,,,1,too_few,,,,,,,,,,
3w_aligned_onset,WELL-00031_20140403170404,WELL-00031,0,P-ANULAR,level,ewc,adjusted,0,0,2,,,,,,,1,too_few,,,,,,,,,,
3w_aligned_onset,WELL-00031_20140403170404,WELL-00031,0,P-ANULAR,level,ewc,raw,0,0,0,,,,,,,1,too_few,,,,,,,,,,
3w_aligned_onset,WELL-00031_20140403170404,WELL-00031,0,P-ANULAR,level,hac,adjusted,0,0,2,,,,,,,1,too_few,,,,,,,,,,
3w_aligned_onset,WELL-00031_20140403170404,WELL-00031,0,P-ANULAR,level,hac,raw,0,0,0,,,,,,,1,too_few,,,,,,,,,,
3w_aligned_onset,WELL-00031_20140403170404,WELL-00031,0,P-ANULAR,level,naive,adjusted,0,0,2,,,,,,,1,too_few,,,,,,,,,,
3w_aligned_onset,WELL-00031_20140403170404,WELL-00031,0,P-ANULAR,level,naive,raw,0,0,0,,,,,,,1,too_few,,,,,,,,,,
3w_aligned_onset,WELL-00031_20140403170404,WELL-00031,0,P-ANULAR,spread,block_bootstrap,adjusted,0,0,2,,,,,,,1,too_few,,,,,,,,,,
3w_aligned_onset,WELL-00031_20140403170404,WELL-00031,0,P-ANULAR,spread,block_bootstrap,raw,0,0,0,,,,,,,1,too_few,,,,,,,,,,
3w_aligned_onset,WELL-00031_20140403170404,WELL-00031,0,P-ANULAR,spread,naive,adjusted,0,0,2,,,,,,,1,too_few,,,,,,,,,,
3w_aligned_onset,WELL-00031_20140403170404,WELL-00031,0,P-ANULAR,spread,naive,raw,0,0,0,,,,,,,1,too_few,,,,,,,,,,
3w_aligned_onset,WELL-00031_20140403170404,WELL-00031,0,P-JUS-CKGL,level,block_bootstrap,adjusted,180,120,1,,,,,,,1,covariate_outside,,,,,,1,1,,,
3w_aligned_onset,WELL-00031_20140403170404,WELL-00031,0,P-JUS-CKGL,level,block_bootstrap,raw,180,120,0,-1036.6993,-1094.7909,-1000.8448,93.9461,0.0,1,0,,-7085.6456,0.9999,0.7477,179.0,1,,,1,,
3w_aligned_onset,WELL-00031_20140403170404,WELL-00031,0,P-JUS-CKGL,level,ewc,adjusted,180,120,1,,,,,,,1,covariate_outside,,,,,,1,1,,,
3w_aligned_onset,WELL-00031_20140403170404,WELL-00031,0,P-JUS-CKGL,level,ewc,raw,180,120,0,-1036.6993,-1137.8485,-935.5501,202.2984,0.0,1,0,,-7085.6456,0.9999,0.7477,179.0,1,,,1,,
3w_aligned_onset,WELL-00031_20140403170404,WELL-00031,0,P-JUS-CKGL,level,hac,adjusted,180,120,1,,,,,,,1,covariate_outside,,,,,,1,1,,,
3w_aligned_onset,WELL-00031_20140403170404,WELL-00031,0,P-JUS-CKGL,level,hac,raw,180,120,0,-1036.6993,-1106.1759,-967.2228,138.9531,0.0,1,0,,-7085.6456,0.9999,0.7477,179.0,1,,,1,,
3w_aligned_onset,WELL-00031_20140403170404,WELL-00031,0,P-JUS-CKGL,level,naive,adjusted,180,120,1,,,,,,,1,covariate_outside,,,,,,1,1,,,
3w_aligned_onset,WELL-00031_20140403170404,WELL-00031,0,P-JUS-CKGL,level,naive,raw,180,120,0,-1036.6993,-1063.1031,-1010.2955,52.8076,0.0,1,0,,-7085.6456,0.9999,0.7477,179.0,1,,,1,,
3w_aligned_onset,WELL-00031_20140403170404,WELL-00031,0,P-JUS-CKGL,spread,block_bootstrap,adjusted,180,120,1,,,,,,,1,covariate_outside,,,,,,1,1,,,
3w_aligned_onset,WELL-00031_20140403170404,WELL-00031,0,P-JUS-CKGL,spread,block_bootstrap,raw,180,120,0,4.9943,3.5726,5.2431,1.6704,0.0,1,0,,-7085.6456,0.9999,0.7477,179.0,1,,,1,,
3w_aligned_onset,WELL-00031_20140403170404,WELL-00031,0,P-JUS-CKGL,spread,naive,adjusted,180,120,1,,,,,,,1,covariate_outside,,,,,,1,1,,,
3w_aligned_onset,WELL-00031_20140403170404,WELL-00031,0,P-JUS-CKGL,spread,naive,raw,180,120,0,4.9943,4.8304,5.1582,0.3278,0.0,1,0,,-7085.6456,0.9999,0.7477,179.0,1,,,1,,
3w_aligned_onset,WELL-00031_20140403170404,WELL-00031,0,P-MON-CKP,level,block_bootstrap,adjusted,180,120,1,,,,,,,1,covariate_outside,,,,,,1,1,,,
3w_aligned_onset,WELL-00031_20140403170404,WELL-00031,0,P-MON-CKP,level,block_bootstrap,raw,180,120,0,-16.7767,-21.6069,-11.9256,9.6813,0.0,1,0,,-0.3166,0.6313,0.9885,10.5954,0,,,1,,
3w_aligned_onset,WELL-00031_20140403170404,WELL-00031,0,P-MON-CKP,level,ewc,adjusted,180,120,1,,,,,,,1,covariate_outside,,,,,,1,1,,,
3w_aligned_onset,WELL-00031_20140403170404,WELL-00031,0,P-MON-CKP,level,ewc,raw,180,120,0,-16.7767,-23.8046,-9.7487,14.0559,0.0004,1,0,,-0.3166,0.6313,0.9885,10.5954,0,,,1,,
3w_aligned_onset,WELL-00031_20140403170404,WELL-00031,0,P-MON-CKP,level,hac,adjusted,180,120,1,,,,,,,1,covariate_outside,,,,,,1,1,,,
3w_aligned_onset,WELL-00031_20140403170404,WELL-00031,0,P-MON-CKP,level,hac,raw,180,120,0,-16.7767,-25.0342,-8.5191,16.5151,0.0001,1,0,,-0.3166,0.6313,0.9885,10.5954,0,,,1,,
3w_aligned_onset,WELL-00031_20140403170404,WELL-00031,0,P-MON-CKP,level,naive,adjusted,180,120,1,,,,,,,1,covariate_outside,,,,,,1,1,,,
3w_aligned_onset,WELL-00031_20140403170404,WELL-00031,0,P-MON-CKP,level,naive,raw,180,120,0,-16.7767,-18.4848,-15.0685,3.4163,0.0,1,0,,-0.3166,0.6313,0.9885,10.5954,0,,,1,,
3w_aligned_onset,WELL-00031_20140403170404,WELL-00031,0,P-MON-CKP,spread,block_bootstrap,adjusted,180,120,1,,,,,,,1,covariate_outside,,,,,,1,1,,,
3w_aligned_onset,WELL-00031_20140403170404,WELL-00031,0,P-MON-CKP,spread,block_bootstrap,raw,180,120,0,2.2526,1.5893,2.5593,0.9701,0.0,1,0,,-0.3166,0.6313,0.9885,10.5954,0,,,1,,
3w_aligned_onset,WELL-00031_20140403170404,WELL-00031,0,P-MON-CKP,spread,naive,adjusted,180,120,1,,,,,,,1,covariate_outside,,,,,,1,1,,,
3w_aligned_onset,WELL-00031_20140403170404,WELL-00031,0,P-MON-CKP,spread,naive,raw,180,120,0,2.2526,2.0886,2.4165,0.3278,0.0,1,0,,-0.3166,0.6313,0.9885,10.5954,0,,,1,,
3w_aligned_onset,WELL-00031_20140403170404,WELL-00031,0,P-PDG,level,block_bootstrap,adjusted,0,0,2,,,,,,,1,too_few,,,,,,,,,,
3w_aligned_onset,WELL-00031_20140403170404,WELL-00031,0,P-PDG,level,block_bootstrap,raw,0,0,0,,,,,,,1,too_few,,,,,,,,,,
3w_aligned_onset,WELL-00031_20140403170404,WELL-00031,0,P-PDG,level,ewc,adjusted,0,0,2,,,,,,,1,too_few,,,,,,,,,,
3w_aligned_onset,WELL-00031_20140403170404,WELL-00031,0,P-PDG,level,ewc,raw,0,0,0,,,,,,,1,too_few,,,,,,,,,,
3w_aligned_onset,WELL-00031_20140403170404,WELL-00031,0,P-PDG,level,hac,adjusted,0,0,2,,,,,,,1,too_few,,,,,,,,,,
3w_aligned_onset,WELL-00031_20140403170404,WELL-00031,0,P-PDG,level,hac,raw,0,0,0,,,,,,,1,too_few,,,,,,,,,,
3w_aligned_onset,WELL-00031_20140403170404,WELL-00031,0,P-PDG,level,naive,adjusted,0,0,2,,,,,,,1,too_few,,,,,,,,,,
3w_aligned_onset,WELL-00031_20140403170404,WELL-00031,0,P-PDG,level,naive,raw,0,0,0,,,,,,,1,too_few,,,,,,,,,,
3w_aligned_onset,WELL-00031_20140403170404,WELL-00031,0,P-PDG,spread,block_bootstrap,adjusted,0,0,2,,,,,,,1,too_few,,,,,,,,,,
3w_aligned_onset,WELL-00031_20140403170404,WELL-00031,0,P-PDG,spread,block_bootstrap,raw,0,0,0,,,,,,,1,too_few,,,,,,,,,,
3w_aligned_onset,WELL-00031_20140403170404,WELL-00031,0,P-PDG,spread,naive,adjusted,0,0,2,,,,,,,1,too_few,,,,,,,,,,
3w_aligned_onset,WELL-00031_20140403170404,WELL-00031,0,P-PDG,spread,naive,raw,0,0,0,,,,,,,1,too_few,,,,,,,,,,
3w_aligned_onset,WELL-00031_20140403170404,WELL-00031,0,P-TPT,level,block_bootstrap,adjusted,180,120,2,,,,,,,1,no_spread,,,,,,,,,,
3w_aligned_onset,WELL-00031_20140403170404,WELL-00031,0,P-TPT,level,block_bootstrap,raw,180,120,0,,,,,,,1,no_spread,,,,,,,,,,
3w_aligned_onset,WELL-00031_20140403170404,WELL-00031,0,P-TPT,level,ewc,adjusted,180,120,2,,,,,,,1,no_spread,,,,,,,,,,
3w_aligned_onset,WELL-00031_20140403170404,WELL-00031,0,P-TPT,level,ewc,raw,180,120,0,,,,,,,1,no_spread,,,,,,,,,,
3w_aligned_onset,WELL-00031_20140403170404,WELL-00031,0,P-TPT,level,hac,adjusted,180,120,2,,,,,,,1,no_spread,,,,,,,,,,
3w_aligned_onset,WELL-00031_20140403170404,WELL-00031,0,P-TPT,level,hac,raw,180,120,0,,,,,,,1,no_spread,,,,,,,,,,
3w_aligned_onset,WELL-00031_20140403170404,WELL-00031,0,P-TPT,level,naive,adjusted,180,120,2,,,,,,,1,no_spread,,,,,,,,,,
3w_aligned_onset,WELL-00031_20140403170404,WELL-00031,0,P-TPT,level,naive,raw,180,120,0,,,,,,,1,no_spread,,,,,,,,,,
3w_aligned_onset,WELL-00031_20140403170404,WELL-00031,0,P-TPT,spread,block_bootstrap,adjusted,180,120,2,,,,,,,1,no_spread,,,,,,,,,,
3w_aligned_onset,WELL-00031_20140403170404,WELL-00031,0,P-TPT,spread,block_bootstrap,raw,180,120,0,,,,,,,1,no_spread,,,,,,,,,,
3w_aligned_onset,WELL-00031_20140403170404,WELL-00031,0,P-TPT,spread,naive,adjusted,180,120,2,,,,,,,1,no_spread,,,,,,,,,,
3w_aligned_onset,WELL-00031_20140403170404,WELL-00031,0,P-TPT,spread,naive,raw,180,120,0,,,,,,,1,no_spread,,,,,,,,,,
3w_aligned_onset,WELL-00031_20140403170404,WELL-00031,0,T-TPT,level,block_bootstrap,adjusted,0,0,2,,,,,,,1,too_few,,,,,,,,,,
3w_aligned_onset,WELL-00031_20140403170404,WELL-00031,0,T-TPT,level,block_bootstrap,raw,0,0,0,,,,,,,1,too_few,,,,,,,,,,
3w_aligned_onset,WELL-00031_20140403170404,WELL-00031,0,T-TPT,level,ewc,adjusted,0,0,2,,,,,,,1,too_few,,,,,,,,,,
3w_aligned_onset,WELL-00031_20140403170404,WELL-00031,0,T-TPT,level,ewc,raw,0,0,0,,,,,,,1,too_few,,,,,,,,,,
3w_aligned_onset,WELL-00031_20140403170404,WELL-00031,0,T-TPT,level,hac,adjusted,0,0,2,,,,,,,1,too_few,,,,,,,,,,
3w_aligned_onset,WELL-00031_20140403170404,WELL-00031,0,T-TPT,level,hac,raw,0,0,0,,,,,,,1,too_few,,,,,,,,,,
3w_aligned_onset,WELL-00031_20140403170404,WELL-00031,0,T-TPT,level,naive,adjusted,0,0,2,,,,,,,1,too_few,,,,,,,,,,
3w_aligned_onset,WELL-00031_20140403170404,WELL-00031,0,T-TPT,level,naive,raw,0,0,0,,,,,,,1,too_few,,,,,,,,,,
3w_aligned_onset,WELL-00031_20140403170404,WELL-00031,0,T-TPT,spread,block_bootstrap,adjusted,0,0,2,,,,,,,1,too_few,,,,,,,,,,
3w_aligned_onset,WELL-00031_20140403170404,WELL-00031,0,T-TPT,spread,block_bootstrap,raw,0,0,0,,,,,,,1,too_few,,,,,,,,,,
3w_aligned_onset,WELL-00031_20140403170404,WELL-00031,0,T-TPT,spread,naive,adjusted,0,0,2,,,,,,,1,too_few,,,,,,,,,,
3w_aligned_onset,WELL-00031_20140403170404,WELL-00031,0,T-TPT,spread,naive,raw,0,0,0,,,,,,,1,too_few,,,,,,,,,,
3w_aligned_onset,WELL-00032_20110830235321,WELL-00032,0,P-ANULAR,level,block_bootstrap,adjusted,0,0,3,,,,,,,1,too_few,,,,,,,,,,
3w_aligned_onset,WELL-00032_20110830235321,WELL-00032,0,P-ANULAR,level,block_bootstrap,raw,0,0,0,,,,,,,1,too_few,,,,,,,,,,
3w_aligned_onset,WELL-00032_20110830235321,WELL-00032,0,P-ANULAR,level,ewc,adjusted,0,0,3,,,,,,,1,too_few,,,,,,,,,,
3w_aligned_onset,WELL-00032_20110830235321,WELL-00032,0,P-ANULAR,level,ewc,raw,0,0,0,,,,,,,1,too_few,,,,,,,,,,
3w_aligned_onset,WELL-00032_20110830235321,WELL-00032,0,P-ANULAR,level,hac,adjusted,0,0,3,,,,,,,1,too_few,,,,,,,,,,
3w_aligned_onset,WELL-00032_20110830235321,WELL-00032,0,P-ANULAR,level,hac,raw,0,0,0,,,,,,,1,too_few,,,,,,,,,,
3w_aligned_onset,WELL-00032_20110830235321,WELL-00032,0,P-ANULAR,level,naive,adjusted,0,0,3,,,,,,,1,too_few,,,,,,,,,,
3w_aligned_onset,WELL-00032_20110830235321,WELL-00032,0,P-ANULAR,level,naive,raw,0,0,0,,,,,,,1,too_few,,,,,,,,,,
3w_aligned_onset,WELL-00032_20110830235321,WELL-00032,0,P-ANULAR,spread,block_bootstrap,adjusted,0,0,3,,,,,,,1,too_few,,,,,,,,,,
3w_aligned_onset,WELL-00032_20110830235321,WELL-00032,0,P-ANULAR,spread,block_bootstrap,raw,0,0,0,,,,,,,1,too_few,,,,,,,,,,
3w_aligned_onset,WELL-00032_20110830235321,WELL-00032,0,P-ANULAR,spread,naive,adjusted,0,0,3,,,,,,,1,too_few,,,,,,,,,,
3w_aligned_onset,WELL-00032_20110830235321,WELL-00032,0,P-ANULAR,spread,naive,raw,0,0,0,,,,,,,1,too_few,,,,,,,,,,
3w_aligned_onset,WELL-00032_20110830235321,WELL-00032,0,P-JUS-CKGL,level,block_bootstrap,adjusted,180,120,2,,,,,,,1,covariate_outside,,,,,,1,1,,,
3w_aligned_onset,WELL-00032_20110830235321,WELL-00032,0,P-JUS-CKGL,level,block_bootstrap,raw,180,120,0,-1714.5215,-2057.5551,-1418.6022,638.9529,0.0,1,0,,12.8982,1.0066,0.9816,179.0,1,,,1,,
3w_aligned_onset,WELL-00032_20110830235321,WELL-00032,0,P-JUS-CKGL,level,ewc,adjusted,180,120,2,,,,,,,1,covariate_outside,,,,,,1,1,,,
3w_aligned_onset,WELL-00032_20110830235321,WELL-00032,0,P-JUS-CKGL,level,ewc,raw,180,120,0,-1714.5215,-2218.8725,-1210.1704,1008.702,0.0,1,0,,12.8982,1.0066,0.9816,179.0,1,,,1,,
3w_aligned_onset,WELL-00032_20110830235321,WELL-00032,0,P-JUS-CKGL,level,hac,adjusted,180,120,2,,,,,,,1,covariate_outside,,,,,,1,1,,,
3w_aligned_onset,WELL-00032_20110830235321,WELL-00032,0,P-JUS-CKGL,level,hac,raw,180,120,0,-1714.5215,-2367.1072,-1061.9357,1305.1715,0.0,1,0,,12.8982,1.0066,0.9816,179.0,1,,,1,,
3w_aligned_onset,WELL-00032_20110830235321,WELL-00032,0,P-JUS-CKGL,level,naive,adjusted,180,120,2,,,,,,,1,covariate_outside,,,,,,1,1,,,
3w_aligned_onset,WELL-00032_20110830235321,WELL-00032,0,P-JUS-CKGL,level,naive,raw,180,120,0,-1714.5215,-1835.2085,-1593.8344,241.3741,0.0,1,0,,12.8982,1.0066,0.9816,179.0,1,,,1,,
3w_aligned_onset,WELL-00032_20110830235321,WELL-00032,0,P-JUS-CKGL,spread,block_bootstrap,adjusted,180,120,2,,,,,,,1,covariate_outside,,,,,,1,1,,,
3w_aligned_onset,WELL-00032_20110830235321,WELL-00032,0,P-JUS-CKGL,spread,block_bootstrap,raw,180,120,0,6.514,5.9041,6.8246,0.9205,0.0,1,0,,12.8982,1.0066,0.9816,179.0,1,,,1,,
3w_aligned_onset,WELL-00032_20110830235321,WELL-00032,0,P-JUS-CKGL,spread,naive,adjusted,180,120,2,,,,,,,1,covariate_outside,,,,,,1,1,,,
3w_aligned_onset,WELL-00032_20110830235321,WELL-00032,0,P-JUS-CKGL,spread,naive,raw,180,120,0,6.514,6.3501,6.6779,0.3278,0.0,1,0,,12.8982,1.0066,0.9816,179.0,1,,,1,,
3w_aligned_onset,WELL-00032_20110830235321,WELL-00032,0,P-MON-CKP,level,block_bootstrap,adjusted,180,120,2,,,,,,,1,covariate_outside,,,,,,1,1,,,
3w_aligned_onset,WELL-00032_20110830235321,WELL-00032,0,P-MON-CKP,level,block_bootstrap,raw,180,120,0,435.1149,424.7375,457.0595,32.322,0.0,1,0,,967837.0371,0.9998,0.7824,179.0,1,,,1,,
3w_aligned_onset,WELL-00032_20110830235321,WELL-00032,0,P-MON-CKP,level,ewc,adjusted,180,120,2,,,,,,,1,covariate_outside,,,,,,1,1,,,
3w_aligned_onset,WELL-00032_20110830235321,WELL-00032,0,P-MON-CKP,level,ewc,raw,180,120,0,435.1149,392.8011,477.4288,84.6277,0.0,1,0,,967837.0371,0.9998,0.7824,179.0,1,,,1,,
3w_aligned_onset,WELL-00032_20110830235321,WELL-00032,0,P-MON-CKP,level,hac,adjusted,180,120,2,,,,,,,1,covariate_outside,,,,,,1,1,,,
3w_aligned_onset,WELL-00032_20110830235321,WELL-00032,0,P-MON-CKP,level,hac,raw,180,120,0,435.1149,406.1203,464.1095,57.9892,0.0,1,0,,967837.0371,0.9998,0.7824,179.0,1,,,1,,
3w_aligned_onset,WELL-00032_20110830235321,WELL-00032,0,P-MON-CKP,level,naive,adjusted,180,120,2,,,,,,,1,covariate_outside,,,,,,1,1,,,
3w_aligned_onset,WELL-00032_20110830235321,WELL-00032,0,P-MON-CKP,level,naive,raw,180,120,0,435.1149,423.7921,446.4377,22.6456,0.0,1,0,,967837.0371,0.9998,0.7824,179.0,1,,,1,,
3w_aligned_onset,WELL-00032_20110830235321,WELL-00032,0,P-MON-CKP,spread,block_bootstrap,adjusted,180,120,2,,,,,,,1,covariate_outside,,,,,,1,1,,,
3w_aligned_onset,WELL-00032_20110830235321,WELL-00032,0,P-MON-CKP,spread,block_bootstrap,raw,180,120,0,4.1476,2.3273,4.3987,2.0715,0.0,1,0,,967837.0371,0.9998,0.7824,179.0,1,,,1,,
3w_aligned_onset,WELL-00032_20110830235321,WELL-00032,0,P-MON-CKP,spread,naive,adjusted,180,120,2,,,,,,,1,covariate_outside,,,,,,1,1,,,
3w_aligned_onset,WELL-00032_20110830235321,WELL-00032,0,P-MON-CKP,spread,naive,raw,180,120,0,4.1476,3.9836,4.3115,0.3278,0.0,1,0,,967837.0371,0.9998,0.7824,179.0,1,,,1,,
3w_aligned_onset,WELL-00032_20110830235321,WELL-00032,0,P-PDG,level,block_bootstrap,adjusted,180,120,3,,,,,,,1,no_spread,,,,,,,,,,
3w_aligned_onset,WELL-00032_20110830235321,WELL-00032,0,P-PDG,level,block_bootstrap,raw,180,120,0,,,,,,,1,no_spread,,,,,,,,,,
3w_aligned_onset,WELL-00032_20110830235321,WELL-00032,0,P-PDG,level,ewc,adjusted,180,120,3,,,,,,,1,no_spread,,,,,,,,,,
3w_aligned_onset,WELL-00032_20110830235321,WELL-00032,0,P-PDG,level,ewc,raw,180,120,0,,,,,,,1,no_spread,,,,,,,,,,
3w_aligned_onset,WELL-00032_20110830235321,WELL-00032,0,P-PDG,level,hac,adjusted,180,120,3,,,,,,,1,no_spread,,,,,,,,,,
3w_aligned_onset,WELL-00032_20110830235321,WELL-00032,0,P-PDG,level,hac,raw,180,120,0,,,,,,,1,no_spread,,,,,,,,,,
3w_aligned_onset,WELL-00032_20110830235321,WELL-00032,0,P-PDG,level,naive,adjusted,180,120,3,,,,,,,1,no_spread,,,,,,,,,,
3w_aligned_onset,WELL-00032_20110830235321,WELL-00032,0,P-PDG,level,naive,raw,180,120,0,,,,,,,1,no_spread,,,,,,,,,,
3w_aligned_onset,WELL-00032_20110830235321,WELL-00032,0,P-PDG,spread,block_bootstrap,adjusted,180,120,3,,,,,,,1,no_spread,,,,,,,,,,
3w_aligned_onset,WELL-00032_20110830235321,WELL-00032,0,P-PDG,spread,block_bootstrap,raw,180,120,0,,,,,,,1,no_spread,,,,,,,,,,
3w_aligned_onset,WELL-00032_20110830235321,WELL-00032,0,P-PDG,spread,naive,adjusted,180,120,3,,,,,,,1,no_spread,,,,,,,,,,
3w_aligned_onset,WELL-00032_20110830235321,WELL-00032,0,P-PDG,spread,naive,raw,180,120,0,,,,,,,1,no_spread,,,,,,,,,,
3w_aligned_onset,WELL-00032_20110830235321,WELL-00032,0,P-TPT,level,block_bootstrap,adjusted,180,120,2,,,,,,,1,covariate_outside,,,,,,1,1,,,
3w_aligned_onset,WELL-00032_20110830235321,WELL-00032,0,P-TPT,level,block_bootstrap,raw,180,120,0,520.685,492.0643,560.4039,68.3395,0.0,1,0,,390992.5069,0.9998,0.8943,179.0,1,,,1,,
3w_aligned_onset,WELL-00032_20110830235321,WELL-00032,0,P-TPT,level,ewc,adjusted,180,120,2,,,,,,,1,covariate_outside,,,,,,1,1,,,
3w_aligned_onset,WELL-00032_20110830235321,WELL-00032,0,P-TPT,level,ewc,raw,180,120,0,520.685,442.3741,598.996,156.6219,0.0,1,0,,390992.5069,0.9998,0.8943,179.0,1,,,1,,
3w_aligned_onset,WELL-00032_20110830235321,WELL-00032,0,P-TPT,level,hac,adjusted,180,120,2,,,,,,,1,covariate_outside,,,,,,1,1,,,
3w_aligned_onset,WELL-00032_20110830235321,WELL-00032,0,P-TPT,level,hac,raw,180,120,0,520.685,458.6262,582.7439,124.1177,0.0,1,0,,390992.5069,0.9998,0.8943,179.0,1,,,1,,
3w_aligned_onset,WELL-00032_20110830235321,WELL-00032,0,P-TPT,level,naive,adjusted,180,120,2,,,,,,,1,covariate_outside,,,,,,1,1,,,
3w_aligned_onset,WELL-00032_20110830235321,WELL-00032,0,P-TPT,level,naive,raw,180,120,0,520.685,501.5022,539.8678,38.3656,0.0,1,0,,390992.5069,0.9998,0.8943,179.0,1,,,1,,
3w_aligned_onset,WELL-00032_20110830235321,WELL-00032,0,P-TPT,spread,block_bootstrap,adjusted,180,120,2,,,,,,,1,covariate_outside,,,,,,1,1,,,
3w_aligned_onset,WELL-00032_20110830235321,WELL-00032,0,P-TPT,spread,block_bootstrap,raw,180,120,0,4.6748,1.6094,4.949,3.3396,0.0,1,0,,390992.5069,0.9998,0.8943,179.0,1,,,1,,
3w_aligned_onset,WELL-00032_20110830235321,WELL-00032,0,P-TPT,spread,naive,adjusted,180,120,2,,,,,,,1,covariate_outside,,,,,,1,1,,,
3w_aligned_onset,WELL-00032_20110830235321,WELL-00032,0,P-TPT,spread,naive,raw,180,120,0,4.6748,4.5109,4.8387,0.3278,0.0,1,0,,390992.5069,0.9998,0.8943,179.0,1,,,1,,
3w_aligned_onset,WELL-00032_20110830235321,WELL-00032,0,T-TPT,level,block_bootstrap,adjusted,180,120,3,,,,,,,1,no_spread,,,,,,,,,,
3w_aligned_onset,WELL-00032_20110830235321,WELL-00032,0,T-TPT,level,block_bootstrap,raw,180,120,0,,,,,,,1,no_spread,,,,,,,,,,
3w_aligned_onset,WELL-00032_20110830235321,WELL-00032,0,T-TPT,level,ewc,adjusted,180,120,3,,,,,,,1,no_spread,,,,,,,,,,
3w_aligned_onset,WELL-00032_20110830235321,WELL-00032,0,T-TPT,level,ewc,raw,180,120,0,,,,,,,1,no_spread,,,,,,,,,,
3w_aligned_onset,WELL-00032_20110830235321,WELL-00032,0,T-TPT,level,hac,adjusted,180,120,3,,,,,,,1,no_spread,,,,,,,,,,
3w_aligned_onset,WELL-00032_20110830235321,WELL-00032,0,T-TPT,level,hac,raw,180,120,0,,,,,,,1,no_spread,,,,,,,,,,
3w_aligned_onset,WELL-00032_20110830235321,WELL-00032,0,T-TPT,level,naive,adjusted,180,120,3,,,,,,,1,no_spread,,,,,,,,,,
3w_aligned_onset,WELL-00032_20110830235321,WELL-00032,0,T-TPT,level,naive,raw,180,120,0,,,,,,,1,no_spread,,,,,,,,,,
3w_aligned_onset,WELL-00032_20110830235321,WELL-00032,0,T-TPT,spread,block_bootstrap,adjusted,180,120,3,,,,,,,1,no_spread,,,,,,,,,,
3w_aligned_onset,WELL-00032_20110830235321,WELL-00032,0,T-TPT,spread,block_bootstrap,raw,180,120,0,,,,,,,1,no_spread,,,,,,,,,,
3w_aligned_onset,WELL-00032_20110830235321,WELL-00032,0,T-TPT,spread,naive,adjusted,180,120,3,,,,,,,1,no_spread,,,,,,,,,,
3w_aligned_onset,WELL-00032_20110830235321,WELL-00032,0,T-TPT,spread,naive,raw,180,120,0,,,,,,,1,no_spread,,,,,,,,,,
3w_aligned_onset,WELL-00037_20181011071238,WELL-00037,0,P-ANULAR,level,block_bootstrap,adjusted,0,0,4,,,,,,,1,too_few,,,,,,,,,,
3w_aligned_onset,WELL-00037_20181011071238,WELL-00037,0,P-ANULAR,level,block_bootstrap,raw,0,0,0,,,,,,,1,too_few,,,,,,,,,,
3w_aligned_onset,WELL-00037_20181011071238,WELL-00037,0,P-ANULAR,level,ewc,adjusted,0,0,4,,,,,,,1,too_few,,,,,,,,,,
3w_aligned_onset,WELL-00037_20181011071238,WELL-00037,0,P-ANULAR,level,ewc,raw,0,0,0,,,,,,,1,too_few,,,,,,,,,,
3w_aligned_onset,WELL-00037_20181011071238,WELL-00037,0,P-ANULAR,level,hac,adjusted,0,0,4,,,,,,,1,too_few,,,,,,,,,,
3w_aligned_onset,WELL-00037_20181011071238,WELL-00037,0,P-ANULAR,level,hac,raw,0,0,0,,,,,,,1,too_few,,,,,,,,,,
3w_aligned_onset,WELL-00037_20181011071238,WELL-00037,0,P-ANULAR,level,naive,adjusted,0,0,4,,,,,,,1,too_few,,,,,,,,,,
3w_aligned_onset,WELL-00037_20181011071238,WELL-00037,0,P-ANULAR,level,naive,raw,0,0,0,,,,,,,1,too_few,,,,,,,,,,
3w_aligned_onset,WELL-00037_20181011071238,WELL-00037,0,P-ANULAR,spread,block_bootstrap,adjusted,0,0,4,,,,,,,1,too_few,,,,,,,,,,
3w_aligned_onset,WELL-00037_20181011071238,WELL-00037,0,P-ANULAR,spread,block_bootstrap,raw,0,0,0,,,,,,,1,too_few,,,,,,,,,,
3w_aligned_onset,WELL-00037_20181011071238,WELL-00037,0,P-ANULAR,spread,naive,adjusted,0,0,4,,,,,,,1,too_few,,,,,,,,,,
3w_aligned_onset,WELL-00037_20181011071238,WELL-00037,0,P-ANULAR,spread,naive,raw,0,0,0,,,,,,,1,too_few,,,,,,,,,,
3w_aligned_onset,WELL-00037_20181011071238,WELL-00037,0,P-JUS-CKGL,level,block_bootstrap,adjusted,180,120,3,1.2451,0.4094,1.8137,1.4043,0.0,1,0,,0.3818,0.9791,0.9665,84.5854,0,0,1,1,0.0172,0.8837
3w_aligned_onset,WELL-00037_20181011071238,WELL-00037,0,P-JUS-CKGL,level,block_bootstrap,raw,180,120,0,1.5428,0.6906,2.1388,1.4481,0.0,1,0,,0.4009,0.9849,0.9773,105.2597,0,,,1,,
3w_aligned_onset,WELL-00037_20181011071238,WELL-00037,0,P-JUS-CKGL,level,ewc,adjusted,180,120,3,1.2451,0.3003,2.19,1.8897,0.0128,1,0,,0.3818,0.9791,0.9665,84.5854,0,0,1,1,0.0172,0.8837
3w_aligned_onset,WELL-00037_20181011071238,WELL-00037,0,P-JUS-CKGL,level,ewc,raw,180,120,0,1.5428,0.5291,2.5566,2.0276,0.0052,1,0,,0.4009,0.9849,0.9773,105.2597,0,,,1,,
3w_aligned_onset,WELL-00037_20181011071238,WELL-00037,0,P-JUS-CKGL,level,hac,adjusted,180,120,3,1.2451,0.2558,2.2345,1.9787,0.0136,1,0,,0.3818,0.9791,0.9665,84.5854,0,0,1,1,0.0172,0.8837
3w_aligned_onset,WELL-00037_20181011071238,WELL-00037,0,P-JUS-CKGL,level,hac,raw,180,120,0,1.5428,0.49,2.5956,2.1056,0.0041,1,0,,0.4009,0.9849,0.9773,105.2597,0,,,1,,
3w_aligned_onset,WELL-00037_20181011071238,WELL-00037,0,P-JUS-CKGL,level,naive,adjusted,180,120,3,1.2451,0.9828,1.5074,0.5246,0.0,1,0,,0.3818,0.9791,0.9665,84.5854,0,0,1,1,0.0172,0.8837
3w_aligned_onset,WELL-00037_20181011071238,WELL-00037,0,P-JUS-CKGL,level,naive,raw,180,120,0,1.5428,1.2682,1.8175,0.5494,0.0,1,0,,0.4009,0.9849,0.9773,105.2597,0,,,1,,
3w_aligned_onset,WELL-00037_20181011071238,WELL-00037,0,P-JUS-CKGL,spread,block_bootstrap,adjusted,180,120,3,0.2093,-0.4051,0.4729,0.878,0.76,0,0,,0.3818,0.9791,0.9665,84.5854,0,0,1,1,0.0172,0.8837
3w_aligned_onset,WELL-00037_20181011071238,WELL-00037,0,P-JUS-CKGL,spread,block_bootstrap,raw,180,120,0,0.2624,-0.3984,0.5215,0.9199,0.66,0,0,,0.4009,0.9849,0.9773,105.2597,0,,,1,,
3w_aligned_onset,WELL-00037_20181011071238,WELL-00037,0,P-JUS-CKGL,spread,naive,adjusted,180,120,3,0.2093,0.0454,0.3732,0.3278,0.0123,1,0,,0.3818,0.9791,0.9665,84.5854,0,0,1,1,0.0172,0.8837
3w_aligned_onset,WELL-00037_20181011071238,WELL-00037,0,P-JUS-CKGL,spread,naive,raw,180,120,0,0.2624,0.0985,0.4264,0.3278,0.0017,1,0,,0.4009,0.9849,0.9773,105.2597,0,,,1,,
3w_aligned_onset,WELL-00037_20181011071238,WELL-00037,0,P-MON-CKP,level,block_bootstrap,adjusted,180,120,3,-1.4164,-1.9692,-0.9663,1.003,0.0,1,0,,2.3183,0.6316,0.7853,10.6047,1,0,1,0,0.0838,0.7459
3w_aligned_onset,WELL-00037_20181011071238,WELL-00037,0,P-MON-CKP,level,block_bootstrap,raw,180,120,0,-1.169,-1.8987,-0.5751,1.3236,0.0,1,0,,3.954,0.6702,0.8446,11.6941,1,,,0,,
3w_aligned_onset,WELL-00037_20181011071238,WELL-00037,0,P-MON-CKP,level,ewc,adjusted,180,120,3,-1.4164,-2.1551,-0.6776,1.4775,0.001,1,0,,2.3183,0.6316,0.7853,10.6047,1,0,1,0,0.0838,0.7459
3w_aligned_onset,WELL-00037_20181011071238,WELL-00037,0,P-MON-CKP,level,ewc,raw,180,120,0,-1.169,-2.1112,-0.2267,1.8845,0.0188,1,0,,3.954,0.6702,0.8446,11.6941,1,,,0,,
3w_aligned_onset,WELL-00037_20181011071238,WELL-00037,0,P-MON-CKP,level,hac,adjusted,180,120,3,-1.4164,-1.9722,-0.8606,1.1116,0.0,1,0,,2.3183,0.6316,0.7853,10.6047,1,0,1,0,0.0838,0.7459
3w_aligned_onset,WELL-00037_20181011071238,WELL-00037,0,P-MON-CKP,level,hac,raw,180,120,0,-1.169,-1.9927,-0.3452,1.6476,0.0054,1,0,,3.954,0.6702,0.8446,11.6941,1,,,0,,
3w_aligned_onset,WELL-00037_20181011071238,WELL-00037,0,P-MON-CKP,level,naive,adjusted,180,120,3,-1.4164,-1.675,-1.1577,0.5174,0.0,1,0,,2.3183,0.6316,0.7853,10.6047,1,0,1,0,0.0838,0.7459
3w_aligned_onset,WELL-00037_20181011071238,WELL-00037,0,P-MON-CKP,level,naive,raw,180,120,0,-1.169,-1.4602,-0.8777,0.5826,0.0,1,0,,3.954,0.6702,0.8446,11.6941,1,,,0,,
3w_aligned_onset,WELL-00037_20181011071238,WELL-00037,0,P-MON-CKP,spread,block_bootstrap,adjusted,180,120,3,0.2396,-0.1187,0.3311,0.4498,0.47,0,0,,2.3183,0.6316,0.7853,10.6047,1,0,1,0,0.0838,0.7459
3w_aligned_onset,WELL-00037_20181011071238,WELL-00037,0,P-MON-CKP,spread,block_bootstrap,raw,180,120,0,0.3425,0.0073,0.4305,0.4232,0.05,1,0,,3.954,0.6702,0.8446,11.6941,1,,,0,,
3w_aligned_onset,WELL-00037_20181011071238,WELL-00037,0,P-MON-CKP,spread,naive,adjusted,180,120,3,0.2396,0.0757,0.4035,0.3278,0.0042,1,0,,2.3183,0.6316,0.7853,10.6047,1,0,1,0,0.0838,0.7459
3w_aligned_onset,WELL-00037_20181011071238,WELL-00037,0,P-MON-CKP,spread,naive,raw,180,120,0,0.3425,0.1785,0.5064,0.3278,0.0,1,0,,3.954,0.6702,0.8446,11.6941,1,,,0,,
3w_aligned_onset,WELL-00037_20181011071238,WELL-00037,0,P-PDG,level,block_bootstrap,adjusted,180,120,3,1.476,0.9862,1.994,1.0078,0.0,1,0,,1.7864,0.9743,0.9481,73.5782,0,0,1,1,0.0447,1.1424
3w_aligned_onset,WELL-00037_20181011071238,WELL-00037,0,P-PDG,level,block_bootstrap,raw,180,120,0,1.8222,1.2791,2.3286,1.0495,0.0,1,0,,2.6631,0.9824,0.9606,95.1146,1,,,1,,
3w_aligned_onset,WELL-00037_20181011071238,WELL-00037,0,P-PDG,level,ewc,adjusted,180,120,3,1.476,0.7123,2.2397,1.5273,0.0006,1,0,,1.7864,0.9743,0.9481,73.5782,0,0,1,1,0.0447,1.1424
3w_aligned_onset,WELL-00037_20181011071238,WELL-00037,0,P-PDG,level,ewc,raw,180,120,0,1.8222,1.0598,2.5846,1.5248,0.0001,1,0,,2.6631,0.9824,0.9606,95.1146,1,,,1,,
3w_aligned_onset,WELL-00037_20181011071238,WELL-00037,0,P-PDG,level,hac,adjusted,180,120,3,1.476,0.8076,2.1444,1.3367,0.0,1,0,,1.7864,0.9743,0.9481,73.5782,0,0,1,1,0.0447,1.1424
3w_aligned_onset,WELL-00037_20181011071238,WELL-00037,0,P-PDG,level,hac,raw,180,120,0,1.8222,1.2071,2.4374,1.2303,0.0,1,0,,2.6631,0.9824,0.9606,95.1146,1,,,1,,
3w_aligned_onset,WELL-00037_20181011071238,WELL-00037,0,P-PDG,level,naive,adjusted,180,120,3,1.476,1.2562,1.6958,0.4397,0.0,1,0,,1.7864,0.9743,0.9481,73.5782,0,0,1,1,0.0447,1.1424
3w_aligned_onset,WELL-00037_20181011071238,WELL-00037,0,P-PDG,level,naive,raw,180,120,0,1.8222,1.6082,2.0362,0.428,0.0,1,0,,2.6631,0.9824,0.9606,95.1146,1,,,1,,
3w_aligned_onset,WELL-00037_20181011071238,WELL-00037,0,P-PDG,spread,block_bootstrap,adjusted,180,120,3,-0.0452,-0.3541,0.2354,0.5896,0.77,0,0,,1.7864,0.9743,0.9481,73.5782,0,0,1,1,0.0447,1.1424
3w_aligned_onset,WELL-00037_20181011071238,WELL-00037,0,P-PDG,spread,block_bootstrap,raw,180,120,0,-0.1346,-0.4824,0.1165,0.5989,0.42,0,0,,2.6631,0.9824,0.9606,95.1146,1,,,1,,
3w_aligned_onset,WELL-00037_20181011071238,WELL-00037,0,P-PDG,spread,naive,adjusted,180,120,3,-0.0452,-0.2091,0.1188,0.3278,0.5892,0,0,,1.7864,0.9743,0.9481,73.5782,0,0,1,1,0.0447,1.1424
3w_aligned_onset,WELL-00037_20181011071238,WELL-00037,0,P-PDG,spread,naive,raw,180,120,0,-0.1346,-0.2985,0.0293,0.3278,0.1075,0,0,,2.6631,0.9824,0.9606,95.1146,1,,,1,,
3w_aligned_onset,WELL-00037_20181011071238,WELL-00037,0,P-TPT,level,block_bootstrap,adjusted,180,120,4,,,,,,,1,no_spread,,,,,,,,,,
3w_aligned_onset,WELL-00037_20181011071238,WELL-00037,0,P-TPT,level,block_bootstrap,raw,180,120,0,,,,,,,1,no_spread,,,,,,,,,,
3w_aligned_onset,WELL-00037_20181011071238,WELL-00037,0,P-TPT,level,ewc,adjusted,180,120,4,,,,,,,1,no_spread,,,,,,,,,,
3w_aligned_onset,WELL-00037_20181011071238,WELL-00037,0,P-TPT,level,ewc,raw,180,120,0,,,,,,,1,no_spread,,,,,,,,,,
3w_aligned_onset,WELL-00037_20181011071238,WELL-00037,0,P-TPT,level,hac,adjusted,180,120,4,,,,,,,1,no_spread,,,,,,,,,,
3w_aligned_onset,WELL-00037_20181011071238,WELL-00037,0,P-TPT,level,hac,raw,180,120,0,,,,,,,1,no_spread,,,,,,,,,,
3w_aligned_onset,WELL-00037_20181011071238,WELL-00037,0,P-TPT,level,naive,adjusted,180,120,4,,,,,,,1,no_spread,,,,,,,,,,
3w_aligned_onset,WELL-00037_20181011071238,WELL-00037,0,P-TPT,level,naive,raw,180,120,0,,,,,,,1,no_spread,,,,,,,,,,
3w_aligned_onset,WELL-00037_20181011071238,WELL-00037,0,P-TPT,spread,block_bootstrap,adjusted,180,120,4,,,,,,,1,no_spread,,,,,,,,,,
3w_aligned_onset,WELL-00037_20181011071238,WELL-00037,0,P-TPT,spread,block_bootstrap,raw,180,120,0,,,,,,,1,no_spread,,,,,,,,,,
3w_aligned_onset,WELL-00037_20181011071238,WELL-00037,0,P-TPT,spread,naive,adjusted,180,120,4,,,,,,,1,no_spread,,,,,,,,,,
3w_aligned_onset,WELL-00037_20181011071238,WELL-00037,0,P-TPT,spread,naive,raw,180,120,0,,,,,,,1,no_spread,,,,,,,,,,
3w_aligned_onset,WELL-00037_20181011071238,WELL-00037,0,T-TPT,level,block_bootstrap,adjusted,180,120,3,1.3208,0.7351,2.0163,1.2812,0.0,1,0,,3.3177,0.8069,0.8643,17.9452,1,0,1,1,0.1048,0.8568
3w_aligned_onset,WELL-00037_20181011071238,WELL-00037,0,T-TPT,level,block_bootstrap,raw,180,120,0,1.366,0.6909,2.1734,1.4826,0.0,1,0,,5.3533,0.8452,0.886,21.1475,1,,,1,,
3w_aligned_onset,WELL-00037_20181011071238,WELL-00037,0,T-TPT,level,ewc,adjusted,180,120,3,1.3208,0.4447,2.1968,1.7521,0.0063,1,0,,3.3177,0.8069,0.8643,17.9452,1,0,1,1,0.1048,0.8568
3w_aligned_onset,WELL-00037_20181011071238,WELL-00037,0,T-TPT,level,ewc,raw,180,120,0,1.366,0.353,2.379,2.0259,0.0121,1,0,,5.3533,0.8452,0.886,21.1475,1,,,1,,
3w_aligned_onset,WELL-00037_20181011071238,WELL-00037,0,T-TPT,level,hac,adjusted,180,120,3,1.3208,0.4663,2.1753,1.709,0.0024,1,0,,3.3177,0.8069,0.8643,17.9452,1,0,1,1,0.1048,0.8568
3w_aligned_onset,WELL-00037_20181011071238,WELL-00037,0,T-TPT,level,hac,raw,180,120,0,1.366,0.3033,2.4287,2.1254,0.0118,1,0,,5.3533,0.8452,0.886,21.1475,1,,,1,,
3w_aligned_onset,WELL-00037_20181011071238,WELL-00037,0,T-TPT,level,naive,adjusted,180,120,3,1.3208,1.0236,1.6179,0.5943,0.0,1,0,,3.3177,0.8069,0.8643,17.9452,1,0,1,1,0.1048,0.8568
3w_aligned_onset,WELL-00037_20181011071238,WELL-00037,0,T-TPT,level,naive,raw,180,120,0,1.366,1.0465,1.6855,0.6391,0.0,1,0,,5.3533,0.8452,0.886,21.1475,1,,,1,,
3w_aligned_onset,WELL-00037_20181011071238,WELL-00037,0,T-TPT,spread,block_bootstrap,adjusted,180,120,3,0.4407,0.1301,0.7107,0.5806,0.03,1,0,,3.3177,0.8069,0.8643,17.9452,1,0,1,1,0.1048,0.8568
3w_aligned_onset,WELL-00037_20181011071238,WELL-00037,0,T-TPT,spread,block_bootstrap,raw,180,120,0,0.4627,0.1066,0.7873,0.6807,0.03,1,0,,5.3533,0.8452,0.886,21.1475,1,,,1,,
3w_aligned_onset,WELL-00037_20181011071238,WELL-00037,0,T-TPT,spread,naive,adjusted,180,120,3,0.4407,0.2768,0.6047,0.3278,0.0,1,0,,3.3177,0.8069,0.8643,17.9452,1,0,1,1,0.1048,0.8568
3w_aligned_onset,WELL-00037_20181011071238,WELL-00037,0,T-TPT,spread,naive,raw,180,120,0,0.4627,0.2987,0.6266,0.3278,0.0,1,0,,5.3533,0.8452,0.886,21.1475,1,,,1,,
3w_aligned_onset,WELL-00040_20181013160242,WELL-00040,0,P-ANULAR,level,block_bootstrap,adjusted,180,120,2,-8.0845,-9.4066,-6.7471,2.6596,0.0,1,0,,-2.8495,0.9366,0.9929,39.7557,1,0,1,1,0.0326,0.9621
3w_aligned_onset,WELL-00040_20181013160242,WELL-00040,0,P-ANULAR,level,block_bootstrap,raw,180,120,0,-8.2681,-9.5969,-6.8875,2.7094,0.0,1,0,,-2.8693,0.9675,0.9983,62.8115,1,,,1,,
3w_aligned_onset,WELL-00040_20181013160242,WELL-00040,0,P-ANULAR,level,ewc,adjusted,180,120,2,-8.0845,-10.0564,-6.1126,3.9438,0.0,1,0,,-2.8495,0.9366,0.9929,39.7557,1,0,1,1,0.0326,0.9621
3w_aligned_onset,WELL-00040_20181013160242,WELL-00040,0,P-ANULAR,level,ewc,raw,180,120,0,-8.2681,-10.2901,-6.246,4.044,0.0,1,0,,-2.8693,0.9675,0.9983,62.8115,1,,,1,,
3w_aligned_onset,WELL-00040_20181013160242,WELL-00040,0,P-ANULAR,level,hac,adjusted,180,120,2,-8.0845,-10.3659,-5.803,4.5629,0.0,1,0,,-2.8495,0.9366,0.9929,39.7557,1,0,1,1,0.0326,0.9621
3w_aligned_onset,WELL-00040_20181013160242,WELL-00040,0,P-ANULAR,level,hac,raw,180,120,0,-8.2681,-10.6265,-5.9096,4.7169,0.0,1,0,,-2.8693,0.9675,0.9983,62.8115,1,,,1,,
3w_aligned_onset,WELL-00040_20181013160242,WELL-00040,0,P-ANULAR,level,naive,adjusted,180,120,2,-8.0845,-8.5733,-7.5957,0.9776,0.0,1,0,,-2.8495,0.9366,0.9929,39.7557,1,0,1,1,0.0326,0.9621
3w_aligned_onset,WELL-00040_20181013160242,WELL-00040,0,P-ANULAR,level,naive,raw,180,120,0,-8.2681,-8.7663,-7.7699,0.9964,0.0,1,0,,-2.8693,0.9675,0.9983,62.8115,1,,,1,,
3w_aligned_onset,WELL-00040_20181013160242,WELL-00040,0,P-ANULAR,spread,block_bootstrap,adjusted,180,120,2,0.9764,0.6506,1.3582,0.7077,0.0,1,0,,-2.8495,0.9366,0.9929,39.7557,1,0,1,1,0.0326,0.9621
3w_aligned_onset,WELL-00040_20181013160242,WELL-00040,0,P-ANULAR,spread,block_bootstrap,raw,180,120,0,0.9791,0.6456,1.4026,0.7571,0.0,1,0,,-2.8693,0.9675,0.9983,62.8115,1,,,1,,
3w_aligned_onset,WELL-00040_20181013160242,WELL-00040,0,P-ANULAR,spread,naive,adjusted,180,120,2,0.9764,0.8125,1.1403,0.3278,0.0,1,0,,-2.8495,0.9366,0.9929,39.7557,1,0,1,1,0.0326,0.9621
3w_aligned_onset,WELL-00040_20181013160242,WELL-00040,0,P-ANULAR,spread,naive,raw,180,120,0,0.9791,0.8152,1.143,0.3278,0.0,1,0,,-2.8693,0.9675,0.9983,62.8115,1,,,1,,
3w_aligned_onset,WELL-00040_20181013160242,WELL-00040,0,P-JUS-CKGL,level,block_bootstrap,adjusted,180,120,2,,,,,,,1,covariate_outside,,,,,,1,1,,,
3w_aligned_onset,WELL-00040_20181013160242,WELL-00040,0,P-JUS-CKGL,level,block_bootstrap,raw,180,120,0,0.8622,0.2657,1.4147,1.149,0.01,1,0,,1.5678,0.7971,0.8781,17.281,0,,,1,,
3w_aligned_onset,WELL-00040_20181013160242,WELL-00040,0,P-JUS-CKGL,level,ewc,adjusted,180,120,2,,,,,,,1,covariate_outside,,,,,,1,1,,,
3w_aligned_onset,WELL-00040_20181013160242,WELL-00040,0,P-JUS-CKGL,level,ewc,raw,180,120,0,0.8622,0.142,1.5825,1.4405,0.0223,1,0,,1.5678,0.7971,0.8781,17.281,0,,,1,,
3w_aligned_onset,WELL-00040_20181013160242,WELL-00040,0,P-JUS-CKGL,level,hac,adjusted,180,120,2,,,,,,,1,covariate_outside,,,,,,1,1,,,
3w_aligned_onset,WELL-00040_20181013160242,WELL-00040,0,P-JUS-CKGL,level,hac,raw,180,120,0,0.8622,0.3221,1.4024,1.0803,0.0018,1,0,,1.5678,0.7971,0.8781,17.281,0,,,1,,
3w_aligned_onset,WELL-00040_20181013160242,WELL-00040,0,P-JUS-CKGL,level,naive,adjusted,180,120,2,,,,,,,1,covariate_outside,,,,,,1,1,,,
3w_aligned_onset,WELL-00040_20181013160242,WELL-00040,0,P-JUS-CKGL,level,naive,raw,180,120,0,0.8622,0.5437,1.1807,0.637,0.0,1,0,,1.5678,0.7971,0.8781,17.281,0,,,1,,
3w_aligned_onset,WELL-00040_20181013160242,WELL-00040,0,P-JUS-CKGL,spread,block_bootstrap,adjusted,180,120,2,,,,,,,1,covariate_outside,,,,,,1,1,,,
3w_aligned_onset,WELL-00040_20181013160242,WELL-00040,0,P-JUS-CKGL,spread,block_bootstrap,raw,180,120,0,0.4586,-0.0157,0.8933,0.9091,0.07,0,0,,1.5678,0.7971,0.8781,17.281,0,,,1,,
3w_aligned_onset,WELL-00040_20181013160242,WELL-00040,0,P-JUS-CKGL,spread,naive,adjusted,180,120,2,,,,,,,1,covariate_outside,,,,,,1,1,,,
3w_aligned_onset,WELL-00040_20181013160242,WELL-00040,0,P-JUS-CKGL,spread,naive,raw,180,120,0,0.4586,0.2947,0.6225,0.3278,0.0,1,0,,1.5678,0.7971,0.8781,17.281,0,,,1,,
3w_aligned_onset,WELL-00040_20181013160242,WELL-00040,0,P-MON-CKP,level,block_bootstrap,adjusted,180,120,2,,,,,,,1,covariate_outside,,,,,,1,1,,,
3w_aligned_onset,WELL-00040_20181013160242,WELL-00040,0,P-MON-CKP,level,block_bootstrap,raw,180,120,0,-0.866,-1.0764,-0.5577,0.5187,0.0,1,0,,-2.4765,0.0533,0.0202,1.4553,1,,,0,,
3w_aligned_onset,WELL-00040_20181013160242,WELL-00040,0,P-MON-CKP,level,ewc,adjusted,180,120,2,,,,,,,1,covariate_outside,,,,,,1,1,,,
3w_aligned_onset,WELL-00040_20181013160242,WELL-00040,0,P-MON-CKP,level,ewc,raw,180,120,0,-0.866,-1.2026,-0.5294,0.6732,0.0001,1,0,,-2.4765,0.0533,0.0202,1.4553,1,,,0,,
3w_aligned_onset,WELL-00040_20181013160242,WELL-00040,0,P-MON-CKP,level,hac,adjusted,180,120,2,,,,,,,1,covariate_outside,,,,,,1,1,,,
3w_aligned_onset,WELL-00040_20181013160242,WELL-00040,0,P-MON-CKP,level,hac,raw,180,120,0,-0.866,-1.1319,-0.6001,0.5318,0.0,1,0,,-2.4765,0.0533,0.0202,1.4553,1,,,0,,
3w_aligned_onset,WELL-00040_20181013160242,WELL-00040,0,P-MON-CKP,level,naive,adjusted,180,120,2,,,,,,,1,covariate_outside,,,,,,1,1,,,
3w_aligned_onset,WELL-00040_20181013160242,WELL-00040,0,P-MON-CKP,level,naive,raw,180,120,0,-0.866,-1.1315,-0.6004,0.5311,0.0,1,0,,-2.4765,0.0533,0.0202,1.4553,1,,,0,,
3w_aligned_onset,WELL-00040_20181013160242,WELL-00040,0,P-MON-CKP,spread,block_bootstrap,adjusted,180,120,2,,,,,,,1,covariate_outside,,,,,,1,1,,,
3w_aligned_onset,WELL-00040_20181013160242,WELL-00040,0,P-MON-CKP,spread,block_bootstrap,raw,180,120,0,0.2147,0.0614,0.3184,0.257,0.0,1,0,,-2.4765,0.0533,0.0202,1.4553,1,,,0,,
3w_aligned_onset,WELL-00040_20181013160242,WELL-00040,0,P-MON-CKP,spread,naive,adjusted,180,120,2,,,,,,,1,covariate_outside,,,,,,1,1,,,
3w_aligned_onset,WELL-00040_20181013160242,WELL-00040,0,P-MON-CKP,spread,naive,raw,180,120,0,0.2147,0.0508,0.3787,0.3278,0.0102,1,0,,-2.4765,0.0533,0.0202,1.4553,1,,,0,,
3w_aligned_onset,WELL-00040_20181013160242,WELL-00040,0,P-PDG,level,block_bootstrap,adjusted,180,120,3,,,,,,,1,no_spread,,,,,,,,,,
3w_aligned_onset,WELL-00040_20181013160242,WELL-00040,0,P-PDG,level,block_bootstrap,raw,180,120,0,,,,,,,1,no_spread,,,,,,,,,,
3w_aligned_onset,WELL-00040_20181013160242,WELL-00040,0,P-PDG,level,ewc,adjusted,180,120,3,,,,,,,1,no_spread,,,,,,,,,,
3w_aligned_onset,WELL-00040_20181013160242,WELL-00040,0,P-PDG,level,ewc,raw,180,120,0,,,,,,,1,no_spread,,,,,,,,,,
3w_aligned_onset,WELL-00040_20181013160242,WELL-00040,0,P-PDG,level,hac,adjusted,180,120,3,,,,,,,1,no_spread,,,,,,,,,,
3w_aligned_onset,WELL-00040_20181013160242,WELL-00040,0,P-PDG,level,hac,raw,180,120,0,,,,,,,1,no_spread,,,,,,,,,,
3w_aligned_onset,WELL-00040_20181013160242,WELL-00040,0,P-PDG,level,naive,adjusted,180,120,3,,,,,,,1,no_spread,,,,,,,,,,
3w_aligned_onset,WELL-00040_20181013160242,WELL-00040,0,P-PDG,level,naive,raw,180,120,0,,,,,,,1,no_spread,,,,,,,,,,
3w_aligned_onset,WELL-00040_20181013160242,WELL-00040,0,P-PDG,spread,block_bootstrap,adjusted,180,120,3,,,,,,,1,no_spread,,,,,,,,,,
3w_aligned_onset,WELL-00040_20181013160242,WELL-00040,0,P-PDG,spread,block_bootstrap,raw,180,120,0,,,,,,,1,no_spread,,,,,,,,,,
3w_aligned_onset,WELL-00040_20181013160242,WELL-00040,0,P-PDG,spread,naive,adjusted,180,120,3,,,,,,,1,no_spread,,,,,,,,,,
3w_aligned_onset,WELL-00040_20181013160242,WELL-00040,0,P-PDG,spread,naive,raw,180,120,0,,,,,,,1,no_spread,,,,,,,,,,
3w_aligned_onset,WELL-00040_20181013160242,WELL-00040,0,P-TPT,level,block_bootstrap,adjusted,180,120,3,,,,,,,1,no_spread,,,,,,,,,,
3w_aligned_onset,WELL-00040_20181013160242,WELL-00040,0,P-TPT,level,block_bootstrap,raw,180,120,0,,,,,,,1,no_spread,,,,,,,,,,
3w_aligned_onset,WELL-00040_20181013160242,WELL-00040,0,P-TPT,level,ewc,adjusted,180,120,3,,,,,,,1,no_spread,,,,,,,,,,
3w_aligned_onset,WELL-00040_20181013160242,WELL-00040,0,P-TPT,level,ewc,raw,180,120,0,,,,,,,1,no_spread,,,,,,,,,,
3w_aligned_onset,WELL-00040_20181013160242,WELL-00040,0,P-TPT,level,hac,adjusted,180,120,3,,,,,,,1,no_spread,,,,,,,,,,
3w_aligned_onset,WELL-00040_20181013160242,WELL-00040,0,P-TPT,level,hac,raw,180,120,0,,,,,,,1,no_spread,,,,,,,,,,
3w_aligned_onset,WELL-00040_20181013160242,WELL-00040,0,P-TPT,level,naive,adjusted,180,120,3,,,,,,,1,no_spread,,,,,,,,,,
3w_aligned_onset,WELL-00040_20181013160242,WELL-00040,0,P-TPT,level,naive,raw,180,120,0,,,,,,,1,no_spread,,,,,,,,,,
3w_aligned_onset,WELL-00040_20181013160242,WELL-00040,0,P-TPT,spread,block_bootstrap,adjusted,180,120,3,,,,,,,1,no_spread,,,,,,,,,,
3w_aligned_onset,WELL-00040_20181013160242,WELL-00040,0,P-TPT,spread,block_bootstrap,raw,180,120,0,,,,,,,1,no_spread,,,,,,,,,,
3w_aligned_onset,WELL-00040_20181013160242,WELL-00040,0,P-TPT,spread,naive,adjusted,180,120,3,,,,,,,1,no_spread,,,,,,,,,,
3w_aligned_onset,WELL-00040_20181013160242,WELL-00040,0,P-TPT,spread,naive,raw,180,120,0,,,,,,,1,no_spread,,,,,,,,,,
3w_aligned_onset,WELL-00040_20181013160242,WELL-00040,0,T-TPT,level,block_bootstrap,adjusted,180,120,3,,,,,,,1,no_spread,,,,,,,,,,
3w_aligned_onset,WELL-00040_20181013160242,WELL-00040,0,T-TPT,level,block_bootstrap,raw,180,120,0,,,,,,,1,no_spread,,,,,,,,,,
3w_aligned_onset,WELL-00040_20181013160242,WELL-00040,0,T-TPT,level,ewc,adjusted,180,120,3,,,,,,,1,no_spread,,,,,,,,,,
3w_aligned_onset,WELL-00040_20181013160242,WELL-00040,0,T-TPT,level,ewc,raw,180,120,0,,,,,,,1,no_spread,,,,,,,,,,
3w_aligned_onset,WELL-00040_20181013160242,WELL-00040,0,T-TPT,level,hac,adjusted,180,120,3,,,,,,,1,no_spread,,,,,,,,,,
3w_aligned_onset,WELL-00040_20181013160242,WELL-00040,0,T-TPT,level,hac,raw,180,120,0,,,,,,,1,no_spread,,,,,,,,,,
3w_aligned_onset,WELL-00040_20181013160242,WELL-00040,0,T-TPT,level,naive,adjusted,180,120,3,,,,,,,1,no_spread,,,,,,,,,,
3w_aligned_onset,WELL-00040_20181013160242,WELL-00040,0,T-TPT,level,naive,raw,180,120,0,,,,,,,1,no_spread,,,,,,,,,,
3w_aligned_onset,WELL-00040_20181013160242,WELL-00040,0,T-TPT,spread,block_bootstrap,adjusted,180,120,3,,,,,,,1,no_spread,,,,,,,,,,
3w_aligned_onset,WELL-00040_20181013160242,WELL-00040,0,T-TPT,spread,block_bootstrap,raw,180,120,0,,,,,,,1,no_spread,,,,,,,,,,
3w_aligned_onset,WELL-00040_20181013160242,WELL-00040,0,T-TPT,spread,naive,adjusted,180,120,3,,,,,,,1,no_spread,,,,,,,,,,
3w_aligned_onset,WELL-00040_20181013160242,WELL-00040,0,T-TPT,spread,naive,raw,180,120,0,,,,,,,1,no_spread,,,,,,,,,,
3w_aligned_onset,WELL-00041_20181013160201,WELL-00041,0,P-ANULAR,level,block_bootstrap,adjusted,180,120,3,-5.6468,-7.2428,-3.8311,3.4117,0.0,1,0,,-11.1504,0.9018,0.9927,29.3193,1,0,1,1,0.0974,0.9211
3w_aligned_onset,WELL-00041_20181013160201,WELL-00041,0,P-ANULAR,level,block_bootstrap,raw,180,120,0,-5.7095,-7.331,-3.836,3.4951,0.0,1,0,,-10.0219,0.9287,0.9962,36.6727,1,,,1,,
3w_aligned_onset,WELL-00041_20181013160201,WELL-00041,0,P-ANULAR,level,ewc,adjusted,180,120,3,-5.6468,-8.0667,-3.2269,4.8398,0.0004,1,0,,-11.1504,0.9018,0.9927,29.3193,1,0,1,1,0.0974,0.9211
3w_aligned_onset,WELL-00041_20181013160201,WELL-00041,0,P-ANULAR,level,ewc,raw,180,120,0,-5.7095,-8.2129,-3.2061,5.0068,0.0005,1,0,,-10.0219,0.9287,0.9962,36.6727,1,,,1,,
3w_aligned_onset,WELL-00041_20181013160201,WELL-00041,0,P-ANULAR,level,hac,adjusted,180,120,3,-5.6468,-8.4824,-2.8112,5.6712,0.0001,1,0,,-11.1504,0.9018,0.9927,29.3193,1,0,1,1,0.0974,0.9211
3w_aligned_onset,WELL-00041_20181013160201,WELL-00041,0,P-ANULAR,level,hac,raw,180,120,0,-5.7095,-8.643,-2.776,5.867,0.0001,1,0,,-10.0219,0.9287,0.9962,36.6727,1,,,1,,
3w_aligned_onset,WELL-00041_20181013160201,WELL-00041,0,P-ANULAR,level,naive,adjusted,180,120,3,-5.6468,-6.2464,-5.0472,1.1992,0.0,1,0,,-11.1504,0.9018,0.9927,29.3193,1,0,1,1,0.0974,0.9211
3w_aligned_onset,WELL-00041_20181013160201,WELL-00041,0,P-ANULAR,level,naive,raw,180,120,0,-5.7095,-6.3346,-5.0844,1.2502,0.0,1,0,,-10.0219,0.9287,0.9962,36.6727,1,,,1,,
3w_aligned_onset,WELL-00041_20181013160201,WELL-00041,0,P-ANULAR,spread,block_bootstrap,adjusted,180,120,3,1.233,0.8268,1.5207,0.6939,0.0,1,0,,-11.1504,0.9018,0.9927,29.3193,1,0,1,1,0.0974,0.9211
3w_aligned_onset,WELL-00041_20181013160201,WELL-00041,0,P-ANULAR,spread,block_bootstrap,raw,180,120,0,1.2229,0.8384,1.4863,0.6478,0.0,1,0,,-10.0219,0.9287,0.9962,36.6727,1,,,1,,
3w_aligned_onset,WELL-00041_20181013160201,WELL-00041,0,P-ANULAR,spread,naive,adjusted,180,120,3,1.233,1.0691,1.3969,0.3278,0.0,1,0,,-11.1504,0.9018,0.9927,29.3193,1,0,1,1,0.0974,0.9211
3w_aligned_onset,WELL-00041_20181013160201,WELL-00041,0,P-ANULAR,spread,naive,raw,180,120,0,1.2229,1.059,1.3868,0.3278,0.0,1,0,,-10.0219,0.9287,0.9962,36.6727,1,,,1,,
3w_aligned_onset,WELL-00041_20181013160201,WELL-00041,0,P-JUS-CKGL,level,block_bootstrap,adjusted,180,120,3,,,,,,,1,covariate_outside,,,,,,1,1,,,
3w_aligned_onset,WELL-00041_20181013160201,WELL-00041,0,P-JUS-CKGL,level,block_bootstrap,raw,180,120,0,0.4516,-0.3237,1.066,1.3897,0.19,0,0,,2.8565,0.8714,0.8892,24.1944,1,,,1,,
3w_aligned_onset,WELL-00041_20181013160201,WELL-00041,0,P-JUS-CKGL,level,ewc,adjusted,180,120,3,,,,,,,1,covariate_outside,,,,,,1,1,,,
3w_aligned_onset,WELL-00041_20181013160201,WELL-00041,0,P-JUS-CKGL,level,ewc,raw,180,120,0,0.4516,-0.3003,1.2035,1.5038,0.2199,0,0,,2.8565,0.8714,0.8892,24.1944,1,,,1,,
3w_aligned_onset,WELL-00041_20181013160201,WELL-00041,0,P-JUS-CKGL,level,hac,adjusted,180,120,3,,,,,,,1,covariate_outside,,,,,,1,1,,,
3w_aligned_onset,WELL-00041_20181013160201,WELL-00041,0,P-JUS-CKGL,level,hac,raw,180,120,0,0.4516,-0.1379,1.0411,1.1791,0.1333,0,0,,2.8565,0.8714,0.8892,24.1944,1,,,1,,
3w_aligned_onset,WELL-00041_20181013160201,WELL-00041,0,P-JUS-CKGL,level,naive,adjusted,180,120,3,,,,,,,1,covariate_outside,,,,,,1,1,,,
3w_aligned_onset,WELL-00041_20181013160201,WELL-00041,0,P-JUS-CKGL,level,naive,raw,180,120,0,0.4516,0.142,0.7612,0.6192,0.0043,1,0,,2.8565,0.8714,0.8892,24.1944,1,,,1,,
3w_aligned_onset,WELL-00041_20181013160201,WELL-00041,0,P-JUS-CKGL,spread,block_bootstrap,adjusted,180,120,3,,,,,,,1,covariate_outside,,,,,,1,1,,,
3w_aligned_onset,WELL-00041_20181013160201,WELL-00041,0,P-JUS-CKGL,spread,block_bootstrap,raw,180,120,0,0.4225,-0.1718,0.8332,1.005,0.25,0,0,,2.8565,0.8714,0.8892,24.1944,1,,,1,,
3w_aligned_onset,WELL-00041_20181013160201,WELL-00041,0,P-JUS-CKGL,spread,naive,adjusted,180,120,3,,,,,,,1,covariate_outside,,,,,,1,1,,,
3w_aligned_onset,WELL-00041_20181013160201,WELL-00041,0,P-JUS-CKGL,spread,naive,raw,180,120,0,0.4225,0.2586,0.5864,0.3278,0.0,1,0,,2.8565,0.8714,0.8892,24.1944,1,,,1,,
3w_aligned_onset,WELL-00041_20181013160201,WELL-00041,0,P-MON-CKP,level,block_bootstrap,adjusted,180,120,3,,,,,,,1,covariate_outside,,,,,,1,1,,,
3w_aligned_onset,WELL-00041_20181013160201,WELL-00041,0,P-MON-CKP,level,block_bootstrap,raw,180,120,0,-0.3946,-0.6422,-0.039,0.6032,0.02,1,0,,-1.8628,0.6169,0.6086,10.2321,0,,,0,,
3w_aligned_onset,WELL-00041_20181013160201,WELL-00041,0,P-MON-CKP,level,ewc,adjusted,180,120,3,,,,,,,1,covariate_outside,,,,,,1,1,,,
3w_aligned_onset,WELL-00041_20181013160201,WELL-00041,0,P-MON-CKP,level,ewc,raw,180,120,0,-0.3946,-0.7986,0.0093,0.808,0.0549,0,0,,-1.8628,0.6169,0.6086,10.2321,0,,,0,,
3w_aligned_onset,WELL-00041_20181013160201,WELL-00041,0,P-MON-CKP,level,hac,adjusted,180,120,3,,,,,,,1,covariate_outside,,,,,,1,1,,,
3w_aligned_onset,WELL-00041_20181013160201,WELL-00041,0,P-MON-CKP,level,hac,raw,180,120,0,-0.3946,-0.716,-0.0733,0.6427,0.0161,1,0,,-1.8628,0.6169,0.6086,10.2321,0,,,0,,
3w_aligned_onset,WELL-00041_20181013160201,WELL-00041,0,P-MON-CKP,level,naive,adjusted,180,120,3,,,,,,,1,covariate_outside,,,,,,1,1,,,
3w_aligned_onset,WELL-00041_20181013160201,WELL-00041,0,P-MON-CKP,level,naive,raw,180,120,0,-0.3946,-0.63,-0.1593,0.4708,0.001,1,0,,-1.8628,0.6169,0.6086,10.2321,0,,,0,,
3w_aligned_onset,WELL-00041_20181013160201,WELL-00041,0,P-MON-CKP,spread,block_bootstrap,adjusted,180,120,3,,,,,,,1,covariate_outside,,,,,,1,1,,,
3w_aligned_onset,WELL-00041_20181013160201,WELL-00041,0,P-MON-CKP,spread,block_bootstrap,raw,180,120,0,0.0311,-0.1493,0.134,0.2833,0.87,0,0,,-1.8628,0.6169,0.6086,10.2321,0,,,0,,
3w_aligned_onset,WELL-00041_20181013160201,WELL-00041,0,P-MON-CKP,spread,naive,adjusted,180,120,3,,,,,,,1,covariate_outside,,,,,,1,1,,,
3w_aligned_onset,WELL-00041_20181013160201,WELL-00041,0,P-MON-CKP,spread,naive,raw,180,120,0,0.0311,-0.1328,0.195,0.3278,0.7102,0,0,,-1.8628,0.6169,0.6086,10.2321,0,,,0,,
3w_aligned_onset,WELL-00041_20181013160201,WELL-00041,0,P-PDG,level,block_bootstrap,adjusted,180,120,3,,,,,,,1,covariate_outside,,,,,,1,1,,,
3w_aligned_onset,WELL-00041_20181013160201,WELL-00041,0,P-PDG,level,block_bootstrap,raw,180,120,0,-0.3522,-1.5436,0.4446,1.9882,0.4,0,0,,-0.3252,0.9147,0.9642,32.3635,0,,,1,,
3w_aligned_onset,WELL-00041_20181013160201,WELL-00041,0,P-PDG,level,ewc,adjusted,180,120,3,,,,,,,1,covariate_outside,,,,,,1,1,,,
3w_aligned_onset,WELL-00041_20181013160201,WELL-00041,0,P-PDG,level,ewc,raw,180,120,0,-0.3522,-1.767,1.0625,2.8295,0.5947,0,0,,-0.3252,0.9147,0.9642,32.3635,0,,,1,,
3w_aligned_onset,WELL-00041_20181013160201,WELL-00041,0,P-PDG,level,hac,adjusted,180,120,3,,,,,,,1,covariate_outside,,,,,,1,1,,,
3w_aligned_onset,WELL-00041_20181013160201,WELL-00041,0,P-PDG,level,hac,raw,180,120,0,-0.3522,-1.5847,0.8802,2.4649,0.5754,0,0,,-0.3252,0.9147,0.9642,32.3635,0,,,1,,
3w_aligned_onset,WELL-00041_20181013160201,WELL-00041,0,P-PDG,level,naive,adjusted,180,120,3,,,,,,,1,covariate_outside,,,,,,1,1,,,
3w_aligned_onset,WELL-00041_20181013160201,WELL-00041,0,P-PDG,level,naive,raw,180,120,0,-0.3522,-0.7634,0.059,0.8224,0.0932,0,0,,-0.3252,0.9147,0.9642,32.3635,0,,,1,,
3w_aligned_onset,WELL-00041_20181013160201,WELL-00041,0,P-PDG,spread,block_bootstrap,adjusted,180,120,3,,,,,,,1,covariate_outside,,,,,,1,1,,,
3w_aligned_onset,WELL-00041_20181013160201,WELL-00041,0,P-PDG,spread,block_bootstrap,raw,180,120,0,0.7647,0.2967,1.0234,0.7267,0.0,1,0,,-0.3252,0.9147,0.9642,32.3635,0,,,1,,
3w_aligned_onset,WELL-00041_20181013160201,WELL-00041,0,P-PDG,spread,naive,adjusted,180,120,3,,,,,,,1,covariate_outside,,,,,,1,1,,,
3w_aligned_onset,WELL-00041_20181013160201,WELL-00041,0,P-PDG,spread,naive,raw,180,120,0,0.7647,0.6008,0.9287,0.3278,0.0,1,0,,-0.3252,0.9147,0.9642,32.3635,0,,,1,,
3w_aligned_onset,WELL-00041_20181013160201,WELL-00041,0,P-TPT,level,block_bootstrap,adjusted,180,120,4,,,,,,,1,no_spread,,,,,,,,,,
3w_aligned_onset,WELL-00041_20181013160201,WELL-00041,0,P-TPT,level,block_bootstrap,raw,180,120,0,,,,,,,1,no_spread,,,,,,,,,,
3w_aligned_onset,WELL-00041_20181013160201,WELL-00041,0,P-TPT,level,ewc,adjusted,180,120,4,,,,,,,1,no_spread,,,,,,,,,,
3w_aligned_onset,WELL-00041_20181013160201,WELL-00041,0,P-TPT,level,ewc,raw,180,120,0,,,,,,,1,no_spread,,,,,,,,,,
3w_aligned_onset,WELL-00041_20181013160201,WELL-00041,0,P-TPT,level,hac,adjusted,180,120,4,,,,,,,1,no_spread,,,,,,,,,,
3w_aligned_onset,WELL-00041_20181013160201,WELL-00041,0,P-TPT,level,hac,raw,180,120,0,,,,,,,1,no_spread,,,,,,,,,,
3w_aligned_onset,WELL-00041_20181013160201,WELL-00041,0,P-TPT,level,naive,adjusted,180,120,4,,,,,,,1,no_spread,,,,,,,,,,
3w_aligned_onset,WELL-00041_20181013160201,WELL-00041,0,P-TPT,level,naive,raw,180,120,0,,,,,,,1,no_spread,,,,,,,,,,
3w_aligned_onset,WELL-00041_20181013160201,WELL-00041,0,P-TPT,spread,block_bootstrap,adjusted,180,120,4,,,,,,,1,no_spread,,,,,,,,,,
3w_aligned_onset,WELL-00041_20181013160201,WELL-00041,0,P-TPT,spread,block_bootstrap,raw,180,120,0,,,,,,,1,no_spread,,,,,,,,,,
3w_aligned_onset,WELL-00041_20181013160201,WELL-00041,0,P-TPT,spread,naive,adjusted,180,120,4,,,,,,,1,no_spread,,,,,,,,,,
3w_aligned_onset,WELL-00041_20181013160201,WELL-00041,0,P-TPT,spread,naive,raw,180,120,0,,,,,,,1,no_spread,,,,,,,,,,
3w_aligned_onset,WELL-00041_20181013160201,WELL-00041,0,T-TPT,level,block_bootstrap,adjusted,180,120,4,,,,,,,1,no_spread,,,,,,,,,,
3w_aligned_onset,WELL-00041_20181013160201,WELL-00041,0,T-TPT,level,block_bootstrap,raw,180,120,0,,,,,,,1,no_spread,,,,,,,,,,
3w_aligned_onset,WELL-00041_20181013160201,WELL-00041,0,T-TPT,level,ewc,adjusted,180,120,4,,,,,,,1,no_spread,,,,,,,,,,
3w_aligned_onset,WELL-00041_20181013160201,WELL-00041,0,T-TPT,level,ewc,raw,180,120,0,,,,,,,1,no_spread,,,,,,,,,,
3w_aligned_onset,WELL-00041_20181013160201,WELL-00041,0,T-TPT,level,hac,adjusted,180,120,4,,,,,,,1,no_spread,,,,,,,,,,
3w_aligned_onset,WELL-00041_20181013160201,WELL-00041,0,T-TPT,level,hac,raw,180,120,0,,,,,,,1,no_spread,,,,,,,,,,
3w_aligned_onset,WELL-00041_20181013160201,WELL-00041,0,T-TPT,level,naive,adjusted,180,120,4,,,,,,,1,no_spread,,,,,,,,,,
3w_aligned_onset,WELL-00041_20181013160201,WELL-00041,0,T-TPT,level,naive,raw,180,120,0,,,,,,,1,no_spread,,,,,,,,,,
3w_aligned_onset,WELL-00041_20181013160201,WELL-00041,0,T-TPT,spread,block_bootstrap,adjusted,180,120,4,,,,,,,1,no_spread,,,,,,,,,,
3w_aligned_onset,WELL-00041_20181013160201,WELL-00041,0,T-TPT,spread,block_bootstrap,raw,180,120,0,,,,,,,1,no_spread,,,,,,,,,,
3w_aligned_onset,WELL-00041_20181013160201,WELL-00041,0,T-TPT,spread,naive,adjusted,180,120,4,,,,,,,1,no_spread,,,,,,,,,,
3w_aligned_onset,WELL-00041_20181013160201,WELL-00041,0,T-TPT,spread,naive,raw,180,120,0,,,,,,,1,no_spread,,,,,,,,,,
3w_aligned_onset,WELL-00042_20141217142745,WELL-00042,0,P-ANULAR,level,block_bootstrap,adjusted,180,120,5,,,,,,,1,covariate_outside,,,,,,1,1,,,
3w_aligned_onset,WELL-00042_20141217142745,WELL-00042,0,P-ANULAR,level,block_bootstrap,raw,180,120,0,7.0822,5.6699,8.4017,2.7319,0.0,1,0,,6.0417,0.9832,0.9954,97.9678,1,,,1,,
3w_aligned_onset,WELL-00042_20141217142745,WELL-00042,0,P-ANULAR,level,ewc,adjusted,180,120,5,,,,,,,1,covariate_outside,,,,,,1,1,,,
3w_aligned_onset,WELL-00042_20141217142745,WELL-00042,0,P-ANULAR,level,ewc,raw,180,120,0,7.0822,5.1717,8.9927,3.8209,0.0,1,0,,6.0417,0.9832,0.9954,97.9678,1,,,1,,
3w_aligned_onset,WELL-00042_20141217142745,WELL-00042,0,P-ANULAR,level,hac,adjusted,180,120,5,,,,,,,1,covariate_outside,,,,,,1,1,,,
3w_aligned_onset,WELL-00042_20141217142745,WELL-00042,0,P-ANULAR,level,hac,raw,180,120,0,7.0822,4.7189,9.4455,4.7265,0.0,1,0,,6.0417,0.9832,0.9954,97.9678,1,,,1,,
3w_aligned_onset,WELL-00042_20141217142745,WELL-00042,0,P-ANULAR,level,naive,adjusted,180,120,5,,,,,,,1,covariate_outside,,,,,,1,1,,,
3w_aligned_onset,WELL-00042_20141217142745,WELL-00042,0,P-ANULAR,level,naive,raw,180,120,0,7.0822,6.6139,7.5505,0.9367,0.0,1,0,,6.0417,0.9832,0.9954,97.9678,1,,,1,,
3w_aligned_onset,WELL-00042_20141217142745,WELL-00042,0,P-ANULAR,spread,block_bootstrap,adjusted,180,120,5,,,,,,,1,covariate_outside,,,,,,1,1,,,
3w_aligned_onset,WELL-00042_20141217142745,WELL-00042,0,P-ANULAR,spread,block_bootstrap,raw,180,120,0,0.911,0.4657,1.4997,1.034,0.0,1,0,,6.0417,0.9832,0.9954,97.9678,1,,,1,,
3w_aligned_onset,WELL-00042_20141217142745,WELL-00042,0,P-ANULAR,spread,naive,adjusted,180,120,5,,,,,,,1,covariate_outside,,,,,,1,1,,,
3w_aligned_onset,WELL-00042_20141217142745,WELL-00042,0,P-ANULAR,spread,naive,raw,180,120,0,0.911,0.7471,1.075,0.3278,0.0,1,0,,6.0417,0.9832,0.9954,97.9678,1,,,1,,
3w_aligned_onset,WELL-00042_20141217142745,WELL-00042,0,P-JUS-CKGL,level,block_bootstrap,adjusted,180,120,5,,,,,,,1,covariate_outside,,,,,,1,1,,,
3w_aligned_onset,WELL-00042_20141217142745,WELL-00042,0,P-JUS-CKGL,level,block_bootstrap,raw,180,120,0,7.5586,5.9902,9.0731,3.0829,0.0,1,0,,163577.0731,0.9998,1.0017,179.0,1,,,1,,
3w_aligned_onset,WELL-00042_20141217142745,WELL-00042,0,P-JUS-CKGL,level,ewc,adjusted,180,120,5,,,,,,,1,covariate_outside,,,,,,1,1,,,
3w_aligned_onset,WELL-00042_20141217142745,WELL-00042,0,P-JUS-CKGL,level,ewc,raw,180,120,0,7.5586,5.2808,9.8363,4.5555,0.0,1,0,,163577.0731,0.9998,1.0017,179.0,1,,,1,,
3w_aligned_onset,WELL-00042_20141217142745,WELL-00042,0,P-JUS-CKGL,level,hac,adjusted,180,120,5,,,,,,,1,covariate_outside,,,,,,1,1,,,
3w_aligned_onset,WELL-00042_20141217142745,WELL-00042,0,P-JUS-CKGL,level,hac,raw,180,120,0,7.5586,4.8031,10.314,5.511,0.0,1,0,,163577.0731,0.9998,1.0017,179.0,1,,,1,,
3w_aligned_onset,WELL-00042_20141217142745,WELL-00042,0,P-JUS-CKGL,level,naive,adjusted,180,120,5,,,,,,,1,covariate_outside,,,,,,1,1,,,
3w_aligned_onset,WELL-00042_20141217142745,WELL-00042,0,P-JUS-CKGL,level,naive,raw,180,120,0,7.5586,7.0062,8.1109,1.1047,0.0,1,0,,163577.0731,0.9998,1.0017,179.0,1,,,1,,
3w_aligned_onset,WELL-00042_20141217142745,WELL-00042,0,P-JUS-CKGL,spread,block_bootstrap,adjusted,180,120,5,,,,,,,1,covariate_outside,,,,,,1,1,,,
3w_aligned_onset,WELL-00042_20141217142745,WELL-00042,0,P-JUS-CKGL,spread,block_bootstrap,raw,180,120,0,1.091,0.608,1.42,0.812,0.0,1,0,,163577.0731,0.9998,1.0017,179.0,1,,,1,,
3w_aligned_onset,WELL-00042_20141217142745,WELL-00042,0,P-JUS-CKGL,spread,naive,adjusted,180,120,5,,,,,,,1,covariate_outside,,,,,,1,1,,,
3w_aligned_onset,WELL-00042_20141217142745,WELL-00042,0,P-JUS-CKGL,spread,naive,raw,180,120,0,1.091,0.9271,1.255,0.3278,0.0,1,0,,163577.0731,0.9998,1.0017,179.0,1,,,1,,
3w_aligned_onset,WELL-00042_20141217142745,WELL-00042,0,P-MON-CKP,level,block_bootstrap,adjusted,180,120,5,,,,,,,1,covariate_outside,,,,,,1,1,,,
3w_aligned_onset,WELL-00042_20141217142745,WELL-00042,0,P-MON-CKP,level,block_bootstrap,raw,180,120,0,-1.0101,-1.1974,-0.6756,0.5218,0.0,1,0,,-0.851,0.3934,0.4752,6.1617,0,,,0,,
3w_aligned_onset,WELL-00042_20141217142745,WELL-00042,0,P-MON-CKP,level,ewc,adjusted,180,120,5,,,,,,,1,covariate_outside,,,,,,1,1,,,
3w_aligned_onset,WELL-00042_20141217142745,WELL-00042,0,P-MON-CKP,level,ewc,raw,180,120,0,-1.0101,-1.273,-0.7472,0.5258,0.0,1,0,,-0.851,0.3934,0.4752,6.1617,0,,,0,,
3w_aligned_onset,WELL-00042_20141217142745,WELL-00042,0,P-MON-CKP,level,hac,adjusted,180,120,5,,,,,,,1,covariate_outside,,,,,,1,1,,,
3w_aligned_onset,WELL-00042_20141217142745,WELL-00042,0,P-MON-CKP,level,hac,raw,180,120,0,-1.0101,-1.2913,-0.7289,0.5624,0.0,1,0,,-0.851,0.3934,0.4752,6.1617,0,,,0,,
3w_aligned_onset,WELL-00042_20141217142745,WELL-00042,0,P-MON-CKP,level,naive,adjusted,180,120,5,,,,,,,1,covariate_outside,,,,,,1,1,,,
3w_aligned_onset,WELL-00042_20141217142745,WELL-00042,0,P-MON-CKP,level,naive,raw,180,120,0,-1.0101,-1.2524,-0.7678,0.4846,0.0,1,0,,-0.851,0.3934,0.4752,6.1617,0,,,0,,
3w_aligned_onset,WELL-00042_20141217142745,WELL-00042,0,P-MON-CKP,spread,block_bootstrap,adjusted,180,120,5,,,,,,,1,covariate_outside,,,,,,1,1,,,
3w_aligned_onset,WELL-00042_20141217142745,WELL-00042,0,P-MON-CKP,spread,block_bootstrap,raw,180,120,0,0.0774,-0.901,1.5494,2.4504,0.66,0,0,,-0.851,0.3934,0.4752,6.1617,0,,,0,,
3w_aligned_onset,WELL-00042_20141217142745,WELL-00042,0,P-MON-CKP,spread,naive,adjusted,180,120,5,,,,,,,1,covariate_outside,,,,,,1,1,,,
3w_aligned_onset,WELL-00042_20141217142745,WELL-00042,0,P-MON-CKP,spread,naive,raw,180,120,0,0.0774,-0.0865,0.2413,0.3278,0.3548,0,0,,-0.851,0.3934,0.4752,6.1617,0,,,0,,
3w_aligned_onset,WELL-00042_20141217142745,WELL-00042,0,P-PDG,level,block_bootstrap,adjusted,180,120,5,,,,,,,1,covariate_outside,,,,,,1,1,,,
3w_aligned_onset,WELL-00042_20141217142745,WELL-00042,0,P-PDG,level,block_bootstrap,raw,180,120,0,-3.6451,-4.1826,-3.1498,1.0328,0.0,1,0,,-20.0752,0.9968,0.9359,179.0,1,,,1,,
3w_aligned_onset,WELL-00042_20141217142745,WELL-00042,0,P-PDG,level,ewc,adjusted,180,120,5,,,,,,,1,covariate_outside,,,,,,1,1,,,
3w_aligned_onset,WELL-00042_20141217142745,WELL-00042,0,P-PDG,level,ewc,raw,180,120,0,-3.6451,-4.2929,-2.9973,1.2956,0.0,1,0,,-20.0752,0.9968,0.9359,179.0,1,,,1,,
3w_aligned_onset,WELL-00042_20141217142745,WELL-00042,0,P-PDG,level,hac,adjusted,180,120,5,,,,,,,1,covariate_outside,,,,,,1,1,,,
3w_aligned_onset,WELL-00042_20141217142745,WELL-00042,0,P-PDG,level,hac,raw,180,120,0,-3.6451,-4.5035,-2.7868,1.7168,0.0,1,0,,-20.0752,0.9968,0.9359,179.0,1,,,1,,
3w_aligned_onset,WELL-00042_20141217142745,WELL-00042,0,P-PDG,level,naive,adjusted,180,120,5,,,,,,,1,covariate_outside,,,,,,1,1,,,
3w_aligned_onset,WELL-00042_20141217142745,WELL-00042,0,P-PDG,level,naive,raw,180,120,0,-3.6451,-3.8314,-3.4589,0.3725,0.0,1,0,,-20.0752,0.9968,0.9359,179.0,1,,,1,,
3w_aligned_onset,WELL-00042_20141217142745,WELL-00042,0,P-PDG,spread,block_bootstrap,adjusted,180,120,5,,,,,,,1,covariate_outside,,,,,,1,1,,,
3w_aligned_onset,WELL-00042_20141217142745,WELL-00042,0,P-PDG,spread,block_bootstrap,raw,180,120,0,-0.4376,-0.7826,-0.0627,0.72,0.01,1,0,,-20.0752,0.9968,0.9359,179.0,1,,,1,,
3w_aligned_onset,WELL-00042_20141217142745,WELL-00042,0,P-PDG,spread,naive,adjusted,180,120,5,,,,,,,1,covariate_outside,,,,,,1,1,,,
3w_aligned_onset,WELL-00042_20141217142745,WELL-00042,0,P-PDG,spread,naive,raw,180,120,0,-0.4376,-0.6016,-0.2737,0.3278,0.0,1,0,,-20.0752,0.9968,0.9359,179.0,1,,,1,,
3w_aligned_onset,WELL-00042_20141217142745,WELL-00042,0,P-TPT,level,block_bootstrap,adjusted,180,120,5,,,,,,,1,covariate_outside,,,,,,1,1,,,
3w_aligned_onset,WELL-00042_20141217142745,WELL-00042,0,P-TPT,level,block_bootstrap,raw,180,120,0,-5.2132,-6.3136,-4.254,2.0596,0.0,1,0,,-10.5578,0.9778,0.9814,81.1454,1,,,1,,
3w_aligned_onset,WELL-00042_20141217142745,WELL-00042,0,P-TPT,level,ewc,adjusted,180,120,5,,,,,,,1,covariate_outside,,,,,,1,1,,,
3w_aligned_onset,WELL-00042_20141217142745,WELL-00042,0,P-TPT,level,ewc,raw,180,120,0,-5.2132,-6.5456,-3.8808,2.6648,0.0,1,0,,-10.5578,0.9778,0.9814,81.1454,1,,,1,,
3w_aligned_onset,WELL-00042_20141217142745,WELL-00042,0,P-TPT,level,hac,adjusted,180,120,5,,,,,,,1,covariate_outside,,,,,,1,1,,,
3w_aligned_onset,WELL-00042_20141217142745,WELL-00042,0,P-TPT,level,hac,raw,180,120,0,-5.2132,-6.8918,-3.5346,3.3572,0.0,1,0,,-10.5578,0.9778,0.9814,81.1454,1,,,1,,
3w_aligned_onset,WELL-00042_20141217142745,WELL-00042,0,P-TPT,level,naive,adjusted,180,120,5,,,,,,,1,covariate_outside,,,,,,1,1,,,
3w_aligned_onset,WELL-00042_20141217142745,WELL-00042,0,P-TPT,level,naive,raw,180,120,0,-5.2132,-5.5781,-4.8483,0.7297,0.0,1,0,,-10.5578,0.9778,0.9814,81.1454,1,,,1,,
3w_aligned_onset,WELL-00042_20141217142745,WELL-00042,0,P-TPT,spread,block_bootstrap,adjusted,180,120,5,,,,,,,1,covariate_outside,,,,,,1,1,,,
3w_aligned_onset,WELL-00042_20141217142745,WELL-00042,0,P-TPT,spread,block_bootstrap,raw,180,120,0,0.6253,0.1261,1.1111,0.9849,0.02,1,0,,-10.5578,0.9778,0.9814,81.1454,1,,,1,,
3w_aligned_onset,WELL-00042_20141217142745,WELL-00042,0,P-TPT,spread,naive,adjusted,180,120,5,,,,,,,1,covariate_outside,,,,,,1,1,,,
3w_aligned_onset,WELL-00042_20141217142745,WELL-00042,0,P-TPT,spread,naive,raw,180,120,0,0.6253,0.4613,0.7892,0.3278,0.0,1,0,,-10.5578,0.9778,0.9814,81.1454,1,,,1,,
3w_aligned_onset,WELL-00042_20141217142745,WELL-00042,0,T-TPT,level,block_bootstrap,adjusted,180,120,5,,,,,,,1,covariate_outside,,,,,,1,1,,,
3w_aligned_onset,WELL-00042_20141217142745,WELL-00042,0,T-TPT,level,block_bootstrap,raw,180,120,0,0.15,-0.5801,0.9986,1.5788,0.79,0,0,,-28.6443,0.9799,0.9937,86.9185,1,,,1,,
3w_aligned_onset,WELL-00042_20141217142745,WELL-00042,0,T-TPT,level,ewc,adjusted,180,120,5,,,,,,,1,covariate_outside,,,,,,1,1,,,
3w_aligned_onset,WELL-00042_20141217142745,WELL-00042,0,T-TPT,level,ewc,raw,180,120,0,0.15,-1.0797,1.3797,2.4594,0.7968,0,0,,-28.6443,0.9799,0.9937,86.9185,1,,,1,,
3w_aligned_onset,WELL-00042_20141217142745,WELL-00042,0,T-TPT,level,hac,adjusted,180,120,5,,,,,,,1,covariate_outside,,,,,,1,1,,,
3w_aligned_onset,WELL-00042_20141217142745,WELL-00042,0,T-TPT,level,hac,raw,180,120,0,0.15,-1.388,1.6881,3.0761,0.8484,0,0,,-28.6443,0.9799,0.9937,86.9185,1,,,1,,
3w_aligned_onset,WELL-00042_20141217142745,WELL-00042,0,T-TPT,level,naive,adjusted,180,120,5,,,,,,,1,covariate_outside,,,,,,1,1,,,
3w_aligned_onset,WELL-00042_20141217142745,WELL-00042,0,T-TPT,level,naive,raw,180,120,0,0.15,-0.1756,0.4757,0.6513,0.3665,0,0,,-28.6443,0.9799,0.9937,86.9185,1,,,1,,
3w_aligned_onset,WELL-00042_20141217142745,WELL-00042,0,T-TPT,spread,block_bootstrap,adjusted,180,120,5,,,,,,,1,covariate_outside,,,,,,1,1,,,
3w_aligned_onset,WELL-00042_20141217142745,WELL-00042,0,T-TPT,spread,block_bootstrap,raw,180,120,0,0.4865,-0.0264,0.7461,0.7725,0.06,0,0,,-28.6443,0.9799,0.9937,86.9185,1,,,1,,
3w_aligned_onset,WELL-00042_20141217142745,WELL-00042,0,T-TPT,spread,naive,adjusted,180,120,5,,,,,,,1,covariate_outside,,,,,,1,1,,,
3w_aligned_onset,WELL-00042_20141217142745,WELL-00042,0,T-TPT,spread,naive,raw,180,120,0,0.4865,0.3225,0.6504,0.3278,0.0,1,0,,-28.6443,0.9799,0.9937,86.9185,1,,,1,,
3w_aligned_onset,WELL-00042_20141221190219,WELL-00042,0,P-ANULAR,level,block_bootstrap,adjusted,180,120,5,,,,,,,1,covariate_outside,,,,,,1,1,,,
3w_aligned_onset,WELL-00042_20141221190219,WELL-00042,0,P-ANULAR,level,block_bootstrap,raw,180,120,0,2.9653,2.2184,3.5994,1.381,0.0,1,0,,5.4742,1.0011,1.002,179.0,1,,,1,,
3w_aligned_onset,WELL-00042_20141221190219,WELL-00042,0,P-ANULAR,level,ewc,adjusted,180,120,5,,,,,,,1,covariate_outside,,,,,,1,1,,,
3w_aligned_onset,WELL-00042_20141221190219,WELL-00042,0,P-ANULAR,level,ewc,raw,180,120,0,2.9653,2.0992,3.8315,1.7322,0.0,1,0,,5.4742,1.0011,1.002,179.0,1,,,1,,
3w_aligned_onset,WELL-00042_20141221190219,WELL-00042,0,P-ANULAR,level,hac,adjusted,180,120,5,,,,,,,1,covariate_outside,,,,,,1,1,,,
3w_aligned_onset,WELL-00042_20141221190219,WELL-00042,0,P-ANULAR,level,hac,raw,180,120,0,2.9653,1.846,4.0847,2.2387,0.0,1,0,,5.4742,1.0011,1.002,179.0,1,,,1,,
3w_aligned_onset,WELL-00042_20141221190219,WELL-00042,0,P-ANULAR,level,naive,adjusted,180,120,5,,,,,,,1,covariate_outside,,,,,,1,1,,,
3w_aligned_onset,WELL-00042_20141221190219,WELL-00042,0,P-ANULAR,level,naive,raw,180,120,0,2.9653,2.7467,3.1839,0.4372,0.0,1,0,,5.4742,1.0011,1.002,179.0,1,,,1,,
3w_aligned_onset,WELL-00042_20141221190219,WELL-00042,0,P-ANULAR,spread,block_bootstrap,adjusted,180,120,5,,,,,,,1,covariate_outside,,,,,,1,1,,,
3w_aligned_onset,WELL-00042_20141221190219,WELL-00042,0,P-ANULAR,spread,block_bootstrap,raw,180,120,0,-0.0955,-0.6118,0.1239,0.7357,0.26,0,0,,5.4742,1.0011,1.002,179.0,1,,,1,,
3w_aligned_onset,WELL-00042_20141221190219,WELL-00042,0,P-ANULAR,spread,naive,adjusted,180,120,5,,,,,,,1,covariate_outside,,,,,,1,1,,,
3w_aligned_onset,WELL-00042_20141221190219,WELL-00042,0,P-ANULAR,spread,naive,raw,180,120,0,-0.0955,-0.2594,0.0684,0.3278,0.2535,0,0,,5.4742,1.0011,1.002,179.0,1,,,1,,
3w_aligned_onset,WELL-00042_20141221190219,WELL-00042,0,P-JUS-CKGL,level,block_bootstrap,adjusted,180,120,5,,,,,,,1,covariate_outside,,,,,,1,1,,,
3w_aligned_onset,WELL-00042_20141221190219,WELL-00042,0,P-JUS-CKGL,level,block_bootstrap,raw,180,120,0,3.1229,2.4723,3.7299,1.2577,0.0,1,0,,8.1596,1.0045,1.0007,179.0,1,,,1,,
3w_aligned_onset,WELL-00042_20141221190219,WELL-00042,0,P-JUS-CKGL,level,ewc,adjusted,180,120,5,,,,,,,1,covariate_outside,,,,,,1,1,,,
3w_aligned_onset,WELL-00042_20141221190219,WELL-00042,0,P-JUS-CKGL,level,ewc,raw,180,120,0,3.1229,2.296,3.9498,1.6538,0.0,1,0,,8.1596,1.0045,1.0007,179.0,1,,,1,,
3w_aligned_onset,WELL-00042_20141221190219,WELL-00042,0,P-JUS-CKGL,level,hac,adjusted,180,120,5,,,,,,,1,covariate_outside,,,,,,1,1,,,
3w_aligned_onset,WELL-00042_20141221190219,WELL-00042,0,P-JUS-CKGL,level,hac,raw,180,120,0,3.1229,2.0009,4.2449,2.244,0.0,1,0,,8.1596,1.0045,1.0007,179.0,1,,,1,,
3w_aligned_onset,WELL-00042_20141221190219,WELL-00042,0,P-JUS-CKGL,level,naive,adjusted,180,120,5,,,,,,,1,covariate_outside,,,,,,1,1,,,
3w_aligned_onset,WELL-00042_20141221190219,WELL-00042,0,P-JUS-CKGL,level,naive,raw,180,120,0,3.1229,2.915,3.3307,0.4157,0.0,1,0,,8.1596,1.0045,1.0007,179.0,1,,,1,,
3w_aligned_onset,WELL-00042_20141221190219,WELL-00042,0,P-JUS-CKGL,spread,block_bootstrap,adjusted,180,120,5,,,,,,,1,covariate_outside,,,,,,1,1,,,
3w_aligned_onset,WELL-00042_20141221190219,WELL-00042,0,P-JUS-CKGL,spread,block_bootstrap,raw,180,120,0,-0.1907,-0.7088,0.018,0.7268,0.08,0,0,,8.1596,1.0045,1.0007,179.0,1,,,1,,
3w_aligned_onset,WELL-00042_20141221190219,WELL-00042,0,P-JUS-CKGL,spread,naive,adjusted,180,120,5,,,,,,,1,covariate_outside,,,,,,1,1,,,
3w_aligned_onset,WELL-00042_20141221190219,WELL-00042,0,P-JUS-CKGL,spread,naive,raw,180,120,0,-0.1907,-0.3547,-0.0268,0.3278,0.0226,1,0,,8.1596,1.0045,1.0007,179.0,1,,,1,,
3w_aligned_onset,WELL-00042_20141221190219,WELL-00042,0,P-MON-CKP,level,block_bootstrap,adjusted,180,120,5,,,,,,,1,covariate_outside,,,,,,1,1,,,
3w_aligned_onset,WELL-00042_20141221190219,WELL-00042,0,P-MON-CKP,level,block_bootstrap,raw,180,120,0,0.2176,0.0048,0.5464,0.5416,0.02,1,0,,-0.6002,0.5427,0.326,8.6145,0,,,0,,
3w_aligned_onset,WELL-00042_20141221190219,WELL-00042,0,P-MON-CKP,level,ewc,adjusted,180,120,5,,,,,,,1,covariate_outside,,,,,,1,1,,,
3w_aligned_onset,WELL-00042_20141221190219,WELL-00042,0,P-MON-CKP,level,ewc,raw,180,120,0,0.2176,-0.1228,0.5581,0.6809,0.1942,0,0,,-0.6002,0.5427,0.326,8.6145,0,,,0,,
3w_aligned_onset,WELL-00042_20141221190219,WELL-00042,0,P-MON-CKP,level,hac,adjusted,180,120,5,,,,,,,1,covariate_outside,,,,,,1,1,,,
3w_aligned_onset,WELL-00042_20141221190219,WELL-00042,0,P-MON-CKP,level,hac,raw,180,120,0,0.2176,-0.0635,0.4988,0.5623,0.1292,0,0,,-0.6002,0.5427,0.326,8.6145,0,,,0,,
3w_aligned_onset,WELL-00042_20141221190219,WELL-00042,0,P-MON-CKP,level,naive,adjusted,180,120,5,,,,,,,1,covariate_outside,,,,,,1,1,,,
3w_aligned_onset,WELL-00042_20141221190219,WELL-00042,0,P-MON-CKP,level,naive,raw,180,120,0,0.2176,0.012,0.4233,0.4113,0.0381,1,0,,-0.6002,0.5427,0.326,8.6145,0,,,0,,
3w_aligned_onset,WELL-00042_20141221190219,WELL-00042,0,P-MON-CKP,spread,block_bootstrap,adjusted,180,120,5,,,,,,,1,covariate_outside,,,,,,1,1,,,
3w_aligned_onset,WELL-00042_20141221190219,WELL-00042,0,P-MON-CKP,spread,block_bootstrap,raw,180,120,0,-0.2118,-0.5641,0.2102,0.7743,0.29,0,0,,-0.6002,0.5427,0.326,8.6145,0,,,0,,
3w_aligned_onset,WELL-00042_20141221190219,WELL-00042,0,P-MON-CKP,spread,naive,adjusted,180,120,5,,,,,,,1,covariate_outside,,,,,,1,1,,,
3w_aligned_onset,WELL-00042_20141221190219,WELL-00042,0,P-MON-CKP,spread,naive,raw,180,120,0,-0.2118,-0.3758,-0.0479,0.3278,0.0113,1,0,,-0.6002,0.5427,0.326,8.6145,0,,,0,,
3w_aligned_onset,WELL-00042_20141221190219,WELL-00042,0,P-PDG,level,block_bootstrap,adjusted,180,120,5,,,,,,,1,covariate_outside,,,,,,1,1,,,
3w_aligned_onset,WELL-00042_20141221190219,WELL-00042,0,P-PDG,level,block_bootstrap,raw,180,120,0,-1.6805,-2.0608,-1.214,0.8467,0.0,1,0,,-3.35,0.9809,0.9672,89.7299,1,,,1,,
3w_aligned_onset,WELL-00042_20141221190219,WELL-00042,0,P-PDG,level,ewc,adjusted,180,120,5,,,,,,,1,covariate_outside,,,,,,1,1,,,
3w_aligned_onset,WELL-00042_20141221190219,WELL-00042,0,P-PDG,level,ewc,raw,180,120,0,-1.6805,-2.3069,-1.0541,1.2528,0.0001,1,0,,-3.35,0.9809,0.9672,89.7299,1,,,1,,
3w_aligned_onset,WELL-00042_20141221190219,WELL-00042,0,P-PDG,level,hac,adjusted,180,120,5,,,,,,,1,covariate_outside,,,,,,1,1,,,
3w_aligned_onset,WELL-00042_20141221190219,WELL-00042,0,P-PDG,level,hac,raw,180,120,0,-1.6805,-2.219,-1.142,1.077,0.0,1,0,,-3.35,0.9809,0.9672,89.7299,1,,,1,,
3w_aligned_onset,WELL-00042_20141221190219,WELL-00042,0,P-PDG,level,naive,adjusted,180,120,5,,,,,,,1,covariate_outside,,,,,,1,1,,,
3w_aligned_onset,WELL-00042_20141221190219,WELL-00042,0,P-PDG,level,naive,raw,180,120,0,-1.6805,-1.8332,-1.5278,0.3054,0.0,1,0,,-3.35,0.9809,0.9672,89.7299,1,,,1,,
3w_aligned_onset,WELL-00042_20141221190219,WELL-00042,0,P-PDG,spread,block_bootstrap,adjusted,180,120,5,,,,,,,1,covariate_outside,,,,,,1,1,,,
3w_aligned_onset,WELL-00042_20141221190219,WELL-00042,0,P-PDG,spread,block_bootstrap,raw,180,120,0,-1.3929,-1.8996,-1.0822,0.8174,0.0,1,0,,-3.35,0.9809,0.9672,89.7299,1,,,1,,
3w_aligned_onset,WELL-00042_20141221190219,WELL-00042,0,P-PDG,spread,naive,adjusted,180,120,5,,,,,,,1,covariate_outside,,,,,,1,1,,,
3w_aligned_onset,WELL-00042_20141221190219,WELL-00042,0,P-PDG,spread,naive,raw,180,120,0,-1.3929,-1.5568,-1.229,0.3278,0.0,1,0,,-3.35,0.9809,0.9672,89.7299,1,,,1,,
3w_aligned_onset,WELL-00042_20141221190219,WELL-00042,0,P-TPT,level,block_bootstrap,adjusted,180,120,5,,,,,,,1,covariate_outside,,,,,,1,1,,,
3w_aligned_onset,WELL-00042_20141221190219,WELL-00042,0,P-TPT,level,block_bootstrap,raw,180,120,0,-0.7509,-1.1844,-0.2903,0.8941,0.0,1,0,,-1.1578,0.9823,0.986,94.7211,0,,,1,,
3w_aligned_onset,WELL-00042_20141221190219,WELL-00042,0,P-TPT,level,ewc,adjusted,180,120,5,,,,,,,1,covariate_outside,,,,,,1,1,,,
3w_aligned_onset,WELL-00042_20141221190219,WELL-00042,0,P-TPT,level,ewc,raw,180,120,0,-0.7509,-1.3815,-0.1203,1.2612,0.0229,1,0,,-1.1578,0.9823,0.986,94.7211,0,,,1,,
3w_aligned_onset,WELL-00042_20141221190219,WELL-00042,0,P-TPT,level,hac,adjusted,180,120,5,,,,,,,1,covariate_outside,,,,,,1,1,,,
3w_aligned_onset,WELL-00042_20141221190219,WELL-00042,0,P-TPT,level,hac,raw,180,120,0,-0.7509,-1.0657,-0.4362,0.6295,0.0,1,0,,-1.1578,0.9823,0.986,94.7211,0,,,1,,
3w_aligned_onset,WELL-00042_20141221190219,WELL-00042,0,P-TPT,level,naive,adjusted,180,120,5,,,,,,,1,covariate_outside,,,,,,1,1,,,
3w_aligned_onset,WELL-00042_20141221190219,WELL-00042,0,P-TPT,level,naive,raw,180,120,0,-0.7509,-0.905,-0.5969,0.3081,0.0,1,0,,-1.1578,0.9823,0.986,94.7211,0,,,1,,
3w_aligned_onset,WELL-00042_20141221190219,WELL-00042,0,P-TPT,spread,block_bootstrap,adjusted,180,120,5,,,,,,,1,covariate_outside,,,,,,1,1,,,
3w_aligned_onset,WELL-00042_20141221190219,WELL-00042,0,P-TPT,spread,block_bootstrap,raw,180,120,0,-1.2981,-1.9835,-0.9548,1.0287,0.0,1,0,,-1.1578,0.9823,0.986,94.7211,0,,,1,,
3w_aligned_onset,WELL-00042_20141221190219,WELL-00042,0,P-TPT,spread,naive,adjusted,180,120,5,,,,,,,1,covariate_outside,,,,,,1,1,,,
3w_aligned_onset,WELL-00042_20141221190219,WELL-00042,0,P-TPT,spread,naive,raw,180,120,0,-1.2981,-1.462,-1.1341,0.3278,0.0,1,0,,-1.1578,0.9823,0.986,94.7211,0,,,1,,
3w_aligned_onset,WELL-00042_20141221190219,WELL-00042,0,T-TPT,level,block_bootstrap,adjusted,180,120,5,,,,,,,1,covariate_outside,,,,,,1,1,,,
3w_aligned_onset,WELL-00042_20141221190219,WELL-00042,0,T-TPT,level,block_bootstrap,raw,180,120,0,0.0014,-0.4407,0.4792,0.9199,0.89,0,0,,-1.772,0.9922,0.9695,164.0425,0,,,1,,
3w_aligned_onset,WELL-00042_20141221190219,WELL-00042,0,T-TPT,level,ewc,adjusted,180,120,5,,,,,,,1,covariate_outside,,,,,,1,1,,,
3w_aligned_onset,WELL-00042_20141221190219,WELL-00042,0,T-TPT,level,ewc,raw,180,120,0,0.0014,-0.6116,0.6145,1.2262,0.996,0,0,,-1.772,0.9922,0.9695,164.0425,0,,,1,,
3w_aligned_onset,WELL-00042_20141221190219,WELL-00042,0,T-TPT,level,hac,adjusted,180,120,5,,,,,,,1,covariate_outside,,,,,,1,1,,,
3w_aligned_onset,WELL-00042_20141221190219,WELL-00042,0,T-TPT,level,hac,raw,180,120,0,0.0014,-0.4312,0.4341,0.8653,0.9948,0,0,,-1.772,0.9922,0.9695,164.0425,0,,,1,,
3w_aligned_onset,WELL-00042_20141221190219,WELL-00042,0,T-TPT,level,naive,adjusted,180,120,5,,,,,,,1,covariate_outside,,,,,,1,1,,,
3w_aligned_onset,WELL-00042_20141221190219,WELL-00042,0,T-TPT,level,naive,raw,180,120,0,0.0014,-0.1467,0.1496,0.2963,0.9848,0,0,,-1.772,0.9922,0.9695,164.0425,0,,,1,,
3w_aligned_onset,WELL-00042_20141221190219,WELL-00042,0,T-TPT,spread,block_bootstrap,adjusted,180,120,5,,,,,,,1,covariate_outside,,,,,,1,1,,,
3w_aligned_onset,WELL-00042_20141221190219,WELL-00042,0,T-TPT,spread,block_bootstrap,raw,180,120,0,-1.9829,-2.5532,-1.7308,0.8224,0.0,1,0,,-1.772,0.9922,0.9695,164.0425,0,,,1,,
3w_aligned_onset,WELL-00042_20141221190219,WELL-00042,0,T-TPT,spread,naive,adjusted,180,120,5,,,,,,,1,covariate_outside,,,,,,1,1,,,
3w_aligned_onset,WELL-00042_20141221190219,WELL-00042,0,T-TPT,spread,naive,raw,180,120,0,-1.9829,-2.1468,-1.819,0.3278,0.0,1,0,,-1.772,0.9922,0.9695,164.0425,0,,,1,,
skab_labelled_onset,other__1,other,0,Accelerometer1RMS,level,block_bootstrap,adjusted,557,188,6,,,,,,,1,covariate_outside,,,,,,1,1,,,
skab_labelled_onset,other__1,other,0,Accelerometer1RMS,level,block_bootstrap,raw,557,188,0,-0.4682,-0.7173,-0.2452,0.4721,0.0,1,0,,-10.6472,0.598,-0.1709,14.2554,1,,,0,,
skab_labelled_onset,other__1,other,0,Accelerometer1RMS,level,ewc,adjusted,557,188,6,,,,,,,1,covariate_outside,,,,,,1,1,,,
skab_labelled_onset,other__1,other,0,Accelerometer1RMS,level,ewc,raw,557,188,0,-0.4682,-0.8287,-0.1076,0.7211,0.0125,1,0,,-10.6472,0.598,-0.1709,14.2554,1,,,0,,
skab_labelled_onset,other__1,other,0,Accelerometer1RMS,level,hac,adjusted,557,188,6,,,,,,,1,covariate_outside,,,,,,1,1,,,
skab_labelled_onset,other__1,other,0,Accelerometer1RMS,level,hac,raw,557,188,0,-0.4682,-0.7458,-0.1905,0.5553,0.001,1,0,,-10.6472,0.598,-0.1709,14.2554,1,,,0,,
skab_labelled_onset,other__1,other,0,Accelerometer1RMS,level,naive,adjusted,557,188,6,,,,,,,1,covariate_outside,,,,,,1,1,,,
skab_labelled_onset,other__1,other,0,Accelerometer1RMS,level,naive,raw,557,188,0,-0.4682,-0.5813,-0.3551,0.2262,0.0,1,0,,-10.6472,0.598,-0.1709,14.2554,1,,,0,,
skab_labelled_onset,other__1,other,0,Accelerometer1RMS,spread,block_bootstrap,adjusted,557,188,6,,,,,,,1,covariate_outside,,,,,,1,1,,,
skab_labelled_onset,other__1,other,0,Accelerometer1RMS,spread,block_bootstrap,raw,557,188,0,-0.6213,-0.7735,-0.4693,0.3041,0.0,1,0,,-10.6472,0.598,-0.1709,14.2554,1,,,0,,
skab_labelled_onset,other__1,other,0,Accelerometer1RMS,spread,naive,adjusted,557,188,6,,,,,,,1,covariate_outside,,,,,,1,1,,,
skab_labelled_onset,other__1,other,0,Accelerometer1RMS,spread,naive,raw,557,188,0,-0.6213,-0.7385,-0.5041,0.2343,0.0,1,0,,-10.6472,0.598,-0.1709,14.2554,1,,,0,,
skab_labelled_onset,other__1,other,0,Accelerometer2RMS,level,block_bootstrap,adjusted,557,188,6,,,,,,,1,covariate_outside,,,,,,1,1,,,
skab_labelled_onset,other__1,other,0,Accelerometer2RMS,level,block_bootstrap,raw,557,188,0,-1.1996,-1.4542,-1.0089,0.4453,0.0,1,0,,-15.3439,-0.0808,0.0991,2.8075,1,,,0,,
skab_labelled_onset,other__1,other,0,Accelerometer2RMS,level,ewc,adjusted,557,188,6,,,,,,,1,covariate_outside,,,,,,1,1,,,
skab_labelled_onset,other__1,other,0,Accelerometer2RMS,level,ewc,raw,557,188,0,-1.1996,-1.5465,-0.8528,0.6938,0.0,1,0,,-15.3439,-0.0808,0.0991,2.8075,1,,,0,,
skab_labelled_onset,other__1,other,0,Accelerometer2RMS,level,hac,adjusted,557,188,6,,,,,,,1,covariate_outside,,,,,,1,1,,,
skab_labelled_onset,other__1,other,0,Accelerometer2RMS,level,hac,raw,557,188,0,-1.1996,-1.3526,-1.0467,0.3058,0.0,1,0,,-15.3439,-0.0808,0.0991,2.8075,1,,,0,,
skab_labelled_onset,other__1,other,0,Accelerometer2RMS,level,naive,adjusted,557,188,6,,,,,,,1,covariate_outside,,,,,,1,1,,,
skab_labelled_onset,other__1,other,0,Accelerometer2RMS,level,naive,raw,557,188,0,-1.1996,-1.3448,-1.0545,0.2904,0.0,1,0,,-15.3439,-0.0808,0.0991,2.8075,1,,,0,,
skab_labelled_onset,other__1,other,0,Accelerometer2RMS,spread,block_bootstrap,adjusted,557,188,6,,,,,,,1,covariate_outside,,,,,,1,1,,,
skab_labelled_onset,other__1,other,0,Accelerometer2RMS,spread,block_bootstrap,raw,557,188,0,-0.1826,-0.3177,-0.0935,0.2241,0.0,1,0,,-15.3439,-0.0808,0.0991,2.8075,1,,,0,,
skab_labelled_onset,other__1,other,0,Accelerometer2RMS,spread,naive,adjusted,557,188,6,,,,,,,1,covariate_outside,,,,,,1,1,,,
skab_labelled_onset,other__1,other,0,Accelerometer2RMS,spread,naive,raw,557,188,0,-0.1826,-0.2998,-0.0655,0.2343,0.0023,1,0,,-15.3439,-0.0808,0.0991,2.8075,1,,,0,,
skab_labelled_onset,other__1,other,0,Current,level,block_bootstrap,adjusted,557,188,6,,,,,,,1,covariate_outside,,,,,,1,1,,,
skab_labelled_onset,other__1,other,0,Current,level,block_bootstrap,raw,557,188,0,0.2337,0.0032,0.4709,0.4677,0.05,1,0,,-0.5562,0.1571,0.2255,4.4267,0,,,0,,
skab_labelled_onset,other__1,other,0,Current,level,ewc,adjusted,557,188,6,,,,,,,1,covariate_outside,,,,,,1,1,,,
skab_labelled_onset,other__1,other,0,Current,level,ewc,raw,557,188,0,0.2337,-0.0686,0.536,0.6046,0.1244,0,0,,-0.5562,0.1571,0.2255,4.4267,0,,,0,,
skab_labelled_onset,other__1,other,0,Current,level,hac,adjusted,557,188,6,,,,,,,1,covariate_outside,,,,,,1,1,,,
skab_labelled_onset,other__1,other,0,Current,level,hac,raw,557,188,0,0.2337,0.0381,0.4294,0.3913,0.0192,1,0,,-0.5562,0.1571,0.2255,4.4267,0,,,0,,
skab_labelled_onset,other__1,other,0,Current,level,naive,adjusted,557,188,6,,,,,,,1,covariate_outside,,,,,,1,1,,,
skab_labelled_onset,other__1,other,0,Current,level,naive,raw,557,188,0,0.2337,0.0714,0.3961,0.3247,0.0048,1,0,,-0.5562,0.1571,0.2255,4.4267,0,,,0,,
skab_labelled_onset,other__1,other,0,Current,spread,block_bootstrap,adjusted,557,188,6,,,,,,,1,covariate_outside,,,,,,1,1,,,
skab_labelled_onset,other__1,other,0,Current,spread,block_bootstrap,raw,557,188,0,-0.0245,-0.1615,0.1058,0.2673,0.79,0,0,,-0.5562,0.1571,0.2255,4.4267,0,,,0,,
skab_labelled_onset,other__1,other,0,Current,spread,naive,adjusted,557,188,6,,,,,,,1,covariate_outside,,,,,,1,1,,,
skab_labelled_onset,other__1,other,0,Current,spread,naive,raw,557,188,0,-0.0245,-0.1417,0.0926,0.2343,0.6816,0,0,,-0.5562,0.1571,0.2255,4.4267,0,,,0,,
skab_labelled_onset,other__1,other,0,Pressure,level,block_bootstrap,adjusted,557,188,7,,,,,,,1,no_spread,,,,,,,,,,
skab_labelled_onset,other__1,other,0,Pressure,level,block_bootstrap,raw,557,188,0,,,,,,,1,no_spread,,,,,,,,,,
skab_labelled_onset,other__1,other,0,Pressure,level,ewc,adjusted,557,188,7,,,,,,,1,no_spread,,,,,,,,,,
skab_labelled_onset,other__1,other,0,Pressure,level,ewc,raw,557,188,0,,,,,,,1,no_spread,,,,,,,,,,
skab_labelled_onset,other__1,other,0,Pressure,level,hac,adjusted,557,188,7,,,,,,,1,no_spread,,,,,,,,,,
skab_labelled_onset,other__1,other,0,Pressure,level,hac,raw,557,188,0,,,,,,,1,no_spread,,,,,,,,,,
skab_labelled_onset,other__1,other,0,Pressure,level,naive,adjusted,557,188,7,,,,,,,1,no_spread,,,,,,,,,,
skab_labelled_onset,other__1,other,0,Pressure,level,naive,raw,557,188,0,,,,,,,1,no_spread,,,,,,,,,,
skab_labelled_onset,other__1,other,0,Pressure,spread,block_bootstrap,adjusted,557,188,7,,,,,,,1,no_spread,,,,,,,,,,
skab_labelled_onset,other__1,other,0,Pressure,spread,block_bootstrap,raw,557,188,0,,,,,,,1,no_spread,,,,,,,,,,
skab_labelled_onset,other__1,other,0,Pressure,spread,naive,adjusted,557,188,7,,,,,,,1,no_spread,,,,,,,,,,
skab_labelled_onset,other__1,other,0,Pressure,spread,naive,raw,557,188,0,,,,,,,1,no_spread,,,,,,,,,,
skab_labelled_onset,other__1,other,0,Temperature,level,block_bootstrap,adjusted,557,188,6,,,,,,,1,covariate_outside,,,,,,1,1,,,
skab_labelled_onset,other__1,other,0,Temperature,level,block_bootstrap,raw,557,188,0,-3.4279,-3.8178,-3.1657,0.6521,0.0,1,0,,-0.6231,0.9906,0.9042,211.321,0,,,1,,
skab_labelled_onset,other__1,other,0,Temperature,level,ewc,adjusted,557,188,6,,,,,,,1,covariate_outside,,,,,,1,1,,,
skab_labelled_onset,other__1,other,0,Temperature,level,ewc,raw,557,188,0,-3.4279,-3.8742,-2.9817,0.8924,0.0,1,0,,-0.6231,0.9906,0.9042,211.321,0,,,1,,
skab_labelled_onset,other__1,other,0,Temperature,level,hac,adjusted,557,188,6,,,,,,,1,covariate_outside,,,,,,1,1,,,
skab_labelled_onset,other__1,other,0,Temperature,level,hac,raw,557,188,0,-3.4279,-4.1786,-2.6773,1.5014,0.0,1,0,,-0.6231,0.9906,0.9042,211.321,0,,,1,,
skab_labelled_onset,other__1,other,0,Temperature,level,naive,adjusted,557,188,6,,,,,,,1,covariate_outside,,,,,,1,1,,,
skab_labelled_onset,other__1,other,0,Temperature,level,naive,raw,557,188,0,-3.4279,-3.5305,-3.3254,0.205,0.0,1,0,,-0.6231,0.9906,0.9042,211.321,0,,,1,,
skab_labelled_onset,other__1,other,0,Temperature,spread,block_bootstrap,adjusted,557,188,6,,,,,,,1,covariate_outside,,,,,,1,1,,,
skab_labelled_onset,other__1,other,0,Temperature,spread,block_bootstrap,raw,557,188,0,-0.8664,-1.255,-0.4651,0.7899,0.0,1,0,,-0.6231,0.9906,0.9042,211.321,0,,,1,,
skab_labelled_onset,other__1,other,0,Temperature,spread,naive,adjusted,557,188,6,,,,,,,1,covariate_outside,,,,,,1,1,,,
skab_labelled_onset,other__1,other,0,Temperature,spread,naive,raw,557,188,0,-0.8664,-0.9836,-0.7492,0.2343,0.0,1,0,,-0.6231,0.9906,0.9042,211.321,0,,,1,,
skab_labelled_onset,other__1,other,0,Thermocouple,level,block_bootstrap,adjusted,557,188,6,,,,,,,1,covariate_outside,,,,,,1,1,,,
skab_labelled_onset,other__1,other,0,Thermocouple,level,block_bootstrap,raw,557,188,0,-1.1057,-1.646,-0.601,1.0449,0.0,1,0,,-2.7542,0.9182,0.8958,48.538,1,,,0,,
skab_labelled_onset,other__1,other,0,Thermocouple,level,ewc,adjusted,557,188,6,,,,,,,1,covariate_outside,,,,,,1,1,,,
skab_labelled_onset,other__1,other,0,Thermocouple,level,ewc,raw,557,188,0,-1.1057,-1.7293,-0.482,1.2473,0.0011,1,0,,-2.7542,0.9182,0.8958,48.538,1,,,0,,
skab_labelled_onset,other__1,other,0,Thermocouple,level,hac,adjusted,557,188,6,,,,,,,1,covariate_outside,,,,,,1,1,,,
skab_labelled_onset,other__1,other,0,Thermocouple,level,hac,raw,557,188,0,-1.1057,-1.8541,-0.3572,1.4969,0.0038,1,0,,-2.7542,0.9182,0.8958,48.538,1,,,0,,
skab_labelled_onset,other__1,other,0,Thermocouple,level,naive,adjusted,557,188,6,,,,,,,1,covariate_outside,,,,,,1,1,,,
skab_labelled_onset,other__1,other,0,Thermocouple,level,naive,raw,557,188,0,-1.1057,-1.2624,-0.9489,0.3136,0.0,1,0,,-2.7542,0.9182,0.8958,48.538,1,,,0,,
skab_labelled_onset,other__1,other,0,Thermocouple,spread,block_bootstrap,adjusted,557,188,6,,,,,,,1,covariate_outside,,,,,,1,1,,,
skab_labelled_onset,other__1,other,0,Thermocouple,spread,block_bootstrap,raw,557,188,0,-0.0723,-0.3542,0.115,0.4692,0.35,0,0,,-2.7542,0.9182,0.8958,48.538,1,,,0,,
skab_labelled_onset,other__1,other,0,Thermocouple,spread,naive,adjusted,557,188,6,,,,,,,1,covariate_outside,,,,,,1,1,,,
skab_labelled_onset,other__1,other,0,Thermocouple,spread,naive,raw,557,188,0,-0.0723,-0.1894,0.0449,0.2343,0.2268,0,0,,-2.7542,0.9182,0.8958,48.538,1,,,0,,
skab_labelled_onset,other__1,other,0,Voltage,level,block_bootstrap,adjusted,557,188,6,,,,,,,1,covariate_outside,,,,,,1,1,,,
skab_labelled_onset,other__1,other,0,Voltage,level,block_bootstrap,raw,557,188,0,0.0564,-0.0783,0.1779,0.2562,0.42,0,0,,-1.1067,-0.0304,0.0727,1.4562,0,,,0,,
skab_labelled_onset,other__1,other,0,Voltage,level,ewc,adjusted,557,188,6,,,,,,,1,covariate_outside,,,,,,1,1,,,
skab_labelled_onset,other__1,other,0,Voltage,level,ewc,raw,557,188,0,0.0564,-0.0839,0.1967,0.2806,0.4184,0,0,,-1.1067,-0.0304,0.0727,1.4562,0,,,0,,
skab_labelled_onset,other__1,other,0,Voltage,level,hac,adjusted,557,188,6,,,,,,,1,covariate_outside,,,,,,1,1,,,
skab_labelled_onset,other__1,other,0,Voltage,level,hac,raw,557,188,0,0.0564,-0.0977,0.2105,0.3082,0.4731,0,0,,-1.1067,-0.0304,0.0727,1.4562,0,,,0,,
skab_labelled_onset,other__1,other,0,Voltage,level,naive,adjusted,557,188,6,,,,,,,1,covariate_outside,,,,,,1,1,,,
skab_labelled_onset,other__1,other,0,Voltage,level,naive,raw,557,188,0,0.0564,-0.095,0.2079,0.3029,0.4653,0,0,,-1.1067,-0.0304,0.0727,1.4562,0,,,0,,
skab_labelled_onset,other__1,other,0,Voltage,spread,block_bootstrap,adjusted,557,188,6,,,,,,,1,covariate_outside,,,,,,1,1,,,
skab_labelled_onset,other__1,other,0,Voltage,spread,block_bootstrap,raw,557,188,0,-0.121,-0.2398,-0.0028,0.237,0.04,1,0,,-1.1067,-0.0304,0.0727,1.4562,0,,,0,,
skab_labelled_onset,other__1,other,0,Voltage,spread,naive,adjusted,557,188,6,,,,,,,1,covariate_outside,,,,,,1,1,,,
skab_labelled_onset,other__1,other,0,Voltage,spread,naive,raw,557,188,0,-0.121,-0.2381,-0.0038,0.2343,0.043,1,0,,-1.1067,-0.0304,0.0727,1.4562,0,,,0,,
skab_labelled_onset,other__1,other,0,Volume Flow RateRMS,level,block_bootstrap,adjusted,557,188,6,,,,,,,1,covariate_outside,,,,,,1,1,,,
skab_labelled_onset,other__1,other,0,Volume Flow RateRMS,level,block_bootstrap,raw,557,188,0,-3.786,-4.7868,-2.8608,1.926,0.0,1,0,,-2.5147,-0.2017,0.7883,5.2861,1,,,0,,
skab_labelled_onset,other__1,other,0,Volume Flow RateRMS,level,ewc,adjusted,557,188,6,,,,,,,1,covariate_outside,,,,,,1,1,,,
skab_labelled_onset,other__1,other,0,Volume Flow RateRMS,level,ewc,raw,557,188,0,-3.786,-5.0117,-2.5604,2.4513,0.0,1,0,,-2.5147,-0.2017,0.7883,5.2861,1,,,0,,
skab_labelled_onset,other__1,other,0,Volume Flow RateRMS,level,hac,adjusted,557,188,6,,,,,,,1,covariate_outside,,,,,,1,1,,,
skab_labelled_onset,other__1,other,0,Volume Flow RateRMS,level,hac,raw,557,188,0,-3.786,-4.9338,-2.6383,2.2955,0.0,1,0,,-2.5147,-0.2017,0.7883,5.2861,1,,,0,,
skab_labelled_onset,other__1,other,0,Volume Flow RateRMS,level,naive,adjusted,557,188,6,,,,,,,1,covariate_outside,,,,,,1,1,,,
skab_labelled_onset,other__1,other,0,Volume Flow RateRMS,level,naive,raw,557,188,0,-3.786,-4.1145,-3.4575,0.6571,0.0,1,0,,-2.5147,-0.2017,0.7883,5.2861,1,,,0,,
skab_labelled_onset,other__1,other,0,Volume Flow RateRMS,spread,block_bootstrap,adjusted,557,188,6,,,,,,,1,covariate_outside,,,,,,1,1,,,
skab_labelled_onset,other__1,other,0,Volume Flow RateRMS,spread,block_bootstrap,raw,557,188,0,0.7991,0.2741,0.964,0.6899,0.01,1,0,,-2.5147,-0.2017,0.7883,5.2861,1,,,0,,
skab_labelled_onset,other__1,other,0,Volume Flow RateRMS,spread,naive,adjusted,557,188,6,,,,,,,1,covariate_outside,,,,,,1,1,,,
skab_labelled_onset,other__1,other,0,Volume Flow RateRMS,spread,naive,raw,557,188,0,0.7991,0.682,0.9163,0.2343,0.0,1,0,,-2.5147,-0.2017,0.7883,5.2861,1,,,0,,
skab_labelled_onset,other__10,other,0,Accelerometer1RMS,level,block_bootstrap,adjusted,570,586,6,,,,,,,1,covariate_outside,,,,,,1,1,,,
skab_labelled_onset,other__10,other,0,Accelerometer1RMS,level,block_bootstrap,raw,570,586,0,-0.8769,-1.4144,-0.3272,1.0872,0.0,1,0,,-3.5902,0.5663,0.9119,13.3456,1,,,0,,
skab_labelled_onset,other__10,other,0,Accelerometer1RMS,level,ewc,adjusted,570,586,6,,,,,,,1,covariate_outside,,,,,,1,1,,,
skab_labelled_onset,other__10,other,0,Accelerometer1RMS,level,ewc,raw,570,586,0,-0.8769,-1.5744,-0.1794,1.395,0.0151,1,0,,-3.5902,0.5663,0.9119,13.3456,1,,,0,,
skab_labelled_onset,other__10,other,0,Accelerometer1RMS,level,hac,adjusted,570,586,6,,,,,,,1,covariate_outside,,,,,,1,1,,,
skab_labelled_onset,other__10,other,0,Accelerometer1RMS,level,hac,raw,570,586,0,-0.8769,-1.7797,0.0259,1.8057,0.057,0,0,,-3.5902,0.5663,0.9119,13.3456,1,,,0,,
skab_labelled_onset,other__10,other,0,Accelerometer1RMS,level,naive,adjusted,570,586,6,,,,,,,1,covariate_outside,,,,,,1,1,,,
skab_labelled_onset,other__10,other,0,Accelerometer1RMS,level,naive,raw,570,586,0,-0.8769,-1.0453,-0.7085,0.3368,0.0,1,0,,-3.5902,0.5663,0.9119,13.3456,1,,,0,,
skab_labelled_onset,other__10,other,0,Accelerometer1RMS,spread,block_bootstrap,adjusted,570,586,6,,,,,,,1,covariate_outside,,,,,,1,1,,,
skab_labelled_onset,other__10,other,0,Accelerometer1RMS,spread,block_bootstrap,raw,570,586,0,0.5967,0.364,0.8183,0.4542,0.0,1,0,,-3.5902,0.5663,0.9119,13.3456,1,,,0,,
skab_labelled_onset,other__10,other,0,Accelerometer1RMS,spread,naive,adjusted,570,586,6,,,,,,,1,covariate_outside,,,,,,1,1,,,
skab_labelled_onset,other__10,other,0,Accelerometer1RMS,spread,naive,raw,570,586,0,0.5967,0.5151,0.6783,0.1632,0.0,1,0,,-3.5902,0.5663,0.9119,13.3456,1,,,0,,
skab_labelled_onset,other__10,other,0,Accelerometer2RMS,level,block_bootstrap,adjusted,570,586,6,,,,,,,1,covariate_outside,,,,,,1,1,,,
skab_labelled_onset,other__10,other,0,Accelerometer2RMS,level,block_bootstrap,raw,570,586,0,1.6929,1.3562,2.0714,0.7152,0.0,1,0,,-1.2925,0.0799,0.8029,2.8064,0,,,0,,
skab_labelled_onset,other__10,other,0,Accelerometer2RMS,level,ewc,adjusted,570,586,6,,,,,,,1,covariate_outside,,,,,,1,1,,,
skab_labelled_onset,other__10,other,0,Accelerometer2RMS,level,ewc,raw,570,586,0,1.6929,1.158,2.2278,1.0698,0.0,1,0,,-1.2925,0.0799,0.8029,2.8064,0,,,0,,
skab_labelled_onset,other__10,other,0,Accelerometer2RMS,level,hac,adjusted,570,586,6,,,,,,,1,covariate_outside,,,,,,1,1,,,
skab_labelled_onset,other__10,other,0,Accelerometer2RMS,level,hac,raw,570,586,0,1.6929,1.1366,2.2492,1.1126,0.0,1,0,,-1.2925,0.0799,0.8029,2.8064,0,,,0,,
skab_labelled_onset,other__10,other,0,Accelerometer2RMS,level,naive,adjusted,570,586,6,,,,,,,1,covariate_outside,,,,,,1,1,,,
skab_labelled_onset,other__10,other,0,Accelerometer2RMS,level,naive,raw,570,586,0,1.6929,1.5423,1.8435,0.3012,0.0,1,0,,-1.2925,0.0799,0.8029,2.8064,0,,,0,,
skab_labelled_onset,other__10,other,0,Accelerometer2RMS,spread,block_bootstrap,adjusted,570,586,6,,,,,,,1,covariate_outside,,,,,,1,1,,,
skab_labelled_onset,other__10,other,0,Accelerometer2RMS,spread,block_bootstrap,raw,570,586,0,0.4444,0.2817,0.5862,0.3045,0.0,1,0,,-1.2925,0.0799,0.8029,2.8064,0,,,0,,
skab_labelled_onset,other__10,other,0,Accelerometer2RMS,spread,naive,adjusted,570,586,6,,,,,,,1,covariate_outside,,,,,,1,1,,,
skab_labelled_onset,other__10,other,0,Accelerometer2RMS,spread,naive,raw,570,586,0,0.4444,0.3628,0.526,0.1632,0.0,1,0,,-1.2925,0.0799,0.8029,2.8064,0,,,0,,
skab_labelled_onset,other__10,other,0,Current,level,block_bootstrap,adjusted,570,586,6,,,,,,,1,covariate_outside,,,,,,1,1,,,
skab_labelled_onset,other__10,other,0,Current,level,block_bootstrap,raw,570,586,0,-0.0329,-0.1479,0.1069,0.2549,0.64,0,0,,-2.9006,0.0844,0.1161,2.9127,1,,,0,,
skab_labelled_onset,other__10,other,0,Current,level,ewc,adjusted,570,586,6,,,,,,,1,covariate_outside,,,,,,1,1,,,
skab_labelled_onset,other__10,other,0,Current,level,ewc,raw,570,586,0,-0.0329,-0.2088,0.1431,0.3519,0.7096,0,0,,-2.9006,0.0844,0.1161,2.9127,1,,,0,,
skab_labelled_onset,other__10,other,0,Current,level,hac,adjusted,570,586,6,,,,,,,1,covariate_outside,,,,,,1,1,,,
skab_labelled_onset,other__10,other,0,Current,level,hac,raw,570,586,0,-0.0329,-0.1591,0.0934,0.2525,0.6098,0,0,,-2.9006,0.0844,0.1161,2.9127,1,,,0,,
skab_labelled_onset,other__10,other,0,Current,level,naive,adjusted,570,586,6,,,,,,,1,covariate_outside,,,,,,1,1,,,
skab_labelled_onset,other__10,other,0,Current,level,naive,raw,570,586,0,-0.0329,-0.1497,0.084,0.2337,0.5814,0,0,,-2.9006,0.0844,0.1161,2.9127,1,,,0,,
skab_labelled_onset,other__10,other,0,Current,spread,block_bootstrap,adjusted,570,586,6,,,,,,,1,covariate_outside,,,,,,1,1,,,
skab_labelled_onset,other__10,other,0,Current,spread,block_bootstrap,raw,570,586,0,0.0263,-0.0787,0.119,0.1977,0.73,0,0,,-2.9006,0.0844,0.1161,2.9127,1,,,0,,
skab_labelled_onset,other__10,other,0,Current,spread,naive,adjusted,570,586,6,,,,,,,1,covariate_outside,,,,,,1,1,,,
skab_labelled_onset,other__10,other,0,Current,spread,naive,raw,570,586,0,0.0263,-0.0553,0.1079,0.1632,0.5274,0,0,,-2.9006,0.0844,0.1161,2.9127,1,,,0,,
skab_labelled_onset,other__10,other,0,Pressure,level,block_bootstrap,adjusted,570,586,7,,,,,,,1,no_spread,,,,,,,,,,
skab_labelled_onset,other__10,other,0,Pressure,level,block_bootstrap,raw,570,586,0,,,,,,,1,no_spread,,,,,,,,,,
skab_labelled_onset,other__10,other,0,Pressure,level,ewc,adjusted,570,586,7,,,,,,,1,no_spread,,,,,,,,,,
skab_labelled_onset,other__10,other,0,Pressure,level,ewc,raw,570,586,0,,,,,,,1,no_spread,,,,,,,,,,
skab_labelled_onset,other__10,other,0,Pressure,level,hac,adjusted,570,586,7,,,,,,,1,no_spread,,,,,,,,,,
skab_labelled_onset,other__10,other,0,Pressure,level,hac,raw,570,586,0,,,,,,,1,no_spread,,,,,,,,,,
skab_labelled_onset,other__10,other,0,Pressure,level,naive,adjusted,570,586,7,,,,,,,1,no_spread,,,,,,,,,,
skab_labelled_onset,other__10,other,0,Pressure,level,naive,raw,570,586,0,,,,,,,1,no_spread,,,,,,,,,,
skab_labelled_onset,other__10,other,0,Pressure,spread,block_bootstrap,adjusted,570,586,7,,,,,,,1,no_spread,,,,,,,,,,
skab_labelled_onset,other__10,other,0,Pressure,spread,block_bootstrap,raw,570,586,0,,,,,,,1,no_spread,,,,,,,,,,
skab_labelled_onset,other__10,other,0,Pressure,spread,naive,adjusted,570,586,7,,,,,,,1,no_spread,,,,,,,,,,
skab_labelled_onset,other__10,other,0,Pressure,spread,naive,raw,570,586,0,,,,,,,1,no_spread,,,,,,,,,,
skab_labelled_onset,other__10,other,0,Temperature,level,block_bootstrap,adjusted,570,586,6,,,,,,,1,covariate_outside,,,,,,1,1,,,
skab_labelled_onset,other__10,other,0,Temperature,level,block_bootstrap,raw,570,586,0,-1.4941,-1.7381,-1.2271,0.511,0.0,1,0,,-4.7156,0.707,0.6936,18.9786,1,,,0,,
skab_labelled_onset,other__10,other,0,Temperature,level,ewc,adjusted,570,586,6,,,,,,,1,covariate_outside,,,,,,1,1,,,
skab_labelled_onset,other__10,other,0,Temperature,level,ewc,raw,570,586,0,-1.4941,-1.9376,-1.0507,0.8868,0.0,1,0,,-4.7156,0.707,0.6936,18.9786,1,,,0,,
skab_labelled_onset,other__10,other,0,Temperature,level,hac,adjusted,570,586,6,,,,,,,1,covariate_outside,,,,,,1,1,,,
skab_labelled_onset,other__10,other,0,Temperature,level,hac,raw,570,586,0,-1.4941,-1.8819,-1.1064,0.7755,0.0,1,0,,-4.7156,0.707,0.6936,18.9786,1,,,0,,
skab_labelled_onset,other__10,other,0,Temperature,level,naive,adjusted,570,586,6,,,,,,,1,covariate_outside,,,,,,1,1,,,
skab_labelled_onset,other__10,other,0,Temperature,level,naive,raw,570,586,0,-1.4941,-1.6068,-1.3815,0.2253,0.0,1,0,,-4.7156,0.707,0.6936,18.9786,1,,,0,,
skab_labelled_onset,other__10,other,0,Temperature,spread,block_bootstrap,adjusted,570,586,6,,,,,,,1,covariate_outside,,,,,,1,1,,,
skab_labelled_onset,other__10,other,0,Temperature,spread,block_bootstrap,raw,570,586,0,-0.0485,-0.1997,0.1107,0.3104,0.45,0,0,,-4.7156,0.707,0.6936,18.9786,1,,,0,,
skab_labelled_onset,other__10,other,0,Temperature,spread,naive,adjusted,570,586,6,,,,,,,1,covariate_outside,,,,,,1,1,,,
skab_labelled_onset,other__10,other,0,Temperature,spread,naive,raw,570,586,0,-0.0485,-0.1301,0.0332,0.1632,0.2445,0,0,,-4.7156,0.707,0.6936,18.9786,1,,,0,,
skab_labelled_onset,other__10,other,0,Thermocouple,level,block_bootstrap,adjusted,570,586,6,,,,,,,1,covariate_outside,,,,,,1,1,,,
skab_labelled_onset,other__10,other,0,Thermocouple,level,block_bootstrap,raw,570,586,0,15.8063,14.3603,17.056,2.6957,0.0,1,0,,-7.9722,1.0018,0.9907,569.0,1,,,1,,
skab_labelled_onset,other__10,other,0,Thermocouple,level,ewc,adjusted,570,586,6,,,,,,,1,covariate_outside,,,,,,1,1,,,
skab_labelled_onset,other__10,other,0,Thermocouple,level,ewc,raw,570,586,0,15.8063,13.6555,17.9571,4.3016,0.0,1,0,,-7.9722,1.0018,0.9907,569.0,1,,,1,,
skab_labelled_onset,other__10,other,0,Thermocouple,level,hac,adjusted,570,586,6,,,,,,,1,covariate_outside,,,,,,1,1,,,
skab_labelled_onset,other__10,other,0,Thermocouple,level,hac,raw,570,586,0,15.8063,12.36,19.2526,6.8926,0.0,1,0,,-7.9722,1.0018,0.9907,569.0,1,,,1,,
skab_labelled_onset,other__10,other,0,Thermocouple,level,naive,adjusted,570,586,6,,,,,,,1,covariate_outside,,,,,,1,1,,,
skab_labelled_onset,other__10,other,0,Thermocouple,level,naive,raw,570,586,0,15.8063,15.3547,16.2579,0.9032,0.0,1,0,,-7.9722,1.0018,0.9907,569.0,1,,,1,,
skab_labelled_onset,other__10,other,0,Thermocouple,spread,block_bootstrap,adjusted,570,586,6,,,,,,,1,covariate_outside,,,,,,1,1,,,
skab_labelled_onset,other__10,other,0,Thermocouple,spread,block_bootstrap,raw,570,586,0,1.702,1.1768,1.9815,0.8047,0.0,1,0,,-7.9722,1.0018,0.9907,569.0,1,,,1,,
skab_labelled_onset,other__10,other,0,Thermocouple,spread,naive,adjusted,570,586,6,,,,,,,1,covariate_outside,,,,,,1,1,,,
skab_labelled_onset,other__10,other,0,Thermocouple,spread,naive,raw,570,586,0,1.702,1.6204,1.7836,0.1632,0.0,1,0,,-7.9722,1.0018,0.9907,569.0,1,,,1,,
skab_labelled_onset,other__10,other,0,Voltage,level,block_bootstrap,adjusted,570,586,6,,,,,,,1,covariate_outside,,,,,,1,1,,,
skab_labelled_onset,other__10,other,0,Voltage,level,block_bootstrap,raw,570,586,0,-0.0342,-0.1476,0.0787,0.2263,0.43,0,0,,-0.7099,0.0582,-0.0261,2.2684,0,,,0,,
skab_labelled_onset,other__10,other,0,Voltage,level,ewc,adjusted,570,586,6,,,,,,,1,covariate_outside,,,,,,1,1,,,
skab_labelled_onset,other__10,other,0,Voltage,level,ewc,raw,570,586,0,-0.0342,-0.136,0.0676,0.2036,0.5032,0,0,,-0.7099,0.0582,-0.0261,2.2684,0,,,0,,
skab_labelled_onset,other__10,other,0,Voltage,level,hac,adjusted,570,586,6,,,,,,,1,covariate_outside,,,,,,1,1,,,
skab_labelled_onset,other__10,other,0,Voltage,level,hac,raw,570,586,0,-0.0342,-0.1511,0.0827,0.2338,0.5663,0,0,,-0.7099,0.0582,-0.0261,2.2684,0,,,0,,
skab_labelled_onset,other__10,other,0,Voltage,level,naive,adjusted,570,586,6,,,,,,,1,covariate_outside,,,,,,1,1,,,
skab_labelled_onset,other__10,other,0,Voltage,level,naive,raw,570,586,0,-0.0342,-0.1497,0.0813,0.2311,0.5617,0,0,,-0.7099,0.0582,-0.0261,2.2684,0,,,0,,
skab_labelled_onset,other__10,other,0,Voltage,spread,block_bootstrap,adjusted,570,586,6,,,,,,,1,covariate_outside,,,,,,1,1,,,
skab_labelled_onset,other__10,other,0,Voltage,spread,block_bootstrap,raw,570,586,0,0.0041,-0.0706,0.0787,0.1493,0.91,0,0,,-0.7099,0.0582,-0.0261,2.2684,0,,,0,,
skab_labelled_onset,other__10,other,0,Voltage,spread,naive,adjusted,570,586,6,,,,,,,1,covariate_outside,,,,,,1,1,,,
skab_labelled_onset,other__10,other,0,Voltage,spread,naive,raw,570,586,0,0.0041,-0.0775,0.0857,0.1632,0.9221,0,0,,-0.7099,0.0582,-0.0261,2.2684,0,,,0,,
skab_labelled_onset,other__10,other,0,Volume Flow RateRMS,level,block_bootstrap,adjusted,570,586,6,,,,,,,1,covariate_outside,,,,,,1,1,,,
skab_labelled_onset,other__10,other,0,Volume Flow RateRMS,level,block_bootstrap,raw,570,586,0,6.455,5.7444,7.2845,1.5401,0.0,1,0,,-2.9482,0.4217,0.9173,9.6535,1,,,0,,
skab_labelled_onset,other__10,other,0,Volume Flow RateRMS,level,ewc,adjusted,570,586,6,,,,,,,1,covariate_outside,,,,,,1,1,,,
skab_labelled_onset,other__10,other,0,Volume Flow RateRMS,level,ewc,raw,570,586,0,6.455,5.2771,7.6329,2.3558,0.0,1,0,,-2.9482,0.4217,0.9173,9.6535,1,,,0,,
skab_labelled_onset,other__10,other,0,Volume Flow RateRMS,level,hac,adjusted,570,586,6,,,,,,,1,covariate_outside,,,,,,1,1,,,
skab_labelled_onset,other__10,other,0,Volume Flow RateRMS,level,hac,raw,570,586,0,6.455,4.8538,8.0562,3.2024,0.0,1,0,,-2.9482,0.4217,0.9173,9.6535,1,,,0,,
skab_labelled_onset,other__10,other,0,Volume Flow RateRMS,level,naive,adjusted,570,586,6,,,,,,,1,covariate_outside,,,,,,1,1,,,
skab_labelled_onset,other__10,other,0,Volume Flow RateRMS,level,naive,raw,570,586,0,6.455,6.1844,6.7256,0.5412,0.0,1,0,,-2.9482,0.4217,0.9173,9.6535,1,,,0,,
skab_labelled_onset,other__10,other,0,Volume Flow RateRMS,spread,block_bootstrap,adjusted,570,586,6,,,,,,,1,covariate_outside,,,,,,1,1,,,
skab_labelled_onset,other__10,other,0,Volume Flow RateRMS,spread,block_bootstrap,raw,570,586,0,1.1583,0.9631,1.2803,0.3172,0.0,1,0,,-2.9482,0.4217,0.9173,9.6535,1,,,0,,
skab_labelled_onset,other__10,other,0,Volume Flow RateRMS,spread,naive,adjusted,570,586,6,,,,,,,1,covariate_outside,,,,,,1,1,,,
skab_labelled_onset,other__10,other,0,Volume Flow RateRMS,spread,naive,raw,570,586,0,1.1583,1.0767,1.2399,0.1632,0.0,1,0,,-2.9482,0.4217,0.9173,9.6535,1,,,0,,
skab_labelled_onset,other__11,other,0,Accelerometer1RMS,level,block_bootstrap,adjusted,570,451,6,,,,,,,1,covariate_outside,,,,,,1,1,,,
skab_labelled_onset,other__11,other,0,Accelerometer1RMS,level,block_bootstrap,raw,570,451,0,-1.1842,-1.6668,-0.6564,1.0104,0.0,1,0,,0.5522,0.4383,0.8424,10.0228,0,,,0,,
skab_labelled_onset,other__11,other,0,Accelerometer1RMS,level,ewc,adjusted,570,451,6,,,,,,,1,covariate_outside,,,,,,1,1,,,
skab_labelled_onset,other__11,other,0,Accelerometer1RMS,level,ewc,raw,570,451,0,-1.1842,-1.867,-0.5014,1.3656,0.0014,1,0,,0.5522,0.4383,0.8424,10.0228,0,,,0,,
skab_labelled_onset,other__11,other,0,Accelerometer1RMS,level,hac,adjusted,570,451,6,,,,,,,1,covariate_outside,,,,,,1,1,,,
skab_labelled_onset,other__11,other,0,Accelerometer1RMS,level,hac,raw,570,451,0,-1.1842,-1.9065,-0.4619,1.4445,0.0013,1,0,,0.5522,0.4383,0.8424,10.0228,0,,,0,,
skab_labelled_onset,other__11,other,0,Accelerometer1RMS,level,naive,adjusted,570,451,6,,,,,,,1,covariate_outside,,,,,,1,1,,,
skab_labelled_onset,other__11,other,0,Accelerometer1RMS,level,naive,raw,570,451,0,-1.1842,-1.3655,-1.0029,0.3627,0.0,1,0,,0.5522,0.4383,0.8424,10.0228,0,,,0,,
skab_labelled_onset,other__11,other,0,Accelerometer1RMS,spread,block_bootstrap,adjusted,570,451,6,,,,,,,1,covariate_outside,,,,,,1,1,,,
skab_labelled_onset,other__11,other,0,Accelerometer1RMS,spread,block_bootstrap,raw,570,451,0,0.5607,0.117,0.9159,0.7989,0.03,1,0,,0.5522,0.4383,0.8424,10.0228,0,,,0,,
skab_labelled_onset,other__11,other,0,Accelerometer1RMS,spread,naive,adjusted,570,451,6,,,,,,,1,covariate_outside,,,,,,1,1,,,
skab_labelled_onset,other__11,other,0,Accelerometer1RMS,spread,naive,raw,570,451,0,0.5607,0.4732,0.6481,0.1749,0.0,1,0,,0.5522,0.4383,0.8424,10.0228,0,,,0,,
skab_labelled_onset,other__11,other,0,Accelerometer2RMS,level,block_bootstrap,adjusted,570,451,6,,,,,,,1,covariate_outside,,,,,,1,1,,,
skab_labelled_onset,other__11,other,0,Accelerometer2RMS,level,block_bootstrap,raw,570,451,0,3.4479,3.196,3.7085,0.5124,0.0,1,0,,4.9482,0.3058,0.5151,7.3018,1,,,0,,
skab_labelled_onset,other__11,other,0,Accelerometer2RMS,level,ewc,adjusted,570,451,6,,,,,,,1,covariate_outside,,,,,,1,1,,,
skab_labelled_onset,other__11,other,0,Accelerometer2RMS,level,ewc,raw,570,451,0,3.4479,3.09,3.8058,0.7159,0.0,1,0,,4.9482,0.3058,0.5151,7.3018,1,,,0,,
skab_labelled_onset,other__11,other,0,Accelerometer2RMS,level,hac,adjusted,570,451,6,,,,,,,1,covariate_outside,,,,,,1,1,,,
skab_labelled_onset,other__11,other,0,Accelerometer2RMS,level,hac,raw,570,451,0,3.4479,3.1855,3.7103,0.5247,0.0,1,0,,4.9482,0.3058,0.5151,7.3018,1,,,0,,
skab_labelled_onset,other__11,other,0,Accelerometer2RMS,level,naive,adjusted,570,451,6,,,,,,,1,covariate_outside,,,,,,1,1,,,
skab_labelled_onset,other__11,other,0,Accelerometer2RMS,level,naive,raw,570,451,0,3.4479,3.3183,3.5775,0.2591,0.0,1,0,,4.9482,0.3058,0.5151,7.3018,1,,,0,,
skab_labelled_onset,other__11,other,0,Accelerometer2RMS,spread,block_bootstrap,adjusted,570,451,6,,,,,,,1,covariate_outside,,,,,,1,1,,,
skab_labelled_onset,other__11,other,0,Accelerometer2RMS,spread,block_bootstrap,raw,570,451,0,0.0827,-0.1453,0.2131,0.3584,0.59,0,0,,4.9482,0.3058,0.5151,7.3018,1,,,0,,
skab_labelled_onset,other__11,other,0,Accelerometer2RMS,spread,naive,adjusted,570,451,6,,,,,,,1,covariate_outside,,,,,,1,1,,,
skab_labelled_onset,other__11,other,0,Accelerometer2RMS,spread,naive,raw,570,451,0,0.0827,-0.0047,0.1701,0.1749,0.0638,0,0,,4.9482,0.3058,0.5151,7.3018,1,,,0,,
skab_labelled_onset,other__11,other,0,Current,level,block_bootstrap,adjusted,570,451,6,,,,,,,1,covariate_outside,,,,,,1,1,,,
skab_labelled_onset,other__11,other,0,Current,level,block_bootstrap,raw,570,451,0,0.0574,-0.0969,0.2067,0.3037,0.41,0,0,,-0.6052,-0.0317,0.0725,1.5093,0,,,0,,
skab_labelled_onset,other__11,other,0,Current,level,ewc,adjusted,570,451,6,,,,,,,1,covariate_outside,,,,,,1,1,,,
skab_labelled_onset,other__11,other,0,Current,level,ewc,raw,570,451,0,0.0574,-0.1203,0.2352,0.3555,0.5165,0,0,,-0.6052,-0.0317,0.0725,1.5093,0,,,0,,
skab_labelled_onset,other__11,other,0,Current,level,hac,adjusted,570,451,6,,,,,,,1,covariate_outside,,,,,,1,1,,,
skab_labelled_onset,other__11,other,0,Current,level,hac,raw,570,451,0,0.0574,-0.0735,0.1884,0.2619,0.3902,0,0,,-0.6052,-0.0317,0.0725,1.5093,0,,,0,,
skab_labelled_onset,other__11,other,0,Current,level,naive,adjusted,570,451,6,,,,,,,1,covariate_outside,,,,,,1,1,,,
skab_labelled_onset,other__11,other,0,Current,level,naive,raw,570,451,0,0.0574,-0.0703,0.1852,0.2555,0.3784,0,0,,-0.6052,-0.0317,0.0725,1.5093,0,,,0,,
skab_labelled_onset,other__11,other,0,Current,spread,block_bootstrap,adjusted,570,451,6,,,,,,,1,covariate_outside,,,,,,1,1,,,
skab_labelled_onset,other__11,other,0,Current,spread,block_bootstrap,raw,570,451,0,0.0588,-0.065,0.169,0.234,0.33,0,0,,-0.6052,-0.0317,0.0725,1.5093,0,,,0,,
skab_labelled_onset,other__11,other,0,Current,spread,naive,adjusted,570,451,6,,,,,,,1,covariate_outside,,,,,,1,1,,,
skab_labelled_onset,other__11,other,0,Current,spread,naive,raw,570,451,0,0.0588,-0.0286,0.1462,0.1749,0.1874,0,0,,-0.6052,-0.0317,0.0725,1.5093,0,,,0,,
skab_labelled_onset,other__11,other,0,Pressure,level,block_bootstrap,adjusted,570,451,7,,,,,,,1,no_spread,,,,,,,,,,
skab_labelled_onset,other__11,other,0,Pressure,level,block_bootstrap,raw,570,451,0,,,,,,,1,no_spread,,,,,,,,,,
skab_labelled_onset,other__11,other,0,Pressure,level,ewc,adjusted,570,451,7,,,,,,,1,no_spread,,,,,,,,,,
skab_labelled_onset,other__11,other,0,Pressure,level,ewc,raw,570,451,0,,,,,,,1,no_spread,,,,,,,,,,
skab_labelled_onset,other__11,other,0,Pressure,level,hac,adjusted,570,451,7,,,,,,,1,no_spread,,,,,,,,,,
skab_labelled_onset,other__11,other,0,Pressure,level,hac,raw,570,451,0,,,,,,,1,no_spread,,,,,,,,,,
skab_labelled_onset,other__11,other,0,Pressure,level,naive,adjusted,570,451,7,,,,,,,1,no_spread,,,,,,,,,,
skab_labelled_onset,other__11,other,0,Pressure,level,naive,raw,570,451,0,,,,,,,1,no_spread,,,,,,,,,,
skab_labelled_onset,other__11,other,0,Pressure,spread,block_bootstrap,adjusted,570,451,7,,,,,,,1,no_spread,,,,,,,,,,
skab_labelled_onset,other__11,other,0,Pressure,spread,block_bootstrap,raw,570,451,0,,,,,,,1,no_spread,,,,,,,,,,
skab_labelled_onset,other__11,other,0,Pressure,spread,naive,adjusted,570,451,7,,,,,,,1,no_spread,,,,,,,,,,
skab_labelled_onset,other__11,other,0,Pressure,spread,naive,raw,570,451,0,,,,,,,1,no_spread,,,,,,,,,,
skab_labelled_onset,other__11,other,0,Temperature,level,block_bootstrap,adjusted,570,451,6,,,,,,,1,covariate_outside,,,,,,1,1,,,
skab_labelled_onset,other__11,other,0,Temperature,level,block_bootstrap,raw,570,451,0,-0.9638,-1.2772,-0.6362,0.641,0.0,1,0,,-2.6381,0.6949,0.6702,18.3493,1,,,0,,
skab_labelled_onset,other__11,other,0,Temperature,level,ewc,adjusted,570,451,6,,,,,,,1,covariate_outside,,,,,,1,1,,,
skab_labelled_onset,other__11,other,0,Temperature,level,ewc,raw,570,451,0,-0.9638,-1.4149,-0.5126,0.9024,0.0001,1,0,,-2.6381,0.6949,0.6702,18.3493,1,,,0,,
skab_labelled_onset,other__11,other,0,Temperature,level,hac,adjusted,570,451,6,,,,,,,1,covariate_outside,,,,,,1,1,,,
skab_labelled_onset,other__11,other,0,Temperature,level,hac,raw,570,451,0,-0.9638,-1.3434,-0.5841,0.7594,0.0,1,0,,-2.6381,0.6949,0.6702,18.3493,1,,,0,,
skab_labelled_onset,other__11,other,0,Temperature,level,naive,adjusted,570,451,6,,,,,,,1,covariate_outside,,,,,,1,1,,,
skab_labelled_onset,other__11,other,0,Temperature,level,naive,raw,570,451,0,-0.9638,-1.0824,-0.8452,0.2372,0.0,1,0,,-2.6381,0.6949,0.6702,18.3493,1,,,0,,
skab_labelled_onset,other__11,other,0,Temperature,spread,block_bootstrap,adjusted,570,451,6,,,,,,,1,covariate_outside,,,,,,1,1,,,
skab_labelled_onset,other__11,other,0,Temperature,spread,block_bootstrap,raw,570,451,0,-0.0752,-0.1867,0.0791,0.2658,0.41,0,0,,-2.6381,0.6949,0.6702,18.3493,1,,,0,,
skab_labelled_onset,other__11,other,0,Temperature,spread,naive,adjusted,570,451,6,,,,,,,1,covariate_outside,,,,,,1,1,,,
skab_labelled_onset,other__11,other,0,Temperature,spread,naive,raw,570,451,0,-0.0752,-0.1627,0.0122,0.1749,0.0917,0,0,,-2.6381,0.6949,0.6702,18.3493,1,,,0,,
skab_labelled_onset,other__11,other,0,Thermocouple,level,block_bootstrap,adjusted,570,451,6,,,,,,,1,covariate_outside,,,,,,1,1,,,
skab_labelled_onset,other__11,other,0,Thermocouple,level,block_bootstrap,raw,570,451,0,-3.0374,-3.3263,-2.6719,0.6545,0.0,1,0,,-30.7662,0.9994,0.9925,569.0,1,,,1,,
skab_labelled_onset,other__11,other,0,Thermocouple,level,ewc,adjusted,570,451,6,,,,,,,1,covariate_outside,,,,,,1,1,,,
skab_labelled_onset,other__11,other,0,Thermocouple,level,ewc,raw,570,451,0,-3.0374,-3.4834,-2.5914,0.8919,0.0,1,0,,-30.7662,0.9994,0.9925,569.0,1,,,1,,
skab_labelled_onset,other__11,other,0,Thermocouple,level,hac,adjusted,570,451,6,,,,,,,1,covariate_outside,,,,,,1,1,,,
skab_labelled_onset,other__11,other,0,Thermocouple,level,hac,raw,570,451,0,-3.0374,-4.0107,-2.0641,1.9466,0.0,1,0,,-30.7662,0.9994,0.9925,569.0,1,,,1,,
skab_labelled_onset,other__11,other,0,Thermocouple,level,naive,adjusted,570,451,6,,,,,,,1,covariate_outside,,,,,,1,1,,,
skab_labelled_onset,other__11,other,0,Thermocouple,level,naive,raw,570,451,0,-3.0374,-3.1328,-2.9421,0.1907,0.0,1,0,,-30.7662,0.9994,0.9925,569.0,1,,,1,,
skab_labelled_onset,other__11,other,0,Thermocouple,spread,block_bootstrap,adjusted,570,451,6,,,,,,,1,covariate_outside,,,,,,1,1,,,
skab_labelled_onset,other__11,other,0,Thermocouple,spread,block_bootstrap,raw,570,451,0,-0.6433,-0.9559,-0.4401,0.5158,0.0,1,0,,-30.7662,0.9994,0.9925,569.0,1,,,1,,
skab_labelled_onset,other__11,other,0,Thermocouple,spread,naive,adjusted,570,451,6,,,,,,,1,covariate_outside,,,,,,1,1,,,
skab_labelled_onset,other__11,other,0,Thermocouple,spread,naive,raw,570,451,0,-0.6433,-0.7307,-0.5558,0.1749,0.0,1,0,,-30.7662,0.9994,0.9925,569.0,1,,,1,,
skab_labelled_onset,other__11,other,0,Voltage,level,block_bootstrap,adjusted,570,451,6,,,,,,,1,covariate_outside,,,,,,1,1,,,
skab_labelled_onset,other__11,other,0,Voltage,level,block_bootstrap,raw,570,451,0,-0.0243,-0.1596,0.1101,0.2696,0.69,0,0,,0.0937,0.0304,-0.0115,1.4675,0,,,0,,
skab_labelled_onset,other__11,other,0,Voltage,level,ewc,adjusted,570,451,6,,,,,,,1,covariate_outside,,,,,,1,1,,,
skab_labelled_onset,other__11,other,0,Voltage,level,ewc,raw,570,451,0,-0.0243,-0.15,0.1015,0.2515,0.6999,0,0,,0.0937,0.0304,-0.0115,1.4675,0,,,0,,
skab_labelled_onset,other__11,other,0,Voltage,level,hac,adjusted,570,451,6,,,,,,,1,covariate_outside,,,,,,1,1,,,
skab_labelled_onset,other__11,other,0,Voltage,level,hac,raw,570,451,0,-0.0243,-0.148,0.0995,0.2475,0.7007,0,0,,0.0937,0.0304,-0.0115,1.4675,0,,,0,,
skab_labelled_onset,other__11,other,0,Voltage,level,naive,adjusted,570,451,6,,,,,,,1,covariate_outside,,,,,,1,1,,,
skab_labelled_onset,other__11,other,0,Voltage,level,naive,raw,570,451,0,-0.0243,-0.1476,0.0991,0.2467,0.6998,0,0,,0.0937,0.0304,-0.0115,1.4675,0,,,0,,
skab_labelled_onset,other__11,other,0,Voltage,spread,block_bootstrap,adjusted,570,451,6,,,,,,,1,covariate_outside,,,,,,1,1,,,
skab_labelled_onset,other__11,other,0,Voltage,spread,block_bootstrap,raw,570,451,0,-0.0025,-0.0784,0.0736,0.1521,0.82,0,0,,0.0937,0.0304,-0.0115,1.4675,0,,,0,,
skab_labelled_onset,other__11,other,0,Voltage,spread,naive,adjusted,570,451,6,,,,,,,1,covariate_outside,,,,,,1,1,,,
skab_labelled_onset,other__11,other,0,Voltage,spread,naive,raw,570,451,0,-0.0025,-0.09,0.0849,0.1749,0.9545,0,0,,0.0937,0.0304,-0.0115,1.4675,0,,,0,,
skab_labelled_onset,other__11,other,0,Volume Flow RateRMS,level,block_bootstrap,adjusted,570,451,6,,,,,,,1,covariate_outside,,,,,,1,1,,,
skab_labelled_onset,other__11,other,0,Volume Flow RateRMS,level,block_bootstrap,raw,570,451,0,1.0941,0.6472,1.6708,1.0236,0.0,1,0,,-1.8949,0.3426,0.818,8.0176,0,,,0,,
skab_labelled_onset,other__11,other,0,Volume Flow RateRMS,level,ewc,adjusted,570,451,6,,,,,,,1,covariate_outside,,,,,,1,1,,,
skab_labelled_onset,other__11,other,0,Volume Flow RateRMS,level,ewc,raw,570,451,0,1.0941,0.357,1.8312,1.4742,0.0052,1,0,,-1.8949,0.3426,0.818,8.0176,0,,,0,,
skab_labelled_onset,other__11,other,0,Volume Flow RateRMS,level,hac,adjusted,570,451,6,,,,,,,1,covariate_outside,,,,,,1,1,,,
skab_labelled_onset,other__11,other,0,Volume Flow RateRMS,level,hac,raw,570,451,0,1.0941,0.3767,1.8114,1.4347,0.0028,1,0,,-1.8949,0.3426,0.818,8.0176,0,,,0,,
skab_labelled_onset,other__11,other,0,Volume Flow RateRMS,level,naive,adjusted,570,451,6,,,,,,,1,covariate_outside,,,,,,1,1,,,
skab_labelled_onset,other__11,other,0,Volume Flow RateRMS,level,naive,raw,570,451,0,1.0941,0.8852,1.3029,0.4177,0.0,1,0,,-1.8949,0.3426,0.818,8.0176,0,,,0,,
skab_labelled_onset,other__11,other,0,Volume Flow RateRMS,spread,block_bootstrap,adjusted,570,451,6,,,,,,,1,covariate_outside,,,,,,1,1,,,
skab_labelled_onset,other__11,other,0,Volume Flow RateRMS,spread,block_bootstrap,raw,570,451,0,0.7327,0.4184,0.9532,0.5348,0.0,1,0,,-1.8949,0.3426,0.818,8.0176,0,,,0,,
skab_labelled_onset,other__11,other,0,Volume Flow RateRMS,spread,naive,adjusted,570,451,6,,,,,,,1,covariate_outside,,,,,,1,1,,,
skab_labelled_onset,other__11,other,0,Volume Flow RateRMS,spread,naive,raw,570,451,0,0.7327,0.6453,0.8201,0.1749,0.0,1,0,,-1.8949,0.3426,0.818,8.0176,0,,,0,,
skab_labelled_onset,other__12,other,0,Accelerometer1RMS,level,block_bootstrap,adjusted,568,309,6,,,,,,,1,covariate_outside,,,,,,1,1,,,
skab_labelled_onset,other__12,other,0,Accelerometer1RMS,level,block_bootstrap,raw,568,309,0,2.4743,1.8546,3.1535,1.2988,0.0,1,0,,-2.3131,0.675,0.7966,17.3681,1,,,0,,
skab_labelled_onset,other__12,other,0,Accelerometer1RMS,level,ewc,adjusted,568,309,6,,,,,,,1,covariate_outside,,,,,,1,1,,,
skab_labelled_onset,other__12,other,0,Accelerometer1RMS,level,ewc,raw,568,309,0,2.4743,1.599,3.3496,1.7506,0.0,1,0,,-2.3131,0.675,0.7966,17.3681,1,,,0,,
skab_labelled_onset,other__12,other,0,Accelerometer1RMS,level,hac,adjusted,568,309,6,,,,,,,1,covariate_outside,,,,,,1,1,,,
skab_labelled_onset,other__12,other,0,Accelerometer1RMS,level,hac,raw,568,309,0,2.4743,1.6486,3.2999,1.6513,0.0,1,0,,-2.3131,0.675,0.7966,17.3681,1,,,0,,
skab_labelled_onset,other__12,other,0,Accelerometer1RMS,level,naive,adjusted,568,309,6,,,,,,,1,covariate_outside,,,,,,1,1,,,
skab_labelled_onset,other__12,other,0,Accelerometer1RMS,level,naive,raw,568,309,0,2.4743,2.2416,2.707,0.4655,0.0,1,0,,-2.3131,0.675,0.7966,17.3681,1,,,0,,
skab_labelled_onset,other__12,other,0,Accelerometer1RMS,spread,block_bootstrap,adjusted,568,309,6,,,,,,,1,covariate_outside,,,,,,1,1,,,
skab_labelled_onset,other__12,other,0,Accelerometer1RMS,spread,block_bootstrap,raw,568,309,0,0.6692,0.4039,0.7655,0.3616,0.0,1,0,,-2.3131,0.675,0.7966,17.3681,1,,,0,,
skab_labelled_onset,other__12,other,0,Accelerometer1RMS,spread,naive,adjusted,568,309,6,,,,,,,1,covariate_outside,,,,,,1,1,,,
skab_labelled_onset,other__12,other,0,Accelerometer1RMS,spread,naive,raw,568,309,0,0.6692,0.5711,0.7673,0.1962,0.0,1,0,,-2.3131,0.675,0.7966,17.3681,1,,,0,,
skab_labelled_onset,other__12,other,0,Accelerometer2RMS,level,block_bootstrap,adjusted,568,309,6,,,,,,,1,covariate_outside,,,,,,1,1,,,
skab_labelled_onset,other__12,other,0,Accelerometer2RMS,level,block_bootstrap,raw,568,309,0,0.8998,0.5013,1.3111,0.8098,0.0,1,0,,-5.209,0.174,0.5344,4.7867,1,,,0,,
skab_labelled_onset,other__12,other,0,Accelerometer2RMS,level,ewc,adjusted,568,309,6,,,,,,,1,covariate_outside,,,,,,1,1,,,
skab_labelled_onset,other__12,other,0,Accelerometer2RMS,level,ewc,raw,568,309,0,0.8998,0.3434,1.4561,1.1128,0.0029,1,0,,-5.209,0.174,0.5344,4.7867,1,,,0,,
skab_labelled_onset,other__12,other,0,Accelerometer2RMS,level,hac,adjusted,568,309,6,,,,,,,1,covariate_outside,,,,,,1,1,,,
skab_labelled_onset,other__12,other,0,Accelerometer2RMS,level,hac,raw,568,309,0,0.8998,0.499,1.3005,0.8014,0.0,1,0,,-5.209,0.174,0.5344,4.7867,1,,,0,,
skab_labelled_onset,other__12,other,0,Accelerometer2RMS,level,naive,adjusted,568,309,6,,,,,,,1,covariate_outside,,,,,,1,1,,,
skab_labelled_onset,other__12,other,0,Accelerometer2RMS,level,naive,raw,568,309,0,0.8998,0.6986,1.101,0.4024,0.0,1,0,,-5.209,0.174,0.5344,4.7867,1,,,0,,
skab_labelled_onset,other__12,other,0,Accelerometer2RMS,spread,block_bootstrap,adjusted,568,309,6,,,,,,,1,covariate_outside,,,,,,1,1,,,
skab_labelled_onset,other__12,other,0,Accelerometer2RMS,spread,block_bootstrap,raw,568,309,0,0.4989,0.3259,0.589,0.2631,0.0,1,0,,-5.209,0.174,0.5344,4.7867,1,,,0,,
skab_labelled_onset,other__12,other,0,Accelerometer2RMS,spread,naive,adjusted,568,309,6,,,,,,,1,covariate_outside,,,,,,1,1,,,
skab_labelled_onset,other__12,other,0,Accelerometer2RMS,spread,naive,raw,568,309,0,0.4989,0.4008,0.597,0.1962,0.0,1,0,,-5.209,0.174,0.5344,4.7867,1,,,0,,
skab_labelled_onset,other__12,other,0,Current,level,block_bootstrap,adjusted,568,309,6,,,,,,,1,covariate_outside,,,,,,1,1,,,
skab_labelled_onset,other__12,other,0,Current,level,block_bootstrap,raw,568,309,0,-0.2309,-0.4133,-0.0759,0.3373,0.01,1,0,,-1.6828,0.0216,0.0163,1.1666,0,,,0,,
skab_labelled_onset,other__12,other,0,Current,level,ewc,adjusted,568,309,6,,,,,,,1,covariate_outside,,,,,,1,1,,,
skab_labelled_onset,other__12,other,0,Current,level,ewc,raw,568,309,0,-0.2309,-0.4091,-0.0528,0.3563,0.0124,1,0,,-1.6828,0.0216,0.0163,1.1666,0,,,0,,
skab_labelled_onset,other__12,other,0,Current,level,hac,adjusted,568,309,6,,,,,,,1,covariate_outside,,,,,,1,1,,,
skab_labelled_onset,other__12,other,0,Current,level,hac,raw,568,309,0,-0.2309,-0.382,-0.0799,0.3021,0.0027,1,0,,-1.6828,0.0216,0.0163,1.1666,0,,,0,,
skab_labelled_onset,other__12,other,0,Current,level,naive,adjusted,568,309,6,,,,,,,1,covariate_outside,,,,,,1,1,,,
skab_labelled_onset,other__12,other,0,Current,level,naive,raw,568,309,0,-0.2309,-0.3821,-0.0798,0.3023,0.0027,1,0,,-1.6828,0.0216,0.0163,1.1666,0,,,0,,
skab_labelled_onset,other__12,other,0,Current,spread,block_bootstrap,adjusted,568,309,6,,,,,,,1,covariate_outside,,,,,,1,1,,,
skab_labelled_onset,other__12,other,0,Current,spread,block_bootstrap,raw,568,309,0,0.1287,0.02,0.2335,0.2135,0.01,1,0,,-1.6828,0.0216,0.0163,1.1666,0,,,0,,
skab_labelled_onset,other__12,other,0,Current,spread,naive,adjusted,568,309,6,,,,,,,1,covariate_outside,,,,,,1,1,,,
skab_labelled_onset,other__12,other,0,Current,spread,naive,raw,568,309,0,0.1287,0.0306,0.2268,0.1962,0.0101,1,0,,-1.6828,0.0216,0.0163,1.1666,0,,,0,,
skab_labelled_onset,other__12,other,0,Pressure,level,block_bootstrap,adjusted,568,309,7,,,,,,,1,no_spread,,,,,,,,,,
skab_labelled_onset,other__12,other,0,Pressure,level,block_bootstrap,raw,568,309,0,,,,,,,1,no_spread,,,,,,,,,,
skab_labelled_onset,other__12,other,0,Pressure,level,ewc,adjusted,568,309,7,,,,,,,1,no_spread,,,,,,,,,,
skab_labelled_onset,other__12,other,0,Pressure,level,ewc,raw,568,309,0,,,,,,,1,no_spread,,,,,,,,,,
skab_labelled_onset,other__12,other,0,Pressure,level,hac,adjusted,568,309,7,,,,,,,1,no_spread,,,,,,,,,,
skab_labelled_onset,other__12,other,0,Pressure,level,hac,raw,568,309,0,,,,,,,1,no_spread,,,,,,,,,,
skab_labelled_onset,other__12,other,0,Pressure,level,naive,adjusted,568,309,7,,,,,,,1,no_spread,,,,,,,,,,
skab_labelled_onset,other__12,other,0,Pressure,level,naive,raw,568,309,0,,,,,,,1,no_spread,,,,,,,,,,
skab_labelled_onset,other__12,other,0,Pressure,spread,block_bootstrap,adjusted,568,309,7,,,,,,,1,no_spread,,,,,,,,,,
skab_labelled_onset,other__12,other,0,Pressure,spread,block_bootstrap,raw,568,309,0,,,,,,,1,no_spread,,,,,,,,,,
skab_labelled_onset,other__12,other,0,Pressure,spread,naive,adjusted,568,309,7,,,,,,,1,no_spread,,,,,,,,,,
skab_labelled_onset,other__12,other,0,Pressure,spread,naive,raw,568,309,0,,,,,,,1,no_spread,,,,,,,,,,
skab_labelled_onset,other__12,other,0,Temperature,level,block_bootstrap,adjusted,568,309,6,,,,,,,1,covariate_outside,,,,,,1,1,,,
skab_labelled_onset,other__12,other,0,Temperature,level,block_bootstrap,raw,568,309,0,1.3917,1.0416,1.8316,0.79,0.0,1,0,,3.9394,0.7441,0.7265,21.158,1,,,0,,
skab_labelled_onset,other__12,other,0,Temperature,level,ewc,adjusted,568,309,6,,,,,,,1,covariate_outside,,,,,,1,1,,,
skab_labelled_onset,other__12,other,0,Temperature,level,ewc,raw,568,309,0,1.3917,0.895,1.8884,0.9933,0.0,1,0,,3.9394,0.7441,0.7265,21.158,1,,,0,,
skab_labelled_onset,other__12,other,0,Temperature,level,hac,adjusted,568,309,6,,,,,,,1,covariate_outside,,,,,,1,1,,,
skab_labelled_onset,other__12,other,0,Temperature,level,hac,raw,568,309,0,1.3917,0.9503,1.8331,0.8827,0.0,1,0,,3.9394,0.7441,0.7265,21.158,1,,,0,,
skab_labelled_onset,other__12,other,0,Temperature,level,naive,adjusted,568,309,6,,,,,,,1,covariate_outside,,,,,,1,1,,,
skab_labelled_onset,other__12,other,0,Temperature,level,naive,raw,568,309,0,1.3917,1.26,1.5233,0.2633,0.0,1,0,,3.9394,0.7441,0.7265,21.158,1,,,0,,
skab_labelled_onset,other__12,other,0,Temperature,spread,block_bootstrap,adjusted,568,309,6,,,,,,,1,covariate_outside,,,,,,1,1,,,
skab_labelled_onset,other__12,other,0,Temperature,spread,block_bootstrap,raw,568,309,0,-0.0813,-0.2521,0.0721,0.3241,0.34,0,0,,3.9394,0.7441,0.7265,21.158,1,,,0,,
skab_labelled_onset,other__12,other,0,Temperature,spread,naive,adjusted,568,309,6,,,,,,,1,covariate_outside,,,,,,1,1,,,
skab_labelled_onset,other__12,other,0,Temperature,spread,naive,raw,568,309,0,-0.0813,-0.1794,0.0168,0.1962,0.1044,0,0,,3.9394,0.7441,0.7265,21.158,1,,,0,,
skab_labelled_onset,other__12,other,0,Thermocouple,level,block_bootstrap,adjusted,568,309,6,,,,,,,1,covariate_outside,,,,,,1,1,,,
skab_labelled_onset,other__12,other,0,Thermocouple,level,block_bootstrap,raw,568,309,0,-2.4473,-2.8458,-2.0533,0.7925,0.0,1,0,,-8.5459,0.9965,0.9934,410.5332,1,,,1,,
skab_labelled_onset,other__12,other,0,Thermocouple,level,ewc,adjusted,568,309,6,,,,,,,1,covariate_outside,,,,,,1,1,,,
skab_labelled_onset,other__12,other,0,Thermocouple,level,ewc,raw,568,309,0,-2.4473,-2.9605,-1.9342,1.0264,0.0,1,0,,-8.5459,0.9965,0.9934,410.5332,1,,,1,,
skab_labelled_onset,other__12,other,0,Thermocouple,level,hac,adjusted,568,309,6,,,,,,,1,covariate_outside,,,,,,1,1,,,
skab_labelled_onset,other__12,other,0,Thermocouple,level,hac,raw,568,309,0,-2.4473,-3.4281,-1.4666,1.9616,0.0,1,0,,-8.5459,0.9965,0.9934,410.5332,1,,,1,,
skab_labelled_onset,other__12,other,0,Thermocouple,level,naive,adjusted,568,309,6,,,,,,,1,covariate_outside,,,,,,1,1,,,
skab_labelled_onset,other__12,other,0,Thermocouple,level,naive,raw,568,309,0,-2.4473,-2.5624,-2.3323,0.2301,0.0,1,0,,-8.5459,0.9965,0.9934,410.5332,1,,,1,,
skab_labelled_onset,other__12,other,0,Thermocouple,spread,block_bootstrap,adjusted,568,309,6,,,,,,,1,covariate_outside,,,,,,1,1,,,
skab_labelled_onset,other__12,other,0,Thermocouple,spread,block_bootstrap,raw,568,309,0,-0.3267,-0.5183,-0.0722,0.4461,0.0,1,0,,-8.5459,0.9965,0.9934,410.5332,1,,,1,,
skab_labelled_onset,other__12,other,0,Thermocouple,spread,naive,adjusted,568,309,6,,,,,,,1,covariate_outside,,,,,,1,1,,,
skab_labelled_onset,other__12,other,0,Thermocouple,spread,naive,raw,568,309,0,-0.3267,-0.4248,-0.2286,0.1962,0.0,1,0,,-8.5459,0.9965,0.9934,410.5332,1,,,1,,
skab_labelled_onset,other__12,other,0,Voltage,level,block_bootstrap,adjusted,568,309,6,,,,,,,1,covariate_outside,,,,,,1,1,,,
skab_labelled_onset,other__12,other,0,Voltage,level,block_bootstrap,raw,568,309,0,-0.1377,-0.3093,0.0223,0.3316,0.09,0,0,,-0.167,0.0639,0.113,2.4116,0,,,0,,
skab_labelled_onset,other__12,other,0,Voltage,level,ewc,adjusted,568,309,6,,,,,,,1,covariate_outside,,,,,,1,1,,,
skab_labelled_onset,other__12,other,0,Voltage,level,ewc,raw,568,309,0,-0.1377,-0.2999,0.0245,0.3244,0.093,0,0,,-0.167,0.0639,0.113,2.4116,0,,,0,,
skab_labelled_onset,other__12,other,0,Voltage,level,hac,adjusted,568,309,6,,,,,,,1,covariate_outside,,,,,,1,1,,,
skab_labelled_onset,other__12,other,0,Voltage,level,hac,raw,568,309,0,-0.1377,-0.289,0.0136,0.3026,0.0745,0,0,,-0.167,0.0639,0.113,2.4116,0,,,0,,
skab_labelled_onset,other__12,other,0,Voltage,level,naive,adjusted,568,309,6,,,,,,,1,covariate_outside,,,,,,1,1,,,
skab_labelled_onset,other__12,other,0,Voltage,level,naive,raw,568,309,0,-0.1377,-0.2808,0.0054,0.2862,0.0592,0,0,,-0.167,0.0639,0.113,2.4116,0,,,0,,
skab_labelled_onset,other__12,other,0,Voltage,spread,block_bootstrap,adjusted,568,309,6,,,,,,,1,covariate_outside,,,,,,1,1,,,
skab_labelled_onset,other__12,other,0,Voltage,spread,block_bootstrap,raw,568,309,0,0.0489,-0.0779,0.1209,0.1988,0.54,0,0,,-0.167,0.0639,0.113,2.4116,0,,,0,,
skab_labelled_onset,other__12,other,0,Voltage,spread,naive,adjusted,568,309,6,,,,,,,1,covariate_outside,,,,,,1,1,,,
skab_labelled_onset,other__12,other,0,Voltage,spread,naive,raw,568,309,0,0.0489,-0.0492,0.147,0.1962,0.3283,0,0,,-0.167,0.0639,0.113,2.4116,0,,,0,,
skab_labelled_onset,other__12,other,0,Volume Flow RateRMS,level,block_bootstrap,adjusted,568,309,6,,,,,,,1,covariate_outside,,,,,,1,1,,,
skab_labelled_onset,other__12,other,0,Volume Flow RateRMS,level,block_bootstrap,raw,568,309,0,-82.8112,-101.667,-63.7311,37.9359,0.0,1,0,,-16.3231,0.8026,0.9009,25.8789,1,,,0,,
skab_labelled_onset,other__12,other,0,Volume Flow RateRMS,level,ewc,adjusted,568,309,6,,,,,,,1,covariate_outside,,,,,,1,1,,,
skab_labelled_onset,other__12,other,0,Volume Flow RateRMS,level,ewc,raw,568,309,0,-82.8112,-106.8658,-58.7567,48.1091,0.0,1,0,,-16.3231,0.8026,0.9009,25.8789,1,,,0,,
skab_labelled_onset,other__12,other,0,Volume Flow RateRMS,level,hac,adjusted,568,309,6,,,,,,,1,covariate_outside,,,,,,1,1,,,
skab_labelled_onset,other__12,other,0,Volume Flow RateRMS,level,hac,raw,568,309,0,-82.8112,-111.7176,-53.9048,57.8129,0.0,1,0,,-16.3231,0.8026,0.9009,25.8789,1,,,0,,
skab_labelled_onset,other__12,other,0,Volume Flow RateRMS,level,naive,adjusted,568,309,6,,,,,,,1,covariate_outside,,,,,,1,1,,,
skab_labelled_onset,other__12,other,0,Volume Flow RateRMS,level,naive,raw,568,309,0,-82.8112,-88.6775,-76.945,11.7325,0.0,1,0,,-16.3231,0.8026,0.9009,25.8789,1,,,0,,
skab_labelled_onset,other__12,other,0,Volume Flow RateRMS,spread,block_bootstrap,adjusted,568,309,6,,,,,,,1,covariate_outside,,,,,,1,1,,,
skab_labelled_onset,other__12,other,0,Volume Flow RateRMS,spread,block_bootstrap,raw,568,309,0,3.9629,3.6863,4.0974,0.4112,0.0,1,0,,-16.3231,0.8026,0.9009,25.8789,1,,,0,,
skab_labelled_onset,other__12,other,0,Volume Flow RateRMS,spread,naive,adjusted,568,309,6,,,,,,,1,covariate_outside,,,,,,1,1,,,
skab_labelled_onset,other__12,other,0,Volume Flow RateRMS,spread,naive,raw,568,309,0,3.9629,3.8648,4.061,0.1962,0.0,1,0,,-16.3231,0.8026,0.9009,25.8789,1,,,0,,
skab_labelled_onset,other__13,other,0,Accelerometer1RMS,level,block_bootstrap,adjusted,495,265,6,,,,,,,1,covariate_outside,,,,,,1,1,,,
skab_labelled_onset,other__13,other,0,Accelerometer1RMS,level,block_bootstrap,raw,495,265,0,-0.4125,-0.7609,-0.1282,0.6328,0.0,1,0,,-8.7492,0.8798,0.7805,35.5719,1,,,0,,
skab_labelled_onset,other__13,other,0,Accelerometer1RMS,level,ewc,adjusted,495,265,6,,,,,,,1,covariate_outside,,,,,,1,1,,,
skab_labelled_onset,other__13,other,0,Accelerometer1RMS,level,ewc,raw,495,265,0,-0.4125,-0.8799,0.0548,0.9348,0.0821,0,0,,-8.7492,0.8798,0.7805,35.5719,1,,,0,,
skab_labelled_onset,other__13,other,0,Accelerometer1RMS,level,hac,adjusted,495,265,6,,,,,,,1,covariate_outside,,,,,,1,1,,,
skab_labelled_onset,other__13,other,0,Accelerometer1RMS,level,hac,raw,495,265,0,-0.4125,-0.9364,0.1113,1.0477,0.1227,0,0,,-8.7492,0.8798,0.7805,35.5719,1,,,0,,
skab_labelled_onset,other__13,other,0,Accelerometer1RMS,level,naive,adjusted,495,265,6,,,,,,,1,covariate_outside,,,,,,1,1,,,
skab_labelled_onset,other__13,other,0,Accelerometer1RMS,level,naive,raw,495,265,0,-0.4125,-0.5356,-0.2895,0.2461,0.0,1,0,,-8.7492,0.8798,0.7805,35.5719,1,,,0,,
skab_labelled_onset,other__13,other,0,Accelerometer1RMS,spread,block_bootstrap,adjusted,495,265,6,,,,,,,1,covariate_outside,,,,,,1,1,,,
skab_labelled_onset,other__13,other,0,Accelerometer1RMS,spread,block_bootstrap,raw,495,265,0,-0.3378,-1.0933,-0.0954,0.9978,0.0,1,0,,-8.7492,0.8798,0.7805,35.5719,1,,,0,,
skab_labelled_onset,other__13,other,0,Accelerometer1RMS,spread,naive,adjusted,495,265,6,,,,,,,1,covariate_outside,,,,,,1,1,,,
skab_labelled_onset,other__13,other,0,Accelerometer1RMS,spread,naive,raw,495,265,0,-0.3378,-0.4435,-0.2322,0.2113,0.0,1,0,,-8.7492,0.8798,0.7805,35.5719,1,,,0,,
skab_labelled_onset,other__13,other,0,Accelerometer2RMS,level,block_bootstrap,adjusted,495,265,6,,,,,,,1,covariate_outside,,,,,,1,1,,,
skab_labelled_onset,other__13,other,0,Accelerometer2RMS,level,block_bootstrap,raw,495,265,0,-0.2127,-0.5175,0.0341,0.5517,0.09,0,0,,-14.7721,0.6035,0.4985,13.8825,1,,,0,,
skab_labelled_onset,other__13,other,0,Accelerometer2RMS,level,ewc,adjusted,495,265,6,,,,,,,1,covariate_outside,,,,,,1,1,,,
skab_labelled_onset,other__13,other,0,Accelerometer2RMS,level,ewc,raw,495,265,0,-0.2127,-0.5986,0.1732,0.7719,0.2722,0,0,,-14.7721,0.6035,0.4985,13.8825,1,,,0,,
skab_labelled_onset,other__13,other,0,Accelerometer2RMS,level,hac,adjusted,495,265,6,,,,,,,1,covariate_outside,,,,,,1,1,,,
skab_labelled_onset,other__13,other,0,Accelerometer2RMS,level,hac,raw,495,265,0,-0.2127,-0.5191,0.0937,0.6128,0.1737,0,0,,-14.7721,0.6035,0.4985,13.8825,1,,,0,,
skab_labelled_onset,other__13,other,0,Accelerometer2RMS,level,naive,adjusted,495,265,6,,,,,,,1,covariate_outside,,,,,,1,1,,,
skab_labelled_onset,other__13,other,0,Accelerometer2RMS,level,naive,raw,495,265,0,-0.2127,-0.3483,-0.077,0.2713,0.0021,1,0,,-14.7721,0.6035,0.4985,13.8825,1,,,0,,
skab_labelled_onset,other__13,other,0,Accelerometer2RMS,spread,block_bootstrap,adjusted,495,265,6,,,,,,,1,covariate_outside,,,,,,1,1,,,
skab_labelled_onset,other__13,other,0,Accelerometer2RMS,spread,block_bootstrap,raw,495,265,0,-0.1548,-0.407,0.0326,0.4397,0.08,0,0,,-14.7721,0.6035,0.4985,13.8825,1,,,0,,
skab_labelled_onset,other__13,other,0,Accelerometer2RMS,spread,naive,adjusted,495,265,6,,,,,,,1,covariate_outside,,,,,,1,1,,,
skab_labelled_onset,other__13,other,0,Accelerometer2RMS,spread,naive,raw,495,265,0,-0.1548,-0.2605,-0.0492,0.2113,0.0041,1,0,,-14.7721,0.6035,0.4985,13.8825,1,,,0,,
skab_labelled_onset,other__13,other,0,Current,level,block_bootstrap,adjusted,495,265,6,,,,,,,1,covariate_outside,,,,,,1,1,,,
skab_labelled_onset,other__13,other,0,Current,level,block_bootstrap,raw,495,265,0,0.1087,-0.054,0.2807,0.3347,0.14,0,0,,1.3124,0.0079,0.0477,0.5722,0,,,0,,
skab_labelled_onset,other__13,other,0,Current,level,ewc,adjusted,495,265,6,,,,,,,1,covariate_outside,,,,,,1,1,,,
skab_labelled_onset,other__13,other,0,Current,level,ewc,raw,495,265,0,0.1087,-0.084,0.3013,0.3853,0.2596,0,0,,1.3124,0.0079,0.0477,0.5722,0,,,0,,
skab_labelled_onset,other__13,other,0,Current,level,hac,adjusted,495,265,6,,,,,,,1,covariate_outside,,,,,,1,1,,,
skab_labelled_onset,other__13,other,0,Current,level,hac,raw,495,265,0,0.1087,-0.0325,0.2499,0.2824,0.1314,0,0,,1.3124,0.0079,0.0477,0.5722,0,,,0,,
skab_labelled_onset,other__13,other,0,Current,level,naive,adjusted,495,265,6,,,,,,,1,covariate_outside,,,,,,1,1,,,
skab_labelled_onset,other__13,other,0,Current,level,naive,raw,495,265,0,0.1087,-0.0314,0.2487,0.2801,0.1283,0,0,,1.3124,0.0079,0.0477,0.5722,0,,,0,,
skab_labelled_onset,other__13,other,0,Current,spread,block_bootstrap,adjusted,495,265,6,,,,,,,1,covariate_outside,,,,,,1,1,,,
skab_labelled_onset,other__13,other,0,Current,spread,block_bootstrap,raw,495,265,0,-0.1007,-0.2128,0.0266,0.2393,0.12,0,0,,1.3124,0.0079,0.0477,0.5722,0,,,0,,
skab_labelled_onset,other__13,other,0,Current,spread,naive,adjusted,495,265,6,,,,,,,1,covariate_outside,,,,,,1,1,,,
skab_labelled_onset,other__13,other,0,Current,spread,naive,raw,495,265,0,-0.1007,-0.2064,0.005,0.2113,0.0617,0,0,,1.3124,0.0079,0.0477,0.5722,0,,,0,,
skab_labelled_onset,other__13,other,0,Pressure,level,block_bootstrap,adjusted,495,265,7,,,,,,,1,no_spread,,,,,,,,,,
skab_labelled_onset,other__13,other,0,Pressure,level,block_bootstrap,raw,495,265,0,,,,,,,1,no_spread,,,,,,,,,,
skab_labelled_onset,other__13,other,0,Pressure,level,ewc,adjusted,495,265,7,,,,,,,1,no_spread,,,,,,,,,,
skab_labelled_onset,other__13,other,0,Pressure,level,ewc,raw,495,265,0,,,,,,,1,no_spread,,,,,,,,,,
skab_labelled_onset,other__13,other,0,Pressure,level,hac,adjusted,495,265,7,,,,,,,1,no_spread,,,,,,,,,,
skab_labelled_onset,other__13,other,0,Pressure,level,hac,raw,495,265,0,,,,,,,1,no_spread,,,,,,,,,,
skab_labelled_onset,other__13,other,0,Pressure,level,naive,adjusted,495,265,7,,,,,,,1,no_spread,,,,,,,,,,
skab_labelled_onset,other__13,other,0,Pressure,level,naive,raw,495,265,0,,,,,,,1,no_spread,,,,,,,,,,
skab_labelled_onset,other__13,other,0,Pressure,spread,block_bootstrap,adjusted,495,265,7,,,,,,,1,no_spread,,,,,,,,,,
skab_labelled_onset,other__13,other,0,Pressure,spread,block_bootstrap,raw,495,265,0,,,,,,,1,no_spread,,,,,,,,,,
skab_labelled_onset,other__13,other,0,Pressure,spread,naive,adjusted,495,265,7,,,,,,,1,no_spread,,,,,,,,,,
skab_labelled_onset,other__13,other,0,Pressure,spread,naive,raw,495,265,0,,,,,,,1,no_spread,,,,,,,,,,
skab_labelled_onset,other__13,other,0,Temperature,level,block_bootstrap,adjusted,495,265,6,,,,,,,1,covariate_outside,,,,,,1,1,,,
skab_labelled_onset,other__13,other,0,Temperature,level,block_bootstrap,raw,495,265,0,0.5086,0.0665,0.8524,0.7859,0.01,1,0,,2.4088,0.6811,0.6906,16.8627,1,,,0,,
skab_labelled_onset,other__13,other,0,Temperature,level,ewc,adjusted,495,265,6,,,,,,,1,covariate_outside,,,,,,1,1,,,
skab_labelled_onset,other__13,other,0,Temperature,level,ewc,raw,495,265,0,0.5086,-0.021,1.0382,1.0593,0.0593,0,0,,2.4088,0.6811,0.6906,16.8627,1,,,0,,
skab_labelled_onset,other__13,other,0,Temperature,level,hac,adjusted,495,265,6,,,,,,,1,covariate_outside,,,,,,1,1,,,
skab_labelled_onset,other__13,other,0,Temperature,level,hac,raw,495,265,0,0.5086,0.067,0.9502,0.8833,0.024,1,0,,2.4088,0.6811,0.6906,16.8627,1,,,0,,
skab_labelled_onset,other__13,other,0,Temperature,level,naive,adjusted,495,265,6,,,,,,,1,covariate_outside,,,,,,1,1,,,
skab_labelled_onset,other__13,other,0,Temperature,level,naive,raw,495,265,0,0.5086,0.3609,0.6563,0.2955,0.0,1,0,,2.4088,0.6811,0.6906,16.8627,1,,,0,,
skab_labelled_onset,other__13,other,0,Temperature,spread,block_bootstrap,adjusted,495,265,6,,,,,,,1,covariate_outside,,,,,,1,1,,,
skab_labelled_onset,other__13,other,0,Temperature,spread,block_bootstrap,raw,495,265,0,-0.0151,-0.1242,0.0859,0.2101,0.68,0,0,,2.4088,0.6811,0.6906,16.8627,1,,,0,,
skab_labelled_onset,other__13,other,0,Temperature,spread,naive,adjusted,495,265,6,,,,,,,1,covariate_outside,,,,,,1,1,,,
skab_labelled_onset,other__13,other,0,Temperature,spread,naive,raw,495,265,0,-0.0151,-0.1208,0.0905,0.2113,0.7788,0,0,,2.4088,0.6811,0.6906,16.8627,1,,,0,,
skab_labelled_onset,other__13,other,0,Thermocouple,level,block_bootstrap,adjusted,495,265,6,-1.0325,-1.2647,-0.7739,0.4908,0.0,1,0,,-4.3512,0.8364,0.8714,28.4398,1,0,1,0,0.7437,2.1478
skab_labelled_onset,other__13,other,0,Thermocouple,level,block_bootstrap,raw,495,265,0,-1.5433,-1.8555,-1.2306,0.6249,0.0,1,0,,-11.1477,0.9984,0.9848,494.0,1,,,1,,
skab_labelled_onset,other__13,other,0,Thermocouple,level,ewc,adjusted,495,265,6,-1.0325,-1.3327,-0.7323,0.6004,0.0,1,0,,-4.3512,0.8364,0.8714,28.4398,1,0,1,0,0.7437,2.1478
skab_labelled_onset,other__13,other,0,Thermocouple,level,ewc,raw,495,265,0,-1.5433,-1.9925,-1.0941,0.8984,0.0,1,0,,-11.1477,0.9984,0.9848,494.0,1,,,1,,
skab_labelled_onset,other__13,other,0,Thermocouple,level,hac,adjusted,495,265,6,-1.0325,-1.3365,-0.7285,0.608,0.0,1,0,,-4.3512,0.8364,0.8714,28.4398,1,0,1,0,0.7437,2.1478
skab_labelled_onset,other__13,other,0,Thermocouple,level,hac,raw,495,265,0,-1.5433,-2.4469,-0.6397,1.8073,0.0008,1,0,,-11.1477,0.9984,0.9848,494.0,1,,,1,,
skab_labelled_onset,other__13,other,0,Thermocouple,level,naive,adjusted,495,265,6,-1.0325,-1.1141,-0.9509,0.1633,0.0,1,0,,-4.3512,0.8364,0.8714,28.4398,1,0,1,0,0.7437,2.1478
skab_labelled_onset,other__13,other,0,Thermocouple,level,naive,raw,495,265,0,-1.5433,-1.643,-1.4436,0.1994,0.0,1,0,,-11.1477,0.9984,0.9848,494.0,1,,,1,,
skab_labelled_onset,other__13,other,0,Thermocouple,spread,block_bootstrap,adjusted,495,265,6,0.1149,-0.3005,0.3727,0.6732,0.72,0,0,,-4.3512,0.8364,0.8714,28.4398,1,0,1,0,0.7437,2.1478
skab_labelled_onset,other__13,other,0,Thermocouple,spread,block_bootstrap,raw,495,265,0,-0.948,-1.3966,-0.6931,0.7035,0.0,1,0,,-11.1477,0.9984,0.9848,494.0,1,,,1,,
skab_labelled_onset,other__13,other,0,Thermocouple,spread,naive,adjusted,495,265,6,0.1149,0.0093,0.2206,0.2113,0.033,1,0,,-4.3512,0.8364,0.8714,28.4398,1,0,1,0,0.7437,2.1478
skab_labelled_onset,other__13,other,0,Thermocouple,spread,naive,raw,495,265,0,-0.948,-1.0537,-0.8424,0.2113,0.0,1,0,,-11.1477,0.9984,0.9848,494.0,1,,,1,,
skab_labelled_onset,other__13,other,0,Voltage,level,block_bootstrap,adjusted,495,265,6,,,,,,,1,covariate_outside,,,,,,1,1,,,
skab_labelled_onset,other__13,other,0,Voltage,level,block_bootstrap,raw,495,265,0,0.0594,-0.0473,0.1765,0.2238,0.29,0,0,,0.2105,0.0553,-0.1041,2.0915,0,,,0,,
skab_labelled_onset,other__13,other,0,Voltage,level,ewc,adjusted,495,265,6,,,,,,,1,covariate_outside,,,,,,1,1,,,
skab_labelled_onset,other__13,other,0,Voltage,level,ewc,raw,495,265,0,0.0594,-0.0743,0.1932,0.2675,0.3728,0,0,,0.2105,0.0553,-0.1041,2.0915,0,,,0,,
skab_labelled_onset,other__13,other,0,Voltage,level,hac,adjusted,495,265,6,,,,,,,1,covariate_outside,,,,,,1,1,,,
skab_labelled_onset,other__13,other,0,Voltage,level,hac,raw,495,265,0,0.0594,-0.0849,0.2037,0.2886,0.4195,0,0,,0.2105,0.0553,-0.1041,2.0915,0,,,0,,
skab_labelled_onset,other__13,other,0,Voltage,level,naive,adjusted,495,265,6,,,,,,,1,covariate_outside,,,,,,1,1,,,
skab_labelled_onset,other__13,other,0,Voltage,level,naive,raw,495,265,0,0.0594,-0.0914,0.2103,0.3017,0.4399,0,0,,0.2105,0.0553,-0.1041,2.0915,0,,,0,,
skab_labelled_onset,other__13,other,0,Voltage,spread,block_bootstrap,adjusted,495,265,6,,,,,,,1,covariate_outside,,,,,,1,1,,,
skab_labelled_onset,other__13,other,0,Voltage,spread,block_bootstrap,raw,495,265,0,0.0168,-0.0738,0.122,0.1957,0.71,0,0,,0.2105,0.0553,-0.1041,2.0915,0,,,0,,
skab_labelled_onset,other__13,other,0,Voltage,spread,naive,adjusted,495,265,6,,,,,,,1,covariate_outside,,,,,,1,1,,,
skab_labelled_onset,other__13,other,0,Voltage,spread,naive,raw,495,265,0,0.0168,-0.0889,0.1224,0.2113,0.7558,0,0,,0.2105,0.0553,-0.1041,2.0915,0,,,0,,
skab_labelled_onset,other__13,other,0,Volume Flow RateRMS,level,block_bootstrap,adjusted,495,265,6,,,,,,,1,covariate_outside,,,,,,1,1,,,
skab_labelled_onset,other__13,other,0,Volume Flow RateRMS,level,block_bootstrap,raw,495,265,0,0.5018,0.2198,0.855,0.6352,0.0,1,0,,9.6302,0.9577,0.9183,73.4908,1,,,0,,
skab_labelled_onset,other__13,other,0,Volume Flow RateRMS,level,ewc,adjusted,495,265,6,,,,,,,1,covariate_outside,,,,,,1,1,,,
skab_labelled_onset,other__13,other,0,Volume Flow RateRMS,level,ewc,raw,495,265,0,0.5018,0.0275,0.9761,0.9486,0.0386,1,0,,9.6302,0.9577,0.9183,73.4908,1,,,0,,
skab_labelled_onset,other__13,other,0,Volume Flow RateRMS,level,hac,adjusted,495,265,6,,,,,,,1,covariate_outside,,,,,,1,1,,,
skab_labelled_onset,other__13,other,0,Volume Flow RateRMS,level,hac,raw,495,265,0,0.5018,-0.2247,1.2283,1.453,0.1758,0,0,,9.6302,0.9577,0.9183,73.4908,1,,,0,,
skab_labelled_onset,other__13,other,0,Volume Flow RateRMS,level,naive,adjusted,495,265,6,,,,,,,1,covariate_outside,,,,,,1,1,,,
skab_labelled_onset,other__13,other,0,Volume Flow RateRMS,level,naive,raw,495,265,0,0.5018,0.3857,0.6179,0.2322,0.0,1,0,,9.6302,0.9577,0.9183,73.4908,1,,,0,,
skab_labelled_onset,other__13,other,0,Volume Flow RateRMS,spread,block_bootstrap,adjusted,495,265,6,,,,,,,1,covariate_outside,,,,,,1,1,,,
skab_labelled_onset,other__13,other,0,Volume Flow RateRMS,spread,block_bootstrap,raw,495,265,0,-0.4653,-3.1993,-0.1866,3.0126,0.0,1,0,,9.6302,0.9577,0.9183,73.4908,1,,,0,,
skab_labelled_onset,other__13,other,0,Volume Flow RateRMS,spread,naive,adjusted,495,265,6,,,,,,,1,covariate_outside,,,,,,1,1,,,
skab_labelled_onset,other__13,other,0,Volume Flow RateRMS,spread,naive,raw,495,265,0,-0.4653,-0.5709,-0.3596,0.2113,0.0,1,0,,9.6302,0.9577,0.9183,73.4908,1,,,0,,
skab_labelled_onset,other__14,other,0,Accelerometer1RMS,level,block_bootstrap,adjusted,571,302,6,,,,,,,1,covariate_outside,,,,,,1,1,,,
skab_labelled_onset,other__14,other,0,Accelerometer1RMS,level,block_bootstrap,raw,571,302,0,-0.8741,-1.3833,-0.4599,0.9233,0.0,1,0,,8.0625,0.0807,0.6882,2.8272,1,,,0,,
skab_labelled_onset,other__14,other,0,Accelerometer1RMS,level,ewc,adjusted,571,302,6,,,,,,,1,covariate_outside,,,,,,1,1,,,
skab_labelled_onset,other__14,other,0,Accelerometer1RMS,level,ewc,raw,571,302,0,-0.8741,-1.4932,-0.255,1.2382,0.0079,1,0,,8.0625,0.0807,0.6882,2.8272,1,,,0,,
skab_labelled_onset,other__14,other,0,Accelerometer1RMS,level,hac,adjusted,571,302,6,,,,,,,1,covariate_outside,,,,,,1,1,,,
skab_labelled_onset,other__14,other,0,Accelerometer1RMS,level,hac,raw,571,302,0,-0.8741,-1.3911,-0.357,1.0341,0.0009,1,0,,8.0625,0.0807,0.6882,2.8272,1,,,0,,
skab_labelled_onset,other__14,other,0,Accelerometer1RMS,level,naive,adjusted,571,302,6,,,,,,,1,covariate_outside,,,,,,1,1,,,
skab_labelled_onset,other__14,other,0,Accelerometer1RMS,level,naive,raw,571,302,0,-0.8741,-1.0666,-0.6815,0.3851,0.0,1,0,,8.0625,0.0807,0.6882,2.8272,1,,,0,,
skab_labelled_onset,other__14,other,0,Accelerometer1RMS,spread,block_bootstrap,adjusted,571,302,6,,,,,,,1,covariate_outside,,,,,,1,1,,,
skab_labelled_onset,other__14,other,0,Accelerometer1RMS,spread,block_bootstrap,raw,571,302,0,0.4348,0.2534,0.536,0.2827,0.0,1,0,,8.0625,0.0807,0.6882,2.8272,1,,,0,,
skab_labelled_onset,other__14,other,0,Accelerometer1RMS,spread,naive,adjusted,571,302,6,,,,,,,1,covariate_outside,,,,,,1,1,,,
skab_labelled_onset,other__14,other,0,Accelerometer1RMS,spread,naive,raw,571,302,0,0.4348,0.336,0.5335,0.1975,0.0,1,0,,8.0625,0.0807,0.6882,2.8272,1,,,0,,
skab_labelled_onset,other__14,other,0,Accelerometer2RMS,level,block_bootstrap,adjusted,571,302,6,,,,,,,1,covariate_outside,,,,,,1,1,,,
skab_labelled_onset,other__14,other,0,Accelerometer2RMS,level,block_bootstrap,raw,571,302,0,1.7003,1.5507,1.9437,0.393,0.0,1,0,,5.2419,0.0896,0.2317,3.0358,1,,,0,,
skab_labelled_onset,other__14,other,0,Accelerometer2RMS,level,ewc,adjusted,571,302,6,,,,,,,1,covariate_outside,,,,,,1,1,,,
skab_labelled_onset,other__14,other,0,Accelerometer2RMS,level,ewc,raw,571,302,0,1.7003,1.4276,1.9731,0.5455,0.0,1,0,,5.2419,0.0896,0.2317,3.0358,1,,,0,,
skab_labelled_onset,other__14,other,0,Accelerometer2RMS,level,hac,adjusted,571,302,6,,,,,,,1,covariate_outside,,,,,,1,1,,,
skab_labelled_onset,other__14,other,0,Accelerometer2RMS,level,hac,raw,571,302,0,1.7003,1.537,1.8637,0.3267,0.0,1,0,,5.2419,0.0896,0.2317,3.0358,1,,,0,,
skab_labelled_onset,other__14,other,0,Accelerometer2RMS,level,naive,adjusted,571,302,6,,,,,,,1,covariate_outside,,,,,,1,1,,,
skab_labelled_onset,other__14,other,0,Accelerometer2RMS,level,naive,raw,571,302,0,1.7003,1.5666,1.8341,0.2676,0.0,1,0,,5.2419,0.0896,0.2317,3.0358,1,,,0,,
skab_labelled_onset,other__14,other,0,Accelerometer2RMS,spread,block_bootstrap,adjusted,571,302,6,,,,,,,1,covariate_outside,,,,,,1,1,,,
skab_labelled_onset,other__14,other,0,Accelerometer2RMS,spread,block_bootstrap,raw,571,302,0,-0.0649,-0.2082,0.0059,0.2141,0.07,0,0,,5.2419,0.0896,0.2317,3.0358,1,,,0,,
skab_labelled_onset,other__14,other,0,Accelerometer2RMS,spread,naive,adjusted,571,302,6,,,,,,,1,covariate_outside,,,,,,1,1,,,
skab_labelled_onset,other__14,other,0,Accelerometer2RMS,spread,naive,raw,571,302,0,-0.0649,-0.1637,0.0338,0.1975,0.1977,0,0,,5.2419,0.0896,0.2317,3.0358,1,,,0,,
skab_labelled_onset,other__14,other,0,Current,level,block_bootstrap,adjusted,571,302,6,,,,,,,1,covariate_outside,,,,,,1,1,,,
skab_labelled_onset,other__14,other,0,Current,level,block_bootstrap,raw,571,302,0,-0.0486,-0.2246,0.1148,0.3394,0.55,0,0,,0.9818,0.0567,0.1782,2.2306,0,,,0,,
skab_labelled_onset,other__14,other,0,Current,level,ewc,adjusted,571,302,6,,,,,,,1,covariate_outside,,,,,,1,1,,,
skab_labelled_onset,other__14,other,0,Current,level,ewc,raw,571,302,0,-0.0486,-0.2657,0.1685,0.4342,0.6501,0,0,,0.9818,0.0567,0.1782,2.2306,0,,,0,,
skab_labelled_onset,other__14,other,0,Current,level,hac,adjusted,571,302,6,,,,,,,1,covariate_outside,,,,,,1,1,,,
skab_labelled_onset,other__14,other,0,Current,level,hac,raw,571,302,0,-0.0486,-0.2041,0.1068,0.3109,0.5399,0,0,,0.9818,0.0567,0.1782,2.2306,0,,,0,,
skab_labelled_onset,other__14,other,0,Current,level,naive,adjusted,571,302,6,,,,,,,1,covariate_outside,,,,,,1,1,,,
skab_labelled_onset,other__14,other,0,Current,level,naive,raw,571,302,0,-0.0486,-0.1855,0.0882,0.2736,0.4861,0,0,,0.9818,0.0567,0.1782,2.2306,0,,,0,,
skab_labelled_onset,other__14,other,0,Current,spread,block_bootstrap,adjusted,571,302,6,,,,,,,1,covariate_outside,,,,,,1,1,,,
skab_labelled_onset,other__14,other,0,Current,spread,block_bootstrap,raw,571,302,0,-0.0294,-0.0903,0.0693,0.1596,0.71,0,0,,0.9818,0.0567,0.1782,2.2306,0,,,0,,
skab_labelled_onset,other__14,other,0,Current,spread,naive,adjusted,571,302,6,,,,,,,1,covariate_outside,,,,,,1,1,,,
skab_labelled_onset,other__14,other,0,Current,spread,naive,raw,571,302,0,-0.0294,-0.1282,0.0693,0.1975,0.5594,0,0,,0.9818,0.0567,0.1782,2.2306,0,,,0,,
skab_labelled_onset,other__14,other,0,Pressure,level,block_bootstrap,adjusted,571,302,7,,,,,,,1,no_spread,,,,,,,,,,
skab_labelled_onset,other__14,other,0,Pressure,level,block_bootstrap,raw,571,302,0,,,,,,,1,no_spread,,,,,,,,,,
skab_labelled_onset,other__14,other,0,Pressure,level,ewc,adjusted,571,302,7,,,,,,,1,no_spread,,,,,,,,,,
skab_labelled_onset,other__14,other,0,Pressure,level,ewc,raw,571,302,0,,,,,,,1,no_spread,,,,,,,,,,
skab_labelled_onset,other__14,other,0,Pressure,level,hac,adjusted,571,302,7,,,,,,,1,no_spread,,,,,,,,,,
skab_labelled_onset,other__14,other,0,Pressure,level,hac,raw,571,302,0,,,,,,,1,no_spread,,,,,,,,,,
skab_labelled_onset,other__14,other,0,Pressure,level,naive,adjusted,571,302,7,,,,,,,1,no_spread,,,,,,,,,,
skab_labelled_onset,other__14,other,0,Pressure,level,naive,raw,571,302,0,,,,,,,1,no_spread,,,,,,,,,,
skab_labelled_onset,other__14,other,0,Pressure,spread,block_bootstrap,adjusted,571,302,7,,,,,,,1,no_spread,,,,,,,,,,
skab_labelled_onset,other__14,other,0,Pressure,spread,block_bootstrap,raw,571,302,0,,,,,,,1,no_spread,,,,,,,,,,
skab_labelled_onset,other__14,other,0,Pressure,spread,naive,adjusted,571,302,7,,,,,,,1,no_spread,,,,,,,,,,
skab_labelled_onset,other__14,other,0,Pressure,spread,naive,raw,571,302,0,,,,,,,1,no_spread,,,,,,,,,,
skab_labelled_onset,other__14,other,0,Temperature,level,block_bootstrap,adjusted,571,302,6,,,,,,,1,covariate_outside,,,,,,1,1,,,
skab_labelled_onset,other__14,other,0,Temperature,level,block_bootstrap,raw,571,302,0,0.6824,0.3941,1.0789,0.6848,0.0,1,0,,1.8927,0.6127,0.6755,14.8817,0,,,0,,
skab_labelled_onset,other__14,other,0,Temperature,level,ewc,adjusted,571,302,6,,,,,,,1,covariate_outside,,,,,,1,1,,,
skab_labelled_onset,other__14,other,0,Temperature,level,ewc,raw,571,302,0,0.6824,0.1737,1.1911,1.0174,0.01,1,0,,1.8927,0.6127,0.6755,14.8817,0,,,0,,
skab_labelled_onset,other__14,other,0,Temperature,level,hac,adjusted,571,302,6,,,,,,,1,covariate_outside,,,,,,1,1,,,
skab_labelled_onset,other__14,other,0,Temperature,level,hac,raw,571,302,0,0.6824,0.2599,1.1048,0.8449,0.0015,1,0,,1.8927,0.6127,0.6755,14.8817,0,,,0,,
skab_labelled_onset,other__14,other,0,Temperature,level,naive,adjusted,571,302,6,,,,,,,1,covariate_outside,,,,,,1,1,,,
skab_labelled_onset,other__14,other,0,Temperature,level,naive,raw,571,302,0,0.6824,0.5392,0.8256,0.2864,0.0,1,0,,1.8927,0.6127,0.6755,14.8817,0,,,0,,
skab_labelled_onset,other__14,other,0,Temperature,spread,block_bootstrap,adjusted,571,302,6,,,,,,,1,covariate_outside,,,,,,1,1,,,
skab_labelled_onset,other__14,other,0,Temperature,spread,block_bootstrap,raw,571,302,0,0.0402,-0.0733,0.1585,0.2318,0.48,0,0,,1.8927,0.6127,0.6755,14.8817,0,,,0,,
skab_labelled_onset,other__14,other,0,Temperature,spread,naive,adjusted,571,302,6,,,,,,,1,covariate_outside,,,,,,1,1,,,
skab_labelled_onset,other__14,other,0,Temperature,spread,naive,raw,571,302,0,0.0402,-0.0586,0.1389,0.1975,0.4255,0,0,,1.8927,0.6127,0.6755,14.8817,0,,,0,,
skab_labelled_onset,other__14,other,0,Thermocouple,level,block_bootstrap,adjusted,571,302,6,,,,,,,1,covariate_outside,,,,,,1,1,,,
skab_labelled_onset,other__14,other,0,Thermocouple,level,block_bootstrap,raw,571,302,0,174.1398,159.5099,192.4411,32.9312,0.0,1,0,,-0.4696,0.9571,0.9804,76.2986,0,,,1,,
skab_labelled_onset,other__14,other,0,Thermocouple,level,ewc,adjusted,571,302,6,,,,,,,1,covariate_outside,,,,,,1,1,,,
skab_labelled_onset,other__14,other,0,Thermocouple,level,ewc,raw,571,302,0,174.1398,148.6492,199.6305,50.9813,0.0,1,0,,-0.4696,0.9571,0.9804,76.2986,0,,,1,,
skab_labelled_onset,other__14,other,0,Thermocouple,level,hac,adjusted,571,302,6,,,,,,,1,covariate_outside,,,,,,1,1,,,
skab_labelled_onset,other__14,other,0,Thermocouple,level,hac,raw,571,302,0,174.1398,139.8813,208.3984,68.5171,0.0,1,0,,-0.4696,0.9571,0.9804,76.2986,0,,,1,,
skab_labelled_onset,other__14,other,0,Thermocouple,level,naive,adjusted,571,302,6,,,,,,,1,covariate_outside,,,,,,1,1,,,
skab_labelled_onset,other__14,other,0,Thermocouple,level,naive,raw,571,302,0,174.1398,168.3188,179.9609,11.642,0.0,1,0,,-0.4696,0.9571,0.9804,76.2986,0,,,1,,
skab_labelled_onset,other__14,other,0,Thermocouple,spread,block_bootstrap,adjusted,571,302,6,,,,,,,1,covariate_outside,,,,,,1,1,,,
skab_labelled_onset,other__14,other,0,Thermocouple,spread,block_bootstrap,raw,571,302,0,3.9437,2.2861,4.2651,1.979,0.0,1,0,,-0.4696,0.9571,0.9804,76.2986,0,,,1,,
skab_labelled_onset,other__14,other,0,Thermocouple,spread,naive,adjusted,571,302,6,,,,,,,1,covariate_outside,,,,,,1,1,,,
skab_labelled_onset,other__14,other,0,Thermocouple,spread,naive,raw,571,302,0,3.9437,3.8449,4.0424,0.1975,0.0,1,0,,-0.4696,0.9571,0.9804,76.2986,0,,,1,,
skab_labelled_onset,other__14,other,0,Voltage,level,block_bootstrap,adjusted,571,302,6,,,,,,,1,covariate_outside,,,,,,1,1,,,
skab_labelled_onset,other__14,other,0,Voltage,level,block_bootstrap,raw,571,302,0,0.0515,-0.0796,0.2015,0.2811,0.43,0,0,,2.2155,-0.0637,0.0015,2.4107,1,,,0,,
skab_labelled_onset,other__14,other,0,Voltage,level,ewc,adjusted,571,302,6,,,,,,,1,covariate_outside,,,,,,1,1,,,
skab_labelled_onset,other__14,other,0,Voltage,level,ewc,raw,571,302,0,0.0515,-0.0918,0.1948,0.2866,0.4724,0,0,,2.2155,-0.0637,0.0015,2.4107,1,,,0,,
skab_labelled_onset,other__14,other,0,Voltage,level,hac,adjusted,571,302,6,,,,,,,1,covariate_outside,,,,,,1,1,,,
skab_labelled_onset,other__14,other,0,Voltage,level,hac,raw,571,302,0,0.0515,-0.0808,0.1837,0.2645,0.4456,0,0,,2.2155,-0.0637,0.0015,2.4107,1,,,0,,
skab_labelled_onset,other__14,other,0,Voltage,level,naive,adjusted,571,302,6,,,,,,,1,covariate_outside,,,,,,1,1,,,
skab_labelled_onset,other__14,other,0,Voltage,level,naive,raw,571,302,0,0.0515,-0.0822,0.1852,0.2674,0.4506,0,0,,2.2155,-0.0637,0.0015,2.4107,1,,,0,,
skab_labelled_onset,other__14,other,0,Voltage,spread,block_bootstrap,adjusted,571,302,6,,,,,,,1,covariate_outside,,,,,,1,1,,,
skab_labelled_onset,other__14,other,0,Voltage,spread,block_bootstrap,raw,571,302,0,-0.0657,-0.1464,0.0444,0.1908,0.28,0,0,,2.2155,-0.0637,0.0015,2.4107,1,,,0,,
skab_labelled_onset,other__14,other,0,Voltage,spread,naive,adjusted,571,302,6,,,,,,,1,covariate_outside,,,,,,1,1,,,
skab_labelled_onset,other__14,other,0,Voltage,spread,naive,raw,571,302,0,-0.0657,-0.1645,0.033,0.1975,0.192,0,0,,2.2155,-0.0637,0.0015,2.4107,1,,,0,,
skab_labelled_onset,other__14,other,0,Volume Flow RateRMS,level,block_bootstrap,adjusted,571,302,6,,,,,,,1,covariate_outside,,,,,,1,1,,,
skab_labelled_onset,other__14,other,0,Volume Flow RateRMS,level,block_bootstrap,raw,571,302,0,5.092,4.8523,5.3557,0.5034,0.0,1,0,,2.0545,0.6431,0.5657,16.0313,1,,,0,,
skab_labelled_onset,other__14,other,0,Volume Flow RateRMS,level,ewc,adjusted,571,302,6,,,,,,,1,covariate_outside,,,,,,1,1,,,
skab_labelled_onset,other__14,other,0,Volume Flow RateRMS,level,ewc,raw,571,302,0,5.092,4.6472,5.5368,0.8896,0.0,1,0,,2.0545,0.6431,0.5657,16.0313,1,,,0,,
skab_labelled_onset,other__14,other,0,Volume Flow RateRMS,level,hac,adjusted,571,302,6,,,,,,,1,covariate_outside,,,,,,1,1,,,
skab_labelled_onset,other__14,other,0,Volume Flow RateRMS,level,hac,raw,571,302,0,5.092,4.7532,5.4308,0.6776,0.0,1,0,,2.0545,0.6431,0.5657,16.0313,1,,,0,,
skab_labelled_onset,other__14,other,0,Volume Flow RateRMS,level,naive,adjusted,571,302,6,,,,,,,1,covariate_outside,,,,,,1,1,,,
skab_labelled_onset,other__14,other,0,Volume Flow RateRMS,level,naive,raw,571,302,0,5.092,4.9463,5.2377,0.2914,0.0,1,0,,2.0545,0.6431,0.5657,16.0313,1,,,0,,
skab_labelled_onset,other__14,other,0,Volume Flow RateRMS,spread,block_bootstrap,adjusted,571,302,6,,,,,,,1,covariate_outside,,,,,,1,1,,,
skab_labelled_onset,other__14,other,0,Volume Flow RateRMS,spread,block_bootstrap,raw,571,302,0,0.0653,-0.2538,0.1993,0.453,0.63,0,0,,2.0545,0.6431,0.5657,16.0313,1,,,0,,
skab_labelled_onset,other__14,other,0,Volume Flow RateRMS,spread,naive,adjusted,571,302,6,,,,,,,1,covariate_outside,,,,,,1,1,,,
skab_labelled_onset,other__14,other,0,Volume Flow RateRMS,spread,naive,raw,571,302,0,0.0653,-0.0334,0.1641,0.1975,0.1949,0,0,,2.0545,0.6431,0.5657,16.0313,1,,,0,,
skab_labelled_onset,other__2,other,0,Accelerometer1RMS,level,block_bootstrap,adjusted,104,384,6,,,,,,,1,covariate_outside,,,,,,1,1,,,
skab_labelled_onset,other__2,other,0,Accelerometer1RMS,level,block_bootstrap,raw,104,384,0,-1.6806,-2.233,-1.2664,0.9666,0.0,1,0,,4.3394,-0.5143,0.6623,6.7317,1,,,0,,
skab_labelled_onset,other__2,other,0,Accelerometer1RMS,level,ewc,adjusted,104,384,6,,,,,,,1,covariate_outside,,,,,,1,1,,,
skab_labelled_onset,other__2,other,0,Accelerometer1RMS,level,ewc,raw,104,384,0,-1.6806,-2.3025,-1.0588,1.2437,0.0,1,0,,4.3394,-0.5143,0.6623,6.7317,1,,,0,,
skab_labelled_onset,other__2,other,0,Accelerometer1RMS,level,hac,adjusted,104,384,6,,,,,,,1,covariate_outside,,,,,,1,1,,,
skab_labelled_onset,other__2,other,0,Accelerometer1RMS,level,hac,raw,104,384,0,-1.6806,-2.2147,-1.1466,1.0681,0.0,1,0,,4.3394,-0.5143,0.6623,6.7317,1,,,0,,
skab_labelled_onset,other__2,other,0,Accelerometer1RMS,level,naive,adjusted,104,384,6,,,,,,,1,covariate_outside,,,,,,1,1,,,
skab_labelled_onset,other__2,other,0,Accelerometer1RMS,level,naive,raw,104,384,0,-1.6806,-1.9402,-1.421,0.5192,0.0,1,0,,4.3394,-0.5143,0.6623,6.7317,1,,,0,,
skab_labelled_onset,other__2,other,0,Accelerometer1RMS,spread,block_bootstrap,adjusted,104,384,6,,,,,,,1,covariate_outside,,,,,,1,1,,,
skab_labelled_onset,other__2,other,0,Accelerometer1RMS,spread,block_bootstrap,raw,104,384,0,0.5564,0.1642,0.7972,0.633,0.01,1,0,,4.3394,-0.5143,0.6623,6.7317,1,,,0,,
skab_labelled_onset,other__2,other,0,Accelerometer1RMS,spread,naive,adjusted,104,384,6,,,,,,,1,covariate_outside,,,,,,1,1,,,
skab_labelled_onset,other__2,other,0,Accelerometer1RMS,spread,naive,raw,104,384,0,0.5564,0.4026,0.7103,0.3077,0.0,1,0,,4.3394,-0.5143,0.6623,6.7317,1,,,0,,
skab_labelled_onset,other__2,other,0,Accelerometer2RMS,level,block_bootstrap,adjusted,104,384,6,,,,,,,1,covariate_outside,,,,,,1,1,,,
skab_labelled_onset,other__2,other,0,Accelerometer2RMS,level,block_bootstrap,raw,104,384,0,-0.8955,-1.0514,-0.7467,0.3047,0.0,1,0,,-1.1429,-0.6615,-0.145,9.5215,0,,,0,,
skab_labelled_onset,other__2,other,0,Accelerometer2RMS,level,ewc,adjusted,104,384,6,,,,,,,1,covariate_outside,,,,,,1,1,,,
skab_labelled_onset,other__2,other,0,Accelerometer2RMS,level,ewc,raw,104,384,0,-0.8955,-1.0904,-0.7006,0.3898,0.0,1,0,,-1.1429,-0.6615,-0.145,9.5215,0,,,0,,
skab_labelled_onset,other__2,other,0,Accelerometer2RMS,level,hac,adjusted,104,384,6,,,,,,,1,covariate_outside,,,,,,1,1,,,
skab_labelled_onset,other__2,other,0,Accelerometer2RMS,level,hac,raw,104,384,0,-0.8955,-1.0278,-0.7632,0.2645,0.0,1,0,,-1.1429,-0.6615,-0.145,9.5215,0,,,0,,
skab_labelled_onset,other__2,other,0,Accelerometer2RMS,level,naive,adjusted,104,384,6,,,,,,,1,covariate_outside,,,,,,1,1,,,
skab_labelled_onset,other__2,other,0,Accelerometer2RMS,level,naive,raw,104,384,0,-0.8955,-1.1098,-0.6813,0.4285,0.0,1,0,,-1.1429,-0.6615,-0.145,9.5215,0,,,0,,
skab_labelled_onset,other__2,other,0,Accelerometer2RMS,spread,block_bootstrap,adjusted,104,384,6,,,,,,,1,covariate_outside,,,,,,1,1,,,
skab_labelled_onset,other__2,other,0,Accelerometer2RMS,spread,block_bootstrap,raw,104,384,0,-0.0549,-0.1581,0.0353,0.1934,0.31,0,0,,-1.1429,-0.6615,-0.145,9.5215,0,,,0,,
skab_labelled_onset,other__2,other,0,Accelerometer2RMS,spread,naive,adjusted,104,384,6,,,,,,,1,covariate_outside,,,,,,1,1,,,
skab_labelled_onset,other__2,other,0,Accelerometer2RMS,spread,naive,raw,104,384,0,-0.0549,-0.2087,0.0989,0.3077,0.4843,0,0,,-1.1429,-0.6615,-0.145,9.5215,0,,,0,,
skab_labelled_onset,other__2,other,0,Current,level,block_bootstrap,adjusted,104,384,6,,,,,,,1,covariate_outside,,,,,,1,1,,,
skab_labelled_onset,other__2,other,0,Current,level,block_bootstrap,raw,104,384,0,0.0715,-0.303,0.4063,0.7094,0.76,0,0,,1.1663,0.2179,0.1652,3.1964,0,,,0,,
skab_labelled_onset,other__2,other,0,Current,level,ewc,adjusted,104,384,6,,,,,,,1,covariate_outside,,,,,,1,1,,,
skab_labelled_onset,other__2,other,0,Current,level,ewc,raw,104,384,0,0.0715,-0.3476,0.4906,0.8382,0.7181,0,0,,1.1663,0.2179,0.1652,3.1964,0,,,0,,
skab_labelled_onset,other__2,other,0,Current,level,hac,adjusted,104,384,6,,,,,,,1,covariate_outside,,,,,,1,1,,,
skab_labelled_onset,other__2,other,0,Current,level,hac,raw,104,384,0,0.0715,-0.1823,0.3253,0.5076,0.5807,0,0,,1.1663,0.2179,0.1652,3.1964,0,,,0,,
skab_labelled_onset,other__2,other,0,Current,level,naive,adjusted,104,384,6,,,,,,,1,covariate_outside,,,,,,1,1,,,
skab_labelled_onset,other__2,other,0,Current,level,naive,raw,104,384,0,0.0715,-0.1431,0.2861,0.4292,0.5136,0,0,,1.1663,0.2179,0.1652,3.1964,0,,,0,,
skab_labelled_onset,other__2,other,0,Current,spread,block_bootstrap,adjusted,104,384,6,,,,,,,1,covariate_outside,,,,,,1,1,,,
skab_labelled_onset,other__2,other,0,Current,spread,block_bootstrap,raw,104,384,0,-0.0468,-0.1767,0.1365,0.3132,0.84,0,0,,1.1663,0.2179,0.1652,3.1964,0,,,0,,
skab_labelled_onset,other__2,other,0,Current,spread,naive,adjusted,104,384,6,,,,,,,1,covariate_outside,,,,,,1,1,,,
skab_labelled_onset,other__2,other,0,Current,spread,naive,raw,104,384,0,-0.0468,-0.2007,0.107,0.3077,0.5507,0,0,,1.1663,0.2179,0.1652,3.1964,0,,,0,,
skab_labelled_onset,other__2,other,0,Pressure,level,block_bootstrap,adjusted,104,384,7,,,,,,,1,no_spread,,,,,,,,,,
skab_labelled_onset,other__2,other,0,Pressure,level,block_bootstrap,raw,104,384,0,,,,,,,1,no_spread,,,,,,,,,,
skab_labelled_onset,other__2,other,0,Pressure,level,ewc,adjusted,104,384,7,,,,,,,1,no_spread,,,,,,,,,,
skab_labelled_onset,other__2,other,0,Pressure,level,ewc,raw,104,384,0,,,,,,,1,no_spread,,,,,,,,,,
skab_labelled_onset,other__2,other,0,Pressure,level,hac,adjusted,104,384,7,,,,,,,1,no_spread,,,,,,,,,,
skab_labelled_onset,other__2,other,0,Pressure,level,hac,raw,104,384,0,,,,,,,1,no_spread,,,,,,,,,,
skab_labelled_onset,other__2,other,0,Pressure,level,naive,adjusted,104,384,7,,,,,,,1,no_spread,,,,,,,,,,
skab_labelled_onset,other__2,other,0,Pressure,level,naive,raw,104,384,0,,,,,,,1,no_spread,,,,,,,,,,
skab_labelled_onset,other__2,other,0,Pressure,spread,block_bootstrap,adjusted,104,384,7,,,,,,,1,no_spread,,,,,,,,,,
skab_labelled_onset,other__2,other,0,Pressure,spread,block_bootstrap,raw,104,384,0,,,,,,,1,no_spread,,,,,,,,,,
skab_labelled_onset,other__2,other,0,Pressure,spread,naive,adjusted,104,384,7,,,,,,,1,no_spread,,,,,,,,,,
skab_labelled_onset,other__2,other,0,Pressure,spread,naive,raw,104,384,0,,,,,,,1,no_spread,,,,,,,,,,
skab_labelled_onset,other__2,other,0,Temperature,level,block_bootstrap,adjusted,104,384,6,,,,,,,1,covariate_outside,,,,,,1,1,,,
skab_labelled_onset,other__2,other,0,Temperature,level,block_bootstrap,raw,104,384,0,-4.3448,-5.3549,-3.676,1.6789,0.0,1,0,,-2.0529,0.8211,0.9484,15.8227,1,,,0,,
skab_labelled_onset,other__2,other,0,Temperature,level,ewc,adjusted,104,384,6,,,,,,,1,covariate_outside,,,,,,1,1,,,
skab_labelled_onset,other__2,other,0,Temperature,level,ewc,raw,104,384,0,-4.3448,-5.5262,-3.1634,2.3628,0.0,1,0,,-2.0529,0.8211,0.9484,15.8227,1,,,0,,
skab_labelled_onset,other__2,other,0,Temperature,level,hac,adjusted,104,384,6,,,,,,,1,covariate_outside,,,,,,1,1,,,
skab_labelled_onset,other__2,other,0,Temperature,level,hac,raw,104,384,0,-4.3448,-5.9729,-2.7168,3.2561,0.0,1,0,,-2.0529,0.8211,0.9484,15.8227,1,,,0,,
skab_labelled_onset,other__2,other,0,Temperature,level,naive,adjusted,104,384,6,,,,,,,1,covariate_outside,,,,,,1,1,,,
skab_labelled_onset,other__2,other,0,Temperature,level,naive,raw,104,384,0,-4.3448,-4.6419,-4.0477,0.5942,0.0,1,0,,-2.0529,0.8211,0.9484,15.8227,1,,,0,,
skab_labelled_onset,other__2,other,0,Temperature,spread,block_bootstrap,adjusted,104,384,6,,,,,,,1,covariate_outside,,,,,,1,1,,,
skab_labelled_onset,other__2,other,0,Temperature,spread,block_bootstrap,raw,104,384,0,0.8178,0.5931,1.2429,0.6498,0.0,1,0,,-2.0529,0.8211,0.9484,15.8227,1,,,0,,
skab_labelled_onset,other__2,other,0,Temperature,spread,naive,adjusted,104,384,6,,,,,,,1,covariate_outside,,,,,,1,1,,,
skab_labelled_onset,other__2,other,0,Temperature,spread,naive,raw,104,384,0,0.8178,0.6639,0.9716,0.3077,0.0,1,0,,-2.0529,0.8211,0.9484,15.8227,1,,,0,,
skab_labelled_onset,other__2,other,0,Thermocouple,level,block_bootstrap,adjusted,104,384,6,,,,,,,1,covariate_outside,,,,,,1,1,,,
skab_labelled_onset,other__2,other,0,Thermocouple,level,block_bootstrap,raw,104,384,0,4.1151,3.359,4.8122,1.4533,0.0,1,0,,-4.5943,0.3876,0.9222,5.0629,1,,,0,,
skab_labelled_onset,other__2,other,0,Thermocouple,level,ewc,adjusted,104,384,6,,,,,,,1,covariate_outside,,,,,,1,1,,,
skab_labelled_onset,other__2,other,0,Thermocouple,level,ewc,raw,104,384,0,4.1151,2.9579,5.2722,2.3143,0.0,1,0,,-4.5943,0.3876,0.9222,5.0629,1,,,0,,
skab_labelled_onset,other__2,other,0,Thermocouple,level,hac,adjusted,104,384,6,,,,,,,1,covariate_outside,,,,,,1,1,,,
skab_labelled_onset,other__2,other,0,Thermocouple,level,hac,raw,104,384,0,4.1151,2.6876,5.5426,2.855,0.0,1,0,,-4.5943,0.3876,0.9222,5.0629,1,,,0,,
skab_labelled_onset,other__2,other,0,Thermocouple,level,naive,adjusted,104,384,6,,,,,,,1,covariate_outside,,,,,,1,1,,,
skab_labelled_onset,other__2,other,0,Thermocouple,level,naive,raw,104,384,0,4.1151,3.8006,4.4296,0.6291,0.0,1,0,,-4.5943,0.3876,0.9222,5.0629,1,,,0,,
skab_labelled_onset,other__2,other,0,Thermocouple,spread,block_bootstrap,adjusted,104,384,6,,,,,,,1,covariate_outside,,,,,,1,1,,,
skab_labelled_onset,other__2,other,0,Thermocouple,spread,block_bootstrap,raw,104,384,0,0.912,0.7524,1.104,0.3516,0.0,1,0,,-4.5943,0.3876,0.9222,5.0629,1,,,0,,
skab_labelled_onset,other__2,other,0,Thermocouple,spread,naive,adjusted,104,384,6,,,,,,,1,covariate_outside,,,,,,1,1,,,
skab_labelled_onset,other__2,other,0,Thermocouple,spread,naive,raw,104,384,0,0.912,0.7582,1.0659,0.3077,0.0,1,0,,-4.5943,0.3876,0.9222,5.0629,1,,,0,,
skab_labelled_onset,other__2,other,0,Voltage,level,block_bootstrap,adjusted,104,384,6,,,,,,,1,covariate_outside,,,,,,1,1,,,
skab_labelled_onset,other__2,other,0,Voltage,level,block_bootstrap,raw,104,384,0,0.0684,-0.1583,0.3198,0.478,0.61,0,0,,1.0508,0.1405,-0.0155,2.3406,0,,,0,,
skab_labelled_onset,other__2,other,0,Voltage,level,ewc,adjusted,104,384,6,,,,,,,1,covariate_outside,,,,,,1,1,,,
skab_labelled_onset,other__2,other,0,Voltage,level,ewc,raw,104,384,0,0.0684,-0.1866,0.3234,0.51,0.5669,0,0,,1.0508,0.1405,-0.0155,2.3406,0,,,0,,
skab_labelled_onset,other__2,other,0,Voltage,level,hac,adjusted,104,384,6,,,,,,,1,covariate_outside,,,,,,1,1,,,
skab_labelled_onset,other__2,other,0,Voltage,level,hac,raw,104,384,0,0.0684,-0.1583,0.2951,0.4534,0.5544,0,0,,1.0508,0.1405,-0.0155,2.3406,0,,,0,,
skab_labelled_onset,other__2,other,0,Voltage,level,naive,adjusted,104,384,6,,,,,,,1,covariate_outside,,,,,,1,1,,,
skab_labelled_onset,other__2,other,0,Voltage,level,naive,raw,104,384,0,0.0684,-0.146,0.2828,0.4288,0.5319,0,0,,1.0508,0.1405,-0.0155,2.3406,0,,,0,,
skab_labelled_onset,other__2,other,0,Voltage,spread,block_bootstrap,adjusted,104,384,6,,,,,,,1,covariate_outside,,,,,,1,1,,,
skab_labelled_onset,other__2,other,0,Voltage,spread,block_bootstrap,raw,104,384,0,-0.0509,-0.2,0.1261,0.3261,0.59,0,0,,1.0508,0.1405,-0.0155,2.3406,0,,,0,,
skab_labelled_onset,other__2,other,0,Voltage,spread,naive,adjusted,104,384,6,,,,,,,1,covariate_outside,,,,,,1,1,,,
skab_labelled_onset,other__2,other,0,Voltage,spread,naive,raw,104,384,0,-0.0509,-0.2048,0.1029,0.3077,0.5164,0,0,,1.0508,0.1405,-0.0155,2.3406,0,,,0,,
skab_labelled_onset,other__2,other,0,Volume Flow RateRMS,level,block_bootstrap,adjusted,104,384,6,,,,,,,1,covariate_outside,,,,,,1,1,,,
skab_labelled_onset,other__2,other,0,Volume Flow RateRMS,level,block_bootstrap,raw,104,384,0,-1.909,-2.5713,-1.4519,1.1194,0.0,1,0,,1.5463,-0.1046,0.7731,1.9114,0,,,0,,
skab_labelled_onset,other__2,other,0,Volume Flow RateRMS,level,ewc,adjusted,104,384,6,,,,,,,1,covariate_outside,,,,,,1,1,,,
skab_labelled_onset,other__2,other,0,Volume Flow RateRMS,level,ewc,raw,104,384,0,-1.909,-2.6898,-1.1282,1.5616,0.0,1,0,,1.5463,-0.1046,0.7731,1.9114,0,,,0,,
skab_labelled_onset,other__2,other,0,Volume Flow RateRMS,level,hac,adjusted,104,384,6,,,,,,,1,covariate_outside,,,,,,1,1,,,
skab_labelled_onset,other__2,other,0,Volume Flow RateRMS,level,hac,raw,104,384,0,-1.909,-2.6386,-1.1794,1.4592,0.0,1,0,,1.5463,-0.1046,0.7731,1.9114,0,,,0,,
skab_labelled_onset,other__2,other,0,Volume Flow RateRMS,level,naive,adjusted,104,384,6,,,,,,,1,covariate_outside,,,,,,1,1,,,
skab_labelled_onset,other__2,other,0,Volume Flow RateRMS,level,naive,raw,104,384,0,-1.909,-2.1754,-1.6427,0.5327,0.0,1,0,,1.5463,-0.1046,0.7731,1.9114,0,,,0,,
skab_labelled_onset,other__2,other,0,Volume Flow RateRMS,spread,block_bootstrap,adjusted,104,384,6,,,,,,,1,covariate_outside,,,,,,1,1,,,
skab_labelled_onset,other__2,other,0,Volume Flow RateRMS,spread,block_bootstrap,raw,104,384,0,0.6119,0.2801,0.7722,0.4921,0.01,1,0,,1.5463,-0.1046,0.7731,1.9114,0,,,0,,
skab_labelled_onset,other__2,other,0,Volume Flow RateRMS,spread,naive,adjusted,104,384,6,,,,,,,1,covariate_outside,,,,,,1,1,,,
skab_labelled_onset,other__2,other,0,Volume Flow RateRMS,spread,naive,raw,104,384,0,0.6119,0.458,0.7657,0.3077,0.0,1,0,,1.5463,-0.1046,0.7731,1.9114,0,,,0,,
skab_labelled_onset,other__3,other,0,Accelerometer1RMS,level,block_bootstrap,adjusted,568,398,6,,,,,,,1,covariate_outside,,,,,,1,1,,,
skab_labelled_onset,other__3,other,0,Accelerometer1RMS,level,block_bootstrap,raw,568,398,0,0.1492,-0.0036,0.289,0.2926,0.06,0,0,,2.8556,-0.2806,-0.3174,6.8131,1,,,0,,
skab_labelled_onset,other__3,other,0,Accelerometer1RMS,level,ewc,adjusted,568,398,6,,,,,,,1,covariate_outside,,,,,,1,1,,,
skab_labelled_onset,other__3,other,0,Accelerometer1RMS,level,ewc,raw,568,398,0,0.1492,-0.0728,0.3711,0.4439,0.1824,0,0,,2.8556,-0.2806,-0.3174,6.8131,1,,,0,,
skab_labelled_onset,other__3,other,0,Accelerometer1RMS,level,hac,adjusted,568,398,6,,,,,,,1,covariate_outside,,,,,,1,1,,,
skab_labelled_onset,other__3,other,0,Accelerometer1RMS,level,hac,raw,568,398,0,0.1492,0.0078,0.2905,0.2827,0.0386,1,0,,2.8556,-0.2806,-0.3174,6.8131,1,,,0,,
skab_labelled_onset,other__3,other,0,Accelerometer1RMS,level,naive,adjusted,568,398,6,,,,,,,1,covariate_outside,,,,,,1,1,,,
skab_labelled_onset,other__3,other,0,Accelerometer1RMS,level,naive,raw,568,398,0,0.1492,0.0176,0.2808,0.2632,0.0263,1,0,,2.8556,-0.2806,-0.3174,6.8131,1,,,0,,
skab_labelled_onset,other__3,other,0,Accelerometer1RMS,spread,block_bootstrap,adjusted,568,398,6,,,,,,,1,covariate_outside,,,,,,1,1,,,
skab_labelled_onset,other__3,other,0,Accelerometer1RMS,spread,block_bootstrap,raw,568,398,0,0.0445,-0.046,0.1309,0.1769,0.42,0,0,,2.8556,-0.2806,-0.3174,6.8131,1,,,0,,
skab_labelled_onset,other__3,other,0,Accelerometer1RMS,spread,naive,adjusted,568,398,6,,,,,,,1,covariate_outside,,,,,,1,1,,,
skab_labelled_onset,other__3,other,0,Accelerometer1RMS,spread,naive,raw,568,398,0,0.0445,-0.0462,0.1352,0.1814,0.3365,0,0,,2.8556,-0.2806,-0.3174,6.8131,1,,,0,,
skab_labelled_onset,other__3,other,0,Accelerometer2RMS,level,block_bootstrap,adjusted,568,398,6,,,,,,,1,covariate_outside,,,,,,1,1,,,
skab_labelled_onset,other__3,other,0,Accelerometer2RMS,level,block_bootstrap,raw,568,398,0,-0.2252,-0.3795,-0.0872,0.2923,0.0,1,0,,-3.0775,-0.118,-0.4587,3.6539,1,,,0,,
skab_labelled_onset,other__3,other,0,Accelerometer2RMS,level,ewc,adjusted,568,398,6,,,,,,,1,covariate_outside,,,,,,1,1,,,
skab_labelled_onset,other__3,other,0,Accelerometer2RMS,level,ewc,raw,568,398,0,-0.2252,-0.4529,0.0025,0.4554,0.0524,0,0,,-3.0775,-0.118,-0.4587,3.6539,1,,,0,,
skab_labelled_onset,other__3,other,0,Accelerometer2RMS,level,hac,adjusted,568,398,6,,,,,,,1,covariate_outside,,,,,,1,1,,,
skab_labelled_onset,other__3,other,0,Accelerometer2RMS,level,hac,raw,568,398,0,-0.2252,-0.3448,-0.1057,0.2391,0.0002,1,0,,-3.0775,-0.118,-0.4587,3.6539,1,,,0,,
skab_labelled_onset,other__3,other,0,Accelerometer2RMS,level,naive,adjusted,568,398,6,,,,,,,1,covariate_outside,,,,,,1,1,,,
skab_labelled_onset,other__3,other,0,Accelerometer2RMS,level,naive,raw,568,398,0,-0.2252,-0.3452,-0.1053,0.2399,0.0002,1,0,,-3.0775,-0.118,-0.4587,3.6539,1,,,0,,
skab_labelled_onset,other__3,other,0,Accelerometer2RMS,spread,block_bootstrap,adjusted,568,398,6,,,,,,,1,covariate_outside,,,,,,1,1,,,
skab_labelled_onset,other__3,other,0,Accelerometer2RMS,spread,block_bootstrap,raw,568,398,0,-0.1175,-0.1943,-0.0365,0.1578,0.0,1,0,,-3.0775,-0.118,-0.4587,3.6539,1,,,0,,
skab_labelled_onset,other__3,other,0,Accelerometer2RMS,spread,naive,adjusted,568,398,6,,,,,,,1,covariate_outside,,,,,,1,1,,,
skab_labelled_onset,other__3,other,0,Accelerometer2RMS,spread,naive,raw,568,398,0,-0.1175,-0.2082,-0.0268,0.1814,0.0111,1,0,,-3.0775,-0.118,-0.4587,3.6539,1,,,0,,
skab_labelled_onset,other__3,other,0,Current,level,block_bootstrap,adjusted,568,398,6,,,,,,,1,covariate_outside,,,,,,1,1,,,
skab_labelled_onset,other__3,other,0,Current,level,block_bootstrap,raw,568,398,0,-0.0984,-0.2494,0.0629,0.3123,0.25,0,0,,0.2852,0.1284,0.0058,3.8731,0,,,0,,
skab_labelled_onset,other__3,other,0,Current,level,ewc,adjusted,568,398,6,,,,,,,1,covariate_outside,,,,,,1,1,,,
skab_labelled_onset,other__3,other,0,Current,level,ewc,raw,568,398,0,-0.0984,-0.3101,0.1134,0.4235,0.3548,0,0,,0.2852,0.1284,0.0058,3.8731,0,,,0,,
skab_labelled_onset,other__3,other,0,Current,level,hac,adjusted,568,398,6,,,,,,,1,covariate_outside,,,,,,1,1,,,
skab_labelled_onset,other__3,other,0,Current,level,hac,raw,568,398,0,-0.0984,-0.2359,0.0391,0.275,0.1609,0,0,,0.2852,0.1284,0.0058,3.8731,0,,,0,,
skab_labelled_onset,other__3,other,0,Current,level,naive,adjusted,568,398,6,,,,,,,1,covariate_outside,,,,,,1,1,,,
skab_labelled_onset,other__3,other,0,Current,level,naive,raw,568,398,0,-0.0984,-0.2252,0.0284,0.2536,0.1284,0,0,,0.2852,0.1284,0.0058,3.8731,0,,,0,,
skab_labelled_onset,other__3,other,0,Current,spread,block_bootstrap,adjusted,568,398,6,,,,,,,1,covariate_outside,,,,,,1,1,,,
skab_labelled_onset,other__3,other,0,Current,spread,block_bootstrap,raw,568,398,0,-0.0178,-0.1244,0.0787,0.2031,0.73,0,0,,0.2852,0.1284,0.0058,3.8731,0,,,0,,
skab_labelled_onset,other__3,other,0,Current,spread,naive,adjusted,568,398,6,,,,,,,1,covariate_outside,,,,,,1,1,,,
skab_labelled_onset,other__3,other,0,Current,spread,naive,raw,568,398,0,-0.0178,-0.1085,0.0729,0.1814,0.7002,0,0,,0.2852,0.1284,0.0058,3.8731,0,,,0,,
skab_labelled_onset,other__3,other,0,Pressure,level,block_bootstrap,adjusted,568,398,7,,,,,,,1,no_spread,,,,,,,,,,
skab_labelled_onset,other__3,other,0,Pressure,level,block_bootstrap,raw,568,398,0,,,,,,,1,no_spread,,,,,,,,,,
skab_labelled_onset,other__3,other,0,Pressure,level,ewc,adjusted,568,398,7,,,,,,,1,no_spread,,,,,,,,,,
skab_labelled_onset,other__3,other,0,Pressure,level,ewc,raw,568,398,0,,,,,,,1,no_spread,,,,,,,,,,
skab_labelled_onset,other__3,other,0,Pressure,level,hac,adjusted,568,398,7,,,,,,,1,no_spread,,,,,,,,,,
skab_labelled_onset,other__3,other,0,Pressure,level,hac,raw,568,398,0,,,,,,,1,no_spread,,,,,,,,,,
skab_labelled_onset,other__3,other,0,Pressure,level,naive,adjusted,568,398,7,,,,,,,1,no_spread,,,,,,,,,,
skab_labelled_onset,other__3,other,0,Pressure,level,naive,raw,568,398,0,,,,,,,1,no_spread,,,,,,,,,,
skab_labelled_onset,other__3,other,0,Pressure,spread,block_bootstrap,adjusted,568,398,7,,,,,,,1,no_spread,,,,,,,,,,
skab_labelled_onset,other__3,other,0,Pressure,spread,block_bootstrap,raw,568,398,0,,,,,,,1,no_spread,,,,,,,,,,
skab_labelled_onset,other__3,other,0,Pressure,spread,naive,adjusted,568,398,7,,,,,,,1,no_spread,,,,,,,,,,
skab_labelled_onset,other__3,other,0,Pressure,spread,naive,raw,568,398,0,,,,,,,1,no_spread,,,,,,,,,,
skab_labelled_onset,other__3,other,0,Temperature,level,block_bootstrap,adjusted,568,398,6,,,,,,,1,covariate_outside,,,,,,1,1,,,
skab_labelled_onset,other__3,other,0,Temperature,level,block_bootstrap,raw,568,398,0,-1.5795,-1.8947,-1.335,0.5597,0.0,1,0,,-1.2209,0.9549,0.8327,73.6113,0,,,0,,
skab_labelled_onset,other__3,other,0,Temperature,level,ewc,adjusted,568,398,6,,,,,,,1,covariate_outside,,,,,,1,1,,,
skab_labelled_onset,other__3,other,0,Temperature,level,ewc,raw,568,398,0,-1.5795,-2.0103,-1.1487,0.8616,0.0,1,0,,-1.2209,0.9549,0.8327,73.6113,0,,,0,,
skab_labelled_onset,other__3,other,0,Temperature,level,hac,adjusted,568,398,6,,,,,,,1,covariate_outside,,,,,,1,1,,,
skab_labelled_onset,other__3,other,0,Temperature,level,hac,raw,568,398,0,-1.5795,-2.2395,-0.9195,1.32,0.0,1,0,,-1.2209,0.9549,0.8327,73.6113,0,,,0,,
skab_labelled_onset,other__3,other,0,Temperature,level,naive,adjusted,568,398,6,,,,,,,1,covariate_outside,,,,,,1,1,,,
skab_labelled_onset,other__3,other,0,Temperature,level,naive,raw,568,398,0,-1.5795,-1.6758,-1.4832,0.1926,0.0,1,0,,-1.2209,0.9549,0.8327,73.6113,0,,,0,,
skab_labelled_onset,other__3,other,0,Temperature,spread,block_bootstrap,adjusted,568,398,6,,,,,,,1,covariate_outside,,,,,,1,1,,,
skab_labelled_onset,other__3,other,0,Temperature,spread,block_bootstrap,raw,568,398,0,-0.6735,-0.8757,-0.4851,0.3906,0.0,1,0,,-1.2209,0.9549,0.8327,73.6113,0,,,0,,
skab_labelled_onset,other__3,other,0,Temperature,spread,naive,adjusted,568,398,6,,,,,,,1,covariate_outside,,,,,,1,1,,,
skab_labelled_onset,other__3,other,0,Temperature,spread,naive,raw,568,398,0,-0.6735,-0.7642,-0.5828,0.1814,0.0,1,0,,-1.2209,0.9549,0.8327,73.6113,0,,,0,,
skab_labelled_onset,other__3,other,0,Thermocouple,level,block_bootstrap,adjusted,568,398,6,,,,,,,1,covariate_outside,,,,,,1,1,,,
skab_labelled_onset,other__3,other,0,Thermocouple,level,block_bootstrap,raw,568,398,0,-0.6537,-1.0449,-0.3214,0.7235,0.0,1,0,,-1.1067,0.9102,0.8761,45.7636,0,,,0,,
skab_labelled_onset,other__3,other,0,Thermocouple,level,ewc,adjusted,568,398,6,,,,,,,1,covariate_outside,,,,,,1,1,,,
skab_labelled_onset,other__3,other,0,Thermocouple,level,ewc,raw,568,398,0,-0.6537,-1.1372,-0.1702,0.967,0.0091,1,0,,-1.1067,0.9102,0.8761,45.7636,0,,,0,,
skab_labelled_onset,other__3,other,0,Thermocouple,level,hac,adjusted,568,398,6,,,,,,,1,covariate_outside,,,,,,1,1,,,
skab_labelled_onset,other__3,other,0,Thermocouple,level,hac,raw,568,398,0,-0.6537,-1.2556,-0.0518,1.2039,0.0333,1,0,,-1.1067,0.9102,0.8761,45.7636,0,,,0,,
skab_labelled_onset,other__3,other,0,Thermocouple,level,naive,adjusted,568,398,6,,,,,,,1,covariate_outside,,,,,,1,1,,,
skab_labelled_onset,other__3,other,0,Thermocouple,level,naive,raw,568,398,0,-0.6537,-0.7659,-0.5415,0.2244,0.0,1,0,,-1.1067,0.9102,0.8761,45.7636,0,,,0,,
skab_labelled_onset,other__3,other,0,Thermocouple,spread,block_bootstrap,adjusted,568,398,6,,,,,,,1,covariate_outside,,,,,,1,1,,,
skab_labelled_onset,other__3,other,0,Thermocouple,spread,block_bootstrap,raw,568,398,0,-0.2523,-0.4714,-0.0713,0.4002,0.01,1,0,,-1.1067,0.9102,0.8761,45.7636,0,,,0,,
skab_labelled_onset,other__3,other,0,Thermocouple,spread,naive,adjusted,568,398,6,,,,,,,1,covariate_outside,,,,,,1,1,,,
skab_labelled_onset,other__3,other,0,Thermocouple,spread,naive,raw,568,398,0,-0.2523,-0.343,-0.1616,0.1814,0.0,1,0,,-1.1067,0.9102,0.8761,45.7636,0,,,0,,
skab_labelled_onset,other__3,other,0,Voltage,level,block_bootstrap,adjusted,568,398,6,,,,,,,1,covariate_outside,,,,,,1,1,,,
skab_labelled_onset,other__3,other,0,Voltage,level,block_bootstrap,raw,568,398,0,-0.0533,-0.1757,0.0712,0.2468,0.41,0,0,,0.4411,0.0619,0.0578,2.3611,0,,,0,,
skab_labelled_onset,other__3,other,0,Voltage,level,ewc,adjusted,568,398,6,,,,,,,1,covariate_outside,,,,,,1,1,,,
skab_labelled_onset,other__3,other,0,Voltage,level,ewc,raw,568,398,0,-0.0533,-0.1825,0.0758,0.2582,0.4095,0,0,,0.4411,0.0619,0.0578,2.3611,0,,,0,,
skab_labelled_onset,other__3,other,0,Voltage,level,hac,adjusted,568,398,6,,,,,,,1,covariate_outside,,,,,,1,1,,,
skab_labelled_onset,other__3,other,0,Voltage,level,hac,raw,568,398,0,-0.0533,-0.1831,0.0764,0.2596,0.4205,0,0,,0.4411,0.0619,0.0578,2.3611,0,,,0,,
skab_labelled_onset,other__3,other,0,Voltage,level,naive,adjusted,568,398,6,,,,,,,1,covariate_outside,,,,,,1,1,,,
skab_labelled_onset,other__3,other,0,Voltage,level,naive,raw,568,398,0,-0.0533,-0.1788,0.0722,0.251,0.4048,0,0,,0.4411,0.0619,0.0578,2.3611,0,,,0,,
skab_labelled_onset,other__3,other,0,Voltage,spread,block_bootstrap,adjusted,568,398,6,,,,,,,1,covariate_outside,,,,,,1,1,,,
skab_labelled_onset,other__3,other,0,Voltage,spread,block_bootstrap,raw,568,398,0,-0.0358,-0.1183,0.0341,0.1524,0.29,0,0,,0.4411,0.0619,0.0578,2.3611,0,,,0,,
skab_labelled_onset,other__3,other,0,Voltage,spread,naive,adjusted,568,398,6,,,,,,,1,covariate_outside,,,,,,1,1,,,
skab_labelled_onset,other__3,other,0,Voltage,spread,naive,raw,568,398,0,-0.0358,-0.1265,0.0549,0.1814,0.4391,0,0,,0.4411,0.0619,0.0578,2.3611,0,,,0,,
skab_labelled_onset,other__3,other,0,Volume Flow RateRMS,level,block_bootstrap,adjusted,568,398,6,-3.4252,-3.6172,-3.2688,0.3485,0.0,1,0,,-4.2061,-0.173,0.113,4.7685,1,0,1,0,0.0277,0.9611
skab_labelled_onset,other__3,other,0,Volume Flow RateRMS,level,block_bootstrap,raw,568,398,0,-3.586,-3.7995,-3.4237,0.3758,0.0,1,0,,-5.2271,-0.1335,0.1523,3.9781,1,,,0,,
skab_labelled_onset,other__3,other,0,Volume Flow RateRMS,level,ewc,adjusted,568,398,6,-3.4252,-3.6926,-3.1577,0.535,0.0,1,0,,-4.2061,-0.173,0.113,4.7685,1,0,1,0,0.0277,0.9611
skab_labelled_onset,other__3,other,0,Volume Flow RateRMS,level,ewc,raw,568,398,0,-3.586,-3.8759,-3.2961,0.5798,0.0,1,0,,-5.2271,-0.1335,0.1523,3.9781,1,,,0,,
skab_labelled_onset,other__3,other,0,Volume Flow RateRMS,level,hac,adjusted,568,398,6,-3.4252,-3.568,-3.2824,0.2856,0.0,1,0,,-4.2061,-0.173,0.113,4.7685,1,0,1,0,0.0277,0.9611
skab_labelled_onset,other__3,other,0,Volume Flow RateRMS,level,hac,raw,568,398,0,-3.586,-3.7419,-3.43,0.3119,0.0,1,0,,-5.2271,-0.1335,0.1523,3.9781,1,,,0,,
skab_labelled_onset,other__3,other,0,Volume Flow RateRMS,level,naive,adjusted,568,398,6,-3.4252,-3.5568,-3.2935,0.2632,0.0,1,0,,-4.2061,-0.173,0.113,4.7685,1,0,1,0,0.0277,0.9611
skab_labelled_onset,other__3,other,0,Volume Flow RateRMS,level,naive,raw,568,398,0,-3.586,-3.72,-3.452,0.2679,0.0,1,0,,-5.2271,-0.1335,0.1523,3.9781,1,,,0,,
skab_labelled_onset,other__3,other,0,Volume Flow RateRMS,spread,block_bootstrap,adjusted,568,398,6,0.0679,-0.15,0.1541,0.3041,0.88,0,0,,-4.2061,-0.173,0.113,4.7685,1,0,1,0,0.0277,0.9611
skab_labelled_onset,other__3,other,0,Volume Flow RateRMS,spread,block_bootstrap,raw,568,398,0,0.0737,-0.1611,0.1699,0.331,0.96,0,0,,-5.2271,-0.1335,0.1523,3.9781,1,,,0,,
skab_labelled_onset,other__3,other,0,Volume Flow RateRMS,spread,naive,adjusted,568,398,6,0.0679,-0.0228,0.1586,0.1814,0.1425,0,0,,-4.2061,-0.173,0.113,4.7685,1,0,1,0,0.0277,0.9611
skab_labelled_onset,other__3,other,0,Volume Flow RateRMS,spread,naive,raw,568,398,0,0.0737,-0.017,0.1643,0.1814,0.1115,0,0,,-5.2271,-0.1335,0.1523,3.9781,1,,,0,,
skab_labelled_onset,other__4,other,0,Accelerometer1RMS,level,block_bootstrap,adjusted,796,395,6,,,,,,,1,covariate_outside,,,,,,1,1,,,
skab_labelled_onset,other__4,other,0,Accelerometer1RMS,level,block_bootstrap,raw,796,395,0,-0.3495,-0.4584,-0.2409,0.2176,0.0,1,0,,0.0624,-0.447,-0.4309,11.4216,0,,,0,,
skab_labelled_onset,other__4,other,0,Accelerometer1RMS,level,ewc,adjusted,796,395,6,,,,,,,1,covariate_outside,,,,,,1,1,,,
skab_labelled_onset,other__4,other,0,Accelerometer1RMS,level,ewc,raw,796,395,0,-0.3495,-0.5027,-0.1962,0.3065,0.0,1,0,,0.0624,-0.447,-0.4309,11.4216,0,,,0,,
skab_labelled_onset,other__4,other,0,Accelerometer1RMS,level,hac,adjusted,796,395,6,,,,,,,1,covariate_outside,,,,,,1,1,,,
skab_labelled_onset,other__4,other,0,Accelerometer1RMS,level,hac,raw,796,395,0,-0.3495,-0.4628,-0.2361,0.2267,0.0,1,0,,0.0624,-0.447,-0.4309,11.4216,0,,,0,,
skab_labelled_onset,other__4,other,0,Accelerometer1RMS,level,naive,adjusted,796,395,6,,,,,,,1,covariate_outside,,,,,,1,1,,,
skab_labelled_onset,other__4,other,0,Accelerometer1RMS,level,naive,raw,796,395,0,-0.3495,-0.4625,-0.2364,0.2261,0.0,1,0,,0.0624,-0.447,-0.4309,11.4216,0,,,0,,
skab_labelled_onset,other__4,other,0,Accelerometer1RMS,spread,block_bootstrap,adjusted,796,395,6,,,,,,,1,covariate_outside,,,,,,1,1,,,
skab_labelled_onset,other__4,other,0,Accelerometer1RMS,spread,block_bootstrap,raw,796,395,0,-0.1005,-0.179,-0.0223,0.1566,0.01,1,0,,0.0624,-0.447,-0.4309,11.4216,0,,,0,,
skab_labelled_onset,other__4,other,0,Accelerometer1RMS,spread,naive,adjusted,796,395,6,,,,,,,1,covariate_outside,,,,,,1,1,,,
skab_labelled_onset,other__4,other,0,Accelerometer1RMS,spread,naive,raw,796,395,0,-0.1005,-0.1859,-0.0151,0.1708,0.0211,1,0,,0.0624,-0.447,-0.4309,11.4216,0,,,0,,
skab_labelled_onset,other__4,other,0,Accelerometer2RMS,level,block_bootstrap,adjusted,796,395,6,,,,,,,1,covariate_outside,,,,,,1,1,,,
skab_labelled_onset,other__4,other,0,Accelerometer2RMS,level,block_bootstrap,raw,796,395,0,-0.2246,-0.387,-0.0956,0.2914,0.0,1,0,,0.4593,-0.227,-0.4515,6.4921,0,,,0,,
skab_labelled_onset,other__4,other,0,Accelerometer2RMS,level,ewc,adjusted,796,395,6,,,,,,,1,covariate_outside,,,,,,1,1,,,
skab_labelled_onset,other__4,other,0,Accelerometer2RMS,level,ewc,raw,796,395,0,-0.2246,-0.4305,-0.0187,0.4118,0.0332,1,0,,0.4593,-0.227,-0.4515,6.4921,0,,,0,,
skab_labelled_onset,other__4,other,0,Accelerometer2RMS,level,hac,adjusted,796,395,6,,,,,,,1,covariate_outside,,,,,,1,1,,,
skab_labelled_onset,other__4,other,0,Accelerometer2RMS,level,hac,raw,796,395,0,-0.2246,-0.3449,-0.1042,0.2407,0.0003,1,0,,0.4593,-0.227,-0.4515,6.4921,0,,,0,,
skab_labelled_onset,other__4,other,0,Accelerometer2RMS,level,naive,adjusted,796,395,6,,,,,,,1,covariate_outside,,,,,,1,1,,,
skab_labelled_onset,other__4,other,0,Accelerometer2RMS,level,naive,raw,796,395,0,-0.2246,-0.3307,-0.1185,0.2122,0.0,1,0,,0.4593,-0.227,-0.4515,6.4921,0,,,0,,
skab_labelled_onset,other__4,other,0,Accelerometer2RMS,spread,block_bootstrap,adjusted,796,395,6,,,,,,,1,covariate_outside,,,,,,1,1,,,
skab_labelled_onset,other__4,other,0,Accelerometer2RMS,spread,block_bootstrap,raw,796,395,0,-0.2066,-0.2632,-0.143,0.1202,0.0,1,0,,0.4593,-0.227,-0.4515,6.4921,0,,,0,,
skab_labelled_onset,other__4,other,0,Accelerometer2RMS,spread,naive,adjusted,796,395,6,,,,,,,1,covariate_outside,,,,,,1,1,,,
skab_labelled_onset,other__4,other,0,Accelerometer2RMS,spread,naive,raw,796,395,0,-0.2066,-0.292,-0.1212,0.1708,0.0,1,0,,0.4593,-0.227,-0.4515,6.4921,0,,,0,,
skab_labelled_onset,other__4,other,0,Current,level,block_bootstrap,adjusted,796,395,6,,,,,,,1,covariate_outside,,,,,,1,1,,,
skab_labelled_onset,other__4,other,0,Current,level,block_bootstrap,raw,796,395,0,0.0784,-0.1028,0.2772,0.38,0.3,0,0,,-0.2084,0.0831,0.2328,3.2213,0,,,0,,
skab_labelled_onset,other__4,other,0,Current,level,ewc,adjusted,796,395,6,,,,,,,1,covariate_outside,,,,,,1,1,,,
skab_labelled_onset,other__4,other,0,Current,level,ewc,raw,796,395,0,0.0784,-0.1925,0.3492,0.5416,0.5603,0,0,,-0.2084,0.0831,0.2328,3.2213,0,,,0,,
skab_labelled_onset,other__4,other,0,Current,level,hac,adjusted,796,395,6,,,,,,,1,covariate_outside,,,,,,1,1,,,
skab_labelled_onset,other__4,other,0,Current,level,hac,raw,796,395,0,0.0784,-0.0837,0.2404,0.3241,0.3434,0,0,,-0.2084,0.0831,0.2328,3.2213,0,,,0,,
skab_labelled_onset,other__4,other,0,Current,level,naive,adjusted,796,395,6,,,,,,,1,covariate_outside,,,,,,1,1,,,
skab_labelled_onset,other__4,other,0,Current,level,naive,raw,796,395,0,0.0784,-0.0455,0.2022,0.2476,0.2149,0,0,,-0.2084,0.0831,0.2328,3.2213,0,,,0,,
skab_labelled_onset,other__4,other,0,Current,spread,block_bootstrap,adjusted,796,395,6,,,,,,,1,covariate_outside,,,,,,1,1,,,
skab_labelled_onset,other__4,other,0,Current,spread,block_bootstrap,raw,796,395,0,0.0386,-0.046,0.1134,0.1594,0.34,0,0,,-0.2084,0.0831,0.2328,3.2213,0,,,0,,
skab_labelled_onset,other__4,other,0,Current,spread,naive,adjusted,796,395,6,,,,,,,1,covariate_outside,,,,,,1,1,,,
skab_labelled_onset,other__4,other,0,Current,spread,naive,raw,796,395,0,0.0386,-0.0467,0.124,0.1708,0.3751,0,0,,-0.2084,0.0831,0.2328,3.2213,0,,,0,,
skab_labelled_onset,other__4,other,0,Pressure,level,block_bootstrap,adjusted,796,395,7,,,,,,,1,no_spread,,,,,,,,,,
skab_labelled_onset,other__4,other,0,Pressure,level,block_bootstrap,raw,796,395,0,,,,,,,1,no_spread,,,,,,,,,,
skab_labelled_onset,other__4,other,0,Pressure,level,ewc,adjusted,796,395,7,,,,,,,1,no_spread,,,,,,,,,,
skab_labelled_onset,other__4,other,0,Pressure,level,ewc,raw,796,395,0,,,,,,,1,no_spread,,,,,,,,,,
skab_labelled_onset,other__4,other,0,Pressure,level,hac,adjusted,796,395,7,,,,,,,1,no_spread,,,,,,,,,,
skab_labelled_onset,other__4,other,0,Pressure,level,hac,raw,796,395,0,,,,,,,1,no_spread,,,,,,,,,,
skab_labelled_onset,other__4,other,0,Pressure,level,naive,adjusted,796,395,7,,,,,,,1,no_spread,,,,,,,,,,
skab_labelled_onset,other__4,other,0,Pressure,level,naive,raw,796,395,0,,,,,,,1,no_spread,,,,,,,,,,
skab_labelled_onset,other__4,other,0,Pressure,spread,block_bootstrap,adjusted,796,395,7,,,,,,,1,no_spread,,,,,,,,,,
skab_labelled_onset,other__4,other,0,Pressure,spread,block_bootstrap,raw,796,395,0,,,,,,,1,no_spread,,,,,,,,,,
skab_labelled_onset,other__4,other,0,Pressure,spread,naive,adjusted,796,395,7,,,,,,,1,no_spread,,,,,,,,,,
skab_labelled_onset,other__4,other,0,Pressure,spread,naive,raw,796,395,0,,,,,,,1,no_spread,,,,,,,,,,
skab_labelled_onset,other__4,other,0,Temperature,level,block_bootstrap,adjusted,796,395,6,,,,,,,1,covariate_outside,,,,,,1,1,,,
skab_labelled_onset,other__4,other,0,Temperature,level,block_bootstrap,raw,796,395,0,0.7875,0.462,1.1422,0.6802,0.0,1,0,,1.7594,0.955,0.935,82.5088,0,,,0,,
skab_labelled_onset,other__4,other,0,Temperature,level,ewc,adjusted,796,395,6,,,,,,,1,covariate_outside,,,,,,1,1,,,
skab_labelled_onset,other__4,other,0,Temperature,level,ewc,raw,796,395,0,0.7875,0.3037,1.2714,0.9677,0.0019,1,0,,1.7594,0.955,0.935,82.5088,0,,,0,,
skab_labelled_onset,other__4,other,0,Temperature,level,hac,adjusted,796,395,6,,,,,,,1,covariate_outside,,,,,,1,1,,,
skab_labelled_onset,other__4,other,0,Temperature,level,hac,raw,796,395,0,0.7875,0.0463,1.5288,1.4826,0.0373,1,0,,1.7594,0.955,0.935,82.5088,0,,,0,,
skab_labelled_onset,other__4,other,0,Temperature,level,naive,adjusted,796,395,6,,,,,,,1,covariate_outside,,,,,,1,1,,,
skab_labelled_onset,other__4,other,0,Temperature,level,naive,raw,796,395,0,0.7875,0.6805,0.8946,0.2141,0.0,1,0,,1.7594,0.955,0.935,82.5088,0,,,0,,
skab_labelled_onset,other__4,other,0,Temperature,spread,block_bootstrap,adjusted,796,395,6,,,,,,,1,covariate_outside,,,,,,1,1,,,
skab_labelled_onset,other__4,other,0,Temperature,spread,block_bootstrap,raw,796,395,0,-0.1913,-0.3518,-0.0566,0.2952,0.0,1,0,,1.7594,0.955,0.935,82.5088,0,,,0,,
skab_labelled_onset,other__4,other,0,Temperature,spread,naive,adjusted,796,395,6,,,,,,,1,covariate_outside,,,,,,1,1,,,
skab_labelled_onset,other__4,other,0,Temperature,spread,naive,raw,796,395,0,-0.1913,-0.2767,-0.1059,0.1708,0.0,1,0,,1.7594,0.955,0.935,82.5088,0,,,0,,
skab_labelled_onset,other__4,other,0,Thermocouple,level,block_bootstrap,adjusted,796,395,6,,,,,,,1,covariate_outside,,,,,,1,1,,,
skab_labelled_onset,other__4,other,0,Thermocouple,level,block_bootstrap,raw,796,395,0,-1.4974,-1.9674,-1.0386,0.9289,0.0,1,0,,-4.2598,0.9189,0.9435,55.0335,1,,,0,,
skab_labelled_onset,other__4,other,0,Thermocouple,level,ewc,adjusted,796,395,6,,,,,,,1,covariate_outside,,,,,,1,1,,,
skab_labelled_onset,other__4,other,0,Thermocouple,level,ewc,raw,796,395,0,-1.4974,-2.1536,-0.8411,1.3126,0.0,1,0,,-4.2598,0.9189,0.9435,55.0335,1,,,0,,
skab_labelled_onset,other__4,other,0,Thermocouple,level,hac,adjusted,796,395,6,,,,,,,1,covariate_outside,,,,,,1,1,,,
skab_labelled_onset,other__4,other,0,Thermocouple,level,hac,raw,796,395,0,-1.4974,-2.4128,-0.5819,1.8309,0.0013,1,0,,-4.2598,0.9189,0.9435,55.0335,1,,,0,,
skab_labelled_onset,other__4,other,0,Thermocouple,level,naive,adjusted,796,395,6,,,,,,,1,covariate_outside,,,,,,1,1,,,
skab_labelled_onset,other__4,other,0,Thermocouple,level,naive,raw,796,395,0,-1.4974,-1.6453,-1.3494,0.296,0.0,1,0,,-4.2598,0.9189,0.9435,55.0335,1,,,0,,
skab_labelled_onset,other__4,other,0,Thermocouple,spread,block_bootstrap,adjusted,796,395,6,,,,,,,1,covariate_outside,,,,,,1,1,,,
skab_labelled_onset,other__4,other,0,Thermocouple,spread,block_bootstrap,raw,796,395,0,0.2814,0.0182,0.4329,0.4146,0.04,1,0,,-4.2598,0.9189,0.9435,55.0335,1,,,0,,
skab_labelled_onset,other__4,other,0,Thermocouple,spread,naive,adjusted,796,395,6,,,,,,,1,covariate_outside,,,,,,1,1,,,
skab_labelled_onset,other__4,other,0,Thermocouple,spread,naive,raw,796,395,0,0.2814,0.196,0.3668,0.1708,0.0,1,0,,-4.2598,0.9189,0.9435,55.0335,1,,,0,,
skab_labelled_onset,other__4,other,0,Voltage,level,block_bootstrap,adjusted,796,395,6,,,,,,,1,covariate_outside,,,,,,1,1,,,
skab_labelled_onset,other__4,other,0,Voltage,level,block_bootstrap,raw,796,395,0,-0.0643,-0.1689,0.0651,0.234,0.43,0,0,,-0.5608,-0.0366,0.026,1.8574,0,,,0,,
skab_labelled_onset,other__4,other,0,Voltage,level,ewc,adjusted,796,395,6,,,,,,,1,covariate_outside,,,,,,1,1,,,
skab_labelled_onset,other__4,other,0,Voltage,level,ewc,raw,796,395,0,-0.0643,-0.1902,0.0615,0.2516,0.3087,0,0,,-0.5608,-0.0366,0.026,1.8574,0,,,0,,
skab_labelled_onset,other__4,other,0,Voltage,level,hac,adjusted,796,395,6,,,,,,,1,covariate_outside,,,,,,1,1,,,
skab_labelled_onset,other__4,other,0,Voltage,level,hac,raw,796,395,0,-0.0643,-0.1791,0.0504,0.2295,0.2718,0,0,,-0.5608,-0.0366,0.026,1.8574,0,,,0,,
skab_labelled_onset,other__4,other,0,Voltage,level,naive,adjusted,796,395,6,,,,,,,1,covariate_outside,,,,,,1,1,,,
skab_labelled_onset,other__4,other,0,Voltage,level,naive,raw,796,395,0,-0.0643,-0.1796,0.051,0.2306,0.2741,0,0,,-0.5608,-0.0366,0.026,1.8574,0,,,0,,
skab_labelled_onset,other__4,other,0,Voltage,spread,block_bootstrap,adjusted,796,395,6,,,,,,,1,covariate_outside,,,,,,1,1,,,
skab_labelled_onset,other__4,other,0,Voltage,spread,block_bootstrap,raw,796,395,0,-0.0691,-0.1401,0.0062,0.1463,0.09,0,0,,-0.5608,-0.0366,0.026,1.8574,0,,,0,,
skab_labelled_onset,other__4,other,0,Voltage,spread,naive,adjusted,796,395,6,,,,,,,1,covariate_outside,,,,,,1,1,,,
skab_labelled_onset,other__4,other,0,Voltage,spread,naive,raw,796,395,0,-0.0691,-0.1545,0.0163,0.1708,0.1125,0,0,,-0.5608,-0.0366,0.026,1.8574,0,,,0,,
skab_labelled_onset,other__4,other,0,Volume Flow RateRMS,level,block_bootstrap,adjusted,796,395,6,-3.6837,-4.2038,-3.389,0.8148,0.0,1,0,,-0.8758,0.38,0.8273,9.8035,0,0,1,0,0.3162,1.1018
skab_labelled_onset,other__4,other,0,Volume Flow RateRMS,level,block_bootstrap,raw,796,395,0,-4.1672,-4.6974,-3.9052,0.7922,0.0,1,0,,-0.8731,0.6844,0.8569,19.9292,0,,,0,,
skab_labelled_onset,other__4,other,0,Volume Flow RateRMS,level,ewc,adjusted,796,395,6,-3.6837,-4.3339,-3.0335,1.3004,0.0,1,0,,-0.8758,0.38,0.8273,9.8035,0,0,1,0,0.3162,1.1018
skab_labelled_onset,other__4,other,0,Volume Flow RateRMS,level,ewc,raw,796,395,0,-4.1672,-4.8303,-3.504,1.3263,0.0,1,0,,-0.8731,0.6844,0.8569,19.9292,0,,,0,,
skab_labelled_onset,other__4,other,0,Volume Flow RateRMS,level,hac,adjusted,796,395,6,-3.6837,-4.3126,-3.0549,1.2577,0.0,1,0,,-0.8758,0.38,0.8273,9.8035,0,0,1,0,0.3162,1.1018
skab_labelled_onset,other__4,other,0,Volume Flow RateRMS,level,hac,raw,796,395,0,-4.1672,-4.8473,-3.487,1.3602,0.0,1,0,,-0.8731,0.6844,0.8569,19.9292,0,,,0,,
skab_labelled_onset,other__4,other,0,Volume Flow RateRMS,level,naive,adjusted,796,395,6,-3.6837,-3.8415,-3.5259,0.3156,0.0,1,0,,-0.8758,0.38,0.8273,9.8035,0,0,1,0,0.3162,1.1018
skab_labelled_onset,other__4,other,0,Volume Flow RateRMS,level,naive,raw,796,395,0,-4.1672,-4.3234,-4.0109,0.3126,0.0,1,0,,-0.8731,0.6844,0.8569,19.9292,0,,,0,,
skab_labelled_onset,other__4,other,0,Volume Flow RateRMS,spread,block_bootstrap,adjusted,796,395,6,0.5889,0.1787,0.7979,0.6192,0.0,1,0,,-0.8758,0.38,0.8273,9.8035,0,0,1,0,0.3162,1.1018
skab_labelled_onset,other__4,other,0,Volume Flow RateRMS,spread,block_bootstrap,raw,796,395,0,0.3504,-0.0765,0.5386,0.6151,0.1,0,0,,-0.8731,0.6844,0.8569,19.9292,0,,,0,,
skab_labelled_onset,other__4,other,0,Volume Flow RateRMS,spread,naive,adjusted,796,395,6,0.5889,0.5035,0.6743,0.1708,0.0,1,0,,-0.8758,0.38,0.8273,9.8035,0,0,1,0,0.3162,1.1018
skab_labelled_onset,other__4,other,0,Volume Flow RateRMS,spread,naive,raw,796,395,0,0.3504,0.265,0.4358,0.1708,0.0,1,0,,-0.8731,0.6844,0.8569,19.9292,0,,,0,,
skab_labelled_onset,other__5,other,0,Accelerometer1RMS,level,block_bootstrap,adjusted,572,410,6,,,,,,,1,covariate_outside,,,,,,1,1,,,
skab_labelled_onset,other__5,other,0,Accelerometer1RMS,level,block_bootstrap,raw,572,410,0,72.7722,72.2442,73.2247,0.9805,0.0,1,0,,1.3792,0.8992,0.7566,42.3184,0,,,0,,
skab_labelled_onset,other__5,other,0,Accelerometer1RMS,level,ewc,adjusted,572,410,6,,,,,,,1,covariate_outside,,,,,,1,1,,,
skab_labelled_onset,other__5,other,0,Accelerometer1RMS,level,ewc,raw,572,410,0,72.7722,72.1045,73.4399,1.3354,0.0,1,0,,1.3792,0.8992,0.7566,42.3184,0,,,0,,
skab_labelled_onset,other__5,other,0,Accelerometer1RMS,level,hac,adjusted,572,410,6,,,,,,,1,covariate_outside,,,,,,1,1,,,
skab_labelled_onset,other__5,other,0,Accelerometer1RMS,level,hac,raw,572,410,0,72.7722,72.1142,73.4302,1.3159,0.0,1,0,,1.3792,0.8992,0.7566,42.3184,0,,,0,,
skab_labelled_onset,other__5,other,0,Accelerometer1RMS,level,naive,adjusted,572,410,6,,,,,,,1,covariate_outside,,,,,,1,1,,,
skab_labelled_onset,other__5,other,0,Accelerometer1RMS,level,naive,raw,572,410,0,72.7722,72.5942,72.9502,0.356,0.0,1,0,,1.3792,0.8992,0.7566,42.3184,0,,,0,,
skab_labelled_onset,other__5,other,0,Accelerometer1RMS,spread,block_bootstrap,adjusted,572,410,6,,,,,,,1,covariate_outside,,,,,,1,1,,,
skab_labelled_onset,other__5,other,0,Accelerometer1RMS,spread,block_bootstrap,raw,572,410,0,0.4901,-0.0171,0.9241,0.9411,0.09,0,0,,1.3792,0.8992,0.7566,42.3184,0,,,0,,
skab_labelled_onset,other__5,other,0,Accelerometer1RMS,spread,naive,adjusted,572,410,6,,,,,,,1,covariate_outside,,,,,,1,1,,,
skab_labelled_onset,other__5,other,0,Accelerometer1RMS,spread,naive,raw,572,410,0,0.4901,0.4003,0.5799,0.1796,0.0,1,0,,1.3792,0.8992,0.7566,42.3184,0,,,0,,
skab_labelled_onset,other__5,other,0,Accelerometer2RMS,level,block_bootstrap,adjusted,572,410,6,,,,,,,1,covariate_outside,,,,,,1,1,,,
skab_labelled_onset,other__5,other,0,Accelerometer2RMS,level,block_bootstrap,raw,572,410,0,125.5764,124.1653,127.1015,2.9362,0.0,1,0,,3.6693,0.841,0.8067,30.4842,1,,,0,,
skab_labelled_onset,other__5,other,0,Accelerometer2RMS,level,ewc,adjusted,572,410,6,,,,,,,1,covariate_outside,,,,,,1,1,,,
skab_labelled_onset,other__5,other,0,Accelerometer2RMS,level,ewc,raw,572,410,0,125.5764,123.506,127.6469,4.1409,0.0,1,0,,3.6693,0.841,0.8067,30.4842,1,,,0,,
skab_labelled_onset,other__5,other,0,Accelerometer2RMS,level,hac,adjusted,572,410,6,,,,,,,1,covariate_outside,,,,,,1,1,,,
skab_labelled_onset,other__5,other,0,Accelerometer2RMS,level,hac,raw,572,410,0,125.5764,123.4122,127.7406,4.3284,0.0,1,0,,3.6693,0.841,0.8067,30.4842,1,,,0,,
skab_labelled_onset,other__5,other,0,Accelerometer2RMS,level,naive,adjusted,572,410,6,,,,,,,1,covariate_outside,,,,,,1,1,,,
skab_labelled_onset,other__5,other,0,Accelerometer2RMS,level,naive,raw,572,410,0,125.5764,125.084,126.0689,0.9849,0.0,1,0,,3.6693,0.841,0.8067,30.4842,1,,,0,,
skab_labelled_onset,other__5,other,0,Accelerometer2RMS,spread,block_bootstrap,adjusted,572,410,6,,,,,,,1,covariate_outside,,,,,,1,1,,,
skab_labelled_onset,other__5,other,0,Accelerometer2RMS,spread,block_bootstrap,raw,572,410,0,1.6127,1.2814,2.0449,0.7636,0.0,1,0,,3.6693,0.841,0.8067,30.4842,1,,,0,,
skab_labelled_onset,other__5,other,0,Accelerometer2RMS,spread,naive,adjusted,572,410,6,,,,,,,1,covariate_outside,,,,,,1,1,,,
skab_labelled_onset,other__5,other,0,Accelerometer2RMS,spread,naive,raw,572,410,0,1.6127,1.523,1.7025,0.1796,0.0,1,0,,3.6693,0.841,0.8067,30.4842,1,,,0,,
skab_labelled_onset,other__5,other,0,Current,level,block_bootstrap,adjusted,572,410,6,,,,,,,1,covariate_outside,,,,,,1,1,,,
skab_labelled_onset,other__5,other,0,Current,level,block_bootstrap,raw,572,410,0,-0.0078,-0.1492,0.1585,0.3077,0.87,0,0,,0.1555,0.0238,0.0871,1.2484,0,,,0,,
skab_labelled_onset,other__5,other,0,Current,level,ewc,adjusted,572,410,6,,,,,,,1,covariate_outside,,,,,,1,1,,,
skab_labelled_onset,other__5,other,0,Current,level,ewc,raw,572,410,0,-0.0078,-0.1978,0.1821,0.3799,0.9337,0,0,,0.1555,0.0238,0.0871,1.2484,0,,,0,,
skab_labelled_onset,other__5,other,0,Current,level,hac,adjusted,572,410,6,,,,,,,1,covariate_outside,,,,,,1,1,,,
skab_labelled_onset,other__5,other,0,Current,level,hac,raw,572,410,0,-0.0078,-0.1392,0.1235,0.2628,0.9068,0,0,,0.1555,0.0238,0.0871,1.2484,0,,,0,,
skab_labelled_onset,other__5,other,0,Current,level,naive,adjusted,572,410,6,,,,,,,1,covariate_outside,,,,,,1,1,,,
skab_labelled_onset,other__5,other,0,Current,level,naive,raw,572,410,0,-0.0078,-0.134,0.1183,0.2523,0.903,0,0,,0.1555,0.0238,0.0871,1.2484,0,,,0,,
skab_labelled_onset,other__5,other,0,Current,spread,block_bootstrap,adjusted,572,410,6,,,,,,,1,covariate_outside,,,,,,1,1,,,
skab_labelled_onset,other__5,other,0,Current,spread,block_bootstrap,raw,572,410,0,-0.0094,-0.1444,0.1041,0.2486,0.83,0,0,,0.1555,0.0238,0.0871,1.2484,0,,,0,,
skab_labelled_onset,other__5,other,0,Current,spread,naive,adjusted,572,410,6,,,,,,,1,covariate_outside,,,,,,1,1,,,
skab_labelled_onset,other__5,other,0,Current,spread,naive,raw,572,410,0,-0.0094,-0.0992,0.0804,0.1796,0.8377,0,0,,0.1555,0.0238,0.0871,1.2484,0,,,0,,
skab_labelled_onset,other__5,other,0,Pressure,level,block_bootstrap,adjusted,572,410,7,,,,,,,1,no_spread,,,,,,,,,,
skab_labelled_onset,other__5,other,0,Pressure,level,block_bootstrap,raw,572,410,0,,,,,,,1,no_spread,,,,,,,,,,
skab_labelled_onset,other__5,other,0,Pressure,level,ewc,adjusted,572,410,7,,,,,,,1,no_spread,,,,,,,,,,
skab_labelled_onset,other__5,other,0,Pressure,level,ewc,raw,572,410,0,,,,,,,1,no_spread,,,,,,,,,,
skab_labelled_onset,other__5,other,0,Pressure,level,hac,adjusted,572,410,7,,,,,,,1,no_spread,,,,,,,,,,
skab_labelled_onset,other__5,other,0,Pressure,level,hac,raw,572,410,0,,,,,,,1,no_spread,,,,,,,,,,
skab_labelled_onset,other__5,other,0,Pressure,level,naive,adjusted,572,410,7,,,,,,,1,no_spread,,,,,,,,,,
skab_labelled_onset,other__5,other,0,Pressure,level,naive,raw,572,410,0,,,,,,,1,no_spread,,,,,,,,,,
skab_labelled_onset,other__5,other,0,Pressure,spread,block_bootstrap,adjusted,572,410,7,,,,,,,1,no_spread,,,,,,,,,,
skab_labelled_onset,other__5,other,0,Pressure,spread,block_bootstrap,raw,572,410,0,,,,,,,1,no_spread,,,,,,,,,,
skab_labelled_onset,other__5,other,0,Pressure,spread,naive,adjusted,572,410,7,,,,,,,1,no_spread,,,,,,,,,,
skab_labelled_onset,other__5,other,0,Pressure,spread,naive,raw,572,410,0,,,,,,,1,no_spread,,,,,,,,,,
skab_labelled_onset,other__5,other,0,Temperature,level,block_bootstrap,adjusted,572,410,6,,,,,,,1,covariate_outside,,,,,,1,1,,,
skab_labelled_onset,other__5,other,0,Temperature,level,block_bootstrap,raw,572,410,0,-0.5193,-0.8732,-0.1908,0.6825,0.0,1,0,,1.3022,0.6408,0.639,15.9478,0,,,0,,
skab_labelled_onset,other__5,other,0,Temperature,level,ewc,adjusted,572,410,6,,,,,,,1,covariate_outside,,,,,,1,1,,,
skab_labelled_onset,other__5,other,0,Temperature,level,ewc,raw,572,410,0,-0.5193,-0.9858,-0.0528,0.9329,0.0299,1,0,,1.3022,0.6408,0.639,15.9478,0,,,0,,
skab_labelled_onset,other__5,other,0,Temperature,level,hac,adjusted,572,410,6,,,,,,,1,covariate_outside,,,,,,1,1,,,
skab_labelled_onset,other__5,other,0,Temperature,level,hac,raw,572,410,0,-0.5193,-0.8992,-0.1394,0.7598,0.0074,1,0,,1.3022,0.6408,0.639,15.9478,0,,,0,,
skab_labelled_onset,other__5,other,0,Temperature,level,naive,adjusted,572,410,6,,,,,,,1,covariate_outside,,,,,,1,1,,,
skab_labelled_onset,other__5,other,0,Temperature,level,naive,raw,572,410,0,-0.5193,-0.6473,-0.3913,0.256,0.0,1,0,,1.3022,0.6408,0.639,15.9478,0,,,0,,
skab_labelled_onset,other__5,other,0,Temperature,spread,block_bootstrap,adjusted,572,410,6,,,,,,,1,covariate_outside,,,,,,1,1,,,
skab_labelled_onset,other__5,other,0,Temperature,spread,block_bootstrap,raw,572,410,0,0.016,-0.1238,0.1199,0.2437,0.9,0,0,,1.3022,0.6408,0.639,15.9478,0,,,0,,
skab_labelled_onset,other__5,other,0,Temperature,spread,naive,adjusted,572,410,6,,,,,,,1,covariate_outside,,,,,,1,1,,,
skab_labelled_onset,other__5,other,0,Temperature,spread,naive,raw,572,410,0,0.016,-0.0738,0.1057,0.1796,0.7275,0,0,,1.3022,0.6408,0.639,15.9478,0,,,0,,
skab_labelled_onset,other__5,other,0,Thermocouple,level,block_bootstrap,adjusted,572,410,6,,,,,,,1,covariate_outside,,,,,,1,1,,,
skab_labelled_onset,other__5,other,0,Thermocouple,level,block_bootstrap,raw,572,410,0,5.1431,3.6812,6.3262,2.645,0.0,1,0,,6.7866,0.7499,1.0094,21.5958,1,,,1,,
skab_labelled_onset,other__5,other,0,Thermocouple,level,ewc,adjusted,572,410,6,,,,,,,1,covariate_outside,,,,,,1,1,,,
skab_labelled_onset,other__5,other,0,Thermocouple,level,ewc,raw,572,410,0,5.1431,2.8477,7.4386,4.5909,0.0001,1,0,,6.7866,0.7499,1.0094,21.5958,1,,,1,,
skab_labelled_onset,other__5,other,0,Thermocouple,level,hac,adjusted,572,410,6,,,,,,,1,covariate_outside,,,,,,1,1,,,
skab_labelled_onset,other__5,other,0,Thermocouple,level,hac,raw,572,410,0,5.1431,2.1075,8.1788,6.0712,0.0009,1,0,,6.7866,0.7499,1.0094,21.5958,1,,,1,,
skab_labelled_onset,other__5,other,0,Thermocouple,level,naive,adjusted,572,410,6,,,,,,,1,covariate_outside,,,,,,1,1,,,
skab_labelled_onset,other__5,other,0,Thermocouple,level,naive,raw,572,410,0,5.1431,4.6332,5.6531,1.0199,0.0,1,0,,6.7866,0.7499,1.0094,21.5958,1,,,1,,
skab_labelled_onset,other__5,other,0,Thermocouple,spread,block_bootstrap,adjusted,572,410,6,,,,,,,1,covariate_outside,,,,,,1,1,,,
skab_labelled_onset,other__5,other,0,Thermocouple,spread,block_bootstrap,raw,572,410,0,1.6487,0.7927,1.9518,1.1592,0.0,1,0,,6.7866,0.7499,1.0094,21.5958,1,,,1,,
skab_labelled_onset,other__5,other,0,Thermocouple,spread,naive,adjusted,572,410,6,,,,,,,1,covariate_outside,,,,,,1,1,,,
skab_labelled_onset,other__5,other,0,Thermocouple,spread,naive,raw,572,410,0,1.6487,1.5589,1.7384,0.1796,0.0,1,0,,6.7866,0.7499,1.0094,21.5958,1,,,1,,
skab_labelled_onset,other__5,other,0,Voltage,level,block_bootstrap,adjusted,572,410,6,,,,,,,1,covariate_outside,,,,,,1,1,,,
skab_labelled_onset,other__5,other,0,Voltage,level,block_bootstrap,raw,572,410,0,-0.0979,-0.2181,0.0286,0.2467,0.12,0,0,,-0.4054,0.0129,-0.07,0.8291,0,,,0,,
skab_labelled_onset,other__5,other,0,Voltage,level,ewc,adjusted,572,410,6,,,,,,,1,covariate_outside,,,,,,1,1,,,
skab_labelled_onset,other__5,other,0,Voltage,level,ewc,raw,572,410,0,-0.0979,-0.2404,0.0445,0.2849,0.1728,0,0,,-0.4054,0.0129,-0.07,0.8291,0,,,0,,
skab_labelled_onset,other__5,other,0,Voltage,level,hac,adjusted,572,410,6,,,,,,,1,covariate_outside,,,,,,1,1,,,
skab_labelled_onset,other__5,other,0,Voltage,level,hac,raw,572,410,0,-0.0979,-0.2273,0.0314,0.2587,0.1378,0,0,,-0.4054,0.0129,-0.07,0.8291,0,,,0,,
skab_labelled_onset,other__5,other,0,Voltage,level,naive,adjusted,572,410,6,,,,,,,1,covariate_outside,,,,,,1,1,,,
skab_labelled_onset,other__5,other,0,Voltage,level,naive,raw,572,410,0,-0.0979,-0.2305,0.0346,0.2651,0.1476,0,0,,-0.4054,0.0129,-0.07,0.8291,0,,,0,,
skab_labelled_onset,other__5,other,0,Voltage,spread,block_bootstrap,adjusted,572,410,6,,,,,,,1,covariate_outside,,,,,,1,1,,,
skab_labelled_onset,other__5,other,0,Voltage,spread,block_bootstrap,raw,572,410,0,0.0737,0.0049,0.1771,0.1722,0.05,1,0,,-0.4054,0.0129,-0.07,0.8291,0,,,0,,
skab_labelled_onset,other__5,other,0,Voltage,spread,naive,adjusted,572,410,6,,,,,,,1,covariate_outside,,,,,,1,1,,,
skab_labelled_onset,other__5,other,0,Voltage,spread,naive,raw,572,410,0,0.0737,-0.0161,0.1635,0.1796,0.1076,0,0,,-0.4054,0.0129,-0.07,0.8291,0,,,0,,
skab_labelled_onset,other__5,other,0,Volume Flow RateRMS,level,block_bootstrap,adjusted,572,410,6,,,,,,,1,covariate_outside,,,,,,1,1,,,
skab_labelled_onset,other__5,other,0,Volume Flow RateRMS,level,block_bootstrap,raw,572,410,0,-0.7036,-0.8942,-0.4946,0.3996,0.0,1,0,,0.122,0.3859,0.4052,8.9032,0,,,0,,
skab_labelled_onset,other__5,other,0,Volume Flow RateRMS,level,ewc,adjusted,572,410,6,,,,,,,1,covariate_outside,,,,,,1,1,,,
skab_labelled_onset,other__5,other,0,Volume Flow RateRMS,level,ewc,raw,572,410,0,-0.7036,-0.9963,-0.4109,0.5854,0.0,1,0,,0.122,0.3859,0.4052,8.9032,0,,,0,,
skab_labelled_onset,other__5,other,0,Volume Flow RateRMS,level,hac,adjusted,572,410,6,,,,,,,1,covariate_outside,,,,,,1,1,,,
skab_labelled_onset,other__5,other,0,Volume Flow RateRMS,level,hac,raw,572,410,0,-0.7036,-0.9142,-0.493,0.4212,0.0,1,0,,0.122,0.3859,0.4052,8.9032,0,,,0,,
skab_labelled_onset,other__5,other,0,Volume Flow RateRMS,level,naive,adjusted,572,410,6,,,,,,,1,covariate_outside,,,,,,1,1,,,
skab_labelled_onset,other__5,other,0,Volume Flow RateRMS,level,naive,raw,572,410,0,-0.7036,-0.829,-0.5783,0.2507,0.0,1,0,,0.122,0.3859,0.4052,8.9032,0,,,0,,
skab_labelled_onset,other__5,other,0,Volume Flow RateRMS,spread,block_bootstrap,adjusted,572,410,6,,,,,,,1,covariate_outside,,,,,,1,1,,,
skab_labelled_onset,other__5,other,0,Volume Flow RateRMS,spread,block_bootstrap,raw,572,410,0,-0.0206,-0.1405,0.0985,0.239,0.8,0,0,,0.122,0.3859,0.4052,8.9032,0,,,0,,
skab_labelled_onset,other__5,other,0,Volume Flow RateRMS,spread,naive,adjusted,572,410,6,,,,,,,1,covariate_outside,,,,,,1,1,,,
skab_labelled_onset,other__5,other,0,Volume Flow RateRMS,spread,naive,raw,572,410,0,-0.0206,-0.1104,0.0692,0.1796,0.6528,0,0,,0.122,0.3859,0.4052,8.9032,0,,,0,,
skab_labelled_onset,other__6,other,0,Accelerometer1RMS,level,block_bootstrap,adjusted,573,402,6,,,,,,,1,covariate_outside,,,,,,1,1,,,
skab_labelled_onset,other__6,other,0,Accelerometer1RMS,level,block_bootstrap,raw,573,402,0,168.6876,155.7596,188.0414,32.2817,0.0,1,0,,-8.9751,0.2684,0.9989,6.6008,1,,,1,,
skab_labelled_onset,other__6,other,0,Accelerometer1RMS,level,ewc,adjusted,573,402,6,,,,,,,1,covariate_outside,,,,,,1,1,,,
skab_labelled_onset,other__6,other,0,Accelerometer1RMS,level,ewc,raw,573,402,0,168.6876,142.9262,194.449,51.5228,0.0,1,0,,-8.9751,0.2684,0.9989,6.6008,1,,,1,,
skab_labelled_onset,other__6,other,0,Accelerometer1RMS,level,hac,adjusted,573,402,6,,,,,,,1,covariate_outside,,,,,,1,1,,,
skab_labelled_onset,other__6,other,0,Accelerometer1RMS,level,hac,raw,573,402,0,168.6876,148.4186,188.9567,40.5381,0.0,1,0,,-8.9751,0.2684,0.9989,6.6008,1,,,1,,
skab_labelled_onset,other__6,other,0,Accelerometer1RMS,level,naive,adjusted,573,402,6,,,,,,,1,covariate_outside,,,,,,1,1,,,
skab_labelled_onset,other__6,other,0,Accelerometer1RMS,level,naive,raw,573,402,0,168.6876,163.1189,174.2563,11.1375,0.0,1,0,,-8.9751,0.2684,0.9989,6.6008,1,,,1,,
skab_labelled_onset,other__6,other,0,Accelerometer1RMS,spread,block_bootstrap,adjusted,573,402,6,,,,,,,1,covariate_outside,,,,,,1,1,,,
skab_labelled_onset,other__6,other,0,Accelerometer1RMS,spread,block_bootstrap,raw,573,402,0,4.0424,3.6111,4.2347,0.6236,0.0,1,0,,-8.9751,0.2684,0.9989,6.6008,1,,,1,,
skab_labelled_onset,other__6,other,0,Accelerometer1RMS,spread,naive,adjusted,573,402,6,,,,,,,1,covariate_outside,,,,,,1,1,,,
skab_labelled_onset,other__6,other,0,Accelerometer1RMS,spread,naive,raw,573,402,0,4.0424,3.9521,4.1326,0.1805,0.0,1,0,,-8.9751,0.2684,0.9989,6.6008,1,,,1,,
skab_labelled_onset,other__6,other,0,Accelerometer2RMS,level,block_bootstrap,adjusted,573,402,6,,,,,,,1,covariate_outside,,,,,,1,1,,,
skab_labelled_onset,other__6,other,0,Accelerometer2RMS,level,block_bootstrap,raw,573,402,0,151.7906,138.2127,171.0533,32.8406,0.0,1,0,,0.5454,0.0653,0.9985,2.4543,0,,,1,,
skab_labelled_onset,other__6,other,0,Accelerometer2RMS,level,ewc,adjusted,573,402,6,,,,,,,1,covariate_outside,,,,,,1,1,,,
skab_labelled_onset,other__6,other,0,Accelerometer2RMS,level,ewc,raw,573,402,0,151.7906,125.994,177.5873,51.5933,0.0,1,0,,0.5454,0.0653,0.9985,2.4543,0,,,1,,
skab_labelled_onset,other__6,other,0,Accelerometer2RMS,level,hac,adjusted,573,402,6,,,,,,,1,covariate_outside,,,,,,1,1,,,
skab_labelled_onset,other__6,other,0,Accelerometer2RMS,level,hac,raw,573,402,0,151.7906,131.4784,172.1028,40.6244,0.0,1,0,,0.5454,0.0653,0.9985,2.4543,0,,,1,,
skab_labelled_onset,other__6,other,0,Accelerometer2RMS,level,naive,adjusted,573,402,6,,,,,,,1,covariate_outside,,,,,,1,1,,,
skab_labelled_onset,other__6,other,0,Accelerometer2RMS,level,naive,raw,573,402,0,151.7906,146.214,157.3672,11.1532,0.0,1,0,,0.5454,0.0653,0.9985,2.4543,0,,,1,,
skab_labelled_onset,other__6,other,0,Accelerometer2RMS,spread,block_bootstrap,adjusted,573,402,6,,,,,,,1,covariate_outside,,,,,,1,1,,,
skab_labelled_onset,other__6,other,0,Accelerometer2RMS,spread,block_bootstrap,raw,573,402,0,4.0438,3.5511,4.1874,0.6363,0.0,1,0,,0.5454,0.0653,0.9985,2.4543,0,,,1,,
skab_labelled_onset,other__6,other,0,Accelerometer2RMS,spread,naive,adjusted,573,402,6,,,,,,,1,covariate_outside,,,,,,1,1,,,
skab_labelled_onset,other__6,other,0,Accelerometer2RMS,spread,naive,raw,573,402,0,4.0438,3.9535,4.134,0.1805,0.0,1,0,,0.5454,0.0653,0.9985,2.4543,0,,,1,,
skab_labelled_onset,other__6,other,0,Current,level,block_bootstrap,adjusted,573,402,6,,,,,,,1,covariate_outside,,,,,,1,1,,,
skab_labelled_onset,other__6,other,0,Current,level,block_bootstrap,raw,573,402,0,0.1099,-0.0393,0.2703,0.3095,0.12,0,0,,2.2351,0.0947,0.0263,3.1543,1,,,0,,
skab_labelled_onset,other__6,other,0,Current,level,ewc,adjusted,573,402,6,,,,,,,1,covariate_outside,,,,,,1,1,,,
skab_labelled_onset,other__6,other,0,Current,level,ewc,raw,573,402,0,0.1099,-0.0665,0.2863,0.3528,0.2157,0,0,,2.2351,0.0947,0.0263,3.1543,1,,,0,,
skab_labelled_onset,other__6,other,0,Current,level,hac,adjusted,573,402,6,,,,,,,1,covariate_outside,,,,,,1,1,,,
skab_labelled_onset,other__6,other,0,Current,level,hac,raw,573,402,0,0.1099,-0.0151,0.2349,0.25,0.0848,0,0,,2.2351,0.0947,0.0263,3.1543,1,,,0,,
skab_labelled_onset,other__6,other,0,Current,level,naive,adjusted,573,402,6,,,,,,,1,covariate_outside,,,,,,1,1,,,
skab_labelled_onset,other__6,other,0,Current,level,naive,raw,573,402,0,0.1099,-0.0091,0.229,0.238,0.0702,0,0,,2.2351,0.0947,0.0263,3.1543,1,,,0,,
skab_labelled_onset,other__6,other,0,Current,spread,block_bootstrap,adjusted,573,402,6,,,,,,,1,covariate_outside,,,,,,1,1,,,
skab_labelled_onset,other__6,other,0,Current,spread,block_bootstrap,raw,573,402,0,-0.1237,-0.2516,0.0059,0.2575,0.07,0,0,,2.2351,0.0947,0.0263,3.1543,1,,,0,,
skab_labelled_onset,other__6,other,0,Current,spread,naive,adjusted,573,402,6,,,,,,,1,covariate_outside,,,,,,1,1,,,
skab_labelled_onset,other__6,other,0,Current,spread,naive,raw,573,402,0,-0.1237,-0.214,-0.0335,0.1805,0.0072,1,0,,2.2351,0.0947,0.0263,3.1543,1,,,0,,
skab_labelled_onset,other__6,other,0,Pressure,level,block_bootstrap,adjusted,573,402,7,,,,,,,1,no_spread,,,,,,,,,,
skab_labelled_onset,other__6,other,0,Pressure,level,block_bootstrap,raw,573,402,0,,,,,,,1,no_spread,,,,,,,,,,
skab_labelled_onset,other__6,other,0,Pressure,level,ewc,adjusted,573,402,7,,,,,,,1,no_spread,,,,,,,,,,
skab_labelled_onset,other__6,other,0,Pressure,level,ewc,raw,573,402,0,,,,,,,1,no_spread,,,,,,,,,,
skab_labelled_onset,other__6,other,0,Pressure,level,hac,adjusted,573,402,7,,,,,,,1,no_spread,,,,,,,,,,
skab_labelled_onset,other__6,other,0,Pressure,level,hac,raw,573,402,0,,,,,,,1,no_spread,,,,,,,,,,
skab_labelled_onset,other__6,other,0,Pressure,level,naive,adjusted,573,402,7,,,,,,,1,no_spread,,,,,,,,,,
skab_labelled_onset,other__6,other,0,Pressure,level,naive,raw,573,402,0,,,,,,,1,no_spread,,,,,,,,,,
skab_labelled_onset,other__6,other,0,Pressure,spread,block_bootstrap,adjusted,573,402,7,,,,,,,1,no_spread,,,,,,,,,,
skab_labelled_onset,other__6,other,0,Pressure,spread,block_bootstrap,raw,573,402,0,,,,,,,1,no_spread,,,,,,,,,,
skab_labelled_onset,other__6,other,0,Pressure,spread,naive,adjusted,573,402,7,,,,,,,1,no_spread,,,,,,,,,,
skab_labelled_onset,other__6,other,0,Pressure,spread,naive,raw,573,402,0,,,,,,,1,no_spread,,,,,,,,,,
skab_labelled_onset,other__6,other,0,Temperature,level,block_bootstrap,adjusted,573,402,6,,,,,,,1,covariate_outside,,,,,,1,1,,,
skab_labelled_onset,other__6,other,0,Temperature,level,block_bootstrap,raw,573,402,0,-1.1049,-1.4682,-0.767,0.7012,0.0,1,0,,-0.8088,0.6965,0.6227,18.4581,0,,,0,,
skab_labelled_onset,other__6,other,0,Temperature,level,ewc,adjusted,573,402,6,,,,,,,1,covariate_outside,,,,,,1,1,,,
skab_labelled_onset,other__6,other,0,Temperature,level,ewc,raw,573,402,0,-1.1049,-1.5977,-0.6121,0.9856,0.0,1,0,,-0.8088,0.6965,0.6227,18.4581,0,,,0,,
skab_labelled_onset,other__6,other,0,Temperature,level,hac,adjusted,573,402,6,,,,,,,1,covariate_outside,,,,,,1,1,,,
skab_labelled_onset,other__6,other,0,Temperature,level,hac,raw,573,402,0,-1.1049,-1.501,-0.7087,0.7923,0.0,1,0,,-0.8088,0.6965,0.6227,18.4581,0,,,0,,
skab_labelled_onset,other__6,other,0,Temperature,level,naive,adjusted,573,402,6,,,,,,,1,covariate_outside,,,,,,1,1,,,
skab_labelled_onset,other__6,other,0,Temperature,level,naive,raw,573,402,0,-1.1049,-1.2379,-0.9719,0.266,0.0,1,0,,-0.8088,0.6965,0.6227,18.4581,0,,,0,,
skab_labelled_onset,other__6,other,0,Temperature,spread,block_bootstrap,adjusted,573,402,6,,,,,,,1,covariate_outside,,,,,,1,1,,,
skab_labelled_onset,other__6,other,0,Temperature,spread,block_bootstrap,raw,573,402,0,0.0696,-0.0637,0.169,0.2327,0.31,0,0,,-0.8088,0.6965,0.6227,18.4581,0,,,0,,
skab_labelled_onset,other__6,other,0,Temperature,spread,naive,adjusted,573,402,6,,,,,,,1,covariate_outside,,,,,,1,1,,,
skab_labelled_onset,other__6,other,0,Temperature,spread,naive,raw,573,402,0,0.0696,-0.0207,0.1599,0.1805,0.1307,0,0,,-0.8088,0.6965,0.6227,18.4581,0,,,0,,
skab_labelled_onset,other__6,other,0,Thermocouple,level,block_bootstrap,adjusted,573,402,6,,,,,,,1,covariate_outside,,,,,,1,1,,,
skab_labelled_onset,other__6,other,0,Thermocouple,level,block_bootstrap,raw,573,402,0,1.3414,1.0196,1.6349,0.6153,0.0,1,0,,1.8209,0.9785,0.9644,122.2241,0,,,1,,
skab_labelled_onset,other__6,other,0,Thermocouple,level,ewc,adjusted,573,402,6,,,,,,,1,covariate_outside,,,,,,1,1,,,
skab_labelled_onset,other__6,other,0,Thermocouple,level,ewc,raw,573,402,0,1.3414,0.8423,1.8405,0.9982,0.0,1,0,,1.8209,0.9785,0.9644,122.2241,0,,,1,,
skab_labelled_onset,other__6,other,0,Thermocouple,level,hac,adjusted,573,402,6,,,,,,,1,covariate_outside,,,,,,1,1,,,
skab_labelled_onset,other__6,other,0,Thermocouple,level,hac,raw,573,402,0,1.3414,0.6597,2.0231,1.3634,0.0001,1,0,,1.8209,0.9785,0.9644,122.2241,0,,,1,,
skab_labelled_onset,other__6,other,0,Thermocouple,level,naive,adjusted,573,402,6,,,,,,,1,covariate_outside,,,,,,1,1,,,
skab_labelled_onset,other__6,other,0,Thermocouple,level,naive,raw,573,402,0,1.3414,1.2314,1.4514,0.22,0.0,1,0,,1.8209,0.9785,0.9644,122.2241,0,,,1,,
skab_labelled_onset,other__6,other,0,Thermocouple,spread,block_bootstrap,adjusted,573,402,6,,,,,,,1,covariate_outside,,,,,,1,1,,,
skab_labelled_onset,other__6,other,0,Thermocouple,spread,block_bootstrap,raw,573,402,0,-0.2859,-0.6454,0.0032,0.6487,0.06,0,0,,1.8209,0.9785,0.9644,122.2241,0,,,1,,
skab_labelled_onset,other__6,other,0,Thermocouple,spread,naive,adjusted,573,402,6,,,,,,,1,covariate_outside,,,,,,1,1,,,
skab_labelled_onset,other__6,other,0,Thermocouple,spread,naive,raw,573,402,0,-0.2859,-0.3761,-0.1956,0.1805,0.0,1,0,,1.8209,0.9785,0.9644,122.2241,0,,,1,,
skab_labelled_onset,other__6,other,0,Voltage,level,block_bootstrap,adjusted,573,402,6,,,,,,,1,covariate_outside,,,,,,1,1,,,
skab_labelled_onset,other__6,other,0,Voltage,level,block_bootstrap,raw,573,402,0,0.1009,-0.0416,0.2449,0.2865,0.13,0,0,,0.8173,0.0112,0.0437,0.7539,0,,,0,,
skab_labelled_onset,other__6,other,0,Voltage,level,ewc,adjusted,573,402,6,,,,,,,1,covariate_outside,,,,,,1,1,,,
skab_labelled_onset,other__6,other,0,Voltage,level,ewc,raw,573,402,0,0.1009,-0.052,0.2537,0.3057,0.1903,0,0,,0.8173,0.0112,0.0437,0.7539,0,,,0,,
skab_labelled_onset,other__6,other,0,Voltage,level,hac,adjusted,573,402,6,,,,,,,1,covariate_outside,,,,,,1,1,,,
skab_labelled_onset,other__6,other,0,Voltage,level,hac,raw,573,402,0,0.1009,-0.0202,0.2219,0.242,0.1024,0,0,,0.8173,0.0112,0.0437,0.7539,0,,,0,,
skab_labelled_onset,other__6,other,0,Voltage,level,naive,adjusted,573,402,6,,,,,,,1,covariate_outside,,,,,,1,1,,,
skab_labelled_onset,other__6,other,0,Voltage,level,naive,raw,573,402,0,0.1009,-0.0192,0.2209,0.2401,0.0996,0,0,,0.8173,0.0112,0.0437,0.7539,0,,,0,,
skab_labelled_onset,other__6,other,0,Voltage,spread,block_bootstrap,adjusted,573,402,6,,,,,,,1,covariate_outside,,,,,,1,1,,,
skab_labelled_onset,other__6,other,0,Voltage,spread,block_bootstrap,raw,573,402,0,-0.1076,-0.2006,-0.0128,0.1878,0.01,1,0,,0.8173,0.0112,0.0437,0.7539,0,,,0,,
skab_labelled_onset,other__6,other,0,Voltage,spread,naive,adjusted,573,402,6,,,,,,,1,covariate_outside,,,,,,1,1,,,
skab_labelled_onset,other__6,other,0,Voltage,spread,naive,raw,573,402,0,-0.1076,-0.1979,-0.0174,0.1805,0.0195,1,0,,0.8173,0.0112,0.0437,0.7539,0,,,0,,
skab_labelled_onset,other__6,other,0,Volume Flow RateRMS,level,block_bootstrap,adjusted,573,402,6,,,,,,,1,covariate_outside,,,,,,1,1,,,
skab_labelled_onset,other__6,other,0,Volume Flow RateRMS,level,block_bootstrap,raw,573,402,0,-1.4627,-1.8447,-1.1901,0.6546,0.0,1,0,,-4.8344,0.4208,0.6424,9.6501,1,,,0,,
skab_labelled_onset,other__6,other,0,Volume Flow RateRMS,level,ewc,adjusted,573,402,6,,,,,,,1,covariate_outside,,,,,,1,1,,,
skab_labelled_onset,other__6,other,0,Volume Flow RateRMS,level,ewc,raw,573,402,0,-1.4627,-1.9178,-1.0076,0.9102,0.0,1,0,,-4.8344,0.4208,0.6424,9.6501,1,,,0,,
skab_labelled_onset,other__6,other,0,Volume Flow RateRMS,level,hac,adjusted,573,402,6,,,,,,,1,covariate_outside,,,,,,1,1,,,
skab_labelled_onset,other__6,other,0,Volume Flow RateRMS,level,hac,raw,573,402,0,-1.4627,-1.8225,-1.1029,0.7196,0.0,1,0,,-4.8344,0.4208,0.6424,9.6501,1,,,0,,
skab_labelled_onset,other__6,other,0,Volume Flow RateRMS,level,naive,adjusted,573,402,6,,,,,,,1,covariate_outside,,,,,,1,1,,,
skab_labelled_onset,other__6,other,0,Volume Flow RateRMS,level,naive,raw,573,402,0,-1.4627,-1.6043,-1.3212,0.2831,0.0,1,0,,-4.8344,0.4208,0.6424,9.6501,1,,,0,,
skab_labelled_onset,other__6,other,0,Volume Flow RateRMS,spread,block_bootstrap,adjusted,573,402,6,,,,,,,1,covariate_outside,,,,,,1,1,,,
skab_labelled_onset,other__6,other,0,Volume Flow RateRMS,spread,block_bootstrap,raw,573,402,0,0.1664,0.0069,0.279,0.2721,0.04,1,0,,-4.8344,0.4208,0.6424,9.6501,1,,,0,,
skab_labelled_onset,other__6,other,0,Volume Flow RateRMS,spread,naive,adjusted,573,402,6,,,,,,,1,covariate_outside,,,,,,1,1,,,
skab_labelled_onset,other__6,other,0,Volume Flow RateRMS,spread,naive,raw,573,402,0,0.1664,0.0761,0.2567,0.1805,0.0003,1,0,,-4.8344,0.4208,0.6424,9.6501,1,,,0,,
skab_labelled_onset,other__7,other,0,Accelerometer1RMS,level,block_bootstrap,adjusted,572,347,6,,,,,,,1,covariate_outside,,,,,,1,1,,,
skab_labelled_onset,other__7,other,0,Accelerometer1RMS,level,block_bootstrap,raw,572,347,0,120.8097,109.8097,135.1881,25.3785,0.0,1,0,,2.3404,0.2004,0.9887,5.3077,1,,,1,,
skab_labelled_onset,other__7,other,0,Accelerometer1RMS,level,ewc,adjusted,572,347,6,,,,,,,1,covariate_outside,,,,,,1,1,,,
skab_labelled_onset,other__7,other,0,Accelerometer1RMS,level,ewc,raw,572,347,0,120.8097,100.8358,140.7836,39.9479,0.0,1,0,,2.3404,0.2004,0.9887,5.3077,1,,,1,,
skab_labelled_onset,other__7,other,0,Accelerometer1RMS,level,hac,adjusted,572,347,6,,,,,,,1,covariate_outside,,,,,,1,1,,,
skab_labelled_onset,other__7,other,0,Accelerometer1RMS,level,hac,raw,572,347,0,120.8097,89.7514,151.868,62.1166,0.0,1,0,,2.3404,0.2004,0.9887,5.3077,1,,,1,,
skab_labelled_onset,other__7,other,0,Accelerometer1RMS,level,naive,adjusted,572,347,6,,,,,,,1,covariate_outside,,,,,,1,1,,,
skab_labelled_onset,other__7,other,0,Accelerometer1RMS,level,naive,raw,572,347,0,120.8097,116.3381,125.2813,8.9431,0.0,1,0,,2.3404,0.2004,0.9887,5.3077,1,,,1,,
skab_labelled_onset,other__7,other,0,Accelerometer1RMS,spread,block_bootstrap,adjusted,572,347,6,,,,,,,1,covariate_outside,,,,,,1,1,,,
skab_labelled_onset,other__7,other,0,Accelerometer1RMS,spread,block_bootstrap,raw,572,347,0,3.7493,3.3608,3.8875,0.5266,0.0,1,0,,2.3404,0.2004,0.9887,5.3077,1,,,1,,
skab_labelled_onset,other__7,other,0,Accelerometer1RMS,spread,naive,adjusted,572,347,6,,,,,,,1,covariate_outside,,,,,,1,1,,,
skab_labelled_onset,other__7,other,0,Accelerometer1RMS,spread,naive,raw,572,347,0,3.7493,3.6549,3.8437,0.1888,0.0,1,0,,2.3404,0.2004,0.9887,5.3077,1,,,1,,
skab_labelled_onset,other__7,other,0,Accelerometer2RMS,level,block_bootstrap,adjusted,572,347,6,,,,,,,1,covariate_outside,,,,,,1,1,,,
skab_labelled_onset,other__7,other,0,Accelerometer2RMS,level,block_bootstrap,raw,572,347,0,119.0961,108.0485,134.1043,26.0558,0.0,1,0,,2.1905,0.0978,0.989,3.2221,1,,,1,,
skab_labelled_onset,other__7,other,0,Accelerometer2RMS,level,ewc,adjusted,572,347,6,,,,,,,1,covariate_outside,,,,,,1,1,,,
skab_labelled_onset,other__7,other,0,Accelerometer2RMS,level,ewc,raw,572,347,0,119.0961,99.0541,139.1382,40.0842,0.0,1,0,,2.1905,0.0978,0.989,3.2221,1,,,1,,
skab_labelled_onset,other__7,other,0,Accelerometer2RMS,level,hac,adjusted,572,347,6,,,,,,,1,covariate_outside,,,,,,1,1,,,
skab_labelled_onset,other__7,other,0,Accelerometer2RMS,level,hac,raw,572,347,0,119.0961,88.6919,149.5004,60.8086,0.0,1,0,,2.1905,0.0978,0.989,3.2221,1,,,1,,
skab_labelled_onset,other__7,other,0,Accelerometer2RMS,level,naive,adjusted,572,347,6,,,,,,,1,covariate_outside,,,,,,1,1,,,
skab_labelled_onset,other__7,other,0,Accelerometer2RMS,level,naive,raw,572,347,0,119.0961,114.6181,123.5742,8.9561,0.0,1,0,,2.1905,0.0978,0.989,3.2221,1,,,1,,
skab_labelled_onset,other__7,other,0,Accelerometer2RMS,spread,block_bootstrap,adjusted,572,347,6,,,,,,,1,covariate_outside,,,,,,1,1,,,
skab_labelled_onset,other__7,other,0,Accelerometer2RMS,spread,block_bootstrap,raw,572,347,0,3.7508,3.3042,3.8822,0.578,0.0,1,0,,2.1905,0.0978,0.989,3.2221,1,,,1,,
skab_labelled_onset,other__7,other,0,Accelerometer2RMS,spread,naive,adjusted,572,347,6,,,,,,,1,covariate_outside,,,,,,1,1,,,
skab_labelled_onset,other__7,other,0,Accelerometer2RMS,spread,naive,raw,572,347,0,3.7508,3.6563,3.8452,0.1888,0.0,1,0,,2.1905,0.0978,0.989,3.2221,1,,,1,,
skab_labelled_onset,other__7,other,0,Current,level,block_bootstrap,adjusted,572,347,6,,,,,,,1,covariate_outside,,,,,,1,1,,,
skab_labelled_onset,other__7,other,0,Current,level,block_bootstrap,raw,572,347,0,0.048,-0.1081,0.183,0.2911,0.58,0,0,,0.5707,0.0242,-0.0076,1.2611,0,,,0,,
skab_labelled_onset,other__7,other,0,Current,level,ewc,adjusted,572,347,6,,,,,,,1,covariate_outside,,,,,,1,1,,,
skab_labelled_onset,other__7,other,0,Current,level,ewc,raw,572,347,0,0.048,-0.1199,0.2159,0.3358,0.5671,0,0,,0.5707,0.0242,-0.0076,1.2611,0,,,0,,
skab_labelled_onset,other__7,other,0,Current,level,hac,adjusted,572,347,6,,,,,,,1,covariate_outside,,,,,,1,1,,,
skab_labelled_onset,other__7,other,0,Current,level,hac,raw,572,347,0,0.048,-0.0854,0.1815,0.267,0.4806,0,0,,0.5707,0.0242,-0.0076,1.2611,0,,,0,,
skab_labelled_onset,other__7,other,0,Current,level,naive,adjusted,572,347,6,,,,,,,1,covariate_outside,,,,,,1,1,,,
skab_labelled_onset,other__7,other,0,Current,level,naive,raw,572,347,0,0.048,-0.0854,0.1814,0.2668,0.4803,0,0,,0.5707,0.0242,-0.0076,1.2611,0,,,0,,
skab_labelled_onset,other__7,other,0,Current,spread,block_bootstrap,adjusted,572,347,6,,,,,,,1,covariate_outside,,,,,,1,1,,,
skab_labelled_onset,other__7,other,0,Current,spread,block_bootstrap,raw,572,347,0,0.0003,-0.1431,0.1179,0.2609,0.97,0,0,,0.5707,0.0242,-0.0076,1.2611,0,,,0,,
skab_labelled_onset,other__7,other,0,Current,spread,naive,adjusted,572,347,6,,,,,,,1,covariate_outside,,,,,,1,1,,,
skab_labelled_onset,other__7,other,0,Current,spread,naive,raw,572,347,0,0.0003,-0.0941,0.0947,0.1888,0.9947,0,0,,0.5707,0.0242,-0.0076,1.2611,0,,,0,,
skab_labelled_onset,other__7,other,0,Pressure,level,block_bootstrap,adjusted,572,347,7,,,,,,,1,no_spread,,,,,,,,,,
skab_labelled_onset,other__7,other,0,Pressure,level,block_bootstrap,raw,572,347,0,,,,,,,1,no_spread,,,,,,,,,,
skab_labelled_onset,other__7,other,0,Pressure,level,ewc,adjusted,572,347,7,,,,,,,1,no_spread,,,,,,,,,,
skab_labelled_onset,other__7,other,0,Pressure,level,ewc,raw,572,347,0,,,,,,,1,no_spread,,,,,,,,,,
skab_labelled_onset,other__7,other,0,Pressure,level,hac,adjusted,572,347,7,,,,,,,1,no_spread,,,,,,,,,,
skab_labelled_onset,other__7,other,0,Pressure,level,hac,raw,572,347,0,,,,,,,1,no_spread,,,,,,,,,,
skab_labelled_onset,other__7,other,0,Pressure,level,naive,adjusted,572,347,7,,,,,,,1,no_spread,,,,,,,,,,
skab_labelled_onset,other__7,other,0,Pressure,level,naive,raw,572,347,0,,,,,,,1,no_spread,,,,,,,,,,
skab_labelled_onset,other__7,other,0,Pressure,spread,block_bootstrap,adjusted,572,347,7,,,,,,,1,no_spread,,,,,,,,,,
skab_labelled_onset,other__7,other,0,Pressure,spread,block_bootstrap,raw,572,347,0,,,,,,,1,no_spread,,,,,,,,,,
skab_labelled_onset,other__7,other,0,Pressure,spread,naive,adjusted,572,347,7,,,,,,,1,no_spread,,,,,,,,,,
skab_labelled_onset,other__7,other,0,Pressure,spread,naive,raw,572,347,0,,,,,,,1,no_spread,,,,,,,,,,
skab_labelled_onset,other__7,other,0,Temperature,level,block_bootstrap,adjusted,572,347,6,,,,,,,1,covariate_outside,,,,,,1,1,,,
skab_labelled_onset,other__7,other,0,Temperature,level,block_bootstrap,raw,572,347,0,-1.0636,-1.368,-0.7436,0.6243,0.0,1,0,,-0.4934,0.6263,0.7267,15.3905,0,,,0,,
skab_labelled_onset,other__7,other,0,Temperature,level,ewc,adjusted,572,347,6,,,,,,,1,covariate_outside,,,,,,1,1,,,
skab_labelled_onset,other__7,other,0,Temperature,level,ewc,raw,572,347,0,-1.0636,-1.5893,-0.5378,1.0516,0.0002,1,0,,-0.4934,0.6263,0.7267,15.3905,0,,,0,,
skab_labelled_onset,other__7,other,0,Temperature,level,hac,adjusted,572,347,6,,,,,,,1,covariate_outside,,,,,,1,1,,,
skab_labelled_onset,other__7,other,0,Temperature,level,hac,raw,572,347,0,-1.0636,-1.5103,-0.6169,0.8934,0.0,1,0,,-0.4934,0.6263,0.7267,15.3905,0,,,0,,
skab_labelled_onset,other__7,other,0,Temperature,level,naive,adjusted,572,347,6,,,,,,,1,covariate_outside,,,,,,1,1,,,
skab_labelled_onset,other__7,other,0,Temperature,level,naive,raw,572,347,0,-1.0636,-1.2026,-0.9245,0.2781,0.0,1,0,,-0.4934,0.6263,0.7267,15.3905,0,,,0,,
skab_labelled_onset,other__7,other,0,Temperature,spread,block_bootstrap,adjusted,572,347,6,,,,,,,1,covariate_outside,,,,,,1,1,,,
skab_labelled_onset,other__7,other,0,Temperature,spread,block_bootstrap,raw,572,347,0,0.0653,-0.1183,0.1648,0.2831,0.45,0,0,,-0.4934,0.6263,0.7267,15.3905,0,,,0,,
skab_labelled_onset,other__7,other,0,Temperature,spread,naive,adjusted,572,347,6,,,,,,,1,covariate_outside,,,,,,1,1,,,
skab_labelled_onset,other__7,other,0,Temperature,spread,naive,raw,572,347,0,0.0653,-0.0291,0.1597,0.1888,0.1752,0,0,,-0.4934,0.6263,0.7267,15.3905,0,,,0,,
skab_labelled_onset,other__7,other,0,Thermocouple,level,block_bootstrap,adjusted,572,347,6,,,,,,,1,covariate_outside,,,,,,1,1,,,
skab_labelled_onset,other__7,other,0,Thermocouple,level,block_bootstrap,raw,572,347,0,1.9253,1.2162,2.6201,1.4039,0.0,1,0,,1.86,0.9859,0.995,162.0173,0,,,1,,
skab_labelled_onset,other__7,other,0,Thermocouple,level,ewc,adjusted,572,347,6,,,,,,,1,covariate_outside,,,,,,1,1,,,
skab_labelled_onset,other__7,other,0,Thermocouple,level,ewc,raw,572,347,0,1.9253,0.9735,2.877,1.9036,0.0003,1,0,,1.86,0.9859,0.995,162.0173,0,,,1,,
skab_labelled_onset,other__7,other,0,Thermocouple,level,hac,adjusted,572,347,6,,,,,,,1,covariate_outside,,,,,,1,1,,,
skab_labelled_onset,other__7,other,0,Thermocouple,level,hac,raw,572,347,0,1.9253,0.4843,3.3663,2.882,0.0088,1,0,,1.86,0.9859,0.995,162.0173,0,,,1,,
skab_labelled_onset,other__7,other,0,Thermocouple,level,naive,adjusted,572,347,6,,,,,,,1,covariate_outside,,,,,,1,1,,,
skab_labelled_onset,other__7,other,0,Thermocouple,level,naive,raw,572,347,0,1.9253,1.7136,2.1369,0.4234,0.0,1,0,,1.86,0.9859,0.995,162.0173,0,,,1,,
skab_labelled_onset,other__7,other,0,Thermocouple,spread,block_bootstrap,adjusted,572,347,6,,,,,,,1,covariate_outside,,,,,,1,1,,,
skab_labelled_onset,other__7,other,0,Thermocouple,spread,block_bootstrap,raw,572,347,0,0.6178,0.2546,0.8702,0.6156,0.01,1,0,,1.86,0.9859,0.995,162.0173,0,,,1,,
skab_labelled_onset,other__7,other,0,Thermocouple,spread,naive,adjusted,572,347,6,,,,,,,1,covariate_outside,,,,,,1,1,,,
skab_labelled_onset,other__7,other,0,Thermocouple,spread,naive,raw,572,347,0,0.6178,0.5234,0.7123,0.1888,0.0,1,0,,1.86,0.9859,0.995,162.0173,0,,,1,,
skab_labelled_onset,other__7,other,0,Voltage,level,block_bootstrap,adjusted,572,347,6,,,,,,,1,covariate_outside,,,,,,1,1,,,
skab_labelled_onset,other__7,other,0,Voltage,level,block_bootstrap,raw,572,347,0,0.0734,-0.0748,0.2109,0.2858,0.4,0,0,,0.4205,0.0712,-0.0016,2.6004,0,,,0,,
skab_labelled_onset,other__7,other,0,Voltage,level,ewc,adjusted,572,347,6,,,,,,,1,covariate_outside,,,,,,1,1,,,
skab_labelled_onset,other__7,other,0,Voltage,level,ewc,raw,572,347,0,0.0734,-0.0682,0.2151,0.2833,0.3022,0,0,,0.4205,0.0712,-0.0016,2.6004,0,,,0,,
skab_labelled_onset,other__7,other,0,Voltage,level,hac,adjusted,572,347,6,,,,,,,1,covariate_outside,,,,,,1,1,,,
skab_labelled_onset,other__7,other,0,Voltage,level,hac,raw,572,347,0,0.0734,-0.0674,0.2142,0.2816,0.3068,0,0,,0.4205,0.0712,-0.0016,2.6004,0,,,0,,
skab_labelled_onset,other__7,other,0,Voltage,level,naive,adjusted,572,347,6,,,,,,,1,covariate_outside,,,,,,1,1,,,
skab_labelled_onset,other__7,other,0,Voltage,level,naive,raw,572,347,0,0.0734,-0.0644,0.2112,0.2756,0.2963,0,0,,0.4205,0.0712,-0.0016,2.6004,0,,,0,,
skab_labelled_onset,other__7,other,0,Voltage,spread,block_bootstrap,adjusted,572,347,6,,,,,,,1,covariate_outside,,,,,,1,1,,,
skab_labelled_onset,other__7,other,0,Voltage,spread,block_bootstrap,raw,572,347,0,0.0514,-0.043,0.1397,0.1827,0.3,0,0,,0.4205,0.0712,-0.0016,2.6004,0,,,0,,
skab_labelled_onset,other__7,other,0,Voltage,spread,naive,adjusted,572,347,6,,,,,,,1,covariate_outside,,,,,,1,1,,,
skab_labelled_onset,other__7,other,0,Voltage,spread,naive,raw,572,347,0,0.0514,-0.0431,0.1458,0.1888,0.2863,0,0,,0.4205,0.0712,-0.0016,2.6004,0,,,0,,
skab_labelled_onset,other__7,other,0,Volume Flow RateRMS,level,block_bootstrap,adjusted,572,347,6,,,,,,,1,covariate_outside,,,,,,1,1,,,
skab_labelled_onset,other__7,other,0,Volume Flow RateRMS,level,block_bootstrap,raw,572,347,0,-0.5966,-0.9675,-0.2804,0.6871,0.0,1,0,,-3.2869,0.8201,0.7548,27.8234,1,,,0,,
skab_labelled_onset,other__7,other,0,Volume Flow RateRMS,level,ewc,adjusted,572,347,6,,,,,,,1,covariate_outside,,,,,,1,1,,,
skab_labelled_onset,other__7,other,0,Volume Flow RateRMS,level,ewc,raw,572,347,0,-0.5966,-1.0484,-0.1448,0.9036,0.0108,1,0,,-3.2869,0.8201,0.7548,27.8234,1,,,0,,
skab_labelled_onset,other__7,other,0,Volume Flow RateRMS,level,hac,adjusted,572,347,6,,,,,,,1,covariate_outside,,,,,,1,1,,,
skab_labelled_onset,other__7,other,0,Volume Flow RateRMS,level,hac,raw,572,347,0,-0.5966,-1.0651,-0.1281,0.937,0.0126,1,0,,-3.2869,0.8201,0.7548,27.8234,1,,,0,,
skab_labelled_onset,other__7,other,0,Volume Flow RateRMS,level,naive,adjusted,572,347,6,,,,,,,1,covariate_outside,,,,,,1,1,,,
skab_labelled_onset,other__7,other,0,Volume Flow RateRMS,level,naive,raw,572,347,0,-0.5966,-0.7129,-0.4803,0.2326,0.0,1,0,,-3.2869,0.8201,0.7548,27.8234,1,,,0,,
skab_labelled_onset,other__7,other,0,Volume Flow RateRMS,spread,block_bootstrap,adjusted,572,347,6,,,,,,,1,covariate_outside,,,,,,1,1,,,
skab_labelled_onset,other__7,other,0,Volume Flow RateRMS,spread,block_bootstrap,raw,572,347,0,-0.2432,-0.4212,-0.0174,0.4038,0.03,1,0,,-3.2869,0.8201,0.7548,27.8234,1,,,0,,
skab_labelled_onset,other__7,other,0,Volume Flow RateRMS,spread,naive,adjusted,572,347,6,,,,,,,1,covariate_outside,,,,,,1,1,,,
skab_labelled_onset,other__7,other,0,Volume Flow RateRMS,spread,naive,raw,572,347,0,-0.2432,-0.3377,-0.1488,0.1888,0.0,1,0,,-3.2869,0.8201,0.7548,27.8234,1,,,0,,
skab_labelled_onset,other__8,other,0,Accelerometer1RMS,level,block_bootstrap,adjusted,572,403,6,,,,,,,1,covariate_outside,,,,,,1,1,,,
skab_labelled_onset,other__8,other,0,Accelerometer1RMS,level,block_bootstrap,raw,572,403,0,-0.7577,-1.7562,-0.8592,0.8971,0.0,1,0,,0.7996,0.5824,0.5557,13.8643,0,,,0,,
skab_labelled_onset,other__8,other,0,Accelerometer1RMS,level,ewc,adjusted,572,403,6,,,,,,,1,covariate_outside,,,,,,1,1,,,
skab_labelled_onset,other__8,other,0,Accelerometer1RMS,level,ewc,raw,572,403,0,-0.7577,-2.4733,0.9579,3.4312,0.3698,0,0,,0.7996,0.5824,0.5557,13.8643,0,,,0,,
skab_labelled_onset,other__8,other,0,Accelerometer1RMS,level,hac,adjusted,572,403,6,,,,,,,1,covariate_outside,,,,,,1,1,,,
skab_labelled_onset,other__8,other,0,Accelerometer1RMS,level,hac,raw,572,403,0,-0.7577,-1.9257,0.4103,2.336,0.2036,0,0,,0.7996,0.5824,0.5557,13.8643,0,,,0,,
skab_labelled_onset,other__8,other,0,Accelerometer1RMS,level,naive,adjusted,572,403,6,,,,,,,1,covariate_outside,,,,,,1,1,,,
skab_labelled_onset,other__8,other,0,Accelerometer1RMS,level,naive,raw,572,403,0,-0.7577,-1.6728,0.1574,1.8302,0.1046,0,0,,0.7996,0.5824,0.5557,13.8643,0,,,0,,
skab_labelled_onset,other__8,other,0,Accelerometer1RMS,spread,block_bootstrap,adjusted,572,403,6,,,,,,,1,covariate_outside,,,,,,1,1,,,
skab_labelled_onset,other__8,other,0,Accelerometer1RMS,spread,block_bootstrap,raw,572,403,0,2.2338,-0.4854,2.1509,2.6363,0.71,0,0,,0.7996,0.5824,0.5557,13.8643,0,,,0,,
skab_labelled_onset,other__8,other,0,Accelerometer1RMS,spread,naive,adjusted,572,403,6,,,,,,,1,covariate_outside,,,,,,1,1,,,
skab_labelled_onset,other__8,other,0,Accelerometer1RMS,spread,naive,raw,572,403,0,2.2338,2.1435,2.324,0.1805,0.0,1,0,,0.7996,0.5824,0.5557,13.8643,0,,,0,,
skab_labelled_onset,other__8,other,0,Accelerometer2RMS,level,block_bootstrap,adjusted,572,403,6,,,,,,,1,covariate_outside,,,,,,1,1,,,
skab_labelled_onset,other__8,other,0,Accelerometer2RMS,level,block_bootstrap,raw,572,403,0,0.8136,-0.407,0.5431,0.9501,0.49,0,0,,-5.8153,0.2413,0.5194,6.0845,1,,,0,,
skab_labelled_onset,other__8,other,0,Accelerometer2RMS,level,ewc,adjusted,572,403,6,,,,,,,1,covariate_outside,,,,,,1,1,,,
skab_labelled_onset,other__8,other,0,Accelerometer2RMS,level,ewc,raw,572,403,0,0.8136,-1.3795,3.0067,4.3862,0.4493,0,0,,-5.8153,0.2413,0.5194,6.0845,1,,,0,,
skab_labelled_onset,other__8,other,0,Accelerometer2RMS,level,hac,adjusted,572,403,6,,,,,,,1,covariate_outside,,,,,,1,1,,,
skab_labelled_onset,other__8,other,0,Accelerometer2RMS,level,hac,raw,572,403,0,0.8136,-0.6659,2.2931,2.959,0.2811,0,0,,-5.8153,0.2413,0.5194,6.0845,1,,,0,,
skab_labelled_onset,other__8,other,0,Accelerometer2RMS,level,naive,adjusted,572,403,6,,,,,,,1,covariate_outside,,,,,,1,1,,,
skab_labelled_onset,other__8,other,0,Accelerometer2RMS,level,naive,raw,572,403,0,0.8136,-0.4063,2.0335,2.4397,0.1911,0,0,,-5.8153,0.2413,0.5194,6.0845,1,,,0,,
skab_labelled_onset,other__8,other,0,Accelerometer2RMS,spread,block_bootstrap,adjusted,572,403,6,,,,,,,1,covariate_outside,,,,,,1,1,,,
skab_labelled_onset,other__8,other,0,Accelerometer2RMS,spread,block_bootstrap,raw,572,403,0,2.523,-0.1821,2.3912,2.5733,0.86,0,0,,-5.8153,0.2413,0.5194,6.0845,1,,,0,,
skab_labelled_onset,other__8,other,0,Accelerometer2RMS,spread,naive,adjusted,572,403,6,,,,,,,1,covariate_outside,,,,,,1,1,,,
skab_labelled_onset,other__8,other,0,Accelerometer2RMS,spread,naive,raw,572,403,0,2.523,2.4328,2.6133,0.1805,0.0,1,0,,-5.8153,0.2413,0.5194,6.0845,1,,,0,,
skab_labelled_onset,other__8,other,0,Current,level,block_bootstrap,adjusted,572,403,6,,,,,,,1,covariate_outside,,,,,,1,1,,,
skab_labelled_onset,other__8,other,0,Current,level,block_bootstrap,raw,572,403,0,0.0661,-0.0888,0.1765,0.2653,0.44,0,0,,-0.2503,0.0625,0.0235,2.3811,0,,,0,,
skab_labelled_onset,other__8,other,0,Current,level,ewc,adjusted,572,403,6,,,,,,,1,covariate_outside,,,,,,1,1,,,
skab_labelled_onset,other__8,other,0,Current,level,ewc,raw,572,403,0,0.0661,-0.0765,0.2087,0.2852,0.356,0,0,,-0.2503,0.0625,0.0235,2.3811,0,,,0,,
skab_labelled_onset,other__8,other,0,Current,level,hac,adjusted,572,403,6,,,,,,,1,covariate_outside,,,,,,1,1,,,
skab_labelled_onset,other__8,other,0,Current,level,hac,raw,572,403,0,0.0661,-0.057,0.1892,0.2462,0.2926,0,0,,-0.2503,0.0625,0.0235,2.3811,0,,,0,,
skab_labelled_onset,other__8,other,0,Current,level,naive,adjusted,572,403,6,,,,,,,1,covariate_outside,,,,,,1,1,,,
skab_labelled_onset,other__8,other,0,Current,level,naive,raw,572,403,0,0.0661,-0.0547,0.1868,0.2415,0.2834,0,0,,-0.2503,0.0625,0.0235,2.3811,0,,,0,,
skab_labelled_onset,other__8,other,0,Current,spread,block_bootstrap,adjusted,572,403,6,,,,,,,1,covariate_outside,,,,,,1,1,,,
skab_labelled_onset,other__8,other,0,Current,spread,block_bootstrap,raw,572,403,0,-0.0961,-0.1863,0.0096,0.1958,0.1,0,0,,-0.2503,0.0625,0.0235,2.3811,0,,,0,,
skab_labelled_onset,other__8,other,0,Current,spread,naive,adjusted,572,403,6,,,,,,,1,covariate_outside,,,,,,1,1,,,
skab_labelled_onset,other__8,other,0,Current,spread,naive,raw,572,403,0,-0.0961,-0.1864,-0.0059,0.1805,0.0368,1,0,,-0.2503,0.0625,0.0235,2.3811,0,,,0,,
skab_labelled_onset,other__8,other,0,Pressure,level,block_bootstrap,adjusted,572,403,7,,,,,,,1,no_spread,,,,,,,,,,
skab_labelled_onset,other__8,other,0,Pressure,level,block_bootstrap,raw,572,403,0,,,,,,,1,no_spread,,,,,,,,,,
skab_labelled_onset,other__8,other,0,Pressure,level,ewc,adjusted,572,403,7,,,,,,,1,no_spread,,,,,,,,,,
skab_labelled_onset,other__8,other,0,Pressure,level,ewc,raw,572,403,0,,,,,,,1,no_spread,,,,,,,,,,
skab_labelled_onset,other__8,other,0,Pressure,level,hac,adjusted,572,403,7,,,,,,,1,no_spread,,,,,,,,,,
skab_labelled_onset,other__8,other,0,Pressure,level,hac,raw,572,403,0,,,,,,,1,no_spread,,,,,,,,,,
skab_labelled_onset,other__8,other,0,Pressure,level,naive,adjusted,572,403,7,,,,,,,1,no_spread,,,,,,,,,,
skab_labelled_onset,other__8,other,0,Pressure,level,naive,raw,572,403,0,,,,,,,1,no_spread,,,,,,,,,,
skab_labelled_onset,other__8,other,0,Pressure,spread,block_bootstrap,adjusted,572,403,7,,,,,,,1,no_spread,,,,,,,,,,
skab_labelled_onset,other__8,other,0,Pressure,spread,block_bootstrap,raw,572,403,0,,,,,,,1,no_spread,,,,,,,,,,
skab_labelled_onset,other__8,other,0,Pressure,spread,naive,adjusted,572,403,7,,,,,,,1,no_spread,,,,,,,,,,
skab_labelled_onset,other__8,other,0,Pressure,spread,naive,raw,572,403,0,,,,,,,1,no_spread,,,,,,,,,,
skab_labelled_onset,other__8,other,0,Temperature,level,block_bootstrap,adjusted,572,403,6,,,,,,,1,covariate_outside,,,,,,1,1,,,
skab_labelled_onset,other__8,other,0,Temperature,level,block_bootstrap,raw,572,403,0,-0.1447,-0.4692,0.2166,0.6858,0.48,0,0,,-0.32,0.6513,0.6067,16.3736,0,,,0,,
skab_labelled_onset,other__8,other,0,Temperature,level,ewc,adjusted,572,403,6,,,,,,,1,covariate_outside,,,,,,1,1,,,
skab_labelled_onset,other__8,other,0,Temperature,level,ewc,raw,572,403,0,-0.1447,-0.6158,0.3265,0.9424,0.5393,0,0,,-0.32,0.6513,0.6067,16.3736,0,,,0,,
skab_labelled_onset,other__8,other,0,Temperature,level,hac,adjusted,572,403,6,,,,,,,1,covariate_outside,,,,,,1,1,,,
skab_labelled_onset,other__8,other,0,Temperature,level,hac,raw,572,403,0,-0.1447,-0.5164,0.2271,0.7434,0.4456,0,0,,-0.32,0.6513,0.6067,16.3736,0,,,0,,
skab_labelled_onset,other__8,other,0,Temperature,level,naive,adjusted,572,403,6,,,,,,,1,covariate_outside,,,,,,1,1,,,
skab_labelled_onset,other__8,other,0,Temperature,level,naive,raw,572,403,0,-0.1447,-0.2778,-0.0115,0.2663,0.0332,1,0,,-0.32,0.6513,0.6067,16.3736,0,,,0,,
skab_labelled_onset,other__8,other,0,Temperature,spread,block_bootstrap,adjusted,572,403,6,,,,,,,1,covariate_outside,,,,,,1,1,,,
skab_labelled_onset,other__8,other,0,Temperature,spread,block_bootstrap,raw,572,403,0,0.0721,-0.0152,0.1642,0.1794,0.1,0,0,,-0.32,0.6513,0.6067,16.3736,0,,,0,,
skab_labelled_onset,other__8,other,0,Temperature,spread,naive,adjusted,572,403,6,,,,,,,1,covariate_outside,,,,,,1,1,,,
skab_labelled_onset,other__8,other,0,Temperature,spread,naive,raw,572,403,0,0.0721,-0.0182,0.1623,0.1805,0.1174,0,0,,-0.32,0.6513,0.6067,16.3736,0,,,0,,
skab_labelled_onset,other__8,other,0,Thermocouple,level,block_bootstrap,adjusted,572,403,6,3.569,2.7193,4.0409,1.3216,0.0,1,0,,0.8149,0.8495,0.9447,31.741,0,0,0,0,0.2127,1.7987
skab_labelled_onset,other__8,other,0,Thermocouple,level,block_bootstrap,raw,572,403,0,3.6751,2.9414,4.3069,1.3655,0.0,1,0,,1.6385,0.9564,0.9996,75.6068,0,,,1,,
skab_labelled_onset,other__8,other,0,Thermocouple,level,ewc,adjusted,572,403,6,3.569,2.3339,4.8041,2.4702,0.0,1,0,,0.8149,0.8495,0.9447,31.741,0,0,0,0,0.2127,1.7987
skab_labelled_onset,other__8,other,0,Thermocouple,level,ewc,raw,572,403,0,3.6751,2.5863,4.7639,2.1776,0.0,1,0,,1.6385,0.9564,0.9996,75.6068,0,,,1,,
skab_labelled_onset,other__8,other,0,Thermocouple,level,hac,adjusted,572,403,6,3.569,2.1369,5.0011,2.8642,0.0,1,0,,0.8149,0.8495,0.9447,31.741,0,0,0,0,0.2127,1.7987
skab_labelled_onset,other__8,other,0,Thermocouple,level,hac,raw,572,403,0,3.6751,2.5717,4.7785,2.2068,0.0,1,0,,1.6385,0.9564,0.9996,75.6068,0,,,1,,
skab_labelled_onset,other__8,other,0,Thermocouple,level,naive,adjusted,572,403,6,3.569,3.2558,3.8823,0.6265,0.0,1,0,,0.8149,0.8495,0.9447,31.741,0,0,0,0,0.2127,1.7987
skab_labelled_onset,other__8,other,0,Thermocouple,level,naive,raw,572,403,0,3.6751,3.4336,3.9166,0.4831,0.0,1,0,,1.6385,0.9564,0.9996,75.6068,0,,,1,,
skab_labelled_onset,other__8,other,0,Thermocouple,spread,block_bootstrap,adjusted,572,403,6,1.2577,0.6726,1.2996,0.6269,0.0,1,0,,0.8149,0.8495,0.9447,31.741,0,0,0,0,0.2127,1.7987
skab_labelled_onset,other__8,other,0,Thermocouple,spread,block_bootstrap,raw,572,403,0,0.8446,0.4711,1.0837,0.6125,0.0,1,0,,1.6385,0.9564,0.9996,75.6068,0,,,1,,
skab_labelled_onset,other__8,other,0,Thermocouple,spread,naive,adjusted,572,403,6,1.2577,1.1675,1.348,0.1805,0.0,1,0,,0.8149,0.8495,0.9447,31.741,0,0,0,0,0.2127,1.7987
skab_labelled_onset,other__8,other,0,Thermocouple,spread,naive,raw,572,403,0,0.8446,0.7544,0.9349,0.1805,0.0,1,0,,1.6385,0.9564,0.9996,75.6068,0,,,1,,
skab_labelled_onset,other__8,other,0,Voltage,level,block_bootstrap,adjusted,572,403,6,,,,,,,1,covariate_outside,,,,,,1,1,,,
skab_labelled_onset,other__8,other,0,Voltage,level,block_bootstrap,raw,572,403,0,0.0091,-0.0969,0.1494,0.2463,0.91,0,0,,0.9111,-0.0077,-0.0257,0.5872,0,,,0,,
skab_labelled_onset,other__8,other,0,Voltage,level,ewc,adjusted,572,403,6,,,,,,,1,covariate_outside,,,,,,1,1,,,
skab_labelled_onset,other__8,other,0,Voltage,level,ewc,raw,572,403,0,0.0091,-0.1233,0.1414,0.2647,0.8904,0,0,,0.9111,-0.0077,-0.0257,0.5872,0,,,0,,
skab_labelled_onset,other__8,other,0,Voltage,level,hac,adjusted,572,403,6,,,,,,,1,covariate_outside,,,,,,1,1,,,
skab_labelled_onset,other__8,other,0,Voltage,level,hac,raw,572,403,0,0.0091,-0.1164,0.1346,0.251,0.8871,0,0,,0.9111,-0.0077,-0.0257,0.5872,0,,,0,,
skab_labelled_onset,other__8,other,0,Voltage,level,naive,adjusted,572,403,6,,,,,,,1,covariate_outside,,,,,,1,1,,,
skab_labelled_onset,other__8,other,0,Voltage,level,naive,raw,572,403,0,0.0091,-0.1168,0.135,0.2518,0.8875,0,0,,0.9111,-0.0077,-0.0257,0.5872,0,,,0,,
skab_labelled_onset,other__8,other,0,Voltage,spread,block_bootstrap,adjusted,572,403,6,,,,,,,1,covariate_outside,,,,,,1,1,,,
skab_labelled_onset,other__8,other,0,Voltage,spread,block_bootstrap,raw,572,403,0,-0.0211,-0.1194,0.067,0.1864,0.82,0,0,,0.9111,-0.0077,-0.0257,0.5872,0,,,0,,
skab_labelled_onset,other__8,other,0,Voltage,spread,naive,adjusted,572,403,6,,,,,,,1,covariate_outside,,,,,,1,1,,,
skab_labelled_onset,other__8,other,0,Voltage,spread,naive,raw,572,403,0,-0.0211,-0.1113,0.0691,0.1805,0.6467,0,0,,0.9111,-0.0077,-0.0257,0.5872,0,,,0,,
skab_labelled_onset,other__8,other,0,Volume Flow RateRMS,level,block_bootstrap,adjusted,572,403,6,,,,,,,1,covariate_outside,,,,,,1,1,,,
skab_labelled_onset,other__8,other,0,Volume Flow RateRMS,level,block_bootstrap,raw,572,403,0,0.1055,-0.2283,0.4409,0.6692,0.49,0,0,,11.3719,0.639,0.6896,15.8767,1,,,0,,
skab_labelled_onset,other__8,other,0,Volume Flow RateRMS,level,ewc,adjusted,572,403,6,,,,,,,1,covariate_outside,,,,,,1,1,,,
skab_labelled_onset,other__8,other,0,Volume Flow RateRMS,level,ewc,raw,572,403,0,0.1055,-0.3639,0.575,0.9388,0.6524,0,0,,11.3719,0.639,0.6896,15.8767,1,,,0,,
skab_labelled_onset,other__8,other,0,Volume Flow RateRMS,level,hac,adjusted,572,403,6,,,,,,,1,covariate_outside,,,,,,1,1,,,
skab_labelled_onset,other__8,other,0,Volume Flow RateRMS,level,hac,raw,572,403,0,0.1055,-0.3005,0.5115,0.812,0.6104,0,0,,11.3719,0.639,0.6896,15.8767,1,,,0,,
skab_labelled_onset,other__8,other,0,Volume Flow RateRMS,level,naive,adjusted,572,403,6,,,,,,,1,covariate_outside,,,,,,1,1,,,
skab_labelled_onset,other__8,other,0,Volume Flow RateRMS,level,naive,raw,572,403,0,0.1055,-0.0266,0.2377,0.2644,0.1176,0,0,,11.3719,0.639,0.6896,15.8767,1,,,0,,
skab_labelled_onset,other__8,other,0,Volume Flow RateRMS,spread,block_bootstrap,adjusted,572,403,6,,,,,,,1,covariate_outside,,,,,,1,1,,,
skab_labelled_onset,other__8,other,0,Volume Flow RateRMS,spread,block_bootstrap,raw,572,403,0,0.0604,-0.132,0.2382,0.3703,0.6,0,0,,11.3719,0.639,0.6896,15.8767,1,,,0,,
skab_labelled_onset,other__8,other,0,Volume Flow RateRMS,spread,naive,adjusted,572,403,6,,,,,,,1,covariate_outside,,,,,,1,1,,,
skab_labelled_onset,other__8,other,0,Volume Flow RateRMS,spread,naive,raw,572,403,0,0.0604,-0.0298,0.1506,0.1805,0.1895,0,0,,11.3719,0.639,0.6896,15.8767,1,,,0,,
skab_labelled_onset,other__9,other,0,Accelerometer1RMS,level,block_bootstrap,adjusted,572,401,6,,,,,,,1,covariate_outside,,,,,,1,1,,,
skab_labelled_onset,other__9,other,0,Accelerometer1RMS,level,block_bootstrap,raw,572,401,0,97.9335,90.431,108.1015,17.6705,0.0,1,0,,2.3554,0.6468,0.997,16.192,1,,,1,,
skab_labelled_onset,other__9,other,0,Accelerometer1RMS,level,ewc,adjusted,572,401,6,,,,,,,1,covariate_outside,,,,,,1,1,,,
skab_labelled_onset,other__9,other,0,Accelerometer1RMS,level,ewc,raw,572,401,0,97.9335,84.2515,111.6155,27.364,0.0,1,0,,2.3554,0.6468,0.997,16.192,1,,,1,,
skab_labelled_onset,other__9,other,0,Accelerometer1RMS,level,hac,adjusted,572,401,6,,,,,,,1,covariate_outside,,,,,,1,1,,,
skab_labelled_onset,other__9,other,0,Accelerometer1RMS,level,hac,raw,572,401,0,97.9335,85.2002,110.6668,25.4666,0.0,1,0,,2.3554,0.6468,0.997,16.192,1,,,1,,
skab_labelled_onset,other__9,other,0,Accelerometer1RMS,level,naive,adjusted,572,401,6,,,,,,,1,covariate_outside,,,,,,1,1,,,
skab_labelled_onset,other__9,other,0,Accelerometer1RMS,level,naive,raw,572,401,0,97.9335,94.9543,100.9127,5.9585,0.0,1,0,,2.3554,0.6468,0.997,16.192,1,,,1,,
skab_labelled_onset,other__9,other,0,Accelerometer1RMS,spread,block_bootstrap,adjusted,572,401,6,,,,,,,1,covariate_outside,,,,,,1,1,,,
skab_labelled_onset,other__9,other,0,Accelerometer1RMS,spread,block_bootstrap,raw,572,401,0,3.4153,2.8522,3.6073,0.7551,0.0,1,0,,2.3554,0.6468,0.997,16.192,1,,,1,,
skab_labelled_onset,other__9,other,0,Accelerometer1RMS,spread,naive,adjusted,572,401,6,,,,,,,1,covariate_outside,,,,,,1,1,,,
skab_labelled_onset,other__9,other,0,Accelerometer1RMS,spread,naive,raw,572,401,0,3.4153,3.325,3.5057,0.1807,0.0,1,0,,2.3554,0.6468,0.997,16.192,1,,,1,,
skab_labelled_onset,other__9,other,0,Accelerometer2RMS,level,block_bootstrap,adjusted,572,401,6,,,,,,,1,covariate_outside,,,,,,1,1,,,
skab_labelled_onset,other__9,other,0,Accelerometer2RMS,level,block_bootstrap,raw,572,401,0,97.0252,89.4758,107.4658,17.99,0.0,1,0,,3.6524,0.3313,0.9962,7.8042,1,,,1,,
skab_labelled_onset,other__9,other,0,Accelerometer2RMS,level,ewc,adjusted,572,401,6,,,,,,,1,covariate_outside,,,,,,1,1,,,
skab_labelled_onset,other__9,other,0,Accelerometer2RMS,level,ewc,raw,572,401,0,97.0252,83.1211,110.9293,27.8083,0.0,1,0,,3.6524,0.3313,0.9962,7.8042,1,,,1,,
skab_labelled_onset,other__9,other,0,Accelerometer2RMS,level,hac,adjusted,572,401,6,,,,,,,1,covariate_outside,,,,,,1,1,,,
skab_labelled_onset,other__9,other,0,Accelerometer2RMS,level,hac,raw,572,401,0,97.0252,83.3802,110.6702,27.2901,0.0,1,0,,3.6524,0.3313,0.9962,7.8042,1,,,1,,
skab_labelled_onset,other__9,other,0,Accelerometer2RMS,level,naive,adjusted,572,401,6,,,,,,,1,covariate_outside,,,,,,1,1,,,
skab_labelled_onset,other__9,other,0,Accelerometer2RMS,level,naive,raw,572,401,0,97.0252,93.9927,100.0577,6.065,0.0,1,0,,3.6524,0.3313,0.9962,7.8042,1,,,1,,
skab_labelled_onset,other__9,other,0,Accelerometer2RMS,spread,block_bootstrap,adjusted,572,401,6,,,,,,,1,covariate_outside,,,,,,1,1,,,
skab_labelled_onset,other__9,other,0,Accelerometer2RMS,spread,block_bootstrap,raw,572,401,0,3.4331,2.8615,3.6101,0.7486,0.0,1,0,,3.6524,0.3313,0.9962,7.8042,1,,,1,,
skab_labelled_onset,other__9,other,0,Accelerometer2RMS,spread,naive,adjusted,572,401,6,,,,,,,1,covariate_outside,,,,,,1,1,,,
skab_labelled_onset,other__9,other,0,Accelerometer2RMS,spread,naive,raw,572,401,0,3.4331,3.3427,3.5234,0.1807,0.0,1,0,,3.6524,0.3313,0.9962,7.8042,1,,,1,,
skab_labelled_onset,other__9,other,0,Current,level,block_bootstrap,adjusted,572,401,6,,,,,,,1,covariate_outside,,,,,,1,1,,,
skab_labelled_onset,other__9,other,0,Current,level,block_bootstrap,raw,572,401,0,0.1109,-0.0418,0.2598,0.3016,0.16,0,0,,-2.6992,0.0376,0.0496,1.6936,1,,,0,,
skab_labelled_onset,other__9,other,0,Current,level,ewc,adjusted,572,401,6,,,,,,,1,covariate_outside,,,,,,1,1,,,
skab_labelled_onset,other__9,other,0,Current,level,ewc,raw,572,401,0,0.1109,-0.071,0.2927,0.3637,0.2253,0,0,,-2.6992,0.0376,0.0496,1.6936,1,,,0,,
skab_labelled_onset,other__9,other,0,Current,level,hac,adjusted,572,401,6,,,,,,,1,covariate_outside,,,,,,1,1,,,
skab_labelled_onset,other__9,other,0,Current,level,hac,raw,572,401,0,0.1109,-0.0201,0.2419,0.262,0.0972,0,0,,-2.6992,0.0376,0.0496,1.6936,1,,,0,,
skab_labelled_onset,other__9,other,0,Current,level,naive,adjusted,572,401,6,,,,,,,1,covariate_outside,,,,,,1,1,,,
skab_labelled_onset,other__9,other,0,Current,level,naive,raw,572,401,0,0.1109,-0.0178,0.2395,0.2574,0.0913,0,0,,-2.6992,0.0376,0.0496,1.6936,1,,,0,,
skab_labelled_onset,other__9,other,0,Current,spread,block_bootstrap,adjusted,572,401,6,,,,,,,1,covariate_outside,,,,,,1,1,,,
skab_labelled_onset,other__9,other,0,Current,spread,block_bootstrap,raw,572,401,0,0.0135,-0.1021,0.1086,0.2107,0.92,0,0,,-2.6992,0.0376,0.0496,1.6936,1,,,0,,
skab_labelled_onset,other__9,other,0,Current,spread,naive,adjusted,572,401,6,,,,,,,1,covariate_outside,,,,,,1,1,,,
skab_labelled_onset,other__9,other,0,Current,spread,naive,raw,572,401,0,0.0135,-0.0768,0.1039,0.1807,0.7691,0,0,,-2.6992,0.0376,0.0496,1.6936,1,,,0,,
skab_labelled_onset,other__9,other,0,Pressure,level,block_bootstrap,adjusted,572,401,7,,,,,,,1,no_spread,,,,,,,,,,
skab_labelled_onset,other__9,other,0,Pressure,level,block_bootstrap,raw,572,401,0,,,,,,,1,no_spread,,,,,,,,,,
skab_labelled_onset,other__9,other,0,Pressure,level,ewc,adjusted,572,401,7,,,,,,,1,no_spread,,,,,,,,,,
skab_labelled_onset,other__9,other,0,Pressure,level,ewc,raw,572,401,0,,,,,,,1,no_spread,,,,,,,,,,
skab_labelled_onset,other__9,other,0,Pressure,level,hac,adjusted,572,401,7,,,,,,,1,no_spread,,,,,,,,,,
skab_labelled_onset,other__9,other,0,Pressure,level,hac,raw,572,401,0,,,,,,,1,no_spread,,,,,,,,,,
skab_labelled_onset,other__9,other,0,Pressure,level,naive,adjusted,572,401,7,,,,,,,1,no_spread,,,,,,,,,,
skab_labelled_onset,other__9,other,0,Pressure,level,naive,raw,572,401,0,,,,,,,1,no_spread,,,,,,,,,,
skab_labelled_onset,other__9,other,0,Pressure,spread,block_bootstrap,adjusted,572,401,7,,,,,,,1,no_spread,,,,,,,,,,
skab_labelled_onset,other__9,other,0,Pressure,spread,block_bootstrap,raw,572,401,0,,,,,,,1,no_spread,,,,,,,,,,
skab_labelled_onset,other__9,other,0,Pressure,spread,naive,adjusted,572,401,7,,,,,,,1,no_spread,,,,,,,,,,
skab_labelled_onset,other__9,other,0,Pressure,spread,naive,raw,572,401,0,,,,,,,1,no_spread,,,,,,,,,,
skab_labelled_onset,other__9,other,0,Temperature,level,block_bootstrap,adjusted,572,401,6,,,,,,,1,covariate_outside,,,,,,1,1,,,
skab_labelled_onset,other__9,other,0,Temperature,level,block_bootstrap,raw,572,401,0,-2.2424,-2.5357,-1.9767,0.559,0.0,1,0,,-8.4821,0.8519,0.7501,32.1042,1,,,0,,
skab_labelled_onset,other__9,other,0,Temperature,level,ewc,adjusted,572,401,6,,,,,,,1,covariate_outside,,,,,,1,1,,,
skab_labelled_onset,other__9,other,0,Temperature,level,ewc,raw,572,401,0,-2.2424,-2.7157,-1.7692,0.9465,0.0,1,0,,-8.4821,0.8519,0.7501,32.1042,1,,,0,,
skab_labelled_onset,other__9,other,0,Temperature,level,hac,adjusted,572,401,6,,,,,,,1,covariate_outside,,,,,,1,1,,,
skab_labelled_onset,other__9,other,0,Temperature,level,hac,raw,572,401,0,-2.2424,-2.7278,-1.757,0.9708,0.0,1,0,,-8.4821,0.8519,0.7501,32.1042,1,,,0,,
skab_labelled_onset,other__9,other,0,Temperature,level,naive,adjusted,572,401,6,,,,,,,1,covariate_outside,,,,,,1,1,,,
skab_labelled_onset,other__9,other,0,Temperature,level,naive,raw,572,401,0,-2.2424,-2.3579,-2.127,0.2309,0.0,1,0,,-8.4821,0.8519,0.7501,32.1042,1,,,0,,
skab_labelled_onset,other__9,other,0,Temperature,spread,block_bootstrap,adjusted,572,401,6,,,,,,,1,covariate_outside,,,,,,1,1,,,
skab_labelled_onset,other__9,other,0,Temperature,spread,block_bootstrap,raw,572,401,0,-0.1852,-0.3784,-0.0242,0.3542,0.02,1,0,,-8.4821,0.8519,0.7501,32.1042,1,,,0,,
skab_labelled_onset,other__9,other,0,Temperature,spread,naive,adjusted,572,401,6,,,,,,,1,covariate_outside,,,,,,1,1,,,
skab_labelled_onset,other__9,other,0,Temperature,spread,naive,raw,572,401,0,-0.1852,-0.2756,-0.0949,0.1807,0.0001,1,0,,-8.4821,0.8519,0.7501,32.1042,1,,,0,,
skab_labelled_onset,other__9,other,0,Thermocouple,level,block_bootstrap,adjusted,572,401,6,,,,,,,1,covariate_outside,,,,,,1,1,,,
skab_labelled_onset,other__9,other,0,Thermocouple,level,block_bootstrap,raw,572,401,0,-2.6777,-2.995,-2.3683,0.6267,0.0,1,0,,-3.9437,0.9989,0.9948,571.0,1,,,1,,
skab_labelled_onset,other__9,other,0,Thermocouple,level,ewc,adjusted,572,401,6,,,,,,,1,covariate_outside,,,,,,1,1,,,
skab_labelled_onset,other__9,other,0,Thermocouple,level,ewc,raw,572,401,0,-2.6777,-3.163,-2.1924,0.9705,0.0,1,0,,-3.9437,0.9989,0.9948,571.0,1,,,1,,
skab_labelled_onset,other__9,other,0,Thermocouple,level,hac,adjusted,572,401,6,,,,,,,1,covariate_outside,,,,,,1,1,,,
skab_labelled_onset,other__9,other,0,Thermocouple,level,hac,raw,572,401,0,-2.6777,-3.5814,-1.7741,1.8073,0.0,1,0,,-3.9437,0.9989,0.9948,571.0,1,,,1,,
skab_labelled_onset,other__9,other,0,Thermocouple,level,naive,adjusted,572,401,6,,,,,,,1,covariate_outside,,,,,,1,1,,,
skab_labelled_onset,other__9,other,0,Thermocouple,level,naive,raw,572,401,0,-2.6777,-2.783,-2.5724,0.2106,0.0,1,0,,-3.9437,0.9989,0.9948,571.0,1,,,1,,
skab_labelled_onset,other__9,other,0,Thermocouple,spread,block_bootstrap,adjusted,572,401,6,,,,,,,1,covariate_outside,,,,,,1,1,,,
skab_labelled_onset,other__9,other,0,Thermocouple,spread,block_bootstrap,raw,572,401,0,-0.3918,-0.6921,-0.1094,0.5827,0.01,1,0,,-3.9437,0.9989,0.9948,571.0,1,,,1,,
skab_labelled_onset,other__9,other,0,Thermocouple,spread,naive,adjusted,572,401,6,,,,,,,1,covariate_outside,,,,,,1,1,,,
skab_labelled_onset,other__9,other,0,Thermocouple,spread,naive,raw,572,401,0,-0.3918,-0.4822,-0.3015,0.1807,0.0,1,0,,-3.9437,0.9989,0.9948,571.0,1,,,1,,
skab_labelled_onset,other__9,other,0,Voltage,level,block_bootstrap,adjusted,572,401,6,,,,,,,1,covariate_outside,,,,,,1,1,,,
skab_labelled_onset,other__9,other,0,Voltage,level,block_bootstrap,raw,572,401,0,-0.0639,-0.2069,0.0414,0.2483,0.26,0,0,,-0.9191,0.0581,0.0219,2.2685,0,,,0,,
skab_labelled_onset,other__9,other,0,Voltage,level,ewc,adjusted,572,401,6,,,,,,,1,covariate_outside,,,,,,1,1,,,
skab_labelled_onset,other__9,other,0,Voltage,level,ewc,raw,572,401,0,-0.0639,-0.1851,0.0573,0.2423,0.294,0,0,,-0.9191,0.0581,0.0219,2.2685,0,,,0,,
skab_labelled_onset,other__9,other,0,Voltage,level,hac,adjusted,572,401,6,,,,,,,1,covariate_outside,,,,,,1,1,,,
skab_labelled_onset,other__9,other,0,Voltage,level,hac,raw,572,401,0,-0.0639,-0.1968,0.069,0.2657,0.346,0,0,,-0.9191,0.0581,0.0219,2.2685,0,,,0,,
skab_labelled_onset,other__9,other,0,Voltage,level,naive,adjusted,572,401,6,,,,,,,1,covariate_outside,,,,,,1,1,,,
skab_labelled_onset,other__9,other,0,Voltage,level,naive,raw,572,401,0,-0.0639,-0.1953,0.0675,0.2627,0.3405,0,0,,-0.9191,0.0581,0.0219,2.2685,0,,,0,,
skab_labelled_onset,other__9,other,0,Voltage,spread,block_bootstrap,adjusted,572,401,6,,,,,,,1,covariate_outside,,,,,,1,1,,,
skab_labelled_onset,other__9,other,0,Voltage,spread,block_bootstrap,raw,572,401,0,0.0478,-0.0353,0.1297,0.165,0.3,0,0,,-0.9191,0.0581,0.0219,2.2685,0,,,0,,
skab_labelled_onset,other__9,other,0,Voltage,spread,naive,adjusted,572,401,6,,,,,,,1,covariate_outside,,,,,,1,1,,,
skab_labelled_onset,other__9,other,0,Voltage,spread,naive,raw,572,401,0,0.0478,-0.0425,0.1382,0.1807,0.2995,0,0,,-0.9191,0.0581,0.0219,2.2685,0,,,0,,
skab_labelled_onset,other__9,other,0,Volume Flow RateRMS,level,block_bootstrap,adjusted,572,401,6,,,,,,,1,covariate_outside,,,,,,1,1,,,
skab_labelled_onset,other__9,other,0,Volume Flow RateRMS,level,block_bootstrap,raw,572,401,0,-5.0831,-5.7101,-4.4723,1.2378,0.0,1,0,,-1.162,0.312,0.8439,7.4281,0,,,0,,
skab_labelled_onset,other__9,other,0,Volume Flow RateRMS,level,ewc,adjusted,572,401,6,,,,,,,1,covariate_outside,,,,,,1,1,,,
skab_labelled_onset,other__9,other,0,Volume Flow RateRMS,level,ewc,raw,572,401,0,-5.0831,-6.0071,-4.1591,1.8479,0.0,1,0,,-1.162,0.312,0.8439,7.4281,0,,,0,,
skab_labelled_onset,other__9,other,0,Volume Flow RateRMS,level,hac,adjusted,572,401,6,,,,,,,1,covariate_outside,,,,,,1,1,,,
skab_labelled_onset,other__9,other,0,Volume Flow RateRMS,level,hac,raw,572,401,0,-5.0831,-6.0554,-4.1109,1.9445,0.0,1,0,,-1.162,0.312,0.8439,7.4281,0,,,0,,
skab_labelled_onset,other__9,other,0,Volume Flow RateRMS,level,naive,adjusted,572,401,6,,,,,,,1,covariate_outside,,,,,,1,1,,,
skab_labelled_onset,other__9,other,0,Volume Flow RateRMS,level,naive,raw,572,401,0,-5.0831,-5.3159,-4.8504,0.4655,0.0,1,0,,-1.162,0.312,0.8439,7.4281,0,,,0,,
skab_labelled_onset,other__9,other,0,Volume Flow RateRMS,spread,block_bootstrap,adjusted,572,401,6,,,,,,,1,covariate_outside,,,,,,1,1,,,
skab_labelled_onset,other__9,other,0,Volume Flow RateRMS,spread,block_bootstrap,raw,572,401,0,0.8001,0.5633,0.9372,0.3739,0.0,1,0,,-1.162,0.312,0.8439,7.4281,0,,,0,,
skab_labelled_onset,other__9,other,0,Volume Flow RateRMS,spread,naive,adjusted,572,401,6,,,,,,,1,covariate_outside,,,,,,1,1,,,
skab_labelled_onset,other__9,other,0,Volume Flow RateRMS,spread,naive,raw,572,401,0,0.8001,0.7098,0.8905,0.1807,0.0,1,0,,-1.162,0.312,0.8439,7.4281,0,,,0,,
skab_labelled_onset,valve1__0,valve1,0,Accelerometer1RMS,level,block_bootstrap,adjusted,573,401,5,,,,,,,1,covariate_outside,,,,,,1,1,,,
skab_labelled_onset,valve1__0,valve1,0,Accelerometer1RMS,level,block_bootstrap,raw,573,401,0,0.6691,0.4632,0.8715,0.4083,0.0,1,0,,5.9426,0.3216,0.1558,7.6189,1,,,0,,
skab_labelled_onset,valve1__0,valve1,0,Accelerometer1RMS,level,ewc,adjusted,573,401,5,,,,,,,1,covariate_outside,,,,,,1,1,,,
skab_labelled_onset,valve1__0,valve1,0,Accelerometer1RMS,level,ewc,raw,573,401,0,0.6691,0.3886,0.9497,0.5612,0.0,1,0,,5.9426,0.3216,0.1558,7.6189,1,,,0,,
skab_labelled_onset,valve1__0,valve1,0,Accelerometer1RMS,level,hac,adjusted,573,401,5,,,,,,,1,covariate_outside,,,,,,1,1,,,
skab_labelled_onset,valve1__0,valve1,0,Accelerometer1RMS,level,hac,raw,573,401,0,0.6691,0.4788,0.8594,0.3806,0.0,1,0,,5.9426,0.3216,0.1558,7.6189,1,,,0,,
skab_labelled_onset,valve1__0,valve1,0,Accelerometer1RMS,level,naive,adjusted,573,401,5,,,,,,,1,covariate_outside,,,,,,1,1,,,
skab_labelled_onset,valve1__0,valve1,0,Accelerometer1RMS,level,naive,raw,573,401,0,0.6691,0.5459,0.7923,0.2464,0.0,1,0,,5.9426,0.3216,0.1558,7.6189,1,,,0,,
skab_labelled_onset,valve1__0,valve1,0,Accelerometer1RMS,spread,block_bootstrap,adjusted,573,401,5,,,,,,,1,covariate_outside,,,,,,1,1,,,
skab_labelled_onset,valve1__0,valve1,0,Accelerometer1RMS,spread,block_bootstrap,raw,573,401,0,-0.0612,-0.149,0.0399,0.1889,0.21,0,0,,5.9426,0.3216,0.1558,7.6189,1,,,0,,
skab_labelled_onset,valve1__0,valve1,0,Accelerometer1RMS,spread,naive,adjusted,573,401,5,,,,,,,1,covariate_outside,,,,,,1,1,,,
skab_labelled_onset,valve1__0,valve1,0,Accelerometer1RMS,spread,naive,raw,573,401,0,-0.0612,-0.1515,0.0291,0.1807,0.1841,0,0,,5.9426,0.3216,0.1558,7.6189,1,,,0,,
skab_labelled_onset,valve1__0,valve1,0,Accelerometer2RMS,level,block_bootstrap,adjusted,573,401,5,,,,,,,1,covariate_outside,,,,,,1,1,,,
skab_labelled_onset,valve1__0,valve1,0,Accelerometer2RMS,level,block_bootstrap,raw,573,401,0,-0.2308,-0.4626,0.0168,0.4794,0.1,0,0,,-1.8068,0.5551,0.5376,13.0311,0,,,0,,
skab_labelled_onset,valve1__0,valve1,0,Accelerometer2RMS,level,ewc,adjusted,573,401,5,,,,,,,1,covariate_outside,,,,,,1,1,,,
skab_labelled_onset,valve1__0,valve1,0,Accelerometer2RMS,level,ewc,raw,573,401,0,-0.2308,-0.5467,0.0851,0.6318,0.1477,0,0,,-1.8068,0.5551,0.5376,13.0311,0,,,0,,
skab_labelled_onset,valve1__0,valve1,0,Accelerometer2RMS,level,hac,adjusted,573,401,5,,,,,,,1,covariate_outside,,,,,,1,1,,,
skab_labelled_onset,valve1__0,valve1,0,Accelerometer2RMS,level,hac,raw,573,401,0,-0.2308,-0.5112,0.0496,0.5607,0.1066,0,0,,-1.8068,0.5551,0.5376,13.0311,0,,,0,,
skab_labelled_onset,valve1__0,valve1,0,Accelerometer2RMS,level,naive,adjusted,573,401,5,,,,,,,1,covariate_outside,,,,,,1,1,,,
skab_labelled_onset,valve1__0,valve1,0,Accelerometer2RMS,level,naive,raw,573,401,0,-0.2308,-0.3547,-0.1069,0.2477,0.0003,1,0,,-1.8068,0.5551,0.5376,13.0311,0,,,0,,
skab_labelled_onset,valve1__0,valve1,0,Accelerometer2RMS,spread,block_bootstrap,adjusted,573,401,5,,,,,,,1,covariate_outside,,,,,,1,1,,,
skab_labelled_onset,valve1__0,valve1,0,Accelerometer2RMS,spread,block_bootstrap,raw,573,401,0,-0.0517,-0.1466,0.0605,0.2071,0.39,0,0,,-1.8068,0.5551,0.5376,13.0311,0,,,0,,
skab_labelled_onset,valve1__0,valve1,0,Accelerometer2RMS,spread,naive,adjusted,573,401,5,,,,,,,1,covariate_outside,,,,,,1,1,,,
skab_labelled_onset,valve1__0,valve1,0,Accelerometer2RMS,spread,naive,raw,573,401,0,-0.0517,-0.1421,0.0386,0.1807,0.2616,0,0,,-1.8068,0.5551,0.5376,13.0311,0,,,0,,
skab_labelled_onset,valve1__0,valve1,0,Current,level,block_bootstrap,adjusted,573,401,5,,,,,,,1,covariate_outside,,,,,,1,1,,,
skab_labelled_onset,valve1__0,valve1,0,Current,level,block_bootstrap,raw,573,401,0,-0.0666,-0.3158,0.126,0.4419,0.46,0,0,,1.2475,0.363,0.361,8.4394,0,,,0,,
skab_labelled_onset,valve1__0,valve1,0,Current,level,ewc,adjusted,573,401,5,,,,,,,1,covariate_outside,,,,,,1,1,,,
skab_labelled_onset,valve1__0,valve1,0,Current,level,ewc,raw,573,401,0,-0.0666,-0.4349,0.3017,0.7367,0.7176,0,0,,1.2475,0.363,0.361,8.4394,0,,,0,,
skab_labelled_onset,valve1__0,valve1,0,Current,level,hac,adjusted,573,401,5,,,,,,,1,covariate_outside,,,,,,1,1,,,
skab_labelled_onset,valve1__0,valve1,0,Current,level,hac,raw,573,401,0,-0.0666,-0.3031,0.1699,0.4729,0.5809,0,0,,1.2475,0.363,0.361,8.4394,0,,,0,,
skab_labelled_onset,valve1__0,valve1,0,Current,level,naive,adjusted,573,401,5,,,,,,,1,covariate_outside,,,,,,1,1,,,
skab_labelled_onset,valve1__0,valve1,0,Current,level,naive,raw,573,401,0,-0.0666,-0.1925,0.0593,0.2518,0.2998,0,0,,1.2475,0.363,0.361,8.4394,0,,,0,,
skab_labelled_onset,valve1__0,valve1,0,Current,spread,block_bootstrap,adjusted,573,401,5,,,,,,,1,covariate_outside,,,,,,1,1,,,
skab_labelled_onset,valve1__0,valve1,0,Current,spread,block_bootstrap,raw,573,401,0,-0.0231,-0.1056,0.0462,0.1518,0.48,0,0,,1.2475,0.363,0.361,8.4394,0,,,0,,
skab_labelled_onset,valve1__0,valve1,0,Current,spread,naive,adjusted,573,401,5,,,,,,,1,covariate_outside,,,,,,1,1,,,
skab_labelled_onset,valve1__0,valve1,0,Current,spread,naive,raw,573,401,0,-0.0231,-0.1134,0.0672,0.1807,0.6161,0,0,,1.2475,0.363,0.361,8.4394,0,,,0,,
skab_labelled_onset,valve1__0,valve1,0,Pressure,level,block_bootstrap,adjusted,573,401,6,,,,,,,1,no_spread,,,,,,,,,,
skab_labelled_onset,valve1__0,valve1,0,Pressure,level,block_bootstrap,raw,573,401,0,,,,,,,1,no_spread,,,,,,,,,,
skab_labelled_onset,valve1__0,valve1,0,Pressure,level,ewc,adjusted,573,401,6,,,,,,,1,no_spread,,,,,,,,,,
skab_labelled_onset,valve1__0,valve1,0,Pressure,level,ewc,raw,573,401,0,,,,,,,1,no_spread,,,,,,,,,,
skab_labelled_onset,valve1__0,valve1,0,Pressure,level,hac,adjusted,573,401,6,,,,,,,1,no_spread,,,,,,,,,,
skab_labelled_onset,valve1__0,valve1,0,Pressure,level,hac,raw,573,401,0,,,,,,,1,no_spread,,,,,,,,,,
skab_labelled_onset,valve1__0,valve1,0,Pressure,level,naive,adjusted,573,401,6,,,,,,,1,no_spread,,,,,,,,,,
skab_labelled_onset,valve1__0,valve1,0,Pressure,level,naive,raw,573,401,0,,,,,,,1,no_spread,,,,,,,,,,
skab_labelled_onset,valve1__0,valve1,0,Pressure,spread,block_bootstrap,adjusted,573,401,6,,,,,,,1,no_spread,,,,,,,,,,
skab_labelled_onset,valve1__0,valve1,0,Pressure,spread,block_bootstrap,raw,573,401,0,,,,,,,1,no_spread,,,,,,,,,,
skab_labelled_onset,valve1__0,valve1,0,Pressure,spread,naive,adjusted,573,401,6,,,,,,,1,no_spread,,,,,,,,,,
skab_labelled_onset,valve1__0,valve1,0,Pressure,spread,naive,raw,573,401,0,,,,,,,1,no_spread,,,,,,,,,,
skab_labelled_onset,valve1__0,valve1,0,Temperature,level,block_bootstrap,adjusted,573,401,5,,,,,,,1,covariate_outside,,,,,,1,1,,,
skab_labelled_onset,valve1__0,valve1,0,Temperature,level,block_bootstrap,raw,573,401,0,-6.9366,-7.7949,-6.1651,1.6298,0.0,1,0,,-5.1408,0.9591,0.9864,78.951,1,,,1,,
skab_labelled_onset,valve1__0,valve1,0,Temperature,level,ewc,adjusted,573,401,5,,,,,,,1,covariate_outside,,,,,,1,1,,,
skab_labelled_onset,valve1__0,valve1,0,Temperature,level,ewc,raw,573,401,0,-6.9366,-8.1781,-5.6951,2.483,0.0,1,0,,-5.1408,0.9591,0.9864,78.951,1,,,1,,
skab_labelled_onset,valve1__0,valve1,0,Temperature,level,hac,adjusted,573,401,5,,,,,,,1,covariate_outside,,,,,,1,1,,,
skab_labelled_onset,valve1__0,valve1,0,Temperature,level,hac,raw,573,401,0,-6.9366,-8.8868,-4.9864,3.9005,0.0,1,0,,-5.1408,0.9591,0.9864,78.951,1,,,1,,
skab_labelled_onset,valve1__0,valve1,0,Temperature,level,naive,adjusted,573,401,5,,,,,,,1,covariate_outside,,,,,,1,1,,,
skab_labelled_onset,valve1__0,valve1,0,Temperature,level,naive,raw,573,401,0,-6.9366,-7.2074,-6.6657,0.5417,0.0,1,0,,-5.1408,0.9591,0.9864,78.951,1,,,1,,
skab_labelled_onset,valve1__0,valve1,0,Temperature,spread,block_bootstrap,adjusted,573,401,5,,,,,,,1,covariate_outside,,,,,,1,1,,,
skab_labelled_onset,valve1__0,valve1,0,Temperature,spread,block_bootstrap,raw,573,401,0,0.97,0.576,1.18,0.604,0.0,1,0,,-5.1408,0.9591,0.9864,78.951,1,,,1,,
skab_labelled_onset,valve1__0,valve1,0,Temperature,spread,naive,adjusted,573,401,5,,,,,,,1,covariate_outside,,,,,,1,1,,,
skab_labelled_onset,valve1__0,valve1,0,Temperature,spread,naive,raw,573,401,0,0.97,0.8796,1.0603,0.1807,0.0,1,0,,-5.1408,0.9591,0.9864,78.951,1,,,1,,
skab_labelled_onset,valve1__0,valve1,0,Thermocouple,level,block_bootstrap,adjusted,573,401,5,,,,,,,1,covariate_outside,,,,,,1,1,,,
skab_labelled_onset,valve1__0,valve1,0,Thermocouple,level,block_bootstrap,raw,573,401,0,-2.1696,-2.5887,-1.7646,0.8241,0.0,1,0,,-7.6717,0.9927,0.9915,251.3816,1,,,1,,
skab_labelled_onset,valve1__0,valve1,0,Thermocouple,level,ewc,adjusted,573,401,5,,,,,,,1,covariate_outside,,,,,,1,1,,,
skab_labelled_onset,valve1__0,valve1,0,Thermocouple,level,ewc,raw,573,401,0,-2.1696,-2.8005,-1.5386,1.2619,0.0,1,0,,-7.6717,0.9927,0.9915,251.3816,1,,,1,,
skab_labelled_onset,valve1__0,valve1,0,Thermocouple,level,hac,adjusted,573,401,5,,,,,,,1,covariate_outside,,,,,,1,1,,,
skab_labelled_onset,valve1__0,valve1,0,Thermocouple,level,hac,raw,573,401,0,-2.1696,-3.6016,-0.7375,2.8641,0.003,1,0,,-7.6717,0.9927,0.9915,251.3816,1,,,1,,
skab_labelled_onset,valve1__0,valve1,0,Thermocouple,level,naive,adjusted,573,401,5,,,,,,,1,covariate_outside,,,,,,1,1,,,
skab_labelled_onset,valve1__0,valve1,0,Thermocouple,level,naive,raw,573,401,0,-2.1696,-2.308,-2.0312,0.2768,0.0,1,0,,-7.6717,0.9927,0.9915,251.3816,1,,,1,,
skab_labelled_onset,valve1__0,valve1,0,Thermocouple,spread,block_bootstrap,adjusted,573,401,5,,,,,,,1,covariate_outside,,,,,,1,1,,,
skab_labelled_onset,valve1__0,valve1,0,Thermocouple,spread,block_bootstrap,raw,573,401,0,0.1312,-0.2548,0.3521,0.6069,0.3,0,0,,-7.6717,0.9927,0.9915,251.3816,1,,,1,,
skab_labelled_onset,valve1__0,valve1,0,Thermocouple,spread,naive,adjusted,573,401,5,,,,,,,1,covariate_outside,,,,,,1,1,,,
skab_labelled_onset,valve1__0,valve1,0,Thermocouple,spread,naive,raw,573,401,0,0.1312,0.0409,0.2216,0.1807,0.0044,1,0,,-7.6717,0.9927,0.9915,251.3816,1,,,1,,
skab_labelled_onset,valve1__0,valve1,0,Voltage,level,block_bootstrap,adjusted,573,401,5,,,,,,,1,covariate_outside,,,,,,1,1,,,
skab_labelled_onset,valve1__0,valve1,0,Voltage,level,block_bootstrap,raw,573,401,0,-0.1075,-0.2343,-0.0118,0.2225,0.03,1,0,,-0.6731,-0.0113,-0.0477,0.7592,0,,,0,,
skab_labelled_onset,valve1__0,valve1,0,Voltage,level,ewc,adjusted,573,401,5,,,,,,,1,covariate_outside,,,,,,1,1,,,
skab_labelled_onset,valve1__0,valve1,0,Voltage,level,ewc,raw,573,401,0,-0.1075,-0.2386,0.0236,0.2622,0.1058,0,0,,-0.6731,-0.0113,-0.0477,0.7592,0,,,0,,
skab_labelled_onset,valve1__0,valve1,0,Voltage,level,hac,adjusted,573,401,5,,,,,,,1,covariate_outside,,,,,,1,1,,,
skab_labelled_onset,valve1__0,valve1,0,Voltage,level,hac,raw,573,401,0,-0.1075,-0.2362,0.0213,0.2575,0.1018,0,0,,-0.6731,-0.0113,-0.0477,0.7592,0,,,0,,
skab_labelled_onset,valve1__0,valve1,0,Voltage,level,naive,adjusted,573,401,5,,,,,,,1,covariate_outside,,,,,,1,1,,,
skab_labelled_onset,valve1__0,valve1,0,Voltage,level,naive,raw,573,401,0,-0.1075,-0.238,0.023,0.261,0.1065,0,0,,-0.6731,-0.0113,-0.0477,0.7592,0,,,0,,
skab_labelled_onset,valve1__0,valve1,0,Voltage,spread,block_bootstrap,adjusted,573,401,5,,,,,,,1,covariate_outside,,,,,,1,1,,,
skab_labelled_onset,valve1__0,valve1,0,Voltage,spread,block_bootstrap,raw,573,401,0,0.0377,-0.0585,0.1139,0.1724,0.44,0,0,,-0.6731,-0.0113,-0.0477,0.7592,0,,,0,,
skab_labelled_onset,valve1__0,valve1,0,Voltage,spread,naive,adjusted,573,401,5,,,,,,,1,covariate_outside,,,,,,1,1,,,
skab_labelled_onset,valve1__0,valve1,0,Voltage,spread,naive,raw,573,401,0,0.0377,-0.0526,0.1281,0.1807,0.4128,0,0,,-0.6731,-0.0113,-0.0477,0.7592,0,,,0,,
skab_labelled_onset,valve1__0,valve1,0,Volume Flow RateRMS,level,block_bootstrap,adjusted,573,401,6,,,,,,,1,no_spread,,,,,,,,,,
skab_labelled_onset,valve1__0,valve1,0,Volume Flow RateRMS,level,block_bootstrap,raw,573,401,0,,,,,,,1,no_spread,,,,,,,,,,
skab_labelled_onset,valve1__0,valve1,0,Volume Flow RateRMS,level,ewc,adjusted,573,401,6,,,,,,,1,no_spread,,,,,,,,,,
skab_labelled_onset,valve1__0,valve1,0,Volume Flow RateRMS,level,ewc,raw,573,401,0,,,,,,,1,no_spread,,,,,,,,,,
skab_labelled_onset,valve1__0,valve1,0,Volume Flow RateRMS,level,hac,adjusted,573,401,6,,,,,,,1,no_spread,,,,,,,,,,
skab_labelled_onset,valve1__0,valve1,0,Volume Flow RateRMS,level,hac,raw,573,401,0,,,,,,,1,no_spread,,,,,,,,,,
skab_labelled_onset,valve1__0,valve1,0,Volume Flow RateRMS,level,naive,adjusted,573,401,6,,,,,,,1,no_spread,,,,,,,,,,
skab_labelled_onset,valve1__0,valve1,0,Volume Flow RateRMS,level,naive,raw,573,401,0,,,,,,,1,no_spread,,,,,,,,,,
skab_labelled_onset,valve1__0,valve1,0,Volume Flow RateRMS,spread,block_bootstrap,adjusted,573,401,6,,,,,,,1,no_spread,,,,,,,,,,
skab_labelled_onset,valve1__0,valve1,0,Volume Flow RateRMS,spread,block_bootstrap,raw,573,401,0,,,,,,,1,no_spread,,,,,,,,,,
skab_labelled_onset,valve1__0,valve1,0,Volume Flow RateRMS,spread,naive,adjusted,573,401,6,,,,,,,1,no_spread,,,,,,,,,,
skab_labelled_onset,valve1__0,valve1,0,Volume Flow RateRMS,spread,naive,raw,573,401,0,,,,,,,1,no_spread,,,,,,,,,,
skab_labelled_onset,valve1__1,valve1,0,Accelerometer1RMS,level,block_bootstrap,adjusted,572,402,5,,,,,,,1,covariate_outside,,,,,,1,1,,,
skab_labelled_onset,valve1__1,valve1,0,Accelerometer1RMS,level,block_bootstrap,raw,572,402,0,0.1347,-0.1042,0.3212,0.4254,0.32,0,0,,2.0544,0.0328,0.0348,1.5466,1,,,0,,
skab_labelled_onset,valve1__1,valve1,0,Accelerometer1RMS,level,ewc,adjusted,572,402,5,,,,,,,1,covariate_outside,,,,,,1,1,,,
skab_labelled_onset,valve1__1,valve1,0,Accelerometer1RMS,level,ewc,raw,572,402,0,0.1347,-0.1418,0.4111,0.5529,0.3301,0,0,,2.0544,0.0328,0.0348,1.5466,1,,,0,,
skab_labelled_onset,valve1__1,valve1,0,Accelerometer1RMS,level,hac,adjusted,572,402,5,,,,,,,1,covariate_outside,,,,,,1,1,,,
skab_labelled_onset,valve1__1,valve1,0,Accelerometer1RMS,level,hac,raw,572,402,0,0.1347,0.0013,0.2681,0.2668,0.0479,1,0,,2.0544,0.0328,0.0348,1.5466,1,,,0,,
skab_labelled_onset,valve1__1,valve1,0,Accelerometer1RMS,level,naive,adjusted,572,402,5,,,,,,,1,covariate_outside,,,,,,1,1,,,
skab_labelled_onset,valve1__1,valve1,0,Accelerometer1RMS,level,naive,raw,572,402,0,0.1347,0.0026,0.2668,0.2642,0.0457,1,0,,2.0544,0.0328,0.0348,1.5466,1,,,0,,
skab_labelled_onset,valve1__1,valve1,0,Accelerometer1RMS,spread,block_bootstrap,adjusted,572,402,5,,,,,,,1,covariate_outside,,,,,,1,1,,,
skab_labelled_onset,valve1__1,valve1,0,Accelerometer1RMS,spread,block_bootstrap,raw,572,402,0,0.0583,-0.0469,0.1346,0.1815,0.3,0,0,,2.0544,0.0328,0.0348,1.5466,1,,,0,,
skab_labelled_onset,valve1__1,valve1,0,Accelerometer1RMS,spread,naive,adjusted,572,402,5,,,,,,,1,covariate_outside,,,,,,1,1,,,
skab_labelled_onset,valve1__1,valve1,0,Accelerometer1RMS,spread,naive,raw,572,402,0,0.0583,-0.032,0.1486,0.1806,0.2056,0,0,,2.0544,0.0328,0.0348,1.5466,1,,,0,,
skab_labelled_onset,valve1__1,valve1,0,Accelerometer2RMS,level,block_bootstrap,adjusted,572,402,5,,,,,,,1,covariate_outside,,,,,,1,1,,,
skab_labelled_onset,valve1__1,valve1,0,Accelerometer2RMS,level,block_bootstrap,raw,572,402,0,0.6997,0.2742,1.0456,0.7714,0.0,1,0,,1.9105,0.4479,0.5847,10.2526,0,,,0,,
skab_labelled_onset,valve1__1,valve1,0,Accelerometer2RMS,level,ewc,adjusted,572,402,5,,,,,,,1,covariate_outside,,,,,,1,1,,,
skab_labelled_onset,valve1__1,valve1,0,Accelerometer2RMS,level,ewc,raw,572,402,0,0.6997,0.2569,1.1425,0.8856,0.003,1,0,,1.9105,0.4479,0.5847,10.2526,0,,,0,,
skab_labelled_onset,valve1__1,valve1,0,Accelerometer2RMS,level,hac,adjusted,572,402,5,,,,,,,1,covariate_outside,,,,,,1,1,,,
skab_labelled_onset,valve1__1,valve1,0,Accelerometer2RMS,level,hac,raw,572,402,0,0.6997,0.3421,1.0572,0.7151,0.0001,1,0,,1.9105,0.4479,0.5847,10.2526,0,,,0,,
skab_labelled_onset,valve1__1,valve1,0,Accelerometer2RMS,level,naive,adjusted,572,402,5,,,,,,,1,covariate_outside,,,,,,1,1,,,
skab_labelled_onset,valve1__1,valve1,0,Accelerometer2RMS,level,naive,raw,572,402,0,0.6997,0.553,0.8463,0.2934,0.0,1,0,,1.9105,0.4479,0.5847,10.2526,0,,,0,,
skab_labelled_onset,valve1__1,valve1,0,Accelerometer2RMS,spread,block_bootstrap,adjusted,572,402,5,,,,,,,1,covariate_outside,,,,,,1,1,,,
skab_labelled_onset,valve1__1,valve1,0,Accelerometer2RMS,spread,block_bootstrap,raw,572,402,0,0.2188,0.0364,0.3252,0.2888,0.02,1,0,,1.9105,0.4479,0.5847,10.2526,0,,,0,,
skab_labelled_onset,valve1__1,valve1,0,Accelerometer2RMS,spread,naive,adjusted,572,402,5,,,,,,,1,covariate_outside,,,,,,1,1,,,
skab_labelled_onset,valve1__1,valve1,0,Accelerometer2RMS,spread,naive,raw,572,402,0,0.2188,0.1285,0.3091,0.1806,0.0,1,0,,1.9105,0.4479,0.5847,10.2526,0,,,0,,
skab_labelled_onset,valve1__1,valve1,0,Current,level,block_bootstrap,adjusted,572,402,5,,,,,,,1,covariate_outside,,,,,,1,1,,,
skab_labelled_onset,valve1__1,valve1,0,Current,level,block_bootstrap,raw,572,402,0,-0.1187,-0.3379,0.1856,0.5235,0.47,0,0,,1.6242,0.33,0.4824,7.7793,0,,,0,,
skab_labelled_onset,valve1__1,valve1,0,Current,level,ewc,adjusted,572,402,5,,,,,,,1,covariate_outside,,,,,,1,1,,,
skab_labelled_onset,valve1__1,valve1,0,Current,level,ewc,raw,572,402,0,-0.1187,-0.4992,0.2618,0.761,0.5324,0,0,,1.6242,0.33,0.4824,7.7793,0,,,0,,
skab_labelled_onset,valve1__1,valve1,0,Current,level,hac,adjusted,572,402,5,,,,,,,1,covariate_outside,,,,,,1,1,,,
skab_labelled_onset,valve1__1,valve1,0,Current,level,hac,raw,572,402,0,-0.1187,-0.3738,0.1364,0.5102,0.3618,0,0,,1.6242,0.33,0.4824,7.7793,0,,,0,,
skab_labelled_onset,valve1__1,valve1,0,Current,level,naive,adjusted,572,402,5,,,,,,,1,covariate_outside,,,,,,1,1,,,
skab_labelled_onset,valve1__1,valve1,0,Current,level,naive,raw,572,402,0,-0.1187,-0.2442,0.0068,0.2511,0.0639,0,0,,1.6242,0.33,0.4824,7.7793,0,,,0,,
skab_labelled_onset,valve1__1,valve1,0,Current,spread,block_bootstrap,adjusted,572,402,5,,,,,,,1,covariate_outside,,,,,,1,1,,,
skab_labelled_onset,valve1__1,valve1,0,Current,spread,block_bootstrap,raw,572,402,0,-0.0276,-0.1144,0.0282,0.1425,0.33,0,0,,1.6242,0.33,0.4824,7.7793,0,,,0,,
skab_labelled_onset,valve1__1,valve1,0,Current,spread,naive,adjusted,572,402,5,,,,,,,1,covariate_outside,,,,,,1,1,,,
skab_labelled_onset,valve1__1,valve1,0,Current,spread,naive,raw,572,402,0,-0.0276,-0.1179,0.0627,0.1806,0.5488,0,0,,1.6242,0.33,0.4824,7.7793,0,,,0,,
skab_labelled_onset,valve1__1,valve1,0,Pressure,level,block_bootstrap,adjusted,572,402,6,,,,,,,1,no_spread,,,,,,,,,,
skab_labelled_onset,valve1__1,valve1,0,Pressure,level,block_bootstrap,raw,572,402,0,,,,,,,1,no_spread,,,,,,,,,,
skab_labelled_onset,valve1__1,valve1,0,Pressure,level,ewc,adjusted,572,402,6,,,,,,,1,no_spread,,,,,,,,,,
skab_labelled_onset,valve1__1,valve1,0,Pressure,level,ewc,raw,572,402,0,,,,,,,1,no_spread,,,,,,,,,,
skab_labelled_onset,valve1__1,valve1,0,Pressure,level,hac,adjusted,572,402,6,,,,,,,1,no_spread,,,,,,,,,,
skab_labelled_onset,valve1__1,valve1,0,Pressure,level,hac,raw,572,402,0,,,,,,,1,no_spread,,,,,,,,,,
skab_labelled_onset,valve1__1,valve1,0,Pressure,level,naive,adjusted,572,402,6,,,,,,,1,no_spread,,,,,,,,,,
skab_labelled_onset,valve1__1,valve1,0,Pressure,level,naive,raw,572,402,0,,,,,,,1,no_spread,,,,,,,,,,
skab_labelled_onset,valve1__1,valve1,0,Pressure,spread,block_bootstrap,adjusted,572,402,6,,,,,,,1,no_spread,,,,,,,,,,
skab_labelled_onset,valve1__1,valve1,0,Pressure,spread,block_bootstrap,raw,572,402,0,,,,,,,1,no_spread,,,,,,,,,,
skab_labelled_onset,valve1__1,valve1,0,Pressure,spread,naive,adjusted,572,402,6,,,,,,,1,no_spread,,,,,,,,,,
skab_labelled_onset,valve1__1,valve1,0,Pressure,spread,naive,raw,572,402,0,,,,,,,1,no_spread,,,,,,,,,,
skab_labelled_onset,valve1__1,valve1,0,Temperature,level,block_bootstrap,adjusted,572,402,5,,,,,,,1,covariate_outside,,,,,,1,1,,,
skab_labelled_onset,valve1__1,valve1,0,Temperature,level,block_bootstrap,raw,572,402,0,-0.8628,-1.2037,-0.438,0.7658,0.0,1,0,,-3.0464,0.9943,0.998,295.6285,1,,,1,,
skab_labelled_onset,valve1__1,valve1,0,Temperature,level,ewc,adjusted,572,402,5,,,,,,,1,covariate_outside,,,,,,1,1,,,
skab_labelled_onset,valve1__1,valve1,0,Temperature,level,ewc,raw,572,402,0,-0.8628,-1.4394,-0.2862,1.1533,0.0042,1,0,,-3.0464,0.9943,0.998,295.6285,1,,,1,,
skab_labelled_onset,valve1__1,valve1,0,Temperature,level,hac,adjusted,572,402,5,,,,,,,1,covariate_outside,,,,,,1,1,,,
skab_labelled_onset,valve1__1,valve1,0,Temperature,level,hac,raw,572,402,0,-0.8628,-1.9386,0.213,2.1516,0.116,0,0,,-3.0464,0.9943,0.998,295.6285,1,,,1,,
skab_labelled_onset,valve1__1,valve1,0,Temperature,level,naive,adjusted,572,402,5,,,,,,,1,covariate_outside,,,,,,1,1,,,
skab_labelled_onset,valve1__1,valve1,0,Temperature,level,naive,raw,572,402,0,-0.8628,-0.9888,-0.7368,0.252,0.0,1,0,,-3.0464,0.9943,0.998,295.6285,1,,,1,,
skab_labelled_onset,valve1__1,valve1,0,Temperature,spread,block_bootstrap,adjusted,572,402,5,,,,,,,1,covariate_outside,,,,,,1,1,,,
skab_labelled_onset,valve1__1,valve1,0,Temperature,spread,block_bootstrap,raw,572,402,0,-0.0213,-0.3825,0.1227,0.5052,0.63,0,0,,-3.0464,0.9943,0.998,295.6285,1,,,1,,
skab_labelled_onset,valve1__1,valve1,0,Temperature,spread,naive,adjusted,572,402,5,,,,,,,1,covariate_outside,,,,,,1,1,,,
skab_labelled_onset,valve1__1,valve1,0,Temperature,spread,naive,raw,572,402,0,-0.0213,-0.1116,0.069,0.1806,0.6436,0,0,,-3.0464,0.9943,0.998,295.6285,1,,,1,,
skab_labelled_onset,valve1__1,valve1,0,Thermocouple,level,block_bootstrap,adjusted,572,402,5,-1.5738,-2.1657,-1.0871,1.0786,0.0,1,0,,-9.5973,0.9427,0.9681,62.6661,1,0,1,1,0.0428,1.0591
skab_labelled_onset,valve1__1,valve1,0,Thermocouple,level,block_bootstrap,raw,572,402,0,-1.624,-2.2053,-1.1485,1.0568,0.0,1,0,,-7.7782,0.9822,0.9898,138.484,1,,,1,,
skab_labelled_onset,valve1__1,valve1,0,Thermocouple,level,ewc,adjusted,572,402,5,-1.5738,-2.2817,-0.8658,1.4159,0.0001,1,0,,-9.5973,0.9427,0.9681,62.6661,1,0,1,1,0.0428,1.0591
skab_labelled_onset,valve1__1,valve1,0,Thermocouple,level,ewc,raw,572,402,0,-1.624,-2.329,-0.919,1.41,0.0,1,0,,-7.7782,0.9822,0.9898,138.484,1,,,1,,
skab_labelled_onset,valve1__1,valve1,0,Thermocouple,level,hac,adjusted,572,402,5,-1.5738,-2.5528,-0.5947,1.9581,0.0016,1,0,,-9.5973,0.9427,0.9681,62.6661,1,0,1,1,0.0428,1.0591
skab_labelled_onset,valve1__1,valve1,0,Thermocouple,level,hac,raw,572,402,0,-1.624,-2.5408,-0.7072,1.8336,0.0005,1,0,,-7.7782,0.9822,0.9898,138.484,1,,,1,,
skab_labelled_onset,valve1__1,valve1,0,Thermocouple,level,naive,adjusted,572,402,5,-1.5738,-1.7315,-1.416,0.3155,0.0,1,0,,-9.5973,0.9427,0.9681,62.6661,1,0,1,1,0.0428,1.0591
skab_labelled_onset,valve1__1,valve1,0,Thermocouple,level,naive,raw,572,402,0,-1.624,-1.7794,-1.4686,0.3108,0.0,1,0,,-7.7782,0.9822,0.9898,138.484,1,,,1,,
skab_labelled_onset,valve1__1,valve1,0,Thermocouple,spread,block_bootstrap,adjusted,572,402,5,0.351,-0.1078,0.6542,0.762,0.15,0,0,,-9.5973,0.9427,0.9681,62.6661,1,0,1,1,0.0428,1.0591
skab_labelled_onset,valve1__1,valve1,0,Thermocouple,spread,block_bootstrap,raw,572,402,0,0.3004,-0.1627,0.5984,0.761,0.23,0,0,,-7.7782,0.9822,0.9898,138.484,1,,,1,,
skab_labelled_onset,valve1__1,valve1,0,Thermocouple,spread,naive,adjusted,572,402,5,0.351,0.2607,0.4413,0.1806,0.0,1,0,,-9.5973,0.9427,0.9681,62.6661,1,0,1,1,0.0428,1.0591
skab_labelled_onset,valve1__1,valve1,0,Thermocouple,spread,naive,raw,572,402,0,0.3004,0.2101,0.3907,0.1806,0.0,1,0,,-7.7782,0.9822,0.9898,138.484,1,,,1,,
skab_labelled_onset,valve1__1,valve1,0,Voltage,level,block_bootstrap,adjusted,572,402,5,,,,,,,1,covariate_outside,,,,,,1,1,,,
skab_labelled_onset,valve1__1,valve1,0,Voltage,level,block_bootstrap,raw,572,402,0,-0.0675,-0.1863,0.0687,0.2551,0.37,0,0,,0.0123,0.0269,0.0113,1.3558,0,,,0,,
skab_labelled_onset,valve1__1,valve1,0,Voltage,level,ewc,adjusted,572,402,5,,,,,,,1,covariate_outside,,,,,,1,1,,,
skab_labelled_onset,valve1__1,valve1,0,Voltage,level,ewc,raw,572,402,0,-0.0675,-0.2027,0.0677,0.2704,0.3192,0,0,,0.0123,0.0269,0.0113,1.3558,0,,,0,,
skab_labelled_onset,valve1__1,valve1,0,Voltage,level,hac,adjusted,572,402,5,,,,,,,1,covariate_outside,,,,,,1,1,,,
skab_labelled_onset,valve1__1,valve1,0,Voltage,level,hac,raw,572,402,0,-0.0675,-0.1929,0.0579,0.2508,0.2914,0,0,,0.0123,0.0269,0.0113,1.3558,0,,,0,,
skab_labelled_onset,valve1__1,valve1,0,Voltage,level,naive,adjusted,572,402,5,,,,,,,1,covariate_outside,,,,,,1,1,,,
skab_labelled_onset,valve1__1,valve1,0,Voltage,level,naive,raw,572,402,0,-0.0675,-0.1927,0.0577,0.2503,0.2905,0,0,,0.0123,0.0269,0.0113,1.3558,0,,,0,,
skab_labelled_onset,valve1__1,valve1,0,Voltage,spread,block_bootstrap,adjusted,572,402,5,,,,,,,1,covariate_outside,,,,,,1,1,,,
skab_labelled_onset,valve1__1,valve1,0,Voltage,spread,block_bootstrap,raw,572,402,0,-0.0328,-0.1267,0.0519,0.1786,0.41,0,0,,0.0123,0.0269,0.0113,1.3558,0,,,0,,
skab_labelled_onset,valve1__1,valve1,0,Voltage,spread,naive,adjusted,572,402,5,,,,,,,1,covariate_outside,,,,,,1,1,,,
skab_labelled_onset,valve1__1,valve1,0,Voltage,spread,naive,raw,572,402,0,-0.0328,-0.1231,0.0575,0.1806,0.4767,0,0,,0.0123,0.0269,0.0113,1.3558,0,,,0,,
skab_labelled_onset,valve1__1,valve1,0,Volume Flow RateRMS,level,block_bootstrap,adjusted,572,402,6,,,,,,,1,no_spread,,,,,,,,,,
skab_labelled_onset,valve1__1,valve1,0,Volume Flow RateRMS,level,block_bootstrap,raw,572,402,0,,,,,,,1,no_spread,,,,,,,,,,
skab_labelled_onset,valve1__1,valve1,0,Volume Flow RateRMS,level,ewc,adjusted,572,402,6,,,,,,,1,no_spread,,,,,,,,,,
skab_labelled_onset,valve1__1,valve1,0,Volume Flow RateRMS,level,ewc,raw,572,402,0,,,,,,,1,no_spread,,,,,,,,,,
skab_labelled_onset,valve1__1,valve1,0,Volume Flow RateRMS,level,hac,adjusted,572,402,6,,,,,,,1,no_spread,,,,,,,,,,
skab_labelled_onset,valve1__1,valve1,0,Volume Flow RateRMS,level,hac,raw,572,402,0,,,,,,,1,no_spread,,,,,,,,,,
skab_labelled_onset,valve1__1,valve1,0,Volume Flow RateRMS,level,naive,adjusted,572,402,6,,,,,,,1,no_spread,,,,,,,,,,
skab_labelled_onset,valve1__1,valve1,0,Volume Flow RateRMS,level,naive,raw,572,402,0,,,,,,,1,no_spread,,,,,,,,,,
skab_labelled_onset,valve1__1,valve1,0,Volume Flow RateRMS,spread,block_bootstrap,adjusted,572,402,6,,,,,,,1,no_spread,,,,,,,,,,
skab_labelled_onset,valve1__1,valve1,0,Volume Flow RateRMS,spread,block_bootstrap,raw,572,402,0,,,,,,,1,no_spread,,,,,,,,,,
skab_labelled_onset,valve1__1,valve1,0,Volume Flow RateRMS,spread,naive,adjusted,572,402,6,,,,,,,1,no_spread,,,,,,,,,,
skab_labelled_onset,valve1__1,valve1,0,Volume Flow RateRMS,spread,naive,raw,572,402,0,,,,,,,1,no_spread,,,,,,,,,,
skab_labelled_onset,valve1__10,valve1,0,Accelerometer1RMS,level,block_bootstrap,adjusted,573,401,5,,,,,,,1,covariate_outside,,,,,,1,1,,,
skab_labelled_onset,valve1__10,valve1,0,Accelerometer1RMS,level,block_bootstrap,raw,573,401,0,0.3206,0.1687,0.4548,0.2861,0.0,1,0,,1.2467,0.237,0.2119,6.007,0,,,0,,
skab_labelled_onset,valve1__10,valve1,0,Accelerometer1RMS,level,ewc,adjusted,573,401,5,,,,,,,1,covariate_outside,,,,,,1,1,,,
skab_labelled_onset,valve1__10,valve1,0,Accelerometer1RMS,level,ewc,raw,573,401,0,0.3206,0.1543,0.487,0.3327,0.0003,1,0,,1.2467,0.237,0.2119,6.007,0,,,0,,
skab_labelled_onset,valve1__10,valve1,0,Accelerometer1RMS,level,hac,adjusted,573,401,5,,,,,,,1,covariate_outside,,,,,,1,1,,,
skab_labelled_onset,valve1__10,valve1,0,Accelerometer1RMS,level,hac,raw,573,401,0,0.3206,0.1998,0.4414,0.2416,0.0,1,0,,1.2467,0.237,0.2119,6.007,0,,,0,,
skab_labelled_onset,valve1__10,valve1,0,Accelerometer1RMS,level,naive,adjusted,573,401,5,,,,,,,1,covariate_outside,,,,,,1,1,,,
skab_labelled_onset,valve1__10,valve1,0,Accelerometer1RMS,level,naive,raw,573,401,0,0.3206,0.1924,0.4489,0.2566,0.0,1,0,,1.2467,0.237,0.2119,6.007,0,,,0,,
skab_labelled_onset,valve1__10,valve1,0,Accelerometer1RMS,spread,block_bootstrap,adjusted,573,401,5,,,,,,,1,covariate_outside,,,,,,1,1,,,
skab_labelled_onset,valve1__10,valve1,0,Accelerometer1RMS,spread,block_bootstrap,raw,573,401,0,0.0089,-0.0441,0.0749,0.1189,0.84,0,0,,1.2467,0.237,0.2119,6.007,0,,,0,,
skab_labelled_onset,valve1__10,valve1,0,Accelerometer1RMS,spread,naive,adjusted,573,401,5,,,,,,,1,covariate_outside,,,,,,1,1,,,
skab_labelled_onset,valve1__10,valve1,0,Accelerometer1RMS,spread,naive,raw,573,401,0,0.0089,-0.0814,0.0992,0.1807,0.8468,0,0,,1.2467,0.237,0.2119,6.007,0,,,0,,
skab_labelled_onset,valve1__10,valve1,0,Accelerometer2RMS,level,block_bootstrap,adjusted,573,401,5,,,,,,,1,covariate_outside,,,,,,1,1,,,
skab_labelled_onset,valve1__10,valve1,0,Accelerometer2RMS,level,block_bootstrap,raw,573,401,0,0.9516,0.5336,1.513,0.9794,0.0,1,0,,-1.0592,0.609,0.9008,14.7703,0,,,0,,
skab_labelled_onset,valve1__10,valve1,0,Accelerometer2RMS,level,ewc,adjusted,573,401,5,,,,,,,1,covariate_outside,,,,,,1,1,,,
skab_labelled_onset,valve1__10,valve1,0,Accelerometer2RMS,level,ewc,raw,573,401,0,0.9516,0.2038,1.6994,1.4956,0.0146,1,0,,-1.0592,0.609,0.9008,14.7703,0,,,0,,
skab_labelled_onset,valve1__10,valve1,0,Accelerometer2RMS,level,hac,adjusted,573,401,5,,,,,,,1,covariate_outside,,,,,,1,1,,,
skab_labelled_onset,valve1__10,valve1,0,Accelerometer2RMS,level,hac,raw,573,401,0,0.9516,0.0507,1.8525,1.8018,0.0384,1,0,,-1.0592,0.609,0.9008,14.7703,0,,,0,,
skab_labelled_onset,valve1__10,valve1,0,Accelerometer2RMS,level,naive,adjusted,573,401,5,,,,,,,1,covariate_outside,,,,,,1,1,,,
skab_labelled_onset,valve1__10,valve1,0,Accelerometer2RMS,level,naive,raw,573,401,0,0.9516,0.7654,1.1377,0.3723,0.0,1,0,,-1.0592,0.609,0.9008,14.7703,0,,,0,,
skab_labelled_onset,valve1__10,valve1,0,Accelerometer2RMS,spread,block_bootstrap,adjusted,573,401,5,,,,,,,1,covariate_outside,,,,,,1,1,,,
skab_labelled_onset,valve1__10,valve1,0,Accelerometer2RMS,spread,block_bootstrap,raw,573,401,0,0.5354,0.2633,0.7163,0.453,0.0,1,0,,-1.0592,0.609,0.9008,14.7703,0,,,0,,
skab_labelled_onset,valve1__10,valve1,0,Accelerometer2RMS,spread,naive,adjusted,573,401,5,,,,,,,1,covariate_outside,,,,,,1,1,,,
skab_labelled_onset,valve1__10,valve1,0,Accelerometer2RMS,spread,naive,raw,573,401,0,0.5354,0.445,0.6257,0.1807,0.0,1,0,,-1.0592,0.609,0.9008,14.7703,0,,,0,,
skab_labelled_onset,valve1__10,valve1,0,Current,level,block_bootstrap,adjusted,573,401,5,,,,,,,1,covariate_outside,,,,,,1,1,,,
skab_labelled_onset,valve1__10,valve1,0,Current,level,block_bootstrap,raw,573,401,0,-0.1224,-0.3701,0.1363,0.5064,0.5,0,0,,-0.5591,0.4081,0.4058,9.3763,0,,,0,,
skab_labelled_onset,valve1__10,valve1,0,Current,level,ewc,adjusted,573,401,5,,,,,,,1,covariate_outside,,,,,,1,1,,,
skab_labelled_onset,valve1__10,valve1,0,Current,level,ewc,raw,573,401,0,-0.1224,-0.506,0.2611,0.7671,0.5236,0,0,,-0.5591,0.4081,0.4058,9.3763,0,,,0,,
skab_labelled_onset,valve1__10,valve1,0,Current,level,hac,adjusted,573,401,5,,,,,,,1,covariate_outside,,,,,,1,1,,,
skab_labelled_onset,valve1__10,valve1,0,Current,level,hac,raw,573,401,0,-0.1224,-0.3775,0.1326,0.5101,0.3468,0,0,,-0.5591,0.4081,0.4058,9.3763,0,,,0,,
skab_labelled_onset,valve1__10,valve1,0,Current,level,naive,adjusted,573,401,5,,,,,,,1,covariate_outside,,,,,,1,1,,,
skab_labelled_onset,valve1__10,valve1,0,Current,level,naive,raw,573,401,0,-0.1224,-0.2502,0.0053,0.2555,0.0603,0,0,,-0.5591,0.4081,0.4058,9.3763,0,,,0,,
skab_labelled_onset,valve1__10,valve1,0,Current,spread,block_bootstrap,adjusted,573,401,5,,,,,,,1,covariate_outside,,,,,,1,1,,,
skab_labelled_onset,valve1__10,valve1,0,Current,spread,block_bootstrap,raw,573,401,0,0.0017,-0.0661,0.073,0.1391,0.84,0,0,,-0.5591,0.4081,0.4058,9.3763,0,,,0,,
skab_labelled_onset,valve1__10,valve1,0,Current,spread,naive,adjusted,573,401,5,,,,,,,1,covariate_outside,,,,,,1,1,,,
skab_labelled_onset,valve1__10,valve1,0,Current,spread,naive,raw,573,401,0,0.0017,-0.0887,0.092,0.1807,0.9711,0,0,,-0.5591,0.4081,0.4058,9.3763,0,,,0,,
skab_labelled_onset,valve1__10,valve1,0,Pressure,level,block_bootstrap,adjusted,573,401,6,,,,,,,1,no_spread,,,,,,,,,,
skab_labelled_onset,valve1__10,valve1,0,Pressure,level,block_bootstrap,raw,573,401,0,,,,,,,1,no_spread,,,,,,,,,,
skab_labelled_onset,valve1__10,valve1,0,Pressure,level,ewc,adjusted,573,401,6,,,,,,,1,no_spread,,,,,,,,,,
skab_labelled_onset,valve1__10,valve1,0,Pressure,level,ewc,raw,573,401,0,,,,,,,1,no_spread,,,,,,,,,,
skab_labelled_onset,valve1__10,valve1,0,Pressure,level,hac,adjusted,573,401,6,,,,,,,1,no_spread,,,,,,,,,,
skab_labelled_onset,valve1__10,valve1,0,Pressure,level,hac,raw,573,401,0,,,,,,,1,no_spread,,,,,,,,,,
skab_labelled_onset,valve1__10,valve1,0,Pressure,level,naive,adjusted,573,401,6,,,,,,,1,no_spread,,,,,,,,,,
skab_labelled_onset,valve1__10,valve1,0,Pressure,level,naive,raw,573,401,0,,,,,,,1,no_spread,,,,,,,,,,
skab_labelled_onset,valve1__10,valve1,0,Pressure,spread,block_bootstrap,adjusted,573,401,6,,,,,,,1,no_spread,,,,,,,,,,
skab_labelled_onset,valve1__10,valve1,0,Pressure,spread,block_bootstrap,raw,573,401,0,,,,,,,1,no_spread,,,,,,,,,,
skab_labelled_onset,valve1__10,valve1,0,Pressure,spread,naive,adjusted,573,401,6,,,,,,,1,no_spread,,,,,,,,,,
skab_labelled_onset,valve1__10,valve1,0,Pressure,spread,naive,raw,573,401,0,,,,,,,1,no_spread,,,,,,,,,,
skab_labelled_onset,valve1__10,valve1,0,Temperature,level,block_bootstrap,adjusted,573,401,5,-2.6392,-3.1435,-2.2572,0.8862,0.0,1,0,,3.3447,0.9475,0.9661,66.5462,1,0,1,1,0.1158,1.059
skab_labelled_onset,valve1__10,valve1,0,Temperature,level,block_bootstrap,raw,573,401,0,-2.4968,-3.0068,-2.1057,0.9011,0.0,1,0,,2.7335,0.9774,0.9825,117.9456,1,,,1,,
skab_labelled_onset,valve1__10,valve1,0,Temperature,level,ewc,adjusted,573,401,5,-2.6392,-3.2274,-2.051,1.1764,0.0,1,0,,3.3447,0.9475,0.9661,66.5462,1,0,1,1,0.1158,1.059
skab_labelled_onset,valve1__10,valve1,0,Temperature,level,ewc,raw,573,401,0,-2.4968,-3.0943,-1.8993,1.195,0.0,1,0,,2.7335,0.9774,0.9825,117.9456,1,,,1,,
skab_labelled_onset,valve1__10,valve1,0,Temperature,level,hac,adjusted,573,401,5,-2.6392,-3.6146,-1.6638,1.9508,0.0,1,0,,3.3447,0.9475,0.9661,66.5462,1,0,1,1,0.1158,1.059
skab_labelled_onset,valve1__10,valve1,0,Temperature,level,hac,raw,573,401,0,-2.4968,-3.6357,-1.3579,2.2778,0.0,1,0,,2.7335,0.9774,0.9825,117.9456,1,,,1,,
skab_labelled_onset,valve1__10,valve1,0,Temperature,level,naive,adjusted,573,401,5,-2.6392,-2.7705,-2.508,0.2625,0.0,1,0,,3.3447,0.9475,0.9661,66.5462,1,0,1,1,0.1158,1.059
skab_labelled_onset,valve1__10,valve1,0,Temperature,level,naive,raw,573,401,0,-2.4968,-2.6286,-2.365,0.2636,0.0,1,0,,2.7335,0.9774,0.9825,117.9456,1,,,1,,
skab_labelled_onset,valve1__10,valve1,0,Temperature,spread,block_bootstrap,adjusted,573,401,5,0.1441,-0.0943,0.3702,0.4645,0.22,0,0,,3.3447,0.9475,0.9661,66.5462,1,0,1,1,0.1158,1.059
skab_labelled_onset,valve1__10,valve1,0,Temperature,spread,block_bootstrap,raw,573,401,0,0.0539,-0.1785,0.2973,0.4758,0.54,0,0,,2.7335,0.9774,0.9825,117.9456,1,,,1,,
skab_labelled_onset,valve1__10,valve1,0,Temperature,spread,naive,adjusted,573,401,5,0.1441,0.0538,0.2345,0.1807,0.0018,1,0,,3.3447,0.9475,0.9661,66.5462,1,0,1,1,0.1158,1.059
skab_labelled_onset,valve1__10,valve1,0,Temperature,spread,naive,raw,573,401,0,0.0539,-0.0364,0.1443,0.1807,0.2418,0,0,,2.7335,0.9774,0.9825,117.9456,1,,,1,,
skab_labelled_onset,valve1__10,valve1,0,Thermocouple,level,block_bootstrap,adjusted,573,401,5,,,,,,,1,covariate_outside,,,,,,1,1,,,
skab_labelled_onset,valve1__10,valve1,0,Thermocouple,level,block_bootstrap,raw,573,401,0,-0.4097,-0.6527,-0.1497,0.503,0.0,1,0,,0.6653,0.9346,0.7171,57.2214,0,,,0,,
skab_labelled_onset,valve1__10,valve1,0,Thermocouple,level,ewc,adjusted,573,401,5,,,,,,,1,covariate_outside,,,,,,1,1,,,
skab_labelled_onset,valve1__10,valve1,0,Thermocouple,level,ewc,raw,573,401,0,-0.4097,-0.8253,0.0058,0.8311,0.0531,0,0,,0.6653,0.9346,0.7171,57.2214,0,,,0,,
skab_labelled_onset,valve1__10,valve1,0,Thermocouple,level,hac,adjusted,573,401,5,,,,,,,1,covariate_outside,,,,,,1,1,,,
skab_labelled_onset,valve1__10,valve1,0,Thermocouple,level,hac,raw,573,401,0,-0.4097,-0.8872,0.0678,0.955,0.0926,0,0,,0.6653,0.9346,0.7171,57.2214,0,,,0,,
skab_labelled_onset,valve1__10,valve1,0,Thermocouple,level,naive,adjusted,573,401,5,,,,,,,1,covariate_outside,,,,,,1,1,,,
skab_labelled_onset,valve1__10,valve1,0,Thermocouple,level,naive,raw,573,401,0,-0.4097,-0.5049,-0.3145,0.1904,0.0,1,0,,0.6653,0.9346,0.7171,57.2214,0,,,0,,
skab_labelled_onset,valve1__10,valve1,0,Thermocouple,spread,block_bootstrap,adjusted,573,401,5,,,,,,,1,covariate_outside,,,,,,1,1,,,
skab_labelled_onset,valve1__10,valve1,0,Thermocouple,spread,block_bootstrap,raw,573,401,0,-0.7008,-1.0038,-0.3638,0.6401,0.0,1,0,,0.6653,0.9346,0.7171,57.2214,0,,,0,,
skab_labelled_onset,valve1__10,valve1,0,Thermocouple,spread,naive,adjusted,573,401,5,,,,,,,1,covariate_outside,,,,,,1,1,,,
skab_labelled_onset,valve1__10,valve1,0,Thermocouple,spread,naive,raw,573,401,0,-0.7008,-0.7912,-0.6105,0.1807,0.0,1,0,,0.6653,0.9346,0.7171,57.2214,0,,,0,,
skab_labelled_onset,valve1__10,valve1,0,Voltage,level,block_bootstrap,adjusted,573,401,5,,,,,,,1,covariate_outside,,,,,,1,1,,,
skab_labelled_onset,valve1__10,valve1,0,Voltage,level,block_bootstrap,raw,573,401,0,-0.1167,-0.2168,0.0384,0.2552,0.15,0,0,,-0.7855,-0.0426,0.0594,1.8426,0,,,0,,
skab_labelled_onset,valve1__10,valve1,0,Voltage,level,ewc,adjusted,573,401,5,,,,,,,1,covariate_outside,,,,,,1,1,,,
skab_labelled_onset,valve1__10,valve1,0,Voltage,level,ewc,raw,573,401,0,-0.1167,-0.2713,0.0379,0.3092,0.1353,0,0,,-0.7855,-0.0426,0.0594,1.8426,0,,,0,,
skab_labelled_onset,valve1__10,valve1,0,Voltage,level,hac,adjusted,573,401,5,,,,,,,1,covariate_outside,,,,,,1,1,,,
skab_labelled_onset,valve1__10,valve1,0,Voltage,level,hac,raw,573,401,0,-0.1167,-0.2424,0.0091,0.2515,0.069,0,0,,-0.7855,-0.0426,0.0594,1.8426,0,,,0,,
skab_labelled_onset,valve1__10,valve1,0,Voltage,level,naive,adjusted,573,401,5,,,,,,,1,covariate_outside,,,,,,1,1,,,
skab_labelled_onset,valve1__10,valve1,0,Voltage,level,naive,raw,573,401,0,-0.1167,-0.2415,0.0081,0.2496,0.0669,0,0,,-0.7855,-0.0426,0.0594,1.8426,0,,,0,,
skab_labelled_onset,valve1__10,valve1,0,Voltage,spread,block_bootstrap,adjusted,573,401,5,,,,,,,1,covariate_outside,,,,,,1,1,,,
skab_labelled_onset,valve1__10,valve1,0,Voltage,spread,block_bootstrap,raw,573,401,0,-0.0384,-0.1093,0.042,0.1514,0.38,0,0,,-0.7855,-0.0426,0.0594,1.8426,0,,,0,,
skab_labelled_onset,valve1__10,valve1,0,Voltage,spread,naive,adjusted,573,401,5,,,,,,,1,covariate_outside,,,,,,1,1,,,
skab_labelled_onset,valve1__10,valve1,0,Voltage,spread,naive,raw,573,401,0,-0.0384,-0.1287,0.052,0.1807,0.405,0,0,,-0.7855,-0.0426,0.0594,1.8426,0,,,0,,
skab_labelled_onset,valve1__10,valve1,0,Volume Flow RateRMS,level,block_bootstrap,adjusted,573,401,6,,,,,,,1,no_spread,,,,,,,,,,
skab_labelled_onset,valve1__10,valve1,0,Volume Flow RateRMS,level,block_bootstrap,raw,573,401,0,,,,,,,1,no_spread,,,,,,,,,,
skab_labelled_onset,valve1__10,valve1,0,Volume Flow RateRMS,level,ewc,adjusted,573,401,6,,,,,,,1,no_spread,,,,,,,,,,
skab_labelled_onset,valve1__10,valve1,0,Volume Flow RateRMS,level,ewc,raw,573,401,0,,,,,,,1,no_spread,,,,,,,,,,
skab_labelled_onset,valve1__10,valve1,0,Volume Flow RateRMS,level,hac,adjusted,573,401,6,,,,,,,1,no_spread,,,,,,,,,,
skab_labelled_onset,valve1__10,valve1,0,Volume Flow RateRMS,level,hac,raw,573,401,0,,,,,,,1,no_spread,,,,,,,,,,
skab_labelled_onset,valve1__10,valve1,0,Volume Flow RateRMS,level,naive,adjusted,573,401,6,,,,,,,1,no_spread,,,,,,,,,,
skab_labelled_onset,valve1__10,valve1,0,Volume Flow RateRMS,level,naive,raw,573,401,0,,,,,,,1,no_spread,,,,,,,,,,
skab_labelled_onset,valve1__10,valve1,0,Volume Flow RateRMS,spread,block_bootstrap,adjusted,573,401,6,,,,,,,1,no_spread,,,,,,,,,,
skab_labelled_onset,valve1__10,valve1,0,Volume Flow RateRMS,spread,block_bootstrap,raw,573,401,0,,,,,,,1,no_spread,,,,,,,,,,
skab_labelled_onset,valve1__10,valve1,0,Volume Flow RateRMS,spread,naive,adjusted,573,401,6,,,,,,,1,no_spread,,,,,,,,,,
skab_labelled_onset,valve1__10,valve1,0,Volume Flow RateRMS,spread,naive,raw,573,401,0,,,,,,,1,no_spread,,,,,,,,,,
skab_labelled_onset,valve1__11,valve1,0,Accelerometer1RMS,level,block_bootstrap,adjusted,572,399,5,-0.4127,-0.5273,-0.2742,0.2531,0.0,1,0,,-4.5647,0.3017,-0.0003,7.2318,1,0,1,0,0.1374,0.8377
skab_labelled_onset,valve1__11,valve1,0,Accelerometer1RMS,level,block_bootstrap,raw,572,399,0,-0.3728,-0.5073,-0.2197,0.2876,0.0,1,0,,-1.1096,0.3256,0.0849,7.6934,0,,,0,,
skab_labelled_onset,valve1__11,valve1,0,Accelerometer1RMS,level,ewc,adjusted,572,399,5,-0.4127,-0.5827,-0.2428,0.3399,0.0,1,0,,-4.5647,0.3017,-0.0003,7.2318,1,0,1,0,0.1374,0.8377
skab_labelled_onset,valve1__11,valve1,0,Accelerometer1RMS,level,ewc,raw,572,399,0,-0.3728,-0.5799,-0.1657,0.4142,0.0007,1,0,,-1.1096,0.3256,0.0849,7.6934,0,,,0,,
skab_labelled_onset,valve1__11,valve1,0,Accelerometer1RMS,level,hac,adjusted,572,399,5,-0.4127,-0.5255,-0.3,0.2256,0.0,1,0,,-4.5647,0.3017,-0.0003,7.2318,1,0,1,0,0.1374,0.8377
skab_labelled_onset,valve1__11,valve1,0,Accelerometer1RMS,level,hac,raw,572,399,0,-0.3728,-0.5026,-0.243,0.2597,0.0,1,0,,-1.1096,0.3256,0.0849,7.6934,0,,,0,,
skab_labelled_onset,valve1__11,valve1,0,Accelerometer1RMS,level,naive,adjusted,572,399,5,-0.4127,-0.5159,-0.3095,0.2064,0.0,1,0,,-4.5647,0.3017,-0.0003,7.2318,1,0,1,0,0.1374,0.8377
skab_labelled_onset,valve1__11,valve1,0,Accelerometer1RMS,level,naive,raw,572,399,0,-0.3728,-0.4847,-0.2609,0.2237,0.0,1,0,,-1.1096,0.3256,0.0849,7.6934,0,,,0,,
skab_labelled_onset,valve1__11,valve1,0,Accelerometer1RMS,spread,block_bootstrap,adjusted,572,399,5,-0.2681,-0.3449,-0.1874,0.1575,0.0,1,0,,-4.5647,0.3017,-0.0003,7.2318,1,0,1,0,0.1374,0.8377
skab_labelled_onset,valve1__11,valve1,0,Accelerometer1RMS,spread,block_bootstrap,raw,572,399,0,-0.2535,-0.336,-0.1716,0.1644,0.0,1,0,,-1.1096,0.3256,0.0849,7.6934,0,,,0,,
skab_labelled_onset,valve1__11,valve1,0,Accelerometer1RMS,spread,naive,adjusted,572,399,5,-0.2681,-0.3586,-0.1776,0.181,0.0,1,0,,-4.5647,0.3017,-0.0003,7.2318,1,0,1,0,0.1374,0.8377
skab_labelled_onset,valve1__11,valve1,0,Accelerometer1RMS,spread,naive,raw,572,399,0,-0.2535,-0.3439,-0.163,0.181,0.0,1,0,,-1.1096,0.3256,0.0849,7.6934,0,,,0,,
skab_labelled_onset,valve1__11,valve1,0,Accelerometer2RMS,level,block_bootstrap,adjusted,572,399,5,-0.0492,-0.2859,0.2134,0.4993,0.77,0,0,,2.3747,0.8808,0.6102,37.5673,1,0,1,0,0.1146,0.7945
skab_labelled_onset,valve1__11,valve1,0,Accelerometer2RMS,level,block_bootstrap,raw,572,399,0,-0.3127,-0.562,-0.0569,0.5051,0.02,1,0,,2.3515,0.8738,0.6411,36.0469,1,,,0,,
skab_labelled_onset,valve1__11,valve1,0,Accelerometer2RMS,level,ewc,adjusted,572,399,5,-0.0492,-0.4224,0.324,0.7464,0.7912,0,0,,2.3747,0.8808,0.6102,37.5673,1,0,1,0,0.1146,0.7945
skab_labelled_onset,valve1__11,valve1,0,Accelerometer2RMS,level,ewc,raw,572,399,0,-0.3127,-0.7109,0.0855,0.7965,0.1205,0,0,,2.3515,0.8738,0.6411,36.0469,1,,,0,,
skab_labelled_onset,valve1__11,valve1,0,Accelerometer2RMS,level,hac,adjusted,572,399,5,-0.0492,-0.4648,0.3664,0.8312,0.8165,0,0,,2.3747,0.8808,0.6102,37.5673,1,0,1,0,0.1146,0.7945
skab_labelled_onset,valve1__11,valve1,0,Accelerometer2RMS,level,hac,raw,572,399,0,-0.3127,-0.745,0.1196,0.8646,0.1563,0,0,,2.3515,0.8738,0.6411,36.0469,1,,,0,,
skab_labelled_onset,valve1__11,valve1,0,Accelerometer2RMS,level,naive,adjusted,572,399,5,-0.0492,-0.1435,0.0451,0.1887,0.3066,0,0,,2.3747,0.8808,0.6102,37.5673,1,0,1,0,0.1146,0.7945
skab_labelled_onset,valve1__11,valve1,0,Accelerometer2RMS,level,naive,raw,572,399,0,-0.3127,-0.4148,-0.2106,0.2043,0.0,1,0,,2.3515,0.8738,0.6411,36.0469,1,,,0,,
skab_labelled_onset,valve1__11,valve1,0,Accelerometer2RMS,spread,block_bootstrap,adjusted,572,399,5,-0.5302,-0.7397,-0.2559,0.4838,0.0,1,0,,2.3747,0.8808,0.6102,37.5673,1,0,1,0,0.1146,0.7945
skab_labelled_onset,valve1__11,valve1,0,Accelerometer2RMS,spread,block_bootstrap,raw,572,399,0,-0.476,-0.6624,-0.2289,0.4335,0.0,1,0,,2.3515,0.8738,0.6411,36.0469,1,,,0,,
skab_labelled_onset,valve1__11,valve1,0,Accelerometer2RMS,spread,naive,adjusted,572,399,5,-0.5302,-0.6207,-0.4397,0.181,0.0,1,0,,2.3747,0.8808,0.6102,37.5673,1,0,1,0,0.1146,0.7945
skab_labelled_onset,valve1__11,valve1,0,Accelerometer2RMS,spread,naive,raw,572,399,0,-0.476,-0.5665,-0.3855,0.181,0.0,1,0,,2.3515,0.8738,0.6411,36.0469,1,,,0,,
skab_labelled_onset,valve1__11,valve1,0,Current,level,block_bootstrap,adjusted,572,399,5,0.1522,-0.0939,0.4154,0.5093,0.19,0,0,,0.2549,0.418,0.363,9.5854,0,0,1,0,0.1405,0.9143
skab_labelled_onset,valve1__11,valve1,0,Current,level,block_bootstrap,raw,572,399,0,0.1921,-0.0402,0.4647,0.5049,0.11,0,0,,0.2565,0.3691,0.3325,8.5566,0,,,0,,
skab_labelled_onset,valve1__11,valve1,0,Current,level,ewc,adjusted,572,399,5,0.1522,-0.1941,0.4986,0.6927,0.381,0,0,,0.2549,0.418,0.363,9.5854,0,0,1,0,0.1405,0.9143
skab_labelled_onset,valve1__11,valve1,0,Current,level,ewc,raw,572,399,0,0.1921,-0.1598,0.5441,0.7039,0.2777,0,0,,0.2565,0.3691,0.3325,8.5566,0,,,0,,
skab_labelled_onset,valve1__11,valve1,0,Current,level,hac,adjusted,572,399,5,0.1522,-0.0758,0.3803,0.4561,0.1908,0,0,,0.2549,0.418,0.363,9.5854,0,0,1,0,0.1405,0.9143
skab_labelled_onset,valve1__11,valve1,0,Current,level,hac,raw,572,399,0,0.1921,-0.032,0.4162,0.4482,0.0929,0,0,,0.2565,0.3691,0.3325,8.5566,0,,,0,,
skab_labelled_onset,valve1__11,valve1,0,Current,level,naive,adjusted,572,399,5,0.1522,0.031,0.2734,0.2424,0.0138,1,0,,0.2549,0.418,0.363,9.5854,0,0,1,0,0.1405,0.9143
skab_labelled_onset,valve1__11,valve1,0,Current,level,naive,raw,572,399,0,0.1921,0.0638,0.3205,0.2566,0.0033,1,0,,0.2565,0.3691,0.3325,8.5566,0,,,0,,
skab_labelled_onset,valve1__11,valve1,0,Current,spread,block_bootstrap,adjusted,572,399,5,0.0372,-0.0396,0.1096,0.1492,0.33,0,0,,0.2549,0.418,0.363,9.5854,0,0,1,0,0.1405,0.9143
skab_labelled_onset,valve1__11,valve1,0,Current,spread,block_bootstrap,raw,572,399,0,0.0063,-0.0611,0.0828,0.1439,0.92,0,0,,0.2565,0.3691,0.3325,8.5566,0,,,0,,
skab_labelled_onset,valve1__11,valve1,0,Current,spread,naive,adjusted,572,399,5,0.0372,-0.0532,0.1277,0.181,0.4198,0,0,,0.2549,0.418,0.363,9.5854,0,0,1,0,0.1405,0.9143
skab_labelled_onset,valve1__11,valve1,0,Current,spread,naive,raw,572,399,0,0.0063,-0.0842,0.0968,0.181,0.8907,0,0,,0.2565,0.3691,0.3325,8.5566,0,,,0,,
skab_labelled_onset,valve1__11,valve1,0,Pressure,level,block_bootstrap,adjusted,572,399,6,,,,,,,1,no_spread,,,,,,,,,,
skab_labelled_onset,valve1__11,valve1,0,Pressure,level,block_bootstrap,raw,572,399,0,,,,,,,1,no_spread,,,,,,,,,,
skab_labelled_onset,valve1__11,valve1,0,Pressure,level,ewc,adjusted,572,399,6,,,,,,,1,no_spread,,,,,,,,,,
skab_labelled_onset,valve1__11,valve1,0,Pressure,level,ewc,raw,572,399,0,,,,,,,1,no_spread,,,,,,,,,,
skab_labelled_onset,valve1__11,valve1,0,Pressure,level,hac,adjusted,572,399,6,,,,,,,1,no_spread,,,,,,,,,,
skab_labelled_onset,valve1__11,valve1,0,Pressure,level,hac,raw,572,399,0,,,,,,,1,no_spread,,,,,,,,,,
skab_labelled_onset,valve1__11,valve1,0,Pressure,level,naive,adjusted,572,399,6,,,,,,,1,no_spread,,,,,,,,,,
skab_labelled_onset,valve1__11,valve1,0,Pressure,level,naive,raw,572,399,0,,,,,,,1,no_spread,,,,,,,,,,
skab_labelled_onset,valve1__11,valve1,0,Pressure,spread,block_bootstrap,adjusted,572,399,6,,,,,,,1,no_spread,,,,,,,,,,
skab_labelled_onset,valve1__11,valve1,0,Pressure,spread,block_bootstrap,raw,572,399,0,,,,,,,1,no_spread,,,,,,,,,,
skab_labelled_onset,valve1__11,valve1,0,Pressure,spread,naive,adjusted,572,399,6,,,,,,,1,no_spread,,,,,,,,,,
skab_labelled_onset,valve1__11,valve1,0,Pressure,spread,naive,raw,572,399,0,,,,,,,1,no_spread,,,,,,,,,,
skab_labelled_onset,valve1__11,valve1,0,Temperature,level,block_bootstrap,adjusted,572,399,5,-0.453,-0.6824,-0.1823,0.5002,0.0,1,0,,-0.2449,0.9013,0.7983,42.9455,0,0,1,0,0.3547,2.0881
skab_labelled_onset,valve1__11,valve1,0,Temperature,level,block_bootstrap,raw,572,399,0,0.4832,0.2365,0.7924,0.5559,0.0,1,0,,-1.1533,0.9893,0.9106,195.5226,0,,,1,,
skab_labelled_onset,valve1__11,valve1,0,Temperature,level,ewc,adjusted,572,399,5,-0.453,-0.8418,-0.0642,0.7776,0.0234,1,0,,-0.2449,0.9013,0.7983,42.9455,0,0,1,0,0.3547,2.0881
skab_labelled_onset,valve1__11,valve1,0,Temperature,level,ewc,raw,572,399,0,0.4832,0.0526,0.9138,0.8612,0.0289,1,0,,-1.1533,0.9893,0.9106,195.5226,0,,,1,,
skab_labelled_onset,valve1__11,valve1,0,Temperature,level,hac,adjusted,572,399,5,-0.453,-0.9038,-0.0021,0.9017,0.0489,1,0,,-0.2449,0.9013,0.7983,42.9455,0,0,1,0,0.3547,2.0881
skab_labelled_onset,valve1__11,valve1,0,Temperature,level,hac,raw,572,399,0,0.4832,-0.3434,1.3098,1.6532,0.2519,0,0,,-1.1533,0.9893,0.9106,195.5226,0,,,1,,
skab_labelled_onset,valve1__11,valve1,0,Temperature,level,naive,adjusted,572,399,5,-0.453,-0.5443,-0.3616,0.1826,0.0,1,0,,-0.2449,0.9013,0.7983,42.9455,0,0,1,0,0.3547,2.0881
skab_labelled_onset,valve1__11,valve1,0,Temperature,level,naive,raw,572,399,0,0.4832,0.3902,0.5761,0.1858,0.0,1,0,,-1.1533,0.9893,0.9106,195.5226,0,,,1,,
skab_labelled_onset,valve1__11,valve1,0,Temperature,spread,block_bootstrap,adjusted,572,399,5,-0.2193,-0.4909,-0.0527,0.4382,0.03,1,0,,-0.2449,0.9013,0.7983,42.9455,0,0,1,0,0.3547,2.0881
skab_labelled_onset,valve1__11,valve1,0,Temperature,spread,block_bootstrap,raw,572,399,0,-0.8065,-1.0293,-0.6211,0.4082,0.0,1,0,,-1.1533,0.9893,0.9106,195.5226,0,,,1,,
skab_labelled_onset,valve1__11,valve1,0,Temperature,spread,naive,adjusted,572,399,5,-0.2193,-0.3098,-0.1288,0.181,0.0,1,0,,-0.2449,0.9013,0.7983,42.9455,0,0,1,0,0.3547,2.0881
skab_labelled_onset,valve1__11,valve1,0,Temperature,spread,naive,raw,572,399,0,-0.8065,-0.897,-0.716,0.181,0.0,1,0,,-1.1533,0.9893,0.9106,195.5226,0,,,1,,
skab_labelled_onset,valve1__11,valve1,0,Thermocouple,level,block_bootstrap,adjusted,572,399,5,-1.2726,-1.5434,-0.9809,0.5625,0.0,1,0,,2.1571,0.837,0.7988,29.9263,1,0,1,0,0.3385,1.1763
skab_labelled_onset,valve1__11,valve1,0,Thermocouple,level,block_bootstrap,raw,572,399,0,-1.5319,-1.8344,-1.2257,0.6086,0.0,1,0,,3.6658,0.9038,0.8077,43.7153,1,,,0,,
skab_labelled_onset,valve1__11,valve1,0,Thermocouple,level,ewc,adjusted,572,399,5,-1.2726,-1.7066,-0.8387,0.8679,0.0,1,0,,2.1571,0.837,0.7988,29.9263,1,0,1,0,0.3385,1.1763
skab_labelled_onset,valve1__11,valve1,0,Thermocouple,level,ewc,raw,572,399,0,-1.5319,-2.0061,-1.0577,0.9484,0.0,1,0,,3.6658,0.9038,0.8077,43.7153,1,,,0,,
skab_labelled_onset,valve1__11,valve1,0,Thermocouple,level,hac,adjusted,572,399,5,-1.2726,-1.702,-0.8433,0.8587,0.0,1,0,,2.1571,0.837,0.7988,29.9263,1,0,1,0,0.3385,1.1763
skab_labelled_onset,valve1__11,valve1,0,Thermocouple,level,hac,raw,572,399,0,-1.5319,-2.0669,-0.9968,1.0701,0.0,1,0,,3.6658,0.9038,0.8077,43.7153,1,,,0,,
skab_labelled_onset,valve1__11,valve1,0,Thermocouple,level,naive,adjusted,572,399,5,-1.2726,-1.3776,-1.1677,0.2099,0.0,1,0,,2.1571,0.837,0.7988,29.9263,1,0,1,0,0.3385,1.1763
skab_labelled_onset,valve1__11,valve1,0,Thermocouple,level,naive,raw,572,399,0,-1.5319,-1.6428,-1.4209,0.2219,0.0,1,0,,3.6658,0.9038,0.8077,43.7153,1,,,0,,
skab_labelled_onset,valve1__11,valve1,0,Thermocouple,spread,block_bootstrap,adjusted,572,399,5,0.016,-0.2055,0.1529,0.3583,0.92,0,0,,2.1571,0.837,0.7988,29.9263,1,0,1,0,0.3385,1.1763
skab_labelled_onset,valve1__11,valve1,0,Thermocouple,spread,block_bootstrap,raw,572,399,0,-0.2718,-0.5344,-0.13,0.4044,0.0,1,0,,3.6658,0.9038,0.8077,43.7153,1,,,0,,
skab_labelled_onset,valve1__11,valve1,0,Thermocouple,spread,naive,adjusted,572,399,5,0.016,-0.0745,0.1065,0.181,0.7295,0,0,,2.1571,0.837,0.7988,29.9263,1,0,1,0,0.3385,1.1763
skab_labelled_onset,valve1__11,valve1,0,Thermocouple,spread,naive,raw,572,399,0,-0.2718,-0.3623,-0.1813,0.181,0.0,1,0,,3.6658,0.9038,0.8077,43.7153,1,,,0,,
skab_labelled_onset,valve1__11,valve1,0,Voltage,level,block_bootstrap,adjusted,572,399,5,0.0523,-0.0849,0.2268,0.3116,0.39,0,0,,1.2207,0.0521,0.0171,2.1092,0,0,1,0,0.1447,0.9136
skab_labelled_onset,valve1__11,valve1,0,Voltage,level,block_bootstrap,raw,572,399,0,0.0095,-0.0985,0.1462,0.2447,0.65,0,0,,1.8068,0.0002,-0.0347,0.0526,0,,,0,,
skab_labelled_onset,valve1__11,valve1,0,Voltage,level,ewc,adjusted,572,399,5,0.0523,-0.0991,0.2038,0.3029,0.4903,0,0,,1.2207,0.0521,0.0171,2.1092,0,0,1,0,0.1447,0.9136
skab_labelled_onset,valve1__11,valve1,0,Voltage,level,ewc,raw,572,399,0,0.0095,-0.0972,0.1162,0.2134,0.8591,0,0,,1.8068,0.0002,-0.0347,0.0526,0,,,0,,
skab_labelled_onset,valve1__11,valve1,0,Voltage,level,hac,adjusted,572,399,5,0.0523,-0.0674,0.1721,0.2395,0.3916,0,0,,1.2207,0.0521,0.0171,2.1092,0,0,1,0,0.1447,0.9136
skab_labelled_onset,valve1__11,valve1,0,Voltage,level,hac,raw,572,399,0,0.0095,-0.1153,0.1342,0.2496,0.8818,0,0,,1.8068,0.0002,-0.0347,0.0526,0,,,0,,
skab_labelled_onset,valve1__11,valve1,0,Voltage,level,naive,adjusted,572,399,5,0.0523,-0.0661,0.1708,0.2369,0.3866,0,0,,1.2207,0.0521,0.0171,2.1092,0,0,1,0,0.1447,0.9136
skab_labelled_onset,valve1__11,valve1,0,Voltage,level,naive,raw,572,399,0,0.0095,-0.1162,0.1351,0.2513,0.8826,0,0,,1.8068,0.0002,-0.0347,0.0526,0,,,0,,
skab_labelled_onset,valve1__11,valve1,0,Voltage,spread,block_bootstrap,adjusted,572,399,5,0.0034,-0.0925,0.0897,0.1822,0.93,0,0,,1.2207,0.0521,0.0171,2.1092,0,0,1,0,0.1447,0.9136
skab_labelled_onset,valve1__11,valve1,0,Voltage,spread,block_bootstrap,raw,572,399,0,-0.0296,-0.1146,0.0612,0.1757,0.57,0,0,,1.8068,0.0002,-0.0347,0.0526,0,,,0,,
skab_labelled_onset,valve1__11,valve1,0,Voltage,spread,naive,adjusted,572,399,5,0.0034,-0.0871,0.0939,0.181,0.9421,0,0,,1.2207,0.0521,0.0171,2.1092,0,0,1,0,0.1447,0.9136
skab_labelled_onset,valve1__11,valve1,0,Voltage,spread,naive,raw,572,399,0,-0.0296,-0.1201,0.0609,0.181,0.5214,0,0,,1.8068,0.0002,-0.0347,0.0526,0,,,0,,
skab_labelled_onset,valve1__11,valve1,0,Volume Flow RateRMS,level,block_bootstrap,adjusted,572,399,6,,,,,,,1,no_spread,,,,,,,,,,
skab_labelled_onset,valve1__11,valve1,0,Volume Flow RateRMS,level,block_bootstrap,raw,572,399,0,,,,,,,1,no_spread,,,,,,,,,,
skab_labelled_onset,valve1__11,valve1,0,Volume Flow RateRMS,level,ewc,adjusted,572,399,6,,,,,,,1,no_spread,,,,,,,,,,
skab_labelled_onset,valve1__11,valve1,0,Volume Flow RateRMS,level,ewc,raw,572,399,0,,,,,,,1,no_spread,,,,,,,,,,
skab_labelled_onset,valve1__11,valve1,0,Volume Flow RateRMS,level,hac,adjusted,572,399,6,,,,,,,1,no_spread,,,,,,,,,,
skab_labelled_onset,valve1__11,valve1,0,Volume Flow RateRMS,level,hac,raw,572,399,0,,,,,,,1,no_spread,,,,,,,,,,
skab_labelled_onset,valve1__11,valve1,0,Volume Flow RateRMS,level,naive,adjusted,572,399,6,,,,,,,1,no_spread,,,,,,,,,,
skab_labelled_onset,valve1__11,valve1,0,Volume Flow RateRMS,level,naive,raw,572,399,0,,,,,,,1,no_spread,,,,,,,,,,
skab_labelled_onset,valve1__11,valve1,0,Volume Flow RateRMS,spread,block_bootstrap,adjusted,572,399,6,,,,,,,1,no_spread,,,,,,,,,,
skab_labelled_onset,valve1__11,valve1,0,Volume Flow RateRMS,spread,block_bootstrap,raw,572,399,0,,,,,,,1,no_spread,,,,,,,,,,
skab_labelled_onset,valve1__11,valve1,0,Volume Flow RateRMS,spread,naive,adjusted,572,399,6,,,,,,,1,no_spread,,,,,,,,,,
skab_labelled_onset,valve1__11,valve1,0,Volume Flow RateRMS,spread,naive,raw,572,399,0,,,,,,,1,no_spread,,,,,,,,,,
skab_labelled_onset,valve1__12,valve1,0,Accelerometer1RMS,level,block_bootstrap,adjusted,570,399,5,-0.4423,-0.7423,-0.2065,0.5358,0.0,1,0,,-1.0489,0.2738,0.5723,6.6913,0,0,1,0,0.3535,1.4229
skab_labelled_onset,valve1__12,valve1,0,Accelerometer1RMS,level,block_bootstrap,raw,570,399,0,0.1973,0.0318,0.3498,0.3181,0.02,1,0,,-0.7338,0.4592,0.273,10.5006,0,,,0,,
skab_labelled_onset,valve1__12,valve1,0,Accelerometer1RMS,level,ewc,adjusted,570,399,5,-0.4423,-0.833,-0.0517,0.7813,0.0282,1,0,,-1.0489,0.2738,0.5723,6.6913,0,0,1,0,0.3535,1.4229
skab_labelled_onset,valve1__12,valve1,0,Accelerometer1RMS,level,ewc,raw,570,399,0,0.1973,-0.0066,0.4012,0.4078,0.0575,0,0,,-0.7338,0.4592,0.273,10.5006,0,,,0,,
skab_labelled_onset,valve1__12,valve1,0,Accelerometer1RMS,level,hac,adjusted,570,399,5,-0.4423,-0.7401,-0.1446,0.5955,0.0036,1,0,,-1.0489,0.2738,0.5723,6.6913,0,0,1,0,0.3535,1.4229
skab_labelled_onset,valve1__12,valve1,0,Accelerometer1RMS,level,hac,raw,570,399,0,0.1973,0.0438,0.3508,0.3069,0.0117,1,0,,-0.7338,0.4592,0.273,10.5006,0,,,0,,
skab_labelled_onset,valve1__12,valve1,0,Accelerometer1RMS,level,naive,adjusted,570,399,5,-0.4423,-0.5746,-0.31,0.2646,0.0,1,0,,-1.0489,0.2738,0.5723,6.6913,0,0,1,0,0.3535,1.4229
skab_labelled_onset,valve1__12,valve1,0,Accelerometer1RMS,level,naive,raw,570,399,0,0.1973,0.0709,0.3237,0.2528,0.0022,1,0,,-0.7338,0.4592,0.273,10.5006,0,,,0,,
skab_labelled_onset,valve1__12,valve1,0,Accelerometer1RMS,spread,block_bootstrap,adjusted,570,399,5,0.3738,0.2323,0.501,0.2687,0.0,1,0,,-1.0489,0.2738,0.5723,6.6913,0,0,1,0,0.3535,1.4229
skab_labelled_onset,valve1__12,valve1,0,Accelerometer1RMS,spread,block_bootstrap,raw,570,399,0,-0.0206,-0.0805,0.0487,0.1291,0.51,0,0,,-0.7338,0.4592,0.273,10.5006,0,,,0,,
skab_labelled_onset,valve1__12,valve1,0,Accelerometer1RMS,spread,naive,adjusted,570,399,5,0.3738,0.2833,0.4644,0.1811,0.0,1,0,,-1.0489,0.2738,0.5723,6.6913,0,0,1,0,0.3535,1.4229
skab_labelled_onset,valve1__12,valve1,0,Accelerometer1RMS,spread,naive,raw,570,399,0,-0.0206,-0.1112,0.07,0.1811,0.6556,0,0,,-0.7338,0.4592,0.273,10.5006,0,,,0,,
skab_labelled_onset,valve1__12,valve1,0,Accelerometer2RMS,level,block_bootstrap,adjusted,570,399,5,0.8863,0.4186,1.3775,0.9589,0.0,1,0,,0.4192,0.4806,0.8196,11.013,0,0,1,0,0.401,0.8154
skab_labelled_onset,valve1__12,valve1,0,Accelerometer2RMS,level,block_bootstrap,raw,570,399,0,1.2749,0.7497,1.7853,1.0356,0.0,1,0,,1.8204,0.6951,0.8363,18.3578,0,,,0,,
skab_labelled_onset,valve1__12,valve1,0,Accelerometer2RMS,level,ewc,adjusted,570,399,5,0.8863,0.2402,1.5324,1.2922,0.0093,1,0,,0.4192,0.4806,0.8196,11.013,0,0,1,0,0.401,0.8154
skab_labelled_onset,valve1__12,valve1,0,Accelerometer2RMS,level,ewc,raw,570,399,0,1.2749,0.5494,2.0005,1.4511,0.0013,1,0,,1.8204,0.6951,0.8363,18.3578,0,,,0,,
skab_labelled_onset,valve1__12,valve1,0,Accelerometer2RMS,level,hac,adjusted,570,399,5,0.8863,0.2204,1.5523,1.3319,0.0091,1,0,,0.4192,0.4806,0.8196,11.013,0,0,1,0,0.401,0.8154
skab_labelled_onset,valve1__12,valve1,0,Accelerometer2RMS,level,hac,raw,570,399,0,1.2749,0.5065,2.0434,1.5369,0.0011,1,0,,1.8204,0.6951,0.8363,18.3578,0,,,0,,
skab_labelled_onset,valve1__12,valve1,0,Accelerometer2RMS,level,naive,adjusted,570,399,5,0.8863,0.7171,1.0555,0.3384,0.0,1,0,,0.4192,0.4806,0.8196,11.013,0,0,1,0,0.401,0.8154
skab_labelled_onset,valve1__12,valve1,0,Accelerometer2RMS,level,naive,raw,570,399,0,1.2749,1.0828,1.467,0.3842,0.0,1,0,,1.8204,0.6951,0.8363,18.3578,0,,,0,,
skab_labelled_onset,valve1__12,valve1,0,Accelerometer2RMS,spread,block_bootstrap,adjusted,570,399,5,0.7251,0.5365,0.9454,0.4089,0.0,1,0,,0.4192,0.4806,0.8196,11.013,0,0,1,0,0.401,0.8154
skab_labelled_onset,valve1__12,valve1,0,Accelerometer2RMS,spread,block_bootstrap,raw,570,399,0,0.5709,0.3854,0.7918,0.4063,0.0,1,0,,1.8204,0.6951,0.8363,18.3578,0,,,0,,
skab_labelled_onset,valve1__12,valve1,0,Accelerometer2RMS,spread,naive,adjusted,570,399,5,0.7251,0.6345,0.8157,0.1811,0.0,1,0,,0.4192,0.4806,0.8196,11.013,0,0,1,0,0.401,0.8154
skab_labelled_onset,valve1__12,valve1,0,Accelerometer2RMS,spread,naive,raw,570,399,0,0.5709,0.4803,0.6615,0.1811,0.0,1,0,,1.8204,0.6951,0.8363,18.3578,0,,,0,,
skab_labelled_onset,valve1__12,valve1,0,Current,level,block_bootstrap,adjusted,570,399,5,-0.2836,-0.5181,-0.0282,0.4898,0.05,1,0,,-0.0548,0.4544,0.436,10.3898,0,0,1,0,0.1074,0.9564
skab_labelled_onset,valve1__12,valve1,0,Current,level,block_bootstrap,raw,570,399,0,0.131,-0.0839,0.4006,0.4845,0.22,0,0,,0.9699,0.4596,0.3821,10.5106,0,,,0,,
skab_labelled_onset,valve1__12,valve1,0,Current,level,ewc,adjusted,570,399,5,-0.2836,-0.6477,0.0804,0.7281,0.1237,0,0,,-0.0548,0.4544,0.436,10.3898,0,0,1,0,0.1074,0.9564
skab_labelled_onset,valve1__12,valve1,0,Current,level,ewc,raw,570,399,0,0.131,-0.2355,0.4975,0.733,0.4756,0,0,,0.9699,0.4596,0.3821,10.5106,0,,,0,,
skab_labelled_onset,valve1__12,valve1,0,Current,level,hac,adjusted,570,399,5,-0.2836,-0.5367,-0.0305,0.5062,0.0281,1,0,,-0.0548,0.4544,0.436,10.3898,0,0,1,0,0.1074,0.9564
skab_labelled_onset,valve1__12,valve1,0,Current,level,hac,raw,570,399,0,0.131,-0.1197,0.3818,0.5015,0.3057,0,0,,0.9699,0.4596,0.3821,10.5106,0,,,0,,
skab_labelled_onset,valve1__12,valve1,0,Current,level,naive,adjusted,570,399,5,-0.2836,-0.4059,-0.1614,0.2445,0.0,1,0,,-0.0548,0.4544,0.436,10.3898,0,0,1,0,0.1074,0.9564
skab_labelled_onset,valve1__12,valve1,0,Current,level,naive,raw,570,399,0,0.131,0.0042,0.2578,0.2536,0.0428,1,0,,0.9699,0.4596,0.3821,10.5106,0,,,0,,
skab_labelled_onset,valve1__12,valve1,0,Current,spread,block_bootstrap,adjusted,570,399,5,0.0192,-0.0616,0.106,0.1675,0.75,0,0,,-0.0548,0.4544,0.436,10.3898,0,0,1,0,0.1074,0.9564
skab_labelled_onset,valve1__12,valve1,0,Current,spread,block_bootstrap,raw,570,399,0,-0.0153,-0.0857,0.0583,0.144,0.7,0,0,,0.9699,0.4596,0.3821,10.5106,0,,,0,,
skab_labelled_onset,valve1__12,valve1,0,Current,spread,naive,adjusted,570,399,5,0.0192,-0.0713,0.1098,0.1811,0.6774,0,0,,-0.0548,0.4544,0.436,10.3898,0,0,1,0,0.1074,0.9564
skab_labelled_onset,valve1__12,valve1,0,Current,spread,naive,raw,570,399,0,-0.0153,-0.1058,0.0753,0.1811,0.7408,0,0,,0.9699,0.4596,0.3821,10.5106,0,,,0,,
skab_labelled_onset,valve1__12,valve1,0,Pressure,level,block_bootstrap,adjusted,570,399,6,,,,,,,1,no_spread,,,,,,,,,,
skab_labelled_onset,valve1__12,valve1,0,Pressure,level,block_bootstrap,raw,570,399,0,,,,,,,1,no_spread,,,,,,,,,,
skab_labelled_onset,valve1__12,valve1,0,Pressure,level,ewc,adjusted,570,399,6,,,,,,,1,no_spread,,,,,,,,,,
skab_labelled_onset,valve1__12,valve1,0,Pressure,level,ewc,raw,570,399,0,,,,,,,1,no_spread,,,,,,,,,,
skab_labelled_onset,valve1__12,valve1,0,Pressure,level,hac,adjusted,570,399,6,,,,,,,1,no_spread,,,,,,,,,,
skab_labelled_onset,valve1__12,valve1,0,Pressure,level,hac,raw,570,399,0,,,,,,,1,no_spread,,,,,,,,,,
skab_labelled_onset,valve1__12,valve1,0,Pressure,level,naive,adjusted,570,399,6,,,,,,,1,no_spread,,,,,,,,,,
skab_labelled_onset,valve1__12,valve1,0,Pressure,level,naive,raw,570,399,0,,,,,,,1,no_spread,,,,,,,,,,
skab_labelled_onset,valve1__12,valve1,0,Pressure,spread,block_bootstrap,adjusted,570,399,6,,,,,,,1,no_spread,,,,,,,,,,
skab_labelled_onset,valve1__12,valve1,0,Pressure,spread,block_bootstrap,raw,570,399,0,,,,,,,1,no_spread,,,,,,,,,,
skab_labelled_onset,valve1__12,valve1,0,Pressure,spread,naive,adjusted,570,399,6,,,,,,,1,no_spread,,,,,,,,,,
skab_labelled_onset,valve1__12,valve1,0,Pressure,spread,naive,raw,570,399,0,,,,,,,1,no_spread,,,,,,,,,,
skab_labelled_onset,valve1__12,valve1,0,Temperature,level,block_bootstrap,adjusted,570,399,5,-1.046,-1.2892,-0.8316,0.4575,0.0,1,0,,-6.361,0.8885,0.7915,39.3443,1,0,1,0,0.5436,1.7428
skab_labelled_onset,valve1__12,valve1,0,Temperature,level,block_bootstrap,raw,570,399,0,-0.7868,-1.0636,-0.5199,0.5437,0.0,1,0,,-2.6939,0.9993,0.9728,569.0,1,,,1,,
skab_labelled_onset,valve1__12,valve1,0,Temperature,level,ewc,adjusted,570,399,5,-1.046,-1.3756,-0.7165,0.6591,0.0,1,0,,-6.361,0.8885,0.7915,39.3443,1,0,1,0,0.5436,1.7428
skab_labelled_onset,valve1__12,valve1,0,Temperature,level,ewc,raw,570,399,0,-0.7868,-1.2197,-0.354,0.8657,0.0007,1,0,,-2.6939,0.9993,0.9728,569.0,1,,,1,,
skab_labelled_onset,valve1__12,valve1,0,Temperature,level,hac,adjusted,570,399,5,-1.046,-1.4246,-0.6675,0.7571,0.0,1,0,,-6.361,0.8885,0.7915,39.3443,1,0,1,0,0.5436,1.7428
skab_labelled_onset,valve1__12,valve1,0,Temperature,level,hac,raw,570,399,0,-0.7868,-1.5444,-0.0292,1.5152,0.0418,1,0,,-2.6939,0.9993,0.9728,569.0,1,,,1,,
skab_labelled_onset,valve1__12,valve1,0,Temperature,level,naive,adjusted,570,399,5,-1.046,-1.1254,-0.9667,0.1588,0.0,1,0,,-6.361,0.8885,0.7915,39.3443,1,0,1,0,0.5436,1.7428
skab_labelled_onset,valve1__12,valve1,0,Temperature,level,naive,raw,570,399,0,-0.7868,-0.8795,-0.6942,0.1854,0.0,1,0,,-2.6939,0.9993,0.9728,569.0,1,,,1,,
skab_labelled_onset,valve1__12,valve1,0,Temperature,spread,block_bootstrap,adjusted,570,399,5,-0.1547,-0.3918,0.0537,0.4455,0.17,0,0,,-6.361,0.8885,0.7915,39.3443,1,0,1,0,0.5436,1.7428
skab_labelled_onset,valve1__12,valve1,0,Temperature,spread,block_bootstrap,raw,570,399,0,-0.8246,-1.066,-0.5222,0.5438,0.0,1,0,,-2.6939,0.9993,0.9728,569.0,1,,,1,,
skab_labelled_onset,valve1__12,valve1,0,Temperature,spread,naive,adjusted,570,399,5,-0.1547,-0.2452,-0.0641,0.1811,0.0008,1,0,,-6.361,0.8885,0.7915,39.3443,1,0,1,0,0.5436,1.7428
skab_labelled_onset,valve1__12,valve1,0,Temperature,spread,naive,raw,570,399,0,-0.8246,-0.9152,-0.7341,0.1811,0.0,1,0,,-2.6939,0.9993,0.9728,569.0,1,,,1,,
skab_labelled_onset,valve1__12,valve1,0,Thermocouple,level,block_bootstrap,adjusted,570,399,5,-1.2971,-1.6042,-1.0283,0.576,0.0,1,0,,-1.3529,0.8416,0.83,30.5378,0,0,1,0,0.5122,1.1679
skab_labelled_onset,valve1__12,valve1,0,Thermocouple,level,block_bootstrap,raw,570,399,0,-0.7895,-1.0952,-0.49,0.6053,0.0,1,0,,0.9671,0.9272,0.8275,53.0399,0,,,0,,
skab_labelled_onset,valve1__12,valve1,0,Thermocouple,level,ewc,adjusted,570,399,5,-1.2971,-1.6777,-0.9166,0.761,0.0,1,0,,-1.3529,0.8416,0.83,30.5378,0,0,1,0,0.5122,1.1679
skab_labelled_onset,valve1__12,valve1,0,Thermocouple,level,ewc,raw,570,399,0,-0.7895,-1.2479,-0.3311,0.9168,0.0011,1,0,,0.9671,0.9272,0.8275,53.0399,0,,,0,,
skab_labelled_onset,valve1__12,valve1,0,Thermocouple,level,hac,adjusted,570,399,5,-1.2971,-1.7054,-0.8889,0.8165,0.0,1,0,,-1.3529,0.8416,0.83,30.5378,0,0,1,0,0.5122,1.1679
skab_labelled_onset,valve1__12,valve1,0,Thermocouple,level,hac,raw,570,399,0,-0.7895,-1.375,-0.204,1.1709,0.0082,1,0,,0.9671,0.9272,0.8275,53.0399,0,,,0,,
skab_labelled_onset,valve1__12,valve1,0,Thermocouple,level,naive,adjusted,570,399,5,-1.2971,-1.3889,-1.2054,0.1835,0.0,1,0,,-1.3529,0.8416,0.83,30.5378,0,0,1,0,0.5122,1.1679
skab_labelled_onset,valve1__12,valve1,0,Thermocouple,level,naive,raw,570,399,0,-0.7895,-0.895,-0.684,0.211,0.0,1,0,,0.9671,0.9272,0.8275,53.0399,0,,,0,,
skab_labelled_onset,valve1__12,valve1,0,Thermocouple,spread,block_bootstrap,adjusted,570,399,5,0.0442,-0.241,0.2402,0.4812,0.87,0,0,,-1.3529,0.8416,0.83,30.5378,0,0,1,0,0.5122,1.1679
skab_labelled_onset,valve1__12,valve1,0,Thermocouple,spread,block_bootstrap,raw,570,399,0,-0.3923,-0.6999,-0.1555,0.5444,0.0,1,0,,0.9671,0.9272,0.8275,53.0399,0,,,0,,
skab_labelled_onset,valve1__12,valve1,0,Thermocouple,spread,naive,adjusted,570,399,5,0.0442,-0.0464,0.1348,0.1811,0.3388,0,0,,-1.3529,0.8416,0.83,30.5378,0,0,1,0,0.5122,1.1679
skab_labelled_onset,valve1__12,valve1,0,Thermocouple,spread,naive,raw,570,399,0,-0.3923,-0.4829,-0.3018,0.1811,0.0,1,0,,0.9671,0.9272,0.8275,53.0399,0,,,0,,
skab_labelled_onset,valve1__12,valve1,0,Voltage,level,block_bootstrap,adjusted,570,399,5,0.1209,0.0099,0.2672,0.2573,0.04,1,0,,-0.5716,-0.0354,0.0196,1.6244,0,0,1,0,0.0816,0.8994
skab_labelled_onset,valve1__12,valve1,0,Voltage,level,block_bootstrap,raw,570,399,0,-0.0153,-0.1364,0.1319,0.2683,1.0,0,0,,-0.4699,-0.0475,0.0016,1.9798,0,,,0,,
skab_labelled_onset,valve1__12,valve1,0,Voltage,level,ewc,adjusted,570,399,5,0.1209,-0.027,0.2688,0.2958,0.1067,0,0,,-0.5716,-0.0354,0.0196,1.6244,0,0,1,0,0.0816,0.8994
skab_labelled_onset,valve1__12,valve1,0,Voltage,level,ewc,raw,570,399,0,-0.0153,-0.1477,0.1171,0.2648,0.8165,0,0,,-0.4699,-0.0475,0.0016,1.9798,0,,,0,,
skab_labelled_onset,valve1__12,valve1,0,Voltage,level,hac,adjusted,570,399,5,0.1209,0.0008,0.2409,0.2401,0.0485,1,0,,-0.5716,-0.0354,0.0196,1.6244,0,0,1,0,0.0816,0.8994
skab_labelled_onset,valve1__12,valve1,0,Voltage,level,hac,raw,570,399,0,-0.0153,-0.1409,0.1102,0.251,0.8107,0,0,,-0.4699,-0.0475,0.0016,1.9798,0,,,0,,
skab_labelled_onset,valve1__12,valve1,0,Voltage,level,naive,adjusted,570,399,5,0.1209,-0.0,0.2417,0.2418,0.05,0,0,,-0.5716,-0.0354,0.0196,1.6244,0,0,1,0,0.0816,0.8994
skab_labelled_onset,valve1__12,valve1,0,Voltage,level,naive,raw,570,399,0,-0.0153,-0.1422,0.1116,0.2538,0.8128,0,0,,-0.4699,-0.0475,0.0016,1.9798,0,,,0,,
skab_labelled_onset,valve1__12,valve1,0,Voltage,spread,block_bootstrap,adjusted,570,399,5,-0.0242,-0.1073,0.0785,0.1858,0.81,0,0,,-0.5716,-0.0354,0.0196,1.6244,0,0,1,0,0.0816,0.8994
skab_labelled_onset,valve1__12,valve1,0,Voltage,spread,block_bootstrap,raw,570,399,0,-0.0138,-0.1062,0.0878,0.1939,0.94,0,0,,-0.4699,-0.0475,0.0016,1.9798,0,,,0,,
skab_labelled_onset,valve1__12,valve1,0,Voltage,spread,naive,adjusted,570,399,5,-0.0242,-0.1148,0.0663,0.1811,0.5997,0,0,,-0.5716,-0.0354,0.0196,1.6244,0,0,1,0,0.0816,0.8994
skab_labelled_onset,valve1__12,valve1,0,Voltage,spread,naive,raw,570,399,0,-0.0138,-0.1043,0.0768,0.1811,0.7657,0,0,,-0.4699,-0.0475,0.0016,1.9798,0,,,0,,
skab_labelled_onset,valve1__12,valve1,0,Volume Flow RateRMS,level,block_bootstrap,adjusted,570,399,6,,,,,,,1,no_spread,,,,,,,,,,
skab_labelled_onset,valve1__12,valve1,0,Volume Flow RateRMS,level,block_bootstrap,raw,570,399,0,,,,,,,1,no_spread,,,,,,,,,,
skab_labelled_onset,valve1__12,valve1,0,Volume Flow RateRMS,level,ewc,adjusted,570,399,6,,,,,,,1,no_spread,,,,,,,,,,
skab_labelled_onset,valve1__12,valve1,0,Volume Flow RateRMS,level,ewc,raw,570,399,0,,,,,,,1,no_spread,,,,,,,,,,
skab_labelled_onset,valve1__12,valve1,0,Volume Flow RateRMS,level,hac,adjusted,570,399,6,,,,,,,1,no_spread,,,,,,,,,,
skab_labelled_onset,valve1__12,valve1,0,Volume Flow RateRMS,level,hac,raw,570,399,0,,,,,,,1,no_spread,,,,,,,,,,
skab_labelled_onset,valve1__12,valve1,0,Volume Flow RateRMS,level,naive,adjusted,570,399,6,,,,,,,1,no_spread,,,,,,,,,,
skab_labelled_onset,valve1__12,valve1,0,Volume Flow RateRMS,level,naive,raw,570,399,0,,,,,,,1,no_spread,,,,,,,,,,
skab_labelled_onset,valve1__12,valve1,0,Volume Flow RateRMS,spread,block_bootstrap,adjusted,570,399,6,,,,,,,1,no_spread,,,,,,,,,,
skab_labelled_onset,valve1__12,valve1,0,Volume Flow RateRMS,spread,block_bootstrap,raw,570,399,0,,,,,,,1,no_spread,,,,,,,,,,
skab_labelled_onset,valve1__12,valve1,0,Volume Flow RateRMS,spread,naive,adjusted,570,399,6,,,,,,,1,no_spread,,,,,,,,,,
skab_labelled_onset,valve1__12,valve1,0,Volume Flow RateRMS,spread,naive,raw,570,399,0,,,,,,,1,no_spread,,,,,,,,,,
skab_labelled_onset,valve1__13,valve1,0,Accelerometer1RMS,level,block_bootstrap,adjusted,570,399,6,,,,,,,1,covariate_outside,,,,,,1,1,,,
skab_labelled_onset,valve1__13,valve1,0,Accelerometer1RMS,level,block_bootstrap,raw,570,399,0,0.2661,0.0571,0.4439,0.3868,0.0,1,0,,0.5175,0.5507,0.0866,12.8793,0,,,0,,
skab_labelled_onset,valve1__13,valve1,0,Accelerometer1RMS,level,ewc,adjusted,570,399,6,,,,,,,1,covariate_outside,,,,,,1,1,,,
skab_labelled_onset,valve1__13,valve1,0,Accelerometer1RMS,level,ewc,raw,570,399,0,0.2661,0.026,0.5061,0.4801,0.0306,1,0,,0.5175,0.5507,0.0866,12.8793,0,,,0,,
skab_labelled_onset,valve1__13,valve1,0,Accelerometer1RMS,level,hac,adjusted,570,399,6,,,,,,,1,covariate_outside,,,,,,1,1,,,
skab_labelled_onset,valve1__13,valve1,0,Accelerometer1RMS,level,hac,raw,570,399,0,0.2661,0.0666,0.4656,0.399,0.0089,1,0,,0.5175,0.5507,0.0866,12.8793,0,,,0,,
skab_labelled_onset,valve1__13,valve1,0,Accelerometer1RMS,level,naive,adjusted,570,399,6,,,,,,,1,covariate_outside,,,,,,1,1,,,
skab_labelled_onset,valve1__13,valve1,0,Accelerometer1RMS,level,naive,raw,570,399,0,0.2661,0.1469,0.3853,0.2384,0.0,1,0,,0.5175,0.5507,0.0866,12.8793,0,,,0,,
skab_labelled_onset,valve1__13,valve1,0,Accelerometer1RMS,spread,block_bootstrap,adjusted,570,399,6,,,,,,,1,covariate_outside,,,,,,1,1,,,
skab_labelled_onset,valve1__13,valve1,0,Accelerometer1RMS,spread,block_bootstrap,raw,570,399,0,-0.1272,-0.2371,-0.0136,0.2235,0.02,1,0,,0.5175,0.5507,0.0866,12.8793,0,,,0,,
skab_labelled_onset,valve1__13,valve1,0,Accelerometer1RMS,spread,naive,adjusted,570,399,6,,,,,,,1,covariate_outside,,,,,,1,1,,,
skab_labelled_onset,valve1__13,valve1,0,Accelerometer1RMS,spread,naive,raw,570,399,0,-0.1272,-0.2177,-0.0366,0.1811,0.0059,1,0,,0.5175,0.5507,0.0866,12.8793,0,,,0,,
skab_labelled_onset,valve1__13,valve1,0,Accelerometer2RMS,level,block_bootstrap,adjusted,570,399,6,,,,,,,1,covariate_outside,,,,,,1,1,,,
skab_labelled_onset,valve1__13,valve1,0,Accelerometer2RMS,level,block_bootstrap,raw,570,399,0,0.2253,-0.0196,0.5361,0.5557,0.08,0,0,,0.921,0.7427,0.5107,21.0921,0,,,0,,
skab_labelled_onset,valve1__13,valve1,0,Accelerometer2RMS,level,ewc,adjusted,570,399,6,,,,,,,1,covariate_outside,,,,,,1,1,,,
skab_labelled_onset,valve1__13,valve1,0,Accelerometer2RMS,level,ewc,raw,570,399,0,0.2253,-0.1253,0.5759,0.7012,0.2023,0,0,,0.921,0.7427,0.5107,21.0921,0,,,0,,
skab_labelled_onset,valve1__13,valve1,0,Accelerometer2RMS,level,hac,adjusted,570,399,6,,,,,,,1,covariate_outside,,,,,,1,1,,,
skab_labelled_onset,valve1__13,valve1,0,Accelerometer2RMS,level,hac,raw,570,399,0,0.2253,-0.0759,0.5265,0.6024,0.1426,0,0,,0.921,0.7427,0.5107,21.0921,0,,,0,,
skab_labelled_onset,valve1__13,valve1,0,Accelerometer2RMS,level,naive,adjusted,570,399,6,,,,,,,1,covariate_outside,,,,,,1,1,,,
skab_labelled_onset,valve1__13,valve1,0,Accelerometer2RMS,level,naive,raw,570,399,0,0.2253,0.0991,0.3515,0.2524,0.0005,1,0,,0.921,0.7427,0.5107,21.0921,0,,,0,,
skab_labelled_onset,valve1__13,valve1,0,Accelerometer2RMS,spread,block_bootstrap,adjusted,570,399,6,,,,,,,1,covariate_outside,,,,,,1,1,,,
skab_labelled_onset,valve1__13,valve1,0,Accelerometer2RMS,spread,block_bootstrap,raw,570,399,0,-0.0236,-0.1666,0.1417,0.3083,0.65,0,0,,0.921,0.7427,0.5107,21.0921,0,,,0,,
skab_labelled_onset,valve1__13,valve1,0,Accelerometer2RMS,spread,naive,adjusted,570,399,6,,,,,,,1,covariate_outside,,,,,,1,1,,,
skab_labelled_onset,valve1__13,valve1,0,Accelerometer2RMS,spread,naive,raw,570,399,0,-0.0236,-0.1142,0.0669,0.1811,0.6089,0,0,,0.921,0.7427,0.5107,21.0921,0,,,0,,
skab_labelled_onset,valve1__13,valve1,0,Current,level,block_bootstrap,adjusted,570,399,6,,,,,,,1,covariate_outside,,,,,,1,1,,,
skab_labelled_onset,valve1__13,valve1,0,Current,level,block_bootstrap,raw,570,399,0,-0.021,-0.239,0.2448,0.4838,0.95,0,0,,1.337,0.451,0.3455,10.3112,0,,,0,,
skab_labelled_onset,valve1__13,valve1,0,Current,level,ewc,adjusted,570,399,6,,,,,,,1,covariate_outside,,,,,,1,1,,,
skab_labelled_onset,valve1__13,valve1,0,Current,level,ewc,raw,570,399,0,-0.021,-0.398,0.356,0.754,0.9111,0,0,,1.337,0.451,0.3455,10.3112,0,,,0,,
skab_labelled_onset,valve1__13,valve1,0,Current,level,hac,adjusted,570,399,6,,,,,,,1,covariate_outside,,,,,,1,1,,,
skab_labelled_onset,valve1__13,valve1,0,Current,level,hac,raw,570,399,0,-0.021,-0.2722,0.2301,0.5023,0.8696,0,0,,1.337,0.451,0.3455,10.3112,0,,,0,,
skab_labelled_onset,valve1__13,valve1,0,Current,level,naive,adjusted,570,399,6,,,,,,,1,covariate_outside,,,,,,1,1,,,
skab_labelled_onset,valve1__13,valve1,0,Current,level,naive,raw,570,399,0,-0.021,-0.1498,0.1077,0.2575,0.7489,0,0,,1.337,0.451,0.3455,10.3112,0,,,0,,
skab_labelled_onset,valve1__13,valve1,0,Current,spread,block_bootstrap,adjusted,570,399,6,,,,,,,1,covariate_outside,,,,,,1,1,,,
skab_labelled_onset,valve1__13,valve1,0,Current,spread,block_bootstrap,raw,570,399,0,0.011,-0.0657,0.0774,0.1431,0.76,0,0,,1.337,0.451,0.3455,10.3112,0,,,0,,
skab_labelled_onset,valve1__13,valve1,0,Current,spread,naive,adjusted,570,399,6,,,,,,,1,covariate_outside,,,,,,1,1,,,
skab_labelled_onset,valve1__13,valve1,0,Current,spread,naive,raw,570,399,0,0.011,-0.0796,0.1015,0.1811,0.8121,0,0,,1.337,0.451,0.3455,10.3112,0,,,0,,
skab_labelled_onset,valve1__13,valve1,0,Pressure,level,block_bootstrap,adjusted,570,399,7,,,,,,,1,no_spread,,,,,,,,,,
skab_labelled_onset,valve1__13,valve1,0,Pressure,level,block_bootstrap,raw,570,399,0,,,,,,,1,no_spread,,,,,,,,,,
skab_labelled_onset,valve1__13,valve1,0,Pressure,level,ewc,adjusted,570,399,7,,,,,,,1,no_spread,,,,,,,,,,
skab_labelled_onset,valve1__13,valve1,0,Pressure,level,ewc,raw,570,399,0,,,,,,,1,no_spread,,,,,,,,,,
skab_labelled_onset,valve1__13,valve1,0,Pressure,level,hac,adjusted,570,399,7,,,,,,,1,no_spread,,,,,,,,,,
skab_labelled_onset,valve1__13,valve1,0,Pressure,level,hac,raw,570,399,0,,,,,,,1,no_spread,,,,,,,,,,
skab_labelled_onset,valve1__13,valve1,0,Pressure,level,naive,adjusted,570,399,7,,,,,,,1,no_spread,,,,,,,,,,
skab_labelled_onset,valve1__13,valve1,0,Pressure,level,naive,raw,570,399,0,,,,,,,1,no_spread,,,,,,,,,,
skab_labelled_onset,valve1__13,valve1,0,Pressure,spread,block_bootstrap,adjusted,570,399,7,,,,,,,1,no_spread,,,,,,,,,,
skab_labelled_onset,valve1__13,valve1,0,Pressure,spread,block_bootstrap,raw,570,399,0,,,,,,,1,no_spread,,,,,,,,,,
skab_labelled_onset,valve1__13,valve1,0,Pressure,spread,naive,adjusted,570,399,7,,,,,,,1,no_spread,,,,,,,,,,
skab_labelled_onset,valve1__13,valve1,0,Pressure,spread,naive,raw,570,399,0,,,,,,,1,no_spread,,,,,,,,,,
skab_labelled_onset,valve1__13,valve1,0,Temperature,level,block_bootstrap,adjusted,570,399,6,,,,,,,1,covariate_outside,,,,,,1,1,,,
skab_labelled_onset,valve1__13,valve1,0,Temperature,level,block_bootstrap,raw,570,399,0,1.5709,1.3207,1.9081,0.5874,0.0,1,0,,2.6145,0.9838,0.7946,147.4281,1,,,1,,
skab_labelled_onset,valve1__13,valve1,0,Temperature,level,ewc,adjusted,570,399,6,,,,,,,1,covariate_outside,,,,,,1,1,,,
skab_labelled_onset,valve1__13,valve1,0,Temperature,level,ewc,raw,570,399,0,1.5709,1.1681,1.9737,0.8056,0.0,1,0,,2.6145,0.9838,0.7946,147.4281,1,,,1,,
skab_labelled_onset,valve1__13,valve1,0,Temperature,level,hac,adjusted,570,399,6,,,,,,,1,covariate_outside,,,,,,1,1,,,
skab_labelled_onset,valve1__13,valve1,0,Temperature,level,hac,raw,570,399,0,1.5709,0.7999,2.3419,1.542,0.0001,1,0,,2.6145,0.9838,0.7946,147.4281,1,,,1,,
skab_labelled_onset,valve1__13,valve1,0,Temperature,level,naive,adjusted,570,399,6,,,,,,,1,covariate_outside,,,,,,1,1,,,
skab_labelled_onset,valve1__13,valve1,0,Temperature,level,naive,raw,570,399,0,1.5709,1.485,1.6569,0.1719,0.0,1,0,,2.6145,0.9838,0.7946,147.4281,1,,,1,,
skab_labelled_onset,valve1__13,valve1,0,Temperature,spread,block_bootstrap,adjusted,570,399,6,,,,,,,1,covariate_outside,,,,,,1,1,,,
skab_labelled_onset,valve1__13,valve1,0,Temperature,spread,block_bootstrap,raw,570,399,0,-1.3526,-1.6361,-1.141,0.4951,0.0,1,0,,2.6145,0.9838,0.7946,147.4281,1,,,1,,
skab_labelled_onset,valve1__13,valve1,0,Temperature,spread,naive,adjusted,570,399,6,,,,,,,1,covariate_outside,,,,,,1,1,,,
skab_labelled_onset,valve1__13,valve1,0,Temperature,spread,naive,raw,570,399,0,-1.3526,-1.4431,-1.262,0.1811,0.0,1,0,,2.6145,0.9838,0.7946,147.4281,1,,,1,,
skab_labelled_onset,valve1__13,valve1,0,Thermocouple,level,block_bootstrap,adjusted,570,399,6,,,,,,,1,covariate_outside,,,,,,1,1,,,
skab_labelled_onset,valve1__13,valve1,0,Thermocouple,level,block_bootstrap,raw,570,399,0,-1.5266,-1.9834,-1.0814,0.902,0.0,1,0,,-1.9372,0.8836,0.9133,38.1563,0,,,0,,
skab_labelled_onset,valve1__13,valve1,0,Thermocouple,level,ewc,adjusted,570,399,6,,,,,,,1,covariate_outside,,,,,,1,1,,,
skab_labelled_onset,valve1__13,valve1,0,Thermocouple,level,ewc,raw,570,399,0,-1.5266,-2.1286,-0.9246,1.2039,0.0,1,0,,-1.9372,0.8836,0.9133,38.1563,0,,,0,,
skab_labelled_onset,valve1__13,valve1,0,Thermocouple,level,hac,adjusted,570,399,6,,,,,,,1,covariate_outside,,,,,,1,1,,,
skab_labelled_onset,valve1__13,valve1,0,Thermocouple,level,hac,raw,570,399,0,-1.5266,-2.2916,-0.7616,1.5299,0.0001,1,0,,-1.9372,0.8836,0.9133,38.1563,0,,,0,,
skab_labelled_onset,valve1__13,valve1,0,Thermocouple,level,naive,adjusted,570,399,6,,,,,,,1,covariate_outside,,,,,,1,1,,,
skab_labelled_onset,valve1__13,valve1,0,Thermocouple,level,naive,raw,570,399,0,-1.5266,-1.6667,-1.3865,0.2801,0.0,1,0,,-1.9372,0.8836,0.9133,38.1563,0,,,0,,
skab_labelled_onset,valve1__13,valve1,0,Thermocouple,spread,block_bootstrap,adjusted,570,399,6,,,,,,,1,covariate_outside,,,,,,1,1,,,
skab_labelled_onset,valve1__13,valve1,0,Thermocouple,spread,block_bootstrap,raw,570,399,0,0.1454,-0.0351,0.3746,0.4097,0.17,0,0,,-1.9372,0.8836,0.9133,38.1563,0,,,0,,
skab_labelled_onset,valve1__13,valve1,0,Thermocouple,spread,naive,adjusted,570,399,6,,,,,,,1,covariate_outside,,,,,,1,1,,,
skab_labelled_onset,valve1__13,valve1,0,Thermocouple,spread,naive,raw,570,399,0,0.1454,0.0549,0.236,0.1811,0.0016,1,0,,-1.9372,0.8836,0.9133,38.1563,0,,,0,,
skab_labelled_onset,valve1__13,valve1,0,Voltage,level,block_bootstrap,adjusted,570,399,6,,,,,,,1,covariate_outside,,,,,,1,1,,,
skab_labelled_onset,valve1__13,valve1,0,Voltage,level,block_bootstrap,raw,570,399,0,0.0269,-0.1044,0.1579,0.2623,0.59,0,0,,-1.9294,0.0555,0.0459,2.1976,0,,,0,,
skab_labelled_onset,valve1__13,valve1,0,Voltage,level,ewc,adjusted,570,399,6,,,,,,,1,covariate_outside,,,,,,1,1,,,
skab_labelled_onset,valve1__13,valve1,0,Voltage,level,ewc,raw,570,399,0,0.0269,-0.1179,0.1716,0.2895,0.7104,0,0,,-1.9294,0.0555,0.0459,2.1976,0,,,0,,
skab_labelled_onset,valve1__13,valve1,0,Voltage,level,hac,adjusted,570,399,6,,,,,,,1,covariate_outside,,,,,,1,1,,,
skab_labelled_onset,valve1__13,valve1,0,Voltage,level,hac,raw,570,399,0,0.0269,-0.1031,0.1568,0.2598,0.6854,0,0,,-1.9294,0.0555,0.0459,2.1976,0,,,0,,
skab_labelled_onset,valve1__13,valve1,0,Voltage,level,naive,adjusted,570,399,6,,,,,,,1,covariate_outside,,,,,,1,1,,,
skab_labelled_onset,valve1__13,valve1,0,Voltage,level,naive,raw,570,399,0,0.0269,-0.0998,0.1535,0.2533,0.6777,0,0,,-1.9294,0.0555,0.0459,2.1976,0,,,0,,
skab_labelled_onset,valve1__13,valve1,0,Voltage,spread,block_bootstrap,adjusted,570,399,6,,,,,,,1,covariate_outside,,,,,,1,1,,,
skab_labelled_onset,valve1__13,valve1,0,Voltage,spread,block_bootstrap,raw,570,399,0,-0.0172,-0.1113,0.0617,0.1729,0.56,0,0,,-1.9294,0.0555,0.0459,2.1976,0,,,0,,
skab_labelled_onset,valve1__13,valve1,0,Voltage,spread,naive,adjusted,570,399,6,,,,,,,1,covariate_outside,,,,,,1,1,,,
skab_labelled_onset,valve1__13,valve1,0,Voltage,spread,naive,raw,570,399,0,-0.0172,-0.1077,0.0734,0.1811,0.7101,0,0,,-1.9294,0.0555,0.0459,2.1976,0,,,0,,
skab_labelled_onset,valve1__13,valve1,0,Volume Flow RateRMS,level,block_bootstrap,adjusted,570,399,6,-13.8437,-16.2209,-12.1374,4.0835,0.0,1,0,,2.6451,-0.2896,0.9766,6.9916,1,0,1,1,0.057,0.9891
skab_labelled_onset,valve1__13,valve1,0,Volume Flow RateRMS,level,block_bootstrap,raw,570,399,0,-13.4488,-15.8409,-11.6993,4.1415,0.0,1,0,,7.2202,-0.2299,0.9768,5.8623,1,,,1,,
skab_labelled_onset,valve1__13,valve1,0,Volume Flow RateRMS,level,ewc,adjusted,570,399,6,-13.8437,-16.9174,-10.7701,6.1473,0.0,1,0,,2.6451,-0.2896,0.9766,6.9916,1,0,1,1,0.057,0.9891
skab_labelled_onset,valve1__13,valve1,0,Volume Flow RateRMS,level,ewc,raw,570,399,0,-13.4488,-16.5409,-10.3568,6.1841,0.0,1,0,,7.2202,-0.2299,0.9768,5.8623,1,,,1,,
skab_labelled_onset,valve1__13,valve1,0,Volume Flow RateRMS,level,hac,adjusted,570,399,6,-13.8437,-18.1165,-9.571,8.5455,0.0,1,0,,2.6451,-0.2896,0.9766,6.9916,1,0,1,1,0.057,0.9891
skab_labelled_onset,valve1__13,valve1,0,Volume Flow RateRMS,level,hac,raw,570,399,0,-13.4488,-17.7538,-9.1439,8.6099,0.0,1,0,,7.2202,-0.2299,0.9768,5.8623,1,,,1,,
skab_labelled_onset,valve1__13,valve1,0,Volume Flow RateRMS,level,naive,adjusted,570,399,6,-13.8437,-14.521,-13.1664,1.3546,0.0,1,0,,2.6451,-0.2896,0.9766,6.9916,1,0,1,1,0.057,0.9891
skab_labelled_onset,valve1__13,valve1,0,Volume Flow RateRMS,level,naive,raw,570,399,0,-13.4488,-14.1301,-12.7676,1.3625,0.0,1,0,,7.2202,-0.2299,0.9768,5.8623,1,,,1,,
skab_labelled_onset,valve1__13,valve1,0,Volume Flow RateRMS,spread,block_bootstrap,adjusted,570,399,6,1.9543,1.483,2.0612,0.5782,0.0,1,0,,2.6451,-0.2896,0.9766,6.9916,1,0,1,1,0.057,0.9891
skab_labelled_onset,valve1__13,valve1,0,Volume Flow RateRMS,spread,block_bootstrap,raw,570,399,0,1.9304,1.4488,2.0338,0.585,0.0,1,0,,7.2202,-0.2299,0.9768,5.8623,1,,,1,,
skab_labelled_onset,valve1__13,valve1,0,Volume Flow RateRMS,spread,naive,adjusted,570,399,6,1.9543,1.8637,2.0448,0.1811,0.0,1,0,,2.6451,-0.2896,0.9766,6.9916,1,0,1,1,0.057,0.9891
skab_labelled_onset,valve1__13,valve1,0,Volume Flow RateRMS,spread,naive,raw,570,399,0,1.9304,1.8399,2.021,0.1811,0.0,1,0,,7.2202,-0.2299,0.9768,5.8623,1,,,1,,
skab_labelled_onset,valve1__14,valve1,0,Accelerometer1RMS,level,block_bootstrap,adjusted,569,399,6,,,,,,,1,covariate_outside,,,,,,1,1,,,
skab_labelled_onset,valve1__14,valve1,0,Accelerometer1RMS,level,block_bootstrap,raw,569,399,0,-0.5279,-0.8151,-0.2901,0.5251,0.0,1,0,,1.5523,0.4114,0.5804,9.425,0,,,0,,
skab_labelled_onset,valve1__14,valve1,0,Accelerometer1RMS,level,ewc,adjusted,569,399,6,,,,,,,1,covariate_outside,,,,,,1,1,,,
skab_labelled_onset,valve1__14,valve1,0,Accelerometer1RMS,level,ewc,raw,569,399,0,-0.5279,-0.8802,-0.1757,0.7045,0.0044,1,0,,1.5523,0.4114,0.5804,9.425,0,,,0,,
skab_labelled_onset,valve1__14,valve1,0,Accelerometer1RMS,level,hac,adjusted,569,399,6,,,,,,,1,covariate_outside,,,,,,1,1,,,
skab_labelled_onset,valve1__14,valve1,0,Accelerometer1RMS,level,hac,raw,569,399,0,-0.5279,-0.8191,-0.2368,0.5823,0.0004,1,0,,1.5523,0.4114,0.5804,9.425,0,,,0,,
skab_labelled_onset,valve1__14,valve1,0,Accelerometer1RMS,level,naive,adjusted,569,399,6,,,,,,,1,covariate_outside,,,,,,1,1,,,
skab_labelled_onset,valve1__14,valve1,0,Accelerometer1RMS,level,naive,raw,569,399,0,-0.5279,-0.6652,-0.3906,0.2746,0.0,1,0,,1.5523,0.4114,0.5804,9.425,0,,,0,,
skab_labelled_onset,valve1__14,valve1,0,Accelerometer1RMS,spread,block_bootstrap,adjusted,569,399,6,,,,,,,1,covariate_outside,,,,,,1,1,,,
skab_labelled_onset,valve1__14,valve1,0,Accelerometer1RMS,spread,block_bootstrap,raw,569,399,0,0.1144,-0.0071,0.2234,0.2305,0.1,0,0,,1.5523,0.4114,0.5804,9.425,0,,,0,,
skab_labelled_onset,valve1__14,valve1,0,Accelerometer1RMS,spread,naive,adjusted,569,399,6,,,,,,,1,covariate_outside,,,,,,1,1,,,
skab_labelled_onset,valve1__14,valve1,0,Accelerometer1RMS,spread,naive,raw,569,399,0,0.1144,0.0238,0.205,0.1812,0.0133,1,0,,1.5523,0.4114,0.5804,9.425,0,,,0,,
skab_labelled_onset,valve1__14,valve1,0,Accelerometer2RMS,level,block_bootstrap,adjusted,569,399,6,,,,,,,1,covariate_outside,,,,,,1,1,,,
skab_labelled_onset,valve1__14,valve1,0,Accelerometer2RMS,level,block_bootstrap,raw,569,399,0,-0.2687,-0.5411,-0.0491,0.492,0.01,1,0,,-2.7122,0.7461,0.7314,21.3013,1,,,0,,
skab_labelled_onset,valve1__14,valve1,0,Accelerometer2RMS,level,ewc,adjusted,569,399,6,,,,,,,1,covariate_outside,,,,,,1,1,,,
skab_labelled_onset,valve1__14,valve1,0,Accelerometer2RMS,level,ewc,raw,569,399,0,-0.2687,-0.5476,0.0102,0.5577,0.0586,0,0,,-2.7122,0.7461,0.7314,21.3013,1,,,0,,
skab_labelled_onset,valve1__14,valve1,0,Accelerometer2RMS,level,hac,adjusted,569,399,6,,,,,,,1,covariate_outside,,,,,,1,1,,,
skab_labelled_onset,valve1__14,valve1,0,Accelerometer2RMS,level,hac,raw,569,399,0,-0.2687,-0.5285,-0.0089,0.5197,0.0427,1,0,,-2.7122,0.7461,0.7314,21.3013,1,,,0,,
skab_labelled_onset,valve1__14,valve1,0,Accelerometer2RMS,level,naive,adjusted,569,399,6,,,,,,,1,covariate_outside,,,,,,1,1,,,
skab_labelled_onset,valve1__14,valve1,0,Accelerometer2RMS,level,naive,raw,569,399,0,-0.2687,-0.386,-0.1514,0.2347,0.0,1,0,,-2.7122,0.7461,0.7314,21.3013,1,,,0,,
skab_labelled_onset,valve1__14,valve1,0,Accelerometer2RMS,spread,block_bootstrap,adjusted,569,399,6,,,,,,,1,covariate_outside,,,,,,1,1,,,
skab_labelled_onset,valve1__14,valve1,0,Accelerometer2RMS,spread,block_bootstrap,raw,569,399,0,-0.1581,-0.3204,-0.0305,0.2899,0.0,1,0,,-2.7122,0.7461,0.7314,21.3013,1,,,0,,
skab_labelled_onset,valve1__14,valve1,0,Accelerometer2RMS,spread,naive,adjusted,569,399,6,,,,,,,1,covariate_outside,,,,,,1,1,,,
skab_labelled_onset,valve1__14,valve1,0,Accelerometer2RMS,spread,naive,raw,569,399,0,-0.1581,-0.2487,-0.0675,0.1812,0.0006,1,0,,-2.7122,0.7461,0.7314,21.3013,1,,,0,,
skab_labelled_onset,valve1__14,valve1,0,Current,level,block_bootstrap,adjusted,569,399,6,,,,,,,1,covariate_outside,,,,,,1,1,,,
skab_labelled_onset,valve1__14,valve1,0,Current,level,block_bootstrap,raw,569,399,0,0.0485,-0.2335,0.3246,0.5581,0.71,0,0,,-0.1879,0.2962,0.3768,7.1129,0,,,0,,
skab_labelled_onset,valve1__14,valve1,0,Current,level,ewc,adjusted,569,399,6,,,,,,,1,covariate_outside,,,,,,1,1,,,
skab_labelled_onset,valve1__14,valve1,0,Current,level,ewc,raw,569,399,0,0.0485,-0.3143,0.4112,0.7255,0.7888,0,0,,-0.1879,0.2962,0.3768,7.1129,0,,,0,,
skab_labelled_onset,valve1__14,valve1,0,Current,level,hac,adjusted,569,399,6,,,,,,,1,covariate_outside,,,,,,1,1,,,
skab_labelled_onset,valve1__14,valve1,0,Current,level,hac,raw,569,399,0,0.0485,-0.1831,0.28,0.4631,0.6816,0,0,,-0.1879,0.2962,0.3768,7.1129,0,,,0,,
skab_labelled_onset,valve1__14,valve1,0,Current,level,naive,adjusted,569,399,6,,,,,,,1,covariate_outside,,,,,,1,1,,,
skab_labelled_onset,valve1__14,valve1,0,Current,level,naive,raw,569,399,0,0.0485,-0.0827,0.1797,0.2624,0.4691,0,0,,-0.1879,0.2962,0.3768,7.1129,0,,,0,,
skab_labelled_onset,valve1__14,valve1,0,Current,spread,block_bootstrap,adjusted,569,399,6,,,,,,,1,covariate_outside,,,,,,1,1,,,
skab_labelled_onset,valve1__14,valve1,0,Current,spread,block_bootstrap,raw,569,399,0,0.0418,-0.0119,0.1083,0.1203,0.11,0,0,,-0.1879,0.2962,0.3768,7.1129,0,,,0,,
skab_labelled_onset,valve1__14,valve1,0,Current,spread,naive,adjusted,569,399,6,,,,,,,1,covariate_outside,,,,,,1,1,,,
skab_labelled_onset,valve1__14,valve1,0,Current,spread,naive,raw,569,399,0,0.0418,-0.0488,0.1324,0.1812,0.3663,0,0,,-0.1879,0.2962,0.3768,7.1129,0,,,0,,
skab_labelled_onset,valve1__14,valve1,0,Pressure,level,block_bootstrap,adjusted,569,399,7,,,,,,,1,no_spread,,,,,,,,,,
skab_labelled_onset,valve1__14,valve1,0,Pressure,level,block_bootstrap,raw,569,399,0,,,,,,,1,no_spread,,,,,,,,,,
skab_labelled_onset,valve1__14,valve1,0,Pressure,level,ewc,adjusted,569,399,7,,,,,,,1,no_spread,,,,,,,,,,
skab_labelled_onset,valve1__14,valve1,0,Pressure,level,ewc,raw,569,399,0,,,,,,,1,no_spread,,,,,,,,,,
skab_labelled_onset,valve1__14,valve1,0,Pressure,level,hac,adjusted,569,399,7,,,,,,,1,no_spread,,,,,,,,,,
skab_labelled_onset,valve1__14,valve1,0,Pressure,level,hac,raw,569,399,0,,,,,,,1,no_spread,,,,,,,,,,
skab_labelled_onset,valve1__14,valve1,0,Pressure,level,naive,adjusted,569,399,7,,,,,,,1,no_spread,,,,,,,,,,
skab_labelled_onset,valve1__14,valve1,0,Pressure,level,naive,raw,569,399,0,,,,,,,1,no_spread,,,,,,,,,,
skab_labelled_onset,valve1__14,valve1,0,Pressure,spread,block_bootstrap,adjusted,569,399,7,,,,,,,1,no_spread,,,,,,,,,,
skab_labelled_onset,valve1__14,valve1,0,Pressure,spread,block_bootstrap,raw,569,399,0,,,,,,,1,no_spread,,,,,,,,,,
skab_labelled_onset,valve1__14,valve1,0,Pressure,spread,naive,adjusted,569,399,7,,,,,,,1,no_spread,,,,,,,,,,
skab_labelled_onset,valve1__14,valve1,0,Pressure,spread,naive,raw,569,399,0,,,,,,,1,no_spread,,,,,,,,,,
skab_labelled_onset,valve1__14,valve1,0,Temperature,level,block_bootstrap,adjusted,569,399,6,,,,,,,1,covariate_outside,,,,,,1,1,,,
skab_labelled_onset,valve1__14,valve1,0,Temperature,level,block_bootstrap,raw,569,399,0,0.0607,-0.4913,0.5198,1.0111,0.8,0,0,,7.8185,0.9792,0.9906,124.712,1,,,1,,
skab_labelled_onset,valve1__14,valve1,0,Temperature,level,ewc,adjusted,569,399,6,,,,,,,1,covariate_outside,,,,,,1,1,,,
skab_labelled_onset,valve1__14,valve1,0,Temperature,level,ewc,raw,569,399,0,0.0607,-0.5945,0.7158,1.3103,0.8525,0,0,,7.8185,0.9792,0.9906,124.712,1,,,1,,
skab_labelled_onset,valve1__14,valve1,0,Temperature,level,hac,adjusted,569,399,6,,,,,,,1,covariate_outside,,,,,,1,1,,,
skab_labelled_onset,valve1__14,valve1,0,Temperature,level,hac,raw,569,399,0,0.0607,-1.2465,1.3678,2.6143,0.9275,0,0,,7.8185,0.9792,0.9906,124.712,1,,,1,,
skab_labelled_onset,valve1__14,valve1,0,Temperature,level,naive,adjusted,569,399,6,,,,,,,1,covariate_outside,,,,,,1,1,,,
skab_labelled_onset,valve1__14,valve1,0,Temperature,level,naive,raw,569,399,0,0.0607,-0.0836,0.2049,0.2884,0.4097,0,0,,7.8185,0.9792,0.9906,124.712,1,,,1,,
skab_labelled_onset,valve1__14,valve1,0,Temperature,spread,block_bootstrap,adjusted,569,399,6,,,,,,,1,covariate_outside,,,,,,1,1,,,
skab_labelled_onset,valve1__14,valve1,0,Temperature,spread,block_bootstrap,raw,569,399,0,0.1889,-0.1151,0.4271,0.5422,0.15,0,0,,7.8185,0.9792,0.9906,124.712,1,,,1,,
skab_labelled_onset,valve1__14,valve1,0,Temperature,spread,naive,adjusted,569,399,6,,,,,,,1,covariate_outside,,,,,,1,1,,,
skab_labelled_onset,valve1__14,valve1,0,Temperature,spread,naive,raw,569,399,0,0.1889,0.0983,0.2795,0.1812,0.0,1,0,,7.8185,0.9792,0.9906,124.712,1,,,1,,
skab_labelled_onset,valve1__14,valve1,0,Thermocouple,level,block_bootstrap,adjusted,569,399,6,,,,,,,1,covariate_outside,,,,,,1,1,,,
skab_labelled_onset,valve1__14,valve1,0,Thermocouple,level,block_bootstrap,raw,569,399,0,-0.9961,-1.2601,-0.6473,0.6128,0.0,1,0,,-4.3738,0.9443,0.8411,63.7663,1,,,0,,
skab_labelled_onset,valve1__14,valve1,0,Thermocouple,level,ewc,adjusted,569,399,6,,,,,,,1,covariate_outside,,,,,,1,1,,,
skab_labelled_onset,valve1__14,valve1,0,Thermocouple,level,ewc,raw,569,399,0,-0.9961,-1.4404,-0.5518,0.8886,0.0,1,0,,-4.3738,0.9443,0.8411,63.7663,1,,,0,,
skab_labelled_onset,valve1__14,valve1,0,Thermocouple,level,hac,adjusted,569,399,6,,,,,,,1,covariate_outside,,,,,,1,1,,,
skab_labelled_onset,valve1__14,valve1,0,Thermocouple,level,hac,raw,569,399,0,-0.9961,-1.6034,-0.3888,1.2146,0.0013,1,0,,-4.3738,0.9443,0.8411,63.7663,1,,,0,,
skab_labelled_onset,valve1__14,valve1,0,Thermocouple,level,naive,adjusted,569,399,6,,,,,,,1,covariate_outside,,,,,,1,1,,,
skab_labelled_onset,valve1__14,valve1,0,Thermocouple,level,naive,raw,569,399,0,-0.9961,-1.0967,-0.8955,0.2012,0.0,1,0,,-4.3738,0.9443,0.8411,63.7663,1,,,0,,
skab_labelled_onset,valve1__14,valve1,0,Thermocouple,spread,block_bootstrap,adjusted,569,399,6,,,,,,,1,covariate_outside,,,,,,1,1,,,
skab_labelled_onset,valve1__14,valve1,0,Thermocouple,spread,block_bootstrap,raw,569,399,0,-0.5257,-0.796,-0.2843,0.5117,0.0,1,0,,-4.3738,0.9443,0.8411,63.7663,1,,,0,,
skab_labelled_onset,valve1__14,valve1,0,Thermocouple,spread,naive,adjusted,569,399,6,,,,,,,1,covariate_outside,,,,,,1,1,,,
skab_labelled_onset,valve1__14,valve1,0,Thermocouple,spread,naive,raw,569,399,0,-0.5257,-0.6163,-0.4351,0.1812,0.0,1,0,,-4.3738,0.9443,0.8411,63.7663,1,,,0,,
skab_labelled_onset,valve1__14,valve1,0,Voltage,level,block_bootstrap,adjusted,569,399,6,,,,,,,1,covariate_outside,,,,,,1,1,,,
skab_labelled_onset,valve1__14,valve1,0,Voltage,level,block_bootstrap,raw,569,399,0,0.0246,-0.1137,0.1502,0.2639,0.81,0,0,,-0.3949,-0.0105,0.0626,0.7198,0,,,0,,
skab_labelled_onset,valve1__14,valve1,0,Voltage,level,ewc,adjusted,569,399,6,,,,,,,1,covariate_outside,,,,,,1,1,,,
skab_labelled_onset,valve1__14,valve1,0,Voltage,level,ewc,raw,569,399,0,0.0246,-0.1159,0.1652,0.2811,0.7247,0,0,,-0.3949,-0.0105,0.0626,0.7198,0,,,0,,
skab_labelled_onset,valve1__14,valve1,0,Voltage,level,hac,adjusted,569,399,6,,,,,,,1,covariate_outside,,,,,,1,1,,,
skab_labelled_onset,valve1__14,valve1,0,Voltage,level,hac,raw,569,399,0,0.0246,-0.1105,0.1598,0.2704,0.7209,0,0,,-0.3949,-0.0105,0.0626,0.7198,0,,,0,,
skab_labelled_onset,valve1__14,valve1,0,Voltage,level,naive,adjusted,569,399,6,,,,,,,1,covariate_outside,,,,,,1,1,,,
skab_labelled_onset,valve1__14,valve1,0,Voltage,level,naive,raw,569,399,0,0.0246,-0.1082,0.1575,0.2657,0.7162,0,0,,-0.3949,-0.0105,0.0626,0.7198,0,,,0,,
skab_labelled_onset,valve1__14,valve1,0,Voltage,spread,block_bootstrap,adjusted,569,399,6,,,,,,,1,covariate_outside,,,,,,1,1,,,
skab_labelled_onset,valve1__14,valve1,0,Voltage,spread,block_bootstrap,raw,569,399,0,0.0618,-0.028,0.1807,0.2088,0.15,0,0,,-0.3949,-0.0105,0.0626,0.7198,0,,,0,,
skab_labelled_onset,valve1__14,valve1,0,Voltage,spread,naive,adjusted,569,399,6,,,,,,,1,covariate_outside,,,,,,1,1,,,
skab_labelled_onset,valve1__14,valve1,0,Voltage,spread,naive,raw,569,399,0,0.0618,-0.0288,0.1524,0.1812,0.181,0,0,,-0.3949,-0.0105,0.0626,0.7198,0,,,0,,
skab_labelled_onset,valve1__14,valve1,0,Volume Flow RateRMS,level,block_bootstrap,adjusted,569,399,6,-6.4088,-7.5857,-5.5997,1.986,0.0,1,0,,-0.9203,-0.1565,0.8944,4.4459,0,0,1,0,0.0307,1.0754
skab_labelled_onset,valve1__14,valve1,0,Volume Flow RateRMS,level,block_bootstrap,raw,569,399,0,-6.5106,-7.5757,-5.6897,1.886,0.0,1,0,,2.1702,-0.1285,0.886,3.8763,1,,,0,,
skab_labelled_onset,valve1__14,valve1,0,Volume Flow RateRMS,level,ewc,adjusted,569,399,6,-6.4088,-7.9295,-4.888,3.0415,0.0,1,0,,-0.9203,-0.1565,0.8944,4.4459,0,0,1,0,0.0307,1.0754
skab_labelled_onset,valve1__14,valve1,0,Volume Flow RateRMS,level,ewc,raw,569,399,0,-6.5106,-7.9743,-5.0468,2.9275,0.0,1,0,,2.1702,-0.1285,0.886,3.8763,1,,,0,,
skab_labelled_onset,valve1__14,valve1,0,Volume Flow RateRMS,level,hac,adjusted,569,399,6,-6.4088,-8.1853,-4.6322,3.553,0.0,1,0,,-0.9203,-0.1565,0.8944,4.4459,0,0,1,0,0.0307,1.0754
skab_labelled_onset,valve1__14,valve1,0,Volume Flow RateRMS,level,hac,raw,569,399,0,-6.5106,-8.1781,-4.843,3.3351,0.0,1,0,,2.1702,-0.1285,0.886,3.8763,1,,,0,,
skab_labelled_onset,valve1__14,valve1,0,Volume Flow RateRMS,level,naive,adjusted,569,399,6,-6.4088,-6.7634,-6.0542,0.7092,0.0,1,0,,-0.9203,-0.1565,0.8944,4.4459,0,0,1,0,0.0307,1.0754
skab_labelled_onset,valve1__14,valve1,0,Volume Flow RateRMS,level,naive,raw,569,399,0,-6.5106,-6.8535,-6.1676,0.6858,0.0,1,0,,2.1702,-0.1285,0.886,3.8763,1,,,0,,
skab_labelled_onset,valve1__14,valve1,0,Volume Flow RateRMS,spread,block_bootstrap,adjusted,569,399,6,1.2736,0.9326,1.3751,0.4425,0.0,1,0,,-0.9203,-0.1565,0.8944,4.4459,0,0,1,0,0.0307,1.0754
skab_labelled_onset,valve1__14,valve1,0,Volume Flow RateRMS,spread,block_bootstrap,raw,569,399,0,1.2217,0.8726,1.3256,0.4529,0.0,1,0,,2.1702,-0.1285,0.886,3.8763,1,,,0,,
skab_labelled_onset,valve1__14,valve1,0,Volume Flow RateRMS,spread,naive,adjusted,569,399,6,1.2736,1.183,1.3642,0.1812,0.0,1,0,,-0.9203,-0.1565,0.8944,4.4459,0,0,1,0,0.0307,1.0754
skab_labelled_onset,valve1__14,valve1,0,Volume Flow RateRMS,spread,naive,raw,569,399,0,1.2217,1.1312,1.3123,0.1812,0.0,1,0,,2.1702,-0.1285,0.886,3.8763,1,,,0,,
skab_labelled_onset,valve1__15,valve1,0,Accelerometer1RMS,level,block_bootstrap,adjusted,574,404,6,,,,,,,1,covariate_outside,,,,,,1,1,,,
skab_labelled_onset,valve1__15,valve1,0,Accelerometer1RMS,level,block_bootstrap,raw,574,404,0,0.7694,0.6177,0.9701,0.3524,0.0,1,0,,-3.8161,-0.1604,0.2868,4.536,1,,,0,,
skab_labelled_onset,valve1__15,valve1,0,Accelerometer1RMS,level,ewc,adjusted,574,404,6,,,,,,,1,covariate_outside,,,,,,1,1,,,
skab_labelled_onset,valve1__15,valve1,0,Accelerometer1RMS,level,ewc,raw,574,404,0,0.7694,0.5414,0.9973,0.4559,0.0,1,0,,-3.8161,-0.1604,0.2868,4.536,1,,,0,,
skab_labelled_onset,valve1__15,valve1,0,Accelerometer1RMS,level,hac,adjusted,574,404,6,,,,,,,1,covariate_outside,,,,,,1,1,,,
skab_labelled_onset,valve1__15,valve1,0,Accelerometer1RMS,level,hac,raw,574,404,0,0.7694,0.6206,0.9181,0.2975,0.0,1,0,,-3.8161,-0.1604,0.2868,4.536,1,,,0,,
skab_labelled_onset,valve1__15,valve1,0,Accelerometer1RMS,level,naive,adjusted,574,404,6,,,,,,,1,covariate_outside,,,,,,1,1,,,
skab_labelled_onset,valve1__15,valve1,0,Accelerometer1RMS,level,naive,raw,574,404,0,0.7694,0.6425,0.8962,0.2537,0.0,1,0,,-3.8161,-0.1604,0.2868,4.536,1,,,0,,
skab_labelled_onset,valve1__15,valve1,0,Accelerometer1RMS,spread,block_bootstrap,adjusted,574,404,6,,,,,,,1,covariate_outside,,,,,,1,1,,,
skab_labelled_onset,valve1__15,valve1,0,Accelerometer1RMS,spread,block_bootstrap,raw,574,404,0,-0.0057,-0.1203,0.077,0.1973,0.76,0,0,,-3.8161,-0.1604,0.2868,4.536,1,,,0,,
skab_labelled_onset,valve1__15,valve1,0,Accelerometer1RMS,spread,naive,adjusted,574,404,6,,,,,,,1,covariate_outside,,,,,,1,1,,,
skab_labelled_onset,valve1__15,valve1,0,Accelerometer1RMS,spread,naive,raw,574,404,0,-0.0057,-0.0958,0.0844,0.1802,0.9014,0,0,,-3.8161,-0.1604,0.2868,4.536,1,,,0,,
skab_labelled_onset,valve1__15,valve1,0,Accelerometer2RMS,level,block_bootstrap,adjusted,574,404,6,,,,,,,1,covariate_outside,,,,,,1,1,,,
skab_labelled_onset,valve1__15,valve1,0,Accelerometer2RMS,level,block_bootstrap,raw,574,404,0,0.57,0.3999,0.8295,0.4296,0.0,1,0,,-5.6844,0.0816,0.5237,2.8528,1,,,0,,
skab_labelled_onset,valve1__15,valve1,0,Accelerometer2RMS,level,ewc,adjusted,574,404,6,,,,,,,1,covariate_outside,,,,,,1,1,,,
skab_labelled_onset,valve1__15,valve1,0,Accelerometer2RMS,level,ewc,raw,574,404,0,0.57,0.2745,0.8655,0.5909,0.0003,1,0,,-5.6844,0.0816,0.5237,2.8528,1,,,0,,
skab_labelled_onset,valve1__15,valve1,0,Accelerometer2RMS,level,hac,adjusted,574,404,6,,,,,,,1,covariate_outside,,,,,,1,1,,,
skab_labelled_onset,valve1__15,valve1,0,Accelerometer2RMS,level,hac,raw,574,404,0,0.57,0.3859,0.7541,0.3683,0.0,1,0,,-5.6844,0.0816,0.5237,2.8528,1,,,0,,
skab_labelled_onset,valve1__15,valve1,0,Accelerometer2RMS,level,naive,adjusted,574,404,6,,,,,,,1,covariate_outside,,,,,,1,1,,,
skab_labelled_onset,valve1__15,valve1,0,Accelerometer2RMS,level,naive,raw,574,404,0,0.57,0.4529,0.6871,0.2341,0.0,1,0,,-5.6844,0.0816,0.5237,2.8528,1,,,0,,
skab_labelled_onset,valve1__15,valve1,0,Accelerometer2RMS,spread,block_bootstrap,adjusted,574,404,6,,,,,,,1,covariate_outside,,,,,,1,1,,,
skab_labelled_onset,valve1__15,valve1,0,Accelerometer2RMS,spread,block_bootstrap,raw,574,404,0,-0.1522,-0.2499,-0.0655,0.1844,0.0,1,0,,-5.6844,0.0816,0.5237,2.8528,1,,,0,,
skab_labelled_onset,valve1__15,valve1,0,Accelerometer2RMS,spread,naive,adjusted,574,404,6,,,,,,,1,covariate_outside,,,,,,1,1,,,
skab_labelled_onset,valve1__15,valve1,0,Accelerometer2RMS,spread,naive,raw,574,404,0,-0.1522,-0.2423,-0.0621,0.1802,0.0009,1,0,,-5.6844,0.0816,0.5237,2.8528,1,,,0,,
skab_labelled_onset,valve1__15,valve1,0,Current,level,block_bootstrap,adjusted,574,404,6,,,,,,,1,covariate_outside,,,,,,1,1,,,
skab_labelled_onset,valve1__15,valve1,0,Current,level,block_bootstrap,raw,574,404,0,0.1017,-0.1922,0.3333,0.5256,0.48,0,0,,-0.0068,0.3397,0.416,7.9791,0,,,0,,
skab_labelled_onset,valve1__15,valve1,0,Current,level,ewc,adjusted,574,404,6,,,,,,,1,covariate_outside,,,,,,1,1,,,
skab_labelled_onset,valve1__15,valve1,0,Current,level,ewc,raw,574,404,0,0.1017,-0.2637,0.467,0.7308,0.578,0,0,,-0.0068,0.3397,0.416,7.9791,0,,,0,,
skab_labelled_onset,valve1__15,valve1,0,Current,level,hac,adjusted,574,404,6,,,,,,,1,covariate_outside,,,,,,1,1,,,
skab_labelled_onset,valve1__15,valve1,0,Current,level,hac,raw,574,404,0,0.1017,-0.1386,0.3419,0.4804,0.4069,0,0,,-0.0068,0.3397,0.416,7.9791,0,,,0,,
skab_labelled_onset,valve1__15,valve1,0,Current,level,naive,adjusted,574,404,6,,,,,,,1,covariate_outside,,,,,,1,1,,,
skab_labelled_onset,valve1__15,valve1,0,Current,level,naive,raw,574,404,0,0.1017,-0.0257,0.229,0.2546,0.1176,0,0,,-0.0068,0.3397,0.416,7.9791,0,,,0,,
skab_labelled_onset,valve1__15,valve1,0,Current,spread,block_bootstrap,adjusted,574,404,6,,,,,,,1,covariate_outside,,,,,,1,1,,,
skab_labelled_onset,valve1__15,valve1,0,Current,spread,block_bootstrap,raw,574,404,0,0.0004,-0.0682,0.0776,0.1458,0.93,0,0,,-0.0068,0.3397,0.416,7.9791,0,,,0,,
skab_labelled_onset,valve1__15,valve1,0,Current,spread,naive,adjusted,574,404,6,,,,,,,1,covariate_outside,,,,,,1,1,,,
skab_labelled_onset,valve1__15,valve1,0,Current,spread,naive,raw,574,404,0,0.0004,-0.0897,0.0905,0.1802,0.9933,0,0,,-0.0068,0.3397,0.416,7.9791,0,,,0,,
skab_labelled_onset,valve1__15,valve1,0,Pressure,level,block_bootstrap,adjusted,574,404,7,,,,,,,1,no_spread,,,,,,,,,,
skab_labelled_onset,valve1__15,valve1,0,Pressure,level,block_bootstrap,raw,574,404,0,,,,,,,1,no_spread,,,,,,,,,,
skab_labelled_onset,valve1__15,valve1,0,Pressure,level,ewc,adjusted,574,404,7,,,,,,,1,no_spread,,,,,,,,,,
skab_labelled_onset,valve1__15,valve1,0,Pressure,level,ewc,raw,574,404,0,,,,,,,1,no_spread,,,,,,,,,,
skab_labelled_onset,valve1__15,valve1,0,Pressure,level,hac,adjusted,574,404,7,,,,,,,1,no_spread,,,,,,,,,,
skab_labelled_onset,valve1__15,valve1,0,Pressure,level,hac,raw,574,404,0,,,,,,,1,no_spread,,,,,,,,,,
skab_labelled_onset,valve1__15,valve1,0,Pressure,level,naive,adjusted,574,404,7,,,,,,,1,no_spread,,,,,,,,,,
skab_labelled_onset,valve1__15,valve1,0,Pressure,level,naive,raw,574,404,0,,,,,,,1,no_spread,,,,,,,,,,
skab_labelled_onset,valve1__15,valve1,0,Pressure,spread,block_bootstrap,adjusted,574,404,7,,,,,,,1,no_spread,,,,,,,,,,
skab_labelled_onset,valve1__15,valve1,0,Pressure,spread,block_bootstrap,raw,574,404,0,,,,,,,1,no_spread,,,,,,,,,,
skab_labelled_onset,valve1__15,valve1,0,Pressure,spread,naive,adjusted,574,404,7,,,,,,,1,no_spread,,,,,,,,,,
skab_labelled_onset,valve1__15,valve1,0,Pressure,spread,naive,raw,574,404,0,,,,,,,1,no_spread,,,,,,,,,,
skab_labelled_onset,valve1__15,valve1,0,Temperature,level,block_bootstrap,adjusted,574,404,6,,,,,,,1,covariate_outside,,,,,,1,1,,,
skab_labelled_onset,valve1__15,valve1,0,Temperature,level,block_bootstrap,raw,574,404,0,-2.7927,-3.2673,-2.3556,0.9117,0.0,1,0,,-0.5762,0.9931,0.9861,262.0787,0,,,1,,
skab_labelled_onset,valve1__15,valve1,0,Temperature,level,ewc,adjusted,574,404,6,,,,,,,1,covariate_outside,,,,,,1,1,,,
skab_labelled_onset,valve1__15,valve1,0,Temperature,level,ewc,raw,574,404,0,-2.7927,-3.4458,-2.1397,1.3061,0.0,1,0,,-0.5762,0.9931,0.9861,262.0787,0,,,1,,
skab_labelled_onset,valve1__15,valve1,0,Temperature,level,hac,adjusted,574,404,6,,,,,,,1,covariate_outside,,,,,,1,1,,,
skab_labelled_onset,valve1__15,valve1,0,Temperature,level,hac,raw,574,404,0,-2.7927,-4.033,-1.5524,2.4807,0.0,1,0,,-0.5762,0.9931,0.9861,262.0787,0,,,1,,
skab_labelled_onset,valve1__15,valve1,0,Temperature,level,naive,adjusted,574,404,6,,,,,,,1,covariate_outside,,,,,,1,1,,,
skab_labelled_onset,valve1__15,valve1,0,Temperature,level,naive,raw,574,404,0,-2.7927,-2.936,-2.6494,0.2866,0.0,1,0,,-0.5762,0.9931,0.9861,262.0787,0,,,1,,
skab_labelled_onset,valve1__15,valve1,0,Temperature,spread,block_bootstrap,adjusted,574,404,6,,,,,,,1,covariate_outside,,,,,,1,1,,,
skab_labelled_onset,valve1__15,valve1,0,Temperature,spread,block_bootstrap,raw,574,404,0,0.188,-0.0691,0.6089,0.678,0.14,0,0,,-0.5762,0.9931,0.9861,262.0787,0,,,1,,
skab_labelled_onset,valve1__15,valve1,0,Temperature,spread,naive,adjusted,574,404,6,,,,,,,1,covariate_outside,,,,,,1,1,,,
skab_labelled_onset,valve1__15,valve1,0,Temperature,spread,naive,raw,574,404,0,0.188,0.0979,0.2781,0.1802,0.0,1,0,,-0.5762,0.9931,0.9861,262.0787,0,,,1,,
skab_labelled_onset,valve1__15,valve1,0,Thermocouple,level,block_bootstrap,adjusted,574,404,6,,,,,,,1,covariate_outside,,,,,,1,1,,,
skab_labelled_onset,valve1__15,valve1,0,Thermocouple,level,block_bootstrap,raw,574,404,0,-0.8749,-1.249,-0.5496,0.6994,0.0,1,0,,0.4563,0.9785,0.9439,122.1935,0,,,1,,
skab_labelled_onset,valve1__15,valve1,0,Thermocouple,level,ewc,adjusted,574,404,6,,,,,,,1,covariate_outside,,,,,,1,1,,,
skab_labelled_onset,valve1__15,valve1,0,Thermocouple,level,ewc,raw,574,404,0,-0.8749,-1.43,-0.3199,1.1101,0.0027,1,0,,0.4563,0.9785,0.9439,122.1935,0,,,1,,
skab_labelled_onset,valve1__15,valve1,0,Thermocouple,level,hac,adjusted,574,404,6,,,,,,,1,covariate_outside,,,,,,1,1,,,
skab_labelled_onset,valve1__15,valve1,0,Thermocouple,level,hac,raw,574,404,0,-0.8749,-1.7337,-0.0162,1.7175,0.0458,1,0,,0.4563,0.9785,0.9439,122.1935,0,,,1,,
skab_labelled_onset,valve1__15,valve1,0,Thermocouple,level,naive,adjusted,574,404,6,,,,,,,1,covariate_outside,,,,,,1,1,,,
skab_labelled_onset,valve1__15,valve1,0,Thermocouple,level,naive,raw,574,404,0,-0.8749,-0.9978,-0.752,0.2458,0.0,1,0,,0.4563,0.9785,0.9439,122.1935,0,,,1,,
skab_labelled_onset,valve1__15,valve1,0,Thermocouple,spread,block_bootstrap,adjusted,574,404,6,,,,,,,1,covariate_outside,,,,,,1,1,,,
skab_labelled_onset,valve1__15,valve1,0,Thermocouple,spread,block_bootstrap,raw,574,404,0,-0.0615,-0.9285,0.2223,1.1508,0.67,0,0,,0.4563,0.9785,0.9439,122.1935,0,,,1,,
skab_labelled_onset,valve1__15,valve1,0,Thermocouple,spread,naive,adjusted,574,404,6,,,,,,,1,covariate_outside,,,,,,1,1,,,
skab_labelled_onset,valve1__15,valve1,0,Thermocouple,spread,naive,raw,574,404,0,-0.0615,-0.1516,0.0286,0.1802,0.181,0,0,,0.4563,0.9785,0.9439,122.1935,0,,,1,,
skab_labelled_onset,valve1__15,valve1,0,Voltage,level,block_bootstrap,adjusted,574,404,6,,,,,,,1,covariate_outside,,,,,,1,1,,,
skab_labelled_onset,valve1__15,valve1,0,Voltage,level,block_bootstrap,raw,574,404,0,0.0662,-0.0574,0.1787,0.2361,0.34,0,0,,-1.1318,-0.0045,0.0291,0.412,0,,,0,,
skab_labelled_onset,valve1__15,valve1,0,Voltage,level,ewc,adjusted,574,404,6,,,,,,,1,covariate_outside,,,,,,1,1,,,
skab_labelled_onset,valve1__15,valve1,0,Voltage,level,ewc,raw,574,404,0,0.0662,-0.0496,0.1819,0.2314,0.2558,0,0,,-1.1318,-0.0045,0.0291,0.412,0,,,0,,
skab_labelled_onset,valve1__15,valve1,0,Voltage,level,hac,adjusted,574,404,6,,,,,,,1,covariate_outside,,,,,,1,1,,,
skab_labelled_onset,valve1__15,valve1,0,Voltage,level,hac,raw,574,404,0,0.0662,-0.0566,0.1889,0.2455,0.2909,0,0,,-1.1318,-0.0045,0.0291,0.412,0,,,0,,
skab_labelled_onset,valve1__15,valve1,0,Voltage,level,naive,adjusted,574,404,6,,,,,,,1,covariate_outside,,,,,,1,1,,,
skab_labelled_onset,valve1__15,valve1,0,Voltage,level,naive,raw,574,404,0,0.0662,-0.0563,0.1886,0.245,0.2898,0,0,,-1.1318,-0.0045,0.0291,0.412,0,,,0,,
skab_labelled_onset,valve1__15,valve1,0,Voltage,spread,block_bootstrap,adjusted,574,404,6,,,,,,,1,covariate_outside,,,,,,1,1,,,
skab_labelled_onset,valve1__15,valve1,0,Voltage,spread,block_bootstrap,raw,574,404,0,-0.0674,-0.1553,0.0098,0.1651,0.07,0,0,,-1.1318,-0.0045,0.0291,0.412,0,,,0,,
skab_labelled_onset,valve1__15,valve1,0,Voltage,spread,naive,adjusted,574,404,6,,,,,,,1,covariate_outside,,,,,,1,1,,,
skab_labelled_onset,valve1__15,valve1,0,Voltage,spread,naive,raw,574,404,0,-0.0674,-0.1575,0.0227,0.1802,0.1424,0,0,,-1.1318,-0.0045,0.0291,0.412,0,,,0,,
skab_labelled_onset,valve1__15,valve1,0,Volume Flow RateRMS,level,block_bootstrap,adjusted,574,404,6,-16.0647,-18.8623,-13.9233,4.9391,0.0,1,0,,2.861,-0.2769,0.9811,6.7664,1,0,1,1,0.0166,0.9813
skab_labelled_onset,valve1__15,valve1,0,Volume Flow RateRMS,level,block_bootstrap,raw,574,404,0,-16.3457,-19.182,-14.195,4.987,0.0,1,0,,3.7766,-0.2547,0.9813,6.3456,1,,,1,,
skab_labelled_onset,valve1__15,valve1,0,Volume Flow RateRMS,level,ewc,adjusted,574,404,6,-16.0647,-20.1536,-11.9758,8.1778,0.0,1,0,,2.861,-0.2769,0.9811,6.7664,1,0,1,1,0.0166,0.9813
skab_labelled_onset,valve1__15,valve1,0,Volume Flow RateRMS,level,ewc,raw,574,404,0,-16.3457,-20.4753,-12.216,8.2593,0.0,1,0,,3.7766,-0.2547,0.9813,6.3456,1,,,1,,
skab_labelled_onset,valve1__15,valve1,0,Volume Flow RateRMS,level,hac,adjusted,574,404,6,-16.0647,-21.9737,-10.1558,11.8179,0.0,1,0,,2.861,-0.2769,0.9811,6.7664,1,0,1,1,0.0166,0.9813
skab_labelled_onset,valve1__15,valve1,0,Volume Flow RateRMS,level,hac,raw,574,404,0,-16.3457,-22.3114,-10.38,11.9314,0.0,1,0,,3.7766,-0.2547,0.9813,6.3456,1,,,1,,
skab_labelled_onset,valve1__15,valve1,0,Volume Flow RateRMS,level,naive,adjusted,574,404,6,-16.0647,-16.9627,-15.1668,1.7959,0.0,1,0,,2.861,-0.2769,0.9811,6.7664,1,0,1,1,0.0166,0.9813
skab_labelled_onset,valve1__15,valve1,0,Volume Flow RateRMS,level,naive,raw,574,404,0,-16.3457,-17.2521,-15.4392,1.8129,0.0,1,0,,3.7766,-0.2547,0.9813,6.3456,1,,,1,,
skab_labelled_onset,valve1__15,valve1,0,Volume Flow RateRMS,spread,block_bootstrap,adjusted,574,404,6,2.2244,1.9207,2.3371,0.4164,0.0,1,0,,2.861,-0.2769,0.9811,6.7664,1,0,1,1,0.0166,0.9813
skab_labelled_onset,valve1__15,valve1,0,Volume Flow RateRMS,spread,block_bootstrap,raw,574,404,0,2.2255,1.9239,2.3343,0.4103,0.0,1,0,,3.7766,-0.2547,0.9813,6.3456,1,,,1,,
skab_labelled_onset,valve1__15,valve1,0,Volume Flow RateRMS,spread,naive,adjusted,574,404,6,2.2244,2.1343,2.3145,0.1802,0.0,1,0,,2.861,-0.2769,0.9811,6.7664,1,0,1,1,0.0166,0.9813
skab_labelled_onset,valve1__15,valve1,0,Volume Flow RateRMS,spread,naive,raw,574,404,0,2.2255,2.1354,2.3156,0.1802,0.0,1,0,,3.7766,-0.2547,0.9813,6.3456,1,,,1,,
skab_labelled_onset,valve1__2,valve1,0,Accelerometer1RMS,level,block_bootstrap,adjusted,566,337,5,,,,,,,1,covariate_outside,,,,,,1,1,,,
skab_labelled_onset,valve1__2,valve1,0,Accelerometer1RMS,level,block_bootstrap,raw,566,337,0,0.0155,-0.187,0.1993,0.3863,0.99,0,0,,-5.3648,-0.0164,-0.2758,0.9709,1,,,0,,
skab_labelled_onset,valve1__2,valve1,0,Accelerometer1RMS,level,ewc,adjusted,566,337,5,,,,,,,1,covariate_outside,,,,,,1,1,,,
skab_labelled_onset,valve1__2,valve1,0,Accelerometer1RMS,level,ewc,raw,566,337,0,0.0155,-0.251,0.282,0.533,0.9071,0,0,,-5.3648,-0.0164,-0.2758,0.9709,1,,,0,,
skab_labelled_onset,valve1__2,valve1,0,Accelerometer1RMS,level,hac,adjusted,566,337,5,,,,,,,1,covariate_outside,,,,,,1,1,,,
skab_labelled_onset,valve1__2,valve1,0,Accelerometer1RMS,level,hac,raw,566,337,0,0.0155,-0.1157,0.1468,0.2625,0.8169,0,0,,-5.3648,-0.0164,-0.2758,0.9709,1,,,0,,
skab_labelled_onset,valve1__2,valve1,0,Accelerometer1RMS,level,naive,adjusted,566,337,5,,,,,,,1,covariate_outside,,,,,,1,1,,,
skab_labelled_onset,valve1__2,valve1,0,Accelerometer1RMS,level,naive,raw,566,337,0,0.0155,-0.1065,0.1375,0.244,0.8032,0,0,,-5.3648,-0.0164,-0.2758,0.9709,1,,,0,,
skab_labelled_onset,valve1__2,valve1,0,Accelerometer1RMS,spread,block_bootstrap,adjusted,566,337,5,,,,,,,1,covariate_outside,,,,,,1,1,,,
skab_labelled_onset,valve1__2,valve1,0,Accelerometer1RMS,spread,block_bootstrap,raw,566,337,0,-0.1713,-0.2904,-0.0577,0.2327,0.0,1,0,,-5.3648,-0.0164,-0.2758,0.9709,1,,,0,,
skab_labelled_onset,valve1__2,valve1,0,Accelerometer1RMS,spread,naive,adjusted,566,337,5,,,,,,,1,covariate_outside,,,,,,1,1,,,
skab_labelled_onset,valve1__2,valve1,0,Accelerometer1RMS,spread,naive,raw,566,337,0,-0.1713,-0.2668,-0.0758,0.191,0.0004,1,0,,-5.3648,-0.0164,-0.2758,0.9709,1,,,0,,
skab_labelled_onset,valve1__2,valve1,0,Accelerometer2RMS,level,block_bootstrap,adjusted,566,337,5,,,,,,,1,covariate_outside,,,,,,1,1,,,
skab_labelled_onset,valve1__2,valve1,0,Accelerometer2RMS,level,block_bootstrap,raw,566,337,0,0.3533,0.1129,0.599,0.486,0.0,1,0,,-1.9199,0.0562,0.0253,2.2089,0,,,0,,
skab_labelled_onset,valve1__2,valve1,0,Accelerometer2RMS,level,ewc,adjusted,566,337,5,,,,,,,1,covariate_outside,,,,,,1,1,,,
skab_labelled_onset,valve1__2,valve1,0,Accelerometer2RMS,level,ewc,raw,566,337,0,0.3533,0.0197,0.6869,0.6672,0.0384,1,0,,-1.9199,0.0562,0.0253,2.2089,0,,,0,,
skab_labelled_onset,valve1__2,valve1,0,Accelerometer2RMS,level,hac,adjusted,566,337,5,,,,,,,1,covariate_outside,,,,,,1,1,,,
skab_labelled_onset,valve1__2,valve1,0,Accelerometer2RMS,level,hac,raw,566,337,0,0.3533,0.2111,0.4955,0.2844,0.0,1,0,,-1.9199,0.0562,0.0253,2.2089,0,,,0,,
skab_labelled_onset,valve1__2,valve1,0,Accelerometer2RMS,level,naive,adjusted,566,337,5,,,,,,,1,covariate_outside,,,,,,1,1,,,
skab_labelled_onset,valve1__2,valve1,0,Accelerometer2RMS,level,naive,raw,566,337,0,0.3533,0.216,0.4906,0.2745,0.0,1,0,,-1.9199,0.0562,0.0253,2.2089,0,,,0,,
skab_labelled_onset,valve1__2,valve1,0,Accelerometer2RMS,spread,block_bootstrap,adjusted,566,337,5,,,,,,,1,covariate_outside,,,,,,1,1,,,
skab_labelled_onset,valve1__2,valve1,0,Accelerometer2RMS,spread,block_bootstrap,raw,566,337,0,0.0279,-0.0865,0.1369,0.2233,0.66,0,0,,-1.9199,0.0562,0.0253,2.2089,0,,,0,,
skab_labelled_onset,valve1__2,valve1,0,Accelerometer2RMS,spread,naive,adjusted,566,337,5,,,,,,,1,covariate_outside,,,,,,1,1,,,
skab_labelled_onset,valve1__2,valve1,0,Accelerometer2RMS,spread,naive,raw,566,337,0,0.0279,-0.0676,0.1234,0.191,0.567,0,0,,-1.9199,0.0562,0.0253,2.2089,0,,,0,,
skab_labelled_onset,valve1__2,valve1,0,Current,level,block_bootstrap,adjusted,566,337,5,,,,,,,1,covariate_outside,,,,,,1,1,,,
skab_labelled_onset,valve1__2,valve1,0,Current,level,block_bootstrap,raw,566,337,0,-0.0861,-0.3379,0.2127,0.5505,0.55,0,0,,0.5017,0.3803,0.3281,8.7563,0,,,0,,
skab_labelled_onset,valve1__2,valve1,0,Current,level,ewc,adjusted,566,337,5,,,,,,,1,covariate_outside,,,,,,1,1,,,
skab_labelled_onset,valve1__2,valve1,0,Current,level,ewc,raw,566,337,0,-0.0861,-0.4516,0.2795,0.7311,0.6372,0,0,,0.5017,0.3803,0.3281,8.7563,0,,,0,,
skab_labelled_onset,valve1__2,valve1,0,Current,level,hac,adjusted,566,337,5,,,,,,,1,covariate_outside,,,,,,1,1,,,
skab_labelled_onset,valve1__2,valve1,0,Current,level,hac,raw,566,337,0,-0.0861,-0.3228,0.1506,0.4734,0.4759,0,0,,0.5017,0.3803,0.3281,8.7563,0,,,0,,
skab_labelled_onset,valve1__2,valve1,0,Current,level,naive,adjusted,566,337,5,,,,,,,1,covariate_outside,,,,,,1,1,,,
skab_labelled_onset,valve1__2,valve1,0,Current,level,naive,raw,566,337,0,-0.0861,-0.2199,0.0477,0.2677,0.2074,0,0,,0.5017,0.3803,0.3281,8.7563,0,,,0,,
skab_labelled_onset,valve1__2,valve1,0,Current,spread,block_bootstrap,adjusted,566,337,5,,,,,,,1,covariate_outside,,,,,,1,1,,,
skab_labelled_onset,valve1__2,valve1,0,Current,spread,block_bootstrap,raw,566,337,0,-0.0122,-0.0979,0.0465,0.1444,0.65,0,0,,0.5017,0.3803,0.3281,8.7563,0,,,0,,
skab_labelled_onset,valve1__2,valve1,0,Current,spread,naive,adjusted,566,337,5,,,,,,,1,covariate_outside,,,,,,1,1,,,
skab_labelled_onset,valve1__2,valve1,0,Current,spread,naive,raw,566,337,0,-0.0122,-0.1077,0.0833,0.191,0.8021,0,0,,0.5017,0.3803,0.3281,8.7563,0,,,0,,
skab_labelled_onset,valve1__2,valve1,0,Pressure,level,block_bootstrap,adjusted,566,337,6,,,,,,,1,no_spread,,,,,,,,,,
skab_labelled_onset,valve1__2,valve1,0,Pressure,level,block_bootstrap,raw,566,337,0,,,,,,,1,no_spread,,,,,,,,,,
skab_labelled_onset,valve1__2,valve1,0,Pressure,level,ewc,adjusted,566,337,6,,,,,,,1,no_spread,,,,,,,,,,
skab_labelled_onset,valve1__2,valve1,0,Pressure,level,ewc,raw,566,337,0,,,,,,,1,no_spread,,,,,,,,,,
skab_labelled_onset,valve1__2,valve1,0,Pressure,level,hac,adjusted,566,337,6,,,,,,,1,no_spread,,,,,,,,,,
skab_labelled_onset,valve1__2,valve1,0,Pressure,level,hac,raw,566,337,0,,,,,,,1,no_spread,,,,,,,,,,
skab_labelled_onset,valve1__2,valve1,0,Pressure,level,naive,adjusted,566,337,6,,,,,,,1,no_spread,,,,,,,,,,
skab_labelled_onset,valve1__2,valve1,0,Pressure,level,naive,raw,566,337,0,,,,,,,1,no_spread,,,,,,,,,,
skab_labelled_onset,valve1__2,valve1,0,Pressure,spread,block_bootstrap,adjusted,566,337,6,,,,,,,1,no_spread,,,,,,,,,,
skab_labelled_onset,valve1__2,valve1,0,Pressure,spread,block_bootstrap,raw,566,337,0,,,,,,,1,no_spread,,,,,,,,,,
skab_labelled_onset,valve1__2,valve1,0,Pressure,spread,naive,adjusted,566,337,6,,,,,,,1,no_spread,,,,,,,,,,
skab_labelled_onset,valve1__2,valve1,0,Pressure,spread,naive,raw,566,337,0,,,,,,,1,no_spread,,,,,,,,,,
skab_labelled_onset,valve1__2,valve1,0,Temperature,level,block_bootstrap,adjusted,566,337,5,,,,,,,1,covariate_outside,,,,,,1,1,,,
skab_labelled_onset,valve1__2,valve1,0,Temperature,level,block_bootstrap,raw,566,337,0,-0.5542,-0.8349,-0.3242,0.5107,0.0,1,0,,-3.7526,0.995,0.8669,321.9016,1,,,1,,
skab_labelled_onset,valve1__2,valve1,0,Temperature,level,ewc,adjusted,566,337,5,,,,,,,1,covariate_outside,,,,,,1,1,,,
skab_labelled_onset,valve1__2,valve1,0,Temperature,level,ewc,raw,566,337,0,-0.5542,-0.9546,-0.1537,0.8009,0.0083,1,0,,-3.7526,0.995,0.8669,321.9016,1,,,1,,
skab_labelled_onset,valve1__2,valve1,0,Temperature,level,hac,adjusted,566,337,5,,,,,,,1,covariate_outside,,,,,,1,1,,,
skab_labelled_onset,valve1__2,valve1,0,Temperature,level,hac,raw,566,337,0,-0.5542,-1.4211,0.3128,1.7338,0.2103,0,0,,-3.7526,0.995,0.8669,321.9016,1,,,1,,
skab_labelled_onset,valve1__2,valve1,0,Temperature,level,naive,adjusted,566,337,5,,,,,,,1,covariate_outside,,,,,,1,1,,,
skab_labelled_onset,valve1__2,valve1,0,Temperature,level,naive,raw,566,337,0,-0.5542,-0.6389,-0.4694,0.1695,0.0,1,0,,-3.7526,0.995,0.8669,321.9016,1,,,1,,
skab_labelled_onset,valve1__2,valve1,0,Temperature,spread,block_bootstrap,adjusted,566,337,5,,,,,,,1,covariate_outside,,,,,,1,1,,,
skab_labelled_onset,valve1__2,valve1,0,Temperature,spread,block_bootstrap,raw,566,337,0,-1.6823,-1.9024,-1.4454,0.457,0.0,1,0,,-3.7526,0.995,0.8669,321.9016,1,,,1,,
skab_labelled_onset,valve1__2,valve1,0,Temperature,spread,naive,adjusted,566,337,5,,,,,,,1,covariate_outside,,,,,,1,1,,,
skab_labelled_onset,valve1__2,valve1,0,Temperature,spread,naive,raw,566,337,0,-1.6823,-1.7777,-1.5868,0.191,0.0,1,0,,-3.7526,0.995,0.8669,321.9016,1,,,1,,
skab_labelled_onset,valve1__2,valve1,0,Thermocouple,level,block_bootstrap,adjusted,566,337,5,-2.2854,-2.5988,-2.0286,0.5702,0.0,1,0,,-1.1047,0.9566,0.7971,75.4941,0,0,1,0,0.0583,1.1623
skab_labelled_onset,valve1__2,valve1,0,Thermocouple,level,block_bootstrap,raw,566,337,0,-2.2485,-2.5732,-1.9743,0.5989,0.0,1,0,,-0.8729,0.9925,0.9412,246.3166,0,,,1,,
skab_labelled_onset,valve1__2,valve1,0,Thermocouple,level,ewc,adjusted,566,337,5,-2.2854,-2.7094,-1.8613,0.8481,0.0,1,0,,-1.1047,0.9566,0.7971,75.4941,0,0,1,0,0.0583,1.1623
skab_labelled_onset,valve1__2,valve1,0,Thermocouple,level,ewc,raw,566,337,0,-2.2485,-2.6852,-1.8118,0.8734,0.0,1,0,,-0.8729,0.9925,0.9412,246.3166,0,,,1,,
skab_labelled_onset,valve1__2,valve1,0,Thermocouple,level,hac,adjusted,566,337,5,-2.2854,-2.8484,-1.7223,1.1261,0.0,1,0,,-1.1047,0.9566,0.7971,75.4941,0,0,1,0,0.0583,1.1623
skab_labelled_onset,valve1__2,valve1,0,Thermocouple,level,hac,raw,566,337,0,-2.2485,-2.6858,-1.8112,0.8747,0.0,1,0,,-0.8729,0.9925,0.9412,246.3166,0,,,1,,
skab_labelled_onset,valve1__2,valve1,0,Thermocouple,level,naive,adjusted,566,337,5,-2.2854,-2.3808,-2.1899,0.1908,0.0,1,0,,-1.1047,0.9566,0.7971,75.4941,0,0,1,0,0.0583,1.1623
skab_labelled_onset,valve1__2,valve1,0,Thermocouple,level,naive,raw,566,337,0,-2.2485,-2.344,-2.153,0.191,0.0,1,0,,-0.8729,0.9925,0.9412,246.3166,0,,,1,,
skab_labelled_onset,valve1__2,valve1,0,Thermocouple,spread,block_bootstrap,adjusted,566,337,5,-0.6874,-0.9082,-0.3978,0.5104,0.0,1,0,,-1.1047,0.9566,0.7971,75.4941,0,0,1,0,0.0583,1.1623
skab_labelled_onset,valve1__2,valve1,0,Thermocouple,spread,block_bootstrap,raw,566,337,0,-0.7926,-1.0601,-0.4495,0.6106,0.0,1,0,,-0.8729,0.9925,0.9412,246.3166,0,,,1,,
skab_labelled_onset,valve1__2,valve1,0,Thermocouple,spread,naive,adjusted,566,337,5,-0.6874,-0.7829,-0.5919,0.191,0.0,1,0,,-1.1047,0.9566,0.7971,75.4941,0,0,1,0,0.0583,1.1623
skab_labelled_onset,valve1__2,valve1,0,Thermocouple,spread,naive,raw,566,337,0,-0.7926,-0.8881,-0.6972,0.191,0.0,1,0,,-0.8729,0.9925,0.9412,246.3166,0,,,1,,
skab_labelled_onset,valve1__2,valve1,0,Voltage,level,block_bootstrap,adjusted,566,337,5,,,,,,,1,covariate_outside,,,,,,1,1,,,
skab_labelled_onset,valve1__2,valve1,0,Voltage,level,block_bootstrap,raw,566,337,0,0.0703,-0.0712,0.1888,0.26,0.23,0,0,,-1.4085,-0.0126,-0.0757,0.8148,0,,,0,,
skab_labelled_onset,valve1__2,valve1,0,Voltage,level,ewc,adjusted,566,337,5,,,,,,,1,covariate_outside,,,,,,1,1,,,
skab_labelled_onset,valve1__2,valve1,0,Voltage,level,ewc,raw,566,337,0,0.0703,-0.0583,0.1989,0.2572,0.2761,0,0,,-1.4085,-0.0126,-0.0757,0.8148,0,,,0,,
skab_labelled_onset,valve1__2,valve1,0,Voltage,level,hac,adjusted,566,337,5,,,,,,,1,covariate_outside,,,,,,1,1,,,
skab_labelled_onset,valve1__2,valve1,0,Voltage,level,hac,raw,566,337,0,0.0703,-0.0585,0.1992,0.2577,0.2848,0,0,,-1.4085,-0.0126,-0.0757,0.8148,0,,,0,,
skab_labelled_onset,valve1__2,valve1,0,Voltage,level,naive,adjusted,566,337,5,,,,,,,1,covariate_outside,,,,,,1,1,,,
skab_labelled_onset,valve1__2,valve1,0,Voltage,level,naive,raw,566,337,0,0.0703,-0.0632,0.2038,0.267,0.3018,0,0,,-1.4085,-0.0126,-0.0757,0.8148,0,,,0,,
skab_labelled_onset,valve1__2,valve1,0,Voltage,spread,block_bootstrap,adjusted,566,337,5,,,,,,,1,covariate_outside,,,,,,1,1,,,
skab_labelled_onset,valve1__2,valve1,0,Voltage,spread,block_bootstrap,raw,566,337,0,-0.0164,-0.1005,0.0793,0.1797,0.84,0,0,,-1.4085,-0.0126,-0.0757,0.8148,0,,,0,,
skab_labelled_onset,valve1__2,valve1,0,Voltage,spread,naive,adjusted,566,337,5,,,,,,,1,covariate_outside,,,,,,1,1,,,
skab_labelled_onset,valve1__2,valve1,0,Voltage,spread,naive,raw,566,337,0,-0.0164,-0.1119,0.0791,0.191,0.7365,0,0,,-1.4085,-0.0126,-0.0757,0.8148,0,,,0,,
skab_labelled_onset,valve1__2,valve1,0,Volume Flow RateRMS,level,block_bootstrap,adjusted,566,337,6,,,,,,,1,no_spread,,,,,,,,,,
skab_labelled_onset,valve1__2,valve1,0,Volume Flow RateRMS,level,block_bootstrap,raw,566,337,0,,,,,,,1,no_spread,,,,,,,,,,
skab_labelled_onset,valve1__2,valve1,0,Volume Flow RateRMS,level,ewc,adjusted,566,337,6,,,,,,,1,no_spread,,,,,,,,,,
skab_labelled_onset,valve1__2,valve1,0,Volume Flow RateRMS,level,ewc,raw,566,337,0,,,,,,,1,no_spread,,,,,,,,,,
skab_labelled_onset,valve1__2,valve1,0,Volume Flow RateRMS,level,hac,adjusted,566,337,6,,,,,,,1,no_spread,,,,,,,,,,
skab_labelled_onset,valve1__2,valve1,0,Volume Flow RateRMS,level,hac,raw,566,337,0,,,,,,,1,no_spread,,,,,,,,,,
skab_labelled_onset,valve1__2,valve1,0,Volume Flow RateRMS,level,naive,adjusted,566,337,6,,,,,,,1,no_spread,,,,,,,,,,
skab_labelled_onset,valve1__2,valve1,0,Volume Flow RateRMS,level,naive,raw,566,337,0,,,,,,,1,no_spread,,,,,,,,,,
skab_labelled_onset,valve1__2,valve1,0,Volume Flow RateRMS,spread,block_bootstrap,adjusted,566,337,6,,,,,,,1,no_spread,,,,,,,,,,
skab_labelled_onset,valve1__2,valve1,0,Volume Flow RateRMS,spread,block_bootstrap,raw,566,337,0,,,,,,,1,no_spread,,,,,,,,,,
skab_labelled_onset,valve1__2,valve1,0,Volume Flow RateRMS,spread,naive,adjusted,566,337,6,,,,,,,1,no_spread,,,,,,,,,,
skab_labelled_onset,valve1__2,valve1,0,Volume Flow RateRMS,spread,naive,raw,566,337,0,,,,,,,1,no_spread,,,,,,,,,,
skab_labelled_onset,valve1__3,valve1,0,Accelerometer1RMS,level,block_bootstrap,adjusted,573,404,5,0.3249,0.2116,0.4426,0.231,0.0,1,0,,1.932,-0.1986,-0.2621,5.2769,0,0,1,0,0.4115,0.8155
skab_labelled_onset,valve1__3,valve1,0,Accelerometer1RMS,level,block_bootstrap,raw,573,404,0,0.4731,0.3079,0.6774,0.3694,0.0,1,0,,5.1092,-0.1269,-0.2841,3.8522,1,,,0,,
skab_labelled_onset,valve1__3,valve1,0,Accelerometer1RMS,level,ewc,adjusted,573,404,5,0.3249,0.1628,0.487,0.3242,0.0002,1,0,,1.932,-0.1986,-0.2621,5.2769,0,0,1,0,0.4115,0.8155
skab_labelled_onset,valve1__3,valve1,0,Accelerometer1RMS,level,ewc,raw,573,404,0,0.4731,0.2637,0.6826,0.4188,0.0,1,0,,5.1092,-0.1269,-0.2841,3.8522,1,,,0,,
skab_labelled_onset,valve1__3,valve1,0,Accelerometer1RMS,level,hac,adjusted,573,404,5,0.3249,0.2132,0.4367,0.2235,0.0,1,0,,1.932,-0.1986,-0.2621,5.2769,0,0,1,0,0.4115,0.8155
skab_labelled_onset,valve1__3,valve1,0,Accelerometer1RMS,level,hac,raw,573,404,0,0.4731,0.3325,0.6138,0.2814,0.0,1,0,,5.1092,-0.1269,-0.2841,3.8522,1,,,0,,
skab_labelled_onset,valve1__3,valve1,0,Accelerometer1RMS,level,naive,adjusted,573,404,5,0.3249,0.2199,0.4299,0.21,0.0,1,0,,1.932,-0.1986,-0.2621,5.2769,0,0,1,0,0.4115,0.8155
skab_labelled_onset,valve1__3,valve1,0,Accelerometer1RMS,level,naive,raw,573,404,0,0.4731,0.3491,0.5972,0.2481,0.0,1,0,,5.1092,-0.1269,-0.2841,3.8522,1,,,0,,
skab_labelled_onset,valve1__3,valve1,0,Accelerometer1RMS,spread,block_bootstrap,adjusted,573,404,5,0.1178,0.0458,0.1986,0.1529,0.0,1,0,,1.932,-0.1986,-0.2621,5.2769,0,0,1,0,0.4115,0.8155
skab_labelled_onset,valve1__3,valve1,0,Accelerometer1RMS,spread,block_bootstrap,raw,573,404,0,-0.0453,-0.1296,0.0453,0.1749,0.25,0,0,,5.1092,-0.1269,-0.2841,3.8522,1,,,0,,
skab_labelled_onset,valve1__3,valve1,0,Accelerometer1RMS,spread,naive,adjusted,573,404,5,0.1178,0.0277,0.208,0.1803,0.0104,1,0,,1.932,-0.1986,-0.2621,5.2769,0,0,1,0,0.4115,0.8155
skab_labelled_onset,valve1__3,valve1,0,Accelerometer1RMS,spread,naive,raw,573,404,0,-0.0453,-0.1355,0.0448,0.1803,0.3243,0,0,,5.1092,-0.1269,-0.2841,3.8522,1,,,0,,
skab_labelled_onset,valve1__3,valve1,0,Accelerometer2RMS,level,block_bootstrap,adjusted,573,404,5,-0.2137,-0.3595,-0.0443,0.3152,0.02,1,0,,1.7443,-0.0251,-0.0132,1.2961,0,0,1,0,0.395,0.7992
skab_labelled_onset,valve1__3,valve1,0,Accelerometer2RMS,level,block_bootstrap,raw,573,404,0,0.0831,-0.1464,0.3559,0.5023,0.46,0,0,,4.9583,0.0188,0.0637,1.0681,1,,,0,,
skab_labelled_onset,valve1__3,valve1,0,Accelerometer2RMS,level,ewc,adjusted,573,404,5,-0.2137,-0.4212,-0.0063,0.4148,0.0437,1,0,,1.7443,-0.0251,-0.0132,1.2961,0,0,1,0,0.395,0.7992
skab_labelled_onset,valve1__3,valve1,0,Accelerometer2RMS,level,ewc,raw,573,404,0,0.0831,-0.1843,0.3505,0.5347,0.5341,0,0,,4.9583,0.0188,0.0637,1.0681,1,,,0,,
skab_labelled_onset,valve1__3,valve1,0,Accelerometer2RMS,level,hac,adjusted,573,404,5,-0.2137,-0.3193,-0.1082,0.211,0.0001,1,0,,1.7443,-0.0251,-0.0132,1.2961,0,0,1,0,0.395,0.7992
skab_labelled_onset,valve1__3,valve1,0,Accelerometer2RMS,level,hac,raw,573,404,0,0.0831,-0.0474,0.2136,0.2609,0.2119,0,0,,4.9583,0.0188,0.0637,1.0681,1,,,0,,
skab_labelled_onset,valve1__3,valve1,0,Accelerometer2RMS,level,naive,adjusted,573,404,5,-0.2137,-0.3196,-0.1079,0.2117,0.0001,1,0,,1.7443,-0.0251,-0.0132,1.2961,0,0,1,0,0.395,0.7992
skab_labelled_onset,valve1__3,valve1,0,Accelerometer2RMS,level,naive,raw,573,404,0,0.0831,-0.042,0.2082,0.2502,0.1929,0,0,,4.9583,0.0188,0.0637,1.0681,1,,,0,,
skab_labelled_onset,valve1__3,valve1,0,Accelerometer2RMS,spread,block_bootstrap,adjusted,573,404,5,0.1087,0.0168,0.2066,0.1897,0.02,1,0,,1.7443,-0.0251,-0.0132,1.2961,0,0,1,0,0.395,0.7992
skab_labelled_onset,valve1__3,valve1,0,Accelerometer2RMS,spread,block_bootstrap,raw,573,404,0,-0.0306,-0.1238,0.0606,0.1844,0.43,0,0,,4.9583,0.0188,0.0637,1.0681,1,,,0,,
skab_labelled_onset,valve1__3,valve1,0,Accelerometer2RMS,spread,naive,adjusted,573,404,5,0.1087,0.0185,0.1988,0.1803,0.0181,1,0,,1.7443,-0.0251,-0.0132,1.2961,0,0,1,0,0.395,0.7992
skab_labelled_onset,valve1__3,valve1,0,Accelerometer2RMS,spread,naive,raw,573,404,0,-0.0306,-0.1207,0.0596,0.1803,0.5063,0,0,,4.9583,0.0188,0.0637,1.0681,1,,,0,,
skab_labelled_onset,valve1__3,valve1,0,Current,level,block_bootstrap,adjusted,573,404,5,-0.0399,-0.2628,0.213,0.4757,0.8,0,0,,-0.3734,0.3976,0.5281,9.1532,0,0,1,0,0.1587,0.963
skab_labelled_onset,valve1__3,valve1,0,Current,level,block_bootstrap,raw,573,404,0,-0.0773,-0.2996,0.1738,0.4734,0.54,0,0,,0.0128,0.3206,0.4481,7.5992,0,,,0,,
skab_labelled_onset,valve1__3,valve1,0,Current,level,ewc,adjusted,573,404,5,-0.0399,-0.4103,0.3305,0.7409,0.8291,0,0,,-0.3734,0.3976,0.5281,9.1532,0,0,1,0,0.1587,0.963
skab_labelled_onset,valve1__3,valve1,0,Current,level,ewc,raw,573,404,0,-0.0773,-0.4375,0.2829,0.7204,0.6676,0,0,,0.0128,0.3206,0.4481,7.5992,0,,,0,,
skab_labelled_onset,valve1__3,valve1,0,Current,level,hac,adjusted,573,404,5,-0.0399,-0.2976,0.2179,0.5155,0.7617,0,0,,-0.3734,0.3976,0.5281,9.1532,0,0,1,0,0.1587,0.963
skab_labelled_onset,valve1__3,valve1,0,Current,level,hac,raw,573,404,0,-0.0773,-0.3131,0.1586,0.4717,0.5207,0,0,,0.0128,0.3206,0.4481,7.5992,0,,,0,,
skab_labelled_onset,valve1__3,valve1,0,Current,level,naive,adjusted,573,404,5,-0.0399,-0.1581,0.0783,0.2364,0.5084,0,0,,-0.3734,0.3976,0.5281,9.1532,0,0,1,0,0.1587,0.963
skab_labelled_onset,valve1__3,valve1,0,Current,level,naive,raw,573,404,0,-0.0773,-0.2012,0.0466,0.2478,0.2216,0,0,,0.0128,0.3206,0.4481,7.5992,0,,,0,,
skab_labelled_onset,valve1__3,valve1,0,Current,spread,block_bootstrap,adjusted,573,404,5,0.0203,-0.0657,0.0817,0.1474,0.7,0,0,,-0.3734,0.3976,0.5281,9.1532,0,0,1,0,0.1587,0.963
skab_labelled_onset,valve1__3,valve1,0,Current,spread,block_bootstrap,raw,573,404,0,-0.0473,-0.1241,0.0082,0.1323,0.14,0,0,,0.0128,0.3206,0.4481,7.5992,0,,,0,,
skab_labelled_onset,valve1__3,valve1,0,Current,spread,naive,adjusted,573,404,5,0.0203,-0.0699,0.1104,0.1803,0.6592,0,0,,-0.3734,0.3976,0.5281,9.1532,0,0,1,0,0.1587,0.963
skab_labelled_onset,valve1__3,valve1,0,Current,spread,naive,raw,573,404,0,-0.0473,-0.1374,0.0429,0.1803,0.3041,0,0,,0.0128,0.3206,0.4481,7.5992,0,,,0,,
skab_labelled_onset,valve1__3,valve1,0,Pressure,level,block_bootstrap,adjusted,573,404,6,,,,,,,1,no_spread,,,,,,,,,,
skab_labelled_onset,valve1__3,valve1,0,Pressure,level,block_bootstrap,raw,573,404,0,,,,,,,1,no_spread,,,,,,,,,,
skab_labelled_onset,valve1__3,valve1,0,Pressure,level,ewc,adjusted,573,404,6,,,,,,,1,no_spread,,,,,,,,,,
skab_labelled_onset,valve1__3,valve1,0,Pressure,level,ewc,raw,573,404,0,,,,,,,1,no_spread,,,,,,,,,,
skab_labelled_onset,valve1__3,valve1,0,Pressure,level,hac,adjusted,573,404,6,,,,,,,1,no_spread,,,,,,,,,,
skab_labelled_onset,valve1__3,valve1,0,Pressure,level,hac,raw,573,404,0,,,,,,,1,no_spread,,,,,,,,,,
skab_labelled_onset,valve1__3,valve1,0,Pressure,level,naive,adjusted,573,404,6,,,,,,,1,no_spread,,,,,,,,,,
skab_labelled_onset,valve1__3,valve1,0,Pressure,level,naive,raw,573,404,0,,,,,,,1,no_spread,,,,,,,,,,
skab_labelled_onset,valve1__3,valve1,0,Pressure,spread,block_bootstrap,adjusted,573,404,6,,,,,,,1,no_spread,,,,,,,,,,
skab_labelled_onset,valve1__3,valve1,0,Pressure,spread,block_bootstrap,raw,573,404,0,,,,,,,1,no_spread,,,,,,,,,,
skab_labelled_onset,valve1__3,valve1,0,Pressure,spread,naive,adjusted,573,404,6,,,,,,,1,no_spread,,,,,,,,,,
skab_labelled_onset,valve1__3,valve1,0,Pressure,spread,naive,raw,573,404,0,,,,,,,1,no_spread,,,,,,,,,,
skab_labelled_onset,valve1__3,valve1,0,Temperature,level,block_bootstrap,adjusted,573,404,5,0.602,0.3438,0.9095,0.5657,0.0,1,0,,1.0473,0.9666,0.7583,90.6574,0,0,1,1,0.1416,1.3137
skab_labelled_onset,valve1__3,valve1,0,Temperature,level,block_bootstrap,raw,573,404,0,0.8948,0.6604,1.1988,0.5384,0.0,1,0,,1.3986,0.9738,0.7171,106.8155,0,,,1,,
skab_labelled_onset,valve1__3,valve1,0,Temperature,level,ewc,adjusted,573,404,5,0.602,0.2266,0.9773,0.7507,0.0026,1,0,,1.0473,0.9666,0.7583,90.6574,0,0,1,1,0.1416,1.3137
skab_labelled_onset,valve1__3,valve1,0,Temperature,level,ewc,raw,573,404,0,0.8948,0.4943,1.2952,0.8008,0.0001,1,0,,1.3986,0.9738,0.7171,106.8155,0,,,1,,
skab_labelled_onset,valve1__3,valve1,0,Temperature,level,hac,adjusted,573,404,5,0.602,-0.0136,1.2175,1.231,0.0553,0,0,,1.0473,0.9666,0.7583,90.6574,0,0,1,1,0.1416,1.3137
skab_labelled_onset,valve1__3,valve1,0,Temperature,level,hac,raw,573,404,0,0.8948,0.2125,1.577,1.3645,0.0102,1,0,,1.3986,0.9738,0.7171,106.8155,0,,,1,,
skab_labelled_onset,valve1__3,valve1,0,Temperature,level,naive,adjusted,573,404,5,0.602,0.5205,0.6834,0.1629,0.0,1,0,,1.0473,0.9666,0.7583,90.6574,0,0,1,1,0.1416,1.3137
skab_labelled_onset,valve1__3,valve1,0,Temperature,level,naive,raw,573,404,0,0.8948,0.8089,0.9806,0.1717,0.0,1,0,,1.3986,0.9738,0.7171,106.8155,0,,,1,,
skab_labelled_onset,valve1__3,valve1,0,Temperature,spread,block_bootstrap,adjusted,573,404,5,-1.1149,-1.2748,-0.9112,0.3636,0.0,1,0,,1.0473,0.9666,0.7583,90.6574,0,0,1,1,0.1416,1.3137
skab_labelled_onset,valve1__3,valve1,0,Temperature,spread,block_bootstrap,raw,573,404,0,-1.3277,-1.5239,-1.1185,0.4054,0.0,1,0,,1.3986,0.9738,0.7171,106.8155,0,,,1,,
skab_labelled_onset,valve1__3,valve1,0,Temperature,spread,naive,adjusted,573,404,5,-1.1149,-1.2051,-1.0248,0.1803,0.0,1,0,,1.0473,0.9666,0.7583,90.6574,0,0,1,1,0.1416,1.3137
skab_labelled_onset,valve1__3,valve1,0,Temperature,spread,naive,raw,573,404,0,-1.3277,-1.4179,-1.2376,0.1803,0.0,1,0,,1.3986,0.9738,0.7171,106.8155,0,,,1,,
skab_labelled_onset,valve1__3,valve1,0,Thermocouple,level,block_bootstrap,adjusted,573,404,5,-0.37,-0.5994,-0.1236,0.4759,0.0,1,0,,-0.8566,0.9412,0.756,61.5712,0,0,1,0,0.1703,1.2157
skab_labelled_onset,valve1__3,valve1,0,Thermocouple,level,block_bootstrap,raw,573,404,0,-0.7768,-1.0946,-0.5051,0.5895,0.0,1,0,,-2.1199,0.9897,0.9381,199.6925,1,,,1,,
skab_labelled_onset,valve1__3,valve1,0,Thermocouple,level,ewc,adjusted,573,404,5,-0.37,-0.7595,0.0196,0.779,0.0621,0,0,,-0.8566,0.9412,0.756,61.5712,0,0,1,0,0.1703,1.2157
skab_labelled_onset,valve1__3,valve1,0,Thermocouple,level,ewc,raw,573,404,0,-0.7768,-1.2023,-0.3512,0.8511,0.0007,1,0,,-2.1199,0.9897,0.9381,199.6925,1,,,1,,
skab_labelled_onset,valve1__3,valve1,0,Thermocouple,level,hac,adjusted,573,404,5,-0.37,-0.8748,0.1349,1.0097,0.1509,0,0,,-0.8566,0.9412,0.756,61.5712,0,0,1,0,0.1703,1.2157
skab_labelled_onset,valve1__3,valve1,0,Thermocouple,level,hac,raw,573,404,0,-0.7768,-1.359,-0.1945,1.1645,0.0089,1,0,,-2.1199,0.9897,0.9381,199.6925,1,,,1,,
skab_labelled_onset,valve1__3,valve1,0,Thermocouple,level,naive,adjusted,573,404,5,-0.37,-0.4569,-0.283,0.174,0.0,1,0,,-0.8566,0.9412,0.756,61.5712,0,0,1,0,0.1703,1.2157
skab_labelled_onset,valve1__3,valve1,0,Thermocouple,level,naive,raw,573,404,0,-0.7768,-0.8681,-0.6854,0.1828,0.0,1,0,,-2.1199,0.9897,0.9381,199.6925,1,,,1,,
skab_labelled_onset,valve1__3,valve1,0,Thermocouple,spread,block_bootstrap,adjusted,573,404,5,-0.685,-0.9279,-0.3879,0.54,0.0,1,0,,-0.8566,0.9412,0.756,61.5712,0,0,1,0,0.1703,1.2157
skab_labelled_onset,valve1__3,valve1,0,Thermocouple,spread,block_bootstrap,raw,573,404,0,-0.876,-1.1824,-0.4554,0.7269,0.0,1,0,,-2.1199,0.9897,0.9381,199.6925,1,,,1,,
skab_labelled_onset,valve1__3,valve1,0,Thermocouple,spread,naive,adjusted,573,404,5,-0.685,-0.7751,-0.5949,0.1803,0.0,1,0,,-0.8566,0.9412,0.756,61.5712,0,0,1,0,0.1703,1.2157
skab_labelled_onset,valve1__3,valve1,0,Thermocouple,spread,naive,raw,573,404,0,-0.876,-0.9661,-0.7858,0.1803,0.0,1,0,,-2.1199,0.9897,0.9381,199.6925,1,,,1,,
skab_labelled_onset,valve1__3,valve1,0,Voltage,level,block_bootstrap,adjusted,573,404,5,-0.0904,-0.2403,0.0467,0.287,0.26,0,0,,0.9356,0.1033,0.0981,3.3459,0,0,1,0,0.1606,0.9461
skab_labelled_onset,valve1__3,valve1,0,Voltage,level,block_bootstrap,raw,573,404,0,-0.1039,-0.2506,0.006,0.2566,0.06,0,0,,0.7989,0.0255,-0.0252,1.3097,0,,,0,,
skab_labelled_onset,valve1__3,valve1,0,Voltage,level,ewc,adjusted,573,404,5,-0.0904,-0.2946,0.1138,0.4084,0.3755,0,0,,0.9356,0.1033,0.0981,3.3459,0,0,1,0,0.1606,0.9461
skab_labelled_onset,valve1__3,valve1,0,Voltage,level,ewc,raw,573,404,0,-0.1039,-0.2249,0.0172,0.2421,0.0908,0,0,,0.7989,0.0255,-0.0252,1.3097,0,,,0,,
skab_labelled_onset,valve1__3,valve1,0,Voltage,level,hac,adjusted,573,404,5,-0.0904,-0.2273,0.0465,0.2737,0.1954,0,0,,0.9356,0.1033,0.0981,3.3459,0,0,1,0,0.1606,0.9461
skab_labelled_onset,valve1__3,valve1,0,Voltage,level,hac,raw,573,404,0,-0.1039,-0.2339,0.0261,0.26,0.1172,0,0,,0.7989,0.0255,-0.0252,1.3097,0,,,0,,
skab_labelled_onset,valve1__3,valve1,0,Voltage,level,naive,adjusted,573,404,5,-0.0904,-0.2141,0.0333,0.2473,0.1519,0,0,,0.9356,0.1033,0.0981,3.3459,0,0,1,0,0.1606,0.9461
skab_labelled_onset,valve1__3,valve1,0,Voltage,level,naive,raw,573,404,0,-0.1039,-0.234,0.0262,0.2601,0.1175,0,0,,0.7989,0.0255,-0.0252,1.3097,0,,,0,,
skab_labelled_onset,valve1__3,valve1,0,Voltage,spread,block_bootstrap,adjusted,573,404,5,0.0957,-0.0214,0.1829,0.2043,0.12,0,0,,0.9356,0.1033,0.0981,3.3459,0,0,1,0,0.1606,0.9461
skab_labelled_onset,valve1__3,valve1,0,Voltage,spread,block_bootstrap,raw,573,404,0,0.0358,-0.0753,0.1292,0.2044,0.63,0,0,,0.7989,0.0255,-0.0252,1.3097,0,,,0,,
skab_labelled_onset,valve1__3,valve1,0,Voltage,spread,naive,adjusted,573,404,5,0.0957,0.0055,0.1858,0.1803,0.0375,1,0,,0.9356,0.1033,0.0981,3.3459,0,0,1,0,0.1606,0.9461
skab_labelled_onset,valve1__3,valve1,0,Voltage,spread,naive,raw,573,404,0,0.0358,-0.0544,0.1259,0.1803,0.4366,0,0,,0.7989,0.0255,-0.0252,1.3097,0,,,0,,
skab_labelled_onset,valve1__3,valve1,0,Volume Flow RateRMS,level,block_bootstrap,adjusted,573,404,6,,,,,,,1,no_spread,,,,,,,,,,
skab_labelled_onset,valve1__3,valve1,0,Volume Flow RateRMS,level,block_bootstrap,raw,573,404,0,,,,,,,1,no_spread,,,,,,,,,,
skab_labelled_onset,valve1__3,valve1,0,Volume Flow RateRMS,level,ewc,adjusted,573,404,6,,,,,,,1,no_spread,,,,,,,,,,
skab_labelled_onset,valve1__3,valve1,0,Volume Flow RateRMS,level,ewc,raw,573,404,0,,,,,,,1,no_spread,,,,,,,,,,
skab_labelled_onset,valve1__3,valve1,0,Volume Flow RateRMS,level,hac,adjusted,573,404,6,,,,,,,1,no_spread,,,,,,,,,,
skab_labelled_onset,valve1__3,valve1,0,Volume Flow RateRMS,level,hac,raw,573,404,0,,,,,,,1,no_spread,,,,,,,,,,
skab_labelled_onset,valve1__3,valve1,0,Volume Flow RateRMS,level,naive,adjusted,573,404,6,,,,,,,1,no_spread,,,,,,,,,,
skab_labelled_onset,valve1__3,valve1,0,Volume Flow RateRMS,level,naive,raw,573,404,0,,,,,,,1,no_spread,,,,,,,,,,
skab_labelled_onset,valve1__3,valve1,0,Volume Flow RateRMS,spread,block_bootstrap,adjusted,573,404,6,,,,,,,1,no_spread,,,,,,,,,,
skab_labelled_onset,valve1__3,valve1,0,Volume Flow RateRMS,spread,block_bootstrap,raw,573,404,0,,,,,,,1,no_spread,,,,,,,,,,
skab_labelled_onset,valve1__3,valve1,0,Volume Flow RateRMS,spread,naive,adjusted,573,404,6,,,,,,,1,no_spread,,,,,,,,,,
skab_labelled_onset,valve1__3,valve1,0,Volume Flow RateRMS,spread,naive,raw,573,404,0,,,,,,,1,no_spread,,,,,,,,,,
skab_labelled_onset,valve1__4,valve1,0,Accelerometer1RMS,level,block_bootstrap,adjusted,573,349,5,,,,,,,1,covariate_outside,,,,,,1,1,,,
skab_labelled_onset,valve1__4,valve1,0,Accelerometer1RMS,level,block_bootstrap,raw,573,349,0,0.055,-0.1816,0.2766,0.4582,0.62,0,0,,1.6946,-0.1422,-0.1605,4.1685,0,,,0,,
skab_labelled_onset,valve1__4,valve1,0,Accelerometer1RMS,level,ewc,adjusted,573,349,5,,,,,,,1,covariate_outside,,,,,,1,1,,,
skab_labelled_onset,valve1__4,valve1,0,Accelerometer1RMS,level,ewc,raw,573,349,0,0.055,-0.2214,0.3315,0.5528,0.689,0,0,,1.6946,-0.1422,-0.1605,4.1685,0,,,0,,
skab_labelled_onset,valve1__4,valve1,0,Accelerometer1RMS,level,hac,adjusted,573,349,5,,,,,,,1,covariate_outside,,,,,,1,1,,,
skab_labelled_onset,valve1__4,valve1,0,Accelerometer1RMS,level,hac,raw,573,349,0,0.055,-0.1072,0.2173,0.3245,0.5062,0,0,,1.6946,-0.1422,-0.1605,4.1685,0,,,0,,
skab_labelled_onset,valve1__4,valve1,0,Accelerometer1RMS,level,naive,adjusted,573,349,5,,,,,,,1,covariate_outside,,,,,,1,1,,,
skab_labelled_onset,valve1__4,valve1,0,Accelerometer1RMS,level,naive,raw,573,349,0,0.055,-0.0891,0.1992,0.2883,0.4542,0,0,,1.6946,-0.1422,-0.1605,4.1685,0,,,0,,
skab_labelled_onset,valve1__4,valve1,0,Accelerometer1RMS,spread,block_bootstrap,adjusted,573,349,5,,,,,,,1,covariate_outside,,,,,,1,1,,,
skab_labelled_onset,valve1__4,valve1,0,Accelerometer1RMS,spread,block_bootstrap,raw,573,349,0,0.1229,0.032,0.1983,0.1663,0.02,1,0,,1.6946,-0.1422,-0.1605,4.1685,0,,,0,,
skab_labelled_onset,valve1__4,valve1,0,Accelerometer1RMS,spread,naive,adjusted,573,349,5,,,,,,,1,covariate_outside,,,,,,1,1,,,
skab_labelled_onset,valve1__4,valve1,0,Accelerometer1RMS,spread,naive,raw,573,349,0,0.1229,0.0287,0.2171,0.1884,0.0106,1,0,,1.6946,-0.1422,-0.1605,4.1685,0,,,0,,
skab_labelled_onset,valve1__4,valve1,0,Accelerometer2RMS,level,block_bootstrap,adjusted,573,349,5,,,,,,,1,covariate_outside,,,,,,1,1,,,
skab_labelled_onset,valve1__4,valve1,0,Accelerometer2RMS,level,block_bootstrap,raw,573,349,0,-0.0021,-0.2778,0.2194,0.4972,0.99,0,0,,3.69,0.1645,0.0431,4.6144,1,,,0,,
skab_labelled_onset,valve1__4,valve1,0,Accelerometer2RMS,level,ewc,adjusted,573,349,5,,,,,,,1,covariate_outside,,,,,,1,1,,,
skab_labelled_onset,valve1__4,valve1,0,Accelerometer2RMS,level,ewc,raw,573,349,0,-0.0021,-0.2966,0.2924,0.589,0.9886,0,0,,3.69,0.1645,0.0431,4.6144,1,,,0,,
skab_labelled_onset,valve1__4,valve1,0,Accelerometer2RMS,level,hac,adjusted,573,349,5,,,,,,,1,covariate_outside,,,,,,1,1,,,
skab_labelled_onset,valve1__4,valve1,0,Accelerometer2RMS,level,hac,raw,573,349,0,-0.0021,-0.1573,0.1531,0.3103,0.9788,0,0,,3.69,0.1645,0.0431,4.6144,1,,,0,,
skab_labelled_onset,valve1__4,valve1,0,Accelerometer2RMS,level,naive,adjusted,573,349,5,,,,,,,1,covariate_outside,,,,,,1,1,,,
skab_labelled_onset,valve1__4,valve1,0,Accelerometer2RMS,level,naive,raw,573,349,0,-0.0021,-0.1281,0.1239,0.252,0.9739,0,0,,3.69,0.1645,0.0431,4.6144,1,,,0,,
skab_labelled_onset,valve1__4,valve1,0,Accelerometer2RMS,spread,block_bootstrap,adjusted,573,349,5,,,,,,,1,covariate_outside,,,,,,1,1,,,
skab_labelled_onset,valve1__4,valve1,0,Accelerometer2RMS,spread,block_bootstrap,raw,573,349,0,-0.0909,-0.1788,-0.0037,0.1751,0.03,1,0,,3.69,0.1645,0.0431,4.6144,1,,,0,,
skab_labelled_onset,valve1__4,valve1,0,Accelerometer2RMS,spread,naive,adjusted,573,349,5,,,,,,,1,covariate_outside,,,,,,1,1,,,
skab_labelled_onset,valve1__4,valve1,0,Accelerometer2RMS,spread,naive,raw,573,349,0,-0.0909,-0.1851,0.0033,0.1884,0.0586,0,0,,3.69,0.1645,0.0431,4.6144,1,,,0,,
skab_labelled_onset,valve1__4,valve1,0,Current,level,block_bootstrap,adjusted,573,349,5,,,,,,,1,covariate_outside,,,,,,1,1,,,
skab_labelled_onset,valve1__4,valve1,0,Current,level,block_bootstrap,raw,573,349,0,-0.1701,-0.4683,0.0814,0.5497,0.25,0,0,,0.2252,0.3801,0.3156,8.787,0,,,0,,
skab_labelled_onset,valve1__4,valve1,0,Current,level,ewc,adjusted,573,349,5,,,,,,,1,covariate_outside,,,,,,1,1,,,
skab_labelled_onset,valve1__4,valve1,0,Current,level,ewc,raw,573,349,0,-0.1701,-0.5403,0.2001,0.7404,0.3593,0,0,,0.2252,0.3801,0.3156,8.787,0,,,0,,
skab_labelled_onset,valve1__4,valve1,0,Current,level,hac,adjusted,573,349,5,,,,,,,1,covariate_outside,,,,,,1,1,,,
skab_labelled_onset,valve1__4,valve1,0,Current,level,hac,raw,573,349,0,-0.1701,-0.4071,0.0669,0.474,0.1594,0,0,,0.2252,0.3801,0.3156,8.787,0,,,0,,
skab_labelled_onset,valve1__4,valve1,0,Current,level,naive,adjusted,573,349,5,,,,,,,1,covariate_outside,,,,,,1,1,,,
skab_labelled_onset,valve1__4,valve1,0,Current,level,naive,raw,573,349,0,-0.1701,-0.306,-0.0342,0.2718,0.0141,1,0,,0.2252,0.3801,0.3156,8.787,0,,,0,,
skab_labelled_onset,valve1__4,valve1,0,Current,spread,block_bootstrap,adjusted,573,349,5,,,,,,,1,covariate_outside,,,,,,1,1,,,
skab_labelled_onset,valve1__4,valve1,0,Current,spread,block_bootstrap,raw,573,349,0,0.0331,-0.0431,0.1041,0.1471,0.39,0,0,,0.2252,0.3801,0.3156,8.787,0,,,0,,
skab_labelled_onset,valve1__4,valve1,0,Current,spread,naive,adjusted,573,349,5,,,,,,,1,covariate_outside,,,,,,1,1,,,
skab_labelled_onset,valve1__4,valve1,0,Current,spread,naive,raw,573,349,0,0.0331,-0.0612,0.1273,0.1884,0.4915,0,0,,0.2252,0.3801,0.3156,8.787,0,,,0,,
skab_labelled_onset,valve1__4,valve1,0,Pressure,level,block_bootstrap,adjusted,573,349,6,,,,,,,1,no_spread,,,,,,,,,,
skab_labelled_onset,valve1__4,valve1,0,Pressure,level,block_bootstrap,raw,573,349,0,,,,,,,1,no_spread,,,,,,,,,,
skab_labelled_onset,valve1__4,valve1,0,Pressure,level,ewc,adjusted,573,349,6,,,,,,,1,no_spread,,,,,,,,,,
skab_labelled_onset,valve1__4,valve1,0,Pressure,level,ewc,raw,573,349,0,,,,,,,1,no_spread,,,,,,,,,,
skab_labelled_onset,valve1__4,valve1,0,Pressure,level,hac,adjusted,573,349,6,,,,,,,1,no_spread,,,,,,,,,,
skab_labelled_onset,valve1__4,valve1,0,Pressure,level,hac,raw,573,349,0,,,,,,,1,no_spread,,,,,,,,,,
skab_labelled_onset,valve1__4,valve1,0,Pressure,level,naive,adjusted,573,349,6,,,,,,,1,no_spread,,,,,,,,,,
skab_labelled_onset,valve1__4,valve1,0,Pressure,level,naive,raw,573,349,0,,,,,,,1,no_spread,,,,,,,,,,
skab_labelled_onset,valve1__4,valve1,0,Pressure,spread,block_bootstrap,adjusted,573,349,6,,,,,,,1,no_spread,,,,,,,,,,
skab_labelled_onset,valve1__4,valve1,0,Pressure,spread,block_bootstrap,raw,573,349,0,,,,,,,1,no_spread,,,,,,,,,,
skab_labelled_onset,valve1__4,valve1,0,Pressure,spread,naive,adjusted,573,349,6,,,,,,,1,no_spread,,,,,,,,,,
skab_labelled_onset,valve1__4,valve1,0,Pressure,spread,naive,raw,573,349,0,,,,,,,1,no_spread,,,,,,,,,,
skab_labelled_onset,valve1__4,valve1,0,Temperature,level,block_bootstrap,adjusted,573,349,5,,,,,,,1,covariate_outside,,,,,,1,1,,,
skab_labelled_onset,valve1__4,valve1,0,Temperature,level,block_bootstrap,raw,573,349,0,0.1731,-0.0962,0.4532,0.5494,0.22,0,0,,-2.8513,0.9927,0.8311,252.1147,1,,,1,,
skab_labelled_onset,valve1__4,valve1,0,Temperature,level,ewc,adjusted,573,349,5,,,,,,,1,covariate_outside,,,,,,1,1,,,
skab_labelled_onset,valve1__4,valve1,0,Temperature,level,ewc,raw,573,349,0,0.1731,-0.2277,0.5738,0.8015,0.3846,0,0,,-2.8513,0.9927,0.8311,252.1147,1,,,1,,
skab_labelled_onset,valve1__4,valve1,0,Temperature,level,hac,adjusted,573,349,5,,,,,,,1,covariate_outside,,,,,,1,1,,,
skab_labelled_onset,valve1__4,valve1,0,Temperature,level,hac,raw,573,349,0,0.1731,-0.6683,1.0144,1.6827,0.6868,0,0,,-2.8513,0.9927,0.8311,252.1147,1,,,1,,
skab_labelled_onset,valve1__4,valve1,0,Temperature,level,naive,adjusted,573,349,5,,,,,,,1,covariate_outside,,,,,,1,1,,,
skab_labelled_onset,valve1__4,valve1,0,Temperature,level,naive,raw,573,349,0,0.1731,0.0886,0.2575,0.1689,0.0001,1,0,,-2.8513,0.9927,0.8311,252.1147,1,,,1,,
skab_labelled_onset,valve1__4,valve1,0,Temperature,spread,block_bootstrap,adjusted,573,349,5,,,,,,,1,covariate_outside,,,,,,1,1,,,
skab_labelled_onset,valve1__4,valve1,0,Temperature,spread,block_bootstrap,raw,573,349,0,-1.6282,-1.8647,-1.4798,0.3849,0.0,1,0,,-2.8513,0.9927,0.8311,252.1147,1,,,1,,
skab_labelled_onset,valve1__4,valve1,0,Temperature,spread,naive,adjusted,573,349,5,,,,,,,1,covariate_outside,,,,,,1,1,,,
skab_labelled_onset,valve1__4,valve1,0,Temperature,spread,naive,raw,573,349,0,-1.6282,-1.7224,-1.5339,0.1884,0.0,1,0,,-2.8513,0.9927,0.8311,252.1147,1,,,1,,
skab_labelled_onset,valve1__4,valve1,0,Thermocouple,level,block_bootstrap,adjusted,573,349,5,-2.7217,-3.1672,-2.2553,0.912,0.0,1,0,,-3.8206,0.9311,0.9559,55.1908,1,0,0,1,0.029,1.0078
skab_labelled_onset,valve1__4,valve1,0,Thermocouple,level,block_bootstrap,raw,573,349,0,-2.741,-3.197,-2.2822,0.9148,0.0,1,0,,-3.4128,0.9573,0.967,76.6677,1,,,1,,
skab_labelled_onset,valve1__4,valve1,0,Thermocouple,level,ewc,adjusted,573,349,5,-2.7217,-3.3898,-2.0537,1.3361,0.0,1,0,,-3.8206,0.9311,0.9559,55.1908,1,0,0,1,0.029,1.0078
skab_labelled_onset,valve1__4,valve1,0,Thermocouple,level,ewc,raw,573,349,0,-2.741,-3.4146,-2.0675,1.3471,0.0,1,0,,-3.4128,0.9573,0.967,76.6677,1,,,1,,
skab_labelled_onset,valve1__4,valve1,0,Thermocouple,level,hac,adjusted,573,349,5,-2.7217,-3.7582,-1.6853,2.0729,0.0,1,0,,-3.8206,0.9311,0.9559,55.1908,1,0,0,1,0.029,1.0078
skab_labelled_onset,valve1__4,valve1,0,Thermocouple,level,hac,raw,573,349,0,-2.741,-3.8797,-1.6024,2.2773,0.0,1,0,,-3.4128,0.9573,0.967,76.6677,1,,,1,,
skab_labelled_onset,valve1__4,valve1,0,Thermocouple,level,naive,adjusted,573,349,5,-2.7217,-2.8731,-2.5704,0.3026,0.0,1,0,,-3.8206,0.9311,0.9559,55.1908,1,0,0,1,0.029,1.0078
skab_labelled_onset,valve1__4,valve1,0,Thermocouple,level,naive,raw,573,349,0,-2.741,-2.8926,-2.5895,0.3031,0.0,1,0,,-3.4128,0.9573,0.967,76.6677,1,,,1,,
skab_labelled_onset,valve1__4,valve1,0,Thermocouple,spread,block_bootstrap,adjusted,573,349,5,0.2137,-0.0287,0.3982,0.4269,0.09,0,0,,-3.8206,0.9311,0.9559,55.1908,1,0,0,1,0.029,1.0078
skab_labelled_onset,valve1__4,valve1,0,Thermocouple,spread,block_bootstrap,raw,573,349,0,0.1951,-0.0449,0.36,0.4049,0.14,0,0,,-3.4128,0.9573,0.967,76.6677,1,,,1,,
skab_labelled_onset,valve1__4,valve1,0,Thermocouple,spread,naive,adjusted,573,349,5,0.2137,0.1195,0.3079,0.1884,0.0,1,0,,-3.8206,0.9311,0.9559,55.1908,1,0,0,1,0.029,1.0078
skab_labelled_onset,valve1__4,valve1,0,Thermocouple,spread,naive,raw,573,349,0,0.1951,0.1009,0.2893,0.1884,0.0,1,0,,-3.4128,0.9573,0.967,76.6677,1,,,1,,
skab_labelled_onset,valve1__4,valve1,0,Voltage,level,block_bootstrap,adjusted,573,349,5,,,,,,,1,covariate_outside,,,,,,1,1,,,
skab_labelled_onset,valve1__4,valve1,0,Voltage,level,block_bootstrap,raw,573,349,0,-0.0023,-0.1269,0.1355,0.2624,0.82,0,0,,0.4291,-0.0189,-0.08,1.0699,0,,,0,,
skab_labelled_onset,valve1__4,valve1,0,Voltage,level,ewc,adjusted,573,349,5,,,,,,,1,covariate_outside,,,,,,1,1,,,
skab_labelled_onset,valve1__4,valve1,0,Voltage,level,ewc,raw,573,349,0,-0.0023,-0.153,0.1485,0.3015,0.9758,0,0,,0.4291,-0.0189,-0.08,1.0699,0,,,0,,
skab_labelled_onset,valve1__4,valve1,0,Voltage,level,hac,adjusted,573,349,5,,,,,,,1,covariate_outside,,,,,,1,1,,,
skab_labelled_onset,valve1__4,valve1,0,Voltage,level,hac,raw,573,349,0,-0.0023,-0.1319,0.1273,0.2592,0.9725,0,0,,0.4291,-0.0189,-0.08,1.0699,0,,,0,,
skab_labelled_onset,valve1__4,valve1,0,Voltage,level,naive,adjusted,573,349,5,,,,,,,1,covariate_outside,,,,,,1,1,,,
skab_labelled_onset,valve1__4,valve1,0,Voltage,level,naive,raw,573,349,0,-0.0023,-0.1365,0.1319,0.2684,0.9734,0,0,,0.4291,-0.0189,-0.08,1.0699,0,,,0,,
skab_labelled_onset,valve1__4,valve1,0,Voltage,spread,block_bootstrap,adjusted,573,349,5,,,,,,,1,covariate_outside,,,,,,1,1,,,
skab_labelled_onset,valve1__4,valve1,0,Voltage,spread,block_bootstrap,raw,573,349,0,0.0135,-0.0724,0.1119,0.1843,0.72,0,0,,0.4291,-0.0189,-0.08,1.0699,0,,,0,,
skab_labelled_onset,valve1__4,valve1,0,Voltage,spread,naive,adjusted,573,349,5,,,,,,,1,covariate_outside,,,,,,1,1,,,
skab_labelled_onset,valve1__4,valve1,0,Voltage,spread,naive,raw,573,349,0,0.0135,-0.0807,0.1078,0.1884,0.7782,0,0,,0.4291,-0.0189,-0.08,1.0699,0,,,0,,
skab_labelled_onset,valve1__4,valve1,0,Volume Flow RateRMS,level,block_bootstrap,adjusted,573,349,6,,,,,,,1,no_spread,,,,,,,,,,
skab_labelled_onset,valve1__4,valve1,0,Volume Flow RateRMS,level,block_bootstrap,raw,573,349,0,,,,,,,1,no_spread,,,,,,,,,,
skab_labelled_onset,valve1__4,valve1,0,Volume Flow RateRMS,level,ewc,adjusted,573,349,6,,,,,,,1,no_spread,,,,,,,,,,
skab_labelled_onset,valve1__4,valve1,0,Volume Flow RateRMS,level,ewc,raw,573,349,0,,,,,,,1,no_spread,,,,,,,,,,
skab_labelled_onset,valve1__4,valve1,0,Volume Flow RateRMS,level,hac,adjusted,573,349,6,,,,,,,1,no_spread,,,,,,,,,,
skab_labelled_onset,valve1__4,valve1,0,Volume Flow RateRMS,level,hac,raw,573,349,0,,,,,,,1,no_spread,,,,,,,,,,
skab_labelled_onset,valve1__4,valve1,0,Volume Flow RateRMS,level,naive,adjusted,573,349,6,,,,,,,1,no_spread,,,,,,,,,,
skab_labelled_onset,valve1__4,valve1,0,Volume Flow RateRMS,level,naive,raw,573,349,0,,,,,,,1,no_spread,,,,,,,,,,
skab_labelled_onset,valve1__4,valve1,0,Volume Flow RateRMS,spread,block_bootstrap,adjusted,573,349,6,,,,,,,1,no_spread,,,,,,,,,,
skab_labelled_onset,valve1__4,valve1,0,Volume Flow RateRMS,spread,block_bootstrap,raw,573,349,0,,,,,,,1,no_spread,,,,,,,,,,
skab_labelled_onset,valve1__4,valve1,0,Volume Flow RateRMS,spread,naive,adjusted,573,349,6,,,,,,,1,no_spread,,,,,,,,,,
skab_labelled_onset,valve1__4,valve1,0,Volume Flow RateRMS,spread,naive,raw,573,349,0,,,,,,,1,no_spread,,,,,,,,,,
skab_labelled_onset,valve1__5,valve1,0,Accelerometer1RMS,level,block_bootstrap,adjusted,577,403,5,,,,,,,1,covariate_outside,,,,,,1,1,,,
skab_labelled_onset,valve1__5,valve1,0,Accelerometer1RMS,level,block_bootstrap,raw,577,403,0,0.3772,0.2055,0.5404,0.3349,0.0,1,0,,5.3383,-0.155,-0.3055,4.4368,1,,,0,,
skab_labelled_onset,valve1__5,valve1,0,Accelerometer1RMS,level,ewc,adjusted,577,403,5,,,,,,,1,covariate_outside,,,,,,1,1,,,
skab_labelled_onset,valve1__5,valve1,0,Accelerometer1RMS,level,ewc,raw,577,403,0,0.3772,0.1765,0.5779,0.4014,0.0004,1,0,,5.3383,-0.155,-0.3055,4.4368,1,,,0,,
skab_labelled_onset,valve1__5,valve1,0,Accelerometer1RMS,level,hac,adjusted,577,403,5,,,,,,,1,covariate_outside,,,,,,1,1,,,
skab_labelled_onset,valve1__5,valve1,0,Accelerometer1RMS,level,hac,raw,577,403,0,0.3772,0.241,0.5134,0.2724,0.0,1,0,,5.3383,-0.155,-0.3055,4.4368,1,,,0,,
skab_labelled_onset,valve1__5,valve1,0,Accelerometer1RMS,level,naive,adjusted,577,403,5,,,,,,,1,covariate_outside,,,,,,1,1,,,
skab_labelled_onset,valve1__5,valve1,0,Accelerometer1RMS,level,naive,raw,577,403,0,0.3772,0.2526,0.5018,0.2492,0.0,1,0,,5.3383,-0.155,-0.3055,4.4368,1,,,0,,
skab_labelled_onset,valve1__5,valve1,0,Accelerometer1RMS,spread,block_bootstrap,adjusted,577,403,5,,,,,,,1,covariate_outside,,,,,,1,1,,,
skab_labelled_onset,valve1__5,valve1,0,Accelerometer1RMS,spread,block_bootstrap,raw,577,403,0,-0.0361,-0.1041,0.0432,0.1473,0.4,0,0,,5.3383,-0.155,-0.3055,4.4368,1,,,0,,
skab_labelled_onset,valve1__5,valve1,0,Accelerometer1RMS,spread,naive,adjusted,577,403,5,,,,,,,1,covariate_outside,,,,,,1,1,,,
skab_labelled_onset,valve1__5,valve1,0,Accelerometer1RMS,spread,naive,raw,577,403,0,-0.0361,-0.1262,0.0539,0.1801,0.4318,0,0,,5.3383,-0.155,-0.3055,4.4368,1,,,0,,
skab_labelled_onset,valve1__5,valve1,0,Accelerometer2RMS,level,block_bootstrap,adjusted,577,403,5,,,,,,,1,covariate_outside,,,,,,1,1,,,
skab_labelled_onset,valve1__5,valve1,0,Accelerometer2RMS,level,block_bootstrap,raw,577,403,0,0.0653,-0.1472,0.3156,0.4628,0.57,0,0,,3.2534,0.0911,-0.0513,3.081,1,,,0,,
skab_labelled_onset,valve1__5,valve1,0,Accelerometer2RMS,level,ewc,adjusted,577,403,5,,,,,,,1,covariate_outside,,,,,,1,1,,,
skab_labelled_onset,valve1__5,valve1,0,Accelerometer2RMS,level,ewc,raw,577,403,0,0.0653,-0.2261,0.3568,0.5828,0.654,0,0,,3.2534,0.0911,-0.0513,3.081,1,,,0,,
skab_labelled_onset,valve1__5,valve1,0,Accelerometer2RMS,level,hac,adjusted,577,403,5,,,,,,,1,covariate_outside,,,,,,1,1,,,
skab_labelled_onset,valve1__5,valve1,0,Accelerometer2RMS,level,hac,raw,577,403,0,0.0653,-0.0714,0.2021,0.2734,0.3489,0,0,,3.2534,0.0911,-0.0513,3.081,1,,,0,,
skab_labelled_onset,valve1__5,valve1,0,Accelerometer2RMS,level,naive,adjusted,577,403,5,,,,,,,1,covariate_outside,,,,,,1,1,,,
skab_labelled_onset,valve1__5,valve1,0,Accelerometer2RMS,level,naive,raw,577,403,0,0.0653,-0.0623,0.1929,0.2552,0.3155,0,0,,3.2534,0.0911,-0.0513,3.081,1,,,0,,
skab_labelled_onset,valve1__5,valve1,0,Accelerometer2RMS,spread,block_bootstrap,adjusted,577,403,5,,,,,,,1,covariate_outside,,,,,,1,1,,,
skab_labelled_onset,valve1__5,valve1,0,Accelerometer2RMS,spread,block_bootstrap,raw,577,403,0,0.0048,-0.0822,0.0711,0.1534,0.98,0,0,,3.2534,0.0911,-0.0513,3.081,1,,,0,,
skab_labelled_onset,valve1__5,valve1,0,Accelerometer2RMS,spread,naive,adjusted,577,403,5,,,,,,,1,covariate_outside,,,,,,1,1,,,
skab_labelled_onset,valve1__5,valve1,0,Accelerometer2RMS,spread,naive,raw,577,403,0,0.0048,-0.0853,0.0949,0.1801,0.9171,0,0,,3.2534,0.0911,-0.0513,3.081,1,,,0,,
skab_labelled_onset,valve1__5,valve1,0,Current,level,block_bootstrap,adjusted,577,403,5,,,,,,,1,covariate_outside,,,,,,1,1,,,
skab_labelled_onset,valve1__5,valve1,0,Current,level,block_bootstrap,raw,577,403,0,0.0784,-0.1776,0.3709,0.5485,0.49,0,0,,1.103,0.4273,0.4156,9.8156,0,,,0,,
skab_labelled_onset,valve1__5,valve1,0,Current,level,ewc,adjusted,577,403,5,,,,,,,1,covariate_outside,,,,,,1,1,,,
skab_labelled_onset,valve1__5,valve1,0,Current,level,ewc,raw,577,403,0,0.0784,-0.2961,0.4529,0.7489,0.6755,0,0,,1.103,0.4273,0.4156,9.8156,0,,,0,,
skab_labelled_onset,valve1__5,valve1,0,Current,level,hac,adjusted,577,403,5,,,,,,,1,covariate_outside,,,,,,1,1,,,
skab_labelled_onset,valve1__5,valve1,0,Current,level,hac,raw,577,403,0,0.0784,-0.1717,0.3285,0.5003,0.539,0,0,,1.103,0.4273,0.4156,9.8156,0,,,0,,
skab_labelled_onset,valve1__5,valve1,0,Current,level,naive,adjusted,577,403,5,,,,,,,1,covariate_outside,,,,,,1,1,,,
skab_labelled_onset,valve1__5,valve1,0,Current,level,naive,raw,577,403,0,0.0784,-0.0458,0.2026,0.2483,0.2159,0,0,,1.103,0.4273,0.4156,9.8156,0,,,0,,
skab_labelled_onset,valve1__5,valve1,0,Current,spread,block_bootstrap,adjusted,577,403,5,,,,,,,1,covariate_outside,,,,,,1,1,,,
skab_labelled_onset,valve1__5,valve1,0,Current,spread,block_bootstrap,raw,577,403,0,-0.0424,-0.1266,0.0061,0.1326,0.11,0,0,,1.103,0.4273,0.4156,9.8156,0,,,0,,
skab_labelled_onset,valve1__5,valve1,0,Current,spread,naive,adjusted,577,403,5,,,,,,,1,covariate_outside,,,,,,1,1,,,
skab_labelled_onset,valve1__5,valve1,0,Current,spread,naive,raw,577,403,0,-0.0424,-0.1325,0.0477,0.1801,0.356,0,0,,1.103,0.4273,0.4156,9.8156,0,,,0,,
skab_labelled_onset,valve1__5,valve1,0,Pressure,level,block_bootstrap,adjusted,577,403,6,,,,,,,1,no_spread,,,,,,,,,,
skab_labelled_onset,valve1__5,valve1,0,Pressure,level,block_bootstrap,raw,577,403,0,,,,,,,1,no_spread,,,,,,,,,,
skab_labelled_onset,valve1__5,valve1,0,Pressure,level,ewc,adjusted,577,403,6,,,,,,,1,no_spread,,,,,,,,,,
skab_labelled_onset,valve1__5,valve1,0,Pressure,level,ewc,raw,577,403,0,,,,,,,1,no_spread,,,,,,,,,,
skab_labelled_onset,valve1__5,valve1,0,Pressure,level,hac,adjusted,577,403,6,,,,,,,1,no_spread,,,,,,,,,,
skab_labelled_onset,valve1__5,valve1,0,Pressure,level,hac,raw,577,403,0,,,,,,,1,no_spread,,,,,,,,,,
skab_labelled_onset,valve1__5,valve1,0,Pressure,level,naive,adjusted,577,403,6,,,,,,,1,no_spread,,,,,,,,,,
skab_labelled_onset,valve1__5,valve1,0,Pressure,level,naive,raw,577,403,0,,,,,,,1,no_spread,,,,,,,,,,
skab_labelled_onset,valve1__5,valve1,0,Pressure,spread,block_bootstrap,adjusted,577,403,6,,,,,,,1,no_spread,,,,,,,,,,
skab_labelled_onset,valve1__5,valve1,0,Pressure,spread,block_bootstrap,raw,577,403,0,,,,,,,1,no_spread,,,,,,,,,,
skab_labelled_onset,valve1__5,valve1,0,Pressure,spread,naive,adjusted,577,403,6,,,,,,,1,no_spread,,,,,,,,,,
skab_labelled_onset,valve1__5,valve1,0,Pressure,spread,naive,raw,577,403,0,,,,,,,1,no_spread,,,,,,,,,,
skab_labelled_onset,valve1__5,valve1,0,Temperature,level,block_bootstrap,adjusted,577,403,5,,,,,,,1,covariate_outside,,,,,,1,1,,,
skab_labelled_onset,valve1__5,valve1,0,Temperature,level,block_bootstrap,raw,577,403,0,0.8005,0.5282,1.0796,0.5514,0.0,1,0,,-1.4028,0.9058,0.6794,44.5155,0,,,0,,
skab_labelled_onset,valve1__5,valve1,0,Temperature,level,ewc,adjusted,577,403,5,,,,,,,1,covariate_outside,,,,,,1,1,,,
skab_labelled_onset,valve1__5,valve1,0,Temperature,level,ewc,raw,577,403,0,0.8005,0.383,1.2179,0.8349,0.0004,1,0,,-1.4028,0.9058,0.6794,44.5155,0,,,0,,
skab_labelled_onset,valve1__5,valve1,0,Temperature,level,hac,adjusted,577,403,5,,,,,,,1,covariate_outside,,,,,,1,1,,,
skab_labelled_onset,valve1__5,valve1,0,Temperature,level,hac,raw,577,403,0,0.8005,0.2835,1.3175,1.0339,0.0024,1,0,,-1.4028,0.9058,0.6794,44.5155,0,,,0,,
skab_labelled_onset,valve1__5,valve1,0,Temperature,level,naive,adjusted,577,403,5,,,,,,,1,covariate_outside,,,,,,1,1,,,
skab_labelled_onset,valve1__5,valve1,0,Temperature,level,naive,raw,577,403,0,0.8005,0.7037,0.8973,0.1936,0.0,1,0,,-1.4028,0.9058,0.6794,44.5155,0,,,0,,
skab_labelled_onset,valve1__5,valve1,0,Temperature,spread,block_bootstrap,adjusted,577,403,5,,,,,,,1,covariate_outside,,,,,,1,1,,,
skab_labelled_onset,valve1__5,valve1,0,Temperature,spread,block_bootstrap,raw,577,403,0,-0.6289,-0.7803,-0.4732,0.3071,0.0,1,0,,-1.4028,0.9058,0.6794,44.5155,0,,,0,,
skab_labelled_onset,valve1__5,valve1,0,Temperature,spread,naive,adjusted,577,403,5,,,,,,,1,covariate_outside,,,,,,1,1,,,
skab_labelled_onset,valve1__5,valve1,0,Temperature,spread,naive,raw,577,403,0,-0.6289,-0.719,-0.5388,0.1801,0.0,1,0,,-1.4028,0.9058,0.6794,44.5155,0,,,0,,
skab_labelled_onset,valve1__5,valve1,0,Thermocouple,level,block_bootstrap,adjusted,577,403,5,-3.0683,-3.3823,-2.7764,0.6059,0.0,1,0,,-4.2668,0.8633,0.8875,34.1275,1,0,1,0,0.358,1.1239
skab_labelled_onset,valve1__5,valve1,0,Thermocouple,level,block_bootstrap,raw,577,403,0,-2.7029,-3.0595,-2.3318,0.7277,0.0,1,0,,-3.6933,0.9742,0.9625,108.2568,1,,,1,,
skab_labelled_onset,valve1__5,valve1,0,Thermocouple,level,ewc,adjusted,577,403,5,-3.0683,-3.5367,-2.5999,0.9368,0.0,1,0,,-4.2668,0.8633,0.8875,34.1275,1,0,1,0,0.358,1.1239
skab_labelled_onset,valve1__5,valve1,0,Thermocouple,level,ewc,raw,577,403,0,-2.7029,-3.2264,-2.1795,1.0468,0.0,1,0,,-3.6933,0.9742,0.9625,108.2568,1,,,1,,
skab_labelled_onset,valve1__5,valve1,0,Thermocouple,level,hac,adjusted,577,403,5,-3.0683,-3.6215,-2.5151,1.1064,0.0,1,0,,-4.2668,0.8633,0.8875,34.1275,1,0,1,0,0.358,1.1239
skab_labelled_onset,valve1__5,valve1,0,Thermocouple,level,hac,raw,577,403,0,-2.7029,-3.6284,-1.7774,1.851,0.0,1,0,,-3.6933,0.9742,0.9625,108.2568,1,,,1,,
skab_labelled_onset,valve1__5,valve1,0,Thermocouple,level,naive,adjusted,577,403,5,-3.0683,-3.1766,-2.96,0.2167,0.0,1,0,,-4.2668,0.8633,0.8875,34.1275,1,0,1,0,0.358,1.1239
skab_labelled_onset,valve1__5,valve1,0,Thermocouple,level,naive,raw,577,403,0,-2.7029,-2.8183,-2.5876,0.2306,0.0,1,0,,-3.6933,0.9742,0.9625,108.2568,1,,,1,,
skab_labelled_onset,valve1__5,valve1,0,Thermocouple,spread,block_bootstrap,adjusted,577,403,5,0.0992,-0.2108,0.2751,0.4859,0.6,0,0,,-4.2668,0.8633,0.8875,34.1275,1,0,1,0,0.358,1.1239
skab_labelled_onset,valve1__5,valve1,0,Thermocouple,spread,block_bootstrap,raw,577,403,0,-0.1808,-0.5292,0.0399,0.5691,0.12,0,0,,-3.6933,0.9742,0.9625,108.2568,1,,,1,,
skab_labelled_onset,valve1__5,valve1,0,Thermocouple,spread,naive,adjusted,577,403,5,0.0992,0.0091,0.1892,0.1801,0.031,1,0,,-4.2668,0.8633,0.8875,34.1275,1,0,1,0,0.358,1.1239
skab_labelled_onset,valve1__5,valve1,0,Thermocouple,spread,naive,raw,577,403,0,-0.1808,-0.2709,-0.0907,0.1801,0.0001,1,0,,-3.6933,0.9742,0.9625,108.2568,1,,,1,,
skab_labelled_onset,valve1__5,valve1,0,Voltage,level,block_bootstrap,adjusted,577,403,5,,,,,,,1,covariate_outside,,,,,,1,1,,,
skab_labelled_onset,valve1__5,valve1,0,Voltage,level,block_bootstrap,raw,577,403,0,0.0496,-0.0651,0.1745,0.2396,0.37,0,0,,-1.2236,0.0456,0.0129,1.9329,0,,,0,,
skab_labelled_onset,valve1__5,valve1,0,Voltage,level,ewc,adjusted,577,403,5,,,,,,,1,covariate_outside,,,,,,1,1,,,
skab_labelled_onset,valve1__5,valve1,0,Voltage,level,ewc,raw,577,403,0,0.0496,-0.0878,0.1869,0.2747,0.4716,0,0,,-1.2236,0.0456,0.0129,1.9329,0,,,0,,
skab_labelled_onset,valve1__5,valve1,0,Voltage,level,hac,adjusted,577,403,5,,,,,,,1,covariate_outside,,,,,,1,1,,,
skab_labelled_onset,valve1__5,valve1,0,Voltage,level,hac,raw,577,403,0,0.0496,-0.0801,0.1792,0.2593,0.4538,0,0,,-1.2236,0.0456,0.0129,1.9329,0,,,0,,
skab_labelled_onset,valve1__5,valve1,0,Voltage,level,naive,adjusted,577,403,5,,,,,,,1,covariate_outside,,,,,,1,1,,,
skab_labelled_onset,valve1__5,valve1,0,Voltage,level,naive,raw,577,403,0,0.0496,-0.0791,0.1782,0.2574,0.4503,0,0,,-1.2236,0.0456,0.0129,1.9329,0,,,0,,
skab_labelled_onset,valve1__5,valve1,0,Voltage,spread,block_bootstrap,adjusted,577,403,5,,,,,,,1,covariate_outside,,,,,,1,1,,,
skab_labelled_onset,valve1__5,valve1,0,Voltage,spread,block_bootstrap,raw,577,403,0,0.0189,-0.0819,0.1116,0.1935,0.81,0,0,,-1.2236,0.0456,0.0129,1.9329,0,,,0,,
skab_labelled_onset,valve1__5,valve1,0,Voltage,spread,naive,adjusted,577,403,5,,,,,,,1,covariate_outside,,,,,,1,1,,,
skab_labelled_onset,valve1__5,valve1,0,Voltage,spread,naive,raw,577,403,0,0.0189,-0.0711,0.109,0.1801,0.6802,0,0,,-1.2236,0.0456,0.0129,1.9329,0,,,0,,
skab_labelled_onset,valve1__5,valve1,0,Volume Flow RateRMS,level,block_bootstrap,adjusted,577,403,6,,,,,,,1,no_spread,,,,,,,,,,
skab_labelled_onset,valve1__5,valve1,0,Volume Flow RateRMS,level,block_bootstrap,raw,577,403,0,,,,,,,1,no_spread,,,,,,,,,,
skab_labelled_onset,valve1__5,valve1,0,Volume Flow RateRMS,level,ewc,adjusted,577,403,6,,,,,,,1,no_spread,,,,,,,,,,
skab_labelled_onset,valve1__5,valve1,0,Volume Flow RateRMS,level,ewc,raw,577,403,0,,,,,,,1,no_spread,,,,,,,,,,
skab_labelled_onset,valve1__5,valve1,0,Volume Flow RateRMS,level,hac,adjusted,577,403,6,,,,,,,1,no_spread,,,,,,,,,,
skab_labelled_onset,valve1__5,valve1,0,Volume Flow RateRMS,level,hac,raw,577,403,0,,,,,,,1,no_spread,,,,,,,,,,
skab_labelled_onset,valve1__5,valve1,0,Volume Flow RateRMS,level,naive,adjusted,577,403,6,,,,,,,1,no_spread,,,,,,,,,,
skab_labelled_onset,valve1__5,valve1,0,Volume Flow RateRMS,level,naive,raw,577,403,0,,,,,,,1,no_spread,,,,,,,,,,
skab_labelled_onset,valve1__5,valve1,0,Volume Flow RateRMS,spread,block_bootstrap,adjusted,577,403,6,,,,,,,1,no_spread,,,,,,,,,,
skab_labelled_onset,valve1__5,valve1,0,Volume Flow RateRMS,spread,block_bootstrap,raw,577,403,0,,,,,,,1,no_spread,,,,,,,,,,
skab_labelled_onset,valve1__5,valve1,0,Volume Flow RateRMS,spread,naive,adjusted,577,403,6,,,,,,,1,no_spread,,,,,,,,,,
skab_labelled_onset,valve1__5,valve1,0,Volume Flow RateRMS,spread,naive,raw,577,403,0,,,,,,,1,no_spread,,,,,,,,,,
skab_labelled_onset,valve1__6,valve1,0,Accelerometer1RMS,level,block_bootstrap,adjusted,576,405,6,,,,,,,1,covariate_outside,,,,,,1,1,,,
skab_labelled_onset,valve1__6,valve1,0,Accelerometer1RMS,level,block_bootstrap,raw,576,405,0,0.3676,0.2615,0.5202,0.2587,0.0,1,0,,-0.2352,-0.199,-0.2644,5.2945,0,,,0,,
skab_labelled_onset,valve1__6,valve1,0,Accelerometer1RMS,level,ewc,adjusted,576,405,6,,,,,,,1,covariate_outside,,,,,,1,1,,,
skab_labelled_onset,valve1__6,valve1,0,Accelerometer1RMS,level,ewc,raw,576,405,0,0.3676,0.2259,0.5093,0.2834,0.0,1,0,,-0.2352,-0.199,-0.2644,5.2945,0,,,0,,
skab_labelled_onset,valve1__6,valve1,0,Accelerometer1RMS,level,hac,adjusted,576,405,6,,,,,,,1,covariate_outside,,,,,,1,1,,,
skab_labelled_onset,valve1__6,valve1,0,Accelerometer1RMS,level,hac,raw,576,405,0,0.3676,0.2469,0.4883,0.2414,0.0,1,0,,-0.2352,-0.199,-0.2644,5.2945,0,,,0,,
skab_labelled_onset,valve1__6,valve1,0,Accelerometer1RMS,level,naive,adjusted,576,405,6,,,,,,,1,covariate_outside,,,,,,1,1,,,
skab_labelled_onset,valve1__6,valve1,0,Accelerometer1RMS,level,naive,raw,576,405,0,0.3676,0.2478,0.4874,0.2396,0.0,1,0,,-0.2352,-0.199,-0.2644,5.2945,0,,,0,,
skab_labelled_onset,valve1__6,valve1,0,Accelerometer1RMS,spread,block_bootstrap,adjusted,576,405,6,,,,,,,1,covariate_outside,,,,,,1,1,,,
skab_labelled_onset,valve1__6,valve1,0,Accelerometer1RMS,spread,block_bootstrap,raw,576,405,0,-0.1052,-0.1772,-0.036,0.1411,0.02,1,0,,-0.2352,-0.199,-0.2644,5.2945,0,,,0,,
skab_labelled_onset,valve1__6,valve1,0,Accelerometer1RMS,spread,naive,adjusted,576,405,6,,,,,,,1,covariate_outside,,,,,,1,1,,,
skab_labelled_onset,valve1__6,valve1,0,Accelerometer1RMS,spread,naive,raw,576,405,0,-0.1052,-0.1952,-0.0152,0.1799,0.0219,1,0,,-0.2352,-0.199,-0.2644,5.2945,0,,,0,,
skab_labelled_onset,valve1__6,valve1,0,Accelerometer2RMS,level,block_bootstrap,adjusted,576,405,6,,,,,,,1,covariate_outside,,,,,,1,1,,,
skab_labelled_onset,valve1__6,valve1,0,Accelerometer2RMS,level,block_bootstrap,raw,576,405,0,-0.0574,-0.2564,0.2042,0.4606,0.66,0,0,,3.1283,0.5325,0.3573,12.4047,1,,,0,,
skab_labelled_onset,valve1__6,valve1,0,Accelerometer2RMS,level,ewc,adjusted,576,405,6,,,,,,,1,covariate_outside,,,,,,1,1,,,
skab_labelled_onset,valve1__6,valve1,0,Accelerometer2RMS,level,ewc,raw,576,405,0,-0.0574,-0.4161,0.3014,0.7175,0.7489,0,0,,3.1283,0.5325,0.3573,12.4047,1,,,0,,
skab_labelled_onset,valve1__6,valve1,0,Accelerometer2RMS,level,hac,adjusted,576,405,6,,,,,,,1,covariate_outside,,,,,,1,1,,,
skab_labelled_onset,valve1__6,valve1,0,Accelerometer2RMS,level,hac,raw,576,405,0,-0.0574,-0.3205,0.2058,0.5263,0.6691,0,0,,3.1283,0.5325,0.3573,12.4047,1,,,0,,
skab_labelled_onset,valve1__6,valve1,0,Accelerometer2RMS,level,naive,adjusted,576,405,6,,,,,,,1,covariate_outside,,,,,,1,1,,,
skab_labelled_onset,valve1__6,valve1,0,Accelerometer2RMS,level,naive,raw,576,405,0,-0.0574,-0.1652,0.0505,0.2157,0.2971,0,0,,3.1283,0.5325,0.3573,12.4047,1,,,0,,
skab_labelled_onset,valve1__6,valve1,0,Accelerometer2RMS,spread,block_bootstrap,adjusted,576,405,6,,,,,,,1,covariate_outside,,,,,,1,1,,,
skab_labelled_onset,valve1__6,valve1,0,Accelerometer2RMS,spread,block_bootstrap,raw,576,405,0,-0.324,-0.5091,-0.1586,0.3505,0.0,1,0,,3.1283,0.5325,0.3573,12.4047,1,,,0,,
skab_labelled_onset,valve1__6,valve1,0,Accelerometer2RMS,spread,naive,adjusted,576,405,6,,,,,,,1,covariate_outside,,,,,,1,1,,,
skab_labelled_onset,valve1__6,valve1,0,Accelerometer2RMS,spread,naive,raw,576,405,0,-0.324,-0.414,-0.234,0.1799,0.0,1,0,,3.1283,0.5325,0.3573,12.4047,1,,,0,,
skab_labelled_onset,valve1__6,valve1,0,Current,level,block_bootstrap,adjusted,576,405,6,,,,,,,1,covariate_outside,,,,,,1,1,,,
skab_labelled_onset,valve1__6,valve1,0,Current,level,block_bootstrap,raw,576,405,0,-0.1204,-0.4444,0.1171,0.5614,0.41,0,0,,0.7235,0.4154,0.4006,9.551,0,,,0,,
skab_labelled_onset,valve1__6,valve1,0,Current,level,ewc,adjusted,576,405,6,,,,,,,1,covariate_outside,,,,,,1,1,,,
skab_labelled_onset,valve1__6,valve1,0,Current,level,ewc,raw,576,405,0,-0.1204,-0.5083,0.2674,0.7757,0.5351,0,0,,0.7235,0.4154,0.4006,9.551,0,,,0,,
skab_labelled_onset,valve1__6,valve1,0,Current,level,hac,adjusted,576,405,6,,,,,,,1,covariate_outside,,,,,,1,1,,,
skab_labelled_onset,valve1__6,valve1,0,Current,level,hac,raw,576,405,0,-0.1204,-0.3774,0.1366,0.514,0.3585,0,0,,0.7235,0.4154,0.4006,9.551,0,,,0,,
skab_labelled_onset,valve1__6,valve1,0,Current,level,naive,adjusted,576,405,6,,,,,,,1,covariate_outside,,,,,,1,1,,,
skab_labelled_onset,valve1__6,valve1,0,Current,level,naive,raw,576,405,0,-0.1204,-0.2473,0.0065,0.2538,0.063,0,0,,0.7235,0.4154,0.4006,9.551,0,,,0,,
skab_labelled_onset,valve1__6,valve1,0,Current,spread,block_bootstrap,adjusted,576,405,6,,,,,,,1,covariate_outside,,,,,,1,1,,,
skab_labelled_onset,valve1__6,valve1,0,Current,spread,block_bootstrap,raw,576,405,0,-0.0024,-0.0794,0.0691,0.1485,0.86,0,0,,0.7235,0.4154,0.4006,9.551,0,,,0,,
skab_labelled_onset,valve1__6,valve1,0,Current,spread,naive,adjusted,576,405,6,,,,,,,1,covariate_outside,,,,,,1,1,,,
skab_labelled_onset,valve1__6,valve1,0,Current,spread,naive,raw,576,405,0,-0.0024,-0.0923,0.0876,0.1799,0.9587,0,0,,0.7235,0.4154,0.4006,9.551,0,,,0,,
skab_labelled_onset,valve1__6,valve1,0,Pressure,level,block_bootstrap,adjusted,576,405,7,,,,,,,1,no_spread,,,,,,,,,,
skab_labelled_onset,valve1__6,valve1,0,Pressure,level,block_bootstrap,raw,576,405,0,,,,,,,1,no_spread,,,,,,,,,,
skab_labelled_onset,valve1__6,valve1,0,Pressure,level,ewc,adjusted,576,405,7,,,,,,,1,no_spread,,,,,,,,,,
skab_labelled_onset,valve1__6,valve1,0,Pressure,level,ewc,raw,576,405,0,,,,,,,1,no_spread,,,,,,,,,,
skab_labelled_onset,valve1__6,valve1,0,Pressure,level,hac,adjusted,576,405,7,,,,,,,1,no_spread,,,,,,,,,,
skab_labelled_onset,valve1__6,valve1,0,Pressure,level,hac,raw,576,405,0,,,,,,,1,no_spread,,,,,,,,,,
skab_labelled_onset,valve1__6,valve1,0,Pressure,level,naive,adjusted,576,405,7,,,,,,,1,no_spread,,,,,,,,,,
skab_labelled_onset,valve1__6,valve1,0,Pressure,level,naive,raw,576,405,0,,,,,,,1,no_spread,,,,,,,,,,
skab_labelled_onset,valve1__6,valve1,0,Pressure,spread,block_bootstrap,adjusted,576,405,7,,,,,,,1,no_spread,,,,,,,,,,
skab_labelled_onset,valve1__6,valve1,0,Pressure,spread,block_bootstrap,raw,576,405,0,,,,,,,1,no_spread,,,,,,,,,,
skab_labelled_onset,valve1__6,valve1,0,Pressure,spread,naive,adjusted,576,405,7,,,,,,,1,no_spread,,,,,,,,,,
skab_labelled_onset,valve1__6,valve1,0,Pressure,spread,naive,raw,576,405,0,,,,,,,1,no_spread,,,,,,,,,,
skab_labelled_onset,valve1__6,valve1,0,Temperature,level,block_bootstrap,adjusted,576,405,6,,,,,,,1,covariate_outside,,,,,,1,1,,,
skab_labelled_onset,valve1__6,valve1,0,Temperature,level,block_bootstrap,raw,576,405,0,-0.2969,-0.5419,-0.0082,0.5336,0.05,1,0,,-4.6959,0.9922,0.8407,242.5161,1,,,1,,
skab_labelled_onset,valve1__6,valve1,0,Temperature,level,ewc,adjusted,576,405,6,,,,,,,1,covariate_outside,,,,,,1,1,,,
skab_labelled_onset,valve1__6,valve1,0,Temperature,level,ewc,raw,576,405,0,-0.2969,-0.697,0.1032,0.8002,0.1399,0,0,,-4.6959,0.9922,0.8407,242.5161,1,,,1,,
skab_labelled_onset,valve1__6,valve1,0,Temperature,level,hac,adjusted,576,405,6,,,,,,,1,covariate_outside,,,,,,1,1,,,
skab_labelled_onset,valve1__6,valve1,0,Temperature,level,hac,raw,576,405,0,-0.2969,-1.1848,0.591,1.7758,0.5122,0,0,,-4.6959,0.9922,0.8407,242.5161,1,,,1,,
skab_labelled_onset,valve1__6,valve1,0,Temperature,level,naive,adjusted,576,405,6,,,,,,,1,covariate_outside,,,,,,1,1,,,
skab_labelled_onset,valve1__6,valve1,0,Temperature,level,naive,raw,576,405,0,-0.2969,-0.3809,-0.213,0.1678,0.0,1,0,,-4.6959,0.9922,0.8407,242.5161,1,,,1,,
skab_labelled_onset,valve1__6,valve1,0,Temperature,spread,block_bootstrap,adjusted,576,405,6,,,,,,,1,covariate_outside,,,,,,1,1,,,
skab_labelled_onset,valve1__6,valve1,0,Temperature,spread,block_bootstrap,raw,576,405,0,-1.6184,-1.8647,-1.4521,0.4126,0.0,1,0,,-4.6959,0.9922,0.8407,242.5161,1,,,1,,
skab_labelled_onset,valve1__6,valve1,0,Temperature,spread,naive,adjusted,576,405,6,,,,,,,1,covariate_outside,,,,,,1,1,,,
skab_labelled_onset,valve1__6,valve1,0,Temperature,spread,naive,raw,576,405,0,-1.6184,-1.7084,-1.5285,0.1799,0.0,1,0,,-4.6959,0.9922,0.8407,242.5161,1,,,1,,
skab_labelled_onset,valve1__6,valve1,0,Thermocouple,level,block_bootstrap,adjusted,576,405,6,,,,,,,1,covariate_outside,,,,,,1,1,,,
skab_labelled_onset,valve1__6,valve1,0,Thermocouple,level,block_bootstrap,raw,576,405,0,-2.1371,-2.4713,-1.78,0.6913,0.0,1,0,,-5.9359,0.9777,0.9549,119.3452,1,,,1,,
skab_labelled_onset,valve1__6,valve1,0,Thermocouple,level,ewc,adjusted,576,405,6,,,,,,,1,covariate_outside,,,,,,1,1,,,
skab_labelled_onset,valve1__6,valve1,0,Thermocouple,level,ewc,raw,576,405,0,-2.1371,-2.6358,-1.6385,0.9973,0.0,1,0,,-5.9359,0.9777,0.9549,119.3452,1,,,1,,
skab_labelled_onset,valve1__6,valve1,0,Thermocouple,level,hac,adjusted,576,405,6,,,,,,,1,covariate_outside,,,,,,1,1,,,
skab_labelled_onset,valve1__6,valve1,0,Thermocouple,level,hac,raw,576,405,0,-2.1371,-3.0619,-1.2124,1.8495,0.0,1,0,,-5.9359,0.9777,0.9549,119.3452,1,,,1,,
skab_labelled_onset,valve1__6,valve1,0,Thermocouple,level,naive,adjusted,576,405,6,,,,,,,1,covariate_outside,,,,,,1,1,,,
skab_labelled_onset,valve1__6,valve1,0,Thermocouple,level,naive,raw,576,405,0,-2.1371,-2.2469,-2.0274,0.2196,0.0,1,0,,-5.9359,0.9777,0.9549,119.3452,1,,,1,,
skab_labelled_onset,valve1__6,valve1,0,Thermocouple,spread,block_bootstrap,adjusted,576,405,6,,,,,,,1,covariate_outside,,,,,,1,1,,,
skab_labelled_onset,valve1__6,valve1,0,Thermocouple,spread,block_bootstrap,raw,576,405,0,-0.2831,-0.447,-0.1022,0.3448,0.0,1,0,,-5.9359,0.9777,0.9549,119.3452,1,,,1,,
skab_labelled_onset,valve1__6,valve1,0,Thermocouple,spread,naive,adjusted,576,405,6,,,,,,,1,covariate_outside,,,,,,1,1,,,
skab_labelled_onset,valve1__6,valve1,0,Thermocouple,spread,naive,raw,576,405,0,-0.2831,-0.373,-0.1931,0.1799,0.0,1,0,,-5.9359,0.9777,0.9549,119.3452,1,,,1,,
skab_labelled_onset,valve1__6,valve1,0,Voltage,level,block_bootstrap,adjusted,576,405,6,,,,,,,1,covariate_outside,,,,,,1,1,,,
skab_labelled_onset,valve1__6,valve1,0,Voltage,level,block_bootstrap,raw,576,405,0,0.106,-0.038,0.2156,0.2536,0.21,0,0,,1.4945,0.0286,0.0551,1.4155,0,,,0,,
skab_labelled_onset,valve1__6,valve1,0,Voltage,level,ewc,adjusted,576,405,6,,,,,,,1,covariate_outside,,,,,,1,1,,,
skab_labelled_onset,valve1__6,valve1,0,Voltage,level,ewc,raw,576,405,0,0.106,-0.0447,0.2567,0.3014,0.1633,0,0,,1.4945,0.0286,0.0551,1.4155,0,,,0,,
skab_labelled_onset,valve1__6,valve1,0,Voltage,level,hac,adjusted,576,405,6,,,,,,,1,covariate_outside,,,,,,1,1,,,
skab_labelled_onset,valve1__6,valve1,0,Voltage,level,hac,raw,576,405,0,0.106,-0.0243,0.2364,0.2607,0.1109,0,0,,1.4945,0.0286,0.0551,1.4155,0,,,0,,
skab_labelled_onset,valve1__6,valve1,0,Voltage,level,naive,adjusted,576,405,6,,,,,,,1,covariate_outside,,,,,,1,1,,,
skab_labelled_onset,valve1__6,valve1,0,Voltage,level,naive,raw,576,405,0,0.106,-0.022,0.2341,0.2561,0.1046,0,0,,1.4945,0.0286,0.0551,1.4155,0,,,0,,
skab_labelled_onset,valve1__6,valve1,0,Voltage,spread,block_bootstrap,adjusted,576,405,6,,,,,,,1,covariate_outside,,,,,,1,1,,,
skab_labelled_onset,valve1__6,valve1,0,Voltage,spread,block_bootstrap,raw,576,405,0,0.0125,-0.0812,0.1076,0.1888,0.84,0,0,,1.4945,0.0286,0.0551,1.4155,0,,,0,,
skab_labelled_onset,valve1__6,valve1,0,Voltage,spread,naive,adjusted,576,405,6,,,,,,,1,covariate_outside,,,,,,1,1,,,
skab_labelled_onset,valve1__6,valve1,0,Voltage,spread,naive,raw,576,405,0,0.0125,-0.0775,0.1025,0.1799,0.7854,0,0,,1.4945,0.0286,0.0551,1.4155,0,,,0,,
skab_labelled_onset,valve1__6,valve1,0,Volume Flow RateRMS,level,block_bootstrap,adjusted,576,405,6,,,,,,,1,covariate_outside,,,,,,1,1,,,
skab_labelled_onset,valve1__6,valve1,0,Volume Flow RateRMS,level,block_bootstrap,raw,576,405,0,-2.0067,-2.3974,-1.756,0.6414,0.0,1,0,,3.2926,-0.351,0.4185,8.2121,1,,,0,,
skab_labelled_onset,valve1__6,valve1,0,Volume Flow RateRMS,level,ewc,adjusted,576,405,6,,,,,,,1,covariate_outside,,,,,,1,1,,,
skab_labelled_onset,valve1__6,valve1,0,Volume Flow RateRMS,level,ewc,raw,576,405,0,-2.0067,-2.441,-1.5723,0.8687,0.0,1,0,,3.2926,-0.351,0.4185,8.2121,1,,,0,,
skab_labelled_onset,valve1__6,valve1,0,Volume Flow RateRMS,level,hac,adjusted,576,405,6,,,,,,,1,covariate_outside,,,,,,1,1,,,
skab_labelled_onset,valve1__6,valve1,0,Volume Flow RateRMS,level,hac,raw,576,405,0,-2.0067,-2.2842,-1.7292,0.5549,0.0,1,0,,3.2926,-0.351,0.4185,8.2121,1,,,0,,
skab_labelled_onset,valve1__6,valve1,0,Volume Flow RateRMS,level,naive,adjusted,576,405,6,,,,,,,1,covariate_outside,,,,,,1,1,,,
skab_labelled_onset,valve1__6,valve1,0,Volume Flow RateRMS,level,naive,raw,576,405,0,-2.0067,-2.1576,-1.8558,0.3018,0.0,1,0,,3.2926,-0.351,0.4185,8.2121,1,,,0,,
skab_labelled_onset,valve1__6,valve1,0,Volume Flow RateRMS,spread,block_bootstrap,adjusted,576,405,6,,,,,,,1,covariate_outside,,,,,,1,1,,,
skab_labelled_onset,valve1__6,valve1,0,Volume Flow RateRMS,spread,block_bootstrap,raw,576,405,0,0.2647,0.0958,0.3472,0.2514,0.03,1,0,,3.2926,-0.351,0.4185,8.2121,1,,,0,,
skab_labelled_onset,valve1__6,valve1,0,Volume Flow RateRMS,spread,naive,adjusted,576,405,6,,,,,,,1,covariate_outside,,,,,,1,1,,,
skab_labelled_onset,valve1__6,valve1,0,Volume Flow RateRMS,spread,naive,raw,576,405,0,0.2647,0.1747,0.3546,0.1799,0.0,1,0,,3.2926,-0.351,0.4185,8.2121,1,,,0,,
skab_labelled_onset,valve1__7,valve1,0,Accelerometer1RMS,level,block_bootstrap,adjusted,578,405,6,,,,,,,1,covariate_outside,,,,,,1,1,,,
skab_labelled_onset,valve1__7,valve1,0,Accelerometer1RMS,level,block_bootstrap,raw,578,405,0,-0.1478,-0.3028,0.0009,0.3037,0.06,0,0,,-2.2129,-0.1263,-0.2319,3.8522,1,,,0,,
skab_labelled_onset,valve1__7,valve1,0,Accelerometer1RMS,level,ewc,adjusted,578,405,6,,,,,,,1,covariate_outside,,,,,,1,1,,,
skab_labelled_onset,valve1__7,valve1,0,Accelerometer1RMS,level,ewc,raw,578,405,0,-0.1478,-0.333,0.0373,0.3703,0.1146,0,0,,-2.2129,-0.1263,-0.2319,3.8522,1,,,0,,
skab_labelled_onset,valve1__7,valve1,0,Accelerometer1RMS,level,hac,adjusted,578,405,6,,,,,,,1,covariate_outside,,,,,,1,1,,,
skab_labelled_onset,valve1__7,valve1,0,Accelerometer1RMS,level,hac,raw,578,405,0,-0.1478,-0.27,-0.0257,0.2444,0.0177,1,0,,-2.2129,-0.1263,-0.2319,3.8522,1,,,0,,
skab_labelled_onset,valve1__7,valve1,0,Accelerometer1RMS,level,naive,adjusted,578,405,6,,,,,,,1,covariate_outside,,,,,,1,1,,,
skab_labelled_onset,valve1__7,valve1,0,Accelerometer1RMS,level,naive,raw,578,405,0,-0.1478,-0.2715,-0.0242,0.2473,0.0191,1,0,,-2.2129,-0.1263,-0.2319,3.8522,1,,,0,,
skab_labelled_onset,valve1__7,valve1,0,Accelerometer1RMS,spread,block_bootstrap,adjusted,578,405,6,,,,,,,1,covariate_outside,,,,,,1,1,,,
skab_labelled_onset,valve1__7,valve1,0,Accelerometer1RMS,spread,block_bootstrap,raw,578,405,0,-0.0464,-0.1098,0.0089,0.1186,0.11,0,0,,-2.2129,-0.1263,-0.2319,3.8522,1,,,0,,
skab_labelled_onset,valve1__7,valve1,0,Accelerometer1RMS,spread,naive,adjusted,578,405,6,,,,,,,1,covariate_outside,,,,,,1,1,,,
skab_labelled_onset,valve1__7,valve1,0,Accelerometer1RMS,spread,naive,raw,578,405,0,-0.0464,-0.1363,0.0435,0.1798,0.312,0,0,,-2.2129,-0.1263,-0.2319,3.8522,1,,,0,,
skab_labelled_onset,valve1__7,valve1,0,Accelerometer2RMS,level,block_bootstrap,adjusted,578,405,6,,,,,,,1,covariate_outside,,,,,,1,1,,,
skab_labelled_onset,valve1__7,valve1,0,Accelerometer2RMS,level,block_bootstrap,raw,578,405,0,0.0229,-0.1868,0.2414,0.4281,0.85,0,0,,-2.8953,0.1346,0.0189,4.0252,1,,,0,,
skab_labelled_onset,valve1__7,valve1,0,Accelerometer2RMS,level,ewc,adjusted,578,405,6,,,,,,,1,covariate_outside,,,,,,1,1,,,
skab_labelled_onset,valve1__7,valve1,0,Accelerometer2RMS,level,ewc,raw,578,405,0,0.0229,-0.2201,0.2658,0.4858,0.8506,0,0,,-2.8953,0.1346,0.0189,4.0252,1,,,0,,
skab_labelled_onset,valve1__7,valve1,0,Accelerometer2RMS,level,hac,adjusted,578,405,6,,,,,,,1,covariate_outside,,,,,,1,1,,,
skab_labelled_onset,valve1__7,valve1,0,Accelerometer2RMS,level,hac,raw,578,405,0,0.0229,-0.1119,0.1576,0.2696,0.7396,0,0,,-2.8953,0.1346,0.0189,4.0252,1,,,0,,
skab_labelled_onset,valve1__7,valve1,0,Accelerometer2RMS,level,naive,adjusted,578,405,6,,,,,,,1,covariate_outside,,,,,,1,1,,,
skab_labelled_onset,valve1__7,valve1,0,Accelerometer2RMS,level,naive,raw,578,405,0,0.0229,-0.1003,0.146,0.2463,0.7161,0,0,,-2.8953,0.1346,0.0189,4.0252,1,,,0,,
skab_labelled_onset,valve1__7,valve1,0,Accelerometer2RMS,spread,block_bootstrap,adjusted,578,405,6,,,,,,,1,covariate_outside,,,,,,1,1,,,
skab_labelled_onset,valve1__7,valve1,0,Accelerometer2RMS,spread,block_bootstrap,raw,578,405,0,-0.0535,-0.1383,0.012,0.1503,0.17,0,0,,-2.8953,0.1346,0.0189,4.0252,1,,,0,,
skab_labelled_onset,valve1__7,valve1,0,Accelerometer2RMS,spread,naive,adjusted,578,405,6,,,,,,,1,covariate_outside,,,,,,1,1,,,
skab_labelled_onset,valve1__7,valve1,0,Accelerometer2RMS,spread,naive,raw,578,405,0,-0.0535,-0.1434,0.0364,0.1798,0.2436,0,0,,-2.8953,0.1346,0.0189,4.0252,1,,,0,,
skab_labelled_onset,valve1__7,valve1,0,Current,level,block_bootstrap,adjusted,578,405,6,,,,,,,1,covariate_outside,,,,,,1,1,,,
skab_labelled_onset,valve1__7,valve1,0,Current,level,block_bootstrap,raw,578,405,0,-0.2645,-0.5686,0.0332,0.6019,0.06,0,0,,0.569,0.3815,0.4423,8.8417,0,,,0,,
skab_labelled_onset,valve1__7,valve1,0,Current,level,ewc,adjusted,578,405,6,,,,,,,1,covariate_outside,,,,,,1,1,,,
skab_labelled_onset,valve1__7,valve1,0,Current,level,ewc,raw,578,405,0,-0.2645,-0.662,0.1331,0.7952,0.1866,0,0,,0.569,0.3815,0.4423,8.8417,0,,,0,,
skab_labelled_onset,valve1__7,valve1,0,Current,level,hac,adjusted,578,405,6,,,,,,,1,covariate_outside,,,,,,1,1,,,
skab_labelled_onset,valve1__7,valve1,0,Current,level,hac,raw,578,405,0,-0.2645,-0.53,0.001,0.531,0.0509,0,0,,0.569,0.3815,0.4423,8.8417,0,,,0,,
skab_labelled_onset,valve1__7,valve1,0,Current,level,naive,adjusted,578,405,6,,,,,,,1,covariate_outside,,,,,,1,1,,,
skab_labelled_onset,valve1__7,valve1,0,Current,level,naive,raw,578,405,0,-0.2645,-0.3943,-0.1346,0.2597,0.0001,1,0,,0.569,0.3815,0.4423,8.8417,0,,,0,,
skab_labelled_onset,valve1__7,valve1,0,Current,spread,block_bootstrap,adjusted,578,405,6,,,,,,,1,covariate_outside,,,,,,1,1,,,
skab_labelled_onset,valve1__7,valve1,0,Current,spread,block_bootstrap,raw,578,405,0,0.037,-0.0336,0.0998,0.1333,0.22,0,0,,0.569,0.3815,0.4423,8.8417,0,,,0,,
skab_labelled_onset,valve1__7,valve1,0,Current,spread,naive,adjusted,578,405,6,,,,,,,1,covariate_outside,,,,,,1,1,,,
skab_labelled_onset,valve1__7,valve1,0,Current,spread,naive,raw,578,405,0,0.037,-0.0529,0.1269,0.1798,0.4203,0,0,,0.569,0.3815,0.4423,8.8417,0,,,0,,
skab_labelled_onset,valve1__7,valve1,0,Pressure,level,block_bootstrap,adjusted,578,405,7,,,,,,,1,no_spread,,,,,,,,,,
skab_labelled_onset,valve1__7,valve1,0,Pressure,level,block_bootstrap,raw,578,405,0,,,,,,,1,no_spread,,,,,,,,,,
skab_labelled_onset,valve1__7,valve1,0,Pressure,level,ewc,adjusted,578,405,7,,,,,,,1,no_spread,,,,,,,,,,
skab_labelled_onset,valve1__7,valve1,0,Pressure,level,ewc,raw,578,405,0,,,,,,,1,no_spread,,,,,,,,,,
skab_labelled_onset,valve1__7,valve1,0,Pressure,level,hac,adjusted,578,405,7,,,,,,,1,no_spread,,,,,,,,,,
skab_labelled_onset,valve1__7,valve1,0,Pressure,level,hac,raw,578,405,0,,,,,,,1,no_spread,,,,,,,,,,
skab_labelled_onset,valve1__7,valve1,0,Pressure,level,naive,adjusted,578,405,7,,,,,,,1,no_spread,,,,,,,,,,
skab_labelled_onset,valve1__7,valve1,0,Pressure,level,naive,raw,578,405,0,,,,,,,1,no_spread,,,,,,,,,,
skab_labelled_onset,valve1__7,valve1,0,Pressure,spread,block_bootstrap,adjusted,578,405,7,,,,,,,1,no_spread,,,,,,,,,,
skab_labelled_onset,valve1__7,valve1,0,Pressure,spread,block_bootstrap,raw,578,405,0,,,,,,,1,no_spread,,,,,,,,,,
skab_labelled_onset,valve1__7,valve1,0,Pressure,spread,naive,adjusted,578,405,7,,,,,,,1,no_spread,,,,,,,,,,
skab_labelled_onset,valve1__7,valve1,0,Pressure,spread,naive,raw,578,405,0,,,,,,,1,no_spread,,,,,,,,,,
skab_labelled_onset,valve1__7,valve1,0,Temperature,level,block_bootstrap,adjusted,578,405,6,,,,,,,1,covariate_outside,,,,,,1,1,,,
skab_labelled_onset,valve1__7,valve1,0,Temperature,level,block_bootstrap,raw,578,405,0,-0.177,-0.4514,0.0902,0.5416,0.29,0,0,,5.5908,0.7595,0.7303,22.3574,1,,,0,,
skab_labelled_onset,valve1__7,valve1,0,Temperature,level,ewc,adjusted,578,405,6,,,,,,,1,covariate_outside,,,,,,1,1,,,
skab_labelled_onset,valve1__7,valve1,0,Temperature,level,ewc,raw,578,405,0,-0.177,-0.6532,0.2992,0.9524,0.4584,0,0,,5.5908,0.7595,0.7303,22.3574,1,,,0,,
skab_labelled_onset,valve1__7,valve1,0,Temperature,level,hac,adjusted,578,405,6,,,,,,,1,covariate_outside,,,,,,1,1,,,
skab_labelled_onset,valve1__7,valve1,0,Temperature,level,hac,raw,578,405,0,-0.177,-0.6198,0.2659,0.8857,0.4335,0,0,,5.5908,0.7595,0.7303,22.3574,1,,,0,,
skab_labelled_onset,valve1__7,valve1,0,Temperature,level,naive,adjusted,578,405,6,,,,,,,1,covariate_outside,,,,,,1,1,,,
skab_labelled_onset,valve1__7,valve1,0,Temperature,level,naive,raw,578,405,0,-0.177,-0.2957,-0.0583,0.2374,0.0035,1,0,,5.5908,0.7595,0.7303,22.3574,1,,,0,,
skab_labelled_onset,valve1__7,valve1,0,Temperature,spread,block_bootstrap,adjusted,578,405,6,,,,,,,1,covariate_outside,,,,,,1,1,,,
skab_labelled_onset,valve1__7,valve1,0,Temperature,spread,block_bootstrap,raw,578,405,0,-0.1211,-0.2698,0.0538,0.3236,0.27,0,0,,5.5908,0.7595,0.7303,22.3574,1,,,0,,
skab_labelled_onset,valve1__7,valve1,0,Temperature,spread,naive,adjusted,578,405,6,,,,,,,1,covariate_outside,,,,,,1,1,,,
skab_labelled_onset,valve1__7,valve1,0,Temperature,spread,naive,raw,578,405,0,-0.1211,-0.211,-0.0312,0.1798,0.0083,1,0,,5.5908,0.7595,0.7303,22.3574,1,,,0,,
skab_labelled_onset,valve1__7,valve1,0,Thermocouple,level,block_bootstrap,adjusted,578,405,6,,,,,,,1,covariate_outside,,,,,,1,1,,,
skab_labelled_onset,valve1__7,valve1,0,Thermocouple,level,block_bootstrap,raw,578,405,0,-1.6259,-1.9511,-1.371,0.5801,0.0,1,0,,-3.9401,0.9719,0.8492,102.1161,1,,,1,,
skab_labelled_onset,valve1__7,valve1,0,Thermocouple,level,ewc,adjusted,578,405,6,,,,,,,1,covariate_outside,,,,,,1,1,,,
skab_labelled_onset,valve1__7,valve1,0,Thermocouple,level,ewc,raw,578,405,0,-1.6259,-2.0505,-1.2012,0.8493,0.0,1,0,,-3.9401,0.9719,0.8492,102.1161,1,,,1,,
skab_labelled_onset,valve1__7,valve1,0,Thermocouple,level,hac,adjusted,578,405,6,,,,,,,1,covariate_outside,,,,,,1,1,,,
skab_labelled_onset,valve1__7,valve1,0,Thermocouple,level,hac,raw,578,405,0,-1.6259,-2.3923,-0.8594,1.5329,0.0,1,0,,-3.9401,0.9719,0.8492,102.1161,1,,,1,,
skab_labelled_onset,valve1__7,valve1,0,Thermocouple,level,naive,adjusted,578,405,6,,,,,,,1,covariate_outside,,,,,,1,1,,,
skab_labelled_onset,valve1__7,valve1,0,Thermocouple,level,naive,raw,578,405,0,-1.6259,-1.7189,-1.5329,0.186,0.0,1,0,,-3.9401,0.9719,0.8492,102.1161,1,,,1,,
skab_labelled_onset,valve1__7,valve1,0,Thermocouple,spread,block_bootstrap,adjusted,578,405,6,,,,,,,1,covariate_outside,,,,,,1,1,,,
skab_labelled_onset,valve1__7,valve1,0,Thermocouple,spread,block_bootstrap,raw,578,405,0,-0.7778,-0.9522,-0.6123,0.3399,0.0,1,0,,-3.9401,0.9719,0.8492,102.1161,1,,,1,,
skab_labelled_onset,valve1__7,valve1,0,Thermocouple,spread,naive,adjusted,578,405,6,,,,,,,1,covariate_outside,,,,,,1,1,,,
skab_labelled_onset,valve1__7,valve1,0,Thermocouple,spread,naive,raw,578,405,0,-0.7778,-0.8677,-0.6878,0.1798,0.0,1,0,,-3.9401,0.9719,0.8492,102.1161,1,,,1,,
skab_labelled_onset,valve1__7,valve1,0,Voltage,level,block_bootstrap,adjusted,578,405,6,,,,,,,1,covariate_outside,,,,,,1,1,,,
skab_labelled_onset,valve1__7,valve1,0,Voltage,level,block_bootstrap,raw,578,405,0,0.0215,-0.1029,0.1212,0.2242,0.8,0,0,,0.9146,-0.0036,-0.0629,0.3549,0,,,0,,
skab_labelled_onset,valve1__7,valve1,0,Voltage,level,ewc,adjusted,578,405,6,,,,,,,1,covariate_outside,,,,,,1,1,,,
skab_labelled_onset,valve1__7,valve1,0,Voltage,level,ewc,raw,578,405,0,0.0215,-0.1083,0.1512,0.2595,0.7401,0,0,,0.9146,-0.0036,-0.0629,0.3549,0,,,0,,
skab_labelled_onset,valve1__7,valve1,0,Voltage,level,hac,adjusted,578,405,6,,,,,,,1,covariate_outside,,,,,,1,1,,,
skab_labelled_onset,valve1__7,valve1,0,Voltage,level,hac,raw,578,405,0,0.0215,-0.1004,0.1433,0.2437,0.7298,0,0,,0.9146,-0.0036,-0.0629,0.3549,0,,,0,,
skab_labelled_onset,valve1__7,valve1,0,Voltage,level,naive,adjusted,578,405,6,,,,,,,1,covariate_outside,,,,,,1,1,,,
skab_labelled_onset,valve1__7,valve1,0,Voltage,level,naive,raw,578,405,0,0.0215,-0.1029,0.1458,0.2487,0.7351,0,0,,0.9146,-0.0036,-0.0629,0.3549,0,,,0,,
skab_labelled_onset,valve1__7,valve1,0,Voltage,spread,block_bootstrap,adjusted,578,405,6,,,,,,,1,covariate_outside,,,,,,1,1,,,
skab_labelled_onset,valve1__7,valve1,0,Voltage,spread,block_bootstrap,raw,578,405,0,-0.0363,-0.1286,0.05,0.1786,0.39,0,0,,0.9146,-0.0036,-0.0629,0.3549,0,,,0,,
skab_labelled_onset,valve1__7,valve1,0,Voltage,spread,naive,adjusted,578,405,6,,,,,,,1,covariate_outside,,,,,,1,1,,,
skab_labelled_onset,valve1__7,valve1,0,Voltage,spread,naive,raw,578,405,0,-0.0363,-0.1262,0.0536,0.1798,0.4288,0,0,,0.9146,-0.0036,-0.0629,0.3549,0,,,0,,
skab_labelled_onset,valve1__7,valve1,0,Volume Flow RateRMS,level,block_bootstrap,adjusted,578,405,6,,,,,,,1,covariate_outside,,,,,,1,1,,,
skab_labelled_onset,valve1__7,valve1,0,Volume Flow RateRMS,level,block_bootstrap,raw,578,405,0,-5.4734,-6.3212,-4.7565,1.5646,0.0,1,0,,-0.5894,-0.496,0.8896,11.4478,0,,,0,,
skab_labelled_onset,valve1__7,valve1,0,Volume Flow RateRMS,level,ewc,adjusted,578,405,6,,,,,,,1,covariate_outside,,,,,,1,1,,,
skab_labelled_onset,valve1__7,valve1,0,Volume Flow RateRMS,level,ewc,raw,578,405,0,-5.4734,-6.7181,-4.2287,2.4894,0.0,1,0,,-0.5894,-0.496,0.8896,11.4478,0,,,0,,
skab_labelled_onset,valve1__7,valve1,0,Volume Flow RateRMS,level,hac,adjusted,578,405,6,,,,,,,1,covariate_outside,,,,,,1,1,,,
skab_labelled_onset,valve1__7,valve1,0,Volume Flow RateRMS,level,hac,raw,578,405,0,-5.4734,-6.8981,-4.0488,2.8493,0.0,1,0,,-0.5894,-0.496,0.8896,11.4478,0,,,0,,
skab_labelled_onset,valve1__7,valve1,0,Volume Flow RateRMS,level,naive,adjusted,578,405,6,,,,,,,1,covariate_outside,,,,,,1,1,,,
skab_labelled_onset,valve1__7,valve1,0,Volume Flow RateRMS,level,naive,raw,578,405,0,-5.4734,-5.768,-5.1789,0.589,0.0,1,0,,-0.5894,-0.496,0.8896,11.4478,0,,,0,,
skab_labelled_onset,valve1__7,valve1,0,Volume Flow RateRMS,spread,block_bootstrap,adjusted,578,405,6,,,,,,,1,covariate_outside,,,,,,1,1,,,
skab_labelled_onset,valve1__7,valve1,0,Volume Flow RateRMS,spread,block_bootstrap,raw,578,405,0,1.0668,0.799,1.1682,0.3692,0.0,1,0,,-0.5894,-0.496,0.8896,11.4478,0,,,0,,
skab_labelled_onset,valve1__7,valve1,0,Volume Flow RateRMS,spread,naive,adjusted,578,405,6,,,,,,,1,covariate_outside,,,,,,1,1,,,
skab_labelled_onset,valve1__7,valve1,0,Volume Flow RateRMS,spread,naive,raw,578,405,0,1.0668,0.9768,1.1567,0.1798,0.0,1,0,,-0.5894,-0.496,0.8896,11.4478,0,,,0,,
skab_labelled_onset,valve1__8,valve1,0,Accelerometer1RMS,level,block_bootstrap,adjusted,572,400,5,,,,,,,1,covariate_outside,,,,,,1,1,,,
skab_labelled_onset,valve1__8,valve1,0,Accelerometer1RMS,level,block_bootstrap,raw,572,400,0,0.2794,0.1551,0.4159,0.2608,0.0,1,0,,0.6739,-0.2405,-0.3817,6.0699,0,,,0,,
skab_labelled_onset,valve1__8,valve1,0,Accelerometer1RMS,level,ewc,adjusted,572,400,5,,,,,,,1,covariate_outside,,,,,,1,1,,,
skab_labelled_onset,valve1__8,valve1,0,Accelerometer1RMS,level,ewc,raw,572,400,0,0.2794,0.1233,0.4356,0.3123,0.0008,1,0,,0.6739,-0.2405,-0.3817,6.0699,0,,,0,,
skab_labelled_onset,valve1__8,valve1,0,Accelerometer1RMS,level,hac,adjusted,572,400,5,,,,,,,1,covariate_outside,,,,,,1,1,,,
skab_labelled_onset,valve1__8,valve1,0,Accelerometer1RMS,level,hac,raw,572,400,0,0.2794,0.16,0.3989,0.2389,0.0,1,0,,0.6739,-0.2405,-0.3817,6.0699,0,,,0,,
skab_labelled_onset,valve1__8,valve1,0,Accelerometer1RMS,level,naive,adjusted,572,400,5,,,,,,,1,covariate_outside,,,,,,1,1,,,
skab_labelled_onset,valve1__8,valve1,0,Accelerometer1RMS,level,naive,raw,572,400,0,0.2794,0.1566,0.4023,0.2457,0.0,1,0,,0.6739,-0.2405,-0.3817,6.0699,0,,,0,,
skab_labelled_onset,valve1__8,valve1,0,Accelerometer1RMS,spread,block_bootstrap,adjusted,572,400,5,,,,,,,1,covariate_outside,,,,,,1,1,,,
skab_labelled_onset,valve1__8,valve1,0,Accelerometer1RMS,spread,block_bootstrap,raw,572,400,0,-0.0682,-0.1258,-0.0112,0.1145,0.01,1,0,,0.6739,-0.2405,-0.3817,6.0699,0,,,0,,
skab_labelled_onset,valve1__8,valve1,0,Accelerometer1RMS,spread,naive,adjusted,572,400,5,,,,,,,1,covariate_outside,,,,,,1,1,,,
skab_labelled_onset,valve1__8,valve1,0,Accelerometer1RMS,spread,naive,raw,572,400,0,-0.0682,-0.1586,0.0223,0.1809,0.1395,0,0,,0.6739,-0.2405,-0.3817,6.0699,0,,,0,,
skab_labelled_onset,valve1__8,valve1,0,Accelerometer2RMS,level,block_bootstrap,adjusted,572,400,5,,,,,,,1,covariate_outside,,,,,,1,1,,,
skab_labelled_onset,valve1__8,valve1,0,Accelerometer2RMS,level,block_bootstrap,raw,572,400,0,1.0773,0.7921,1.3303,0.5383,0.0,1,0,,2.4382,0.2026,0.2322,5.3511,1,,,0,,
skab_labelled_onset,valve1__8,valve1,0,Accelerometer2RMS,level,ewc,adjusted,572,400,5,,,,,,,1,covariate_outside,,,,,,1,1,,,
skab_labelled_onset,valve1__8,valve1,0,Accelerometer2RMS,level,ewc,raw,572,400,0,1.0773,0.6833,1.4714,0.7881,0.0,1,0,,2.4382,0.2026,0.2322,5.3511,1,,,0,,
skab_labelled_onset,valve1__8,valve1,0,Accelerometer2RMS,level,hac,adjusted,572,400,5,,,,,,,1,covariate_outside,,,,,,1,1,,,
skab_labelled_onset,valve1__8,valve1,0,Accelerometer2RMS,level,hac,raw,572,400,0,1.0773,0.8494,1.3053,0.456,0.0,1,0,,2.4382,0.2026,0.2322,5.3511,1,,,0,,
skab_labelled_onset,valve1__8,valve1,0,Accelerometer2RMS,level,naive,adjusted,572,400,5,,,,,,,1,covariate_outside,,,,,,1,1,,,
skab_labelled_onset,valve1__8,valve1,0,Accelerometer2RMS,level,naive,raw,572,400,0,1.0773,0.9351,1.2196,0.2844,0.0,1,0,,2.4382,0.2026,0.2322,5.3511,1,,,0,,
skab_labelled_onset,valve1__8,valve1,0,Accelerometer2RMS,spread,block_bootstrap,adjusted,572,400,5,,,,,,,1,covariate_outside,,,,,,1,1,,,
skab_labelled_onset,valve1__8,valve1,0,Accelerometer2RMS,spread,block_bootstrap,raw,572,400,0,0.1706,0.0344,0.2662,0.2317,0.02,1,0,,2.4382,0.2026,0.2322,5.3511,1,,,0,,
skab_labelled_onset,valve1__8,valve1,0,Accelerometer2RMS,spread,naive,adjusted,572,400,5,,,,,,,1,covariate_outside,,,,,,1,1,,,
skab_labelled_onset,valve1__8,valve1,0,Accelerometer2RMS,spread,naive,raw,572,400,0,0.1706,0.0802,0.261,0.1809,0.0002,1,0,,2.4382,0.2026,0.2322,5.3511,1,,,0,,
skab_labelled_onset,valve1__8,valve1,0,Current,level,block_bootstrap,adjusted,572,400,5,,,,,,,1,covariate_outside,,,,,,1,1,,,
skab_labelled_onset,valve1__8,valve1,0,Current,level,block_bootstrap,raw,572,400,0,0.0204,-0.1684,0.2744,0.4428,0.71,0,0,,-1.1423,0.3666,0.2879,8.5064,0,,,0,,
skab_labelled_onset,valve1__8,valve1,0,Current,level,ewc,adjusted,572,400,5,,,,,,,1,covariate_outside,,,,,,1,1,,,
skab_labelled_onset,valve1__8,valve1,0,Current,level,ewc,raw,572,400,0,0.0204,-0.33,0.3707,0.7006,0.9074,0,0,,-1.1423,0.3666,0.2879,8.5064,0,,,0,,
skab_labelled_onset,valve1__8,valve1,0,Current,level,hac,adjusted,572,400,5,,,,,,,1,covariate_outside,,,,,,1,1,,,
skab_labelled_onset,valve1__8,valve1,0,Current,level,hac,raw,572,400,0,0.0204,-0.1974,0.2381,0.4355,0.8546,0,0,,-1.1423,0.3666,0.2879,8.5064,0,,,0,,
skab_labelled_onset,valve1__8,valve1,0,Current,level,naive,adjusted,572,400,5,,,,,,,1,covariate_outside,,,,,,1,1,,,
skab_labelled_onset,valve1__8,valve1,0,Current,level,naive,raw,572,400,0,0.0204,-0.1064,0.1471,0.2535,0.7529,0,0,,-1.1423,0.3666,0.2879,8.5064,0,,,0,,
skab_labelled_onset,valve1__8,valve1,0,Current,spread,block_bootstrap,adjusted,572,400,5,,,,,,,1,covariate_outside,,,,,,1,1,,,
skab_labelled_onset,valve1__8,valve1,0,Current,spread,block_bootstrap,raw,572,400,0,-0.0136,-0.0898,0.0609,0.1508,0.71,0,0,,-1.1423,0.3666,0.2879,8.5064,0,,,0,,
skab_labelled_onset,valve1__8,valve1,0,Current,spread,naive,adjusted,572,400,5,,,,,,,1,covariate_outside,,,,,,1,1,,,
skab_labelled_onset,valve1__8,valve1,0,Current,spread,naive,raw,572,400,0,-0.0136,-0.104,0.0768,0.1809,0.7679,0,0,,-1.1423,0.3666,0.2879,8.5064,0,,,0,,
skab_labelled_onset,valve1__8,valve1,0,Pressure,level,block_bootstrap,adjusted,572,400,6,,,,,,,1,no_spread,,,,,,,,,,
skab_labelled_onset,valve1__8,valve1,0,Pressure,level,block_bootstrap,raw,572,400,0,,,,,,,1,no_spread,,,,,,,,,,
skab_labelled_onset,valve1__8,valve1,0,Pressure,level,ewc,adjusted,572,400,6,,,,,,,1,no_spread,,,,,,,,,,
skab_labelled_onset,valve1__8,valve1,0,Pressure,level,ewc,raw,572,400,0,,,,,,,1,no_spread,,,,,,,,,,
skab_labelled_onset,valve1__8,valve1,0,Pressure,level,hac,adjusted,572,400,6,,,,,,,1,no_spread,,,,,,,,,,
skab_labelled_onset,valve1__8,valve1,0,Pressure,level,hac,raw,572,400,0,,,,,,,1,no_spread,,,,,,,,,,
skab_labelled_onset,valve1__8,valve1,0,Pressure,level,naive,adjusted,572,400,6,,,,,,,1,no_spread,,,,,,,,,,
skab_labelled_onset,valve1__8,valve1,0,Pressure,level,naive,raw,572,400,0,,,,,,,1,no_spread,,,,,,,,,,
skab_labelled_onset,valve1__8,valve1,0,Pressure,spread,block_bootstrap,adjusted,572,400,6,,,,,,,1,no_spread,,,,,,,,,,
skab_labelled_onset,valve1__8,valve1,0,Pressure,spread,block_bootstrap,raw,572,400,0,,,,,,,1,no_spread,,,,,,,,,,
skab_labelled_onset,valve1__8,valve1,0,Pressure,spread,naive,adjusted,572,400,6,,,,,,,1,no_spread,,,,,,,,,,
skab_labelled_onset,valve1__8,valve1,0,Pressure,spread,naive,raw,572,400,0,,,,,,,1,no_spread,,,,,,,,,,
skab_labelled_onset,valve1__8,valve1,0,Temperature,level,block_bootstrap,adjusted,572,400,5,-2.4965,-2.9933,-2.0016,0.9917,0.0,1,0,,-5.0748,0.755,0.8815,21.9521,1,0,1,0,0.0893,1.5307
skab_labelled_onset,valve1__8,valve1,0,Temperature,level,block_bootstrap,raw,572,400,0,-2.6105,-3.0677,-2.19,0.8777,0.0,1,0,,-6.2604,0.8016,0.8341,25.8411,1,,,0,,
skab_labelled_onset,valve1__8,valve1,0,Temperature,level,ewc,adjusted,572,400,5,-2.4965,-3.161,-1.8321,1.329,0.0,1,0,,-5.0748,0.755,0.8815,21.9521,1,0,1,0,0.0893,1.5307
skab_labelled_onset,valve1__8,valve1,0,Temperature,level,ewc,raw,572,400,0,-2.6105,-3.1805,-2.0405,1.14,0.0,1,0,,-6.2604,0.8016,0.8341,25.8411,1,,,0,,
skab_labelled_onset,valve1__8,valve1,0,Temperature,level,hac,adjusted,572,400,5,-2.4965,-3.2624,-1.7307,1.5317,0.0,1,0,,-5.0748,0.755,0.8815,21.9521,1,0,1,0,0.0893,1.5307
skab_labelled_onset,valve1__8,valve1,0,Temperature,level,hac,raw,572,400,0,-2.6105,-3.2194,-2.0017,1.2177,0.0,1,0,,-6.2604,0.8016,0.8341,25.8411,1,,,0,,
skab_labelled_onset,valve1__8,valve1,0,Temperature,level,naive,adjusted,572,400,5,-2.4965,-2.6537,-2.3394,0.3143,0.0,1,0,,-5.0748,0.755,0.8815,21.9521,1,0,1,0,0.0893,1.5307
skab_labelled_onset,valve1__8,valve1,0,Temperature,level,naive,raw,572,400,0,-2.6105,-2.7478,-2.4732,0.2746,0.0,1,0,,-6.2604,0.8016,0.8341,25.8411,1,,,0,,
skab_labelled_onset,valve1__8,valve1,0,Temperature,spread,block_bootstrap,adjusted,572,400,5,0.3769,0.1459,0.5704,0.4245,0.0,1,0,,-5.0748,0.755,0.8815,21.9521,1,0,1,0,0.0893,1.5307
skab_labelled_onset,valve1__8,valve1,0,Temperature,spread,block_bootstrap,raw,572,400,0,0.1173,-0.0947,0.3196,0.4143,0.2,0,0,,-6.2604,0.8016,0.8341,25.8411,1,,,0,,
skab_labelled_onset,valve1__8,valve1,0,Temperature,spread,naive,adjusted,572,400,5,0.3769,0.2864,0.4673,0.1809,0.0,1,0,,-5.0748,0.755,0.8815,21.9521,1,0,1,0,0.0893,1.5307
skab_labelled_onset,valve1__8,valve1,0,Temperature,spread,naive,raw,572,400,0,0.1173,0.0268,0.2077,0.1809,0.011,1,0,,-6.2604,0.8016,0.8341,25.8411,1,,,0,,
skab_labelled_onset,valve1__8,valve1,0,Thermocouple,level,block_bootstrap,adjusted,572,400,5,,,,,,,1,covariate_outside,,,,,,1,1,,,
skab_labelled_onset,valve1__8,valve1,0,Thermocouple,level,block_bootstrap,raw,572,400,0,-0.2357,-0.6398,0.2371,0.8769,0.4,0,0,,-2.6252,0.8224,0.9279,28.09,1,,,0,,
skab_labelled_onset,valve1__8,valve1,0,Thermocouple,level,ewc,adjusted,572,400,5,,,,,,,1,covariate_outside,,,,,,1,1,,,
skab_labelled_onset,valve1__8,valve1,0,Thermocouple,level,ewc,raw,572,400,0,-0.2357,-0.9382,0.4669,1.4052,0.5002,0,0,,-2.6252,0.8224,0.9279,28.09,1,,,0,,
skab_labelled_onset,valve1__8,valve1,0,Thermocouple,level,hac,adjusted,572,400,5,,,,,,,1,covariate_outside,,,,,,1,1,,,
skab_labelled_onset,valve1__8,valve1,0,Thermocouple,level,hac,raw,572,400,0,-0.2357,-1.1737,0.7024,1.8761,0.6224,0,0,,-2.6252,0.8224,0.9279,28.09,1,,,0,,
skab_labelled_onset,valve1__8,valve1,0,Thermocouple,level,naive,adjusted,572,400,5,,,,,,,1,covariate_outside,,,,,,1,1,,,
skab_labelled_onset,valve1__8,valve1,0,Thermocouple,level,naive,raw,572,400,0,-0.2357,-0.3975,-0.0738,0.3236,0.0043,1,0,,-2.6252,0.8224,0.9279,28.09,1,,,0,,
skab_labelled_onset,valve1__8,valve1,0,Thermocouple,spread,block_bootstrap,adjusted,572,400,5,,,,,,,1,covariate_outside,,,,,,1,1,,,
skab_labelled_onset,valve1__8,valve1,0,Thermocouple,spread,block_bootstrap,raw,572,400,0,0.3534,0.1021,0.6279,0.5258,0.0,1,0,,-2.6252,0.8224,0.9279,28.09,1,,,0,,
skab_labelled_onset,valve1__8,valve1,0,Thermocouple,spread,naive,adjusted,572,400,5,,,,,,,1,covariate_outside,,,,,,1,1,,,
skab_labelled_onset,valve1__8,valve1,0,Thermocouple,spread,naive,raw,572,400,0,0.3534,0.2629,0.4438,0.1809,0.0,1,0,,-2.6252,0.8224,0.9279,28.09,1,,,0,,
skab_labelled_onset,valve1__8,valve1,0,Voltage,level,block_bootstrap,adjusted,572,400,5,,,,,,,1,covariate_outside,,,,,,1,1,,,
skab_labelled_onset,valve1__8,valve1,0,Voltage,level,block_bootstrap,raw,572,400,0,-0.0612,-0.1842,0.071,0.2552,0.31,0,0,,-1.8455,0.0181,0.1357,1.0416,0,,,0,,
skab_labelled_onset,valve1__8,valve1,0,Voltage,level,ewc,adjusted,572,400,5,,,,,,,1,covariate_outside,,,,,,1,1,,,
skab_labelled_onset,valve1__8,valve1,0,Voltage,level,ewc,raw,572,400,0,-0.0612,-0.2151,0.0927,0.3078,0.4264,0,0,,-1.8455,0.0181,0.1357,1.0416,0,,,0,,
skab_labelled_onset,valve1__8,valve1,0,Voltage,level,hac,adjusted,572,400,5,,,,,,,1,covariate_outside,,,,,,1,1,,,
skab_labelled_onset,valve1__8,valve1,0,Voltage,level,hac,raw,572,400,0,-0.0612,-0.1987,0.0763,0.2749,0.3829,0,0,,-1.8455,0.0181,0.1357,1.0416,0,,,0,,
skab_labelled_onset,valve1__8,valve1,0,Voltage,level,naive,adjusted,572,400,5,,,,,,,1,covariate_outside,,,,,,1,1,,,
skab_labelled_onset,valve1__8,valve1,0,Voltage,level,naive,raw,572,400,0,-0.0612,-0.1898,0.0674,0.2572,0.3511,0,0,,-1.8455,0.0181,0.1357,1.0416,0,,,0,,
skab_labelled_onset,valve1__8,valve1,0,Voltage,spread,block_bootstrap,adjusted,572,400,5,,,,,,,1,covariate_outside,,,,,,1,1,,,
skab_labelled_onset,valve1__8,valve1,0,Voltage,spread,block_bootstrap,raw,572,400,0,0.0114,-0.0652,0.0923,0.1576,0.88,0,0,,-1.8455,0.0181,0.1357,1.0416,0,,,0,,
skab_labelled_onset,valve1__8,valve1,0,Voltage,spread,naive,adjusted,572,400,5,,,,,,,1,covariate_outside,,,,,,1,1,,,
skab_labelled_onset,valve1__8,valve1,0,Voltage,spread,naive,raw,572,400,0,0.0114,-0.079,0.1019,0.1809,0.8041,0,0,,-1.8455,0.0181,0.1357,1.0416,0,,,0,,
skab_labelled_onset,valve1__8,valve1,0,Volume Flow RateRMS,level,block_bootstrap,adjusted,572,400,6,,,,,,,1,no_spread,,,,,,,,,,
skab_labelled_onset,valve1__8,valve1,0,Volume Flow RateRMS,level,block_bootstrap,raw,572,400,0,,,,,,,1,no_spread,,,,,,,,,,
skab_labelled_onset,valve1__8,valve1,0,Volume Flow RateRMS,level,ewc,adjusted,572,400,6,,,,,,,1,no_spread,,,,,,,,,,
skab_labelled_onset,valve1__8,valve1,0,Volume Flow RateRMS,level,ewc,raw,572,400,0,,,,,,,1,no_spread,,,,,,,,,,
skab_labelled_onset,valve1__8,valve1,0,Volume Flow RateRMS,level,hac,adjusted,572,400,6,,,,,,,1,no_spread,,,,,,,,,,
skab_labelled_onset,valve1__8,valve1,0,Volume Flow RateRMS,level,hac,raw,572,400,0,,,,,,,1,no_spread,,,,,,,,,,
skab_labelled_onset,valve1__8,valve1,0,Volume Flow RateRMS,level,naive,adjusted,572,400,6,,,,,,,1,no_spread,,,,,,,,,,
skab_labelled_onset,valve1__8,valve1,0,Volume Flow RateRMS,level,naive,raw,572,400,0,,,,,,,1,no_spread,,,,,,,,,,
skab_labelled_onset,valve1__8,valve1,0,Volume Flow RateRMS,spread,block_bootstrap,adjusted,572,400,6,,,,,,,1,no_spread,,,,,,,,,,
skab_labelled_onset,valve1__8,valve1,0,Volume Flow RateRMS,spread,block_bootstrap,raw,572,400,0,,,,,,,1,no_spread,,,,,,,,,,
skab_labelled_onset,valve1__8,valve1,0,Volume Flow RateRMS,spread,naive,adjusted,572,400,6,,,,,,,1,no_spread,,,,,,,,,,
skab_labelled_onset,valve1__8,valve1,0,Volume Flow RateRMS,spread,naive,raw,572,400,0,,,,,,,1,no_spread,,,,,,,,,,
skab_labelled_onset,valve1__9,valve1,0,Accelerometer1RMS,level,block_bootstrap,adjusted,574,402,5,-0.0143,-0.1562,0.1053,0.2615,0.76,0,0,,1.3742,-0.0129,-0.0559,0.8292,0,0,1,0,0.1892,0.8546
skab_labelled_onset,valve1__9,valve1,0,Accelerometer1RMS,level,block_bootstrap,raw,574,402,0,0.0047,-0.0981,0.1222,0.2203,0.88,0,0,,0.0449,-0.0118,-0.1411,0.7848,0,,,0,,
skab_labelled_onset,valve1__9,valve1,0,Accelerometer1RMS,level,ewc,adjusted,574,402,5,-0.0143,-0.1777,0.1491,0.3268,0.8597,0,0,,1.3742,-0.0129,-0.0559,0.8292,0,0,1,0,0.1892,0.8546
skab_labelled_onset,valve1__9,valve1,0,Accelerometer1RMS,level,ewc,raw,574,402,0,0.0047,-0.1163,0.1258,0.2421,0.9377,0,0,,0.0449,-0.0118,-0.1411,0.7848,0,,,0,,
skab_labelled_onset,valve1__9,valve1,0,Accelerometer1RMS,level,hac,adjusted,574,402,5,-0.0143,-0.1241,0.0954,0.2196,0.7979,0,0,,1.3742,-0.0129,-0.0559,0.8292,0,0,1,0,0.1892,0.8546
skab_labelled_onset,valve1__9,valve1,0,Accelerometer1RMS,level,hac,raw,574,402,0,0.0047,-0.106,0.1154,0.2214,0.9332,0,0,,0.0449,-0.0118,-0.1411,0.7848,0,,,0,,
skab_labelled_onset,valve1__9,valve1,0,Accelerometer1RMS,level,naive,adjusted,574,402,5,-0.0143,-0.126,0.0973,0.2233,0.8011,0,0,,1.3742,-0.0129,-0.0559,0.8292,0,0,1,0,0.1892,0.8546
skab_labelled_onset,valve1__9,valve1,0,Accelerometer1RMS,level,naive,raw,574,402,0,0.0047,-0.1174,0.1269,0.2443,0.9395,0,0,,0.0449,-0.0118,-0.1411,0.7848,0,,,0,,
skab_labelled_onset,valve1__9,valve1,0,Accelerometer1RMS,spread,block_bootstrap,adjusted,574,402,5,-0.0483,-0.1145,0.0104,0.1249,0.14,0,0,,1.3742,-0.0129,-0.0559,0.8292,0,0,1,0,0.1892,0.8546
skab_labelled_onset,valve1__9,valve1,0,Accelerometer1RMS,spread,block_bootstrap,raw,574,402,0,-0.0746,-0.1278,-0.0335,0.0943,0.0,1,0,,0.0449,-0.0118,-0.1411,0.7848,0,,,0,,
skab_labelled_onset,valve1__9,valve1,0,Accelerometer1RMS,spread,naive,adjusted,574,402,5,-0.0483,-0.1385,0.0419,0.1805,0.2942,0,0,,1.3742,-0.0129,-0.0559,0.8292,0,0,1,0,0.1892,0.8546
skab_labelled_onset,valve1__9,valve1,0,Accelerometer1RMS,spread,naive,raw,574,402,0,-0.0746,-0.1648,0.0156,0.1805,0.1052,0,0,,0.0449,-0.0118,-0.1411,0.7848,0,,,0,,
skab_labelled_onset,valve1__9,valve1,0,Accelerometer2RMS,level,block_bootstrap,adjusted,574,402,5,0.0904,-0.1474,0.3387,0.4861,0.42,0,0,,-1.3641,0.4108,0.4582,9.4401,0,0,1,0,0.2004,0.7849
skab_labelled_onset,valve1__9,valve1,0,Accelerometer2RMS,level,block_bootstrap,raw,574,402,0,-0.0748,-0.3327,0.2036,0.5363,0.59,0,0,,-2.4713,0.4178,0.456,9.5917,1,,,0,,
skab_labelled_onset,valve1__9,valve1,0,Accelerometer2RMS,level,ewc,adjusted,574,402,5,0.0904,-0.2405,0.4213,0.6618,0.5846,0,0,,-1.3641,0.4108,0.4582,9.4401,0,0,1,0,0.2004,0.7849
skab_labelled_onset,valve1__9,valve1,0,Accelerometer2RMS,level,ewc,raw,574,402,0,-0.0748,-0.4428,0.2932,0.736,0.6839,0,0,,-2.4713,0.4178,0.456,9.5917,1,,,0,,
skab_labelled_onset,valve1__9,valve1,0,Accelerometer2RMS,level,hac,adjusted,574,402,5,0.0904,-0.1452,0.326,0.4711,0.452,0,0,,-1.3641,0.4108,0.4582,9.4401,0,0,1,0,0.2004,0.7849
skab_labelled_onset,valve1__9,valve1,0,Accelerometer2RMS,level,hac,raw,574,402,0,-0.0748,-0.3409,0.1912,0.5321,0.5815,0,0,,-2.4713,0.4178,0.456,9.5917,1,,,0,,
skab_labelled_onset,valve1__9,valve1,0,Accelerometer2RMS,level,naive,adjusted,574,402,5,0.0904,-0.0246,0.2054,0.2301,0.1235,0,0,,-1.3641,0.4108,0.4582,9.4401,0,0,1,0,0.2004,0.7849
skab_labelled_onset,valve1__9,valve1,0,Accelerometer2RMS,level,naive,raw,574,402,0,-0.0748,-0.2042,0.0545,0.2587,0.2569,0,0,,-2.4713,0.4178,0.456,9.5917,1,,,0,,
skab_labelled_onset,valve1__9,valve1,0,Accelerometer2RMS,spread,block_bootstrap,adjusted,574,402,5,0.0154,-0.1369,0.1638,0.3007,0.66,0,0,,-1.3641,0.4108,0.4582,9.4401,0,0,1,0,0.2004,0.7849
skab_labelled_onset,valve1__9,valve1,0,Accelerometer2RMS,spread,block_bootstrap,raw,574,402,0,0.0247,-0.1045,0.1594,0.2639,0.53,0,0,,-2.4713,0.4178,0.456,9.5917,1,,,0,,
skab_labelled_onset,valve1__9,valve1,0,Accelerometer2RMS,spread,naive,adjusted,574,402,5,0.0154,-0.0749,0.1056,0.1805,0.7384,0,0,,-1.3641,0.4108,0.4582,9.4401,0,0,1,0,0.2004,0.7849
skab_labelled_onset,valve1__9,valve1,0,Accelerometer2RMS,spread,naive,raw,574,402,0,0.0247,-0.0656,0.1149,0.1805,0.5921,0,0,,-2.4713,0.4178,0.456,9.5917,1,,,0,,
skab_labelled_onset,valve1__9,valve1,0,Current,level,block_bootstrap,adjusted,574,402,5,0.2114,-0.0793,0.4868,0.5661,0.12,0,0,,-0.7041,0.4545,0.3926,10.4162,0,0,1,0,0.1245,0.9275
skab_labelled_onset,valve1__9,valve1,0,Current,level,block_bootstrap,raw,574,402,0,0.2155,-0.0788,0.4897,0.5685,0.12,0,0,,-0.2702,0.405,0.3366,9.3159,0,,,0,,
skab_labelled_onset,valve1__9,valve1,0,Current,level,ewc,adjusted,574,402,5,0.2114,-0.1438,0.5665,0.7103,0.2372,0,0,,-0.7041,0.4545,0.3926,10.4162,0,0,1,0,0.1245,0.9275
skab_labelled_onset,valve1__9,valve1,0,Current,level,ewc,raw,574,402,0,0.2155,-0.1293,0.5603,0.6896,0.2149,0,0,,-0.2702,0.405,0.3366,9.3159,0,,,0,,
skab_labelled_onset,valve1__9,valve1,0,Current,level,hac,adjusted,574,402,5,0.2114,-0.0283,0.4511,0.4794,0.084,0,0,,-0.7041,0.4545,0.3926,10.4162,0,0,1,0,0.1245,0.9275
skab_labelled_onset,valve1__9,valve1,0,Current,level,hac,raw,574,402,0,0.2155,-0.0104,0.4414,0.4518,0.0615,0,0,,-0.2702,0.405,0.3366,9.3159,0,,,0,,
skab_labelled_onset,valve1__9,valve1,0,Current,level,naive,adjusted,574,402,5,0.2114,0.093,0.3297,0.2367,0.0005,1,0,,-0.7041,0.4545,0.3926,10.4162,0,0,1,0,0.1245,0.9275
skab_labelled_onset,valve1__9,valve1,0,Current,level,naive,raw,574,402,0,0.2155,0.0911,0.3399,0.2488,0.0007,1,0,,-0.2702,0.405,0.3366,9.3159,0,,,0,,
skab_labelled_onset,valve1__9,valve1,0,Current,spread,block_bootstrap,adjusted,574,402,5,-0.013,-0.0956,0.0515,0.147,0.74,0,0,,-0.7041,0.4545,0.3926,10.4162,0,0,1,0,0.1245,0.9275
skab_labelled_onset,valve1__9,valve1,0,Current,spread,block_bootstrap,raw,574,402,0,-0.0419,-0.1191,0.0212,0.1403,0.22,0,0,,-0.2702,0.405,0.3366,9.3159,0,,,0,,
skab_labelled_onset,valve1__9,valve1,0,Current,spread,naive,adjusted,574,402,5,-0.013,-0.1033,0.0772,0.1805,0.7771,0,0,,-0.7041,0.4545,0.3926,10.4162,0,0,1,0,0.1245,0.9275
skab_labelled_onset,valve1__9,valve1,0,Current,spread,naive,raw,574,402,0,-0.0419,-0.1321,0.0483,0.1805,0.363,0,0,,-0.2702,0.405,0.3366,9.3159,0,,,0,,
skab_labelled_onset,valve1__9,valve1,0,Pressure,level,block_bootstrap,adjusted,574,402,6,,,,,,,1,no_spread,,,,,,,,,,
skab_labelled_onset,valve1__9,valve1,0,Pressure,level,block_bootstrap,raw,574,402,0,,,,,,,1,no_spread,,,,,,,,,,
skab_labelled_onset,valve1__9,valve1,0,Pressure,level,ewc,adjusted,574,402,6,,,,,,,1,no_spread,,,,,,,,,,
skab_labelled_onset,valve1__9,valve1,0,Pressure,level,ewc,raw,574,402,0,,,,,,,1,no_spread,,,,,,,,,,
skab_labelled_onset,valve1__9,valve1,0,Pressure,level,hac,adjusted,574,402,6,,,,,,,1,no_spread,,,,,,,,,,
skab_labelled_onset,valve1__9,valve1,0,Pressure,level,hac,raw,574,402,0,,,,,,,1,no_spread,,,,,,,,,,
skab_labelled_onset,valve1__9,valve1,0,Pressure,level,naive,adjusted,574,402,6,,,,,,,1,no_spread,,,,,,,,,,
skab_labelled_onset,valve1__9,valve1,0,Pressure,level,naive,raw,574,402,0,,,,,,,1,no_spread,,,,,,,,,,
skab_labelled_onset,valve1__9,valve1,0,Pressure,spread,block_bootstrap,adjusted,574,402,6,,,,,,,1,no_spread,,,,,,,,,,
skab_labelled_onset,valve1__9,valve1,0,Pressure,spread,block_bootstrap,raw,574,402,0,,,,,,,1,no_spread,,,,,,,,,,
skab_labelled_onset,valve1__9,valve1,0,Pressure,spread,naive,adjusted,574,402,6,,,,,,,1,no_spread,,,,,,,,,,
skab_labelled_onset,valve1__9,valve1,0,Pressure,spread,naive,raw,574,402,0,,,,,,,1,no_spread,,,,,,,,,,
skab_labelled_onset,valve1__9,valve1,0,Temperature,level,block_bootstrap,adjusted,574,402,5,0.6902,0.325,1.0727,0.7477,0.0,1,0,,1.7044,0.8832,0.914,38.154,0,0,1,0,0.3995,1.1687
skab_labelled_onset,valve1__9,valve1,0,Temperature,level,block_bootstrap,raw,574,402,0,1.3134,0.9377,1.729,0.7913,0.0,1,0,,4.5504,0.9479,0.9378,66.9565,1,,,0,,
skab_labelled_onset,valve1__9,valve1,0,Temperature,level,ewc,adjusted,574,402,5,0.6902,0.1892,1.1912,1.0019,0.0082,1,0,,1.7044,0.8832,0.914,38.154,0,0,1,0,0.3995,1.1687
skab_labelled_onset,valve1__9,valve1,0,Temperature,level,ewc,raw,574,402,0,1.3134,0.7752,1.8517,1.0765,0.0,1,0,,4.5504,0.9479,0.9378,66.9565,1,,,0,,
skab_labelled_onset,valve1__9,valve1,0,Temperature,level,hac,adjusted,574,402,5,0.6902,0.035,1.3455,1.3105,0.039,1,0,,1.7044,0.8832,0.914,38.154,0,0,1,0,0.3995,1.1687
skab_labelled_onset,valve1__9,valve1,0,Temperature,level,hac,raw,574,402,0,1.3134,0.4858,2.1411,1.6553,0.0019,1,0,,4.5504,0.9479,0.9378,66.9565,1,,,0,,
skab_labelled_onset,valve1__9,valve1,0,Temperature,level,naive,adjusted,574,402,5,0.6902,0.5754,0.8051,0.2297,0.0,1,0,,1.7044,0.8832,0.914,38.154,0,0,1,0,0.3995,1.1687
skab_labelled_onset,valve1__9,valve1,0,Temperature,level,naive,raw,574,402,0,1.3134,1.1928,1.434,0.2412,0.0,1,0,,4.5504,0.9479,0.9378,66.9565,1,,,0,,
skab_labelled_onset,valve1__9,valve1,0,Temperature,spread,block_bootstrap,adjusted,574,402,5,0.2346,0.0112,0.4917,0.4805,0.04,1,0,,1.7044,0.8832,0.914,38.154,0,0,1,0,0.3995,1.1687
skab_labelled_onset,valve1__9,valve1,0,Temperature,spread,block_bootstrap,raw,574,402,0,-0.0983,-0.3073,0.1101,0.4175,0.52,0,0,,4.5504,0.9479,0.9378,66.9565,1,,,0,,
skab_labelled_onset,valve1__9,valve1,0,Temperature,spread,naive,adjusted,574,402,5,0.2346,0.1444,0.3249,0.1805,0.0,1,0,,1.7044,0.8832,0.914,38.154,0,0,1,0,0.3995,1.1687
skab_labelled_onset,valve1__9,valve1,0,Temperature,spread,naive,raw,574,402,0,-0.0983,-0.1885,-0.0081,0.1805,0.0328,1,0,,4.5504,0.9479,0.9378,66.9565,1,,,0,,
skab_labelled_onset,valve1__9,valve1,0,Thermocouple,level,block_bootstrap,adjusted,574,402,5,-0.1787,-0.5162,0.1359,0.652,0.34,0,0,,-1.36,0.8953,0.8995,41.2234,0,0,1,0,0.3948,1.8244
skab_labelled_onset,valve1__9,valve1,0,Thermocouple,level,block_bootstrap,raw,574,402,0,-1.0032,-1.3178,-0.7515,0.5663,0.0,1,0,,-3.8751,0.9625,0.884,83.8932,1,,,0,,
skab_labelled_onset,valve1__9,valve1,0,Thermocouple,level,ewc,adjusted,574,402,5,-0.1787,-0.6514,0.2941,0.9456,0.4499,0,0,,-1.36,0.8953,0.8995,41.2234,0,0,1,0,0.3948,1.8244
skab_labelled_onset,valve1__9,valve1,0,Thermocouple,level,ewc,raw,574,402,0,-1.0032,-1.4715,-0.535,0.9365,0.0001,1,0,,-3.8751,0.9625,0.884,83.8932,1,,,0,,
skab_labelled_onset,valve1__9,valve1,0,Thermocouple,level,hac,adjusted,574,402,5,-0.1787,-0.7749,0.4176,1.1925,0.557,0,0,,-1.36,0.8953,0.8995,41.2234,0,0,1,0,0.3948,1.8244
skab_labelled_onset,valve1__9,valve1,0,Thermocouple,level,hac,raw,574,402,0,-1.0032,-1.7167,-0.2897,1.427,0.0059,1,0,,-3.8751,0.9625,0.884,83.8932,1,,,0,,
skab_labelled_onset,valve1__9,valve1,0,Thermocouple,level,naive,adjusted,574,402,5,-0.1787,-0.2874,-0.0699,0.2175,0.0013,1,0,,-1.36,0.8953,0.8995,41.2234,0,0,1,0,0.3948,1.8244
skab_labelled_onset,valve1__9,valve1,0,Thermocouple,level,naive,raw,574,402,0,-1.0032,-1.1079,-0.8985,0.2094,0.0,1,0,,-3.8751,0.9625,0.884,83.8932,1,,,0,,
skab_labelled_onset,valve1__9,valve1,0,Thermocouple,spread,block_bootstrap,adjusted,574,402,5,0.1483,-0.0108,0.3056,0.3164,0.08,0,0,,-1.36,0.8953,0.8995,41.2234,0,0,1,0,0.3948,1.8244
skab_labelled_onset,valve1__9,valve1,0,Thermocouple,spread,block_bootstrap,raw,574,402,0,-0.4034,-0.6837,-0.1817,0.502,0.0,1,0,,-3.8751,0.9625,0.884,83.8932,1,,,0,,
skab_labelled_onset,valve1__9,valve1,0,Thermocouple,spread,naive,adjusted,574,402,5,0.1483,0.0581,0.2385,0.1805,0.0013,1,0,,-1.36,0.8953,0.8995,41.2234,0,0,1,0,0.3948,1.8244
skab_labelled_onset,valve1__9,valve1,0,Thermocouple,spread,naive,raw,574,402,0,-0.4034,-0.4936,-0.3132,0.1805,0.0,1,0,,-3.8751,0.9625,0.884,83.8932,1,,,0,,
skab_labelled_onset,valve1__9,valve1,0,Voltage,level,block_bootstrap,adjusted,574,402,5,-0.1954,-0.3554,-0.0522,0.3031,0.0,1,0,,0.4655,0.0237,0.0669,1.2453,0,0,1,0,0.1246,0.9286
skab_labelled_onset,valve1__9,valve1,0,Voltage,level,block_bootstrap,raw,574,402,0,-0.0455,-0.1933,0.0733,0.2666,0.45,0,0,,1.3731,-0.0235,-0.0037,1.2399,0,,,0,,
skab_labelled_onset,valve1__9,valve1,0,Voltage,level,ewc,adjusted,574,402,5,-0.1954,-0.3914,0.0007,0.3921,0.0508,0,0,,0.4655,0.0237,0.0669,1.2453,0,0,1,0,0.1246,0.9286
skab_labelled_onset,valve1__9,valve1,0,Voltage,level,ewc,raw,574,402,0,-0.0455,-0.1786,0.0877,0.2663,0.4946,0,0,,1.3731,-0.0235,-0.0037,1.2399,0,,,0,,
skab_labelled_onset,valve1__9,valve1,0,Voltage,level,hac,adjusted,574,402,5,-0.1954,-0.3222,-0.0686,0.2536,0.0025,1,0,,0.4655,0.0237,0.0669,1.2453,0,0,1,0,0.1246,0.9286
skab_labelled_onset,valve1__9,valve1,0,Voltage,level,hac,raw,574,402,0,-0.0455,-0.1743,0.0833,0.2576,0.489,0,0,,1.3731,-0.0235,-0.0037,1.2399,0,,,0,,
skab_labelled_onset,valve1__9,valve1,0,Voltage,level,naive,adjusted,574,402,5,-0.1954,-0.3184,-0.0723,0.2461,0.0019,1,0,,0.4655,0.0237,0.0669,1.2453,0,0,1,0,0.1246,0.9286
skab_labelled_onset,valve1__9,valve1,0,Voltage,level,naive,raw,574,402,0,-0.0455,-0.1747,0.0837,0.2584,0.4903,0,0,,1.3731,-0.0235,-0.0037,1.2399,0,,,0,,
skab_labelled_onset,valve1__9,valve1,0,Voltage,spread,block_bootstrap,adjusted,574,402,5,0.0522,-0.0097,0.1434,0.153,0.1,0,0,,0.4655,0.0237,0.0669,1.2453,0,0,1,0,0.1246,0.9286
skab_labelled_onset,valve1__9,valve1,0,Voltage,spread,block_bootstrap,raw,574,402,0,0.0227,-0.049,0.1095,0.1585,0.42,0,0,,1.3731,-0.0235,-0.0037,1.2399,0,,,0,,
skab_labelled_onset,valve1__9,valve1,0,Voltage,spread,naive,adjusted,574,402,5,0.0522,-0.038,0.1425,0.1805,0.2566,0,0,,0.4655,0.0237,0.0669,1.2453,0,0,1,0,0.1246,0.9286
skab_labelled_onset,valve1__9,valve1,0,Voltage,spread,naive,raw,574,402,0,0.0227,-0.0675,0.1129,0.1805,0.6219,0,0,,1.3731,-0.0235,-0.0037,1.2399,0,,,0,,
skab_labelled_onset,valve1__9,valve1,0,Volume Flow RateRMS,level,block_bootstrap,adjusted,574,402,6,,,,,,,1,no_spread,,,,,,,,,,
skab_labelled_onset,valve1__9,valve1,0,Volume Flow RateRMS,level,block_bootstrap,raw,574,402,0,,,,,,,1,no_spread,,,,,,,,,,
skab_labelled_onset,valve1__9,valve1,0,Volume Flow RateRMS,level,ewc,adjusted,574,402,6,,,,,,,1,no_spread,,,,,,,,,,
skab_labelled_onset,valve1__9,valve1,0,Volume Flow RateRMS,level,ewc,raw,574,402,0,,,,,,,1,no_spread,,,,,,,,,,
skab_labelled_onset,valve1__9,valve1,0,Volume Flow RateRMS,level,hac,adjusted,574,402,6,,,,,,,1,no_spread,,,,,,,,,,
skab_labelled_onset,valve1__9,valve1,0,Volume Flow RateRMS,level,hac,raw,574,402,0,,,,,,,1,no_spread,,,,,,,,,,
skab_labelled_onset,valve1__9,valve1,0,Volume Flow RateRMS,level,naive,adjusted,574,402,6,,,,,,,1,no_spread,,,,,,,,,,
skab_labelled_onset,valve1__9,valve1,0,Volume Flow RateRMS,level,naive,raw,574,402,0,,,,,,,1,no_spread,,,,,,,,,,
skab_labelled_onset,valve1__9,valve1,0,Volume Flow RateRMS,spread,block_bootstrap,adjusted,574,402,6,,,,,,,1,no_spread,,,,,,,,,,
skab_labelled_onset,valve1__9,valve1,0,Volume Flow RateRMS,spread,block_bootstrap,raw,574,402,0,,,,,,,1,no_spread,,,,,,,,,,
skab_labelled_onset,valve1__9,valve1,0,Volume Flow RateRMS,spread,naive,adjusted,574,402,6,,,,,,,1,no_spread,,,,,,,,,,
skab_labelled_onset,valve1__9,valve1,0,Volume Flow RateRMS,spread,naive,raw,574,402,0,,,,,,,1,no_spread,,,,,,,,,,
skab_labelled_onset,valve2__0,valve2,0,Accelerometer1RMS,level,block_bootstrap,adjusted,562,394,6,,,,,,,1,covariate_outside,,,,,,1,1,,,
skab_labelled_onset,valve2__0,valve2,0,Accelerometer1RMS,level,block_bootstrap,raw,562,394,0,0.2809,0.0686,0.4619,0.3933,0.02,1,0,,1.7969,0.2352,0.3061,5.9352,0,,,0,,
skab_labelled_onset,valve2__0,valve2,0,Accelerometer1RMS,level,ewc,adjusted,562,394,6,,,,,,,1,covariate_outside,,,,,,1,1,,,
skab_labelled_onset,valve2__0,valve2,0,Accelerometer1RMS,level,ewc,raw,562,394,0,0.2809,0.0471,0.5147,0.4676,0.02,1,0,,1.7969,0.2352,0.3061,5.9352,0,,,0,,
skab_labelled_onset,valve2__0,valve2,0,Accelerometer1RMS,level,hac,adjusted,562,394,6,,,,,,,1,covariate_outside,,,,,,1,1,,,
skab_labelled_onset,valve2__0,valve2,0,Accelerometer1RMS,level,hac,raw,562,394,0,0.2809,0.1095,0.4523,0.3428,0.0013,1,0,,1.7969,0.2352,0.3061,5.9352,0,,,0,,
skab_labelled_onset,valve2__0,valve2,0,Accelerometer1RMS,level,naive,adjusted,562,394,6,,,,,,,1,covariate_outside,,,,,,1,1,,,
skab_labelled_onset,valve2__0,valve2,0,Accelerometer1RMS,level,naive,raw,562,394,0,0.2809,0.1291,0.4327,0.3036,0.0003,1,0,,1.7969,0.2352,0.3061,5.9352,0,,,0,,
skab_labelled_onset,valve2__0,valve2,0,Accelerometer1RMS,spread,block_bootstrap,adjusted,562,394,6,,,,,,,1,covariate_outside,,,,,,1,1,,,
skab_labelled_onset,valve2__0,valve2,0,Accelerometer1RMS,spread,block_bootstrap,raw,562,394,0,0.2543,0.0983,0.3015,0.2032,0.0,1,0,,1.7969,0.2352,0.3061,5.9352,0,,,0,,
skab_labelled_onset,valve2__0,valve2,0,Accelerometer1RMS,spread,naive,adjusted,562,394,6,,,,,,,1,covariate_outside,,,,,,1,1,,,
skab_labelled_onset,valve2__0,valve2,0,Accelerometer1RMS,spread,naive,raw,562,394,0,0.2543,0.1631,0.3455,0.1823,0.0,1,0,,1.7969,0.2352,0.3061,5.9352,0,,,0,,
skab_labelled_onset,valve2__0,valve2,0,Accelerometer2RMS,level,block_bootstrap,adjusted,562,394,6,,,,,,,1,covariate_outside,,,,,,1,1,,,
skab_labelled_onset,valve2__0,valve2,0,Accelerometer2RMS,level,block_bootstrap,raw,562,394,0,0.7517,0.5379,0.9512,0.4132,0.0,1,0,,-2.4255,0.3587,0.5128,8.2992,1,,,0,,
skab_labelled_onset,valve2__0,valve2,0,Accelerometer2RMS,level,ewc,adjusted,562,394,6,,,,,,,1,covariate_outside,,,,,,1,1,,,
skab_labelled_onset,valve2__0,valve2,0,Accelerometer2RMS,level,ewc,raw,562,394,0,0.7517,0.5054,0.9979,0.4925,0.0,1,0,,-2.4255,0.3587,0.5128,8.2992,1,,,0,,
skab_labelled_onset,valve2__0,valve2,0,Accelerometer2RMS,level,hac,adjusted,562,394,6,,,,,,,1,covariate_outside,,,,,,1,1,,,
skab_labelled_onset,valve2__0,valve2,0,Accelerometer2RMS,level,hac,raw,562,394,0,0.7517,0.5505,0.9528,0.4023,0.0,1,0,,-2.4255,0.3587,0.5128,8.2992,1,,,0,,
skab_labelled_onset,valve2__0,valve2,0,Accelerometer2RMS,level,naive,adjusted,562,394,6,,,,,,,1,covariate_outside,,,,,,1,1,,,
skab_labelled_onset,valve2__0,valve2,0,Accelerometer2RMS,level,naive,raw,562,394,0,0.7517,0.6223,0.881,0.2587,0.0,1,0,,-2.4255,0.3587,0.5128,8.2992,1,,,0,,
skab_labelled_onset,valve2__0,valve2,0,Accelerometer2RMS,spread,block_bootstrap,adjusted,562,394,6,,,,,,,1,covariate_outside,,,,,,1,1,,,
skab_labelled_onset,valve2__0,valve2,0,Accelerometer2RMS,spread,block_bootstrap,raw,562,394,0,0.0072,-0.1159,0.0933,0.2092,0.98,0,0,,-2.4255,0.3587,0.5128,8.2992,1,,,0,,
skab_labelled_onset,valve2__0,valve2,0,Accelerometer2RMS,spread,naive,adjusted,562,394,6,,,,,,,1,covariate_outside,,,,,,1,1,,,
skab_labelled_onset,valve2__0,valve2,0,Accelerometer2RMS,spread,naive,raw,562,394,0,0.0072,-0.084,0.0984,0.1823,0.8768,0,0,,-2.4255,0.3587,0.5128,8.2992,1,,,0,,
skab_labelled_onset,valve2__0,valve2,0,Current,level,block_bootstrap,adjusted,562,394,6,,,,,,,1,covariate_outside,,,,,,1,1,,,
skab_labelled_onset,valve2__0,valve2,0,Current,level,block_bootstrap,raw,562,394,0,0.0128,-0.2762,0.2908,0.567,0.93,0,0,,-0.248,0.4334,0.3663,9.8645,0,,,0,,
skab_labelled_onset,valve2__0,valve2,0,Current,level,ewc,adjusted,562,394,6,,,,,,,1,covariate_outside,,,,,,1,1,,,
skab_labelled_onset,valve2__0,valve2,0,Current,level,ewc,raw,562,394,0,0.0128,-0.3844,0.4101,0.7946,0.9483,0,0,,-0.248,0.4334,0.3663,9.8645,0,,,0,,
skab_labelled_onset,valve2__0,valve2,0,Current,level,hac,adjusted,562,394,6,,,,,,,1,covariate_outside,,,,,,1,1,,,
skab_labelled_onset,valve2__0,valve2,0,Current,level,hac,raw,562,394,0,0.0128,-0.2468,0.2724,0.5192,0.9227,0,0,,-0.248,0.4334,0.3663,9.8645,0,,,0,,
skab_labelled_onset,valve2__0,valve2,0,Current,level,naive,adjusted,562,394,6,,,,,,,1,covariate_outside,,,,,,1,1,,,
skab_labelled_onset,valve2__0,valve2,0,Current,level,naive,raw,562,394,0,0.0128,-0.1189,0.1446,0.2635,0.8484,0,0,,-0.248,0.4334,0.3663,9.8645,0,,,0,,
skab_labelled_onset,valve2__0,valve2,0,Current,spread,block_bootstrap,adjusted,562,394,6,,,,,,,1,covariate_outside,,,,,,1,1,,,
skab_labelled_onset,valve2__0,valve2,0,Current,spread,block_bootstrap,raw,562,394,0,0.0379,-0.027,0.1265,0.1536,0.27,0,0,,-0.248,0.4334,0.3663,9.8645,0,,,0,,
skab_labelled_onset,valve2__0,valve2,0,Current,spread,naive,adjusted,562,394,6,,,,,,,1,covariate_outside,,,,,,1,1,,,
skab_labelled_onset,valve2__0,valve2,0,Current,spread,naive,raw,562,394,0,0.0379,-0.0532,0.1291,0.1823,0.4146,0,0,,-0.248,0.4334,0.3663,9.8645,0,,,0,,
skab_labelled_onset,valve2__0,valve2,0,Pressure,level,block_bootstrap,adjusted,562,394,7,,,,,,,1,no_spread,,,,,,,,,,
skab_labelled_onset,valve2__0,valve2,0,Pressure,level,block_bootstrap,raw,562,394,0,,,,,,,1,no_spread,,,,,,,,,,
skab_labelled_onset,valve2__0,valve2,0,Pressure,level,ewc,adjusted,562,394,7,,,,,,,1,no_spread,,,,,,,,,,
skab_labelled_onset,valve2__0,valve2,0,Pressure,level,ewc,raw,562,394,0,,,,,,,1,no_spread,,,,,,,,,,
skab_labelled_onset,valve2__0,valve2,0,Pressure,level,hac,adjusted,562,394,7,,,,,,,1,no_spread,,,,,,,,,,
skab_labelled_onset,valve2__0,valve2,0,Pressure,level,hac,raw,562,394,0,,,,,,,1,no_spread,,,,,,,,,,
skab_labelled_onset,valve2__0,valve2,0,Pressure,level,naive,adjusted,562,394,7,,,,,,,1,no_spread,,,,,,,,,,
skab_labelled_onset,valve2__0,valve2,0,Pressure,level,naive,raw,562,394,0,,,,,,,1,no_spread,,,,,,,,,,
skab_labelled_onset,valve2__0,valve2,0,Pressure,spread,block_bootstrap,adjusted,562,394,7,,,,,,,1,no_spread,,,,,,,,,,
skab_labelled_onset,valve2__0,valve2,0,Pressure,spread,block_bootstrap,raw,562,394,0,,,,,,,1,no_spread,,,,,,,,,,
skab_labelled_onset,valve2__0,valve2,0,Pressure,spread,naive,adjusted,562,394,7,,,,,,,1,no_spread,,,,,,,,,,
skab_labelled_onset,valve2__0,valve2,0,Pressure,spread,naive,raw,562,394,0,,,,,,,1,no_spread,,,,,,,,,,
skab_labelled_onset,valve2__0,valve2,0,Temperature,level,block_bootstrap,adjusted,562,394,6,,,,,,,1,covariate_outside,,,,,,1,1,,,
skab_labelled_onset,valve2__0,valve2,0,Temperature,level,block_bootstrap,raw,562,394,0,-2.9909,-4.8086,-1.2819,3.5267,0.0,1,0,,9.3024,0.9129,0.9975,46.5903,1,,,1,,
skab_labelled_onset,valve2__0,valve2,0,Temperature,level,ewc,adjusted,562,394,6,,,,,,,1,covariate_outside,,,,,,1,1,,,
skab_labelled_onset,valve2__0,valve2,0,Temperature,level,ewc,raw,562,394,0,-2.9909,-5.592,-0.3899,5.2021,0.0261,1,0,,9.3024,0.9129,0.9975,46.5903,1,,,1,,
skab_labelled_onset,valve2__0,valve2,0,Temperature,level,hac,adjusted,562,394,6,,,,,,,1,covariate_outside,,,,,,1,1,,,
skab_labelled_onset,valve2__0,valve2,0,Temperature,level,hac,raw,562,394,0,-2.9909,-7.6153,1.6334,9.2487,0.2049,0,0,,9.3024,0.9129,0.9975,46.5903,1,,,1,,
skab_labelled_onset,valve2__0,valve2,0,Temperature,level,naive,adjusted,562,394,6,,,,,,,1,covariate_outside,,,,,,1,1,,,
skab_labelled_onset,valve2__0,valve2,0,Temperature,level,naive,raw,562,394,0,-2.9909,-3.5597,-2.4222,1.1375,0.0,1,0,,9.3024,0.9129,0.9975,46.5903,1,,,1,,
skab_labelled_onset,valve2__0,valve2,0,Temperature,spread,block_bootstrap,adjusted,562,394,6,,,,,,,1,covariate_outside,,,,,,1,1,,,
skab_labelled_onset,valve2__0,valve2,0,Temperature,spread,block_bootstrap,raw,562,394,0,1.7402,1.5397,1.9903,0.4506,0.0,1,0,,9.3024,0.9129,0.9975,46.5903,1,,,1,,
skab_labelled_onset,valve2__0,valve2,0,Temperature,spread,naive,adjusted,562,394,6,,,,,,,1,covariate_outside,,,,,,1,1,,,
skab_labelled_onset,valve2__0,valve2,0,Temperature,spread,naive,raw,562,394,0,1.7402,1.6491,1.8314,0.1823,0.0,1,0,,9.3024,0.9129,0.9975,46.5903,1,,,1,,
skab_labelled_onset,valve2__0,valve2,0,Thermocouple,level,block_bootstrap,adjusted,562,394,6,-3.1752,-4.0878,-2.2804,1.8074,0.0,1,0,,-1.0066,0.8965,0.983,41.2707,0,0,1,1,0.0755,3.4834
skab_labelled_onset,valve2__0,valve2,0,Thermocouple,level,block_bootstrap,raw,562,394,0,-2.5635,-3.1103,-2.0404,1.0699,0.0,1,0,,-2.1741,0.9233,0.9533,50.9224,1,,,1,,
skab_labelled_onset,valve2__0,valve2,0,Thermocouple,level,ewc,adjusted,562,394,6,-3.1752,-4.3999,-1.9506,2.4493,0.0,1,0,,-1.0066,0.8965,0.983,41.2707,0,0,1,1,0.0755,3.4834
skab_labelled_onset,valve2__0,valve2,0,Thermocouple,level,ewc,raw,562,394,0,-2.5635,-3.2762,-1.8508,1.4254,0.0,1,0,,-2.1741,0.9233,0.9533,50.9224,1,,,1,,
skab_labelled_onset,valve2__0,valve2,0,Thermocouple,level,hac,adjusted,562,394,6,-3.1752,-5.6853,-0.6652,5.0201,0.0132,1,0,,-1.0066,0.8965,0.983,41.2707,0,0,1,1,0.0755,3.4834
skab_labelled_onset,valve2__0,valve2,0,Thermocouple,level,hac,raw,562,394,0,-2.5635,-3.6794,-1.4476,2.2318,0.0,1,0,,-2.1741,0.9233,0.9533,50.9224,1,,,1,,
skab_labelled_onset,valve2__0,valve2,0,Thermocouple,level,naive,adjusted,562,394,6,-3.1752,-3.447,-2.9035,0.5434,0.0,1,0,,-1.0066,0.8965,0.983,41.2707,0,0,1,1,0.0755,3.4834
skab_labelled_onset,valve2__0,valve2,0,Thermocouple,level,naive,raw,562,394,0,-2.5635,-2.7254,-2.4016,0.3238,0.0,1,0,,-2.1741,0.9233,0.9533,50.9224,1,,,1,,
skab_labelled_onset,valve2__0,valve2,0,Thermocouple,spread,block_bootstrap,adjusted,562,394,6,1.0067,0.7735,1.2055,0.432,0.0,1,0,,-1.0066,0.8965,0.983,41.2707,0,0,1,1,0.0755,3.4834
skab_labelled_onset,valve2__0,valve2,0,Thermocouple,spread,block_bootstrap,raw,562,394,0,0.3435,0.0891,0.53,0.4409,0.01,1,0,,-2.1741,0.9233,0.9533,50.9224,1,,,1,,
skab_labelled_onset,valve2__0,valve2,0,Thermocouple,spread,naive,adjusted,562,394,6,1.0067,0.9156,1.0979,0.1823,0.0,1,0,,-1.0066,0.8965,0.983,41.2707,0,0,1,1,0.0755,3.4834
skab_labelled_onset,valve2__0,valve2,0,Thermocouple,spread,naive,raw,562,394,0,0.3435,0.2523,0.4347,0.1823,0.0,1,0,,-2.1741,0.9233,0.9533,50.9224,1,,,1,,
skab_labelled_onset,valve2__0,valve2,0,Voltage,level,block_bootstrap,adjusted,562,394,6,,,,,,,1,covariate_outside,,,,,,1,1,,,
skab_labelled_onset,valve2__0,valve2,0,Voltage,level,block_bootstrap,raw,562,394,0,-0.0125,-0.1545,0.1243,0.2788,0.82,0,0,,0.2316,-0.0762,0.0615,2.7052,0,,,0,,
skab_labelled_onset,valve2__0,valve2,0,Voltage,level,ewc,adjusted,562,394,6,,,,,,,1,covariate_outside,,,,,,1,1,,,
skab_labelled_onset,valve2__0,valve2,0,Voltage,level,ewc,raw,562,394,0,-0.0125,-0.1647,0.1397,0.3044,0.8688,0,0,,0.2316,-0.0762,0.0615,2.7052,0,,,0,,
skab_labelled_onset,valve2__0,valve2,0,Voltage,level,hac,adjusted,562,394,6,,,,,,,1,covariate_outside,,,,,,1,1,,,
skab_labelled_onset,valve2__0,valve2,0,Voltage,level,hac,raw,562,394,0,-0.0125,-0.1493,0.1243,0.2736,0.8579,0,0,,0.2316,-0.0762,0.0615,2.7052,0,,,0,,
skab_labelled_onset,valve2__0,valve2,0,Voltage,level,naive,adjusted,562,394,6,,,,,,,1,covariate_outside,,,,,,1,1,,,
skab_labelled_onset,valve2__0,valve2,0,Voltage,level,naive,raw,562,394,0,-0.0125,-0.1494,0.1244,0.2738,0.858,0,0,,0.2316,-0.0762,0.0615,2.7052,0,,,0,,
skab_labelled_onset,valve2__0,valve2,0,Voltage,spread,block_bootstrap,adjusted,562,394,6,,,,,,,1,covariate_outside,,,,,,1,1,,,
skab_labelled_onset,valve2__0,valve2,0,Voltage,spread,block_bootstrap,raw,562,394,0,0.0997,0.0195,0.1841,0.1646,0.02,1,0,,0.2316,-0.0762,0.0615,2.7052,0,,,0,,
skab_labelled_onset,valve2__0,valve2,0,Voltage,spread,naive,adjusted,562,394,6,,,,,,,1,covariate_outside,,,,,,1,1,,,
skab_labelled_onset,valve2__0,valve2,0,Voltage,spread,naive,raw,562,394,0,0.0997,0.0086,0.1909,0.1823,0.032,1,0,,0.2316,-0.0762,0.0615,2.7052,0,,,0,,
skab_labelled_onset,valve2__0,valve2,0,Volume Flow RateRMS,level,block_bootstrap,adjusted,562,394,6,,,,,,,1,covariate_outside,,,,,,1,1,,,
skab_labelled_onset,valve2__0,valve2,0,Volume Flow RateRMS,level,block_bootstrap,raw,562,394,0,-1.5787,-1.7036,-1.4875,0.216,0.0,1,0,,-4.9293,-0.2614,-0.2966,6.4276,1,,,0,,
skab_labelled_onset,valve2__0,valve2,0,Volume Flow RateRMS,level,ewc,adjusted,562,394,6,,,,,,,1,covariate_outside,,,,,,1,1,,,
skab_labelled_onset,valve2__0,valve2,0,Volume Flow RateRMS,level,ewc,raw,562,394,0,-1.5787,-1.7021,-1.4552,0.2469,0.0,1,0,,-4.9293,-0.2614,-0.2966,6.4276,1,,,0,,
skab_labelled_onset,valve2__0,valve2,0,Volume Flow RateRMS,level,hac,adjusted,562,394,6,,,,,,,1,covariate_outside,,,,,,1,1,,,
skab_labelled_onset,valve2__0,valve2,0,Volume Flow RateRMS,level,hac,raw,562,394,0,-1.5787,-1.6889,-1.4684,0.2205,0.0,1,0,,-4.9293,-0.2614,-0.2966,6.4276,1,,,0,,
skab_labelled_onset,valve2__0,valve2,0,Volume Flow RateRMS,level,naive,adjusted,562,394,6,,,,,,,1,covariate_outside,,,,,,1,1,,,
skab_labelled_onset,valve2__0,valve2,0,Volume Flow RateRMS,level,naive,raw,562,394,0,-1.5787,-1.7121,-1.4453,0.2668,0.0,1,0,,-4.9293,-0.2614,-0.2966,6.4276,1,,,0,,
skab_labelled_onset,valve2__0,valve2,0,Volume Flow RateRMS,spread,block_bootstrap,adjusted,562,394,6,,,,,,,1,covariate_outside,,,,,,1,1,,,
skab_labelled_onset,valve2__0,valve2,0,Volume Flow RateRMS,spread,block_bootstrap,raw,562,394,0,0.0584,0.0143,0.0985,0.0841,0.01,1,0,,-4.9293,-0.2614,-0.2966,6.4276,1,,,0,,
skab_labelled_onset,valve2__0,valve2,0,Volume Flow RateRMS,spread,naive,adjusted,562,394,6,,,,,,,1,covariate_outside,,,,,,1,1,,,
skab_labelled_onset,valve2__0,valve2,0,Volume Flow RateRMS,spread,naive,raw,562,394,0,0.0584,-0.0327,0.1496,0.1823,0.2089,0,0,,-4.9293,-0.2614,-0.2966,6.4276,1,,,0,,
skab_labelled_onset,valve2__1,valve2,0,Accelerometer1RMS,level,block_bootstrap,adjusted,560,333,6,,,,,,,1,covariate_outside,,,,,,1,1,,,
skab_labelled_onset,valve2__1,valve2,0,Accelerometer1RMS,level,block_bootstrap,raw,560,333,0,0.0962,-0.0735,0.2794,0.353,0.26,0,0,,-4.7761,0.1961,0.3485,5.1889,1,,,0,,
skab_labelled_onset,valve2__1,valve2,0,Accelerometer1RMS,level,ewc,adjusted,560,333,6,,,,,,,1,covariate_outside,,,,,,1,1,,,
skab_labelled_onset,valve2__1,valve2,0,Accelerometer1RMS,level,ewc,raw,560,333,0,0.0962,-0.1388,0.3313,0.4702,0.4138,0,0,,-4.7761,0.1961,0.3485,5.1889,1,,,0,,
skab_labelled_onset,valve2__1,valve2,0,Accelerometer1RMS,level,hac,adjusted,560,333,6,,,,,,,1,covariate_outside,,,,,,1,1,,,
skab_labelled_onset,valve2__1,valve2,0,Accelerometer1RMS,level,hac,raw,560,333,0,0.0962,-0.0762,0.2687,0.3449,0.2739,0,0,,-4.7761,0.1961,0.3485,5.1889,1,,,0,,
skab_labelled_onset,valve2__1,valve2,0,Accelerometer1RMS,level,naive,adjusted,560,333,6,,,,,,,1,covariate_outside,,,,,,1,1,,,
skab_labelled_onset,valve2__1,valve2,0,Accelerometer1RMS,level,naive,raw,560,333,0,0.0962,-0.0374,0.2299,0.2672,0.158,0,0,,-4.7761,0.1961,0.3485,5.1889,1,,,0,,
skab_labelled_onset,valve2__1,valve2,0,Accelerometer1RMS,spread,block_bootstrap,adjusted,560,333,6,,,,,,,1,covariate_outside,,,,,,1,1,,,
skab_labelled_onset,valve2__1,valve2,0,Accelerometer1RMS,spread,block_bootstrap,raw,560,333,0,-0.0242,-0.135,0.0372,0.1722,0.32,0,0,,-4.7761,0.1961,0.3485,5.1889,1,,,0,,
skab_labelled_onset,valve2__1,valve2,0,Accelerometer1RMS,spread,naive,adjusted,560,333,6,,,,,,,1,covariate_outside,,,,,,1,1,,,
skab_labelled_onset,valve2__1,valve2,0,Accelerometer1RMS,spread,naive,raw,560,333,0,-0.0242,-0.1203,0.0718,0.1921,0.6209,0,0,,-4.7761,0.1961,0.3485,5.1889,1,,,0,,
skab_labelled_onset,valve2__1,valve2,0,Accelerometer2RMS,level,block_bootstrap,adjusted,560,333,6,,,,,,,1,covariate_outside,,,,,,1,1,,,
skab_labelled_onset,valve2__1,valve2,0,Accelerometer2RMS,level,block_bootstrap,raw,560,333,0,0.1396,-0.0576,0.3446,0.4023,0.16,0,0,,-1.0636,0.2877,0.7071,6.9137,0,,,0,,
skab_labelled_onset,valve2__1,valve2,0,Accelerometer2RMS,level,ewc,adjusted,560,333,6,,,,,,,1,covariate_outside,,,,,,1,1,,,
skab_labelled_onset,valve2__1,valve2,0,Accelerometer2RMS,level,ewc,raw,560,333,0,0.1396,-0.0983,0.3775,0.4758,0.2432,0,0,,-1.0636,0.2877,0.7071,6.9137,0,,,0,,
skab_labelled_onset,valve2__1,valve2,0,Accelerometer2RMS,level,hac,adjusted,560,333,6,,,,,,,1,covariate_outside,,,,,,1,1,,,
skab_labelled_onset,valve2__1,valve2,0,Accelerometer2RMS,level,hac,raw,560,333,0,0.1396,-0.0579,0.337,0.3949,0.1659,0,0,,-1.0636,0.2877,0.7071,6.9137,0,,,0,,
skab_labelled_onset,valve2__1,valve2,0,Accelerometer2RMS,level,naive,adjusted,560,333,6,,,,,,,1,covariate_outside,,,,,,1,1,,,
skab_labelled_onset,valve2__1,valve2,0,Accelerometer2RMS,level,naive,raw,560,333,0,0.1396,-0.0023,0.2814,0.2837,0.0538,0,0,,-1.0636,0.2877,0.7071,6.9137,0,,,0,,
skab_labelled_onset,valve2__1,valve2,0,Accelerometer2RMS,spread,block_bootstrap,adjusted,560,333,6,,,,,,,1,covariate_outside,,,,,,1,1,,,
skab_labelled_onset,valve2__1,valve2,0,Accelerometer2RMS,spread,block_bootstrap,raw,560,333,0,0.0696,-0.023,0.1773,0.2003,0.13,0,0,,-1.0636,0.2877,0.7071,6.9137,0,,,0,,
skab_labelled_onset,valve2__1,valve2,0,Accelerometer2RMS,spread,naive,adjusted,560,333,6,,,,,,,1,covariate_outside,,,,,,1,1,,,
skab_labelled_onset,valve2__1,valve2,0,Accelerometer2RMS,spread,naive,raw,560,333,0,0.0696,-0.0264,0.1657,0.1921,0.1552,0,0,,-1.0636,0.2877,0.7071,6.9137,0,,,0,,
skab_labelled_onset,valve2__1,valve2,0,Current,level,block_bootstrap,adjusted,560,333,6,,,,,,,1,covariate_outside,,,,,,1,1,,,
skab_labelled_onset,valve2__1,valve2,0,Current,level,block_bootstrap,raw,560,333,0,-0.1369,-0.3675,0.1345,0.502,0.32,0,0,,0.828,0.4338,0.3509,9.8629,0,,,0,,
skab_labelled_onset,valve2__1,valve2,0,Current,level,ewc,adjusted,560,333,6,,,,,,,1,covariate_outside,,,,,,1,1,,,
skab_labelled_onset,valve2__1,valve2,0,Current,level,ewc,raw,560,333,0,-0.1369,-0.5065,0.2326,0.7391,0.459,0,0,,0.828,0.4338,0.3509,9.8629,0,,,0,,
skab_labelled_onset,valve2__1,valve2,0,Current,level,hac,adjusted,560,333,6,,,,,,,1,covariate_outside,,,,,,1,1,,,
skab_labelled_onset,valve2__1,valve2,0,Current,level,hac,raw,560,333,0,-0.1369,-0.3873,0.1134,0.5007,0.2837,0,0,,0.828,0.4338,0.3509,9.8629,0,,,0,,
skab_labelled_onset,valve2__1,valve2,0,Current,level,naive,adjusted,560,333,6,,,,,,,1,covariate_outside,,,,,,1,1,,,
skab_labelled_onset,valve2__1,valve2,0,Current,level,naive,raw,560,333,0,-0.1369,-0.2698,-0.004,0.2658,0.0434,1,0,,0.828,0.4338,0.3509,9.8629,0,,,0,,
skab_labelled_onset,valve2__1,valve2,0,Current,spread,block_bootstrap,adjusted,560,333,6,,,,,,,1,covariate_outside,,,,,,1,1,,,
skab_labelled_onset,valve2__1,valve2,0,Current,spread,block_bootstrap,raw,560,333,0,-0.0331,-0.1303,0.0391,0.1694,0.32,0,0,,0.828,0.4338,0.3509,9.8629,0,,,0,,
skab_labelled_onset,valve2__1,valve2,0,Current,spread,naive,adjusted,560,333,6,,,,,,,1,covariate_outside,,,,,,1,1,,,
skab_labelled_onset,valve2__1,valve2,0,Current,spread,naive,raw,560,333,0,-0.0331,-0.1291,0.0629,0.1921,0.4996,0,0,,0.828,0.4338,0.3509,9.8629,0,,,0,,
skab_labelled_onset,valve2__1,valve2,0,Pressure,level,block_bootstrap,adjusted,560,333,7,,,,,,,1,no_spread,,,,,,,,,,
skab_labelled_onset,valve2__1,valve2,0,Pressure,level,block_bootstrap,raw,560,333,0,,,,,,,1,no_spread,,,,,,,,,,
skab_labelled_onset,valve2__1,valve2,0,Pressure,level,ewc,adjusted,560,333,7,,,,,,,1,no_spread,,,,,,,,,,
skab_labelled_onset,valve2__1,valve2,0,Pressure,level,ewc,raw,560,333,0,,,,,,,1,no_spread,,,,,,,,,,
skab_labelled_onset,valve2__1,valve2,0,Pressure,level,hac,adjusted,560,333,7,,,,,,,1,no_spread,,,,,,,,,,
skab_labelled_onset,valve2__1,valve2,0,Pressure,level,hac,raw,560,333,0,,,,,,,1,no_spread,,,,,,,,,,
skab_labelled_onset,valve2__1,valve2,0,Pressure,level,naive,adjusted,560,333,7,,,,,,,1,no_spread,,,,,,,,,,
skab_labelled_onset,valve2__1,valve2,0,Pressure,level,naive,raw,560,333,0,,,,,,,1,no_spread,,,,,,,,,,
skab_labelled_onset,valve2__1,valve2,0,Pressure,spread,block_bootstrap,adjusted,560,333,7,,,,,,,1,no_spread,,,,,,,,,,
skab_labelled_onset,valve2__1,valve2,0,Pressure,spread,block_bootstrap,raw,560,333,0,,,,,,,1,no_spread,,,,,,,,,,
skab_labelled_onset,valve2__1,valve2,0,Pressure,spread,naive,adjusted,560,333,7,,,,,,,1,no_spread,,,,,,,,,,
skab_labelled_onset,valve2__1,valve2,0,Pressure,spread,naive,raw,560,333,0,,,,,,,1,no_spread,,,,,,,,,,
skab_labelled_onset,valve2__1,valve2,0,Temperature,level,block_bootstrap,adjusted,560,333,6,,,,,,,1,covariate_outside,,,,,,1,1,,,
skab_labelled_onset,valve2__1,valve2,0,Temperature,level,block_bootstrap,raw,560,333,0,0.2582,-0.0399,0.633,0.6729,0.13,0,0,,-1.9839,0.9814,0.9846,133.4747,1,,,1,,
skab_labelled_onset,valve2__1,valve2,0,Temperature,level,ewc,adjusted,560,333,6,,,,,,,1,covariate_outside,,,,,,1,1,,,
skab_labelled_onset,valve2__1,valve2,0,Temperature,level,ewc,raw,560,333,0,0.2582,-0.2797,0.7961,1.0758,0.3388,0,0,,-1.9839,0.9814,0.9846,133.4747,1,,,1,,
skab_labelled_onset,valve2__1,valve2,0,Temperature,level,hac,adjusted,560,333,6,,,,,,,1,covariate_outside,,,,,,1,1,,,
skab_labelled_onset,valve2__1,valve2,0,Temperature,level,hac,raw,560,333,0,0.2582,-0.6749,1.1913,1.8662,0.5876,0,0,,-1.9839,0.9814,0.9846,133.4747,1,,,1,,
skab_labelled_onset,valve2__1,valve2,0,Temperature,level,naive,adjusted,560,333,6,,,,,,,1,covariate_outside,,,,,,1,1,,,
skab_labelled_onset,valve2__1,valve2,0,Temperature,level,naive,raw,560,333,0,0.2582,0.1366,0.3798,0.2432,0.0,1,0,,-1.9839,0.9814,0.9846,133.4747,1,,,1,,
skab_labelled_onset,valve2__1,valve2,0,Temperature,spread,block_bootstrap,adjusted,560,333,6,,,,,,,1,covariate_outside,,,,,,1,1,,,
skab_labelled_onset,valve2__1,valve2,0,Temperature,spread,block_bootstrap,raw,560,333,0,-0.1875,-0.6653,0.0435,0.7087,0.12,0,0,,-1.9839,0.9814,0.9846,133.4747,1,,,1,,
skab_labelled_onset,valve2__1,valve2,0,Temperature,spread,naive,adjusted,560,333,6,,,,,,,1,covariate_outside,,,,,,1,1,,,
skab_labelled_onset,valve2__1,valve2,0,Temperature,spread,naive,raw,560,333,0,-0.1875,-0.2835,-0.0914,0.1921,0.0001,1,0,,-1.9839,0.9814,0.9846,133.4747,1,,,1,,
skab_labelled_onset,valve2__1,valve2,0,Thermocouple,level,block_bootstrap,adjusted,560,333,6,,,,,,,1,covariate_outside,,,,,,1,1,,,
skab_labelled_onset,valve2__1,valve2,0,Thermocouple,level,block_bootstrap,raw,560,333,0,-0.9721,-1.3216,-0.6308,0.6909,0.0,1,0,,-1.526,0.9071,0.802,44.4933,0,,,0,,
skab_labelled_onset,valve2__1,valve2,0,Thermocouple,level,ewc,adjusted,560,333,6,,,,,,,1,covariate_outside,,,,,,1,1,,,
skab_labelled_onset,valve2__1,valve2,0,Thermocouple,level,ewc,raw,560,333,0,-0.9721,-1.4338,-0.5104,0.9234,0.0001,1,0,,-1.526,0.9071,0.802,44.4933,0,,,0,,
skab_labelled_onset,valve2__1,valve2,0,Thermocouple,level,hac,adjusted,560,333,6,,,,,,,1,covariate_outside,,,,,,1,1,,,
skab_labelled_onset,valve2__1,valve2,0,Thermocouple,level,hac,raw,560,333,0,-0.9721,-1.5065,-0.4377,1.0688,0.0004,1,0,,-1.526,0.9071,0.802,44.4933,0,,,0,,
skab_labelled_onset,valve2__1,valve2,0,Thermocouple,level,naive,adjusted,560,333,6,,,,,,,1,covariate_outside,,,,,,1,1,,,
skab_labelled_onset,valve2__1,valve2,0,Thermocouple,level,naive,raw,560,333,0,-0.9721,-1.0832,-0.861,0.2222,0.0,1,0,,-1.526,0.9071,0.802,44.4933,0,,,0,,
skab_labelled_onset,valve2__1,valve2,0,Thermocouple,spread,block_bootstrap,adjusted,560,333,6,,,,,,,1,covariate_outside,,,,,,1,1,,,
skab_labelled_onset,valve2__1,valve2,0,Thermocouple,spread,block_bootstrap,raw,560,333,0,-0.3723,-0.6282,-0.0747,0.5535,0.02,1,0,,-1.526,0.9071,0.802,44.4933,0,,,0,,
skab_labelled_onset,valve2__1,valve2,0,Thermocouple,spread,naive,adjusted,560,333,6,,,,,,,1,covariate_outside,,,,,,1,1,,,
skab_labelled_onset,valve2__1,valve2,0,Thermocouple,spread,naive,raw,560,333,0,-0.3723,-0.4683,-0.2763,0.1921,0.0,1,0,,-1.526,0.9071,0.802,44.4933,0,,,0,,
skab_labelled_onset,valve2__1,valve2,0,Voltage,level,block_bootstrap,adjusted,560,333,6,,,,,,,1,covariate_outside,,,,,,1,1,,,
skab_labelled_onset,valve2__1,valve2,0,Voltage,level,block_bootstrap,raw,560,333,0,-0.0383,-0.1583,0.1039,0.2622,0.79,0,0,,0.3171,0.0094,-0.0193,0.6659,0,,,0,,
skab_labelled_onset,valve2__1,valve2,0,Voltage,level,ewc,adjusted,560,333,6,,,,,,,1,covariate_outside,,,,,,1,1,,,
skab_labelled_onset,valve2__1,valve2,0,Voltage,level,ewc,raw,560,333,0,-0.0383,-0.1656,0.089,0.2546,0.5459,0,0,,0.3171,0.0094,-0.0193,0.6659,0,,,0,,
skab_labelled_onset,valve2__1,valve2,0,Voltage,level,hac,adjusted,560,333,6,,,,,,,1,covariate_outside,,,,,,1,1,,,
skab_labelled_onset,valve2__1,valve2,0,Voltage,level,hac,raw,560,333,0,-0.0383,-0.1736,0.097,0.2705,0.5791,0,0,,0.3171,0.0094,-0.0193,0.6659,0,,,0,,
skab_labelled_onset,valve2__1,valve2,0,Voltage,level,naive,adjusted,560,333,6,,,,,,,1,covariate_outside,,,,,,1,1,,,
skab_labelled_onset,valve2__1,valve2,0,Voltage,level,naive,raw,560,333,0,-0.0383,-0.1737,0.0972,0.2709,0.5796,0,0,,0.3171,0.0094,-0.0193,0.6659,0,,,0,,
skab_labelled_onset,valve2__1,valve2,0,Voltage,spread,block_bootstrap,adjusted,560,333,6,,,,,,,1,covariate_outside,,,,,,1,1,,,
skab_labelled_onset,valve2__1,valve2,0,Voltage,spread,block_bootstrap,raw,560,333,0,-0.0022,-0.0992,0.0729,0.1721,0.9,0,0,,0.3171,0.0094,-0.0193,0.6659,0,,,0,,
skab_labelled_onset,valve2__1,valve2,0,Voltage,spread,naive,adjusted,560,333,6,,,,,,,1,covariate_outside,,,,,,1,1,,,
skab_labelled_onset,valve2__1,valve2,0,Voltage,spread,naive,raw,560,333,0,-0.0022,-0.0982,0.0938,0.1921,0.964,0,0,,0.3171,0.0094,-0.0193,0.6659,0,,,0,,
skab_labelled_onset,valve2__1,valve2,0,Volume Flow RateRMS,level,block_bootstrap,adjusted,560,333,6,-4.8067,-5.6559,-4.0308,1.6251,0.0,1,0,,0.2844,-0.2202,0.8383,5.6448,0,0,1,0,0.0022,0.9913
skab_labelled_onset,valve2__1,valve2,0,Volume Flow RateRMS,level,block_bootstrap,raw,560,333,0,-4.8006,-5.6562,-4.0202,1.6359,0.0,1,0,,0.4577,-0.2261,0.8395,5.756,0,,,0,,
skab_labelled_onset,valve2__1,valve2,0,Volume Flow RateRMS,level,ewc,adjusted,560,333,6,-4.8067,-5.976,-3.6375,2.3384,0.0,1,0,,0.2844,-0.2202,0.8383,5.6448,0,0,1,0,0.0022,0.9913
skab_labelled_onset,valve2__1,valve2,0,Volume Flow RateRMS,level,ewc,raw,560,333,0,-4.8006,-5.9758,-3.6255,2.3503,0.0,1,0,,0.4577,-0.2261,0.8395,5.756,0,,,0,,
skab_labelled_onset,valve2__1,valve2,0,Volume Flow RateRMS,level,hac,adjusted,560,333,6,-4.8067,-6.027,-3.5865,2.4404,0.0,1,0,,0.2844,-0.2202,0.8383,5.6448,0,0,1,0,0.0022,0.9913
skab_labelled_onset,valve2__1,valve2,0,Volume Flow RateRMS,level,hac,raw,560,333,0,-4.8006,-6.0297,-3.5715,2.4582,0.0,1,0,,0.4577,-0.2261,0.8395,5.756,0,,,0,,
skab_labelled_onset,valve2__1,valve2,0,Volume Flow RateRMS,level,naive,adjusted,560,333,6,-4.8067,-5.101,-4.5125,0.5885,0.0,1,0,,0.2844,-0.2202,0.8383,5.6448,0,0,1,0,0.0022,0.9913
skab_labelled_onset,valve2__1,valve2,0,Volume Flow RateRMS,level,naive,raw,560,333,0,-4.8006,-5.0961,-4.5051,0.5909,0.0,1,0,,0.4577,-0.2261,0.8395,5.756,0,,,0,,
skab_labelled_onset,valve2__1,valve2,0,Volume Flow RateRMS,spread,block_bootstrap,adjusted,560,333,6,0.9678,0.6602,1.0889,0.4287,0.0,1,0,,0.2844,-0.2202,0.8383,5.6448,0,0,1,0,0.0022,0.9913
skab_labelled_onset,valve2__1,valve2,0,Volume Flow RateRMS,spread,block_bootstrap,raw,560,333,0,0.971,0.666,1.092,0.426,0.0,1,0,,0.4577,-0.2261,0.8395,5.756,0,,,0,,
skab_labelled_onset,valve2__1,valve2,0,Volume Flow RateRMS,spread,naive,adjusted,560,333,6,0.9678,0.8717,1.0638,0.1921,0.0,1,0,,0.2844,-0.2202,0.8383,5.6448,0,0,1,0,0.0022,0.9913
skab_labelled_onset,valve2__1,valve2,0,Volume Flow RateRMS,spread,naive,raw,560,333,0,0.971,0.875,1.0671,0.1921,0.0,1,0,,0.4577,-0.2261,0.8395,5.756,0,,,0,,
skab_labelled_onset,valve2__2,valve2,0,Accelerometer1RMS,level,block_bootstrap,adjusted,565,395,5,,,,,,,1,covariate_outside,,,,,,1,1,,,
skab_labelled_onset,valve2__2,valve2,0,Accelerometer1RMS,level,block_bootstrap,raw,565,395,0,0.0745,-0.0891,0.2503,0.3394,0.57,0,0,,0.6489,0.2116,0.2372,5.4995,0,,,0,,
skab_labelled_onset,valve2__2,valve2,0,Accelerometer1RMS,level,ewc,adjusted,565,395,5,,,,,,,1,covariate_outside,,,,,,1,1,,,
skab_labelled_onset,valve2__2,valve2,0,Accelerometer1RMS,level,ewc,raw,565,395,0,0.0745,-0.1539,0.3029,0.4569,0.5124,0,0,,0.6489,0.2116,0.2372,5.4995,0,,,0,,
skab_labelled_onset,valve2__2,valve2,0,Accelerometer1RMS,level,hac,adjusted,565,395,5,,,,,,,1,covariate_outside,,,,,,1,1,,,
skab_labelled_onset,valve2__2,valve2,0,Accelerometer1RMS,level,hac,raw,565,395,0,0.0745,-0.085,0.2341,0.3191,0.36,0,0,,0.6489,0.2116,0.2372,5.4995,0,,,0,,
skab_labelled_onset,valve2__2,valve2,0,Accelerometer1RMS,level,naive,adjusted,565,395,5,,,,,,,1,covariate_outside,,,,,,1,1,,,
skab_labelled_onset,valve2__2,valve2,0,Accelerometer1RMS,level,naive,raw,565,395,0,0.0745,-0.0621,0.2111,0.2731,0.2849,0,0,,0.6489,0.2116,0.2372,5.4995,0,,,0,,
skab_labelled_onset,valve2__2,valve2,0,Accelerometer1RMS,spread,block_bootstrap,adjusted,565,395,5,,,,,,,1,covariate_outside,,,,,,1,1,,,
skab_labelled_onset,valve2__2,valve2,0,Accelerometer1RMS,spread,block_bootstrap,raw,565,395,0,0.0989,-0.0986,0.3244,0.423,0.42,0,0,,0.6489,0.2116,0.2372,5.4995,0,,,0,,
skab_labelled_onset,valve2__2,valve2,0,Accelerometer1RMS,spread,naive,adjusted,565,395,5,,,,,,,1,covariate_outside,,,,,,1,1,,,
skab_labelled_onset,valve2__2,valve2,0,Accelerometer1RMS,spread,naive,raw,565,395,0,0.0989,0.0079,0.1899,0.182,0.0332,1,0,,0.6489,0.2116,0.2372,5.4995,0,,,0,,
skab_labelled_onset,valve2__2,valve2,0,Accelerometer2RMS,level,block_bootstrap,adjusted,565,395,5,,,,,,,1,covariate_outside,,,,,,1,1,,,
skab_labelled_onset,valve2__2,valve2,0,Accelerometer2RMS,level,block_bootstrap,raw,565,395,0,0.0595,-0.1657,0.2947,0.4604,0.46,0,0,,1.1635,0.5456,0.5761,12.6952,0,,,0,,
skab_labelled_onset,valve2__2,valve2,0,Accelerometer2RMS,level,ewc,adjusted,565,395,5,,,,,,,1,covariate_outside,,,,,,1,1,,,
skab_labelled_onset,valve2__2,valve2,0,Accelerometer2RMS,level,ewc,raw,565,395,0,0.0595,-0.253,0.3719,0.6249,0.7031,0,0,,1.1635,0.5456,0.5761,12.6952,0,,,0,,
skab_labelled_onset,valve2__2,valve2,0,Accelerometer2RMS,level,hac,adjusted,565,395,5,,,,,,,1,covariate_outside,,,,,,1,1,,,
skab_labelled_onset,valve2__2,valve2,0,Accelerometer2RMS,level,hac,raw,565,395,0,0.0595,-0.1952,0.3142,0.5095,0.6472,0,0,,1.1635,0.5456,0.5761,12.6952,0,,,0,,
skab_labelled_onset,valve2__2,valve2,0,Accelerometer2RMS,level,naive,adjusted,565,395,5,,,,,,,1,covariate_outside,,,,,,1,1,,,
skab_labelled_onset,valve2__2,valve2,0,Accelerometer2RMS,level,naive,raw,565,395,0,0.0595,-0.0785,0.1974,0.2759,0.398,0,0,,1.1635,0.5456,0.5761,12.6952,0,,,0,,
skab_labelled_onset,valve2__2,valve2,0,Accelerometer2RMS,spread,block_bootstrap,adjusted,565,395,5,,,,,,,1,covariate_outside,,,,,,1,1,,,
skab_labelled_onset,valve2__2,valve2,0,Accelerometer2RMS,spread,block_bootstrap,raw,565,395,0,0.1146,-0.0013,0.2074,0.2086,0.06,0,0,,1.1635,0.5456,0.5761,12.6952,0,,,0,,
skab_labelled_onset,valve2__2,valve2,0,Accelerometer2RMS,spread,naive,adjusted,565,395,5,,,,,,,1,covariate_outside,,,,,,1,1,,,
skab_labelled_onset,valve2__2,valve2,0,Accelerometer2RMS,spread,naive,raw,565,395,0,0.1146,0.0236,0.2056,0.182,0.0135,1,0,,1.1635,0.5456,0.5761,12.6952,0,,,0,,
skab_labelled_onset,valve2__2,valve2,0,Current,level,block_bootstrap,adjusted,565,395,5,,,,,,,1,covariate_outside,,,,,,1,1,,,
skab_labelled_onset,valve2__2,valve2,0,Current,level,block_bootstrap,raw,565,395,0,0.2143,-0.0706,0.4638,0.5344,0.13,0,0,,-0.1055,0.4528,0.3761,10.3231,0,,,0,,
skab_labelled_onset,valve2__2,valve2,0,Current,level,ewc,adjusted,565,395,5,,,,,,,1,covariate_outside,,,,,,1,1,,,
skab_labelled_onset,valve2__2,valve2,0,Current,level,ewc,raw,565,395,0,0.2143,-0.1558,0.5843,0.7401,0.2499,0,0,,-0.1055,0.4528,0.3761,10.3231,0,,,0,,
skab_labelled_onset,valve2__2,valve2,0,Current,level,hac,adjusted,565,395,5,,,,,,,1,covariate_outside,,,,,,1,1,,,
skab_labelled_onset,valve2__2,valve2,0,Current,level,hac,raw,565,395,0,0.2143,-0.0357,0.4643,0.5,0.093,0,0,,-0.1055,0.4528,0.3761,10.3231,0,,,0,,
skab_labelled_onset,valve2__2,valve2,0,Current,level,naive,adjusted,565,395,5,,,,,,,1,covariate_outside,,,,,,1,1,,,
skab_labelled_onset,valve2__2,valve2,0,Current,level,naive,raw,565,395,0,0.2143,0.0889,0.3396,0.2507,0.0008,1,0,,-0.1055,0.4528,0.3761,10.3231,0,,,0,,
skab_labelled_onset,valve2__2,valve2,0,Current,spread,block_bootstrap,adjusted,565,395,5,,,,,,,1,covariate_outside,,,,,,1,1,,,
skab_labelled_onset,valve2__2,valve2,0,Current,spread,block_bootstrap,raw,565,395,0,-0.0438,-0.1244,0.0225,0.1469,0.13,0,0,,-0.1055,0.4528,0.3761,10.3231,0,,,0,,
skab_labelled_onset,valve2__2,valve2,0,Current,spread,naive,adjusted,565,395,5,,,,,,,1,covariate_outside,,,,,,1,1,,,
skab_labelled_onset,valve2__2,valve2,0,Current,spread,naive,raw,565,395,0,-0.0438,-0.1348,0.0472,0.182,0.3459,0,0,,-0.1055,0.4528,0.3761,10.3231,0,,,0,,
skab_labelled_onset,valve2__2,valve2,0,Pressure,level,block_bootstrap,adjusted,565,395,6,,,,,,,1,no_spread,,,,,,,,,,
skab_labelled_onset,valve2__2,valve2,0,Pressure,level,block_bootstrap,raw,565,395,0,,,,,,,1,no_spread,,,,,,,,,,
skab_labelled_onset,valve2__2,valve2,0,Pressure,level,ewc,adjusted,565,395,6,,,,,,,1,no_spread,,,,,,,,,,
skab_labelled_onset,valve2__2,valve2,0,Pressure,level,ewc,raw,565,395,0,,,,,,,1,no_spread,,,,,,,,,,
skab_labelled_onset,valve2__2,valve2,0,Pressure,level,hac,adjusted,565,395,6,,,,,,,1,no_spread,,,,,,,,,,
skab_labelled_onset,valve2__2,valve2,0,Pressure,level,hac,raw,565,395,0,,,,,,,1,no_spread,,,,,,,,,,
skab_labelled_onset,valve2__2,valve2,0,Pressure,level,naive,adjusted,565,395,6,,,,,,,1,no_spread,,,,,,,,,,
skab_labelled_onset,valve2__2,valve2,0,Pressure,level,naive,raw,565,395,0,,,,,,,1,no_spread,,,,,,,,,,
skab_labelled_onset,valve2__2,valve2,0,Pressure,spread,block_bootstrap,adjusted,565,395,6,,,,,,,1,no_spread,,,,,,,,,,
skab_labelled_onset,valve2__2,valve2,0,Pressure,spread,block_bootstrap,raw,565,395,0,,,,,,,1,no_spread,,,,,,,,,,
skab_labelled_onset,valve2__2,valve2,0,Pressure,spread,naive,adjusted,565,395,6,,,,,,,1,no_spread,,,,,,,,,,
skab_labelled_onset,valve2__2,valve2,0,Pressure,spread,naive,raw,565,395,0,,,,,,,1,no_spread,,,,,,,,,,
skab_labelled_onset,valve2__2,valve2,0,Temperature,level,block_bootstrap,adjusted,565,395,5,,,,,,,1,covariate_outside,,,,,,1,1,,,
skab_labelled_onset,valve2__2,valve2,0,Temperature,level,block_bootstrap,raw,565,395,0,-0.2526,-0.5579,0.0241,0.582,0.07,0,0,,-2.0448,0.993,0.9595,257.8426,1,,,1,,
skab_labelled_onset,valve2__2,valve2,0,Temperature,level,ewc,adjusted,565,395,5,,,,,,,1,covariate_outside,,,,,,1,1,,,
skab_labelled_onset,valve2__2,valve2,0,Temperature,level,ewc,raw,565,395,0,-0.2526,-0.6962,0.191,0.8872,0.2569,0,0,,-2.0448,0.993,0.9595,257.8426,1,,,1,,
skab_labelled_onset,valve2__2,valve2,0,Temperature,level,hac,adjusted,565,395,5,,,,,,,1,covariate_outside,,,,,,1,1,,,
skab_labelled_onset,valve2__2,valve2,0,Temperature,level,hac,raw,565,395,0,-0.2526,-1.1325,0.6272,1.7597,0.5736,0,0,,-2.0448,0.993,0.9595,257.8426,1,,,1,,
skab_labelled_onset,valve2__2,valve2,0,Temperature,level,naive,adjusted,565,395,5,,,,,,,1,covariate_outside,,,,,,1,1,,,
skab_labelled_onset,valve2__2,valve2,0,Temperature,level,naive,raw,565,395,0,-0.2526,-0.3489,-0.1564,0.1925,0.0,1,0,,-2.0448,0.993,0.9595,257.8426,1,,,1,,
skab_labelled_onset,valve2__2,valve2,0,Temperature,spread,block_bootstrap,adjusted,565,395,5,,,,,,,1,covariate_outside,,,,,,1,1,,,
skab_labelled_onset,valve2__2,valve2,0,Temperature,spread,block_bootstrap,raw,565,395,0,-0.6863,-0.9064,-0.4579,0.4485,0.0,1,0,,-2.0448,0.993,0.9595,257.8426,1,,,1,,
skab_labelled_onset,valve2__2,valve2,0,Temperature,spread,naive,adjusted,565,395,5,,,,,,,1,covariate_outside,,,,,,1,1,,,
skab_labelled_onset,valve2__2,valve2,0,Temperature,spread,naive,raw,565,395,0,-0.6863,-0.7773,-0.5953,0.182,0.0,1,0,,-2.0448,0.993,0.9595,257.8426,1,,,1,,
skab_labelled_onset,valve2__2,valve2,0,Thermocouple,level,block_bootstrap,adjusted,565,395,5,-2.3165,-2.6281,-1.9582,0.6699,0.0,1,0,,-1.8282,0.8147,0.8838,27.0979,0,0,0,0,0.4019,1.7808
skab_labelled_onset,valve2__2,valve2,0,Thermocouple,level,block_bootstrap,raw,565,395,0,-2.4634,-2.7975,-2.1875,0.61,0.0,1,0,,-3.7412,0.9024,0.813,43.0886,1,,,0,,
skab_labelled_onset,valve2__2,valve2,0,Thermocouple,level,ewc,adjusted,565,395,5,-2.3165,-2.8184,-1.8147,1.0037,0.0,1,0,,-1.8282,0.8147,0.8838,27.0979,0,0,0,0,0.4019,1.7808
skab_labelled_onset,valve2__2,valve2,0,Thermocouple,level,ewc,raw,565,395,0,-2.4634,-2.9359,-1.9909,0.945,0.0,1,0,,-3.7412,0.9024,0.813,43.0886,1,,,0,,
skab_labelled_onset,valve2__2,valve2,0,Thermocouple,level,hac,adjusted,565,395,5,-2.3165,-2.9028,-1.7302,1.1726,0.0,1,0,,-1.8282,0.8147,0.8838,27.0979,0,0,0,0,0.4019,1.7808
skab_labelled_onset,valve2__2,valve2,0,Thermocouple,level,hac,raw,565,395,0,-2.4634,-3.0267,-1.9001,1.1266,0.0,1,0,,-3.7412,0.9024,0.813,43.0886,1,,,0,,
skab_labelled_onset,valve2__2,valve2,0,Thermocouple,level,naive,adjusted,565,395,5,-2.3165,-2.4362,-2.1969,0.2393,0.0,1,0,,-1.8282,0.8147,0.8838,27.0979,0,0,0,0,0.4019,1.7808
skab_labelled_onset,valve2__2,valve2,0,Thermocouple,level,naive,raw,565,395,0,-2.4634,-2.5755,-2.3513,0.2241,0.0,1,0,,-3.7412,0.9024,0.813,43.0886,1,,,0,,
skab_labelled_onset,valve2__2,valve2,0,Thermocouple,spread,block_bootstrap,adjusted,565,395,5,0.2834,0.128,0.4346,0.3066,0.0,1,0,,-1.8282,0.8147,0.8838,27.0979,0,0,0,0,0.4019,1.7808
skab_labelled_onset,valve2__2,valve2,0,Thermocouple,spread,block_bootstrap,raw,565,395,0,-0.2621,-0.4016,-0.0788,0.3227,0.01,1,0,,-3.7412,0.9024,0.813,43.0886,1,,,0,,
skab_labelled_onset,valve2__2,valve2,0,Thermocouple,spread,naive,adjusted,565,395,5,0.2834,0.1924,0.3744,0.182,0.0,1,0,,-1.8282,0.8147,0.8838,27.0979,0,0,0,0,0.4019,1.7808
skab_labelled_onset,valve2__2,valve2,0,Thermocouple,spread,naive,raw,565,395,0,-0.2621,-0.3531,-0.1711,0.182,0.0,1,0,,-3.7412,0.9024,0.813,43.0886,1,,,0,,
skab_labelled_onset,valve2__2,valve2,0,Voltage,level,block_bootstrap,adjusted,565,395,5,,,,,,,1,covariate_outside,,,,,,1,1,,,
skab_labelled_onset,valve2__2,valve2,0,Voltage,level,block_bootstrap,raw,565,395,0,0.0514,-0.0947,0.1889,0.2835,0.45,0,0,,-0.4408,0.0575,0.0326,2.2421,0,,,0,,
skab_labelled_onset,valve2__2,valve2,0,Voltage,level,ewc,adjusted,565,395,5,,,,,,,1,covariate_outside,,,,,,1,1,,,
skab_labelled_onset,valve2__2,valve2,0,Voltage,level,ewc,raw,565,395,0,0.0514,-0.1077,0.2106,0.3183,0.5176,0,0,,-0.4408,0.0575,0.0326,2.2421,0,,,0,,
skab_labelled_onset,valve2__2,valve2,0,Voltage,level,hac,adjusted,565,395,5,,,,,,,1,covariate_outside,,,,,,1,1,,,
skab_labelled_onset,valve2__2,valve2,0,Voltage,level,hac,raw,565,395,0,0.0514,-0.0808,0.1836,0.2644,0.4457,0,0,,-0.4408,0.0575,0.0326,2.2421,0,,,0,,
skab_labelled_onset,valve2__2,valve2,0,Voltage,level,naive,adjusted,565,395,5,,,,,,,1,covariate_outside,,,,,,1,1,,,
skab_labelled_onset,valve2__2,valve2,0,Voltage,level,naive,raw,565,395,0,0.0514,-0.0788,0.1817,0.2604,0.4388,0,0,,-0.4408,0.0575,0.0326,2.2421,0,,,0,,
skab_labelled_onset,valve2__2,valve2,0,Voltage,spread,block_bootstrap,adjusted,565,395,5,,,,,,,1,covariate_outside,,,,,,1,1,,,
skab_labelled_onset,valve2__2,valve2,0,Voltage,spread,block_bootstrap,raw,565,395,0,0.0218,-0.0568,0.1138,0.1706,0.61,0,0,,-0.4408,0.0575,0.0326,2.2421,0,,,0,,
skab_labelled_onset,valve2__2,valve2,0,Voltage,spread,naive,adjusted,565,395,5,,,,,,,1,covariate_outside,,,,,,1,1,,,
skab_labelled_onset,valve2__2,valve2,0,Voltage,spread,naive,raw,565,395,0,0.0218,-0.0692,0.1128,0.182,0.6392,0,0,,-0.4408,0.0575,0.0326,2.2421,0,,,0,,
skab_labelled_onset,valve2__2,valve2,0,Volume Flow RateRMS,level,block_bootstrap,adjusted,565,395,6,,,,,,,1,no_spread,,,,,,,,,,
skab_labelled_onset,valve2__2,valve2,0,Volume Flow RateRMS,level,block_bootstrap,raw,565,395,0,,,,,,,1,no_spread,,,,,,,,,,
skab_labelled_onset,valve2__2,valve2,0,Volume Flow RateRMS,level,ewc,adjusted,565,395,6,,,,,,,1,no_spread,,,,,,,,,,
skab_labelled_onset,valve2__2,valve2,0,Volume Flow RateRMS,level,ewc,raw,565,395,0,,,,,,,1,no_spread,,,,,,,,,,
skab_labelled_onset,valve2__2,valve2,0,Volume Flow RateRMS,level,hac,adjusted,565,395,6,,,,,,,1,no_spread,,,,,,,,,,
skab_labelled_onset,valve2__2,valve2,0,Volume Flow RateRMS,level,hac,raw,565,395,0,,,,,,,1,no_spread,,,,,,,,,,
skab_labelled_onset,valve2__2,valve2,0,Volume Flow RateRMS,level,naive,adjusted,565,395,6,,,,,,,1,no_spread,,,,,,,,,,
skab_labelled_onset,valve2__2,valve2,0,Volume Flow RateRMS,level,naive,raw,565,395,0,,,,,,,1,no_spread,,,,,,,,,,
skab_labelled_onset,valve2__2,valve2,0,Volume Flow RateRMS,spread,block_bootstrap,adjusted,565,395,6,,,,,,,1,no_spread,,,,,,,,,,
skab_labelled_onset,valve2__2,valve2,0,Volume Flow RateRMS,spread,block_bootstrap,raw,565,395,0,,,,,,,1,no_spread,,,,,,,,,,
skab_labelled_onset,valve2__2,valve2,0,Volume Flow RateRMS,spread,naive,adjusted,565,395,6,,,,,,,1,no_spread,,,,,,,,,,
skab_labelled_onset,valve2__2,valve2,0,Volume Flow RateRMS,spread,naive,raw,565,395,0,,,,,,,1,no_spread,,,,,,,,,,
skab_labelled_onset,valve2__3,valve2,0,Accelerometer1RMS,level,block_bootstrap,adjusted,564,395,5,,,,,,,1,covariate_outside,,,,,,1,1,,,
skab_labelled_onset,valve2__3,valve2,0,Accelerometer1RMS,level,block_bootstrap,raw,564,395,0,-0.203,-0.3806,-0.0364,0.3443,0.03,1,0,,-0.5715,0.2487,0.4047,6.1959,0,,,0,,
skab_labelled_onset,valve2__3,valve2,0,Accelerometer1RMS,level,ewc,adjusted,564,395,5,,,,,,,1,covariate_outside,,,,,,1,1,,,
skab_labelled_onset,valve2__3,valve2,0,Accelerometer1RMS,level,ewc,raw,564,395,0,-0.203,-0.4202,0.0141,0.4343,0.0662,0,0,,-0.5715,0.2487,0.4047,6.1959,0,,,0,,
skab_labelled_onset,valve2__3,valve2,0,Accelerometer1RMS,level,hac,adjusted,564,395,5,,,,,,,1,covariate_outside,,,,,,1,1,,,
skab_labelled_onset,valve2__3,valve2,0,Accelerometer1RMS,level,hac,raw,564,395,0,-0.203,-0.3691,-0.037,0.3321,0.0166,1,0,,-0.5715,0.2487,0.4047,6.1959,0,,,0,,
skab_labelled_onset,valve2__3,valve2,0,Accelerometer1RMS,level,naive,adjusted,564,395,5,,,,,,,1,covariate_outside,,,,,,1,1,,,
skab_labelled_onset,valve2__3,valve2,0,Accelerometer1RMS,level,naive,raw,564,395,0,-0.203,-0.3253,-0.0807,0.2446,0.0011,1,0,,-0.5715,0.2487,0.4047,6.1959,0,,,0,,
skab_labelled_onset,valve2__3,valve2,0,Accelerometer1RMS,spread,block_bootstrap,adjusted,564,395,5,,,,,,,1,covariate_outside,,,,,,1,1,,,
skab_labelled_onset,valve2__3,valve2,0,Accelerometer1RMS,spread,block_bootstrap,raw,564,395,0,-0.0884,-0.1637,-0.0107,0.153,0.03,1,0,,-0.5715,0.2487,0.4047,6.1959,0,,,0,,
skab_labelled_onset,valve2__3,valve2,0,Accelerometer1RMS,spread,naive,adjusted,564,395,5,,,,,,,1,covariate_outside,,,,,,1,1,,,
skab_labelled_onset,valve2__3,valve2,0,Accelerometer1RMS,spread,naive,raw,564,395,0,-0.0884,-0.1794,0.0026,0.1821,0.057,0,0,,-0.5715,0.2487,0.4047,6.1959,0,,,0,,
skab_labelled_onset,valve2__3,valve2,0,Accelerometer2RMS,level,block_bootstrap,adjusted,564,395,5,,,,,,,1,covariate_outside,,,,,,1,1,,,
skab_labelled_onset,valve2__3,valve2,0,Accelerometer2RMS,level,block_bootstrap,raw,564,395,0,-0.489,-0.6893,-0.342,0.3473,0.0,1,0,,-2.549,0.4328,0.6186,9.863,1,,,0,,
skab_labelled_onset,valve2__3,valve2,0,Accelerometer2RMS,level,ewc,adjusted,564,395,5,,,,,,,1,covariate_outside,,,,,,1,1,,,
skab_labelled_onset,valve2__3,valve2,0,Accelerometer2RMS,level,ewc,raw,564,395,0,-0.489,-0.7174,-0.2607,0.4567,0.0001,1,0,,-2.549,0.4328,0.6186,9.863,1,,,0,,
skab_labelled_onset,valve2__3,valve2,0,Accelerometer2RMS,level,hac,adjusted,564,395,5,,,,,,,1,covariate_outside,,,,,,1,1,,,
skab_labelled_onset,valve2__3,valve2,0,Accelerometer2RMS,level,hac,raw,564,395,0,-0.489,-0.6693,-0.3087,0.3606,0.0,1,0,,-2.549,0.4328,0.6186,9.863,1,,,0,,
skab_labelled_onset,valve2__3,valve2,0,Accelerometer2RMS,level,naive,adjusted,564,395,5,,,,,,,1,covariate_outside,,,,,,1,1,,,
skab_labelled_onset,valve2__3,valve2,0,Accelerometer2RMS,level,naive,raw,564,395,0,-0.489,-0.6129,-0.3651,0.2478,0.0,1,0,,-2.549,0.4328,0.6186,9.863,1,,,0,,
skab_labelled_onset,valve2__3,valve2,0,Accelerometer2RMS,spread,block_bootstrap,adjusted,564,395,5,,,,,,,1,covariate_outside,,,,,,1,1,,,
skab_labelled_onset,valve2__3,valve2,0,Accelerometer2RMS,spread,block_bootstrap,raw,564,395,0,-0.0653,-0.1544,0.0242,0.1786,0.13,0,0,,-2.549,0.4328,0.6186,9.863,1,,,0,,
skab_labelled_onset,valve2__3,valve2,0,Accelerometer2RMS,spread,naive,adjusted,564,395,5,,,,,,,1,covariate_outside,,,,,,1,1,,,
skab_labelled_onset,valve2__3,valve2,0,Accelerometer2RMS,spread,naive,raw,564,395,0,-0.0653,-0.1563,0.0257,0.1821,0.1598,0,0,,-2.549,0.4328,0.6186,9.863,1,,,0,,
skab_labelled_onset,valve2__3,valve2,0,Current,level,block_bootstrap,adjusted,564,395,5,,,,,,,1,covariate_outside,,,,,,1,1,,,
skab_labelled_onset,valve2__3,valve2,0,Current,level,block_bootstrap,raw,564,395,0,-0.062,-0.3088,0.1732,0.4819,0.63,0,0,,-1.6603,0.3821,0.3904,8.7829,0,,,0,,
skab_labelled_onset,valve2__3,valve2,0,Current,level,ewc,adjusted,564,395,5,,,,,,,1,covariate_outside,,,,,,1,1,,,
skab_labelled_onset,valve2__3,valve2,0,Current,level,ewc,raw,564,395,0,-0.062,-0.4492,0.3252,0.7743,0.7484,0,0,,-1.6603,0.3821,0.3904,8.7829,0,,,0,,
skab_labelled_onset,valve2__3,valve2,0,Current,level,hac,adjusted,564,395,5,,,,,,,1,covariate_outside,,,,,,1,1,,,
skab_labelled_onset,valve2__3,valve2,0,Current,level,hac,raw,564,395,0,-0.062,-0.3128,0.1888,0.5015,0.628,0,0,,-1.6603,0.3821,0.3904,8.7829,0,,,0,,
skab_labelled_onset,valve2__3,valve2,0,Current,level,naive,adjusted,564,395,5,,,,,,,1,covariate_outside,,,,,,1,1,,,
skab_labelled_onset,valve2__3,valve2,0,Current,level,naive,raw,564,395,0,-0.062,-0.1919,0.0679,0.2597,0.3495,0,0,,-1.6603,0.3821,0.3904,8.7829,0,,,0,,
skab_labelled_onset,valve2__3,valve2,0,Current,spread,block_bootstrap,adjusted,564,395,5,,,,,,,1,covariate_outside,,,,,,1,1,,,
skab_labelled_onset,valve2__3,valve2,0,Current,spread,block_bootstrap,raw,564,395,0,0.0166,-0.0671,0.0956,0.1627,0.74,0,0,,-1.6603,0.3821,0.3904,8.7829,0,,,0,,
skab_labelled_onset,valve2__3,valve2,0,Current,spread,naive,adjusted,564,395,5,,,,,,,1,covariate_outside,,,,,,1,1,,,
skab_labelled_onset,valve2__3,valve2,0,Current,spread,naive,raw,564,395,0,0.0166,-0.0744,0.1077,0.1821,0.72,0,0,,-1.6603,0.3821,0.3904,8.7829,0,,,0,,
skab_labelled_onset,valve2__3,valve2,0,Pressure,level,block_bootstrap,adjusted,564,395,6,,,,,,,1,no_spread,,,,,,,,,,
skab_labelled_onset,valve2__3,valve2,0,Pressure,level,block_bootstrap,raw,564,395,0,,,,,,,1,no_spread,,,,,,,,,,
skab_labelled_onset,valve2__3,valve2,0,Pressure,level,ewc,adjusted,564,395,6,,,,,,,1,no_spread,,,,,,,,,,
skab_labelled_onset,valve2__3,valve2,0,Pressure,level,ewc,raw,564,395,0,,,,,,,1,no_spread,,,,,,,,,,
skab_labelled_onset,valve2__3,valve2,0,Pressure,level,hac,adjusted,564,395,6,,,,,,,1,no_spread,,,,,,,,,,
skab_labelled_onset,valve2__3,valve2,0,Pressure,level,hac,raw,564,395,0,,,,,,,1,no_spread,,,,,,,,,,
skab_labelled_onset,valve2__3,valve2,0,Pressure,level,naive,adjusted,564,395,6,,,,,,,1,no_spread,,,,,,,,,,
skab_labelled_onset,valve2__3,valve2,0,Pressure,level,naive,raw,564,395,0,,,,,,,1,no_spread,,,,,,,,,,
skab_labelled_onset,valve2__3,valve2,0,Pressure,spread,block_bootstrap,adjusted,564,395,6,,,,,,,1,no_spread,,,,,,,,,,
skab_labelled_onset,valve2__3,valve2,0,Pressure,spread,block_bootstrap,raw,564,395,0,,,,,,,1,no_spread,,,,,,,,,,
skab_labelled_onset,valve2__3,valve2,0,Pressure,spread,naive,adjusted,564,395,6,,,,,,,1,no_spread,,,,,,,,,,
skab_labelled_onset,valve2__3,valve2,0,Pressure,spread,naive,raw,564,395,0,,,,,,,1,no_spread,,,,,,,,,,
skab_labelled_onset,valve2__3,valve2,0,Temperature,level,block_bootstrap,adjusted,564,395,5,,,,,,,1,covariate_outside,,,,,,1,1,,,
skab_labelled_onset,valve2__3,valve2,0,Temperature,level,block_bootstrap,raw,564,395,0,1.9827,1.7514,2.3232,0.5717,0.0,1,0,,2.8809,0.9816,0.8526,134.6888,1,,,1,,
skab_labelled_onset,valve2__3,valve2,0,Temperature,level,ewc,adjusted,564,395,5,,,,,,,1,covariate_outside,,,,,,1,1,,,
skab_labelled_onset,valve2__3,valve2,0,Temperature,level,ewc,raw,564,395,0,1.9827,1.5682,2.3972,0.829,0.0,1,0,,2.8809,0.9816,0.8526,134.6888,1,,,1,,
skab_labelled_onset,valve2__3,valve2,0,Temperature,level,hac,adjusted,564,395,5,,,,,,,1,covariate_outside,,,,,,1,1,,,
skab_labelled_onset,valve2__3,valve2,0,Temperature,level,hac,raw,564,395,0,1.9827,1.2111,2.7543,1.5432,0.0,1,0,,2.8809,0.9816,0.8526,134.6888,1,,,1,,
skab_labelled_onset,valve2__3,valve2,0,Temperature,level,naive,adjusted,564,395,5,,,,,,,1,covariate_outside,,,,,,1,1,,,
skab_labelled_onset,valve2__3,valve2,0,Temperature,level,naive,raw,564,395,0,1.9827,1.8929,2.0724,0.1796,0.0,1,0,,2.8809,0.9816,0.8526,134.6888,1,,,1,,
skab_labelled_onset,valve2__3,valve2,0,Temperature,spread,block_bootstrap,adjusted,564,395,5,,,,,,,1,covariate_outside,,,,,,1,1,,,
skab_labelled_onset,valve2__3,valve2,0,Temperature,spread,block_bootstrap,raw,564,395,0,-1.0262,-1.2332,-0.7714,0.4618,0.0,1,0,,2.8809,0.9816,0.8526,134.6888,1,,,1,,
skab_labelled_onset,valve2__3,valve2,0,Temperature,spread,naive,adjusted,564,395,5,,,,,,,1,covariate_outside,,,,,,1,1,,,
skab_labelled_onset,valve2__3,valve2,0,Temperature,spread,naive,raw,564,395,0,-1.0262,-1.1173,-0.9352,0.1821,0.0,1,0,,2.8809,0.9816,0.8526,134.6888,1,,,1,,
skab_labelled_onset,valve2__3,valve2,0,Thermocouple,level,block_bootstrap,adjusted,564,395,5,,,,,,,1,covariate_outside,,,,,,1,1,,,
skab_labelled_onset,valve2__3,valve2,0,Thermocouple,level,block_bootstrap,raw,564,395,0,-2.3144,-2.6727,-1.9918,0.6809,0.0,1,0,,-1.6543,0.8885,0.8704,39.2006,0,,,0,,
skab_labelled_onset,valve2__3,valve2,0,Thermocouple,level,ewc,adjusted,564,395,5,,,,,,,1,covariate_outside,,,,,,1,1,,,
skab_labelled_onset,valve2__3,valve2,0,Thermocouple,level,ewc,raw,564,395,0,-2.3144,-2.8585,-1.7702,1.0883,0.0,1,0,,-1.6543,0.8885,0.8704,39.2006,0,,,0,,
skab_labelled_onset,valve2__3,valve2,0,Thermocouple,level,hac,adjusted,564,395,5,,,,,,,1,covariate_outside,,,,,,1,1,,,
skab_labelled_onset,valve2__3,valve2,0,Thermocouple,level,hac,raw,564,395,0,-2.3144,-2.9616,-1.6672,1.2944,0.0,1,0,,-1.6543,0.8885,0.8704,39.2006,0,,,0,,
skab_labelled_onset,valve2__3,valve2,0,Thermocouple,level,naive,adjusted,564,395,5,,,,,,,1,covariate_outside,,,,,,1,1,,,
skab_labelled_onset,valve2__3,valve2,0,Thermocouple,level,naive,raw,564,395,0,-2.3144,-2.4423,-2.1864,0.2559,0.0,1,0,,-1.6543,0.8885,0.8704,39.2006,0,,,0,,
skab_labelled_onset,valve2__3,valve2,0,Thermocouple,spread,block_bootstrap,adjusted,564,395,5,,,,,,,1,covariate_outside,,,,,,1,1,,,
skab_labelled_onset,valve2__3,valve2,0,Thermocouple,spread,block_bootstrap,raw,564,395,0,-0.0085,-0.3157,0.1657,0.4814,0.7,0,0,,-1.6543,0.8885,0.8704,39.2006,0,,,0,,
skab_labelled_onset,valve2__3,valve2,0,Thermocouple,spread,naive,adjusted,564,395,5,,,,,,,1,covariate_outside,,,,,,1,1,,,
skab_labelled_onset,valve2__3,valve2,0,Thermocouple,spread,naive,raw,564,395,0,-0.0085,-0.0996,0.0825,0.1821,0.8541,0,0,,-1.6543,0.8885,0.8704,39.2006,0,,,0,,
skab_labelled_onset,valve2__3,valve2,0,Voltage,level,block_bootstrap,adjusted,564,395,5,,,,,,,1,covariate_outside,,,,,,1,1,,,
skab_labelled_onset,valve2__3,valve2,0,Voltage,level,block_bootstrap,raw,564,395,0,-0.1075,-0.218,0.0033,0.2213,0.07,0,0,,-2.4231,0.082,-0.0378,2.8453,1,,,0,,
skab_labelled_onset,valve2__3,valve2,0,Voltage,level,ewc,adjusted,564,395,5,,,,,,,1,covariate_outside,,,,,,1,1,,,
skab_labelled_onset,valve2__3,valve2,0,Voltage,level,ewc,raw,564,395,0,-0.1075,-0.2374,0.0223,0.2597,0.102,0,0,,-2.4231,0.082,-0.0378,2.8453,1,,,0,,
skab_labelled_onset,valve2__3,valve2,0,Voltage,level,hac,adjusted,564,395,5,,,,,,,1,covariate_outside,,,,,,1,1,,,
skab_labelled_onset,valve2__3,valve2,0,Voltage,level,hac,raw,564,395,0,-0.1075,-0.2381,0.0231,0.2612,0.1066,0,0,,-2.4231,0.082,-0.0378,2.8453,1,,,0,,
skab_labelled_onset,valve2__3,valve2,0,Voltage,level,naive,adjusted,564,395,5,,,,,,,1,covariate_outside,,,,,,1,1,,,
skab_labelled_onset,valve2__3,valve2,0,Voltage,level,naive,raw,564,395,0,-0.1075,-0.236,0.0209,0.2569,0.1009,0,0,,-2.4231,0.082,-0.0378,2.8453,1,,,0,,
skab_labelled_onset,valve2__3,valve2,0,Voltage,spread,block_bootstrap,adjusted,564,395,5,,,,,,,1,covariate_outside,,,,,,1,1,,,
skab_labelled_onset,valve2__3,valve2,0,Voltage,spread,block_bootstrap,raw,564,395,0,-0.0018,-0.0991,0.0912,0.1903,0.98,0,0,,-2.4231,0.082,-0.0378,2.8453,1,,,0,,
skab_labelled_onset,valve2__3,valve2,0,Voltage,spread,naive,adjusted,564,395,5,,,,,,,1,covariate_outside,,,,,,1,1,,,
skab_labelled_onset,valve2__3,valve2,0,Voltage,spread,naive,raw,564,395,0,-0.0018,-0.0928,0.0893,0.1821,0.9699,0,0,,-2.4231,0.082,-0.0378,2.8453,1,,,0,,
skab_labelled_onset,valve2__3,valve2,0,Volume Flow RateRMS,level,block_bootstrap,adjusted,564,395,6,,,,,,,1,no_spread,,,,,,,,,,
skab_labelled_onset,valve2__3,valve2,0,Volume Flow RateRMS,level,block_bootstrap,raw,564,395,0,,,,,,,1,no_spread,,,,,,,,,,
skab_labelled_onset,valve2__3,valve2,0,Volume Flow RateRMS,level,ewc,adjusted,564,395,6,,,,,,,1,no_spread,,,,,,,,,,
skab_labelled_onset,valve2__3,valve2,0,Volume Flow RateRMS,level,ewc,raw,564,395,0,,,,,,,1,no_spread,,,,,,,,,,
skab_labelled_onset,valve2__3,valve2,0,Volume Flow RateRMS,level,hac,adjusted,564,395,6,,,,,,,1,no_spread,,,,,,,,,,
skab_labelled_onset,valve2__3,valve2,0,Volume Flow RateRMS,level,hac,raw,564,395,0,,,,,,,1,no_spread,,,,,,,,,,
skab_labelled_onset,valve2__3,valve2,0,Volume Flow RateRMS,level,naive,adjusted,564,395,6,,,,,,,1,no_spread,,,,,,,,,,
skab_labelled_onset,valve2__3,valve2,0,Volume Flow RateRMS,level,naive,raw,564,395,0,,,,,,,1,no_spread,,,,,,,,,,
skab_labelled_onset,valve2__3,valve2,0,Volume Flow RateRMS,spread,block_bootstrap,adjusted,564,395,6,,,,,,,1,no_spread,,,,,,,,,,
skab_labelled_onset,valve2__3,valve2,0,Volume Flow RateRMS,spread,block_bootstrap,raw,564,395,0,,,,,,,1,no_spread,,,,,,,,,,
skab_labelled_onset,valve2__3,valve2,0,Volume Flow RateRMS,spread,naive,adjusted,564,395,6,,,,,,,1,no_spread,,,,,,,,,,
skab_labelled_onset,valve2__3,valve2,0,Volume Flow RateRMS,spread,naive,raw,564,395,0,,,,,,,1,no_spread,,,,,,,,,,
