condition,fault,variable_group,quantity,method,refusal_set,n_variables,n_rows,n_answered,answered_share,coverage,coverage_mcse,claim_rate,detect_rate,median_width,median_truth_se_over_width,rate_before_trend,rate_too_persistent,median_lag1
fault_free,0,xmeas_1_22,level,block_bootstrap,base,22,2200,2200,1.0,0.8677,0.0072,0.1323,,0.6783,0.018,0.1818,0.275,0.3357
fault_free,0,xmeas_1_22,level,block_bootstrap,base+R1,22,2200,1800,0.8182,0.8767,0.0078,0.1233,,0.6046,0.0181,0.1818,0.275,0.3357
fault_free,0,xmeas_1_22,level,block_bootstrap,base+R4,22,2200,1595,0.725,0.9097,0.0072,0.0903,,0.5217,0.0178,0.1818,0.275,0.3357
fault_free,0,xmeas_1_22,level,block_bootstrap,base+R1+R4,22,2200,1396,0.6345,0.9112,0.0076,0.0888,,0.4971,0.0178,0.1818,0.275,0.3357
fault_free,0,xmeas_1_22,level,ewc,base,22,2200,2200,1.0,0.9241,0.0056,0.0759,,0.8345,0.0156,0.1818,0.275,0.3357
fault_free,0,xmeas_1_22,level,ewc,base+R1,22,2200,1800,0.8182,0.9306,0.006,0.0694,,0.7161,0.0156,0.1818,0.275,0.3357
fault_free,0,xmeas_1_22,level,ewc,base+R4,22,2200,1595,0.725,0.9498,0.0055,0.0502,,0.598,0.0152,0.1818,0.275,0.3357
fault_free,0,xmeas_1_22,level,ewc,base+R1+R4,22,2200,1396,0.6345,0.9499,0.0058,0.0501,,0.5674,0.0154,0.1818,0.275,0.3357
fault_free,0,xmeas_1_22,level,hac,base,22,2200,2200,1.0,0.9109,0.0061,0.0891,,0.6169,0.0174,0.1818,0.275,0.3357
fault_free,0,xmeas_1_22,level,hac,base+R1,22,2200,1800,0.8182,0.9161,0.0065,0.0839,,0.5573,0.0175,0.1818,0.275,0.3357
fault_free,0,xmeas_1_22,level,hac,base+R4,22,2200,1595,0.725,0.9304,0.0064,0.0696,,0.4846,0.0169,0.1818,0.275,0.3357
fault_free,0,xmeas_1_22,level,hac,base+R1+R4,22,2200,1396,0.6345,0.9334,0.0067,0.0666,,0.4707,0.0169,0.1818,0.275,0.3357
fault_free,0,xmeas_1_22,level,naive,base,22,2200,2200,1.0,0.7009,0.0098,0.2991,,0.447,0.0235,0.1818,0.275,0.3357
fault_free,0,xmeas_1_22,level,naive,base+R1,22,2200,1800,0.8182,0.7417,0.0103,0.2583,,0.4448,0.0235,0.1818,0.275,0.3357
fault_free,0,xmeas_1_22,level,naive,base+R4,22,2200,1595,0.725,0.8464,0.009,0.1536,,0.4423,0.02,0.1818,0.275,0.3357
fault_free,0,xmeas_1_22,level,naive,base+R1+R4,22,2200,1396,0.6345,0.861,0.0093,0.139,,0.4415,0.02,0.1818,0.275,0.3357
fault_free,0,xmeas_1_22,spread,block_bootstrap,base,22,2200,2200,1.0,0.8123,0.0083,0.2136,,0.3591,0.0207,0.1818,0.275,0.3357
fault_free,0,xmeas_1_22,spread,block_bootstrap,base+R1,22,2200,1800,0.8182,0.8244,0.009,0.195,,0.3396,0.0207,0.1818,0.275,0.3357
fault_free,0,xmeas_1_22,spread,block_bootstrap,base+R4,22,2200,1595,0.725,0.8759,0.0083,0.1204,,0.3214,0.0196,0.1818,0.275,0.3357
fault_free,0,xmeas_1_22,spread,block_bootstrap,base+R1+R4,22,2200,1396,0.6345,0.8768,0.0088,0.1168,,0.3158,0.0196,0.1818,0.275,0.3357
fault_free,0,xmeas_1_22,spread,naive,base,22,2200,2200,1.0,0.6968,0.0098,0.3277,,0.3109,0.024,0.1818,0.275,0.3357
fault_free,0,xmeas_1_22,spread,naive,base+R1,22,2200,1800,0.8182,0.7306,0.0105,0.2922,,0.3109,0.024,0.1818,0.275,0.3357
fault_free,0,xmeas_1_22,spread,naive,base+R4,22,2200,1595,0.725,0.8539,0.0088,0.163,,0.3109,0.0191,0.1818,0.275,0.3357
fault_free,0,xmeas_1_22,spread,naive,base+R1+R4,22,2200,1396,0.6345,0.8646,0.0092,0.154,,0.3109,0.0191,0.1818,0.275,0.3357
fault_free,0,xmeas_23_41,level,block_bootstrap,base,19,1900,1900,1.0,0.8747,0.0076,0.1253,,0.8037,0.0197,0.18,0.0595,0.617
fault_free,0,xmeas_23_41,level,block_bootstrap,base+R1,19,1900,1558,0.82,0.8806,0.0082,0.1194,,0.7871,0.02,0.18,0.0595,0.617
fault_free,0,xmeas_23_41,level,block_bootstrap,base+R4,19,1900,1787,0.9405,0.8707,0.0079,0.1293,,0.7902,0.0198,0.18,0.0595,0.617
fault_free,0,xmeas_23_41,level,block_bootstrap,base+R1+R4,19,1900,1473,0.7753,0.8758,0.0086,0.1242,,0.7723,0.02,0.18,0.0595,0.617
fault_free,0,xmeas_23_41,level,ewc,base,19,1900,1900,1.0,0.9421,0.0054,0.0579,,0.9867,0.0163,0.18,0.0595,0.617
fault_free,0,xmeas_23_41,level,ewc,base+R1,19,1900,1558,0.82,0.9422,0.0059,0.0578,,0.9585,0.0163,0.18,0.0595,0.617
fault_free,0,xmeas_23_41,level,ewc,base+R4,19,1900,1787,0.9405,0.939,0.0057,0.061,,0.9616,0.0163,0.18,0.0595,0.617
fault_free,0,xmeas_23_41,level,ewc,base+R1+R4,19,1900,1473,0.7753,0.9396,0.0062,0.0604,,0.9394,0.0166,0.18,0.0595,0.617
fault_free,0,xmeas_23_41,level,hac,base,19,1900,1900,1.0,0.8984,0.0069,0.1016,,0.8186,0.0189,0.18,0.0595,0.617
fault_free,0,xmeas_23_41,level,hac,base+R1,19,1900,1558,0.82,0.8999,0.0076,0.1001,,0.7931,0.0192,0.18,0.0595,0.617
fault_free,0,xmeas_23_41,level,hac,base+R4,19,1900,1787,0.9405,0.8931,0.0073,0.1069,,0.7976,0.0194,0.18,0.0595,0.617
fault_free,0,xmeas_23_41,level,hac,base+R1+R4,19,1900,1473,0.7753,0.8955,0.008,0.1045,,0.7718,0.0196,0.18,0.0595,0.617
fault_free,0,xmeas_23_41,level,naive,base,19,1900,1900,1.0,0.6458,0.011,0.3542,,0.4469,0.0363,0.18,0.0595,0.617
fault_free,0,xmeas_23_41,level,naive,base+R1,19,1900,1558,0.82,0.6778,0.0118,0.3222,,0.4469,0.0363,0.18,0.0595,0.617
fault_free,0,xmeas_23_41,level,naive,base+R4,19,1900,1787,0.9405,0.6508,0.0113,0.3492,,0.4459,0.0378,0.18,0.0595,0.617
fault_free,0,xmeas_23_41,level,naive,base+R1+R4,19,1900,1473,0.7753,0.6796,0.0122,0.3204,,0.446,0.038,0.18,0.0595,0.617
fault_free,0,xmeas_23_41,spread,block_bootstrap,base,19,1900,1900,1.0,0.8384,0.0084,0.1695,,0.4458,0.02,0.18,0.0595,0.617
fault_free,0,xmeas_23_41,spread,block_bootstrap,base+R1,19,1900,1558,0.82,0.8498,0.0091,0.1585,,0.4429,0.0201,0.18,0.0595,0.617
fault_free,0,xmeas_23_41,spread,block_bootstrap,base+R4,19,1900,1787,0.9405,0.8467,0.0085,0.1556,,0.4377,0.02,0.18,0.0595,0.617
fault_free,0,xmeas_23_41,spread,block_bootstrap,base+R1+R4,19,1900,1473,0.7753,0.8574,0.0091,0.146,,0.4357,0.0201,0.18,0.0595,0.617
fault_free,0,xmeas_23_41,spread,naive,base,19,1900,1900,1.0,0.6795,0.0107,0.3389,,0.3109,0.0294,0.18,0.0595,0.617
fault_free,0,xmeas_23_41,spread,naive,base+R1,19,1900,1558,0.82,0.6919,0.0117,0.3177,,0.3109,0.0294,0.18,0.0595,0.617
fault_free,0,xmeas_23_41,spread,naive,base+R4,19,1900,1787,0.9405,0.7001,0.0108,0.3179,,0.3109,0.0294,0.18,0.0595,0.617
fault_free,0,xmeas_23_41,spread,naive,base+R1+R4,19,1900,1473,0.7753,0.7101,0.0118,0.2967,,0.3109,0.0294,0.18,0.0595,0.617
fault_free,0,xmv_1_11,level,block_bootstrap,base,11,1100,1100,1.0,0.8845,0.0096,0.1155,,0.5796,0.018,0.1664,0.1173,0.3245
fault_free,0,xmv_1_11,level,block_bootstrap,base+R1,11,1100,917,0.8336,0.8975,0.01,0.1025,,0.5401,0.0181,0.1664,0.1173,0.3245
fault_free,0,xmv_1_11,level,block_bootstrap,base+R4,11,1100,971,0.8827,0.9094,0.0092,0.0906,,0.5332,0.0177,0.1664,0.1173,0.3245
fault_free,0,xmv_1_11,level,block_bootstrap,base+R1+R4,11,1100,841,0.7645,0.9132,0.0097,0.0868,,0.5181,0.0178,0.1664,0.1173,0.3245
fault_free,0,xmv_1_11,level,ewc,base,11,1100,1100,1.0,0.9382,0.0073,0.0618,,0.6723,0.0156,0.1664,0.1173,0.3245
fault_free,0,xmv_1_11,level,ewc,base+R1,11,1100,917,0.8336,0.9477,0.0074,0.0523,,0.6225,0.0157,0.1664,0.1173,0.3245
fault_free,0,xmv_1_11,level,ewc,base+R4,11,1100,971,0.8827,0.9547,0.0067,0.0453,,0.613,0.0156,0.1664,0.1173,0.3245
fault_free,0,xmv_1_11,level,ewc,base+R1+R4,11,1100,841,0.7645,0.956,0.0071,0.044,,0.5811,0.0158,0.1664,0.1173,0.3245
fault_free,0,xmv_1_11,level,hac,base,11,1100,1100,1.0,0.9082,0.0087,0.0918,,0.5761,0.0169,0.1664,0.1173,0.3245
fault_free,0,xmv_1_11,level,hac,base+R1,11,1100,917,0.8336,0.9182,0.009,0.0818,,0.5064,0.0168,0.1664,0.1173,0.3245
fault_free,0,xmv_1_11,level,hac,base+R4,11,1100,971,0.8827,0.9269,0.0084,0.0731,,0.4962,0.0169,0.1664,0.1173,0.3245
fault_free,0,xmv_1_11,level,hac,base+R1+R4,11,1100,841,0.7645,0.9298,0.0088,0.0702,,0.4747,0.0169,0.1664,0.1173,0.3245
fault_free,0,xmv_1_11,level,naive,base,11,1100,1100,1.0,0.7418,0.0132,0.2582,,0.4453,0.024,0.1664,0.1173,0.3245
fault_free,0,xmv_1_11,level,naive,base+R1,11,1100,917,0.8336,0.7863,0.0135,0.2137,,0.4437,0.024,0.1664,0.1173,0.3245
fault_free,0,xmv_1_11,level,naive,base+R4,11,1100,971,0.8827,0.8033,0.0128,0.1967,,0.4429,0.0205,0.1664,0.1173,0.3245
fault_free,0,xmv_1_11,level,naive,base+R1+R4,11,1100,841,0.7645,0.8312,0.0129,0.1688,,0.442,0.0206,0.1664,0.1173,0.3245
fault_free,0,xmv_1_11,spread,block_bootstrap,base,11,1100,1100,1.0,0.84,0.0111,0.1818,,0.3405,0.0206,0.1664,0.1173,0.3245
fault_free,0,xmv_1_11,spread,block_bootstrap,base+R1,11,1100,917,0.8336,0.8495,0.0118,0.1647,,0.3315,0.0206,0.1664,0.1173,0.3245
fault_free,0,xmv_1_11,spread,block_bootstrap,base+R4,11,1100,971,0.8827,0.8651,0.011,0.1308,,0.3286,0.0195,0.1664,0.1173,0.3245
fault_free,0,xmv_1_11,spread,block_bootstrap,base+R1+R4,11,1100,841,0.7645,0.8668,0.0117,0.126,,0.3238,0.0193,0.1664,0.1173,0.3245
fault_free,0,xmv_1_11,spread,naive,base,11,1100,1100,1.0,0.7591,0.0129,0.2609,,0.3109,0.0227,0.1664,0.1173,0.3245
fault_free,0,xmv_1_11,spread,naive,base+R1,11,1100,917,0.8336,0.7895,0.0135,0.2257,,0.3109,0.0227,0.1664,0.1173,0.3245
fault_free,0,xmv_1_11,spread,naive,base+R4,11,1100,971,0.8827,0.828,0.0121,0.1813,,0.3109,0.0205,0.1664,0.1173,0.3245
fault_free,0,xmv_1_11,spread,naive,base+R1+R4,11,1100,841,0.7645,0.8419,0.0126,0.1665,,0.3109,0.0205,0.1664,0.1173,0.3245
fault_1,1,xmeas_1_22,level,block_bootstrap,base,22,2200,2200,1.0,0.9855,0.0026,,0.4573,2.9471,0.0061,0.1818,0.6264,0.3357
fault_1,1,xmeas_1_22,level,block_bootstrap,base+R1,22,2200,1800,0.8182,0.9833,0.003,,0.4044,2.7811,0.0061,0.1818,0.6264,0.3357
fault_1,1,xmeas_1_22,level,block_bootstrap,base+R4,22,2200,822,0.3736,0.9611,0.0067,,0.0779,0.5156,0.0136,0.1818,0.6264,0.3357
fault_1,1,xmeas_1_22,level,block_bootstrap,base+R1+R4,22,2200,768,0.3491,0.9609,0.007,,0.0781,0.5127,0.0136,0.1818,0.6264,0.3357
fault_1,1,xmeas_1_22,level,ewc,base,22,2200,2200,1.0,0.995,0.0015,,0.24,3.8752,0.0043,0.1818,0.6264,0.3357
fault_1,1,xmeas_1_22,level,ewc,base+R1,22,2200,1800,0.8182,0.9939,0.0018,,0.2156,3.648,0.0043,0.1818,0.6264,0.3357
fault_1,1,xmeas_1_22,level,ewc,base+R4,22,2200,822,0.3736,0.9866,0.004,,0.0353,0.6202,0.0108,0.1818,0.6264,0.3357
fault_1,1,xmeas_1_22,level,ewc,base+R1+R4,22,2200,768,0.3491,0.9857,0.0043,,0.0365,0.6159,0.0108,0.1818,0.6264,0.3357
fault_1,1,xmeas_1_22,level,hac,base,22,2200,2200,1.0,0.9868,0.0024,,0.3664,4.0124,0.0057,0.1818,0.6264,0.3357
fault_1,1,xmeas_1_22,level,hac,base+R1,22,2200,1800,0.8182,0.985,0.0029,,0.3272,3.7959,0.0058,0.1818,0.6264,0.3357
fault_1,1,xmeas_1_22,level,hac,base+R4,22,2200,822,0.3736,0.9647,0.0064,,0.0815,0.463,0.0137,0.1818,0.6264,0.3357
fault_1,1,xmeas_1_22,level,hac,base+R1+R4,22,2200,768,0.3491,0.9648,0.0066,,0.0794,0.4622,0.0135,0.1818,0.6264,0.3357
fault_1,1,xmeas_1_22,level,naive,base,22,2200,2200,1.0,0.9527,0.0045,,0.7068,0.9974,0.0162,0.1818,0.6264,0.3357
fault_1,1,xmeas_1_22,level,naive,base+R1,22,2200,1800,0.8182,0.9533,0.005,,0.6628,0.9472,0.0162,0.1818,0.6264,0.3357
fault_1,1,xmeas_1_22,level,naive,base+R4,22,2200,822,0.3736,0.9453,0.0079,,0.2263,0.4549,0.0163,0.1818,0.6264,0.3357
fault_1,1,xmeas_1_22,level,naive,base+R1+R4,22,2200,768,0.3491,0.944,0.0083,,0.2188,0.4542,0.0163,0.1818,0.6264,0.3357
fault_1,1,xmeas_1_22,spread,block_bootstrap,base,22,2200,2200,1.0,0.8814,0.0069,,0.7268,0.5427,0.0173,0.1818,0.6264,0.3357
fault_1,1,xmeas_1_22,spread,block_bootstrap,base+R1,22,2200,1800,0.8182,0.8939,0.0073,,0.6867,0.5212,0.0173,0.1818,0.6264,0.3357
fault_1,1,xmeas_1_22,spread,block_bootstrap,base+R4,22,2200,822,0.3736,0.9246,0.0092,,0.2689,0.3068,0.0171,0.1818,0.6264,0.3357
fault_1,1,xmeas_1_22,spread,block_bootstrap,base+R1+R4,22,2200,768,0.3491,0.9193,0.0098,,0.2656,0.3054,0.0172,0.1818,0.6264,0.3357
fault_1,1,xmeas_1_22,spread,naive,base,22,2200,2200,1.0,0.7373,0.0094,,0.7364,0.3109,0.0234,0.1818,0.6264,0.3357
fault_1,1,xmeas_1_22,spread,naive,base+R1,22,2200,1800,0.8182,0.7656,0.01,,0.6967,0.3109,0.0234,0.1818,0.6264,0.3357
fault_1,1,xmeas_1_22,spread,naive,base+R4,22,2200,822,0.3736,0.9392,0.0083,,0.2944,0.3109,0.0187,0.1818,0.6264,0.3357
fault_1,1,xmeas_1_22,spread,naive,base+R1+R4,22,2200,768,0.3491,0.9349,0.0089,,0.2891,0.3109,0.0187,0.1818,0.6264,0.3357
fault_1,1,xmeas_23_41,level,block_bootstrap,base,19,1900,1900,1.0,0.9811,0.0031,,0.3216,2.4192,0.0071,0.18,0.6679,0.617
fault_1,1,xmeas_23_41,level,block_bootstrap,base+R1,19,1900,1558,0.82,0.9807,0.0035,,0.2908,2.2436,0.0071,0.18,0.6679,0.617
fault_1,1,xmeas_23_41,level,block_bootstrap,base+R4,19,1900,631,0.3321,0.9445,0.0091,,0.0729,1.0064,0.0106,0.18,0.6679,0.617
fault_1,1,xmeas_23_41,level,block_bootstrap,base+R1+R4,19,1900,561,0.2953,0.9483,0.0093,,0.0677,1.0008,0.0106,0.18,0.6679,0.617
fault_1,1,xmeas_23_41,level,ewc,base,19,1900,1900,1.0,0.9921,0.002,,0.0732,3.3237,0.0052,0.18,0.6679,0.617
fault_1,1,xmeas_23_41,level,ewc,base+R1,19,1900,1558,0.82,0.991,0.0024,,0.0706,3.0766,0.0052,0.18,0.6679,0.617
fault_1,1,xmeas_23_41,level,ewc,base+R4,19,1900,631,0.3321,0.9762,0.0061,,0.0365,1.2219,0.008,0.18,0.6679,0.617
fault_1,1,xmeas_23_41,level,ewc,base+R1+R4,19,1900,561,0.2953,0.975,0.0066,,0.0357,1.2198,0.0081,0.18,0.6679,0.617
fault_1,1,xmeas_23_41,level,hac,base,19,1900,1900,1.0,0.9858,0.0027,,0.1174,3.197,0.0052,0.18,0.6679,0.617
fault_1,1,xmeas_23_41,level,hac,base+R1,19,1900,1558,0.82,0.9859,0.003,,0.1008,3.0171,0.0052,0.18,0.6679,0.617
fault_1,1,xmeas_23_41,level,hac,base+R4,19,1900,631,0.3321,0.9572,0.0081,,0.046,1.0755,0.0095,0.18,0.6679,0.617
fault_1,1,xmeas_23_41,level,hac,base+R1+R4,19,1900,561,0.2953,0.9608,0.0082,,0.0428,1.0704,0.0095,0.18,0.6679,0.617
fault_1,1,xmeas_23_41,level,naive,base,19,1900,1900,1.0,0.8626,0.0079,,0.4858,0.8737,0.0184,0.18,0.6679,0.617
fault_1,1,xmeas_23_41,level,naive,base+R1,19,1900,1558,0.82,0.8626,0.0087,,0.4583,0.8277,0.0183,0.18,0.6679,0.617
fault_1,1,xmeas_23_41,level,naive,base+R4,19,1900,631,0.3321,0.7401,0.0175,,0.2726,0.4927,0.0234,0.18,0.6679,0.617
fault_1,1,xmeas_23_41,level,naive,base+R1+R4,19,1900,561,0.2953,0.7594,0.018,,0.262,0.4931,0.0234,0.18,0.6679,0.617
fault_1,1,xmeas_23_41,spread,block_bootstrap,base,19,1900,1900,1.0,0.9268,0.006,,0.7874,0.5646,0.0167,0.18,0.6679,0.617
fault_1,1,xmeas_23_41,spread,block_bootstrap,base+R1,19,1900,1558,0.82,0.9281,0.0065,,0.7728,0.5602,0.0167,0.18,0.6679,0.617
fault_1,1,xmeas_23_41,spread,block_bootstrap,base+R4,19,1900,631,0.3321,0.9049,0.0117,,0.4216,0.5138,0.0184,0.18,0.6679,0.617
fault_1,1,xmeas_23_41,spread,block_bootstrap,base+R1+R4,19,1900,561,0.2953,0.9091,0.0121,,0.426,0.5077,0.0183,0.18,0.6679,0.617
fault_1,1,xmeas_23_41,spread,naive,base,19,1900,1900,1.0,0.7195,0.0103,,0.8737,0.3109,0.0275,0.18,0.6679,0.617
fault_1,1,xmeas_23_41,spread,naive,base+R1,19,1900,1558,0.82,0.7221,0.0113,,0.8659,0.3109,0.0275,0.18,0.6679,0.617
fault_1,1,xmeas_23_41,spread,naive,base+R4,19,1900,631,0.3321,0.6926,0.0184,,0.645,0.3109,0.0265,0.18,0.6679,0.617
fault_1,1,xmeas_23_41,spread,naive,base+R1+R4,19,1900,561,0.2953,0.7077,0.0192,,0.6488,0.3109,0.0265,0.18,0.6679,0.617
fault_1,1,xmv_1_11,level,block_bootstrap,base,11,1100,1100,1.0,0.9818,0.004,,0.4327,2.0778,0.0051,0.1664,0.4518,0.3245
fault_1,1,xmv_1_11,level,block_bootstrap,base+R1,11,1100,917,0.8336,0.9793,0.0047,,0.4089,1.8929,0.0051,0.1664,0.4518,0.3245
fault_1,1,xmv_1_11,level,block_bootstrap,base+R4,11,1100,603,0.5482,0.9668,0.0073,,0.3085,0.695,0.0128,0.1664,0.4518,0.3245
fault_1,1,xmv_1_11,level,block_bootstrap,base+R1+R4,11,1100,553,0.5027,0.9656,0.0077,,0.3038,0.6835,0.0128,0.1664,0.4518,0.3245
fault_1,1,xmv_1_11,level,ewc,base,11,1100,1100,1.0,0.9918,0.0027,,0.3373,2.75,0.0037,0.1664,0.4518,0.3245
fault_1,1,xmv_1_11,level,ewc,base+R1,11,1100,917,0.8336,0.9902,0.0033,,0.3195,2.4853,0.0037,0.1664,0.4518,0.3245
fault_1,1,xmv_1_11,level,ewc,base+R4,11,1100,603,0.5482,0.9851,0.0049,,0.2454,0.8668,0.0102,0.1664,0.4518,0.3245
fault_1,1,xmv_1_11,level,ewc,base+R1+R4,11,1100,553,0.5027,0.9837,0.0054,,0.2405,0.8359,0.0103,0.1664,0.4518,0.3245
fault_1,1,xmv_1_11,level,hac,base,11,1100,1100,1.0,0.9855,0.0036,,0.3845,2.5435,0.0052,0.1664,0.4518,0.3245
fault_1,1,xmv_1_11,level,hac,base+R1,11,1100,917,0.8336,0.9836,0.0042,,0.3664,2.0814,0.0053,0.1664,0.4518,0.3245
fault_1,1,xmv_1_11,level,hac,base+R4,11,1100,603,0.5482,0.9735,0.0065,,0.325,0.6391,0.013,0.1664,0.4518,0.3245
fault_1,1,xmv_1_11,level,hac,base+R1+R4,11,1100,553,0.5027,0.9729,0.0069,,0.3165,0.5554,0.013,0.1664,0.4518,0.3245
fault_1,1,xmv_1_11,level,naive,base,11,1100,1100,1.0,0.9527,0.0064,,0.6936,0.761,0.0144,0.1664,0.4518,0.3245
fault_1,1,xmv_1_11,level,naive,base+R1,11,1100,917,0.8336,0.9564,0.0067,,0.6783,0.7175,0.0144,0.1664,0.4518,0.3245
fault_1,1,xmv_1_11,level,naive,base+R4,11,1100,603,0.5482,0.942,0.0095,,0.5489,0.4743,0.0164,0.1664,0.4518,0.3245
fault_1,1,xmv_1_11,level,naive,base+R1+R4,11,1100,553,0.5027,0.9439,0.0098,,0.5461,0.4722,0.0164,0.1664,0.4518,0.3245
fault_1,1,xmv_1_11,spread,block_bootstrap,base,11,1100,1100,1.0,0.9027,0.0089,,0.7055,0.4808,0.0165,0.1664,0.4518,0.3245
fault_1,1,xmv_1_11,spread,block_bootstrap,base+R1,11,1100,917,0.8336,0.9128,0.0093,,0.6728,0.4419,0.0165,0.1664,0.4518,0.3245
fault_1,1,xmv_1_11,spread,block_bootstrap,base+R4,11,1100,603,0.5482,0.9204,0.011,,0.4627,0.3391,0.0165,0.1664,0.4518,0.3245
fault_1,1,xmv_1_11,spread,block_bootstrap,base+R1+R4,11,1100,553,0.5027,0.9168,0.0117,,0.4575,0.337,0.0165,0.1664,0.4518,0.3245
fault_1,1,xmv_1_11,spread,naive,base,11,1100,1100,1.0,0.7782,0.0125,,0.7227,0.3109,0.0228,0.1664,0.4518,0.3245
fault_1,1,xmv_1_11,spread,naive,base+R1,11,1100,917,0.8336,0.8103,0.0129,,0.6903,0.3109,0.0228,0.1664,0.4518,0.3245
fault_1,1,xmv_1_11,spread,naive,base+R4,11,1100,603,0.5482,0.9121,0.0115,,0.4942,0.3109,0.0213,0.1664,0.4518,0.3245
fault_1,1,xmv_1_11,spread,naive,base+R1+R4,11,1100,553,0.5027,0.9096,0.0122,,0.4864,0.3109,0.0213,0.1664,0.4518,0.3245
fault_2,2,xmeas_1_22,level,block_bootstrap,base,22,2200,2200,1.0,0.9627,0.004,,0.7018,1.2365,0.0117,0.1818,0.3914,0.3357
fault_2,2,xmeas_1_22,level,block_bootstrap,base+R1,22,2200,1800,0.8182,0.9589,0.0047,,0.6756,0.9624,0.0117,0.1818,0.3914,0.3357
fault_2,2,xmeas_1_22,level,block_bootstrap,base+R4,22,2200,1339,0.6086,0.9612,0.0053,,0.5937,0.6454,0.0118,0.1818,0.3914,0.3357
fault_2,2,xmeas_1_22,level,block_bootstrap,base+R1+R4,22,2200,1217,0.5532,0.9597,0.0056,,0.5818,0.6157,0.0118,0.1818,0.3914,0.3357
fault_2,2,xmeas_1_22,level,ewc,base,22,2200,2200,1.0,0.9877,0.0023,,0.6536,1.6742,0.0087,0.1818,0.3914,0.3357
fault_2,2,xmeas_1_22,level,ewc,base+R1,22,2200,1800,0.8182,0.9861,0.0028,,0.6256,1.2541,0.0087,0.1818,0.3914,0.3357
fault_2,2,xmeas_1_22,level,ewc,base+R4,22,2200,1339,0.6086,0.9798,0.0038,,0.531,0.806,0.0106,0.1818,0.3914,0.3357
fault_2,2,xmeas_1_22,level,ewc,base+R1+R4,22,2200,1217,0.5532,0.9795,0.0041,,0.521,0.7598,0.0106,0.1818,0.3914,0.3357
fault_2,2,xmeas_1_22,level,hac,base,22,2200,2200,1.0,0.9814,0.0029,,0.6823,1.3407,0.0105,0.1818,0.3914,0.3357
fault_2,2,xmeas_1_22,level,hac,base+R1,22,2200,1800,0.8182,0.9789,0.0034,,0.6589,0.9523,0.0105,0.1818,0.3914,0.3357
fault_2,2,xmeas_1_22,level,hac,base+R4,22,2200,1339,0.6086,0.9731,0.0044,,0.59,0.5546,0.0135,0.1818,0.3914,0.3357
fault_2,2,xmeas_1_22,level,hac,base+R1+R4,22,2200,1217,0.5532,0.9729,0.0047,,0.5768,0.5313,0.0136,0.1818,0.3914,0.3357
fault_2,2,xmeas_1_22,level,naive,base,22,2200,2200,1.0,0.8314,0.008,,0.7314,0.5415,0.0176,0.1818,0.3914,0.3357
fault_2,2,xmeas_1_22,level,naive,base+R1,22,2200,1800,0.8182,0.8539,0.0083,,0.7017,0.4974,0.0175,0.1818,0.3914,0.3357
fault_2,2,xmeas_1_22,level,naive,base+R4,22,2200,1339,0.6086,0.9268,0.0071,,0.6042,0.4605,0.0166,0.1818,0.3914,0.3357
fault_2,2,xmeas_1_22,level,naive,base+R1+R4,22,2200,1217,0.5532,0.9326,0.0072,,0.59,0.459,0.0166,0.1818,0.3914,0.3357
fault_2,2,xmeas_1_22,spread,block_bootstrap,base,22,2200,2200,1.0,0.8341,0.0079,,0.5823,0.4478,0.0185,0.1818,0.3914,0.3357
fault_2,2,xmeas_1_22,spread,block_bootstrap,base+R1,22,2200,1800,0.8182,0.8511,0.0084,,0.5256,0.41,0.0185,0.1818,0.3914,0.3357
fault_2,2,xmeas_1_22,spread,block_bootstrap,base+R4,22,2200,1339,0.6086,0.8947,0.0084,,0.3391,0.3357,0.0171,0.1818,0.3914,0.3357
fault_2,2,xmeas_1_22,spread,block_bootstrap,base+R1+R4,22,2200,1217,0.5532,0.8924,0.0089,,0.3205,0.3323,0.0172,0.1818,0.3914,0.3357
fault_2,2,xmeas_1_22,spread,naive,base,22,2200,2200,1.0,0.7136,0.0096,,0.63,0.3109,0.0212,0.1818,0.3914,0.3357
fault_2,2,xmeas_1_22,spread,naive,base+R1,22,2200,1800,0.8182,0.75,0.0102,,0.5739,0.3109,0.0212,0.1818,0.3914,0.3357
fault_2,2,xmeas_1_22,spread,naive,base+R4,22,2200,1339,0.6086,0.8798,0.0089,,0.3996,0.3109,0.0182,0.1818,0.3914,0.3357
fault_2,2,xmeas_1_22,spread,naive,base+R1+R4,22,2200,1217,0.5532,0.8833,0.0092,,0.3763,0.3109,0.0182,0.1818,0.3914,0.3357
fault_2,2,xmeas_23_41,level,block_bootstrap,base,19,1900,1900,1.0,0.9416,0.0054,,0.5089,1.2034,0.0135,0.18,0.3732,0.617
fault_2,2,xmeas_23_41,level,block_bootstrap,base+R1,19,1900,1558,0.82,0.9429,0.0059,,0.5231,1.1699,0.0135,0.18,0.3732,0.617
fault_2,2,xmeas_23_41,level,block_bootstrap,base+R4,19,1900,1191,0.6268,0.9177,0.008,,0.3594,0.9776,0.0172,0.18,0.3732,0.617
fault_2,2,xmeas_23_41,level,block_bootstrap,base+R1+R4,19,1900,996,0.5242,0.9187,0.0087,,0.3645,0.9592,0.017,0.18,0.3732,0.617
fault_2,2,xmeas_23_41,level,ewc,base,19,1900,1900,1.0,0.98,0.0032,,0.4347,1.5671,0.0099,0.18,0.3732,0.617
fault_2,2,xmeas_23_41,level,ewc,base+R1,19,1900,1558,0.82,0.9795,0.0036,,0.4467,1.5199,0.01,0.18,0.3732,0.617
fault_2,2,xmeas_23_41,level,ewc,base+R4,19,1900,1191,0.6268,0.9698,0.005,,0.2729,1.2041,0.0128,0.18,0.3732,0.617
fault_2,2,xmeas_23_41,level,ewc,base+R1+R4,19,1900,996,0.5242,0.9699,0.0054,,0.2771,1.1732,0.0132,0.18,0.3732,0.617
fault_2,2,xmeas_23_41,level,hac,base,19,1900,1900,1.0,0.9658,0.0042,,0.4526,1.4498,0.0103,0.18,0.3732,0.617
fault_2,2,xmeas_23_41,level,hac,base+R1,19,1900,1558,0.82,0.9653,0.0046,,0.4673,1.3765,0.0105,0.18,0.3732,0.617
fault_2,2,xmeas_23_41,level,hac,base+R4,19,1900,1191,0.6268,0.9463,0.0065,,0.3157,1.031,0.0138,0.18,0.3732,0.617
fault_2,2,xmeas_23_41,level,hac,base+R1+R4,19,1900,996,0.5242,0.9468,0.0071,,0.3243,0.9964,0.0141,0.18,0.3732,0.617
fault_2,2,xmeas_23_41,level,naive,base,19,1900,1900,1.0,0.7521,0.0099,,0.7111,0.5244,0.0284,0.18,0.3732,0.617
fault_2,2,xmeas_23_41,level,naive,base+R1,19,1900,1558,0.82,0.7754,0.0106,,0.7189,0.5179,0.0285,0.18,0.3732,0.617
fault_2,2,xmeas_23_41,level,naive,base+R4,19,1900,1191,0.6268,0.6961,0.0133,,0.5953,0.4769,0.0357,0.18,0.3732,0.617
fault_2,2,xmeas_23_41,level,naive,base+R1+R4,19,1900,996,0.5242,0.7179,0.0143,,0.5974,0.4739,0.036,0.18,0.3732,0.617
fault_2,2,xmeas_23_41,spread,block_bootstrap,base,19,1900,1900,1.0,0.8437,0.0083,,0.5416,0.5195,0.019,0.18,0.3732,0.617
fault_2,2,xmeas_23_41,spread,block_bootstrap,base+R1,19,1900,1558,0.82,0.8517,0.009,,0.5199,0.5178,0.019,0.18,0.3732,0.617
fault_2,2,xmeas_23_41,spread,block_bootstrap,base+R4,19,1900,1191,0.6268,0.8304,0.0109,,0.3484,0.4857,0.0198,0.18,0.3732,0.617
fault_2,2,xmeas_23_41,spread,block_bootstrap,base+R1+R4,19,1900,996,0.5242,0.8404,0.0116,,0.3253,0.4822,0.0196,0.18,0.3732,0.617
fault_2,2,xmeas_23_41,spread,naive,base,19,1900,1900,1.0,0.68,0.0107,,0.7074,0.3109,0.0336,0.18,0.3732,0.617
fault_2,2,xmeas_23_41,spread,naive,base+R1,19,1900,1558,0.82,0.6951,0.0117,,0.6868,0.3109,0.0336,0.18,0.3732,0.617
fault_2,2,xmeas_23_41,spread,naive,base+R4,19,1900,1191,0.6268,0.6608,0.0137,,0.555,0.3109,0.0346,0.18,0.3732,0.617
fault_2,2,xmeas_23_41,spread,naive,base+R1+R4,19,1900,996,0.5242,0.6777,0.0148,,0.5321,0.3109,0.0346,0.18,0.3732,0.617
fault_2,2,xmv_1_11,level,block_bootstrap,base,11,1100,1100,1.0,0.9682,0.0053,,0.7536,0.7772,0.0114,0.1664,0.3073,0.3245
fault_2,2,xmv_1_11,level,block_bootstrap,base+R1,11,1100,917,0.8336,0.9629,0.0062,,0.7437,0.7155,0.011,0.1664,0.3073,0.3245
fault_2,2,xmv_1_11,level,block_bootstrap,base+R4,11,1100,762,0.6927,0.9606,0.007,,0.727,0.6086,0.0152,0.1664,0.3073,0.3245
fault_2,2,xmv_1_11,level,block_bootstrap,base+R1+R4,11,1100,693,0.63,0.9582,0.0076,,0.7186,0.5979,0.0152,0.1664,0.3073,0.3245
fault_2,2,xmv_1_11,level,ewc,base,11,1100,1100,1.0,0.9882,0.0033,,0.6845,1.0026,0.0085,0.1664,0.3073,0.3245
fault_2,2,xmv_1_11,level,ewc,base+R1,11,1100,917,0.8336,0.9858,0.0039,,0.6783,0.9116,0.0085,0.1664,0.3073,0.3245
fault_2,2,xmv_1_11,level,ewc,base+R4,11,1100,762,0.6927,0.9829,0.0047,,0.664,0.7749,0.0126,0.1664,0.3073,0.3245
fault_2,2,xmv_1_11,level,ewc,base+R1+R4,11,1100,693,0.63,0.9812,0.0052,,0.6595,0.7668,0.0126,0.1664,0.3073,0.3245
fault_2,2,xmv_1_11,level,hac,base,11,1100,1100,1.0,0.9727,0.0049,,0.7127,0.7225,0.0129,0.1664,0.3073,0.3245
fault_2,2,xmv_1_11,level,hac,base+R1,11,1100,917,0.8336,0.9695,0.0057,,0.7165,0.6494,0.013,0.1664,0.3073,0.3245
fault_2,2,xmv_1_11,level,hac,base+R4,11,1100,762,0.6927,0.9606,0.007,,0.7297,0.5003,0.0141,0.1664,0.3073,0.3245
fault_2,2,xmv_1_11,level,hac,base+R1+R4,11,1100,693,0.63,0.9596,0.0075,,0.7258,0.4942,0.0149,0.1664,0.3073,0.3245
fault_2,2,xmv_1_11,level,naive,base,11,1100,1100,1.0,0.8545,0.0106,,0.8064,0.4814,0.0168,0.1664,0.3073,0.3245
fault_2,2,xmv_1_11,level,naive,base+R1,11,1100,917,0.8336,0.8833,0.0106,,0.7895,0.471,0.0167,0.1664,0.3073,0.3245
fault_2,2,xmv_1_11,level,naive,base+R4,11,1100,762,0.6927,0.899,0.0109,,0.7454,0.4598,0.0168,0.1664,0.3073,0.3245
fault_2,2,xmv_1_11,level,naive,base+R1+R4,11,1100,693,0.63,0.9134,0.0107,,0.7403,0.4591,0.0167,0.1664,0.3073,0.3245
fault_2,2,xmv_1_11,spread,block_bootstrap,base,11,1100,1100,1.0,0.8645,0.0103,,0.4673,0.3725,0.0172,0.1664,0.3073,0.3245
fault_2,2,xmv_1_11,spread,block_bootstrap,base+R1,11,1100,917,0.8336,0.88,0.0107,,0.4144,0.3574,0.0174,0.1664,0.3073,0.3245
fault_2,2,xmv_1_11,spread,block_bootstrap,base+R4,11,1100,762,0.6927,0.8963,0.011,,0.2533,0.3264,0.0172,0.1664,0.3073,0.3245
fault_2,2,xmv_1_11,spread,block_bootstrap,base+R1+R4,11,1100,693,0.63,0.8961,0.0116,,0.2453,0.3257,0.0174,0.1664,0.3073,0.3245
fault_2,2,xmv_1_11,spread,naive,base,11,1100,1100,1.0,0.7955,0.0122,,0.5255,0.3109,0.0194,0.1664,0.3073,0.3245
fault_2,2,xmv_1_11,spread,naive,base+R1,11,1100,917,0.8336,0.8277,0.0125,,0.4733,0.3109,0.0194,0.1664,0.3073,0.3245
fault_2,2,xmv_1_11,spread,naive,base+R4,11,1100,762,0.6927,0.8858,0.0115,,0.3163,0.3109,0.0194,0.1664,0.3073,0.3245
fault_2,2,xmv_1_11,spread,naive,base+R1+R4,11,1100,693,0.63,0.8889,0.0119,,0.3045,0.3109,0.0194,0.1664,0.3073,0.3245
fault_3,3,xmeas_1_22,level,block_bootstrap,base,22,2200,2200,1.0,0.8664,0.0073,,0.1405,0.6805,0.0182,0.1818,0.275,0.3357
fault_3,3,xmeas_1_22,level,block_bootstrap,base+R1,22,2200,1800,0.8182,0.8767,0.0078,,0.1317,0.6041,0.0182,0.1818,0.275,0.3357
fault_3,3,xmeas_1_22,level,block_bootstrap,base+R4,22,2200,1595,0.725,0.911,0.0071,,0.1003,0.5199,0.0178,0.1818,0.275,0.3357
fault_3,3,xmeas_1_22,level,block_bootstrap,base+R1+R4,22,2200,1396,0.6345,0.9126,0.0076,,0.0996,0.4968,0.0178,0.1818,0.275,0.3357
fault_3,3,xmeas_1_22,level,ewc,base,22,2200,2200,1.0,0.9209,0.0058,,0.0818,0.8306,0.0156,0.1818,0.275,0.3357
fault_3,3,xmeas_1_22,level,ewc,base+R1,22,2200,1800,0.8182,0.9289,0.0061,,0.0772,0.719,0.0156,0.1818,0.275,0.3357
fault_3,3,xmeas_1_22,level,ewc,base+R4,22,2200,1595,0.725,0.9486,0.0055,,0.0577,0.6004,0.0152,0.1818,0.275,0.3357
fault_3,3,xmeas_1_22,level,ewc,base+R1+R4,22,2200,1396,0.6345,0.9477,0.006,,0.0595,0.5666,0.0154,0.1818,0.275,0.3357
fault_3,3,xmeas_1_22,level,hac,base,22,2200,2200,1.0,0.9095,0.0061,,0.1009,0.6155,0.0174,0.1818,0.275,0.3357
fault_3,3,xmeas_1_22,level,hac,base+R1,22,2200,1800,0.8182,0.9156,0.0066,,0.0972,0.5581,0.0177,0.1818,0.275,0.3357
fault_3,3,xmeas_1_22,level,hac,base+R4,22,2200,1595,0.725,0.9292,0.0064,,0.0853,0.4839,0.0168,0.1818,0.275,0.3357
fault_3,3,xmeas_1_22,level,hac,base+R1+R4,22,2200,1396,0.6345,0.9319,0.0067,,0.0838,0.471,0.0169,0.1818,0.275,0.3357
fault_3,3,xmeas_1_22,level,naive,base,22,2200,2200,1.0,0.7,0.0098,,0.3205,0.4471,0.0235,0.1818,0.275,0.3357
fault_3,3,xmeas_1_22,level,naive,base+R1,22,2200,1800,0.8182,0.7433,0.0103,,0.2811,0.4447,0.0235,0.1818,0.275,0.3357
fault_3,3,xmeas_1_22,level,naive,base+R4,22,2200,1595,0.725,0.8451,0.0091,,0.1843,0.4424,0.02,0.1818,0.275,0.3357
fault_3,3,xmeas_1_22,level,naive,base+R1+R4,22,2200,1396,0.6345,0.8596,0.0093,,0.1698,0.4415,0.02,0.1818,0.275,0.3357
fault_3,3,xmeas_1_22,spread,block_bootstrap,base,22,2200,2200,1.0,0.8114,0.0083,,0.215,0.3585,0.0207,0.1818,0.275,0.3357
fault_3,3,xmeas_1_22,spread,block_bootstrap,base+R1,22,2200,1800,0.8182,0.8244,0.009,,0.1967,0.341,0.0206,0.1818,0.275,0.3357
fault_3,3,xmeas_1_22,spread,block_bootstrap,base+R4,22,2200,1595,0.725,0.8759,0.0083,,0.1229,0.3215,0.0197,0.1818,0.275,0.3357
fault_3,3,xmeas_1_22,spread,block_bootstrap,base+R1+R4,22,2200,1396,0.6345,0.8768,0.0088,,0.1189,0.316,0.0196,0.1818,0.275,0.3357
fault_3,3,xmeas_1_22,spread,naive,base,22,2200,2200,1.0,0.7005,0.0098,,0.3273,0.3109,0.0238,0.1818,0.275,0.3357
fault_3,3,xmeas_1_22,spread,naive,base+R1,22,2200,1800,0.8182,0.7356,0.0104,,0.2906,0.3109,0.0238,0.1818,0.275,0.3357
fault_3,3,xmeas_1_22,spread,naive,base+R4,22,2200,1595,0.725,0.8558,0.0088,,0.1599,0.3109,0.0191,0.1818,0.275,0.3357
fault_3,3,xmeas_1_22,spread,naive,base+R1+R4,22,2200,1396,0.6345,0.8675,0.0091,,0.149,0.3109,0.0191,0.1818,0.275,0.3357
fault_3,3,xmeas_23_41,level,block_bootstrap,base,19,1900,1900,1.0,0.8726,0.0076,,0.1258,0.8067,0.0198,0.18,0.0595,0.617
fault_3,3,xmeas_23_41,level,block_bootstrap,base+R1,19,1900,1558,0.82,0.8787,0.0083,,0.12,0.7881,0.02,0.18,0.0595,0.617
fault_3,3,xmeas_23_41,level,block_bootstrap,base+R4,19,1900,1787,0.9405,0.8685,0.008,,0.1298,0.7895,0.0199,0.18,0.0595,0.617
fault_3,3,xmeas_23_41,level,block_bootstrap,base+R1+R4,19,1900,1473,0.7753,0.8737,0.0087,,0.1249,0.7701,0.02,0.18,0.0595,0.617
fault_3,3,xmeas_23_41,level,ewc,base,19,1900,1900,1.0,0.9421,0.0054,,0.0595,0.9841,0.0162,0.18,0.0595,0.617
fault_3,3,xmeas_23_41,level,ewc,base+R1,19,1900,1558,0.82,0.9435,0.0058,,0.0591,0.9593,0.0162,0.18,0.0595,0.617
fault_3,3,xmeas_23_41,level,ewc,base+R4,19,1900,1787,0.9405,0.939,0.0057,,0.0627,0.9637,0.0164,0.18,0.0595,0.617
fault_3,3,xmeas_23_41,level,ewc,base+R1+R4,19,1900,1473,0.7753,0.9409,0.0061,,0.0618,0.9373,0.0165,0.18,0.0595,0.617
fault_3,3,xmeas_23_41,level,hac,base,19,1900,1900,1.0,0.8963,0.007,,0.1021,0.8185,0.019,0.18,0.0595,0.617
fault_3,3,xmeas_23_41,level,hac,base+R1,19,1900,1558,0.82,0.8973,0.0077,,0.1014,0.7934,0.0192,0.18,0.0595,0.617
fault_3,3,xmeas_23_41,level,hac,base+R4,19,1900,1787,0.9405,0.8903,0.0074,,0.1074,0.7965,0.0193,0.18,0.0595,0.617
fault_3,3,xmeas_23_41,level,hac,base+R1+R4,19,1900,1473,0.7753,0.8921,0.0081,,0.1059,0.7702,0.0193,0.18,0.0595,0.617
fault_3,3,xmeas_23_41,level,naive,base,19,1900,1900,1.0,0.6374,0.011,,0.3532,0.4466,0.0363,0.18,0.0595,0.617
fault_3,3,xmeas_23_41,level,naive,base+R1,19,1900,1558,0.82,0.6701,0.0119,,0.3203,0.4466,0.0363,0.18,0.0595,0.617
fault_3,3,xmeas_23_41,level,naive,base+R4,19,1900,1787,0.9405,0.6419,0.0113,,0.3486,0.4457,0.0378,0.18,0.0595,0.617
fault_3,3,xmeas_23_41,level,naive,base+R1+R4,19,1900,1473,0.7753,0.6714,0.0122,,0.3191,0.4459,0.038,0.18,0.0595,0.617
fault_3,3,xmeas_23_41,spread,block_bootstrap,base,19,1900,1900,1.0,0.84,0.0084,,0.1726,0.4448,0.0201,0.18,0.0595,0.617
fault_3,3,xmeas_23_41,spread,block_bootstrap,base+R1,19,1900,1558,0.82,0.8511,0.009,,0.1592,0.4426,0.0201,0.18,0.0595,0.617
fault_3,3,xmeas_23_41,spread,block_bootstrap,base+R4,19,1900,1787,0.9405,0.8478,0.0085,,0.1578,0.4369,0.0201,0.18,0.0595,0.617
fault_3,3,xmeas_23_41,spread,block_bootstrap,base+R1+R4,19,1900,1473,0.7753,0.8574,0.0091,,0.1453,0.4349,0.0201,0.18,0.0595,0.617
fault_3,3,xmeas_23_41,spread,naive,base,19,1900,1900,1.0,0.6753,0.0107,,0.3405,0.3109,0.0293,0.18,0.0595,0.617
fault_3,3,xmeas_23_41,spread,naive,base+R1,19,1900,1558,0.82,0.6887,0.0117,,0.3184,0.3109,0.0293,0.18,0.0595,0.617
fault_3,3,xmeas_23_41,spread,naive,base+R4,19,1900,1787,0.9405,0.695,0.0109,,0.3195,0.3109,0.0293,0.18,0.0595,0.617
fault_3,3,xmeas_23_41,spread,naive,base+R1+R4,19,1900,1473,0.7753,0.7067,0.0119,,0.2974,0.3109,0.0293,0.18,0.0595,0.617
fault_3,3,xmv_1_11,level,block_bootstrap,base,11,1100,1100,1.0,0.8818,0.0097,,0.1364,0.5826,0.018,0.1664,0.1164,0.3245
fault_3,3,xmv_1_11,level,block_bootstrap,base+R1,11,1100,917,0.8336,0.8953,0.0101,,0.1243,0.5395,0.018,0.1664,0.1164,0.3245
fault_3,3,xmv_1_11,level,block_bootstrap,base+R4,11,1100,972,0.8836,0.9064,0.0093,,0.1152,0.5347,0.0177,0.1664,0.1164,0.3245
fault_3,3,xmv_1_11,level,block_bootstrap,base+R1+R4,11,1100,842,0.7655,0.9097,0.0099,,0.1116,0.5167,0.0178,0.1664,0.1164,0.3245
fault_3,3,xmv_1_11,level,ewc,base,11,1100,1100,1.0,0.9409,0.0071,,0.0764,0.6724,0.0156,0.1664,0.1164,0.3245
fault_3,3,xmv_1_11,level,ewc,base+R1,11,1100,917,0.8336,0.9498,0.0072,,0.0709,0.6227,0.0157,0.1664,0.1164,0.3245
fault_3,3,xmv_1_11,level,ewc,base+R4,11,1100,972,0.8836,0.9578,0.0064,,0.0628,0.6138,0.0155,0.1664,0.1164,0.3245
fault_3,3,xmv_1_11,level,ewc,base+R1+R4,11,1100,842,0.7655,0.9596,0.0068,,0.0641,0.5843,0.0159,0.1664,0.1164,0.3245
fault_3,3,xmv_1_11,level,hac,base,11,1100,1100,1.0,0.9109,0.0086,,0.1091,0.5757,0.0169,0.1664,0.1164,0.3245
fault_3,3,xmv_1_11,level,hac,base+R1,11,1100,917,0.8336,0.9215,0.0089,,0.1036,0.5072,0.0168,0.1664,0.1164,0.3245
fault_3,3,xmv_1_11,level,hac,base+R4,11,1100,972,0.8836,0.93,0.0082,,0.0926,0.4959,0.0169,0.1664,0.1164,0.3245
fault_3,3,xmv_1_11,level,hac,base+R1+R4,11,1100,842,0.7655,0.9323,0.0087,,0.0938,0.475,0.0169,0.1664,0.1164,0.3245
fault_3,3,xmv_1_11,level,naive,base,11,1100,1100,1.0,0.7418,0.0132,,0.2736,0.4454,0.024,0.1664,0.1164,0.3245
fault_3,3,xmv_1_11,level,naive,base+R1,11,1100,917,0.8336,0.7884,0.0135,,0.2323,0.4438,0.024,0.1664,0.1164,0.3245
fault_3,3,xmv_1_11,level,naive,base+R4,11,1100,972,0.8836,0.8014,0.0128,,0.215,0.443,0.0205,0.1664,0.1164,0.3245
fault_3,3,xmv_1_11,level,naive,base+R1+R4,11,1100,842,0.7655,0.829,0.013,,0.19,0.4423,0.0205,0.1664,0.1164,0.3245
fault_3,3,xmv_1_11,spread,block_bootstrap,base,11,1100,1100,1.0,0.8364,0.0112,,0.1836,0.3407,0.0206,0.1664,0.1164,0.3245
fault_3,3,xmv_1_11,spread,block_bootstrap,base+R1,11,1100,917,0.8336,0.8484,0.0118,,0.1647,0.3315,0.0206,0.1664,0.1164,0.3245
fault_3,3,xmv_1_11,spread,block_bootstrap,base+R4,11,1100,972,0.8836,0.8632,0.011,,0.1307,0.3286,0.0195,0.1664,0.1164,0.3245
fault_3,3,xmv_1_11,spread,block_bootstrap,base+R1+R4,11,1100,842,0.7655,0.8658,0.0117,,0.1247,0.3246,0.0194,0.1664,0.1164,0.3245
fault_3,3,xmv_1_11,spread,naive,base,11,1100,1100,1.0,0.7636,0.0128,,0.2536,0.3109,0.0227,0.1664,0.1164,0.3245
fault_3,3,xmv_1_11,spread,naive,base+R1,11,1100,917,0.8336,0.795,0.0133,,0.2192,0.3109,0.0227,0.1664,0.1164,0.3245
fault_3,3,xmv_1_11,spread,naive,base+R4,11,1100,972,0.8836,0.8313,0.012,,0.1749,0.3109,0.0205,0.1664,0.1164,0.3245
fault_3,3,xmv_1_11,spread,naive,base+R1+R4,11,1100,842,0.7655,0.8444,0.0125,,0.1603,0.3109,0.0205,0.1664,0.1164,0.3245
fault_4,4,xmeas_1_22,level,block_bootstrap,base,22,2200,2200,1.0,0.8636,0.0073,,0.1332,0.6783,0.018,0.1818,0.2755,0.3357
fault_4,4,xmeas_1_22,level,block_bootstrap,base+R1,22,2200,1800,0.8182,0.8722,0.0079,,0.1244,0.6062,0.0181,0.1818,0.2755,0.3357
fault_4,4,xmeas_1_22,level,block_bootstrap,base+R4,22,2200,1594,0.7245,0.9072,0.0073,,0.0916,0.5247,0.0178,0.1818,0.2755,0.3357
fault_4,4,xmeas_1_22,level,block_bootstrap,base+R1+R4,22,2200,1396,0.6345,0.9069,0.0078,,0.0903,0.5013,0.0178,0.1818,0.2755,0.3357
fault_4,4,xmeas_1_22,level,ewc,base,22,2200,2200,1.0,0.9218,0.0057,,0.0741,0.8464,0.0156,0.1818,0.2755,0.3357
fault_4,4,xmeas_1_22,level,ewc,base+R1,22,2200,1800,0.8182,0.9294,0.006,,0.0678,0.7654,0.0156,0.1818,0.2755,0.3357
fault_4,4,xmeas_1_22,level,ewc,base+R4,22,2200,1594,0.7245,0.9492,0.0055,,0.0483,0.6514,0.0152,0.1818,0.2755,0.3357
fault_4,4,xmeas_1_22,level,ewc,base+R1+R4,22,2200,1396,0.6345,0.9484,0.0059,,0.0487,0.6227,0.0154,0.1818,0.2755,0.3357
fault_4,4,xmeas_1_22,level,hac,base,22,2200,2200,1.0,0.9091,0.0061,,0.0886,0.6248,0.0174,0.1818,0.2755,0.3357
fault_4,4,xmeas_1_22,level,hac,base+R1,22,2200,1800,0.8182,0.9156,0.0066,,0.0833,0.5726,0.0174,0.1818,0.2755,0.3357
fault_4,4,xmeas_1_22,level,hac,base+R4,22,2200,1594,0.7245,0.9291,0.0064,,0.069,0.5118,0.0168,0.1818,0.2755,0.3357
fault_4,4,xmeas_1_22,level,hac,base+R1+R4,22,2200,1396,0.6345,0.9319,0.0067,,0.0659,0.4954,0.0169,0.1818,0.2755,0.3357
fault_4,4,xmeas_1_22,level,naive,base,22,2200,2200,1.0,0.7005,0.0098,,0.2991,0.4489,0.0235,0.1818,0.2755,0.3357
fault_4,4,xmeas_1_22,level,naive,base+R1,22,2200,1800,0.8182,0.7439,0.0103,,0.2583,0.4472,0.0235,0.1818,0.2755,0.3357
fault_4,4,xmeas_1_22,level,naive,base+R4,22,2200,1594,0.7245,0.8457,0.009,,0.1543,0.4443,0.0205,0.1818,0.2755,0.3357
fault_4,4,xmeas_1_22,level,naive,base+R1+R4,22,2200,1396,0.6345,0.8603,0.0093,,0.1397,0.4438,0.0205,0.1818,0.2755,0.3357
fault_4,4,xmeas_1_22,spread,block_bootstrap,base,22,2200,2200,1.0,0.8005,0.0085,,0.2145,0.3715,0.0207,0.1818,0.2755,0.3357
fault_4,4,xmeas_1_22,spread,block_bootstrap,base+R1,22,2200,1800,0.8182,0.8111,0.0092,,0.1944,0.3525,0.0209,0.1818,0.2755,0.3357
fault_4,4,xmeas_1_22,spread,block_bootstrap,base+R4,22,2200,1594,0.7245,0.8626,0.0086,,0.1217,0.3277,0.0196,0.1818,0.2755,0.3357
fault_4,4,xmeas_1_22,spread,block_bootstrap,base+R1+R4,22,2200,1396,0.6345,0.8617,0.0092,,0.1168,0.3247,0.0196,0.1818,0.2755,0.3357
fault_4,4,xmeas_1_22,spread,naive,base,22,2200,2200,1.0,0.6968,0.0098,,0.3545,0.3109,0.0242,0.1818,0.2755,0.3357
fault_4,4,xmeas_1_22,spread,naive,base+R1,22,2200,1800,0.8182,0.7317,0.0104,,0.3239,0.3109,0.0242,0.1818,0.2755,0.3357
fault_4,4,xmeas_1_22,spread,naive,base+R4,22,2200,1594,0.7245,0.8513,0.0089,,0.2014,0.3109,0.0189,0.1818,0.2755,0.3357
fault_4,4,xmeas_1_22,spread,naive,base+R1+R4,22,2200,1396,0.6345,0.8639,0.0092,,0.1977,0.3109,0.0189,0.1818,0.2755,0.3357
fault_4,4,xmeas_23_41,level,block_bootstrap,base,19,1900,1900,1.0,0.8726,0.0076,,0.1268,0.8061,0.0197,0.18,0.06,0.617
fault_4,4,xmeas_23_41,level,block_bootstrap,base+R1,19,1900,1558,0.82,0.8793,0.0083,,0.1213,0.7888,0.0199,0.18,0.06,0.617
fault_4,4,xmeas_23_41,level,block_bootstrap,base+R4,19,1900,1786,0.94,0.8684,0.008,,0.131,0.7899,0.0197,0.18,0.06,0.617
fault_4,4,xmeas_23_41,level,block_bootstrap,base+R1+R4,19,1900,1471,0.7742,0.8742,0.0086,,0.1264,0.7723,0.02,0.18,0.06,0.617
fault_4,4,xmeas_23_41,level,ewc,base,19,1900,1900,1.0,0.9432,0.0053,,0.0579,0.9871,0.0162,0.18,0.06,0.617
fault_4,4,xmeas_23_41,level,ewc,base+R1,19,1900,1558,0.82,0.9442,0.0058,,0.0578,0.9574,0.0162,0.18,0.06,0.617
fault_4,4,xmeas_23_41,level,ewc,base+R4,19,1900,1786,0.94,0.9401,0.0056,,0.061,0.9616,0.0163,0.18,0.06,0.617
fault_4,4,xmeas_23_41,level,ewc,base+R1+R4,19,1900,1471,0.7742,0.9415,0.0061,,0.0605,0.9383,0.0166,0.18,0.06,0.617
fault_4,4,xmeas_23_41,level,hac,base,19,1900,1900,1.0,0.8979,0.0069,,0.1016,0.818,0.0189,0.18,0.06,0.617
fault_4,4,xmeas_23_41,level,hac,base+R1,19,1900,1558,0.82,0.8992,0.0076,,0.1001,0.7934,0.0192,0.18,0.06,0.617
fault_4,4,xmeas_23_41,level,hac,base+R4,19,1900,1786,0.94,0.8919,0.0073,,0.1069,0.7977,0.0194,0.18,0.06,0.617
fault_4,4,xmeas_23_41,level,hac,base+R1+R4,19,1900,1471,0.7742,0.8939,0.008,,0.1047,0.7717,0.0196,0.18,0.06,0.617
fault_4,4,xmeas_23_41,level,naive,base,19,1900,1900,1.0,0.6374,0.011,,0.3532,0.447,0.0364,0.18,0.06,0.617
fault_4,4,xmeas_23_41,level,naive,base+R1,19,1900,1558,0.82,0.6707,0.0119,,0.3209,0.4469,0.0364,0.18,0.06,0.617
fault_4,4,xmeas_23_41,level,naive,base+R4,19,1900,1786,0.94,0.6422,0.0113,,0.3488,0.4459,0.0379,0.18,0.06,0.617
fault_4,4,xmeas_23_41,level,naive,base+R1+R4,19,1900,1471,0.7742,0.6723,0.0122,,0.3195,0.4459,0.038,0.18,0.06,0.617
fault_4,4,xmeas_23_41,spread,block_bootstrap,base,19,1900,1900,1.0,0.8395,0.0084,,0.1689,0.4453,0.02,0.18,0.06,0.617
fault_4,4,xmeas_23_41,spread,block_bootstrap,base+R1,19,1900,1558,0.82,0.8485,0.0091,,0.1592,0.4435,0.0201,0.18,0.06,0.617
fault_4,4,xmeas_23_41,spread,block_bootstrap,base+R4,19,1900,1786,0.94,0.8483,0.0085,,0.1545,0.4376,0.02,0.18,0.06,0.617
fault_4,4,xmeas_23_41,spread,block_bootstrap,base+R1+R4,19,1900,1471,0.7742,0.8566,0.0091,,0.1462,0.436,0.0201,0.18,0.06,0.617
fault_4,4,xmeas_23_41,spread,naive,base,19,1900,1900,1.0,0.6768,0.0107,,0.3368,0.3109,0.0294,0.18,0.06,0.617
fault_4,4,xmeas_23_41,spread,naive,base+R1,19,1900,1558,0.82,0.6887,0.0117,,0.3151,0.3109,0.0294,0.18,0.06,0.617
fault_4,4,xmeas_23_41,spread,naive,base+R4,19,1900,1786,0.94,0.6988,0.0109,,0.3163,0.3109,0.0294,0.18,0.06,0.617
fault_4,4,xmeas_23_41,spread,naive,base+R1+R4,19,1900,1471,0.7742,0.7077,0.0119,,0.295,0.3109,0.0294,0.18,0.06,0.617
fault_4,4,xmv_1_11,level,block_bootstrap,base,11,1100,1100,1.0,0.8827,0.0097,,0.2027,0.5856,0.018,0.1664,0.1173,0.3245
fault_4,4,xmv_1_11,level,block_bootstrap,base+R1,11,1100,917,0.8336,0.8975,0.01,,0.2028,0.5466,0.018,0.1664,0.1173,0.3245
fault_4,4,xmv_1_11,level,block_bootstrap,base+R4,11,1100,971,0.8827,0.9063,0.0094,,0.1905,0.5372,0.0178,0.1664,0.1173,0.3245
fault_4,4,xmv_1_11,level,block_bootstrap,base+R1+R4,11,1100,841,0.7645,0.912,0.0098,,0.1974,0.5208,0.0178,0.1664,0.1173,0.3245
fault_4,4,xmv_1_11,level,ewc,base,11,1100,1100,1.0,0.9382,0.0073,,0.1518,0.6802,0.0156,0.1664,0.1173,0.3245
fault_4,4,xmv_1_11,level,ewc,base+R1,11,1100,917,0.8336,0.9487,0.0073,,0.1549,0.6348,0.0157,0.1664,0.1173,0.3245
fault_4,4,xmv_1_11,level,ewc,base+R4,11,1100,971,0.8827,0.9567,0.0065,,0.1473,0.6257,0.0156,0.1664,0.1173,0.3245
fault_4,4,xmv_1_11,level,ewc,base+R1+R4,11,1100,841,0.7645,0.9584,0.0069,,0.1558,0.6,0.0158,0.1664,0.1173,0.3245
fault_4,4,xmv_1_11,level,hac,base,11,1100,1100,1.0,0.9118,0.0085,,0.1782,0.5761,0.0169,0.1664,0.1173,0.3245
fault_4,4,xmv_1_11,level,hac,base+R1,11,1100,917,0.8336,0.9226,0.0088,,0.181,0.5194,0.0168,0.1664,0.1173,0.3245
fault_4,4,xmv_1_11,level,hac,base+R4,11,1100,971,0.8827,0.93,0.0082,,0.1699,0.5012,0.0169,0.1664,0.1173,0.3245
fault_4,4,xmv_1_11,level,hac,base+R1+R4,11,1100,841,0.7645,0.9322,0.0087,,0.1772,0.4785,0.0169,0.1664,0.1173,0.3245
fault_4,4,xmv_1_11,level,naive,base,11,1100,1100,1.0,0.7391,0.0132,,0.3445,0.4454,0.024,0.1664,0.1173,0.3245
fault_4,4,xmv_1_11,level,naive,base+R1,11,1100,917,0.8336,0.7863,0.0135,,0.313,0.4438,0.024,0.1664,0.1173,0.3245
fault_4,4,xmv_1_11,level,naive,base+R4,11,1100,971,0.8827,0.8002,0.0128,,0.2935,0.4433,0.0205,0.1664,0.1173,0.3245
fault_4,4,xmv_1_11,level,naive,base+R1+R4,11,1100,841,0.7645,0.8276,0.013,,0.2759,0.4423,0.0206,0.1664,0.1173,0.3245
fault_4,4,xmv_1_11,spread,block_bootstrap,base,11,1100,1100,1.0,0.8355,0.0112,,0.1827,0.339,0.0206,0.1664,0.1173,0.3245
fault_4,4,xmv_1_11,spread,block_bootstrap,base+R1,11,1100,917,0.8336,0.8451,0.0119,,0.1658,0.331,0.0206,0.1664,0.1173,0.3245
fault_4,4,xmv_1_11,spread,block_bootstrap,base+R4,11,1100,971,0.8827,0.863,0.011,,0.1329,0.328,0.0191,0.1664,0.1173,0.3245
fault_4,4,xmv_1_11,spread,block_bootstrap,base+R1+R4,11,1100,841,0.7645,0.8644,0.0118,,0.1284,0.3232,0.0191,0.1664,0.1173,0.3245
fault_4,4,xmv_1_11,spread,naive,base,11,1100,1100,1.0,0.7609,0.0129,,0.2582,0.3109,0.0227,0.1664,0.1173,0.3245
fault_4,4,xmv_1_11,spread,naive,base+R1,11,1100,917,0.8336,0.7917,0.0134,,0.2225,0.3109,0.0227,0.1664,0.1173,0.3245
fault_4,4,xmv_1_11,spread,naive,base+R4,11,1100,971,0.8827,0.8301,0.0121,,0.1802,0.3109,0.0204,0.1664,0.1173,0.3245
fault_4,4,xmv_1_11,spread,naive,base+R1+R4,11,1100,841,0.7645,0.8442,0.0125,,0.1653,0.3109,0.0204,0.1664,0.1173,0.3245
fault_5,5,xmeas_1_22,level,block_bootstrap,base,22,2200,2200,1.0,0.9809,0.0029,,0.1186,2.305,0.0066,0.1818,0.5191,0.3357
fault_5,5,xmeas_1_22,level,block_bootstrap,base+R1,22,2200,1800,0.8182,0.9783,0.0034,,0.1161,2.1598,0.0065,0.1818,0.5191,0.3357
fault_5,5,xmeas_1_22,level,block_bootstrap,base+R4,22,2200,1058,0.4809,0.9603,0.006,,0.1749,0.5615,0.0083,0.1818,0.5191,0.3357
fault_5,5,xmeas_1_22,level,block_bootstrap,base+R1+R4,22,2200,969,0.4405,0.9598,0.0063,,0.1765,0.5524,0.0084,0.1818,0.5191,0.3357
fault_5,5,xmeas_1_22,level,ewc,base,22,2200,2200,1.0,0.995,0.0015,,0.0386,3.0113,0.0049,0.1818,0.5191,0.3357
fault_5,5,xmeas_1_22,level,ewc,base+R1,22,2200,1800,0.8182,0.9939,0.0018,,0.0433,2.7513,0.0049,0.1818,0.5191,0.3357
fault_5,5,xmeas_1_22,level,ewc,base+R4,22,2200,1058,0.4809,0.9896,0.0031,,0.0747,0.6672,0.0067,0.1818,0.5191,0.3357
fault_5,5,xmeas_1_22,level,ewc,base+R1+R4,22,2200,969,0.4405,0.9886,0.0034,,0.0784,0.6563,0.0068,0.1818,0.5191,0.3357
fault_5,5,xmeas_1_22,level,hac,base,22,2200,2200,1.0,0.9855,0.0026,,0.0991,3.0183,0.0068,0.1818,0.5191,0.3357
fault_5,5,xmeas_1_22,level,hac,base+R1,22,2200,1800,0.8182,0.9833,0.003,,0.1,2.7553,0.0068,0.1818,0.5191,0.3357
fault_5,5,xmeas_1_22,level,hac,base+R4,22,2200,1058,0.4809,0.9698,0.0053,,0.1474,0.4806,0.0096,0.1818,0.5191,0.3357
fault_5,5,xmeas_1_22,level,hac,base+R1+R4,22,2200,969,0.4405,0.969,0.0056,,0.1527,0.4771,0.0096,0.1818,0.5191,0.3357
fault_5,5,xmeas_1_22,level,naive,base,22,2200,2200,1.0,0.9232,0.0057,,0.4559,0.8137,0.0164,0.1818,0.5191,0.3357
fault_5,5,xmeas_1_22,level,naive,base+R1,22,2200,1800,0.8182,0.9317,0.0059,,0.4222,0.7578,0.0164,0.1818,0.5191,0.3357
fault_5,5,xmeas_1_22,level,naive,base+R4,22,2200,1058,0.4809,0.9461,0.0069,,0.3403,0.4626,0.0159,0.1818,0.5191,0.3357
fault_5,5,xmeas_1_22,level,naive,base+R1+R4,22,2200,969,0.4405,0.9453,0.0073,,0.3333,0.4611,0.0159,0.1818,0.5191,0.3357
fault_5,5,xmeas_1_22,spread,block_bootstrap,base,22,2200,2200,1.0,0.8786,0.007,,0.7168,0.4897,0.0174,0.1818,0.5191,0.3357
fault_5,5,xmeas_1_22,spread,block_bootstrap,base+R1,22,2200,1800,0.8182,0.8878,0.0074,,0.6739,0.4539,0.0175,0.1818,0.5191,0.3357
fault_5,5,xmeas_1_22,spread,block_bootstrap,base+R4,22,2200,1058,0.4809,0.9083,0.0089,,0.4112,0.3218,0.0173,0.1818,0.5191,0.3357
fault_5,5,xmeas_1_22,spread,block_bootstrap,base+R1+R4,22,2200,969,0.4405,0.9082,0.0093,,0.3942,0.3197,0.0174,0.1818,0.5191,0.3357
fault_5,5,xmeas_1_22,spread,naive,base,22,2200,2200,1.0,0.7036,0.0097,,0.7177,0.3109,0.0259,0.1818,0.5191,0.3357
fault_5,5,xmeas_1_22,spread,naive,base+R1,22,2200,1800,0.8182,0.7344,0.0104,,0.6744,0.3109,0.0259,0.1818,0.5191,0.3357
fault_5,5,xmeas_1_22,spread,naive,base+R4,22,2200,1058,0.4809,0.8922,0.0095,,0.413,0.3109,0.0186,0.1818,0.5191,0.3357
fault_5,5,xmeas_1_22,spread,naive,base+R1+R4,22,2200,969,0.4405,0.8989,0.0097,,0.3953,0.3109,0.0186,0.1818,0.5191,0.3357
fault_5,5,xmeas_23_41,level,block_bootstrap,base,19,1900,1900,1.0,0.9758,0.0035,,0.0447,1.8548,0.0072,0.18,0.5221,0.617
fault_5,5,xmeas_23_41,level,block_bootstrap,base+R1,19,1900,1558,0.82,0.975,0.004,,0.0469,1.7566,0.0072,0.18,0.5221,0.617
fault_5,5,xmeas_23_41,level,block_bootstrap,base+R4,19,1900,908,0.4779,0.9526,0.007,,0.065,1.0488,0.0099,0.18,0.5221,0.617
fault_5,5,xmeas_23_41,level,block_bootstrap,base+R1+R4,19,1900,789,0.4153,0.9544,0.0074,,0.0672,1.0412,0.01,0.18,0.5221,0.617
fault_5,5,xmeas_23_41,level,ewc,base,19,1900,1900,1.0,0.9905,0.0022,,0.0168,2.365,0.0055,0.18,0.5221,0.617
fault_5,5,xmeas_23_41,level,ewc,base+R1,19,1900,1558,0.82,0.9904,0.0025,,0.0173,2.2253,0.0054,0.18,0.5221,0.617
fault_5,5,xmeas_23_41,level,ewc,base+R4,19,1900,908,0.4779,0.9802,0.0046,,0.0319,1.3095,0.008,0.18,0.5221,0.617
fault_5,5,xmeas_23_41,level,ewc,base+R1+R4,19,1900,789,0.4153,0.981,0.0049,,0.0304,1.3052,0.008,0.18,0.5221,0.617
fault_5,5,xmeas_23_41,level,hac,base,19,1900,1900,1.0,0.9826,0.003,,0.0247,2.4753,0.0053,0.18,0.5221,0.617
fault_5,5,xmeas_23_41,level,hac,base+R1,19,1900,1558,0.82,0.9807,0.0035,,0.027,2.2922,0.0053,0.18,0.5221,0.617
fault_5,5,xmeas_23_41,level,hac,base+R4,19,1900,908,0.4779,0.9648,0.0061,,0.0485,1.1401,0.0085,0.18,0.5221,0.617
fault_5,5,xmeas_23_41,level,hac,base+R1+R4,19,1900,789,0.4153,0.9632,0.0067,,0.0494,1.1334,0.0085,0.18,0.5221,0.617
fault_5,5,xmeas_23_41,level,naive,base,19,1900,1900,1.0,0.8363,0.0085,,0.3232,0.6842,0.021,0.18,0.5221,0.617
fault_5,5,xmeas_23_41,level,naive,base+R1,19,1900,1558,0.82,0.8421,0.0092,,0.3042,0.6632,0.021,0.18,0.5221,0.617
fault_5,5,xmeas_23_41,level,naive,base+R4,19,1900,908,0.4779,0.7544,0.0143,,0.3205,0.5096,0.023,0.18,0.5221,0.617
fault_5,5,xmeas_23_41,level,naive,base+R1+R4,19,1900,789,0.4153,0.7668,0.0151,,0.3067,0.5096,0.023,0.18,0.5221,0.617
fault_5,5,xmeas_23_41,spread,block_bootstrap,base,19,1900,1900,1.0,0.9132,0.0065,,0.7595,0.5709,0.0169,0.18,0.5221,0.617
fault_5,5,xmeas_23_41,spread,block_bootstrap,base+R1,19,1900,1558,0.82,0.9159,0.007,,0.7407,0.5662,0.0171,0.18,0.5221,0.617
fault_5,5,xmeas_23_41,spread,block_bootstrap,base+R4,19,1900,908,0.4779,0.9097,0.0095,,0.5319,0.5094,0.0167,0.18,0.5221,0.617
fault_5,5,xmeas_23_41,spread,block_bootstrap,base+R1+R4,19,1900,789,0.4153,0.9125,0.0101,,0.526,0.504,0.0165,0.18,0.5221,0.617
fault_5,5,xmeas_23_41,spread,naive,base,19,1900,1900,1.0,0.7,0.0105,,0.8453,0.3109,0.0309,0.18,0.5221,0.617
fault_5,5,xmeas_23_41,spread,naive,base+R1,19,1900,1558,0.82,0.7144,0.0114,,0.835,0.3109,0.0309,0.18,0.5221,0.617
fault_5,5,xmeas_23_41,spread,naive,base+R4,19,1900,908,0.4779,0.7445,0.0145,,0.6938,0.3109,0.0273,0.18,0.5221,0.617
fault_5,5,xmeas_23_41,spread,naive,base+R1+R4,19,1900,789,0.4153,0.7554,0.0153,,0.6946,0.3109,0.0273,0.18,0.5221,0.617
fault_5,5,xmv_1_11,level,block_bootstrap,base,11,1100,1100,1.0,0.9791,0.0043,,0.1855,1.4807,0.007,0.1664,0.4236,0.3245
fault_5,5,xmv_1_11,level,block_bootstrap,base+R1,11,1100,917,0.8336,0.9771,0.0049,,0.1941,1.3433,0.007,0.1664,0.4236,0.3245
fault_5,5,xmv_1_11,level,block_bootstrap,base+R4,11,1100,634,0.5764,0.9637,0.0074,,0.2823,0.6921,0.0109,0.1664,0.4236,0.3245
fault_5,5,xmv_1_11,level,block_bootstrap,base+R1+R4,11,1100,579,0.5264,0.9637,0.0078,,0.2919,0.6888,0.0112,0.1664,0.4236,0.3245
fault_5,5,xmv_1_11,level,ewc,base,11,1100,1100,1.0,0.9918,0.0027,,0.1255,2.0117,0.0056,0.1664,0.4236,0.3245
fault_5,5,xmv_1_11,level,ewc,base+R1,11,1100,917,0.8336,0.9902,0.0033,,0.1418,1.8515,0.0056,0.1664,0.4236,0.3245
fault_5,5,xmv_1_11,level,ewc,base+R4,11,1100,634,0.5764,0.9858,0.0047,,0.2177,0.8369,0.0088,0.1664,0.4236,0.3245
fault_5,5,xmv_1_11,level,ewc,base+R1+R4,11,1100,579,0.5264,0.9845,0.0051,,0.2245,0.828,0.0091,0.1664,0.4236,0.3245
fault_5,5,xmv_1_11,level,hac,base,11,1100,1100,1.0,0.9836,0.0038,,0.1673,1.535,0.0068,0.1664,0.4236,0.3245
fault_5,5,xmv_1_11,level,hac,base+R1,11,1100,917,0.8336,0.9826,0.0043,,0.1723,1.3546,0.0068,0.1664,0.4236,0.3245
fault_5,5,xmv_1_11,level,hac,base+R4,11,1100,634,0.5764,0.9716,0.0066,,0.2476,0.6927,0.0104,0.1664,0.4236,0.3245
fault_5,5,xmv_1_11,level,hac,base+R1+R4,11,1100,579,0.5264,0.9724,0.0068,,0.2556,0.6905,0.0107,0.1664,0.4236,0.3245
fault_5,5,xmv_1_11,level,naive,base,11,1100,1100,1.0,0.9182,0.0083,,0.4727,0.6363,0.0163,0.1664,0.4236,0.3245
fault_5,5,xmv_1_11,level,naive,base+R1,11,1100,917,0.8336,0.9324,0.0083,,0.4722,0.6034,0.0163,0.1664,0.4236,0.3245
fault_5,5,xmv_1_11,level,naive,base+R4,11,1100,634,0.5764,0.9306,0.0101,,0.4937,0.4744,0.0165,0.1664,0.4236,0.3245
fault_5,5,xmv_1_11,level,naive,base+R1+R4,11,1100,579,0.5264,0.9344,0.0103,,0.5043,0.4738,0.0165,0.1664,0.4236,0.3245
fault_5,5,xmv_1_11,spread,block_bootstrap,base,11,1100,1100,1.0,0.8964,0.0092,,0.7009,0.4362,0.0172,0.1664,0.4236,0.3245
fault_5,5,xmv_1_11,spread,block_bootstrap,base+R1,11,1100,917,0.8336,0.9073,0.0096,,0.6696,0.4048,0.0173,0.1664,0.4236,0.3245
fault_5,5,xmv_1_11,spread,block_bootstrap,base+R4,11,1100,634,0.5764,0.9022,0.0118,,0.4811,0.3365,0.0171,0.1664,0.4236,0.3245
fault_5,5,xmv_1_11,spread,block_bootstrap,base+R1+R4,11,1100,579,0.5264,0.9016,0.0124,,0.4767,0.3345,0.0174,0.1664,0.4236,0.3245
fault_5,5,xmv_1_11,spread,naive,base,11,1100,1100,1.0,0.7655,0.0128,,0.7091,0.3109,0.0223,0.1664,0.4236,0.3245
fault_5,5,xmv_1_11,spread,naive,base+R1,11,1100,917,0.8336,0.7928,0.0134,,0.6772,0.3109,0.0223,0.1664,0.4236,0.3245
fault_5,5,xmv_1_11,spread,naive,base+R4,11,1100,634,0.5764,0.8927,0.0123,,0.4953,0.3109,0.0217,0.1664,0.4236,0.3245
fault_5,5,xmv_1_11,spread,naive,base+R1+R4,11,1100,579,0.5264,0.8912,0.0129,,0.4888,0.3109,0.0217,0.1664,0.4236,0.3245
fault_6,6,xmeas_1_22,level,block_bootstrap,base,22,2200,2200,1.0,0.9368,0.0052,,0.7673,2.4656,0.0092,0.1818,0.5214,0.3357
fault_6,6,xmeas_1_22,level,block_bootstrap,base+R1,22,2200,1800,0.8182,0.9256,0.0062,,0.7467,1.6316,0.0092,0.1818,0.5214,0.3357
fault_6,6,xmeas_1_22,level,block_bootstrap,base+R4,22,2200,1053,0.4786,0.868,0.0104,,0.5745,0.5805,0.0173,0.1818,0.5214,0.3357
fault_6,6,xmeas_1_22,level,block_bootstrap,base+R1+R4,22,2200,969,0.4405,0.8617,0.0111,,0.5686,0.5744,0.0173,0.1818,0.5214,0.3357
fault_6,6,xmeas_1_22,level,ewc,base,22,2200,2200,1.0,0.9677,0.0038,,0.7209,3.3823,0.0071,0.1818,0.5214,0.3357
fault_6,6,xmeas_1_22,level,ewc,base+R1,22,2200,1800,0.8182,0.9617,0.0045,,0.6967,2.1834,0.007,0.1818,0.5214,0.3357
fault_6,6,xmeas_1_22,level,ewc,base+R4,22,2200,1053,0.4786,0.9326,0.0077,,0.4929,0.7292,0.0154,0.1818,0.5214,0.3357
fault_6,6,xmeas_1_22,level,ewc,base+R1+R4,22,2200,969,0.4405,0.9288,0.0083,,0.4861,0.7221,0.0156,0.1818,0.5214,0.3357
fault_6,6,xmeas_1_22,level,hac,base,22,2200,2200,1.0,0.9159,0.0059,,0.775,3.6831,0.0075,0.1818,0.5214,0.3357
fault_6,6,xmeas_1_22,level,hac,base+R1,22,2200,1800,0.8182,0.9011,0.007,,0.76,1.9946,0.0075,0.1818,0.5214,0.3357
fault_6,6,xmeas_1_22,level,hac,base+R4,22,2200,1053,0.4786,0.8243,0.0117,,0.6059,0.5006,0.0172,0.1818,0.5214,0.3357
fault_6,6,xmeas_1_22,level,hac,base+R1+R4,22,2200,969,0.4405,0.8163,0.0124,,0.6027,0.4953,0.0172,0.1818,0.5214,0.3357
fault_6,6,xmeas_1_22,level,naive,base,22,2200,2200,1.0,0.8195,0.0082,,0.8632,0.8683,0.0205,0.1818,0.5214,0.3357
fault_6,6,xmeas_1_22,level,naive,base+R1,22,2200,1800,0.8182,0.81,0.0092,,0.8467,0.6416,0.0205,0.1818,0.5214,0.3357
fault_6,6,xmeas_1_22,level,naive,base+R4,22,2200,1053,0.4786,0.7417,0.0135,,0.717,0.4317,0.0264,0.1818,0.5214,0.3357
fault_6,6,xmeas_1_22,level,naive,base+R1+R4,22,2200,969,0.4405,0.7379,0.0141,,0.7162,0.4309,0.0263,0.1818,0.5214,0.3357
fault_6,6,xmeas_1_22,spread,block_bootstrap,base,22,2200,2200,1.0,0.85,0.0076,,0.7018,0.5003,0.0231,0.1818,0.5214,0.3357
fault_6,6,xmeas_1_22,spread,block_bootstrap,base+R1,22,2200,1800,0.8182,0.8611,0.0082,,0.66,0.4743,0.023,0.1818,0.5214,0.3357
fault_6,6,xmeas_1_22,spread,block_bootstrap,base+R4,22,2200,1053,0.4786,0.8927,0.0095,,0.377,0.4189,0.0195,0.1818,0.5214,0.3357
fault_6,6,xmeas_1_22,spread,block_bootstrap,base+R1+R4,22,2200,969,0.4405,0.8937,0.0099,,0.3684,0.4183,0.0193,0.1818,0.5214,0.3357
fault_6,6,xmeas_1_22,spread,naive,base,22,2200,2200,1.0,0.6736,0.01,,0.7582,0.3109,0.0303,0.1818,0.5214,0.3357
fault_6,6,xmeas_1_22,spread,naive,base+R1,22,2200,1800,0.8182,0.6933,0.0109,,0.7244,0.3109,0.0303,0.1818,0.5214,0.3357
fault_6,6,xmeas_1_22,spread,naive,base+R4,22,2200,1053,0.4786,0.7949,0.0124,,0.4948,0.3109,0.0271,0.1818,0.5214,0.3357
fault_6,6,xmeas_1_22,spread,naive,base+R1+R4,22,2200,969,0.4405,0.7946,0.013,,0.4881,0.3109,0.0271,0.1818,0.5214,0.3357
fault_6,6,xmeas_23_41,level,block_bootstrap,base,19,1900,1900,1.0,0.9758,0.0035,,0.8611,2.0818,0.0087,0.18,0.5768,0.617
fault_6,6,xmeas_23_41,level,block_bootstrap,base+R1,19,1900,1558,0.82,0.973,0.0041,,0.853,1.8656,0.0086,0.18,0.5768,0.617
fault_6,6,xmeas_23_41,level,block_bootstrap,base+R4,19,1900,804,0.4232,0.954,0.0074,,0.7177,1.0092,0.0134,0.18,0.5768,0.617
fault_6,6,xmeas_23_41,level,block_bootstrap,base+R1+R4,19,1900,714,0.3758,0.9524,0.008,,0.7157,1.0027,0.0132,0.18,0.5768,0.617
fault_6,6,xmeas_23_41,level,ewc,base,19,1900,1900,1.0,0.9953,0.0016,,0.8174,2.7238,0.0066,0.18,0.5768,0.617
fault_6,6,xmeas_23_41,level,ewc,base+R1,19,1900,1558,0.82,0.9949,0.0018,,0.8094,2.3842,0.0066,0.18,0.5768,0.617
fault_6,6,xmeas_23_41,level,ewc,base+R4,19,1900,804,0.4232,0.99,0.0035,,0.6729,1.2395,0.0113,0.18,0.5768,0.617
fault_6,6,xmeas_23_41,level,ewc,base+R1+R4,19,1900,714,0.3758,0.9902,0.0037,,0.6765,1.2325,0.0113,0.18,0.5768,0.617
fault_6,6,xmeas_23_41,level,hac,base,19,1900,1900,1.0,0.99,0.0023,,0.8242,2.8728,0.0071,0.18,0.5768,0.617
fault_6,6,xmeas_23_41,level,hac,base+R1,19,1900,1558,0.82,0.9884,0.0027,,0.8164,2.418,0.0073,0.18,0.5768,0.617
fault_6,6,xmeas_23_41,level,hac,base+R4,19,1900,804,0.4232,0.9776,0.0052,,0.7027,1.076,0.0124,0.18,0.5768,0.617
fault_6,6,xmeas_23_41,level,hac,base+R1+R4,19,1900,714,0.3758,0.9762,0.0057,,0.7073,1.0596,0.0123,0.18,0.5768,0.617
fault_6,6,xmeas_23_41,level,naive,base,19,1900,1900,1.0,0.8426,0.0084,,0.9242,0.7513,0.019,0.18,0.5768,0.617
fault_6,6,xmeas_23_41,level,naive,base+R1,19,1900,1558,0.82,0.8453,0.0092,,0.9159,0.6771,0.019,0.18,0.5768,0.617
fault_6,6,xmeas_23_41,level,naive,base+R4,19,1900,804,0.4232,0.74,0.0155,,0.8271,0.4952,0.0264,0.18,0.5768,0.617
fault_6,6,xmeas_23_41,level,naive,base+R1+R4,19,1900,714,0.3758,0.7549,0.0161,,0.8221,0.494,0.0264,0.18,0.5768,0.617
fault_6,6,xmeas_23_41,spread,block_bootstrap,base,19,1900,1900,1.0,0.9068,0.0067,,0.7116,0.5586,0.017,0.18,0.5768,0.617
fault_6,6,xmeas_23_41,spread,block_bootstrap,base+R1,19,1900,1558,0.82,0.9069,0.0074,,0.6855,0.555,0.0172,0.18,0.5768,0.617
fault_6,6,xmeas_23_41,spread,block_bootstrap,base+R4,19,1900,804,0.4232,0.8868,0.0112,,0.3843,0.525,0.0192,0.18,0.5768,0.617
fault_6,6,xmeas_23_41,spread,block_bootstrap,base+R1+R4,19,1900,714,0.3758,0.8866,0.0119,,0.3796,0.5209,0.0191,0.18,0.5768,0.617
fault_6,6,xmeas_23_41,spread,naive,base,19,1900,1900,1.0,0.7226,0.0103,,0.8379,0.3109,0.027,0.18,0.5768,0.617
fault_6,6,xmeas_23_41,spread,naive,base+R1,19,1900,1558,0.82,0.7285,0.0113,,0.8209,0.3109,0.027,0.18,0.5768,0.617
fault_6,6,xmeas_23_41,spread,naive,base+R4,19,1900,804,0.4232,0.6617,0.0167,,0.6418,0.3109,0.0357,0.18,0.5768,0.617
fault_6,6,xmeas_23_41,spread,naive,base+R1+R4,19,1900,714,0.3758,0.6737,0.0175,,0.6331,0.3109,0.0357,0.18,0.5768,0.617
fault_6,6,xmv_1_11,level,block_bootstrap,base,11,1100,1100,1.0,0.8409,0.011,,0.8227,2.5046,0.0162,0.1664,0.5682,0.3245
fault_6,6,xmv_1_11,level,block_bootstrap,base+R1,11,1100,917,0.8336,0.8451,0.0119,,0.8124,2.2349,0.0163,0.1664,0.5682,0.3245
fault_6,6,xmv_1_11,level,block_bootstrap,base+R4,11,1100,475,0.4318,0.8547,0.0162,,0.7495,0.8751,0.0183,0.1664,0.5682,0.3245
fault_6,6,xmv_1_11,level,block_bootstrap,base+R1+R4,11,1100,433,0.3936,0.8476,0.0173,,0.7529,0.859,0.0184,0.1664,0.5682,0.3245
fault_6,6,xmv_1_11,level,ewc,base,11,1100,1100,1.0,0.9673,0.0054,,0.78,3.6763,0.0144,0.1664,0.5682,0.3245
fault_6,6,xmv_1_11,level,ewc,base+R1,11,1100,917,0.8336,0.964,0.0062,,0.7666,3.2867,0.0146,0.1664,0.5682,0.3245
fault_6,6,xmv_1_11,level,ewc,base+R4,11,1100,475,0.4318,0.9284,0.0118,,0.6779,1.1065,0.0164,0.1664,0.5682,0.3245
fault_6,6,xmv_1_11,level,ewc,base+R1+R4,11,1100,433,0.3936,0.9284,0.0124,,0.6813,1.0551,0.0165,0.1664,0.5682,0.3245
fault_6,6,xmv_1_11,level,hac,base,11,1100,1100,1.0,0.9455,0.0068,,0.7945,3.9879,0.0164,0.1664,0.5682,0.3245
fault_6,6,xmv_1_11,level,hac,base+R1,11,1100,917,0.8336,0.94,0.0078,,0.7819,3.45,0.0164,0.1664,0.5682,0.3245
fault_6,6,xmv_1_11,level,hac,base+R4,11,1100,475,0.4318,0.8863,0.0146,,0.7242,0.8476,0.018,0.1664,0.5682,0.3245
fault_6,6,xmv_1_11,level,hac,base+R1+R4,11,1100,433,0.3936,0.8822,0.0155,,0.7275,0.8163,0.018,0.1664,0.5682,0.3245
fault_6,6,xmv_1_11,level,naive,base,11,1100,1100,1.0,0.6591,0.0143,,0.8836,0.962,0.0268,0.1664,0.5682,0.3245
fault_6,6,xmv_1_11,level,naive,base+R1,11,1100,917,0.8336,0.6543,0.0157,,0.8724,0.8739,0.0268,0.1664,0.5682,0.3245
fault_6,6,xmv_1_11,level,naive,base+R4,11,1100,475,0.4318,0.7158,0.0207,,0.7811,0.5059,0.0315,0.1664,0.5682,0.3245
fault_6,6,xmv_1_11,level,naive,base+R1+R4,11,1100,433,0.3936,0.7113,0.0218,,0.7783,0.5044,0.0313,0.1664,0.5682,0.3245
fault_6,6,xmv_1_11,spread,block_bootstrap,base,11,1100,1100,1.0,0.8027,0.012,,0.7409,0.5588,0.027,0.1664,0.5682,0.3245
fault_6,6,xmv_1_11,spread,block_bootstrap,base+R1,11,1100,917,0.8336,0.8092,0.013,,0.7197,0.529,0.027,0.1664,0.5682,0.3245
fault_6,6,xmv_1_11,spread,block_bootstrap,base+R4,11,1100,475,0.4318,0.7705,0.0193,,0.6105,0.4276,0.0271,0.1664,0.5682,0.3245
fault_6,6,xmv_1_11,spread,block_bootstrap,base+R1+R4,11,1100,433,0.3936,0.7737,0.0201,,0.6143,0.4274,0.027,0.1664,0.5682,0.3245
fault_6,6,xmv_1_11,spread,naive,base,11,1100,1100,1.0,0.57,0.0149,,0.88,0.3109,0.0376,0.1664,0.5682,0.3245
fault_6,6,xmv_1_11,spread,naive,base+R1,11,1100,917,0.8336,0.5834,0.0163,,0.867,0.3109,0.0376,0.1664,0.5682,0.3245
fault_6,6,xmv_1_11,spread,naive,base+R4,11,1100,475,0.4318,0.6884,0.0213,,0.7221,0.3109,0.0376,0.1664,0.5682,0.3245
fault_6,6,xmv_1_11,spread,naive,base+R1+R4,11,1100,433,0.3936,0.6952,0.0221,,0.7182,0.3109,0.0376,0.1664,0.5682,0.3245
fault_7,7,xmeas_1_22,level,block_bootstrap,base,22,2200,2200,1.0,0.9891,0.0022,,0.0105,4.6328,0.0037,0.1818,0.6364,0.3357
fault_7,7,xmeas_1_22,level,block_bootstrap,base+R1,22,2200,1800,0.8182,0.9883,0.0025,,0.0111,3.8973,0.0038,0.1818,0.6364,0.3357
fault_7,7,xmeas_1_22,level,block_bootstrap,base+R4,22,2200,800,0.3636,0.97,0.006,,0.0288,0.5988,0.0124,0.1818,0.6364,0.3357
fault_7,7,xmeas_1_22,level,block_bootstrap,base+R1+R4,22,2200,749,0.3405,0.972,0.006,,0.0267,0.6108,0.0124,0.1818,0.6364,0.3357
fault_7,7,xmeas_1_22,level,ewc,base,22,2200,2200,1.0,0.9964,0.0013,,0.0041,6.496,0.0027,0.1818,0.6364,0.3357
fault_7,7,xmeas_1_22,level,ewc,base+R1,22,2200,1800,0.8182,0.9961,0.0015,,0.0044,5.3061,0.0028,0.1818,0.6364,0.3357
fault_7,7,xmeas_1_22,level,ewc,base+R4,22,2200,800,0.3636,0.99,0.0035,,0.0112,0.7005,0.0107,0.1818,0.6364,0.3357
fault_7,7,xmeas_1_22,level,ewc,base+R1+R4,22,2200,749,0.3405,0.9907,0.0035,,0.0107,0.7128,0.0107,0.1818,0.6364,0.3357
fault_7,7,xmeas_1_22,level,hac,base,22,2200,2200,1.0,0.9868,0.0024,,0.0118,4.7526,0.0044,0.1818,0.6364,0.3357
fault_7,7,xmeas_1_22,level,hac,base+R1,22,2200,1800,0.8182,0.985,0.0029,,0.0133,4.2831,0.0044,0.1818,0.6364,0.3357
fault_7,7,xmeas_1_22,level,hac,base+R4,22,2200,800,0.3636,0.9637,0.0066,,0.0325,0.4934,0.0145,0.1818,0.6364,0.3357
fault_7,7,xmeas_1_22,level,hac,base+R1+R4,22,2200,749,0.3405,0.964,0.0068,,0.032,0.4952,0.0144,0.1818,0.6364,0.3357
fault_7,7,xmeas_1_22,level,naive,base,22,2200,2200,1.0,0.9795,0.003,,0.1414,1.5741,0.0106,0.1818,0.6364,0.3357
fault_7,7,xmeas_1_22,level,naive,base+R1,22,2200,1800,0.8182,0.9783,0.0034,,0.1317,1.3109,0.0106,0.1818,0.6364,0.3357
fault_7,7,xmeas_1_22,level,naive,base+R4,22,2200,800,0.3636,0.95,0.0077,,0.05,0.4664,0.0159,0.1818,0.6364,0.3357
fault_7,7,xmeas_1_22,level,naive,base+R1+R4,22,2200,749,0.3405,0.9493,0.008,,0.0507,0.4666,0.0158,0.1818,0.6364,0.3357
fault_7,7,xmeas_1_22,spread,block_bootstrap,base,22,2200,2200,1.0,0.9027,0.0063,,0.8023,0.5253,0.0165,0.1818,0.6364,0.3357
fault_7,7,xmeas_1_22,spread,block_bootstrap,base+R1,22,2200,1800,0.8182,0.915,0.0066,,0.775,0.4949,0.0165,0.1818,0.6364,0.3357
fault_7,7,xmeas_1_22,spread,block_bootstrap,base+R4,22,2200,800,0.3636,0.9537,0.0074,,0.4562,0.3202,0.0165,0.1818,0.6364,0.3357
fault_7,7,xmeas_1_22,spread,block_bootstrap,base+R1+R4,22,2200,749,0.3405,0.9519,0.0078,,0.4593,0.3196,0.0165,0.1818,0.6364,0.3357
fault_7,7,xmeas_1_22,spread,naive,base,22,2200,2200,1.0,0.75,0.0092,,0.8009,0.3109,0.0201,0.1818,0.6364,0.3357
fault_7,7,xmeas_1_22,spread,naive,base+R1,22,2200,1800,0.8182,0.7756,0.0098,,0.7733,0.3109,0.0201,0.1818,0.6364,0.3357
fault_7,7,xmeas_1_22,spread,naive,base+R4,22,2200,800,0.3636,0.9525,0.0075,,0.4525,0.3109,0.0157,0.1818,0.6364,0.3357
fault_7,7,xmeas_1_22,spread,naive,base+R1+R4,22,2200,749,0.3405,0.9493,0.008,,0.4553,0.3109,0.0157,0.1818,0.6364,0.3357
fault_7,7,xmeas_23_41,level,block_bootstrap,base,19,1900,1900,1.0,0.9868,0.0026,,0.0158,3.2321,0.0046,0.18,0.7626,0.617
fault_7,7,xmeas_23_41,level,block_bootstrap,base+R1,19,1900,1558,0.82,0.9865,0.0029,,0.0167,3.0534,0.0046,0.18,0.7626,0.617
fault_7,7,xmeas_23_41,level,block_bootstrap,base+R4,19,1900,451,0.2374,0.949,0.0104,,0.0621,1.1626,0.0132,0.18,0.7626,0.617
fault_7,7,xmeas_23_41,level,block_bootstrap,base+R1+R4,19,1900,399,0.21,0.9524,0.0107,,0.0602,1.2023,0.0128,0.18,0.7626,0.617
fault_7,7,xmeas_23_41,level,ewc,base,19,1900,1900,1.0,0.9974,0.0012,,0.0032,4.3134,0.0033,0.18,0.7626,0.617
fault_7,7,xmeas_23_41,level,ewc,base+R1,19,1900,1558,0.82,0.9974,0.0013,,0.0032,4.0746,0.0033,0.18,0.7626,0.617
fault_7,7,xmeas_23_41,level,ewc,base+R4,19,1900,451,0.2374,0.9889,0.0049,,0.0133,1.4136,0.011,0.18,0.7626,0.617
fault_7,7,xmeas_23_41,level,ewc,base+R1+R4,19,1900,399,0.21,0.99,0.005,,0.0125,1.4486,0.0111,0.18,0.7626,0.617
fault_7,7,xmeas_23_41,level,hac,base,19,1900,1900,1.0,0.9921,0.002,,0.01,3.893,0.0043,0.18,0.7626,0.617
fault_7,7,xmeas_23_41,level,hac,base+R1,19,1900,1558,0.82,0.991,0.0024,,0.0109,3.7683,0.0043,0.18,0.7626,0.617
fault_7,7,xmeas_23_41,level,hac,base+R4,19,1900,451,0.2374,0.9667,0.0084,,0.0399,1.2852,0.0112,0.18,0.7626,0.617
fault_7,7,xmeas_23_41,level,hac,base+R1+R4,19,1900,399,0.21,0.9649,0.0092,,0.0401,1.3008,0.0112,0.18,0.7626,0.617
fault_7,7,xmeas_23_41,level,naive,base,19,1900,1900,1.0,0.9037,0.0068,,0.2053,1.0892,0.0137,0.18,0.7626,0.617
fault_7,7,xmeas_23_41,level,naive,base+R1,19,1900,1558,0.82,0.9031,0.0075,,0.1926,1.0409,0.0138,0.18,0.7626,0.617
fault_7,7,xmeas_23_41,level,naive,base+R4,19,1900,451,0.2374,0.7517,0.0203,,0.2794,0.5182,0.0313,0.18,0.7626,0.617
fault_7,7,xmeas_23_41,level,naive,base+R1+R4,19,1900,399,0.21,0.7744,0.0209,,0.2581,0.5286,0.0317,0.18,0.7626,0.617
fault_7,7,xmeas_23_41,spread,block_bootstrap,base,19,1900,1900,1.0,0.9458,0.0052,,0.8642,0.5664,0.0156,0.18,0.7626,0.617
fault_7,7,xmeas_23_41,spread,block_bootstrap,base+R1,19,1900,1558,0.82,0.9474,0.0057,,0.8601,0.5571,0.0156,0.18,0.7626,0.617
fault_7,7,xmeas_23_41,spread,block_bootstrap,base+R4,19,1900,451,0.2374,0.9313,0.0119,,0.5144,0.5222,0.0178,0.18,0.7626,0.617
fault_7,7,xmeas_23_41,spread,block_bootstrap,base+R1+R4,19,1900,399,0.21,0.9323,0.0126,,0.5439,0.5157,0.0169,0.18,0.7626,0.617
fault_7,7,xmeas_23_41,spread,naive,base,19,1900,1900,1.0,0.7553,0.0099,,0.9263,0.3109,0.0257,0.18,0.7626,0.617
fault_7,7,xmeas_23_41,spread,naive,base+R1,19,1900,1558,0.82,0.7657,0.0107,,0.9255,0.3109,0.0257,0.18,0.7626,0.617
fault_7,7,xmeas_23_41,spread,naive,base+R4,19,1900,451,0.2374,0.7361,0.0208,,0.7073,0.3109,0.0336,0.18,0.7626,0.617
fault_7,7,xmeas_23_41,spread,naive,base+R1+R4,19,1900,399,0.21,0.7644,0.0212,,0.7293,0.3109,0.0336,0.18,0.7626,0.617
fault_7,7,xmv_1_11,level,block_bootstrap,base,11,1100,1100,1.0,0.9864,0.0035,,0.1064,3.3579,0.0039,0.1664,0.5673,0.3245
fault_7,7,xmv_1_11,level,block_bootstrap,base+R1,11,1100,917,0.8336,0.9847,0.004,,0.108,3.1247,0.0039,0.1664,0.5673,0.3245
fault_7,7,xmv_1_11,level,block_bootstrap,base+R4,11,1100,476,0.4327,0.9685,0.008,,0.0336,0.5667,0.0104,0.1664,0.5673,0.3245
fault_7,7,xmv_1_11,level,block_bootstrap,base+R1+R4,11,1100,441,0.4009,0.9683,0.0083,,0.0317,0.5654,0.0104,0.1664,0.5673,0.3245
fault_7,7,xmv_1_11,level,ewc,base,11,1100,1100,1.0,0.9964,0.0018,,0.0945,4.5919,0.0028,0.1664,0.5673,0.3245
fault_7,7,xmv_1_11,level,ewc,base+R1,11,1100,917,0.8336,0.9956,0.0022,,0.0981,4.3092,0.0028,0.1664,0.5673,0.3245
fault_7,7,xmv_1_11,level,ewc,base+R4,11,1100,476,0.4327,0.9916,0.0042,,0.0126,0.6757,0.0084,0.1664,0.5673,0.3245
fault_7,7,xmv_1_11,level,ewc,base+R1+R4,11,1100,441,0.4009,0.9909,0.0045,,0.0136,0.6742,0.0084,0.1664,0.5673,0.3245
fault_7,7,xmv_1_11,level,hac,base,11,1100,1100,1.0,0.9836,0.0038,,0.1082,3.9622,0.0033,0.1664,0.5673,0.3245
fault_7,7,xmv_1_11,level,hac,base+R1,11,1100,917,0.8336,0.9826,0.0043,,0.1123,3.7509,0.0033,0.1664,0.5673,0.3245
fault_7,7,xmv_1_11,level,hac,base+R4,11,1100,476,0.4327,0.9622,0.0087,,0.0441,0.4829,0.011,0.1664,0.5673,0.3245
fault_7,7,xmv_1_11,level,hac,base+R1+R4,11,1100,441,0.4009,0.9637,0.0089,,0.0431,0.4832,0.011,0.1664,0.5673,0.3245
fault_7,7,xmv_1_11,level,naive,base,11,1100,1100,1.0,0.9727,0.0049,,0.2145,1.1589,0.0119,0.1664,0.5673,0.3245
fault_7,7,xmv_1_11,level,naive,base+R1,11,1100,917,0.8336,0.9706,0.0056,,0.1876,1.0868,0.0119,0.1664,0.5673,0.3245
fault_7,7,xmv_1_11,level,naive,base+R4,11,1100,476,0.4327,0.9412,0.0108,,0.0651,0.4643,0.0157,0.1664,0.5673,0.3245
fault_7,7,xmv_1_11,level,naive,base+R1+R4,11,1100,441,0.4009,0.941,0.0112,,0.0635,0.4643,0.0157,0.1664,0.5673,0.3245
fault_7,7,xmv_1_11,spread,block_bootstrap,base,11,1100,1100,1.0,0.9182,0.0083,,0.7555,0.4576,0.0161,0.1664,0.5673,0.3245
fault_7,7,xmv_1_11,spread,block_bootstrap,base+R1,11,1100,917,0.8336,0.9313,0.0084,,0.7274,0.4399,0.0161,0.1664,0.5673,0.3245
fault_7,7,xmv_1_11,spread,block_bootstrap,base+R4,11,1100,476,0.4327,0.9559,0.0094,,0.4349,0.3171,0.0164,0.1664,0.5673,0.3245
fault_7,7,xmv_1_11,spread,block_bootstrap,base+R1+R4,11,1100,441,0.4009,0.9546,0.0099,,0.4331,0.3153,0.0164,0.1664,0.5673,0.3245
fault_7,7,xmv_1_11,spread,naive,base,11,1100,1100,1.0,0.8118,0.0118,,0.7455,0.3109,0.0205,0.1664,0.5673,0.3245
fault_7,7,xmv_1_11,spread,naive,base+R1,11,1100,917,0.8336,0.8364,0.0122,,0.7165,0.3109,0.0205,0.1664,0.5673,0.3245
fault_7,7,xmv_1_11,spread,naive,base+R4,11,1100,476,0.4327,0.9517,0.0098,,0.4118,0.3109,0.0158,0.1664,0.5673,0.3245
fault_7,7,xmv_1_11,spread,naive,base+R1+R4,11,1100,441,0.4009,0.9478,0.0106,,0.4104,0.3109,0.0158,0.1664,0.5673,0.3245
fault_8,8,xmeas_1_22,level,block_bootstrap,base,22,2200,2200,1.0,0.8455,0.0077,,0.1559,2.1905,0.0174,0.1818,0.5023,0.3357
fault_8,8,xmeas_1_22,level,block_bootstrap,base+R1,22,2200,1800,0.8182,0.8583,0.0082,,0.1422,1.7237,0.0175,0.1818,0.5023,0.3357
fault_8,8,xmeas_1_22,level,block_bootstrap,base+R4,22,2200,1095,0.4977,0.9041,0.0089,,0.0959,0.5679,0.0174,0.1818,0.5023,0.3357
fault_8,8,xmeas_1_22,level,block_bootstrap,base+R1+R4,22,2200,1009,0.4586,0.9078,0.0091,,0.0922,0.5573,0.0175,0.1818,0.5023,0.3357
fault_8,8,xmeas_1_22,level,ewc,base,22,2200,2200,1.0,0.915,0.0059,,0.0841,2.9069,0.0149,0.1818,0.5023,0.3357
fault_8,8,xmeas_1_22,level,ewc,base+R1,22,2200,1800,0.8182,0.9206,0.0064,,0.0789,2.3665,0.015,0.1818,0.5023,0.3357
fault_8,8,xmeas_1_22,level,ewc,base+R4,22,2200,1095,0.4977,0.9489,0.0067,,0.0475,0.6738,0.0152,0.1818,0.5023,0.3357
fault_8,8,xmeas_1_22,level,ewc,base+R1+R4,22,2200,1009,0.4586,0.9504,0.0068,,0.0476,0.6545,0.0152,0.1818,0.5023,0.3357
fault_8,8,xmeas_1_22,level,hac,base,22,2200,2200,1.0,0.8705,0.0072,,0.1286,2.5503,0.018,0.1818,0.5023,0.3357
fault_8,8,xmeas_1_22,level,hac,base+R1,22,2200,1800,0.8182,0.8767,0.0078,,0.1228,2.0143,0.0179,0.1818,0.5023,0.3357
fault_8,8,xmeas_1_22,level,hac,base+R4,22,2200,1095,0.4977,0.9142,0.0085,,0.0831,0.4989,0.017,0.1818,0.5023,0.3357
fault_8,8,xmeas_1_22,level,hac,base+R1+R4,22,2200,1009,0.4586,0.9158,0.0087,,0.0823,0.4946,0.017,0.1818,0.5023,0.3357
fault_8,8,xmeas_1_22,level,naive,base,22,2200,2200,1.0,0.6136,0.0104,,0.3955,0.7988,0.0432,0.1818,0.5023,0.3357
fault_8,8,xmeas_1_22,level,naive,base+R1,22,2200,1800,0.8182,0.6478,0.0113,,0.365,0.6952,0.0419,0.1818,0.5023,0.3357
fault_8,8,xmeas_1_22,level,naive,base+R4,22,2200,1095,0.4977,0.8,0.0121,,0.2009,0.4612,0.0313,0.1818,0.5023,0.3357
fault_8,8,xmeas_1_22,level,naive,base+R1+R4,22,2200,1009,0.4586,0.8097,0.0124,,0.1923,0.4604,0.0312,0.1818,0.5023,0.3357
fault_8,8,xmeas_1_22,spread,block_bootstrap,base,22,2200,2200,1.0,0.7523,0.0092,,0.6973,0.5345,0.0327,0.1818,0.5023,0.3357
fault_8,8,xmeas_1_22,spread,block_bootstrap,base+R1,22,2200,1800,0.8182,0.7583,0.0101,,0.6533,0.4863,0.0338,0.1818,0.5023,0.3357
fault_8,8,xmeas_1_22,spread,block_bootstrap,base+R4,22,2200,1095,0.4977,0.8183,0.0117,,0.3954,0.3294,0.0237,0.1818,0.5023,0.3357
fault_8,8,xmeas_1_22,spread,block_bootstrap,base+R1+R4,22,2200,1009,0.4586,0.8176,0.0122,,0.3855,0.328,0.0237,0.1818,0.5023,0.3357
fault_8,8,xmeas_1_22,spread,naive,base,22,2200,2200,1.0,0.5527,0.0106,,0.7082,0.3109,0.0658,0.1818,0.5023,0.3357
fault_8,8,xmeas_1_22,spread,naive,base+R1,22,2200,1800,0.8182,0.5817,0.0116,,0.6661,0.3109,0.0658,0.1818,0.5023,0.3357
fault_8,8,xmeas_1_22,spread,naive,base+R4,22,2200,1095,0.4977,0.7845,0.0124,,0.4146,0.3109,0.0271,0.1818,0.5023,0.3357
fault_8,8,xmeas_1_22,spread,naive,base+R1+R4,22,2200,1009,0.4586,0.7889,0.0128,,0.4054,0.3109,0.0271,0.1818,0.5023,0.3357
fault_8,8,xmeas_23_41,level,block_bootstrap,base,19,1900,1900,1.0,0.8363,0.0085,,0.1632,1.9847,0.0191,0.18,0.5737,0.617
fault_8,8,xmeas_23_41,level,block_bootstrap,base+R1,19,1900,1558,0.82,0.835,0.0094,,0.165,1.8267,0.0192,0.18,0.5737,0.617
fault_8,8,xmeas_23_41,level,block_bootstrap,base+R4,19,1900,810,0.4263,0.8321,0.0131,,0.1704,0.9546,0.0216,0.18,0.5737,0.617
fault_8,8,xmeas_23_41,level,block_bootstrap,base+R1+R4,19,1900,714,0.3758,0.8305,0.014,,0.1723,0.9537,0.0216,0.18,0.5737,0.617
fault_8,8,xmeas_23_41,level,ewc,base,19,1900,1900,1.0,0.9153,0.0064,,0.0842,2.699,0.0153,0.18,0.5737,0.617
fault_8,8,xmeas_23_41,level,ewc,base+R1,19,1900,1558,0.82,0.9127,0.0072,,0.0873,2.4933,0.0153,0.18,0.5737,0.617
fault_8,8,xmeas_23_41,level,ewc,base+R4,19,1900,810,0.4263,0.9086,0.0101,,0.0926,1.1735,0.018,0.18,0.5737,0.617
fault_8,8,xmeas_23_41,level,ewc,base+R1+R4,19,1900,714,0.3758,0.902,0.0111,,0.0994,1.165,0.018,0.18,0.5737,0.617
fault_8,8,xmeas_23_41,level,hac,base,19,1900,1900,1.0,0.8995,0.0069,,0.0963,2.5719,0.018,0.18,0.5737,0.617
fault_8,8,xmeas_23_41,level,hac,base+R1,19,1900,1558,0.82,0.8986,0.0076,,0.0976,2.3374,0.0181,0.18,0.5737,0.617
fault_8,8,xmeas_23_41,level,hac,base+R4,19,1900,810,0.4263,0.8728,0.0117,,0.1222,1.0186,0.0196,0.18,0.5737,0.617
fault_8,8,xmeas_23_41,level,hac,base+R1+R4,19,1900,714,0.3758,0.8669,0.0127,,0.1289,1.0139,0.0195,0.18,0.5737,0.617
fault_8,8,xmeas_23_41,level,naive,base,19,1900,1900,1.0,0.5037,0.0115,,0.5174,0.7507,0.0446,0.18,0.5737,0.617
fault_8,8,xmeas_23_41,level,naive,base+R1,19,1900,1558,0.82,0.5096,0.0127,,0.5103,0.7048,0.0442,0.18,0.5737,0.617
fault_8,8,xmeas_23_41,level,naive,base+R4,19,1900,810,0.4263,0.5704,0.0174,,0.4407,0.4832,0.0461,0.18,0.5737,0.617
fault_8,8,xmeas_23_41,level,naive,base+R1+R4,19,1900,714,0.3758,0.5868,0.0184,,0.4272,0.4828,0.0461,0.18,0.5737,0.617
fault_8,8,xmeas_23_41,spread,block_bootstrap,base,19,1900,1900,1.0,0.7511,0.0099,,0.7247,0.5876,0.0332,0.18,0.5737,0.617
fault_8,8,xmeas_23_41,spread,block_bootstrap,base+R1,19,1900,1558,0.82,0.7555,0.0109,,0.7047,0.5783,0.0334,0.18,0.5737,0.617
fault_8,8,xmeas_23_41,spread,block_bootstrap,base+R4,19,1900,810,0.4263,0.742,0.0154,,0.3864,0.5209,0.0369,0.18,0.5737,0.617
fault_8,8,xmeas_23_41,spread,block_bootstrap,base+R1+R4,19,1900,714,0.3758,0.7507,0.0162,,0.3866,0.5127,0.0367,0.18,0.5737,0.617
fault_8,8,xmeas_23_41,spread,naive,base,19,1900,1900,1.0,0.4884,0.0115,,0.8258,0.3109,0.0634,0.18,0.5737,0.617
fault_8,8,xmeas_23_41,spread,naive,base+R1,19,1900,1558,0.82,0.4981,0.0127,,0.8081,0.3109,0.0634,0.18,0.5737,0.617
fault_8,8,xmeas_23_41,spread,naive,base+R4,19,1900,810,0.4263,0.5457,0.0175,,0.6062,0.3109,0.0555,0.18,0.5737,0.617
fault_8,8,xmeas_23_41,spread,naive,base+R1+R4,19,1900,714,0.3758,0.5602,0.0186,,0.5938,0.3109,0.0555,0.18,0.5737,0.617
fault_8,8,xmv_1_11,level,block_bootstrap,base,11,1100,1100,1.0,0.7709,0.0127,,0.2227,1.3685,0.021,0.1664,0.3845,0.3245
fault_8,8,xmv_1_11,level,block_bootstrap,base+R1,11,1100,917,0.8336,0.7874,0.0135,,0.205,1.1976,0.0215,0.1664,0.3845,0.3245
fault_8,8,xmv_1_11,level,block_bootstrap,base+R4,11,1100,677,0.6155,0.8597,0.0133,,0.1359,0.6654,0.0214,0.1664,0.3845,0.3245
fault_8,8,xmv_1_11,level,block_bootstrap,base+R1+R4,11,1100,614,0.5582,0.8616,0.0139,,0.1319,0.6529,0.02,0.1664,0.3845,0.3245
fault_8,8,xmv_1_11,level,ewc,base,11,1100,1100,1.0,0.8745,0.01,,0.1264,1.8163,0.016,0.1664,0.3845,0.3245
fault_8,8,xmv_1_11,level,ewc,base+R1,11,1100,917,0.8336,0.8833,0.0106,,0.1189,1.5554,0.016,0.1664,0.3845,0.3245
fault_8,8,xmv_1_11,level,ewc,base+R4,11,1100,677,0.6155,0.938,0.0093,,0.0606,0.7748,0.0161,0.1664,0.3845,0.3245
fault_8,8,xmv_1_11,level,ewc,base+R1+R4,11,1100,614,0.5582,0.9381,0.0097,,0.0603,0.7559,0.0158,0.1664,0.3845,0.3245
fault_8,8,xmv_1_11,level,hac,base,11,1100,1100,1.0,0.8236,0.0115,,0.1709,1.4199,0.0197,0.1664,0.3845,0.3245
fault_8,8,xmv_1_11,level,hac,base+R1,11,1100,917,0.8336,0.8332,0.0123,,0.1603,1.0918,0.0195,0.1664,0.3845,0.3245
fault_8,8,xmv_1_11,level,hac,base+R4,11,1100,677,0.6155,0.8774,0.0126,,0.1167,0.627,0.0207,0.1664,0.3845,0.3245
fault_8,8,xmv_1_11,level,hac,base+R1+R4,11,1100,614,0.5582,0.8795,0.0131,,0.1124,0.609,0.0201,0.1664,0.3845,0.3245
fault_8,8,xmv_1_11,level,naive,base,11,1100,1100,1.0,0.5773,0.0149,,0.4391,0.5944,0.0506,0.1664,0.3845,0.3245
fault_8,8,xmv_1_11,level,naive,base+R1,11,1100,917,0.8336,0.6085,0.0161,,0.4089,0.5569,0.0507,0.1664,0.3845,0.3245
fault_8,8,xmv_1_11,level,naive,base+R4,11,1100,677,0.6155,0.7445,0.0168,,0.2629,0.4687,0.0312,0.1664,0.3845,0.3245
fault_8,8,xmv_1_11,level,naive,base+R1+R4,11,1100,614,0.5582,0.7541,0.0174,,0.2524,0.4661,0.0293,0.1664,0.3845,0.3245
fault_8,8,xmv_1_11,spread,block_bootstrap,base,11,1100,1100,1.0,0.7627,0.0128,,0.6527,0.4558,0.0344,0.1664,0.3845,0.3245
fault_8,8,xmv_1_11,spread,block_bootstrap,base+R1,11,1100,917,0.8336,0.771,0.0139,,0.6183,0.4158,0.0341,0.1664,0.3845,0.3245
fault_8,8,xmv_1_11,spread,block_bootstrap,base+R4,11,1100,677,0.6155,0.8006,0.0154,,0.4417,0.3427,0.0319,0.1664,0.3845,0.3245
fault_8,8,xmv_1_11,spread,block_bootstrap,base+R1+R4,11,1100,614,0.5582,0.8062,0.016,,0.4365,0.3407,0.0269,0.1664,0.3845,0.3245
fault_8,8,xmv_1_11,spread,naive,base,11,1100,1100,1.0,0.5918,0.0148,,0.6736,0.3109,0.0551,0.1664,0.3845,0.3245
fault_8,8,xmv_1_11,spread,naive,base+R1,11,1100,917,0.8336,0.6161,0.0161,,0.639,0.3109,0.0551,0.1664,0.3845,0.3245
fault_8,8,xmv_1_11,spread,naive,base+R4,11,1100,677,0.6155,0.7459,0.0167,,0.4712,0.3109,0.0435,0.1664,0.3845,0.3245
fault_8,8,xmv_1_11,spread,naive,base+R1+R4,11,1100,614,0.5582,0.7524,0.0174,,0.4625,0.3109,0.0347,0.1664,0.3845,0.3245
fault_9,9,xmeas_1_22,level,block_bootstrap,base,22,2200,2200,1.0,0.8686,0.0072,,0.1309,0.6876,0.0179,0.1818,0.2741,0.3357
fault_9,9,xmeas_1_22,level,block_bootstrap,base+R1,22,2200,1800,0.8182,0.8789,0.0077,,0.1206,0.609,0.018,0.1818,0.2741,0.3357
fault_9,9,xmeas_1_22,level,block_bootstrap,base+R4,22,2200,1597,0.7259,0.913,0.0071,,0.0852,0.5208,0.0178,0.1818,0.2741,0.3357
fault_9,9,xmeas_1_22,level,block_bootstrap,base+R1+R4,22,2200,1398,0.6355,0.9149,0.0075,,0.0837,0.4975,0.0178,0.1818,0.2741,0.3357
fault_9,9,xmeas_1_22,level,ewc,base,22,2200,2200,1.0,0.9241,0.0056,,0.0736,0.8438,0.0156,0.1818,0.2741,0.3357
fault_9,9,xmeas_1_22,level,ewc,base+R1,22,2200,1800,0.8182,0.9322,0.0059,,0.0678,0.72,0.0157,0.1818,0.2741,0.3357
fault_9,9,xmeas_1_22,level,ewc,base+R4,22,2200,1597,0.7259,0.9512,0.0054,,0.0482,0.6051,0.0152,0.1818,0.2741,0.3357
fault_9,9,xmeas_1_22,level,ewc,base+R1+R4,22,2200,1398,0.6355,0.9506,0.0058,,0.0494,0.5691,0.0155,0.1818,0.2741,0.3357
fault_9,9,xmeas_1_22,level,hac,base,22,2200,2200,1.0,0.9109,0.0061,,0.0886,0.6239,0.0173,0.1818,0.2741,0.3357
fault_9,9,xmeas_1_22,level,hac,base+R1,22,2200,1800,0.8182,0.9167,0.0065,,0.0839,0.5602,0.0174,0.1818,0.2741,0.3357
fault_9,9,xmeas_1_22,level,hac,base+R4,22,2200,1597,0.7259,0.9292,0.0064,,0.0701,0.4847,0.0168,0.1818,0.2741,0.3357
fault_9,9,xmeas_1_22,level,hac,base+R1+R4,22,2200,1398,0.6355,0.9313,0.0068,,0.068,0.4728,0.0169,0.1818,0.2741,0.3357
fault_9,9,xmeas_1_22,level,naive,base,22,2200,2200,1.0,0.6945,0.0098,,0.3018,0.4476,0.0234,0.1818,0.2741,0.3357
fault_9,9,xmeas_1_22,level,naive,base+R1,22,2200,1800,0.8182,0.7394,0.0103,,0.26,0.4457,0.0234,0.1818,0.2741,0.3357
fault_9,9,xmeas_1_22,level,naive,base+R4,22,2200,1597,0.7259,0.841,0.0092,,0.1547,0.4436,0.022,0.1818,0.2741,0.3357
fault_9,9,xmeas_1_22,level,naive,base+R1+R4,22,2200,1398,0.6355,0.8562,0.0094,,0.1409,0.4428,0.022,0.1818,0.2741,0.3357
fault_9,9,xmeas_1_22,spread,block_bootstrap,base,22,2200,2200,1.0,0.8177,0.0082,,0.2086,0.3584,0.021,0.1818,0.2741,0.3357
fault_9,9,xmeas_1_22,spread,block_bootstrap,base+R1,22,2200,1800,0.8182,0.8289,0.0089,,0.19,0.3398,0.021,0.1818,0.2741,0.3357
fault_9,9,xmeas_1_22,spread,block_bootstrap,base+R4,22,2200,1597,0.7259,0.876,0.0082,,0.1227,0.3221,0.0196,0.1818,0.2741,0.3357
fault_9,9,xmeas_1_22,spread,block_bootstrap,base+R1+R4,22,2200,1398,0.6355,0.8777,0.0088,,0.1216,0.3176,0.0196,0.1818,0.2741,0.3357
fault_9,9,xmeas_1_22,spread,naive,base,22,2200,2200,1.0,0.705,0.0097,,0.3255,0.3109,0.0242,0.1818,0.2741,0.3357
fault_9,9,xmeas_1_22,spread,naive,base+R1,22,2200,1800,0.8182,0.7389,0.0104,,0.2833,0.3109,0.0242,0.1818,0.2741,0.3357
fault_9,9,xmeas_1_22,spread,naive,base+R4,22,2200,1597,0.7259,0.8579,0.0087,,0.1616,0.3109,0.0192,0.1818,0.2741,0.3357
fault_9,9,xmeas_1_22,spread,naive,base+R1+R4,22,2200,1398,0.6355,0.867,0.0091,,0.1509,0.3109,0.0192,0.1818,0.2741,0.3357
fault_9,9,xmeas_23_41,level,block_bootstrap,base,19,1900,1900,1.0,0.8721,0.0077,,0.1263,0.8063,0.0197,0.18,0.0589,0.617
fault_9,9,xmeas_23_41,level,block_bootstrap,base+R1,19,1900,1558,0.82,0.8761,0.0083,,0.1213,0.7869,0.02,0.18,0.0589,0.617
fault_9,9,xmeas_23_41,level,block_bootstrap,base+R4,19,1900,1788,0.9411,0.8686,0.008,,0.1303,0.7901,0.0199,0.18,0.0589,0.617
fault_9,9,xmeas_23_41,level,block_bootstrap,base+R1+R4,19,1900,1474,0.7758,0.8718,0.0087,,0.1262,0.7709,0.02,0.18,0.0589,0.617
fault_9,9,xmeas_23_41,level,ewc,base,19,1900,1900,1.0,0.9405,0.0054,,0.0579,0.9903,0.0162,0.18,0.0589,0.617
fault_9,9,xmeas_23_41,level,ewc,base+R1,19,1900,1558,0.82,0.9409,0.006,,0.0578,0.9583,0.0162,0.18,0.0589,0.617
fault_9,9,xmeas_23_41,level,ewc,base+R4,19,1900,1788,0.9411,0.9374,0.0057,,0.061,0.9631,0.0163,0.18,0.0589,0.617
fault_9,9,xmeas_23_41,level,ewc,base+R1+R4,19,1900,1474,0.7758,0.9383,0.0063,,0.0604,0.9374,0.0165,0.18,0.0589,0.617
fault_9,9,xmeas_23_41,level,hac,base,19,1900,1900,1.0,0.8968,0.007,,0.1011,0.8195,0.0189,0.18,0.0589,0.617
fault_9,9,xmeas_23_41,level,hac,base+R1,19,1900,1558,0.82,0.8967,0.0077,,0.1001,0.795,0.0192,0.18,0.0589,0.617
fault_9,9,xmeas_23_41,level,hac,base+R4,19,1900,1788,0.9411,0.8909,0.0074,,0.1063,0.7996,0.0192,0.18,0.0589,0.617
fault_9,9,xmeas_23_41,level,hac,base+R1+R4,19,1900,1474,0.7758,0.8915,0.0081,,0.1045,0.7765,0.0192,0.18,0.0589,0.617
fault_9,9,xmeas_23_41,level,naive,base,19,1900,1900,1.0,0.6416,0.011,,0.3542,0.4474,0.0364,0.18,0.0589,0.617
fault_9,9,xmeas_23_41,level,naive,base+R1,19,1900,1558,0.82,0.6752,0.0119,,0.3222,0.4473,0.0365,0.18,0.0589,0.617
fault_9,9,xmeas_23_41,level,naive,base+R4,19,1900,1788,0.9411,0.646,0.0113,,0.3496,0.4464,0.0378,0.18,0.0589,0.617
fault_9,9,xmeas_23_41,level,naive,base+R1+R4,19,1900,1474,0.7758,0.6764,0.0122,,0.3209,0.4462,0.038,0.18,0.0589,0.617
fault_9,9,xmeas_23_41,spread,block_bootstrap,base,19,1900,1900,1.0,0.8447,0.0083,,0.1684,0.4458,0.0198,0.18,0.0589,0.617
fault_9,9,xmeas_23_41,spread,block_bootstrap,base+R1,19,1900,1558,0.82,0.8562,0.0089,,0.1553,0.4426,0.0201,0.18,0.0589,0.617
fault_9,9,xmeas_23_41,spread,block_bootstrap,base+R4,19,1900,1788,0.9411,0.8529,0.0084,,0.1544,0.4381,0.0198,0.18,0.0589,0.617
fault_9,9,xmeas_23_41,spread,block_bootstrap,base+R1+R4,19,1900,1474,0.7758,0.8623,0.009,,0.1425,0.4362,0.0201,0.18,0.0589,0.617
fault_9,9,xmeas_23_41,spread,naive,base,19,1900,1900,1.0,0.6795,0.0107,,0.3389,0.3109,0.0295,0.18,0.0589,0.617
fault_9,9,xmeas_23_41,spread,naive,base+R1,19,1900,1558,0.82,0.6932,0.0117,,0.3164,0.3109,0.0295,0.18,0.0589,0.617
fault_9,9,xmeas_23_41,spread,naive,base+R4,19,1900,1788,0.9411,0.7002,0.0108,,0.3194,0.3109,0.0295,0.18,0.0589,0.617
fault_9,9,xmeas_23_41,spread,naive,base+R1+R4,19,1900,1474,0.7758,0.713,0.0118,,0.2978,0.3109,0.0295,0.18,0.0589,0.617
fault_9,9,xmv_1_11,level,block_bootstrap,base,11,1100,1100,1.0,0.8827,0.0097,,0.1191,0.5806,0.018,0.1664,0.1155,0.3245
fault_9,9,xmv_1_11,level,block_bootstrap,base+R1,11,1100,917,0.8336,0.8942,0.0102,,0.1069,0.5444,0.018,0.1664,0.1155,0.3245
fault_9,9,xmv_1_11,level,block_bootstrap,base+R4,11,1100,973,0.8845,0.9065,0.0093,,0.0946,0.5396,0.0177,0.1664,0.1155,0.3245
fault_9,9,xmv_1_11,level,block_bootstrap,base+R1+R4,11,1100,843,0.7664,0.9087,0.0099,,0.0913,0.5186,0.0178,0.1664,0.1155,0.3245
fault_9,9,xmv_1_11,level,ewc,base,11,1100,1100,1.0,0.9355,0.0074,,0.0645,0.6745,0.0156,0.1664,0.1155,0.3245
fault_9,9,xmv_1_11,level,ewc,base+R1,11,1100,917,0.8336,0.9455,0.0075,,0.0567,0.6296,0.0157,0.1664,0.1155,0.3245
fault_9,9,xmv_1_11,level,ewc,base+R4,11,1100,973,0.8845,0.9538,0.0067,,0.0493,0.6186,0.0156,0.1664,0.1155,0.3245
fault_9,9,xmv_1_11,level,ewc,base+R1+R4,11,1100,843,0.7664,0.9549,0.0071,,0.0486,0.5933,0.0158,0.1664,0.1155,0.3245
fault_9,9,xmv_1_11,level,hac,base,11,1100,1100,1.0,0.9055,0.0088,,0.0927,0.573,0.0168,0.1664,0.1155,0.3245
fault_9,9,xmv_1_11,level,hac,base+R1,11,1100,917,0.8336,0.9138,0.0093,,0.084,0.5083,0.0169,0.1664,0.1155,0.3245
fault_9,9,xmv_1_11,level,hac,base+R4,11,1100,973,0.8845,0.9229,0.0086,,0.074,0.4963,0.0169,0.1664,0.1155,0.3245
fault_9,9,xmv_1_11,level,hac,base+R1+R4,11,1100,843,0.7664,0.9241,0.0091,,0.0724,0.4747,0.0169,0.1664,0.1155,0.3245
fault_9,9,xmv_1_11,level,naive,base,11,1100,1100,1.0,0.7418,0.0132,,0.2591,0.4454,0.0239,0.1664,0.1155,0.3245
fault_9,9,xmv_1_11,level,naive,base+R1,11,1100,917,0.8336,0.7895,0.0135,,0.2148,0.4439,0.0239,0.1664,0.1155,0.3245
fault_9,9,xmv_1_11,level,naive,base+R4,11,1100,973,0.8845,0.8016,0.0128,,0.1953,0.4433,0.0205,0.1664,0.1155,0.3245
fault_9,9,xmv_1_11,level,naive,base+R1+R4,11,1100,843,0.7664,0.8304,0.0129,,0.1673,0.4424,0.0205,0.1664,0.1155,0.3245
fault_9,9,xmv_1_11,spread,block_bootstrap,base,11,1100,1100,1.0,0.8409,0.011,,0.1818,0.3414,0.0205,0.1664,0.1155,0.3245
fault_9,9,xmv_1_11,spread,block_bootstrap,base+R1,11,1100,917,0.8336,0.855,0.0116,,0.1614,0.3316,0.0205,0.1664,0.1155,0.3245
fault_9,9,xmv_1_11,spread,block_bootstrap,base+R4,11,1100,973,0.8845,0.8705,0.0108,,0.1254,0.329,0.0194,0.1664,0.1155,0.3245
fault_9,9,xmv_1_11,spread,block_bootstrap,base+R1+R4,11,1100,843,0.7664,0.8743,0.0114,,0.121,0.3256,0.0193,0.1664,0.1155,0.3245
fault_9,9,xmv_1_11,spread,naive,base,11,1100,1100,1.0,0.7691,0.0127,,0.2518,0.3109,0.0227,0.1664,0.1155,0.3245
fault_9,9,xmv_1_11,spread,naive,base+R1,11,1100,917,0.8336,0.7983,0.0133,,0.2137,0.3109,0.0227,0.1664,0.1155,0.3245
fault_9,9,xmv_1_11,spread,naive,base+R4,11,1100,973,0.8845,0.8366,0.0119,,0.1737,0.3109,0.0206,0.1664,0.1155,0.3245
fault_9,9,xmv_1_11,spread,naive,base+R1+R4,11,1100,843,0.7664,0.8482,0.0124,,0.1566,0.3109,0.0206,0.1664,0.1155,0.3245
fault_10,10,xmeas_1_22,level,block_bootstrap,base,22,2200,2200,1.0,0.8755,0.007,,0.1227,0.7803,0.0177,0.1818,0.2823,0.3357
fault_10,10,xmeas_1_22,level,block_bootstrap,base+R1,22,2200,1800,0.8182,0.8861,0.0075,,0.1122,0.6783,0.0178,0.1818,0.2823,0.3357
fault_10,10,xmeas_1_22,level,block_bootstrap,base+R4,22,2200,1579,0.7177,0.9189,0.0069,,0.0792,0.5486,0.0174,0.1818,0.2823,0.3357
fault_10,10,xmeas_1_22,level,block_bootstrap,base+R1+R4,22,2200,1384,0.6291,0.9212,0.0072,,0.0766,0.5154,0.0174,0.1818,0.2823,0.3357
fault_10,10,xmeas_1_22,level,ewc,base,22,2200,2200,1.0,0.9332,0.0053,,0.0655,0.9724,0.0153,0.1818,0.2823,0.3357
fault_10,10,xmeas_1_22,level,ewc,base+R1,22,2200,1800,0.8182,0.9394,0.0056,,0.06,0.8413,0.0154,0.1818,0.2823,0.3357
fault_10,10,xmeas_1_22,level,ewc,base+R4,22,2200,1579,0.7177,0.9588,0.005,,0.0405,0.6404,0.0151,0.1818,0.2823,0.3357
fault_10,10,xmeas_1_22,level,ewc,base+R1+R4,22,2200,1384,0.6291,0.9581,0.0054,,0.0412,0.6007,0.0152,0.1818,0.2823,0.3357
fault_10,10,xmeas_1_22,level,hac,base,22,2200,2200,1.0,0.9077,0.0062,,0.0895,0.6996,0.0167,0.1818,0.2823,0.3357
fault_10,10,xmeas_1_22,level,hac,base+R1,22,2200,1800,0.8182,0.9178,0.0065,,0.0789,0.6158,0.0167,0.1818,0.2823,0.3357
fault_10,10,xmeas_1_22,level,hac,base+R4,22,2200,1579,0.7177,0.9379,0.0061,,0.0589,0.5165,0.0166,0.1818,0.2823,0.3357
fault_10,10,xmeas_1_22,level,hac,base+R1+R4,22,2200,1384,0.6291,0.9408,0.0063,,0.0556,0.492,0.0166,0.1818,0.2823,0.3357
fault_10,10,xmeas_1_22,level,naive,base,22,2200,2200,1.0,0.6982,0.0098,,0.3018,0.4607,0.0259,0.1818,0.2823,0.3357
fault_10,10,xmeas_1_22,level,naive,base+R1,22,2200,1800,0.8182,0.7383,0.0104,,0.2633,0.4553,0.0259,0.1818,0.2823,0.3357
fault_10,10,xmeas_1_22,level,naive,base+R4,22,2200,1579,0.7177,0.8404,0.0092,,0.1596,0.4486,0.0205,0.1818,0.2823,0.3357
fault_10,10,xmeas_1_22,level,naive,base+R1+R4,22,2200,1384,0.6291,0.8577,0.0094,,0.1423,0.4475,0.0204,0.1818,0.2823,0.3357
fault_10,10,xmeas_1_22,spread,block_bootstrap,base,22,2200,2200,1.0,0.8123,0.0083,,0.335,0.3708,0.0237,0.1818,0.2823,0.3357
fault_10,10,xmeas_1_22,spread,block_bootstrap,base+R1,22,2200,1800,0.8182,0.8244,0.009,,0.3017,0.352,0.0233,0.1818,0.2823,0.3357
fault_10,10,xmeas_1_22,spread,block_bootstrap,base+R4,22,2200,1579,0.7177,0.8708,0.0084,,0.1925,0.326,0.02,0.1818,0.2823,0.3357
fault_10,10,xmeas_1_22,spread,block_bootstrap,base+R1+R4,22,2200,1384,0.6291,0.875,0.0089,,0.1857,0.3204,0.0201,0.1818,0.2823,0.3357
fault_10,10,xmeas_1_22,spread,naive,base,22,2200,2200,1.0,0.6855,0.0099,,0.43,0.3109,0.0292,0.1818,0.2823,0.3357
fault_10,10,xmeas_1_22,spread,naive,base+R1,22,2200,1800,0.8182,0.715,0.0106,,0.375,0.3109,0.0292,0.1818,0.2823,0.3357
fault_10,10,xmeas_1_22,spread,naive,base+R4,22,2200,1579,0.7177,0.8341,0.0094,,0.2495,0.3109,0.0218,0.1818,0.2823,0.3357
fault_10,10,xmeas_1_22,spread,naive,base+R1+R4,22,2200,1384,0.6291,0.8425,0.0098,,0.2269,0.3109,0.0218,0.1818,0.2823,0.3357
fault_10,10,xmeas_23_41,level,block_bootstrap,base,19,1900,1900,1.0,0.8742,0.0076,,0.1205,0.8634,0.0195,0.18,0.0779,0.617
fault_10,10,xmeas_23_41,level,block_bootstrap,base+R1,19,1900,1558,0.82,0.8793,0.0083,,0.1142,0.8457,0.0194,0.18,0.0779,0.617
fault_10,10,xmeas_23_41,level,block_bootstrap,base+R4,19,1900,1752,0.9221,0.8716,0.008,,0.1227,0.8395,0.0198,0.18,0.0779,0.617
fault_10,10,xmeas_23_41,level,block_bootstrap,base+R1+R4,19,1900,1448,0.7621,0.875,0.0087,,0.1181,0.8229,0.0199,0.18,0.0779,0.617
fault_10,10,xmeas_23_41,level,ewc,base,19,1900,1900,1.0,0.9432,0.0053,,0.0574,1.0509,0.016,0.18,0.0779,0.617
fault_10,10,xmeas_23_41,level,ewc,base+R1,19,1900,1558,0.82,0.9429,0.0059,,0.0571,1.0232,0.0161,0.18,0.0779,0.617
fault_10,10,xmeas_23_41,level,ewc,base+R4,19,1900,1752,0.9221,0.9389,0.0057,,0.0611,1.0203,0.0162,0.18,0.0779,0.617
fault_10,10,xmeas_23_41,level,ewc,base+R1+R4,19,1900,1448,0.7621,0.9385,0.0063,,0.0608,0.9977,0.0163,0.18,0.0779,0.617
fault_10,10,xmeas_23_41,level,hac,base,19,1900,1900,1.0,0.9058,0.0067,,0.0974,0.8857,0.0183,0.18,0.0779,0.617
fault_10,10,xmeas_23_41,level,hac,base+R1,19,1900,1558,0.82,0.905,0.0074,,0.0982,0.86,0.0183,0.18,0.0779,0.617
fault_10,10,xmeas_23_41,level,hac,base+R4,19,1900,1752,0.9221,0.899,0.0072,,0.1039,0.8558,0.0191,0.18,0.0779,0.617
fault_10,10,xmeas_23_41,level,hac,base+R1+R4,19,1900,1448,0.7621,0.8985,0.0079,,0.1043,0.8312,0.0191,0.18,0.0779,0.617
fault_10,10,xmeas_23_41,level,naive,base,19,1900,1900,1.0,0.6416,0.011,,0.3605,0.459,0.0378,0.18,0.0779,0.617
fault_10,10,xmeas_23_41,level,naive,base+R1,19,1900,1558,0.82,0.6656,0.012,,0.3376,0.4576,0.0379,0.18,0.0779,0.617
fault_10,10,xmeas_23_41,level,naive,base+R4,19,1900,1752,0.9221,0.6507,0.0114,,0.3522,0.4556,0.0378,0.18,0.0779,0.617
fault_10,10,xmeas_23_41,level,naive,base+R1+R4,19,1900,1448,0.7621,0.6727,0.0123,,0.3315,0.4546,0.0379,0.18,0.0779,0.617
fault_10,10,xmeas_23_41,spread,block_bootstrap,base,19,1900,1900,1.0,0.8326,0.0086,,0.2379,0.4582,0.0211,0.18,0.0779,0.617
fault_10,10,xmeas_23_41,spread,block_bootstrap,base+R1,19,1900,1558,0.82,0.8498,0.0091,,0.2176,0.4549,0.0211,0.18,0.0779,0.617
fault_10,10,xmeas_23_41,spread,block_bootstrap,base+R4,19,1900,1752,0.9221,0.8447,0.0087,,0.2043,0.4495,0.0211,0.18,0.0779,0.617
fault_10,10,xmeas_23_41,spread,block_bootstrap,base+R1+R4,19,1900,1448,0.7621,0.8577,0.0092,,0.1858,0.4458,0.0211,0.18,0.0779,0.617
fault_10,10,xmeas_23_41,spread,naive,base,19,1900,1900,1.0,0.6521,0.0109,,0.4147,0.3109,0.0357,0.18,0.0779,0.617
fault_10,10,xmeas_23_41,spread,naive,base+R1,19,1900,1558,0.82,0.6727,0.0119,,0.3967,0.3109,0.0357,0.18,0.0779,0.617
fault_10,10,xmeas_23_41,spread,naive,base+R4,19,1900,1752,0.9221,0.6781,0.0112,,0.3756,0.3109,0.0357,0.18,0.0779,0.617
fault_10,10,xmeas_23_41,spread,naive,base+R1+R4,19,1900,1448,0.7621,0.6961,0.0121,,0.3591,0.3109,0.0357,0.18,0.0779,0.617
fault_10,10,xmv_1_11,level,block_bootstrap,base,11,1100,1100,1.0,0.8791,0.0098,,0.1218,0.6302,0.0179,0.1664,0.1518,0.3245
fault_10,10,xmv_1_11,level,block_bootstrap,base+R1,11,1100,917,0.8336,0.8942,0.0102,,0.1069,0.5873,0.0175,0.1664,0.1518,0.3245
fault_10,10,xmv_1_11,level,block_bootstrap,base+R4,11,1100,933,0.8482,0.9185,0.009,,0.0804,0.5607,0.0177,0.1664,0.1518,0.3245
fault_10,10,xmv_1_11,level,block_bootstrap,base+R1+R4,11,1100,815,0.7409,0.9178,0.0096,,0.0798,0.5412,0.0177,0.1664,0.1518,0.3245
fault_10,10,xmv_1_11,level,ewc,base,11,1100,1100,1.0,0.9245,0.008,,0.0736,0.7677,0.0155,0.1664,0.1518,0.3245
fault_10,10,xmv_1_11,level,ewc,base+R1,11,1100,917,0.8336,0.9378,0.008,,0.06,0.6734,0.0155,0.1664,0.1518,0.3245
fault_10,10,xmv_1_11,level,ewc,base+R4,11,1100,933,0.8482,0.955,0.0068,,0.0439,0.6524,0.0155,0.1664,0.1518,0.3245
fault_10,10,xmv_1_11,level,ewc,base+R1+R4,11,1100,815,0.7409,0.9546,0.0073,,0.0442,0.6196,0.0156,0.1664,0.1518,0.3245
fault_10,10,xmv_1_11,level,hac,base,11,1100,1100,1.0,0.8991,0.0091,,0.0973,0.5946,0.0165,0.1664,0.1518,0.3245
fault_10,10,xmv_1_11,level,hac,base+R1,11,1100,917,0.8336,0.9138,0.0093,,0.084,0.5403,0.0165,0.1664,0.1518,0.3245
fault_10,10,xmv_1_11,level,hac,base+R4,11,1100,933,0.8482,0.9314,0.0083,,0.0643,0.5019,0.0167,0.1664,0.1518,0.3245
fault_10,10,xmv_1_11,level,hac,base+R1+R4,11,1100,815,0.7409,0.935,0.0086,,0.0626,0.4837,0.0167,0.1664,0.1518,0.3245
fault_10,10,xmv_1_11,level,naive,base,11,1100,1100,1.0,0.7273,0.0134,,0.2682,0.454,0.0256,0.1664,0.1518,0.3245
fault_10,10,xmv_1_11,level,naive,base+R1,11,1100,917,0.8336,0.7808,0.0137,,0.217,0.4513,0.0257,0.1664,0.1518,0.3245
fault_10,10,xmv_1_11,level,naive,base+R4,11,1100,933,0.8482,0.8103,0.0128,,0.1854,0.4494,0.0214,0.1664,0.1518,0.3245
fault_10,10,xmv_1_11,level,naive,base+R1+R4,11,1100,815,0.7409,0.838,0.0129,,0.1595,0.4482,0.0215,0.1664,0.1518,0.3245
fault_10,10,xmv_1_11,spread,block_bootstrap,base,11,1100,1100,1.0,0.8436,0.011,,0.2627,0.3452,0.0207,0.1664,0.1518,0.3245
fault_10,10,xmv_1_11,spread,block_bootstrap,base+R1,11,1100,917,0.8336,0.8561,0.0116,,0.2399,0.3365,0.0207,0.1664,0.1518,0.3245
fault_10,10,xmv_1_11,spread,block_bootstrap,base+R4,11,1100,933,0.8482,0.8703,0.011,,0.1768,0.33,0.02,0.1664,0.1518,0.3245
fault_10,10,xmv_1_11,spread,block_bootstrap,base+R1+R4,11,1100,815,0.7409,0.8761,0.0115,,0.1755,0.3268,0.02,0.1664,0.1518,0.3245
fault_10,10,xmv_1_11,spread,naive,base,11,1100,1100,1.0,0.7418,0.0132,,0.3382,0.3109,0.0228,0.1664,0.1518,0.3245
fault_10,10,xmv_1_11,spread,naive,base+R1,11,1100,917,0.8336,0.7863,0.0135,,0.2988,0.3109,0.0228,0.1664,0.1518,0.3245
fault_10,10,xmv_1_11,spread,naive,base+R4,11,1100,933,0.8482,0.8189,0.0126,,0.2315,0.3109,0.0212,0.1664,0.1518,0.3245
fault_10,10,xmv_1_11,spread,naive,base+R1+R4,11,1100,815,0.7409,0.8393,0.0129,,0.2172,0.3109,0.0212,0.1664,0.1518,0.3245
fault_11,11,xmeas_1_22,level,block_bootstrap,base,22,2200,2200,1.0,0.8709,0.0071,,0.1277,0.7491,0.0179,0.1818,0.2755,0.3357
fault_11,11,xmeas_1_22,level,block_bootstrap,base+R1,22,2200,1800,0.8182,0.8817,0.0076,,0.1183,0.6745,0.018,0.1818,0.2755,0.3357
fault_11,11,xmeas_1_22,level,block_bootstrap,base+R4,22,2200,1594,0.7245,0.9178,0.0069,,0.0834,0.5778,0.0177,0.1818,0.2755,0.3357
fault_11,11,xmeas_1_22,level,block_bootstrap,base+R1+R4,22,2200,1396,0.6345,0.9198,0.0073,,0.0817,0.5564,0.0178,0.1818,0.2755,0.3357
fault_11,11,xmeas_1_22,level,ewc,base,22,2200,2200,1.0,0.9241,0.0056,,0.0736,0.9145,0.0156,0.1818,0.2755,0.3357
fault_11,11,xmeas_1_22,level,ewc,base+R1,22,2200,1800,0.8182,0.9322,0.0059,,0.0672,0.8144,0.0157,0.1818,0.2755,0.3357
fault_11,11,xmeas_1_22,level,ewc,base+R4,22,2200,1594,0.7245,0.9523,0.0053,,0.0483,0.6719,0.0152,0.1818,0.2755,0.3357
fault_11,11,xmeas_1_22,level,ewc,base+R1+R4,22,2200,1396,0.6345,0.9513,0.0058,,0.0487,0.6391,0.0154,0.1818,0.2755,0.3357
fault_11,11,xmeas_1_22,level,hac,base,22,2200,2200,1.0,0.9105,0.0061,,0.0891,0.6775,0.0173,0.1818,0.2755,0.3357
fault_11,11,xmeas_1_22,level,hac,base+R1,22,2200,1800,0.8182,0.9161,0.0065,,0.0839,0.6143,0.0173,0.1818,0.2755,0.3357
fault_11,11,xmeas_1_22,level,hac,base+R4,22,2200,1594,0.7245,0.9304,0.0064,,0.0684,0.5378,0.0168,0.1818,0.2755,0.3357
fault_11,11,xmeas_1_22,level,hac,base+R1+R4,22,2200,1396,0.6345,0.9334,0.0067,,0.0652,0.5194,0.0168,0.1818,0.2755,0.3357
fault_11,11,xmeas_1_22,level,naive,base,22,2200,2200,1.0,0.7032,0.0097,,0.2964,0.4529,0.0231,0.1818,0.2755,0.3357
fault_11,11,xmeas_1_22,level,naive,base+R1,22,2200,1800,0.8182,0.7461,0.0103,,0.2556,0.4507,0.0232,0.1818,0.2755,0.3357
fault_11,11,xmeas_1_22,level,naive,base+R4,22,2200,1594,0.7245,0.8494,0.009,,0.1487,0.4487,0.0193,0.1818,0.2755,0.3357
fault_11,11,xmeas_1_22,level,naive,base+R1+R4,22,2200,1396,0.6345,0.8639,0.0092,,0.1347,0.4479,0.0193,0.1818,0.2755,0.3357
fault_11,11,xmeas_1_22,spread,block_bootstrap,base,22,2200,2200,1.0,0.8155,0.0083,,0.2795,0.3702,0.0205,0.1818,0.2755,0.3357
fault_11,11,xmeas_1_22,spread,block_bootstrap,base+R1,22,2200,1800,0.8182,0.83,0.0089,,0.2683,0.3513,0.0205,0.1818,0.2755,0.3357
fault_11,11,xmeas_1_22,spread,block_bootstrap,base+R4,22,2200,1594,0.7245,0.8864,0.0079,,0.2127,0.3272,0.0195,0.1818,0.2755,0.3357
fault_11,11,xmeas_1_22,spread,block_bootstrap,base+R1+R4,22,2200,1396,0.6345,0.8868,0.0085,,0.2113,0.3245,0.0196,0.1818,0.2755,0.3357
fault_11,11,xmeas_1_22,spread,naive,base,22,2200,2200,1.0,0.6982,0.0098,,0.3918,0.3109,0.025,0.1818,0.2755,0.3357
fault_11,11,xmeas_1_22,spread,naive,base+R1,22,2200,1800,0.8182,0.73,0.0105,,0.3611,0.3109,0.025,0.1818,0.2755,0.3357
fault_11,11,xmeas_1_22,spread,naive,base+R4,22,2200,1594,0.7245,0.8526,0.0089,,0.2528,0.3109,0.0225,0.1818,0.2755,0.3357
fault_11,11,xmeas_1_22,spread,naive,base+R1+R4,22,2200,1396,0.6345,0.8603,0.0093,,0.245,0.3109,0.0225,0.1818,0.2755,0.3357
fault_11,11,xmeas_23_41,level,block_bootstrap,base,19,1900,1900,1.0,0.8737,0.0076,,0.1253,0.8094,0.0197,0.18,0.0584,0.617
fault_11,11,xmeas_23_41,level,block_bootstrap,base+R1,19,1900,1558,0.82,0.8813,0.0082,,0.1187,0.7899,0.0199,0.18,0.0584,0.617
fault_11,11,xmeas_23_41,level,block_bootstrap,base+R4,19,1900,1789,0.9416,0.8703,0.0079,,0.1286,0.7933,0.0198,0.18,0.0584,0.617
fault_11,11,xmeas_23_41,level,block_bootstrap,base+R1+R4,19,1900,1475,0.7763,0.8766,0.0086,,0.1234,0.7749,0.02,0.18,0.0584,0.617
fault_11,11,xmeas_23_41,level,ewc,base,19,1900,1900,1.0,0.9432,0.0053,,0.0574,0.9899,0.0163,0.18,0.0584,0.617
fault_11,11,xmeas_23_41,level,ewc,base+R1,19,1900,1558,0.82,0.9442,0.0058,,0.0571,0.9627,0.0163,0.18,0.0584,0.617
fault_11,11,xmeas_23_41,level,ewc,base+R4,19,1900,1789,0.9416,0.9402,0.0056,,0.0604,0.967,0.0163,0.18,0.0584,0.617
fault_11,11,xmeas_23_41,level,ewc,base+R1+R4,19,1900,1475,0.7763,0.9417,0.0061,,0.0597,0.9418,0.0163,0.18,0.0584,0.617
fault_11,11,xmeas_23_41,level,hac,base,19,1900,1900,1.0,0.9,0.0069,,0.0989,0.8213,0.0189,0.18,0.0584,0.617
fault_11,11,xmeas_23_41,level,hac,base+R1,19,1900,1558,0.82,0.9012,0.0076,,0.0982,0.7971,0.0191,0.18,0.0584,0.617
fault_11,11,xmeas_23_41,level,hac,base+R4,19,1900,1789,0.9416,0.8944,0.0073,,0.104,0.8001,0.0189,0.18,0.0584,0.617
fault_11,11,xmeas_23_41,level,hac,base+R1+R4,19,1900,1475,0.7763,0.8963,0.0079,,0.1024,0.7759,0.0191,0.18,0.0584,0.617
fault_11,11,xmeas_23_41,level,naive,base,19,1900,1900,1.0,0.6405,0.011,,0.3521,0.4484,0.0361,0.18,0.0584,0.617
fault_11,11,xmeas_23_41,level,naive,base+R1,19,1900,1558,0.82,0.6739,0.0119,,0.3196,0.4481,0.0362,0.18,0.0584,0.617
fault_11,11,xmeas_23_41,level,naive,base+R4,19,1900,1789,0.9416,0.6451,0.0113,,0.3471,0.4474,0.0378,0.18,0.0584,0.617
fault_11,11,xmeas_23_41,level,naive,base+R1+R4,19,1900,1475,0.7763,0.6759,0.0122,,0.318,0.4473,0.038,0.18,0.0584,0.617
fault_11,11,xmeas_23_41,spread,block_bootstrap,base,19,1900,1900,1.0,0.8421,0.0084,,0.1716,0.4465,0.0201,0.18,0.0584,0.617
fault_11,11,xmeas_23_41,spread,block_bootstrap,base+R1,19,1900,1558,0.82,0.8537,0.009,,0.1592,0.4445,0.0201,0.18,0.0584,0.617
fault_11,11,xmeas_23_41,spread,block_bootstrap,base+R4,19,1900,1789,0.9416,0.8496,0.0085,,0.1576,0.4384,0.0201,0.18,0.0584,0.617
fault_11,11,xmeas_23_41,spread,block_bootstrap,base+R1+R4,19,1900,1475,0.7763,0.8603,0.009,,0.1464,0.437,0.0201,0.18,0.0584,0.617
fault_11,11,xmeas_23_41,spread,naive,base,19,1900,1900,1.0,0.6737,0.0108,,0.34,0.3109,0.0294,0.18,0.0584,0.617
fault_11,11,xmeas_23_41,spread,naive,base+R1,19,1900,1558,0.82,0.6861,0.0118,,0.3184,0.3109,0.0294,0.18,0.0584,0.617
fault_11,11,xmeas_23_41,spread,naive,base+R4,19,1900,1789,0.9416,0.6954,0.0109,,0.3181,0.3109,0.0294,0.18,0.0584,0.617
fault_11,11,xmeas_23_41,spread,naive,base+R1+R4,19,1900,1475,0.7763,0.7064,0.0119,,0.2976,0.3109,0.0294,0.18,0.0584,0.617
fault_11,11,xmv_1_11,level,block_bootstrap,base,11,1100,1100,1.0,0.8718,0.0101,,0.1291,0.6816,0.0191,0.1664,0.18,0.3245
fault_11,11,xmv_1_11,level,block_bootstrap,base+R1,11,1100,917,0.8336,0.8811,0.0107,,0.12,0.6114,0.0193,0.1664,0.18,0.3245
fault_11,11,xmv_1_11,level,block_bootstrap,base+R4,11,1100,902,0.82,0.8958,0.0102,,0.0976,0.5687,0.0185,0.1664,0.18,0.3245
fault_11,11,xmv_1_11,level,block_bootstrap,base+R1+R4,11,1100,777,0.7064,0.897,0.0109,,0.0952,0.5469,0.0186,0.1664,0.18,0.3245
fault_11,11,xmv_1_11,level,ewc,base,11,1100,1100,1.0,0.9309,0.0076,,0.0682,0.8383,0.0156,0.1664,0.18,0.3245
fault_11,11,xmv_1_11,level,ewc,base+R1,11,1100,917,0.8336,0.94,0.0078,,0.0611,0.7335,0.0157,0.1664,0.18,0.3245
fault_11,11,xmv_1_11,level,ewc,base+R4,11,1100,902,0.82,0.9457,0.0075,,0.051,0.6542,0.0161,0.1664,0.18,0.3245
fault_11,11,xmv_1_11,level,ewc,base+R1+R4,11,1100,777,0.7064,0.9459,0.0081,,0.0502,0.6247,0.0164,0.1664,0.18,0.3245
fault_11,11,xmv_1_11,level,hac,base,11,1100,1100,1.0,0.8991,0.0091,,0.1064,0.6471,0.017,0.1664,0.18,0.3245
fault_11,11,xmv_1_11,level,hac,base+R1,11,1100,917,0.8336,0.9062,0.0096,,0.0992,0.6139,0.0169,0.1664,0.18,0.3245
fault_11,11,xmv_1_11,level,hac,base+R4,11,1100,902,0.82,0.9157,0.0092,,0.082,0.5768,0.018,0.1664,0.18,0.3245
fault_11,11,xmv_1_11,level,hac,base+R1+R4,11,1100,777,0.7064,0.9151,0.01,,0.0798,0.5466,0.018,0.1664,0.18,0.3245
fault_11,11,xmv_1_11,level,naive,base,11,1100,1100,1.0,0.6973,0.0139,,0.2982,0.45,0.0255,0.1664,0.18,0.3245
fault_11,11,xmv_1_11,level,naive,base+R1,11,1100,917,0.8336,0.735,0.0146,,0.2628,0.4483,0.0256,0.1664,0.18,0.3245
fault_11,11,xmv_1_11,level,naive,base+R4,11,1100,902,0.82,0.7683,0.014,,0.2251,0.4447,0.0248,0.1664,0.18,0.3245
fault_11,11,xmv_1_11,level,naive,base+R1+R4,11,1100,777,0.7064,0.7928,0.0145,,0.1995,0.4437,0.0249,0.1664,0.18,0.3245
fault_11,11,xmv_1_11,spread,block_bootstrap,base,11,1100,1100,1.0,0.8418,0.011,,0.2573,0.3546,0.0204,0.1664,0.18,0.3245
fault_11,11,xmv_1_11,spread,block_bootstrap,base+R1,11,1100,917,0.8336,0.8517,0.0117,,0.2508,0.3423,0.0204,0.1664,0.18,0.3245
fault_11,11,xmv_1_11,spread,block_bootstrap,base+R4,11,1100,902,0.82,0.8659,0.0113,,0.1585,0.3334,0.0193,0.1664,0.18,0.3245
fault_11,11,xmv_1_11,spread,block_bootstrap,base+R1+R4,11,1100,777,0.7064,0.8687,0.0121,,0.157,0.3286,0.0193,0.1664,0.18,0.3245
fault_11,11,xmv_1_11,spread,naive,base,11,1100,1100,1.0,0.7564,0.0129,,0.3336,0.3109,0.0228,0.1664,0.18,0.3245
fault_11,11,xmv_1_11,spread,naive,base+R1,11,1100,917,0.8336,0.7841,0.0136,,0.3075,0.3109,0.0228,0.1664,0.18,0.3245
fault_11,11,xmv_1_11,spread,naive,base+R4,11,1100,902,0.82,0.8248,0.0127,,0.2095,0.3109,0.0227,0.1664,0.18,0.3245
fault_11,11,xmv_1_11,spread,naive,base+R1+R4,11,1100,777,0.7064,0.8378,0.0132,,0.1969,0.3109,0.0227,0.1664,0.18,0.3245
fault_12,12,xmeas_1_22,level,block_bootstrap,base,22,2200,2200,1.0,0.9627,0.004,,0.0418,2.777,0.013,0.1818,0.5341,0.3357
fault_12,12,xmeas_1_22,level,block_bootstrap,base+R1,22,2200,1800,0.8182,0.97,0.004,,0.0378,2.3655,0.0131,0.1818,0.5341,0.3357
fault_12,12,xmeas_1_22,level,block_bootstrap,base+R4,22,2200,1025,0.4659,0.9678,0.0055,,0.0341,0.8284,0.0155,0.1818,0.5341,0.3357
fault_12,12,xmeas_1_22,level,block_bootstrap,base+R1+R4,22,2200,934,0.4245,0.969,0.0057,,0.0353,0.8178,0.0155,0.1818,0.5341,0.3357
fault_12,12,xmeas_1_22,level,ewc,base,22,2200,2200,1.0,0.9886,0.0023,,0.0109,3.6572,0.0102,0.1818,0.5341,0.3357
fault_12,12,xmeas_1_22,level,ewc,base+R1,22,2200,1800,0.8182,0.9906,0.0023,,0.0078,3.1368,0.0104,0.1818,0.5341,0.3357
fault_12,12,xmeas_1_22,level,ewc,base+R4,22,2200,1025,0.4659,0.9883,0.0034,,0.0049,1.0155,0.0124,0.1818,0.5341,0.3357
fault_12,12,xmeas_1_22,level,ewc,base+R1+R4,22,2200,934,0.4245,0.9872,0.0037,,0.0054,0.9917,0.0128,0.1818,0.5341,0.3357
fault_12,12,xmeas_1_22,level,hac,base,22,2200,2200,1.0,0.9718,0.0035,,0.0291,2.9944,0.0125,0.1818,0.5341,0.3357
fault_12,12,xmeas_1_22,level,hac,base+R1,22,2200,1800,0.8182,0.9756,0.0036,,0.0261,2.5352,0.0127,0.1818,0.5341,0.3357
fault_12,12,xmeas_1_22,level,hac,base+R4,22,2200,1025,0.4659,0.9795,0.0044,,0.0185,0.8083,0.0153,0.1818,0.5341,0.3357
fault_12,12,xmeas_1_22,level,hac,base+R1+R4,22,2200,934,0.4245,0.9775,0.0049,,0.0193,0.7987,0.0152,0.1818,0.5341,0.3357
fault_12,12,xmeas_1_22,level,naive,base,22,2200,2200,1.0,0.7586,0.0091,,0.2441,1.034,0.0301,0.1818,0.5341,0.3357
fault_12,12,xmeas_1_22,level,naive,base+R1,22,2200,1800,0.8182,0.7933,0.0095,,0.2044,0.8931,0.0302,0.1818,0.5341,0.3357
fault_12,12,xmeas_1_22,level,naive,base+R4,22,2200,1025,0.4659,0.8937,0.0096,,0.1054,0.5304,0.0264,0.1818,0.5341,0.3357
fault_12,12,xmeas_1_22,level,naive,base+R1+R4,22,2200,934,0.4245,0.9004,0.0098,,0.1006,0.5297,0.0262,0.1818,0.5341,0.3357
fault_12,12,xmeas_1_22,spread,block_bootstrap,base,22,2200,2200,1.0,0.6877,0.0099,,0.8668,0.5058,0.037,0.1818,0.5341,0.3357
fault_12,12,xmeas_1_22,spread,block_bootstrap,base+R1,22,2200,1800,0.8182,0.7067,0.0107,,0.8533,0.4761,0.0365,0.1818,0.5341,0.3357
fault_12,12,xmeas_1_22,spread,block_bootstrap,base+R4,22,2200,1025,0.4659,0.7629,0.0133,,0.718,0.3466,0.032,0.1818,0.5341,0.3357
fault_12,12,xmeas_1_22,spread,block_bootstrap,base+R1+R4,22,2200,934,0.4245,0.7709,0.0138,,0.7184,0.3442,0.0316,0.1818,0.5341,0.3357
fault_12,12,xmeas_1_22,spread,naive,base,22,2200,2200,1.0,0.4991,0.0107,,0.8755,0.3109,0.059,0.1818,0.5341,0.3357
fault_12,12,xmeas_1_22,spread,naive,base+R1,22,2200,1800,0.8182,0.5356,0.0118,,0.86,0.3109,0.059,0.1818,0.5341,0.3357
fault_12,12,xmeas_1_22,spread,naive,base+R4,22,2200,1025,0.4659,0.7132,0.0141,,0.7337,0.3109,0.0439,0.1818,0.5341,0.3357
fault_12,12,xmeas_1_22,spread,naive,base+R1+R4,22,2200,934,0.4245,0.7248,0.0146,,0.7313,0.3109,0.0439,0.1818,0.5341,0.3357
fault_12,12,xmeas_23_41,level,block_bootstrap,base,19,1900,1900,1.0,0.9684,0.004,,0.0284,1.8598,0.0145,0.18,0.5111,0.617
fault_12,12,xmeas_23_41,level,block_bootstrap,base+R1,19,1900,1558,0.82,0.9718,0.0042,,0.027,1.7221,0.0146,0.18,0.5111,0.617
fault_12,12,xmeas_23_41,level,block_bootstrap,base+R4,19,1900,929,0.4889,0.9483,0.0073,,0.0474,1.0882,0.0197,0.18,0.5111,0.617
fault_12,12,xmeas_23_41,level,block_bootstrap,base+R1+R4,19,1900,803,0.4226,0.9527,0.0075,,0.0448,1.0933,0.0193,0.18,0.5111,0.617
fault_12,12,xmeas_23_41,level,ewc,base,19,1900,1900,1.0,0.9895,0.0023,,0.0095,2.4322,0.0108,0.18,0.5111,0.617
fault_12,12,xmeas_23_41,level,ewc,base+R1,19,1900,1558,0.82,0.9904,0.0025,,0.0096,2.2986,0.0108,0.18,0.5111,0.617
fault_12,12,xmeas_23_41,level,ewc,base+R4,19,1900,929,0.4889,0.9785,0.0048,,0.0194,1.3703,0.0152,0.18,0.5111,0.617
fault_12,12,xmeas_23_41,level,ewc,base+R1+R4,19,1900,803,0.4226,0.9813,0.0048,,0.0187,1.3805,0.0158,0.18,0.5111,0.617
fault_12,12,xmeas_23_41,level,hac,base,19,1900,1900,1.0,0.9837,0.0029,,0.0174,2.3134,0.0121,0.18,0.5111,0.617
fault_12,12,xmeas_23_41,level,hac,base+R1,19,1900,1558,0.82,0.984,0.0032,,0.0173,2.1714,0.0123,0.18,0.5111,0.617
fault_12,12,xmeas_23_41,level,hac,base+R4,19,1900,929,0.4889,0.9666,0.0059,,0.0355,1.1861,0.0171,0.18,0.5111,0.617
fault_12,12,xmeas_23_41,level,hac,base+R1+R4,19,1900,803,0.4226,0.9689,0.0061,,0.0336,1.19,0.0172,0.18,0.5111,0.617
fault_12,12,xmeas_23_41,level,naive,base,19,1900,1900,1.0,0.6668,0.0108,,0.3321,0.733,0.0379,0.18,0.5111,0.617
fault_12,12,xmeas_23_41,level,naive,base+R1,19,1900,1558,0.82,0.6778,0.0118,,0.3222,0.6934,0.0381,0.18,0.5111,0.617
fault_12,12,xmeas_23_41,level,naive,base+R4,19,1900,929,0.4889,0.6889,0.0152,,0.3111,0.5268,0.0421,0.18,0.5111,0.617
fault_12,12,xmeas_23_41,level,naive,base+R1+R4,19,1900,803,0.4226,0.7024,0.0161,,0.3026,0.5281,0.0422,0.18,0.5111,0.617
fault_12,12,xmeas_23_41,spread,block_bootstrap,base,19,1900,1900,1.0,0.6553,0.0109,,0.7721,0.5818,0.036,0.18,0.5111,0.617
fault_12,12,xmeas_23_41,spread,block_bootstrap,base+R1,19,1900,1558,0.82,0.6605,0.012,,0.7625,0.5774,0.0358,0.18,0.5111,0.617
fault_12,12,xmeas_23_41,spread,block_bootstrap,base+R4,19,1900,929,0.4889,0.6738,0.0154,,0.5737,0.5098,0.0393,0.18,0.5111,0.617
fault_12,12,xmeas_23_41,spread,block_bootstrap,base+R1+R4,19,1900,803,0.4226,0.6824,0.0164,,0.5816,0.5082,0.0397,0.18,0.5111,0.617
fault_12,12,xmeas_23_41,spread,naive,base,19,1900,1900,1.0,0.3921,0.0112,,0.8658,0.3109,0.0625,0.18,0.5111,0.617
fault_12,12,xmeas_23_41,spread,naive,base+R1,19,1900,1558,0.82,0.4056,0.0124,,0.8601,0.3109,0.0625,0.18,0.5111,0.617
fault_12,12,xmeas_23_41,spread,naive,base+R4,19,1900,929,0.4889,0.4747,0.0164,,0.7374,0.3109,0.0606,0.18,0.5111,0.617
fault_12,12,xmeas_23_41,spread,naive,base+R1+R4,19,1900,803,0.4226,0.4882,0.0176,,0.741,0.3109,0.0606,0.18,0.5111,0.617
fault_12,12,xmv_1_11,level,block_bootstrap,base,11,1100,1100,1.0,0.94,0.0072,,0.0682,1.8524,0.0173,0.1664,0.4364,0.3245
fault_12,12,xmv_1_11,level,block_bootstrap,base+R1,11,1100,917,0.8336,0.9444,0.0076,,0.0622,1.661,0.0176,0.1664,0.4364,0.3245
fault_12,12,xmv_1_11,level,block_bootstrap,base+R4,11,1100,620,0.5636,0.9339,0.01,,0.0645,0.8888,0.0193,0.1664,0.4364,0.3245
fault_12,12,xmv_1_11,level,block_bootstrap,base+R1+R4,11,1100,560,0.5091,0.9339,0.0105,,0.0696,0.8744,0.0191,0.1664,0.4364,0.3245
fault_12,12,xmv_1_11,level,ewc,base,11,1100,1100,1.0,0.9727,0.0049,,0.0255,2.5156,0.0131,0.1664,0.4364,0.3245
fault_12,12,xmv_1_11,level,ewc,base+R1,11,1100,917,0.8336,0.9716,0.0055,,0.0251,2.2745,0.0131,0.1664,0.4364,0.3245
fault_12,12,xmv_1_11,level,ewc,base+R4,11,1100,620,0.5636,0.9694,0.0069,,0.0258,1.15,0.0139,0.1664,0.4364,0.3245
fault_12,12,xmv_1_11,level,ewc,base+R1+R4,11,1100,560,0.5091,0.9661,0.0077,,0.0268,1.1251,0.0139,0.1664,0.4364,0.3245
fault_12,12,xmv_1_11,level,hac,base,11,1100,1100,1.0,0.9482,0.0067,,0.06,2.1729,0.0153,0.1664,0.4364,0.3245
fault_12,12,xmv_1_11,level,hac,base+R1,11,1100,917,0.8336,0.9487,0.0073,,0.0578,1.9122,0.0152,0.1664,0.4364,0.3245
fault_12,12,xmv_1_11,level,hac,base+R4,11,1100,620,0.5636,0.9516,0.0086,,0.0532,0.8939,0.0171,0.1664,0.4364,0.3245
fault_12,12,xmv_1_11,level,hac,base+R1+R4,11,1100,560,0.5091,0.9464,0.0095,,0.0571,0.8802,0.0171,0.1664,0.4364,0.3245
fault_12,12,xmv_1_11,level,naive,base,11,1100,1100,1.0,0.7145,0.0136,,0.2864,0.7536,0.0389,0.1664,0.4364,0.3245
fault_12,12,xmv_1_11,level,naive,base+R1,11,1100,917,0.8336,0.7426,0.0144,,0.2585,0.6957,0.0389,0.1664,0.4364,0.3245
fault_12,12,xmv_1_11,level,naive,base+R4,11,1100,620,0.5636,0.8048,0.0159,,0.1984,0.5349,0.0389,0.1664,0.4364,0.3245
fault_12,12,xmv_1_11,level,naive,base+R1+R4,11,1100,560,0.5091,0.8089,0.0166,,0.1946,0.5326,0.0389,0.1664,0.4364,0.3245
fault_12,12,xmv_1_11,spread,block_bootstrap,base,11,1100,1100,1.0,0.6655,0.0142,,0.84,0.4899,0.037,0.1664,0.4364,0.3245
fault_12,12,xmv_1_11,spread,block_bootstrap,base+R1,11,1100,917,0.8336,0.6881,0.0153,,0.8255,0.4599,0.037,0.1664,0.4364,0.3245
fault_12,12,xmv_1_11,spread,block_bootstrap,base+R4,11,1100,620,0.5636,0.7097,0.0182,,0.7226,0.3583,0.0367,0.1664,0.4364,0.3245
fault_12,12,xmv_1_11,spread,block_bootstrap,base+R1+R4,11,1100,560,0.5091,0.7232,0.0189,,0.7179,0.3538,0.0367,0.1664,0.4364,0.3245
fault_12,12,xmv_1_11,spread,naive,base,11,1100,1100,1.0,0.4882,0.0151,,0.8536,0.3109,0.0617,0.1664,0.4364,0.3245
fault_12,12,xmv_1_11,spread,naive,base+R1,11,1100,917,0.8336,0.5224,0.0165,,0.8386,0.3109,0.0617,0.1664,0.4364,0.3245
fault_12,12,xmv_1_11,spread,naive,base+R4,11,1100,620,0.5636,0.6565,0.0191,,0.7403,0.3109,0.0523,0.1664,0.4364,0.3245
fault_12,12,xmv_1_11,spread,naive,base+R1+R4,11,1100,560,0.5091,0.6696,0.0199,,0.7357,0.3109,0.0523,0.1664,0.4364,0.3245
fault_13,13,xmeas_1_22,level,block_bootstrap,base,22,2200,2200,1.0,0.6605,0.0101,,0.3505,1.7552,0.0309,0.1818,0.4691,0.3357
fault_13,13,xmeas_1_22,level,block_bootstrap,base+R1,22,2200,1800,0.8182,0.6961,0.0108,,0.3128,1.3174,0.0311,0.1818,0.4691,0.3357
fault_13,13,xmeas_1_22,level,block_bootstrap,base+R4,22,2200,1168,0.5309,0.8142,0.0114,,0.1952,0.5463,0.0193,0.1818,0.4691,0.3357
fault_13,13,xmeas_1_22,level,block_bootstrap,base+R1+R4,22,2200,1066,0.4845,0.8171,0.0118,,0.1932,0.5365,0.0194,0.1818,0.4691,0.3357
fault_13,13,xmeas_1_22,level,ewc,base,22,2200,2200,1.0,0.7577,0.0091,,0.2486,2.3662,0.0221,0.1818,0.4691,0.3357
fault_13,13,xmeas_1_22,level,ewc,base+R1,22,2200,1800,0.8182,0.7894,0.0096,,0.2156,1.7875,0.0229,0.1818,0.4691,0.3357
fault_13,13,xmeas_1_22,level,ewc,base+R4,22,2200,1168,0.5309,0.8767,0.0096,,0.1344,0.6632,0.0172,0.1818,0.4691,0.3357
fault_13,13,xmeas_1_22,level,ewc,base+R1+R4,22,2200,1066,0.4845,0.878,0.01,,0.1323,0.6476,0.0173,0.1818,0.4691,0.3357
fault_13,13,xmeas_1_22,level,hac,base,22,2200,2200,1.0,0.7255,0.0095,,0.2923,2.1306,0.0251,0.1818,0.4691,0.3357
fault_13,13,xmeas_1_22,level,hac,base+R1,22,2200,1800,0.8182,0.7483,0.0102,,0.2622,1.4671,0.0251,0.1818,0.4691,0.3357
fault_13,13,xmeas_1_22,level,hac,base+R4,22,2200,1168,0.5309,0.8296,0.011,,0.1747,0.4822,0.0194,0.1818,0.4691,0.3357
fault_13,13,xmeas_1_22,level,hac,base+R1+R4,22,2200,1066,0.4845,0.8283,0.0115,,0.1735,0.4779,0.0193,0.1818,0.4691,0.3357
fault_13,13,xmeas_1_22,level,naive,base,22,2200,2200,1.0,0.4868,0.0107,,0.5291,0.6751,0.0823,0.1818,0.4691,0.3357
fault_13,13,xmeas_1_22,level,naive,base+R1,22,2200,1800,0.8182,0.5256,0.0118,,0.49,0.5778,0.084,0.1818,0.4691,0.3357
fault_13,13,xmeas_1_22,level,naive,base+R4,22,2200,1168,0.5309,0.7098,0.0133,,0.2877,0.4608,0.0325,0.1818,0.4691,0.3357
fault_13,13,xmeas_1_22,level,naive,base+R1+R4,22,2200,1066,0.4845,0.7176,0.0138,,0.2805,0.4595,0.0342,0.1818,0.4691,0.3357
fault_13,13,xmeas_1_22,spread,block_bootstrap,base,22,2200,2200,1.0,0.6795,0.0099,,0.6577,0.516,0.039,0.1818,0.4691,0.3357
fault_13,13,xmeas_1_22,spread,block_bootstrap,base+R1,22,2200,1800,0.8182,0.6922,0.0109,,0.6128,0.4683,0.0388,0.1818,0.4691,0.3357
fault_13,13,xmeas_1_22,spread,block_bootstrap,base+R4,22,2200,1168,0.5309,0.7534,0.0126,,0.3664,0.3315,0.028,0.1818,0.4691,0.3357
fault_13,13,xmeas_1_22,spread,block_bootstrap,base+R1+R4,22,2200,1066,0.4845,0.7589,0.0131,,0.3555,0.3264,0.0281,0.1818,0.4691,0.3357
fault_13,13,xmeas_1_22,spread,naive,base,22,2200,2200,1.0,0.4977,0.0107,,0.6905,0.3109,0.0709,0.1818,0.4691,0.3357
fault_13,13,xmeas_1_22,spread,naive,base+R1,22,2200,1800,0.8182,0.5333,0.0118,,0.6456,0.3109,0.0709,0.1818,0.4691,0.3357
fault_13,13,xmeas_1_22,spread,naive,base+R4,22,2200,1168,0.5309,0.714,0.0132,,0.4187,0.3109,0.0346,0.1818,0.4691,0.3357
fault_13,13,xmeas_1_22,spread,naive,base+R1+R4,22,2200,1066,0.4845,0.7242,0.0137,,0.4024,0.3109,0.0346,0.1818,0.4691,0.3357
fault_13,13,xmeas_23_41,level,block_bootstrap,base,19,1900,1900,1.0,0.7495,0.0099,,0.2563,1.6264,0.0244,0.18,0.5432,0.617
fault_13,13,xmeas_23_41,level,block_bootstrap,base+R1,19,1900,1558,0.82,0.7599,0.0108,,0.2478,1.5476,0.0233,0.18,0.5432,0.617
fault_13,13,xmeas_23_41,level,block_bootstrap,base+R4,19,1900,868,0.4568,0.7408,0.0149,,0.2627,1.0677,0.0371,0.18,0.5432,0.617
fault_13,13,xmeas_23_41,level,block_bootstrap,base+R1+R4,19,1900,760,0.4,0.7487,0.0157,,0.2566,1.0634,0.0361,0.18,0.5432,0.617
fault_13,13,xmeas_23_41,level,ewc,base,19,1900,1900,1.0,0.8453,0.0083,,0.1579,2.1808,0.0179,0.18,0.5432,0.617
fault_13,13,xmeas_23_41,level,ewc,base+R1,19,1900,1558,0.82,0.8537,0.009,,0.1489,2.0521,0.0177,0.18,0.5432,0.617
fault_13,13,xmeas_23_41,level,ewc,base+R4,19,1900,868,0.4568,0.8399,0.0124,,0.1694,1.351,0.028,0.18,0.5432,0.617
fault_13,13,xmeas_23_41,level,ewc,base+R1+R4,19,1900,760,0.4,0.8447,0.0131,,0.1632,1.3447,0.0271,0.18,0.5432,0.617
fault_13,13,xmeas_23_41,level,hac,base,19,1900,1900,1.0,0.83,0.0086,,0.1758,2.1503,0.018,0.18,0.5432,0.617
fault_13,13,xmeas_23_41,level,hac,base+R1,19,1900,1558,0.82,0.837,0.0094,,0.1714,2.0215,0.019,0.18,0.5432,0.617
fault_13,13,xmeas_23_41,level,hac,base+R4,19,1900,868,0.4568,0.8041,0.0135,,0.2085,1.1793,0.0308,0.18,0.5432,0.617
fault_13,13,xmeas_23_41,level,hac,base+R1+R4,19,1900,760,0.4,0.8079,0.0143,,0.2053,1.164,0.03,0.18,0.5432,0.617
fault_13,13,xmeas_23_41,level,naive,base,19,1900,1900,1.0,0.4158,0.0113,,0.5821,0.64,0.0635,0.18,0.5432,0.617
fault_13,13,xmeas_23_41,level,naive,base+R1,19,1900,1558,0.82,0.4294,0.0125,,0.5674,0.6197,0.0631,0.18,0.5432,0.617
fault_13,13,xmeas_23_41,level,naive,base+R4,19,1900,868,0.4568,0.4585,0.0169,,0.5426,0.5069,0.0805,0.18,0.5432,0.617
fault_13,13,xmeas_23_41,level,naive,base+R1+R4,19,1900,760,0.4,0.4789,0.0181,,0.5211,0.5048,0.0796,0.18,0.5432,0.617
fault_13,13,xmeas_23_41,spread,block_bootstrap,base,19,1900,1900,1.0,0.6637,0.0108,,0.7163,0.5874,0.0388,0.18,0.5432,0.617
fault_13,13,xmeas_23_41,spread,block_bootstrap,base+R1,19,1900,1558,0.82,0.6579,0.012,,0.6977,0.5779,0.0385,0.18,0.5432,0.617
fault_13,13,xmeas_23_41,spread,block_bootstrap,base+R4,19,1900,868,0.4568,0.6187,0.0165,,0.4643,0.5137,0.0429,0.18,0.5432,0.617
fault_13,13,xmeas_23_41,spread,block_bootstrap,base+R1+R4,19,1900,760,0.4,0.6197,0.0176,,0.4592,0.5118,0.0423,0.18,0.5432,0.617
fault_13,13,xmeas_23_41,spread,naive,base,19,1900,1900,1.0,0.3863,0.0112,,0.8468,0.3109,0.0708,0.18,0.5432,0.617
fault_13,13,xmeas_23_41,spread,naive,base+R1,19,1900,1558,0.82,0.3967,0.0124,,0.8357,0.3109,0.0708,0.18,0.5432,0.617
fault_13,13,xmeas_23_41,spread,naive,base+R4,19,1900,868,0.4568,0.4712,0.0169,,0.6878,0.3109,0.0706,0.18,0.5432,0.617
fault_13,13,xmeas_23_41,spread,naive,base+R1+R4,19,1900,760,0.4,0.4763,0.0181,,0.6829,0.3109,0.0703,0.18,0.5432,0.617
fault_13,13,xmv_1_11,level,block_bootstrap,base,11,1100,1100,1.0,0.6345,0.0145,,0.38,1.1463,0.0324,0.1664,0.3491,0.3245
fault_13,13,xmv_1_11,level,block_bootstrap,base+R1,11,1100,917,0.8336,0.6609,0.0156,,0.3501,1.006,0.0326,0.1664,0.3491,0.3245
fault_13,13,xmv_1_11,level,block_bootstrap,base+R4,11,1100,716,0.6509,0.7039,0.0171,,0.3045,0.7245,0.0324,0.1664,0.3491,0.3245
fault_13,13,xmv_1_11,level,block_bootstrap,base+R1+R4,11,1100,649,0.59,0.7088,0.0178,,0.2989,0.7139,0.0326,0.1664,0.3491,0.3245
fault_13,13,xmv_1_11,level,ewc,base,11,1100,1100,1.0,0.7336,0.0133,,0.2709,1.5201,0.0238,0.1664,0.3491,0.3245
fault_13,13,xmv_1_11,level,ewc,base+R1,11,1100,917,0.8336,0.7525,0.0143,,0.2454,1.3534,0.0237,0.1664,0.3491,0.3245
fault_13,13,xmv_1_11,level,ewc,base+R4,11,1100,716,0.6509,0.7877,0.0153,,0.2137,0.9221,0.0235,0.1664,0.3491,0.3245
fault_13,13,xmv_1_11,level,ewc,base+R1+R4,11,1100,649,0.59,0.7904,0.016,,0.2065,0.9092,0.0235,0.1664,0.3491,0.3245
fault_13,13,xmv_1_11,level,hac,base,11,1100,1100,1.0,0.6818,0.014,,0.3264,1.1672,0.0329,0.1664,0.3491,0.3245
fault_13,13,xmv_1_11,level,hac,base+R1,11,1100,917,0.8336,0.7023,0.0151,,0.3064,0.9816,0.0322,0.1664,0.3491,0.3245
fault_13,13,xmv_1_11,level,hac,base+R4,11,1100,716,0.6509,0.6983,0.0172,,0.3003,0.6235,0.0369,0.1664,0.3491,0.3245
fault_13,13,xmv_1_11,level,hac,base+R1+R4,11,1100,649,0.59,0.7042,0.0179,,0.2958,0.6077,0.0382,0.1664,0.3491,0.3245
fault_13,13,xmv_1_11,level,naive,base,11,1100,1100,1.0,0.4618,0.015,,0.5445,0.5445,0.0616,0.1664,0.3491,0.3245
fault_13,13,xmv_1_11,level,naive,base+R1,11,1100,917,0.8336,0.4951,0.0165,,0.5082,0.5212,0.0617,0.1664,0.3491,0.3245
fault_13,13,xmv_1_11,level,naive,base+R4,11,1100,716,0.6509,0.5866,0.0184,,0.4106,0.4754,0.0499,0.1664,0.3491,0.3245
fault_13,13,xmv_1_11,level,naive,base+R1+R4,11,1100,649,0.59,0.5917,0.0193,,0.4052,0.4743,0.0497,0.1664,0.3491,0.3245
fault_13,13,xmv_1_11,spread,block_bootstrap,base,11,1100,1100,1.0,0.6764,0.0141,,0.6318,0.4443,0.0368,0.1664,0.3491,0.3245
fault_13,13,xmv_1_11,spread,block_bootstrap,base+R1,11,1100,917,0.8336,0.7012,0.0151,,0.6009,0.4122,0.0366,0.1664,0.3491,0.3245
fault_13,13,xmv_1_11,spread,block_bootstrap,base+R4,11,1100,716,0.6509,0.7346,0.0165,,0.4469,0.3409,0.0345,0.1664,0.3491,0.3245
fault_13,13,xmv_1_11,spread,block_bootstrap,base+R1+R4,11,1100,649,0.59,0.7381,0.0173,,0.4468,0.3394,0.0345,0.1664,0.3491,0.3245
fault_13,13,xmv_1_11,spread,naive,base,11,1100,1100,1.0,0.5255,0.0151,,0.6727,0.3109,0.0465,0.1664,0.3491,0.3245
fault_13,13,xmv_1_11,spread,naive,base+R1,11,1100,917,0.8336,0.5573,0.0164,,0.639,0.3109,0.0465,0.1664,0.3491,0.3245
fault_13,13,xmv_1_11,spread,naive,base+R4,11,1100,716,0.6509,0.6746,0.0175,,0.4986,0.3109,0.0465,0.1664,0.3491,0.3245
fault_13,13,xmv_1_11,spread,naive,base+R1+R4,11,1100,649,0.59,0.6764,0.0184,,0.4915,0.3109,0.0465,0.1664,0.3491,0.3245
fault_14,14,xmeas_1_22,level,block_bootstrap,base,22,2200,2200,1.0,0.8677,0.0072,,0.1286,0.7968,0.018,0.1818,0.2723,0.3357
fault_14,14,xmeas_1_22,level,block_bootstrap,base+R1,22,2200,1800,0.8182,0.8778,0.0077,,0.1194,0.6961,0.0181,0.1818,0.2723,0.3357
fault_14,14,xmeas_1_22,level,block_bootstrap,base+R4,22,2200,1601,0.7277,0.9119,0.0071,,0.0862,0.5756,0.0179,0.1818,0.2723,0.3357
fault_14,14,xmeas_1_22,level,block_bootstrap,base+R1+R4,22,2200,1401,0.6368,0.9129,0.0075,,0.0849,0.5505,0.018,0.1818,0.2723,0.3357
fault_14,14,xmeas_1_22,level,ewc,base,22,2200,2200,1.0,0.9218,0.0057,,0.075,0.8392,0.0156,0.1818,0.2723,0.3357
fault_14,14,xmeas_1_22,level,ewc,base+R1,22,2200,1800,0.8182,0.93,0.006,,0.0683,0.7273,0.0156,0.1818,0.2723,0.3357
fault_14,14,xmeas_1_22,level,ewc,base+R4,22,2200,1601,0.7277,0.9482,0.0055,,0.05,0.6076,0.0156,0.1818,0.2723,0.3357
fault_14,14,xmeas_1_22,level,ewc,base+R1+R4,22,2200,1401,0.6368,0.9472,0.006,,0.05,0.5802,0.0156,0.1818,0.2723,0.3357
fault_14,14,xmeas_1_22,level,hac,base,22,2200,2200,1.0,0.9114,0.0061,,0.0891,0.6484,0.0174,0.1818,0.2723,0.3357
fault_14,14,xmeas_1_22,level,hac,base+R1,22,2200,1800,0.8182,0.9189,0.0064,,0.0822,0.597,0.0176,0.1818,0.2723,0.3357
fault_14,14,xmeas_1_22,level,hac,base+R4,22,2200,1601,0.7277,0.9307,0.0063,,0.0687,0.5233,0.0174,0.1818,0.2723,0.3357
fault_14,14,xmeas_1_22,level,hac,base+R1+R4,22,2200,1401,0.6368,0.9336,0.0067,,0.0657,0.504,0.0176,0.1818,0.2723,0.3357
fault_14,14,xmeas_1_22,level,naive,base,22,2200,2200,1.0,0.7059,0.0097,,0.2936,0.4525,0.0235,0.1818,0.2723,0.3357
fault_14,14,xmeas_1_22,level,naive,base+R1,22,2200,1800,0.8182,0.75,0.0102,,0.2522,0.4505,0.0235,0.1818,0.2723,0.3357
fault_14,14,xmeas_1_22,level,naive,base+R4,22,2200,1601,0.7277,0.8513,0.0089,,0.1487,0.4482,0.0226,0.1818,0.2723,0.3357
fault_14,14,xmeas_1_22,level,naive,base+R1+R4,22,2200,1401,0.6368,0.8658,0.0091,,0.1342,0.4478,0.0228,0.1818,0.2723,0.3357
fault_14,14,xmeas_1_22,spread,block_bootstrap,base,22,2200,2200,1.0,0.8145,0.0083,,0.2986,0.3454,0.0208,0.1818,0.2723,0.3357
fault_14,14,xmeas_1_22,spread,block_bootstrap,base+R1,22,2200,1800,0.8182,0.8267,0.0089,,0.2922,0.3305,0.0208,0.1818,0.2723,0.3357
fault_14,14,xmeas_1_22,spread,block_bootstrap,base+R4,22,2200,1601,0.7277,0.8782,0.0082,,0.238,0.3101,0.0201,0.1818,0.2723,0.3357
fault_14,14,xmeas_1_22,spread,block_bootstrap,base+R1+R4,22,2200,1401,0.6368,0.8801,0.0087,,0.2427,0.3039,0.02,0.1818,0.2723,0.3357
fault_14,14,xmeas_1_22,spread,naive,base,22,2200,2200,1.0,0.7073,0.0097,,0.4064,0.3109,0.0231,0.1818,0.2723,0.3357
fault_14,14,xmeas_1_22,spread,naive,base+R1,22,2200,1800,0.8182,0.7444,0.0103,,0.3833,0.3109,0.0231,0.1818,0.2723,0.3357
fault_14,14,xmeas_1_22,spread,naive,base+R4,22,2200,1601,0.7277,0.8651,0.0085,,0.2742,0.3109,0.0207,0.1818,0.2723,0.3357
fault_14,14,xmeas_1_22,spread,naive,base+R1+R4,22,2200,1401,0.6368,0.8794,0.0087,,0.2741,0.3109,0.0207,0.1818,0.2723,0.3357
fault_14,14,xmeas_23_41,level,block_bootstrap,base,19,1900,1900,1.0,0.8705,0.0077,,0.1247,0.8065,0.0197,0.18,0.0595,0.617
fault_14,14,xmeas_23_41,level,block_bootstrap,base+R1,19,1900,1558,0.82,0.8768,0.0083,,0.1194,0.7882,0.0199,0.18,0.0595,0.617
fault_14,14,xmeas_23_41,level,block_bootstrap,base+R4,19,1900,1787,0.9405,0.8663,0.0081,,0.1287,0.7909,0.0198,0.18,0.0595,0.617
fault_14,14,xmeas_23_41,level,block_bootstrap,base+R1+R4,19,1900,1473,0.7753,0.8717,0.0087,,0.1242,0.7743,0.02,0.18,0.0595,0.617
fault_14,14,xmeas_23_41,level,ewc,base,19,1900,1900,1.0,0.9437,0.0053,,0.0589,0.9873,0.0163,0.18,0.0595,0.617
fault_14,14,xmeas_23_41,level,ewc,base+R1,19,1900,1558,0.82,0.9442,0.0058,,0.0584,0.9585,0.0163,0.18,0.0595,0.617
fault_14,14,xmeas_23_41,level,ewc,base+R4,19,1900,1787,0.9405,0.9407,0.0056,,0.0621,0.9605,0.0163,0.18,0.0595,0.617
fault_14,14,xmeas_23_41,level,ewc,base+R1+R4,19,1900,1473,0.7753,0.9416,0.0061,,0.0611,0.9394,0.0166,0.18,0.0595,0.617
fault_14,14,xmeas_23_41,level,hac,base,19,1900,1900,1.0,0.8974,0.007,,0.1016,0.8188,0.0189,0.18,0.0595,0.617
fault_14,14,xmeas_23_41,level,hac,base+R1,19,1900,1558,0.82,0.8992,0.0076,,0.1008,0.7937,0.0192,0.18,0.0595,0.617
fault_14,14,xmeas_23_41,level,hac,base+R4,19,1900,1787,0.9405,0.8914,0.0074,,0.1069,0.7986,0.0194,0.18,0.0595,0.617
fault_14,14,xmeas_23_41,level,hac,base+R1+R4,19,1900,1473,0.7753,0.8941,0.008,,0.1052,0.7721,0.0196,0.18,0.0595,0.617
fault_14,14,xmeas_23_41,level,naive,base,19,1900,1900,1.0,0.6368,0.011,,0.3568,0.4475,0.0362,0.18,0.0595,0.617
fault_14,14,xmeas_23_41,level,naive,base+R1,19,1900,1558,0.82,0.6701,0.0119,,0.3248,0.4475,0.0363,0.18,0.0595,0.617
fault_14,14,xmeas_23_41,level,naive,base+R4,19,1900,1787,0.9405,0.6413,0.0113,,0.352,0.4464,0.0378,0.18,0.0595,0.617
fault_14,14,xmeas_23_41,level,naive,base+R1+R4,19,1900,1473,0.7753,0.6714,0.0122,,0.3232,0.4464,0.038,0.18,0.0595,0.617
fault_14,14,xmeas_23_41,spread,block_bootstrap,base,19,1900,1900,1.0,0.8395,0.0084,,0.1689,0.4461,0.0199,0.18,0.0595,0.617
fault_14,14,xmeas_23_41,spread,block_bootstrap,base+R1,19,1900,1558,0.82,0.8492,0.0091,,0.1579,0.443,0.0201,0.18,0.0595,0.617
fault_14,14,xmeas_23_41,spread,block_bootstrap,base+R4,19,1900,1787,0.9405,0.8478,0.0085,,0.155,0.4371,0.0199,0.18,0.0595,0.617
fault_14,14,xmeas_23_41,spread,block_bootstrap,base+R1+R4,19,1900,1473,0.7753,0.8568,0.0091,,0.1453,0.4354,0.0201,0.18,0.0595,0.617
fault_14,14,xmeas_23_41,spread,naive,base,19,1900,1900,1.0,0.6774,0.0107,,0.34,0.3109,0.0293,0.18,0.0595,0.617
fault_14,14,xmeas_23_41,spread,naive,base+R1,19,1900,1558,0.82,0.6913,0.0117,,0.3196,0.3109,0.0293,0.18,0.0595,0.617
fault_14,14,xmeas_23_41,spread,naive,base+R4,19,1900,1787,0.9405,0.6978,0.0109,,0.319,0.3109,0.0293,0.18,0.0595,0.617
fault_14,14,xmeas_23_41,spread,naive,base+R1+R4,19,1900,1473,0.7753,0.7094,0.0118,,0.2987,0.3109,0.0293,0.18,0.0595,0.617
fault_14,14,xmv_1_11,level,block_bootstrap,base,11,1100,1100,1.0,0.8845,0.0096,,0.1136,0.6774,0.018,0.1664,0.1082,0.3245
fault_14,14,xmv_1_11,level,block_bootstrap,base+R1,11,1100,917,0.8336,0.8964,0.0101,,0.1003,0.6119,0.0181,0.1664,0.1082,0.3245
fault_14,14,xmv_1_11,level,block_bootstrap,base+R4,11,1100,981,0.8918,0.9083,0.0092,,0.0897,0.605,0.0177,0.1664,0.1082,0.3245
fault_14,14,xmv_1_11,level,block_bootstrap,base+R1+R4,11,1100,847,0.77,0.9115,0.0098,,0.085,0.5823,0.0178,0.1664,0.1082,0.3245
fault_14,14,xmv_1_11,level,ewc,base,11,1100,1100,1.0,0.9382,0.0073,,0.0673,0.7039,0.0156,0.1664,0.1082,0.3245
fault_14,14,xmv_1_11,level,ewc,base+R1,11,1100,917,0.8336,0.9487,0.0073,,0.0589,0.6467,0.0157,0.1664,0.1082,0.3245
fault_14,14,xmv_1_11,level,ewc,base+R4,11,1100,981,0.8918,0.9562,0.0065,,0.052,0.6407,0.0156,0.1664,0.1082,0.3245
fault_14,14,xmv_1_11,level,ewc,base+R1+R4,11,1100,847,0.77,0.9587,0.0068,,0.0508,0.6111,0.0158,0.1664,0.1082,0.3245
fault_14,14,xmv_1_11,level,hac,base,11,1100,1100,1.0,0.9118,0.0085,,0.0918,0.6242,0.0169,0.1664,0.1082,0.3245
fault_14,14,xmv_1_11,level,hac,base+R1,11,1100,917,0.8336,0.9237,0.0088,,0.0807,0.6003,0.0169,0.1664,0.1082,0.3245
fault_14,14,xmv_1_11,level,hac,base+R4,11,1100,981,0.8918,0.9307,0.0081,,0.0734,0.5937,0.0169,0.1664,0.1082,0.3245
fault_14,14,xmv_1_11,level,hac,base+R1+R4,11,1100,847,0.77,0.9339,0.0085,,0.0697,0.5791,0.0169,0.1664,0.1082,0.3245
fault_14,14,xmv_1_11,level,naive,base,11,1100,1100,1.0,0.7436,0.0132,,0.2545,0.4497,0.024,0.1664,0.1082,0.3245
fault_14,14,xmv_1_11,level,naive,base+R1,11,1100,917,0.8336,0.7895,0.0135,,0.2116,0.4479,0.024,0.1664,0.1082,0.3245
fault_14,14,xmv_1_11,level,naive,base+R4,11,1100,981,0.8918,0.8012,0.0127,,0.1967,0.4474,0.0205,0.1664,0.1082,0.3245
fault_14,14,xmv_1_11,level,naive,base+R1+R4,11,1100,847,0.77,0.8288,0.0129,,0.1688,0.4465,0.0205,0.1664,0.1082,0.3245
fault_14,14,xmv_1_11,spread,block_bootstrap,base,11,1100,1100,1.0,0.84,0.0111,,0.2627,0.3334,0.0205,0.1664,0.1082,0.3245
fault_14,14,xmv_1_11,spread,block_bootstrap,base+R1,11,1100,917,0.8336,0.8495,0.0118,,0.2563,0.3236,0.0205,0.1664,0.1082,0.3245
fault_14,14,xmv_1_11,spread,block_bootstrap,base+R4,11,1100,981,0.8918,0.8654,0.0109,,0.2243,0.3218,0.0198,0.1664,0.1082,0.3245
fault_14,14,xmv_1_11,spread,block_bootstrap,base+R1+R4,11,1100,847,0.77,0.8678,0.0116,,0.2267,0.3156,0.0197,0.1664,0.1082,0.3245
fault_14,14,xmv_1_11,spread,naive,base,11,1100,1100,1.0,0.77,0.0127,,0.34,0.3109,0.0226,0.1664,0.1082,0.3245
fault_14,14,xmv_1_11,spread,naive,base+R1,11,1100,917,0.8336,0.8004,0.0132,,0.3152,0.3109,0.0226,0.1664,0.1082,0.3245
fault_14,14,xmv_1_11,spread,naive,base+R4,11,1100,981,0.8918,0.8369,0.0118,,0.2773,0.3109,0.0192,0.1664,0.1082,0.3245
fault_14,14,xmv_1_11,spread,naive,base+R1+R4,11,1100,847,0.77,0.8512,0.0122,,0.268,0.3109,0.0192,0.1664,0.1082,0.3245
fault_15,15,xmeas_1_22,level,block_bootstrap,base,22,2200,2200,1.0,0.87,0.0072,,0.1282,0.6838,0.018,0.1818,0.2745,0.3357
fault_15,15,xmeas_1_22,level,block_bootstrap,base+R1,22,2200,1800,0.8182,0.8817,0.0076,,0.1189,0.614,0.018,0.1818,0.2745,0.3357
fault_15,15,xmeas_1_22,level,block_bootstrap,base+R4,22,2200,1596,0.7255,0.9173,0.0069,,0.0833,0.5253,0.0175,0.1818,0.2745,0.3357
fault_15,15,xmeas_1_22,level,block_bootstrap,base+R1+R4,22,2200,1397,0.635,0.9191,0.0073,,0.0823,0.4997,0.0176,0.1818,0.2745,0.3357
fault_15,15,xmeas_1_22,level,ewc,base,22,2200,2200,1.0,0.925,0.0056,,0.0759,0.8411,0.0156,0.1818,0.2745,0.3357
fault_15,15,xmeas_1_22,level,ewc,base+R1,22,2200,1800,0.8182,0.9317,0.0059,,0.0706,0.735,0.0156,0.1818,0.2745,0.3357
fault_15,15,xmeas_1_22,level,ewc,base+R4,22,2200,1596,0.7255,0.9505,0.0054,,0.052,0.6039,0.0151,0.1818,0.2745,0.3357
fault_15,15,xmeas_1_22,level,ewc,base+R1+R4,22,2200,1397,0.635,0.9499,0.0058,,0.0515,0.5758,0.0153,0.1818,0.2745,0.3357
fault_15,15,xmeas_1_22,level,hac,base,22,2200,2200,1.0,0.9145,0.006,,0.0859,0.6209,0.0173,0.1818,0.2745,0.3357
fault_15,15,xmeas_1_22,level,hac,base+R1,22,2200,1800,0.8182,0.9206,0.0064,,0.0789,0.5646,0.0175,0.1818,0.2745,0.3357
fault_15,15,xmeas_1_22,level,hac,base+R4,22,2200,1596,0.7255,0.9323,0.0063,,0.0664,0.4931,0.0169,0.1818,0.2745,0.3357
fault_15,15,xmeas_1_22,level,hac,base+R1+R4,22,2200,1397,0.635,0.9349,0.0066,,0.063,0.4788,0.0169,0.1818,0.2745,0.3357
fault_15,15,xmeas_1_22,level,naive,base,22,2200,2200,1.0,0.6982,0.0098,,0.3018,0.4494,0.0233,0.1818,0.2745,0.3357
fault_15,15,xmeas_1_22,level,naive,base+R1,22,2200,1800,0.8182,0.7406,0.0103,,0.26,0.447,0.0233,0.1818,0.2745,0.3357
fault_15,15,xmeas_1_22,level,naive,base+R4,22,2200,1596,0.7255,0.8427,0.0091,,0.156,0.4448,0.0197,0.1818,0.2745,0.3357
fault_15,15,xmeas_1_22,level,naive,base+R1+R4,22,2200,1397,0.635,0.8576,0.0094,,0.1403,0.4439,0.0197,0.1818,0.2745,0.3357
fault_15,15,xmeas_1_22,spread,block_bootstrap,base,22,2200,2200,1.0,0.8168,0.0082,,0.2382,0.3596,0.0206,0.1818,0.2745,0.3357
fault_15,15,xmeas_1_22,spread,block_bootstrap,base+R1,22,2200,1800,0.8182,0.835,0.0087,,0.2167,0.3404,0.0206,0.1818,0.2745,0.3357
fault_15,15,xmeas_1_22,spread,block_bootstrap,base+R4,22,2200,1596,0.7255,0.8835,0.008,,0.1497,0.3214,0.0192,0.1818,0.2745,0.3357
fault_15,15,xmeas_1_22,spread,block_bootstrap,base+R1+R4,22,2200,1397,0.635,0.8862,0.0085,,0.1446,0.3173,0.0192,0.1818,0.2745,0.3357
fault_15,15,xmeas_1_22,spread,naive,base,22,2200,2200,1.0,0.6932,0.0098,,0.3414,0.3109,0.0239,0.1818,0.2745,0.3357
fault_15,15,xmeas_1_22,spread,naive,base+R1,22,2200,1800,0.8182,0.7283,0.0105,,0.3,0.3109,0.0239,0.1818,0.2745,0.3357
fault_15,15,xmeas_1_22,spread,naive,base+R4,22,2200,1596,0.7255,0.8503,0.0089,,0.1842,0.3109,0.0188,0.1818,0.2745,0.3357
fault_15,15,xmeas_1_22,spread,naive,base+R1+R4,22,2200,1397,0.635,0.8611,0.0093,,0.1704,0.3109,0.0188,0.1818,0.2745,0.3357
fault_15,15,xmeas_23_41,level,block_bootstrap,base,19,1900,1900,1.0,0.8705,0.0077,,0.1295,0.8113,0.0196,0.18,0.0589,0.617
fault_15,15,xmeas_23_41,level,block_bootstrap,base+R1,19,1900,1558,0.82,0.8787,0.0083,,0.1213,0.7937,0.0199,0.18,0.0589,0.617
fault_15,15,xmeas_23_41,level,block_bootstrap,base+R4,19,1900,1788,0.9411,0.8663,0.008,,0.1331,0.7953,0.0198,0.18,0.0589,0.617
fault_15,15,xmeas_23_41,level,block_bootstrap,base+R1+R4,19,1900,1473,0.7753,0.8737,0.0087,,0.1263,0.7728,0.02,0.18,0.0589,0.617
fault_15,15,xmeas_23_41,level,ewc,base,19,1900,1900,1.0,0.9453,0.0052,,0.0558,0.9937,0.0162,0.18,0.0589,0.617
fault_15,15,xmeas_23_41,level,ewc,base+R1,19,1900,1558,0.82,0.9454,0.0058,,0.0552,0.9656,0.0163,0.18,0.0589,0.617
fault_15,15,xmeas_23_41,level,ewc,base+R4,19,1900,1788,0.9411,0.9424,0.0055,,0.0587,0.9694,0.0163,0.18,0.0589,0.617
fault_15,15,xmeas_23_41,level,ewc,base+R1+R4,19,1900,1473,0.7753,0.943,0.006,,0.0577,0.9396,0.0166,0.18,0.0589,0.617
fault_15,15,xmeas_23_41,level,hac,base,19,1900,1900,1.0,0.8968,0.007,,0.1032,0.8213,0.0189,0.18,0.0589,0.617
fault_15,15,xmeas_23_41,level,hac,base+R1,19,1900,1558,0.82,0.8992,0.0076,,0.1014,0.7982,0.0192,0.18,0.0589,0.617
fault_15,15,xmeas_23_41,level,hac,base+R4,19,1900,1788,0.9411,0.8909,0.0074,,0.1085,0.8017,0.0194,0.18,0.0589,0.617
fault_15,15,xmeas_23_41,level,hac,base+R1+R4,19,1900,1473,0.7753,0.8941,0.008,,0.1059,0.7786,0.0195,0.18,0.0589,0.617
fault_15,15,xmeas_23_41,level,naive,base,19,1900,1900,1.0,0.6421,0.011,,0.3542,0.4476,0.0364,0.18,0.0589,0.617
fault_15,15,xmeas_23_41,level,naive,base+R1,19,1900,1558,0.82,0.6752,0.0119,,0.3216,0.4473,0.0365,0.18,0.0589,0.617
fault_15,15,xmeas_23_41,level,naive,base+R4,19,1900,1788,0.9411,0.6465,0.0113,,0.3496,0.4466,0.0378,0.18,0.0589,0.617
fault_15,15,xmeas_23_41,level,naive,base+R1+R4,19,1900,1473,0.7753,0.6768,0.0122,,0.3191,0.4465,0.038,0.18,0.0589,0.617
fault_15,15,xmeas_23_41,spread,block_bootstrap,base,19,1900,1900,1.0,0.8432,0.0083,,0.1705,0.4478,0.0198,0.18,0.0589,0.617
fault_15,15,xmeas_23_41,spread,block_bootstrap,base+R1,19,1900,1558,0.82,0.8549,0.0089,,0.1605,0.4442,0.0201,0.18,0.0589,0.617
fault_15,15,xmeas_23_41,spread,block_bootstrap,base+R4,19,1900,1788,0.9411,0.8507,0.0084,,0.1566,0.4397,0.0198,0.18,0.0589,0.617
fault_15,15,xmeas_23_41,spread,block_bootstrap,base+R1+R4,19,1900,1473,0.7753,0.8615,0.009,,0.148,0.4367,0.0201,0.18,0.0589,0.617
fault_15,15,xmeas_23_41,spread,naive,base,19,1900,1900,1.0,0.68,0.0107,,0.3521,0.3109,0.0298,0.18,0.0589,0.617
fault_15,15,xmeas_23_41,spread,naive,base+R1,19,1900,1558,0.82,0.6893,0.0117,,0.3312,0.3109,0.0298,0.18,0.0589,0.617
fault_15,15,xmeas_23_41,spread,naive,base+R4,19,1900,1788,0.9411,0.6991,0.0108,,0.3294,0.3109,0.0298,0.18,0.0589,0.617
fault_15,15,xmeas_23_41,spread,naive,base+R1+R4,19,1900,1473,0.7753,0.7067,0.0119,,0.3096,0.3109,0.0298,0.18,0.0589,0.617
fault_15,15,xmv_1_11,level,block_bootstrap,base,11,1100,1100,1.0,0.8791,0.0098,,0.1164,0.5834,0.018,0.1664,0.1164,0.3245
fault_15,15,xmv_1_11,level,block_bootstrap,base+R1,11,1100,917,0.8336,0.8931,0.0102,,0.1036,0.5426,0.0181,0.1664,0.1164,0.3245
fault_15,15,xmv_1_11,level,block_bootstrap,base+R4,11,1100,972,0.8836,0.9043,0.0094,,0.0916,0.5387,0.0177,0.1664,0.1164,0.3245
fault_15,15,xmv_1_11,level,block_bootstrap,base+R1+R4,11,1100,841,0.7645,0.9084,0.0099,,0.088,0.521,0.0177,0.1664,0.1164,0.3245
fault_15,15,xmv_1_11,level,ewc,base,11,1100,1100,1.0,0.9418,0.0071,,0.06,0.6752,0.0156,0.1664,0.1164,0.3245
fault_15,15,xmv_1_11,level,ewc,base+R1,11,1100,917,0.8336,0.9509,0.0071,,0.0502,0.6234,0.0156,0.1664,0.1164,0.3245
fault_15,15,xmv_1_11,level,ewc,base+R4,11,1100,972,0.8836,0.9578,0.0064,,0.0453,0.6162,0.0154,0.1664,0.1164,0.3245
fault_15,15,xmv_1_11,level,ewc,base+R1+R4,11,1100,841,0.7645,0.9596,0.0068,,0.044,0.5934,0.0157,0.1664,0.1164,0.3245
fault_15,15,xmv_1_11,level,hac,base,11,1100,1100,1.0,0.9091,0.0087,,0.0827,0.5763,0.0169,0.1664,0.1164,0.3245
fault_15,15,xmv_1_11,level,hac,base+R1,11,1100,917,0.8336,0.9215,0.0089,,0.0709,0.5122,0.0168,0.1664,0.1164,0.3245
fault_15,15,xmv_1_11,level,hac,base+R4,11,1100,972,0.8836,0.9259,0.0084,,0.0638,0.4958,0.0169,0.1664,0.1164,0.3245
fault_15,15,xmv_1_11,level,hac,base+R1+R4,11,1100,841,0.7645,0.9298,0.0088,,0.0595,0.4751,0.0169,0.1664,0.1164,0.3245
fault_15,15,xmv_1_11,level,naive,base,11,1100,1100,1.0,0.7382,0.0133,,0.2573,0.4464,0.0243,0.1664,0.1164,0.3245
fault_15,15,xmv_1_11,level,naive,base+R1,11,1100,917,0.8336,0.783,0.0136,,0.2137,0.4446,0.0242,0.1664,0.1164,0.3245
fault_15,15,xmv_1_11,level,naive,base+R4,11,1100,972,0.8836,0.7984,0.0129,,0.1934,0.4439,0.0207,0.1664,0.1164,0.3245
fault_15,15,xmv_1_11,level,naive,base+R1+R4,11,1100,841,0.7645,0.8252,0.0131,,0.1653,0.443,0.0206,0.1664,0.1164,0.3245
fault_15,15,xmv_1_11,spread,block_bootstrap,base,11,1100,1100,1.0,0.8373,0.0111,,0.1891,0.342,0.0205,0.1664,0.1164,0.3245
fault_15,15,xmv_1_11,spread,block_bootstrap,base+R1,11,1100,917,0.8336,0.8539,0.0117,,0.1679,0.3324,0.0205,0.1664,0.1164,0.3245
fault_15,15,xmv_1_11,spread,block_bootstrap,base+R4,11,1100,972,0.8836,0.8673,0.0109,,0.1348,0.3299,0.0195,0.1664,0.1164,0.3245
fault_15,15,xmv_1_11,spread,block_bootstrap,base+R1+R4,11,1100,841,0.7645,0.8716,0.0115,,0.1272,0.3247,0.0194,0.1664,0.1164,0.3245
fault_15,15,xmv_1_11,spread,naive,base,11,1100,1100,1.0,0.7555,0.013,,0.2582,0.3109,0.0226,0.1664,0.1164,0.3245
fault_15,15,xmv_1_11,spread,naive,base+R1,11,1100,917,0.8336,0.7874,0.0135,,0.2257,0.3109,0.0226,0.1664,0.1164,0.3245
fault_15,15,xmv_1_11,spread,naive,base+R4,11,1100,972,0.8836,0.8261,0.0122,,0.1821,0.3109,0.0206,0.1664,0.1164,0.3245
fault_15,15,xmv_1_11,spread,naive,base+R1+R4,11,1100,841,0.7645,0.8407,0.0126,,0.1677,0.3109,0.0206,0.1664,0.1164,0.3245
fault_16,16,xmeas_1_22,level,block_bootstrap,base,22,2200,2200,1.0,0.8977,0.0065,,0.1005,0.7316,0.0177,0.1818,0.2764,0.3357
fault_16,16,xmeas_1_22,level,block_bootstrap,base+R1,22,2200,1800,0.8182,0.9039,0.0069,,0.0944,0.6352,0.0179,0.1818,0.2764,0.3357
fault_16,16,xmeas_1_22,level,block_bootstrap,base+R4,22,2200,1592,0.7236,0.9234,0.0067,,0.0747,0.5337,0.0174,0.1818,0.2764,0.3357
fault_16,16,xmeas_1_22,level,block_bootstrap,base+R1+R4,22,2200,1393,0.6332,0.9253,0.007,,0.0725,0.5073,0.0175,0.1818,0.2764,0.3357
fault_16,16,xmeas_1_22,level,ewc,base,22,2200,2200,1.0,0.9491,0.0047,,0.0505,0.9048,0.0156,0.1818,0.2764,0.3357
fault_16,16,xmeas_1_22,level,ewc,base+R1,22,2200,1800,0.8182,0.9528,0.005,,0.0478,0.7836,0.0157,0.1818,0.2764,0.3357
fault_16,16,xmeas_1_22,level,ewc,base+R4,22,2200,1592,0.7236,0.9604,0.0049,,0.0389,0.6187,0.0152,0.1818,0.2764,0.3357
fault_16,16,xmeas_1_22,level,ewc,base+R1+R4,22,2200,1393,0.6332,0.9598,0.0053,,0.0395,0.5827,0.0153,0.1818,0.2764,0.3357
fault_16,16,xmeas_1_22,level,hac,base,22,2200,2200,1.0,0.9195,0.0058,,0.0777,0.6558,0.017,0.1818,0.2764,0.3357
fault_16,16,xmeas_1_22,level,hac,base+R1,22,2200,1800,0.8182,0.9222,0.0063,,0.0739,0.5897,0.0171,0.1818,0.2764,0.3357
fault_16,16,xmeas_1_22,level,hac,base+R4,22,2200,1592,0.7236,0.9347,0.0062,,0.0616,0.4986,0.0167,0.1818,0.2764,0.3357
fault_16,16,xmeas_1_22,level,hac,base+R1+R4,22,2200,1393,0.6332,0.9354,0.0066,,0.0603,0.4809,0.0167,0.1818,0.2764,0.3357
fault_16,16,xmeas_1_22,level,naive,base,22,2200,2200,1.0,0.7114,0.0097,,0.2877,0.4552,0.024,0.1818,0.2764,0.3357
fault_16,16,xmeas_1_22,level,naive,base+R1,22,2200,1800,0.8182,0.7517,0.0102,,0.2494,0.4508,0.024,0.1818,0.2764,0.3357
fault_16,16,xmeas_1_22,level,naive,base+R4,22,2200,1592,0.7236,0.8467,0.009,,0.1508,0.4461,0.0197,0.1818,0.2764,0.3357
fault_16,16,xmeas_1_22,level,naive,base+R1+R4,22,2200,1393,0.6332,0.865,0.0092,,0.1335,0.4452,0.0197,0.1818,0.2764,0.3357
fault_16,16,xmeas_1_22,spread,block_bootstrap,base,22,2200,2200,1.0,0.8136,0.0083,,0.295,0.3636,0.0218,0.1818,0.2764,0.3357
fault_16,16,xmeas_1_22,spread,block_bootstrap,base+R1,22,2200,1800,0.8182,0.8261,0.0089,,0.2672,0.3439,0.0219,0.1818,0.2764,0.3357
fault_16,16,xmeas_1_22,spread,block_bootstrap,base+R4,22,2200,1592,0.7236,0.8756,0.0083,,0.157,0.3224,0.0196,0.1818,0.2764,0.3357
fault_16,16,xmeas_1_22,spread,block_bootstrap,base+R1+R4,22,2200,1393,0.6332,0.8737,0.0089,,0.1508,0.3176,0.0196,0.1818,0.2764,0.3357
fault_16,16,xmeas_1_22,spread,naive,base,22,2200,2200,1.0,0.7014,0.0098,,0.3964,0.3109,0.0262,0.1818,0.2764,0.3357
fault_16,16,xmeas_1_22,spread,naive,base+R1,22,2200,1800,0.8182,0.7383,0.0104,,0.3522,0.3109,0.0262,0.1818,0.2764,0.3357
fault_16,16,xmeas_1_22,spread,naive,base+R4,22,2200,1592,0.7236,0.8486,0.009,,0.2111,0.3109,0.0198,0.1818,0.2764,0.3357
fault_16,16,xmeas_1_22,spread,naive,base+R1+R4,22,2200,1393,0.6332,0.8571,0.0094,,0.1974,0.3109,0.0198,0.1818,0.2764,0.3357
fault_16,16,xmeas_23_41,level,block_bootstrap,base,19,1900,1900,1.0,0.8826,0.0074,,0.1184,0.8325,0.0193,0.18,0.0653,0.617
fault_16,16,xmeas_23_41,level,block_bootstrap,base+R1,19,1900,1558,0.82,0.8864,0.008,,0.1142,0.8114,0.0197,0.18,0.0653,0.617
fault_16,16,xmeas_23_41,level,block_bootstrap,base+R4,19,1900,1776,0.9347,0.8795,0.0077,,0.1216,0.8114,0.0196,0.18,0.0653,0.617
fault_16,16,xmeas_23_41,level,block_bootstrap,base+R1+R4,19,1900,1466,0.7716,0.8827,0.0084,,0.118,0.7971,0.0199,0.18,0.0653,0.617
fault_16,16,xmeas_23_41,level,ewc,base,19,1900,1900,1.0,0.9468,0.0051,,0.0532,1.0176,0.0162,0.18,0.0653,0.617
fault_16,16,xmeas_23_41,level,ewc,base+R1,19,1900,1558,0.82,0.9454,0.0058,,0.0546,0.9888,0.0164,0.18,0.0653,0.617
fault_16,16,xmeas_23_41,level,ewc,base+R4,19,1900,1776,0.9347,0.9431,0.0055,,0.0569,0.9928,0.0164,0.18,0.0653,0.617
fault_16,16,xmeas_23_41,level,ewc,base+R1+R4,19,1900,1466,0.7716,0.942,0.0061,,0.058,0.9647,0.0164,0.18,0.0653,0.617
fault_16,16,xmeas_23_41,level,hac,base,19,1900,1900,1.0,0.9068,0.0067,,0.0868,0.848,0.0186,0.18,0.0653,0.617
fault_16,16,xmeas_23_41,level,hac,base+R1,19,1900,1558,0.82,0.9063,0.0074,,0.0886,0.8177,0.0186,0.18,0.0653,0.617
fault_16,16,xmeas_23_41,level,hac,base+R4,19,1900,1776,0.9347,0.9003,0.0071,,0.0923,0.8229,0.0193,0.18,0.0653,0.617
fault_16,16,xmeas_23_41,level,hac,base+R1+R4,19,1900,1466,0.7716,0.9004,0.0078,,0.0935,0.8003,0.0193,0.18,0.0653,0.617
fault_16,16,xmeas_23_41,level,naive,base,19,1900,1900,1.0,0.6463,0.011,,0.3411,0.4526,0.0365,0.18,0.0653,0.617
fault_16,16,xmeas_23_41,level,naive,base+R1,19,1900,1558,0.82,0.6791,0.0118,,0.3087,0.4514,0.0365,0.18,0.0653,0.617
fault_16,16,xmeas_23_41,level,naive,base+R4,19,1900,1776,0.9347,0.6526,0.0113,,0.3339,0.4504,0.0379,0.18,0.0653,0.617
fault_16,16,xmeas_23_41,level,naive,base+R1+R4,19,1900,1466,0.7716,0.6808,0.0122,,0.3063,0.4497,0.0381,0.18,0.0653,0.617
fault_16,16,xmeas_23_41,spread,block_bootstrap,base,19,1900,1900,1.0,0.8353,0.0085,,0.1989,0.4505,0.02,0.18,0.0653,0.617
fault_16,16,xmeas_23_41,spread,block_bootstrap,base+R1,19,1900,1558,0.82,0.8453,0.0092,,0.1849,0.4472,0.0202,0.18,0.0653,0.617
fault_16,16,xmeas_23_41,spread,block_bootstrap,base+R4,19,1900,1776,0.9347,0.8463,0.0086,,0.174,0.4424,0.02,0.18,0.0653,0.617
fault_16,16,xmeas_23_41,spread,block_bootstrap,base+R1+R4,19,1900,1466,0.7716,0.8547,0.0092,,0.1623,0.4391,0.0202,0.18,0.0653,0.617
fault_16,16,xmeas_23_41,spread,naive,base,19,1900,1900,1.0,0.66,0.0109,,0.3784,0.3109,0.032,0.18,0.0653,0.617
fault_16,16,xmeas_23_41,spread,naive,base+R1,19,1900,1558,0.82,0.6739,0.0119,,0.3569,0.3109,0.032,0.18,0.0653,0.617
fault_16,16,xmeas_23_41,spread,naive,base+R4,19,1900,1776,0.9347,0.6791,0.0111,,0.3485,0.3109,0.032,0.18,0.0653,0.617
fault_16,16,xmeas_23_41,spread,naive,base+R1+R4,19,1900,1466,0.7716,0.691,0.0121,,0.3315,0.3109,0.032,0.18,0.0653,0.617
fault_16,16,xmv_1_11,level,block_bootstrap,base,11,1100,1100,1.0,0.8718,0.0101,,0.1209,0.6033,0.0179,0.1664,0.1318,0.3245
fault_16,16,xmv_1_11,level,block_bootstrap,base+R1,11,1100,917,0.8336,0.8909,0.0103,,0.1025,0.5649,0.0179,0.1664,0.1318,0.3245
fault_16,16,xmv_1_11,level,block_bootstrap,base+R4,11,1100,955,0.8682,0.9131,0.0091,,0.0827,0.5522,0.0176,0.1664,0.1318,0.3245
fault_16,16,xmv_1_11,level,block_bootstrap,base+R1+R4,11,1100,831,0.7555,0.917,0.0096,,0.077,0.5362,0.0176,0.1664,0.1318,0.3245
fault_16,16,xmv_1_11,level,ewc,base,11,1100,1100,1.0,0.93,0.0077,,0.0682,0.7113,0.0155,0.1664,0.1318,0.3245
fault_16,16,xmv_1_11,level,ewc,base+R1,11,1100,917,0.8336,0.9433,0.0076,,0.0556,0.6502,0.0155,0.1664,0.1318,0.3245
fault_16,16,xmv_1_11,level,ewc,base+R4,11,1100,955,0.8682,0.9613,0.0062,,0.0366,0.6359,0.0156,0.1664,0.1318,0.3245
fault_16,16,xmv_1_11,level,ewc,base+R1+R4,11,1100,831,0.7555,0.9603,0.0068,,0.0373,0.6143,0.0156,0.1664,0.1318,0.3245
fault_16,16,xmv_1_11,level,hac,base,11,1100,1100,1.0,0.8973,0.0092,,0.1018,0.5855,0.0165,0.1664,0.1318,0.3245
fault_16,16,xmv_1_11,level,hac,base+R1,11,1100,917,0.8336,0.9106,0.0094,,0.0862,0.5232,0.0165,0.1664,0.1318,0.3245
fault_16,16,xmv_1_11,level,hac,base+R4,11,1100,955,0.8682,0.9298,0.0083,,0.0702,0.495,0.0167,0.1664,0.1318,0.3245
fault_16,16,xmv_1_11,level,hac,base+R1+R4,11,1100,831,0.7555,0.929,0.0089,,0.0674,0.4784,0.0167,0.1664,0.1318,0.3245
fault_16,16,xmv_1_11,level,naive,base,11,1100,1100,1.0,0.7427,0.0132,,0.2618,0.45,0.025,0.1664,0.1318,0.3245
fault_16,16,xmv_1_11,level,naive,base+R1,11,1100,917,0.8336,0.7808,0.0137,,0.2148,0.4474,0.025,0.1664,0.1318,0.3245
fault_16,16,xmv_1_11,level,naive,base+R4,11,1100,955,0.8682,0.8147,0.0126,,0.1853,0.4456,0.0211,0.1664,0.1318,0.3245
fault_16,16,xmv_1_11,level,naive,base+R1+R4,11,1100,831,0.7555,0.8339,0.0129,,0.1625,0.4449,0.0211,0.1664,0.1318,0.3245
fault_16,16,xmv_1_11,spread,block_bootstrap,base,11,1100,1100,1.0,0.8382,0.0111,,0.2218,0.3441,0.0207,0.1664,0.1318,0.3245
fault_16,16,xmv_1_11,spread,block_bootstrap,base+R1,11,1100,917,0.8336,0.8528,0.0117,,0.1985,0.3335,0.0207,0.1664,0.1318,0.3245
fault_16,16,xmv_1_11,spread,block_bootstrap,base+R4,11,1100,955,0.8682,0.8733,0.0108,,0.1497,0.3288,0.0196,0.1664,0.1318,0.3245
fault_16,16,xmv_1_11,spread,block_bootstrap,base+R1+R4,11,1100,831,0.7555,0.8797,0.0113,,0.142,0.3255,0.0195,0.1664,0.1318,0.3245
fault_16,16,xmv_1_11,spread,naive,base,11,1100,1100,1.0,0.7718,0.0127,,0.2827,0.3109,0.0227,0.1664,0.1318,0.3245
fault_16,16,xmv_1_11,spread,naive,base+R1,11,1100,917,0.8336,0.807,0.013,,0.2388,0.3109,0.0227,0.1664,0.1318,0.3245
fault_16,16,xmv_1_11,spread,naive,base+R4,11,1100,955,0.8682,0.8408,0.0118,,0.1874,0.3109,0.0208,0.1664,0.1318,0.3245
fault_16,16,xmv_1_11,spread,naive,base+R1+R4,11,1100,831,0.7555,0.858,0.0121,,0.1685,0.3109,0.0208,0.1664,0.1318,0.3245
fault_17,17,xmeas_1_22,level,block_bootstrap,base,22,2200,2200,1.0,0.8814,0.0069,,0.1641,0.8104,0.0178,0.1818,0.325,0.3357
fault_17,17,xmeas_1_22,level,block_bootstrap,base+R1,22,2200,1800,0.8182,0.895,0.0072,,0.1556,0.7373,0.0178,0.1818,0.325,0.3357
fault_17,17,xmeas_1_22,level,block_bootstrap,base+R4,22,2200,1485,0.675,0.9246,0.0069,,0.0781,0.5869,0.0175,0.1818,0.325,0.3357
fault_17,17,xmeas_1_22,level,block_bootstrap,base+R1+R4,22,2200,1305,0.5932,0.9226,0.0074,,0.0805,0.5631,0.0175,0.1818,0.325,0.3357
fault_17,17,xmeas_1_22,level,ewc,base,22,2200,2200,1.0,0.9336,0.0053,,0.11,1.0093,0.0154,0.1818,0.325,0.3357
fault_17,17,xmeas_1_22,level,ewc,base+R1,22,2200,1800,0.8182,0.9394,0.0056,,0.1078,0.906,0.0157,0.1818,0.325,0.3357
fault_17,17,xmeas_1_22,level,ewc,base+R4,22,2200,1485,0.675,0.9603,0.0051,,0.0424,0.6879,0.0154,0.1818,0.325,0.3357
fault_17,17,xmeas_1_22,level,ewc,base+R1+R4,22,2200,1305,0.5932,0.9571,0.0056,,0.046,0.645,0.0156,0.1818,0.325,0.3357
fault_17,17,xmeas_1_22,level,hac,base,22,2200,2200,1.0,0.91,0.0061,,0.1314,0.7572,0.0172,0.1818,0.325,0.3357
fault_17,17,xmeas_1_22,level,hac,base+R1,22,2200,1800,0.8182,0.9128,0.0067,,0.1311,0.6736,0.0175,0.1818,0.325,0.3357
fault_17,17,xmeas_1_22,level,hac,base+R4,22,2200,1485,0.675,0.9327,0.0065,,0.0673,0.5435,0.0172,0.1818,0.325,0.3357
fault_17,17,xmeas_1_22,level,hac,base+R1+R4,22,2200,1305,0.5932,0.931,0.007,,0.0682,0.5219,0.0172,0.1818,0.325,0.3357
fault_17,17,xmeas_1_22,level,naive,base,22,2200,2200,1.0,0.6986,0.0098,,0.3364,0.4579,0.0263,0.1818,0.325,0.3357
fault_17,17,xmeas_1_22,level,naive,base+R1,22,2200,1800,0.8182,0.7356,0.0104,,0.3028,0.455,0.0262,0.1818,0.325,0.3357
fault_17,17,xmeas_1_22,level,naive,base+R4,22,2200,1485,0.675,0.8498,0.0093,,0.1542,0.448,0.0232,0.1818,0.325,0.3357
fault_17,17,xmeas_1_22,level,naive,base+R1+R4,22,2200,1305,0.5932,0.8621,0.0095,,0.1418,0.4476,0.0233,0.1818,0.325,0.3357
fault_17,17,xmeas_1_22,spread,block_bootstrap,base,22,2200,2200,1.0,0.8323,0.008,,0.3314,0.4025,0.02,0.1818,0.325,0.3357
fault_17,17,xmeas_1_22,spread,block_bootstrap,base+R1,22,2200,1800,0.8182,0.8528,0.0084,,0.3217,0.3771,0.02,0.1818,0.325,0.3357
fault_17,17,xmeas_1_22,spread,block_bootstrap,base+R4,22,2200,1485,0.675,0.8949,0.008,,0.2391,0.3299,0.0194,0.1818,0.325,0.3357
fault_17,17,xmeas_1_22,spread,block_bootstrap,base+R1+R4,22,2200,1305,0.5932,0.8981,0.0084,,0.2345,0.3258,0.0194,0.1818,0.325,0.3357
fault_17,17,xmeas_1_22,spread,naive,base,22,2200,2200,1.0,0.6991,0.0098,,0.4468,0.3109,0.0244,0.1818,0.325,0.3357
fault_17,17,xmeas_1_22,spread,naive,base+R1,22,2200,1800,0.8182,0.7317,0.0104,,0.4178,0.3109,0.0244,0.1818,0.325,0.3357
fault_17,17,xmeas_1_22,spread,naive,base+R4,22,2200,1485,0.675,0.837,0.0096,,0.2795,0.3109,0.0222,0.1818,0.325,0.3357
fault_17,17,xmeas_1_22,spread,naive,base+R1+R4,22,2200,1305,0.5932,0.8437,0.0101,,0.272,0.3109,0.0222,0.1818,0.325,0.3357
fault_17,17,xmeas_23_41,level,block_bootstrap,base,19,1900,1900,1.0,0.8805,0.0074,,0.1137,0.8248,0.0194,0.18,0.06,0.617
fault_17,17,xmeas_23_41,level,block_bootstrap,base+R1,19,1900,1558,0.82,0.8813,0.0082,,0.1104,0.8064,0.0194,0.18,0.06,0.617
fault_17,17,xmeas_23_41,level,block_bootstrap,base+R4,19,1900,1786,0.94,0.8774,0.0078,,0.1165,0.808,0.0194,0.18,0.06,0.617
fault_17,17,xmeas_23_41,level,block_bootstrap,base+R1+R4,19,1900,1475,0.7763,0.878,0.0085,,0.1139,0.793,0.0195,0.18,0.06,0.617
fault_17,17,xmeas_23_41,level,ewc,base,19,1900,1900,1.0,0.9468,0.0051,,0.0479,1.0057,0.0157,0.18,0.06,0.617
fault_17,17,xmeas_23_41,level,ewc,base+R1,19,1900,1558,0.82,0.9461,0.0057,,0.0469,0.9815,0.0159,0.18,0.06,0.617
fault_17,17,xmeas_23_41,level,ewc,base+R4,19,1900,1786,0.94,0.9446,0.0054,,0.0498,0.9847,0.0159,0.18,0.06,0.617
fault_17,17,xmeas_23_41,level,ewc,base+R1+R4,19,1900,1475,0.7763,0.9444,0.006,,0.0481,0.9619,0.0159,0.18,0.06,0.617
fault_17,17,xmeas_23_41,level,hac,base,19,1900,1900,1.0,0.9079,0.0066,,0.0879,0.8372,0.0183,0.18,0.06,0.617
fault_17,17,xmeas_23_41,level,hac,base+R1,19,1900,1558,0.82,0.9101,0.0072,,0.0834,0.812,0.0186,0.18,0.06,0.617
fault_17,17,xmeas_23_41,level,hac,base+R4,19,1900,1786,0.94,0.9031,0.007,,0.0924,0.8175,0.0188,0.18,0.06,0.617
fault_17,17,xmeas_23_41,level,hac,base+R1+R4,19,1900,1475,0.7763,0.9064,0.0076,,0.0868,0.7952,0.0189,0.18,0.06,0.617
fault_17,17,xmeas_23_41,level,naive,base,19,1900,1900,1.0,0.6532,0.0109,,0.3437,0.4527,0.0362,0.18,0.06,0.617
fault_17,17,xmeas_23_41,level,naive,base+R1,19,1900,1558,0.82,0.6868,0.0118,,0.3107,0.4517,0.0363,0.18,0.06,0.617
fault_17,17,xmeas_23_41,level,naive,base+R4,19,1900,1786,0.94,0.6568,0.0112,,0.3404,0.4506,0.0372,0.18,0.06,0.617
fault_17,17,xmeas_23_41,level,naive,base+R1+R4,19,1900,1475,0.7763,0.6868,0.0121,,0.3112,0.4499,0.0372,0.18,0.06,0.617
fault_17,17,xmeas_23_41,spread,block_bootstrap,base,19,1900,1900,1.0,0.8405,0.0084,,0.1968,0.4536,0.0198,0.18,0.06,0.617
fault_17,17,xmeas_23_41,spread,block_bootstrap,base+R1,19,1900,1558,0.82,0.8479,0.0091,,0.1836,0.4487,0.0202,0.18,0.06,0.617
fault_17,17,xmeas_23_41,spread,block_bootstrap,base+R4,19,1900,1786,0.94,0.846,0.0085,,0.1786,0.4452,0.0197,0.18,0.06,0.617
fault_17,17,xmeas_23_41,spread,block_bootstrap,base+R1+R4,19,1900,1475,0.7763,0.8508,0.0093,,0.1675,0.4409,0.0202,0.18,0.06,0.617
fault_17,17,xmeas_23_41,spread,naive,base,19,1900,1900,1.0,0.67,0.0108,,0.3726,0.3109,0.0293,0.18,0.06,0.617
fault_17,17,xmeas_23_41,spread,naive,base+R1,19,1900,1558,0.82,0.681,0.0118,,0.3601,0.3109,0.0293,0.18,0.06,0.617
fault_17,17,xmeas_23_41,spread,naive,base+R4,19,1900,1786,0.94,0.687,0.011,,0.3488,0.3109,0.0293,0.18,0.06,0.617
fault_17,17,xmeas_23_41,spread,naive,base+R1+R4,19,1900,1475,0.7763,0.6963,0.012,,0.3383,0.3109,0.0293,0.18,0.06,0.617
fault_17,17,xmv_1_11,level,block_bootstrap,base,11,1100,1100,1.0,0.8845,0.0096,,0.2064,0.6951,0.0179,0.1664,0.1309,0.3245
fault_17,17,xmv_1_11,level,block_bootstrap,base+R1,11,1100,917,0.8336,0.8953,0.0101,,0.2072,0.6326,0.0181,0.1664,0.1309,0.3245
fault_17,17,xmv_1_11,level,block_bootstrap,base+R4,11,1100,956,0.8691,0.91,0.0093,,0.182,0.5933,0.0176,0.1664,0.1309,0.3245
fault_17,17,xmv_1_11,level,block_bootstrap,base+R1+R4,11,1100,827,0.7518,0.9081,0.01,,0.1911,0.5682,0.0177,0.1664,0.1309,0.3245
fault_17,17,xmv_1_11,level,ewc,base,11,1100,1100,1.0,0.9327,0.0076,,0.1582,0.8477,0.0154,0.1664,0.1309,0.3245
fault_17,17,xmv_1_11,level,ewc,base+R1,11,1100,917,0.8336,0.9411,0.0078,,0.1625,0.7392,0.0154,0.1664,0.1309,0.3245
fault_17,17,xmv_1_11,level,ewc,base+R4,11,1100,956,0.8691,0.9477,0.0072,,0.1433,0.6887,0.0154,0.1664,0.1309,0.3245
fault_17,17,xmv_1_11,level,ewc,base+R1+R4,11,1100,827,0.7518,0.9444,0.008,,0.1548,0.6568,0.0156,0.1664,0.1309,0.3245
fault_17,17,xmv_1_11,level,hac,base,11,1100,1100,1.0,0.8964,0.0092,,0.19,0.6633,0.0169,0.1664,0.1309,0.3245
fault_17,17,xmv_1_11,level,hac,base+R1,11,1100,917,0.8336,0.9062,0.0096,,0.193,0.6165,0.0169,0.1664,0.1309,0.3245
fault_17,17,xmv_1_11,level,hac,base+R4,11,1100,956,0.8691,0.9153,0.009,,0.1705,0.5986,0.017,0.1664,0.1309,0.3245
fault_17,17,xmv_1_11,level,hac,base+R1+R4,11,1100,827,0.7518,0.9141,0.0097,,0.1802,0.5777,0.017,0.1664,0.1309,0.3245
fault_17,17,xmv_1_11,level,naive,base,11,1100,1100,1.0,0.7336,0.0133,,0.34,0.4501,0.0257,0.1664,0.1309,0.3245
fault_17,17,xmv_1_11,level,naive,base+R1,11,1100,917,0.8336,0.7732,0.0138,,0.3097,0.4485,0.0257,0.1664,0.1309,0.3245
fault_17,17,xmv_1_11,level,naive,base+R4,11,1100,956,0.8691,0.8013,0.0129,,0.273,0.4468,0.0246,0.1664,0.1309,0.3245
fault_17,17,xmv_1_11,level,naive,base+R1+R4,11,1100,827,0.7518,0.8198,0.0134,,0.26,0.4459,0.0246,0.1664,0.1309,0.3245
fault_17,17,xmv_1_11,spread,block_bootstrap,base,11,1100,1100,1.0,0.8482,0.0108,,0.2709,0.365,0.0208,0.1664,0.1309,0.3245
fault_17,17,xmv_1_11,spread,block_bootstrap,base+R1,11,1100,917,0.8336,0.8648,0.0113,,0.265,0.3516,0.0208,0.1664,0.1309,0.3245
fault_17,17,xmv_1_11,spread,block_bootstrap,base+R4,11,1100,956,0.8691,0.8776,0.0106,,0.2207,0.3444,0.0191,0.1664,0.1309,0.3245
fault_17,17,xmv_1_11,spread,block_bootstrap,base+R1+R4,11,1100,827,0.7518,0.8827,0.0112,,0.2237,0.3381,0.0191,0.1664,0.1309,0.3245
fault_17,17,xmv_1_11,spread,naive,base,11,1100,1100,1.0,0.7482,0.0131,,0.3455,0.3109,0.023,0.1664,0.1309,0.3245
fault_17,17,xmv_1_11,spread,naive,base+R1,11,1100,917,0.8336,0.7819,0.0136,,0.3206,0.3109,0.023,0.1664,0.1309,0.3245
fault_17,17,xmv_1_11,spread,naive,base+R4,11,1100,956,0.8691,0.8086,0.0127,,0.272,0.3109,0.0218,0.1664,0.1309,0.3245
fault_17,17,xmv_1_11,spread,naive,base+R1+R4,11,1100,827,0.7518,0.8222,0.0133,,0.2624,0.3109,0.0218,0.1664,0.1309,0.3245
fault_18,18,xmeas_1_22,level,block_bootstrap,base,22,2200,2200,1.0,0.9214,0.0057,,0.1773,2.8572,0.013,0.1818,0.5909,0.3357
fault_18,18,xmeas_1_22,level,block_bootstrap,base+R1,22,2200,1800,0.8182,0.9394,0.0056,,0.1533,2.4582,0.013,0.1818,0.5909,0.3357
fault_18,18,xmeas_1_22,level,block_bootstrap,base+R4,22,2200,900,0.4091,0.9311,0.0084,,0.1222,0.739,0.0177,0.1818,0.5909,0.3357
fault_18,18,xmeas_1_22,level,block_bootstrap,base+R1+R4,22,2200,817,0.3714,0.9412,0.0082,,0.1114,0.7273,0.0178,0.1818,0.5909,0.3357
fault_18,18,xmeas_1_22,level,ewc,base,22,2200,2200,1.0,0.9745,0.0034,,0.085,4.1318,0.0097,0.1818,0.5909,0.3357
fault_18,18,xmeas_1_22,level,ewc,base+R1,22,2200,1800,0.8182,0.9811,0.0032,,0.0761,3.4629,0.0097,0.1818,0.5909,0.3357
fault_18,18,xmeas_1_22,level,ewc,base+R4,22,2200,900,0.4091,0.9744,0.0053,,0.0456,0.9706,0.0149,0.1818,0.5909,0.3357
fault_18,18,xmeas_1_22,level,ewc,base+R1+R4,22,2200,817,0.3714,0.9816,0.0047,,0.0404,0.9578,0.0136,0.1818,0.5909,0.3357
fault_18,18,xmeas_1_22,level,hac,base,22,2200,2200,1.0,0.9595,0.0042,,0.1068,3.2534,0.0138,0.1818,0.5909,0.3357
fault_18,18,xmeas_1_22,level,hac,base+R1,22,2200,1800,0.8182,0.965,0.0043,,0.1,2.8172,0.0135,0.1818,0.5909,0.3357
fault_18,18,xmeas_1_22,level,hac,base+R4,22,2200,900,0.4091,0.9567,0.0068,,0.0978,0.6788,0.0166,0.1818,0.5909,0.3357
fault_18,18,xmeas_1_22,level,hac,base+R1+R4,22,2200,817,0.3714,0.9621,0.0067,,0.0894,0.6733,0.0158,0.1818,0.5909,0.3357
fault_18,18,xmeas_1_22,level,naive,base,22,2200,2200,1.0,0.6609,0.0101,,0.4127,1.0551,0.034,0.1818,0.5909,0.3357
fault_18,18,xmeas_1_22,level,naive,base+R1,22,2200,1800,0.8182,0.6844,0.011,,0.39,0.9133,0.0327,0.1818,0.5909,0.3357
fault_18,18,xmeas_1_22,level,naive,base+R4,22,2200,900,0.4091,0.8444,0.0121,,0.2689,0.4991,0.0299,0.1818,0.5909,0.3357
fault_18,18,xmeas_1_22,level,naive,base+R1+R4,22,2200,817,0.3714,0.8592,0.0122,,0.2534,0.4985,0.0297,0.1818,0.5909,0.3357
fault_18,18,xmeas_1_22,spread,block_bootstrap,base,22,2200,2200,1.0,0.7282,0.0095,,0.7841,0.7288,0.0289,0.1818,0.5909,0.3357
fault_18,18,xmeas_1_22,spread,block_bootstrap,base+R1,22,2200,1800,0.8182,0.7528,0.0102,,0.7672,0.6894,0.0295,0.1818,0.5909,0.3357
fault_18,18,xmeas_1_22,spread,block_bootstrap,base+R4,22,2200,900,0.4091,0.7678,0.0141,,0.51,0.4024,0.0216,0.1818,0.5909,0.3357
fault_18,18,xmeas_1_22,spread,block_bootstrap,base+R1+R4,22,2200,817,0.3714,0.7858,0.0144,,0.508,0.3999,0.0216,0.1818,0.5909,0.3357
fault_18,18,xmeas_1_22,spread,naive,base,22,2200,2200,1.0,0.4705,0.0106,,0.8423,0.3109,0.0739,0.1818,0.5909,0.3357
fault_18,18,xmeas_1_22,spread,naive,base+R1,22,2200,1800,0.8182,0.4994,0.0118,,0.8261,0.3109,0.0739,0.1818,0.5909,0.3357
fault_18,18,xmeas_1_22,spread,naive,base+R4,22,2200,900,0.4091,0.68,0.0155,,0.62,0.3109,0.0512,0.1818,0.5909,0.3357
fault_18,18,xmeas_1_22,spread,naive,base+R1+R4,22,2200,817,0.3714,0.6952,0.0161,,0.6181,0.3109,0.0512,0.1818,0.5909,0.3357
fault_18,18,xmeas_23_41,level,block_bootstrap,base,19,1900,1900,1.0,0.9179,0.0063,,0.1316,1.9703,0.0135,0.18,0.5911,0.617
fault_18,18,xmeas_23_41,level,block_bootstrap,base+R1,19,1900,1558,0.82,0.9178,0.007,,0.1213,1.8397,0.0135,0.18,0.5911,0.617
fault_18,18,xmeas_23_41,level,block_bootstrap,base+R4,19,1900,777,0.4089,0.8623,0.0124,,0.166,1.026,0.0219,0.18,0.5911,0.617
fault_18,18,xmeas_23_41,level,block_bootstrap,base+R1+R4,19,1900,676,0.3558,0.858,0.0134,,0.1672,1.0264,0.021,0.18,0.5911,0.617
fault_18,18,xmeas_23_41,level,ewc,base,19,1900,1900,1.0,0.9737,0.0037,,0.0453,2.8119,0.0097,0.18,0.5911,0.617
fault_18,18,xmeas_23_41,level,ewc,base+R1,19,1900,1558,0.82,0.9724,0.0042,,0.043,2.6092,0.0098,0.18,0.5911,0.617
fault_18,18,xmeas_23_41,level,ewc,base+R4,19,1900,777,0.4089,0.9434,0.0083,,0.0708,1.3102,0.0171,0.18,0.5911,0.617
fault_18,18,xmeas_23_41,level,ewc,base+R1+R4,19,1900,676,0.3558,0.9438,0.0089,,0.071,1.3095,0.0171,0.18,0.5911,0.617
fault_18,18,xmeas_23_41,level,hac,base,19,1900,1900,1.0,0.96,0.0045,,0.0632,2.4871,0.0123,0.18,0.5911,0.617
fault_18,18,xmeas_23_41,level,hac,base+R1,19,1900,1558,0.82,0.957,0.0051,,0.0635,2.359,0.0121,0.18,0.5911,0.617
fault_18,18,xmeas_23_41,level,hac,base+R4,19,1900,777,0.4089,0.9099,0.0103,,0.1133,1.134,0.0199,0.18,0.5911,0.617
fault_18,18,xmeas_23_41,level,hac,base+R1+R4,19,1900,676,0.3558,0.9068,0.0112,,0.1154,1.1347,0.0203,0.18,0.5911,0.617
fault_18,18,xmeas_23_41,level,naive,base,19,1900,1900,1.0,0.5784,0.0113,,0.4421,0.7851,0.0373,0.18,0.5911,0.617
fault_18,18,xmeas_23_41,level,naive,base+R1,19,1900,1558,0.82,0.5828,0.0125,,0.439,0.7441,0.0365,0.18,0.5911,0.617
fault_18,18,xmeas_23_41,level,naive,base+R4,19,1900,777,0.4089,0.5894,0.0176,,0.4144,0.5044,0.0476,0.18,0.5911,0.617
fault_18,18,xmeas_23_41,level,naive,base+R1+R4,19,1900,676,0.3558,0.5932,0.0189,,0.4142,0.5048,0.0461,0.18,0.5911,0.617
fault_18,18,xmeas_23_41,spread,block_bootstrap,base,19,1900,1900,1.0,0.6958,0.0106,,0.7247,0.6907,0.0294,0.18,0.5911,0.617
fault_18,18,xmeas_23_41,spread,block_bootstrap,base+R1,19,1900,1558,0.82,0.7092,0.0115,,0.708,0.6791,0.0294,0.18,0.5911,0.617
fault_18,18,xmeas_23_41,spread,block_bootstrap,base+R4,19,1900,777,0.4089,0.6255,0.0174,,0.4221,0.5606,0.0362,0.18,0.5911,0.617
fault_18,18,xmeas_23_41,spread,block_bootstrap,base+R1+R4,19,1900,676,0.3558,0.6346,0.0185,,0.4127,0.5584,0.0338,0.18,0.5911,0.617
fault_18,18,xmeas_23_41,spread,naive,base,19,1900,1900,1.0,0.3847,0.0112,,0.8689,0.3109,0.0659,0.18,0.5911,0.617
fault_18,18,xmeas_23_41,spread,naive,base+R1,19,1900,1558,0.82,0.3992,0.0124,,0.8601,0.3109,0.0659,0.18,0.5911,0.617
fault_18,18,xmeas_23_41,spread,naive,base+R4,19,1900,777,0.4089,0.4492,0.0178,,0.6963,0.3109,0.064,0.18,0.5911,0.617
fault_18,18,xmeas_23_41,spread,naive,base+R1+R4,19,1900,676,0.3558,0.463,0.0192,,0.6953,0.3109,0.0622,0.18,0.5911,0.617
fault_18,18,xmv_1_11,level,block_bootstrap,base,11,1100,1100,1.0,0.9127,0.0085,,0.2218,1.9072,0.0143,0.1664,0.4655,0.3245
fault_18,18,xmv_1_11,level,block_bootstrap,base+R1,11,1100,917,0.8336,0.9269,0.0086,,0.2094,1.7847,0.014,0.1664,0.4655,0.3245
fault_18,18,xmv_1_11,level,block_bootstrap,base+R4,11,1100,588,0.5345,0.9184,0.0113,,0.2942,0.9877,0.0153,0.1664,0.4655,0.3245
fault_18,18,xmv_1_11,level,block_bootstrap,base+R1+R4,11,1100,532,0.4836,0.9248,0.0114,,0.2914,0.9803,0.0152,0.1664,0.4655,0.3245
fault_18,18,xmv_1_11,level,ewc,base,11,1100,1100,1.0,0.9709,0.0051,,0.1255,2.769,0.0103,0.1664,0.4655,0.3245
fault_18,18,xmv_1_11,level,ewc,base+R1,11,1100,917,0.8336,0.9804,0.0046,,0.12,2.5778,0.0102,0.1664,0.4655,0.3245
fault_18,18,xmv_1_11,level,ewc,base+R4,11,1100,588,0.5345,0.9762,0.0063,,0.1871,1.3456,0.0126,0.1664,0.4655,0.3245
fault_18,18,xmv_1_11,level,ewc,base+R1+R4,11,1100,532,0.4836,0.985,0.0053,,0.1842,1.3348,0.0125,0.1664,0.4655,0.3245
fault_18,18,xmv_1_11,level,hac,base,11,1100,1100,1.0,0.9427,0.007,,0.1709,2.308,0.0149,0.1664,0.4655,0.3245
fault_18,18,xmv_1_11,level,hac,base+R1,11,1100,917,0.8336,0.9531,0.007,,0.1701,2.1304,0.0151,0.1664,0.4655,0.3245
fault_18,18,xmv_1_11,level,hac,base+R4,11,1100,588,0.5345,0.9371,0.01,,0.2636,0.9735,0.0158,0.1664,0.4655,0.3245
fault_18,18,xmv_1_11,level,hac,base+R1+R4,11,1100,532,0.4836,0.9492,0.0095,,0.2594,0.9693,0.0158,0.1664,0.4655,0.3245
fault_18,18,xmv_1_11,level,naive,base,11,1100,1100,1.0,0.6482,0.0144,,0.4755,0.7635,0.0349,0.1664,0.4655,0.3245
fault_18,18,xmv_1_11,level,naive,base+R1,11,1100,917,0.8336,0.675,0.0155,,0.4471,0.7325,0.0349,0.1664,0.4655,0.3245
fault_18,18,xmv_1_11,level,naive,base+R4,11,1100,588,0.5345,0.7194,0.0185,,0.4388,0.5337,0.0349,0.1664,0.4655,0.3245
fault_18,18,xmv_1_11,level,naive,base+R1+R4,11,1100,532,0.4836,0.7293,0.0193,,0.4323,0.5322,0.035,0.1664,0.4655,0.3245
fault_18,18,xmv_1_11,spread,block_bootstrap,base,11,1100,1100,1.0,0.7209,0.0135,,0.7636,0.6429,0.0307,0.1664,0.4655,0.3245
fault_18,18,xmv_1_11,spread,block_bootstrap,base+R1,11,1100,917,0.8336,0.7492,0.0143,,0.7546,0.6213,0.03,0.1664,0.4655,0.3245
fault_18,18,xmv_1_11,spread,block_bootstrap,base+R4,11,1100,588,0.5345,0.7432,0.018,,0.5935,0.436,0.0283,0.1664,0.4655,0.3245
fault_18,18,xmv_1_11,spread,block_bootstrap,base+R1+R4,11,1100,532,0.4836,0.7575,0.0186,,0.5902,0.4351,0.0279,0.1664,0.4655,0.3245
fault_18,18,xmv_1_11,spread,naive,base,11,1100,1100,1.0,0.4573,0.015,,0.83,0.3109,0.0644,0.1664,0.4655,0.3245
fault_18,18,xmv_1_11,spread,naive,base+R1,11,1100,917,0.8336,0.4885,0.0165,,0.8146,0.3109,0.0644,0.1664,0.4655,0.3245
fault_18,18,xmv_1_11,spread,naive,base+R4,11,1100,588,0.5345,0.6565,0.0196,,0.6905,0.3109,0.063,0.1664,0.4655,0.3245
fault_18,18,xmv_1_11,spread,naive,base+R1+R4,11,1100,532,0.4836,0.6654,0.0205,,0.6823,0.3109,0.063,0.1664,0.4655,0.3245
fault_19,19,xmeas_1_22,level,block_bootstrap,base,22,2200,2200,1.0,0.865,0.0073,,0.1332,0.7135,0.0181,0.1818,0.2664,0.3357
fault_19,19,xmeas_1_22,level,block_bootstrap,base+R1,22,2200,1800,0.8182,0.8739,0.0078,,0.1244,0.648,0.0181,0.1818,0.2664,0.3357
fault_19,19,xmeas_1_22,level,block_bootstrap,base+R4,22,2200,1614,0.7336,0.9021,0.0074,,0.0967,0.5773,0.0179,0.1818,0.2664,0.3357
fault_19,19,xmeas_1_22,level,block_bootstrap,base+R1+R4,22,2200,1411,0.6414,0.9022,0.0079,,0.0964,0.5528,0.018,0.1818,0.2664,0.3357
fault_19,19,xmeas_1_22,level,ewc,base,22,2200,2200,1.0,0.9214,0.0057,,0.0782,0.857,0.0159,0.1818,0.2664,0.3357
fault_19,19,xmeas_1_22,level,ewc,base+R1,22,2200,1800,0.8182,0.9267,0.0061,,0.0739,0.7691,0.016,0.1818,0.2664,0.3357
fault_19,19,xmeas_1_22,level,ewc,base+R4,22,2200,1614,0.7336,0.9455,0.0057,,0.0551,0.6702,0.0159,0.1818,0.2664,0.3357
fault_19,19,xmeas_1_22,level,ewc,base+R1+R4,22,2200,1411,0.6414,0.944,0.0061,,0.0567,0.633,0.016,0.1818,0.2664,0.3357
fault_19,19,xmeas_1_22,level,hac,base,22,2200,2200,1.0,0.9036,0.0063,,0.0936,0.6563,0.0173,0.1818,0.2664,0.3357
fault_19,19,xmeas_1_22,level,hac,base+R1,22,2200,1800,0.8182,0.9089,0.0068,,0.0889,0.597,0.0172,0.1818,0.2664,0.3357
fault_19,19,xmeas_1_22,level,hac,base+R4,22,2200,1614,0.7336,0.9188,0.0068,,0.0799,0.5334,0.0173,0.1818,0.2664,0.3357
fault_19,19,xmeas_1_22,level,hac,base+R1+R4,22,2200,1411,0.6414,0.9199,0.0072,,0.0787,0.5167,0.0172,0.1818,0.2664,0.3357
fault_19,19,xmeas_1_22,level,naive,base,22,2200,2200,1.0,0.7032,0.0097,,0.2936,0.4618,0.023,0.1818,0.2664,0.3357
fault_19,19,xmeas_1_22,level,naive,base+R1,22,2200,1800,0.8182,0.7444,0.0103,,0.255,0.4602,0.023,0.1818,0.2664,0.3357
fault_19,19,xmeas_1_22,level,naive,base+R4,22,2200,1614,0.7336,0.8371,0.0092,,0.1605,0.4559,0.0222,0.1818,0.2664,0.3357
fault_19,19,xmeas_1_22,level,naive,base+R1+R4,22,2200,1411,0.6414,0.8519,0.0095,,0.1467,0.4555,0.0223,0.1818,0.2664,0.3357
fault_19,19,xmeas_1_22,spread,block_bootstrap,base,22,2200,2200,1.0,0.8159,0.0083,,0.3468,0.358,0.0208,0.1818,0.2664,0.3357
fault_19,19,xmeas_1_22,spread,block_bootstrap,base+R1,22,2200,1800,0.8182,0.8306,0.0088,,0.3444,0.3415,0.0207,0.1818,0.2664,0.3357
fault_19,19,xmeas_1_22,spread,block_bootstrap,base+R4,22,2200,1614,0.7336,0.873,0.0083,,0.3086,0.3218,0.0203,0.1818,0.2664,0.3357
fault_19,19,xmeas_1_22,spread,block_bootstrap,base+R1+R4,22,2200,1411,0.6414,0.8753,0.0088,,0.3133,0.3174,0.0202,0.1818,0.2664,0.3357
fault_19,19,xmeas_1_22,spread,naive,base,22,2200,2200,1.0,0.7045,0.0097,,0.4627,0.3109,0.0241,0.1818,0.2664,0.3357
fault_19,19,xmeas_1_22,spread,naive,base+R1,22,2200,1800,0.8182,0.74,0.0103,,0.44,0.3109,0.0241,0.1818,0.2664,0.3357
fault_19,19,xmeas_1_22,spread,naive,base+R4,22,2200,1614,0.7336,0.8463,0.009,,0.3575,0.3109,0.0231,0.1818,0.2664,0.3357
fault_19,19,xmeas_1_22,spread,naive,base+R1+R4,22,2200,1411,0.6414,0.8597,0.0092,,0.3544,0.3109,0.0231,0.1818,0.2664,0.3357
fault_19,19,xmeas_23_41,level,block_bootstrap,base,19,1900,1900,1.0,0.8711,0.0077,,0.1263,0.8071,0.0198,0.18,0.06,0.617
fault_19,19,xmeas_23_41,level,block_bootstrap,base+R1,19,1900,1558,0.82,0.878,0.0083,,0.1194,0.7855,0.0199,0.18,0.06,0.617
fault_19,19,xmeas_23_41,level,block_bootstrap,base+R4,19,1900,1786,0.94,0.8667,0.008,,0.1305,0.79,0.0198,0.18,0.06,0.617
fault_19,19,xmeas_23_41,level,block_bootstrap,base+R1+R4,19,1900,1472,0.7747,0.873,0.0087,,0.1243,0.7704,0.02,0.18,0.06,0.617
fault_19,19,xmeas_23_41,level,ewc,base,19,1900,1900,1.0,0.9416,0.0054,,0.0584,0.9864,0.0163,0.18,0.06,0.617
fault_19,19,xmeas_23_41,level,ewc,base+R1,19,1900,1558,0.82,0.9429,0.0059,,0.0578,0.9576,0.0164,0.18,0.06,0.617
fault_19,19,xmeas_23_41,level,ewc,base+R4,19,1900,1786,0.94,0.9384,0.0057,,0.0616,0.9618,0.0163,0.18,0.06,0.617
fault_19,19,xmeas_23_41,level,ewc,base+R1+R4,19,1900,1472,0.7747,0.9402,0.0062,,0.0605,0.9396,0.0166,0.18,0.06,0.617
fault_19,19,xmeas_23_41,level,hac,base,19,1900,1900,1.0,0.8968,0.007,,0.1021,0.8172,0.019,0.18,0.06,0.617
fault_19,19,xmeas_23_41,level,hac,base+R1,19,1900,1558,0.82,0.8973,0.0077,,0.1014,0.7943,0.0192,0.18,0.06,0.617
fault_19,19,xmeas_23_41,level,hac,base+R4,19,1900,1786,0.94,0.8908,0.0074,,0.1075,0.7983,0.0194,0.18,0.06,0.617
fault_19,19,xmeas_23_41,level,hac,base+R1+R4,19,1900,1472,0.7747,0.892,0.0081,,0.106,0.7702,0.0196,0.18,0.06,0.617
fault_19,19,xmeas_23_41,level,naive,base,19,1900,1900,1.0,0.6426,0.011,,0.35,0.4471,0.0362,0.18,0.06,0.617
fault_19,19,xmeas_23_41,level,naive,base+R1,19,1900,1558,0.82,0.6784,0.0118,,0.319,0.4471,0.0362,0.18,0.06,0.617
fault_19,19,xmeas_23_41,level,naive,base+R4,19,1900,1786,0.94,0.6495,0.0113,,0.3443,0.4459,0.0378,0.18,0.06,0.617
fault_19,19,xmeas_23_41,level,naive,base+R1+R4,19,1900,1472,0.7747,0.6814,0.0121,,0.3159,0.4457,0.038,0.18,0.06,0.617
fault_19,19,xmeas_23_41,spread,block_bootstrap,base,19,1900,1900,1.0,0.8405,0.0084,,0.1689,0.4463,0.0201,0.18,0.06,0.617
fault_19,19,xmeas_23_41,spread,block_bootstrap,base+R1,19,1900,1558,0.82,0.8492,0.0091,,0.1573,0.4439,0.0202,0.18,0.06,0.617
fault_19,19,xmeas_23_41,spread,block_bootstrap,base+R4,19,1900,1786,0.94,0.8483,0.0085,,0.1545,0.439,0.0201,0.18,0.06,0.617
fault_19,19,xmeas_23_41,spread,block_bootstrap,base+R1+R4,19,1900,1472,0.7747,0.856,0.0092,,0.144,0.436,0.0202,0.18,0.06,0.617
fault_19,19,xmeas_23_41,spread,naive,base,19,1900,1900,1.0,0.6753,0.0107,,0.34,0.3109,0.0295,0.18,0.06,0.617
fault_19,19,xmeas_23_41,spread,naive,base+R1,19,1900,1558,0.82,0.69,0.0117,,0.3203,0.3109,0.0295,0.18,0.06,0.617
fault_19,19,xmeas_23_41,spread,naive,base+R4,19,1900,1786,0.94,0.6971,0.0109,,0.3191,0.3109,0.0295,0.18,0.06,0.617
fault_19,19,xmeas_23_41,spread,naive,base+R1+R4,19,1900,1472,0.7747,0.7106,0.0118,,0.3003,0.3109,0.0295,0.18,0.06,0.617
fault_19,19,xmv_1_11,level,block_bootstrap,base,11,1100,1100,1.0,0.8864,0.0096,,0.1127,0.5871,0.0179,0.1664,0.1,0.3245
fault_19,19,xmv_1_11,level,block_bootstrap,base+R1,11,1100,917,0.8336,0.8953,0.0101,,0.1025,0.5514,0.018,0.1664,0.1,0.3245
fault_19,19,xmv_1_11,level,block_bootstrap,base+R4,11,1100,990,0.9,0.9091,0.0091,,0.0889,0.5494,0.0179,0.1664,0.1,0.3245
fault_19,19,xmv_1_11,level,block_bootstrap,base+R1+R4,11,1100,855,0.7773,0.9111,0.0097,,0.0877,0.5319,0.0179,0.1664,0.1,0.3245
fault_19,19,xmv_1_11,level,ewc,base,11,1100,1100,1.0,0.9373,0.0073,,0.0618,0.685,0.0156,0.1664,0.1,0.3245
fault_19,19,xmv_1_11,level,ewc,base+R1,11,1100,917,0.8336,0.9455,0.0075,,0.0545,0.6331,0.0157,0.1664,0.1,0.3245
fault_19,19,xmv_1_11,level,ewc,base+R4,11,1100,990,0.9,0.9525,0.0068,,0.0475,0.633,0.0156,0.1664,0.1,0.3245
fault_19,19,xmv_1_11,level,ewc,base+R1+R4,11,1100,855,0.7773,0.9532,0.0072,,0.0468,0.6042,0.0158,0.1664,0.1,0.3245
fault_19,19,xmv_1_11,level,hac,base,11,1100,1100,1.0,0.9064,0.0088,,0.0918,0.5779,0.0169,0.1664,0.1,0.3245
fault_19,19,xmv_1_11,level,hac,base+R1,11,1100,917,0.8336,0.9193,0.009,,0.084,0.5289,0.0169,0.1664,0.1,0.3245
fault_19,19,xmv_1_11,level,hac,base+R4,11,1100,990,0.9,0.9242,0.0084,,0.0737,0.5272,0.0168,0.1664,0.1,0.3245
fault_19,19,xmv_1_11,level,hac,base+R1+R4,11,1100,855,0.7773,0.9287,0.0088,,0.0713,0.5092,0.0168,0.1664,0.1,0.3245
fault_19,19,xmv_1_11,level,naive,base,11,1100,1100,1.0,0.7473,0.0131,,0.2427,0.4538,0.0235,0.1664,0.1,0.3245
fault_19,19,xmv_1_11,level,naive,base+R1,11,1100,917,0.8336,0.7874,0.0135,,0.2017,0.4525,0.0235,0.1664,0.1,0.3245
fault_19,19,xmv_1_11,level,naive,base+R4,11,1100,990,0.9,0.804,0.0126,,0.1889,0.4516,0.0202,0.1664,0.1,0.3245
fault_19,19,xmv_1_11,level,naive,base+R1+R4,11,1100,855,0.7773,0.8257,0.013,,0.1637,0.4507,0.0202,0.1664,0.1,0.3245
fault_19,19,xmv_1_11,spread,block_bootstrap,base,11,1100,1100,1.0,0.8409,0.011,,0.3191,0.3409,0.0205,0.1664,0.1,0.3245
fault_19,19,xmv_1_11,spread,block_bootstrap,base+R1,11,1100,917,0.8336,0.855,0.0116,,0.2955,0.3323,0.0205,0.1664,0.1,0.3245
fault_19,19,xmv_1_11,spread,block_bootstrap,base+R4,11,1100,990,0.9,0.8646,0.0109,,0.2899,0.3314,0.0196,0.1664,0.1,0.3245
fault_19,19,xmv_1_11,spread,block_bootstrap,base+R1+R4,11,1100,855,0.7773,0.8702,0.0115,,0.2737,0.3281,0.0196,0.1664,0.1,0.3245
fault_19,19,xmv_1_11,spread,naive,base,11,1100,1100,1.0,0.7664,0.0128,,0.3627,0.3109,0.0227,0.1664,0.1,0.3245
fault_19,19,xmv_1_11,spread,naive,base+R1,11,1100,917,0.8336,0.8004,0.0132,,0.3293,0.3109,0.0227,0.1664,0.1,0.3245
fault_19,19,xmv_1_11,spread,naive,base+R4,11,1100,990,0.9,0.8263,0.012,,0.3111,0.3109,0.0213,0.1664,0.1,0.3245
fault_19,19,xmv_1_11,spread,naive,base+R1+R4,11,1100,855,0.7773,0.8421,0.0125,,0.2936,0.3109,0.0213,0.1664,0.1,0.3245
fault_20,20,xmeas_1_22,level,block_bootstrap,base,22,2200,2200,1.0,0.8923,0.0066,,0.2455,0.7774,0.0174,0.1818,0.2773,0.3357
fault_20,20,xmeas_1_22,level,block_bootstrap,base+R1,22,2200,1800,0.8182,0.9072,0.0068,,0.2217,0.6936,0.0174,0.1818,0.2773,0.3357
fault_20,20,xmeas_1_22,level,block_bootstrap,base+R4,22,2200,1590,0.7227,0.9289,0.0064,,0.156,0.5719,0.0174,0.1818,0.2773,0.3357
fault_20,20,xmeas_1_22,level,block_bootstrap,base+R1+R4,22,2200,1393,0.6332,0.9325,0.0067,,0.1436,0.5376,0.0174,0.1818,0.2773,0.3357
fault_20,20,xmeas_1_22,level,ewc,base,22,2200,2200,1.0,0.9455,0.0048,,0.1573,0.9638,0.0151,0.1818,0.2773,0.3357
fault_20,20,xmeas_1_22,level,ewc,base+R1,22,2200,1800,0.8182,0.9517,0.0051,,0.1433,0.8638,0.0151,0.1818,0.2773,0.3357
fault_20,20,xmeas_1_22,level,ewc,base+R4,22,2200,1590,0.7227,0.9642,0.0047,,0.1006,0.6713,0.0151,0.1818,0.2773,0.3357
fault_20,20,xmeas_1_22,level,ewc,base+R1+R4,22,2200,1393,0.6332,0.962,0.0051,,0.0976,0.6216,0.0151,0.1818,0.2773,0.3357
fault_20,20,xmeas_1_22,level,hac,base,22,2200,2200,1.0,0.9332,0.0053,,0.1945,0.7307,0.0165,0.1818,0.2773,0.3357
fault_20,20,xmeas_1_22,level,hac,base+R1,22,2200,1800,0.8182,0.9411,0.0055,,0.1756,0.6404,0.0165,0.1818,0.2773,0.3357
fault_20,20,xmeas_1_22,level,hac,base+R4,22,2200,1590,0.7227,0.9509,0.0054,,0.1346,0.5312,0.0167,0.1818,0.2773,0.3357
fault_20,20,xmeas_1_22,level,hac,base+R1+R4,22,2200,1393,0.6332,0.9533,0.0057,,0.1235,0.496,0.017,0.1818,0.2773,0.3357
fault_20,20,xmeas_1_22,level,naive,base,22,2200,2200,1.0,0.73,0.0095,,0.4,0.4645,0.0243,0.1818,0.2773,0.3357
fault_20,20,xmeas_1_22,level,naive,base+R1,22,2200,1800,0.8182,0.7756,0.0098,,0.35,0.4602,0.0245,0.1818,0.2773,0.3357
fault_20,20,xmeas_1_22,level,naive,base+R4,22,2200,1590,0.7227,0.8654,0.0086,,0.2478,0.4519,0.0213,0.1818,0.2773,0.3357
fault_20,20,xmeas_1_22,level,naive,base+R1+R4,22,2200,1393,0.6332,0.8794,0.0087,,0.2211,0.4504,0.0213,0.1818,0.2773,0.3357
fault_20,20,xmeas_1_22,spread,block_bootstrap,base,22,2200,2200,1.0,0.8332,0.0079,,0.3709,0.3855,0.0204,0.1818,0.2773,0.3357
fault_20,20,xmeas_1_22,spread,block_bootstrap,base+R1,22,2200,1800,0.8182,0.8544,0.0083,,0.3383,0.3607,0.0205,0.1818,0.2773,0.3357
fault_20,20,xmeas_1_22,spread,block_bootstrap,base+R4,22,2200,1590,0.7227,0.8824,0.0081,,0.2516,0.3351,0.0189,0.1818,0.2773,0.3357
fault_20,20,xmeas_1_22,spread,block_bootstrap,base+R1+R4,22,2200,1393,0.6332,0.8887,0.0084,,0.234,0.3301,0.0186,0.1818,0.2773,0.3357
fault_20,20,xmeas_1_22,spread,naive,base,22,2200,2200,1.0,0.7023,0.0097,,0.4627,0.3109,0.0259,0.1818,0.2773,0.3357
fault_20,20,xmeas_1_22,spread,naive,base+R1,22,2200,1800,0.8182,0.7406,0.0103,,0.4122,0.3109,0.0259,0.1818,0.2773,0.3357
fault_20,20,xmeas_1_22,spread,naive,base+R4,22,2200,1590,0.7227,0.8509,0.0089,,0.2994,0.3109,0.0211,0.1818,0.2773,0.3357
fault_20,20,xmeas_1_22,spread,naive,base+R1+R4,22,2200,1393,0.6332,0.8629,0.0092,,0.2749,0.3109,0.0211,0.1818,0.2773,0.3357
fault_20,20,xmeas_23_41,level,block_bootstrap,base,19,1900,1900,1.0,0.8774,0.0075,,0.1247,0.8223,0.0191,0.18,0.0605,0.617
fault_20,20,xmeas_23_41,level,block_bootstrap,base+R1,19,1900,1558,0.82,0.8832,0.0081,,0.1162,0.8094,0.0193,0.18,0.0605,0.617
fault_20,20,xmeas_23_41,level,block_bootstrap,base+R4,19,1900,1785,0.9395,0.8739,0.0079,,0.1289,0.8088,0.0192,0.18,0.0605,0.617
fault_20,20,xmeas_23_41,level,block_bootstrap,base+R1+R4,19,1900,1475,0.7763,0.8793,0.0085,,0.12,0.7939,0.0194,0.18,0.0605,0.617
fault_20,20,xmeas_23_41,level,ewc,base,19,1900,1900,1.0,0.9442,0.0053,,0.0563,1.0067,0.0161,0.18,0.0605,0.617
fault_20,20,xmeas_23_41,level,ewc,base+R1,19,1900,1558,0.82,0.9487,0.0056,,0.0526,0.9777,0.0162,0.18,0.0605,0.617
fault_20,20,xmeas_23_41,level,ewc,base+R4,19,1900,1785,0.9395,0.9412,0.0056,,0.0594,0.9806,0.0161,0.18,0.0605,0.617
fault_20,20,xmeas_23_41,level,ewc,base+R1+R4,19,1900,1475,0.7763,0.9464,0.0059,,0.0549,0.9609,0.0162,0.18,0.0605,0.617
fault_20,20,xmeas_23_41,level,hac,base,19,1900,1900,1.0,0.9042,0.0068,,0.1021,0.8362,0.0187,0.18,0.0605,0.617
fault_20,20,xmeas_23_41,level,hac,base+R1,19,1900,1558,0.82,0.9069,0.0074,,0.0969,0.8095,0.0189,0.18,0.0605,0.617
fault_20,20,xmeas_23_41,level,hac,base+R4,19,1900,1785,0.9395,0.898,0.0072,,0.1087,0.813,0.0189,0.18,0.0605,0.617
fault_20,20,xmeas_23_41,level,hac,base+R1+R4,19,1900,1475,0.7763,0.9017,0.0078,,0.1024,0.7941,0.0189,0.18,0.0605,0.617
fault_20,20,xmeas_23_41,level,naive,base,19,1900,1900,1.0,0.6511,0.0109,,0.3468,0.451,0.0362,0.18,0.0605,0.617
fault_20,20,xmeas_23_41,level,naive,base+R1,19,1900,1558,0.82,0.6765,0.0119,,0.3216,0.4505,0.036,0.18,0.0605,0.617
fault_20,20,xmeas_23_41,level,naive,base+R4,19,1900,1785,0.9395,0.6555,0.0112,,0.3417,0.45,0.0373,0.18,0.0605,0.617
fault_20,20,xmeas_23_41,level,naive,base+R1+R4,19,1900,1475,0.7763,0.6786,0.0122,,0.3186,0.4496,0.0373,0.18,0.0605,0.617
fault_20,20,xmeas_23_41,spread,block_bootstrap,base,19,1900,1900,1.0,0.8253,0.0087,,0.1905,0.4498,0.0205,0.18,0.0605,0.617
fault_20,20,xmeas_23_41,spread,block_bootstrap,base+R1,19,1900,1558,0.82,0.8357,0.0094,,0.1772,0.4447,0.0204,0.18,0.0605,0.617
fault_20,20,xmeas_23_41,spread,block_bootstrap,base+R4,19,1900,1785,0.9395,0.8381,0.0087,,0.1754,0.4414,0.0204,0.18,0.0605,0.617
fault_20,20,xmeas_23_41,spread,block_bootstrap,base+R1+R4,19,1900,1475,0.7763,0.8461,0.0094,,0.1641,0.4373,0.0204,0.18,0.0605,0.617
fault_20,20,xmeas_23_41,spread,naive,base,19,1900,1900,1.0,0.6542,0.0109,,0.3795,0.3109,0.0305,0.18,0.0605,0.617
fault_20,20,xmeas_23_41,spread,naive,base+R1,19,1900,1558,0.82,0.672,0.0119,,0.3639,0.3109,0.0305,0.18,0.0605,0.617
fault_20,20,xmeas_23_41,spread,naive,base+R4,19,1900,1785,0.9395,0.6762,0.0111,,0.3569,0.3109,0.0305,0.18,0.0605,0.617
fault_20,20,xmeas_23_41,spread,naive,base+R1+R4,19,1900,1475,0.7763,0.6902,0.012,,0.3437,0.3109,0.0305,0.18,0.0605,0.617
fault_20,20,xmv_1_11,level,block_bootstrap,base,11,1100,1100,1.0,0.9027,0.0089,,0.2045,0.6032,0.0174,0.1664,0.1827,0.3245
fault_20,20,xmv_1_11,level,block_bootstrap,base+R1,11,1100,917,0.8336,0.916,0.0092,,0.1723,0.5673,0.0174,0.1664,0.1827,0.3245
fault_20,20,xmv_1_11,level,block_bootstrap,base+R4,11,1100,899,0.8173,0.9199,0.0091,,0.1001,0.5354,0.0174,0.1664,0.1827,0.3245
fault_20,20,xmv_1_11,level,block_bootstrap,base+R1+R4,11,1100,797,0.7245,0.921,0.0096,,0.0991,0.5214,0.0174,0.1664,0.1827,0.3245
fault_20,20,xmv_1_11,level,ewc,base,11,1100,1100,1.0,0.9491,0.0066,,0.15,0.7242,0.0149,0.1664,0.1827,0.3245
fault_20,20,xmv_1_11,level,ewc,base+R1,11,1100,917,0.8336,0.9553,0.0068,,0.1287,0.652,0.015,0.1664,0.1827,0.3245
fault_20,20,xmv_1_11,level,ewc,base+R4,11,1100,899,0.8173,0.9611,0.0065,,0.059,0.6123,0.0149,0.1664,0.1827,0.3245
fault_20,20,xmv_1_11,level,ewc,base+R1+R4,11,1100,797,0.7245,0.9598,0.007,,0.0615,0.5991,0.015,0.1664,0.1827,0.3245
fault_20,20,xmv_1_11,level,hac,base,11,1100,1100,1.0,0.92,0.0082,,0.1809,0.58,0.0164,0.1664,0.1827,0.3245
fault_20,20,xmv_1_11,level,hac,base+R1,11,1100,917,0.8336,0.9346,0.0082,,0.1538,0.5215,0.0164,0.1664,0.1827,0.3245
fault_20,20,xmv_1_11,level,hac,base+R4,11,1100,899,0.8173,0.9366,0.0081,,0.0823,0.4867,0.0164,0.1664,0.1827,0.3245
fault_20,20,xmv_1_11,level,hac,base+R1+R4,11,1100,797,0.7245,0.941,0.0083,,0.0816,0.4777,0.0164,0.1664,0.1827,0.3245
fault_20,20,xmv_1_11,level,naive,base,11,1100,1100,1.0,0.7691,0.0127,,0.3118,0.4524,0.025,0.1664,0.1827,0.3245
fault_20,20,xmv_1_11,level,naive,base+R1,11,1100,917,0.8336,0.8135,0.0129,,0.2606,0.4505,0.025,0.1664,0.1827,0.3245
fault_20,20,xmv_1_11,level,naive,base+R4,11,1100,899,0.8173,0.8387,0.0123,,0.1846,0.4471,0.0182,0.1664,0.1827,0.3245
fault_20,20,xmv_1_11,level,naive,base+R1+R4,11,1100,797,0.7245,0.8532,0.0125,,0.1706,0.4471,0.0183,0.1664,0.1827,0.3245
fault_20,20,xmv_1_11,spread,block_bootstrap,base,11,1100,1100,1.0,0.8455,0.0109,,0.2727,0.3474,0.0197,0.1664,0.1827,0.3245
fault_20,20,xmv_1_11,spread,block_bootstrap,base+R1,11,1100,917,0.8336,0.855,0.0116,,0.2366,0.3381,0.0197,0.1664,0.1827,0.3245
fault_20,20,xmv_1_11,spread,block_bootstrap,base+R4,11,1100,899,0.8173,0.8676,0.0113,,0.1591,0.3247,0.0181,0.1664,0.1827,0.3245
fault_20,20,xmv_1_11,spread,block_bootstrap,base+R1+R4,11,1100,797,0.7245,0.8683,0.012,,0.1531,0.3238,0.018,0.1664,0.1827,0.3245
fault_20,20,xmv_1_11,spread,naive,base,11,1100,1100,1.0,0.7627,0.0128,,0.3236,0.3109,0.0217,0.1664,0.1827,0.3245
fault_20,20,xmv_1_11,spread,naive,base+R1,11,1100,917,0.8336,0.7906,0.0134,,0.277,0.3109,0.0217,0.1664,0.1827,0.3245
fault_20,20,xmv_1_11,spread,naive,base+R4,11,1100,899,0.8173,0.8465,0.012,,0.1846,0.3109,0.0189,0.1664,0.1827,0.3245
fault_20,20,xmv_1_11,spread,naive,base+R1+R4,11,1100,797,0.7245,0.8519,0.0126,,0.1769,0.3109,0.0189,0.1664,0.1827,0.3245
