bed,record,fold,group,position,window_index,window_start,label,role
3w_aligned,WELL-00001_20140124083303,WELL-00001,aligned,0,8,2014-01-24T16:46:39+00:00,0,threshold
3w_aligned,WELL-00001_20140124083303,WELL-00001,aligned,1,9,2014-01-24T17:46:39+00:00,0,threshold
3w_aligned,WELL-00001_20140124083303,WELL-00001,aligned,2,10,2014-01-24T18:46:39+00:00,0,threshold
3w_aligned,WELL-00001_20140124083303,WELL-00001,aligned,3,11,2014-01-24T19:46:39+00:00,0,stream
3w_aligned,WELL-00001_20140124083303,WELL-00001,aligned,4,13,2014-01-24T21:46:39+00:00,1,stream
3w_aligned,WELL-00001_20140124083303,WELL-00001,aligned,5,14,2014-01-24T22:46:39+00:00,1,stream
3w_aligned,WELL-00001_20170226130146,WELL-00001,aligned,0,5,2017-02-26T18:24:16+00:00,0,threshold
3w_aligned,WELL-00001_20170226130146,WELL-00001,aligned,1,6,2017-02-26T19:24:16+00:00,0,threshold
3w_aligned,WELL-00001_20170226130146,WELL-00001,aligned,2,7,2017-02-26T20:24:16+00:00,0,threshold
3w_aligned,WELL-00001_20170226130146,WELL-00001,aligned,3,8,2017-02-26T21:24:16+00:00,0,stream
3w_aligned,WELL-00001_20170226130146,WELL-00001,aligned,4,10,2017-02-26T23:24:16+00:00,1,stream
3w_aligned,WELL-00001_20170226130146,WELL-00001,aligned,5,11,2017-02-27T00:24:16+00:00,1,stream
3w_aligned,WELL-00002_20140212160333,WELL-00002,aligned,0,0,2014-02-12T16:13:50+00:00,0,threshold
3w_aligned,WELL-00002_20140212160333,WELL-00002,aligned,1,1,2014-02-12T17:13:50+00:00,0,threshold
3w_aligned,WELL-00002_20140212160333,WELL-00002,aligned,2,2,2014-02-12T18:13:50+00:00,0,threshold
3w_aligned,WELL-00002_20140212160333,WELL-00002,aligned,3,3,2014-02-12T19:13:50+00:00,0,stream
3w_aligned,WELL-00002_20140212160333,WELL-00002,aligned,4,5,2014-02-12T21:13:50+00:00,1,stream
3w_aligned,WELL-00002_20140212160333,WELL-00002,aligned,5,6,2014-02-12T22:13:50+00:00,1,stream
3w_aligned,WELL-00006_20170731170930,WELL-00006,aligned,0,11,2017-08-01T04:32:22+00:00,0,threshold
3w_aligned,WELL-00006_20170731170930,WELL-00006,aligned,1,12,2017-08-01T05:32:22+00:00,0,threshold
3w_aligned,WELL-00006_20170731170930,WELL-00006,aligned,2,13,2017-08-01T06:32:22+00:00,0,threshold
3w_aligned,WELL-00006_20170731170930,WELL-00006,aligned,3,14,2017-08-01T07:32:22+00:00,0,stream
3w_aligned,WELL-00006_20170731170930,WELL-00006,aligned,4,16,2017-08-01T09:32:22+00:00,1,stream
3w_aligned,WELL-00006_20170731170930,WELL-00006,aligned,5,17,2017-08-01T10:32:22+00:00,1,stream
3w_aligned,WELL-00006_20180617190257,WELL-00006,aligned,0,7,2018-06-18T03:01:46+00:00,0,threshold
3w_aligned,WELL-00006_20180617190257,WELL-00006,aligned,1,8,2018-06-18T04:01:46+00:00,0,threshold
3w_aligned,WELL-00006_20180617190257,WELL-00006,aligned,2,9,2018-06-18T05:01:46+00:00,0,threshold
3w_aligned,WELL-00006_20180617190257,WELL-00006,aligned,3,10,2018-06-18T06:01:46+00:00,0,stream
3w_aligned,WELL-00006_20180617190257,WELL-00006,aligned,4,12,2018-06-18T08:01:46+00:00,1,stream
3w_aligned,WELL-00006_20180617190257,WELL-00006,aligned,5,13,2018-06-18T09:01:46+00:00,1,stream
3w_aligned,WELL-00014_20160304155906,WELL-00014,aligned,0,1,2016-03-04T17:02:09+00:00,0,threshold
3w_aligned,WELL-00014_20160304155906,WELL-00014,aligned,1,2,2016-03-04T18:02:09+00:00,0,threshold
3w_aligned,WELL-00014_20160304155906,WELL-00014,aligned,2,3,2016-03-04T19:02:09+00:00,0,threshold
3w_aligned,WELL-00014_20160304155906,WELL-00014,aligned,3,4,2016-03-04T20:02:09+00:00,0,stream
3w_aligned,WELL-00014_20160304155906,WELL-00014,aligned,4,6,2016-03-04T22:02:09+00:00,1,stream
3w_aligned,WELL-00014_20160304155906,WELL-00014,aligned,5,7,2016-03-04T23:02:09+00:00,1,stream
3w_aligned,WELL-00014_20160306070000,WELL-00014,aligned,0,0,2016-03-06T07:01:51+00:00,0,threshold
3w_aligned,WELL-00014_20160306070000,WELL-00014,aligned,1,1,2016-03-06T08:01:51+00:00,0,threshold
3w_aligned,WELL-00014_20160306070000,WELL-00014,aligned,2,2,2016-03-06T09:01:51+00:00,0,threshold
3w_aligned,WELL-00014_20160306070000,WELL-00014,aligned,3,3,2016-03-06T10:01:51+00:00,0,stream
3w_aligned,WELL-00014_20160306070000,WELL-00014,aligned,4,5,2016-03-06T12:01:51+00:00,1,stream
3w_aligned,WELL-00014_20160306070000,WELL-00014,aligned,5,6,2016-03-06T13:01:51+00:00,1,stream
3w_aligned,WELL-00019_20120601165020,WELL-00019,aligned,0,24,2012-06-02T17:23:31+00:00,0,threshold
3w_aligned,WELL-00019_20120601165020,WELL-00019,aligned,1,25,2012-06-02T18:23:31+00:00,0,threshold
3w_aligned,WELL-00019_20120601165020,WELL-00019,aligned,2,26,2012-06-02T19:23:31+00:00,0,threshold
3w_aligned,WELL-00019_20120601165020,WELL-00019,aligned,3,27,2012-06-02T20:23:31+00:00,0,stream
3w_aligned,WELL-00019_20120601165020,WELL-00019,aligned,4,29,2012-06-02T22:23:31+00:00,1,stream
3w_aligned,WELL-00019_20120601165020,WELL-00019,aligned,5,30,2012-06-02T23:23:31+00:00,1,stream
3w_aligned,WELL-00019_20141117190526,WELL-00019,aligned,0,7,2014-11-18T02:27:40+00:00,0,threshold
3w_aligned,WELL-00019_20141117190526,WELL-00019,aligned,1,8,2014-11-18T03:27:40+00:00,0,threshold
3w_aligned,WELL-00019_20141117190526,WELL-00019,aligned,2,9,2014-11-18T04:27:40+00:00,0,threshold
3w_aligned,WELL-00019_20141117190526,WELL-00019,aligned,3,10,2014-11-18T05:27:40+00:00,0,stream
3w_aligned,WELL-00019_20141117190526,WELL-00019,aligned,4,12,2014-11-18T07:27:40+00:00,1,stream
3w_aligned,WELL-00019_20141117190526,WELL-00019,aligned,5,13,2014-11-18T08:27:40+00:00,1,stream
3w_aligned,WELL-00019_20150614025713,WELL-00019,aligned,0,10,2015-06-14T13:33:14+00:00,0,threshold
3w_aligned,WELL-00019_20150614025713,WELL-00019,aligned,1,11,2015-06-14T14:33:14+00:00,0,threshold
3w_aligned,WELL-00019_20150614025713,WELL-00019,aligned,2,12,2015-06-14T15:33:14+00:00,0,threshold
3w_aligned,WELL-00019_20150614025713,WELL-00019,aligned,3,13,2015-06-14T16:33:14+00:00,0,stream
3w_aligned,WELL-00019_20150614025713,WELL-00019,aligned,4,15,2015-06-14T18:33:14+00:00,1,stream
3w_aligned,WELL-00019_20150614025713,WELL-00019,aligned,5,16,2015-06-14T19:33:14+00:00,1,stream
3w_aligned,WELL-00019_20210617032654,WELL-00019,aligned,0,10,2021-06-17T13:38:56+00:00,0,threshold
3w_aligned,WELL-00019_20210617032654,WELL-00019,aligned,1,11,2021-06-17T14:38:56+00:00,0,threshold
3w_aligned,WELL-00019_20210617032654,WELL-00019,aligned,2,12,2021-06-17T15:38:56+00:00,0,threshold
3w_aligned,WELL-00019_20210617032654,WELL-00019,aligned,3,13,2021-06-17T16:38:56+00:00,0,stream
3w_aligned,WELL-00019_20210617032654,WELL-00019,aligned,4,15,2021-06-17T18:38:56+00:00,1,stream
3w_aligned,WELL-00019_20210617032654,WELL-00019,aligned,5,16,2021-06-17T19:38:56+00:00,1,stream
3w_aligned,WELL-00021_20180611011218,WELL-00021,aligned,0,0,2018-06-11T02:04:06+00:00,0,threshold
3w_aligned,WELL-00021_20180611011218,WELL-00021,aligned,1,1,2018-06-11T03:04:06+00:00,0,threshold
3w_aligned,WELL-00021_20180611011218,WELL-00021,aligned,2,2,2018-06-11T04:04:06+00:00,0,threshold
3w_aligned,WELL-00021_20180611011218,WELL-00021,aligned,3,3,2018-06-11T05:04:06+00:00,0,stream
3w_aligned,WELL-00021_20180611011218,WELL-00021,aligned,4,5,2018-06-11T07:04:06+00:00,1,stream
3w_aligned,WELL-00021_20180611011218,WELL-00021,aligned,5,6,2018-06-11T08:04:06+00:00,1,stream
3w_aligned,WELL-00021_20190403013307,WELL-00021,aligned,0,3,2019-04-03T04:59:05+00:00,0,threshold
3w_aligned,WELL-00021_20190403013307,WELL-00021,aligned,1,4,2019-04-03T05:59:05+00:00,0,threshold
3w_aligned,WELL-00021_20190403013307,WELL-00021,aligned,2,5,2019-04-03T06:59:05+00:00,0,threshold
3w_aligned,WELL-00021_20190403013307,WELL-00021,aligned,3,6,2019-04-03T07:59:05+00:00,0,stream
3w_aligned,WELL-00021_20190403013307,WELL-00021,aligned,4,8,2019-04-03T09:59:05+00:00,1,stream
3w_aligned,WELL-00021_20190403013307,WELL-00021,aligned,5,9,2019-04-03T10:59:05+00:00,1,stream
3w_aligned,WELL-00022_20180802233838,WELL-00022,aligned,0,18,2018-08-03T18:35:24+00:00,0,threshold
3w_aligned,WELL-00022_20180802233838,WELL-00022,aligned,1,19,2018-08-03T19:35:24+00:00,0,threshold
3w_aligned,WELL-00022_20180802233838,WELL-00022,aligned,2,20,2018-08-03T20:35:24+00:00,0,threshold
3w_aligned,WELL-00022_20180802233838,WELL-00022,aligned,3,21,2018-08-03T21:35:24+00:00,0,stream
3w_aligned,WELL-00022_20180802233838,WELL-00022,aligned,4,23,2018-08-03T23:35:24+00:00,1,stream
3w_aligned,WELL-00022_20180802233838,WELL-00022,aligned,5,24,2018-08-04T00:35:24+00:00,1,stream
3w_aligned,WELL-00022_20180912025800,WELL-00022,aligned,0,3,2018-09-12T06:03:28+00:00,0,threshold
3w_aligned,WELL-00022_20180912025800,WELL-00022,aligned,1,4,2018-09-12T07:03:28+00:00,0,threshold
3w_aligned,WELL-00022_20180912025800,WELL-00022,aligned,2,5,2018-09-12T08:03:28+00:00,0,threshold
3w_aligned,WELL-00022_20180912025800,WELL-00022,aligned,3,6,2018-09-12T09:03:28+00:00,0,stream
3w_aligned,WELL-00022_20180912025800,WELL-00022,aligned,4,8,2018-09-12T11:03:28+00:00,1,stream
3w_aligned,WELL-00022_20180912025800,WELL-00022,aligned,5,9,2018-09-12T12:03:28+00:00,1,stream
3w_aligned,WELL-00022_20180919003240,WELL-00022,aligned,0,5,2018-09-19T06:30:37+00:00,0,threshold
3w_aligned,WELL-00022_20180919003240,WELL-00022,aligned,1,6,2018-09-19T07:30:37+00:00,0,threshold
3w_aligned,WELL-00022_20180919003240,WELL-00022,aligned,2,7,2018-09-19T08:30:37+00:00,0,threshold
3w_aligned,WELL-00022_20180919003240,WELL-00022,aligned,3,8,2018-09-19T09:30:37+00:00,0,stream
3w_aligned,WELL-00022_20180919003240,WELL-00022,aligned,4,10,2018-09-19T11:30:37+00:00,1,stream
3w_aligned,WELL-00022_20180919003240,WELL-00022,aligned,5,11,2018-09-19T12:30:37+00:00,1,stream
3w_aligned,WELL-00022_20180925003447,WELL-00022,aligned,0,9,2018-09-25T10:12:34+00:00,0,threshold
3w_aligned,WELL-00022_20180925003447,WELL-00022,aligned,1,10,2018-09-25T11:12:34+00:00,0,threshold
3w_aligned,WELL-00022_20180925003447,WELL-00022,aligned,2,11,2018-09-25T12:12:34+00:00,0,threshold
3w_aligned,WELL-00022_20180925003447,WELL-00022,aligned,3,12,2018-09-25T13:12:34+00:00,0,stream
3w_aligned,WELL-00022_20180925003447,WELL-00022,aligned,4,14,2018-09-25T15:12:34+00:00,1,stream
3w_aligned,WELL-00022_20180925003447,WELL-00022,aligned,5,15,2018-09-25T16:12:34+00:00,1,stream
3w_aligned,WELL-00022_20181007080700,WELL-00022,aligned,0,17,2018-10-08T01:39:01+00:00,0,threshold
3w_aligned,WELL-00022_20181007080700,WELL-00022,aligned,1,18,2018-10-08T02:39:01+00:00,0,threshold
3w_aligned,WELL-00022_20181007080700,WELL-00022,aligned,2,19,2018-10-08T03:39:01+00:00,0,threshold
3w_aligned,WELL-00022_20181007080700,WELL-00022,aligned,3,20,2018-10-08T04:39:01+00:00,0,stream
3w_aligned,WELL-00022_20181007080700,WELL-00022,aligned,4,22,2018-10-08T06:39:01+00:00,1,stream
3w_aligned,WELL-00022_20181007080700,WELL-00022,aligned,5,23,2018-10-08T07:39:01+00:00,1,stream
3w_aligned,WELL-00022_20181020133850,WELL-00022,aligned,0,5,2018-10-20T19:06:37+00:00,0,threshold
3w_aligned,WELL-00022_20181020133850,WELL-00022,aligned,1,6,2018-10-20T20:06:37+00:00,0,threshold
3w_aligned,WELL-00022_20181020133850,WELL-00022,aligned,2,7,2018-10-20T21:06:37+00:00,0,threshold
3w_aligned,WELL-00022_20181020133850,WELL-00022,aligned,3,8,2018-10-20T22:06:37+00:00,0,stream
3w_aligned,WELL-00022_20181020133850,WELL-00022,aligned,4,10,2018-10-21T00:06:37+00:00,1,stream
3w_aligned,WELL-00022_20181020133850,WELL-00022,aligned,5,11,2018-10-21T01:06:37+00:00,1,stream
3w_aligned,WELL-00022_20181026005827,WELL-00022,aligned,0,24,2018-10-27T01:14:30+00:00,0,threshold
3w_aligned,WELL-00022_20181026005827,WELL-00022,aligned,1,25,2018-10-27T02:14:30+00:00,0,threshold
3w_aligned,WELL-00022_20181026005827,WELL-00022,aligned,2,26,2018-10-27T03:14:30+00:00,0,threshold
3w_aligned,WELL-00022_20181026005827,WELL-00022,aligned,3,27,2018-10-27T04:14:30+00:00,0,stream
3w_aligned,WELL-00022_20181026005827,WELL-00022,aligned,4,29,2018-10-27T06:14:30+00:00,1,stream
3w_aligned,WELL-00022_20181026005827,WELL-00022,aligned,5,30,2018-10-27T07:14:30+00:00,1,stream
3w_aligned,WELL-00022_20181101193049,WELL-00022,aligned,0,2,2018-11-01T22:06:18+00:00,0,threshold
3w_aligned,WELL-00022_20181101193049,WELL-00022,aligned,1,3,2018-11-01T23:06:18+00:00,0,threshold
3w_aligned,WELL-00022_20181101193049,WELL-00022,aligned,2,4,2018-11-02T00:06:18+00:00,0,threshold
3w_aligned,WELL-00022_20181101193049,WELL-00022,aligned,3,5,2018-11-02T01:06:18+00:00,0,stream
3w_aligned,WELL-00022_20181101193049,WELL-00022,aligned,4,7,2018-11-02T03:06:18+00:00,1,stream
3w_aligned,WELL-00022_20181101193049,WELL-00022,aligned,5,8,2018-11-02T04:06:18+00:00,1,stream
3w_aligned,WELL-00023_20180826212652,WELL-00023,aligned,0,4,2018-08-27T02:11:00+00:00,0,threshold
3w_aligned,WELL-00023_20180826212652,WELL-00023,aligned,1,5,2018-08-27T03:11:00+00:00,0,threshold
3w_aligned,WELL-00023_20180826212652,WELL-00023,aligned,2,6,2018-08-27T04:11:00+00:00,0,threshold
3w_aligned,WELL-00023_20180826212652,WELL-00023,aligned,3,7,2018-08-27T05:11:00+00:00,0,stream
3w_aligned,WELL-00023_20180826212652,WELL-00023,aligned,4,9,2018-08-27T07:11:00+00:00,1,stream
3w_aligned,WELL-00023_20180826212652,WELL-00023,aligned,5,10,2018-08-27T08:11:00+00:00,1,stream
3w_aligned,WELL-00023_20181014121654,WELL-00023,aligned,0,14,2018-10-15T02:26:20+00:00,0,threshold
3w_aligned,WELL-00023_20181014121654,WELL-00023,aligned,1,15,2018-10-15T03:26:20+00:00,0,threshold
3w_aligned,WELL-00023_20181014121654,WELL-00023,aligned,2,16,2018-10-15T04:26:20+00:00,0,threshold
3w_aligned,WELL-00023_20181014121654,WELL-00023,aligned,3,17,2018-10-15T05:26:20+00:00,0,stream
3w_aligned,WELL-00023_20181014121654,WELL-00023,aligned,4,19,2018-10-15T07:26:20+00:00,1,stream
3w_aligned,WELL-00023_20181014121654,WELL-00023,aligned,5,20,2018-10-15T08:26:20+00:00,1,stream
3w_aligned,WELL-00023_20181019115124,WELL-00023,aligned,0,14,2018-10-20T01:56:44+00:00,0,threshold
3w_aligned,WELL-00023_20181019115124,WELL-00023,aligned,1,15,2018-10-20T02:56:44+00:00,0,threshold
3w_aligned,WELL-00023_20181019115124,WELL-00023,aligned,2,16,2018-10-20T03:56:44+00:00,0,threshold
3w_aligned,WELL-00023_20181019115124,WELL-00023,aligned,3,17,2018-10-20T04:56:44+00:00,0,stream
3w_aligned,WELL-00023_20181019115124,WELL-00023,aligned,4,19,2018-10-20T06:56:44+00:00,1,stream
3w_aligned,WELL-00023_20181019115124,WELL-00023,aligned,5,20,2018-10-20T07:56:44+00:00,1,stream
3w_aligned,WELL-00023_20181030045054,WELL-00023,aligned,0,2,2018-10-30T06:56:44+00:00,0,threshold
3w_aligned,WELL-00023_20181030045054,WELL-00023,aligned,1,3,2018-10-30T07:56:44+00:00,0,threshold
3w_aligned,WELL-00023_20181030045054,WELL-00023,aligned,2,4,2018-10-30T08:56:44+00:00,0,threshold
3w_aligned,WELL-00023_20181030045054,WELL-00023,aligned,3,5,2018-10-30T09:56:44+00:00,0,stream
3w_aligned,WELL-00023_20181030045054,WELL-00023,aligned,4,7,2018-10-30T11:56:44+00:00,1,stream
3w_aligned,WELL-00023_20181030045054,WELL-00023,aligned,5,8,2018-10-30T12:56:44+00:00,1,stream
3w_aligned,WELL-00024_20160712123044,WELL-00024,aligned,0,3,2016-07-12T15:38:47+00:00,0,threshold
3w_aligned,WELL-00024_20160712123044,WELL-00024,aligned,1,4,2016-07-12T16:38:47+00:00,0,threshold
3w_aligned,WELL-00024_20160712123044,WELL-00024,aligned,2,5,2016-07-12T17:38:47+00:00,0,threshold
3w_aligned,WELL-00024_20160712123044,WELL-00024,aligned,3,6,2016-07-12T18:38:47+00:00,0,stream
3w_aligned,WELL-00024_20160712123044,WELL-00024,aligned,4,8,2016-07-12T20:38:47+00:00,1,stream
3w_aligned,WELL-00024_20160712123044,WELL-00024,aligned,5,9,2016-07-12T21:38:47+00:00,1,stream
3w_aligned,WELL-00024_20160720230624,WELL-00024,aligned,0,7,2016-07-21T06:44:18+00:00,0,threshold
3w_aligned,WELL-00024_20160720230624,WELL-00024,aligned,1,8,2016-07-21T07:44:18+00:00,0,threshold
3w_aligned,WELL-00024_20160720230624,WELL-00024,aligned,2,9,2016-07-21T08:44:18+00:00,0,threshold
3w_aligned,WELL-00024_20160720230624,WELL-00024,aligned,3,10,2016-07-21T09:44:18+00:00,0,stream
3w_aligned,WELL-00024_20160720230624,WELL-00024,aligned,4,12,2016-07-21T11:44:18+00:00,1,stream
3w_aligned,WELL-00024_20160720230624,WELL-00024,aligned,5,13,2016-07-21T12:44:18+00:00,1,stream
3w_aligned,WELL-00024_20160722105543,WELL-00024,aligned,0,5,2016-07-22T15:56:59+00:00,0,threshold
3w_aligned,WELL-00024_20160722105543,WELL-00024,aligned,1,6,2016-07-22T16:56:59+00:00,0,threshold
3w_aligned,WELL-00024_20160722105543,WELL-00024,aligned,2,7,2016-07-22T17:56:59+00:00,0,threshold
3w_aligned,WELL-00024_20160722105543,WELL-00024,aligned,3,8,2016-07-22T18:56:59+00:00,0,stream
3w_aligned,WELL-00024_20160722105543,WELL-00024,aligned,4,10,2016-07-22T20:56:59+00:00,1,stream
3w_aligned,WELL-00024_20160722105543,WELL-00024,aligned,5,11,2016-07-22T21:56:59+00:00,1,stream
3w_aligned,WELL-00024_20160729172014,WELL-00024,aligned,0,0,2016-07-29T18:01:27+00:00,0,threshold
3w_aligned,WELL-00024_20160729172014,WELL-00024,aligned,1,1,2016-07-29T19:01:27+00:00,0,threshold
3w_aligned,WELL-00024_20160729172014,WELL-00024,aligned,2,2,2016-07-29T20:01:27+00:00,0,threshold
3w_aligned,WELL-00024_20160729172014,WELL-00024,aligned,3,3,2016-07-29T21:01:27+00:00,0,stream
3w_aligned,WELL-00024_20160729172014,WELL-00024,aligned,4,5,2016-07-29T23:01:27+00:00,1,stream
3w_aligned,WELL-00024_20160729172014,WELL-00024,aligned,5,6,2016-07-30T00:01:27+00:00,1,stream
3w_aligned,WELL-00024_20160825100303,WELL-00024,aligned,0,5,2016-08-25T16:02:59+00:00,0,threshold
3w_aligned,WELL-00024_20160825100303,WELL-00024,aligned,1,6,2016-08-25T17:02:59+00:00,0,threshold
3w_aligned,WELL-00024_20160825100303,WELL-00024,aligned,2,7,2016-08-25T18:02:59+00:00,0,threshold
3w_aligned,WELL-00024_20160825100303,WELL-00024,aligned,3,8,2016-08-25T19:02:59+00:00,0,stream
3w_aligned,WELL-00024_20160825100303,WELL-00024,aligned,4,10,2016-08-25T21:02:59+00:00,1,stream
3w_aligned,WELL-00024_20160825100303,WELL-00024,aligned,5,11,2016-08-25T22:02:59+00:00,1,stream
3w_aligned,WELL-00024_20160909220000,WELL-00024,aligned,0,14,2016-09-10T12:59:22+00:00,0,threshold
3w_aligned,WELL-00024_20160909220000,WELL-00024,aligned,1,15,2016-09-10T13:59:22+00:00,0,threshold
3w_aligned,WELL-00024_20160909220000,WELL-00024,aligned,2,16,2016-09-10T14:59:22+00:00,0,threshold
3w_aligned,WELL-00024_20160909220000,WELL-00024,aligned,3,17,2016-09-10T15:59:22+00:00,0,stream
3w_aligned,WELL-00024_20160909220000,WELL-00024,aligned,4,19,2016-09-10T17:59:22+00:00,1,stream
3w_aligned,WELL-00024_20160909220000,WELL-00024,aligned,5,20,2016-09-10T18:59:22+00:00,1,stream
3w_aligned,WELL-00024_20161001112049,WELL-00024,aligned,0,1,2016-10-01T12:31:12+00:00,0,threshold
3w_aligned,WELL-00024_20161001112049,WELL-00024,aligned,1,2,2016-10-01T13:31:12+00:00,0,threshold
3w_aligned,WELL-00024_20161001112049,WELL-00024,aligned,2,3,2016-10-01T14:31:12+00:00,0,threshold
3w_aligned,WELL-00024_20161001112049,WELL-00024,aligned,3,4,2016-10-01T15:31:12+00:00,0,stream
3w_aligned,WELL-00024_20161001112049,WELL-00024,aligned,4,6,2016-10-01T17:31:12+00:00,1,stream
3w_aligned,WELL-00024_20161001112049,WELL-00024,aligned,5,7,2016-10-01T18:31:12+00:00,1,stream
3w_aligned,WELL-00024_20161026065657,WELL-00024,aligned,0,2,2016-10-26T09:17:09+00:00,0,threshold
3w_aligned,WELL-00024_20161026065657,WELL-00024,aligned,1,3,2016-10-26T10:17:09+00:00,0,threshold
3w_aligned,WELL-00024_20161026065657,WELL-00024,aligned,2,4,2016-10-26T11:17:09+00:00,0,threshold
3w_aligned,WELL-00024_20161026065657,WELL-00024,aligned,3,5,2016-10-26T12:17:09+00:00,0,stream
3w_aligned,WELL-00024_20161026065657,WELL-00024,aligned,4,7,2016-10-26T14:17:09+00:00,1,stream
3w_aligned,WELL-00024_20161026065657,WELL-00024,aligned,5,8,2016-10-26T15:17:09+00:00,1,stream
3w_aligned,WELL-00025_20200629194141,WELL-00025,aligned,0,19,2020-06-30T15:30:57+00:00,0,threshold
3w_aligned,WELL-00025_20200629194141,WELL-00025,aligned,1,20,2020-06-30T16:30:57+00:00,0,threshold
3w_aligned,WELL-00025_20200629194141,WELL-00025,aligned,2,21,2020-06-30T17:30:57+00:00,0,threshold
3w_aligned,WELL-00025_20200629194141,WELL-00025,aligned,3,22,2020-06-30T18:30:57+00:00,0,stream
3w_aligned,WELL-00025_20200629194141,WELL-00025,aligned,4,24,2020-06-30T20:30:57+00:00,1,stream
3w_aligned,WELL-00025_20200629194141,WELL-00025,aligned,5,25,2020-06-30T21:30:57+00:00,1,stream
3w_aligned,WELL-00026_20160601130000,WELL-00026,aligned,0,1,2016-06-01T14:58:20+00:00,0,threshold
3w_aligned,WELL-00026_20160601130000,WELL-00026,aligned,1,2,2016-06-01T15:58:20+00:00,0,threshold
3w_aligned,WELL-00026_20160601130000,WELL-00026,aligned,2,3,2016-06-01T16:58:20+00:00,0,threshold
3w_aligned,WELL-00026_20160601130000,WELL-00026,aligned,3,4,2016-06-01T17:58:20+00:00,0,stream
3w_aligned,WELL-00026_20160601130000,WELL-00026,aligned,4,6,2016-06-01T19:58:20+00:00,1,stream
3w_aligned,WELL-00026_20160601130000,WELL-00026,aligned,5,7,2016-06-01T20:58:20+00:00,1,stream
3w_aligned,WELL-00026_20170207230000,WELL-00026,aligned,0,32,2017-02-09T07:05:35+00:00,0,threshold
3w_aligned,WELL-00026_20170207230000,WELL-00026,aligned,1,33,2017-02-09T08:05:35+00:00,0,threshold
3w_aligned,WELL-00026_20170207230000,WELL-00026,aligned,2,34,2017-02-09T09:05:35+00:00,0,threshold
3w_aligned,WELL-00026_20170207230000,WELL-00026,aligned,3,35,2017-02-09T10:05:35+00:00,0,stream
3w_aligned,WELL-00026_20170207230000,WELL-00026,aligned,4,37,2017-02-09T12:05:35+00:00,1,stream
3w_aligned,WELL-00026_20170207230000,WELL-00026,aligned,5,38,2017-02-09T13:05:35+00:00,1,stream
3w_aligned,WELL-00026_20170608230000,WELL-00026,aligned,0,61,2017-06-11T12:05:03+00:00,0,threshold
3w_aligned,WELL-00026_20170608230000,WELL-00026,aligned,1,62,2017-06-11T13:05:03+00:00,0,threshold
3w_aligned,WELL-00026_20170608230000,WELL-00026,aligned,2,63,2017-06-11T14:05:03+00:00,0,threshold
3w_aligned,WELL-00026_20170608230000,WELL-00026,aligned,3,64,2017-06-11T15:05:03+00:00,0,stream
3w_aligned,WELL-00026_20170608230000,WELL-00026,aligned,4,66,2017-06-11T17:05:03+00:00,1,stream
3w_aligned,WELL-00026_20170608230000,WELL-00026,aligned,5,67,2017-06-11T18:05:03+00:00,1,stream
3w_aligned,WELL-00027_20230918170106,WELL-00027,aligned,0,9,2023-09-19T02:38:48+00:00,0,threshold
3w_aligned,WELL-00027_20230918170106,WELL-00027,aligned,1,10,2023-09-19T03:38:48+00:00,0,threshold
3w_aligned,WELL-00027_20230918170106,WELL-00027,aligned,2,11,2023-09-19T04:38:48+00:00,0,threshold
3w_aligned,WELL-00027_20230918170106,WELL-00027,aligned,3,12,2023-09-19T05:38:48+00:00,0,stream
3w_aligned,WELL-00027_20230918170106,WELL-00027,aligned,4,14,2023-09-19T07:38:48+00:00,1,stream
3w_aligned,WELL-00027_20230918170106,WELL-00027,aligned,5,15,2023-09-19T08:38:48+00:00,1,stream
3w_aligned,WELL-00028_20210617053128,WELL-00028,aligned,0,8,2021-06-17T13:39:18+00:00,0,threshold
3w_aligned,WELL-00028_20210617053128,WELL-00028,aligned,1,9,2021-06-17T14:39:18+00:00,0,threshold
3w_aligned,WELL-00028_20210617053128,WELL-00028,aligned,2,10,2021-06-17T15:39:18+00:00,0,threshold
3w_aligned,WELL-00028_20210617053128,WELL-00028,aligned,3,11,2021-06-17T16:39:18+00:00,0,stream
3w_aligned,WELL-00028_20210617053128,WELL-00028,aligned,4,13,2021-06-17T18:39:18+00:00,1,stream
3w_aligned,WELL-00028_20210617053128,WELL-00028,aligned,5,14,2021-06-17T19:39:18+00:00,1,stream
3w_aligned,WELL-00029_20201020231724,WELL-00029,aligned,0,11,2020-10-21T11:10:48+00:00,0,threshold
3w_aligned,WELL-00029_20201020231724,WELL-00029,aligned,1,12,2020-10-21T12:10:48+00:00,0,threshold
3w_aligned,WELL-00029_20201020231724,WELL-00029,aligned,2,13,2020-10-21T13:10:48+00:00,0,threshold
3w_aligned,WELL-00029_20201020231724,WELL-00029,aligned,3,14,2020-10-21T14:10:48+00:00,0,stream
3w_aligned,WELL-00029_20201020231724,WELL-00029,aligned,4,16,2020-10-21T16:10:48+00:00,1,stream
3w_aligned,WELL-00029_20201020231724,WELL-00029,aligned,5,17,2020-10-21T17:10:48+00:00,1,stream
3w_aligned,WELL-00030_20141108012623,WELL-00030,aligned,0,4,2014-11-08T06:08:37+00:00,0,threshold
3w_aligned,WELL-00030_20141108012623,WELL-00030,aligned,1,5,2014-11-08T07:08:37+00:00,0,threshold
3w_aligned,WELL-00030_20141108012623,WELL-00030,aligned,2,6,2014-11-08T08:08:37+00:00,0,threshold
3w_aligned,WELL-00030_20141108012623,WELL-00030,aligned,3,7,2014-11-08T09:08:37+00:00,0,stream
3w_aligned,WELL-00030_20141108012623,WELL-00030,aligned,4,9,2014-11-08T11:08:37+00:00,1,stream
3w_aligned,WELL-00030_20141108012623,WELL-00030,aligned,5,10,2014-11-08T12:08:37+00:00,1,stream
3w_aligned,WELL-00031_20140403170404,WELL-00031,aligned,0,3,2014-04-03T20:16:46+00:00,0,threshold
3w_aligned,WELL-00031_20140403170404,WELL-00031,aligned,1,4,2014-04-03T21:16:46+00:00,0,threshold
3w_aligned,WELL-00031_20140403170404,WELL-00031,aligned,2,5,2014-04-03T22:16:46+00:00,0,threshold
3w_aligned,WELL-00031_20140403170404,WELL-00031,aligned,3,6,2014-04-03T23:16:46+00:00,0,stream
3w_aligned,WELL-00031_20140403170404,WELL-00031,aligned,4,8,2014-04-04T01:16:46+00:00,1,stream
3w_aligned,WELL-00031_20140403170404,WELL-00031,aligned,5,9,2014-04-04T02:16:46+00:00,1,stream
3w_aligned,WELL-00032_20110830235321,WELL-00032,aligned,0,6,2011-08-31T05:56:04+00:00,0,threshold
3w_aligned,WELL-00032_20110830235321,WELL-00032,aligned,1,7,2011-08-31T06:56:04+00:00,0,threshold
3w_aligned,WELL-00032_20110830235321,WELL-00032,aligned,2,8,2011-08-31T07:56:04+00:00,0,threshold
3w_aligned,WELL-00032_20110830235321,WELL-00032,aligned,3,9,2011-08-31T08:56:04+00:00,0,stream
3w_aligned,WELL-00032_20110830235321,WELL-00032,aligned,4,11,2011-08-31T10:56:04+00:00,1,stream
3w_aligned,WELL-00032_20110830235321,WELL-00032,aligned,5,12,2011-08-31T11:56:04+00:00,1,stream
3w_aligned,WELL-00037_20181011071238,WELL-00037,aligned,0,0,2018-10-11T08:01:30+00:00,0,threshold
3w_aligned,WELL-00037_20181011071238,WELL-00037,aligned,1,1,2018-10-11T09:01:30+00:00,0,threshold
3w_aligned,WELL-00037_20181011071238,WELL-00037,aligned,2,2,2018-10-11T10:01:30+00:00,0,threshold
3w_aligned,WELL-00037_20181011071238,WELL-00037,aligned,3,3,2018-10-11T11:01:30+00:00,0,stream
3w_aligned,WELL-00037_20181011071238,WELL-00037,aligned,4,5,2018-10-11T13:01:30+00:00,1,stream
3w_aligned,WELL-00037_20181011071238,WELL-00037,aligned,5,6,2018-10-11T14:01:30+00:00,1,stream
3w_aligned,WELL-00040_20181013160242,WELL-00040,aligned,0,0,2018-10-13T16:59:27+00:00,0,threshold
3w_aligned,WELL-00040_20181013160242,WELL-00040,aligned,1,1,2018-10-13T17:59:27+00:00,0,threshold
3w_aligned,WELL-00040_20181013160242,WELL-00040,aligned,2,2,2018-10-13T18:59:27+00:00,0,threshold
3w_aligned,WELL-00040_20181013160242,WELL-00040,aligned,3,3,2018-10-13T19:59:27+00:00,0,stream
3w_aligned,WELL-00040_20181013160242,WELL-00040,aligned,4,5,2018-10-13T21:59:27+00:00,1,stream
3w_aligned,WELL-00040_20181013160242,WELL-00040,aligned,5,6,2018-10-13T22:59:27+00:00,1,stream
3w_aligned,WELL-00041_20181013160201,WELL-00041,aligned,0,0,2018-10-13T17:00:28+00:00,0,threshold
3w_aligned,WELL-00041_20181013160201,WELL-00041,aligned,1,1,2018-10-13T18:00:28+00:00,0,threshold
3w_aligned,WELL-00041_20181013160201,WELL-00041,aligned,2,2,2018-10-13T19:00:28+00:00,0,threshold
3w_aligned,WELL-00041_20181013160201,WELL-00041,aligned,3,3,2018-10-13T20:00:28+00:00,0,stream
3w_aligned,WELL-00041_20181013160201,WELL-00041,aligned,4,5,2018-10-13T22:00:28+00:00,1,stream
3w_aligned,WELL-00041_20181013160201,WELL-00041,aligned,5,6,2018-10-13T23:00:28+00:00,1,stream
3w_aligned,WELL-00042_20141217142745,WELL-00042,aligned,0,1,2014-12-17T15:29:17+00:00,0,threshold
3w_aligned,WELL-00042_20141217142745,WELL-00042,aligned,1,2,2014-12-17T16:29:17+00:00,0,threshold
3w_aligned,WELL-00042_20141217142745,WELL-00042,aligned,2,3,2014-12-17T17:29:17+00:00,0,threshold
3w_aligned,WELL-00042_20141217142745,WELL-00042,aligned,3,4,2014-12-17T18:29:17+00:00,0,stream
3w_aligned,WELL-00042_20141217142745,WELL-00042,aligned,4,6,2014-12-17T20:29:17+00:00,1,stream
3w_aligned,WELL-00042_20141217142745,WELL-00042,aligned,5,7,2014-12-17T21:29:17+00:00,1,stream
3w_aligned,WELL-00042_20141221190219,WELL-00042,aligned,0,0,2014-12-21T19:02:32+00:00,0,threshold
3w_aligned,WELL-00042_20141221190219,WELL-00042,aligned,1,1,2014-12-21T20:02:32+00:00,0,threshold
3w_aligned,WELL-00042_20141221190219,WELL-00042,aligned,2,2,2014-12-21T21:02:32+00:00,0,threshold
3w_aligned,WELL-00042_20141221190219,WELL-00042,aligned,3,3,2014-12-21T22:02:32+00:00,0,stream
3w_aligned,WELL-00042_20141221190219,WELL-00042,aligned,4,5,2014-12-22T00:02:32+00:00,1,stream
3w_aligned,WELL-00042_20141221190219,WELL-00042,aligned,5,6,2014-12-22T01:02:32+00:00,1,stream
3w_own_history,WELL-00001_20140124083303,WELL-00001,mixed,0,1,2014-01-24T09:33:03+00:00,0,fit
3w_own_history,WELL-00001_20140124083303,WELL-00001,mixed,1,2,2014-01-24T10:33:03+00:00,0,fit
3w_own_history,WELL-00001_20140124083303,WELL-00001,mixed,2,3,2014-01-24T11:33:03+00:00,0,fit
3w_own_history,WELL-00001_20140124083303,WELL-00001,mixed,3,4,2014-01-24T12:33:03+00:00,0,threshold
3w_own_history,WELL-00001_20140124083303,WELL-00001,mixed,4,5,2014-01-24T13:33:03+00:00,0,threshold
3w_own_history,WELL-00001_20140124083303,WELL-00001,mixed,5,6,2014-01-24T14:33:03+00:00,0,threshold
3w_own_history,WELL-00001_20140124083303,WELL-00001,mixed,6,7,2014-01-24T15:33:03+00:00,0,stream
3w_own_history,WELL-00001_20140124083303,WELL-00001,mixed,7,8,2014-01-24T16:33:03+00:00,0,stream
3w_own_history,WELL-00001_20140124083303,WELL-00001,mixed,8,9,2014-01-24T17:33:03+00:00,0,stream
3w_own_history,WELL-00001_20140124083303,WELL-00001,mixed,9,10,2014-01-24T18:33:03+00:00,0,stream
3w_own_history,WELL-00001_20140124083303,WELL-00001,mixed,10,11,2014-01-24T19:33:03+00:00,0,stream
3w_own_history,WELL-00001_20140124083303,WELL-00001,mixed,11,12,2014-01-24T20:33:03+00:00,0,stream
3w_own_history,WELL-00001_20140124083303,WELL-00001,mixed,12,13,2014-01-24T21:33:03+00:00,1,stream
3w_own_history,WELL-00001_20140124083303,WELL-00001,mixed,13,14,2014-01-24T22:33:03+00:00,1,stream
3w_own_history,WELL-00001_20140124083303,WELL-00001,mixed,14,15,2014-01-24T23:33:03+00:00,1,stream
3w_own_history,WELL-00001_20140124083303,WELL-00001,mixed,15,16,2014-01-25T00:33:03+00:00,1,stream
3w_own_history,WELL-00001_20170226130146,WELL-00001,mixed,0,1,2017-02-26T14:01:46+00:00,0,fit
3w_own_history,WELL-00001_20170226130146,WELL-00001,mixed,1,2,2017-02-26T15:01:46+00:00,0,fit
3w_own_history,WELL-00001_20170226130146,WELL-00001,mixed,2,3,2017-02-26T16:01:46+00:00,0,fit
3w_own_history,WELL-00001_20170226130146,WELL-00001,mixed,3,4,2017-02-26T17:01:46+00:00,0,threshold
3w_own_history,WELL-00001_20170226130146,WELL-00001,mixed,4,5,2017-02-26T18:01:46+00:00,0,threshold
3w_own_history,WELL-00001_20170226130146,WELL-00001,mixed,5,6,2017-02-26T19:01:46+00:00,0,threshold
3w_own_history,WELL-00001_20170226130146,WELL-00001,mixed,6,7,2017-02-26T20:01:46+00:00,0,stream
3w_own_history,WELL-00001_20170226130146,WELL-00001,mixed,7,8,2017-02-26T21:01:46+00:00,0,stream
3w_own_history,WELL-00001_20170226130146,WELL-00001,mixed,8,9,2017-02-26T22:01:46+00:00,0,stream
3w_own_history,WELL-00001_20170226130146,WELL-00001,mixed,9,10,2017-02-26T23:01:46+00:00,1,stream
3w_own_history,WELL-00001_20170226130146,WELL-00001,mixed,10,11,2017-02-27T00:01:46+00:00,1,stream
3w_own_history,WELL-00001_20170226130146,WELL-00001,mixed,11,12,2017-02-27T01:01:46+00:00,1,stream
3w_own_history,WELL-00001_20170226130146,WELL-00001,mixed,12,13,2017-02-27T02:01:46+00:00,1,stream
3w_own_history,WELL-00001_20170226130146,WELL-00001,mixed,13,14,2017-02-27T03:01:46+00:00,1,stream
3w_own_history,WELL-00001_20170226130146,WELL-00001,mixed,14,15,2017-02-27T04:01:46+00:00,1,stream
3w_own_history,WELL-00001_20170226130146,WELL-00001,mixed,15,16,2017-02-27T05:01:46+00:00,1,stream
3w_own_history,WELL-00001_20170226130146,WELL-00001,mixed,16,17,2017-02-27T06:01:46+00:00,1,stream
3w_own_history,WELL-00001_20170226130146,WELL-00001,mixed,17,18,2017-02-27T07:01:46+00:00,1,stream
3w_own_history,WELL-00001_20170226130146,WELL-00001,mixed,18,19,2017-02-27T08:01:46+00:00,1,stream
3w_own_history,WELL-00001_20170226130146,WELL-00001,mixed,19,20,2017-02-27T09:01:46+00:00,1,stream
3w_own_history,WELL-00006_20170731170930,WELL-00006,mixed,0,1,2017-07-31T18:09:30+00:00,0,fit
3w_own_history,WELL-00006_20170731170930,WELL-00006,mixed,1,2,2017-07-31T19:09:30+00:00,0,fit
3w_own_history,WELL-00006_20170731170930,WELL-00006,mixed,2,3,2017-07-31T20:09:30+00:00,0,fit
3w_own_history,WELL-00006_20170731170930,WELL-00006,mixed,3,4,2017-07-31T21:09:30+00:00,0,threshold
3w_own_history,WELL-00006_20170731170930,WELL-00006,mixed,4,5,2017-07-31T22:09:30+00:00,0,threshold
3w_own_history,WELL-00006_20170731170930,WELL-00006,mixed,5,6,2017-07-31T23:09:30+00:00,0,threshold
3w_own_history,WELL-00006_20170731170930,WELL-00006,mixed,6,7,2017-08-01T00:09:30+00:00,0,stream
3w_own_history,WELL-00006_20170731170930,WELL-00006,mixed,7,8,2017-08-01T01:09:30+00:00,0,stream
3w_own_history,WELL-00006_20170731170930,WELL-00006,mixed,8,9,2017-08-01T02:09:30+00:00,0,stream
3w_own_history,WELL-00006_20170731170930,WELL-00006,mixed,9,10,2017-08-01T03:09:30+00:00,0,stream
3w_own_history,WELL-00006_20170731170930,WELL-00006,mixed,10,11,2017-08-01T04:09:30+00:00,0,stream
3w_own_history,WELL-00006_20170731170930,WELL-00006,mixed,11,12,2017-08-01T05:09:30+00:00,0,stream
3w_own_history,WELL-00006_20170731170930,WELL-00006,mixed,12,13,2017-08-01T06:09:30+00:00,0,stream
3w_own_history,WELL-00006_20170731170930,WELL-00006,mixed,13,14,2017-08-01T07:09:30+00:00,0,stream
3w_own_history,WELL-00006_20170731170930,WELL-00006,mixed,14,15,2017-08-01T08:09:30+00:00,0,stream
3w_own_history,WELL-00006_20170731170930,WELL-00006,mixed,15,16,2017-08-01T09:09:30+00:00,1,stream
3w_own_history,WELL-00006_20170731170930,WELL-00006,mixed,16,17,2017-08-01T10:09:30+00:00,1,stream
3w_own_history,WELL-00006_20170731170930,WELL-00006,mixed,17,18,2017-08-01T11:09:30+00:00,1,stream
3w_own_history,WELL-00006_20170731170930,WELL-00006,mixed,18,19,2017-08-01T12:09:30+00:00,1,stream
3w_own_history,WELL-00006_20170731170930,WELL-00006,mixed,19,20,2017-08-01T13:09:30+00:00,1,stream
3w_own_history,WELL-00006_20170731170930,WELL-00006,mixed,20,21,2017-08-01T14:09:30+00:00,1,stream
3w_own_history,WELL-00006_20170731170930,WELL-00006,mixed,21,22,2017-08-01T15:09:30+00:00,1,stream
3w_own_history,WELL-00006_20170731170930,WELL-00006,mixed,22,23,2017-08-01T16:09:30+00:00,1,stream
3w_own_history,WELL-00006_20170731170930,WELL-00006,mixed,23,24,2017-08-01T17:09:30+00:00,1,stream
3w_own_history,WELL-00006_20170731170930,WELL-00006,mixed,24,25,2017-08-01T18:09:30+00:00,1,stream
3w_own_history,WELL-00006_20170731170930,WELL-00006,mixed,25,26,2017-08-01T19:09:30+00:00,1,stream
3w_own_history,WELL-00006_20180617190257,WELL-00006,mixed,0,1,2018-06-17T20:02:57+00:00,0,fit
3w_own_history,WELL-00006_20180617190257,WELL-00006,mixed,1,2,2018-06-17T21:02:57+00:00,0,fit
3w_own_history,WELL-00006_20180617190257,WELL-00006,mixed,2,3,2018-06-17T22:02:57+00:00,0,fit
3w_own_history,WELL-00006_20180617190257,WELL-00006,mixed,3,4,2018-06-17T23:02:57+00:00,0,threshold
3w_own_history,WELL-00006_20180617190257,WELL-00006,mixed,4,5,2018-06-18T00:02:57+00:00,0,threshold
3w_own_history,WELL-00006_20180617190257,WELL-00006,mixed,5,6,2018-06-18T01:02:57+00:00,0,threshold
3w_own_history,WELL-00006_20180617190257,WELL-00006,mixed,6,7,2018-06-18T02:02:57+00:00,0,stream
3w_own_history,WELL-00006_20180617190257,WELL-00006,mixed,7,8,2018-06-18T03:02:57+00:00,0,stream
3w_own_history,WELL-00006_20180617190257,WELL-00006,mixed,8,9,2018-06-18T04:02:57+00:00,0,stream
3w_own_history,WELL-00006_20180617190257,WELL-00006,mixed,9,10,2018-06-18T05:02:57+00:00,0,stream
3w_own_history,WELL-00006_20180617190257,WELL-00006,mixed,10,11,2018-06-18T06:02:57+00:00,0,stream
3w_own_history,WELL-00006_20180617190257,WELL-00006,mixed,11,12,2018-06-18T07:02:57+00:00,1,stream
3w_own_history,WELL-00006_20180617190257,WELL-00006,mixed,12,13,2018-06-18T08:02:57+00:00,1,stream
3w_own_history,WELL-00006_20180617190257,WELL-00006,mixed,13,14,2018-06-18T09:02:57+00:00,1,stream
3w_own_history,WELL-00006_20180620152903,WELL-00006,mixed,0,1,2018-06-20T16:29:03+00:00,0,fit
3w_own_history,WELL-00006_20180620152903,WELL-00006,mixed,1,2,2018-06-20T17:29:03+00:00,0,fit
3w_own_history,WELL-00006_20180620152903,WELL-00006,mixed,2,3,2018-06-20T18:29:03+00:00,0,fit
3w_own_history,WELL-00006_20180620152903,WELL-00006,mixed,3,4,2018-06-20T19:29:03+00:00,1,threshold
3w_own_history,WELL-00006_20180620152903,WELL-00006,mixed,4,5,2018-06-20T20:29:03+00:00,1,threshold
3w_own_history,WELL-00006_20180620152903,WELL-00006,mixed,5,6,2018-06-20T21:29:03+00:00,1,threshold
3w_own_history,WELL-00006_20180620152903,WELL-00006,mixed,6,7,2018-06-20T22:29:03+00:00,1,stream
3w_own_history,WELL-00006_20180620152903,WELL-00006,mixed,7,8,2018-06-20T23:29:03+00:00,1,stream
3w_own_history,WELL-00006_20180620152903,WELL-00006,mixed,8,9,2018-06-21T00:29:03+00:00,1,stream
3w_own_history,WELL-00006_20180620152903,WELL-00006,mixed,9,10,2018-06-21T01:29:03+00:00,1,stream
3w_own_history,WELL-00006_20180620152903,WELL-00006,mixed,10,11,2018-06-21T02:29:03+00:00,1,stream
3w_own_history,WELL-00006_20180620152903,WELL-00006,mixed,11,12,2018-06-21T03:29:03+00:00,1,stream
3w_own_history,WELL-00006_20180620152903,WELL-00006,mixed,12,13,2018-06-21T04:29:03+00:00,1,stream
3w_own_history,WELL-00006_20180620152903,WELL-00006,mixed,13,14,2018-06-21T05:29:03+00:00,1,stream
3w_own_history,WELL-00006_20180620152903,WELL-00006,mixed,14,15,2018-06-21T06:29:03+00:00,1,stream
3w_own_history,WELL-00006_20180620152903,WELL-00006,mixed,15,16,2018-06-21T07:29:03+00:00,1,stream
3w_own_history,WELL-00006_20180620152903,WELL-00006,mixed,16,17,2018-06-21T08:29:03+00:00,1,stream
3w_own_history,WELL-00006_20180620152903,WELL-00006,mixed,17,18,2018-06-21T09:29:03+00:00,1,stream
3w_own_history,WELL-00006_20180620152903,WELL-00006,mixed,18,19,2018-06-21T10:29:03+00:00,1,stream
3w_own_history,WELL-00006_20180620152903,WELL-00006,mixed,19,20,2018-06-21T11:29:03+00:00,1,stream
3w_own_history,WELL-00006_20180620152903,WELL-00006,mixed,20,21,2018-06-21T12:29:03+00:00,1,stream
3w_own_history,WELL-00006_20180620152903,WELL-00006,mixed,21,22,2018-06-21T13:29:03+00:00,1,stream
3w_own_history,WELL-00006_20180620152903,WELL-00006,mixed,22,23,2018-06-21T14:29:03+00:00,1,stream
3w_own_history,WELL-00006_20180620152903,WELL-00006,mixed,23,24,2018-06-21T15:29:03+00:00,1,stream
3w_own_history,WELL-00006_20180620152903,WELL-00006,mixed,24,25,2018-06-21T16:29:03+00:00,1,stream
3w_own_history,WELL-00006_20180620152903,WELL-00006,mixed,25,26,2018-06-21T17:29:03+00:00,1,stream
3w_own_history,WELL-00006_20180620152903,WELL-00006,mixed,26,27,2018-06-21T18:29:03+00:00,1,stream
3w_own_history,WELL-00006_20180620152903,WELL-00006,mixed,27,28,2018-06-21T19:29:03+00:00,1,stream
3w_own_history,WELL-00006_20180620152903,WELL-00006,mixed,28,29,2018-06-21T20:29:03+00:00,1,stream
3w_own_history,WELL-00006_20180620152903,WELL-00006,mixed,29,30,2018-06-21T21:29:03+00:00,1,stream
3w_own_history,WELL-00006_20180620152903,WELL-00006,mixed,30,31,2018-06-21T22:29:03+00:00,1,stream
3w_own_history,WELL-00010_20180517000402,WELL-00010,normal,0,1,2018-05-17T01:04:02+00:00,0,fit
3w_own_history,WELL-00010_20180517000402,WELL-00010,normal,1,2,2018-05-17T02:04:02+00:00,0,fit
3w_own_history,WELL-00010_20180517000402,WELL-00010,normal,2,3,2018-05-17T03:04:02+00:00,0,fit
3w_own_history,WELL-00010_20180517000402,WELL-00010,normal,3,4,2018-05-17T04:04:02+00:00,0,threshold
3w_own_history,WELL-00010_20180517000402,WELL-00010,normal,4,5,2018-05-17T05:04:02+00:00,0,threshold
3w_own_history,WELL-00010_20180517000402,WELL-00010,normal,5,6,2018-05-17T06:04:02+00:00,0,threshold
3w_own_history,WELL-00010_20180517000402,WELL-00010,normal,6,7,2018-05-17T07:04:02+00:00,0,stream
3w_own_history,WELL-00010_20180517000402,WELL-00010,normal,7,8,2018-05-17T08:04:02+00:00,0,stream
3w_own_history,WELL-00010_20180517000402,WELL-00010,normal,8,9,2018-05-17T09:04:02+00:00,0,stream
3w_own_history,WELL-00010_20180517000402,WELL-00010,normal,9,10,2018-05-17T10:04:02+00:00,0,stream
3w_own_history,WELL-00010_20180517000402,WELL-00010,normal,10,11,2018-05-17T11:04:02+00:00,0,stream
3w_own_history,WELL-00010_20180517000402,WELL-00010,normal,11,12,2018-05-17T12:04:02+00:00,0,stream
3w_own_history,WELL-00010_20180517000402,WELL-00010,normal,12,13,2018-05-17T13:04:02+00:00,0,stream
3w_own_history,WELL-00010_20180517000402,WELL-00010,normal,13,14,2018-05-17T14:04:02+00:00,0,stream
3w_own_history,WELL-00010_20180517000402,WELL-00010,normal,14,15,2018-05-17T15:04:02+00:00,0,stream
3w_own_history,WELL-00010_20180517000402,WELL-00010,normal,15,16,2018-05-17T16:04:02+00:00,0,stream
3w_own_history,WELL-00010_20180517000402,WELL-00010,normal,16,17,2018-05-17T17:04:02+00:00,0,stream
3w_own_history,WELL-00010_20180517000402,WELL-00010,normal,17,18,2018-05-17T18:04:02+00:00,0,stream
3w_own_history,WELL-00010_20180517000402,WELL-00010,normal,18,19,2018-05-17T19:04:02+00:00,0,stream
3w_own_history,WELL-00010_20180517000402,WELL-00010,normal,19,20,2018-05-17T20:04:02+00:00,0,stream
3w_own_history,WELL-00010_20180723134436,WELL-00010,normal,0,1,2018-07-23T14:44:36+00:00,0,fit
3w_own_history,WELL-00010_20180723134436,WELL-00010,normal,1,2,2018-07-23T15:44:36+00:00,0,fit
3w_own_history,WELL-00010_20180723134436,WELL-00010,normal,2,3,2018-07-23T16:44:36+00:00,0,fit
3w_own_history,WELL-00010_20180723134436,WELL-00010,normal,3,4,2018-07-23T17:44:36+00:00,0,threshold
3w_own_history,WELL-00010_20180723134436,WELL-00010,normal,4,5,2018-07-23T18:44:36+00:00,0,threshold
3w_own_history,WELL-00010_20180723134436,WELL-00010,normal,5,6,2018-07-23T19:44:36+00:00,0,threshold
3w_own_history,WELL-00010_20180723134436,WELL-00010,normal,6,7,2018-07-23T20:44:36+00:00,0,stream
3w_own_history,WELL-00010_20180723134436,WELL-00010,normal,7,8,2018-07-23T21:44:36+00:00,0,stream
3w_own_history,WELL-00010_20180723134436,WELL-00010,normal,8,9,2018-07-23T22:44:36+00:00,0,stream
3w_own_history,WELL-00010_20180723134436,WELL-00010,normal,9,10,2018-07-23T23:44:36+00:00,0,stream
3w_own_history,WELL-00010_20180723134436,WELL-00010,normal,10,11,2018-07-24T00:44:36+00:00,0,stream
3w_own_history,WELL-00010_20180723134436,WELL-00010,normal,11,12,2018-07-24T01:44:36+00:00,0,stream
3w_own_history,WELL-00010_20180723134436,WELL-00010,normal,12,13,2018-07-24T02:44:36+00:00,0,stream
3w_own_history,WELL-00010_20180723134436,WELL-00010,normal,13,14,2018-07-24T03:44:36+00:00,0,stream
3w_own_history,WELL-00010_20180723134436,WELL-00010,normal,14,15,2018-07-24T04:44:36+00:00,0,stream
3w_own_history,WELL-00010_20180723134436,WELL-00010,normal,15,16,2018-07-24T05:44:36+00:00,0,stream
3w_own_history,WELL-00010_20180723134436,WELL-00010,normal,16,17,2018-07-24T06:44:36+00:00,0,stream
3w_own_history,WELL-00010_20180723134436,WELL-00010,normal,17,18,2018-07-24T07:44:36+00:00,0,stream
3w_own_history,WELL-00010_20180723134436,WELL-00010,normal,18,19,2018-07-24T08:44:36+00:00,0,stream
3w_own_history,WELL-00010_20180723134436,WELL-00010,normal,19,20,2018-07-24T09:44:36+00:00,0,stream
3w_own_history,WELL-00010_20180723134436,WELL-00010,normal,20,21,2018-07-24T10:44:36+00:00,0,stream
3w_own_history,WELL-00010_20180723134436,WELL-00010,normal,21,22,2018-07-24T11:44:36+00:00,0,stream
3w_own_history,WELL-00010_20180723134436,WELL-00010,normal,22,23,2018-07-24T12:44:36+00:00,0,stream
3w_own_history,WELL-00014_20160304155906,WELL-00014,mixed,0,1,2016-03-04T16:59:06+00:00,0,fit
3w_own_history,WELL-00014_20160304155906,WELL-00014,mixed,1,2,2016-03-04T17:59:06+00:00,0,fit
3w_own_history,WELL-00014_20160304155906,WELL-00014,mixed,2,3,2016-03-04T18:59:06+00:00,0,fit
3w_own_history,WELL-00014_20160304155906,WELL-00014,mixed,3,4,2016-03-04T19:59:06+00:00,0,threshold
3w_own_history,WELL-00014_20160304155906,WELL-00014,mixed,4,5,2016-03-04T20:59:06+00:00,0,threshold
3w_own_history,WELL-00014_20160304155906,WELL-00014,mixed,5,6,2016-03-04T21:59:06+00:00,1,threshold
3w_own_history,WELL-00014_20160304155906,WELL-00014,mixed,6,7,2016-03-04T22:59:06+00:00,1,stream
3w_own_history,WELL-00014_20160304155906,WELL-00014,mixed,7,8,2016-03-04T23:59:06+00:00,1,stream
3w_own_history,WELL-00014_20160304155906,WELL-00014,mixed,8,9,2016-03-05T00:59:06+00:00,1,stream
3w_own_history,WELL-00014_20160304155906,WELL-00014,mixed,9,10,2016-03-05T01:59:06+00:00,1,stream
3w_own_history,WELL-00014_20160304155906,WELL-00014,mixed,10,11,2016-03-05T02:59:06+00:00,1,stream
3w_own_history,WELL-00014_20160304155906,WELL-00014,mixed,11,12,2016-03-05T03:59:06+00:00,1,stream
3w_own_history,WELL-00014_20160304155906,WELL-00014,mixed,12,13,2016-03-05T04:59:06+00:00,1,stream
3w_own_history,WELL-00014_20160304155906,WELL-00014,mixed,13,14,2016-03-05T05:59:06+00:00,1,stream
3w_own_history,WELL-00014_20160304155906,WELL-00014,mixed,14,15,2016-03-05T06:59:06+00:00,1,stream
3w_own_history,WELL-00014_20160304155906,WELL-00014,mixed,15,16,2016-03-05T07:59:06+00:00,1,stream
3w_own_history,WELL-00014_20160304155906,WELL-00014,mixed,16,17,2016-03-05T08:59:06+00:00,1,stream
3w_own_history,WELL-00014_20160304155906,WELL-00014,mixed,17,18,2016-03-05T09:59:06+00:00,1,stream
3w_own_history,WELL-00014_20160306070000,WELL-00014,mixed,0,1,2016-03-06T08:00:00+00:00,0,fit
3w_own_history,WELL-00014_20160306070000,WELL-00014,mixed,1,2,2016-03-06T09:00:00+00:00,0,fit
3w_own_history,WELL-00014_20160306070000,WELL-00014,mixed,2,3,2016-03-06T10:00:00+00:00,0,fit
3w_own_history,WELL-00014_20160306070000,WELL-00014,mixed,3,4,2016-03-06T11:00:00+00:00,0,threshold
3w_own_history,WELL-00014_20160306070000,WELL-00014,mixed,4,5,2016-03-06T12:00:00+00:00,1,threshold
3w_own_history,WELL-00014_20160306070000,WELL-00014,mixed,5,6,2016-03-06T13:00:00+00:00,1,threshold
3w_own_history,WELL-00014_20160306070000,WELL-00014,mixed,6,7,2016-03-06T14:00:00+00:00,1,stream
3w_own_history,WELL-00014_20160306070000,WELL-00014,mixed,7,8,2016-03-06T15:00:00+00:00,1,stream
3w_own_history,WELL-00014_20160306070000,WELL-00014,mixed,8,9,2016-03-06T16:00:00+00:00,1,stream
3w_own_history,WELL-00016_20190924191606,WELL-00016,normal,0,1,2019-09-24T20:16:06+00:00,0,fit
3w_own_history,WELL-00016_20190924191606,WELL-00016,normal,1,2,2019-09-24T21:16:06+00:00,0,fit
3w_own_history,WELL-00016_20190924191606,WELL-00016,normal,2,3,2019-09-24T22:16:06+00:00,0,fit
3w_own_history,WELL-00016_20190924191606,WELL-00016,normal,3,4,2019-09-24T23:16:06+00:00,0,threshold
3w_own_history,WELL-00016_20190924191606,WELL-00016,normal,4,5,2019-09-25T00:16:06+00:00,0,threshold
3w_own_history,WELL-00016_20190924191606,WELL-00016,normal,5,6,2019-09-25T01:16:06+00:00,0,threshold
3w_own_history,WELL-00016_20190924191606,WELL-00016,normal,6,7,2019-09-25T02:16:06+00:00,0,stream
3w_own_history,WELL-00016_20190924191606,WELL-00016,normal,7,8,2019-09-25T03:16:06+00:00,0,stream
3w_own_history,WELL-00016_20190924191606,WELL-00016,normal,8,9,2019-09-25T04:16:06+00:00,0,stream
3w_own_history,WELL-00016_20190924191606,WELL-00016,normal,9,10,2019-09-25T05:16:06+00:00,0,stream
3w_own_history,WELL-00016_20190924191606,WELL-00016,normal,10,11,2019-09-25T06:16:06+00:00,0,stream
3w_own_history,WELL-00019_20120601165020,WELL-00019,mixed,0,1,2012-06-01T17:50:20+00:00,0,fit
3w_own_history,WELL-00019_20120601165020,WELL-00019,mixed,1,2,2012-06-01T18:50:20+00:00,0,fit
3w_own_history,WELL-00019_20120601165020,WELL-00019,mixed,2,3,2012-06-01T19:50:20+00:00,0,fit
3w_own_history,WELL-00019_20120601165020,WELL-00019,mixed,3,4,2012-06-01T20:50:20+00:00,0,threshold
3w_own_history,WELL-00019_20120601165020,WELL-00019,mixed,4,5,2012-06-01T21:50:20+00:00,0,threshold
3w_own_history,WELL-00019_20120601165020,WELL-00019,mixed,5,6,2012-06-01T22:50:20+00:00,0,threshold
3w_own_history,WELL-00019_20120601165020,WELL-00019,mixed,6,7,2012-06-01T23:50:20+00:00,0,stream
3w_own_history,WELL-00019_20120601165020,WELL-00019,mixed,7,8,2012-06-02T00:50:20+00:00,0,stream
3w_own_history,WELL-00019_20120601165020,WELL-00019,mixed,8,9,2012-06-02T01:50:20+00:00,0,stream
3w_own_history,WELL-00019_20120601165020,WELL-00019,mixed,9,10,2012-06-02T02:50:20+00:00,0,stream
3w_own_history,WELL-00019_20120601165020,WELL-00019,mixed,10,11,2012-06-02T03:50:20+00:00,0,stream
3w_own_history,WELL-00019_20120601165020,WELL-00019,mixed,11,12,2012-06-02T04:50:20+00:00,0,stream
3w_own_history,WELL-00019_20120601165020,WELL-00019,mixed,12,13,2012-06-02T05:50:20+00:00,0,stream
3w_own_history,WELL-00019_20120601165020,WELL-00019,mixed,13,14,2012-06-02T06:50:20+00:00,0,stream
3w_own_history,WELL-00019_20120601165020,WELL-00019,mixed,14,15,2012-06-02T07:50:20+00:00,0,stream
3w_own_history,WELL-00019_20120601165020,WELL-00019,mixed,15,16,2012-06-02T08:50:20+00:00,0,stream
3w_own_history,WELL-00019_20120601165020,WELL-00019,mixed,16,17,2012-06-02T09:50:20+00:00,0,stream
3w_own_history,WELL-00019_20120601165020,WELL-00019,mixed,17,18,2012-06-02T10:50:20+00:00,0,stream
3w_own_history,WELL-00019_20120601165020,WELL-00019,mixed,18,19,2012-06-02T11:50:20+00:00,0,stream
3w_own_history,WELL-00019_20120601165020,WELL-00019,mixed,19,20,2012-06-02T12:50:20+00:00,0,stream
3w_own_history,WELL-00019_20120601165020,WELL-00019,mixed,20,21,2012-06-02T13:50:20+00:00,0,stream
3w_own_history,WELL-00019_20120601165020,WELL-00019,mixed,21,22,2012-06-02T14:50:20+00:00,0,stream
3w_own_history,WELL-00019_20120601165020,WELL-00019,mixed,22,23,2012-06-02T15:50:20+00:00,0,stream
3w_own_history,WELL-00019_20120601165020,WELL-00019,mixed,23,24,2012-06-02T16:50:20+00:00,0,stream
3w_own_history,WELL-00019_20120601165020,WELL-00019,mixed,24,25,2012-06-02T17:50:20+00:00,0,stream
3w_own_history,WELL-00019_20120601165020,WELL-00019,mixed,25,26,2012-06-02T18:50:20+00:00,0,stream
3w_own_history,WELL-00019_20120601165020,WELL-00019,mixed,26,27,2012-06-02T19:50:20+00:00,0,stream
3w_own_history,WELL-00019_20120601165020,WELL-00019,mixed,27,28,2012-06-02T20:50:20+00:00,0,stream
3w_own_history,WELL-00019_20120601165020,WELL-00019,mixed,28,29,2012-06-02T21:50:20+00:00,1,stream
3w_own_history,WELL-00019_20120601165020,WELL-00019,mixed,29,30,2012-06-02T22:50:20+00:00,1,stream
3w_own_history,WELL-00019_20120601165020,WELL-00019,mixed,30,31,2012-06-02T23:50:20+00:00,1,stream
3w_own_history,WELL-00019_20120601165020,WELL-00019,mixed,31,32,2012-06-03T00:50:20+00:00,1,stream
3w_own_history,WELL-00019_20120601165020,WELL-00019,mixed,32,33,2012-06-03T01:50:20+00:00,1,stream
3w_own_history,WELL-00019_20120601165020,WELL-00019,mixed,33,34,2012-06-03T02:50:20+00:00,1,stream
3w_own_history,WELL-00019_20120601165020,WELL-00019,mixed,34,35,2012-06-03T03:50:20+00:00,1,stream
3w_own_history,WELL-00019_20120601165020,WELL-00019,mixed,35,36,2012-06-03T04:50:20+00:00,1,stream
3w_own_history,WELL-00019_20120601165020,WELL-00019,mixed,36,37,2012-06-03T05:50:20+00:00,1,stream
3w_own_history,WELL-00019_20120601165020,WELL-00019,mixed,37,38,2012-06-03T06:50:20+00:00,1,stream
3w_own_history,WELL-00019_20120601165020,WELL-00019,mixed,38,39,2012-06-03T07:50:20+00:00,1,stream
3w_own_history,WELL-00019_20120601165020,WELL-00019,mixed,39,40,2012-06-03T08:50:20+00:00,1,stream
3w_own_history,WELL-00019_20120601165020,WELL-00019,mixed,40,41,2012-06-03T09:50:20+00:00,1,stream
3w_own_history,WELL-00019_20120601165020,WELL-00019,mixed,41,42,2012-06-03T10:50:20+00:00,1,stream
3w_own_history,WELL-00019_20120601165020,WELL-00019,mixed,42,43,2012-06-03T11:50:20+00:00,1,stream
3w_own_history,WELL-00019_20120601165020,WELL-00019,mixed,43,44,2012-06-03T12:50:20+00:00,1,stream
3w_own_history,WELL-00019_20120601165020,WELL-00019,mixed,44,45,2012-06-03T13:50:20+00:00,1,stream
3w_own_history,WELL-00019_20120601165020,WELL-00019,mixed,45,46,2012-06-03T14:50:20+00:00,1,stream
3w_own_history,WELL-00019_20120601165020,WELL-00019,mixed,46,47,2012-06-03T15:50:20+00:00,1,stream
3w_own_history,WELL-00019_20120601165020,WELL-00019,mixed,47,48,2012-06-03T16:50:20+00:00,1,stream
3w_own_history,WELL-00019_20120601165020,WELL-00019,mixed,48,49,2012-06-03T17:50:20+00:00,1,stream
3w_own_history,WELL-00019_20120601165020,WELL-00019,mixed,49,50,2012-06-03T18:50:20+00:00,1,stream
3w_own_history,WELL-00019_20120601165020,WELL-00019,mixed,50,51,2012-06-03T19:50:20+00:00,1,stream
3w_own_history,WELL-00019_20120601165020,WELL-00019,mixed,51,52,2012-06-03T20:50:20+00:00,1,stream
3w_own_history,WELL-00019_20120601165020,WELL-00019,mixed,52,53,2012-06-03T21:50:20+00:00,1,stream
3w_own_history,WELL-00019_20120601165020,WELL-00019,mixed,53,54,2012-06-03T22:50:20+00:00,1,stream
3w_own_history,WELL-00019_20120601165020,WELL-00019,mixed,54,55,2012-06-03T23:50:20+00:00,1,stream
3w_own_history,WELL-00019_20120601165020,WELL-00019,mixed,55,56,2012-06-04T00:50:20+00:00,1,stream
3w_own_history,WELL-00019_20120601165020,WELL-00019,mixed,56,57,2012-06-04T01:50:20+00:00,1,stream
3w_own_history,WELL-00019_20120601165020,WELL-00019,mixed,57,58,2012-06-04T02:50:20+00:00,1,stream
3w_own_history,WELL-00019_20120601165020,WELL-00019,mixed,58,59,2012-06-04T03:50:20+00:00,1,stream
3w_own_history,WELL-00019_20120601165020,WELL-00019,mixed,59,60,2012-06-04T04:50:20+00:00,1,stream
3w_own_history,WELL-00019_20120601165020,WELL-00019,mixed,60,61,2012-06-04T05:50:20+00:00,1,stream
3w_own_history,WELL-00019_20120601165020,WELL-00019,mixed,61,62,2012-06-04T06:50:20+00:00,1,stream
3w_own_history,WELL-00019_20120601165020,WELL-00019,mixed,62,63,2012-06-04T07:50:20+00:00,1,stream
3w_own_history,WELL-00019_20120601165020,WELL-00019,mixed,63,64,2012-06-04T08:50:20+00:00,1,stream
3w_own_history,WELL-00019_20120601165020,WELL-00019,mixed,64,65,2012-06-04T09:50:20+00:00,1,stream
3w_own_history,WELL-00019_20120601165020,WELL-00019,mixed,65,66,2012-06-04T10:50:20+00:00,1,stream
3w_own_history,WELL-00019_20141117190526,WELL-00019,mixed,0,1,2014-11-17T20:05:26+00:00,0,fit
3w_own_history,WELL-00019_20141117190526,WELL-00019,mixed,1,2,2014-11-17T21:05:26+00:00,0,fit
3w_own_history,WELL-00019_20141117190526,WELL-00019,mixed,2,3,2014-11-17T22:05:26+00:00,0,fit
3w_own_history,WELL-00019_20141117190526,WELL-00019,mixed,3,4,2014-11-17T23:05:26+00:00,0,threshold
3w_own_history,WELL-00019_20141117190526,WELL-00019,mixed,4,5,2014-11-18T00:05:26+00:00,0,threshold
3w_own_history,WELL-00019_20141117190526,WELL-00019,mixed,5,6,2014-11-18T01:05:26+00:00,0,threshold
3w_own_history,WELL-00019_20141117190526,WELL-00019,mixed,6,7,2014-11-18T02:05:26+00:00,0,stream
3w_own_history,WELL-00019_20141117190526,WELL-00019,mixed,7,8,2014-11-18T03:05:26+00:00,0,stream
3w_own_history,WELL-00019_20141117190526,WELL-00019,mixed,8,9,2014-11-18T04:05:26+00:00,0,stream
3w_own_history,WELL-00019_20141117190526,WELL-00019,mixed,9,10,2014-11-18T05:05:26+00:00,0,stream
3w_own_history,WELL-00019_20141117190526,WELL-00019,mixed,10,11,2014-11-18T06:05:26+00:00,0,stream
3w_own_history,WELL-00019_20141117190526,WELL-00019,mixed,11,12,2014-11-18T07:05:26+00:00,1,stream
3w_own_history,WELL-00019_20141117190526,WELL-00019,mixed,12,13,2014-11-18T08:05:26+00:00,1,stream
3w_own_history,WELL-00019_20141117190526,WELL-00019,mixed,13,14,2014-11-18T09:05:26+00:00,1,stream
3w_own_history,WELL-00019_20141117190526,WELL-00019,mixed,14,15,2014-11-18T10:05:26+00:00,1,stream
3w_own_history,WELL-00019_20141117190526,WELL-00019,mixed,15,16,2014-11-18T11:05:26+00:00,1,stream
3w_own_history,WELL-00019_20141117190526,WELL-00019,mixed,16,17,2014-11-18T12:05:26+00:00,1,stream
3w_own_history,WELL-00019_20141117190526,WELL-00019,mixed,17,18,2014-11-18T13:05:26+00:00,1,stream
3w_own_history,WELL-00019_20141117190526,WELL-00019,mixed,18,19,2014-11-18T14:05:26+00:00,1,stream
3w_own_history,WELL-00019_20141117190526,WELL-00019,mixed,19,20,2014-11-18T15:05:26+00:00,1,stream
3w_own_history,WELL-00019_20141117190526,WELL-00019,mixed,20,21,2014-11-18T16:05:26+00:00,1,stream
3w_own_history,WELL-00019_20141117190526,WELL-00019,mixed,21,22,2014-11-18T17:05:26+00:00,1,stream
3w_own_history,WELL-00019_20141117190526,WELL-00019,mixed,22,23,2014-11-18T18:05:26+00:00,1,stream
3w_own_history,WELL-00019_20141117190526,WELL-00019,mixed,23,24,2014-11-18T19:05:26+00:00,1,stream
3w_own_history,WELL-00019_20141117190526,WELL-00019,mixed,24,25,2014-11-18T20:05:26+00:00,1,stream
3w_own_history,WELL-00019_20141117190526,WELL-00019,mixed,25,26,2014-11-18T21:05:26+00:00,1,stream
3w_own_history,WELL-00019_20141117190526,WELL-00019,mixed,26,27,2014-11-18T22:05:26+00:00,1,stream
3w_own_history,WELL-00019_20141117190526,WELL-00019,mixed,27,28,2014-11-18T23:05:26+00:00,1,stream
3w_own_history,WELL-00019_20141117190526,WELL-00019,mixed,28,29,2014-11-19T00:05:26+00:00,1,stream
3w_own_history,WELL-00019_20141117190526,WELL-00019,mixed,29,30,2014-11-19T01:05:26+00:00,1,stream
3w_own_history,WELL-00019_20141117190526,WELL-00019,mixed,30,31,2014-11-19T02:05:26+00:00,1,stream
3w_own_history,WELL-00019_20141117190526,WELL-00019,mixed,31,32,2014-11-19T03:05:26+00:00,1,stream
3w_own_history,WELL-00019_20141117190526,WELL-00019,mixed,32,33,2014-11-19T04:05:26+00:00,1,stream
3w_own_history,WELL-00019_20141117190526,WELL-00019,mixed,33,34,2014-11-19T05:05:26+00:00,1,stream
3w_own_history,WELL-00019_20141117190526,WELL-00019,mixed,34,35,2014-11-19T06:05:26+00:00,1,stream
3w_own_history,WELL-00019_20141117190526,WELL-00019,mixed,35,36,2014-11-19T07:05:26+00:00,1,stream
3w_own_history,WELL-00019_20141117190526,WELL-00019,mixed,36,37,2014-11-19T08:05:26+00:00,1,stream
3w_own_history,WELL-00019_20141117190526,WELL-00019,mixed,37,38,2014-11-19T09:05:26+00:00,1,stream
3w_own_history,WELL-00019_20141117190526,WELL-00019,mixed,38,39,2014-11-19T10:05:26+00:00,1,stream
3w_own_history,WELL-00019_20141117190526,WELL-00019,mixed,39,40,2014-11-19T11:05:26+00:00,1,stream
3w_own_history,WELL-00019_20141117190526,WELL-00019,mixed,40,41,2014-11-19T12:05:26+00:00,1,stream
3w_own_history,WELL-00019_20141117190526,WELL-00019,mixed,41,42,2014-11-19T13:05:26+00:00,1,stream
3w_own_history,WELL-00019_20141117190526,WELL-00019,mixed,42,43,2014-11-19T14:05:26+00:00,1,stream
3w_own_history,WELL-00019_20141117190526,WELL-00019,mixed,43,44,2014-11-19T15:05:26+00:00,1,stream
3w_own_history,WELL-00019_20141117190526,WELL-00019,mixed,44,45,2014-11-19T16:05:26+00:00,1,stream
3w_own_history,WELL-00019_20141117190526,WELL-00019,mixed,45,46,2014-11-19T17:05:26+00:00,1,stream
3w_own_history,WELL-00019_20141117190526,WELL-00019,mixed,46,47,2014-11-19T18:05:26+00:00,1,stream
3w_own_history,WELL-00019_20141117190526,WELL-00019,mixed,47,48,2014-11-19T19:05:26+00:00,1,stream
3w_own_history,WELL-00019_20141117190526,WELL-00019,mixed,48,49,2014-11-19T20:05:26+00:00,1,stream
3w_own_history,WELL-00019_20141117190526,WELL-00019,mixed,49,50,2014-11-19T21:05:26+00:00,1,stream
3w_own_history,WELL-00019_20141117190526,WELL-00019,mixed,50,51,2014-11-19T22:05:26+00:00,1,stream
3w_own_history,WELL-00019_20141117190526,WELL-00019,mixed,51,52,2014-11-19T23:05:26+00:00,1,stream
3w_own_history,WELL-00019_20141117190526,WELL-00019,mixed,52,53,2014-11-20T00:05:26+00:00,1,stream
3w_own_history,WELL-00019_20141117190526,WELL-00019,mixed,53,54,2014-11-20T01:05:26+00:00,1,stream
3w_own_history,WELL-00019_20141117190526,WELL-00019,mixed,54,55,2014-11-20T02:05:26+00:00,1,stream
3w_own_history,WELL-00019_20141117190526,WELL-00019,mixed,55,56,2014-11-20T03:05:26+00:00,1,stream
3w_own_history,WELL-00019_20141117190526,WELL-00019,mixed,56,57,2014-11-20T04:05:26+00:00,1,stream
3w_own_history,WELL-00019_20141117190526,WELL-00019,mixed,57,58,2014-11-20T05:05:26+00:00,1,stream
3w_own_history,WELL-00019_20141117190526,WELL-00019,mixed,58,59,2014-11-20T06:05:26+00:00,1,stream
3w_own_history,WELL-00019_20141117190526,WELL-00019,mixed,59,60,2014-11-20T07:05:26+00:00,1,stream
3w_own_history,WELL-00019_20141117190526,WELL-00019,mixed,60,61,2014-11-20T08:05:26+00:00,1,stream
3w_own_history,WELL-00019_20141117190526,WELL-00019,mixed,61,62,2014-11-20T09:05:26+00:00,1,stream
3w_own_history,WELL-00019_20141117190526,WELL-00019,mixed,62,63,2014-11-20T10:05:26+00:00,1,stream
3w_own_history,WELL-00019_20141117190526,WELL-00019,mixed,63,64,2014-11-20T11:05:26+00:00,1,stream
3w_own_history,WELL-00019_20141117190526,WELL-00019,mixed,64,65,2014-11-20T12:05:26+00:00,1,stream
3w_own_history,WELL-00019_20141117190526,WELL-00019,mixed,65,66,2014-11-20T13:05:26+00:00,1,stream
3w_own_history,WELL-00019_20141117190526,WELL-00019,mixed,66,67,2014-11-20T14:05:26+00:00,1,stream
3w_own_history,WELL-00019_20141117190526,WELL-00019,mixed,67,68,2014-11-20T15:05:26+00:00,1,stream
3w_own_history,WELL-00019_20141117190526,WELL-00019,mixed,68,69,2014-11-20T16:05:26+00:00,1,stream
3w_own_history,WELL-00019_20141117190526,WELL-00019,mixed,69,70,2014-11-20T17:05:26+00:00,1,stream
3w_own_history,WELL-00019_20141117190526,WELL-00019,mixed,70,71,2014-11-20T18:05:26+00:00,1,stream
3w_own_history,WELL-00019_20141117190526,WELL-00019,mixed,71,72,2014-11-20T19:05:26+00:00,1,stream
3w_own_history,WELL-00019_20141117190526,WELL-00019,mixed,72,73,2014-11-20T20:05:26+00:00,1,stream
3w_own_history,WELL-00019_20141117190526,WELL-00019,mixed,73,74,2014-11-20T21:05:26+00:00,1,stream
3w_own_history,WELL-00019_20141117190526,WELL-00019,mixed,74,75,2014-11-20T22:05:26+00:00,1,stream
3w_own_history,WELL-00019_20141117190526,WELL-00019,mixed,75,76,2014-11-20T23:05:26+00:00,1,stream
3w_own_history,WELL-00019_20141117190526,WELL-00019,mixed,76,77,2014-11-21T00:05:26+00:00,1,stream
3w_own_history,WELL-00019_20141117190526,WELL-00019,mixed,77,78,2014-11-21T01:05:26+00:00,1,stream
3w_own_history,WELL-00019_20141117190526,WELL-00019,mixed,78,79,2014-11-21T02:05:26+00:00,1,stream
3w_own_history,WELL-00019_20141117190526,WELL-00019,mixed,79,80,2014-11-21T03:05:26+00:00,1,stream
3w_own_history,WELL-00019_20141117190526,WELL-00019,mixed,80,81,2014-11-21T04:05:26+00:00,1,stream
3w_own_history,WELL-00019_20141117190526,WELL-00019,mixed,81,82,2014-11-21T05:05:26+00:00,1,stream
3w_own_history,WELL-00019_20141117190526,WELL-00019,mixed,82,83,2014-11-21T06:05:26+00:00,1,stream
3w_own_history,WELL-00019_20141117190526,WELL-00019,mixed,83,84,2014-11-21T07:05:26+00:00,1,stream
3w_own_history,WELL-00019_20141117190526,WELL-00019,mixed,84,85,2014-11-21T08:05:26+00:00,1,stream
3w_own_history,WELL-00019_20141117190526,WELL-00019,mixed,85,86,2014-11-21T09:05:26+00:00,1,stream
3w_own_history,WELL-00019_20150614025713,WELL-00019,mixed,0,1,2015-06-14T03:57:13+00:00,0,fit
3w_own_history,WELL-00019_20150614025713,WELL-00019,mixed,1,2,2015-06-14T04:57:13+00:00,0,fit
3w_own_history,WELL-00019_20150614025713,WELL-00019,mixed,2,3,2015-06-14T05:57:13+00:00,0,fit
3w_own_history,WELL-00019_20150614025713,WELL-00019,mixed,3,4,2015-06-14T06:57:13+00:00,0,threshold
3w_own_history,WELL-00019_20150614025713,WELL-00019,mixed,4,5,2015-06-14T07:57:13+00:00,0,threshold
3w_own_history,WELL-00019_20150614025713,WELL-00019,mixed,5,6,2015-06-14T08:57:13+00:00,0,threshold
3w_own_history,WELL-00019_20150614025713,WELL-00019,mixed,6,7,2015-06-14T09:57:13+00:00,0,stream
3w_own_history,WELL-00019_20150614025713,WELL-00019,mixed,7,8,2015-06-14T10:57:13+00:00,0,stream
3w_own_history,WELL-00019_20150614025713,WELL-00019,mixed,8,9,2015-06-14T11:57:13+00:00,0,stream
3w_own_history,WELL-00019_20150614025713,WELL-00019,mixed,9,10,2015-06-14T12:57:13+00:00,0,stream
3w_own_history,WELL-00019_20150614025713,WELL-00019,mixed,10,11,2015-06-14T13:57:13+00:00,0,stream
3w_own_history,WELL-00019_20150614025713,WELL-00019,mixed,11,12,2015-06-14T14:57:13+00:00,0,stream
3w_own_history,WELL-00019_20150614025713,WELL-00019,mixed,12,13,2015-06-14T15:57:13+00:00,0,stream
3w_own_history,WELL-00019_20150614025713,WELL-00019,mixed,13,14,2015-06-14T16:57:13+00:00,0,stream
3w_own_history,WELL-00019_20150614025713,WELL-00019,mixed,14,15,2015-06-14T17:57:13+00:00,1,stream
3w_own_history,WELL-00019_20150614025713,WELL-00019,mixed,15,16,2015-06-14T18:57:13+00:00,1,stream
3w_own_history,WELL-00019_20150614025713,WELL-00019,mixed,16,17,2015-06-14T19:57:13+00:00,1,stream
3w_own_history,WELL-00019_20150614025713,WELL-00019,mixed,17,18,2015-06-14T20:57:13+00:00,1,stream
3w_own_history,WELL-00019_20150614025713,WELL-00019,mixed,18,19,2015-06-14T21:57:13+00:00,1,stream
3w_own_history,WELL-00019_20150614025713,WELL-00019,mixed,19,20,2015-06-14T22:57:13+00:00,1,stream
3w_own_history,WELL-00019_20150614025713,WELL-00019,mixed,20,21,2015-06-14T23:57:13+00:00,1,stream
3w_own_history,WELL-00019_20150614025713,WELL-00019,mixed,21,22,2015-06-15T00:57:13+00:00,1,stream
3w_own_history,WELL-00019_20150614025713,WELL-00019,mixed,22,23,2015-06-15T01:57:13+00:00,1,stream
3w_own_history,WELL-00019_20150614025713,WELL-00019,mixed,23,24,2015-06-15T02:57:13+00:00,1,stream
3w_own_history,WELL-00019_20150614025713,WELL-00019,mixed,24,25,2015-06-15T03:57:13+00:00,1,stream
3w_own_history,WELL-00019_20150614025713,WELL-00019,mixed,25,26,2015-06-15T04:57:13+00:00,1,stream
3w_own_history,WELL-00019_20150614025713,WELL-00019,mixed,26,27,2015-06-15T05:57:13+00:00,1,stream
3w_own_history,WELL-00019_20150614025713,WELL-00019,mixed,27,28,2015-06-15T06:57:13+00:00,1,stream
3w_own_history,WELL-00019_20150614025713,WELL-00019,mixed,28,29,2015-06-15T07:57:13+00:00,1,stream
3w_own_history,WELL-00019_20150614025713,WELL-00019,mixed,29,30,2015-06-15T08:57:13+00:00,1,stream
3w_own_history,WELL-00019_20150614025713,WELL-00019,mixed,30,31,2015-06-15T09:57:13+00:00,1,stream
3w_own_history,WELL-00019_20150614025713,WELL-00019,mixed,31,32,2015-06-15T10:57:13+00:00,1,stream
3w_own_history,WELL-00019_20150614025713,WELL-00019,mixed,32,33,2015-06-15T11:57:13+00:00,1,stream
3w_own_history,WELL-00019_20150614025713,WELL-00019,mixed,33,34,2015-06-15T12:57:13+00:00,1,stream
3w_own_history,WELL-00019_20150614025713,WELL-00019,mixed,34,35,2015-06-15T13:57:13+00:00,1,stream
3w_own_history,WELL-00019_20150614025713,WELL-00019,mixed,35,36,2015-06-15T14:57:13+00:00,1,stream
3w_own_history,WELL-00019_20150614025713,WELL-00019,mixed,36,37,2015-06-15T15:57:13+00:00,1,stream
3w_own_history,WELL-00019_20150614025713,WELL-00019,mixed,37,38,2015-06-15T16:57:13+00:00,1,stream
3w_own_history,WELL-00019_20150614025713,WELL-00019,mixed,38,39,2015-06-15T17:57:13+00:00,1,stream
3w_own_history,WELL-00019_20150614025713,WELL-00019,mixed,39,40,2015-06-15T18:57:13+00:00,1,stream
3w_own_history,WELL-00019_20150614025713,WELL-00019,mixed,40,41,2015-06-15T19:57:13+00:00,1,stream
3w_own_history,WELL-00019_20150614025713,WELL-00019,mixed,41,42,2015-06-15T20:57:13+00:00,1,stream
3w_own_history,WELL-00019_20150614025713,WELL-00019,mixed,42,43,2015-06-15T21:57:13+00:00,1,stream
3w_own_history,WELL-00019_20150614025713,WELL-00019,mixed,43,44,2015-06-15T22:57:13+00:00,1,stream
3w_own_history,WELL-00019_20150614025713,WELL-00019,mixed,44,45,2015-06-15T23:57:13+00:00,1,stream
3w_own_history,WELL-00019_20170307235203,WELL-00019,normal,0,1,2017-03-08T00:52:03+00:00,0,fit
3w_own_history,WELL-00019_20170307235203,WELL-00019,normal,1,2,2017-03-08T01:52:03+00:00,0,fit
3w_own_history,WELL-00019_20170307235203,WELL-00019,normal,2,3,2017-03-08T02:52:03+00:00,0,fit
3w_own_history,WELL-00019_20170307235203,WELL-00019,normal,3,4,2017-03-08T03:52:03+00:00,0,threshold
3w_own_history,WELL-00019_20170307235203,WELL-00019,normal,4,5,2017-03-08T04:52:03+00:00,0,threshold
3w_own_history,WELL-00019_20170307235203,WELL-00019,normal,5,6,2017-03-08T05:52:03+00:00,0,threshold
3w_own_history,WELL-00019_20170307235203,WELL-00019,normal,6,7,2017-03-08T06:52:03+00:00,0,stream
3w_own_history,WELL-00019_20170307235203,WELL-00019,normal,7,8,2017-03-08T07:52:03+00:00,0,stream
3w_own_history,WELL-00019_20170307235203,WELL-00019,normal,8,9,2017-03-08T08:52:03+00:00,0,stream
3w_own_history,WELL-00019_20170307235203,WELL-00019,normal,9,10,2017-03-08T09:52:03+00:00,0,stream
3w_own_history,WELL-00019_20170307235203,WELL-00019,normal,10,11,2017-03-08T10:52:03+00:00,0,stream
3w_own_history,WELL-00019_20170307235203,WELL-00019,normal,11,12,2017-03-08T11:52:03+00:00,0,stream
3w_own_history,WELL-00019_20170307235203,WELL-00019,normal,12,13,2017-03-08T12:52:03+00:00,0,stream
3w_own_history,WELL-00019_20170307235203,WELL-00019,normal,13,14,2017-03-08T13:52:03+00:00,0,stream
3w_own_history,WELL-00019_20170307235203,WELL-00019,normal,14,15,2017-03-08T14:52:03+00:00,0,stream
3w_own_history,WELL-00019_20170307235203,WELL-00019,normal,15,16,2017-03-08T15:52:03+00:00,0,stream
3w_own_history,WELL-00019_20170307235203,WELL-00019,normal,16,17,2017-03-08T16:52:03+00:00,0,stream
3w_own_history,WELL-00019_20170307235203,WELL-00019,normal,17,18,2017-03-08T17:52:03+00:00,0,stream
3w_own_history,WELL-00019_20170307235203,WELL-00019,normal,18,19,2017-03-08T18:52:03+00:00,0,stream
3w_own_history,WELL-00019_20170307235203,WELL-00019,normal,19,20,2017-03-08T19:52:03+00:00,0,stream
3w_own_history,WELL-00019_20170307235203,WELL-00019,normal,20,21,2017-03-08T20:52:03+00:00,0,stream
3w_own_history,WELL-00019_20170307235203,WELL-00019,normal,21,22,2017-03-08T21:52:03+00:00,0,stream
3w_own_history,WELL-00019_20170307235203,WELL-00019,normal,22,23,2017-03-08T22:52:03+00:00,0,stream
3w_own_history,WELL-00019_20170307235203,WELL-00019,normal,23,24,2017-03-08T23:52:03+00:00,0,stream
3w_own_history,WELL-00019_20170307235203,WELL-00019,normal,24,25,2017-03-09T00:52:03+00:00,0,stream
3w_own_history,WELL-00019_20170307235203,WELL-00019,normal,25,26,2017-03-09T01:52:03+00:00,0,stream
3w_own_history,WELL-00019_20170307235203,WELL-00019,normal,26,27,2017-03-09T02:52:03+00:00,0,stream
3w_own_history,WELL-00019_20170307235203,WELL-00019,normal,27,28,2017-03-09T03:52:03+00:00,0,stream
3w_own_history,WELL-00019_20170307235203,WELL-00019,normal,28,29,2017-03-09T04:52:03+00:00,0,stream
3w_own_history,WELL-00019_20170307235203,WELL-00019,normal,29,30,2017-03-09T05:52:03+00:00,0,stream
3w_own_history,WELL-00019_20170307235203,WELL-00019,normal,30,31,2017-03-09T06:52:03+00:00,0,stream
3w_own_history,WELL-00019_20170307235203,WELL-00019,normal,31,32,2017-03-09T07:52:03+00:00,0,stream
3w_own_history,WELL-00019_20170307235203,WELL-00019,normal,32,33,2017-03-09T08:52:03+00:00,0,stream
3w_own_history,WELL-00019_20170307235203,WELL-00019,normal,33,34,2017-03-09T09:52:03+00:00,0,stream
3w_own_history,WELL-00019_20170307235203,WELL-00019,normal,34,35,2017-03-09T10:52:03+00:00,0,stream
3w_own_history,WELL-00019_20170307235203,WELL-00019,normal,35,36,2017-03-09T11:52:03+00:00,0,stream
3w_own_history,WELL-00019_20170307235203,WELL-00019,normal,36,37,2017-03-09T12:52:03+00:00,0,stream
3w_own_history,WELL-00019_20170307235203,WELL-00019,normal,37,38,2017-03-09T13:52:03+00:00,0,stream
3w_own_history,WELL-00019_20210617032654,WELL-00019,mixed,0,1,2021-06-17T04:26:54+00:00,0,fit
3w_own_history,WELL-00019_20210617032654,WELL-00019,mixed,1,2,2021-06-17T05:26:54+00:00,0,fit
3w_own_history,WELL-00019_20210617032654,WELL-00019,mixed,2,3,2021-06-17T06:26:54+00:00,0,fit
3w_own_history,WELL-00019_20210617032654,WELL-00019,mixed,3,4,2021-06-17T07:26:54+00:00,0,threshold
3w_own_history,WELL-00019_20210617032654,WELL-00019,mixed,4,5,2021-06-17T08:26:54+00:00,0,threshold
3w_own_history,WELL-00019_20210617032654,WELL-00019,mixed,5,6,2021-06-17T09:26:54+00:00,0,threshold
3w_own_history,WELL-00019_20210617032654,WELL-00019,mixed,6,7,2021-06-17T10:26:54+00:00,0,stream
3w_own_history,WELL-00019_20210617032654,WELL-00019,mixed,7,8,2021-06-17T11:26:54+00:00,0,stream
3w_own_history,WELL-00019_20210617032654,WELL-00019,mixed,8,9,2021-06-17T12:26:54+00:00,0,stream
3w_own_history,WELL-00019_20210617032654,WELL-00019,mixed,9,10,2021-06-17T13:26:54+00:00,0,stream
3w_own_history,WELL-00019_20210617032654,WELL-00019,mixed,10,11,2021-06-17T14:26:54+00:00,0,stream
3w_own_history,WELL-00019_20210617032654,WELL-00019,mixed,11,12,2021-06-17T15:26:54+00:00,0,stream
3w_own_history,WELL-00019_20210617032654,WELL-00019,mixed,12,13,2021-06-17T16:26:54+00:00,0,stream
3w_own_history,WELL-00019_20210617032654,WELL-00019,mixed,13,14,2021-06-17T17:26:54+00:00,0,stream
3w_own_history,WELL-00019_20210617032654,WELL-00019,mixed,14,15,2021-06-17T18:26:54+00:00,1,stream
3w_own_history,WELL-00019_20210617032654,WELL-00019,mixed,15,16,2021-06-17T19:26:54+00:00,1,stream
3w_own_history,WELL-00019_20210617032654,WELL-00019,mixed,16,17,2021-06-17T20:26:54+00:00,1,stream
3w_own_history,WELL-00019_20210617032654,WELL-00019,mixed,17,18,2021-06-17T21:26:54+00:00,1,stream
3w_own_history,WELL-00019_20210617032654,WELL-00019,mixed,18,19,2021-06-17T22:26:54+00:00,1,stream
3w_own_history,WELL-00019_20210617032654,WELL-00019,mixed,19,20,2021-06-17T23:26:54+00:00,1,stream
3w_own_history,WELL-00019_20210617032654,WELL-00019,mixed,20,21,2021-06-18T00:26:54+00:00,1,stream
3w_own_history,WELL-00019_20210617032654,WELL-00019,mixed,21,22,2021-06-18T01:26:54+00:00,1,stream
3w_own_history,WELL-00019_20210617032654,WELL-00019,mixed,22,23,2021-06-18T02:26:54+00:00,1,stream
3w_own_history,WELL-00019_20210617032654,WELL-00019,mixed,23,24,2021-06-18T03:26:54+00:00,1,stream
3w_own_history,WELL-00019_20210617032654,WELL-00019,mixed,24,25,2021-06-18T04:26:54+00:00,1,stream
3w_own_history,WELL-00019_20210617032654,WELL-00019,mixed,25,26,2021-06-18T05:26:54+00:00,1,stream
3w_own_history,WELL-00019_20210617032654,WELL-00019,mixed,26,27,2021-06-18T06:26:54+00:00,1,stream
3w_own_history,WELL-00019_20210617032654,WELL-00019,mixed,27,28,2021-06-18T07:26:54+00:00,1,stream
3w_own_history,WELL-00019_20210617032654,WELL-00019,mixed,28,29,2021-06-18T08:26:54+00:00,1,stream
3w_own_history,WELL-00019_20210617032654,WELL-00019,mixed,29,30,2021-06-18T09:26:54+00:00,1,stream
3w_own_history,WELL-00019_20210617032654,WELL-00019,mixed,30,31,2021-06-18T10:26:54+00:00,1,stream
3w_own_history,WELL-00019_20210617032654,WELL-00019,mixed,31,32,2021-06-18T11:26:54+00:00,1,stream
3w_own_history,WELL-00019_20210617032654,WELL-00019,mixed,32,33,2021-06-18T12:26:54+00:00,1,stream
3w_own_history,WELL-00019_20210617032654,WELL-00019,mixed,33,34,2021-06-18T13:26:54+00:00,1,stream
3w_own_history,WELL-00019_20210617032654,WELL-00019,mixed,34,35,2021-06-18T14:26:54+00:00,1,stream
3w_own_history,WELL-00019_20210617032654,WELL-00019,mixed,35,36,2021-06-18T15:26:54+00:00,1,stream
3w_own_history,WELL-00019_20210617032654,WELL-00019,mixed,36,37,2021-06-18T16:26:54+00:00,1,stream
3w_own_history,WELL-00019_20210617032654,WELL-00019,mixed,37,38,2021-06-18T17:26:54+00:00,1,stream
3w_own_history,WELL-00019_20210617032654,WELL-00019,mixed,38,39,2021-06-18T18:26:54+00:00,1,stream
3w_own_history,WELL-00019_20210617032654,WELL-00019,mixed,39,40,2021-06-18T19:26:54+00:00,1,stream
3w_own_history,WELL-00019_20210617032654,WELL-00019,mixed,40,41,2021-06-18T20:26:54+00:00,1,stream
3w_own_history,WELL-00019_20210617032654,WELL-00019,mixed,41,42,2021-06-18T21:26:54+00:00,1,stream
3w_own_history,WELL-00019_20210617032654,WELL-00019,mixed,42,43,2021-06-18T22:26:54+00:00,1,stream
3w_own_history,WELL-00019_20210617032654,WELL-00019,mixed,43,44,2021-06-18T23:26:54+00:00,1,stream
3w_own_history,WELL-00019_20210617032654,WELL-00019,mixed,44,45,2021-06-19T00:26:54+00:00,1,stream
3w_own_history,WELL-00019_20210617032654,WELL-00019,mixed,45,46,2021-06-19T01:26:54+00:00,1,stream
3w_own_history,WELL-00019_20210617032654,WELL-00019,mixed,46,47,2021-06-19T02:26:54+00:00,1,stream
3w_own_history,WELL-00019_20210617032654,WELL-00019,mixed,47,48,2021-06-19T03:26:54+00:00,1,stream
3w_own_history,WELL-00019_20210617032654,WELL-00019,mixed,48,49,2021-06-19T04:26:54+00:00,1,stream
3w_own_history,WELL-00019_20210617032654,WELL-00019,mixed,49,50,2021-06-19T05:26:54+00:00,1,stream
3w_own_history,WELL-00019_20210617032654,WELL-00019,mixed,50,51,2021-06-19T06:26:54+00:00,1,stream
3w_own_history,WELL-00019_20210617032654,WELL-00019,mixed,51,52,2021-06-19T07:26:54+00:00,1,stream
3w_own_history,WELL-00019_20210617032654,WELL-00019,mixed,52,53,2021-06-19T08:26:54+00:00,1,stream
3w_own_history,WELL-00019_20210617032654,WELL-00019,mixed,53,54,2021-06-19T09:26:54+00:00,1,stream
3w_own_history,WELL-00019_20210617032654,WELL-00019,mixed,54,55,2021-06-19T10:26:54+00:00,1,stream
3w_own_history,WELL-00019_20210617032654,WELL-00019,mixed,55,56,2021-06-19T11:26:54+00:00,1,stream
3w_own_history,WELL-00019_20210617032654,WELL-00019,mixed,56,57,2021-06-19T12:26:54+00:00,1,stream
3w_own_history,WELL-00019_20210617032654,WELL-00019,mixed,57,58,2021-06-19T13:26:54+00:00,1,stream
3w_own_history,WELL-00019_20210617032654,WELL-00019,mixed,58,59,2021-06-19T14:26:54+00:00,1,stream
3w_own_history,WELL-00019_20210617032654,WELL-00019,mixed,59,60,2021-06-19T15:26:54+00:00,1,stream
3w_own_history,WELL-00019_20210617032654,WELL-00019,mixed,60,61,2021-06-19T16:26:54+00:00,1,stream
3w_own_history,WELL-00019_20210617032654,WELL-00019,mixed,61,62,2021-06-19T17:26:54+00:00,1,stream
3w_own_history,WELL-00019_20210617032654,WELL-00019,mixed,62,63,2021-06-19T18:26:54+00:00,1,stream
3w_own_history,WELL-00019_20210617032654,WELL-00019,mixed,63,64,2021-06-19T19:26:54+00:00,1,stream
3w_own_history,WELL-00019_20210617032654,WELL-00019,mixed,64,65,2021-06-19T20:26:54+00:00,1,stream
3w_own_history,WELL-00019_20210617032654,WELL-00019,mixed,65,66,2021-06-19T21:26:54+00:00,1,stream
3w_own_history,WELL-00019_20210617032654,WELL-00019,mixed,66,67,2021-06-19T22:26:54+00:00,1,stream
3w_own_history,WELL-00019_20210617032654,WELL-00019,mixed,67,68,2021-06-19T23:26:54+00:00,1,stream
3w_own_history,WELL-00019_20210617032654,WELL-00019,mixed,68,69,2021-06-20T00:26:54+00:00,1,stream
3w_own_history,WELL-00020_20140319110000,WELL-00020,mixed,0,1,2014-03-19T12:00:00+00:00,0,fit
3w_own_history,WELL-00020_20140319110000,WELL-00020,mixed,1,2,2014-03-19T13:00:00+00:00,0,fit
3w_own_history,WELL-00020_20140319110000,WELL-00020,mixed,2,3,2014-03-19T14:00:00+00:00,0,fit
3w_own_history,WELL-00020_20140319110000,WELL-00020,mixed,3,4,2014-03-19T15:00:00+00:00,1,threshold
3w_own_history,WELL-00020_20140319110000,WELL-00020,mixed,4,5,2014-03-19T16:00:00+00:00,1,threshold
3w_own_history,WELL-00020_20140319110000,WELL-00020,mixed,5,6,2014-03-19T17:00:00+00:00,1,threshold
3w_own_history,WELL-00020_20140319110000,WELL-00020,mixed,6,7,2014-03-19T18:00:00+00:00,1,stream
3w_own_history,WELL-00020_20140319110000,WELL-00020,mixed,7,8,2014-03-19T19:00:00+00:00,1,stream
3w_own_history,WELL-00020_20140319110000,WELL-00020,mixed,8,9,2014-03-19T20:00:00+00:00,1,stream
3w_own_history,WELL-00020_20140319110000,WELL-00020,mixed,9,10,2014-03-19T21:00:00+00:00,1,stream
3w_own_history,WELL-00020_20140319110000,WELL-00020,mixed,10,11,2014-03-19T22:00:00+00:00,1,stream
3w_own_history,WELL-00020_20140319110000,WELL-00020,mixed,11,12,2014-03-19T23:00:00+00:00,1,stream
3w_own_history,WELL-00020_20140319110000,WELL-00020,mixed,12,13,2014-03-20T00:00:00+00:00,1,stream
3w_own_history,WELL-00020_20140319110000,WELL-00020,mixed,13,14,2014-03-20T01:00:00+00:00,1,stream
3w_own_history,WELL-00020_20140319110000,WELL-00020,mixed,14,15,2014-03-20T02:00:00+00:00,1,stream
3w_own_history,WELL-00020_20140319110000,WELL-00020,mixed,15,16,2014-03-20T03:00:00+00:00,1,stream
3w_own_history,WELL-00021_20180611011218,WELL-00021,mixed,0,1,2018-06-11T02:12:18+00:00,0,fit
3w_own_history,WELL-00021_20180611011218,WELL-00021,mixed,1,2,2018-06-11T03:12:18+00:00,0,fit
3w_own_history,WELL-00021_20180611011218,WELL-00021,mixed,2,3,2018-06-11T04:12:18+00:00,0,fit
3w_own_history,WELL-00021_20180611011218,WELL-00021,mixed,3,4,2018-06-11T05:12:18+00:00,0,threshold
3w_own_history,WELL-00021_20180611011218,WELL-00021,mixed,4,5,2018-06-11T06:12:18+00:00,1,threshold
3w_own_history,WELL-00021_20180611011218,WELL-00021,mixed,5,6,2018-06-11T07:12:18+00:00,1,threshold
3w_own_history,WELL-00021_20180611011218,WELL-00021,mixed,6,7,2018-06-11T08:12:18+00:00,1,stream
3w_own_history,WELL-00021_20180611011218,WELL-00021,mixed,7,8,2018-06-11T09:12:18+00:00,1,stream
3w_own_history,WELL-00021_20180611011218,WELL-00021,mixed,8,9,2018-06-11T10:12:18+00:00,1,stream
3w_own_history,WELL-00021_20180611011218,WELL-00021,mixed,9,10,2018-06-11T11:12:18+00:00,1,stream
3w_own_history,WELL-00021_20180611011218,WELL-00021,mixed,10,11,2018-06-11T12:12:18+00:00,1,stream
3w_own_history,WELL-00021_20190403013307,WELL-00021,mixed,0,1,2019-04-03T02:33:07+00:00,0,fit
3w_own_history,WELL-00021_20190403013307,WELL-00021,mixed,1,2,2019-04-03T03:33:07+00:00,0,fit
3w_own_history,WELL-00021_20190403013307,WELL-00021,mixed,2,3,2019-04-03T04:33:07+00:00,0,fit
3w_own_history,WELL-00021_20190403013307,WELL-00021,mixed,3,4,2019-04-03T05:33:07+00:00,0,threshold
3w_own_history,WELL-00021_20190403013307,WELL-00021,mixed,4,5,2019-04-03T06:33:07+00:00,0,threshold
3w_own_history,WELL-00021_20190403013307,WELL-00021,mixed,5,6,2019-04-03T07:33:07+00:00,0,threshold
3w_own_history,WELL-00021_20190403013307,WELL-00021,mixed,6,7,2019-04-03T08:33:07+00:00,0,stream
3w_own_history,WELL-00021_20190403013307,WELL-00021,mixed,7,8,2019-04-03T09:33:07+00:00,1,stream
3w_own_history,WELL-00021_20190403013307,WELL-00021,mixed,8,9,2019-04-03T10:33:07+00:00,1,stream
3w_own_history,WELL-00021_20190403013307,WELL-00021,mixed,9,10,2019-04-03T11:33:07+00:00,1,stream
3w_own_history,WELL-00021_20190403013307,WELL-00021,mixed,10,11,2019-04-03T12:33:07+00:00,1,stream
3w_own_history,WELL-00021_20190403013307,WELL-00021,mixed,11,12,2019-04-03T13:33:07+00:00,1,stream
3w_own_history,WELL-00022_20180802233838,WELL-00022,mixed,0,1,2018-08-03T00:38:38+00:00,0,fit
3w_own_history,WELL-00022_20180802233838,WELL-00022,mixed,1,2,2018-08-03T01:38:38+00:00,0,fit
3w_own_history,WELL-00022_20180802233838,WELL-00022,mixed,2,3,2018-08-03T02:38:38+00:00,0,fit
3w_own_history,WELL-00022_20180802233838,WELL-00022,mixed,3,4,2018-08-03T03:38:38+00:00,0,threshold
3w_own_history,WELL-00022_20180802233838,WELL-00022,mixed,4,5,2018-08-03T04:38:38+00:00,0,threshold
3w_own_history,WELL-00022_20180802233838,WELL-00022,mixed,5,6,2018-08-03T05:38:38+00:00,0,threshold
3w_own_history,WELL-00022_20180802233838,WELL-00022,mixed,6,7,2018-08-03T06:38:38+00:00,0,stream
3w_own_history,WELL-00022_20180802233838,WELL-00022,mixed,7,8,2018-08-03T07:38:38+00:00,0,stream
3w_own_history,WELL-00022_20180802233838,WELL-00022,mixed,8,9,2018-08-03T08:38:38+00:00,0,stream
3w_own_history,WELL-00022_20180802233838,WELL-00022,mixed,9,10,2018-08-03T09:38:38+00:00,0,stream
3w_own_history,WELL-00022_20180802233838,WELL-00022,mixed,10,11,2018-08-03T10:38:38+00:00,0,stream
3w_own_history,WELL-00022_20180802233838,WELL-00022,mixed,11,12,2018-08-03T11:38:38+00:00,0,stream
3w_own_history,WELL-00022_20180802233838,WELL-00022,mixed,12,13,2018-08-03T12:38:38+00:00,0,stream
3w_own_history,WELL-00022_20180802233838,WELL-00022,mixed,13,14,2018-08-03T13:38:38+00:00,0,stream
3w_own_history,WELL-00022_20180802233838,WELL-00022,mixed,14,15,2018-08-03T14:38:38+00:00,0,stream
3w_own_history,WELL-00022_20180802233838,WELL-00022,mixed,15,16,2018-08-03T15:38:38+00:00,0,stream
3w_own_history,WELL-00022_20180802233838,WELL-00022,mixed,16,17,2018-08-03T16:38:38+00:00,0,stream
3w_own_history,WELL-00022_20180802233838,WELL-00022,mixed,17,18,2018-08-03T17:38:38+00:00,0,stream
3w_own_history,WELL-00022_20180802233838,WELL-00022,mixed,18,19,2018-08-03T18:38:38+00:00,0,stream
3w_own_history,WELL-00022_20180802233838,WELL-00022,mixed,19,20,2018-08-03T19:38:38+00:00,0,stream
3w_own_history,WELL-00022_20180802233838,WELL-00022,mixed,20,21,2018-08-03T20:38:38+00:00,0,stream
3w_own_history,WELL-00022_20180802233838,WELL-00022,mixed,21,22,2018-08-03T21:38:38+00:00,0,stream
3w_own_history,WELL-00022_20180802233838,WELL-00022,mixed,22,23,2018-08-03T22:38:38+00:00,1,stream
3w_own_history,WELL-00022_20180802233838,WELL-00022,mixed,23,24,2018-08-03T23:38:38+00:00,1,stream
3w_own_history,WELL-00022_20180802233838,WELL-00022,mixed,24,25,2018-08-04T00:38:38+00:00,1,stream
3w_own_history,WELL-00022_20180802233838,WELL-00022,mixed,25,26,2018-08-04T01:38:38+00:00,1,stream
3w_own_history,WELL-00022_20180802233838,WELL-00022,mixed,26,27,2018-08-04T02:38:38+00:00,1,stream
3w_own_history,WELL-00022_20180802233838,WELL-00022,mixed,27,28,2018-08-04T03:38:38+00:00,1,stream
3w_own_history,WELL-00022_20180802233838,WELL-00022,mixed,28,29,2018-08-04T04:38:38+00:00,1,stream
3w_own_history,WELL-00022_20180802233838,WELL-00022,mixed,29,30,2018-08-04T05:38:38+00:00,1,stream
3w_own_history,WELL-00022_20180802233838,WELL-00022,mixed,30,31,2018-08-04T06:38:38+00:00,1,stream
3w_own_history,WELL-00022_20180802233838,WELL-00022,mixed,31,32,2018-08-04T07:38:38+00:00,1,stream
3w_own_history,WELL-00022_20180802233838,WELL-00022,mixed,32,33,2018-08-04T08:38:38+00:00,1,stream
3w_own_history,WELL-00022_20180802233838,WELL-00022,mixed,33,34,2018-08-04T09:38:38+00:00,1,stream
3w_own_history,WELL-00022_20180802233838,WELL-00022,mixed,34,35,2018-08-04T10:38:38+00:00,1,stream
3w_own_history,WELL-00022_20180802233838,WELL-00022,mixed,35,36,2018-08-04T11:38:38+00:00,1,stream
3w_own_history,WELL-00022_20180802233838,WELL-00022,mixed,36,37,2018-08-04T12:38:38+00:00,1,stream
3w_own_history,WELL-00022_20180802233838,WELL-00022,mixed,37,38,2018-08-04T13:38:38+00:00,1,stream
3w_own_history,WELL-00022_20180802233838,WELL-00022,mixed,38,39,2018-08-04T14:38:38+00:00,1,stream
3w_own_history,WELL-00022_20180802233838,WELL-00022,mixed,39,40,2018-08-04T15:38:38+00:00,1,stream
3w_own_history,WELL-00022_20180802233838,WELL-00022,mixed,40,41,2018-08-04T16:38:38+00:00,1,stream
3w_own_history,WELL-00022_20180802233838,WELL-00022,mixed,41,42,2018-08-04T17:38:38+00:00,1,stream
3w_own_history,WELL-00022_20180802233838,WELL-00022,mixed,42,43,2018-08-04T18:38:38+00:00,1,stream
3w_own_history,WELL-00022_20180802233838,WELL-00022,mixed,43,44,2018-08-04T19:38:38+00:00,1,stream
3w_own_history,WELL-00022_20180802233838,WELL-00022,mixed,44,45,2018-08-04T20:38:38+00:00,1,stream
3w_own_history,WELL-00022_20180802233838,WELL-00022,mixed,45,46,2018-08-04T21:38:38+00:00,1,stream
3w_own_history,WELL-00022_20180802233838,WELL-00022,mixed,46,47,2018-08-04T22:38:38+00:00,1,stream
3w_own_history,WELL-00022_20180802233838,WELL-00022,mixed,47,48,2018-08-04T23:38:38+00:00,1,stream
3w_own_history,WELL-00022_20180802233838,WELL-00022,mixed,48,49,2018-08-05T00:38:38+00:00,1,stream
3w_own_history,WELL-00022_20180802233838,WELL-00022,mixed,49,50,2018-08-05T01:38:38+00:00,1,stream
3w_own_history,WELL-00022_20180802233838,WELL-00022,mixed,50,51,2018-08-05T02:38:38+00:00,1,stream
3w_own_history,WELL-00022_20180802233838,WELL-00022,mixed,51,52,2018-08-05T03:38:38+00:00,1,stream
3w_own_history,WELL-00022_20180802233838,WELL-00022,mixed,52,53,2018-08-05T04:38:38+00:00,1,stream
3w_own_history,WELL-00022_20180802233838,WELL-00022,mixed,53,54,2018-08-05T05:38:38+00:00,1,stream
3w_own_history,WELL-00022_20180802233838,WELL-00022,mixed,54,55,2018-08-05T06:38:38+00:00,1,stream
3w_own_history,WELL-00022_20180802233838,WELL-00022,mixed,55,56,2018-08-05T07:38:38+00:00,1,stream
3w_own_history,WELL-00022_20180802233838,WELL-00022,mixed,56,57,2018-08-05T08:38:38+00:00,1,stream
3w_own_history,WELL-00022_20180802233838,WELL-00022,mixed,57,58,2018-08-05T09:38:38+00:00,1,stream
3w_own_history,WELL-00022_20180802233838,WELL-00022,mixed,58,59,2018-08-05T10:38:38+00:00,1,stream
3w_own_history,WELL-00022_20180802233838,WELL-00022,mixed,59,60,2018-08-05T11:38:38+00:00,1,stream
3w_own_history,WELL-00022_20180802233838,WELL-00022,mixed,60,61,2018-08-05T12:38:38+00:00,1,stream
3w_own_history,WELL-00022_20180802233838,WELL-00022,mixed,61,62,2018-08-05T13:38:38+00:00,1,stream
3w_own_history,WELL-00022_20180802233838,WELL-00022,mixed,62,63,2018-08-05T14:38:38+00:00,1,stream
3w_own_history,WELL-00022_20180802233838,WELL-00022,mixed,63,64,2018-08-05T15:38:38+00:00,1,stream
3w_own_history,WELL-00022_20180802233838,WELL-00022,mixed,64,65,2018-08-05T16:38:38+00:00,1,stream
3w_own_history,WELL-00022_20180802233838,WELL-00022,mixed,65,66,2018-08-05T17:38:38+00:00,1,stream
3w_own_history,WELL-00022_20180802233838,WELL-00022,mixed,66,67,2018-08-05T18:38:38+00:00,1,stream
3w_own_history,WELL-00022_20180802233838,WELL-00022,mixed,67,68,2018-08-05T19:38:38+00:00,1,stream
3w_own_history,WELL-00022_20180802233838,WELL-00022,mixed,68,69,2018-08-05T20:38:38+00:00,1,stream
3w_own_history,WELL-00022_20180802233838,WELL-00022,mixed,69,70,2018-08-05T21:38:38+00:00,1,stream
3w_own_history,WELL-00022_20180802233838,WELL-00022,mixed,70,71,2018-08-05T22:38:38+00:00,1,stream
3w_own_history,WELL-00022_20180802233838,WELL-00022,mixed,71,72,2018-08-05T23:38:38+00:00,1,stream
3w_own_history,WELL-00022_20180802233838,WELL-00022,mixed,72,73,2018-08-06T00:38:38+00:00,1,stream
3w_own_history,WELL-00022_20180802233838,WELL-00022,mixed,73,74,2018-08-06T01:38:38+00:00,1,stream
3w_own_history,WELL-00022_20180802233838,WELL-00022,mixed,74,75,2018-08-06T02:38:38+00:00,1,stream
3w_own_history,WELL-00022_20180802233838,WELL-00022,mixed,75,76,2018-08-06T03:38:38+00:00,1,stream
3w_own_history,WELL-00022_20180802233838,WELL-00022,mixed,76,77,2018-08-06T04:38:38+00:00,1,stream
3w_own_history,WELL-00022_20180802233838,WELL-00022,mixed,77,78,2018-08-06T05:38:38+00:00,1,stream
3w_own_history,WELL-00022_20180802233838,WELL-00022,mixed,78,79,2018-08-06T06:38:38+00:00,1,stream
3w_own_history,WELL-00022_20180802233838,WELL-00022,mixed,79,80,2018-08-06T07:38:38+00:00,1,stream
3w_own_history,WELL-00022_20180802233838,WELL-00022,mixed,80,81,2018-08-06T08:38:38+00:00,1,stream
3w_own_history,WELL-00022_20180802233838,WELL-00022,mixed,81,82,2018-08-06T09:38:38+00:00,1,stream
3w_own_history,WELL-00022_20180802233838,WELL-00022,mixed,82,83,2018-08-06T10:38:38+00:00,1,stream
3w_own_history,WELL-00022_20180912025800,WELL-00022,mixed,0,1,2018-09-12T03:58:00+00:00,0,fit
3w_own_history,WELL-00022_20180912025800,WELL-00022,mixed,1,2,2018-09-12T04:58:00+00:00,0,fit
3w_own_history,WELL-00022_20180912025800,WELL-00022,mixed,2,3,2018-09-12T05:58:00+00:00,0,fit
3w_own_history,WELL-00022_20180912025800,WELL-00022,mixed,3,4,2018-09-12T06:58:00+00:00,0,threshold
3w_own_history,WELL-00022_20180912025800,WELL-00022,mixed,4,5,2018-09-12T07:58:00+00:00,0,threshold
3w_own_history,WELL-00022_20180912025800,WELL-00022,mixed,5,6,2018-09-12T08:58:00+00:00,0,threshold
3w_own_history,WELL-00022_20180912025800,WELL-00022,mixed,6,7,2018-09-12T09:58:00+00:00,0,stream
3w_own_history,WELL-00022_20180912025800,WELL-00022,mixed,7,8,2018-09-12T10:58:00+00:00,1,stream
3w_own_history,WELL-00022_20180912025800,WELL-00022,mixed,8,9,2018-09-12T11:58:00+00:00,1,stream
3w_own_history,WELL-00022_20180912025800,WELL-00022,mixed,9,10,2018-09-12T12:58:00+00:00,1,stream
3w_own_history,WELL-00022_20180912025800,WELL-00022,mixed,10,11,2018-09-12T13:58:00+00:00,1,stream
3w_own_history,WELL-00022_20180912025800,WELL-00022,mixed,11,12,2018-09-12T14:58:00+00:00,1,stream
3w_own_history,WELL-00022_20180912025800,WELL-00022,mixed,12,13,2018-09-12T15:58:00+00:00,1,stream
3w_own_history,WELL-00022_20180912025800,WELL-00022,mixed,13,14,2018-09-12T16:58:00+00:00,1,stream
3w_own_history,WELL-00022_20180912025800,WELL-00022,mixed,14,15,2018-09-12T17:58:00+00:00,1,stream
3w_own_history,WELL-00022_20180912025800,WELL-00022,mixed,15,16,2018-09-12T18:58:00+00:00,1,stream
3w_own_history,WELL-00022_20180912025800,WELL-00022,mixed,16,17,2018-09-12T19:58:00+00:00,1,stream
3w_own_history,WELL-00022_20180912025800,WELL-00022,mixed,17,18,2018-09-12T20:58:00+00:00,1,stream
3w_own_history,WELL-00022_20180912025800,WELL-00022,mixed,18,19,2018-09-12T21:58:00+00:00,1,stream
3w_own_history,WELL-00022_20180912025800,WELL-00022,mixed,19,20,2018-09-12T22:58:00+00:00,1,stream
3w_own_history,WELL-00022_20180912025800,WELL-00022,mixed,20,21,2018-09-12T23:58:00+00:00,1,stream
3w_own_history,WELL-00022_20180912025800,WELL-00022,mixed,21,22,2018-09-13T00:58:00+00:00,1,stream
3w_own_history,WELL-00022_20180912025800,WELL-00022,mixed,22,23,2018-09-13T01:58:00+00:00,1,stream
3w_own_history,WELL-00022_20180912025800,WELL-00022,mixed,23,24,2018-09-13T02:58:00+00:00,1,stream
3w_own_history,WELL-00022_20180912025800,WELL-00022,mixed,24,25,2018-09-13T03:58:00+00:00,1,stream
3w_own_history,WELL-00022_20180912025800,WELL-00022,mixed,25,26,2018-09-13T04:58:00+00:00,1,stream
3w_own_history,WELL-00022_20180912025800,WELL-00022,mixed,26,27,2018-09-13T05:58:00+00:00,1,stream
3w_own_history,WELL-00022_20180912025800,WELL-00022,mixed,27,28,2018-09-13T06:58:00+00:00,1,stream
3w_own_history,WELL-00022_20180912025800,WELL-00022,mixed,28,29,2018-09-13T07:58:00+00:00,1,stream
3w_own_history,WELL-00022_20180912025800,WELL-00022,mixed,29,30,2018-09-13T08:58:00+00:00,1,stream
3w_own_history,WELL-00022_20180912025800,WELL-00022,mixed,30,31,2018-09-13T09:58:00+00:00,1,stream
3w_own_history,WELL-00022_20180912025800,WELL-00022,mixed,31,32,2018-09-13T10:58:00+00:00,1,stream
3w_own_history,WELL-00022_20180912025800,WELL-00022,mixed,32,33,2018-09-13T11:58:00+00:00,1,stream
3w_own_history,WELL-00022_20180912025800,WELL-00022,mixed,33,34,2018-09-13T12:58:00+00:00,1,stream
3w_own_history,WELL-00022_20180912025800,WELL-00022,mixed,34,35,2018-09-13T13:58:00+00:00,1,stream
3w_own_history,WELL-00022_20180912025800,WELL-00022,mixed,35,36,2018-09-13T14:58:00+00:00,1,stream
3w_own_history,WELL-00022_20180912025800,WELL-00022,mixed,36,37,2018-09-13T15:58:00+00:00,1,stream
3w_own_history,WELL-00022_20180912025800,WELL-00022,mixed,37,38,2018-09-13T16:58:00+00:00,1,stream
3w_own_history,WELL-00022_20180912025800,WELL-00022,mixed,38,39,2018-09-13T17:58:00+00:00,1,stream
3w_own_history,WELL-00022_20180912025800,WELL-00022,mixed,39,40,2018-09-13T18:58:00+00:00,1,stream
3w_own_history,WELL-00022_20180912025800,WELL-00022,mixed,40,41,2018-09-13T19:58:00+00:00,1,stream
3w_own_history,WELL-00022_20180912025800,WELL-00022,mixed,41,42,2018-09-13T20:58:00+00:00,1,stream
3w_own_history,WELL-00022_20180912025800,WELL-00022,mixed,42,43,2018-09-13T21:58:00+00:00,1,stream
3w_own_history,WELL-00022_20180912025800,WELL-00022,mixed,43,44,2018-09-13T22:58:00+00:00,1,stream
3w_own_history,WELL-00022_20180912025800,WELL-00022,mixed,44,45,2018-09-13T23:58:00+00:00,1,stream
3w_own_history,WELL-00022_20180912025800,WELL-00022,mixed,45,46,2018-09-14T00:58:00+00:00,1,stream
3w_own_history,WELL-00022_20180912025800,WELL-00022,mixed,46,47,2018-09-14T01:58:00+00:00,1,stream
3w_own_history,WELL-00022_20180912025800,WELL-00022,mixed,47,48,2018-09-14T02:58:00+00:00,1,stream
3w_own_history,WELL-00022_20180912025800,WELL-00022,mixed,48,49,2018-09-14T03:58:00+00:00,1,stream
3w_own_history,WELL-00022_20180912025800,WELL-00022,mixed,49,50,2018-09-14T04:58:00+00:00,1,stream
3w_own_history,WELL-00022_20180912025800,WELL-00022,mixed,50,51,2018-09-14T05:58:00+00:00,1,stream
3w_own_history,WELL-00022_20180912025800,WELL-00022,mixed,51,52,2018-09-14T06:58:00+00:00,1,stream
3w_own_history,WELL-00022_20180912025800,WELL-00022,mixed,52,53,2018-09-14T07:58:00+00:00,1,stream
3w_own_history,WELL-00022_20180912025800,WELL-00022,mixed,53,54,2018-09-14T08:58:00+00:00,1,stream
3w_own_history,WELL-00022_20180912025800,WELL-00022,mixed,54,55,2018-09-14T09:58:00+00:00,1,stream
3w_own_history,WELL-00022_20180912025800,WELL-00022,mixed,55,56,2018-09-14T10:58:00+00:00,1,stream
3w_own_history,WELL-00022_20180912025800,WELL-00022,mixed,56,57,2018-09-14T11:58:00+00:00,1,stream
3w_own_history,WELL-00022_20180912025800,WELL-00022,mixed,57,58,2018-09-14T12:58:00+00:00,1,stream
3w_own_history,WELL-00022_20180912025800,WELL-00022,mixed,58,59,2018-09-14T13:58:00+00:00,1,stream
3w_own_history,WELL-00022_20180912025800,WELL-00022,mixed,59,60,2018-09-14T14:58:00+00:00,1,stream
3w_own_history,WELL-00022_20180912025800,WELL-00022,mixed,60,61,2018-09-14T15:58:00+00:00,1,stream
3w_own_history,WELL-00022_20180912025800,WELL-00022,mixed,61,62,2018-09-14T16:58:00+00:00,1,stream
3w_own_history,WELL-00022_20180912025800,WELL-00022,mixed,62,63,2018-09-14T17:58:00+00:00,1,stream
3w_own_history,WELL-00022_20180912025800,WELL-00022,mixed,63,64,2018-09-14T18:58:00+00:00,1,stream
3w_own_history,WELL-00022_20180912025800,WELL-00022,mixed,64,65,2018-09-14T19:58:00+00:00,1,stream
3w_own_history,WELL-00022_20180912025800,WELL-00022,mixed,65,66,2018-09-14T20:58:00+00:00,1,stream
3w_own_history,WELL-00022_20180912025800,WELL-00022,mixed,66,67,2018-09-14T21:58:00+00:00,1,stream
3w_own_history,WELL-00022_20180912025800,WELL-00022,mixed,67,68,2018-09-14T22:58:00+00:00,1,stream
3w_own_history,WELL-00022_20180912025800,WELL-00022,mixed,68,69,2018-09-14T23:58:00+00:00,1,stream
3w_own_history,WELL-00022_20180912025800,WELL-00022,mixed,69,70,2018-09-15T00:58:00+00:00,1,stream
3w_own_history,WELL-00022_20180912025800,WELL-00022,mixed,70,71,2018-09-15T01:58:00+00:00,1,stream
3w_own_history,WELL-00022_20180912025800,WELL-00022,mixed,71,72,2018-09-15T02:58:00+00:00,1,stream
3w_own_history,WELL-00022_20180912025800,WELL-00022,mixed,72,73,2018-09-15T03:58:00+00:00,1,stream
3w_own_history,WELL-00022_20180912025800,WELL-00022,mixed,73,74,2018-09-15T04:58:00+00:00,1,stream
3w_own_history,WELL-00022_20180912025800,WELL-00022,mixed,74,75,2018-09-15T05:58:00+00:00,1,stream
3w_own_history,WELL-00022_20180912025800,WELL-00022,mixed,75,76,2018-09-15T06:58:00+00:00,1,stream
3w_own_history,WELL-00022_20180912025800,WELL-00022,mixed,76,77,2018-09-15T07:58:00+00:00,1,stream
3w_own_history,WELL-00022_20180912025800,WELL-00022,mixed,77,78,2018-09-15T08:58:00+00:00,1,stream
3w_own_history,WELL-00022_20180912025800,WELL-00022,mixed,78,79,2018-09-15T09:58:00+00:00,1,stream
3w_own_history,WELL-00022_20180912025800,WELL-00022,mixed,79,80,2018-09-15T10:58:00+00:00,1,stream
3w_own_history,WELL-00022_20180912025800,WELL-00022,mixed,80,81,2018-09-15T11:58:00+00:00,1,stream
3w_own_history,WELL-00022_20180912025800,WELL-00022,mixed,81,82,2018-09-15T12:58:00+00:00,1,stream
3w_own_history,WELL-00022_20180912025800,WELL-00022,mixed,82,83,2018-09-15T13:58:00+00:00,1,stream
3w_own_history,WELL-00022_20180912025800,WELL-00022,mixed,83,84,2018-09-15T14:58:00+00:00,1,stream
3w_own_history,WELL-00022_20180912025800,WELL-00022,mixed,84,85,2018-09-15T15:58:00+00:00,1,stream
3w_own_history,WELL-00022_20180912025800,WELL-00022,mixed,85,86,2018-09-15T16:58:00+00:00,1,stream
3w_own_history,WELL-00022_20180912025800,WELL-00022,mixed,86,87,2018-09-15T17:58:00+00:00,1,stream
3w_own_history,WELL-00022_20180912025800,WELL-00022,mixed,87,88,2018-09-15T18:58:00+00:00,1,stream
3w_own_history,WELL-00022_20180912025800,WELL-00022,mixed,88,89,2018-09-15T19:58:00+00:00,1,stream
3w_own_history,WELL-00022_20180912025800,WELL-00022,mixed,89,90,2018-09-15T20:58:00+00:00,1,stream
3w_own_history,WELL-00022_20180912025800,WELL-00022,mixed,90,91,2018-09-15T21:58:00+00:00,1,stream
3w_own_history,WELL-00022_20180912025800,WELL-00022,mixed,91,92,2018-09-15T22:58:00+00:00,1,stream
3w_own_history,WELL-00022_20180912025800,WELL-00022,mixed,92,93,2018-09-15T23:58:00+00:00,1,stream
3w_own_history,WELL-00022_20180912025800,WELL-00022,mixed,93,94,2018-09-16T00:58:00+00:00,1,stream
3w_own_history,WELL-00022_20180912025800,WELL-00022,mixed,94,95,2018-09-16T01:58:00+00:00,1,stream
3w_own_history,WELL-00022_20180912025800,WELL-00022,mixed,95,96,2018-09-16T02:58:00+00:00,1,stream
3w_own_history,WELL-00022_20180912025800,WELL-00022,mixed,96,97,2018-09-16T03:58:00+00:00,1,stream
3w_own_history,WELL-00022_20180912025800,WELL-00022,mixed,97,98,2018-09-16T04:58:00+00:00,1,stream
3w_own_history,WELL-00022_20180912025800,WELL-00022,mixed,98,99,2018-09-16T05:58:00+00:00,1,stream
3w_own_history,WELL-00022_20180912025800,WELL-00022,mixed,99,100,2018-09-16T06:58:00+00:00,1,stream
3w_own_history,WELL-00022_20180912025800,WELL-00022,mixed,100,101,2018-09-16T07:58:00+00:00,1,stream
3w_own_history,WELL-00022_20180912025800,WELL-00022,mixed,101,102,2018-09-16T08:58:00+00:00,1,stream
3w_own_history,WELL-00022_20180912025800,WELL-00022,mixed,102,103,2018-09-16T09:58:00+00:00,1,stream
3w_own_history,WELL-00022_20180912025800,WELL-00022,mixed,103,104,2018-09-16T10:58:00+00:00,1,stream
3w_own_history,WELL-00022_20180912025800,WELL-00022,mixed,104,105,2018-09-16T11:58:00+00:00,1,stream
3w_own_history,WELL-00022_20180912025800,WELL-00022,mixed,105,106,2018-09-16T12:58:00+00:00,1,stream
3w_own_history,WELL-00022_20180912025800,WELL-00022,mixed,106,107,2018-09-16T13:58:00+00:00,1,stream
3w_own_history,WELL-00022_20180912025800,WELL-00022,mixed,107,108,2018-09-16T14:58:00+00:00,1,stream
3w_own_history,WELL-00022_20180912025800,WELL-00022,mixed,108,109,2018-09-16T15:58:00+00:00,1,stream
3w_own_history,WELL-00022_20180912025800,WELL-00022,mixed,109,110,2018-09-16T16:58:00+00:00,1,stream
3w_own_history,WELL-00022_20180912025800,WELL-00022,mixed,110,111,2018-09-16T17:58:00+00:00,1,stream
3w_own_history,WELL-00022_20180912025800,WELL-00022,mixed,111,112,2018-09-16T18:58:00+00:00,1,stream
3w_own_history,WELL-00022_20180912025800,WELL-00022,mixed,112,113,2018-09-16T19:58:00+00:00,1,stream
3w_own_history,WELL-00022_20180912025800,WELL-00022,mixed,113,114,2018-09-16T20:58:00+00:00,1,stream
3w_own_history,WELL-00022_20180912025800,WELL-00022,mixed,114,115,2018-09-16T21:58:00+00:00,1,stream
3w_own_history,WELL-00022_20180912025800,WELL-00022,mixed,115,116,2018-09-16T22:58:00+00:00,1,stream
3w_own_history,WELL-00022_20180912025800,WELL-00022,mixed,116,117,2018-09-16T23:58:00+00:00,1,stream
3w_own_history,WELL-00022_20180912025800,WELL-00022,mixed,117,118,2018-09-17T00:58:00+00:00,1,stream
3w_own_history,WELL-00022_20180912025800,WELL-00022,mixed,118,119,2018-09-17T01:58:00+00:00,1,stream
3w_own_history,WELL-00022_20180912025800,WELL-00022,mixed,119,120,2018-09-17T02:58:00+00:00,1,stream
3w_own_history,WELL-00022_20180912025800,WELL-00022,mixed,120,121,2018-09-17T03:58:00+00:00,1,stream
3w_own_history,WELL-00022_20180912025800,WELL-00022,mixed,121,122,2018-09-17T04:58:00+00:00,1,stream
3w_own_history,WELL-00022_20180912025800,WELL-00022,mixed,122,123,2018-09-17T05:58:00+00:00,1,stream
3w_own_history,WELL-00022_20180912025800,WELL-00022,mixed,123,124,2018-09-17T06:58:00+00:00,1,stream
3w_own_history,WELL-00022_20180912025800,WELL-00022,mixed,124,125,2018-09-17T07:58:00+00:00,1,stream
3w_own_history,WELL-00022_20180912025800,WELL-00022,mixed,125,126,2018-09-17T08:58:00+00:00,1,stream
3w_own_history,WELL-00022_20180912025800,WELL-00022,mixed,126,127,2018-09-17T09:58:00+00:00,1,stream
3w_own_history,WELL-00022_20180912025800,WELL-00022,mixed,127,128,2018-09-17T10:58:00+00:00,1,stream
3w_own_history,WELL-00022_20180912025800,WELL-00022,mixed,128,129,2018-09-17T11:58:00+00:00,1,stream
3w_own_history,WELL-00022_20180912025800,WELL-00022,mixed,129,130,2018-09-17T12:58:00+00:00,1,stream
3w_own_history,WELL-00022_20180912025800,WELL-00022,mixed,130,131,2018-09-17T13:58:00+00:00,1,stream
3w_own_history,WELL-00022_20180912025800,WELL-00022,mixed,131,132,2018-09-17T14:58:00+00:00,1,stream
3w_own_history,WELL-00022_20180912025800,WELL-00022,mixed,132,133,2018-09-17T15:58:00+00:00,1,stream
3w_own_history,WELL-00022_20180912025800,WELL-00022,mixed,133,134,2018-09-17T16:58:00+00:00,1,stream
3w_own_history,WELL-00022_20180912025800,WELL-00022,mixed,134,135,2018-09-17T17:58:00+00:00,1,stream
3w_own_history,WELL-00022_20180912025800,WELL-00022,mixed,135,136,2018-09-17T18:58:00+00:00,1,stream
3w_own_history,WELL-00022_20180912025800,WELL-00022,mixed,136,137,2018-09-17T19:58:00+00:00,1,stream
3w_own_history,WELL-00022_20180912025800,WELL-00022,mixed,137,138,2018-09-17T20:58:00+00:00,1,stream
3w_own_history,WELL-00022_20180912025800,WELL-00022,mixed,138,139,2018-09-17T21:58:00+00:00,1,stream
3w_own_history,WELL-00022_20180912025800,WELL-00022,mixed,139,140,2018-09-17T22:58:00+00:00,1,stream
3w_own_history,WELL-00022_20180912025800,WELL-00022,mixed,140,141,2018-09-17T23:58:00+00:00,1,stream
3w_own_history,WELL-00022_20180912025800,WELL-00022,mixed,141,142,2018-09-18T00:58:00+00:00,1,stream
3w_own_history,WELL-00022_20180912025800,WELL-00022,mixed,142,143,2018-09-18T01:58:00+00:00,1,stream
3w_own_history,WELL-00022_20180912025800,WELL-00022,mixed,143,144,2018-09-18T02:58:00+00:00,1,stream
3w_own_history,WELL-00022_20180912025800,WELL-00022,mixed,144,145,2018-09-18T03:58:00+00:00,1,stream
3w_own_history,WELL-00022_20180912025800,WELL-00022,mixed,145,146,2018-09-18T04:58:00+00:00,1,stream
3w_own_history,WELL-00022_20180912025800,WELL-00022,mixed,146,147,2018-09-18T05:58:00+00:00,1,stream
3w_own_history,WELL-00022_20180912025800,WELL-00022,mixed,147,148,2018-09-18T06:58:00+00:00,1,stream
3w_own_history,WELL-00022_20180912025800,WELL-00022,mixed,148,149,2018-09-18T07:58:00+00:00,1,stream
3w_own_history,WELL-00022_20180912025800,WELL-00022,mixed,149,150,2018-09-18T08:58:00+00:00,1,stream
3w_own_history,WELL-00022_20180912025800,WELL-00022,mixed,150,151,2018-09-18T09:58:00+00:00,1,stream
3w_own_history,WELL-00022_20180912025800,WELL-00022,mixed,151,152,2018-09-18T10:58:00+00:00,1,stream
3w_own_history,WELL-00022_20180912025800,WELL-00022,mixed,152,153,2018-09-18T11:58:00+00:00,1,stream
3w_own_history,WELL-00022_20180912025800,WELL-00022,mixed,153,154,2018-09-18T12:58:00+00:00,1,stream
3w_own_history,WELL-00022_20180912025800,WELL-00022,mixed,154,155,2018-09-18T13:58:00+00:00,1,stream
3w_own_history,WELL-00022_20180919003240,WELL-00022,mixed,0,1,2018-09-19T01:32:40+00:00,0,fit
3w_own_history,WELL-00022_20180919003240,WELL-00022,mixed,1,2,2018-09-19T02:32:40+00:00,0,fit
3w_own_history,WELL-00022_20180919003240,WELL-00022,mixed,2,3,2018-09-19T03:32:40+00:00,0,fit
3w_own_history,WELL-00022_20180919003240,WELL-00022,mixed,3,4,2018-09-19T04:32:40+00:00,0,threshold
3w_own_history,WELL-00022_20180919003240,WELL-00022,mixed,4,5,2018-09-19T05:32:40+00:00,0,threshold
3w_own_history,WELL-00022_20180919003240,WELL-00022,mixed,5,6,2018-09-19T06:32:40+00:00,0,threshold
3w_own_history,WELL-00022_20180919003240,WELL-00022,mixed,6,7,2018-09-19T07:32:40+00:00,0,stream
3w_own_history,WELL-00022_20180919003240,WELL-00022,mixed,7,8,2018-09-19T08:32:40+00:00,0,stream
3w_own_history,WELL-00022_20180919003240,WELL-00022,mixed,8,9,2018-09-19T09:32:40+00:00,0,stream
3w_own_history,WELL-00022_20180919003240,WELL-00022,mixed,9,10,2018-09-19T10:32:40+00:00,1,stream
3w_own_history,WELL-00022_20180919003240,WELL-00022,mixed,10,11,2018-09-19T11:32:40+00:00,1,stream
3w_own_history,WELL-00022_20180919003240,WELL-00022,mixed,11,12,2018-09-19T12:32:40+00:00,1,stream
3w_own_history,WELL-00022_20180919003240,WELL-00022,mixed,12,13,2018-09-19T13:32:40+00:00,1,stream
3w_own_history,WELL-00022_20180919003240,WELL-00022,mixed,13,14,2018-09-19T14:32:40+00:00,1,stream
3w_own_history,WELL-00022_20180919003240,WELL-00022,mixed,14,15,2018-09-19T15:32:40+00:00,1,stream
3w_own_history,WELL-00022_20180919003240,WELL-00022,mixed,15,16,2018-09-19T16:32:40+00:00,1,stream
3w_own_history,WELL-00022_20180919003240,WELL-00022,mixed,16,17,2018-09-19T17:32:40+00:00,1,stream
3w_own_history,WELL-00022_20180919003240,WELL-00022,mixed,17,18,2018-09-19T18:32:40+00:00,1,stream
3w_own_history,WELL-00022_20180919003240,WELL-00022,mixed,18,19,2018-09-19T19:32:40+00:00,1,stream
3w_own_history,WELL-00022_20180919003240,WELL-00022,mixed,19,20,2018-09-19T20:32:40+00:00,1,stream
3w_own_history,WELL-00022_20180919003240,WELL-00022,mixed,20,21,2018-09-19T21:32:40+00:00,1,stream
3w_own_history,WELL-00022_20180919003240,WELL-00022,mixed,21,22,2018-09-19T22:32:40+00:00,1,stream
3w_own_history,WELL-00022_20180919003240,WELL-00022,mixed,22,23,2018-09-19T23:32:40+00:00,1,stream
3w_own_history,WELL-00022_20180919003240,WELL-00022,mixed,23,24,2018-09-20T00:32:40+00:00,1,stream
3w_own_history,WELL-00022_20180919003240,WELL-00022,mixed,24,25,2018-09-20T01:32:40+00:00,1,stream
3w_own_history,WELL-00022_20180919003240,WELL-00022,mixed,25,26,2018-09-20T02:32:40+00:00,1,stream
3w_own_history,WELL-00022_20180919003240,WELL-00022,mixed,26,27,2018-09-20T03:32:40+00:00,1,stream
3w_own_history,WELL-00022_20180919003240,WELL-00022,mixed,27,28,2018-09-20T04:32:40+00:00,1,stream
3w_own_history,WELL-00022_20180919003240,WELL-00022,mixed,28,29,2018-09-20T05:32:40+00:00,1,stream
3w_own_history,WELL-00022_20180919003240,WELL-00022,mixed,29,30,2018-09-20T06:32:40+00:00,1,stream
3w_own_history,WELL-00022_20180919003240,WELL-00022,mixed,30,31,2018-09-20T07:32:40+00:00,1,stream
3w_own_history,WELL-00022_20180919003240,WELL-00022,mixed,31,32,2018-09-20T08:32:40+00:00,1,stream
3w_own_history,WELL-00022_20180919003240,WELL-00022,mixed,32,33,2018-09-20T09:32:40+00:00,1,stream
3w_own_history,WELL-00022_20180919003240,WELL-00022,mixed,33,34,2018-09-20T10:32:40+00:00,1,stream
3w_own_history,WELL-00022_20180919003240,WELL-00022,mixed,34,35,2018-09-20T11:32:40+00:00,1,stream
3w_own_history,WELL-00022_20180919003240,WELL-00022,mixed,35,36,2018-09-20T12:32:40+00:00,1,stream
3w_own_history,WELL-00022_20180919003240,WELL-00022,mixed,36,37,2018-09-20T13:32:40+00:00,1,stream
3w_own_history,WELL-00022_20180919003240,WELL-00022,mixed,37,38,2018-09-20T14:32:40+00:00,1,stream
3w_own_history,WELL-00022_20180919003240,WELL-00022,mixed,38,39,2018-09-20T15:32:40+00:00,1,stream
3w_own_history,WELL-00022_20180919003240,WELL-00022,mixed,39,40,2018-09-20T16:32:40+00:00,1,stream
3w_own_history,WELL-00022_20180919003240,WELL-00022,mixed,40,41,2018-09-20T17:32:40+00:00,1,stream
3w_own_history,WELL-00022_20180919003240,WELL-00022,mixed,41,42,2018-09-20T18:32:40+00:00,1,stream
3w_own_history,WELL-00022_20180919003240,WELL-00022,mixed,42,43,2018-09-20T19:32:40+00:00,1,stream
3w_own_history,WELL-00022_20180919003240,WELL-00022,mixed,43,44,2018-09-20T20:32:40+00:00,1,stream
3w_own_history,WELL-00022_20180919003240,WELL-00022,mixed,44,45,2018-09-20T21:32:40+00:00,1,stream
3w_own_history,WELL-00022_20180919003240,WELL-00022,mixed,45,46,2018-09-20T22:32:40+00:00,1,stream
3w_own_history,WELL-00022_20180919003240,WELL-00022,mixed,46,47,2018-09-20T23:32:40+00:00,1,stream
3w_own_history,WELL-00022_20180919003240,WELL-00022,mixed,47,48,2018-09-21T00:32:40+00:00,1,stream
3w_own_history,WELL-00022_20180919003240,WELL-00022,mixed,48,49,2018-09-21T01:32:40+00:00,1,stream
3w_own_history,WELL-00022_20180919003240,WELL-00022,mixed,49,50,2018-09-21T02:32:40+00:00,1,stream
3w_own_history,WELL-00022_20180919003240,WELL-00022,mixed,50,51,2018-09-21T03:32:40+00:00,1,stream
3w_own_history,WELL-00022_20180919003240,WELL-00022,mixed,51,52,2018-09-21T04:32:40+00:00,1,stream
3w_own_history,WELL-00022_20180919003240,WELL-00022,mixed,52,53,2018-09-21T05:32:40+00:00,1,stream
3w_own_history,WELL-00022_20180919003240,WELL-00022,mixed,53,54,2018-09-21T06:32:40+00:00,1,stream
3w_own_history,WELL-00022_20180919003240,WELL-00022,mixed,54,55,2018-09-21T07:32:40+00:00,1,stream
3w_own_history,WELL-00022_20180919003240,WELL-00022,mixed,55,56,2018-09-21T08:32:40+00:00,1,stream
3w_own_history,WELL-00022_20180919003240,WELL-00022,mixed,56,57,2018-09-21T09:32:40+00:00,1,stream
3w_own_history,WELL-00022_20180919003240,WELL-00022,mixed,57,58,2018-09-21T10:32:40+00:00,1,stream
3w_own_history,WELL-00022_20180919003240,WELL-00022,mixed,58,59,2018-09-21T11:32:40+00:00,1,stream
3w_own_history,WELL-00022_20180919003240,WELL-00022,mixed,59,60,2018-09-21T12:32:40+00:00,1,stream
3w_own_history,WELL-00022_20180919003240,WELL-00022,mixed,60,61,2018-09-21T13:32:40+00:00,1,stream
3w_own_history,WELL-00022_20180919003240,WELL-00022,mixed,61,62,2018-09-21T14:32:40+00:00,1,stream
3w_own_history,WELL-00022_20180919003240,WELL-00022,mixed,62,63,2018-09-21T15:32:40+00:00,1,stream
3w_own_history,WELL-00022_20180919003240,WELL-00022,mixed,63,64,2018-09-21T16:32:40+00:00,1,stream
3w_own_history,WELL-00022_20180919003240,WELL-00022,mixed,64,65,2018-09-21T17:32:40+00:00,1,stream
3w_own_history,WELL-00022_20180919003240,WELL-00022,mixed,65,66,2018-09-21T18:32:40+00:00,1,stream
3w_own_history,WELL-00022_20180919003240,WELL-00022,mixed,66,67,2018-09-21T19:32:40+00:00,1,stream
3w_own_history,WELL-00022_20180919003240,WELL-00022,mixed,67,68,2018-09-21T20:32:40+00:00,1,stream
3w_own_history,WELL-00022_20180919003240,WELL-00022,mixed,68,69,2018-09-21T21:32:40+00:00,1,stream
3w_own_history,WELL-00022_20180919003240,WELL-00022,mixed,69,70,2018-09-21T22:32:40+00:00,1,stream
3w_own_history,WELL-00022_20180919003240,WELL-00022,mixed,70,71,2018-09-21T23:32:40+00:00,1,stream
3w_own_history,WELL-00022_20180919003240,WELL-00022,mixed,71,72,2018-09-22T00:32:40+00:00,1,stream
3w_own_history,WELL-00022_20180919003240,WELL-00022,mixed,72,73,2018-09-22T01:32:40+00:00,1,stream
3w_own_history,WELL-00022_20180919003240,WELL-00022,mixed,73,74,2018-09-22T02:32:40+00:00,1,stream
3w_own_history,WELL-00022_20180919003240,WELL-00022,mixed,74,75,2018-09-22T03:32:40+00:00,1,stream
3w_own_history,WELL-00022_20180919003240,WELL-00022,mixed,75,76,2018-09-22T04:32:40+00:00,1,stream
3w_own_history,WELL-00022_20180919003240,WELL-00022,mixed,76,77,2018-09-22T05:32:40+00:00,1,stream
3w_own_history,WELL-00022_20180919003240,WELL-00022,mixed,77,78,2018-09-22T06:32:40+00:00,1,stream
3w_own_history,WELL-00022_20180919003240,WELL-00022,mixed,78,79,2018-09-22T07:32:40+00:00,1,stream
3w_own_history,WELL-00022_20180925003447,WELL-00022,mixed,0,1,2018-09-25T01:34:47+00:00,0,fit
3w_own_history,WELL-00022_20180925003447,WELL-00022,mixed,1,2,2018-09-25T02:34:47+00:00,0,fit
3w_own_history,WELL-00022_20180925003447,WELL-00022,mixed,2,3,2018-09-25T03:34:47+00:00,0,fit
3w_own_history,WELL-00022_20180925003447,WELL-00022,mixed,3,4,2018-09-25T04:34:47+00:00,0,threshold
3w_own_history,WELL-00022_20180925003447,WELL-00022,mixed,4,5,2018-09-25T05:34:47+00:00,0,threshold
3w_own_history,WELL-00022_20180925003447,WELL-00022,mixed,5,6,2018-09-25T06:34:47+00:00,0,threshold
3w_own_history,WELL-00022_20180925003447,WELL-00022,mixed,6,7,2018-09-25T07:34:47+00:00,0,stream
3w_own_history,WELL-00022_20180925003447,WELL-00022,mixed,7,8,2018-09-25T08:34:47+00:00,0,stream
3w_own_history,WELL-00022_20180925003447,WELL-00022,mixed,8,9,2018-09-25T09:34:47+00:00,0,stream
3w_own_history,WELL-00022_20180925003447,WELL-00022,mixed,9,10,2018-09-25T10:34:47+00:00,0,stream
3w_own_history,WELL-00022_20180925003447,WELL-00022,mixed,10,11,2018-09-25T11:34:47+00:00,0,stream
3w_own_history,WELL-00022_20180925003447,WELL-00022,mixed,11,12,2018-09-25T12:34:47+00:00,0,stream
3w_own_history,WELL-00022_20180925003447,WELL-00022,mixed,12,13,2018-09-25T13:34:47+00:00,0,stream
3w_own_history,WELL-00022_20180925003447,WELL-00022,mixed,13,14,2018-09-25T14:34:47+00:00,1,stream
3w_own_history,WELL-00022_20180925003447,WELL-00022,mixed,14,15,2018-09-25T15:34:47+00:00,1,stream
3w_own_history,WELL-00022_20180925003447,WELL-00022,mixed,15,16,2018-09-25T16:34:47+00:00,1,stream
3w_own_history,WELL-00022_20180925003447,WELL-00022,mixed,16,17,2018-09-25T17:34:47+00:00,1,stream
3w_own_history,WELL-00022_20180925003447,WELL-00022,mixed,17,18,2018-09-25T18:34:47+00:00,1,stream
3w_own_history,WELL-00022_20180925003447,WELL-00022,mixed,18,19,2018-09-25T19:34:47+00:00,1,stream
3w_own_history,WELL-00022_20180925003447,WELL-00022,mixed,19,20,2018-09-25T20:34:47+00:00,1,stream
3w_own_history,WELL-00022_20180925003447,WELL-00022,mixed,20,21,2018-09-25T21:34:47+00:00,1,stream
3w_own_history,WELL-00022_20180925003447,WELL-00022,mixed,21,22,2018-09-25T22:34:47+00:00,1,stream
3w_own_history,WELL-00022_20180925003447,WELL-00022,mixed,22,23,2018-09-25T23:34:47+00:00,1,stream
3w_own_history,WELL-00022_20180925003447,WELL-00022,mixed,23,24,2018-09-26T00:34:47+00:00,1,stream
3w_own_history,WELL-00022_20180925003447,WELL-00022,mixed,24,25,2018-09-26T01:34:47+00:00,1,stream
3w_own_history,WELL-00022_20180925003447,WELL-00022,mixed,25,26,2018-09-26T02:34:47+00:00,1,stream
3w_own_history,WELL-00022_20180925003447,WELL-00022,mixed,26,27,2018-09-26T03:34:47+00:00,1,stream
3w_own_history,WELL-00022_20180925003447,WELL-00022,mixed,27,28,2018-09-26T04:34:47+00:00,1,stream
3w_own_history,WELL-00022_20180925003447,WELL-00022,mixed,28,29,2018-09-26T05:34:47+00:00,1,stream
3w_own_history,WELL-00022_20180925003447,WELL-00022,mixed,29,30,2018-09-26T06:34:47+00:00,1,stream
3w_own_history,WELL-00022_20180925003447,WELL-00022,mixed,30,31,2018-09-26T07:34:47+00:00,1,stream
3w_own_history,WELL-00022_20180925003447,WELL-00022,mixed,31,32,2018-09-26T08:34:47+00:00,1,stream
3w_own_history,WELL-00022_20180925003447,WELL-00022,mixed,32,33,2018-09-26T09:34:47+00:00,1,stream
3w_own_history,WELL-00022_20180925003447,WELL-00022,mixed,33,34,2018-09-26T10:34:47+00:00,1,stream
3w_own_history,WELL-00022_20180925003447,WELL-00022,mixed,34,35,2018-09-26T11:34:47+00:00,1,stream
3w_own_history,WELL-00022_20180925003447,WELL-00022,mixed,35,36,2018-09-26T12:34:47+00:00,1,stream
3w_own_history,WELL-00022_20180925003447,WELL-00022,mixed,36,37,2018-09-26T13:34:47+00:00,1,stream
3w_own_history,WELL-00022_20180925003447,WELL-00022,mixed,37,38,2018-09-26T14:34:47+00:00,1,stream
3w_own_history,WELL-00022_20180925003447,WELL-00022,mixed,38,39,2018-09-26T15:34:47+00:00,1,stream
3w_own_history,WELL-00022_20180925003447,WELL-00022,mixed,39,40,2018-09-26T16:34:47+00:00,1,stream
3w_own_history,WELL-00022_20180925003447,WELL-00022,mixed,40,41,2018-09-26T17:34:47+00:00,1,stream
3w_own_history,WELL-00022_20180925003447,WELL-00022,mixed,41,42,2018-09-26T18:34:47+00:00,1,stream
3w_own_history,WELL-00022_20180925003447,WELL-00022,mixed,42,43,2018-09-26T19:34:47+00:00,1,stream
3w_own_history,WELL-00022_20180925003447,WELL-00022,mixed,43,44,2018-09-26T20:34:47+00:00,1,stream
3w_own_history,WELL-00022_20180925003447,WELL-00022,mixed,44,45,2018-09-26T21:34:47+00:00,1,stream
3w_own_history,WELL-00022_20180925003447,WELL-00022,mixed,45,46,2018-09-26T22:34:47+00:00,1,stream
3w_own_history,WELL-00022_20180925003447,WELL-00022,mixed,46,47,2018-09-26T23:34:47+00:00,1,stream
3w_own_history,WELL-00022_20180925003447,WELL-00022,mixed,47,48,2018-09-27T00:34:47+00:00,1,stream
3w_own_history,WELL-00022_20180925003447,WELL-00022,mixed,48,49,2018-09-27T01:34:47+00:00,1,stream
3w_own_history,WELL-00022_20180925003447,WELL-00022,mixed,49,50,2018-09-27T02:34:47+00:00,1,stream
3w_own_history,WELL-00022_20180925003447,WELL-00022,mixed,50,51,2018-09-27T03:34:47+00:00,1,stream
3w_own_history,WELL-00022_20180925003447,WELL-00022,mixed,51,52,2018-09-27T04:34:47+00:00,1,stream
3w_own_history,WELL-00022_20180925003447,WELL-00022,mixed,52,53,2018-09-27T05:34:47+00:00,1,stream
3w_own_history,WELL-00022_20180925003447,WELL-00022,mixed,53,54,2018-09-27T06:34:47+00:00,1,stream
3w_own_history,WELL-00022_20180925003447,WELL-00022,mixed,54,55,2018-09-27T07:34:47+00:00,1,stream
3w_own_history,WELL-00022_20180925003447,WELL-00022,mixed,55,56,2018-09-27T08:34:47+00:00,1,stream
3w_own_history,WELL-00022_20180925003447,WELL-00022,mixed,56,57,2018-09-27T09:34:47+00:00,1,stream
3w_own_history,WELL-00022_20180925003447,WELL-00022,mixed,57,58,2018-09-27T10:34:47+00:00,1,stream
3w_own_history,WELL-00022_20180925003447,WELL-00022,mixed,58,59,2018-09-27T11:34:47+00:00,1,stream
3w_own_history,WELL-00022_20180925003447,WELL-00022,mixed,59,60,2018-09-27T12:34:47+00:00,1,stream
3w_own_history,WELL-00022_20180925003447,WELL-00022,mixed,60,61,2018-09-27T13:34:47+00:00,1,stream
3w_own_history,WELL-00022_20180925003447,WELL-00022,mixed,61,62,2018-09-27T14:34:47+00:00,1,stream
3w_own_history,WELL-00022_20180925003447,WELL-00022,mixed,62,63,2018-09-27T15:34:47+00:00,1,stream
3w_own_history,WELL-00022_20180925003447,WELL-00022,mixed,63,64,2018-09-27T16:34:47+00:00,1,stream
3w_own_history,WELL-00022_20180925003447,WELL-00022,mixed,64,65,2018-09-27T17:34:47+00:00,1,stream
3w_own_history,WELL-00022_20180925003447,WELL-00022,mixed,65,66,2018-09-27T18:34:47+00:00,1,stream
3w_own_history,WELL-00022_20180925003447,WELL-00022,mixed,66,67,2018-09-27T19:34:47+00:00,1,stream
3w_own_history,WELL-00022_20180925003447,WELL-00022,mixed,67,68,2018-09-27T20:34:47+00:00,1,stream
3w_own_history,WELL-00022_20180925003447,WELL-00022,mixed,68,69,2018-09-27T21:34:47+00:00,1,stream
3w_own_history,WELL-00022_20180925003447,WELL-00022,mixed,69,70,2018-09-27T22:34:47+00:00,1,stream
3w_own_history,WELL-00022_20180925003447,WELL-00022,mixed,70,71,2018-09-27T23:34:47+00:00,1,stream
3w_own_history,WELL-00022_20180925003447,WELL-00022,mixed,71,72,2018-09-28T00:34:47+00:00,1,stream
3w_own_history,WELL-00022_20180925003447,WELL-00022,mixed,72,73,2018-09-28T01:34:47+00:00,1,stream
3w_own_history,WELL-00022_20180925003447,WELL-00022,mixed,73,74,2018-09-28T02:34:47+00:00,1,stream
3w_own_history,WELL-00022_20180925003447,WELL-00022,mixed,74,75,2018-09-28T03:34:47+00:00,1,stream
3w_own_history,WELL-00022_20180925003447,WELL-00022,mixed,75,76,2018-09-28T04:34:47+00:00,1,stream
3w_own_history,WELL-00022_20180925003447,WELL-00022,mixed,76,77,2018-09-28T05:34:47+00:00,1,stream
3w_own_history,WELL-00022_20180925003447,WELL-00022,mixed,77,78,2018-09-28T06:34:47+00:00,1,stream
3w_own_history,WELL-00022_20180925003447,WELL-00022,mixed,78,79,2018-09-28T07:34:47+00:00,1,stream
3w_own_history,WELL-00022_20180925003447,WELL-00022,mixed,79,80,2018-09-28T08:34:47+00:00,1,stream
3w_own_history,WELL-00022_20180925003447,WELL-00022,mixed,80,81,2018-09-28T09:34:47+00:00,1,stream
3w_own_history,WELL-00022_20180925003447,WELL-00022,mixed,81,82,2018-09-28T10:34:47+00:00,1,stream
3w_own_history,WELL-00022_20180925003447,WELL-00022,mixed,82,83,2018-09-28T11:34:47+00:00,1,stream
3w_own_history,WELL-00022_20180925003447,WELL-00022,mixed,83,84,2018-09-28T12:34:47+00:00,1,stream
3w_own_history,WELL-00022_20180925003447,WELL-00022,mixed,84,85,2018-09-28T13:34:47+00:00,1,stream
3w_own_history,WELL-00022_20180925003447,WELL-00022,mixed,85,86,2018-09-28T14:34:47+00:00,1,stream
3w_own_history,WELL-00022_20180925003447,WELL-00022,mixed,86,87,2018-09-28T15:34:47+00:00,1,stream
3w_own_history,WELL-00022_20180925003447,WELL-00022,mixed,87,88,2018-09-28T16:34:47+00:00,1,stream
3w_own_history,WELL-00022_20180925003447,WELL-00022,mixed,88,89,2018-09-28T17:34:47+00:00,1,stream
3w_own_history,WELL-00022_20180925003447,WELL-00022,mixed,89,90,2018-09-28T18:34:47+00:00,1,stream
3w_own_history,WELL-00022_20180925003447,WELL-00022,mixed,90,91,2018-09-28T19:34:47+00:00,1,stream
3w_own_history,WELL-00022_20180925003447,WELL-00022,mixed,91,92,2018-09-28T20:34:47+00:00,1,stream
3w_own_history,WELL-00022_20180925003447,WELL-00022,mixed,92,93,2018-09-28T21:34:47+00:00,1,stream
3w_own_history,WELL-00022_20180925003447,WELL-00022,mixed,93,94,2018-09-28T22:34:47+00:00,1,stream
3w_own_history,WELL-00022_20180925003447,WELL-00022,mixed,94,95,2018-09-28T23:34:47+00:00,1,stream
3w_own_history,WELL-00022_20180925003447,WELL-00022,mixed,95,96,2018-09-29T00:34:47+00:00,1,stream
3w_own_history,WELL-00022_20180925003447,WELL-00022,mixed,96,97,2018-09-29T01:34:47+00:00,1,stream
3w_own_history,WELL-00022_20180925003447,WELL-00022,mixed,97,98,2018-09-29T02:34:47+00:00,1,stream
3w_own_history,WELL-00022_20180925003447,WELL-00022,mixed,98,99,2018-09-29T03:34:47+00:00,1,stream
3w_own_history,WELL-00022_20180925003447,WELL-00022,mixed,99,100,2018-09-29T04:34:47+00:00,1,stream
3w_own_history,WELL-00022_20180925003447,WELL-00022,mixed,100,101,2018-09-29T05:34:47+00:00,1,stream
3w_own_history,WELL-00022_20180925003447,WELL-00022,mixed,101,102,2018-09-29T06:34:47+00:00,1,stream
3w_own_history,WELL-00022_20180925003447,WELL-00022,mixed,102,103,2018-09-29T07:34:47+00:00,1,stream
3w_own_history,WELL-00022_20180925003447,WELL-00022,mixed,103,104,2018-09-29T08:34:47+00:00,1,stream
3w_own_history,WELL-00022_20180925003447,WELL-00022,mixed,104,105,2018-09-29T09:34:47+00:00,1,stream
3w_own_history,WELL-00022_20180925003447,WELL-00022,mixed,105,106,2018-09-29T10:34:47+00:00,1,stream
3w_own_history,WELL-00022_20180925003447,WELL-00022,mixed,106,107,2018-09-29T11:34:47+00:00,1,stream
3w_own_history,WELL-00022_20180925003447,WELL-00022,mixed,107,108,2018-09-29T12:34:47+00:00,1,stream
3w_own_history,WELL-00022_20180925003447,WELL-00022,mixed,108,109,2018-09-29T13:34:47+00:00,1,stream
3w_own_history,WELL-00022_20180925003447,WELL-00022,mixed,109,110,2018-09-29T14:34:47+00:00,1,stream
3w_own_history,WELL-00022_20180925003447,WELL-00022,mixed,110,111,2018-09-29T15:34:47+00:00,1,stream
3w_own_history,WELL-00022_20180925003447,WELL-00022,mixed,111,112,2018-09-29T16:34:47+00:00,1,stream
3w_own_history,WELL-00022_20180925003447,WELL-00022,mixed,112,113,2018-09-29T17:34:47+00:00,1,stream
3w_own_history,WELL-00022_20180925003447,WELL-00022,mixed,113,114,2018-09-29T18:34:47+00:00,1,stream
3w_own_history,WELL-00022_20180925003447,WELL-00022,mixed,114,115,2018-09-29T19:34:47+00:00,1,stream
3w_own_history,WELL-00022_20180925003447,WELL-00022,mixed,115,116,2018-09-29T20:34:47+00:00,1,stream
3w_own_history,WELL-00022_20180925003447,WELL-00022,mixed,116,117,2018-09-29T21:34:47+00:00,1,stream
3w_own_history,WELL-00022_20180925003447,WELL-00022,mixed,117,118,2018-09-29T22:34:47+00:00,1,stream
3w_own_history,WELL-00022_20180925003447,WELL-00022,mixed,118,119,2018-09-29T23:34:47+00:00,1,stream
3w_own_history,WELL-00022_20180925003447,WELL-00022,mixed,119,120,2018-09-30T00:34:47+00:00,1,stream
3w_own_history,WELL-00022_20180925003447,WELL-00022,mixed,120,121,2018-09-30T01:34:47+00:00,1,stream
3w_own_history,WELL-00022_20180925003447,WELL-00022,mixed,121,122,2018-09-30T02:34:47+00:00,1,stream
3w_own_history,WELL-00022_20180925003447,WELL-00022,mixed,122,123,2018-09-30T03:34:47+00:00,1,stream
3w_own_history,WELL-00022_20180925003447,WELL-00022,mixed,123,124,2018-09-30T04:34:47+00:00,1,stream
3w_own_history,WELL-00022_20180925003447,WELL-00022,mixed,124,125,2018-09-30T05:34:47+00:00,1,stream
3w_own_history,WELL-00022_20180925003447,WELL-00022,mixed,125,126,2018-09-30T06:34:47+00:00,1,stream
3w_own_history,WELL-00022_20180925003447,WELL-00022,mixed,126,127,2018-09-30T07:34:47+00:00,1,stream
3w_own_history,WELL-00022_20180925003447,WELL-00022,mixed,127,128,2018-09-30T08:34:47+00:00,1,stream
3w_own_history,WELL-00022_20180925003447,WELL-00022,mixed,128,129,2018-09-30T09:34:47+00:00,1,stream
3w_own_history,WELL-00022_20180925003447,WELL-00022,mixed,129,130,2018-09-30T10:34:47+00:00,1,stream
3w_own_history,WELL-00022_20180925003447,WELL-00022,mixed,130,131,2018-09-30T11:34:47+00:00,1,stream
3w_own_history,WELL-00022_20180925003447,WELL-00022,mixed,131,132,2018-09-30T12:34:47+00:00,1,stream
3w_own_history,WELL-00022_20180925003447,WELL-00022,mixed,132,133,2018-09-30T13:34:47+00:00,1,stream
3w_own_history,WELL-00022_20180925003447,WELL-00022,mixed,133,134,2018-09-30T14:34:47+00:00,1,stream
3w_own_history,WELL-00022_20180925003447,WELL-00022,mixed,134,135,2018-09-30T15:34:47+00:00,1,stream
3w_own_history,WELL-00022_20180925003447,WELL-00022,mixed,135,136,2018-09-30T16:34:47+00:00,1,stream
3w_own_history,WELL-00022_20180925003447,WELL-00022,mixed,136,137,2018-09-30T17:34:47+00:00,1,stream
3w_own_history,WELL-00022_20180925003447,WELL-00022,mixed,137,138,2018-09-30T18:34:47+00:00,1,stream
3w_own_history,WELL-00022_20180925003447,WELL-00022,mixed,138,139,2018-09-30T19:34:47+00:00,1,stream
3w_own_history,WELL-00022_20180925003447,WELL-00022,mixed,139,140,2018-09-30T20:34:47+00:00,1,stream
3w_own_history,WELL-00022_20180925003447,WELL-00022,mixed,140,141,2018-09-30T21:34:47+00:00,1,stream
3w_own_history,WELL-00022_20180925003447,WELL-00022,mixed,141,142,2018-09-30T22:34:47+00:00,1,stream
3w_own_history,WELL-00022_20180925003447,WELL-00022,mixed,142,143,2018-09-30T23:34:47+00:00,1,stream
3w_own_history,WELL-00022_20180925003447,WELL-00022,mixed,143,144,2018-10-01T00:34:47+00:00,1,stream
3w_own_history,WELL-00022_20180925003447,WELL-00022,mixed,144,145,2018-10-01T01:34:47+00:00,1,stream
3w_own_history,WELL-00022_20180925003447,WELL-00022,mixed,145,146,2018-10-01T02:34:47+00:00,1,stream
3w_own_history,WELL-00022_20180925003447,WELL-00022,mixed,146,147,2018-10-01T03:34:47+00:00,1,stream
3w_own_history,WELL-00022_20180925003447,WELL-00022,mixed,147,148,2018-10-01T04:34:47+00:00,1,stream
3w_own_history,WELL-00022_20180925003447,WELL-00022,mixed,148,149,2018-10-01T05:34:47+00:00,1,stream
3w_own_history,WELL-00022_20180925003447,WELL-00022,mixed,149,150,2018-10-01T06:34:47+00:00,1,stream
3w_own_history,WELL-00022_20180925003447,WELL-00022,mixed,150,151,2018-10-01T07:34:47+00:00,1,stream
3w_own_history,WELL-00022_20180925003447,WELL-00022,mixed,151,152,2018-10-01T08:34:47+00:00,1,stream
3w_own_history,WELL-00022_20180925003447,WELL-00022,mixed,152,153,2018-10-01T09:34:47+00:00,1,stream
3w_own_history,WELL-00022_20180925003447,WELL-00022,mixed,153,154,2018-10-01T10:34:47+00:00,1,stream
3w_own_history,WELL-00022_20180925003447,WELL-00022,mixed,154,155,2018-10-01T11:34:47+00:00,1,stream
3w_own_history,WELL-00022_20180925003447,WELL-00022,mixed,155,156,2018-10-01T12:34:47+00:00,1,stream
3w_own_history,WELL-00022_20180925003447,WELL-00022,mixed,156,157,2018-10-01T13:34:47+00:00,1,stream
3w_own_history,WELL-00022_20180925003447,WELL-00022,mixed,157,158,2018-10-01T14:34:47+00:00,1,stream
3w_own_history,WELL-00022_20180925003447,WELL-00022,mixed,158,159,2018-10-01T15:34:47+00:00,1,stream
3w_own_history,WELL-00022_20180925003447,WELL-00022,mixed,159,160,2018-10-01T16:34:47+00:00,1,stream
3w_own_history,WELL-00022_20180925003447,WELL-00022,mixed,160,161,2018-10-01T17:34:47+00:00,1,stream
3w_own_history,WELL-00022_20180925003447,WELL-00022,mixed,161,162,2018-10-01T18:34:47+00:00,1,stream
3w_own_history,WELL-00022_20180925003447,WELL-00022,mixed,162,163,2018-10-01T19:34:47+00:00,1,stream
3w_own_history,WELL-00022_20180925003447,WELL-00022,mixed,163,164,2018-10-01T20:34:47+00:00,1,stream
3w_own_history,WELL-00022_20180925003447,WELL-00022,mixed,164,165,2018-10-01T21:34:47+00:00,1,stream
3w_own_history,WELL-00022_20180925003447,WELL-00022,mixed,165,166,2018-10-01T22:34:47+00:00,1,stream
3w_own_history,WELL-00022_20180925003447,WELL-00022,mixed,166,167,2018-10-01T23:34:47+00:00,1,stream
3w_own_history,WELL-00022_20180925003447,WELL-00022,mixed,167,168,2018-10-02T00:34:47+00:00,1,stream
3w_own_history,WELL-00022_20180925003447,WELL-00022,mixed,168,169,2018-10-02T01:34:47+00:00,1,stream
3w_own_history,WELL-00022_20180925003447,WELL-00022,mixed,169,170,2018-10-02T02:34:47+00:00,1,stream
3w_own_history,WELL-00022_20180925003447,WELL-00022,mixed,170,171,2018-10-02T03:34:47+00:00,1,stream
3w_own_history,WELL-00022_20180925003447,WELL-00022,mixed,171,172,2018-10-02T04:34:47+00:00,1,stream
3w_own_history,WELL-00022_20180925003447,WELL-00022,mixed,172,173,2018-10-02T05:34:47+00:00,1,stream
3w_own_history,WELL-00022_20180925003447,WELL-00022,mixed,173,174,2018-10-02T06:34:47+00:00,1,stream
3w_own_history,WELL-00022_20180925003447,WELL-00022,mixed,174,175,2018-10-02T07:34:47+00:00,1,stream
3w_own_history,WELL-00022_20180925003447,WELL-00022,mixed,175,176,2018-10-02T08:34:47+00:00,1,stream
3w_own_history,WELL-00022_20180925003447,WELL-00022,mixed,176,177,2018-10-02T09:34:47+00:00,1,stream
3w_own_history,WELL-00022_20180925003447,WELL-00022,mixed,177,178,2018-10-02T10:34:47+00:00,1,stream
3w_own_history,WELL-00022_20180925003447,WELL-00022,mixed,178,179,2018-10-02T11:34:47+00:00,1,stream
3w_own_history,WELL-00022_20180925003447,WELL-00022,mixed,179,180,2018-10-02T12:34:47+00:00,1,stream
3w_own_history,WELL-00022_20180925003447,WELL-00022,mixed,180,181,2018-10-02T13:34:47+00:00,1,stream
3w_own_history,WELL-00022_20180925003447,WELL-00022,mixed,181,182,2018-10-02T14:34:47+00:00,1,stream
3w_own_history,WELL-00022_20180925003447,WELL-00022,mixed,182,183,2018-10-02T15:34:47+00:00,1,stream
3w_own_history,WELL-00022_20180925003447,WELL-00022,mixed,183,184,2018-10-02T16:34:47+00:00,1,stream
3w_own_history,WELL-00022_20180925003447,WELL-00022,mixed,184,185,2018-10-02T17:34:47+00:00,1,stream
3w_own_history,WELL-00022_20180925003447,WELL-00022,mixed,185,186,2018-10-02T18:34:47+00:00,1,stream
3w_own_history,WELL-00022_20180925003447,WELL-00022,mixed,186,187,2018-10-02T19:34:47+00:00,1,stream
3w_own_history,WELL-00022_20180925003447,WELL-00022,mixed,187,188,2018-10-02T20:34:47+00:00,1,stream
3w_own_history,WELL-00022_20180925003447,WELL-00022,mixed,188,189,2018-10-02T21:34:47+00:00,1,stream
3w_own_history,WELL-00022_20180925003447,WELL-00022,mixed,189,190,2018-10-02T22:34:47+00:00,1,stream
3w_own_history,WELL-00022_20180925003447,WELL-00022,mixed,190,191,2018-10-02T23:34:47+00:00,1,stream
3w_own_history,WELL-00022_20180925003447,WELL-00022,mixed,191,192,2018-10-03T00:34:47+00:00,1,stream
3w_own_history,WELL-00022_20180925003447,WELL-00022,mixed,192,193,2018-10-03T01:34:47+00:00,1,stream
3w_own_history,WELL-00022_20180925003447,WELL-00022,mixed,193,194,2018-10-03T02:34:47+00:00,1,stream
3w_own_history,WELL-00022_20180925003447,WELL-00022,mixed,194,195,2018-10-03T03:34:47+00:00,1,stream
3w_own_history,WELL-00022_20180925003447,WELL-00022,mixed,195,196,2018-10-03T04:34:47+00:00,1,stream
3w_own_history,WELL-00022_20180925003447,WELL-00022,mixed,196,197,2018-10-03T05:34:47+00:00,1,stream
3w_own_history,WELL-00022_20180925003447,WELL-00022,mixed,197,198,2018-10-03T06:34:47+00:00,1,stream
3w_own_history,WELL-00022_20180925003447,WELL-00022,mixed,198,199,2018-10-03T07:34:47+00:00,1,stream
3w_own_history,WELL-00022_20180925003447,WELL-00022,mixed,199,200,2018-10-03T08:34:47+00:00,1,stream
3w_own_history,WELL-00022_20180925003447,WELL-00022,mixed,200,201,2018-10-03T09:34:47+00:00,1,stream
3w_own_history,WELL-00022_20180925003447,WELL-00022,mixed,201,202,2018-10-03T10:34:47+00:00,1,stream
3w_own_history,WELL-00022_20180925003447,WELL-00022,mixed,202,203,2018-10-03T11:34:47+00:00,1,stream
3w_own_history,WELL-00022_20180925003447,WELL-00022,mixed,203,204,2018-10-03T12:34:47+00:00,1,stream
3w_own_history,WELL-00022_20180925003447,WELL-00022,mixed,204,205,2018-10-03T13:34:47+00:00,1,stream
3w_own_history,WELL-00022_20180925003447,WELL-00022,mixed,205,206,2018-10-03T14:34:47+00:00,1,stream
3w_own_history,WELL-00022_20180925003447,WELL-00022,mixed,206,207,2018-10-03T15:34:47+00:00,1,stream
3w_own_history,WELL-00022_20180925003447,WELL-00022,mixed,207,208,2018-10-03T16:34:47+00:00,1,stream
3w_own_history,WELL-00022_20180925003447,WELL-00022,mixed,208,209,2018-10-03T17:34:47+00:00,1,stream
3w_own_history,WELL-00022_20180925003447,WELL-00022,mixed,209,210,2018-10-03T18:34:47+00:00,1,stream
3w_own_history,WELL-00022_20180925003447,WELL-00022,mixed,210,211,2018-10-03T19:34:47+00:00,1,stream
3w_own_history,WELL-00022_20180925003447,WELL-00022,mixed,211,212,2018-10-03T20:34:47+00:00,1,stream
3w_own_history,WELL-00022_20181007080700,WELL-00022,mixed,0,1,2018-10-07T09:07:00+00:00,0,fit
3w_own_history,WELL-00022_20181007080700,WELL-00022,mixed,1,2,2018-10-07T10:07:00+00:00,0,fit
3w_own_history,WELL-00022_20181007080700,WELL-00022,mixed,2,3,2018-10-07T11:07:00+00:00,0,fit
3w_own_history,WELL-00022_20181007080700,WELL-00022,mixed,3,4,2018-10-07T12:07:00+00:00,0,threshold
3w_own_history,WELL-00022_20181007080700,WELL-00022,mixed,4,5,2018-10-07T13:07:00+00:00,0,threshold
3w_own_history,WELL-00022_20181007080700,WELL-00022,mixed,5,6,2018-10-07T14:07:00+00:00,0,threshold
3w_own_history,WELL-00022_20181007080700,WELL-00022,mixed,6,7,2018-10-07T15:07:00+00:00,0,stream
3w_own_history,WELL-00022_20181007080700,WELL-00022,mixed,7,8,2018-10-07T16:07:00+00:00,0,stream
3w_own_history,WELL-00022_20181007080700,WELL-00022,mixed,8,9,2018-10-07T17:07:00+00:00,0,stream
3w_own_history,WELL-00022_20181007080700,WELL-00022,mixed,9,10,2018-10-07T18:07:00+00:00,0,stream
3w_own_history,WELL-00022_20181007080700,WELL-00022,mixed,10,11,2018-10-07T19:07:00+00:00,0,stream
3w_own_history,WELL-00022_20181007080700,WELL-00022,mixed,11,12,2018-10-07T20:07:00+00:00,0,stream
3w_own_history,WELL-00022_20181007080700,WELL-00022,mixed,12,13,2018-10-07T21:07:00+00:00,0,stream
3w_own_history,WELL-00022_20181007080700,WELL-00022,mixed,13,14,2018-10-07T22:07:00+00:00,0,stream
3w_own_history,WELL-00022_20181007080700,WELL-00022,mixed,14,15,2018-10-07T23:07:00+00:00,0,stream
3w_own_history,WELL-00022_20181007080700,WELL-00022,mixed,15,16,2018-10-08T00:07:00+00:00,0,stream
3w_own_history,WELL-00022_20181007080700,WELL-00022,mixed,16,17,2018-10-08T01:07:00+00:00,0,stream
3w_own_history,WELL-00022_20181007080700,WELL-00022,mixed,17,18,2018-10-08T02:07:00+00:00,0,stream
3w_own_history,WELL-00022_20181007080700,WELL-00022,mixed,18,19,2018-10-08T03:07:00+00:00,0,stream
3w_own_history,WELL-00022_20181007080700,WELL-00022,mixed,19,20,2018-10-08T04:07:00+00:00,0,stream
3w_own_history,WELL-00022_20181007080700,WELL-00022,mixed,20,21,2018-10-08T05:07:00+00:00,0,stream
3w_own_history,WELL-00022_20181007080700,WELL-00022,mixed,21,22,2018-10-08T06:07:00+00:00,1,stream
3w_own_history,WELL-00022_20181007080700,WELL-00022,mixed,22,23,2018-10-08T07:07:00+00:00,1,stream
3w_own_history,WELL-00022_20181007080700,WELL-00022,mixed,23,24,2018-10-08T08:07:00+00:00,1,stream
3w_own_history,WELL-00022_20181007080700,WELL-00022,mixed,24,25,2018-10-08T09:07:00+00:00,1,stream
3w_own_history,WELL-00022_20181007080700,WELL-00022,mixed,25,26,2018-10-08T10:07:00+00:00,1,stream
3w_own_history,WELL-00022_20181007080700,WELL-00022,mixed,26,27,2018-10-08T11:07:00+00:00,1,stream
3w_own_history,WELL-00022_20181007080700,WELL-00022,mixed,27,28,2018-10-08T12:07:00+00:00,1,stream
3w_own_history,WELL-00022_20181007080700,WELL-00022,mixed,28,29,2018-10-08T13:07:00+00:00,1,stream
3w_own_history,WELL-00022_20181007080700,WELL-00022,mixed,29,30,2018-10-08T14:07:00+00:00,1,stream
3w_own_history,WELL-00022_20181007080700,WELL-00022,mixed,30,31,2018-10-08T15:07:00+00:00,1,stream
3w_own_history,WELL-00022_20181007080700,WELL-00022,mixed,31,32,2018-10-08T16:07:00+00:00,1,stream
3w_own_history,WELL-00022_20181007080700,WELL-00022,mixed,32,33,2018-10-08T17:07:00+00:00,1,stream
3w_own_history,WELL-00022_20181007080700,WELL-00022,mixed,33,34,2018-10-08T18:07:00+00:00,1,stream
3w_own_history,WELL-00022_20181007080700,WELL-00022,mixed,34,35,2018-10-08T19:07:00+00:00,1,stream
3w_own_history,WELL-00022_20181007080700,WELL-00022,mixed,35,36,2018-10-08T20:07:00+00:00,1,stream
3w_own_history,WELL-00022_20181007080700,WELL-00022,mixed,36,37,2018-10-08T21:07:00+00:00,1,stream
3w_own_history,WELL-00022_20181007080700,WELL-00022,mixed,37,38,2018-10-08T22:07:00+00:00,1,stream
3w_own_history,WELL-00022_20181007080700,WELL-00022,mixed,38,39,2018-10-08T23:07:00+00:00,1,stream
3w_own_history,WELL-00022_20181007080700,WELL-00022,mixed,39,40,2018-10-09T00:07:00+00:00,1,stream
3w_own_history,WELL-00022_20181007080700,WELL-00022,mixed,40,41,2018-10-09T01:07:00+00:00,1,stream
3w_own_history,WELL-00022_20181007080700,WELL-00022,mixed,41,42,2018-10-09T02:07:00+00:00,1,stream
3w_own_history,WELL-00022_20181007080700,WELL-00022,mixed,42,43,2018-10-09T03:07:00+00:00,1,stream
3w_own_history,WELL-00022_20181007080700,WELL-00022,mixed,43,44,2018-10-09T04:07:00+00:00,1,stream
3w_own_history,WELL-00022_20181007080700,WELL-00022,mixed,44,45,2018-10-09T05:07:00+00:00,1,stream
3w_own_history,WELL-00022_20181007080700,WELL-00022,mixed,45,46,2018-10-09T06:07:00+00:00,1,stream
3w_own_history,WELL-00022_20181007080700,WELL-00022,mixed,46,47,2018-10-09T07:07:00+00:00,1,stream
3w_own_history,WELL-00022_20181007080700,WELL-00022,mixed,47,48,2018-10-09T08:07:00+00:00,1,stream
3w_own_history,WELL-00022_20181007080700,WELL-00022,mixed,48,49,2018-10-09T09:07:00+00:00,1,stream
3w_own_history,WELL-00022_20181007080700,WELL-00022,mixed,49,50,2018-10-09T10:07:00+00:00,1,stream
3w_own_history,WELL-00022_20181007080700,WELL-00022,mixed,50,51,2018-10-09T11:07:00+00:00,1,stream
3w_own_history,WELL-00022_20181007080700,WELL-00022,mixed,51,52,2018-10-09T12:07:00+00:00,1,stream
3w_own_history,WELL-00022_20181007080700,WELL-00022,mixed,52,53,2018-10-09T13:07:00+00:00,1,stream
3w_own_history,WELL-00022_20181007080700,WELL-00022,mixed,53,54,2018-10-09T14:07:00+00:00,1,stream
3w_own_history,WELL-00022_20181007080700,WELL-00022,mixed,54,55,2018-10-09T15:07:00+00:00,1,stream
3w_own_history,WELL-00022_20181007080700,WELL-00022,mixed,55,56,2018-10-09T16:07:00+00:00,1,stream
3w_own_history,WELL-00022_20181007080700,WELL-00022,mixed,56,57,2018-10-09T17:07:00+00:00,1,stream
3w_own_history,WELL-00022_20181007080700,WELL-00022,mixed,57,58,2018-10-09T18:07:00+00:00,1,stream
3w_own_history,WELL-00022_20181007080700,WELL-00022,mixed,58,59,2018-10-09T19:07:00+00:00,1,stream
3w_own_history,WELL-00022_20181007080700,WELL-00022,mixed,59,60,2018-10-09T20:07:00+00:00,1,stream
3w_own_history,WELL-00022_20181007080700,WELL-00022,mixed,60,61,2018-10-09T21:07:00+00:00,1,stream
3w_own_history,WELL-00022_20181007080700,WELL-00022,mixed,61,62,2018-10-09T22:07:00+00:00,1,stream
3w_own_history,WELL-00022_20181007080700,WELL-00022,mixed,62,63,2018-10-09T23:07:00+00:00,1,stream
3w_own_history,WELL-00022_20181007080700,WELL-00022,mixed,63,64,2018-10-10T00:07:00+00:00,1,stream
3w_own_history,WELL-00022_20181007080700,WELL-00022,mixed,64,65,2018-10-10T01:07:00+00:00,1,stream
3w_own_history,WELL-00022_20181007080700,WELL-00022,mixed,65,66,2018-10-10T02:07:00+00:00,1,stream
3w_own_history,WELL-00022_20181007080700,WELL-00022,mixed,66,67,2018-10-10T03:07:00+00:00,1,stream
3w_own_history,WELL-00022_20181007080700,WELL-00022,mixed,67,68,2018-10-10T04:07:00+00:00,1,stream
3w_own_history,WELL-00022_20181007080700,WELL-00022,mixed,68,69,2018-10-10T05:07:00+00:00,1,stream
3w_own_history,WELL-00022_20181007080700,WELL-00022,mixed,69,70,2018-10-10T06:07:00+00:00,1,stream
3w_own_history,WELL-00022_20181007080700,WELL-00022,mixed,70,71,2018-10-10T07:07:00+00:00,1,stream
3w_own_history,WELL-00022_20181007080700,WELL-00022,mixed,71,72,2018-10-10T08:07:00+00:00,1,stream
3w_own_history,WELL-00022_20181007080700,WELL-00022,mixed,72,73,2018-10-10T09:07:00+00:00,1,stream
3w_own_history,WELL-00022_20181007080700,WELL-00022,mixed,73,74,2018-10-10T10:07:00+00:00,1,stream
3w_own_history,WELL-00022_20181007080700,WELL-00022,mixed,74,75,2018-10-10T11:07:00+00:00,1,stream
3w_own_history,WELL-00022_20181007080700,WELL-00022,mixed,75,76,2018-10-10T12:07:00+00:00,1,stream
3w_own_history,WELL-00022_20181007080700,WELL-00022,mixed,76,77,2018-10-10T13:07:00+00:00,1,stream
3w_own_history,WELL-00022_20181007080700,WELL-00022,mixed,77,78,2018-10-10T14:07:00+00:00,1,stream
3w_own_history,WELL-00022_20181007080700,WELL-00022,mixed,78,79,2018-10-10T15:07:00+00:00,1,stream
3w_own_history,WELL-00022_20181007080700,WELL-00022,mixed,79,80,2018-10-10T16:07:00+00:00,1,stream
3w_own_history,WELL-00022_20181007080700,WELL-00022,mixed,80,81,2018-10-10T17:07:00+00:00,1,stream
3w_own_history,WELL-00022_20181007080700,WELL-00022,mixed,81,82,2018-10-10T18:07:00+00:00,1,stream
3w_own_history,WELL-00022_20181007080700,WELL-00022,mixed,82,83,2018-10-10T19:07:00+00:00,1,stream
3w_own_history,WELL-00022_20181007080700,WELL-00022,mixed,83,84,2018-10-10T20:07:00+00:00,1,stream
3w_own_history,WELL-00022_20181007080700,WELL-00022,mixed,84,85,2018-10-10T21:07:00+00:00,1,stream
3w_own_history,WELL-00022_20181007080700,WELL-00022,mixed,85,86,2018-10-10T22:07:00+00:00,1,stream
3w_own_history,WELL-00022_20181007080700,WELL-00022,mixed,86,87,2018-10-10T23:07:00+00:00,1,stream
3w_own_history,WELL-00022_20181007080700,WELL-00022,mixed,87,88,2018-10-11T00:07:00+00:00,1,stream
3w_own_history,WELL-00022_20181007080700,WELL-00022,mixed,88,89,2018-10-11T01:07:00+00:00,1,stream
3w_own_history,WELL-00022_20181007080700,WELL-00022,mixed,89,90,2018-10-11T02:07:00+00:00,1,stream
3w_own_history,WELL-00022_20181007080700,WELL-00022,mixed,90,91,2018-10-11T03:07:00+00:00,1,stream
3w_own_history,WELL-00022_20181007080700,WELL-00022,mixed,91,92,2018-10-11T04:07:00+00:00,1,stream
3w_own_history,WELL-00022_20181007080700,WELL-00022,mixed,92,93,2018-10-11T05:07:00+00:00,1,stream
3w_own_history,WELL-00022_20181007080700,WELL-00022,mixed,93,94,2018-10-11T06:07:00+00:00,1,stream
3w_own_history,WELL-00022_20181007080700,WELL-00022,mixed,94,95,2018-10-11T07:07:00+00:00,1,stream
3w_own_history,WELL-00022_20181007080700,WELL-00022,mixed,95,96,2018-10-11T08:07:00+00:00,1,stream
3w_own_history,WELL-00022_20181007080700,WELL-00022,mixed,96,97,2018-10-11T09:07:00+00:00,1,stream
3w_own_history,WELL-00022_20181007080700,WELL-00022,mixed,97,98,2018-10-11T10:07:00+00:00,1,stream
3w_own_history,WELL-00022_20181007080700,WELL-00022,mixed,98,99,2018-10-11T11:07:00+00:00,1,stream
3w_own_history,WELL-00022_20181007080700,WELL-00022,mixed,99,100,2018-10-11T12:07:00+00:00,1,stream
3w_own_history,WELL-00022_20181007080700,WELL-00022,mixed,100,101,2018-10-11T13:07:00+00:00,1,stream
3w_own_history,WELL-00022_20181007080700,WELL-00022,mixed,101,102,2018-10-11T14:07:00+00:00,1,stream
3w_own_history,WELL-00022_20181007080700,WELL-00022,mixed,102,103,2018-10-11T15:07:00+00:00,1,stream
3w_own_history,WELL-00022_20181007080700,WELL-00022,mixed,103,104,2018-10-11T16:07:00+00:00,1,stream
3w_own_history,WELL-00022_20181007080700,WELL-00022,mixed,104,105,2018-10-11T17:07:00+00:00,1,stream
3w_own_history,WELL-00022_20181007080700,WELL-00022,mixed,105,106,2018-10-11T18:07:00+00:00,1,stream
3w_own_history,WELL-00022_20181007080700,WELL-00022,mixed,106,107,2018-10-11T19:07:00+00:00,1,stream
3w_own_history,WELL-00022_20181007080700,WELL-00022,mixed,107,108,2018-10-11T20:07:00+00:00,1,stream
3w_own_history,WELL-00022_20181020133850,WELL-00022,mixed,0,1,2018-10-20T14:38:50+00:00,0,fit
3w_own_history,WELL-00022_20181020133850,WELL-00022,mixed,1,2,2018-10-20T15:38:50+00:00,0,fit
3w_own_history,WELL-00022_20181020133850,WELL-00022,mixed,2,3,2018-10-20T16:38:50+00:00,0,fit
3w_own_history,WELL-00022_20181020133850,WELL-00022,mixed,3,4,2018-10-20T17:38:50+00:00,0,threshold
3w_own_history,WELL-00022_20181020133850,WELL-00022,mixed,4,5,2018-10-20T18:38:50+00:00,0,threshold
3w_own_history,WELL-00022_20181020133850,WELL-00022,mixed,5,6,2018-10-20T19:38:50+00:00,0,threshold
3w_own_history,WELL-00022_20181020133850,WELL-00022,mixed,6,7,2018-10-20T20:38:50+00:00,0,stream
3w_own_history,WELL-00022_20181020133850,WELL-00022,mixed,7,8,2018-10-20T21:38:50+00:00,0,stream
3w_own_history,WELL-00022_20181020133850,WELL-00022,mixed,8,9,2018-10-20T22:38:50+00:00,0,stream
3w_own_history,WELL-00022_20181020133850,WELL-00022,mixed,9,10,2018-10-20T23:38:50+00:00,1,stream
3w_own_history,WELL-00022_20181020133850,WELL-00022,mixed,10,11,2018-10-21T00:38:50+00:00,1,stream
3w_own_history,WELL-00022_20181020133850,WELL-00022,mixed,11,12,2018-10-21T01:38:50+00:00,1,stream
3w_own_history,WELL-00022_20181020133850,WELL-00022,mixed,12,13,2018-10-21T02:38:50+00:00,1,stream
3w_own_history,WELL-00022_20181020133850,WELL-00022,mixed,13,14,2018-10-21T03:38:50+00:00,1,stream
3w_own_history,WELL-00022_20181020133850,WELL-00022,mixed,14,15,2018-10-21T04:38:50+00:00,1,stream
3w_own_history,WELL-00022_20181020133850,WELL-00022,mixed,15,16,2018-10-21T05:38:50+00:00,1,stream
3w_own_history,WELL-00022_20181020133850,WELL-00022,mixed,16,17,2018-10-21T06:38:50+00:00,1,stream
3w_own_history,WELL-00022_20181020133850,WELL-00022,mixed,17,18,2018-10-21T07:38:50+00:00,1,stream
3w_own_history,WELL-00022_20181020133850,WELL-00022,mixed,18,19,2018-10-21T08:38:50+00:00,1,stream
3w_own_history,WELL-00022_20181020133850,WELL-00022,mixed,19,20,2018-10-21T09:38:50+00:00,1,stream
3w_own_history,WELL-00022_20181020133850,WELL-00022,mixed,20,21,2018-10-21T10:38:50+00:00,1,stream
3w_own_history,WELL-00022_20181020133850,WELL-00022,mixed,21,22,2018-10-21T11:38:50+00:00,1,stream
3w_own_history,WELL-00022_20181020133850,WELL-00022,mixed,22,23,2018-10-21T12:38:50+00:00,1,stream
3w_own_history,WELL-00022_20181020133850,WELL-00022,mixed,23,24,2018-10-21T13:38:50+00:00,1,stream
3w_own_history,WELL-00022_20181020133850,WELL-00022,mixed,24,25,2018-10-21T14:38:50+00:00,1,stream
3w_own_history,WELL-00022_20181020133850,WELL-00022,mixed,25,26,2018-10-21T15:38:50+00:00,1,stream
3w_own_history,WELL-00022_20181020133850,WELL-00022,mixed,26,27,2018-10-21T16:38:50+00:00,1,stream
3w_own_history,WELL-00022_20181020133850,WELL-00022,mixed,27,28,2018-10-21T17:38:50+00:00,1,stream
3w_own_history,WELL-00022_20181020133850,WELL-00022,mixed,28,29,2018-10-21T18:38:50+00:00,1,stream
3w_own_history,WELL-00022_20181020133850,WELL-00022,mixed,29,30,2018-10-21T19:38:50+00:00,1,stream
3w_own_history,WELL-00022_20181020133850,WELL-00022,mixed,30,31,2018-10-21T20:38:50+00:00,1,stream
3w_own_history,WELL-00022_20181020133850,WELL-00022,mixed,31,32,2018-10-21T21:38:50+00:00,1,stream
3w_own_history,WELL-00022_20181020133850,WELL-00022,mixed,32,33,2018-10-21T22:38:50+00:00,1,stream
3w_own_history,WELL-00022_20181020133850,WELL-00022,mixed,33,34,2018-10-21T23:38:50+00:00,1,stream
3w_own_history,WELL-00022_20181020133850,WELL-00022,mixed,34,35,2018-10-22T00:38:50+00:00,1,stream
3w_own_history,WELL-00022_20181020133850,WELL-00022,mixed,35,36,2018-10-22T01:38:50+00:00,1,stream
3w_own_history,WELL-00022_20181020133850,WELL-00022,mixed,36,37,2018-10-22T02:38:50+00:00,1,stream
3w_own_history,WELL-00022_20181020133850,WELL-00022,mixed,37,38,2018-10-22T03:38:50+00:00,1,stream
3w_own_history,WELL-00022_20181020133850,WELL-00022,mixed,38,39,2018-10-22T04:38:50+00:00,1,stream
3w_own_history,WELL-00022_20181020133850,WELL-00022,mixed,39,40,2018-10-22T05:38:50+00:00,1,stream
3w_own_history,WELL-00022_20181020133850,WELL-00022,mixed,40,41,2018-10-22T06:38:50+00:00,1,stream
3w_own_history,WELL-00022_20181020133850,WELL-00022,mixed,41,42,2018-10-22T07:38:50+00:00,1,stream
3w_own_history,WELL-00022_20181020133850,WELL-00022,mixed,42,43,2018-10-22T08:38:50+00:00,1,stream
3w_own_history,WELL-00022_20181020133850,WELL-00022,mixed,43,44,2018-10-22T09:38:50+00:00,1,stream
3w_own_history,WELL-00022_20181020133850,WELL-00022,mixed,44,45,2018-10-22T10:38:50+00:00,1,stream
3w_own_history,WELL-00022_20181020133850,WELL-00022,mixed,45,46,2018-10-22T11:38:50+00:00,1,stream
3w_own_history,WELL-00022_20181020133850,WELL-00022,mixed,46,47,2018-10-22T12:38:50+00:00,1,stream
3w_own_history,WELL-00022_20181020133850,WELL-00022,mixed,47,48,2018-10-22T13:38:50+00:00,1,stream
3w_own_history,WELL-00022_20181026005827,WELL-00022,mixed,0,1,2018-10-26T01:58:27+00:00,0,fit
3w_own_history,WELL-00022_20181026005827,WELL-00022,mixed,1,2,2018-10-26T02:58:27+00:00,0,fit
3w_own_history,WELL-00022_20181026005827,WELL-00022,mixed,2,3,2018-10-26T03:58:27+00:00,0,fit
3w_own_history,WELL-00022_20181026005827,WELL-00022,mixed,3,4,2018-10-26T04:58:27+00:00,0,threshold
3w_own_history,WELL-00022_20181026005827,WELL-00022,mixed,4,5,2018-10-26T05:58:27+00:00,0,threshold
3w_own_history,WELL-00022_20181026005827,WELL-00022,mixed,5,6,2018-10-26T06:58:27+00:00,0,threshold
3w_own_history,WELL-00022_20181026005827,WELL-00022,mixed,6,7,2018-10-26T07:58:27+00:00,0,stream
3w_own_history,WELL-00022_20181026005827,WELL-00022,mixed,7,8,2018-10-26T08:58:27+00:00,0,stream
3w_own_history,WELL-00022_20181026005827,WELL-00022,mixed,8,9,2018-10-26T09:58:27+00:00,0,stream
3w_own_history,WELL-00022_20181026005827,WELL-00022,mixed,9,10,2018-10-26T10:58:27+00:00,0,stream
3w_own_history,WELL-00022_20181026005827,WELL-00022,mixed,10,11,2018-10-26T11:58:27+00:00,0,stream
3w_own_history,WELL-00022_20181026005827,WELL-00022,mixed,11,12,2018-10-26T12:58:27+00:00,0,stream
3w_own_history,WELL-00022_20181026005827,WELL-00022,mixed,12,13,2018-10-26T13:58:27+00:00,0,stream
3w_own_history,WELL-00022_20181026005827,WELL-00022,mixed,13,14,2018-10-26T14:58:27+00:00,0,stream
3w_own_history,WELL-00022_20181026005827,WELL-00022,mixed,14,15,2018-10-26T15:58:27+00:00,0,stream
3w_own_history,WELL-00022_20181026005827,WELL-00022,mixed,15,16,2018-10-26T16:58:27+00:00,0,stream
3w_own_history,WELL-00022_20181026005827,WELL-00022,mixed,16,17,2018-10-26T17:58:27+00:00,0,stream
3w_own_history,WELL-00022_20181026005827,WELL-00022,mixed,17,18,2018-10-26T18:58:27+00:00,0,stream
3w_own_history,WELL-00022_20181026005827,WELL-00022,mixed,18,19,2018-10-26T19:58:27+00:00,0,stream
3w_own_history,WELL-00022_20181026005827,WELL-00022,mixed,19,20,2018-10-26T20:58:27+00:00,0,stream
3w_own_history,WELL-00022_20181026005827,WELL-00022,mixed,20,21,2018-10-26T21:58:27+00:00,0,stream
3w_own_history,WELL-00022_20181026005827,WELL-00022,mixed,21,22,2018-10-26T22:58:27+00:00,0,stream
3w_own_history,WELL-00022_20181026005827,WELL-00022,mixed,22,23,2018-10-26T23:58:27+00:00,0,stream
3w_own_history,WELL-00022_20181026005827,WELL-00022,mixed,23,24,2018-10-27T00:58:27+00:00,0,stream
3w_own_history,WELL-00022_20181026005827,WELL-00022,mixed,24,25,2018-10-27T01:58:27+00:00,0,stream
3w_own_history,WELL-00022_20181026005827,WELL-00022,mixed,25,26,2018-10-27T02:58:27+00:00,0,stream
3w_own_history,WELL-00022_20181026005827,WELL-00022,mixed,26,27,2018-10-27T03:58:27+00:00,0,stream
3w_own_history,WELL-00022_20181026005827,WELL-00022,mixed,27,28,2018-10-27T04:58:27+00:00,0,stream
3w_own_history,WELL-00022_20181026005827,WELL-00022,mixed,28,29,2018-10-27T05:58:27+00:00,1,stream
3w_own_history,WELL-00022_20181026005827,WELL-00022,mixed,29,30,2018-10-27T06:58:27+00:00,1,stream
3w_own_history,WELL-00022_20181026005827,WELL-00022,mixed,30,31,2018-10-27T07:58:27+00:00,1,stream
3w_own_history,WELL-00022_20181026005827,WELL-00022,mixed,31,32,2018-10-27T08:58:27+00:00,1,stream
3w_own_history,WELL-00022_20181026005827,WELL-00022,mixed,32,33,2018-10-27T09:58:27+00:00,1,stream
3w_own_history,WELL-00022_20181026005827,WELL-00022,mixed,33,34,2018-10-27T10:58:27+00:00,1,stream
3w_own_history,WELL-00022_20181026005827,WELL-00022,mixed,34,35,2018-10-27T11:58:27+00:00,1,stream
3w_own_history,WELL-00022_20181026005827,WELL-00022,mixed,35,36,2018-10-27T12:58:27+00:00,1,stream
3w_own_history,WELL-00022_20181026005827,WELL-00022,mixed,36,37,2018-10-27T13:58:27+00:00,1,stream
3w_own_history,WELL-00022_20181026005827,WELL-00022,mixed,37,38,2018-10-27T14:58:27+00:00,1,stream
3w_own_history,WELL-00022_20181026005827,WELL-00022,mixed,38,39,2018-10-27T15:58:27+00:00,1,stream
3w_own_history,WELL-00022_20181026005827,WELL-00022,mixed,39,40,2018-10-27T16:58:27+00:00,1,stream
3w_own_history,WELL-00022_20181026005827,WELL-00022,mixed,40,41,2018-10-27T17:58:27+00:00,1,stream
3w_own_history,WELL-00022_20181026005827,WELL-00022,mixed,41,42,2018-10-27T18:58:27+00:00,1,stream
3w_own_history,WELL-00022_20181026005827,WELL-00022,mixed,42,43,2018-10-27T19:58:27+00:00,1,stream
3w_own_history,WELL-00022_20181026005827,WELL-00022,mixed,43,44,2018-10-27T20:58:27+00:00,1,stream
3w_own_history,WELL-00022_20181026005827,WELL-00022,mixed,44,45,2018-10-27T21:58:27+00:00,1,stream
3w_own_history,WELL-00022_20181026005827,WELL-00022,mixed,45,46,2018-10-27T22:58:27+00:00,1,stream
3w_own_history,WELL-00022_20181026005827,WELL-00022,mixed,46,47,2018-10-27T23:58:27+00:00,1,stream
3w_own_history,WELL-00022_20181026005827,WELL-00022,mixed,47,48,2018-10-28T00:58:27+00:00,1,stream
3w_own_history,WELL-00022_20181026005827,WELL-00022,mixed,48,49,2018-10-28T01:58:27+00:00,1,stream
3w_own_history,WELL-00022_20181026005827,WELL-00022,mixed,49,50,2018-10-28T02:58:27+00:00,1,stream
3w_own_history,WELL-00022_20181026005827,WELL-00022,mixed,50,51,2018-10-28T03:58:27+00:00,1,stream
3w_own_history,WELL-00022_20181026005827,WELL-00022,mixed,51,52,2018-10-28T04:58:27+00:00,1,stream
3w_own_history,WELL-00022_20181026005827,WELL-00022,mixed,52,53,2018-10-28T05:58:27+00:00,1,stream
3w_own_history,WELL-00022_20181026005827,WELL-00022,mixed,53,54,2018-10-28T06:58:27+00:00,1,stream
3w_own_history,WELL-00022_20181026005827,WELL-00022,mixed,54,55,2018-10-28T07:58:27+00:00,1,stream
3w_own_history,WELL-00022_20181026005827,WELL-00022,mixed,55,56,2018-10-28T08:58:27+00:00,1,stream
3w_own_history,WELL-00022_20181026005827,WELL-00022,mixed,56,57,2018-10-28T09:58:27+00:00,1,stream
3w_own_history,WELL-00022_20181026005827,WELL-00022,mixed,57,58,2018-10-28T10:58:27+00:00,1,stream
3w_own_history,WELL-00022_20181026005827,WELL-00022,mixed,58,59,2018-10-28T11:58:27+00:00,1,stream
3w_own_history,WELL-00022_20181026005827,WELL-00022,mixed,59,60,2018-10-28T12:58:27+00:00,1,stream
3w_own_history,WELL-00022_20181026005827,WELL-00022,mixed,60,61,2018-10-28T13:58:27+00:00,1,stream
3w_own_history,WELL-00022_20181026005827,WELL-00022,mixed,61,62,2018-10-28T14:58:27+00:00,1,stream
3w_own_history,WELL-00022_20181026005827,WELL-00022,mixed,62,63,2018-10-28T15:58:27+00:00,1,stream
3w_own_history,WELL-00022_20181026005827,WELL-00022,mixed,63,64,2018-10-28T16:58:27+00:00,1,stream
3w_own_history,WELL-00022_20181026005827,WELL-00022,mixed,64,65,2018-10-28T17:58:27+00:00,1,stream
3w_own_history,WELL-00022_20181026005827,WELL-00022,mixed,65,66,2018-10-28T18:58:27+00:00,1,stream
3w_own_history,WELL-00022_20181026005827,WELL-00022,mixed,66,67,2018-10-28T19:58:27+00:00,1,stream
3w_own_history,WELL-00022_20181026005827,WELL-00022,mixed,67,68,2018-10-28T20:58:27+00:00,1,stream
3w_own_history,WELL-00022_20181026005827,WELL-00022,mixed,68,69,2018-10-28T21:58:27+00:00,1,stream
3w_own_history,WELL-00022_20181026005827,WELL-00022,mixed,69,70,2018-10-28T22:58:27+00:00,1,stream
3w_own_history,WELL-00022_20181026005827,WELL-00022,mixed,70,71,2018-10-28T23:58:27+00:00,1,stream
3w_own_history,WELL-00022_20181026005827,WELL-00022,mixed,71,72,2018-10-29T00:58:27+00:00,1,stream
3w_own_history,WELL-00022_20181026005827,WELL-00022,mixed,72,73,2018-10-29T01:58:27+00:00,1,stream
3w_own_history,WELL-00022_20181026005827,WELL-00022,mixed,73,74,2018-10-29T02:58:27+00:00,1,stream
3w_own_history,WELL-00022_20181026005827,WELL-00022,mixed,74,75,2018-10-29T03:58:27+00:00,1,stream
3w_own_history,WELL-00022_20181026005827,WELL-00022,mixed,75,76,2018-10-29T04:58:27+00:00,1,stream
3w_own_history,WELL-00022_20181026005827,WELL-00022,mixed,76,77,2018-10-29T05:58:27+00:00,1,stream
3w_own_history,WELL-00022_20181026005827,WELL-00022,mixed,77,78,2018-10-29T06:58:27+00:00,1,stream
3w_own_history,WELL-00022_20181026005827,WELL-00022,mixed,78,79,2018-10-29T07:58:27+00:00,1,stream
3w_own_history,WELL-00022_20181026005827,WELL-00022,mixed,79,80,2018-10-29T08:58:27+00:00,1,stream
3w_own_history,WELL-00022_20181026005827,WELL-00022,mixed,80,81,2018-10-29T09:58:27+00:00,1,stream
3w_own_history,WELL-00022_20181026005827,WELL-00022,mixed,81,82,2018-10-29T10:58:27+00:00,1,stream
3w_own_history,WELL-00022_20181026005827,WELL-00022,mixed,82,83,2018-10-29T11:58:27+00:00,1,stream
3w_own_history,WELL-00022_20181026005827,WELL-00022,mixed,83,84,2018-10-29T12:58:27+00:00,1,stream
3w_own_history,WELL-00022_20181026005827,WELL-00022,mixed,84,85,2018-10-29T13:58:27+00:00,1,stream
3w_own_history,WELL-00022_20181026005827,WELL-00022,mixed,85,86,2018-10-29T14:58:27+00:00,1,stream
3w_own_history,WELL-00022_20181026005827,WELL-00022,mixed,86,87,2018-10-29T15:58:27+00:00,1,stream
3w_own_history,WELL-00022_20181026005827,WELL-00022,mixed,87,88,2018-10-29T16:58:27+00:00,1,stream
3w_own_history,WELL-00022_20181026005827,WELL-00022,mixed,88,89,2018-10-29T17:58:27+00:00,1,stream
3w_own_history,WELL-00022_20181026005827,WELL-00022,mixed,89,90,2018-10-29T18:58:27+00:00,1,stream
3w_own_history,WELL-00022_20181026005827,WELL-00022,mixed,90,91,2018-10-29T19:58:27+00:00,1,stream
3w_own_history,WELL-00022_20181026005827,WELL-00022,mixed,91,92,2018-10-29T20:58:27+00:00,1,stream
3w_own_history,WELL-00022_20181026005827,WELL-00022,mixed,92,93,2018-10-29T21:58:27+00:00,1,stream
3w_own_history,WELL-00022_20181026005827,WELL-00022,mixed,93,94,2018-10-29T22:58:27+00:00,1,stream
3w_own_history,WELL-00022_20181026005827,WELL-00022,mixed,94,95,2018-10-29T23:58:27+00:00,1,stream
3w_own_history,WELL-00022_20181026005827,WELL-00022,mixed,95,96,2018-10-30T00:58:27+00:00,1,stream
3w_own_history,WELL-00022_20181026005827,WELL-00022,mixed,96,97,2018-10-30T01:58:27+00:00,1,stream
3w_own_history,WELL-00022_20181026005827,WELL-00022,mixed,97,98,2018-10-30T02:58:27+00:00,1,stream
3w_own_history,WELL-00022_20181026005827,WELL-00022,mixed,98,99,2018-10-30T03:58:27+00:00,1,stream
3w_own_history,WELL-00022_20181026005827,WELL-00022,mixed,99,100,2018-10-30T04:58:27+00:00,1,stream
3w_own_history,WELL-00022_20181026005827,WELL-00022,mixed,100,101,2018-10-30T05:58:27+00:00,1,stream
3w_own_history,WELL-00022_20181026005827,WELL-00022,mixed,101,102,2018-10-30T06:58:27+00:00,1,stream
3w_own_history,WELL-00022_20181026005827,WELL-00022,mixed,102,103,2018-10-30T07:58:27+00:00,1,stream
3w_own_history,WELL-00022_20181026005827,WELL-00022,mixed,103,104,2018-10-30T08:58:27+00:00,1,stream
3w_own_history,WELL-00022_20181026005827,WELL-00022,mixed,104,105,2018-10-30T09:58:27+00:00,1,stream
3w_own_history,WELL-00022_20181026005827,WELL-00022,mixed,105,106,2018-10-30T10:58:27+00:00,1,stream
3w_own_history,WELL-00022_20181026005827,WELL-00022,mixed,106,107,2018-10-30T11:58:27+00:00,1,stream
3w_own_history,WELL-00022_20181026005827,WELL-00022,mixed,107,108,2018-10-30T12:58:27+00:00,1,stream
3w_own_history,WELL-00022_20181026005827,WELL-00022,mixed,108,109,2018-10-30T13:58:27+00:00,1,stream
3w_own_history,WELL-00022_20181026005827,WELL-00022,mixed,109,110,2018-10-30T14:58:27+00:00,1,stream
3w_own_history,WELL-00022_20181026005827,WELL-00022,mixed,110,111,2018-10-30T15:58:27+00:00,1,stream
3w_own_history,WELL-00022_20181026005827,WELL-00022,mixed,111,112,2018-10-30T16:58:27+00:00,1,stream
3w_own_history,WELL-00022_20181026005827,WELL-00022,mixed,112,113,2018-10-30T17:58:27+00:00,1,stream
3w_own_history,WELL-00022_20181026005827,WELL-00022,mixed,113,114,2018-10-30T18:58:27+00:00,1,stream
3w_own_history,WELL-00022_20181026005827,WELL-00022,mixed,114,115,2018-10-30T19:58:27+00:00,1,stream
3w_own_history,WELL-00022_20181026005827,WELL-00022,mixed,115,116,2018-10-30T20:58:27+00:00,1,stream
3w_own_history,WELL-00022_20181026005827,WELL-00022,mixed,116,117,2018-10-30T21:58:27+00:00,1,stream
3w_own_history,WELL-00022_20181026005827,WELL-00022,mixed,117,118,2018-10-30T22:58:27+00:00,1,stream
3w_own_history,WELL-00022_20181026005827,WELL-00022,mixed,118,119,2018-10-30T23:58:27+00:00,1,stream
3w_own_history,WELL-00022_20181026005827,WELL-00022,mixed,119,120,2018-10-31T00:58:27+00:00,1,stream
3w_own_history,WELL-00022_20181026005827,WELL-00022,mixed,120,121,2018-10-31T01:58:27+00:00,1,stream
3w_own_history,WELL-00022_20181026005827,WELL-00022,mixed,121,122,2018-10-31T02:58:27+00:00,1,stream
3w_own_history,WELL-00022_20181026005827,WELL-00022,mixed,122,123,2018-10-31T03:58:27+00:00,1,stream
3w_own_history,WELL-00022_20181026005827,WELL-00022,mixed,123,124,2018-10-31T04:58:27+00:00,1,stream
3w_own_history,WELL-00022_20181026005827,WELL-00022,mixed,124,125,2018-10-31T05:58:27+00:00,1,stream
3w_own_history,WELL-00022_20181026005827,WELL-00022,mixed,125,126,2018-10-31T06:58:27+00:00,1,stream
3w_own_history,WELL-00022_20181026005827,WELL-00022,mixed,126,127,2018-10-31T07:58:27+00:00,1,stream
3w_own_history,WELL-00022_20181026005827,WELL-00022,mixed,127,128,2018-10-31T08:58:27+00:00,1,stream
3w_own_history,WELL-00022_20181026005827,WELL-00022,mixed,128,129,2018-10-31T09:58:27+00:00,1,stream
3w_own_history,WELL-00022_20181026005827,WELL-00022,mixed,129,130,2018-10-31T10:58:27+00:00,1,stream
3w_own_history,WELL-00022_20181026005827,WELL-00022,mixed,130,131,2018-10-31T11:58:27+00:00,1,stream
3w_own_history,WELL-00022_20181026005827,WELL-00022,mixed,131,132,2018-10-31T12:58:27+00:00,1,stream
3w_own_history,WELL-00022_20181026005827,WELL-00022,mixed,132,133,2018-10-31T13:58:27+00:00,1,stream
3w_own_history,WELL-00022_20181026005827,WELL-00022,mixed,133,134,2018-10-31T14:58:27+00:00,1,stream
3w_own_history,WELL-00022_20181101193049,WELL-00022,mixed,0,1,2018-11-01T20:30:49+00:00,0,fit
3w_own_history,WELL-00022_20181101193049,WELL-00022,mixed,1,2,2018-11-01T21:30:49+00:00,0,fit
3w_own_history,WELL-00022_20181101193049,WELL-00022,mixed,2,3,2018-11-01T22:30:49+00:00,0,fit
3w_own_history,WELL-00022_20181101193049,WELL-00022,mixed,3,4,2018-11-01T23:30:49+00:00,0,threshold
3w_own_history,WELL-00022_20181101193049,WELL-00022,mixed,4,5,2018-11-02T00:30:49+00:00,0,threshold
3w_own_history,WELL-00022_20181101193049,WELL-00022,mixed,5,6,2018-11-02T01:30:49+00:00,0,threshold
3w_own_history,WELL-00022_20181101193049,WELL-00022,mixed,6,7,2018-11-02T02:30:49+00:00,1,stream
3w_own_history,WELL-00022_20181101193049,WELL-00022,mixed,7,8,2018-11-02T03:30:49+00:00,1,stream
3w_own_history,WELL-00022_20181101193049,WELL-00022,mixed,8,9,2018-11-02T04:30:49+00:00,1,stream
3w_own_history,WELL-00022_20181101193049,WELL-00022,mixed,9,10,2018-11-02T05:30:49+00:00,1,stream
3w_own_history,WELL-00022_20181101193049,WELL-00022,mixed,10,11,2018-11-02T06:30:49+00:00,1,stream
3w_own_history,WELL-00022_20181101193049,WELL-00022,mixed,11,12,2018-11-02T07:30:49+00:00,1,stream
3w_own_history,WELL-00022_20181101193049,WELL-00022,mixed,12,13,2018-11-02T08:30:49+00:00,1,stream
3w_own_history,WELL-00022_20181101193049,WELL-00022,mixed,13,14,2018-11-02T09:30:49+00:00,1,stream
3w_own_history,WELL-00022_20181101193049,WELL-00022,mixed,14,15,2018-11-02T10:30:49+00:00,1,stream
3w_own_history,WELL-00022_20181101193049,WELL-00022,mixed,15,16,2018-11-02T11:30:49+00:00,1,stream
3w_own_history,WELL-00022_20181101193049,WELL-00022,mixed,16,17,2018-11-02T12:30:49+00:00,1,stream
3w_own_history,WELL-00022_20181101193049,WELL-00022,mixed,17,18,2018-11-02T13:30:49+00:00,1,stream
3w_own_history,WELL-00022_20181101193049,WELL-00022,mixed,18,19,2018-11-02T14:30:49+00:00,1,stream
3w_own_history,WELL-00022_20181101193049,WELL-00022,mixed,19,20,2018-11-02T15:30:49+00:00,1,stream
3w_own_history,WELL-00022_20181101193049,WELL-00022,mixed,20,21,2018-11-02T16:30:49+00:00,1,stream
3w_own_history,WELL-00022_20181101193049,WELL-00022,mixed,21,22,2018-11-02T17:30:49+00:00,1,stream
3w_own_history,WELL-00022_20181101193049,WELL-00022,mixed,22,23,2018-11-02T18:30:49+00:00,1,stream
3w_own_history,WELL-00022_20181101193049,WELL-00022,mixed,23,24,2018-11-02T19:30:49+00:00,1,stream
3w_own_history,WELL-00022_20181101193049,WELL-00022,mixed,24,25,2018-11-02T20:30:49+00:00,1,stream
3w_own_history,WELL-00022_20181101193049,WELL-00022,mixed,25,26,2018-11-02T21:30:49+00:00,1,stream
3w_own_history,WELL-00022_20181101193049,WELL-00022,mixed,26,27,2018-11-02T22:30:49+00:00,1,stream
3w_own_history,WELL-00022_20181101193049,WELL-00022,mixed,27,28,2018-11-02T23:30:49+00:00,1,stream
3w_own_history,WELL-00022_20181101193049,WELL-00022,mixed,28,29,2018-11-03T00:30:49+00:00,1,stream
3w_own_history,WELL-00022_20181101193049,WELL-00022,mixed,29,30,2018-11-03T01:30:49+00:00,1,stream
3w_own_history,WELL-00022_20181101193049,WELL-00022,mixed,30,31,2018-11-03T02:30:49+00:00,1,stream
3w_own_history,WELL-00023_20180826212652,WELL-00023,mixed,0,1,2018-08-26T22:26:52+00:00,0,fit
3w_own_history,WELL-00023_20180826212652,WELL-00023,mixed,1,2,2018-08-26T23:26:52+00:00,0,fit
3w_own_history,WELL-00023_20180826212652,WELL-00023,mixed,2,3,2018-08-27T00:26:52+00:00,0,fit
3w_own_history,WELL-00023_20180826212652,WELL-00023,mixed,3,4,2018-08-27T01:26:52+00:00,0,threshold
3w_own_history,WELL-00023_20180826212652,WELL-00023,mixed,4,5,2018-08-27T02:26:52+00:00,0,threshold
3w_own_history,WELL-00023_20180826212652,WELL-00023,mixed,5,6,2018-08-27T03:26:52+00:00,0,threshold
3w_own_history,WELL-00023_20180826212652,WELL-00023,mixed,6,7,2018-08-27T04:26:52+00:00,0,stream
3w_own_history,WELL-00023_20180826212652,WELL-00023,mixed,7,8,2018-08-27T05:26:52+00:00,0,stream
3w_own_history,WELL-00023_20180826212652,WELL-00023,mixed,8,9,2018-08-27T06:26:52+00:00,1,stream
3w_own_history,WELL-00023_20180826212652,WELL-00023,mixed,9,10,2018-08-27T07:26:52+00:00,1,stream
3w_own_history,WELL-00023_20180826212652,WELL-00023,mixed,10,11,2018-08-27T08:26:52+00:00,1,stream
3w_own_history,WELL-00023_20180826212652,WELL-00023,mixed,11,12,2018-08-27T09:26:52+00:00,1,stream
3w_own_history,WELL-00023_20180826212652,WELL-00023,mixed,12,13,2018-08-27T10:26:52+00:00,1,stream
3w_own_history,WELL-00023_20180826212652,WELL-00023,mixed,13,14,2018-08-27T11:26:52+00:00,1,stream
3w_own_history,WELL-00023_20180826212652,WELL-00023,mixed,14,15,2018-08-27T12:26:52+00:00,1,stream
3w_own_history,WELL-00023_20180826212652,WELL-00023,mixed,15,16,2018-08-27T13:26:52+00:00,1,stream
3w_own_history,WELL-00023_20180826212652,WELL-00023,mixed,16,17,2018-08-27T14:26:52+00:00,1,stream
3w_own_history,WELL-00023_20180826212652,WELL-00023,mixed,17,18,2018-08-27T15:26:52+00:00,1,stream
3w_own_history,WELL-00023_20180826212652,WELL-00023,mixed,18,19,2018-08-27T16:26:52+00:00,1,stream
3w_own_history,WELL-00023_20180826212652,WELL-00023,mixed,19,20,2018-08-27T17:26:52+00:00,1,stream
3w_own_history,WELL-00023_20180826212652,WELL-00023,mixed,20,21,2018-08-27T18:26:52+00:00,1,stream
3w_own_history,WELL-00023_20180826212652,WELL-00023,mixed,21,22,2018-08-27T19:26:52+00:00,1,stream
3w_own_history,WELL-00023_20180826212652,WELL-00023,mixed,22,23,2018-08-27T20:26:52+00:00,1,stream
3w_own_history,WELL-00023_20180826212652,WELL-00023,mixed,23,24,2018-08-27T21:26:52+00:00,1,stream
3w_own_history,WELL-00023_20180826212652,WELL-00023,mixed,24,25,2018-08-27T22:26:52+00:00,1,stream
3w_own_history,WELL-00023_20180826212652,WELL-00023,mixed,25,26,2018-08-27T23:26:52+00:00,1,stream
3w_own_history,WELL-00023_20180826212652,WELL-00023,mixed,26,27,2018-08-28T00:26:52+00:00,1,stream
3w_own_history,WELL-00023_20180826212652,WELL-00023,mixed,27,28,2018-08-28T01:26:52+00:00,1,stream
3w_own_history,WELL-00023_20180826212652,WELL-00023,mixed,28,29,2018-08-28T02:26:52+00:00,1,stream
3w_own_history,WELL-00023_20180826212652,WELL-00023,mixed,29,30,2018-08-28T03:26:52+00:00,1,stream
3w_own_history,WELL-00023_20180826212652,WELL-00023,mixed,30,31,2018-08-28T04:26:52+00:00,1,stream
3w_own_history,WELL-00023_20180826212652,WELL-00023,mixed,31,32,2018-08-28T05:26:52+00:00,1,stream
3w_own_history,WELL-00023_20180826212652,WELL-00023,mixed,32,33,2018-08-28T06:26:52+00:00,1,stream
3w_own_history,WELL-00023_20180826212652,WELL-00023,mixed,33,34,2018-08-28T07:26:52+00:00,1,stream
3w_own_history,WELL-00023_20180826212652,WELL-00023,mixed,34,35,2018-08-28T08:26:52+00:00,1,stream
3w_own_history,WELL-00023_20180826212652,WELL-00023,mixed,35,36,2018-08-28T09:26:52+00:00,1,stream
3w_own_history,WELL-00023_20180826212652,WELL-00023,mixed,36,37,2018-08-28T10:26:52+00:00,1,stream
3w_own_history,WELL-00023_20180826212652,WELL-00023,mixed,37,38,2018-08-28T11:26:52+00:00,1,stream
3w_own_history,WELL-00023_20180826212652,WELL-00023,mixed,38,39,2018-08-28T12:26:52+00:00,1,stream
3w_own_history,WELL-00023_20180826212652,WELL-00023,mixed,39,40,2018-08-28T13:26:52+00:00,1,stream
3w_own_history,WELL-00023_20180826212652,WELL-00023,mixed,40,41,2018-08-28T14:26:52+00:00,1,stream
3w_own_history,WELL-00023_20180826212652,WELL-00023,mixed,41,42,2018-08-28T15:26:52+00:00,1,stream
3w_own_history,WELL-00023_20180826212652,WELL-00023,mixed,42,43,2018-08-28T16:26:52+00:00,1,stream
3w_own_history,WELL-00023_20180826212652,WELL-00023,mixed,43,44,2018-08-28T17:26:52+00:00,1,stream
3w_own_history,WELL-00023_20180826212652,WELL-00023,mixed,44,45,2018-08-28T18:26:52+00:00,1,stream
3w_own_history,WELL-00023_20180826212652,WELL-00023,mixed,45,46,2018-08-28T19:26:52+00:00,1,stream
3w_own_history,WELL-00023_20180826212652,WELL-00023,mixed,46,47,2018-08-28T20:26:52+00:00,1,stream
3w_own_history,WELL-00023_20180826212652,WELL-00023,mixed,47,48,2018-08-28T21:26:52+00:00,1,stream
3w_own_history,WELL-00023_20180826212652,WELL-00023,mixed,48,49,2018-08-28T22:26:52+00:00,1,stream
3w_own_history,WELL-00023_20180826212652,WELL-00023,mixed,49,50,2018-08-28T23:26:52+00:00,1,stream
3w_own_history,WELL-00023_20180826212652,WELL-00023,mixed,50,51,2018-08-29T00:26:52+00:00,1,stream
3w_own_history,WELL-00023_20180826212652,WELL-00023,mixed,51,52,2018-08-29T01:26:52+00:00,1,stream
3w_own_history,WELL-00023_20180826212652,WELL-00023,mixed,52,53,2018-08-29T02:26:52+00:00,1,stream
3w_own_history,WELL-00023_20180826212652,WELL-00023,mixed,53,54,2018-08-29T03:26:52+00:00,1,stream
3w_own_history,WELL-00023_20180826212652,WELL-00023,mixed,54,55,2018-08-29T04:26:52+00:00,1,stream
3w_own_history,WELL-00023_20180826212652,WELL-00023,mixed,55,56,2018-08-29T05:26:52+00:00,1,stream
3w_own_history,WELL-00023_20180826212652,WELL-00023,mixed,56,57,2018-08-29T06:26:52+00:00,1,stream
3w_own_history,WELL-00023_20180826212652,WELL-00023,mixed,57,58,2018-08-29T07:26:52+00:00,1,stream
3w_own_history,WELL-00023_20180826212652,WELL-00023,mixed,58,59,2018-08-29T08:26:52+00:00,1,stream
3w_own_history,WELL-00023_20180826212652,WELL-00023,mixed,59,60,2018-08-29T09:26:52+00:00,1,stream
3w_own_history,WELL-00023_20180826212652,WELL-00023,mixed,60,61,2018-08-29T10:26:52+00:00,1,stream
3w_own_history,WELL-00023_20180826212652,WELL-00023,mixed,61,62,2018-08-29T11:26:52+00:00,1,stream
3w_own_history,WELL-00023_20180826212652,WELL-00023,mixed,62,63,2018-08-29T12:26:52+00:00,1,stream
3w_own_history,WELL-00023_20180826212652,WELL-00023,mixed,63,64,2018-08-29T13:26:52+00:00,1,stream
3w_own_history,WELL-00023_20180826212652,WELL-00023,mixed,64,65,2018-08-29T14:26:52+00:00,1,stream
3w_own_history,WELL-00023_20180826212652,WELL-00023,mixed,65,66,2018-08-29T15:26:52+00:00,1,stream
3w_own_history,WELL-00023_20180826212652,WELL-00023,mixed,66,67,2018-08-29T16:26:52+00:00,1,stream
3w_own_history,WELL-00023_20180826212652,WELL-00023,mixed,67,68,2018-08-29T17:26:52+00:00,1,stream
3w_own_history,WELL-00023_20180826212652,WELL-00023,mixed,68,69,2018-08-29T18:26:52+00:00,1,stream
3w_own_history,WELL-00023_20180826212652,WELL-00023,mixed,69,70,2018-08-29T19:26:52+00:00,1,stream
3w_own_history,WELL-00023_20180826212652,WELL-00023,mixed,70,71,2018-08-29T20:26:52+00:00,1,stream
3w_own_history,WELL-00023_20180826212652,WELL-00023,mixed,71,72,2018-08-29T21:26:52+00:00,1,stream
3w_own_history,WELL-00023_20180826212652,WELL-00023,mixed,72,73,2018-08-29T22:26:52+00:00,1,stream
3w_own_history,WELL-00023_20180826212652,WELL-00023,mixed,73,74,2018-08-29T23:26:52+00:00,1,stream
3w_own_history,WELL-00023_20180826212652,WELL-00023,mixed,74,75,2018-08-30T00:26:52+00:00,1,stream
3w_own_history,WELL-00023_20180826212652,WELL-00023,mixed,75,76,2018-08-30T01:26:52+00:00,1,stream
3w_own_history,WELL-00023_20180826212652,WELL-00023,mixed,76,77,2018-08-30T02:26:52+00:00,1,stream
3w_own_history,WELL-00023_20180826212652,WELL-00023,mixed,77,78,2018-08-30T03:26:52+00:00,1,stream
3w_own_history,WELL-00023_20180826212652,WELL-00023,mixed,78,79,2018-08-30T04:26:52+00:00,1,stream
3w_own_history,WELL-00023_20180826212652,WELL-00023,mixed,79,80,2018-08-30T05:26:52+00:00,1,stream
3w_own_history,WELL-00023_20180826212652,WELL-00023,mixed,80,81,2018-08-30T06:26:52+00:00,1,stream
3w_own_history,WELL-00023_20180826212652,WELL-00023,mixed,81,82,2018-08-30T07:26:52+00:00,1,stream
3w_own_history,WELL-00023_20180826212652,WELL-00023,mixed,82,83,2018-08-30T08:26:52+00:00,1,stream
3w_own_history,WELL-00023_20180826212652,WELL-00023,mixed,83,84,2018-08-30T09:26:52+00:00,1,stream
3w_own_history,WELL-00023_20180826212652,WELL-00023,mixed,84,85,2018-08-30T10:26:52+00:00,1,stream
3w_own_history,WELL-00023_20180826212652,WELL-00023,mixed,85,86,2018-08-30T11:26:52+00:00,1,stream
3w_own_history,WELL-00023_20180826212652,WELL-00023,mixed,86,87,2018-08-30T12:26:52+00:00,1,stream
3w_own_history,WELL-00023_20180826212652,WELL-00023,mixed,87,88,2018-08-30T13:26:52+00:00,1,stream
3w_own_history,WELL-00023_20180826212652,WELL-00023,mixed,88,89,2018-08-30T14:26:52+00:00,1,stream
3w_own_history,WELL-00023_20180826212652,WELL-00023,mixed,89,90,2018-08-30T15:26:52+00:00,1,stream
3w_own_history,WELL-00023_20180826212652,WELL-00023,mixed,90,91,2018-08-30T16:26:52+00:00,1,stream
3w_own_history,WELL-00023_20180826212652,WELL-00023,mixed,91,92,2018-08-30T17:26:52+00:00,1,stream
3w_own_history,WELL-00023_20180826212652,WELL-00023,mixed,92,93,2018-08-30T18:26:52+00:00,1,stream
3w_own_history,WELL-00023_20180826212652,WELL-00023,mixed,93,94,2018-08-30T19:26:52+00:00,1,stream
3w_own_history,WELL-00023_20180826212652,WELL-00023,mixed,94,95,2018-08-30T20:26:52+00:00,1,stream
3w_own_history,WELL-00023_20180826212652,WELL-00023,mixed,95,96,2018-08-30T21:26:52+00:00,1,stream
3w_own_history,WELL-00023_20180826212652,WELL-00023,mixed,96,97,2018-08-30T22:26:52+00:00,1,stream
3w_own_history,WELL-00023_20180826212652,WELL-00023,mixed,97,98,2018-08-30T23:26:52+00:00,1,stream
3w_own_history,WELL-00023_20180826212652,WELL-00023,mixed,98,99,2018-08-31T00:26:52+00:00,1,stream
3w_own_history,WELL-00023_20180826212652,WELL-00023,mixed,99,100,2018-08-31T01:26:52+00:00,1,stream
3w_own_history,WELL-00023_20180826212652,WELL-00023,mixed,100,101,2018-08-31T02:26:52+00:00,1,stream
3w_own_history,WELL-00023_20180826212652,WELL-00023,mixed,101,102,2018-08-31T03:26:52+00:00,1,stream
3w_own_history,WELL-00023_20180826212652,WELL-00023,mixed,102,103,2018-08-31T04:26:52+00:00,1,stream
3w_own_history,WELL-00023_20180826212652,WELL-00023,mixed,103,104,2018-08-31T05:26:52+00:00,1,stream
3w_own_history,WELL-00023_20180826212652,WELL-00023,mixed,104,105,2018-08-31T06:26:52+00:00,1,stream
3w_own_history,WELL-00023_20180826212652,WELL-00023,mixed,105,106,2018-08-31T07:26:52+00:00,1,stream
3w_own_history,WELL-00023_20180826212652,WELL-00023,mixed,106,107,2018-08-31T08:26:52+00:00,1,stream
3w_own_history,WELL-00023_20180826212652,WELL-00023,mixed,107,108,2018-08-31T09:26:52+00:00,1,stream
3w_own_history,WELL-00023_20180826212652,WELL-00023,mixed,108,109,2018-08-31T10:26:52+00:00,1,stream
3w_own_history,WELL-00023_20180826212652,WELL-00023,mixed,109,110,2018-08-31T11:26:52+00:00,1,stream
3w_own_history,WELL-00023_20180826212652,WELL-00023,mixed,110,111,2018-08-31T12:26:52+00:00,1,stream
3w_own_history,WELL-00023_20180826212652,WELL-00023,mixed,111,112,2018-08-31T13:26:52+00:00,1,stream
3w_own_history,WELL-00023_20180826212652,WELL-00023,mixed,112,113,2018-08-31T14:26:52+00:00,1,stream
3w_own_history,WELL-00023_20180826212652,WELL-00023,mixed,113,114,2018-08-31T15:26:52+00:00,1,stream
3w_own_history,WELL-00023_20180826212652,WELL-00023,mixed,114,115,2018-08-31T16:26:52+00:00,1,stream
3w_own_history,WELL-00023_20180826212652,WELL-00023,mixed,115,116,2018-08-31T17:26:52+00:00,1,stream
3w_own_history,WELL-00023_20180826212652,WELL-00023,mixed,116,117,2018-08-31T18:26:52+00:00,1,stream
3w_own_history,WELL-00023_20180826212652,WELL-00023,mixed,117,118,2018-08-31T19:26:52+00:00,1,stream
3w_own_history,WELL-00023_20180826212652,WELL-00023,mixed,118,119,2018-08-31T20:26:52+00:00,1,stream
3w_own_history,WELL-00023_20180826212652,WELL-00023,mixed,119,120,2018-08-31T21:26:52+00:00,1,stream
3w_own_history,WELL-00023_20180826212652,WELL-00023,mixed,120,121,2018-08-31T22:26:52+00:00,1,stream
3w_own_history,WELL-00023_20180826212652,WELL-00023,mixed,121,122,2018-08-31T23:26:52+00:00,1,stream
3w_own_history,WELL-00023_20180826212652,WELL-00023,mixed,122,123,2018-09-01T00:26:52+00:00,1,stream
3w_own_history,WELL-00023_20180826212652,WELL-00023,mixed,123,124,2018-09-01T01:26:52+00:00,1,stream
3w_own_history,WELL-00023_20180826212652,WELL-00023,mixed,124,125,2018-09-01T02:26:52+00:00,1,stream
3w_own_history,WELL-00023_20180826212652,WELL-00023,mixed,125,126,2018-09-01T03:26:52+00:00,1,stream
3w_own_history,WELL-00023_20180826212652,WELL-00023,mixed,126,127,2018-09-01T04:26:52+00:00,1,stream
3w_own_history,WELL-00023_20180826212652,WELL-00023,mixed,127,128,2018-09-01T05:26:52+00:00,1,stream
3w_own_history,WELL-00023_20180826212652,WELL-00023,mixed,128,129,2018-09-01T06:26:52+00:00,1,stream
3w_own_history,WELL-00023_20180826212652,WELL-00023,mixed,129,130,2018-09-01T07:26:52+00:00,1,stream
3w_own_history,WELL-00023_20180826212652,WELL-00023,mixed,130,131,2018-09-01T08:26:52+00:00,1,stream
3w_own_history,WELL-00023_20180826212652,WELL-00023,mixed,131,132,2018-09-01T09:26:52+00:00,1,stream
3w_own_history,WELL-00023_20180826212652,WELL-00023,mixed,132,133,2018-09-01T10:26:52+00:00,1,stream
3w_own_history,WELL-00023_20180826212652,WELL-00023,mixed,133,134,2018-09-01T11:26:52+00:00,1,stream
3w_own_history,WELL-00023_20180826212652,WELL-00023,mixed,134,135,2018-09-01T12:26:52+00:00,1,stream
3w_own_history,WELL-00023_20180826212652,WELL-00023,mixed,135,136,2018-09-01T13:26:52+00:00,1,stream
3w_own_history,WELL-00023_20180826212652,WELL-00023,mixed,136,137,2018-09-01T14:26:52+00:00,1,stream
3w_own_history,WELL-00023_20180826212652,WELL-00023,mixed,137,138,2018-09-01T15:26:52+00:00,1,stream
3w_own_history,WELL-00023_20180826212652,WELL-00023,mixed,138,139,2018-09-01T16:26:52+00:00,1,stream
3w_own_history,WELL-00023_20180826212652,WELL-00023,mixed,139,140,2018-09-01T17:26:52+00:00,1,stream
3w_own_history,WELL-00023_20180826212652,WELL-00023,mixed,140,141,2018-09-01T18:26:52+00:00,1,stream
3w_own_history,WELL-00023_20180826212652,WELL-00023,mixed,141,142,2018-09-01T19:26:52+00:00,1,stream
3w_own_history,WELL-00023_20180826212652,WELL-00023,mixed,142,143,2018-09-01T20:26:52+00:00,1,stream
3w_own_history,WELL-00023_20180826212652,WELL-00023,mixed,143,144,2018-09-01T21:26:52+00:00,1,stream
3w_own_history,WELL-00023_20180826212652,WELL-00023,mixed,144,145,2018-09-01T22:26:52+00:00,1,stream
3w_own_history,WELL-00023_20180826212652,WELL-00023,mixed,145,146,2018-09-01T23:26:52+00:00,1,stream
3w_own_history,WELL-00023_20180826212652,WELL-00023,mixed,146,147,2018-09-02T00:26:52+00:00,1,stream
3w_own_history,WELL-00023_20180826212652,WELL-00023,mixed,147,148,2018-09-02T01:26:52+00:00,1,stream
3w_own_history,WELL-00023_20180826212652,WELL-00023,mixed,148,149,2018-09-02T02:26:52+00:00,1,stream
3w_own_history,WELL-00023_20180826212652,WELL-00023,mixed,149,150,2018-09-02T03:26:52+00:00,1,stream
3w_own_history,WELL-00023_20180826212652,WELL-00023,mixed,150,151,2018-09-02T04:26:52+00:00,1,stream
3w_own_history,WELL-00023_20180826212652,WELL-00023,mixed,151,152,2018-09-02T05:26:52+00:00,1,stream
3w_own_history,WELL-00023_20180826212652,WELL-00023,mixed,152,153,2018-09-02T06:26:52+00:00,1,stream
3w_own_history,WELL-00023_20180826212652,WELL-00023,mixed,153,154,2018-09-02T07:26:52+00:00,1,stream
3w_own_history,WELL-00023_20181014121654,WELL-00023,mixed,0,1,2018-10-14T13:16:54+00:00,0,fit
3w_own_history,WELL-00023_20181014121654,WELL-00023,mixed,1,2,2018-10-14T14:16:54+00:00,0,fit
3w_own_history,WELL-00023_20181014121654,WELL-00023,mixed,2,3,2018-10-14T15:16:54+00:00,0,fit
3w_own_history,WELL-00023_20181014121654,WELL-00023,mixed,3,4,2018-10-14T16:16:54+00:00,0,threshold
3w_own_history,WELL-00023_20181014121654,WELL-00023,mixed,4,5,2018-10-14T17:16:54+00:00,0,threshold
3w_own_history,WELL-00023_20181014121654,WELL-00023,mixed,5,6,2018-10-14T18:16:54+00:00,0,threshold
3w_own_history,WELL-00023_20181014121654,WELL-00023,mixed,6,7,2018-10-14T19:16:54+00:00,0,stream
3w_own_history,WELL-00023_20181014121654,WELL-00023,mixed,7,8,2018-10-14T20:16:54+00:00,0,stream
3w_own_history,WELL-00023_20181014121654,WELL-00023,mixed,8,9,2018-10-14T21:16:54+00:00,0,stream
3w_own_history,WELL-00023_20181014121654,WELL-00023,mixed,9,10,2018-10-14T22:16:54+00:00,0,stream
3w_own_history,WELL-00023_20181014121654,WELL-00023,mixed,10,11,2018-10-14T23:16:54+00:00,0,stream
3w_own_history,WELL-00023_20181014121654,WELL-00023,mixed,11,12,2018-10-15T00:16:54+00:00,0,stream
3w_own_history,WELL-00023_20181014121654,WELL-00023,mixed,12,13,2018-10-15T01:16:54+00:00,0,stream
3w_own_history,WELL-00023_20181014121654,WELL-00023,mixed,13,14,2018-10-15T02:16:54+00:00,0,stream
3w_own_history,WELL-00023_20181014121654,WELL-00023,mixed,14,15,2018-10-15T03:16:54+00:00,0,stream
3w_own_history,WELL-00023_20181014121654,WELL-00023,mixed,15,16,2018-10-15T04:16:54+00:00,0,stream
3w_own_history,WELL-00023_20181014121654,WELL-00023,mixed,16,17,2018-10-15T05:16:54+00:00,0,stream
3w_own_history,WELL-00023_20181014121654,WELL-00023,mixed,17,18,2018-10-15T06:16:54+00:00,0,stream
3w_own_history,WELL-00023_20181014121654,WELL-00023,mixed,18,19,2018-10-15T07:16:54+00:00,1,stream
3w_own_history,WELL-00023_20181014121654,WELL-00023,mixed,19,20,2018-10-15T08:16:54+00:00,1,stream
3w_own_history,WELL-00023_20181014121654,WELL-00023,mixed,20,21,2018-10-15T09:16:54+00:00,1,stream
3w_own_history,WELL-00023_20181014121654,WELL-00023,mixed,21,22,2018-10-15T10:16:54+00:00,1,stream
3w_own_history,WELL-00023_20181014121654,WELL-00023,mixed,22,23,2018-10-15T11:16:54+00:00,1,stream
3w_own_history,WELL-00023_20181014121654,WELL-00023,mixed,23,24,2018-10-15T12:16:54+00:00,1,stream
3w_own_history,WELL-00023_20181014121654,WELL-00023,mixed,24,25,2018-10-15T13:16:54+00:00,1,stream
3w_own_history,WELL-00023_20181014121654,WELL-00023,mixed,25,26,2018-10-15T14:16:54+00:00,1,stream
3w_own_history,WELL-00023_20181014121654,WELL-00023,mixed,26,27,2018-10-15T15:16:54+00:00,1,stream
3w_own_history,WELL-00023_20181014121654,WELL-00023,mixed,27,28,2018-10-15T16:16:54+00:00,1,stream
3w_own_history,WELL-00023_20181014121654,WELL-00023,mixed,28,29,2018-10-15T17:16:54+00:00,1,stream
3w_own_history,WELL-00023_20181014121654,WELL-00023,mixed,29,30,2018-10-15T18:16:54+00:00,1,stream
3w_own_history,WELL-00023_20181014121654,WELL-00023,mixed,30,31,2018-10-15T19:16:54+00:00,1,stream
3w_own_history,WELL-00023_20181014121654,WELL-00023,mixed,31,32,2018-10-15T20:16:54+00:00,1,stream
3w_own_history,WELL-00023_20181014121654,WELL-00023,mixed,32,33,2018-10-15T21:16:54+00:00,1,stream
3w_own_history,WELL-00023_20181014121654,WELL-00023,mixed,33,34,2018-10-15T22:16:54+00:00,1,stream
3w_own_history,WELL-00023_20181014121654,WELL-00023,mixed,34,35,2018-10-15T23:16:54+00:00,1,stream
3w_own_history,WELL-00023_20181014121654,WELL-00023,mixed,35,36,2018-10-16T00:16:54+00:00,1,stream
3w_own_history,WELL-00023_20181014121654,WELL-00023,mixed,36,37,2018-10-16T01:16:54+00:00,1,stream
3w_own_history,WELL-00023_20181014121654,WELL-00023,mixed,37,38,2018-10-16T02:16:54+00:00,1,stream
3w_own_history,WELL-00023_20181014121654,WELL-00023,mixed,38,39,2018-10-16T03:16:54+00:00,1,stream
3w_own_history,WELL-00023_20181014121654,WELL-00023,mixed,39,40,2018-10-16T04:16:54+00:00,1,stream
3w_own_history,WELL-00023_20181014121654,WELL-00023,mixed,40,41,2018-10-16T05:16:54+00:00,1,stream
3w_own_history,WELL-00023_20181014121654,WELL-00023,mixed,41,42,2018-10-16T06:16:54+00:00,1,stream
3w_own_history,WELL-00023_20181014121654,WELL-00023,mixed,42,43,2018-10-16T07:16:54+00:00,1,stream
3w_own_history,WELL-00023_20181014121654,WELL-00023,mixed,43,44,2018-10-16T08:16:54+00:00,1,stream
3w_own_history,WELL-00023_20181014121654,WELL-00023,mixed,44,45,2018-10-16T09:16:54+00:00,1,stream
3w_own_history,WELL-00023_20181014121654,WELL-00023,mixed,45,46,2018-10-16T10:16:54+00:00,1,stream
3w_own_history,WELL-00023_20181014121654,WELL-00023,mixed,46,47,2018-10-16T11:16:54+00:00,1,stream
3w_own_history,WELL-00023_20181014121654,WELL-00023,mixed,47,48,2018-10-16T12:16:54+00:00,1,stream
3w_own_history,WELL-00023_20181014121654,WELL-00023,mixed,48,49,2018-10-16T13:16:54+00:00,1,stream
3w_own_history,WELL-00023_20181014121654,WELL-00023,mixed,49,50,2018-10-16T14:16:54+00:00,1,stream
3w_own_history,WELL-00023_20181014121654,WELL-00023,mixed,50,51,2018-10-16T15:16:54+00:00,1,stream
3w_own_history,WELL-00023_20181014121654,WELL-00023,mixed,51,52,2018-10-16T16:16:54+00:00,1,stream
3w_own_history,WELL-00023_20181014121654,WELL-00023,mixed,52,53,2018-10-16T17:16:54+00:00,1,stream
3w_own_history,WELL-00023_20181014121654,WELL-00023,mixed,53,54,2018-10-16T18:16:54+00:00,1,stream
3w_own_history,WELL-00023_20181014121654,WELL-00023,mixed,54,55,2018-10-16T19:16:54+00:00,1,stream
3w_own_history,WELL-00023_20181014121654,WELL-00023,mixed,55,56,2018-10-16T20:16:54+00:00,1,stream
3w_own_history,WELL-00023_20181014121654,WELL-00023,mixed,56,57,2018-10-16T21:16:54+00:00,1,stream
3w_own_history,WELL-00023_20181014121654,WELL-00023,mixed,57,58,2018-10-16T22:16:54+00:00,1,stream
3w_own_history,WELL-00023_20181014121654,WELL-00023,mixed,58,59,2018-10-16T23:16:54+00:00,1,stream
3w_own_history,WELL-00023_20181014121654,WELL-00023,mixed,59,60,2018-10-17T00:16:54+00:00,1,stream
3w_own_history,WELL-00023_20181014121654,WELL-00023,mixed,60,61,2018-10-17T01:16:54+00:00,1,stream
3w_own_history,WELL-00023_20181014121654,WELL-00023,mixed,61,62,2018-10-17T02:16:54+00:00,1,stream
3w_own_history,WELL-00023_20181014121654,WELL-00023,mixed,62,63,2018-10-17T03:16:54+00:00,1,stream
3w_own_history,WELL-00023_20181014121654,WELL-00023,mixed,63,64,2018-10-17T04:16:54+00:00,1,stream
3w_own_history,WELL-00023_20181014121654,WELL-00023,mixed,64,65,2018-10-17T05:16:54+00:00,1,stream
3w_own_history,WELL-00023_20181014121654,WELL-00023,mixed,65,66,2018-10-17T06:16:54+00:00,1,stream
3w_own_history,WELL-00023_20181014121654,WELL-00023,mixed,66,67,2018-10-17T07:16:54+00:00,1,stream
3w_own_history,WELL-00023_20181014121654,WELL-00023,mixed,67,68,2018-10-17T08:16:54+00:00,1,stream
3w_own_history,WELL-00023_20181014121654,WELL-00023,mixed,68,69,2018-10-17T09:16:54+00:00,1,stream
3w_own_history,WELL-00023_20181014121654,WELL-00023,mixed,69,70,2018-10-17T10:16:54+00:00,1,stream
3w_own_history,WELL-00023_20181014121654,WELL-00023,mixed,70,71,2018-10-17T11:16:54+00:00,1,stream
3w_own_history,WELL-00023_20181014121654,WELL-00023,mixed,71,72,2018-10-17T12:16:54+00:00,1,stream
3w_own_history,WELL-00023_20181014121654,WELL-00023,mixed,72,73,2018-10-17T13:16:54+00:00,1,stream
3w_own_history,WELL-00023_20181014121654,WELL-00023,mixed,73,74,2018-10-17T14:16:54+00:00,1,stream
3w_own_history,WELL-00023_20181014121654,WELL-00023,mixed,74,75,2018-10-17T15:16:54+00:00,1,stream
3w_own_history,WELL-00023_20181014121654,WELL-00023,mixed,75,76,2018-10-17T16:16:54+00:00,1,stream
3w_own_history,WELL-00023_20181014121654,WELL-00023,mixed,76,77,2018-10-17T17:16:54+00:00,1,stream
3w_own_history,WELL-00023_20181014121654,WELL-00023,mixed,77,78,2018-10-17T18:16:54+00:00,1,stream
3w_own_history,WELL-00023_20181019115124,WELL-00023,mixed,0,1,2018-10-19T12:51:24+00:00,0,fit
3w_own_history,WELL-00023_20181019115124,WELL-00023,mixed,1,2,2018-10-19T13:51:24+00:00,0,fit
3w_own_history,WELL-00023_20181019115124,WELL-00023,mixed,2,3,2018-10-19T14:51:24+00:00,0,fit
3w_own_history,WELL-00023_20181019115124,WELL-00023,mixed,3,4,2018-10-19T15:51:24+00:00,0,threshold
3w_own_history,WELL-00023_20181019115124,WELL-00023,mixed,4,5,2018-10-19T16:51:24+00:00,0,threshold
3w_own_history,WELL-00023_20181019115124,WELL-00023,mixed,5,6,2018-10-19T17:51:24+00:00,0,threshold
3w_own_history,WELL-00023_20181019115124,WELL-00023,mixed,6,7,2018-10-19T18:51:24+00:00,0,stream
3w_own_history,WELL-00023_20181019115124,WELL-00023,mixed,7,8,2018-10-19T19:51:24+00:00,0,stream
3w_own_history,WELL-00023_20181019115124,WELL-00023,mixed,8,9,2018-10-19T20:51:24+00:00,0,stream
3w_own_history,WELL-00023_20181019115124,WELL-00023,mixed,9,10,2018-10-19T21:51:24+00:00,0,stream
3w_own_history,WELL-00023_20181019115124,WELL-00023,mixed,10,11,2018-10-19T22:51:24+00:00,0,stream
3w_own_history,WELL-00023_20181019115124,WELL-00023,mixed,11,12,2018-10-19T23:51:24+00:00,0,stream
3w_own_history,WELL-00023_20181019115124,WELL-00023,mixed,12,13,2018-10-20T00:51:24+00:00,0,stream
3w_own_history,WELL-00023_20181019115124,WELL-00023,mixed,13,14,2018-10-20T01:51:24+00:00,0,stream
3w_own_history,WELL-00023_20181019115124,WELL-00023,mixed,14,15,2018-10-20T02:51:24+00:00,0,stream
3w_own_history,WELL-00023_20181019115124,WELL-00023,mixed,15,16,2018-10-20T03:51:24+00:00,0,stream
3w_own_history,WELL-00023_20181019115124,WELL-00023,mixed,16,17,2018-10-20T04:51:24+00:00,0,stream
3w_own_history,WELL-00023_20181019115124,WELL-00023,mixed,17,18,2018-10-20T05:51:24+00:00,0,stream
3w_own_history,WELL-00023_20181019115124,WELL-00023,mixed,18,19,2018-10-20T06:51:24+00:00,1,stream
3w_own_history,WELL-00023_20181019115124,WELL-00023,mixed,19,20,2018-10-20T07:51:24+00:00,1,stream
3w_own_history,WELL-00023_20181019115124,WELL-00023,mixed,20,21,2018-10-20T08:51:24+00:00,1,stream
3w_own_history,WELL-00023_20181019115124,WELL-00023,mixed,21,22,2018-10-20T09:51:24+00:00,1,stream
3w_own_history,WELL-00023_20181019115124,WELL-00023,mixed,22,23,2018-10-20T10:51:24+00:00,1,stream
3w_own_history,WELL-00023_20181019115124,WELL-00023,mixed,23,24,2018-10-20T11:51:24+00:00,1,stream
3w_own_history,WELL-00023_20181019115124,WELL-00023,mixed,24,25,2018-10-20T12:51:24+00:00,1,stream
3w_own_history,WELL-00023_20181019115124,WELL-00023,mixed,25,26,2018-10-20T13:51:24+00:00,1,stream
3w_own_history,WELL-00023_20181019115124,WELL-00023,mixed,26,27,2018-10-20T14:51:24+00:00,1,stream
3w_own_history,WELL-00023_20181019115124,WELL-00023,mixed,27,28,2018-10-20T15:51:24+00:00,1,stream
3w_own_history,WELL-00023_20181019115124,WELL-00023,mixed,28,29,2018-10-20T16:51:24+00:00,1,stream
3w_own_history,WELL-00023_20181019115124,WELL-00023,mixed,29,30,2018-10-20T17:51:24+00:00,1,stream
3w_own_history,WELL-00023_20181019115124,WELL-00023,mixed,30,31,2018-10-20T18:51:24+00:00,1,stream
3w_own_history,WELL-00023_20181019115124,WELL-00023,mixed,31,32,2018-10-20T19:51:24+00:00,1,stream
3w_own_history,WELL-00023_20181019115124,WELL-00023,mixed,32,33,2018-10-20T20:51:24+00:00,1,stream
3w_own_history,WELL-00023_20181019115124,WELL-00023,mixed,33,34,2018-10-20T21:51:24+00:00,1,stream
3w_own_history,WELL-00023_20181019115124,WELL-00023,mixed,34,35,2018-10-20T22:51:24+00:00,1,stream
3w_own_history,WELL-00023_20181019115124,WELL-00023,mixed,35,36,2018-10-20T23:51:24+00:00,1,stream
3w_own_history,WELL-00023_20181019115124,WELL-00023,mixed,36,37,2018-10-21T00:51:24+00:00,1,stream
3w_own_history,WELL-00023_20181019115124,WELL-00023,mixed,37,38,2018-10-21T01:51:24+00:00,1,stream
3w_own_history,WELL-00023_20181019115124,WELL-00023,mixed,38,39,2018-10-21T02:51:24+00:00,1,stream
3w_own_history,WELL-00023_20181019115124,WELL-00023,mixed,39,40,2018-10-21T03:51:24+00:00,1,stream
3w_own_history,WELL-00023_20181019115124,WELL-00023,mixed,40,41,2018-10-21T04:51:24+00:00,1,stream
3w_own_history,WELL-00023_20181019115124,WELL-00023,mixed,41,42,2018-10-21T05:51:24+00:00,1,stream
3w_own_history,WELL-00023_20181019115124,WELL-00023,mixed,42,43,2018-10-21T06:51:24+00:00,1,stream
3w_own_history,WELL-00023_20181019115124,WELL-00023,mixed,43,44,2018-10-21T07:51:24+00:00,1,stream
3w_own_history,WELL-00023_20181019115124,WELL-00023,mixed,44,45,2018-10-21T08:51:24+00:00,1,stream
3w_own_history,WELL-00023_20181019115124,WELL-00023,mixed,45,46,2018-10-21T09:51:24+00:00,1,stream
3w_own_history,WELL-00023_20181019115124,WELL-00023,mixed,46,47,2018-10-21T10:51:24+00:00,1,stream
3w_own_history,WELL-00023_20181019115124,WELL-00023,mixed,47,48,2018-10-21T11:51:24+00:00,1,stream
3w_own_history,WELL-00023_20181019115124,WELL-00023,mixed,48,49,2018-10-21T12:51:24+00:00,1,stream
3w_own_history,WELL-00023_20181019115124,WELL-00023,mixed,49,50,2018-10-21T13:51:24+00:00,1,stream
3w_own_history,WELL-00023_20181019115124,WELL-00023,mixed,50,51,2018-10-21T14:51:24+00:00,1,stream
3w_own_history,WELL-00023_20181019115124,WELL-00023,mixed,51,52,2018-10-21T15:51:24+00:00,1,stream
3w_own_history,WELL-00023_20181019115124,WELL-00023,mixed,52,53,2018-10-21T16:51:24+00:00,1,stream
3w_own_history,WELL-00023_20181019115124,WELL-00023,mixed,53,54,2018-10-21T17:51:24+00:00,1,stream
3w_own_history,WELL-00023_20181019115124,WELL-00023,mixed,54,55,2018-10-21T18:51:24+00:00,1,stream
3w_own_history,WELL-00023_20181019115124,WELL-00023,mixed,55,56,2018-10-21T19:51:24+00:00,1,stream
3w_own_history,WELL-00023_20181019115124,WELL-00023,mixed,56,57,2018-10-21T20:51:24+00:00,1,stream
3w_own_history,WELL-00023_20181019115124,WELL-00023,mixed,57,58,2018-10-21T21:51:24+00:00,1,stream
3w_own_history,WELL-00023_20181019115124,WELL-00023,mixed,58,59,2018-10-21T22:51:24+00:00,1,stream
3w_own_history,WELL-00023_20181019115124,WELL-00023,mixed,59,60,2018-10-21T23:51:24+00:00,1,stream
3w_own_history,WELL-00023_20181019115124,WELL-00023,mixed,60,61,2018-10-22T00:51:24+00:00,1,stream
3w_own_history,WELL-00023_20181019115124,WELL-00023,mixed,61,62,2018-10-22T01:51:24+00:00,1,stream
3w_own_history,WELL-00023_20181019115124,WELL-00023,mixed,62,63,2018-10-22T02:51:24+00:00,1,stream
3w_own_history,WELL-00023_20181019115124,WELL-00023,mixed,63,64,2018-10-22T03:51:24+00:00,1,stream
3w_own_history,WELL-00023_20181019115124,WELL-00023,mixed,64,65,2018-10-22T04:51:24+00:00,1,stream
3w_own_history,WELL-00023_20181019115124,WELL-00023,mixed,65,66,2018-10-22T05:51:24+00:00,1,stream
3w_own_history,WELL-00023_20181019115124,WELL-00023,mixed,66,67,2018-10-22T06:51:24+00:00,1,stream
3w_own_history,WELL-00023_20181019115124,WELL-00023,mixed,67,68,2018-10-22T07:51:24+00:00,1,stream
3w_own_history,WELL-00023_20181019115124,WELL-00023,mixed,68,69,2018-10-22T08:51:24+00:00,1,stream
3w_own_history,WELL-00023_20181019115124,WELL-00023,mixed,69,70,2018-10-22T09:51:24+00:00,1,stream
3w_own_history,WELL-00023_20181019115124,WELL-00023,mixed,70,71,2018-10-22T10:51:24+00:00,1,stream
3w_own_history,WELL-00023_20181019115124,WELL-00023,mixed,71,72,2018-10-22T11:51:24+00:00,1,stream
3w_own_history,WELL-00023_20181019115124,WELL-00023,mixed,72,73,2018-10-22T12:51:24+00:00,1,stream
3w_own_history,WELL-00023_20181019115124,WELL-00023,mixed,73,74,2018-10-22T13:51:24+00:00,1,stream
3w_own_history,WELL-00023_20181019115124,WELL-00023,mixed,74,75,2018-10-22T14:51:24+00:00,1,stream
3w_own_history,WELL-00023_20181019115124,WELL-00023,mixed,75,76,2018-10-22T15:51:24+00:00,1,stream
3w_own_history,WELL-00023_20181019115124,WELL-00023,mixed,76,77,2018-10-22T16:51:24+00:00,1,stream
3w_own_history,WELL-00023_20181019115124,WELL-00023,mixed,77,78,2018-10-22T17:51:24+00:00,1,stream
3w_own_history,WELL-00023_20181019115124,WELL-00023,mixed,78,79,2018-10-22T18:51:24+00:00,1,stream
3w_own_history,WELL-00023_20181019115124,WELL-00023,mixed,79,80,2018-10-22T19:51:24+00:00,1,stream
3w_own_history,WELL-00023_20181019115124,WELL-00023,mixed,80,81,2018-10-22T20:51:24+00:00,1,stream
3w_own_history,WELL-00023_20181019115124,WELL-00023,mixed,81,82,2018-10-22T21:51:24+00:00,1,stream
3w_own_history,WELL-00023_20181019115124,WELL-00023,mixed,82,83,2018-10-22T22:51:24+00:00,1,stream
3w_own_history,WELL-00023_20181019115124,WELL-00023,mixed,83,84,2018-10-22T23:51:24+00:00,1,stream
3w_own_history,WELL-00023_20181019115124,WELL-00023,mixed,84,85,2018-10-23T00:51:24+00:00,1,stream
3w_own_history,WELL-00023_20181019115124,WELL-00023,mixed,85,86,2018-10-23T01:51:24+00:00,1,stream
3w_own_history,WELL-00023_20181019115124,WELL-00023,mixed,86,87,2018-10-23T02:51:24+00:00,1,stream
3w_own_history,WELL-00023_20181019115124,WELL-00023,mixed,87,88,2018-10-23T03:51:24+00:00,1,stream
3w_own_history,WELL-00023_20181019115124,WELL-00023,mixed,88,89,2018-10-23T04:51:24+00:00,1,stream
3w_own_history,WELL-00023_20181019115124,WELL-00023,mixed,89,90,2018-10-23T05:51:24+00:00,1,stream
3w_own_history,WELL-00023_20181019115124,WELL-00023,mixed,90,91,2018-10-23T06:51:24+00:00,1,stream
3w_own_history,WELL-00023_20181019115124,WELL-00023,mixed,91,92,2018-10-23T07:51:24+00:00,1,stream
3w_own_history,WELL-00023_20181019115124,WELL-00023,mixed,92,93,2018-10-23T08:51:24+00:00,1,stream
3w_own_history,WELL-00023_20181019115124,WELL-00023,mixed,93,94,2018-10-23T09:51:24+00:00,1,stream
3w_own_history,WELL-00023_20181019115124,WELL-00023,mixed,94,95,2018-10-23T10:51:24+00:00,1,stream
3w_own_history,WELL-00023_20181019115124,WELL-00023,mixed,95,96,2018-10-23T11:51:24+00:00,1,stream
3w_own_history,WELL-00023_20181019115124,WELL-00023,mixed,96,97,2018-10-23T12:51:24+00:00,1,stream
3w_own_history,WELL-00023_20181019115124,WELL-00023,mixed,97,98,2018-10-23T13:51:24+00:00,1,stream
3w_own_history,WELL-00023_20181019115124,WELL-00023,mixed,98,99,2018-10-23T14:51:24+00:00,1,stream
3w_own_history,WELL-00023_20181019115124,WELL-00023,mixed,99,100,2018-10-23T15:51:24+00:00,1,stream
3w_own_history,WELL-00023_20181019115124,WELL-00023,mixed,100,101,2018-10-23T16:51:24+00:00,1,stream
3w_own_history,WELL-00023_20181019115124,WELL-00023,mixed,101,102,2018-10-23T17:51:24+00:00,1,stream
3w_own_history,WELL-00023_20181019115124,WELL-00023,mixed,102,103,2018-10-23T18:51:24+00:00,1,stream
3w_own_history,WELL-00023_20181019115124,WELL-00023,mixed,103,104,2018-10-23T19:51:24+00:00,1,stream
3w_own_history,WELL-00023_20181019115124,WELL-00023,mixed,104,105,2018-10-23T20:51:24+00:00,1,stream
3w_own_history,WELL-00023_20181019115124,WELL-00023,mixed,105,106,2018-10-23T21:51:24+00:00,1,stream
3w_own_history,WELL-00023_20181019115124,WELL-00023,mixed,106,107,2018-10-23T22:51:24+00:00,1,stream
3w_own_history,WELL-00023_20181019115124,WELL-00023,mixed,107,108,2018-10-23T23:51:24+00:00,1,stream
3w_own_history,WELL-00023_20181019115124,WELL-00023,mixed,108,109,2018-10-24T00:51:24+00:00,1,stream
3w_own_history,WELL-00023_20181019115124,WELL-00023,mixed,109,110,2018-10-24T01:51:24+00:00,1,stream
3w_own_history,WELL-00023_20181019115124,WELL-00023,mixed,110,111,2018-10-24T02:51:24+00:00,1,stream
3w_own_history,WELL-00023_20181019115124,WELL-00023,mixed,111,112,2018-10-24T03:51:24+00:00,1,stream
3w_own_history,WELL-00023_20181019115124,WELL-00023,mixed,112,113,2018-10-24T04:51:24+00:00,1,stream
3w_own_history,WELL-00023_20181019115124,WELL-00023,mixed,113,114,2018-10-24T05:51:24+00:00,1,stream
3w_own_history,WELL-00023_20181019115124,WELL-00023,mixed,114,115,2018-10-24T06:51:24+00:00,1,stream
3w_own_history,WELL-00023_20181019115124,WELL-00023,mixed,115,116,2018-10-24T07:51:24+00:00,1,stream
3w_own_history,WELL-00023_20181019115124,WELL-00023,mixed,116,117,2018-10-24T08:51:24+00:00,1,stream
3w_own_history,WELL-00023_20181019115124,WELL-00023,mixed,117,118,2018-10-24T09:51:24+00:00,1,stream
3w_own_history,WELL-00023_20181019115124,WELL-00023,mixed,118,119,2018-10-24T10:51:24+00:00,1,stream
3w_own_history,WELL-00023_20181019115124,WELL-00023,mixed,119,120,2018-10-24T11:51:24+00:00,1,stream
3w_own_history,WELL-00023_20181019115124,WELL-00023,mixed,120,121,2018-10-24T12:51:24+00:00,1,stream
3w_own_history,WELL-00023_20181019115124,WELL-00023,mixed,121,122,2018-10-24T13:51:24+00:00,1,stream
3w_own_history,WELL-00023_20181019115124,WELL-00023,mixed,122,123,2018-10-24T14:51:24+00:00,1,stream
3w_own_history,WELL-00023_20181019115124,WELL-00023,mixed,123,124,2018-10-24T15:51:24+00:00,1,stream
3w_own_history,WELL-00023_20181019115124,WELL-00023,mixed,124,125,2018-10-24T16:51:24+00:00,1,stream
3w_own_history,WELL-00023_20181019115124,WELL-00023,mixed,125,126,2018-10-24T17:51:24+00:00,1,stream
3w_own_history,WELL-00023_20181019115124,WELL-00023,mixed,126,127,2018-10-24T18:51:24+00:00,1,stream
3w_own_history,WELL-00023_20181019115124,WELL-00023,mixed,127,128,2018-10-24T19:51:24+00:00,1,stream
3w_own_history,WELL-00023_20181019115124,WELL-00023,mixed,128,129,2018-10-24T20:51:24+00:00,1,stream
3w_own_history,WELL-00023_20181019115124,WELL-00023,mixed,129,130,2018-10-24T21:51:24+00:00,1,stream
3w_own_history,WELL-00023_20181019115124,WELL-00023,mixed,130,131,2018-10-24T22:51:24+00:00,1,stream
3w_own_history,WELL-00023_20181019115124,WELL-00023,mixed,131,132,2018-10-24T23:51:24+00:00,1,stream
3w_own_history,WELL-00023_20181019115124,WELL-00023,mixed,132,133,2018-10-25T00:51:24+00:00,1,stream
3w_own_history,WELL-00023_20181019115124,WELL-00023,mixed,133,134,2018-10-25T01:51:24+00:00,1,stream
3w_own_history,WELL-00023_20181030045054,WELL-00023,mixed,0,1,2018-10-30T05:50:54+00:00,0,fit
3w_own_history,WELL-00023_20181030045054,WELL-00023,mixed,1,2,2018-10-30T06:50:54+00:00,0,fit
3w_own_history,WELL-00023_20181030045054,WELL-00023,mixed,2,3,2018-10-30T07:50:54+00:00,0,fit
3w_own_history,WELL-00023_20181030045054,WELL-00023,mixed,3,4,2018-10-30T08:50:54+00:00,0,threshold
3w_own_history,WELL-00023_20181030045054,WELL-00023,mixed,4,5,2018-10-30T09:50:54+00:00,0,threshold
3w_own_history,WELL-00023_20181030045054,WELL-00023,mixed,5,6,2018-10-30T10:50:54+00:00,0,threshold
3w_own_history,WELL-00023_20181030045054,WELL-00023,mixed,6,7,2018-10-30T11:50:54+00:00,1,stream
3w_own_history,WELL-00023_20181030045054,WELL-00023,mixed,7,8,2018-10-30T12:50:54+00:00,1,stream
3w_own_history,WELL-00023_20181030045054,WELL-00023,mixed,8,9,2018-10-30T13:50:54+00:00,1,stream
3w_own_history,WELL-00023_20181030045054,WELL-00023,mixed,9,10,2018-10-30T14:50:54+00:00,1,stream
3w_own_history,WELL-00023_20181030045054,WELL-00023,mixed,10,11,2018-10-30T15:50:54+00:00,1,stream
3w_own_history,WELL-00023_20181030045054,WELL-00023,mixed,11,12,2018-10-30T16:50:54+00:00,1,stream
3w_own_history,WELL-00023_20181030045054,WELL-00023,mixed,12,13,2018-10-30T17:50:54+00:00,1,stream
3w_own_history,WELL-00023_20181030045054,WELL-00023,mixed,13,14,2018-10-30T18:50:54+00:00,1,stream
3w_own_history,WELL-00023_20181030045054,WELL-00023,mixed,14,15,2018-10-30T19:50:54+00:00,1,stream
3w_own_history,WELL-00023_20181030045054,WELL-00023,mixed,15,16,2018-10-30T20:50:54+00:00,1,stream
3w_own_history,WELL-00023_20181030045054,WELL-00023,mixed,16,17,2018-10-30T21:50:54+00:00,1,stream
3w_own_history,WELL-00023_20181030045054,WELL-00023,mixed,17,18,2018-10-30T22:50:54+00:00,1,stream
3w_own_history,WELL-00023_20181030045054,WELL-00023,mixed,18,19,2018-10-30T23:50:54+00:00,1,stream
3w_own_history,WELL-00023_20181030045054,WELL-00023,mixed,19,20,2018-10-31T00:50:54+00:00,1,stream
3w_own_history,WELL-00023_20181030045054,WELL-00023,mixed,20,21,2018-10-31T01:50:54+00:00,1,stream
3w_own_history,WELL-00023_20181030045054,WELL-00023,mixed,21,22,2018-10-31T02:50:54+00:00,1,stream
3w_own_history,WELL-00023_20181030045054,WELL-00023,mixed,22,23,2018-10-31T03:50:54+00:00,1,stream
3w_own_history,WELL-00023_20181030045054,WELL-00023,mixed,23,24,2018-10-31T04:50:54+00:00,1,stream
3w_own_history,WELL-00023_20181030045054,WELL-00023,mixed,24,25,2018-10-31T05:50:54+00:00,1,stream
3w_own_history,WELL-00023_20181030045054,WELL-00023,mixed,25,26,2018-10-31T06:50:54+00:00,1,stream
3w_own_history,WELL-00023_20181030045054,WELL-00023,mixed,26,27,2018-10-31T07:50:54+00:00,1,stream
3w_own_history,WELL-00023_20181030045054,WELL-00023,mixed,27,28,2018-10-31T08:50:54+00:00,1,stream
3w_own_history,WELL-00023_20181030045054,WELL-00023,mixed,28,29,2018-10-31T09:50:54+00:00,1,stream
3w_own_history,WELL-00023_20181030045054,WELL-00023,mixed,29,30,2018-10-31T10:50:54+00:00,1,stream
3w_own_history,WELL-00023_20181030045054,WELL-00023,mixed,30,31,2018-10-31T11:50:54+00:00,1,stream
3w_own_history,WELL-00023_20181030045054,WELL-00023,mixed,31,32,2018-10-31T12:50:54+00:00,1,stream
3w_own_history,WELL-00023_20181030045054,WELL-00023,mixed,32,33,2018-10-31T13:50:54+00:00,1,stream
3w_own_history,WELL-00023_20181030045054,WELL-00023,mixed,33,34,2018-10-31T14:50:54+00:00,1,stream
3w_own_history,WELL-00023_20181030045054,WELL-00023,mixed,34,35,2018-10-31T15:50:54+00:00,1,stream
3w_own_history,WELL-00023_20181030045054,WELL-00023,mixed,35,36,2018-10-31T16:50:54+00:00,1,stream
3w_own_history,WELL-00023_20181030045054,WELL-00023,mixed,36,37,2018-10-31T17:50:54+00:00,1,stream
3w_own_history,WELL-00023_20181030045054,WELL-00023,mixed,37,38,2018-10-31T18:50:54+00:00,1,stream
3w_own_history,WELL-00023_20181030045054,WELL-00023,mixed,38,39,2018-10-31T19:50:54+00:00,1,stream
3w_own_history,WELL-00023_20181030045054,WELL-00023,mixed,39,40,2018-10-31T20:50:54+00:00,1,stream
3w_own_history,WELL-00023_20181030045054,WELL-00023,mixed,40,41,2018-10-31T21:50:54+00:00,1,stream
3w_own_history,WELL-00023_20181030045054,WELL-00023,mixed,41,42,2018-10-31T22:50:54+00:00,1,stream
3w_own_history,WELL-00023_20181030045054,WELL-00023,mixed,42,43,2018-10-31T23:50:54+00:00,1,stream
3w_own_history,WELL-00023_20181030045054,WELL-00023,mixed,43,44,2018-11-01T00:50:54+00:00,1,stream
3w_own_history,WELL-00023_20181030045054,WELL-00023,mixed,44,45,2018-11-01T01:50:54+00:00,1,stream
3w_own_history,WELL-00023_20181030045054,WELL-00023,mixed,45,46,2018-11-01T02:50:54+00:00,1,stream
3w_own_history,WELL-00023_20181030045054,WELL-00023,mixed,46,47,2018-11-01T03:50:54+00:00,1,stream
3w_own_history,WELL-00023_20181030045054,WELL-00023,mixed,47,48,2018-11-01T04:50:54+00:00,1,stream
3w_own_history,WELL-00023_20181030045054,WELL-00023,mixed,48,49,2018-11-01T05:50:54+00:00,1,stream
3w_own_history,WELL-00023_20181030045054,WELL-00023,mixed,49,50,2018-11-01T06:50:54+00:00,1,stream
3w_own_history,WELL-00023_20181030045054,WELL-00023,mixed,50,51,2018-11-01T07:50:54+00:00,1,stream
3w_own_history,WELL-00023_20181030045054,WELL-00023,mixed,51,52,2018-11-01T08:50:54+00:00,1,stream
3w_own_history,WELL-00023_20181030045054,WELL-00023,mixed,52,53,2018-11-01T09:50:54+00:00,1,stream
3w_own_history,WELL-00023_20181030045054,WELL-00023,mixed,53,54,2018-11-01T10:50:54+00:00,1,stream
3w_own_history,WELL-00023_20181030045054,WELL-00023,mixed,54,55,2018-11-01T11:50:54+00:00,1,stream
3w_own_history,WELL-00023_20181030045054,WELL-00023,mixed,55,56,2018-11-01T12:50:54+00:00,1,stream
3w_own_history,WELL-00023_20181030045054,WELL-00023,mixed,56,57,2018-11-01T13:50:54+00:00,1,stream
3w_own_history,WELL-00023_20181030045054,WELL-00023,mixed,57,58,2018-11-01T14:50:54+00:00,1,stream
3w_own_history,WELL-00023_20181030045054,WELL-00023,mixed,58,59,2018-11-01T15:50:54+00:00,1,stream
3w_own_history,WELL-00023_20181030045054,WELL-00023,mixed,59,60,2018-11-01T16:50:54+00:00,1,stream
3w_own_history,WELL-00023_20181030045054,WELL-00023,mixed,60,61,2018-11-01T17:50:54+00:00,1,stream
3w_own_history,WELL-00023_20181030045054,WELL-00023,mixed,61,62,2018-11-01T18:50:54+00:00,1,stream
3w_own_history,WELL-00024_20160712123044,WELL-00024,mixed,0,1,2016-07-12T13:30:44+00:00,0,fit
3w_own_history,WELL-00024_20160712123044,WELL-00024,mixed,1,2,2016-07-12T14:30:44+00:00,0,fit
3w_own_history,WELL-00024_20160712123044,WELL-00024,mixed,2,3,2016-07-12T15:30:44+00:00,0,fit
3w_own_history,WELL-00024_20160712123044,WELL-00024,mixed,3,4,2016-07-12T16:30:44+00:00,0,threshold
3w_own_history,WELL-00024_20160712123044,WELL-00024,mixed,4,5,2016-07-12T17:30:44+00:00,0,threshold
3w_own_history,WELL-00024_20160712123044,WELL-00024,mixed,5,6,2016-07-12T18:30:44+00:00,0,threshold
3w_own_history,WELL-00024_20160712123044,WELL-00024,mixed,6,7,2016-07-12T19:30:44+00:00,0,stream
3w_own_history,WELL-00024_20160712123044,WELL-00024,mixed,7,8,2016-07-12T20:30:44+00:00,1,stream
3w_own_history,WELL-00024_20160712123044,WELL-00024,mixed,8,9,2016-07-12T21:30:44+00:00,1,stream
3w_own_history,WELL-00024_20160712123044,WELL-00024,mixed,9,10,2016-07-12T22:30:44+00:00,1,stream
3w_own_history,WELL-00024_20160712123044,WELL-00024,mixed,10,11,2016-07-12T23:30:44+00:00,1,stream
3w_own_history,WELL-00024_20160712123044,WELL-00024,mixed,11,12,2016-07-13T00:30:44+00:00,1,stream
3w_own_history,WELL-00024_20160712123044,WELL-00024,mixed,12,13,2016-07-13T01:30:44+00:00,1,stream
3w_own_history,WELL-00024_20160712123044,WELL-00024,mixed,13,14,2016-07-13T02:30:44+00:00,1,stream
3w_own_history,WELL-00024_20160712123044,WELL-00024,mixed,14,15,2016-07-13T03:30:44+00:00,1,stream
3w_own_history,WELL-00024_20160712123044,WELL-00024,mixed,15,16,2016-07-13T04:30:44+00:00,1,stream
3w_own_history,WELL-00024_20160712123044,WELL-00024,mixed,16,17,2016-07-13T05:30:44+00:00,1,stream
3w_own_history,WELL-00024_20160712123044,WELL-00024,mixed,17,18,2016-07-13T06:30:44+00:00,1,stream
3w_own_history,WELL-00024_20160712123044,WELL-00024,mixed,18,19,2016-07-13T07:30:44+00:00,1,stream
3w_own_history,WELL-00024_20160712123044,WELL-00024,mixed,19,20,2016-07-13T08:30:44+00:00,1,stream
3w_own_history,WELL-00024_20160712123044,WELL-00024,mixed,20,21,2016-07-13T09:30:44+00:00,1,stream
3w_own_history,WELL-00024_20160712123044,WELL-00024,mixed,21,22,2016-07-13T10:30:44+00:00,1,stream
3w_own_history,WELL-00024_20160712123044,WELL-00024,mixed,22,23,2016-07-13T11:30:44+00:00,1,stream
3w_own_history,WELL-00024_20160712123044,WELL-00024,mixed,23,24,2016-07-13T12:30:44+00:00,1,stream
3w_own_history,WELL-00024_20160712123044,WELL-00024,mixed,24,25,2016-07-13T13:30:44+00:00,1,stream
3w_own_history,WELL-00024_20160712123044,WELL-00024,mixed,25,26,2016-07-13T14:30:44+00:00,1,stream
3w_own_history,WELL-00024_20160712123044,WELL-00024,mixed,26,27,2016-07-13T15:30:44+00:00,1,stream
3w_own_history,WELL-00024_20160712123044,WELL-00024,mixed,27,28,2016-07-13T16:30:44+00:00,1,stream
3w_own_history,WELL-00024_20160712123044,WELL-00024,mixed,28,29,2016-07-13T17:30:44+00:00,1,stream
3w_own_history,WELL-00024_20160712123044,WELL-00024,mixed,29,30,2016-07-13T18:30:44+00:00,1,stream
3w_own_history,WELL-00024_20160712123044,WELL-00024,mixed,30,31,2016-07-13T19:30:44+00:00,1,stream
3w_own_history,WELL-00024_20160712123044,WELL-00024,mixed,31,32,2016-07-13T20:30:44+00:00,1,stream
3w_own_history,WELL-00024_20160712123044,WELL-00024,mixed,32,33,2016-07-13T21:30:44+00:00,1,stream
3w_own_history,WELL-00024_20160712123044,WELL-00024,mixed,33,34,2016-07-13T22:30:44+00:00,1,stream
3w_own_history,WELL-00024_20160712123044,WELL-00024,mixed,34,35,2016-07-13T23:30:44+00:00,1,stream
3w_own_history,WELL-00024_20160712123044,WELL-00024,mixed,35,36,2016-07-14T00:30:44+00:00,1,stream
3w_own_history,WELL-00024_20160712123044,WELL-00024,mixed,36,37,2016-07-14T01:30:44+00:00,1,stream
3w_own_history,WELL-00024_20160712123044,WELL-00024,mixed,37,38,2016-07-14T02:30:44+00:00,1,stream
3w_own_history,WELL-00024_20160712123044,WELL-00024,mixed,38,39,2016-07-14T03:30:44+00:00,1,stream
3w_own_history,WELL-00024_20160712123044,WELL-00024,mixed,39,40,2016-07-14T04:30:44+00:00,1,stream
3w_own_history,WELL-00024_20160712123044,WELL-00024,mixed,40,41,2016-07-14T05:30:44+00:00,1,stream
3w_own_history,WELL-00024_20160712123044,WELL-00024,mixed,41,42,2016-07-14T06:30:44+00:00,1,stream
3w_own_history,WELL-00024_20160712123044,WELL-00024,mixed,42,43,2016-07-14T07:30:44+00:00,1,stream
3w_own_history,WELL-00024_20160712123044,WELL-00024,mixed,43,44,2016-07-14T08:30:44+00:00,1,stream
3w_own_history,WELL-00024_20160712123044,WELL-00024,mixed,44,45,2016-07-14T09:30:44+00:00,1,stream
3w_own_history,WELL-00024_20160712123044,WELL-00024,mixed,45,46,2016-07-14T10:30:44+00:00,1,stream
3w_own_history,WELL-00024_20160712123044,WELL-00024,mixed,46,47,2016-07-14T11:30:44+00:00,1,stream
3w_own_history,WELL-00024_20160712123044,WELL-00024,mixed,47,48,2016-07-14T12:30:44+00:00,1,stream
3w_own_history,WELL-00024_20160712123044,WELL-00024,mixed,48,49,2016-07-14T13:30:44+00:00,1,stream
3w_own_history,WELL-00024_20160712123044,WELL-00024,mixed,49,50,2016-07-14T14:30:44+00:00,1,stream
3w_own_history,WELL-00024_20160712123044,WELL-00024,mixed,50,51,2016-07-14T15:30:44+00:00,1,stream
3w_own_history,WELL-00024_20160712123044,WELL-00024,mixed,51,52,2016-07-14T16:30:44+00:00,1,stream
3w_own_history,WELL-00024_20160712123044,WELL-00024,mixed,52,53,2016-07-14T17:30:44+00:00,1,stream
3w_own_history,WELL-00024_20160712123044,WELL-00024,mixed,53,54,2016-07-14T18:30:44+00:00,1,stream
3w_own_history,WELL-00024_20160712123044,WELL-00024,mixed,54,55,2016-07-14T19:30:44+00:00,1,stream
3w_own_history,WELL-00024_20160712123044,WELL-00024,mixed,55,56,2016-07-14T20:30:44+00:00,1,stream
3w_own_history,WELL-00024_20160712123044,WELL-00024,mixed,56,57,2016-07-14T21:30:44+00:00,1,stream
3w_own_history,WELL-00024_20160712123044,WELL-00024,mixed,57,58,2016-07-14T22:30:44+00:00,1,stream
3w_own_history,WELL-00024_20160712123044,WELL-00024,mixed,58,59,2016-07-14T23:30:44+00:00,1,stream
3w_own_history,WELL-00024_20160712123044,WELL-00024,mixed,59,60,2016-07-15T00:30:44+00:00,1,stream
3w_own_history,WELL-00024_20160712123044,WELL-00024,mixed,60,61,2016-07-15T01:30:44+00:00,1,stream
3w_own_history,WELL-00024_20160712123044,WELL-00024,mixed,61,62,2016-07-15T02:30:44+00:00,1,stream
3w_own_history,WELL-00024_20160712123044,WELL-00024,mixed,62,63,2016-07-15T03:30:44+00:00,1,stream
3w_own_history,WELL-00024_20160712123044,WELL-00024,mixed,63,64,2016-07-15T04:30:44+00:00,1,stream
3w_own_history,WELL-00024_20160712123044,WELL-00024,mixed,64,65,2016-07-15T05:30:44+00:00,1,stream
3w_own_history,WELL-00024_20160712123044,WELL-00024,mixed,65,66,2016-07-15T06:30:44+00:00,1,stream
3w_own_history,WELL-00024_20160712123044,WELL-00024,mixed,66,67,2016-07-15T07:30:44+00:00,1,stream
3w_own_history,WELL-00024_20160712123044,WELL-00024,mixed,67,68,2016-07-15T08:30:44+00:00,1,stream
3w_own_history,WELL-00024_20160712123044,WELL-00024,mixed,68,69,2016-07-15T09:30:44+00:00,1,stream
3w_own_history,WELL-00024_20160712123044,WELL-00024,mixed,69,70,2016-07-15T10:30:44+00:00,1,stream
3w_own_history,WELL-00024_20160712123044,WELL-00024,mixed,70,71,2016-07-15T11:30:44+00:00,1,stream
3w_own_history,WELL-00024_20160712123044,WELL-00024,mixed,71,72,2016-07-15T12:30:44+00:00,1,stream
3w_own_history,WELL-00024_20160712123044,WELL-00024,mixed,72,73,2016-07-15T13:30:44+00:00,1,stream
3w_own_history,WELL-00024_20160712123044,WELL-00024,mixed,73,74,2016-07-15T14:30:44+00:00,1,stream
3w_own_history,WELL-00024_20160712123044,WELL-00024,mixed,74,75,2016-07-15T15:30:44+00:00,1,stream
3w_own_history,WELL-00024_20160712123044,WELL-00024,mixed,75,76,2016-07-15T16:30:44+00:00,1,stream
3w_own_history,WELL-00024_20160712123044,WELL-00024,mixed,76,77,2016-07-15T17:30:44+00:00,1,stream
3w_own_history,WELL-00024_20160712123044,WELL-00024,mixed,77,78,2016-07-15T18:30:44+00:00,1,stream
3w_own_history,WELL-00024_20160712123044,WELL-00024,mixed,78,79,2016-07-15T19:30:44+00:00,1,stream
3w_own_history,WELL-00024_20160712123044,WELL-00024,mixed,79,80,2016-07-15T20:30:44+00:00,1,stream
3w_own_history,WELL-00024_20160712123044,WELL-00024,mixed,80,81,2016-07-15T21:30:44+00:00,1,stream
3w_own_history,WELL-00024_20160712123044,WELL-00024,mixed,81,82,2016-07-15T22:30:44+00:00,1,stream
3w_own_history,WELL-00024_20160712123044,WELL-00024,mixed,82,83,2016-07-15T23:30:44+00:00,1,stream
3w_own_history,WELL-00024_20160712123044,WELL-00024,mixed,83,84,2016-07-16T00:30:44+00:00,1,stream
3w_own_history,WELL-00024_20160712123044,WELL-00024,mixed,84,85,2016-07-16T01:30:44+00:00,1,stream
3w_own_history,WELL-00024_20160712123044,WELL-00024,mixed,85,86,2016-07-16T02:30:44+00:00,1,stream
3w_own_history,WELL-00024_20160712123044,WELL-00024,mixed,86,87,2016-07-16T03:30:44+00:00,1,stream
3w_own_history,WELL-00024_20160712123044,WELL-00024,mixed,87,88,2016-07-16T04:30:44+00:00,1,stream
3w_own_history,WELL-00024_20160712123044,WELL-00024,mixed,88,89,2016-07-16T05:30:44+00:00,1,stream
3w_own_history,WELL-00024_20160712123044,WELL-00024,mixed,89,90,2016-07-16T06:30:44+00:00,1,stream
3w_own_history,WELL-00024_20160712123044,WELL-00024,mixed,90,91,2016-07-16T07:30:44+00:00,1,stream
3w_own_history,WELL-00024_20160712123044,WELL-00024,mixed,91,92,2016-07-16T08:30:44+00:00,1,stream
3w_own_history,WELL-00024_20160712123044,WELL-00024,mixed,92,93,2016-07-16T09:30:44+00:00,1,stream
3w_own_history,WELL-00024_20160712123044,WELL-00024,mixed,93,94,2016-07-16T10:30:44+00:00,1,stream
3w_own_history,WELL-00024_20160712123044,WELL-00024,mixed,94,95,2016-07-16T11:30:44+00:00,1,stream
3w_own_history,WELL-00024_20160712123044,WELL-00024,mixed,95,96,2016-07-16T12:30:44+00:00,1,stream
3w_own_history,WELL-00024_20160712123044,WELL-00024,mixed,96,97,2016-07-16T13:30:44+00:00,1,stream
3w_own_history,WELL-00024_20160712123044,WELL-00024,mixed,97,98,2016-07-16T14:30:44+00:00,1,stream
3w_own_history,WELL-00024_20160712123044,WELL-00024,mixed,98,99,2016-07-16T15:30:44+00:00,1,stream
3w_own_history,WELL-00024_20160712123044,WELL-00024,mixed,99,100,2016-07-16T16:30:44+00:00,1,stream
3w_own_history,WELL-00024_20160712123044,WELL-00024,mixed,100,101,2016-07-16T17:30:44+00:00,1,stream
3w_own_history,WELL-00024_20160712123044,WELL-00024,mixed,101,102,2016-07-16T18:30:44+00:00,1,stream
3w_own_history,WELL-00024_20160712123044,WELL-00024,mixed,102,103,2016-07-16T19:30:44+00:00,1,stream
3w_own_history,WELL-00024_20160712123044,WELL-00024,mixed,103,104,2016-07-16T20:30:44+00:00,1,stream
3w_own_history,WELL-00024_20160712123044,WELL-00024,mixed,104,105,2016-07-16T21:30:44+00:00,1,stream
3w_own_history,WELL-00024_20160712123044,WELL-00024,mixed,105,106,2016-07-16T22:30:44+00:00,1,stream
3w_own_history,WELL-00024_20160712123044,WELL-00024,mixed,106,107,2016-07-16T23:30:44+00:00,1,stream
3w_own_history,WELL-00024_20160712123044,WELL-00024,mixed,107,108,2016-07-17T00:30:44+00:00,1,stream
3w_own_history,WELL-00024_20160712123044,WELL-00024,mixed,108,109,2016-07-17T01:30:44+00:00,1,stream
3w_own_history,WELL-00024_20160720230624,WELL-00024,mixed,0,1,2016-07-21T00:06:24+00:00,0,fit
3w_own_history,WELL-00024_20160720230624,WELL-00024,mixed,1,2,2016-07-21T01:06:24+00:00,0,fit
3w_own_history,WELL-00024_20160720230624,WELL-00024,mixed,2,3,2016-07-21T02:06:24+00:00,0,fit
3w_own_history,WELL-00024_20160720230624,WELL-00024,mixed,3,4,2016-07-21T03:06:24+00:00,0,threshold
3w_own_history,WELL-00024_20160720230624,WELL-00024,mixed,4,5,2016-07-21T04:06:24+00:00,0,threshold
3w_own_history,WELL-00024_20160720230624,WELL-00024,mixed,5,6,2016-07-21T05:06:24+00:00,0,threshold
3w_own_history,WELL-00024_20160720230624,WELL-00024,mixed,6,7,2016-07-21T06:06:24+00:00,0,stream
3w_own_history,WELL-00024_20160720230624,WELL-00024,mixed,7,8,2016-07-21T07:06:24+00:00,0,stream
3w_own_history,WELL-00024_20160720230624,WELL-00024,mixed,8,9,2016-07-21T08:06:24+00:00,0,stream
3w_own_history,WELL-00024_20160720230624,WELL-00024,mixed,9,10,2016-07-21T09:06:24+00:00,0,stream
3w_own_history,WELL-00024_20160720230624,WELL-00024,mixed,10,11,2016-07-21T10:06:24+00:00,0,stream
3w_own_history,WELL-00024_20160720230624,WELL-00024,mixed,11,12,2016-07-21T11:06:24+00:00,1,stream
3w_own_history,WELL-00024_20160720230624,WELL-00024,mixed,12,13,2016-07-21T12:06:24+00:00,1,stream
3w_own_history,WELL-00024_20160720230624,WELL-00024,mixed,13,14,2016-07-21T13:06:24+00:00,1,stream
3w_own_history,WELL-00024_20160720230624,WELL-00024,mixed,14,15,2016-07-21T14:06:24+00:00,1,stream
3w_own_history,WELL-00024_20160720230624,WELL-00024,mixed,15,16,2016-07-21T15:06:24+00:00,1,stream
3w_own_history,WELL-00024_20160720230624,WELL-00024,mixed,16,17,2016-07-21T16:06:24+00:00,1,stream
3w_own_history,WELL-00024_20160720230624,WELL-00024,mixed,17,18,2016-07-21T17:06:24+00:00,1,stream
3w_own_history,WELL-00024_20160720230624,WELL-00024,mixed,18,19,2016-07-21T18:06:24+00:00,1,stream
3w_own_history,WELL-00024_20160720230624,WELL-00024,mixed,19,20,2016-07-21T19:06:24+00:00,1,stream
3w_own_history,WELL-00024_20160720230624,WELL-00024,mixed,20,21,2016-07-21T20:06:24+00:00,1,stream
3w_own_history,WELL-00024_20160720230624,WELL-00024,mixed,21,22,2016-07-21T21:06:24+00:00,1,stream
3w_own_history,WELL-00024_20160720230624,WELL-00024,mixed,22,23,2016-07-21T22:06:24+00:00,1,stream
3w_own_history,WELL-00024_20160720230624,WELL-00024,mixed,23,24,2016-07-21T23:06:24+00:00,1,stream
3w_own_history,WELL-00024_20160720230624,WELL-00024,mixed,24,25,2016-07-22T00:06:24+00:00,1,stream
3w_own_history,WELL-00024_20160720230624,WELL-00024,mixed,25,26,2016-07-22T01:06:24+00:00,1,stream
3w_own_history,WELL-00024_20160720230624,WELL-00024,mixed,26,27,2016-07-22T02:06:24+00:00,1,stream
3w_own_history,WELL-00024_20160720230624,WELL-00024,mixed,27,28,2016-07-22T03:06:24+00:00,1,stream
3w_own_history,WELL-00024_20160720230624,WELL-00024,mixed,28,29,2016-07-22T04:06:24+00:00,1,stream
3w_own_history,WELL-00024_20160720230624,WELL-00024,mixed,29,30,2016-07-22T05:06:24+00:00,1,stream
3w_own_history,WELL-00024_20160720230624,WELL-00024,mixed,30,31,2016-07-22T06:06:24+00:00,1,stream
3w_own_history,WELL-00024_20160720230624,WELL-00024,mixed,31,32,2016-07-22T07:06:24+00:00,1,stream
3w_own_history,WELL-00024_20160722105543,WELL-00024,mixed,0,1,2016-07-22T11:55:43+00:00,0,fit
3w_own_history,WELL-00024_20160722105543,WELL-00024,mixed,1,2,2016-07-22T12:55:43+00:00,0,fit
3w_own_history,WELL-00024_20160722105543,WELL-00024,mixed,2,3,2016-07-22T13:55:43+00:00,0,fit
3w_own_history,WELL-00024_20160722105543,WELL-00024,mixed,3,4,2016-07-22T14:55:43+00:00,0,threshold
3w_own_history,WELL-00024_20160722105543,WELL-00024,mixed,4,5,2016-07-22T15:55:43+00:00,0,threshold
3w_own_history,WELL-00024_20160722105543,WELL-00024,mixed,5,6,2016-07-22T16:55:43+00:00,0,threshold
3w_own_history,WELL-00024_20160722105543,WELL-00024,mixed,6,7,2016-07-22T17:55:43+00:00,0,stream
3w_own_history,WELL-00024_20160722105543,WELL-00024,mixed,7,8,2016-07-22T18:55:43+00:00,0,stream
3w_own_history,WELL-00024_20160722105543,WELL-00024,mixed,8,9,2016-07-22T19:55:43+00:00,0,stream
3w_own_history,WELL-00024_20160722105543,WELL-00024,mixed,9,10,2016-07-22T20:55:43+00:00,1,stream
3w_own_history,WELL-00024_20160722105543,WELL-00024,mixed,10,11,2016-07-22T21:55:43+00:00,1,stream
3w_own_history,WELL-00024_20160722105543,WELL-00024,mixed,11,12,2016-07-22T22:55:43+00:00,1,stream
3w_own_history,WELL-00024_20160722105543,WELL-00024,mixed,12,13,2016-07-22T23:55:43+00:00,1,stream
3w_own_history,WELL-00024_20160722105543,WELL-00024,mixed,13,14,2016-07-23T00:55:43+00:00,1,stream
3w_own_history,WELL-00024_20160722105543,WELL-00024,mixed,14,15,2016-07-23T01:55:43+00:00,1,stream
3w_own_history,WELL-00024_20160722105543,WELL-00024,mixed,15,16,2016-07-23T02:55:43+00:00,1,stream
3w_own_history,WELL-00024_20160722105543,WELL-00024,mixed,16,17,2016-07-23T03:55:43+00:00,1,stream
3w_own_history,WELL-00024_20160722105543,WELL-00024,mixed,17,18,2016-07-23T04:55:43+00:00,1,stream
3w_own_history,WELL-00024_20160722105543,WELL-00024,mixed,18,19,2016-07-23T05:55:43+00:00,1,stream
3w_own_history,WELL-00024_20160722105543,WELL-00024,mixed,19,20,2016-07-23T06:55:43+00:00,1,stream
3w_own_history,WELL-00024_20160722105543,WELL-00024,mixed,20,21,2016-07-23T07:55:43+00:00,1,stream
3w_own_history,WELL-00024_20160722105543,WELL-00024,mixed,21,22,2016-07-23T08:55:43+00:00,1,stream
3w_own_history,WELL-00024_20160722105543,WELL-00024,mixed,22,23,2016-07-23T09:55:43+00:00,1,stream
3w_own_history,WELL-00024_20160722105543,WELL-00024,mixed,23,24,2016-07-23T10:55:43+00:00,1,stream
3w_own_history,WELL-00024_20160722105543,WELL-00024,mixed,24,25,2016-07-23T11:55:43+00:00,1,stream
3w_own_history,WELL-00024_20160722105543,WELL-00024,mixed,25,26,2016-07-23T12:55:43+00:00,1,stream
3w_own_history,WELL-00024_20160722105543,WELL-00024,mixed,26,27,2016-07-23T13:55:43+00:00,1,stream
3w_own_history,WELL-00024_20160722105543,WELL-00024,mixed,27,28,2016-07-23T14:55:43+00:00,1,stream
3w_own_history,WELL-00024_20160722105543,WELL-00024,mixed,28,29,2016-07-23T15:55:43+00:00,1,stream
3w_own_history,WELL-00024_20160722105543,WELL-00024,mixed,29,30,2016-07-23T16:55:43+00:00,1,stream
3w_own_history,WELL-00024_20160722105543,WELL-00024,mixed,30,31,2016-07-23T17:55:43+00:00,1,stream
3w_own_history,WELL-00024_20160722105543,WELL-00024,mixed,31,32,2016-07-23T18:55:43+00:00,1,stream
3w_own_history,WELL-00024_20160722105543,WELL-00024,mixed,32,33,2016-07-23T19:55:43+00:00,1,stream
3w_own_history,WELL-00024_20160722105543,WELL-00024,mixed,33,34,2016-07-23T20:55:43+00:00,1,stream
3w_own_history,WELL-00024_20160722105543,WELL-00024,mixed,34,35,2016-07-23T21:55:43+00:00,1,stream
3w_own_history,WELL-00024_20160722105543,WELL-00024,mixed,35,36,2016-07-23T22:55:43+00:00,1,stream
3w_own_history,WELL-00024_20160722105543,WELL-00024,mixed,36,37,2016-07-23T23:55:43+00:00,1,stream
3w_own_history,WELL-00024_20160722105543,WELL-00024,mixed,37,38,2016-07-24T00:55:43+00:00,1,stream
3w_own_history,WELL-00024_20160722105543,WELL-00024,mixed,38,39,2016-07-24T01:55:43+00:00,1,stream
3w_own_history,WELL-00024_20160722105543,WELL-00024,mixed,39,40,2016-07-24T02:55:43+00:00,1,stream
3w_own_history,WELL-00024_20160722105543,WELL-00024,mixed,40,41,2016-07-24T03:55:43+00:00,1,stream
3w_own_history,WELL-00024_20160722105543,WELL-00024,mixed,41,42,2016-07-24T04:55:43+00:00,1,stream
3w_own_history,WELL-00024_20160722105543,WELL-00024,mixed,42,43,2016-07-24T05:55:43+00:00,1,stream
3w_own_history,WELL-00024_20160722105543,WELL-00024,mixed,43,44,2016-07-24T06:55:43+00:00,1,stream
3w_own_history,WELL-00024_20160722105543,WELL-00024,mixed,44,45,2016-07-24T07:55:43+00:00,1,stream
3w_own_history,WELL-00024_20160722105543,WELL-00024,mixed,45,46,2016-07-24T08:55:43+00:00,1,stream
3w_own_history,WELL-00024_20160722105543,WELL-00024,mixed,46,47,2016-07-24T09:55:43+00:00,1,stream
3w_own_history,WELL-00024_20160722105543,WELL-00024,mixed,47,48,2016-07-24T10:55:43+00:00,1,stream
3w_own_history,WELL-00024_20160722105543,WELL-00024,mixed,48,49,2016-07-24T11:55:43+00:00,1,stream
3w_own_history,WELL-00024_20160722105543,WELL-00024,mixed,49,50,2016-07-24T12:55:43+00:00,1,stream
3w_own_history,WELL-00024_20160722105543,WELL-00024,mixed,50,51,2016-07-24T13:55:43+00:00,1,stream
3w_own_history,WELL-00024_20160722105543,WELL-00024,mixed,51,52,2016-07-24T14:55:43+00:00,1,stream
3w_own_history,WELL-00024_20160722105543,WELL-00024,mixed,52,53,2016-07-24T15:55:43+00:00,1,stream
3w_own_history,WELL-00024_20160729172014,WELL-00024,mixed,0,1,2016-07-29T18:20:14+00:00,0,fit
3w_own_history,WELL-00024_20160729172014,WELL-00024,mixed,1,2,2016-07-29T19:20:14+00:00,0,fit
3w_own_history,WELL-00024_20160729172014,WELL-00024,mixed,2,3,2016-07-29T20:20:14+00:00,0,fit
3w_own_history,WELL-00024_20160729172014,WELL-00024,mixed,3,4,2016-07-29T21:20:14+00:00,0,threshold
3w_own_history,WELL-00024_20160729172014,WELL-00024,mixed,4,5,2016-07-29T22:20:14+00:00,1,threshold
3w_own_history,WELL-00024_20160729172014,WELL-00024,mixed,5,6,2016-07-29T23:20:14+00:00,1,threshold
3w_own_history,WELL-00024_20160729172014,WELL-00024,mixed,6,7,2016-07-30T00:20:14+00:00,1,stream
3w_own_history,WELL-00024_20160729172014,WELL-00024,mixed,7,8,2016-07-30T01:20:14+00:00,1,stream
3w_own_history,WELL-00024_20160729172014,WELL-00024,mixed,8,9,2016-07-30T02:20:14+00:00,1,stream
3w_own_history,WELL-00024_20160729172014,WELL-00024,mixed,9,10,2016-07-30T03:20:14+00:00,1,stream
3w_own_history,WELL-00024_20160729172014,WELL-00024,mixed,10,11,2016-07-30T04:20:14+00:00,1,stream
3w_own_history,WELL-00024_20160729172014,WELL-00024,mixed,11,12,2016-07-30T05:20:14+00:00,1,stream
3w_own_history,WELL-00024_20160729172014,WELL-00024,mixed,12,13,2016-07-30T06:20:14+00:00,1,stream
3w_own_history,WELL-00024_20160729172014,WELL-00024,mixed,13,14,2016-07-30T07:20:14+00:00,1,stream
3w_own_history,WELL-00024_20160729172014,WELL-00024,mixed,14,15,2016-07-30T08:20:14+00:00,1,stream
3w_own_history,WELL-00024_20160729172014,WELL-00024,mixed,15,16,2016-07-30T09:20:14+00:00,1,stream
3w_own_history,WELL-00024_20160729172014,WELL-00024,mixed,16,17,2016-07-30T10:20:14+00:00,1,stream
3w_own_history,WELL-00024_20160729172014,WELL-00024,mixed,17,18,2016-07-30T11:20:14+00:00,1,stream
3w_own_history,WELL-00024_20160729172014,WELL-00024,mixed,18,19,2016-07-30T12:20:14+00:00,1,stream
3w_own_history,WELL-00024_20160729172014,WELL-00024,mixed,19,20,2016-07-30T13:20:14+00:00,1,stream
3w_own_history,WELL-00024_20160729172014,WELL-00024,mixed,20,21,2016-07-30T14:20:14+00:00,1,stream
3w_own_history,WELL-00024_20160729172014,WELL-00024,mixed,21,22,2016-07-30T15:20:14+00:00,1,stream
3w_own_history,WELL-00024_20160729172014,WELL-00024,mixed,22,23,2016-07-30T16:20:14+00:00,1,stream
3w_own_history,WELL-00024_20160729172014,WELL-00024,mixed,23,24,2016-07-30T17:20:14+00:00,1,stream
3w_own_history,WELL-00024_20160729172014,WELL-00024,mixed,24,25,2016-07-30T18:20:14+00:00,1,stream
3w_own_history,WELL-00024_20160729172014,WELL-00024,mixed,25,26,2016-07-30T19:20:14+00:00,1,stream
3w_own_history,WELL-00024_20160729172014,WELL-00024,mixed,26,27,2016-07-30T20:20:14+00:00,1,stream
3w_own_history,WELL-00024_20160729172014,WELL-00024,mixed,27,28,2016-07-30T21:20:14+00:00,1,stream
3w_own_history,WELL-00024_20160729172014,WELL-00024,mixed,28,29,2016-07-30T22:20:14+00:00,1,stream
3w_own_history,WELL-00024_20160729172014,WELL-00024,mixed,29,30,2016-07-30T23:20:14+00:00,1,stream
3w_own_history,WELL-00024_20160729172014,WELL-00024,mixed,30,31,2016-07-31T00:20:14+00:00,1,stream
3w_own_history,WELL-00024_20160729172014,WELL-00024,mixed,31,32,2016-07-31T01:20:14+00:00,1,stream
3w_own_history,WELL-00024_20160729172014,WELL-00024,mixed,32,33,2016-07-31T02:20:14+00:00,1,stream
3w_own_history,WELL-00024_20160729172014,WELL-00024,mixed,33,34,2016-07-31T03:20:14+00:00,1,stream
3w_own_history,WELL-00024_20160729172014,WELL-00024,mixed,34,35,2016-07-31T04:20:14+00:00,1,stream
3w_own_history,WELL-00024_20160729172014,WELL-00024,mixed,35,36,2016-07-31T05:20:14+00:00,1,stream
3w_own_history,WELL-00024_20160729172014,WELL-00024,mixed,36,37,2016-07-31T06:20:14+00:00,1,stream
3w_own_history,WELL-00024_20160825100303,WELL-00024,mixed,0,1,2016-08-25T11:03:03+00:00,0,fit
3w_own_history,WELL-00024_20160825100303,WELL-00024,mixed,1,2,2016-08-25T12:03:03+00:00,0,fit
3w_own_history,WELL-00024_20160825100303,WELL-00024,mixed,2,3,2016-08-25T13:03:03+00:00,0,fit
3w_own_history,WELL-00024_20160825100303,WELL-00024,mixed,3,4,2016-08-25T14:03:03+00:00,0,threshold
3w_own_history,WELL-00024_20160825100303,WELL-00024,mixed,4,5,2016-08-25T15:03:03+00:00,0,threshold
3w_own_history,WELL-00024_20160825100303,WELL-00024,mixed,5,6,2016-08-25T16:03:03+00:00,0,threshold
3w_own_history,WELL-00024_20160825100303,WELL-00024,mixed,6,7,2016-08-25T17:03:03+00:00,0,stream
3w_own_history,WELL-00024_20160825100303,WELL-00024,mixed,7,8,2016-08-25T18:03:03+00:00,0,stream
3w_own_history,WELL-00024_20160825100303,WELL-00024,mixed,8,9,2016-08-25T19:03:03+00:00,0,stream
3w_own_history,WELL-00024_20160825100303,WELL-00024,mixed,9,10,2016-08-25T20:03:03+00:00,1,stream
3w_own_history,WELL-00024_20160825100303,WELL-00024,mixed,10,11,2016-08-25T21:03:03+00:00,1,stream
3w_own_history,WELL-00024_20160825100303,WELL-00024,mixed,11,12,2016-08-25T22:03:03+00:00,1,stream
3w_own_history,WELL-00024_20160825100303,WELL-00024,mixed,12,13,2016-08-25T23:03:03+00:00,1,stream
3w_own_history,WELL-00024_20160825100303,WELL-00024,mixed,13,14,2016-08-26T00:03:03+00:00,1,stream
3w_own_history,WELL-00024_20160825100303,WELL-00024,mixed,14,15,2016-08-26T01:03:03+00:00,1,stream
3w_own_history,WELL-00024_20160825100303,WELL-00024,mixed,15,16,2016-08-26T02:03:03+00:00,1,stream
3w_own_history,WELL-00024_20160825100303,WELL-00024,mixed,16,17,2016-08-26T03:03:03+00:00,1,stream
3w_own_history,WELL-00024_20160825100303,WELL-00024,mixed,17,18,2016-08-26T04:03:03+00:00,1,stream
3w_own_history,WELL-00024_20160825100303,WELL-00024,mixed,18,19,2016-08-26T05:03:03+00:00,1,stream
3w_own_history,WELL-00024_20160825100303,WELL-00024,mixed,19,20,2016-08-26T06:03:03+00:00,1,stream
3w_own_history,WELL-00024_20160825100303,WELL-00024,mixed,20,21,2016-08-26T07:03:03+00:00,1,stream
3w_own_history,WELL-00024_20160909220000,WELL-00024,mixed,0,1,2016-09-09T23:00:00+00:00,0,fit
3w_own_history,WELL-00024_20160909220000,WELL-00024,mixed,1,2,2016-09-10T00:00:00+00:00,0,fit
3w_own_history,WELL-00024_20160909220000,WELL-00024,mixed,2,3,2016-09-10T01:00:00+00:00,0,fit
3w_own_history,WELL-00024_20160909220000,WELL-00024,mixed,3,4,2016-09-10T02:00:00+00:00,0,threshold
3w_own_history,WELL-00024_20160909220000,WELL-00024,mixed,4,5,2016-09-10T03:00:00+00:00,0,threshold
3w_own_history,WELL-00024_20160909220000,WELL-00024,mixed,5,6,2016-09-10T04:00:00+00:00,0,threshold
3w_own_history,WELL-00024_20160909220000,WELL-00024,mixed,6,7,2016-09-10T05:00:00+00:00,0,stream
3w_own_history,WELL-00024_20160909220000,WELL-00024,mixed,7,8,2016-09-10T06:00:00+00:00,0,stream
3w_own_history,WELL-00024_20160909220000,WELL-00024,mixed,8,9,2016-09-10T07:00:00+00:00,0,stream
3w_own_history,WELL-00024_20160909220000,WELL-00024,mixed,9,10,2016-09-10T08:00:00+00:00,0,stream
3w_own_history,WELL-00024_20160909220000,WELL-00024,mixed,10,11,2016-09-10T09:00:00+00:00,0,stream
3w_own_history,WELL-00024_20160909220000,WELL-00024,mixed,11,12,2016-09-10T10:00:00+00:00,0,stream
3w_own_history,WELL-00024_20160909220000,WELL-00024,mixed,12,13,2016-09-10T11:00:00+00:00,0,stream
3w_own_history,WELL-00024_20160909220000,WELL-00024,mixed,13,14,2016-09-10T12:00:00+00:00,0,stream
3w_own_history,WELL-00024_20160909220000,WELL-00024,mixed,14,15,2016-09-10T13:00:00+00:00,0,stream
3w_own_history,WELL-00024_20160909220000,WELL-00024,mixed,15,16,2016-09-10T14:00:00+00:00,0,stream
3w_own_history,WELL-00024_20160909220000,WELL-00024,mixed,16,17,2016-09-10T15:00:00+00:00,0,stream
3w_own_history,WELL-00024_20160909220000,WELL-00024,mixed,17,18,2016-09-10T16:00:00+00:00,0,stream
3w_own_history,WELL-00024_20160909220000,WELL-00024,mixed,18,19,2016-09-10T17:00:00+00:00,1,stream
3w_own_history,WELL-00024_20160909220000,WELL-00024,mixed,19,20,2016-09-10T18:00:00+00:00,1,stream
3w_own_history,WELL-00024_20160909220000,WELL-00024,mixed,20,21,2016-09-10T19:00:00+00:00,1,stream
3w_own_history,WELL-00024_20160909220000,WELL-00024,mixed,21,22,2016-09-10T20:00:00+00:00,1,stream
3w_own_history,WELL-00024_20160909220000,WELL-00024,mixed,22,23,2016-09-10T21:00:00+00:00,1,stream
3w_own_history,WELL-00024_20160909220000,WELL-00024,mixed,23,24,2016-09-10T22:00:00+00:00,1,stream
3w_own_history,WELL-00024_20160909220000,WELL-00024,mixed,24,25,2016-09-10T23:00:00+00:00,1,stream
3w_own_history,WELL-00024_20160909220000,WELL-00024,mixed,25,26,2016-09-11T00:00:00+00:00,1,stream
3w_own_history,WELL-00024_20160909220000,WELL-00024,mixed,26,27,2016-09-11T01:00:00+00:00,1,stream
3w_own_history,WELL-00024_20160909220000,WELL-00024,mixed,27,28,2016-09-11T02:00:00+00:00,1,stream
3w_own_history,WELL-00024_20160909220000,WELL-00024,mixed,28,29,2016-09-11T03:00:00+00:00,1,stream
3w_own_history,WELL-00024_20160909220000,WELL-00024,mixed,29,30,2016-09-11T04:00:00+00:00,1,stream
3w_own_history,WELL-00024_20160909220000,WELL-00024,mixed,30,31,2016-09-11T05:00:00+00:00,1,stream
3w_own_history,WELL-00024_20160909220000,WELL-00024,mixed,31,32,2016-09-11T06:00:00+00:00,1,stream
3w_own_history,WELL-00024_20161001112049,WELL-00024,mixed,0,1,2016-10-01T12:20:49+00:00,0,fit
3w_own_history,WELL-00024_20161001112049,WELL-00024,mixed,1,2,2016-10-01T13:20:49+00:00,0,fit
3w_own_history,WELL-00024_20161001112049,WELL-00024,mixed,2,3,2016-10-01T14:20:49+00:00,0,fit
3w_own_history,WELL-00024_20161001112049,WELL-00024,mixed,3,4,2016-10-01T15:20:49+00:00,0,threshold
3w_own_history,WELL-00024_20161001112049,WELL-00024,mixed,4,5,2016-10-01T16:20:49+00:00,0,threshold
3w_own_history,WELL-00024_20161001112049,WELL-00024,mixed,5,6,2016-10-01T17:20:49+00:00,1,threshold
3w_own_history,WELL-00024_20161001112049,WELL-00024,mixed,6,7,2016-10-01T18:20:49+00:00,1,stream
3w_own_history,WELL-00024_20161001112049,WELL-00024,mixed,7,8,2016-10-01T19:20:49+00:00,1,stream
3w_own_history,WELL-00024_20161001112049,WELL-00024,mixed,8,9,2016-10-01T20:20:49+00:00,1,stream
3w_own_history,WELL-00024_20161001112049,WELL-00024,mixed,9,10,2016-10-01T21:20:49+00:00,1,stream
3w_own_history,WELL-00024_20161001112049,WELL-00024,mixed,10,11,2016-10-01T22:20:49+00:00,1,stream
3w_own_history,WELL-00024_20161001112049,WELL-00024,mixed,11,12,2016-10-01T23:20:49+00:00,1,stream
3w_own_history,WELL-00024_20161001112049,WELL-00024,mixed,12,13,2016-10-02T00:20:49+00:00,1,stream
3w_own_history,WELL-00024_20161001112049,WELL-00024,mixed,13,14,2016-10-02T01:20:49+00:00,1,stream
3w_own_history,WELL-00024_20161001112049,WELL-00024,mixed,14,15,2016-10-02T02:20:49+00:00,1,stream
3w_own_history,WELL-00024_20161001112049,WELL-00024,mixed,15,16,2016-10-02T03:20:49+00:00,1,stream
3w_own_history,WELL-00024_20161001112049,WELL-00024,mixed,16,17,2016-10-02T04:20:49+00:00,1,stream
3w_own_history,WELL-00024_20161001112049,WELL-00024,mixed,17,18,2016-10-02T05:20:49+00:00,1,stream
3w_own_history,WELL-00024_20161001112049,WELL-00024,mixed,18,19,2016-10-02T06:20:49+00:00,1,stream
3w_own_history,WELL-00024_20161001112049,WELL-00024,mixed,19,20,2016-10-02T07:20:49+00:00,1,stream
3w_own_history,WELL-00024_20161001112049,WELL-00024,mixed,20,21,2016-10-02T08:20:49+00:00,1,stream
3w_own_history,WELL-00024_20161001112049,WELL-00024,mixed,21,22,2016-10-02T09:20:49+00:00,1,stream
3w_own_history,WELL-00024_20161001112049,WELL-00024,mixed,22,23,2016-10-02T10:20:49+00:00,1,stream
3w_own_history,WELL-00024_20161001112049,WELL-00024,mixed,23,24,2016-10-02T11:20:49+00:00,1,stream
3w_own_history,WELL-00024_20161001112049,WELL-00024,mixed,24,25,2016-10-02T12:20:49+00:00,1,stream
3w_own_history,WELL-00024_20161001112049,WELL-00024,mixed,25,26,2016-10-02T13:20:49+00:00,1,stream
3w_own_history,WELL-00024_20161001112049,WELL-00024,mixed,26,27,2016-10-02T14:20:49+00:00,1,stream
3w_own_history,WELL-00024_20161001112049,WELL-00024,mixed,27,28,2016-10-02T15:20:49+00:00,1,stream
3w_own_history,WELL-00024_20161001112049,WELL-00024,mixed,28,29,2016-10-02T16:20:49+00:00,1,stream
3w_own_history,WELL-00024_20161001112049,WELL-00024,mixed,29,30,2016-10-02T17:20:49+00:00,1,stream
3w_own_history,WELL-00024_20161001112049,WELL-00024,mixed,30,31,2016-10-02T18:20:49+00:00,1,stream
3w_own_history,WELL-00024_20161001112049,WELL-00024,mixed,31,32,2016-10-02T19:20:49+00:00,1,stream
3w_own_history,WELL-00024_20161001112049,WELL-00024,mixed,32,33,2016-10-02T20:20:49+00:00,1,stream
3w_own_history,WELL-00024_20161001112049,WELL-00024,mixed,33,34,2016-10-02T21:20:49+00:00,1,stream
3w_own_history,WELL-00024_20161001112049,WELL-00024,mixed,34,35,2016-10-02T22:20:49+00:00,1,stream
3w_own_history,WELL-00024_20161001112049,WELL-00024,mixed,35,36,2016-10-02T23:20:49+00:00,1,stream
3w_own_history,WELL-00024_20161001112049,WELL-00024,mixed,36,37,2016-10-03T00:20:49+00:00,1,stream
3w_own_history,WELL-00024_20161001112049,WELL-00024,mixed,37,38,2016-10-03T01:20:49+00:00,1,stream
3w_own_history,WELL-00024_20161001112049,WELL-00024,mixed,38,39,2016-10-03T02:20:49+00:00,1,stream
3w_own_history,WELL-00024_20161001112049,WELL-00024,mixed,39,40,2016-10-03T03:20:49+00:00,1,stream
3w_own_history,WELL-00024_20161001112049,WELL-00024,mixed,40,41,2016-10-03T04:20:49+00:00,1,stream
3w_own_history,WELL-00024_20161001112049,WELL-00024,mixed,41,42,2016-10-03T05:20:49+00:00,1,stream
3w_own_history,WELL-00024_20161001112049,WELL-00024,mixed,42,43,2016-10-03T06:20:49+00:00,1,stream
3w_own_history,WELL-00024_20161001112049,WELL-00024,mixed,43,44,2016-10-03T07:20:49+00:00,1,stream
3w_own_history,WELL-00024_20161001112049,WELL-00024,mixed,44,45,2016-10-03T08:20:49+00:00,1,stream
3w_own_history,WELL-00024_20161001112049,WELL-00024,mixed,45,46,2016-10-03T09:20:49+00:00,1,stream
3w_own_history,WELL-00024_20161001112049,WELL-00024,mixed,46,47,2016-10-03T10:20:49+00:00,1,stream
3w_own_history,WELL-00024_20161001112049,WELL-00024,mixed,47,48,2016-10-03T11:20:49+00:00,1,stream
3w_own_history,WELL-00024_20161001112049,WELL-00024,mixed,48,49,2016-10-03T12:20:49+00:00,1,stream
3w_own_history,WELL-00024_20161001112049,WELL-00024,mixed,49,50,2016-10-03T13:20:49+00:00,1,stream
3w_own_history,WELL-00024_20161026065657,WELL-00024,mixed,0,1,2016-10-26T07:56:57+00:00,0,fit
3w_own_history,WELL-00024_20161026065657,WELL-00024,mixed,1,2,2016-10-26T08:56:57+00:00,0,fit
3w_own_history,WELL-00024_20161026065657,WELL-00024,mixed,2,3,2016-10-26T09:56:57+00:00,0,fit
3w_own_history,WELL-00024_20161026065657,WELL-00024,mixed,3,4,2016-10-26T10:56:57+00:00,0,threshold
3w_own_history,WELL-00024_20161026065657,WELL-00024,mixed,4,5,2016-10-26T11:56:57+00:00,0,threshold
3w_own_history,WELL-00024_20161026065657,WELL-00024,mixed,5,6,2016-10-26T12:56:57+00:00,0,threshold
3w_own_history,WELL-00024_20161026065657,WELL-00024,mixed,6,7,2016-10-26T13:56:57+00:00,1,stream
3w_own_history,WELL-00024_20161026065657,WELL-00024,mixed,7,8,2016-10-26T14:56:57+00:00,1,stream
3w_own_history,WELL-00024_20161026065657,WELL-00024,mixed,8,9,2016-10-26T15:56:57+00:00,1,stream
3w_own_history,WELL-00024_20161026065657,WELL-00024,mixed,9,10,2016-10-26T16:56:57+00:00,1,stream
3w_own_history,WELL-00024_20161026065657,WELL-00024,mixed,10,11,2016-10-26T17:56:57+00:00,1,stream
3w_own_history,WELL-00024_20161026065657,WELL-00024,mixed,11,12,2016-10-26T18:56:57+00:00,1,stream
3w_own_history,WELL-00024_20161026065657,WELL-00024,mixed,12,13,2016-10-26T19:56:57+00:00,1,stream
3w_own_history,WELL-00024_20161026065657,WELL-00024,mixed,13,14,2016-10-26T20:56:57+00:00,1,stream
3w_own_history,WELL-00024_20161026065657,WELL-00024,mixed,14,15,2016-10-26T21:56:57+00:00,1,stream
3w_own_history,WELL-00024_20161026065657,WELL-00024,mixed,15,16,2016-10-26T22:56:57+00:00,1,stream
3w_own_history,WELL-00024_20161026065657,WELL-00024,mixed,16,17,2016-10-26T23:56:57+00:00,1,stream
3w_own_history,WELL-00024_20161026065657,WELL-00024,mixed,17,18,2016-10-27T00:56:57+00:00,1,stream
3w_own_history,WELL-00024_20161026065657,WELL-00024,mixed,18,19,2016-10-27T01:56:57+00:00,1,stream
3w_own_history,WELL-00024_20161026065657,WELL-00024,mixed,19,20,2016-10-27T02:56:57+00:00,1,stream
3w_own_history,WELL-00024_20161026065657,WELL-00024,mixed,20,21,2016-10-27T03:56:57+00:00,1,stream
3w_own_history,WELL-00024_20161026065657,WELL-00024,mixed,21,22,2016-10-27T04:56:57+00:00,1,stream
3w_own_history,WELL-00024_20161026065657,WELL-00024,mixed,22,23,2016-10-27T05:56:57+00:00,1,stream
3w_own_history,WELL-00024_20161026065657,WELL-00024,mixed,23,24,2016-10-27T06:56:57+00:00,1,stream
3w_own_history,WELL-00024_20161026065657,WELL-00024,mixed,24,25,2016-10-27T07:56:57+00:00,1,stream
3w_own_history,WELL-00024_20161026065657,WELL-00024,mixed,25,26,2016-10-27T08:56:57+00:00,1,stream
3w_own_history,WELL-00024_20161026065657,WELL-00024,mixed,26,27,2016-10-27T09:56:57+00:00,1,stream
3w_own_history,WELL-00024_20161026065657,WELL-00024,mixed,27,28,2016-10-27T10:56:57+00:00,1,stream
3w_own_history,WELL-00024_20161026065657,WELL-00024,mixed,28,29,2016-10-27T11:56:57+00:00,1,stream
3w_own_history,WELL-00024_20161026065657,WELL-00024,mixed,29,30,2016-10-27T12:56:57+00:00,1,stream
3w_own_history,WELL-00024_20161026065657,WELL-00024,mixed,30,31,2016-10-27T13:56:57+00:00,1,stream
3w_own_history,WELL-00024_20161026065657,WELL-00024,mixed,31,32,2016-10-27T14:56:57+00:00,1,stream
3w_own_history,WELL-00024_20161026065657,WELL-00024,mixed,32,33,2016-10-27T15:56:57+00:00,1,stream
3w_own_history,WELL-00024_20161026065657,WELL-00024,mixed,33,34,2016-10-27T16:56:57+00:00,1,stream
3w_own_history,WELL-00024_20161026065657,WELL-00024,mixed,34,35,2016-10-27T17:56:57+00:00,1,stream
3w_own_history,WELL-00024_20161026065657,WELL-00024,mixed,35,36,2016-10-27T18:56:57+00:00,1,stream
3w_own_history,WELL-00024_20161026065657,WELL-00024,mixed,36,37,2016-10-27T19:56:57+00:00,1,stream
3w_own_history,WELL-00024_20161026065657,WELL-00024,mixed,37,38,2016-10-27T20:56:57+00:00,1,stream
3w_own_history,WELL-00024_20161026065657,WELL-00024,mixed,38,39,2016-10-27T21:56:57+00:00,1,stream
3w_own_history,WELL-00024_20161026065657,WELL-00024,mixed,39,40,2016-10-27T22:56:57+00:00,1,stream
3w_own_history,WELL-00024_20161026065657,WELL-00024,mixed,40,41,2016-10-27T23:56:57+00:00,1,stream
3w_own_history,WELL-00024_20161026065657,WELL-00024,mixed,41,42,2016-10-28T00:56:57+00:00,1,stream
3w_own_history,WELL-00024_20161026065657,WELL-00024,mixed,42,43,2016-10-28T01:56:57+00:00,1,stream
3w_own_history,WELL-00024_20161026065657,WELL-00024,mixed,43,44,2016-10-28T02:56:57+00:00,1,stream
3w_own_history,WELL-00024_20161026065657,WELL-00024,mixed,44,45,2016-10-28T03:56:57+00:00,1,stream
3w_own_history,WELL-00024_20161026065657,WELL-00024,mixed,45,46,2016-10-28T04:56:57+00:00,1,stream
3w_own_history,WELL-00024_20161026065657,WELL-00024,mixed,46,47,2016-10-28T05:56:57+00:00,1,stream
3w_own_history,WELL-00024_20161026065657,WELL-00024,mixed,47,48,2016-10-28T06:56:57+00:00,1,stream
3w_own_history,WELL-00025_20200629194141,WELL-00025,mixed,0,1,2020-06-29T20:41:41+00:00,0,fit
3w_own_history,WELL-00025_20200629194141,WELL-00025,mixed,1,2,2020-06-29T21:41:41+00:00,0,fit
3w_own_history,WELL-00025_20200629194141,WELL-00025,mixed,2,3,2020-06-29T22:41:41+00:00,0,fit
3w_own_history,WELL-00025_20200629194141,WELL-00025,mixed,3,4,2020-06-29T23:41:41+00:00,0,threshold
3w_own_history,WELL-00025_20200629194141,WELL-00025,mixed,4,5,2020-06-30T00:41:41+00:00,0,threshold
3w_own_history,WELL-00025_20200629194141,WELL-00025,mixed,5,6,2020-06-30T01:41:41+00:00,0,threshold
3w_own_history,WELL-00025_20200629194141,WELL-00025,mixed,6,7,2020-06-30T02:41:41+00:00,0,stream
3w_own_history,WELL-00025_20200629194141,WELL-00025,mixed,7,8,2020-06-30T03:41:41+00:00,0,stream
3w_own_history,WELL-00025_20200629194141,WELL-00025,mixed,8,9,2020-06-30T04:41:41+00:00,0,stream
3w_own_history,WELL-00025_20200629194141,WELL-00025,mixed,9,10,2020-06-30T05:41:41+00:00,0,stream
3w_own_history,WELL-00025_20200629194141,WELL-00025,mixed,10,11,2020-06-30T06:41:41+00:00,0,stream
3w_own_history,WELL-00025_20200629194141,WELL-00025,mixed,11,12,2020-06-30T07:41:41+00:00,0,stream
3w_own_history,WELL-00025_20200629194141,WELL-00025,mixed,12,13,2020-06-30T08:41:41+00:00,0,stream
3w_own_history,WELL-00025_20200629194141,WELL-00025,mixed,13,14,2020-06-30T09:41:41+00:00,0,stream
3w_own_history,WELL-00025_20200629194141,WELL-00025,mixed,14,15,2020-06-30T10:41:41+00:00,0,stream
3w_own_history,WELL-00025_20200629194141,WELL-00025,mixed,15,16,2020-06-30T11:41:41+00:00,0,stream
3w_own_history,WELL-00025_20200629194141,WELL-00025,mixed,16,17,2020-06-30T12:41:41+00:00,0,stream
3w_own_history,WELL-00025_20200629194141,WELL-00025,mixed,17,18,2020-06-30T13:41:41+00:00,0,stream
3w_own_history,WELL-00025_20200629194141,WELL-00025,mixed,18,19,2020-06-30T14:41:41+00:00,0,stream
3w_own_history,WELL-00025_20200629194141,WELL-00025,mixed,19,20,2020-06-30T15:41:41+00:00,0,stream
3w_own_history,WELL-00025_20200629194141,WELL-00025,mixed,20,21,2020-06-30T16:41:41+00:00,0,stream
3w_own_history,WELL-00025_20200629194141,WELL-00025,mixed,21,22,2020-06-30T17:41:41+00:00,0,stream
3w_own_history,WELL-00025_20200629194141,WELL-00025,mixed,22,23,2020-06-30T18:41:41+00:00,0,stream
3w_own_history,WELL-00025_20200629194141,WELL-00025,mixed,23,24,2020-06-30T19:41:41+00:00,1,stream
3w_own_history,WELL-00025_20200629194141,WELL-00025,mixed,24,25,2020-06-30T20:41:41+00:00,1,stream
3w_own_history,WELL-00025_20200629194141,WELL-00025,mixed,25,26,2020-06-30T21:41:41+00:00,1,stream
3w_own_history,WELL-00025_20200629194141,WELL-00025,mixed,26,27,2020-06-30T22:41:41+00:00,1,stream
3w_own_history,WELL-00025_20200629194141,WELL-00025,mixed,27,28,2020-06-30T23:41:41+00:00,1,stream
3w_own_history,WELL-00025_20200629194141,WELL-00025,mixed,28,29,2020-07-01T00:41:41+00:00,1,stream
3w_own_history,WELL-00025_20200629194141,WELL-00025,mixed,29,30,2020-07-01T01:41:41+00:00,1,stream
3w_own_history,WELL-00025_20200629194141,WELL-00025,mixed,30,31,2020-07-01T02:41:41+00:00,1,stream
3w_own_history,WELL-00025_20200629194141,WELL-00025,mixed,31,32,2020-07-01T03:41:41+00:00,1,stream
3w_own_history,WELL-00025_20200629194141,WELL-00025,mixed,32,33,2020-07-01T04:41:41+00:00,1,stream
3w_own_history,WELL-00025_20200629194141,WELL-00025,mixed,33,34,2020-07-01T05:41:41+00:00,1,stream
3w_own_history,WELL-00025_20200629194141,WELL-00025,mixed,34,35,2020-07-01T06:41:41+00:00,1,stream
3w_own_history,WELL-00025_20200629194141,WELL-00025,mixed,35,36,2020-07-01T07:41:41+00:00,1,stream
3w_own_history,WELL-00025_20200629194141,WELL-00025,mixed,36,37,2020-07-01T08:41:41+00:00,1,stream
3w_own_history,WELL-00025_20200629194141,WELL-00025,mixed,37,38,2020-07-01T09:41:41+00:00,1,stream
3w_own_history,WELL-00025_20200629194141,WELL-00025,mixed,38,39,2020-07-01T10:41:41+00:00,1,stream
3w_own_history,WELL-00025_20200629194141,WELL-00025,mixed,39,40,2020-07-01T11:41:41+00:00,1,stream
3w_own_history,WELL-00025_20200629194141,WELL-00025,mixed,40,41,2020-07-01T12:41:41+00:00,1,stream
3w_own_history,WELL-00025_20200629194141,WELL-00025,mixed,41,42,2020-07-01T13:41:41+00:00,1,stream
3w_own_history,WELL-00025_20200629194141,WELL-00025,mixed,42,43,2020-07-01T14:41:41+00:00,1,stream
3w_own_history,WELL-00025_20200629194141,WELL-00025,mixed,43,44,2020-07-01T15:41:41+00:00,1,stream
3w_own_history,WELL-00025_20200629194141,WELL-00025,mixed,44,45,2020-07-01T16:41:41+00:00,1,stream
3w_own_history,WELL-00025_20200629194141,WELL-00025,mixed,45,46,2020-07-01T17:41:41+00:00,1,stream
3w_own_history,WELL-00025_20200629194141,WELL-00025,mixed,46,47,2020-07-01T18:41:41+00:00,1,stream
3w_own_history,WELL-00025_20200629194141,WELL-00025,mixed,47,48,2020-07-01T19:41:41+00:00,1,stream
3w_own_history,WELL-00025_20200629194141,WELL-00025,mixed,48,49,2020-07-01T20:41:41+00:00,1,stream
3w_own_history,WELL-00025_20200629194141,WELL-00025,mixed,49,50,2020-07-01T21:41:41+00:00,1,stream
3w_own_history,WELL-00025_20200629194141,WELL-00025,mixed,50,51,2020-07-01T22:41:41+00:00,1,stream
3w_own_history,WELL-00025_20200629194141,WELL-00025,mixed,51,52,2020-07-01T23:41:41+00:00,1,stream
3w_own_history,WELL-00025_20200629194141,WELL-00025,mixed,52,53,2020-07-02T00:41:41+00:00,1,stream
3w_own_history,WELL-00025_20200629194141,WELL-00025,mixed,53,54,2020-07-02T01:41:41+00:00,1,stream
3w_own_history,WELL-00025_20200629194141,WELL-00025,mixed,54,55,2020-07-02T02:41:41+00:00,1,stream
3w_own_history,WELL-00025_20200629194141,WELL-00025,mixed,55,56,2020-07-02T03:41:41+00:00,1,stream
3w_own_history,WELL-00025_20200629194141,WELL-00025,mixed,56,57,2020-07-02T04:41:41+00:00,1,stream
3w_own_history,WELL-00025_20200629194141,WELL-00025,mixed,57,58,2020-07-02T05:41:41+00:00,1,stream
3w_own_history,WELL-00025_20200629194141,WELL-00025,mixed,58,59,2020-07-02T06:41:41+00:00,1,stream
3w_own_history,WELL-00025_20200629194141,WELL-00025,mixed,59,60,2020-07-02T07:41:41+00:00,1,stream
3w_own_history,WELL-00025_20200629194141,WELL-00025,mixed,60,61,2020-07-02T08:41:41+00:00,1,stream
3w_own_history,WELL-00025_20200629194141,WELL-00025,mixed,61,62,2020-07-02T09:41:41+00:00,1,stream
3w_own_history,WELL-00025_20200629194141,WELL-00025,mixed,62,63,2020-07-02T10:41:41+00:00,1,stream
3w_own_history,WELL-00025_20200629194141,WELL-00025,mixed,63,64,2020-07-02T11:41:41+00:00,1,stream
3w_own_history,WELL-00025_20200629194141,WELL-00025,mixed,64,65,2020-07-02T12:41:41+00:00,1,stream
3w_own_history,WELL-00025_20200629194141,WELL-00025,mixed,65,66,2020-07-02T13:41:41+00:00,1,stream
3w_own_history,WELL-00025_20200629194141,WELL-00025,mixed,66,67,2020-07-02T14:41:41+00:00,1,stream
3w_own_history,WELL-00025_20200629194141,WELL-00025,mixed,67,68,2020-07-02T15:41:41+00:00,1,stream
3w_own_history,WELL-00025_20200629194141,WELL-00025,mixed,68,69,2020-07-02T16:41:41+00:00,1,stream
3w_own_history,WELL-00025_20200629194141,WELL-00025,mixed,69,70,2020-07-02T17:41:41+00:00,1,stream
3w_own_history,WELL-00025_20200629194141,WELL-00025,mixed,70,71,2020-07-02T18:41:41+00:00,1,stream
3w_own_history,WELL-00025_20200629194141,WELL-00025,mixed,71,72,2020-07-02T19:41:41+00:00,1,stream
3w_own_history,WELL-00025_20200629194141,WELL-00025,mixed,72,73,2020-07-02T20:41:41+00:00,1,stream
3w_own_history,WELL-00025_20200629194141,WELL-00025,mixed,73,74,2020-07-02T21:41:41+00:00,1,stream
3w_own_history,WELL-00025_20200629194141,WELL-00025,mixed,74,75,2020-07-02T22:41:41+00:00,1,stream
3w_own_history,WELL-00025_20200629194141,WELL-00025,mixed,75,76,2020-07-02T23:41:41+00:00,1,stream
3w_own_history,WELL-00025_20200629194141,WELL-00025,mixed,76,77,2020-07-03T00:41:41+00:00,1,stream
3w_own_history,WELL-00025_20200629194141,WELL-00025,mixed,77,78,2020-07-03T01:41:41+00:00,1,stream
3w_own_history,WELL-00025_20200629194141,WELL-00025,mixed,78,79,2020-07-03T02:41:41+00:00,1,stream
3w_own_history,WELL-00025_20200629194141,WELL-00025,mixed,79,80,2020-07-03T03:41:41+00:00,1,stream
3w_own_history,WELL-00025_20200629194141,WELL-00025,mixed,80,81,2020-07-03T04:41:41+00:00,1,stream
3w_own_history,WELL-00025_20200629194141,WELL-00025,mixed,81,82,2020-07-03T05:41:41+00:00,1,stream
3w_own_history,WELL-00025_20200629194141,WELL-00025,mixed,82,83,2020-07-03T06:41:41+00:00,1,stream
3w_own_history,WELL-00025_20200629194141,WELL-00025,mixed,83,84,2020-07-03T07:41:41+00:00,1,stream
3w_own_history,WELL-00025_20200629194141,WELL-00025,mixed,84,85,2020-07-03T08:41:41+00:00,1,stream
3w_own_history,WELL-00025_20200629194141,WELL-00025,mixed,85,86,2020-07-03T09:41:41+00:00,1,stream
3w_own_history,WELL-00025_20200629194141,WELL-00025,mixed,86,87,2020-07-03T10:41:41+00:00,1,stream
3w_own_history,WELL-00025_20200629194141,WELL-00025,mixed,87,88,2020-07-03T11:41:41+00:00,1,stream
3w_own_history,WELL-00025_20200629194141,WELL-00025,mixed,88,89,2020-07-03T12:41:41+00:00,1,stream
3w_own_history,WELL-00025_20200629194141,WELL-00025,mixed,89,90,2020-07-03T13:41:41+00:00,1,stream
3w_own_history,WELL-00025_20200629194141,WELL-00025,mixed,90,91,2020-07-03T14:41:41+00:00,1,stream
3w_own_history,WELL-00025_20200629194141,WELL-00025,mixed,91,92,2020-07-03T15:41:41+00:00,1,stream
3w_own_history,WELL-00025_20200629194141,WELL-00025,mixed,92,93,2020-07-03T16:41:41+00:00,1,stream
3w_own_history,WELL-00025_20200629194141,WELL-00025,mixed,93,94,2020-07-03T17:41:41+00:00,1,stream
3w_own_history,WELL-00025_20200629194141,WELL-00025,mixed,94,95,2020-07-03T18:41:41+00:00,1,stream
3w_own_history,WELL-00025_20200629194141,WELL-00025,mixed,95,96,2020-07-03T19:41:41+00:00,1,stream
3w_own_history,WELL-00025_20200629194141,WELL-00025,mixed,96,97,2020-07-03T20:41:41+00:00,1,stream
3w_own_history,WELL-00025_20200629194141,WELL-00025,mixed,97,98,2020-07-03T21:41:41+00:00,1,stream
3w_own_history,WELL-00025_20200629194141,WELL-00025,mixed,98,99,2020-07-03T22:41:41+00:00,1,stream
3w_own_history,WELL-00025_20200629194141,WELL-00025,mixed,99,100,2020-07-03T23:41:41+00:00,1,stream
3w_own_history,WELL-00025_20200629194141,WELL-00025,mixed,100,101,2020-07-04T00:41:41+00:00,1,stream
3w_own_history,WELL-00025_20200629194141,WELL-00025,mixed,101,102,2020-07-04T01:41:41+00:00,1,stream
3w_own_history,WELL-00025_20200629194141,WELL-00025,mixed,102,103,2020-07-04T02:41:41+00:00,1,stream
3w_own_history,WELL-00025_20200629194141,WELL-00025,mixed,103,104,2020-07-04T03:41:41+00:00,1,stream
3w_own_history,WELL-00025_20200629194141,WELL-00025,mixed,104,105,2020-07-04T04:41:41+00:00,1,stream
3w_own_history,WELL-00025_20200629194141,WELL-00025,mixed,105,106,2020-07-04T05:41:41+00:00,1,stream
3w_own_history,WELL-00025_20200629194141,WELL-00025,mixed,106,107,2020-07-04T06:41:41+00:00,1,stream
3w_own_history,WELL-00025_20200629194141,WELL-00025,mixed,107,108,2020-07-04T07:41:41+00:00,1,stream
3w_own_history,WELL-00025_20200629194141,WELL-00025,mixed,108,109,2020-07-04T08:41:41+00:00,1,stream
3w_own_history,WELL-00025_20200629194141,WELL-00025,mixed,109,110,2020-07-04T09:41:41+00:00,1,stream
3w_own_history,WELL-00025_20200629194141,WELL-00025,mixed,110,111,2020-07-04T10:41:41+00:00,1,stream
3w_own_history,WELL-00025_20200629194141,WELL-00025,mixed,111,112,2020-07-04T11:41:41+00:00,1,stream
3w_own_history,WELL-00025_20200629194141,WELL-00025,mixed,112,113,2020-07-04T12:41:41+00:00,1,stream
3w_own_history,WELL-00025_20200629194141,WELL-00025,mixed,113,114,2020-07-04T13:41:41+00:00,1,stream
3w_own_history,WELL-00025_20200629194141,WELL-00025,mixed,114,115,2020-07-04T14:41:41+00:00,1,stream
3w_own_history,WELL-00025_20200629194141,WELL-00025,mixed,115,116,2020-07-04T15:41:41+00:00,1,stream
3w_own_history,WELL-00025_20200629194141,WELL-00025,mixed,116,117,2020-07-04T16:41:41+00:00,1,stream
3w_own_history,WELL-00025_20200629194141,WELL-00025,mixed,117,118,2020-07-04T17:41:41+00:00,1,stream
3w_own_history,WELL-00025_20200629194141,WELL-00025,mixed,118,119,2020-07-04T18:41:41+00:00,1,stream
3w_own_history,WELL-00025_20200629194141,WELL-00025,mixed,119,120,2020-07-04T19:41:41+00:00,1,stream
3w_own_history,WELL-00025_20200629194141,WELL-00025,mixed,120,121,2020-07-04T20:41:41+00:00,1,stream
3w_own_history,WELL-00025_20200629194141,WELL-00025,mixed,121,122,2020-07-04T21:41:41+00:00,1,stream
3w_own_history,WELL-00025_20200629194141,WELL-00025,mixed,122,123,2020-07-04T22:41:41+00:00,1,stream
3w_own_history,WELL-00025_20200629194141,WELL-00025,mixed,123,124,2020-07-04T23:41:41+00:00,1,stream
3w_own_history,WELL-00025_20200629194141,WELL-00025,mixed,124,125,2020-07-05T00:41:41+00:00,1,stream
3w_own_history,WELL-00025_20200629194141,WELL-00025,mixed,125,126,2020-07-05T01:41:41+00:00,1,stream
3w_own_history,WELL-00025_20200629194141,WELL-00025,mixed,126,127,2020-07-05T02:41:41+00:00,1,stream
3w_own_history,WELL-00025_20200629194141,WELL-00025,mixed,127,128,2020-07-05T03:41:41+00:00,1,stream
3w_own_history,WELL-00025_20200629194141,WELL-00025,mixed,128,129,2020-07-05T04:41:41+00:00,1,stream
3w_own_history,WELL-00025_20200629194141,WELL-00025,mixed,129,130,2020-07-05T05:41:41+00:00,1,stream
3w_own_history,WELL-00025_20200629194141,WELL-00025,mixed,130,131,2020-07-05T06:41:41+00:00,1,stream
3w_own_history,WELL-00025_20200629194141,WELL-00025,mixed,131,132,2020-07-05T07:41:41+00:00,1,stream
3w_own_history,WELL-00025_20200629194141,WELL-00025,mixed,132,133,2020-07-05T08:41:41+00:00,1,stream
3w_own_history,WELL-00025_20200629194141,WELL-00025,mixed,133,134,2020-07-05T09:41:41+00:00,1,stream
3w_own_history,WELL-00025_20200629194141,WELL-00025,mixed,134,135,2020-07-05T10:41:41+00:00,1,stream
3w_own_history,WELL-00025_20200629194141,WELL-00025,mixed,135,136,2020-07-05T11:41:41+00:00,1,stream
3w_own_history,WELL-00025_20200629194141,WELL-00025,mixed,136,137,2020-07-05T12:41:41+00:00,1,stream
3w_own_history,WELL-00025_20200629194141,WELL-00025,mixed,137,138,2020-07-05T13:41:41+00:00,1,stream
3w_own_history,WELL-00025_20200629194141,WELL-00025,mixed,138,139,2020-07-05T14:41:41+00:00,1,stream
3w_own_history,WELL-00025_20200629194141,WELL-00025,mixed,139,140,2020-07-05T15:41:41+00:00,1,stream
3w_own_history,WELL-00025_20200629194141,WELL-00025,mixed,140,141,2020-07-05T16:41:41+00:00,1,stream
3w_own_history,WELL-00025_20200629194141,WELL-00025,mixed,141,142,2020-07-05T17:41:41+00:00,1,stream
3w_own_history,WELL-00025_20200629194141,WELL-00025,mixed,142,143,2020-07-05T18:41:41+00:00,1,stream
3w_own_history,WELL-00025_20200629194141,WELL-00025,mixed,143,144,2020-07-05T19:41:41+00:00,1,stream
3w_own_history,WELL-00025_20200629194141,WELL-00025,mixed,144,145,2020-07-05T20:41:41+00:00,1,stream
3w_own_history,WELL-00025_20200629194141,WELL-00025,mixed,145,146,2020-07-05T21:41:41+00:00,1,stream
3w_own_history,WELL-00025_20200629194141,WELL-00025,mixed,146,147,2020-07-05T22:41:41+00:00,1,stream
3w_own_history,WELL-00025_20200629194141,WELL-00025,mixed,147,148,2020-07-05T23:41:41+00:00,1,stream
3w_own_history,WELL-00025_20200629194141,WELL-00025,mixed,148,149,2020-07-06T00:41:41+00:00,1,stream
3w_own_history,WELL-00025_20200629194141,WELL-00025,mixed,149,150,2020-07-06T01:41:41+00:00,1,stream
3w_own_history,WELL-00025_20200629194141,WELL-00025,mixed,150,151,2020-07-06T02:41:41+00:00,1,stream
3w_own_history,WELL-00025_20200629194141,WELL-00025,mixed,151,152,2020-07-06T03:41:41+00:00,1,stream
3w_own_history,WELL-00025_20200629194141,WELL-00025,mixed,152,153,2020-07-06T04:41:41+00:00,1,stream
3w_own_history,WELL-00025_20200629194141,WELL-00025,mixed,153,154,2020-07-06T05:41:41+00:00,1,stream
3w_own_history,WELL-00025_20200629194141,WELL-00025,mixed,154,155,2020-07-06T06:41:41+00:00,1,stream
3w_own_history,WELL-00025_20200629194141,WELL-00025,mixed,155,156,2020-07-06T07:41:41+00:00,1,stream
3w_own_history,WELL-00025_20200629194141,WELL-00025,mixed,156,157,2020-07-06T08:41:41+00:00,1,stream
3w_own_history,WELL-00025_20200629194141,WELL-00025,mixed,157,158,2020-07-06T09:41:41+00:00,1,stream
3w_own_history,WELL-00025_20200629194141,WELL-00025,mixed,158,159,2020-07-06T10:41:41+00:00,1,stream
3w_own_history,WELL-00025_20200629194141,WELL-00025,mixed,159,160,2020-07-06T11:41:41+00:00,1,stream
3w_own_history,WELL-00025_20200629194141,WELL-00025,mixed,160,161,2020-07-06T12:41:41+00:00,1,stream
3w_own_history,WELL-00025_20200629194141,WELL-00025,mixed,161,162,2020-07-06T13:41:41+00:00,1,stream
3w_own_history,WELL-00025_20200629194141,WELL-00025,mixed,162,163,2020-07-06T14:41:41+00:00,1,stream
3w_own_history,WELL-00025_20200629194141,WELL-00025,mixed,163,164,2020-07-06T15:41:41+00:00,1,stream
3w_own_history,WELL-00025_20200629194141,WELL-00025,mixed,164,165,2020-07-06T16:41:41+00:00,1,stream
3w_own_history,WELL-00025_20200629194141,WELL-00025,mixed,165,166,2020-07-06T17:41:41+00:00,1,stream
3w_own_history,WELL-00025_20200629194141,WELL-00025,mixed,166,167,2020-07-06T18:41:41+00:00,1,stream
3w_own_history,WELL-00025_20200629194141,WELL-00025,mixed,167,168,2020-07-06T19:41:41+00:00,1,stream
3w_own_history,WELL-00025_20200629194141,WELL-00025,mixed,168,169,2020-07-06T20:41:41+00:00,1,stream
3w_own_history,WELL-00025_20200629194141,WELL-00025,mixed,169,170,2020-07-06T21:41:41+00:00,1,stream
3w_own_history,WELL-00025_20200629194141,WELL-00025,mixed,170,171,2020-07-06T22:41:41+00:00,1,stream
3w_own_history,WELL-00025_20200629194141,WELL-00025,mixed,171,172,2020-07-06T23:41:41+00:00,1,stream
3w_own_history,WELL-00025_20200629194141,WELL-00025,mixed,172,173,2020-07-07T00:41:41+00:00,1,stream
3w_own_history,WELL-00025_20200629194141,WELL-00025,mixed,173,174,2020-07-07T01:41:41+00:00,1,stream
3w_own_history,WELL-00025_20200629194141,WELL-00025,mixed,174,175,2020-07-07T02:41:41+00:00,1,stream
3w_own_history,WELL-00025_20200629194141,WELL-00025,mixed,175,176,2020-07-07T03:41:41+00:00,1,stream
3w_own_history,WELL-00025_20200629194141,WELL-00025,mixed,176,177,2020-07-07T04:41:41+00:00,1,stream
3w_own_history,WELL-00025_20200629194141,WELL-00025,mixed,177,178,2020-07-07T05:41:41+00:00,1,stream
3w_own_history,WELL-00025_20200629194141,WELL-00025,mixed,178,179,2020-07-07T06:41:41+00:00,1,stream
3w_own_history,WELL-00025_20200629194141,WELL-00025,mixed,179,180,2020-07-07T07:41:41+00:00,1,stream
3w_own_history,WELL-00025_20200629194141,WELL-00025,mixed,180,181,2020-07-07T08:41:41+00:00,1,stream
3w_own_history,WELL-00025_20200629194141,WELL-00025,mixed,181,182,2020-07-07T09:41:41+00:00,1,stream
3w_own_history,WELL-00025_20200629194141,WELL-00025,mixed,182,183,2020-07-07T10:41:41+00:00,1,stream
3w_own_history,WELL-00025_20200629194141,WELL-00025,mixed,183,184,2020-07-07T11:41:41+00:00,1,stream
3w_own_history,WELL-00025_20200629194141,WELL-00025,mixed,184,185,2020-07-07T12:41:41+00:00,1,stream
3w_own_history,WELL-00025_20200629194141,WELL-00025,mixed,185,186,2020-07-07T13:41:41+00:00,1,stream
3w_own_history,WELL-00025_20200629194141,WELL-00025,mixed,186,187,2020-07-07T14:41:41+00:00,1,stream
3w_own_history,WELL-00025_20200629194141,WELL-00025,mixed,187,188,2020-07-07T15:41:41+00:00,1,stream
3w_own_history,WELL-00025_20200629194141,WELL-00025,mixed,188,189,2020-07-07T16:41:41+00:00,1,stream
3w_own_history,WELL-00025_20200629194141,WELL-00025,mixed,189,190,2020-07-07T17:41:41+00:00,1,stream
3w_own_history,WELL-00025_20200629194141,WELL-00025,mixed,190,191,2020-07-07T18:41:41+00:00,1,stream
3w_own_history,WELL-00025_20200629194141,WELL-00025,mixed,191,192,2020-07-07T19:41:41+00:00,1,stream
3w_own_history,WELL-00025_20200629194141,WELL-00025,mixed,192,193,2020-07-07T20:41:41+00:00,1,stream
3w_own_history,WELL-00025_20200629194141,WELL-00025,mixed,193,194,2020-07-07T21:41:41+00:00,1,stream
3w_own_history,WELL-00025_20200629194141,WELL-00025,mixed,194,195,2020-07-07T22:41:41+00:00,1,stream
3w_own_history,WELL-00025_20200629194141,WELL-00025,mixed,195,196,2020-07-07T23:41:41+00:00,1,stream
3w_own_history,WELL-00025_20200629194141,WELL-00025,mixed,196,197,2020-07-08T00:41:41+00:00,1,stream
3w_own_history,WELL-00025_20200629194141,WELL-00025,mixed,197,198,2020-07-08T01:41:41+00:00,1,stream
3w_own_history,WELL-00025_20200629194141,WELL-00025,mixed,198,199,2020-07-08T02:41:41+00:00,1,stream
3w_own_history,WELL-00026_20160601130000,WELL-00026,mixed,0,1,2016-06-01T14:00:00+00:00,0,fit
3w_own_history,WELL-00026_20160601130000,WELL-00026,mixed,1,2,2016-06-01T15:00:00+00:00,0,fit
3w_own_history,WELL-00026_20160601130000,WELL-00026,mixed,2,3,2016-06-01T16:00:00+00:00,0,fit
3w_own_history,WELL-00026_20160601130000,WELL-00026,mixed,3,4,2016-06-01T17:00:00+00:00,0,threshold
3w_own_history,WELL-00026_20160601130000,WELL-00026,mixed,4,5,2016-06-01T18:00:00+00:00,0,threshold
3w_own_history,WELL-00026_20160601130000,WELL-00026,mixed,5,6,2016-06-01T19:00:00+00:00,1,threshold
3w_own_history,WELL-00026_20160601130000,WELL-00026,mixed,6,7,2016-06-01T20:00:00+00:00,1,stream
3w_own_history,WELL-00026_20160601130000,WELL-00026,mixed,7,8,2016-06-01T21:00:00+00:00,1,stream
3w_own_history,WELL-00026_20160601130000,WELL-00026,mixed,8,9,2016-06-01T22:00:00+00:00,1,stream
3w_own_history,WELL-00026_20160601130000,WELL-00026,mixed,9,10,2016-06-01T23:00:00+00:00,1,stream
3w_own_history,WELL-00026_20160601130000,WELL-00026,mixed,10,11,2016-06-02T00:00:00+00:00,1,stream
3w_own_history,WELL-00026_20160601130000,WELL-00026,mixed,11,12,2016-06-02T01:00:00+00:00,1,stream
3w_own_history,WELL-00026_20160601130000,WELL-00026,mixed,12,13,2016-06-02T02:00:00+00:00,1,stream
3w_own_history,WELL-00026_20160601130000,WELL-00026,mixed,13,14,2016-06-02T03:00:00+00:00,1,stream
3w_own_history,WELL-00026_20160601130000,WELL-00026,mixed,14,15,2016-06-02T04:00:00+00:00,1,stream
3w_own_history,WELL-00026_20160601130000,WELL-00026,mixed,15,16,2016-06-02T05:00:00+00:00,1,stream
3w_own_history,WELL-00026_20160601130000,WELL-00026,mixed,16,17,2016-06-02T06:00:00+00:00,1,stream
3w_own_history,WELL-00026_20160601130000,WELL-00026,mixed,17,18,2016-06-02T07:00:00+00:00,1,stream
3w_own_history,WELL-00026_20160601130000,WELL-00026,mixed,18,19,2016-06-02T08:00:00+00:00,1,stream
3w_own_history,WELL-00026_20160601130000,WELL-00026,mixed,19,20,2016-06-02T09:00:00+00:00,1,stream
3w_own_history,WELL-00026_20160601130000,WELL-00026,mixed,20,21,2016-06-02T10:00:00+00:00,1,stream
3w_own_history,WELL-00026_20160601130000,WELL-00026,mixed,21,22,2016-06-02T11:00:00+00:00,1,stream
3w_own_history,WELL-00026_20160601130000,WELL-00026,mixed,22,23,2016-06-02T12:00:00+00:00,1,stream
3w_own_history,WELL-00026_20160601130000,WELL-00026,mixed,23,24,2016-06-02T13:00:00+00:00,1,stream
3w_own_history,WELL-00026_20160601130000,WELL-00026,mixed,24,25,2016-06-02T14:00:00+00:00,1,stream
3w_own_history,WELL-00026_20160601130000,WELL-00026,mixed,25,26,2016-06-02T15:00:00+00:00,1,stream
3w_own_history,WELL-00026_20160601130000,WELL-00026,mixed,26,27,2016-06-02T16:00:00+00:00,1,stream
3w_own_history,WELL-00026_20160601130000,WELL-00026,mixed,27,28,2016-06-02T17:00:00+00:00,1,stream
3w_own_history,WELL-00026_20160601130000,WELL-00026,mixed,28,29,2016-06-02T18:00:00+00:00,1,stream
3w_own_history,WELL-00026_20160601130000,WELL-00026,mixed,29,30,2016-06-02T19:00:00+00:00,1,stream
3w_own_history,WELL-00026_20160601130000,WELL-00026,mixed,30,31,2016-06-02T20:00:00+00:00,1,stream
3w_own_history,WELL-00026_20160601130000,WELL-00026,mixed,31,32,2016-06-02T21:00:00+00:00,1,stream
3w_own_history,WELL-00026_20160601130000,WELL-00026,mixed,32,33,2016-06-02T22:00:00+00:00,1,stream
3w_own_history,WELL-00026_20160601130000,WELL-00026,mixed,33,34,2016-06-02T23:00:00+00:00,1,stream
3w_own_history,WELL-00026_20160601130000,WELL-00026,mixed,34,35,2016-06-03T00:00:00+00:00,1,stream
3w_own_history,WELL-00026_20160601130000,WELL-00026,mixed,35,36,2016-06-03T01:00:00+00:00,1,stream
3w_own_history,WELL-00026_20160601130000,WELL-00026,mixed,36,37,2016-06-03T02:00:00+00:00,1,stream
3w_own_history,WELL-00026_20160601130000,WELL-00026,mixed,37,38,2016-06-03T03:00:00+00:00,1,stream
3w_own_history,WELL-00026_20160601130000,WELL-00026,mixed,38,39,2016-06-03T04:00:00+00:00,1,stream
3w_own_history,WELL-00026_20160601130000,WELL-00026,mixed,39,40,2016-06-03T05:00:00+00:00,1,stream
3w_own_history,WELL-00026_20160601130000,WELL-00026,mixed,40,41,2016-06-03T06:00:00+00:00,1,stream
3w_own_history,WELL-00026_20160601130000,WELL-00026,mixed,41,42,2016-06-03T07:00:00+00:00,1,stream
3w_own_history,WELL-00026_20160601130000,WELL-00026,mixed,42,43,2016-06-03T08:00:00+00:00,1,stream
3w_own_history,WELL-00026_20160601130000,WELL-00026,mixed,43,44,2016-06-03T09:00:00+00:00,1,stream
3w_own_history,WELL-00026_20160601130000,WELL-00026,mixed,44,45,2016-06-03T10:00:00+00:00,1,stream
3w_own_history,WELL-00026_20160601130000,WELL-00026,mixed,45,46,2016-06-03T11:00:00+00:00,1,stream
3w_own_history,WELL-00026_20160601130000,WELL-00026,mixed,46,47,2016-06-03T12:00:00+00:00,1,stream
3w_own_history,WELL-00026_20160601130000,WELL-00026,mixed,47,48,2016-06-03T13:00:00+00:00,1,stream
3w_own_history,WELL-00026_20160601130000,WELL-00026,mixed,48,49,2016-06-03T14:00:00+00:00,1,stream
3w_own_history,WELL-00026_20160601130000,WELL-00026,mixed,49,50,2016-06-03T15:00:00+00:00,1,stream
3w_own_history,WELL-00026_20160601130000,WELL-00026,mixed,50,51,2016-06-03T16:00:00+00:00,1,stream
3w_own_history,WELL-00026_20170207230000,WELL-00026,mixed,0,1,2017-02-08T00:00:00+00:00,0,fit
3w_own_history,WELL-00026_20170207230000,WELL-00026,mixed,1,2,2017-02-08T01:00:00+00:00,0,fit
3w_own_history,WELL-00026_20170207230000,WELL-00026,mixed,2,3,2017-02-08T02:00:00+00:00,0,fit
3w_own_history,WELL-00026_20170207230000,WELL-00026,mixed,3,4,2017-02-08T03:00:00+00:00,0,threshold
3w_own_history,WELL-00026_20170207230000,WELL-00026,mixed,4,5,2017-02-08T04:00:00+00:00,0,threshold
3w_own_history,WELL-00026_20170207230000,WELL-00026,mixed,5,6,2017-02-08T05:00:00+00:00,0,threshold
3w_own_history,WELL-00026_20170207230000,WELL-00026,mixed,6,7,2017-02-08T06:00:00+00:00,0,stream
3w_own_history,WELL-00026_20170207230000,WELL-00026,mixed,7,8,2017-02-08T07:00:00+00:00,0,stream
3w_own_history,WELL-00026_20170207230000,WELL-00026,mixed,8,9,2017-02-08T08:00:00+00:00,0,stream
3w_own_history,WELL-00026_20170207230000,WELL-00026,mixed,9,10,2017-02-08T09:00:00+00:00,0,stream
3w_own_history,WELL-00026_20170207230000,WELL-00026,mixed,10,11,2017-02-08T10:00:00+00:00,0,stream
3w_own_history,WELL-00026_20170207230000,WELL-00026,mixed,11,12,2017-02-08T11:00:00+00:00,0,stream
3w_own_history,WELL-00026_20170207230000,WELL-00026,mixed,12,13,2017-02-08T12:00:00+00:00,0,stream
3w_own_history,WELL-00026_20170207230000,WELL-00026,mixed,13,14,2017-02-08T13:00:00+00:00,0,stream
3w_own_history,WELL-00026_20170207230000,WELL-00026,mixed,14,15,2017-02-08T14:00:00+00:00,0,stream
3w_own_history,WELL-00026_20170207230000,WELL-00026,mixed,15,16,2017-02-08T15:00:00+00:00,0,stream
3w_own_history,WELL-00026_20170207230000,WELL-00026,mixed,16,17,2017-02-08T16:00:00+00:00,0,stream
3w_own_history,WELL-00026_20170207230000,WELL-00026,mixed,17,18,2017-02-08T17:00:00+00:00,0,stream
3w_own_history,WELL-00026_20170207230000,WELL-00026,mixed,18,19,2017-02-08T18:00:00+00:00,0,stream
3w_own_history,WELL-00026_20170207230000,WELL-00026,mixed,19,20,2017-02-08T19:00:00+00:00,0,stream
3w_own_history,WELL-00026_20170207230000,WELL-00026,mixed,20,21,2017-02-08T20:00:00+00:00,0,stream
3w_own_history,WELL-00026_20170207230000,WELL-00026,mixed,21,22,2017-02-08T21:00:00+00:00,0,stream
3w_own_history,WELL-00026_20170207230000,WELL-00026,mixed,22,23,2017-02-08T22:00:00+00:00,0,stream
3w_own_history,WELL-00026_20170207230000,WELL-00026,mixed,23,24,2017-02-08T23:00:00+00:00,0,stream
3w_own_history,WELL-00026_20170207230000,WELL-00026,mixed,24,25,2017-02-09T00:00:00+00:00,0,stream
3w_own_history,WELL-00026_20170207230000,WELL-00026,mixed,25,26,2017-02-09T01:00:00+00:00,0,stream
3w_own_history,WELL-00026_20170207230000,WELL-00026,mixed,26,27,2017-02-09T02:00:00+00:00,0,stream
3w_own_history,WELL-00026_20170207230000,WELL-00026,mixed,27,28,2017-02-09T03:00:00+00:00,0,stream
3w_own_history,WELL-00026_20170207230000,WELL-00026,mixed,28,29,2017-02-09T04:00:00+00:00,0,stream
3w_own_history,WELL-00026_20170207230000,WELL-00026,mixed,29,30,2017-02-09T05:00:00+00:00,0,stream
3w_own_history,WELL-00026_20170207230000,WELL-00026,mixed,30,31,2017-02-09T06:00:00+00:00,0,stream
3w_own_history,WELL-00026_20170207230000,WELL-00026,mixed,31,32,2017-02-09T07:00:00+00:00,0,stream
3w_own_history,WELL-00026_20170207230000,WELL-00026,mixed,32,33,2017-02-09T08:00:00+00:00,0,stream
3w_own_history,WELL-00026_20170207230000,WELL-00026,mixed,33,34,2017-02-09T09:00:00+00:00,0,stream
3w_own_history,WELL-00026_20170207230000,WELL-00026,mixed,34,35,2017-02-09T10:00:00+00:00,0,stream
3w_own_history,WELL-00026_20170207230000,WELL-00026,mixed,35,36,2017-02-09T11:00:00+00:00,0,stream
3w_own_history,WELL-00026_20170207230000,WELL-00026,mixed,36,37,2017-02-09T12:00:00+00:00,1,stream
3w_own_history,WELL-00026_20170207230000,WELL-00026,mixed,37,38,2017-02-09T13:00:00+00:00,1,stream
3w_own_history,WELL-00026_20170207230000,WELL-00026,mixed,38,39,2017-02-09T14:00:00+00:00,1,stream
3w_own_history,WELL-00026_20170207230000,WELL-00026,mixed,39,40,2017-02-09T15:00:00+00:00,1,stream
3w_own_history,WELL-00026_20170207230000,WELL-00026,mixed,40,41,2017-02-09T16:00:00+00:00,1,stream
3w_own_history,WELL-00026_20170207230000,WELL-00026,mixed,41,42,2017-02-09T17:00:00+00:00,1,stream
3w_own_history,WELL-00026_20170207230000,WELL-00026,mixed,42,43,2017-02-09T18:00:00+00:00,1,stream
3w_own_history,WELL-00026_20170207230000,WELL-00026,mixed,43,44,2017-02-09T19:00:00+00:00,1,stream
3w_own_history,WELL-00026_20170207230000,WELL-00026,mixed,44,45,2017-02-09T20:00:00+00:00,1,stream
3w_own_history,WELL-00026_20170207230000,WELL-00026,mixed,45,46,2017-02-09T21:00:00+00:00,1,stream
3w_own_history,WELL-00026_20170207230000,WELL-00026,mixed,46,47,2017-02-09T22:00:00+00:00,1,stream
3w_own_history,WELL-00026_20170207230000,WELL-00026,mixed,47,48,2017-02-09T23:00:00+00:00,1,stream
3w_own_history,WELL-00026_20170207230000,WELL-00026,mixed,48,49,2017-02-10T00:00:00+00:00,1,stream
3w_own_history,WELL-00026_20170207230000,WELL-00026,mixed,49,50,2017-02-10T01:00:00+00:00,1,stream
3w_own_history,WELL-00026_20170207230000,WELL-00026,mixed,50,51,2017-02-10T02:00:00+00:00,1,stream
3w_own_history,WELL-00026_20170207230000,WELL-00026,mixed,51,52,2017-02-10T03:00:00+00:00,1,stream
3w_own_history,WELL-00026_20170207230000,WELL-00026,mixed,52,53,2017-02-10T04:00:00+00:00,1,stream
3w_own_history,WELL-00026_20170207230000,WELL-00026,mixed,53,54,2017-02-10T05:00:00+00:00,1,stream
3w_own_history,WELL-00026_20170207230000,WELL-00026,mixed,54,55,2017-02-10T06:00:00+00:00,1,stream
3w_own_history,WELL-00026_20170207230000,WELL-00026,mixed,55,56,2017-02-10T07:00:00+00:00,1,stream
3w_own_history,WELL-00026_20170207230000,WELL-00026,mixed,56,57,2017-02-10T08:00:00+00:00,1,stream
3w_own_history,WELL-00026_20170207230000,WELL-00026,mixed,57,58,2017-02-10T09:00:00+00:00,1,stream
3w_own_history,WELL-00026_20170207230000,WELL-00026,mixed,58,59,2017-02-10T10:00:00+00:00,1,stream
3w_own_history,WELL-00026_20170207230000,WELL-00026,mixed,59,60,2017-02-10T11:00:00+00:00,1,stream
3w_own_history,WELL-00026_20170207230000,WELL-00026,mixed,60,61,2017-02-10T12:00:00+00:00,1,stream
3w_own_history,WELL-00026_20170207230000,WELL-00026,mixed,61,62,2017-02-10T13:00:00+00:00,1,stream
3w_own_history,WELL-00026_20170207230000,WELL-00026,mixed,62,63,2017-02-10T14:00:00+00:00,1,stream
3w_own_history,WELL-00026_20170207230000,WELL-00026,mixed,63,64,2017-02-10T15:00:00+00:00,1,stream
3w_own_history,WELL-00026_20170207230000,WELL-00026,mixed,64,65,2017-02-10T16:00:00+00:00,1,stream
3w_own_history,WELL-00026_20170207230000,WELL-00026,mixed,65,66,2017-02-10T17:00:00+00:00,1,stream
3w_own_history,WELL-00026_20170207230000,WELL-00026,mixed,66,67,2017-02-10T18:00:00+00:00,1,stream
3w_own_history,WELL-00026_20170207230000,WELL-00026,mixed,67,68,2017-02-10T19:00:00+00:00,1,stream
3w_own_history,WELL-00026_20170207230000,WELL-00026,mixed,68,69,2017-02-10T20:00:00+00:00,1,stream
3w_own_history,WELL-00026_20170207230000,WELL-00026,mixed,69,70,2017-02-10T21:00:00+00:00,1,stream
3w_own_history,WELL-00026_20170207230000,WELL-00026,mixed,70,71,2017-02-10T22:00:00+00:00,1,stream
3w_own_history,WELL-00026_20170207230000,WELL-00026,mixed,71,72,2017-02-10T23:00:00+00:00,1,stream
3w_own_history,WELL-00026_20170207230000,WELL-00026,mixed,72,73,2017-02-11T00:00:00+00:00,1,stream
3w_own_history,WELL-00026_20170207230000,WELL-00026,mixed,73,74,2017-02-11T01:00:00+00:00,1,stream
3w_own_history,WELL-00026_20170207230000,WELL-00026,mixed,74,75,2017-02-11T02:00:00+00:00,1,stream
3w_own_history,WELL-00026_20170207230000,WELL-00026,mixed,75,76,2017-02-11T03:00:00+00:00,1,stream
3w_own_history,WELL-00026_20170207230000,WELL-00026,mixed,76,77,2017-02-11T04:00:00+00:00,1,stream
3w_own_history,WELL-00026_20170207230000,WELL-00026,mixed,77,78,2017-02-11T05:00:00+00:00,1,stream
3w_own_history,WELL-00026_20170207230000,WELL-00026,mixed,78,79,2017-02-11T06:00:00+00:00,1,stream
3w_own_history,WELL-00026_20170207230000,WELL-00026,mixed,79,80,2017-02-11T07:00:00+00:00,1,stream
3w_own_history,WELL-00026_20170207230000,WELL-00026,mixed,80,81,2017-02-11T08:00:00+00:00,1,stream
3w_own_history,WELL-00026_20170207230000,WELL-00026,mixed,81,82,2017-02-11T09:00:00+00:00,1,stream
3w_own_history,WELL-00026_20170207230000,WELL-00026,mixed,82,83,2017-02-11T10:00:00+00:00,1,stream
3w_own_history,WELL-00026_20170207230000,WELL-00026,mixed,83,84,2017-02-11T11:00:00+00:00,1,stream
3w_own_history,WELL-00026_20170207230000,WELL-00026,mixed,84,85,2017-02-11T12:00:00+00:00,1,stream
3w_own_history,WELL-00026_20170207230000,WELL-00026,mixed,85,86,2017-02-11T13:00:00+00:00,1,stream
3w_own_history,WELL-00026_20170207230000,WELL-00026,mixed,86,87,2017-02-11T14:00:00+00:00,1,stream
3w_own_history,WELL-00026_20170207230000,WELL-00026,mixed,87,88,2017-02-11T15:00:00+00:00,1,stream
3w_own_history,WELL-00026_20170207230000,WELL-00026,mixed,88,89,2017-02-11T16:00:00+00:00,1,stream
3w_own_history,WELL-00026_20170207230000,WELL-00026,mixed,89,90,2017-02-11T17:00:00+00:00,1,stream
3w_own_history,WELL-00026_20170207230000,WELL-00026,mixed,90,91,2017-02-11T18:00:00+00:00,1,stream
3w_own_history,WELL-00026_20170207230000,WELL-00026,mixed,91,92,2017-02-11T19:00:00+00:00,1,stream
3w_own_history,WELL-00026_20170207230000,WELL-00026,mixed,92,93,2017-02-11T20:00:00+00:00,1,stream
3w_own_history,WELL-00026_20170207230000,WELL-00026,mixed,93,94,2017-02-11T21:00:00+00:00,1,stream
3w_own_history,WELL-00026_20170207230000,WELL-00026,mixed,94,95,2017-02-11T22:00:00+00:00,1,stream
3w_own_history,WELL-00026_20170207230000,WELL-00026,mixed,95,96,2017-02-11T23:00:00+00:00,1,stream
3w_own_history,WELL-00026_20170207230000,WELL-00026,mixed,96,97,2017-02-12T00:00:00+00:00,1,stream
3w_own_history,WELL-00026_20170207230000,WELL-00026,mixed,97,98,2017-02-12T01:00:00+00:00,1,stream
3w_own_history,WELL-00026_20170207230000,WELL-00026,mixed,98,99,2017-02-12T02:00:00+00:00,1,stream
3w_own_history,WELL-00026_20170207230000,WELL-00026,mixed,99,100,2017-02-12T03:00:00+00:00,1,stream
3w_own_history,WELL-00026_20170207230000,WELL-00026,mixed,100,101,2017-02-12T04:00:00+00:00,1,stream
3w_own_history,WELL-00026_20170207230000,WELL-00026,mixed,101,102,2017-02-12T05:00:00+00:00,1,stream
3w_own_history,WELL-00026_20170207230000,WELL-00026,mixed,102,103,2017-02-12T06:00:00+00:00,1,stream
3w_own_history,WELL-00026_20170207230000,WELL-00026,mixed,103,104,2017-02-12T07:00:00+00:00,1,stream
3w_own_history,WELL-00026_20170207230000,WELL-00026,mixed,104,105,2017-02-12T08:00:00+00:00,1,stream
3w_own_history,WELL-00026_20170207230000,WELL-00026,mixed,105,106,2017-02-12T09:00:00+00:00,1,stream
3w_own_history,WELL-00026_20170207230000,WELL-00026,mixed,106,107,2017-02-12T10:00:00+00:00,1,stream
3w_own_history,WELL-00026_20170207230000,WELL-00026,mixed,107,108,2017-02-12T11:00:00+00:00,1,stream
3w_own_history,WELL-00026_20170207230000,WELL-00026,mixed,108,109,2017-02-12T12:00:00+00:00,1,stream
3w_own_history,WELL-00026_20170207230000,WELL-00026,mixed,109,110,2017-02-12T13:00:00+00:00,1,stream
3w_own_history,WELL-00026_20170207230000,WELL-00026,mixed,110,111,2017-02-12T14:00:00+00:00,1,stream
3w_own_history,WELL-00026_20170207230000,WELL-00026,mixed,111,112,2017-02-12T15:00:00+00:00,1,stream
3w_own_history,WELL-00026_20170207230000,WELL-00026,mixed,112,113,2017-02-12T16:00:00+00:00,1,stream
3w_own_history,WELL-00026_20170207230000,WELL-00026,mixed,113,114,2017-02-12T17:00:00+00:00,1,stream
3w_own_history,WELL-00026_20170207230000,WELL-00026,mixed,114,115,2017-02-12T18:00:00+00:00,1,stream
3w_own_history,WELL-00026_20170207230000,WELL-00026,mixed,115,116,2017-02-12T19:00:00+00:00,1,stream
3w_own_history,WELL-00026_20170207230000,WELL-00026,mixed,116,117,2017-02-12T20:00:00+00:00,1,stream
3w_own_history,WELL-00026_20170207230000,WELL-00026,mixed,117,118,2017-02-12T21:00:00+00:00,1,stream
3w_own_history,WELL-00026_20170207230000,WELL-00026,mixed,118,119,2017-02-12T22:00:00+00:00,1,stream
3w_own_history,WELL-00026_20170207230000,WELL-00026,mixed,119,120,2017-02-12T23:00:00+00:00,1,stream
3w_own_history,WELL-00026_20170207230000,WELL-00026,mixed,120,121,2017-02-13T00:00:00+00:00,1,stream
3w_own_history,WELL-00026_20170207230000,WELL-00026,mixed,121,122,2017-02-13T01:00:00+00:00,1,stream
3w_own_history,WELL-00026_20170207230000,WELL-00026,mixed,122,123,2017-02-13T02:00:00+00:00,1,stream
3w_own_history,WELL-00026_20170207230000,WELL-00026,mixed,123,124,2017-02-13T03:00:00+00:00,1,stream
3w_own_history,WELL-00026_20170207230000,WELL-00026,mixed,124,125,2017-02-13T04:00:00+00:00,1,stream
3w_own_history,WELL-00026_20170207230000,WELL-00026,mixed,125,126,2017-02-13T05:00:00+00:00,1,stream
3w_own_history,WELL-00026_20170207230000,WELL-00026,mixed,126,127,2017-02-13T06:00:00+00:00,1,stream
3w_own_history,WELL-00026_20170207230000,WELL-00026,mixed,127,128,2017-02-13T07:00:00+00:00,1,stream
3w_own_history,WELL-00026_20170207230000,WELL-00026,mixed,128,129,2017-02-13T08:00:00+00:00,1,stream
3w_own_history,WELL-00026_20170207230000,WELL-00026,mixed,129,130,2017-02-13T09:00:00+00:00,1,stream
3w_own_history,WELL-00026_20170207230000,WELL-00026,mixed,130,131,2017-02-13T10:00:00+00:00,1,stream
3w_own_history,WELL-00026_20170207230000,WELL-00026,mixed,131,132,2017-02-13T11:00:00+00:00,1,stream
3w_own_history,WELL-00026_20170207230000,WELL-00026,mixed,132,133,2017-02-13T12:00:00+00:00,1,stream
3w_own_history,WELL-00026_20170207230000,WELL-00026,mixed,133,134,2017-02-13T13:00:00+00:00,1,stream
3w_own_history,WELL-00026_20170207230000,WELL-00026,mixed,134,135,2017-02-13T14:00:00+00:00,1,stream
3w_own_history,WELL-00026_20170207230000,WELL-00026,mixed,135,136,2017-02-13T15:00:00+00:00,1,stream
3w_own_history,WELL-00026_20170207230000,WELL-00026,mixed,136,137,2017-02-13T16:00:00+00:00,1,stream
3w_own_history,WELL-00026_20170207230000,WELL-00026,mixed,137,138,2017-02-13T17:00:00+00:00,1,stream
3w_own_history,WELL-00026_20170207230000,WELL-00026,mixed,138,139,2017-02-13T18:00:00+00:00,1,stream
3w_own_history,WELL-00026_20170207230000,WELL-00026,mixed,139,140,2017-02-13T19:00:00+00:00,1,stream
3w_own_history,WELL-00026_20170207230000,WELL-00026,mixed,140,141,2017-02-13T20:00:00+00:00,1,stream
3w_own_history,WELL-00026_20170207230000,WELL-00026,mixed,141,142,2017-02-13T21:00:00+00:00,1,stream
3w_own_history,WELL-00026_20170207230000,WELL-00026,mixed,142,143,2017-02-13T22:00:00+00:00,1,stream
3w_own_history,WELL-00026_20170207230000,WELL-00026,mixed,143,144,2017-02-13T23:00:00+00:00,1,stream
3w_own_history,WELL-00026_20170207230000,WELL-00026,mixed,144,145,2017-02-14T00:00:00+00:00,1,stream
3w_own_history,WELL-00026_20170207230000,WELL-00026,mixed,145,146,2017-02-14T01:00:00+00:00,1,stream
3w_own_history,WELL-00026_20170207230000,WELL-00026,mixed,146,147,2017-02-14T02:00:00+00:00,1,stream
3w_own_history,WELL-00026_20170207230000,WELL-00026,mixed,147,148,2017-02-14T03:00:00+00:00,1,stream
3w_own_history,WELL-00026_20170207230000,WELL-00026,mixed,148,149,2017-02-14T04:00:00+00:00,1,stream
3w_own_history,WELL-00026_20170207230000,WELL-00026,mixed,149,150,2017-02-14T05:00:00+00:00,1,stream
3w_own_history,WELL-00026_20170207230000,WELL-00026,mixed,150,151,2017-02-14T06:00:00+00:00,1,stream
3w_own_history,WELL-00026_20170207230000,WELL-00026,mixed,151,152,2017-02-14T07:00:00+00:00,1,stream
3w_own_history,WELL-00026_20170207230000,WELL-00026,mixed,152,153,2017-02-14T08:00:00+00:00,1,stream
3w_own_history,WELL-00026_20170207230000,WELL-00026,mixed,153,154,2017-02-14T09:00:00+00:00,1,stream
3w_own_history,WELL-00026_20170207230000,WELL-00026,mixed,154,155,2017-02-14T10:00:00+00:00,1,stream
3w_own_history,WELL-00026_20170207230000,WELL-00026,mixed,155,156,2017-02-14T11:00:00+00:00,1,stream
3w_own_history,WELL-00026_20170207230000,WELL-00026,mixed,156,157,2017-02-14T12:00:00+00:00,1,stream
3w_own_history,WELL-00026_20170207230000,WELL-00026,mixed,157,158,2017-02-14T13:00:00+00:00,1,stream
3w_own_history,WELL-00026_20170207230000,WELL-00026,mixed,158,159,2017-02-14T14:00:00+00:00,1,stream
3w_own_history,WELL-00026_20170207230000,WELL-00026,mixed,159,160,2017-02-14T15:00:00+00:00,1,stream
3w_own_history,WELL-00026_20170207230000,WELL-00026,mixed,160,161,2017-02-14T16:00:00+00:00,1,stream
3w_own_history,WELL-00026_20170608230000,WELL-00026,mixed,0,1,2017-06-09T00:00:00+00:00,0,fit
3w_own_history,WELL-00026_20170608230000,WELL-00026,mixed,1,2,2017-06-09T01:00:00+00:00,0,fit
3w_own_history,WELL-00026_20170608230000,WELL-00026,mixed,2,3,2017-06-09T02:00:00+00:00,0,fit
3w_own_history,WELL-00026_20170608230000,WELL-00026,mixed,3,4,2017-06-09T03:00:00+00:00,0,threshold
3w_own_history,WELL-00026_20170608230000,WELL-00026,mixed,4,5,2017-06-09T04:00:00+00:00,0,threshold
3w_own_history,WELL-00026_20170608230000,WELL-00026,mixed,5,6,2017-06-09T05:00:00+00:00,0,threshold
3w_own_history,WELL-00026_20170608230000,WELL-00026,mixed,6,7,2017-06-09T06:00:00+00:00,0,stream
3w_own_history,WELL-00026_20170608230000,WELL-00026,mixed,7,8,2017-06-09T07:00:00+00:00,0,stream
3w_own_history,WELL-00026_20170608230000,WELL-00026,mixed,8,9,2017-06-09T08:00:00+00:00,0,stream
3w_own_history,WELL-00026_20170608230000,WELL-00026,mixed,9,10,2017-06-09T09:00:00+00:00,0,stream
3w_own_history,WELL-00026_20170608230000,WELL-00026,mixed,10,11,2017-06-09T10:00:00+00:00,0,stream
3w_own_history,WELL-00026_20170608230000,WELL-00026,mixed,11,12,2017-06-09T11:00:00+00:00,0,stream
3w_own_history,WELL-00026_20170608230000,WELL-00026,mixed,12,13,2017-06-09T12:00:00+00:00,0,stream
3w_own_history,WELL-00026_20170608230000,WELL-00026,mixed,13,14,2017-06-09T13:00:00+00:00,0,stream
3w_own_history,WELL-00026_20170608230000,WELL-00026,mixed,14,15,2017-06-09T14:00:00+00:00,0,stream
3w_own_history,WELL-00026_20170608230000,WELL-00026,mixed,15,16,2017-06-09T15:00:00+00:00,0,stream
3w_own_history,WELL-00026_20170608230000,WELL-00026,mixed,16,17,2017-06-09T16:00:00+00:00,0,stream
3w_own_history,WELL-00026_20170608230000,WELL-00026,mixed,17,18,2017-06-09T17:00:00+00:00,0,stream
3w_own_history,WELL-00026_20170608230000,WELL-00026,mixed,18,19,2017-06-09T18:00:00+00:00,0,stream
3w_own_history,WELL-00026_20170608230000,WELL-00026,mixed,19,20,2017-06-09T19:00:00+00:00,0,stream
3w_own_history,WELL-00026_20170608230000,WELL-00026,mixed,20,21,2017-06-09T20:00:00+00:00,0,stream
3w_own_history,WELL-00026_20170608230000,WELL-00026,mixed,21,22,2017-06-09T21:00:00+00:00,0,stream
3w_own_history,WELL-00026_20170608230000,WELL-00026,mixed,22,23,2017-06-09T22:00:00+00:00,0,stream
3w_own_history,WELL-00026_20170608230000,WELL-00026,mixed,23,24,2017-06-09T23:00:00+00:00,0,stream
3w_own_history,WELL-00026_20170608230000,WELL-00026,mixed,24,25,2017-06-10T00:00:00+00:00,0,stream
3w_own_history,WELL-00026_20170608230000,WELL-00026,mixed,25,26,2017-06-10T01:00:00+00:00,0,stream
3w_own_history,WELL-00026_20170608230000,WELL-00026,mixed,26,27,2017-06-10T02:00:00+00:00,0,stream
3w_own_history,WELL-00026_20170608230000,WELL-00026,mixed,27,28,2017-06-10T03:00:00+00:00,0,stream
3w_own_history,WELL-00026_20170608230000,WELL-00026,mixed,28,29,2017-06-10T04:00:00+00:00,0,stream
3w_own_history,WELL-00026_20170608230000,WELL-00026,mixed,29,30,2017-06-10T05:00:00+00:00,0,stream
3w_own_history,WELL-00026_20170608230000,WELL-00026,mixed,30,31,2017-06-10T06:00:00+00:00,0,stream
3w_own_history,WELL-00026_20170608230000,WELL-00026,mixed,31,32,2017-06-10T07:00:00+00:00,0,stream
3w_own_history,WELL-00026_20170608230000,WELL-00026,mixed,32,33,2017-06-10T08:00:00+00:00,0,stream
3w_own_history,WELL-00026_20170608230000,WELL-00026,mixed,33,34,2017-06-10T09:00:00+00:00,0,stream
3w_own_history,WELL-00026_20170608230000,WELL-00026,mixed,34,35,2017-06-10T10:00:00+00:00,0,stream
3w_own_history,WELL-00026_20170608230000,WELL-00026,mixed,35,36,2017-06-10T11:00:00+00:00,0,stream
3w_own_history,WELL-00026_20170608230000,WELL-00026,mixed,36,37,2017-06-10T12:00:00+00:00,0,stream
3w_own_history,WELL-00026_20170608230000,WELL-00026,mixed,37,38,2017-06-10T13:00:00+00:00,0,stream
3w_own_history,WELL-00026_20170608230000,WELL-00026,mixed,38,39,2017-06-10T14:00:00+00:00,0,stream
3w_own_history,WELL-00026_20170608230000,WELL-00026,mixed,39,40,2017-06-10T15:00:00+00:00,0,stream
3w_own_history,WELL-00026_20170608230000,WELL-00026,mixed,40,41,2017-06-10T16:00:00+00:00,0,stream
3w_own_history,WELL-00026_20170608230000,WELL-00026,mixed,41,42,2017-06-10T17:00:00+00:00,0,stream
3w_own_history,WELL-00026_20170608230000,WELL-00026,mixed,42,43,2017-06-10T18:00:00+00:00,0,stream
3w_own_history,WELL-00026_20170608230000,WELL-00026,mixed,43,44,2017-06-10T19:00:00+00:00,0,stream
3w_own_history,WELL-00026_20170608230000,WELL-00026,mixed,44,45,2017-06-10T20:00:00+00:00,0,stream
3w_own_history,WELL-00026_20170608230000,WELL-00026,mixed,45,46,2017-06-10T21:00:00+00:00,0,stream
3w_own_history,WELL-00026_20170608230000,WELL-00026,mixed,46,47,2017-06-10T22:00:00+00:00,0,stream
3w_own_history,WELL-00026_20170608230000,WELL-00026,mixed,47,48,2017-06-10T23:00:00+00:00,0,stream
3w_own_history,WELL-00026_20170608230000,WELL-00026,mixed,48,49,2017-06-11T00:00:00+00:00,0,stream
3w_own_history,WELL-00026_20170608230000,WELL-00026,mixed,49,50,2017-06-11T01:00:00+00:00,0,stream
3w_own_history,WELL-00026_20170608230000,WELL-00026,mixed,50,51,2017-06-11T02:00:00+00:00,0,stream
3w_own_history,WELL-00026_20170608230000,WELL-00026,mixed,51,52,2017-06-11T03:00:00+00:00,0,stream
3w_own_history,WELL-00026_20170608230000,WELL-00026,mixed,52,53,2017-06-11T04:00:00+00:00,0,stream
3w_own_history,WELL-00026_20170608230000,WELL-00026,mixed,53,54,2017-06-11T05:00:00+00:00,0,stream
3w_own_history,WELL-00026_20170608230000,WELL-00026,mixed,54,55,2017-06-11T06:00:00+00:00,0,stream
3w_own_history,WELL-00026_20170608230000,WELL-00026,mixed,55,56,2017-06-11T07:00:00+00:00,0,stream
3w_own_history,WELL-00026_20170608230000,WELL-00026,mixed,56,57,2017-06-11T08:00:00+00:00,0,stream
3w_own_history,WELL-00026_20170608230000,WELL-00026,mixed,57,58,2017-06-11T09:00:00+00:00,0,stream
3w_own_history,WELL-00026_20170608230000,WELL-00026,mixed,58,59,2017-06-11T10:00:00+00:00,0,stream
3w_own_history,WELL-00026_20170608230000,WELL-00026,mixed,59,60,2017-06-11T11:00:00+00:00,0,stream
3w_own_history,WELL-00026_20170608230000,WELL-00026,mixed,60,61,2017-06-11T12:00:00+00:00,0,stream
3w_own_history,WELL-00026_20170608230000,WELL-00026,mixed,61,62,2017-06-11T13:00:00+00:00,0,stream
3w_own_history,WELL-00026_20170608230000,WELL-00026,mixed,62,63,2017-06-11T14:00:00+00:00,0,stream
3w_own_history,WELL-00026_20170608230000,WELL-00026,mixed,63,64,2017-06-11T15:00:00+00:00,0,stream
3w_own_history,WELL-00026_20170608230000,WELL-00026,mixed,64,65,2017-06-11T16:00:00+00:00,0,stream
3w_own_history,WELL-00026_20170608230000,WELL-00026,mixed,65,66,2017-06-11T17:00:00+00:00,1,stream
3w_own_history,WELL-00026_20170608230000,WELL-00026,mixed,66,67,2017-06-11T18:00:00+00:00,1,stream
3w_own_history,WELL-00026_20170608230000,WELL-00026,mixed,67,68,2017-06-11T19:00:00+00:00,1,stream
3w_own_history,WELL-00026_20170608230000,WELL-00026,mixed,68,69,2017-06-11T20:00:00+00:00,1,stream
3w_own_history,WELL-00026_20170608230000,WELL-00026,mixed,69,70,2017-06-11T21:00:00+00:00,1,stream
3w_own_history,WELL-00026_20170608230000,WELL-00026,mixed,70,71,2017-06-11T22:00:00+00:00,1,stream
3w_own_history,WELL-00026_20170608230000,WELL-00026,mixed,71,72,2017-06-11T23:00:00+00:00,1,stream
3w_own_history,WELL-00026_20170608230000,WELL-00026,mixed,72,73,2017-06-12T00:00:00+00:00,1,stream
3w_own_history,WELL-00026_20170608230000,WELL-00026,mixed,73,74,2017-06-12T01:00:00+00:00,1,stream
3w_own_history,WELL-00026_20170608230000,WELL-00026,mixed,74,75,2017-06-12T02:00:00+00:00,1,stream
3w_own_history,WELL-00026_20170608230000,WELL-00026,mixed,75,76,2017-06-12T03:00:00+00:00,1,stream
3w_own_history,WELL-00026_20170608230000,WELL-00026,mixed,76,77,2017-06-12T04:00:00+00:00,1,stream
3w_own_history,WELL-00026_20170608230000,WELL-00026,mixed,77,78,2017-06-12T05:00:00+00:00,1,stream
3w_own_history,WELL-00026_20170608230000,WELL-00026,mixed,78,79,2017-06-12T06:00:00+00:00,1,stream
3w_own_history,WELL-00026_20170608230000,WELL-00026,mixed,79,80,2017-06-12T07:00:00+00:00,1,stream
3w_own_history,WELL-00026_20170608230000,WELL-00026,mixed,80,81,2017-06-12T08:00:00+00:00,1,stream
3w_own_history,WELL-00026_20170608230000,WELL-00026,mixed,81,82,2017-06-12T09:00:00+00:00,1,stream
3w_own_history,WELL-00026_20170608230000,WELL-00026,mixed,82,83,2017-06-12T10:00:00+00:00,1,stream
3w_own_history,WELL-00026_20170608230000,WELL-00026,mixed,83,84,2017-06-12T11:00:00+00:00,1,stream
3w_own_history,WELL-00026_20170608230000,WELL-00026,mixed,84,85,2017-06-12T12:00:00+00:00,1,stream
3w_own_history,WELL-00026_20170608230000,WELL-00026,mixed,85,86,2017-06-12T13:00:00+00:00,1,stream
3w_own_history,WELL-00026_20170608230000,WELL-00026,mixed,86,87,2017-06-12T14:00:00+00:00,1,stream
3w_own_history,WELL-00026_20170608230000,WELL-00026,mixed,87,88,2017-06-12T15:00:00+00:00,1,stream
3w_own_history,WELL-00026_20170608230000,WELL-00026,mixed,88,89,2017-06-12T16:00:00+00:00,1,stream
3w_own_history,WELL-00026_20170608230000,WELL-00026,mixed,89,90,2017-06-12T17:00:00+00:00,1,stream
3w_own_history,WELL-00026_20170608230000,WELL-00026,mixed,90,91,2017-06-12T18:00:00+00:00,1,stream
3w_own_history,WELL-00026_20170608230000,WELL-00026,mixed,91,92,2017-06-12T19:00:00+00:00,1,stream
3w_own_history,WELL-00026_20170608230000,WELL-00026,mixed,92,93,2017-06-12T20:00:00+00:00,1,stream
3w_own_history,WELL-00026_20170608230000,WELL-00026,mixed,93,94,2017-06-12T21:00:00+00:00,1,stream
3w_own_history,WELL-00026_20170608230000,WELL-00026,mixed,94,95,2017-06-12T22:00:00+00:00,1,stream
3w_own_history,WELL-00026_20170608230000,WELL-00026,mixed,95,96,2017-06-12T23:00:00+00:00,1,stream
3w_own_history,WELL-00026_20170608230000,WELL-00026,mixed,96,97,2017-06-13T00:00:00+00:00,1,stream
3w_own_history,WELL-00026_20170608230000,WELL-00026,mixed,97,98,2017-06-13T01:00:00+00:00,1,stream
3w_own_history,WELL-00026_20170608230000,WELL-00026,mixed,98,99,2017-06-13T02:00:00+00:00,1,stream
3w_own_history,WELL-00026_20170608230000,WELL-00026,mixed,99,100,2017-06-13T03:00:00+00:00,1,stream
3w_own_history,WELL-00026_20170608230000,WELL-00026,mixed,100,101,2017-06-13T04:00:00+00:00,1,stream
3w_own_history,WELL-00026_20170608230000,WELL-00026,mixed,101,102,2017-06-13T05:00:00+00:00,1,stream
3w_own_history,WELL-00026_20170608230000,WELL-00026,mixed,102,103,2017-06-13T06:00:00+00:00,1,stream
3w_own_history,WELL-00026_20170608230000,WELL-00026,mixed,103,104,2017-06-13T07:00:00+00:00,1,stream
3w_own_history,WELL-00026_20170608230000,WELL-00026,mixed,104,105,2017-06-13T08:00:00+00:00,1,stream
3w_own_history,WELL-00026_20170608230000,WELL-00026,mixed,105,106,2017-06-13T09:00:00+00:00,1,stream
3w_own_history,WELL-00026_20170608230000,WELL-00026,mixed,106,107,2017-06-13T10:00:00+00:00,1,stream
3w_own_history,WELL-00026_20170608230000,WELL-00026,mixed,107,108,2017-06-13T11:00:00+00:00,1,stream
3w_own_history,WELL-00026_20170608230000,WELL-00026,mixed,108,109,2017-06-13T12:00:00+00:00,1,stream
3w_own_history,WELL-00026_20170608230000,WELL-00026,mixed,109,110,2017-06-13T13:00:00+00:00,1,stream
3w_own_history,WELL-00026_20170608230000,WELL-00026,mixed,110,111,2017-06-13T14:00:00+00:00,1,stream
3w_own_history,WELL-00026_20170608230000,WELL-00026,mixed,111,112,2017-06-13T15:00:00+00:00,1,stream
3w_own_history,WELL-00026_20170608230000,WELL-00026,mixed,112,113,2017-06-13T16:00:00+00:00,1,stream
3w_own_history,WELL-00026_20170608230000,WELL-00026,mixed,113,114,2017-06-13T17:00:00+00:00,1,stream
3w_own_history,WELL-00026_20170608230000,WELL-00026,mixed,114,115,2017-06-13T18:00:00+00:00,1,stream
3w_own_history,WELL-00026_20170608230000,WELL-00026,mixed,115,116,2017-06-13T19:00:00+00:00,1,stream
3w_own_history,WELL-00026_20170608230000,WELL-00026,mixed,116,117,2017-06-13T20:00:00+00:00,1,stream
3w_own_history,WELL-00026_20170608230000,WELL-00026,mixed,117,118,2017-06-13T21:00:00+00:00,1,stream
3w_own_history,WELL-00026_20170608230000,WELL-00026,mixed,118,119,2017-06-13T22:00:00+00:00,1,stream
3w_own_history,WELL-00026_20170608230000,WELL-00026,mixed,119,120,2017-06-13T23:00:00+00:00,1,stream
3w_own_history,WELL-00026_20170608230000,WELL-00026,mixed,120,121,2017-06-14T00:00:00+00:00,1,stream
3w_own_history,WELL-00026_20170608230000,WELL-00026,mixed,121,122,2017-06-14T01:00:00+00:00,1,stream
3w_own_history,WELL-00026_20170608230000,WELL-00026,mixed,122,123,2017-06-14T02:00:00+00:00,1,stream
3w_own_history,WELL-00026_20170608230000,WELL-00026,mixed,123,124,2017-06-14T03:00:00+00:00,1,stream
3w_own_history,WELL-00026_20170608230000,WELL-00026,mixed,124,125,2017-06-14T04:00:00+00:00,1,stream
3w_own_history,WELL-00026_20170608230000,WELL-00026,mixed,125,126,2017-06-14T05:00:00+00:00,1,stream
3w_own_history,WELL-00026_20170608230000,WELL-00026,mixed,126,127,2017-06-14T06:00:00+00:00,1,stream
3w_own_history,WELL-00026_20170608230000,WELL-00026,mixed,127,128,2017-06-14T07:00:00+00:00,1,stream
3w_own_history,WELL-00026_20170608230000,WELL-00026,mixed,128,129,2017-06-14T08:00:00+00:00,1,stream
3w_own_history,WELL-00026_20170608230000,WELL-00026,mixed,129,130,2017-06-14T09:00:00+00:00,1,stream
3w_own_history,WELL-00026_20170608230000,WELL-00026,mixed,130,131,2017-06-14T10:00:00+00:00,1,stream
3w_own_history,WELL-00026_20170608230000,WELL-00026,mixed,131,132,2017-06-14T11:00:00+00:00,1,stream
3w_own_history,WELL-00026_20170608230000,WELL-00026,mixed,132,133,2017-06-14T12:00:00+00:00,1,stream
3w_own_history,WELL-00026_20170608230000,WELL-00026,mixed,133,134,2017-06-14T13:00:00+00:00,1,stream
3w_own_history,WELL-00026_20170608230000,WELL-00026,mixed,134,135,2017-06-14T14:00:00+00:00,1,stream
3w_own_history,WELL-00026_20170608230000,WELL-00026,mixed,135,136,2017-06-14T15:00:00+00:00,1,stream
3w_own_history,WELL-00026_20170608230000,WELL-00026,mixed,136,137,2017-06-14T16:00:00+00:00,1,stream
3w_own_history,WELL-00026_20170608230000,WELL-00026,mixed,137,138,2017-06-14T17:00:00+00:00,1,stream
3w_own_history,WELL-00026_20170608230000,WELL-00026,mixed,138,139,2017-06-14T18:00:00+00:00,1,stream
3w_own_history,WELL-00026_20170608230000,WELL-00026,mixed,139,140,2017-06-14T19:00:00+00:00,1,stream
3w_own_history,WELL-00026_20170608230000,WELL-00026,mixed,140,141,2017-06-14T20:00:00+00:00,1,stream
3w_own_history,WELL-00026_20170608230000,WELL-00026,mixed,141,142,2017-06-14T21:00:00+00:00,1,stream
3w_own_history,WELL-00026_20170608230000,WELL-00026,mixed,142,143,2017-06-14T22:00:00+00:00,1,stream
3w_own_history,WELL-00026_20170608230000,WELL-00026,mixed,143,144,2017-06-14T23:00:00+00:00,1,stream
3w_own_history,WELL-00027_20230918170106,WELL-00027,mixed,0,1,2023-09-18T18:01:06+00:00,0,fit
3w_own_history,WELL-00027_20230918170106,WELL-00027,mixed,1,2,2023-09-18T19:01:06+00:00,0,fit
3w_own_history,WELL-00027_20230918170106,WELL-00027,mixed,2,3,2023-09-18T20:01:06+00:00,0,fit
3w_own_history,WELL-00027_20230918170106,WELL-00027,mixed,3,4,2023-09-18T21:01:06+00:00,0,threshold
3w_own_history,WELL-00027_20230918170106,WELL-00027,mixed,4,5,2023-09-18T22:01:06+00:00,0,threshold
3w_own_history,WELL-00027_20230918170106,WELL-00027,mixed,5,6,2023-09-18T23:01:06+00:00,0,threshold
3w_own_history,WELL-00027_20230918170106,WELL-00027,mixed,6,7,2023-09-19T00:01:06+00:00,0,stream
3w_own_history,WELL-00027_20230918170106,WELL-00027,mixed,7,8,2023-09-19T01:01:06+00:00,0,stream
3w_own_history,WELL-00027_20230918170106,WELL-00027,mixed,8,9,2023-09-19T02:01:06+00:00,0,stream
3w_own_history,WELL-00027_20230918170106,WELL-00027,mixed,9,10,2023-09-19T03:01:06+00:00,0,stream
3w_own_history,WELL-00027_20230918170106,WELL-00027,mixed,10,11,2023-09-19T04:01:06+00:00,0,stream
3w_own_history,WELL-00027_20230918170106,WELL-00027,mixed,11,12,2023-09-19T05:01:06+00:00,0,stream
3w_own_history,WELL-00027_20230918170106,WELL-00027,mixed,12,13,2023-09-19T06:01:06+00:00,0,stream
3w_own_history,WELL-00027_20230918170106,WELL-00027,mixed,13,14,2023-09-19T07:01:06+00:00,1,stream
3w_own_history,WELL-00027_20230918170106,WELL-00027,mixed,14,15,2023-09-19T08:01:06+00:00,1,stream
3w_own_history,WELL-00027_20230918170106,WELL-00027,mixed,15,16,2023-09-19T09:01:06+00:00,1,stream
3w_own_history,WELL-00027_20230918170106,WELL-00027,mixed,16,17,2023-09-19T10:01:06+00:00,1,stream
3w_own_history,WELL-00027_20230918170106,WELL-00027,mixed,17,18,2023-09-19T11:01:06+00:00,1,stream
3w_own_history,WELL-00027_20230918170106,WELL-00027,mixed,18,19,2023-09-19T12:01:06+00:00,1,stream
3w_own_history,WELL-00027_20230918170106,WELL-00027,mixed,19,20,2023-09-19T13:01:06+00:00,1,stream
3w_own_history,WELL-00027_20230918170106,WELL-00027,mixed,20,21,2023-09-19T14:01:06+00:00,1,stream
3w_own_history,WELL-00027_20230918170106,WELL-00027,mixed,21,22,2023-09-19T15:01:06+00:00,1,stream
3w_own_history,WELL-00027_20230918170106,WELL-00027,mixed,22,23,2023-09-19T16:01:06+00:00,1,stream
3w_own_history,WELL-00027_20230918170106,WELL-00027,mixed,23,24,2023-09-19T17:01:06+00:00,1,stream
3w_own_history,WELL-00027_20230918170106,WELL-00027,mixed,24,25,2023-09-19T18:01:06+00:00,1,stream
3w_own_history,WELL-00027_20230918170106,WELL-00027,mixed,25,26,2023-09-19T19:01:06+00:00,1,stream
3w_own_history,WELL-00027_20230918170106,WELL-00027,mixed,26,27,2023-09-19T20:01:06+00:00,1,stream
3w_own_history,WELL-00027_20230918170106,WELL-00027,mixed,27,28,2023-09-19T21:01:06+00:00,1,stream
3w_own_history,WELL-00027_20230918170106,WELL-00027,mixed,28,29,2023-09-19T22:01:06+00:00,1,stream
3w_own_history,WELL-00027_20230918170106,WELL-00027,mixed,29,30,2023-09-19T23:01:06+00:00,1,stream
3w_own_history,WELL-00027_20230918170106,WELL-00027,mixed,30,31,2023-09-20T00:01:06+00:00,1,stream
3w_own_history,WELL-00027_20230918170106,WELL-00027,mixed,31,32,2023-09-20T01:01:06+00:00,1,stream
3w_own_history,WELL-00027_20230918170106,WELL-00027,mixed,32,33,2023-09-20T02:01:06+00:00,1,stream
3w_own_history,WELL-00027_20230918170106,WELL-00027,mixed,33,34,2023-09-20T03:01:06+00:00,1,stream
3w_own_history,WELL-00027_20230918170106,WELL-00027,mixed,34,35,2023-09-20T04:01:06+00:00,1,stream
3w_own_history,WELL-00027_20230918170106,WELL-00027,mixed,35,36,2023-09-20T05:01:06+00:00,1,stream
3w_own_history,WELL-00027_20230918170106,WELL-00027,mixed,36,37,2023-09-20T06:01:06+00:00,1,stream
3w_own_history,WELL-00027_20230918170106,WELL-00027,mixed,37,38,2023-09-20T07:01:06+00:00,1,stream
3w_own_history,WELL-00027_20230918170106,WELL-00027,mixed,38,39,2023-09-20T08:01:06+00:00,1,stream
3w_own_history,WELL-00027_20230918170106,WELL-00027,mixed,39,40,2023-09-20T09:01:06+00:00,1,stream
3w_own_history,WELL-00027_20230918170106,WELL-00027,mixed,40,41,2023-09-20T10:01:06+00:00,1,stream
3w_own_history,WELL-00027_20230918170106,WELL-00027,mixed,41,42,2023-09-20T11:01:06+00:00,1,stream
3w_own_history,WELL-00027_20230918170106,WELL-00027,mixed,42,43,2023-09-20T12:01:06+00:00,1,stream
3w_own_history,WELL-00027_20230918170106,WELL-00027,mixed,43,44,2023-09-20T13:01:06+00:00,1,stream
3w_own_history,WELL-00027_20230918170106,WELL-00027,mixed,44,45,2023-09-20T14:01:06+00:00,1,stream
3w_own_history,WELL-00027_20230918170106,WELL-00027,mixed,45,46,2023-09-20T15:01:06+00:00,1,stream
3w_own_history,WELL-00027_20230918170106,WELL-00027,mixed,46,47,2023-09-20T16:01:06+00:00,1,stream
3w_own_history,WELL-00027_20230918170106,WELL-00027,mixed,47,48,2023-09-20T17:01:06+00:00,1,stream
3w_own_history,WELL-00027_20230918170106,WELL-00027,mixed,48,49,2023-09-20T18:01:06+00:00,1,stream
3w_own_history,WELL-00027_20230918170106,WELL-00027,mixed,49,50,2023-09-20T19:01:06+00:00,1,stream
3w_own_history,WELL-00027_20230918170106,WELL-00027,mixed,50,51,2023-09-20T20:01:06+00:00,1,stream
3w_own_history,WELL-00027_20230918170106,WELL-00027,mixed,51,52,2023-09-20T21:01:06+00:00,1,stream
3w_own_history,WELL-00027_20230918170106,WELL-00027,mixed,52,53,2023-09-20T22:01:06+00:00,1,stream
3w_own_history,WELL-00027_20230918170106,WELL-00027,mixed,53,54,2023-09-20T23:01:06+00:00,1,stream
3w_own_history,WELL-00027_20230918170106,WELL-00027,mixed,54,55,2023-09-21T00:01:06+00:00,1,stream
3w_own_history,WELL-00027_20230918170106,WELL-00027,mixed,55,56,2023-09-21T01:01:06+00:00,1,stream
3w_own_history,WELL-00027_20230918170106,WELL-00027,mixed,56,57,2023-09-21T02:01:06+00:00,1,stream
3w_own_history,WELL-00027_20230918170106,WELL-00027,mixed,57,58,2023-09-21T03:01:06+00:00,1,stream
3w_own_history,WELL-00027_20230918170106,WELL-00027,mixed,58,59,2023-09-21T04:01:06+00:00,1,stream
3w_own_history,WELL-00027_20230918170106,WELL-00027,mixed,59,60,2023-09-21T05:01:06+00:00,1,stream
3w_own_history,WELL-00027_20230918170106,WELL-00027,mixed,60,61,2023-09-21T06:01:06+00:00,1,stream
3w_own_history,WELL-00027_20230918170106,WELL-00027,mixed,61,62,2023-09-21T07:01:06+00:00,1,stream
3w_own_history,WELL-00027_20230918170106,WELL-00027,mixed,62,63,2023-09-21T08:01:06+00:00,1,stream
3w_own_history,WELL-00027_20230918170106,WELL-00027,mixed,63,64,2023-09-21T09:01:06+00:00,1,stream
3w_own_history,WELL-00027_20230918170106,WELL-00027,mixed,64,65,2023-09-21T10:01:06+00:00,1,stream
3w_own_history,WELL-00027_20230918170106,WELL-00027,mixed,65,66,2023-09-21T11:01:06+00:00,1,stream
3w_own_history,WELL-00027_20230918170106,WELL-00027,mixed,66,67,2023-09-21T12:01:06+00:00,1,stream
3w_own_history,WELL-00027_20230918170106,WELL-00027,mixed,67,68,2023-09-21T13:01:06+00:00,1,stream
3w_own_history,WELL-00027_20230918170106,WELL-00027,mixed,68,69,2023-09-21T14:01:06+00:00,1,stream
3w_own_history,WELL-00027_20230918170106,WELL-00027,mixed,69,70,2023-09-21T15:01:06+00:00,1,stream
3w_own_history,WELL-00027_20230918170106,WELL-00027,mixed,70,71,2023-09-21T16:01:06+00:00,1,stream
3w_own_history,WELL-00027_20230918170106,WELL-00027,mixed,71,72,2023-09-21T17:01:06+00:00,1,stream
3w_own_history,WELL-00027_20230918170106,WELL-00027,mixed,72,73,2023-09-21T18:01:06+00:00,1,stream
3w_own_history,WELL-00027_20230918170106,WELL-00027,mixed,73,74,2023-09-21T19:01:06+00:00,1,stream
3w_own_history,WELL-00027_20230918170106,WELL-00027,mixed,74,75,2023-09-21T20:01:06+00:00,1,stream
3w_own_history,WELL-00027_20230918170106,WELL-00027,mixed,75,76,2023-09-21T21:01:06+00:00,1,stream
3w_own_history,WELL-00027_20230918170106,WELL-00027,mixed,76,77,2023-09-21T22:01:06+00:00,1,stream
3w_own_history,WELL-00027_20230918170106,WELL-00027,mixed,77,78,2023-09-21T23:01:06+00:00,1,stream
3w_own_history,WELL-00027_20230918170106,WELL-00027,mixed,78,79,2023-09-22T00:01:06+00:00,1,stream
3w_own_history,WELL-00027_20230918170106,WELL-00027,mixed,79,80,2023-09-22T01:01:06+00:00,1,stream
3w_own_history,WELL-00027_20230918170106,WELL-00027,mixed,80,81,2023-09-22T02:01:06+00:00,1,stream
3w_own_history,WELL-00027_20230918170106,WELL-00027,mixed,81,82,2023-09-22T03:01:06+00:00,1,stream
3w_own_history,WELL-00027_20230918170106,WELL-00027,mixed,82,83,2023-09-22T04:01:06+00:00,1,stream
3w_own_history,WELL-00027_20230918170106,WELL-00027,mixed,83,84,2023-09-22T05:01:06+00:00,1,stream
3w_own_history,WELL-00027_20230918170106,WELL-00027,mixed,84,85,2023-09-22T06:01:06+00:00,1,stream
3w_own_history,WELL-00027_20230918170106,WELL-00027,mixed,85,86,2023-09-22T07:01:06+00:00,1,stream
3w_own_history,WELL-00027_20230918170106,WELL-00027,mixed,86,87,2023-09-22T08:01:06+00:00,1,stream
3w_own_history,WELL-00027_20230918170106,WELL-00027,mixed,87,88,2023-09-22T09:01:06+00:00,1,stream
3w_own_history,WELL-00027_20230918170106,WELL-00027,mixed,88,89,2023-09-22T10:01:06+00:00,1,stream
3w_own_history,WELL-00027_20230918170106,WELL-00027,mixed,89,90,2023-09-22T11:01:06+00:00,1,stream
3w_own_history,WELL-00027_20230918170106,WELL-00027,mixed,90,91,2023-09-22T12:01:06+00:00,1,stream
3w_own_history,WELL-00027_20230918170106,WELL-00027,mixed,91,92,2023-09-22T13:01:06+00:00,1,stream
3w_own_history,WELL-00027_20230918170106,WELL-00027,mixed,92,93,2023-09-22T14:01:06+00:00,1,stream
3w_own_history,WELL-00027_20230918170106,WELL-00027,mixed,93,94,2023-09-22T15:01:06+00:00,1,stream
3w_own_history,WELL-00027_20230918170106,WELL-00027,mixed,94,95,2023-09-22T16:01:06+00:00,1,stream
3w_own_history,WELL-00027_20230918170106,WELL-00027,mixed,95,96,2023-09-22T17:01:06+00:00,1,stream
3w_own_history,WELL-00027_20230918170106,WELL-00027,mixed,96,97,2023-09-22T18:01:06+00:00,1,stream
3w_own_history,WELL-00027_20230918170106,WELL-00027,mixed,97,98,2023-09-22T19:01:06+00:00,1,stream
3w_own_history,WELL-00027_20230918170106,WELL-00027,mixed,98,99,2023-09-22T20:01:06+00:00,1,stream
3w_own_history,WELL-00027_20230918170106,WELL-00027,mixed,99,100,2023-09-22T21:01:06+00:00,1,stream
3w_own_history,WELL-00027_20230918170106,WELL-00027,mixed,100,101,2023-09-22T22:01:06+00:00,1,stream
3w_own_history,WELL-00027_20230918170106,WELL-00027,mixed,101,102,2023-09-22T23:01:06+00:00,1,stream
3w_own_history,WELL-00027_20230918170106,WELL-00027,mixed,102,103,2023-09-23T00:01:06+00:00,1,stream
3w_own_history,WELL-00027_20230918170106,WELL-00027,mixed,103,104,2023-09-23T01:01:06+00:00,1,stream
3w_own_history,WELL-00027_20230918170106,WELL-00027,mixed,104,105,2023-09-23T02:01:06+00:00,1,stream
3w_own_history,WELL-00027_20230918170106,WELL-00027,mixed,105,106,2023-09-23T03:01:06+00:00,1,stream
3w_own_history,WELL-00027_20230918170106,WELL-00027,mixed,106,107,2023-09-23T04:01:06+00:00,1,stream
3w_own_history,WELL-00027_20230918170106,WELL-00027,mixed,107,108,2023-09-23T05:01:06+00:00,1,stream
3w_own_history,WELL-00027_20230918170106,WELL-00027,mixed,108,109,2023-09-23T06:01:06+00:00,1,stream
3w_own_history,WELL-00027_20230918170106,WELL-00027,mixed,109,110,2023-09-23T07:01:06+00:00,1,stream
3w_own_history,WELL-00027_20230918170106,WELL-00027,mixed,110,111,2023-09-23T08:01:06+00:00,1,stream
3w_own_history,WELL-00027_20230918170106,WELL-00027,mixed,111,112,2023-09-23T09:01:06+00:00,1,stream
3w_own_history,WELL-00027_20230918170106,WELL-00027,mixed,112,113,2023-09-23T10:01:06+00:00,1,stream
3w_own_history,WELL-00027_20230918170106,WELL-00027,mixed,113,114,2023-09-23T11:01:06+00:00,1,stream
3w_own_history,WELL-00027_20230918170106,WELL-00027,mixed,114,115,2023-09-23T12:01:06+00:00,1,stream
3w_own_history,WELL-00027_20230918170106,WELL-00027,mixed,115,116,2023-09-23T13:01:06+00:00,1,stream
3w_own_history,WELL-00027_20230918170106,WELL-00027,mixed,116,117,2023-09-23T14:01:06+00:00,1,stream
3w_own_history,WELL-00027_20230918170106,WELL-00027,mixed,117,118,2023-09-23T15:01:06+00:00,1,stream
3w_own_history,WELL-00027_20230918170106,WELL-00027,mixed,118,119,2023-09-23T16:01:06+00:00,1,stream
3w_own_history,WELL-00027_20230918170106,WELL-00027,mixed,119,120,2023-09-23T17:01:06+00:00,1,stream
3w_own_history,WELL-00027_20230918170106,WELL-00027,mixed,120,121,2023-09-23T18:01:06+00:00,1,stream
3w_own_history,WELL-00027_20230918170106,WELL-00027,mixed,121,122,2023-09-23T19:01:06+00:00,1,stream
3w_own_history,WELL-00027_20230918170106,WELL-00027,mixed,122,123,2023-09-23T20:01:06+00:00,1,stream
3w_own_history,WELL-00027_20230918170106,WELL-00027,mixed,123,124,2023-09-23T21:01:06+00:00,1,stream
3w_own_history,WELL-00027_20230918170106,WELL-00027,mixed,124,125,2023-09-23T22:01:06+00:00,1,stream
3w_own_history,WELL-00027_20230918170106,WELL-00027,mixed,125,126,2023-09-23T23:01:06+00:00,1,stream
3w_own_history,WELL-00027_20230918170106,WELL-00027,mixed,126,127,2023-09-24T00:01:06+00:00,1,stream
3w_own_history,WELL-00027_20230918170106,WELL-00027,mixed,127,128,2023-09-24T01:01:06+00:00,1,stream
3w_own_history,WELL-00027_20230918170106,WELL-00027,mixed,128,129,2023-09-24T02:01:06+00:00,1,stream
3w_own_history,WELL-00027_20230918170106,WELL-00027,mixed,129,130,2023-09-24T03:01:06+00:00,1,stream
3w_own_history,WELL-00027_20230918170106,WELL-00027,mixed,130,131,2023-09-24T04:01:06+00:00,1,stream
3w_own_history,WELL-00027_20230918170106,WELL-00027,mixed,131,132,2023-09-24T05:01:06+00:00,1,stream
3w_own_history,WELL-00027_20230918170106,WELL-00027,mixed,132,133,2023-09-24T06:01:06+00:00,1,stream
3w_own_history,WELL-00027_20230918170106,WELL-00027,mixed,133,134,2023-09-24T07:01:06+00:00,1,stream
3w_own_history,WELL-00027_20230918170106,WELL-00027,mixed,134,135,2023-09-24T08:01:06+00:00,1,stream
3w_own_history,WELL-00027_20230918170106,WELL-00027,mixed,135,136,2023-09-24T09:01:06+00:00,1,stream
3w_own_history,WELL-00027_20230918170106,WELL-00027,mixed,136,137,2023-09-24T10:01:06+00:00,1,stream
3w_own_history,WELL-00027_20230918170106,WELL-00027,mixed,137,138,2023-09-24T11:01:06+00:00,1,stream
3w_own_history,WELL-00027_20230918170106,WELL-00027,mixed,138,139,2023-09-24T12:01:06+00:00,1,stream
3w_own_history,WELL-00027_20230918170106,WELL-00027,mixed,139,140,2023-09-24T13:01:06+00:00,1,stream
3w_own_history,WELL-00027_20230918170106,WELL-00027,mixed,140,141,2023-09-24T14:01:06+00:00,1,stream
3w_own_history,WELL-00027_20230918170106,WELL-00027,mixed,141,142,2023-09-24T15:01:06+00:00,1,stream
3w_own_history,WELL-00027_20230918170106,WELL-00027,mixed,142,143,2023-09-24T16:01:06+00:00,1,stream
3w_own_history,WELL-00027_20230918170106,WELL-00027,mixed,143,144,2023-09-24T17:01:06+00:00,1,stream
3w_own_history,WELL-00027_20230918170106,WELL-00027,mixed,144,145,2023-09-24T18:01:06+00:00,1,stream
3w_own_history,WELL-00027_20230918170106,WELL-00027,mixed,145,146,2023-09-24T19:01:06+00:00,1,stream
3w_own_history,WELL-00027_20230918170106,WELL-00027,mixed,146,147,2023-09-24T20:01:06+00:00,1,stream
3w_own_history,WELL-00027_20230918170106,WELL-00027,mixed,147,148,2023-09-24T21:01:06+00:00,1,stream
3w_own_history,WELL-00027_20230918170106,WELL-00027,mixed,148,149,2023-09-24T22:01:06+00:00,1,stream
3w_own_history,WELL-00027_20230918170106,WELL-00027,mixed,149,150,2023-09-24T23:01:06+00:00,1,stream
3w_own_history,WELL-00027_20230918170106,WELL-00027,mixed,150,151,2023-09-25T00:01:06+00:00,1,stream
3w_own_history,WELL-00027_20230918170106,WELL-00027,mixed,151,152,2023-09-25T01:01:06+00:00,1,stream
3w_own_history,WELL-00027_20230918170106,WELL-00027,mixed,152,153,2023-09-25T02:01:06+00:00,1,stream
3w_own_history,WELL-00027_20230918170106,WELL-00027,mixed,153,154,2023-09-25T03:01:06+00:00,1,stream
3w_own_history,WELL-00027_20230918170106,WELL-00027,mixed,154,155,2023-09-25T04:01:06+00:00,1,stream
3w_own_history,WELL-00027_20230918170106,WELL-00027,mixed,155,156,2023-09-25T05:01:06+00:00,1,stream
3w_own_history,WELL-00027_20230918170106,WELL-00027,mixed,156,157,2023-09-25T06:01:06+00:00,1,stream
3w_own_history,WELL-00027_20230918170106,WELL-00027,mixed,157,158,2023-09-25T07:01:06+00:00,1,stream
3w_own_history,WELL-00027_20230918170106,WELL-00027,mixed,158,159,2023-09-25T08:01:06+00:00,1,stream
3w_own_history,WELL-00027_20230918170106,WELL-00027,mixed,159,160,2023-09-25T09:01:06+00:00,1,stream
3w_own_history,WELL-00027_20230918170106,WELL-00027,mixed,160,161,2023-09-25T10:01:06+00:00,1,stream
3w_own_history,WELL-00027_20230918170106,WELL-00027,mixed,161,162,2023-09-25T11:01:06+00:00,1,stream
3w_own_history,WELL-00027_20230918170106,WELL-00027,mixed,162,163,2023-09-25T12:01:06+00:00,1,stream
3w_own_history,WELL-00027_20230918170106,WELL-00027,mixed,163,164,2023-09-25T13:01:06+00:00,1,stream
3w_own_history,WELL-00027_20230918170106,WELL-00027,mixed,164,165,2023-09-25T14:01:06+00:00,1,stream
3w_own_history,WELL-00027_20230918170106,WELL-00027,mixed,165,166,2023-09-25T15:01:06+00:00,1,stream
3w_own_history,WELL-00027_20230918170106,WELL-00027,mixed,166,167,2023-09-25T16:01:06+00:00,1,stream
3w_own_history,WELL-00027_20230918170106,WELL-00027,mixed,167,168,2023-09-25T17:01:06+00:00,1,stream
3w_own_history,WELL-00027_20230918170106,WELL-00027,mixed,168,169,2023-09-25T18:01:06+00:00,1,stream
3w_own_history,WELL-00027_20230918170106,WELL-00027,mixed,169,170,2023-09-25T19:01:06+00:00,1,stream
3w_own_history,WELL-00027_20230918170106,WELL-00027,mixed,170,171,2023-09-25T20:01:06+00:00,1,stream
3w_own_history,WELL-00027_20230918170106,WELL-00027,mixed,171,172,2023-09-25T21:01:06+00:00,1,stream
3w_own_history,WELL-00027_20230918170106,WELL-00027,mixed,172,173,2023-09-25T22:01:06+00:00,1,stream
3w_own_history,WELL-00027_20230918170106,WELL-00027,mixed,173,174,2023-09-25T23:01:06+00:00,1,stream
3w_own_history,WELL-00027_20230918170106,WELL-00027,mixed,174,175,2023-09-26T00:01:06+00:00,1,stream
3w_own_history,WELL-00027_20230918170106,WELL-00027,mixed,175,176,2023-09-26T01:01:06+00:00,1,stream
3w_own_history,WELL-00027_20230918170106,WELL-00027,mixed,176,177,2023-09-26T02:01:06+00:00,1,stream
3w_own_history,WELL-00027_20230918170106,WELL-00027,mixed,177,178,2023-09-26T03:01:06+00:00,1,stream
3w_own_history,WELL-00027_20230918170106,WELL-00027,mixed,178,179,2023-09-26T04:01:06+00:00,1,stream
3w_own_history,WELL-00027_20230918170106,WELL-00027,mixed,179,180,2023-09-26T05:01:06+00:00,1,stream
3w_own_history,WELL-00027_20230918170106,WELL-00027,mixed,180,181,2023-09-26T06:01:06+00:00,1,stream
3w_own_history,WELL-00027_20230918170106,WELL-00027,mixed,181,182,2023-09-26T07:01:06+00:00,1,stream
3w_own_history,WELL-00027_20230918170106,WELL-00027,mixed,182,183,2023-09-26T08:01:06+00:00,1,stream
3w_own_history,WELL-00027_20230918170106,WELL-00027,mixed,183,184,2023-09-26T09:01:06+00:00,1,stream
3w_own_history,WELL-00027_20230918170106,WELL-00027,mixed,184,185,2023-09-26T10:01:06+00:00,1,stream
3w_own_history,WELL-00027_20230918170106,WELL-00027,mixed,185,186,2023-09-26T11:01:06+00:00,1,stream
3w_own_history,WELL-00027_20230918170106,WELL-00027,mixed,186,187,2023-09-26T12:01:06+00:00,1,stream
3w_own_history,WELL-00027_20230918170106,WELL-00027,mixed,187,188,2023-09-26T13:01:06+00:00,1,stream
3w_own_history,WELL-00028_20210617053128,WELL-00028,mixed,0,1,2021-06-17T06:31:28+00:00,0,fit
3w_own_history,WELL-00028_20210617053128,WELL-00028,mixed,1,2,2021-06-17T07:31:28+00:00,0,fit
3w_own_history,WELL-00028_20210617053128,WELL-00028,mixed,2,3,2021-06-17T08:31:28+00:00,0,fit
3w_own_history,WELL-00028_20210617053128,WELL-00028,mixed,3,4,2021-06-17T09:31:28+00:00,0,threshold
3w_own_history,WELL-00028_20210617053128,WELL-00028,mixed,4,5,2021-06-17T10:31:28+00:00,0,threshold
3w_own_history,WELL-00028_20210617053128,WELL-00028,mixed,5,6,2021-06-17T11:31:28+00:00,0,threshold
3w_own_history,WELL-00028_20210617053128,WELL-00028,mixed,6,7,2021-06-17T12:31:28+00:00,0,stream
3w_own_history,WELL-00028_20210617053128,WELL-00028,mixed,7,8,2021-06-17T13:31:28+00:00,0,stream
3w_own_history,WELL-00028_20210617053128,WELL-00028,mixed,8,9,2021-06-17T14:31:28+00:00,0,stream
3w_own_history,WELL-00028_20210617053128,WELL-00028,mixed,9,10,2021-06-17T15:31:28+00:00,0,stream
3w_own_history,WELL-00028_20210617053128,WELL-00028,mixed,10,11,2021-06-17T16:31:28+00:00,0,stream
3w_own_history,WELL-00028_20210617053128,WELL-00028,mixed,11,12,2021-06-17T17:31:28+00:00,0,stream
3w_own_history,WELL-00028_20210617053128,WELL-00028,mixed,12,13,2021-06-17T18:31:28+00:00,1,stream
3w_own_history,WELL-00028_20210617053128,WELL-00028,mixed,13,14,2021-06-17T19:31:28+00:00,1,stream
3w_own_history,WELL-00028_20210617053128,WELL-00028,mixed,14,15,2021-06-17T20:31:28+00:00,1,stream
3w_own_history,WELL-00028_20210617053128,WELL-00028,mixed,15,16,2021-06-17T21:31:28+00:00,1,stream
3w_own_history,WELL-00028_20210617053128,WELL-00028,mixed,16,17,2021-06-17T22:31:28+00:00,1,stream
3w_own_history,WELL-00028_20210617053128,WELL-00028,mixed,17,18,2021-06-17T23:31:28+00:00,1,stream
3w_own_history,WELL-00028_20210617053128,WELL-00028,mixed,18,19,2021-06-18T00:31:28+00:00,1,stream
3w_own_history,WELL-00028_20210617053128,WELL-00028,mixed,19,20,2021-06-18T01:31:28+00:00,1,stream
3w_own_history,WELL-00028_20210617053128,WELL-00028,mixed,20,21,2021-06-18T02:31:28+00:00,1,stream
3w_own_history,WELL-00028_20210617053128,WELL-00028,mixed,21,22,2021-06-18T03:31:28+00:00,1,stream
3w_own_history,WELL-00028_20210617053128,WELL-00028,mixed,22,23,2021-06-18T04:31:28+00:00,1,stream
3w_own_history,WELL-00028_20210617053128,WELL-00028,mixed,23,24,2021-06-18T05:31:28+00:00,1,stream
3w_own_history,WELL-00028_20210617053128,WELL-00028,mixed,24,25,2021-06-18T06:31:28+00:00,1,stream
3w_own_history,WELL-00028_20210617053128,WELL-00028,mixed,25,26,2021-06-18T07:31:28+00:00,1,stream
3w_own_history,WELL-00028_20210617053128,WELL-00028,mixed,26,27,2021-06-18T08:31:28+00:00,1,stream
3w_own_history,WELL-00028_20210617053128,WELL-00028,mixed,27,28,2021-06-18T09:31:28+00:00,1,stream
3w_own_history,WELL-00028_20210617053128,WELL-00028,mixed,28,29,2021-06-18T10:31:28+00:00,1,stream
3w_own_history,WELL-00028_20210617053128,WELL-00028,mixed,29,30,2021-06-18T11:31:28+00:00,1,stream
3w_own_history,WELL-00028_20210617053128,WELL-00028,mixed,30,31,2021-06-18T12:31:28+00:00,1,stream
3w_own_history,WELL-00028_20210617053128,WELL-00028,mixed,31,32,2021-06-18T13:31:28+00:00,1,stream
3w_own_history,WELL-00028_20210617053128,WELL-00028,mixed,32,33,2021-06-18T14:31:28+00:00,1,stream
3w_own_history,WELL-00028_20210617053128,WELL-00028,mixed,33,34,2021-06-18T15:31:28+00:00,1,stream
3w_own_history,WELL-00028_20210617053128,WELL-00028,mixed,34,35,2021-06-18T16:31:28+00:00,1,stream
3w_own_history,WELL-00028_20210617053128,WELL-00028,mixed,35,36,2021-06-18T17:31:28+00:00,1,stream
3w_own_history,WELL-00028_20210617053128,WELL-00028,mixed,36,37,2021-06-18T18:31:28+00:00,1,stream
3w_own_history,WELL-00028_20210617053128,WELL-00028,mixed,37,38,2021-06-18T19:31:28+00:00,1,stream
3w_own_history,WELL-00028_20210617053128,WELL-00028,mixed,38,39,2021-06-18T20:31:28+00:00,1,stream
3w_own_history,WELL-00028_20210617053128,WELL-00028,mixed,39,40,2021-06-18T21:31:28+00:00,1,stream
3w_own_history,WELL-00028_20210617053128,WELL-00028,mixed,40,41,2021-06-18T22:31:28+00:00,1,stream
3w_own_history,WELL-00028_20210617053128,WELL-00028,mixed,41,42,2021-06-18T23:31:28+00:00,1,stream
3w_own_history,WELL-00028_20210617053128,WELL-00028,mixed,42,43,2021-06-19T00:31:28+00:00,1,stream
3w_own_history,WELL-00028_20210617053128,WELL-00028,mixed,43,44,2021-06-19T01:31:28+00:00,1,stream
3w_own_history,WELL-00028_20210617053128,WELL-00028,mixed,44,45,2021-06-19T02:31:28+00:00,1,stream
3w_own_history,WELL-00028_20210617053128,WELL-00028,mixed,45,46,2021-06-19T03:31:28+00:00,1,stream
3w_own_history,WELL-00028_20210617053128,WELL-00028,mixed,46,47,2021-06-19T04:31:28+00:00,1,stream
3w_own_history,WELL-00028_20210617053128,WELL-00028,mixed,47,48,2021-06-19T05:31:28+00:00,1,stream
3w_own_history,WELL-00028_20210617053128,WELL-00028,mixed,48,49,2021-06-19T06:31:28+00:00,1,stream
3w_own_history,WELL-00028_20210617053128,WELL-00028,mixed,49,50,2021-06-19T07:31:28+00:00,1,stream
3w_own_history,WELL-00028_20210617053128,WELL-00028,mixed,50,51,2021-06-19T08:31:28+00:00,1,stream
3w_own_history,WELL-00028_20210617053128,WELL-00028,mixed,51,52,2021-06-19T09:31:28+00:00,1,stream
3w_own_history,WELL-00028_20210617053128,WELL-00028,mixed,52,53,2021-06-19T10:31:28+00:00,1,stream
3w_own_history,WELL-00028_20210617053128,WELL-00028,mixed,53,54,2021-06-19T11:31:28+00:00,1,stream
3w_own_history,WELL-00028_20210617053128,WELL-00028,mixed,54,55,2021-06-19T12:31:28+00:00,1,stream
3w_own_history,WELL-00028_20210617053128,WELL-00028,mixed,55,56,2021-06-19T13:31:28+00:00,1,stream
3w_own_history,WELL-00028_20210617053128,WELL-00028,mixed,56,57,2021-06-19T14:31:28+00:00,1,stream
3w_own_history,WELL-00028_20210617053128,WELL-00028,mixed,57,58,2021-06-19T15:31:28+00:00,1,stream
3w_own_history,WELL-00028_20210617053128,WELL-00028,mixed,58,59,2021-06-19T16:31:28+00:00,1,stream
3w_own_history,WELL-00028_20210617053128,WELL-00028,mixed,59,60,2021-06-19T17:31:28+00:00,1,stream
3w_own_history,WELL-00028_20210617053128,WELL-00028,mixed,60,61,2021-06-19T18:31:28+00:00,1,stream
3w_own_history,WELL-00028_20210617053128,WELL-00028,mixed,61,62,2021-06-19T19:31:28+00:00,1,stream
3w_own_history,WELL-00028_20210617053128,WELL-00028,mixed,62,63,2021-06-19T20:31:28+00:00,1,stream
3w_own_history,WELL-00028_20210617053128,WELL-00028,mixed,63,64,2021-06-19T21:31:28+00:00,1,stream
3w_own_history,WELL-00028_20210617053128,WELL-00028,mixed,64,65,2021-06-19T22:31:28+00:00,1,stream
3w_own_history,WELL-00028_20210617053128,WELL-00028,mixed,65,66,2021-06-19T23:31:28+00:00,1,stream
3w_own_history,WELL-00028_20210617053128,WELL-00028,mixed,66,67,2021-06-20T00:31:28+00:00,1,stream
3w_own_history,WELL-00028_20210617053128,WELL-00028,mixed,67,68,2021-06-20T01:31:28+00:00,1,stream
3w_own_history,WELL-00028_20210617053128,WELL-00028,mixed,68,69,2021-06-20T02:31:28+00:00,1,stream
3w_own_history,WELL-00028_20210617053128,WELL-00028,mixed,69,70,2021-06-20T03:31:28+00:00,1,stream
3w_own_history,WELL-00028_20210617053128,WELL-00028,mixed,70,71,2021-06-20T04:31:28+00:00,1,stream
3w_own_history,WELL-00028_20210617053128,WELL-00028,mixed,71,72,2021-06-20T05:31:28+00:00,1,stream
3w_own_history,WELL-00028_20210617053128,WELL-00028,mixed,72,73,2021-06-20T06:31:28+00:00,1,stream
3w_own_history,WELL-00028_20210617053128,WELL-00028,mixed,73,74,2021-06-20T07:31:28+00:00,1,stream
3w_own_history,WELL-00028_20210617053128,WELL-00028,mixed,74,75,2021-06-20T08:31:28+00:00,1,stream
3w_own_history,WELL-00028_20210617053128,WELL-00028,mixed,75,76,2021-06-20T09:31:28+00:00,1,stream
3w_own_history,WELL-00028_20210617053128,WELL-00028,mixed,76,77,2021-06-20T10:31:28+00:00,1,stream
3w_own_history,WELL-00028_20210617053128,WELL-00028,mixed,77,78,2021-06-20T11:31:28+00:00,1,stream
3w_own_history,WELL-00028_20210617053128,WELL-00028,mixed,78,79,2021-06-20T12:31:28+00:00,1,stream
3w_own_history,WELL-00028_20210617053128,WELL-00028,mixed,79,80,2021-06-20T13:31:28+00:00,1,stream
3w_own_history,WELL-00028_20210617053128,WELL-00028,mixed,80,81,2021-06-20T14:31:28+00:00,1,stream
3w_own_history,WELL-00028_20210617053128,WELL-00028,mixed,81,82,2021-06-20T15:31:28+00:00,1,stream
3w_own_history,WELL-00028_20210617053128,WELL-00028,mixed,82,83,2021-06-20T16:31:28+00:00,1,stream
3w_own_history,WELL-00028_20210617053128,WELL-00028,mixed,83,84,2021-06-20T17:31:28+00:00,1,stream
3w_own_history,WELL-00028_20210617053128,WELL-00028,mixed,84,85,2021-06-20T18:31:28+00:00,1,stream
3w_own_history,WELL-00028_20210617053128,WELL-00028,mixed,85,86,2021-06-20T19:31:28+00:00,1,stream
3w_own_history,WELL-00028_20210617053128,WELL-00028,mixed,86,87,2021-06-20T20:31:28+00:00,1,stream
3w_own_history,WELL-00028_20210617053128,WELL-00028,mixed,87,88,2021-06-20T21:31:28+00:00,1,stream
3w_own_history,WELL-00028_20210617053128,WELL-00028,mixed,88,89,2021-06-20T22:31:28+00:00,1,stream
3w_own_history,WELL-00029_20201020231724,WELL-00029,mixed,0,1,2020-10-21T00:17:24+00:00,0,fit
3w_own_history,WELL-00029_20201020231724,WELL-00029,mixed,1,2,2020-10-21T01:17:24+00:00,0,fit
3w_own_history,WELL-00029_20201020231724,WELL-00029,mixed,2,3,2020-10-21T02:17:24+00:00,0,fit
3w_own_history,WELL-00029_20201020231724,WELL-00029,mixed,3,4,2020-10-21T03:17:24+00:00,0,threshold
3w_own_history,WELL-00029_20201020231724,WELL-00029,mixed,4,5,2020-10-21T04:17:24+00:00,0,threshold
3w_own_history,WELL-00029_20201020231724,WELL-00029,mixed,5,6,2020-10-21T05:17:24+00:00,0,threshold
3w_own_history,WELL-00029_20201020231724,WELL-00029,mixed,6,7,2020-10-21T06:17:24+00:00,0,stream
3w_own_history,WELL-00029_20201020231724,WELL-00029,mixed,7,8,2020-10-21T07:17:24+00:00,0,stream
3w_own_history,WELL-00029_20201020231724,WELL-00029,mixed,8,9,2020-10-21T08:17:24+00:00,0,stream
3w_own_history,WELL-00029_20201020231724,WELL-00029,mixed,9,10,2020-10-21T09:17:24+00:00,0,stream
3w_own_history,WELL-00029_20201020231724,WELL-00029,mixed,10,11,2020-10-21T10:17:24+00:00,0,stream
3w_own_history,WELL-00029_20201020231724,WELL-00029,mixed,11,12,2020-10-21T11:17:24+00:00,0,stream
3w_own_history,WELL-00029_20201020231724,WELL-00029,mixed,12,13,2020-10-21T12:17:24+00:00,0,stream
3w_own_history,WELL-00029_20201020231724,WELL-00029,mixed,13,14,2020-10-21T13:17:24+00:00,0,stream
3w_own_history,WELL-00029_20201020231724,WELL-00029,mixed,14,15,2020-10-21T14:17:24+00:00,0,stream
3w_own_history,WELL-00029_20201020231724,WELL-00029,mixed,15,16,2020-10-21T15:17:24+00:00,1,stream
3w_own_history,WELL-00029_20201020231724,WELL-00029,mixed,16,17,2020-10-21T16:17:24+00:00,1,stream
3w_own_history,WELL-00029_20201020231724,WELL-00029,mixed,17,18,2020-10-21T17:17:24+00:00,1,stream
3w_own_history,WELL-00029_20201020231724,WELL-00029,mixed,18,19,2020-10-21T18:17:24+00:00,1,stream
3w_own_history,WELL-00029_20201020231724,WELL-00029,mixed,19,20,2020-10-21T19:17:24+00:00,1,stream
3w_own_history,WELL-00029_20201020231724,WELL-00029,mixed,20,21,2020-10-21T20:17:24+00:00,1,stream
3w_own_history,WELL-00029_20201020231724,WELL-00029,mixed,21,22,2020-10-21T21:17:24+00:00,1,stream
3w_own_history,WELL-00029_20201020231724,WELL-00029,mixed,22,23,2020-10-21T22:17:24+00:00,1,stream
3w_own_history,WELL-00029_20201020231724,WELL-00029,mixed,23,24,2020-10-21T23:17:24+00:00,1,stream
3w_own_history,WELL-00029_20201020231724,WELL-00029,mixed,24,25,2020-10-22T00:17:24+00:00,1,stream
3w_own_history,WELL-00029_20201020231724,WELL-00029,mixed,25,26,2020-10-22T01:17:24+00:00,1,stream
3w_own_history,WELL-00029_20201020231724,WELL-00029,mixed,26,27,2020-10-22T02:17:24+00:00,1,stream
3w_own_history,WELL-00029_20201020231724,WELL-00029,mixed,27,28,2020-10-22T03:17:24+00:00,1,stream
3w_own_history,WELL-00029_20201020231724,WELL-00029,mixed,28,29,2020-10-22T04:17:24+00:00,1,stream
3w_own_history,WELL-00029_20201020231724,WELL-00029,mixed,29,30,2020-10-22T05:17:24+00:00,1,stream
3w_own_history,WELL-00029_20201020231724,WELL-00029,mixed,30,31,2020-10-22T06:17:24+00:00,1,stream
3w_own_history,WELL-00029_20201020231724,WELL-00029,mixed,31,32,2020-10-22T07:17:24+00:00,1,stream
3w_own_history,WELL-00029_20201020231724,WELL-00029,mixed,32,33,2020-10-22T08:17:24+00:00,1,stream
3w_own_history,WELL-00029_20201020231724,WELL-00029,mixed,33,34,2020-10-22T09:17:24+00:00,1,stream
3w_own_history,WELL-00029_20201020231724,WELL-00029,mixed,34,35,2020-10-22T10:17:24+00:00,1,stream
3w_own_history,WELL-00029_20201020231724,WELL-00029,mixed,35,36,2020-10-22T11:17:24+00:00,1,stream
3w_own_history,WELL-00029_20201020231724,WELL-00029,mixed,36,37,2020-10-22T12:17:24+00:00,1,stream
3w_own_history,WELL-00029_20201020231724,WELL-00029,mixed,37,38,2020-10-22T13:17:24+00:00,1,stream
3w_own_history,WELL-00029_20201020231724,WELL-00029,mixed,38,39,2020-10-22T14:17:24+00:00,1,stream
3w_own_history,WELL-00030_20141108012623,WELL-00030,mixed,0,1,2014-11-08T02:26:23+00:00,0,fit
3w_own_history,WELL-00030_20141108012623,WELL-00030,mixed,1,2,2014-11-08T03:26:23+00:00,0,fit
3w_own_history,WELL-00030_20141108012623,WELL-00030,mixed,2,3,2014-11-08T04:26:23+00:00,0,fit
3w_own_history,WELL-00030_20141108012623,WELL-00030,mixed,3,4,2014-11-08T05:26:23+00:00,0,threshold
3w_own_history,WELL-00030_20141108012623,WELL-00030,mixed,4,5,2014-11-08T06:26:23+00:00,0,threshold
3w_own_history,WELL-00030_20141108012623,WELL-00030,mixed,5,6,2014-11-08T07:26:23+00:00,0,threshold
3w_own_history,WELL-00030_20141108012623,WELL-00030,mixed,6,7,2014-11-08T08:26:23+00:00,0,stream
3w_own_history,WELL-00030_20141108012623,WELL-00030,mixed,7,8,2014-11-08T09:26:23+00:00,0,stream
3w_own_history,WELL-00030_20141108012623,WELL-00030,mixed,8,9,2014-11-08T10:26:23+00:00,1,stream
3w_own_history,WELL-00030_20141108012623,WELL-00030,mixed,9,10,2014-11-08T11:26:23+00:00,1,stream
3w_own_history,WELL-00030_20141108012623,WELL-00030,mixed,10,11,2014-11-08T12:26:23+00:00,1,stream
3w_own_history,WELL-00030_20141108012623,WELL-00030,mixed,11,12,2014-11-08T13:26:23+00:00,1,stream
3w_own_history,WELL-00030_20141108012623,WELL-00030,mixed,12,13,2014-11-08T14:26:23+00:00,1,stream
3w_own_history,WELL-00030_20141108012623,WELL-00030,mixed,13,14,2014-11-08T15:26:23+00:00,1,stream
3w_own_history,WELL-00030_20141108012623,WELL-00030,mixed,14,15,2014-11-08T16:26:23+00:00,1,stream
3w_own_history,WELL-00030_20141108012623,WELL-00030,mixed,15,16,2014-11-08T17:26:23+00:00,1,stream
3w_own_history,WELL-00030_20141108012623,WELL-00030,mixed,16,17,2014-11-08T18:26:23+00:00,1,stream
3w_own_history,WELL-00030_20141108012623,WELL-00030,mixed,17,18,2014-11-08T19:26:23+00:00,1,stream
3w_own_history,WELL-00030_20141108012623,WELL-00030,mixed,18,19,2014-11-08T20:26:23+00:00,1,stream
3w_own_history,WELL-00030_20141108012623,WELL-00030,mixed,19,20,2014-11-08T21:26:23+00:00,1,stream
3w_own_history,WELL-00030_20141108012623,WELL-00030,mixed,20,21,2014-11-08T22:26:23+00:00,1,stream
3w_own_history,WELL-00030_20141108012623,WELL-00030,mixed,21,22,2014-11-08T23:26:23+00:00,1,stream
3w_own_history,WELL-00030_20141108012623,WELL-00030,mixed,22,23,2014-11-09T00:26:23+00:00,1,stream
3w_own_history,WELL-00030_20141108012623,WELL-00030,mixed,23,24,2014-11-09T01:26:23+00:00,1,stream
3w_own_history,WELL-00030_20141108012623,WELL-00030,mixed,24,25,2014-11-09T02:26:23+00:00,1,stream
3w_own_history,WELL-00030_20141108012623,WELL-00030,mixed,25,26,2014-11-09T03:26:23+00:00,1,stream
3w_own_history,WELL-00030_20141108012623,WELL-00030,mixed,26,27,2014-11-09T04:26:23+00:00,1,stream
3w_own_history,WELL-00030_20141108012623,WELL-00030,mixed,27,28,2014-11-09T05:26:23+00:00,1,stream
3w_own_history,WELL-00030_20141108012623,WELL-00030,mixed,28,29,2014-11-09T06:26:23+00:00,1,stream
3w_own_history,WELL-00030_20141108012623,WELL-00030,mixed,29,30,2014-11-09T07:26:23+00:00,1,stream
3w_own_history,WELL-00030_20141108012623,WELL-00030,mixed,30,31,2014-11-09T08:26:23+00:00,1,stream
3w_own_history,WELL-00030_20141108012623,WELL-00030,mixed,31,32,2014-11-09T09:26:23+00:00,1,stream
3w_own_history,WELL-00030_20141108012623,WELL-00030,mixed,32,33,2014-11-09T10:26:23+00:00,1,stream
3w_own_history,WELL-00030_20141108012623,WELL-00030,mixed,33,34,2014-11-09T11:26:23+00:00,1,stream
3w_own_history,WELL-00030_20141108012623,WELL-00030,mixed,34,35,2014-11-09T12:26:23+00:00,1,stream
3w_own_history,WELL-00030_20141108012623,WELL-00030,mixed,35,36,2014-11-09T13:26:23+00:00,1,stream
3w_own_history,WELL-00030_20141108012623,WELL-00030,mixed,36,37,2014-11-09T14:26:23+00:00,1,stream
3w_own_history,WELL-00030_20141108012623,WELL-00030,mixed,37,38,2014-11-09T15:26:23+00:00,1,stream
3w_own_history,WELL-00030_20141108012623,WELL-00030,mixed,38,39,2014-11-09T16:26:23+00:00,1,stream
3w_own_history,WELL-00030_20141108012623,WELL-00030,mixed,39,40,2014-11-09T17:26:23+00:00,1,stream
3w_own_history,WELL-00030_20141108012623,WELL-00030,mixed,40,41,2014-11-09T18:26:23+00:00,1,stream
3w_own_history,WELL-00030_20141108012623,WELL-00030,mixed,41,42,2014-11-09T19:26:23+00:00,1,stream
3w_own_history,WELL-00030_20141108012623,WELL-00030,mixed,42,43,2014-11-09T20:26:23+00:00,1,stream
3w_own_history,WELL-00031_20140403170404,WELL-00031,mixed,0,1,2014-04-03T18:04:04+00:00,0,fit
3w_own_history,WELL-00031_20140403170404,WELL-00031,mixed,1,2,2014-04-03T19:04:04+00:00,0,fit
3w_own_history,WELL-00031_20140403170404,WELL-00031,mixed,2,3,2014-04-03T20:04:04+00:00,0,fit
3w_own_history,WELL-00031_20140403170404,WELL-00031,mixed,3,4,2014-04-03T21:04:04+00:00,0,threshold
3w_own_history,WELL-00031_20140403170404,WELL-00031,mixed,4,5,2014-04-03T22:04:04+00:00,0,threshold
3w_own_history,WELL-00031_20140403170404,WELL-00031,mixed,5,6,2014-04-03T23:04:04+00:00,0,threshold
3w_own_history,WELL-00031_20140403170404,WELL-00031,mixed,6,7,2014-04-04T00:04:04+00:00,0,stream
3w_own_history,WELL-00031_20140403170404,WELL-00031,mixed,7,8,2014-04-04T01:04:04+00:00,1,stream
3w_own_history,WELL-00031_20140403170404,WELL-00031,mixed,8,9,2014-04-04T02:04:04+00:00,1,stream
3w_own_history,WELL-00031_20140403170404,WELL-00031,mixed,9,10,2014-04-04T03:04:04+00:00,1,stream
3w_own_history,WELL-00031_20140403170404,WELL-00031,mixed,10,11,2014-04-04T04:04:04+00:00,1,stream
3w_own_history,WELL-00031_20140403170404,WELL-00031,mixed,11,12,2014-04-04T05:04:04+00:00,1,stream
3w_own_history,WELL-00031_20140403170404,WELL-00031,mixed,12,13,2014-04-04T06:04:04+00:00,1,stream
3w_own_history,WELL-00031_20140403170404,WELL-00031,mixed,13,14,2014-04-04T07:04:04+00:00,1,stream
3w_own_history,WELL-00031_20140403170404,WELL-00031,mixed,14,15,2014-04-04T08:04:04+00:00,1,stream
3w_own_history,WELL-00031_20140403170404,WELL-00031,mixed,15,16,2014-04-04T09:04:04+00:00,1,stream
3w_own_history,WELL-00031_20140403170404,WELL-00031,mixed,16,17,2014-04-04T10:04:04+00:00,1,stream
3w_own_history,WELL-00031_20140403170404,WELL-00031,mixed,17,18,2014-04-04T11:04:04+00:00,1,stream
3w_own_history,WELL-00031_20140403170404,WELL-00031,mixed,18,19,2014-04-04T12:04:04+00:00,1,stream
3w_own_history,WELL-00031_20140403170404,WELL-00031,mixed,19,20,2014-04-04T13:04:04+00:00,1,stream
3w_own_history,WELL-00031_20140403170404,WELL-00031,mixed,20,21,2014-04-04T14:04:04+00:00,1,stream
3w_own_history,WELL-00031_20140403170404,WELL-00031,mixed,21,22,2014-04-04T15:04:04+00:00,1,stream
3w_own_history,WELL-00031_20140403170404,WELL-00031,mixed,22,23,2014-04-04T16:04:04+00:00,1,stream
3w_own_history,WELL-00031_20140403170404,WELL-00031,mixed,23,24,2014-04-04T17:04:04+00:00,1,stream
3w_own_history,WELL-00031_20140403170404,WELL-00031,mixed,24,25,2014-04-04T18:04:04+00:00,1,stream
3w_own_history,WELL-00031_20140403170404,WELL-00031,mixed,25,26,2014-04-04T19:04:04+00:00,1,stream
3w_own_history,WELL-00031_20140403170404,WELL-00031,mixed,26,27,2014-04-04T20:04:04+00:00,1,stream
3w_own_history,WELL-00031_20140403170404,WELL-00031,mixed,27,28,2014-04-04T21:04:04+00:00,1,stream
3w_own_history,WELL-00031_20140403170404,WELL-00031,mixed,28,29,2014-04-04T22:04:04+00:00,1,stream
3w_own_history,WELL-00031_20140403170404,WELL-00031,mixed,29,30,2014-04-04T23:04:04+00:00,1,stream
3w_own_history,WELL-00031_20140403170404,WELL-00031,mixed,30,31,2014-04-05T00:04:04+00:00,1,stream
3w_own_history,WELL-00031_20140403170404,WELL-00031,mixed,31,32,2014-04-05T01:04:04+00:00,1,stream
3w_own_history,WELL-00031_20140403170404,WELL-00031,mixed,32,33,2014-04-05T02:04:04+00:00,1,stream
3w_own_history,WELL-00031_20140403170404,WELL-00031,mixed,33,34,2014-04-05T03:04:04+00:00,1,stream
3w_own_history,WELL-00031_20140403170404,WELL-00031,mixed,34,35,2014-04-05T04:04:04+00:00,1,stream
3w_own_history,WELL-00031_20140403170404,WELL-00031,mixed,35,36,2014-04-05T05:04:04+00:00,1,stream
3w_own_history,WELL-00031_20140403170404,WELL-00031,mixed,36,37,2014-04-05T06:04:04+00:00,1,stream
3w_own_history,WELL-00031_20140403170404,WELL-00031,mixed,37,38,2014-04-05T07:04:04+00:00,1,stream
3w_own_history,WELL-00031_20140403170404,WELL-00031,mixed,38,39,2014-04-05T08:04:04+00:00,1,stream
3w_own_history,WELL-00031_20140403170404,WELL-00031,mixed,39,40,2014-04-05T09:04:04+00:00,1,stream
3w_own_history,WELL-00031_20140403170404,WELL-00031,mixed,40,41,2014-04-05T10:04:04+00:00,1,stream
3w_own_history,WELL-00031_20140403170404,WELL-00031,mixed,41,42,2014-04-05T11:04:04+00:00,1,stream
3w_own_history,WELL-00031_20140403170404,WELL-00031,mixed,42,43,2014-04-05T12:04:04+00:00,1,stream
3w_own_history,WELL-00031_20140403170404,WELL-00031,mixed,43,44,2014-04-05T13:04:04+00:00,1,stream
3w_own_history,WELL-00031_20140403170404,WELL-00031,mixed,44,45,2014-04-05T14:04:04+00:00,1,stream
3w_own_history,WELL-00031_20140403170404,WELL-00031,mixed,45,46,2014-04-05T15:04:04+00:00,1,stream
3w_own_history,WELL-00031_20140403170404,WELL-00031,mixed,46,47,2014-04-05T16:04:04+00:00,1,stream
3w_own_history,WELL-00031_20140403170404,WELL-00031,mixed,47,48,2014-04-05T17:04:04+00:00,1,stream
3w_own_history,WELL-00031_20140403170404,WELL-00031,mixed,48,49,2014-04-05T18:04:04+00:00,1,stream
3w_own_history,WELL-00031_20140403170404,WELL-00031,mixed,49,50,2014-04-05T19:04:04+00:00,1,stream
3w_own_history,WELL-00031_20140403170404,WELL-00031,mixed,50,51,2014-04-05T20:04:04+00:00,1,stream
3w_own_history,WELL-00031_20140403170404,WELL-00031,mixed,51,52,2014-04-05T21:04:04+00:00,1,stream
3w_own_history,WELL-00031_20140403170404,WELL-00031,mixed,52,53,2014-04-05T22:04:04+00:00,1,stream
3w_own_history,WELL-00031_20140403170404,WELL-00031,mixed,53,54,2014-04-05T23:04:04+00:00,1,stream
3w_own_history,WELL-00031_20140403170404,WELL-00031,mixed,54,55,2014-04-06T00:04:04+00:00,1,stream
3w_own_history,WELL-00031_20140403170404,WELL-00031,mixed,55,56,2014-04-06T01:04:04+00:00,1,stream
3w_own_history,WELL-00031_20140403170404,WELL-00031,mixed,56,57,2014-04-06T02:04:04+00:00,1,stream
3w_own_history,WELL-00031_20140403170404,WELL-00031,mixed,57,58,2014-04-06T03:04:04+00:00,1,stream
3w_own_history,WELL-00031_20140403170404,WELL-00031,mixed,58,59,2014-04-06T04:04:04+00:00,1,stream
3w_own_history,WELL-00031_20140403170404,WELL-00031,mixed,59,60,2014-04-06T05:04:04+00:00,1,stream
3w_own_history,WELL-00031_20140403170404,WELL-00031,mixed,60,61,2014-04-06T06:04:04+00:00,1,stream
3w_own_history,WELL-00031_20140403170404,WELL-00031,mixed,61,62,2014-04-06T07:04:04+00:00,1,stream
3w_own_history,WELL-00031_20140403170404,WELL-00031,mixed,62,63,2014-04-06T08:04:04+00:00,1,stream
3w_own_history,WELL-00031_20140403170404,WELL-00031,mixed,63,64,2014-04-06T09:04:04+00:00,1,stream
3w_own_history,WELL-00031_20140403170404,WELL-00031,mixed,64,65,2014-04-06T10:04:04+00:00,1,stream
3w_own_history,WELL-00031_20140403170404,WELL-00031,mixed,65,66,2014-04-06T11:04:04+00:00,1,stream
3w_own_history,WELL-00031_20140403170404,WELL-00031,mixed,66,67,2014-04-06T12:04:04+00:00,1,stream
3w_own_history,WELL-00031_20140403170404,WELL-00031,mixed,67,68,2014-04-06T13:04:04+00:00,1,stream
3w_own_history,WELL-00031_20140403170404,WELL-00031,mixed,68,69,2014-04-06T14:04:04+00:00,1,stream
3w_own_history,WELL-00031_20140403170404,WELL-00031,mixed,69,70,2014-04-06T15:04:04+00:00,1,stream
3w_own_history,WELL-00031_20140403170404,WELL-00031,mixed,70,71,2014-04-06T16:04:04+00:00,1,stream
3w_own_history,WELL-00031_20140403170404,WELL-00031,mixed,71,72,2014-04-06T17:04:04+00:00,1,stream
3w_own_history,WELL-00031_20140403170404,WELL-00031,mixed,72,73,2014-04-06T18:04:04+00:00,1,stream
3w_own_history,WELL-00031_20140403170404,WELL-00031,mixed,73,74,2014-04-06T19:04:04+00:00,1,stream
3w_own_history,WELL-00031_20140403170404,WELL-00031,mixed,74,75,2014-04-06T20:04:04+00:00,1,stream
3w_own_history,WELL-00031_20140403170404,WELL-00031,mixed,75,76,2014-04-06T21:04:04+00:00,1,stream
3w_own_history,WELL-00031_20140403170404,WELL-00031,mixed,76,77,2014-04-06T22:04:04+00:00,1,stream
3w_own_history,WELL-00031_20140403170404,WELL-00031,mixed,77,78,2014-04-06T23:04:04+00:00,1,stream
3w_own_history,WELL-00031_20140403170404,WELL-00031,mixed,78,79,2014-04-07T00:04:04+00:00,1,stream
3w_own_history,WELL-00031_20140403170404,WELL-00031,mixed,79,80,2014-04-07T01:04:04+00:00,1,stream
3w_own_history,WELL-00031_20140403170404,WELL-00031,mixed,80,81,2014-04-07T02:04:04+00:00,1,stream
3w_own_history,WELL-00031_20140403170404,WELL-00031,mixed,81,82,2014-04-07T03:04:04+00:00,1,stream
3w_own_history,WELL-00031_20140403170404,WELL-00031,mixed,82,83,2014-04-07T04:04:04+00:00,1,stream
3w_own_history,WELL-00031_20140403170404,WELL-00031,mixed,83,84,2014-04-07T05:04:04+00:00,1,stream
3w_own_history,WELL-00031_20140403170404,WELL-00031,mixed,84,85,2014-04-07T06:04:04+00:00,1,stream
3w_own_history,WELL-00031_20140403170404,WELL-00031,mixed,85,86,2014-04-07T07:04:04+00:00,1,stream
3w_own_history,WELL-00031_20140403170404,WELL-00031,mixed,86,87,2014-04-07T08:04:04+00:00,1,stream
3w_own_history,WELL-00031_20140403170404,WELL-00031,mixed,87,88,2014-04-07T09:04:04+00:00,1,stream
3w_own_history,WELL-00031_20140403170404,WELL-00031,mixed,88,89,2014-04-07T10:04:04+00:00,1,stream
3w_own_history,WELL-00031_20140403170404,WELL-00031,mixed,89,90,2014-04-07T11:04:04+00:00,1,stream
3w_own_history,WELL-00031_20140403170404,WELL-00031,mixed,90,91,2014-04-07T12:04:04+00:00,1,stream
3w_own_history,WELL-00031_20140403170404,WELL-00031,mixed,91,92,2014-04-07T13:04:04+00:00,1,stream
3w_own_history,WELL-00031_20140403170404,WELL-00031,mixed,92,93,2014-04-07T14:04:04+00:00,1,stream
3w_own_history,WELL-00031_20140403170404,WELL-00031,mixed,93,94,2014-04-07T15:04:04+00:00,1,stream
3w_own_history,WELL-00031_20140403170404,WELL-00031,mixed,94,95,2014-04-07T16:04:04+00:00,1,stream
3w_own_history,WELL-00031_20140403170404,WELL-00031,mixed,95,96,2014-04-07T17:04:04+00:00,1,stream
3w_own_history,WELL-00031_20140403170404,WELL-00031,mixed,96,97,2014-04-07T18:04:04+00:00,1,stream
3w_own_history,WELL-00031_20140403170404,WELL-00031,mixed,97,98,2014-04-07T19:04:04+00:00,1,stream
3w_own_history,WELL-00031_20140403170404,WELL-00031,mixed,98,99,2014-04-07T20:04:04+00:00,1,stream
3w_own_history,WELL-00032_20110830235321,WELL-00032,mixed,0,1,2011-08-31T00:53:21+00:00,0,fit
3w_own_history,WELL-00032_20110830235321,WELL-00032,mixed,1,2,2011-08-31T01:53:21+00:00,0,fit
3w_own_history,WELL-00032_20110830235321,WELL-00032,mixed,2,3,2011-08-31T02:53:21+00:00,0,fit
3w_own_history,WELL-00032_20110830235321,WELL-00032,mixed,3,4,2011-08-31T03:53:21+00:00,0,threshold
3w_own_history,WELL-00032_20110830235321,WELL-00032,mixed,4,5,2011-08-31T04:53:21+00:00,0,threshold
3w_own_history,WELL-00032_20110830235321,WELL-00032,mixed,5,6,2011-08-31T05:53:21+00:00,0,threshold
3w_own_history,WELL-00032_20110830235321,WELL-00032,mixed,6,7,2011-08-31T06:53:21+00:00,0,stream
3w_own_history,WELL-00032_20110830235321,WELL-00032,mixed,7,8,2011-08-31T07:53:21+00:00,0,stream
3w_own_history,WELL-00032_20110830235321,WELL-00032,mixed,8,9,2011-08-31T08:53:21+00:00,0,stream
3w_own_history,WELL-00032_20110830235321,WELL-00032,mixed,9,10,2011-08-31T09:53:21+00:00,0,stream
3w_own_history,WELL-00032_20110830235321,WELL-00032,mixed,10,11,2011-08-31T10:53:21+00:00,1,stream
3w_own_history,WELL-00032_20110830235321,WELL-00032,mixed,11,12,2011-08-31T11:53:21+00:00,1,stream
3w_own_history,WELL-00032_20110830235321,WELL-00032,mixed,12,13,2011-08-31T12:53:21+00:00,1,stream
3w_own_history,WELL-00032_20110830235321,WELL-00032,mixed,13,14,2011-08-31T13:53:21+00:00,1,stream
3w_own_history,WELL-00032_20110830235321,WELL-00032,mixed,14,15,2011-08-31T14:53:21+00:00,1,stream
3w_own_history,WELL-00032_20110830235321,WELL-00032,mixed,15,16,2011-08-31T15:53:21+00:00,1,stream
3w_own_history,WELL-00032_20110830235321,WELL-00032,mixed,16,17,2011-08-31T16:53:21+00:00,1,stream
3w_own_history,WELL-00032_20110830235321,WELL-00032,mixed,17,18,2011-08-31T17:53:21+00:00,1,stream
3w_own_history,WELL-00032_20110830235321,WELL-00032,mixed,18,19,2011-08-31T18:53:21+00:00,1,stream
3w_own_history,WELL-00032_20110830235321,WELL-00032,mixed,19,20,2011-08-31T19:53:21+00:00,1,stream
3w_own_history,WELL-00032_20110830235321,WELL-00032,mixed,20,21,2011-08-31T20:53:21+00:00,1,stream
3w_own_history,WELL-00032_20110830235321,WELL-00032,mixed,21,22,2011-08-31T21:53:21+00:00,1,stream
3w_own_history,WELL-00032_20110830235321,WELL-00032,mixed,22,23,2011-08-31T22:53:21+00:00,1,stream
3w_own_history,WELL-00032_20110830235321,WELL-00032,mixed,23,24,2011-08-31T23:53:21+00:00,1,stream
3w_own_history,WELL-00032_20110830235321,WELL-00032,mixed,24,25,2011-09-01T00:53:21+00:00,1,stream
3w_own_history,WELL-00032_20110830235321,WELL-00032,mixed,25,26,2011-09-01T01:53:21+00:00,1,stream
3w_own_history,WELL-00032_20110830235321,WELL-00032,mixed,26,27,2011-09-01T02:53:21+00:00,1,stream
3w_own_history,WELL-00032_20110830235321,WELL-00032,mixed,27,28,2011-09-01T03:53:21+00:00,1,stream
3w_own_history,WELL-00032_20110830235321,WELL-00032,mixed,28,29,2011-09-01T04:53:21+00:00,1,stream
3w_own_history,WELL-00032_20110830235321,WELL-00032,mixed,29,30,2011-09-01T05:53:21+00:00,1,stream
3w_own_history,WELL-00032_20110830235321,WELL-00032,mixed,30,31,2011-09-01T06:53:21+00:00,1,stream
3w_own_history,WELL-00032_20110830235321,WELL-00032,mixed,31,32,2011-09-01T07:53:21+00:00,1,stream
3w_own_history,WELL-00032_20110830235321,WELL-00032,mixed,32,33,2011-09-01T08:53:21+00:00,1,stream
3w_own_history,WELL-00032_20110830235321,WELL-00032,mixed,33,34,2011-09-01T09:53:21+00:00,1,stream
3w_own_history,WELL-00032_20110830235321,WELL-00032,mixed,34,35,2011-09-01T10:53:21+00:00,1,stream
3w_own_history,WELL-00032_20110830235321,WELL-00032,mixed,35,36,2011-09-01T11:53:21+00:00,1,stream
3w_own_history,WELL-00033_20190925190420,WELL-00033,normal,0,1,2019-09-25T20:04:20+00:00,0,fit
3w_own_history,WELL-00033_20190925190420,WELL-00033,normal,1,2,2019-09-25T21:04:20+00:00,0,fit
3w_own_history,WELL-00033_20190925190420,WELL-00033,normal,2,3,2019-09-25T22:04:20+00:00,0,fit
3w_own_history,WELL-00033_20190925190420,WELL-00033,normal,3,4,2019-09-25T23:04:20+00:00,0,threshold
3w_own_history,WELL-00033_20190925190420,WELL-00033,normal,4,5,2019-09-26T00:04:20+00:00,0,threshold
3w_own_history,WELL-00033_20190925190420,WELL-00033,normal,5,6,2019-09-26T01:04:20+00:00,0,threshold
3w_own_history,WELL-00033_20190925190420,WELL-00033,normal,6,7,2019-09-26T02:04:20+00:00,0,stream
3w_own_history,WELL-00033_20190925190420,WELL-00033,normal,7,8,2019-09-26T03:04:20+00:00,0,stream
3w_own_history,WELL-00033_20190925190420,WELL-00033,normal,8,9,2019-09-26T04:04:20+00:00,0,stream
3w_own_history,WELL-00033_20190925190420,WELL-00033,normal,9,10,2019-09-26T05:04:20+00:00,0,stream
3w_own_history,WELL-00033_20190928210207,WELL-00033,normal,0,1,2019-09-28T22:02:07+00:00,0,fit
3w_own_history,WELL-00033_20190928210207,WELL-00033,normal,1,2,2019-09-28T23:02:07+00:00,0,fit
3w_own_history,WELL-00033_20190928210207,WELL-00033,normal,2,3,2019-09-29T00:02:07+00:00,0,fit
3w_own_history,WELL-00033_20190928210207,WELL-00033,normal,3,4,2019-09-29T01:02:07+00:00,0,threshold
3w_own_history,WELL-00033_20190928210207,WELL-00033,normal,4,5,2019-09-29T02:02:07+00:00,0,threshold
3w_own_history,WELL-00033_20190928210207,WELL-00033,normal,5,6,2019-09-29T03:02:07+00:00,0,threshold
3w_own_history,WELL-00033_20190928210207,WELL-00033,normal,6,7,2019-09-29T04:02:07+00:00,0,stream
3w_own_history,WELL-00033_20190928210207,WELL-00033,normal,7,8,2019-09-29T05:02:07+00:00,0,stream
3w_own_history,WELL-00033_20190930190000,WELL-00033,normal,0,1,2019-09-30T20:00:00+00:00,0,fit
3w_own_history,WELL-00033_20190930190000,WELL-00033,normal,1,2,2019-09-30T21:00:00+00:00,0,fit
3w_own_history,WELL-00033_20190930190000,WELL-00033,normal,2,3,2019-09-30T22:00:00+00:00,0,fit
3w_own_history,WELL-00033_20190930190000,WELL-00033,normal,3,4,2019-09-30T23:00:00+00:00,0,threshold
3w_own_history,WELL-00033_20190930190000,WELL-00033,normal,4,5,2019-10-01T00:00:00+00:00,0,threshold
3w_own_history,WELL-00033_20190930190000,WELL-00033,normal,5,6,2019-10-01T01:00:00+00:00,0,threshold
3w_own_history,WELL-00033_20190930190000,WELL-00033,normal,6,7,2019-10-01T02:00:00+00:00,0,stream
3w_own_history,WELL-00034_20190826050146,WELL-00034,normal,0,1,2019-08-26T06:01:46+00:00,0,fit
3w_own_history,WELL-00034_20190826050146,WELL-00034,normal,1,2,2019-08-26T07:01:46+00:00,0,fit
3w_own_history,WELL-00034_20190826050146,WELL-00034,normal,2,3,2019-08-26T08:01:46+00:00,0,fit
3w_own_history,WELL-00034_20190826050146,WELL-00034,normal,3,4,2019-08-26T09:01:46+00:00,0,threshold
3w_own_history,WELL-00034_20190826050146,WELL-00034,normal,4,5,2019-08-26T10:01:46+00:00,0,threshold
3w_own_history,WELL-00034_20190826050146,WELL-00034,normal,5,6,2019-08-26T11:01:46+00:00,0,threshold
3w_own_history,WELL-00034_20190826050146,WELL-00034,normal,6,7,2019-08-26T12:01:46+00:00,0,stream
3w_own_history,WELL-00034_20190826050146,WELL-00034,normal,7,8,2019-08-26T13:01:46+00:00,0,stream
3w_own_history,WELL-00034_20190831210153,WELL-00034,normal,0,1,2019-08-31T22:01:53+00:00,0,fit
3w_own_history,WELL-00034_20190831210153,WELL-00034,normal,1,2,2019-08-31T23:01:53+00:00,0,fit
3w_own_history,WELL-00034_20190831210153,WELL-00034,normal,2,3,2019-09-01T00:01:53+00:00,0,fit
3w_own_history,WELL-00034_20190831210153,WELL-00034,normal,3,4,2019-09-01T01:01:53+00:00,0,threshold
3w_own_history,WELL-00034_20190831210153,WELL-00034,normal,4,5,2019-09-01T02:01:53+00:00,0,threshold
3w_own_history,WELL-00034_20190831210153,WELL-00034,normal,5,6,2019-09-01T03:01:53+00:00,0,threshold
3w_own_history,WELL-00034_20190831210153,WELL-00034,normal,6,7,2019-09-01T04:01:53+00:00,0,stream
3w_own_history,WELL-00034_20190901060904,WELL-00034,normal,0,1,2019-09-01T07:09:04+00:00,0,fit
3w_own_history,WELL-00034_20190901060904,WELL-00034,normal,1,2,2019-09-01T08:09:04+00:00,0,fit
3w_own_history,WELL-00034_20190901060904,WELL-00034,normal,2,3,2019-09-01T09:09:04+00:00,0,fit
3w_own_history,WELL-00034_20190901060904,WELL-00034,normal,3,4,2019-09-01T10:09:04+00:00,0,threshold
3w_own_history,WELL-00034_20190901060904,WELL-00034,normal,4,5,2019-09-01T11:09:04+00:00,0,threshold
3w_own_history,WELL-00034_20190901060904,WELL-00034,normal,5,6,2019-09-01T12:09:04+00:00,0,threshold
3w_own_history,WELL-00034_20190901060904,WELL-00034,normal,6,7,2019-09-01T13:09:04+00:00,0,stream
3w_own_history,WELL-00034_20190901060904,WELL-00034,normal,7,8,2019-09-01T14:09:04+00:00,0,stream
3w_own_history,WELL-00034_20190901060904,WELL-00034,normal,8,9,2019-09-01T15:09:04+00:00,0,stream
3w_own_history,WELL-00034_20190901060904,WELL-00034,normal,9,10,2019-09-01T16:09:04+00:00,0,stream
3w_own_history,WELL-00034_20190901060904,WELL-00034,normal,10,11,2019-09-01T17:09:04+00:00,0,stream
3w_own_history,WELL-00034_20190901060904,WELL-00034,normal,11,12,2019-09-01T18:09:04+00:00,0,stream
3w_own_history,WELL-00034_20190901060904,WELL-00034,normal,12,13,2019-09-01T19:09:04+00:00,0,stream
3w_own_history,WELL-00034_20190901060904,WELL-00034,normal,13,14,2019-09-01T20:09:04+00:00,0,stream
3w_own_history,WELL-00034_20190901060904,WELL-00034,normal,14,15,2019-09-01T21:09:04+00:00,0,stream
3w_own_history,WELL-00034_20190901060904,WELL-00034,normal,15,16,2019-09-01T22:09:04+00:00,0,stream
3w_own_history,WELL-00034_20190901060904,WELL-00034,normal,16,17,2019-09-01T23:09:04+00:00,0,stream
3w_own_history,WELL-00034_20190901060904,WELL-00034,normal,17,18,2019-09-02T00:09:04+00:00,0,stream
3w_own_history,WELL-00034_20190901060904,WELL-00034,normal,18,19,2019-09-02T01:09:04+00:00,0,stream
3w_own_history,WELL-00034_20190901060904,WELL-00034,normal,19,20,2019-09-02T02:09:04+00:00,0,stream
3w_own_history,WELL-00034_20190901060904,WELL-00034,normal,20,21,2019-09-02T03:09:04+00:00,0,stream
3w_own_history,WELL-00034_20190901060904,WELL-00034,normal,21,22,2019-09-02T04:09:04+00:00,0,stream
3w_own_history,WELL-00035_20190819093245,WELL-00035,normal,0,1,2019-08-19T10:32:45+00:00,0,fit
3w_own_history,WELL-00035_20190819093245,WELL-00035,normal,1,2,2019-08-19T11:32:45+00:00,0,fit
3w_own_history,WELL-00035_20190819093245,WELL-00035,normal,2,3,2019-08-19T12:32:45+00:00,0,fit
3w_own_history,WELL-00035_20190819093245,WELL-00035,normal,3,4,2019-08-19T13:32:45+00:00,0,threshold
3w_own_history,WELL-00035_20190819093245,WELL-00035,normal,4,5,2019-08-19T14:32:45+00:00,0,threshold
3w_own_history,WELL-00035_20190819093245,WELL-00035,normal,5,6,2019-08-19T15:32:45+00:00,0,threshold
3w_own_history,WELL-00035_20190819093245,WELL-00035,normal,6,7,2019-08-19T16:32:45+00:00,0,stream
3w_own_history,WELL-00035_20190819093245,WELL-00035,normal,7,8,2019-08-19T17:32:45+00:00,0,stream
3w_own_history,WELL-00035_20190819093245,WELL-00035,normal,8,9,2019-08-19T18:32:45+00:00,0,stream
3w_own_history,WELL-00035_20190819093245,WELL-00035,normal,9,10,2019-08-19T19:32:45+00:00,0,stream
3w_own_history,WELL-00035_20190819093245,WELL-00035,normal,10,11,2019-08-19T20:32:45+00:00,0,stream
3w_own_history,WELL-00035_20190819093245,WELL-00035,normal,11,12,2019-08-19T21:32:45+00:00,0,stream
3w_own_history,WELL-00035_20190819093245,WELL-00035,normal,12,13,2019-08-19T22:32:45+00:00,0,stream
3w_own_history,WELL-00035_20190827090706,WELL-00035,normal,0,1,2019-08-27T10:07:06+00:00,0,fit
3w_own_history,WELL-00035_20190827090706,WELL-00035,normal,1,2,2019-08-27T11:07:06+00:00,0,fit
3w_own_history,WELL-00035_20190827090706,WELL-00035,normal,2,3,2019-08-27T12:07:06+00:00,0,fit
3w_own_history,WELL-00035_20190827090706,WELL-00035,normal,3,4,2019-08-27T13:07:06+00:00,0,threshold
3w_own_history,WELL-00035_20190827090706,WELL-00035,normal,4,5,2019-08-27T14:07:06+00:00,0,threshold
3w_own_history,WELL-00035_20190827090706,WELL-00035,normal,5,6,2019-08-27T15:07:06+00:00,0,threshold
3w_own_history,WELL-00035_20190827090706,WELL-00035,normal,6,7,2019-08-27T16:07:06+00:00,0,stream
3w_own_history,WELL-00035_20190827090706,WELL-00035,normal,7,8,2019-08-27T17:07:06+00:00,0,stream
3w_own_history,WELL-00035_20190827090706,WELL-00035,normal,8,9,2019-08-27T18:07:06+00:00,0,stream
3w_own_history,WELL-00035_20190827090706,WELL-00035,normal,9,10,2019-08-27T19:07:06+00:00,0,stream
3w_own_history,WELL-00035_20190827090706,WELL-00035,normal,10,11,2019-08-27T20:07:06+00:00,0,stream
3w_own_history,WELL-00035_20190827090706,WELL-00035,normal,11,12,2019-08-27T21:07:06+00:00,0,stream
3w_own_history,WELL-00035_20190827090706,WELL-00035,normal,12,13,2019-08-27T22:07:06+00:00,0,stream
3w_own_history,WELL-00035_20190827090706,WELL-00035,normal,13,14,2019-08-27T23:07:06+00:00,0,stream
3w_own_history,WELL-00035_20190925061122,WELL-00035,normal,0,1,2019-09-25T07:11:22+00:00,0,fit
3w_own_history,WELL-00035_20190925061122,WELL-00035,normal,1,2,2019-09-25T08:11:22+00:00,0,fit
3w_own_history,WELL-00035_20190925061122,WELL-00035,normal,2,3,2019-09-25T09:11:22+00:00,0,fit
3w_own_history,WELL-00035_20190925061122,WELL-00035,normal,3,4,2019-09-25T10:11:22+00:00,0,threshold
3w_own_history,WELL-00035_20190925061122,WELL-00035,normal,4,5,2019-09-25T11:11:22+00:00,0,threshold
3w_own_history,WELL-00035_20190925061122,WELL-00035,normal,5,6,2019-09-25T12:11:22+00:00,0,threshold
3w_own_history,WELL-00035_20190925061122,WELL-00035,normal,6,7,2019-09-25T13:11:22+00:00,0,stream
3w_own_history,WELL-00035_20190925061122,WELL-00035,normal,7,8,2019-09-25T14:11:22+00:00,0,stream
3w_own_history,WELL-00035_20190925061122,WELL-00035,normal,8,9,2019-09-25T15:11:22+00:00,0,stream
3w_own_history,WELL-00035_20190925061122,WELL-00035,normal,9,10,2019-09-25T16:11:22+00:00,0,stream
3w_own_history,WELL-00035_20190925061122,WELL-00035,normal,10,11,2019-09-25T17:11:22+00:00,0,stream
3w_own_history,WELL-00035_20190925061122,WELL-00035,normal,11,12,2019-09-25T18:11:22+00:00,0,stream
3w_own_history,WELL-00035_20190925061122,WELL-00035,normal,12,13,2019-09-25T19:11:22+00:00,0,stream
3w_own_history,WELL-00035_20190925061122,WELL-00035,normal,13,14,2019-09-25T20:11:22+00:00,0,stream
3w_own_history,WELL-00035_20190925061122,WELL-00035,normal,14,15,2019-09-25T21:11:22+00:00,0,stream
3w_own_history,WELL-00035_20190925061122,WELL-00035,normal,15,16,2019-09-25T22:11:22+00:00,0,stream
3w_own_history,WELL-00035_20190925061122,WELL-00035,normal,16,17,2019-09-25T23:11:22+00:00,0,stream
3w_own_history,WELL-00035_20190925061122,WELL-00035,normal,17,18,2019-09-26T00:11:22+00:00,0,stream
3w_own_history,WELL-00035_20190925061122,WELL-00035,normal,18,19,2019-09-26T01:11:22+00:00,0,stream
3w_own_history,WELL-00035_20190925061122,WELL-00035,normal,19,20,2019-09-26T02:11:22+00:00,0,stream
3w_own_history,WELL-00035_20190925061122,WELL-00035,normal,20,21,2019-09-26T03:11:22+00:00,0,stream
3w_own_history,WELL-00035_20190925061122,WELL-00035,normal,21,22,2019-09-26T04:11:22+00:00,0,stream
3w_own_history,WELL-00035_20190925061122,WELL-00035,normal,22,23,2019-09-26T05:11:22+00:00,0,stream
3w_own_history,WELL-00035_20190925061122,WELL-00035,normal,23,24,2019-09-26T06:11:22+00:00,0,stream
3w_own_history,WELL-00035_20190925061122,WELL-00035,normal,24,25,2019-09-26T07:11:22+00:00,0,stream
3w_own_history,WELL-00035_20190925061122,WELL-00035,normal,25,26,2019-09-26T08:11:22+00:00,0,stream
3w_own_history,WELL-00035_20190925061122,WELL-00035,normal,26,27,2019-09-26T09:11:22+00:00,0,stream
3w_own_history,WELL-00035_20190925061122,WELL-00035,normal,27,28,2019-09-26T10:11:22+00:00,0,stream
3w_own_history,WELL-00035_20190925061122,WELL-00035,normal,28,29,2019-09-26T11:11:22+00:00,0,stream
3w_own_history,WELL-00035_20190925061122,WELL-00035,normal,29,30,2019-09-26T12:11:22+00:00,0,stream
3w_own_history,WELL-00035_20190925061122,WELL-00035,normal,30,31,2019-09-26T13:11:22+00:00,0,stream
3w_own_history,WELL-00037_20181011071238,WELL-00037,mixed,0,1,2018-10-11T08:12:38+00:00,0,fit
3w_own_history,WELL-00037_20181011071238,WELL-00037,mixed,1,2,2018-10-11T09:12:38+00:00,0,fit
3w_own_history,WELL-00037_20181011071238,WELL-00037,mixed,2,3,2018-10-11T10:12:38+00:00,0,fit
3w_own_history,WELL-00037_20181011071238,WELL-00037,mixed,3,4,2018-10-11T11:12:38+00:00,0,threshold
3w_own_history,WELL-00037_20181011071238,WELL-00037,mixed,4,5,2018-10-11T12:12:38+00:00,1,threshold
3w_own_history,WELL-00037_20181011071238,WELL-00037,mixed,5,6,2018-10-11T13:12:38+00:00,1,threshold
3w_own_history,WELL-00037_20181011071238,WELL-00037,mixed,6,7,2018-10-11T14:12:38+00:00,1,stream
3w_own_history,WELL-00037_20190924213000,WELL-00037,normal,0,1,2019-09-24T22:30:00+00:00,0,fit
3w_own_history,WELL-00037_20190924213000,WELL-00037,normal,1,2,2019-09-24T23:30:00+00:00,0,fit
3w_own_history,WELL-00037_20190924213000,WELL-00037,normal,2,3,2019-09-25T00:30:00+00:00,0,fit
3w_own_history,WELL-00037_20190924213000,WELL-00037,normal,3,4,2019-09-25T01:30:00+00:00,0,threshold
3w_own_history,WELL-00037_20190924213000,WELL-00037,normal,4,5,2019-09-25T02:30:00+00:00,0,threshold
3w_own_history,WELL-00037_20190924213000,WELL-00037,normal,5,6,2019-09-25T03:30:00+00:00,0,threshold
3w_own_history,WELL-00037_20190924213000,WELL-00037,normal,6,7,2019-09-25T04:30:00+00:00,0,stream
3w_own_history,WELL-00038_20190924212924,WELL-00038,normal,0,1,2019-09-24T22:29:24+00:00,0,fit
3w_own_history,WELL-00038_20190924212924,WELL-00038,normal,1,2,2019-09-24T23:29:24+00:00,0,fit
3w_own_history,WELL-00038_20190924212924,WELL-00038,normal,2,3,2019-09-25T00:29:24+00:00,0,fit
3w_own_history,WELL-00038_20190924212924,WELL-00038,normal,3,4,2019-09-25T01:29:24+00:00,0,threshold
3w_own_history,WELL-00038_20190924212924,WELL-00038,normal,4,5,2019-09-25T02:29:24+00:00,0,threshold
3w_own_history,WELL-00038_20190924212924,WELL-00038,normal,5,6,2019-09-25T03:29:24+00:00,0,threshold
3w_own_history,WELL-00038_20190924212924,WELL-00038,normal,6,7,2019-09-25T04:29:24+00:00,0,stream
3w_own_history,WELL-00038_20190924212924,WELL-00038,normal,7,8,2019-09-25T05:29:24+00:00,0,stream
3w_own_history,WELL-00038_20190925093222,WELL-00038,normal,0,1,2019-09-25T10:32:22+00:00,0,fit
3w_own_history,WELL-00038_20190925093222,WELL-00038,normal,1,2,2019-09-25T11:32:22+00:00,0,fit
3w_own_history,WELL-00038_20190925093222,WELL-00038,normal,2,3,2019-09-25T12:32:22+00:00,0,fit
3w_own_history,WELL-00038_20190925093222,WELL-00038,normal,3,4,2019-09-25T13:32:22+00:00,0,threshold
3w_own_history,WELL-00038_20190925093222,WELL-00038,normal,4,5,2019-09-25T14:32:22+00:00,0,threshold
3w_own_history,WELL-00038_20190925093222,WELL-00038,normal,5,6,2019-09-25T15:32:22+00:00,0,threshold
3w_own_history,WELL-00038_20190925093222,WELL-00038,normal,6,7,2019-09-25T16:32:22+00:00,0,stream
3w_own_history,WELL-00038_20190925093222,WELL-00038,normal,7,8,2019-09-25T17:32:22+00:00,0,stream
3w_own_history,WELL-00038_20190925093222,WELL-00038,normal,8,9,2019-09-25T18:32:22+00:00,0,stream
3w_own_history,WELL-00038_20190925093222,WELL-00038,normal,9,10,2019-09-25T19:32:22+00:00,0,stream
3w_own_history,WELL-00038_20190925093222,WELL-00038,normal,10,11,2019-09-25T20:32:22+00:00,0,stream
3w_own_history,WELL-00038_20190925093222,WELL-00038,normal,11,12,2019-09-25T21:32:22+00:00,0,stream
3w_own_history,WELL-00038_20190925093222,WELL-00038,normal,12,13,2019-09-25T22:32:22+00:00,0,stream
3w_own_history,WELL-00038_20190925093222,WELL-00038,normal,13,14,2019-09-25T23:32:22+00:00,0,stream
3w_own_history,WELL-00038_20190925093222,WELL-00038,normal,14,15,2019-09-26T00:32:22+00:00,0,stream
3w_own_history,WELL-00038_20190925093222,WELL-00038,normal,15,16,2019-09-26T01:32:22+00:00,0,stream
3w_own_history,WELL-00038_20190925093222,WELL-00038,normal,16,17,2019-09-26T02:32:22+00:00,0,stream
3w_own_history,WELL-00038_20190925093222,WELL-00038,normal,17,18,2019-09-26T03:32:22+00:00,0,stream
3w_own_history,WELL-00038_20190925093222,WELL-00038,normal,18,19,2019-09-26T04:32:22+00:00,0,stream
3w_own_history,WELL-00038_20190925093222,WELL-00038,normal,19,20,2019-09-26T05:32:22+00:00,0,stream
3w_own_history,WELL-00038_20190925093222,WELL-00038,normal,20,21,2019-09-26T06:32:22+00:00,0,stream
3w_own_history,WELL-00038_20190925093222,WELL-00038,normal,21,22,2019-09-26T07:32:22+00:00,0,stream
3w_own_history,WELL-00038_20190925093222,WELL-00038,normal,22,23,2019-09-26T08:32:22+00:00,0,stream
3w_own_history,WELL-00038_20190925093222,WELL-00038,normal,23,24,2019-09-26T09:32:22+00:00,0,stream
3w_own_history,WELL-00038_20190925093222,WELL-00038,normal,24,25,2019-09-26T10:32:22+00:00,0,stream
3w_own_history,WELL-00039_20190924200204,WELL-00039,normal,0,1,2019-09-24T21:02:04+00:00,0,fit
3w_own_history,WELL-00039_20190924200204,WELL-00039,normal,1,2,2019-09-24T22:02:04+00:00,0,fit
3w_own_history,WELL-00039_20190924200204,WELL-00039,normal,2,3,2019-09-24T23:02:04+00:00,0,fit
3w_own_history,WELL-00039_20190924200204,WELL-00039,normal,3,4,2019-09-25T00:02:04+00:00,0,threshold
3w_own_history,WELL-00039_20190924200204,WELL-00039,normal,4,5,2019-09-25T01:02:04+00:00,0,threshold
3w_own_history,WELL-00039_20190924200204,WELL-00039,normal,5,6,2019-09-25T02:02:04+00:00,0,threshold
3w_own_history,WELL-00039_20190924200204,WELL-00039,normal,6,7,2019-09-25T03:02:04+00:00,0,stream
3w_own_history,WELL-00039_20190924200204,WELL-00039,normal,7,8,2019-09-25T04:02:04+00:00,0,stream
3w_own_history,WELL-00039_20190924200204,WELL-00039,normal,8,9,2019-09-25T05:02:04+00:00,0,stream
3w_own_history,WELL-00039_20190924200204,WELL-00039,normal,9,10,2019-09-25T06:02:04+00:00,0,stream
3w_own_history,WELL-00040_20181013160242,WELL-00040,mixed,0,1,2018-10-13T17:02:42+00:00,0,fit
3w_own_history,WELL-00040_20181013160242,WELL-00040,mixed,1,2,2018-10-13T18:02:42+00:00,0,fit
3w_own_history,WELL-00040_20181013160242,WELL-00040,mixed,2,3,2018-10-13T19:02:42+00:00,0,fit
3w_own_history,WELL-00040_20181013160242,WELL-00040,mixed,3,4,2018-10-13T20:02:42+00:00,0,threshold
3w_own_history,WELL-00040_20181013160242,WELL-00040,mixed,4,5,2018-10-13T21:02:42+00:00,1,threshold
3w_own_history,WELL-00040_20181013160242,WELL-00040,mixed,5,6,2018-10-13T22:02:42+00:00,1,threshold
3w_own_history,WELL-00040_20181013160242,WELL-00040,mixed,6,7,2018-10-13T23:02:42+00:00,1,stream
3w_own_history,WELL-00040_20181013160242,WELL-00040,mixed,7,8,2018-10-14T00:02:42+00:00,1,stream
3w_own_history,WELL-00041_20181013160201,WELL-00041,mixed,0,1,2018-10-13T17:02:01+00:00,0,fit
3w_own_history,WELL-00041_20181013160201,WELL-00041,mixed,1,2,2018-10-13T18:02:01+00:00,0,fit
3w_own_history,WELL-00041_20181013160201,WELL-00041,mixed,2,3,2018-10-13T19:02:01+00:00,0,fit
3w_own_history,WELL-00041_20181013160201,WELL-00041,mixed,3,4,2018-10-13T20:02:01+00:00,0,threshold
3w_own_history,WELL-00041_20181013160201,WELL-00041,mixed,4,5,2018-10-13T21:02:01+00:00,1,threshold
3w_own_history,WELL-00041_20181013160201,WELL-00041,mixed,5,6,2018-10-13T22:02:01+00:00,1,threshold
3w_own_history,WELL-00041_20181013160201,WELL-00041,mixed,6,7,2018-10-13T23:02:01+00:00,1,stream
3w_own_history,WELL-00041_20181013160201,WELL-00041,mixed,7,8,2018-10-14T00:02:01+00:00,1,stream
3w_own_history,WELL-00041_20190814154301,WELL-00041,normal,0,1,2019-08-14T16:43:01+00:00,0,fit
3w_own_history,WELL-00041_20190814154301,WELL-00041,normal,1,2,2019-08-14T17:43:01+00:00,0,fit
3w_own_history,WELL-00041_20190814154301,WELL-00041,normal,2,3,2019-08-14T18:43:01+00:00,0,fit
3w_own_history,WELL-00041_20190814154301,WELL-00041,normal,3,4,2019-08-14T19:43:01+00:00,0,threshold
3w_own_history,WELL-00041_20190814154301,WELL-00041,normal,4,5,2019-08-14T20:43:01+00:00,0,threshold
3w_own_history,WELL-00041_20190814154301,WELL-00041,normal,5,6,2019-08-14T21:43:01+00:00,0,threshold
3w_own_history,WELL-00041_20190814154301,WELL-00041,normal,6,7,2019-08-14T22:43:01+00:00,0,stream
3w_own_history,WELL-00041_20190814154301,WELL-00041,normal,7,8,2019-08-14T23:43:01+00:00,0,stream
3w_own_history,WELL-00041_20190814154301,WELL-00041,normal,8,9,2019-08-15T00:43:01+00:00,0,stream
3w_own_history,WELL-00041_20190814154301,WELL-00041,normal,9,10,2019-08-15T01:43:01+00:00,0,stream
3w_own_history,WELL-00041_20190814154301,WELL-00041,normal,10,11,2019-08-15T02:43:01+00:00,0,stream
3w_own_history,WELL-00041_20190814154301,WELL-00041,normal,11,12,2019-08-15T03:43:01+00:00,0,stream
3w_own_history,WELL-00041_20190814154301,WELL-00041,normal,12,13,2019-08-15T04:43:01+00:00,0,stream
3w_own_history,WELL-00041_20190814154301,WELL-00041,normal,13,14,2019-08-15T05:43:01+00:00,0,stream
3w_own_history,WELL-00041_20190814154301,WELL-00041,normal,14,15,2019-08-15T06:43:01+00:00,0,stream
3w_own_history,WELL-00041_20190814154301,WELL-00041,normal,15,16,2019-08-15T07:43:01+00:00,0,stream
3w_own_history,WELL-00041_20190814154301,WELL-00041,normal,16,17,2019-08-15T08:43:01+00:00,0,stream
3w_own_history,WELL-00041_20190814154301,WELL-00041,normal,17,18,2019-08-15T09:43:01+00:00,0,stream
3w_own_history,WELL-00041_20190814154301,WELL-00041,normal,18,19,2019-08-15T10:43:01+00:00,0,stream
3w_own_history,WELL-00041_20190814154301,WELL-00041,normal,19,20,2019-08-15T11:43:01+00:00,0,stream
3w_own_history,WELL-00041_20190814154301,WELL-00041,normal,20,21,2019-08-15T12:43:01+00:00,0,stream
3w_own_history,WELL-00041_20190814154301,WELL-00041,normal,21,22,2019-08-15T13:43:01+00:00,0,stream
3w_own_history,WELL-00041_20190814154301,WELL-00041,normal,22,23,2019-08-15T14:43:01+00:00,0,stream
3w_own_history,WELL-00041_20190814154301,WELL-00041,normal,23,24,2019-08-15T15:43:01+00:00,0,stream
3w_own_history,WELL-00041_20190814154301,WELL-00041,normal,24,25,2019-08-15T16:43:01+00:00,0,stream
3w_own_history,WELL-00041_20190814154301,WELL-00041,normal,25,26,2019-08-15T17:43:01+00:00,0,stream
3w_own_history,WELL-00041_20190814154301,WELL-00041,normal,26,27,2019-08-15T18:43:01+00:00,0,stream
3w_own_history,WELL-00041_20190817173916,WELL-00041,normal,0,1,2019-08-17T18:39:16+00:00,0,fit
3w_own_history,WELL-00041_20190817173916,WELL-00041,normal,1,2,2019-08-17T19:39:16+00:00,0,fit
3w_own_history,WELL-00041_20190817173916,WELL-00041,normal,2,3,2019-08-17T20:39:16+00:00,0,fit
3w_own_history,WELL-00041_20190817173916,WELL-00041,normal,3,4,2019-08-17T21:39:16+00:00,0,threshold
3w_own_history,WELL-00041_20190817173916,WELL-00041,normal,4,5,2019-08-17T22:39:16+00:00,0,threshold
3w_own_history,WELL-00041_20190817173916,WELL-00041,normal,5,6,2019-08-17T23:39:16+00:00,0,threshold
3w_own_history,WELL-00041_20190817173916,WELL-00041,normal,6,7,2019-08-18T00:39:16+00:00,0,stream
3w_own_history,WELL-00041_20190817173916,WELL-00041,normal,7,8,2019-08-18T01:39:16+00:00,0,stream
3w_own_history,WELL-00041_20190817173916,WELL-00041,normal,8,9,2019-08-18T02:39:16+00:00,0,stream
3w_own_history,WELL-00041_20190817173916,WELL-00041,normal,9,10,2019-08-18T03:39:16+00:00,0,stream
3w_own_history,WELL-00041_20190817173916,WELL-00041,normal,10,11,2019-08-18T04:39:16+00:00,0,stream
3w_own_history,WELL-00041_20190817173916,WELL-00041,normal,11,12,2019-08-18T05:39:16+00:00,0,stream
3w_own_history,WELL-00041_20190817173916,WELL-00041,normal,12,13,2019-08-18T06:39:16+00:00,0,stream
3w_own_history,WELL-00041_20190817173916,WELL-00041,normal,13,14,2019-08-18T07:39:16+00:00,0,stream
3w_own_history,WELL-00041_20190817173916,WELL-00041,normal,14,15,2019-08-18T08:39:16+00:00,0,stream
3w_own_history,WELL-00041_20190817173916,WELL-00041,normal,15,16,2019-08-18T09:39:16+00:00,0,stream
3w_own_history,WELL-00041_20190817173916,WELL-00041,normal,16,17,2019-08-18T10:39:16+00:00,0,stream
3w_own_history,WELL-00041_20190817173916,WELL-00041,normal,17,18,2019-08-18T11:39:16+00:00,0,stream
3w_own_history,WELL-00041_20190817173916,WELL-00041,normal,18,19,2019-08-18T12:39:16+00:00,0,stream
3w_own_history,WELL-00041_20190817173916,WELL-00041,normal,19,20,2019-08-18T13:39:16+00:00,0,stream
3w_own_history,WELL-00041_20190817173916,WELL-00041,normal,20,21,2019-08-18T14:39:16+00:00,0,stream
3w_own_history,WELL-00041_20190817173916,WELL-00041,normal,21,22,2019-08-18T15:39:16+00:00,0,stream
3w_own_history,WELL-00041_20190817173916,WELL-00041,normal,22,23,2019-08-18T16:39:16+00:00,0,stream
3w_own_history,WELL-00041_20190817173916,WELL-00041,normal,23,24,2019-08-18T17:39:16+00:00,0,stream
3w_own_history,WELL-00041_20190817173916,WELL-00041,normal,24,25,2019-08-18T18:39:16+00:00,0,stream
3w_own_history,WELL-00041_20190817173916,WELL-00041,normal,25,26,2019-08-18T19:39:16+00:00,0,stream
3w_own_history,WELL-00041_20190817173916,WELL-00041,normal,26,27,2019-08-18T20:39:16+00:00,0,stream
3w_own_history,WELL-00041_20190817173916,WELL-00041,normal,27,28,2019-08-18T21:39:16+00:00,0,stream
3w_own_history,WELL-00041_20190817173916,WELL-00041,normal,28,29,2019-08-18T22:39:16+00:00,0,stream
3w_own_history,WELL-00041_20190817173916,WELL-00041,normal,29,30,2019-08-18T23:39:16+00:00,0,stream
3w_own_history,WELL-00041_20190817173916,WELL-00041,normal,30,31,2019-08-19T00:39:16+00:00,0,stream
3w_own_history,WELL-00041_20190817173916,WELL-00041,normal,31,32,2019-08-19T01:39:16+00:00,0,stream
3w_own_history,WELL-00041_20190817173916,WELL-00041,normal,32,33,2019-08-19T02:39:16+00:00,0,stream
3w_own_history,WELL-00041_20190817173916,WELL-00041,normal,33,34,2019-08-19T03:39:16+00:00,0,stream
3w_own_history,WELL-00041_20190817173916,WELL-00041,normal,34,35,2019-08-19T04:39:16+00:00,0,stream
3w_own_history,WELL-00041_20190817173916,WELL-00041,normal,35,36,2019-08-19T05:39:16+00:00,0,stream
3w_own_history,WELL-00041_20190817173916,WELL-00041,normal,36,37,2019-08-19T06:39:16+00:00,0,stream
3w_own_history,WELL-00041_20190817173916,WELL-00041,normal,37,38,2019-08-19T07:39:16+00:00,0,stream
3w_own_history,WELL-00041_20190817173916,WELL-00041,normal,38,39,2019-08-19T08:39:16+00:00,0,stream
3w_own_history,WELL-00041_20190817173916,WELL-00041,normal,39,40,2019-08-19T09:39:16+00:00,0,stream
3w_own_history,WELL-00041_20190817173916,WELL-00041,normal,40,41,2019-08-19T10:39:16+00:00,0,stream
3w_own_history,WELL-00041_20190817173916,WELL-00041,normal,41,42,2019-08-19T11:39:16+00:00,0,stream
3w_own_history,WELL-00041_20190817173916,WELL-00041,normal,42,43,2019-08-19T12:39:16+00:00,0,stream
3w_own_history,WELL-00041_20190817173916,WELL-00041,normal,43,44,2019-08-19T13:39:16+00:00,0,stream
3w_own_history,WELL-00041_20190817173916,WELL-00041,normal,44,45,2019-08-19T14:39:16+00:00,0,stream
3w_own_history,WELL-00041_20190817173916,WELL-00041,normal,45,46,2019-08-19T15:39:16+00:00,0,stream
3w_own_history,WELL-00041_20190819163753,WELL-00041,normal,0,1,2019-08-19T17:37:53+00:00,0,fit
3w_own_history,WELL-00041_20190819163753,WELL-00041,normal,1,2,2019-08-19T18:37:53+00:00,0,fit
3w_own_history,WELL-00041_20190819163753,WELL-00041,normal,2,3,2019-08-19T19:37:53+00:00,0,fit
3w_own_history,WELL-00041_20190819163753,WELL-00041,normal,3,4,2019-08-19T20:37:53+00:00,0,threshold
3w_own_history,WELL-00041_20190819163753,WELL-00041,normal,4,5,2019-08-19T21:37:53+00:00,0,threshold
3w_own_history,WELL-00041_20190819163753,WELL-00041,normal,5,6,2019-08-19T22:37:53+00:00,0,threshold
3w_own_history,WELL-00041_20190819163753,WELL-00041,normal,6,7,2019-08-19T23:37:53+00:00,0,stream
3w_own_history,WELL-00041_20190819163753,WELL-00041,normal,7,8,2019-08-20T00:37:53+00:00,0,stream
3w_own_history,WELL-00041_20190819163753,WELL-00041,normal,8,9,2019-08-20T01:37:53+00:00,0,stream
3w_own_history,WELL-00041_20190819163753,WELL-00041,normal,9,10,2019-08-20T02:37:53+00:00,0,stream
3w_own_history,WELL-00041_20190819163753,WELL-00041,normal,10,11,2019-08-20T03:37:53+00:00,0,stream
3w_own_history,WELL-00041_20190819163753,WELL-00041,normal,11,12,2019-08-20T04:37:53+00:00,0,stream
3w_own_history,WELL-00041_20190819163753,WELL-00041,normal,12,13,2019-08-20T05:37:53+00:00,0,stream
3w_own_history,WELL-00041_20190819163753,WELL-00041,normal,13,14,2019-08-20T06:37:53+00:00,0,stream
3w_own_history,WELL-00041_20190819163753,WELL-00041,normal,14,15,2019-08-20T07:37:53+00:00,0,stream
3w_own_history,WELL-00041_20190819163753,WELL-00041,normal,15,16,2019-08-20T08:37:53+00:00,0,stream
3w_own_history,WELL-00041_20190819163753,WELL-00041,normal,16,17,2019-08-20T09:37:53+00:00,0,stream
3w_own_history,WELL-00041_20190819163753,WELL-00041,normal,17,18,2019-08-20T10:37:53+00:00,0,stream
3w_own_history,WELL-00041_20190819163753,WELL-00041,normal,18,19,2019-08-20T11:37:53+00:00,0,stream
3w_own_history,WELL-00041_20190819163753,WELL-00041,normal,19,20,2019-08-20T12:37:53+00:00,0,stream
3w_own_history,WELL-00041_20190819163753,WELL-00041,normal,20,21,2019-08-20T13:37:53+00:00,0,stream
3w_own_history,WELL-00041_20190819163753,WELL-00041,normal,21,22,2019-08-20T14:37:53+00:00,0,stream
3w_own_history,WELL-00041_20190819163753,WELL-00041,normal,22,23,2019-08-20T15:37:53+00:00,0,stream
3w_own_history,WELL-00041_20190819163753,WELL-00041,normal,23,24,2019-08-20T16:37:53+00:00,0,stream
3w_own_history,WELL-00041_20190819163753,WELL-00041,normal,24,25,2019-08-20T17:37:53+00:00,0,stream
3w_own_history,WELL-00041_20190819163753,WELL-00041,normal,25,26,2019-08-20T18:37:53+00:00,0,stream
3w_own_history,WELL-00041_20190819163753,WELL-00041,normal,26,27,2019-08-20T19:37:53+00:00,0,stream
3w_own_history,WELL-00041_20190819163753,WELL-00041,normal,27,28,2019-08-20T20:37:53+00:00,0,stream
3w_own_history,WELL-00041_20190819163753,WELL-00041,normal,28,29,2019-08-20T21:37:53+00:00,0,stream
3w_own_history,WELL-00041_20190819163753,WELL-00041,normal,29,30,2019-08-20T22:37:53+00:00,0,stream
3w_own_history,WELL-00041_20190819163753,WELL-00041,normal,30,31,2019-08-20T23:37:53+00:00,0,stream
3w_own_history,WELL-00041_20190819163753,WELL-00041,normal,31,32,2019-08-21T00:37:53+00:00,0,stream
3w_own_history,WELL-00041_20190819163753,WELL-00041,normal,32,33,2019-08-21T01:37:53+00:00,0,stream
3w_own_history,WELL-00041_20190819163753,WELL-00041,normal,33,34,2019-08-21T02:37:53+00:00,0,stream
3w_own_history,WELL-00041_20190819163753,WELL-00041,normal,34,35,2019-08-21T03:37:53+00:00,0,stream
3w_own_history,WELL-00041_20190819163753,WELL-00041,normal,35,36,2019-08-21T04:37:53+00:00,0,stream
3w_own_history,WELL-00041_20190819163753,WELL-00041,normal,36,37,2019-08-21T05:37:53+00:00,0,stream
3w_own_history,WELL-00041_20190819163753,WELL-00041,normal,37,38,2019-08-21T06:37:53+00:00,0,stream
3w_own_history,WELL-00041_20190819163753,WELL-00041,normal,38,39,2019-08-21T07:37:53+00:00,0,stream
3w_own_history,WELL-00041_20190822143519,WELL-00041,normal,0,1,2019-08-22T15:35:19+00:00,0,fit
3w_own_history,WELL-00041_20190822143519,WELL-00041,normal,1,2,2019-08-22T16:35:19+00:00,0,fit
3w_own_history,WELL-00041_20190822143519,WELL-00041,normal,2,3,2019-08-22T17:35:19+00:00,0,fit
3w_own_history,WELL-00041_20190822143519,WELL-00041,normal,3,4,2019-08-22T18:35:19+00:00,0,threshold
3w_own_history,WELL-00041_20190822143519,WELL-00041,normal,4,5,2019-08-22T19:35:19+00:00,0,threshold
3w_own_history,WELL-00041_20190822143519,WELL-00041,normal,5,6,2019-08-22T20:35:19+00:00,0,threshold
3w_own_history,WELL-00041_20190822143519,WELL-00041,normal,6,7,2019-08-22T21:35:19+00:00,0,stream
3w_own_history,WELL-00041_20190822143519,WELL-00041,normal,7,8,2019-08-22T22:35:19+00:00,0,stream
3w_own_history,WELL-00041_20190822143519,WELL-00041,normal,8,9,2019-08-22T23:35:19+00:00,0,stream
3w_own_history,WELL-00041_20190822143519,WELL-00041,normal,9,10,2019-08-23T00:35:19+00:00,0,stream
3w_own_history,WELL-00041_20190822143519,WELL-00041,normal,10,11,2019-08-23T01:35:19+00:00,0,stream
3w_own_history,WELL-00041_20190822143519,WELL-00041,normal,11,12,2019-08-23T02:35:19+00:00,0,stream
3w_own_history,WELL-00041_20190822143519,WELL-00041,normal,12,13,2019-08-23T03:35:19+00:00,0,stream
3w_own_history,WELL-00041_20190822143519,WELL-00041,normal,13,14,2019-08-23T04:35:19+00:00,0,stream
3w_own_history,WELL-00041_20190822143519,WELL-00041,normal,14,15,2019-08-23T05:35:19+00:00,0,stream
3w_own_history,WELL-00041_20190822143519,WELL-00041,normal,15,16,2019-08-23T06:35:19+00:00,0,stream
3w_own_history,WELL-00041_20190822143519,WELL-00041,normal,16,17,2019-08-23T07:35:19+00:00,0,stream
3w_own_history,WELL-00041_20190822143519,WELL-00041,normal,17,18,2019-08-23T08:35:19+00:00,0,stream
3w_own_history,WELL-00041_20190822143519,WELL-00041,normal,18,19,2019-08-23T09:35:19+00:00,0,stream
3w_own_history,WELL-00041_20190822143519,WELL-00041,normal,19,20,2019-08-23T10:35:19+00:00,0,stream
3w_own_history,WELL-00041_20190822143519,WELL-00041,normal,20,21,2019-08-23T11:35:19+00:00,0,stream
3w_own_history,WELL-00041_20190822143519,WELL-00041,normal,21,22,2019-08-23T12:35:19+00:00,0,stream
3w_own_history,WELL-00041_20190822143519,WELL-00041,normal,22,23,2019-08-23T13:35:19+00:00,0,stream
3w_own_history,WELL-00041_20190822143519,WELL-00041,normal,23,24,2019-08-23T14:35:19+00:00,0,stream
3w_own_history,WELL-00041_20190822143519,WELL-00041,normal,24,25,2019-08-23T15:35:19+00:00,0,stream
3w_own_history,WELL-00041_20190822143519,WELL-00041,normal,25,26,2019-08-23T16:35:19+00:00,0,stream
3w_own_history,WELL-00041_20190906051807,WELL-00041,normal,0,1,2019-09-06T06:18:07+00:00,0,fit
3w_own_history,WELL-00041_20190906051807,WELL-00041,normal,1,2,2019-09-06T07:18:07+00:00,0,fit
3w_own_history,WELL-00041_20190906051807,WELL-00041,normal,2,3,2019-09-06T08:18:07+00:00,0,fit
3w_own_history,WELL-00041_20190906051807,WELL-00041,normal,3,4,2019-09-06T09:18:07+00:00,0,threshold
3w_own_history,WELL-00041_20190906051807,WELL-00041,normal,4,5,2019-09-06T10:18:07+00:00,0,threshold
3w_own_history,WELL-00041_20190906051807,WELL-00041,normal,5,6,2019-09-06T11:18:07+00:00,0,threshold
3w_own_history,WELL-00041_20190906051807,WELL-00041,normal,6,7,2019-09-06T12:18:07+00:00,0,stream
3w_own_history,WELL-00041_20190906051807,WELL-00041,normal,7,8,2019-09-06T13:18:07+00:00,0,stream
3w_own_history,WELL-00041_20190906051807,WELL-00041,normal,8,9,2019-09-06T14:18:07+00:00,0,stream
3w_own_history,WELL-00041_20190906051807,WELL-00041,normal,9,10,2019-09-06T15:18:07+00:00,0,stream
3w_own_history,WELL-00041_20190906051807,WELL-00041,normal,10,11,2019-09-06T16:18:07+00:00,0,stream
3w_own_history,WELL-00041_20190906051807,WELL-00041,normal,11,12,2019-09-06T17:18:07+00:00,0,stream
3w_own_history,WELL-00041_20190906051807,WELL-00041,normal,12,13,2019-09-06T18:18:07+00:00,0,stream
3w_own_history,WELL-00041_20190906051807,WELL-00041,normal,13,14,2019-09-06T19:18:07+00:00,0,stream
3w_own_history,WELL-00041_20190906051807,WELL-00041,normal,14,15,2019-09-06T20:18:07+00:00,0,stream
3w_own_history,WELL-00041_20190906051807,WELL-00041,normal,15,16,2019-09-06T21:18:07+00:00,0,stream
3w_own_history,WELL-00041_20190906051807,WELL-00041,normal,16,17,2019-09-06T22:18:07+00:00,0,stream
3w_own_history,WELL-00041_20190906051807,WELL-00041,normal,17,18,2019-09-06T23:18:07+00:00,0,stream
3w_own_history,WELL-00041_20190906051807,WELL-00041,normal,18,19,2019-09-07T00:18:07+00:00,0,stream
3w_own_history,WELL-00041_20190906051807,WELL-00041,normal,19,20,2019-09-07T01:18:07+00:00,0,stream
3w_own_history,WELL-00041_20190906051807,WELL-00041,normal,20,21,2019-09-07T02:18:07+00:00,0,stream
3w_own_history,WELL-00041_20190906051807,WELL-00041,normal,21,22,2019-09-07T03:18:07+00:00,0,stream
3w_own_history,WELL-00041_20190906051807,WELL-00041,normal,22,23,2019-09-07T04:18:07+00:00,0,stream
3w_own_history,WELL-00041_20190906051807,WELL-00041,normal,23,24,2019-09-07T05:18:07+00:00,0,stream
3w_own_history,WELL-00041_20190906051807,WELL-00041,normal,24,25,2019-09-07T06:18:07+00:00,0,stream
3w_own_history,WELL-00041_20190906051807,WELL-00041,normal,25,26,2019-09-07T07:18:07+00:00,0,stream
3w_own_history,WELL-00041_20190906051807,WELL-00041,normal,26,27,2019-09-07T08:18:07+00:00,0,stream
3w_own_history,WELL-00041_20190906051807,WELL-00041,normal,27,28,2019-09-07T09:18:07+00:00,0,stream
3w_own_history,WELL-00041_20190906051807,WELL-00041,normal,28,29,2019-09-07T10:18:07+00:00,0,stream
3w_own_history,WELL-00041_20190906051807,WELL-00041,normal,29,30,2019-09-07T11:18:07+00:00,0,stream
3w_own_history,WELL-00041_20190906051807,WELL-00041,normal,30,31,2019-09-07T12:18:07+00:00,0,stream
3w_own_history,WELL-00041_20190906051807,WELL-00041,normal,31,32,2019-09-07T13:18:07+00:00,0,stream
3w_own_history,WELL-00041_20190906051807,WELL-00041,normal,32,33,2019-09-07T14:18:07+00:00,0,stream
3w_own_history,WELL-00041_20190906051807,WELL-00041,normal,33,34,2019-09-07T15:18:07+00:00,0,stream
3w_own_history,WELL-00041_20190906051807,WELL-00041,normal,34,35,2019-09-07T16:18:07+00:00,0,stream
3w_own_history,WELL-00041_20190906051807,WELL-00041,normal,35,36,2019-09-07T17:18:07+00:00,0,stream
3w_own_history,WELL-00041_20190906051807,WELL-00041,normal,36,37,2019-09-07T18:18:07+00:00,0,stream
3w_own_history,WELL-00041_20190906051807,WELL-00041,normal,37,38,2019-09-07T19:18:07+00:00,0,stream
3w_own_history,WELL-00041_20190906051807,WELL-00041,normal,38,39,2019-09-07T20:18:07+00:00,0,stream
3w_own_history,WELL-00041_20190906051807,WELL-00041,normal,39,40,2019-09-07T21:18:07+00:00,0,stream
3w_own_history,WELL-00041_20190906051807,WELL-00041,normal,40,41,2019-09-07T22:18:07+00:00,0,stream
3w_own_history,WELL-00041_20190906051807,WELL-00041,normal,41,42,2019-09-07T23:18:07+00:00,0,stream
3w_own_history,WELL-00041_20190906051807,WELL-00041,normal,42,43,2019-09-08T00:18:07+00:00,0,stream
3w_own_history,WELL-00041_20190906051807,WELL-00041,normal,43,44,2019-09-08T01:18:07+00:00,0,stream
3w_own_history,WELL-00041_20190906051807,WELL-00041,normal,44,45,2019-09-08T02:18:07+00:00,0,stream
3w_own_history,WELL-00041_20190906051807,WELL-00041,normal,45,46,2019-09-08T03:18:07+00:00,0,stream
3w_own_history,WELL-00041_20190906051807,WELL-00041,normal,46,47,2019-09-08T04:18:07+00:00,0,stream
3w_own_history,WELL-00041_20190906051807,WELL-00041,normal,47,48,2019-09-08T05:18:07+00:00,0,stream
3w_own_history,WELL-00041_20190906051807,WELL-00041,normal,48,49,2019-09-08T06:18:07+00:00,0,stream
3w_own_history,WELL-00041_20190906051807,WELL-00041,normal,49,50,2019-09-08T07:18:07+00:00,0,stream
3w_own_history,WELL-00041_20190917161232,WELL-00041,normal,0,1,2019-09-17T17:12:32+00:00,0,fit
3w_own_history,WELL-00041_20190917161232,WELL-00041,normal,1,2,2019-09-17T18:12:32+00:00,0,fit
3w_own_history,WELL-00041_20190917161232,WELL-00041,normal,2,3,2019-09-17T19:12:32+00:00,0,fit
3w_own_history,WELL-00041_20190917161232,WELL-00041,normal,3,4,2019-09-17T20:12:32+00:00,0,threshold
3w_own_history,WELL-00041_20190917161232,WELL-00041,normal,4,5,2019-09-17T21:12:32+00:00,0,threshold
3w_own_history,WELL-00041_20190917161232,WELL-00041,normal,5,6,2019-09-17T22:12:32+00:00,0,threshold
3w_own_history,WELL-00041_20190917161232,WELL-00041,normal,6,7,2019-09-17T23:12:32+00:00,0,stream
3w_own_history,WELL-00041_20190917161232,WELL-00041,normal,7,8,2019-09-18T00:12:32+00:00,0,stream
3w_own_history,WELL-00041_20190917161232,WELL-00041,normal,8,9,2019-09-18T01:12:32+00:00,0,stream
3w_own_history,WELL-00041_20190917161232,WELL-00041,normal,9,10,2019-09-18T02:12:32+00:00,0,stream
3w_own_history,WELL-00041_20190917161232,WELL-00041,normal,10,11,2019-09-18T03:12:32+00:00,0,stream
3w_own_history,WELL-00041_20190917161232,WELL-00041,normal,11,12,2019-09-18T04:12:32+00:00,0,stream
3w_own_history,WELL-00041_20190917161232,WELL-00041,normal,12,13,2019-09-18T05:12:32+00:00,0,stream
3w_own_history,WELL-00041_20190917161232,WELL-00041,normal,13,14,2019-09-18T06:12:32+00:00,0,stream
3w_own_history,WELL-00041_20190917161232,WELL-00041,normal,14,15,2019-09-18T07:12:32+00:00,0,stream
3w_own_history,WELL-00041_20190917161232,WELL-00041,normal,15,16,2019-09-18T08:12:32+00:00,0,stream
3w_own_history,WELL-00041_20190917161232,WELL-00041,normal,16,17,2019-09-18T09:12:32+00:00,0,stream
3w_own_history,WELL-00041_20190917161232,WELL-00041,normal,17,18,2019-09-18T10:12:32+00:00,0,stream
3w_own_history,WELL-00041_20190917161232,WELL-00041,normal,18,19,2019-09-18T11:12:32+00:00,0,stream
3w_own_history,WELL-00041_20190917161232,WELL-00041,normal,19,20,2019-09-18T12:12:32+00:00,0,stream
3w_own_history,WELL-00041_20190917161232,WELL-00041,normal,20,21,2019-09-18T13:12:32+00:00,0,stream
3w_own_history,WELL-00041_20190917161232,WELL-00041,normal,21,22,2019-09-18T14:12:32+00:00,0,stream
3w_own_history,WELL-00041_20190917161232,WELL-00041,normal,22,23,2019-09-18T15:12:32+00:00,0,stream
3w_own_history,WELL-00041_20190917161232,WELL-00041,normal,23,24,2019-09-18T16:12:32+00:00,0,stream
3w_own_history,WELL-00041_20190917161232,WELL-00041,normal,24,25,2019-09-18T17:12:32+00:00,0,stream
3w_own_history,WELL-00041_20190917161232,WELL-00041,normal,25,26,2019-09-18T18:12:32+00:00,0,stream
3w_own_history,WELL-00041_20190917161232,WELL-00041,normal,26,27,2019-09-18T19:12:32+00:00,0,stream
3w_own_history,WELL-00041_20190917161232,WELL-00041,normal,27,28,2019-09-18T20:12:32+00:00,0,stream
3w_own_history,WELL-00041_20190917161232,WELL-00041,normal,28,29,2019-09-18T21:12:32+00:00,0,stream
3w_own_history,WELL-00041_20190917161232,WELL-00041,normal,29,30,2019-09-18T22:12:32+00:00,0,stream
3w_own_history,WELL-00041_20190917161232,WELL-00041,normal,30,31,2019-09-18T23:12:32+00:00,0,stream
3w_own_history,WELL-00041_20190917161232,WELL-00041,normal,31,32,2019-09-19T00:12:32+00:00,0,stream
3w_own_history,WELL-00041_20190917161232,WELL-00041,normal,32,33,2019-09-19T01:12:32+00:00,0,stream
3w_own_history,WELL-00041_20190917161232,WELL-00041,normal,33,34,2019-09-19T02:12:32+00:00,0,stream
3w_own_history,WELL-00041_20190917161232,WELL-00041,normal,34,35,2019-09-19T03:12:32+00:00,0,stream
3w_own_history,WELL-00041_20190917161232,WELL-00041,normal,35,36,2019-09-19T04:12:32+00:00,0,stream
3w_own_history,WELL-00041_20190917161232,WELL-00041,normal,36,37,2019-09-19T05:12:32+00:00,0,stream
3w_own_history,WELL-00041_20190917161232,WELL-00041,normal,37,38,2019-09-19T06:12:32+00:00,0,stream
3w_own_history,WELL-00041_20190917161232,WELL-00041,normal,38,39,2019-09-19T07:12:32+00:00,0,stream
3w_own_history,WELL-00041_20190917161232,WELL-00041,normal,39,40,2019-09-19T08:12:32+00:00,0,stream
3w_own_history,WELL-00041_20190917161232,WELL-00041,normal,40,41,2019-09-19T09:12:32+00:00,0,stream
3w_own_history,WELL-00041_20190917161232,WELL-00041,normal,41,42,2019-09-19T10:12:32+00:00,0,stream
3w_own_history,WELL-00041_20190917161232,WELL-00041,normal,42,43,2019-09-19T11:12:32+00:00,0,stream
3w_own_history,WELL-00041_20190917161232,WELL-00041,normal,43,44,2019-09-19T12:12:32+00:00,0,stream
3w_own_history,WELL-00041_20190917161232,WELL-00041,normal,44,45,2019-09-19T13:12:32+00:00,0,stream
3w_own_history,WELL-00041_20190917161232,WELL-00041,normal,45,46,2019-09-19T14:12:32+00:00,0,stream
3w_own_history,WELL-00041_20190917161232,WELL-00041,normal,46,47,2019-09-19T15:12:32+00:00,0,stream
3w_own_history,WELL-00041_20190917161232,WELL-00041,normal,47,48,2019-09-19T16:12:32+00:00,0,stream
3w_own_history,WELL-00041_20190917161232,WELL-00041,normal,48,49,2019-09-19T17:12:32+00:00,0,stream
3w_own_history,WELL-00041_20190917161232,WELL-00041,normal,49,50,2019-09-19T18:12:32+00:00,0,stream
3w_own_history,WELL-00041_20190917161232,WELL-00041,normal,50,51,2019-09-19T19:12:32+00:00,0,stream
3w_own_history,WELL-00041_20190917161232,WELL-00041,normal,51,52,2019-09-19T20:12:32+00:00,0,stream
3w_own_history,WELL-00041_20190924202109,WELL-00041,normal,0,1,2019-09-24T21:21:09+00:00,0,fit
3w_own_history,WELL-00041_20190924202109,WELL-00041,normal,1,2,2019-09-24T22:21:09+00:00,0,fit
3w_own_history,WELL-00041_20190924202109,WELL-00041,normal,2,3,2019-09-24T23:21:09+00:00,0,fit
3w_own_history,WELL-00041_20190924202109,WELL-00041,normal,3,4,2019-09-25T00:21:09+00:00,0,threshold
3w_own_history,WELL-00041_20190924202109,WELL-00041,normal,4,5,2019-09-25T01:21:09+00:00,0,threshold
3w_own_history,WELL-00041_20190924202109,WELL-00041,normal,5,6,2019-09-25T02:21:09+00:00,0,threshold
3w_own_history,WELL-00041_20190924202109,WELL-00041,normal,6,7,2019-09-25T03:21:09+00:00,0,stream
3w_own_history,WELL-00041_20190924202109,WELL-00041,normal,7,8,2019-09-25T04:21:09+00:00,0,stream
3w_own_history,WELL-00041_20190924202109,WELL-00041,normal,8,9,2019-09-25T05:21:09+00:00,0,stream
3w_own_history,WELL-00041_20190924202109,WELL-00041,normal,9,10,2019-09-25T06:21:09+00:00,0,stream
3w_own_history,WELL-00041_20190925111412,WELL-00041,normal,0,1,2019-09-25T12:14:12+00:00,0,fit
3w_own_history,WELL-00041_20190925111412,WELL-00041,normal,1,2,2019-09-25T13:14:12+00:00,0,fit
3w_own_history,WELL-00041_20190925111412,WELL-00041,normal,2,3,2019-09-25T14:14:12+00:00,0,fit
3w_own_history,WELL-00041_20190925111412,WELL-00041,normal,3,4,2019-09-25T15:14:12+00:00,0,threshold
3w_own_history,WELL-00041_20190925111412,WELL-00041,normal,4,5,2019-09-25T16:14:12+00:00,0,threshold
3w_own_history,WELL-00041_20190925111412,WELL-00041,normal,5,6,2019-09-25T17:14:12+00:00,0,threshold
3w_own_history,WELL-00041_20190925111412,WELL-00041,normal,6,7,2019-09-25T18:14:12+00:00,0,stream
3w_own_history,WELL-00041_20190925111412,WELL-00041,normal,7,8,2019-09-25T19:14:12+00:00,0,stream
3w_own_history,WELL-00041_20190925111412,WELL-00041,normal,8,9,2019-09-25T20:14:12+00:00,0,stream
3w_own_history,WELL-00041_20190925111412,WELL-00041,normal,9,10,2019-09-25T21:14:12+00:00,0,stream
3w_own_history,WELL-00042_20141217142745,WELL-00042,mixed,0,1,2014-12-17T15:27:45+00:00,0,fit
3w_own_history,WELL-00042_20141217142745,WELL-00042,mixed,1,2,2014-12-17T16:27:45+00:00,0,fit
3w_own_history,WELL-00042_20141217142745,WELL-00042,mixed,2,3,2014-12-17T17:27:45+00:00,0,fit
3w_own_history,WELL-00042_20141217142745,WELL-00042,mixed,3,4,2014-12-17T18:27:45+00:00,0,threshold
3w_own_history,WELL-00042_20141217142745,WELL-00042,mixed,4,5,2014-12-17T19:27:45+00:00,0,threshold
3w_own_history,WELL-00042_20141217142745,WELL-00042,mixed,5,6,2014-12-17T20:27:45+00:00,1,threshold
3w_own_history,WELL-00042_20141217142745,WELL-00042,mixed,6,7,2014-12-17T21:27:45+00:00,1,stream
3w_own_history,WELL-00042_20141217142745,WELL-00042,mixed,7,8,2014-12-17T22:27:45+00:00,1,stream
3w_own_history,WELL-00042_20141217142745,WELL-00042,mixed,8,9,2014-12-17T23:27:45+00:00,1,stream
3w_own_history,WELL-00042_20141221190219,WELL-00042,mixed,0,1,2014-12-21T20:02:19+00:00,0,fit
3w_own_history,WELL-00042_20141221190219,WELL-00042,mixed,1,2,2014-12-21T21:02:19+00:00,0,fit
3w_own_history,WELL-00042_20141221190219,WELL-00042,mixed,2,3,2014-12-21T22:02:19+00:00,0,fit
3w_own_history,WELL-00042_20141221190219,WELL-00042,mixed,3,4,2014-12-21T23:02:19+00:00,0,threshold
3w_own_history,WELL-00042_20141221190219,WELL-00042,mixed,4,5,2014-12-22T00:02:19+00:00,1,threshold
3w_own_history,WELL-00042_20141221190219,WELL-00042,mixed,5,6,2014-12-22T01:02:19+00:00,1,threshold
3w_own_history,WELL-00042_20141221190219,WELL-00042,mixed,6,7,2014-12-22T02:02:19+00:00,1,stream
skab,other__1,other,labelled,0,0,2020-03-01T15:44:06+00:00,0,fit
skab,other__1,other,labelled,1,1,2020-03-01T15:45:06+00:00,0,fit
skab,other__1,other,labelled,2,2,2020-03-01T15:46:06+00:00,0,fit
skab,other__1,other,labelled,3,3,2020-03-01T15:47:06+00:00,0,threshold
skab,other__1,other,labelled,4,4,2020-03-01T15:48:06+00:00,0,threshold
skab,other__1,other,labelled,5,5,2020-03-01T15:49:06+00:00,0,threshold
skab,other__1,other,labelled,6,6,2020-03-01T15:50:06+00:00,0,stream
skab,other__1,other,labelled,7,7,2020-03-01T15:51:06+00:00,0,stream
skab,other__1,other,labelled,8,8,2020-03-01T15:52:06+00:00,0,stream
skab,other__1,other,labelled,9,9,2020-03-01T15:53:06+00:00,1,stream
skab,other__1,other,labelled,10,10,2020-03-01T15:54:06+00:00,1,stream
skab,other__1,other,labelled,11,11,2020-03-01T15:55:06+00:00,1,stream
skab,other__1,other,labelled,12,12,2020-03-01T15:56:06+00:00,1,stream
skab,other__1,other,labelled,13,13,2020-03-01T15:57:06+00:00,1,stream
skab,other__10,other,labelled,0,0,2020-02-08T17:47:44+00:00,0,fit
skab,other__10,other,labelled,1,1,2020-02-08T17:48:44+00:00,0,fit
skab,other__10,other,labelled,2,2,2020-02-08T17:49:44+00:00,0,fit
skab,other__10,other,labelled,3,3,2020-02-08T17:50:44+00:00,0,threshold
skab,other__10,other,labelled,4,4,2020-02-08T17:51:44+00:00,0,threshold
skab,other__10,other,labelled,5,5,2020-02-08T17:52:44+00:00,0,threshold
skab,other__10,other,labelled,6,6,2020-02-08T17:53:44+00:00,0,stream
skab,other__10,other,labelled,7,7,2020-02-08T17:54:44+00:00,0,stream
skab,other__10,other,labelled,8,8,2020-02-08T17:55:44+00:00,0,stream
skab,other__10,other,labelled,9,9,2020-02-08T17:56:44+00:00,0,stream
skab,other__10,other,labelled,10,10,2020-02-08T17:57:44+00:00,1,stream
skab,other__10,other,labelled,11,11,2020-02-08T17:58:44+00:00,1,stream
skab,other__10,other,labelled,12,12,2020-02-08T17:59:44+00:00,1,stream
skab,other__10,other,labelled,13,13,2020-02-08T18:00:44+00:00,1,stream
skab,other__10,other,labelled,14,14,2020-02-08T18:01:44+00:00,1,stream
skab,other__10,other,labelled,15,15,2020-02-08T18:02:44+00:00,1,stream
skab,other__10,other,labelled,16,16,2020-02-08T18:03:44+00:00,1,stream
skab,other__10,other,labelled,17,17,2020-02-08T18:04:44+00:00,1,stream
skab,other__10,other,labelled,18,18,2020-02-08T18:05:44+00:00,1,stream
skab,other__10,other,labelled,19,19,2020-02-08T18:06:44+00:00,1,stream
skab,other__10,other,labelled,20,20,2020-02-08T18:07:44+00:00,1,stream
skab,other__10,other,labelled,21,21,2020-02-08T18:08:44+00:00,0,stream
skab,other__10,other,labelled,22,22,2020-02-08T18:09:44+00:00,0,stream
skab,other__10,other,labelled,23,23,2020-02-08T18:10:44+00:00,0,stream
skab,other__11,other,labelled,0,0,2020-02-08T18:10:42+00:00,0,fit
skab,other__11,other,labelled,1,1,2020-02-08T18:11:42+00:00,0,fit
skab,other__11,other,labelled,2,2,2020-02-08T18:12:42+00:00,0,fit
skab,other__11,other,labelled,3,3,2020-02-08T18:13:42+00:00,0,threshold
skab,other__11,other,labelled,4,4,2020-02-08T18:14:42+00:00,0,threshold
skab,other__11,other,labelled,5,5,2020-02-08T18:15:42+00:00,0,threshold
skab,other__11,other,labelled,6,6,2020-02-08T18:16:42+00:00,0,stream
skab,other__11,other,labelled,7,7,2020-02-08T18:17:42+00:00,0,stream
skab,other__11,other,labelled,8,8,2020-02-08T18:18:42+00:00,0,stream
skab,other__11,other,labelled,9,9,2020-02-08T18:19:42+00:00,0,stream
skab,other__11,other,labelled,10,10,2020-02-08T18:20:42+00:00,1,stream
skab,other__11,other,labelled,11,11,2020-02-08T18:21:42+00:00,1,stream
skab,other__11,other,labelled,12,12,2020-02-08T18:22:42+00:00,1,stream
skab,other__11,other,labelled,13,13,2020-02-08T18:23:42+00:00,1,stream
skab,other__11,other,labelled,14,14,2020-02-08T18:24:42+00:00,1,stream
skab,other__11,other,labelled,15,15,2020-02-08T18:25:42+00:00,1,stream
skab,other__11,other,labelled,16,16,2020-02-08T18:26:42+00:00,1,stream
skab,other__11,other,labelled,17,17,2020-02-08T18:27:42+00:00,1,stream
skab,other__11,other,labelled,18,18,2020-02-08T18:28:42+00:00,0,stream
skab,other__11,other,labelled,19,19,2020-02-08T18:29:42+00:00,0,stream
skab,other__11,other,labelled,20,20,2020-02-08T18:30:42+00:00,0,stream
skab,other__12,other,labelled,0,0,2020-02-08T18:34:51+00:00,0,fit
skab,other__12,other,labelled,1,1,2020-02-08T18:35:51+00:00,0,fit
skab,other__12,other,labelled,2,2,2020-02-08T18:36:51+00:00,0,fit
skab,other__12,other,labelled,3,3,2020-02-08T18:37:51+00:00,0,threshold
skab,other__12,other,labelled,4,4,2020-02-08T18:38:51+00:00,0,threshold
skab,other__12,other,labelled,5,5,2020-02-08T18:39:51+00:00,0,threshold
skab,other__12,other,labelled,6,6,2020-02-08T18:40:51+00:00,0,stream
skab,other__12,other,labelled,7,7,2020-02-08T18:41:51+00:00,0,stream
skab,other__12,other,labelled,8,8,2020-02-08T18:42:51+00:00,0,stream
skab,other__12,other,labelled,9,9,2020-02-08T18:43:51+00:00,0,stream
skab,other__12,other,labelled,10,10,2020-02-08T18:44:51+00:00,1,stream
skab,other__12,other,labelled,11,11,2020-02-08T18:45:51+00:00,1,stream
skab,other__12,other,labelled,12,12,2020-02-08T18:46:51+00:00,1,stream
skab,other__12,other,labelled,13,13,2020-02-08T18:47:51+00:00,1,stream
skab,other__12,other,labelled,14,14,2020-02-08T18:48:51+00:00,1,stream
skab,other__12,other,labelled,15,15,2020-02-08T18:49:51+00:00,1,stream
skab,other__12,other,labelled,16,16,2020-02-08T18:50:51+00:00,1,stream
skab,other__12,other,labelled,17,17,2020-02-08T18:51:51+00:00,1,stream
skab,other__12,other,labelled,18,18,2020-02-08T18:52:51+00:00,0,stream
skab,other__12,other,labelled,19,19,2020-02-08T18:53:51+00:00,0,stream
skab,other__12,other,labelled,20,20,2020-02-08T18:54:51+00:00,0,stream
skab,other__13,other,labelled,0,0,2020-02-08T18:47:32+00:00,0,fit
skab,other__13,other,labelled,1,1,2020-02-08T18:48:32+00:00,0,fit
skab,other__13,other,labelled,2,2,2020-02-08T18:49:32+00:00,0,fit
skab,other__13,other,labelled,3,3,2020-02-08T18:50:32+00:00,0,threshold
skab,other__13,other,labelled,4,4,2020-02-08T18:51:32+00:00,0,threshold
skab,other__13,other,labelled,5,5,2020-02-08T18:52:32+00:00,0,threshold
skab,other__13,other,labelled,6,6,2020-02-08T18:53:32+00:00,0,stream
skab,other__13,other,labelled,7,7,2020-02-08T18:54:32+00:00,0,stream
skab,other__13,other,labelled,8,8,2020-02-08T18:55:32+00:00,0,stream
skab,other__13,other,labelled,9,9,2020-02-08T18:56:32+00:00,1,stream
skab,other__13,other,labelled,10,10,2020-02-08T18:57:32+00:00,1,stream
skab,other__13,other,labelled,11,11,2020-02-08T18:58:32+00:00,1,stream
skab,other__13,other,labelled,12,12,2020-02-08T18:59:32+00:00,1,stream
skab,other__13,other,labelled,13,13,2020-02-08T19:00:32+00:00,1,stream
skab,other__13,other,labelled,14,14,2020-02-08T19:01:32+00:00,1,stream
skab,other__13,other,labelled,15,15,2020-02-08T19:02:32+00:00,1,stream
skab,other__13,other,labelled,16,16,2020-02-08T19:03:32+00:00,0,stream
skab,other__13,other,labelled,17,17,2020-02-08T19:04:32+00:00,0,stream
skab,other__13,other,labelled,18,18,2020-02-08T19:05:32+00:00,0,stream
skab,other__14,other,labelled,0,0,2020-02-08T19:16:28+00:00,0,fit
skab,other__14,other,labelled,1,1,2020-02-08T19:17:28+00:00,0,fit
skab,other__14,other,labelled,2,2,2020-02-08T19:18:28+00:00,0,fit
skab,other__14,other,labelled,3,3,2020-02-08T19:19:28+00:00,0,threshold
skab,other__14,other,labelled,4,4,2020-02-08T19:20:28+00:00,0,threshold
skab,other__14,other,labelled,5,5,2020-02-08T19:21:28+00:00,0,threshold
skab,other__14,other,labelled,6,6,2020-02-08T19:22:28+00:00,0,stream
skab,other__14,other,labelled,7,7,2020-02-08T19:23:28+00:00,0,stream
skab,other__14,other,labelled,8,8,2020-02-08T19:24:28+00:00,0,stream
skab,other__14,other,labelled,9,9,2020-02-08T19:25:28+00:00,0,stream
skab,other__14,other,labelled,10,10,2020-02-08T19:26:28+00:00,1,stream
skab,other__14,other,labelled,11,11,2020-02-08T19:27:28+00:00,1,stream
skab,other__14,other,labelled,12,12,2020-02-08T19:28:28+00:00,1,stream
skab,other__14,other,labelled,13,13,2020-02-08T19:29:28+00:00,1,stream
skab,other__14,other,labelled,14,14,2020-02-08T19:30:28+00:00,1,stream
skab,other__14,other,labelled,15,15,2020-02-08T19:31:28+00:00,1,stream
skab,other__2,other,labelled,0,0,2020-03-01T16:28:16+00:00,0,fit
skab,other__2,other,labelled,1,1,2020-03-01T16:29:16+00:00,0,fit
skab,other__2,other,labelled,2,2,2020-03-01T16:30:16+00:00,0,fit
skab,other__2,other,labelled,3,3,2020-03-01T16:31:16+00:00,0,threshold
skab,other__2,other,labelled,4,4,2020-03-01T16:32:16+00:00,0,threshold
skab,other__2,other,labelled,5,5,2020-03-01T16:33:16+00:00,1,threshold
skab,other__2,other,labelled,6,6,2020-03-01T16:34:16+00:00,1,stream
skab,other__2,other,labelled,7,7,2020-03-01T16:35:16+00:00,1,stream
skab,other__2,other,labelled,8,8,2020-03-01T16:36:16+00:00,1,stream
skab,other__2,other,labelled,9,9,2020-03-01T16:37:16+00:00,1,stream
skab,other__2,other,labelled,10,10,2020-03-01T16:38:16+00:00,1,stream
skab,other__2,other,labelled,11,11,2020-03-01T16:39:16+00:00,1,stream
skab,other__2,other,labelled,12,12,2020-03-01T16:40:16+00:00,1,stream
skab,other__2,other,labelled,13,13,2020-03-01T16:41:16+00:00,0,stream
skab,other__2,other,labelled,14,14,2020-03-01T16:42:16+00:00,0,stream
skab,other__2,other,labelled,15,15,2020-03-01T16:43:16+00:00,0,stream
skab,other__2,other,labelled,16,16,2020-03-01T16:44:16+00:00,0,stream
skab,other__2,other,labelled,17,17,2020-03-01T16:45:16+00:00,0,stream
skab,other__3,other,labelled,0,0,2020-03-01T16:43:54+00:00,0,fit
skab,other__3,other,labelled,1,1,2020-03-01T16:44:54+00:00,0,fit
skab,other__3,other,labelled,2,2,2020-03-01T16:45:54+00:00,0,fit
skab,other__3,other,labelled,3,3,2020-03-01T16:46:54+00:00,0,threshold
skab,other__3,other,labelled,4,4,2020-03-01T16:47:54+00:00,0,threshold
skab,other__3,other,labelled,5,5,2020-03-01T16:48:54+00:00,0,threshold
skab,other__3,other,labelled,6,6,2020-03-01T16:49:54+00:00,0,stream
skab,other__3,other,labelled,7,7,2020-03-01T16:50:54+00:00,0,stream
skab,other__3,other,labelled,8,8,2020-03-01T16:51:54+00:00,0,stream
skab,other__3,other,labelled,9,9,2020-03-01T16:52:54+00:00,1,stream
skab,other__3,other,labelled,10,10,2020-03-01T16:53:54+00:00,1,stream
skab,other__3,other,labelled,11,11,2020-03-01T16:54:54+00:00,1,stream
skab,other__3,other,labelled,12,12,2020-03-01T16:55:54+00:00,1,stream
skab,other__3,other,labelled,13,13,2020-03-01T16:56:54+00:00,1,stream
skab,other__3,other,labelled,14,14,2020-03-01T16:57:54+00:00,1,stream
skab,other__3,other,labelled,15,15,2020-03-01T16:58:54+00:00,1,stream
skab,other__3,other,labelled,16,16,2020-03-01T16:59:54+00:00,1,stream
skab,other__3,other,labelled,17,17,2020-03-01T17:00:54+00:00,0,stream
skab,other__3,other,labelled,18,18,2020-03-01T17:01:54+00:00,0,stream
skab,other__3,other,labelled,19,19,2020-03-01T17:02:54+00:00,0,stream
skab,other__4,other,labelled,0,0,2020-03-01T16:59:53+00:00,0,fit
skab,other__4,other,labelled,1,1,2020-03-01T17:00:53+00:00,0,fit
skab,other__4,other,labelled,2,2,2020-03-01T17:01:53+00:00,0,fit
skab,other__4,other,labelled,3,3,2020-03-01T17:02:53+00:00,0,threshold
skab,other__4,other,labelled,4,4,2020-03-01T17:03:53+00:00,0,threshold
skab,other__4,other,labelled,5,5,2020-03-01T17:04:53+00:00,0,threshold
skab,other__4,other,labelled,6,6,2020-03-01T17:05:53+00:00,0,stream
skab,other__4,other,labelled,7,7,2020-03-01T17:06:53+00:00,0,stream
skab,other__4,other,labelled,8,8,2020-03-01T17:07:53+00:00,0,stream
skab,other__4,other,labelled,9,9,2020-03-01T17:08:53+00:00,0,stream
skab,other__4,other,labelled,10,10,2020-03-01T17:09:53+00:00,0,stream
skab,other__4,other,labelled,11,11,2020-03-01T17:10:53+00:00,0,stream
skab,other__4,other,labelled,12,12,2020-03-01T17:11:53+00:00,0,stream
skab,other__4,other,labelled,13,13,2020-03-01T17:12:53+00:00,0,stream
skab,other__4,other,labelled,14,14,2020-03-01T17:13:53+00:00,1,stream
skab,other__4,other,labelled,15,15,2020-03-01T17:14:53+00:00,1,stream
skab,other__4,other,labelled,16,16,2020-03-01T17:15:53+00:00,1,stream
skab,other__4,other,labelled,17,17,2020-03-01T17:16:53+00:00,1,stream
skab,other__4,other,labelled,18,18,2020-03-01T17:17:53+00:00,1,stream
skab,other__4,other,labelled,19,19,2020-03-01T17:18:53+00:00,1,stream
skab,other__4,other,labelled,20,20,2020-03-01T17:19:53+00:00,1,stream
skab,other__5,other,labelled,0,0,2020-02-08T16:06:48+00:00,0,fit
skab,other__5,other,labelled,1,1,2020-02-08T16:07:48+00:00,0,fit
skab,other__5,other,labelled,2,2,2020-02-08T16:08:48+00:00,0,fit
skab,other__5,other,labelled,3,3,2020-02-08T16:09:48+00:00,0,threshold
skab,other__5,other,labelled,4,4,2020-02-08T16:10:48+00:00,0,threshold
skab,other__5,other,labelled,5,5,2020-02-08T16:11:48+00:00,0,threshold
skab,other__5,other,labelled,6,6,2020-02-08T16:12:48+00:00,0,stream
skab,other__5,other,labelled,7,7,2020-02-08T16:13:48+00:00,0,stream
skab,other__5,other,labelled,8,8,2020-02-08T16:14:48+00:00,0,stream
skab,other__5,other,labelled,9,9,2020-02-08T16:15:48+00:00,0,stream
skab,other__5,other,labelled,10,10,2020-02-08T16:16:48+00:00,1,stream
skab,other__5,other,labelled,11,11,2020-02-08T16:17:48+00:00,1,stream
skab,other__5,other,labelled,12,12,2020-02-08T16:18:48+00:00,1,stream
skab,other__5,other,labelled,13,13,2020-02-08T16:19:48+00:00,1,stream
skab,other__5,other,labelled,14,14,2020-02-08T16:20:48+00:00,1,stream
skab,other__5,other,labelled,15,15,2020-02-08T16:21:48+00:00,1,stream
skab,other__5,other,labelled,16,16,2020-02-08T16:22:48+00:00,1,stream
skab,other__5,other,labelled,17,17,2020-02-08T16:23:48+00:00,1,stream
skab,other__5,other,labelled,18,18,2020-02-08T16:24:48+00:00,0,stream
skab,other__5,other,labelled,19,19,2020-02-08T16:25:48+00:00,0,stream
skab,other__5,other,labelled,20,20,2020-02-08T16:26:48+00:00,0,stream
skab,other__6,other,labelled,0,0,2020-02-08T16:27:09+00:00,0,fit
skab,other__6,other,labelled,1,1,2020-02-08T16:28:09+00:00,0,fit
skab,other__6,other,labelled,2,2,2020-02-08T16:29:09+00:00,0,fit
skab,other__6,other,labelled,3,3,2020-02-08T16:30:09+00:00,0,threshold
skab,other__6,other,labelled,4,4,2020-02-08T16:31:09+00:00,0,threshold
skab,other__6,other,labelled,5,5,2020-02-08T16:32:09+00:00,0,threshold
skab,other__6,other,labelled,6,6,2020-02-08T16:33:09+00:00,0,stream
skab,other__6,other,labelled,7,7,2020-02-08T16:34:09+00:00,0,stream
skab,other__6,other,labelled,8,8,2020-02-08T16:35:09+00:00,0,stream
skab,other__6,other,labelled,9,9,2020-02-08T16:36:09+00:00,0,stream
skab,other__6,other,labelled,10,10,2020-02-08T16:37:09+00:00,1,stream
skab,other__6,other,labelled,11,11,2020-02-08T16:38:09+00:00,1,stream
skab,other__6,other,labelled,12,12,2020-02-08T16:39:09+00:00,1,stream
skab,other__6,other,labelled,13,13,2020-02-08T16:40:09+00:00,1,stream
skab,other__6,other,labelled,14,14,2020-02-08T16:41:09+00:00,1,stream
skab,other__6,other,labelled,15,15,2020-02-08T16:42:09+00:00,1,stream
skab,other__6,other,labelled,16,16,2020-02-08T16:43:09+00:00,1,stream
skab,other__6,other,labelled,17,17,2020-02-08T16:44:09+00:00,1,stream
skab,other__6,other,labelled,18,18,2020-02-08T16:45:09+00:00,0,stream
skab,other__6,other,labelled,19,19,2020-02-08T16:46:09+00:00,0,stream
skab,other__6,other,labelled,20,20,2020-02-08T16:47:09+00:00,0,stream
skab,other__7,other,labelled,0,0,2020-02-08T16:47:11+00:00,0,fit
skab,other__7,other,labelled,1,1,2020-02-08T16:48:11+00:00,0,fit
skab,other__7,other,labelled,2,2,2020-02-08T16:49:11+00:00,0,fit
skab,other__7,other,labelled,3,3,2020-02-08T16:50:11+00:00,0,threshold
skab,other__7,other,labelled,4,4,2020-02-08T16:51:11+00:00,0,threshold
skab,other__7,other,labelled,5,5,2020-02-08T16:52:11+00:00,0,threshold
skab,other__7,other,labelled,6,6,2020-02-08T16:53:11+00:00,0,stream
skab,other__7,other,labelled,7,7,2020-02-08T16:54:11+00:00,0,stream
skab,other__7,other,labelled,8,8,2020-02-08T16:55:11+00:00,0,stream
skab,other__7,other,labelled,9,9,2020-02-08T16:56:11+00:00,0,stream
skab,other__7,other,labelled,10,10,2020-02-08T16:57:11+00:00,1,stream
skab,other__7,other,labelled,11,11,2020-02-08T16:58:11+00:00,1,stream
skab,other__7,other,labelled,12,12,2020-02-08T16:59:11+00:00,1,stream
skab,other__7,other,labelled,13,13,2020-02-08T17:00:11+00:00,1,stream
skab,other__7,other,labelled,14,14,2020-02-08T17:01:11+00:00,1,stream
skab,other__7,other,labelled,15,15,2020-02-08T17:02:11+00:00,1,stream
skab,other__7,other,labelled,16,16,2020-02-08T17:03:11+00:00,1,stream
skab,other__7,other,labelled,17,17,2020-02-08T17:04:11+00:00,0,stream
skab,other__7,other,labelled,18,18,2020-02-08T17:05:11+00:00,0,stream
skab,other__7,other,labelled,19,19,2020-02-08T17:06:11+00:00,0,stream
skab,other__8,other,labelled,0,0,2020-02-08T17:07:11+00:00,0,fit
skab,other__8,other,labelled,1,1,2020-02-08T17:08:11+00:00,0,fit
skab,other__8,other,labelled,2,2,2020-02-08T17:09:11+00:00,0,fit
skab,other__8,other,labelled,3,3,2020-02-08T17:10:11+00:00,0,threshold
skab,other__8,other,labelled,4,4,2020-02-08T17:11:11+00:00,0,threshold
skab,other__8,other,labelled,5,5,2020-02-08T17:12:11+00:00,0,threshold
skab,other__8,other,labelled,6,6,2020-02-08T17:13:11+00:00,0,stream
skab,other__8,other,labelled,7,7,2020-02-08T17:14:11+00:00,0,stream
skab,other__8,other,labelled,8,8,2020-02-08T17:15:11+00:00,0,stream
skab,other__8,other,labelled,9,9,2020-02-08T17:16:11+00:00,0,stream
skab,other__8,other,labelled,10,10,2020-02-08T17:17:11+00:00,1,stream
skab,other__8,other,labelled,11,11,2020-02-08T17:18:11+00:00,1,stream
skab,other__8,other,labelled,12,12,2020-02-08T17:19:11+00:00,1,stream
skab,other__8,other,labelled,13,13,2020-02-08T17:20:11+00:00,1,stream
skab,other__8,other,labelled,14,14,2020-02-08T17:21:11+00:00,1,stream
skab,other__8,other,labelled,15,15,2020-02-08T17:22:11+00:00,1,stream
skab,other__8,other,labelled,16,16,2020-02-08T17:23:11+00:00,1,stream
skab,other__8,other,labelled,17,17,2020-02-08T17:24:11+00:00,1,stream
skab,other__8,other,labelled,18,18,2020-02-08T17:25:11+00:00,0,stream
skab,other__8,other,labelled,19,19,2020-02-08T17:26:11+00:00,0,stream
skab,other__8,other,labelled,20,20,2020-02-08T17:27:11+00:00,0,stream
skab,other__9,other,labelled,0,0,2020-02-08T17:27:19+00:00,0,fit
skab,other__9,other,labelled,1,1,2020-02-08T17:28:19+00:00,0,fit
skab,other__9,other,labelled,2,2,2020-02-08T17:29:19+00:00,0,fit
skab,other__9,other,labelled,3,3,2020-02-08T17:30:19+00:00,0,threshold
skab,other__9,other,labelled,4,4,2020-02-08T17:31:19+00:00,0,threshold
skab,other__9,other,labelled,5,5,2020-02-08T17:32:19+00:00,0,threshold
skab,other__9,other,labelled,6,6,2020-02-08T17:33:19+00:00,0,stream
skab,other__9,other,labelled,7,7,2020-02-08T17:34:19+00:00,0,stream
skab,other__9,other,labelled,8,8,2020-02-08T17:35:19+00:00,0,stream
skab,other__9,other,labelled,9,9,2020-02-08T17:36:19+00:00,1,stream
skab,other__9,other,labelled,10,10,2020-02-08T17:37:19+00:00,1,stream
skab,other__9,other,labelled,11,11,2020-02-08T17:38:19+00:00,1,stream
skab,other__9,other,labelled,12,12,2020-02-08T17:39:19+00:00,1,stream
skab,other__9,other,labelled,13,13,2020-02-08T17:40:19+00:00,1,stream
skab,other__9,other,labelled,14,14,2020-02-08T17:41:19+00:00,1,stream
skab,other__9,other,labelled,15,15,2020-02-08T17:42:19+00:00,1,stream
skab,other__9,other,labelled,16,16,2020-02-08T17:43:19+00:00,1,stream
skab,other__9,other,labelled,17,17,2020-02-08T17:44:19+00:00,0,stream
skab,other__9,other,labelled,18,18,2020-02-08T17:45:19+00:00,0,stream
skab,other__9,other,labelled,19,19,2020-02-08T17:46:19+00:00,0,stream
skab,valve1__0,valve1,labelled,0,0,2020-03-09T10:14:33+00:00,0,fit
skab,valve1__0,valve1,labelled,1,1,2020-03-09T10:15:33+00:00,0,fit
skab,valve1__0,valve1,labelled,2,2,2020-03-09T10:16:33+00:00,0,fit
skab,valve1__0,valve1,labelled,3,3,2020-03-09T10:17:33+00:00,0,threshold
skab,valve1__0,valve1,labelled,4,4,2020-03-09T10:18:33+00:00,0,threshold
skab,valve1__0,valve1,labelled,5,5,2020-03-09T10:19:33+00:00,0,threshold
skab,valve1__0,valve1,labelled,6,6,2020-03-09T10:20:33+00:00,0,stream
skab,valve1__0,valve1,labelled,7,7,2020-03-09T10:21:33+00:00,0,stream
skab,valve1__0,valve1,labelled,8,8,2020-03-09T10:22:33+00:00,0,stream
skab,valve1__0,valve1,labelled,9,9,2020-03-09T10:23:33+00:00,0,stream
skab,valve1__0,valve1,labelled,10,10,2020-03-09T10:24:33+00:00,1,stream
skab,valve1__0,valve1,labelled,11,11,2020-03-09T10:25:33+00:00,1,stream
skab,valve1__0,valve1,labelled,12,12,2020-03-09T10:26:33+00:00,1,stream
skab,valve1__0,valve1,labelled,13,13,2020-03-09T10:27:33+00:00,1,stream
skab,valve1__0,valve1,labelled,14,14,2020-03-09T10:28:33+00:00,1,stream
skab,valve1__0,valve1,labelled,15,15,2020-03-09T10:29:33+00:00,1,stream
skab,valve1__0,valve1,labelled,16,16,2020-03-09T10:30:33+00:00,1,stream
skab,valve1__0,valve1,labelled,17,17,2020-03-09T10:31:33+00:00,0,stream
skab,valve1__0,valve1,labelled,18,18,2020-03-09T10:32:33+00:00,0,stream
skab,valve1__0,valve1,labelled,19,19,2020-03-09T10:33:33+00:00,0,stream
skab,valve1__1,valve1,labelled,0,0,2020-03-09T10:34:33+00:00,0,fit
skab,valve1__1,valve1,labelled,1,1,2020-03-09T10:35:33+00:00,0,fit
skab,valve1__1,valve1,labelled,2,2,2020-03-09T10:36:33+00:00,0,fit
skab,valve1__1,valve1,labelled,3,3,2020-03-09T10:37:33+00:00,0,threshold
skab,valve1__1,valve1,labelled,4,4,2020-03-09T10:38:33+00:00,0,threshold
skab,valve1__1,valve1,labelled,5,5,2020-03-09T10:39:33+00:00,0,threshold
skab,valve1__1,valve1,labelled,6,6,2020-03-09T10:40:33+00:00,0,stream
skab,valve1__1,valve1,labelled,7,7,2020-03-09T10:41:33+00:00,0,stream
skab,valve1__1,valve1,labelled,8,8,2020-03-09T10:42:33+00:00,0,stream
skab,valve1__1,valve1,labelled,9,9,2020-03-09T10:43:33+00:00,0,stream
skab,valve1__1,valve1,labelled,10,10,2020-03-09T10:44:33+00:00,1,stream
skab,valve1__1,valve1,labelled,11,11,2020-03-09T10:45:33+00:00,1,stream
skab,valve1__1,valve1,labelled,12,12,2020-03-09T10:46:33+00:00,1,stream
skab,valve1__1,valve1,labelled,13,13,2020-03-09T10:47:33+00:00,1,stream
skab,valve1__1,valve1,labelled,14,14,2020-03-09T10:48:33+00:00,1,stream
skab,valve1__1,valve1,labelled,15,15,2020-03-09T10:49:33+00:00,1,stream
skab,valve1__1,valve1,labelled,16,16,2020-03-09T10:50:33+00:00,1,stream
skab,valve1__1,valve1,labelled,17,17,2020-03-09T10:51:33+00:00,1,stream
skab,valve1__1,valve1,labelled,18,18,2020-03-09T10:52:33+00:00,0,stream
skab,valve1__1,valve1,labelled,19,19,2020-03-09T10:53:33+00:00,0,stream
skab,valve1__1,valve1,labelled,20,20,2020-03-09T10:54:33+00:00,0,stream
skab,valve1__10,valve1,labelled,0,0,2020-03-09T13:34:39+00:00,0,fit
skab,valve1__10,valve1,labelled,1,1,2020-03-09T13:35:39+00:00,0,fit
skab,valve1__10,valve1,labelled,2,2,2020-03-09T13:36:39+00:00,0,fit
skab,valve1__10,valve1,labelled,3,3,2020-03-09T13:37:39+00:00,0,threshold
skab,valve1__10,valve1,labelled,4,4,2020-03-09T13:38:39+00:00,0,threshold
skab,valve1__10,valve1,labelled,5,5,2020-03-09T13:39:39+00:00,0,threshold
skab,valve1__10,valve1,labelled,6,6,2020-03-09T13:40:39+00:00,0,stream
skab,valve1__10,valve1,labelled,7,7,2020-03-09T13:41:39+00:00,0,stream
skab,valve1__10,valve1,labelled,8,8,2020-03-09T13:42:39+00:00,0,stream
skab,valve1__10,valve1,labelled,9,9,2020-03-09T13:43:39+00:00,0,stream
skab,valve1__10,valve1,labelled,10,10,2020-03-09T13:44:39+00:00,1,stream
skab,valve1__10,valve1,labelled,11,11,2020-03-09T13:45:39+00:00,1,stream
skab,valve1__10,valve1,labelled,12,12,2020-03-09T13:46:39+00:00,1,stream
skab,valve1__10,valve1,labelled,13,13,2020-03-09T13:47:39+00:00,1,stream
skab,valve1__10,valve1,labelled,14,14,2020-03-09T13:48:39+00:00,1,stream
skab,valve1__10,valve1,labelled,15,15,2020-03-09T13:49:39+00:00,1,stream
skab,valve1__10,valve1,labelled,16,16,2020-03-09T13:50:39+00:00,1,stream
skab,valve1__10,valve1,labelled,17,17,2020-03-09T13:51:39+00:00,0,stream
skab,valve1__10,valve1,labelled,18,18,2020-03-09T13:52:39+00:00,0,stream
skab,valve1__10,valve1,labelled,19,19,2020-03-09T13:53:39+00:00,0,stream
skab,valve1__11,valve1,labelled,0,0,2020-03-09T13:54:39+00:00,0,fit
skab,valve1__11,valve1,labelled,1,1,2020-03-09T13:55:39+00:00,0,fit
skab,valve1__11,valve1,labelled,2,2,2020-03-09T13:56:39+00:00,0,fit
skab,valve1__11,valve1,labelled,3,3,2020-03-09T13:57:39+00:00,0,threshold
skab,valve1__11,valve1,labelled,4,4,2020-03-09T13:58:39+00:00,0,threshold
skab,valve1__11,valve1,labelled,5,5,2020-03-09T13:59:39+00:00,0,threshold
skab,valve1__11,valve1,labelled,6,6,2020-03-09T14:00:39+00:00,0,stream
skab,valve1__11,valve1,labelled,7,7,2020-03-09T14:01:39+00:00,0,stream
skab,valve1__11,valve1,labelled,8,8,2020-03-09T14:02:39+00:00,0,stream
skab,valve1__11,valve1,labelled,9,9,2020-03-09T14:03:39+00:00,0,stream
skab,valve1__11,valve1,labelled,10,10,2020-03-09T14:04:39+00:00,1,stream
skab,valve1__11,valve1,labelled,11,11,2020-03-09T14:05:39+00:00,1,stream
skab,valve1__11,valve1,labelled,12,12,2020-03-09T14:06:39+00:00,1,stream
skab,valve1__11,valve1,labelled,13,13,2020-03-09T14:07:39+00:00,1,stream
skab,valve1__11,valve1,labelled,14,14,2020-03-09T14:08:39+00:00,1,stream
skab,valve1__11,valve1,labelled,15,15,2020-03-09T14:09:39+00:00,1,stream
skab,valve1__11,valve1,labelled,16,16,2020-03-09T14:10:39+00:00,1,stream
skab,valve1__11,valve1,labelled,17,17,2020-03-09T14:11:39+00:00,1,stream
skab,valve1__11,valve1,labelled,18,18,2020-03-09T14:12:39+00:00,0,stream
skab,valve1__11,valve1,labelled,19,19,2020-03-09T14:13:39+00:00,0,stream
skab,valve1__11,valve1,labelled,20,20,2020-03-09T14:14:39+00:00,0,stream
skab,valve1__12,valve1,labelled,0,0,2020-03-09T14:14:40+00:00,0,fit
skab,valve1__12,valve1,labelled,1,1,2020-03-09T14:15:40+00:00,0,fit
skab,valve1__12,valve1,labelled,2,2,2020-03-09T14:16:40+00:00,0,fit
skab,valve1__12,valve1,labelled,3,3,2020-03-09T14:17:40+00:00,0,threshold
skab,valve1__12,valve1,labelled,4,4,2020-03-09T14:18:40+00:00,0,threshold
skab,valve1__12,valve1,labelled,5,5,2020-03-09T14:19:40+00:00,0,threshold
skab,valve1__12,valve1,labelled,6,6,2020-03-09T14:20:40+00:00,0,stream
skab,valve1__12,valve1,labelled,7,7,2020-03-09T14:21:40+00:00,0,stream
skab,valve1__12,valve1,labelled,8,8,2020-03-09T14:22:40+00:00,0,stream
skab,valve1__12,valve1,labelled,9,9,2020-03-09T14:23:40+00:00,0,stream
skab,valve1__12,valve1,labelled,10,10,2020-03-09T14:24:40+00:00,1,stream
skab,valve1__12,valve1,labelled,11,11,2020-03-09T14:25:40+00:00,1,stream
skab,valve1__12,valve1,labelled,12,12,2020-03-09T14:26:40+00:00,1,stream
skab,valve1__12,valve1,labelled,13,13,2020-03-09T14:27:40+00:00,1,stream
skab,valve1__12,valve1,labelled,14,14,2020-03-09T14:28:40+00:00,1,stream
skab,valve1__12,valve1,labelled,15,15,2020-03-09T14:29:40+00:00,1,stream
skab,valve1__12,valve1,labelled,16,16,2020-03-09T14:30:40+00:00,1,stream
skab,valve1__12,valve1,labelled,17,17,2020-03-09T14:31:40+00:00,1,stream
skab,valve1__12,valve1,labelled,18,18,2020-03-09T14:32:40+00:00,0,stream
skab,valve1__12,valve1,labelled,19,19,2020-03-09T14:33:40+00:00,0,stream
skab,valve1__12,valve1,labelled,20,20,2020-03-09T14:34:40+00:00,0,stream
skab,valve1__13,valve1,labelled,0,0,2020-03-09T14:34:41+00:00,0,fit
skab,valve1__13,valve1,labelled,1,1,2020-03-09T14:35:41+00:00,0,fit
skab,valve1__13,valve1,labelled,2,2,2020-03-09T14:36:41+00:00,0,fit
skab,valve1__13,valve1,labelled,3,3,2020-03-09T14:37:41+00:00,0,threshold
skab,valve1__13,valve1,labelled,4,4,2020-03-09T14:38:41+00:00,0,threshold
skab,valve1__13,valve1,labelled,5,5,2020-03-09T14:39:41+00:00,0,threshold
skab,valve1__13,valve1,labelled,6,6,2020-03-09T14:40:41+00:00,0,stream
skab,valve1__13,valve1,labelled,7,7,2020-03-09T14:41:41+00:00,0,stream
skab,valve1__13,valve1,labelled,8,8,2020-03-09T14:42:41+00:00,0,stream
skab,valve1__13,valve1,labelled,9,9,2020-03-09T14:43:41+00:00,0,stream
skab,valve1__13,valve1,labelled,10,10,2020-03-09T14:44:41+00:00,1,stream
skab,valve1__13,valve1,labelled,11,11,2020-03-09T14:45:41+00:00,1,stream
skab,valve1__13,valve1,labelled,12,12,2020-03-09T14:46:41+00:00,1,stream
skab,valve1__13,valve1,labelled,13,13,2020-03-09T14:47:41+00:00,1,stream
skab,valve1__13,valve1,labelled,14,14,2020-03-09T14:48:41+00:00,1,stream
skab,valve1__13,valve1,labelled,15,15,2020-03-09T14:49:41+00:00,1,stream
skab,valve1__13,valve1,labelled,16,16,2020-03-09T14:50:41+00:00,1,stream
skab,valve1__13,valve1,labelled,17,17,2020-03-09T14:51:41+00:00,0,stream
skab,valve1__13,valve1,labelled,18,18,2020-03-09T14:52:41+00:00,0,stream
skab,valve1__13,valve1,labelled,19,19,2020-03-09T14:53:41+00:00,0,stream
skab,valve1__14,valve1,labelled,0,0,2020-03-09T14:54:41+00:00,0,fit
skab,valve1__14,valve1,labelled,1,1,2020-03-09T14:55:41+00:00,0,fit
skab,valve1__14,valve1,labelled,2,2,2020-03-09T14:56:41+00:00,0,fit
skab,valve1__14,valve1,labelled,3,3,2020-03-09T14:57:41+00:00,0,threshold
skab,valve1__14,valve1,labelled,4,4,2020-03-09T14:58:41+00:00,0,threshold
skab,valve1__14,valve1,labelled,5,5,2020-03-09T14:59:41+00:00,0,threshold
skab,valve1__14,valve1,labelled,6,6,2020-03-09T15:00:41+00:00,0,stream
skab,valve1__14,valve1,labelled,7,7,2020-03-09T15:01:41+00:00,0,stream
skab,valve1__14,valve1,labelled,8,8,2020-03-09T15:02:41+00:00,0,stream
skab,valve1__14,valve1,labelled,9,9,2020-03-09T15:03:41+00:00,0,stream
skab,valve1__14,valve1,labelled,10,10,2020-03-09T15:04:41+00:00,1,stream
skab,valve1__14,valve1,labelled,11,11,2020-03-09T15:05:41+00:00,1,stream
skab,valve1__14,valve1,labelled,12,12,2020-03-09T15:06:41+00:00,1,stream
skab,valve1__14,valve1,labelled,13,13,2020-03-09T15:07:41+00:00,1,stream
skab,valve1__14,valve1,labelled,14,14,2020-03-09T15:08:41+00:00,1,stream
skab,valve1__14,valve1,labelled,15,15,2020-03-09T15:09:41+00:00,1,stream
skab,valve1__14,valve1,labelled,16,16,2020-03-09T15:10:41+00:00,1,stream
skab,valve1__14,valve1,labelled,17,17,2020-03-09T15:11:41+00:00,0,stream
skab,valve1__14,valve1,labelled,18,18,2020-03-09T15:12:41+00:00,0,stream
skab,valve1__14,valve1,labelled,19,19,2020-03-09T15:13:41+00:00,0,stream
skab,valve1__15,valve1,labelled,0,0,2020-03-09T15:14:41+00:00,0,fit
skab,valve1__15,valve1,labelled,1,1,2020-03-09T15:15:41+00:00,0,fit
skab,valve1__15,valve1,labelled,2,2,2020-03-09T15:16:41+00:00,0,fit
skab,valve1__15,valve1,labelled,3,3,2020-03-09T15:17:41+00:00,0,threshold
skab,valve1__15,valve1,labelled,4,4,2020-03-09T15:18:41+00:00,0,threshold
skab,valve1__15,valve1,labelled,5,5,2020-03-09T15:19:41+00:00,0,threshold
skab,valve1__15,valve1,labelled,6,6,2020-03-09T15:20:41+00:00,0,stream
skab,valve1__15,valve1,labelled,7,7,2020-03-09T15:21:41+00:00,0,stream
skab,valve1__15,valve1,labelled,8,8,2020-03-09T15:22:41+00:00,0,stream
skab,valve1__15,valve1,labelled,9,9,2020-03-09T15:23:41+00:00,0,stream
skab,valve1__15,valve1,labelled,10,10,2020-03-09T15:24:41+00:00,1,stream
skab,valve1__15,valve1,labelled,11,11,2020-03-09T15:25:41+00:00,1,stream
skab,valve1__15,valve1,labelled,12,12,2020-03-09T15:26:41+00:00,1,stream
skab,valve1__15,valve1,labelled,13,13,2020-03-09T15:27:41+00:00,1,stream
skab,valve1__15,valve1,labelled,14,14,2020-03-09T15:28:41+00:00,1,stream
skab,valve1__15,valve1,labelled,15,15,2020-03-09T15:29:41+00:00,1,stream
skab,valve1__15,valve1,labelled,16,16,2020-03-09T15:30:41+00:00,1,stream
skab,valve1__15,valve1,labelled,17,17,2020-03-09T15:31:41+00:00,1,stream
skab,valve1__15,valve1,labelled,18,18,2020-03-09T15:32:41+00:00,0,stream
skab,valve1__15,valve1,labelled,19,19,2020-03-09T15:33:41+00:00,0,stream
skab,valve1__15,valve1,labelled,20,20,2020-03-09T15:34:41+00:00,0,stream
skab,valve1__2,valve1,labelled,0,0,2020-03-09T10:54:34+00:00,0,fit
skab,valve1__2,valve1,labelled,1,1,2020-03-09T10:55:34+00:00,0,fit
skab,valve1__2,valve1,labelled,2,2,2020-03-09T10:56:34+00:00,0,fit
skab,valve1__2,valve1,labelled,3,3,2020-03-09T10:57:34+00:00,0,threshold
skab,valve1__2,valve1,labelled,4,4,2020-03-09T10:58:34+00:00,0,threshold
skab,valve1__2,valve1,labelled,5,5,2020-03-09T10:59:34+00:00,0,threshold
skab,valve1__2,valve1,labelled,6,6,2020-03-09T11:00:34+00:00,0,stream
skab,valve1__2,valve1,labelled,7,7,2020-03-09T11:01:34+00:00,0,stream
skab,valve1__2,valve1,labelled,8,8,2020-03-09T11:02:34+00:00,0,stream
skab,valve1__2,valve1,labelled,9,9,2020-03-09T11:03:34+00:00,0,stream
skab,valve1__2,valve1,labelled,10,10,2020-03-09T11:04:34+00:00,0,stream
skab,valve1__2,valve1,labelled,11,11,2020-03-09T11:05:34+00:00,1,stream
skab,valve1__2,valve1,labelled,12,12,2020-03-09T11:06:34+00:00,1,stream
skab,valve1__2,valve1,labelled,13,13,2020-03-09T11:07:34+00:00,1,stream
skab,valve1__2,valve1,labelled,14,14,2020-03-09T11:08:34+00:00,1,stream
skab,valve1__2,valve1,labelled,15,15,2020-03-09T11:09:34+00:00,1,stream
skab,valve1__2,valve1,labelled,16,16,2020-03-09T11:10:34+00:00,1,stream
skab,valve1__2,valve1,labelled,17,17,2020-03-09T11:11:34+00:00,0,stream
skab,valve1__2,valve1,labelled,18,18,2020-03-09T11:12:34+00:00,0,stream
skab,valve1__2,valve1,labelled,19,19,2020-03-09T11:13:34+00:00,0,stream
skab,valve1__3,valve1,labelled,0,0,2020-03-09T11:14:34+00:00,0,fit
skab,valve1__3,valve1,labelled,1,1,2020-03-09T11:15:34+00:00,0,fit
skab,valve1__3,valve1,labelled,2,2,2020-03-09T11:16:34+00:00,0,fit
skab,valve1__3,valve1,labelled,3,3,2020-03-09T11:17:34+00:00,0,threshold
skab,valve1__3,valve1,labelled,4,4,2020-03-09T11:18:34+00:00,0,threshold
skab,valve1__3,valve1,labelled,5,5,2020-03-09T11:19:34+00:00,0,threshold
skab,valve1__3,valve1,labelled,6,6,2020-03-09T11:20:34+00:00,0,stream
skab,valve1__3,valve1,labelled,7,7,2020-03-09T11:21:34+00:00,0,stream
skab,valve1__3,valve1,labelled,8,8,2020-03-09T11:22:34+00:00,0,stream
skab,valve1__3,valve1,labelled,9,9,2020-03-09T11:23:34+00:00,0,stream
skab,valve1__3,valve1,labelled,10,10,2020-03-09T11:24:34+00:00,1,stream
skab,valve1__3,valve1,labelled,11,11,2020-03-09T11:25:34+00:00,1,stream
skab,valve1__3,valve1,labelled,12,12,2020-03-09T11:26:34+00:00,1,stream
skab,valve1__3,valve1,labelled,13,13,2020-03-09T11:27:34+00:00,1,stream
skab,valve1__3,valve1,labelled,14,14,2020-03-09T11:28:34+00:00,1,stream
skab,valve1__3,valve1,labelled,15,15,2020-03-09T11:29:34+00:00,1,stream
skab,valve1__3,valve1,labelled,16,16,2020-03-09T11:30:34+00:00,1,stream
skab,valve1__3,valve1,labelled,17,17,2020-03-09T11:31:34+00:00,1,stream
skab,valve1__3,valve1,labelled,18,18,2020-03-09T11:32:34+00:00,0,stream
skab,valve1__3,valve1,labelled,19,19,2020-03-09T11:33:34+00:00,0,stream
skab,valve1__3,valve1,labelled,20,20,2020-03-09T11:34:34+00:00,0,stream
skab,valve1__4,valve1,labelled,0,0,2020-03-09T11:34:36+00:00,0,fit
skab,valve1__4,valve1,labelled,1,1,2020-03-09T11:35:36+00:00,0,fit
skab,valve1__4,valve1,labelled,2,2,2020-03-09T11:36:36+00:00,0,fit
skab,valve1__4,valve1,labelled,3,3,2020-03-09T11:37:36+00:00,0,threshold
skab,valve1__4,valve1,labelled,4,4,2020-03-09T11:38:36+00:00,0,threshold
skab,valve1__4,valve1,labelled,5,5,2020-03-09T11:39:36+00:00,0,threshold
skab,valve1__4,valve1,labelled,6,6,2020-03-09T11:40:36+00:00,0,stream
skab,valve1__4,valve1,labelled,7,7,2020-03-09T11:41:36+00:00,0,stream
skab,valve1__4,valve1,labelled,8,8,2020-03-09T11:42:36+00:00,0,stream
skab,valve1__4,valve1,labelled,9,9,2020-03-09T11:43:36+00:00,0,stream
skab,valve1__4,valve1,labelled,10,10,2020-03-09T11:44:36+00:00,1,stream
skab,valve1__4,valve1,labelled,11,11,2020-03-09T11:45:36+00:00,1,stream
skab,valve1__4,valve1,labelled,12,12,2020-03-09T11:46:36+00:00,1,stream
skab,valve1__4,valve1,labelled,13,13,2020-03-09T11:47:36+00:00,1,stream
skab,valve1__4,valve1,labelled,14,14,2020-03-09T11:48:36+00:00,1,stream
skab,valve1__4,valve1,labelled,15,15,2020-03-09T11:49:36+00:00,1,stream
skab,valve1__4,valve1,labelled,16,16,2020-03-09T11:50:36+00:00,1,stream
skab,valve1__4,valve1,labelled,17,17,2020-03-09T11:51:36+00:00,0,stream
skab,valve1__4,valve1,labelled,18,18,2020-03-09T11:52:36+00:00,0,stream
skab,valve1__4,valve1,labelled,19,19,2020-03-09T11:53:36+00:00,0,stream
skab,valve1__5,valve1,labelled,0,0,2020-03-09T11:54:36+00:00,0,fit
skab,valve1__5,valve1,labelled,1,1,2020-03-09T11:55:36+00:00,0,fit
skab,valve1__5,valve1,labelled,2,2,2020-03-09T11:56:36+00:00,0,fit
skab,valve1__5,valve1,labelled,3,3,2020-03-09T11:57:36+00:00,0,threshold
skab,valve1__5,valve1,labelled,4,4,2020-03-09T11:58:36+00:00,0,threshold
skab,valve1__5,valve1,labelled,5,5,2020-03-09T11:59:36+00:00,0,threshold
skab,valve1__5,valve1,labelled,6,6,2020-03-09T12:00:36+00:00,0,stream
skab,valve1__5,valve1,labelled,7,7,2020-03-09T12:01:36+00:00,0,stream
skab,valve1__5,valve1,labelled,8,8,2020-03-09T12:02:36+00:00,0,stream
skab,valve1__5,valve1,labelled,9,9,2020-03-09T12:03:36+00:00,0,stream
skab,valve1__5,valve1,labelled,10,10,2020-03-09T12:04:36+00:00,1,stream
skab,valve1__5,valve1,labelled,11,11,2020-03-09T12:05:36+00:00,1,stream
skab,valve1__5,valve1,labelled,12,12,2020-03-09T12:06:36+00:00,1,stream
skab,valve1__5,valve1,labelled,13,13,2020-03-09T12:07:36+00:00,1,stream
skab,valve1__5,valve1,labelled,14,14,2020-03-09T12:08:36+00:00,1,stream
skab,valve1__5,valve1,labelled,15,15,2020-03-09T12:09:36+00:00,1,stream
skab,valve1__5,valve1,labelled,16,16,2020-03-09T12:10:36+00:00,1,stream
skab,valve1__5,valve1,labelled,17,17,2020-03-09T12:11:36+00:00,0,stream
skab,valve1__5,valve1,labelled,18,18,2020-03-09T12:12:36+00:00,0,stream
skab,valve1__5,valve1,labelled,19,19,2020-03-09T12:13:36+00:00,0,stream
skab,valve1__6,valve1,labelled,0,0,2020-03-09T12:14:36+00:00,0,fit
skab,valve1__6,valve1,labelled,1,1,2020-03-09T12:15:36+00:00,0,fit
skab,valve1__6,valve1,labelled,2,2,2020-03-09T12:16:36+00:00,0,fit
skab,valve1__6,valve1,labelled,3,3,2020-03-09T12:17:36+00:00,0,threshold
skab,valve1__6,valve1,labelled,4,4,2020-03-09T12:18:36+00:00,0,threshold
skab,valve1__6,valve1,labelled,5,5,2020-03-09T12:19:36+00:00,0,threshold
skab,valve1__6,valve1,labelled,6,6,2020-03-09T12:20:36+00:00,0,stream
skab,valve1__6,valve1,labelled,7,7,2020-03-09T12:21:36+00:00,0,stream
skab,valve1__6,valve1,labelled,8,8,2020-03-09T12:22:36+00:00,0,stream
skab,valve1__6,valve1,labelled,9,9,2020-03-09T12:23:36+00:00,0,stream
skab,valve1__6,valve1,labelled,10,10,2020-03-09T12:24:36+00:00,1,stream
skab,valve1__6,valve1,labelled,11,11,2020-03-09T12:25:36+00:00,1,stream
skab,valve1__6,valve1,labelled,12,12,2020-03-09T12:26:36+00:00,1,stream
skab,valve1__6,valve1,labelled,13,13,2020-03-09T12:27:36+00:00,1,stream
skab,valve1__6,valve1,labelled,14,14,2020-03-09T12:28:36+00:00,1,stream
skab,valve1__6,valve1,labelled,15,15,2020-03-09T12:29:36+00:00,1,stream
skab,valve1__6,valve1,labelled,16,16,2020-03-09T12:30:36+00:00,1,stream
skab,valve1__6,valve1,labelled,17,17,2020-03-09T12:31:36+00:00,1,stream
skab,valve1__6,valve1,labelled,18,18,2020-03-09T12:32:36+00:00,0,stream
skab,valve1__6,valve1,labelled,19,19,2020-03-09T12:33:36+00:00,0,stream
skab,valve1__7,valve1,labelled,0,0,2020-03-09T12:34:37+00:00,0,fit
skab,valve1__7,valve1,labelled,1,1,2020-03-09T12:35:37+00:00,0,fit
skab,valve1__7,valve1,labelled,2,2,2020-03-09T12:36:37+00:00,0,fit
skab,valve1__7,valve1,labelled,3,3,2020-03-09T12:37:37+00:00,0,threshold
skab,valve1__7,valve1,labelled,4,4,2020-03-09T12:38:37+00:00,0,threshold
skab,valve1__7,valve1,labelled,5,5,2020-03-09T12:39:37+00:00,0,threshold
skab,valve1__7,valve1,labelled,6,6,2020-03-09T12:40:37+00:00,0,stream
skab,valve1__7,valve1,labelled,7,7,2020-03-09T12:41:37+00:00,0,stream
skab,valve1__7,valve1,labelled,8,8,2020-03-09T12:42:37+00:00,0,stream
skab,valve1__7,valve1,labelled,9,9,2020-03-09T12:43:37+00:00,0,stream
skab,valve1__7,valve1,labelled,10,10,2020-03-09T12:44:37+00:00,1,stream
skab,valve1__7,valve1,labelled,11,11,2020-03-09T12:45:37+00:00,1,stream
skab,valve1__7,valve1,labelled,12,12,2020-03-09T12:46:37+00:00,1,stream
skab,valve1__7,valve1,labelled,13,13,2020-03-09T12:47:37+00:00,1,stream
skab,valve1__7,valve1,labelled,14,14,2020-03-09T12:48:37+00:00,1,stream
skab,valve1__7,valve1,labelled,15,15,2020-03-09T12:49:37+00:00,1,stream
skab,valve1__7,valve1,labelled,16,16,2020-03-09T12:50:37+00:00,1,stream
skab,valve1__7,valve1,labelled,17,17,2020-03-09T12:51:37+00:00,1,stream
skab,valve1__7,valve1,labelled,18,18,2020-03-09T12:52:37+00:00,0,stream
skab,valve1__7,valve1,labelled,19,19,2020-03-09T12:53:37+00:00,0,stream
skab,valve1__7,valve1,labelled,20,20,2020-03-09T12:54:37+00:00,0,stream
skab,valve1__8,valve1,labelled,0,0,2020-03-09T12:54:39+00:00,0,fit
skab,valve1__8,valve1,labelled,1,1,2020-03-09T12:55:39+00:00,0,fit
skab,valve1__8,valve1,labelled,2,2,2020-03-09T12:56:39+00:00,0,fit
skab,valve1__8,valve1,labelled,3,3,2020-03-09T12:57:39+00:00,0,threshold
skab,valve1__8,valve1,labelled,4,4,2020-03-09T12:58:39+00:00,0,threshold
skab,valve1__8,valve1,labelled,5,5,2020-03-09T12:59:39+00:00,0,threshold
skab,valve1__8,valve1,labelled,6,6,2020-03-09T13:00:39+00:00,0,stream
skab,valve1__8,valve1,labelled,7,7,2020-03-09T13:01:39+00:00,0,stream
skab,valve1__8,valve1,labelled,8,8,2020-03-09T13:02:39+00:00,0,stream
skab,valve1__8,valve1,labelled,9,9,2020-03-09T13:03:39+00:00,1,stream
skab,valve1__8,valve1,labelled,10,10,2020-03-09T13:04:39+00:00,1,stream
skab,valve1__8,valve1,labelled,11,11,2020-03-09T13:05:39+00:00,1,stream
skab,valve1__8,valve1,labelled,12,12,2020-03-09T13:06:39+00:00,1,stream
skab,valve1__8,valve1,labelled,13,13,2020-03-09T13:07:39+00:00,1,stream
skab,valve1__8,valve1,labelled,14,14,2020-03-09T13:08:39+00:00,1,stream
skab,valve1__8,valve1,labelled,15,15,2020-03-09T13:09:39+00:00,1,stream
skab,valve1__8,valve1,labelled,16,16,2020-03-09T13:10:39+00:00,1,stream
skab,valve1__8,valve1,labelled,17,17,2020-03-09T13:11:39+00:00,0,stream
skab,valve1__8,valve1,labelled,18,18,2020-03-09T13:12:39+00:00,0,stream
skab,valve1__8,valve1,labelled,19,19,2020-03-09T13:13:39+00:00,0,stream
skab,valve1__9,valve1,labelled,0,0,2020-03-09T13:14:38+00:00,0,fit
skab,valve1__9,valve1,labelled,1,1,2020-03-09T13:15:38+00:00,0,fit
skab,valve1__9,valve1,labelled,2,2,2020-03-09T13:16:38+00:00,0,fit
skab,valve1__9,valve1,labelled,3,3,2020-03-09T13:17:38+00:00,0,threshold
skab,valve1__9,valve1,labelled,4,4,2020-03-09T13:18:38+00:00,0,threshold
skab,valve1__9,valve1,labelled,5,5,2020-03-09T13:19:38+00:00,0,threshold
skab,valve1__9,valve1,labelled,6,6,2020-03-09T13:20:38+00:00,0,stream
skab,valve1__9,valve1,labelled,7,7,2020-03-09T13:21:38+00:00,0,stream
skab,valve1__9,valve1,labelled,8,8,2020-03-09T13:22:38+00:00,0,stream
skab,valve1__9,valve1,labelled,9,9,2020-03-09T13:23:38+00:00,0,stream
skab,valve1__9,valve1,labelled,10,10,2020-03-09T13:24:38+00:00,1,stream
skab,valve1__9,valve1,labelled,11,11,2020-03-09T13:25:38+00:00,1,stream
skab,valve1__9,valve1,labelled,12,12,2020-03-09T13:26:38+00:00,1,stream
skab,valve1__9,valve1,labelled,13,13,2020-03-09T13:27:38+00:00,1,stream
skab,valve1__9,valve1,labelled,14,14,2020-03-09T13:28:38+00:00,1,stream
skab,valve1__9,valve1,labelled,15,15,2020-03-09T13:29:38+00:00,1,stream
skab,valve1__9,valve1,labelled,16,16,2020-03-09T13:30:38+00:00,1,stream
skab,valve1__9,valve1,labelled,17,17,2020-03-09T13:31:38+00:00,1,stream
skab,valve1__9,valve1,labelled,18,18,2020-03-09T13:32:38+00:00,0,stream
skab,valve1__9,valve1,labelled,19,19,2020-03-09T13:33:38+00:00,0,stream
skab,valve1__9,valve1,labelled,20,20,2020-03-09T13:34:38+00:00,0,stream
skab,valve2__0,valve2,labelled,0,0,2020-03-09T15:56:30+00:00,0,fit
skab,valve2__0,valve2,labelled,1,1,2020-03-09T15:57:30+00:00,0,fit
skab,valve2__0,valve2,labelled,2,2,2020-03-09T15:58:30+00:00,0,fit
skab,valve2__0,valve2,labelled,3,3,2020-03-09T15:59:30+00:00,0,threshold
skab,valve2__0,valve2,labelled,4,4,2020-03-09T16:00:30+00:00,0,threshold
skab,valve2__0,valve2,labelled,5,5,2020-03-09T16:01:30+00:00,0,threshold
skab,valve2__0,valve2,labelled,6,6,2020-03-09T16:02:30+00:00,0,stream
skab,valve2__0,valve2,labelled,7,7,2020-03-09T16:03:30+00:00,0,stream
skab,valve2__0,valve2,labelled,8,8,2020-03-09T16:04:30+00:00,0,stream
skab,valve2__0,valve2,labelled,9,9,2020-03-09T16:05:30+00:00,0,stream
skab,valve2__0,valve2,labelled,10,10,2020-03-09T16:06:30+00:00,1,stream
skab,valve2__0,valve2,labelled,11,11,2020-03-09T16:07:30+00:00,1,stream
skab,valve2__0,valve2,labelled,12,12,2020-03-09T16:08:30+00:00,1,stream
skab,valve2__0,valve2,labelled,13,13,2020-03-09T16:09:30+00:00,1,stream
skab,valve2__0,valve2,labelled,14,14,2020-03-09T16:10:30+00:00,1,stream
skab,valve2__0,valve2,labelled,15,15,2020-03-09T16:11:30+00:00,1,stream
skab,valve2__0,valve2,labelled,16,16,2020-03-09T16:12:30+00:00,1,stream
skab,valve2__0,valve2,labelled,17,17,2020-03-09T16:13:30+00:00,0,stream
skab,valve2__0,valve2,labelled,18,18,2020-03-09T16:14:30+00:00,0,stream
skab,valve2__0,valve2,labelled,19,19,2020-03-09T16:15:30+00:00,0,stream
skab,valve2__1,valve2,labelled,0,0,2020-03-09T16:16:30+00:00,0,fit
skab,valve2__1,valve2,labelled,1,1,2020-03-09T16:17:30+00:00,0,fit
skab,valve2__1,valve2,labelled,2,2,2020-03-09T16:18:30+00:00,0,fit
skab,valve2__1,valve2,labelled,3,3,2020-03-09T16:19:30+00:00,0,threshold
skab,valve2__1,valve2,labelled,4,4,2020-03-09T16:20:30+00:00,0,threshold
skab,valve2__1,valve2,labelled,5,5,2020-03-09T16:21:30+00:00,0,threshold
skab,valve2__1,valve2,labelled,6,6,2020-03-09T16:22:30+00:00,0,stream
skab,valve2__1,valve2,labelled,7,7,2020-03-09T16:23:30+00:00,0,stream
skab,valve2__1,valve2,labelled,8,8,2020-03-09T16:24:30+00:00,0,stream
skab,valve2__1,valve2,labelled,9,9,2020-03-09T16:25:30+00:00,0,stream
skab,valve2__1,valve2,labelled,10,10,2020-03-09T16:26:30+00:00,1,stream
skab,valve2__1,valve2,labelled,11,11,2020-03-09T16:27:30+00:00,1,stream
skab,valve2__1,valve2,labelled,12,12,2020-03-09T16:28:30+00:00,1,stream
skab,valve2__1,valve2,labelled,13,13,2020-03-09T16:29:30+00:00,1,stream
skab,valve2__1,valve2,labelled,14,14,2020-03-09T16:30:30+00:00,1,stream
skab,valve2__1,valve2,labelled,15,15,2020-03-09T16:31:30+00:00,0,stream
skab,valve2__1,valve2,labelled,16,16,2020-03-09T16:32:30+00:00,1,stream
skab,valve2__1,valve2,labelled,17,17,2020-03-09T16:33:30+00:00,0,stream
skab,valve2__1,valve2,labelled,18,18,2020-03-09T16:34:30+00:00,0,stream
skab,valve2__1,valve2,labelled,19,19,2020-03-09T16:35:30+00:00,0,stream
skab,valve2__1,valve2,labelled,20,20,2020-03-09T16:36:30+00:00,0,stream
skab,valve2__2,valve2,labelled,0,0,2020-03-09T16:36:31+00:00,0,fit
skab,valve2__2,valve2,labelled,1,1,2020-03-09T16:37:31+00:00,0,fit
skab,valve2__2,valve2,labelled,2,2,2020-03-09T16:38:31+00:00,0,fit
skab,valve2__2,valve2,labelled,3,3,2020-03-09T16:39:31+00:00,0,threshold
skab,valve2__2,valve2,labelled,4,4,2020-03-09T16:40:31+00:00,0,threshold
skab,valve2__2,valve2,labelled,5,5,2020-03-09T16:41:31+00:00,0,threshold
skab,valve2__2,valve2,labelled,6,6,2020-03-09T16:42:31+00:00,0,stream
skab,valve2__2,valve2,labelled,7,7,2020-03-09T16:43:31+00:00,0,stream
skab,valve2__2,valve2,labelled,8,8,2020-03-09T16:44:31+00:00,0,stream
skab,valve2__2,valve2,labelled,9,9,2020-03-09T16:45:31+00:00,0,stream
skab,valve2__2,valve2,labelled,10,10,2020-03-09T16:46:31+00:00,1,stream
skab,valve2__2,valve2,labelled,11,11,2020-03-09T16:47:31+00:00,1,stream
skab,valve2__2,valve2,labelled,12,12,2020-03-09T16:48:31+00:00,1,stream
skab,valve2__2,valve2,labelled,13,13,2020-03-09T16:49:31+00:00,1,stream
skab,valve2__2,valve2,labelled,14,14,2020-03-09T16:50:31+00:00,1,stream
skab,valve2__2,valve2,labelled,15,15,2020-03-09T16:51:31+00:00,1,stream
skab,valve2__2,valve2,labelled,16,16,2020-03-09T16:52:31+00:00,1,stream
skab,valve2__2,valve2,labelled,17,17,2020-03-09T16:53:31+00:00,0,stream
skab,valve2__2,valve2,labelled,18,18,2020-03-09T16:54:31+00:00,0,stream
skab,valve2__2,valve2,labelled,19,19,2020-03-09T16:55:31+00:00,0,stream
skab,valve2__3,valve2,labelled,0,0,2020-03-09T16:56:31+00:00,0,fit
skab,valve2__3,valve2,labelled,1,1,2020-03-09T16:57:31+00:00,0,fit
skab,valve2__3,valve2,labelled,2,2,2020-03-09T16:58:31+00:00,0,fit
skab,valve2__3,valve2,labelled,3,3,2020-03-09T16:59:31+00:00,0,threshold
skab,valve2__3,valve2,labelled,4,4,2020-03-09T17:00:31+00:00,0,threshold
skab,valve2__3,valve2,labelled,5,5,2020-03-09T17:01:31+00:00,0,threshold
skab,valve2__3,valve2,labelled,6,6,2020-03-09T17:02:31+00:00,0,stream
skab,valve2__3,valve2,labelled,7,7,2020-03-09T17:03:31+00:00,0,stream
skab,valve2__3,valve2,labelled,8,8,2020-03-09T17:04:31+00:00,0,stream
skab,valve2__3,valve2,labelled,9,9,2020-03-09T17:05:31+00:00,0,stream
skab,valve2__3,valve2,labelled,10,10,2020-03-09T17:06:31+00:00,1,stream
skab,valve2__3,valve2,labelled,11,11,2020-03-09T17:07:31+00:00,1,stream
skab,valve2__3,valve2,labelled,12,12,2020-03-09T17:08:31+00:00,1,stream
skab,valve2__3,valve2,labelled,13,13,2020-03-09T17:09:31+00:00,1,stream
skab,valve2__3,valve2,labelled,14,14,2020-03-09T17:10:31+00:00,1,stream
skab,valve2__3,valve2,labelled,15,15,2020-03-09T17:11:31+00:00,1,stream
skab,valve2__3,valve2,labelled,16,16,2020-03-09T17:12:31+00:00,1,stream
skab,valve2__3,valve2,labelled,17,17,2020-03-09T17:13:31+00:00,1,stream
skab_anomaly_free,anomaly-free__anomaly-free,anomaly-free,anomaly_free,0,0,2020-02-08T13:30:47+00:00,0,fit
skab_anomaly_free,anomaly-free__anomaly-free,anomaly-free,anomaly_free,1,1,2020-02-08T13:31:47+00:00,0,fit
skab_anomaly_free,anomaly-free__anomaly-free,anomaly-free,anomaly_free,2,2,2020-02-08T13:32:47+00:00,0,fit
skab_anomaly_free,anomaly-free__anomaly-free,anomaly-free,anomaly_free,3,3,2020-02-08T13:33:47+00:00,0,threshold
skab_anomaly_free,anomaly-free__anomaly-free,anomaly-free,anomaly_free,4,4,2020-02-08T13:34:47+00:00,0,threshold
skab_anomaly_free,anomaly-free__anomaly-free,anomaly-free,anomaly_free,5,5,2020-02-08T13:35:47+00:00,0,threshold
skab_anomaly_free,anomaly-free__anomaly-free,anomaly-free,anomaly_free,6,6,2020-02-08T13:36:47+00:00,0,stream
skab_anomaly_free,anomaly-free__anomaly-free,anomaly-free,anomaly_free,7,7,2020-02-08T13:37:47+00:00,0,stream
skab_anomaly_free,anomaly-free__anomaly-free,anomaly-free,anomaly_free,8,8,2020-02-08T13:38:47+00:00,0,stream
skab_anomaly_free,anomaly-free__anomaly-free,anomaly-free,anomaly_free,9,9,2020-02-08T13:39:47+00:00,0,stream
skab_anomaly_free,anomaly-free__anomaly-free,anomaly-free,anomaly_free,10,10,2020-02-08T13:40:47+00:00,0,stream
skab_anomaly_free,anomaly-free__anomaly-free,anomaly-free,anomaly_free,11,11,2020-02-08T13:41:47+00:00,0,stream
skab_anomaly_free,anomaly-free__anomaly-free,anomaly-free,anomaly_free,12,12,2020-02-08T13:42:47+00:00,0,stream
skab_anomaly_free,anomaly-free__anomaly-free,anomaly-free,anomaly_free,13,13,2020-02-08T13:43:47+00:00,0,stream
skab_anomaly_free,anomaly-free__anomaly-free,anomaly-free,anomaly_free,14,14,2020-02-08T13:44:47+00:00,0,stream
skab_anomaly_free,anomaly-free__anomaly-free,anomaly-free,anomaly_free,15,15,2020-02-08T13:45:47+00:00,0,stream
skab_anomaly_free,anomaly-free__anomaly-free,anomaly-free,anomaly_free,16,16,2020-02-08T13:46:47+00:00,0,stream
skab_anomaly_free,anomaly-free__anomaly-free,anomaly-free,anomaly_free,17,17,2020-02-08T13:47:47+00:00,0,stream
skab_anomaly_free,anomaly-free__anomaly-free,anomaly-free,anomaly_free,18,18,2020-02-08T13:48:47+00:00,0,stream
skab_anomaly_free,anomaly-free__anomaly-free,anomaly-free,anomaly_free,19,19,2020-02-08T13:49:47+00:00,0,stream
skab_anomaly_free,anomaly-free__anomaly-free,anomaly-free,anomaly_free,20,20,2020-02-08T13:50:47+00:00,0,stream
skab_anomaly_free,anomaly-free__anomaly-free,anomaly-free,anomaly_free,21,21,2020-02-08T13:51:47+00:00,0,stream
skab_anomaly_free,anomaly-free__anomaly-free,anomaly-free,anomaly_free,22,22,2020-02-08T13:52:47+00:00,0,stream
skab_anomaly_free,anomaly-free__anomaly-free,anomaly-free,anomaly_free,23,23,2020-02-08T13:53:47+00:00,0,stream
skab_anomaly_free,anomaly-free__anomaly-free,anomaly-free,anomaly_free,24,24,2020-02-08T13:54:47+00:00,0,stream
skab_anomaly_free,anomaly-free__anomaly-free,anomaly-free,anomaly_free,25,25,2020-02-08T13:55:47+00:00,0,stream
skab_anomaly_free,anomaly-free__anomaly-free,anomaly-free,anomaly_free,26,26,2020-02-08T13:56:47+00:00,0,stream
skab_anomaly_free,anomaly-free__anomaly-free,anomaly-free,anomaly_free,27,27,2020-02-08T13:57:47+00:00,0,stream
skab_anomaly_free,anomaly-free__anomaly-free,anomaly-free,anomaly_free,28,28,2020-02-08T13:58:47+00:00,0,stream
skab_anomaly_free,anomaly-free__anomaly-free,anomaly-free,anomaly_free,29,29,2020-02-08T13:59:47+00:00,0,stream
skab_anomaly_free,anomaly-free__anomaly-free,anomaly-free,anomaly_free,30,30,2020-02-08T14:00:47+00:00,0,stream
skab_anomaly_free,anomaly-free__anomaly-free,anomaly-free,anomaly_free,31,31,2020-02-08T14:01:47+00:00,0,stream
skab_anomaly_free,anomaly-free__anomaly-free,anomaly-free,anomaly_free,32,32,2020-02-08T14:02:47+00:00,0,stream
skab_anomaly_free,anomaly-free__anomaly-free,anomaly-free,anomaly_free,33,33,2020-02-08T14:03:47+00:00,0,stream
skab_anomaly_free,anomaly-free__anomaly-free,anomaly-free,anomaly_free,34,34,2020-02-08T14:04:47+00:00,0,stream
skab_anomaly_free,anomaly-free__anomaly-free,anomaly-free,anomaly_free,35,35,2020-02-08T14:05:47+00:00,0,stream
skab_anomaly_free,anomaly-free__anomaly-free,anomaly-free,anomaly_free,36,36,2020-02-08T14:06:47+00:00,0,stream
skab_anomaly_free,anomaly-free__anomaly-free,anomaly-free,anomaly_free,37,37,2020-02-08T14:07:47+00:00,0,stream
skab_anomaly_free,anomaly-free__anomaly-free,anomaly-free,anomaly_free,38,38,2020-02-08T14:08:47+00:00,0,stream
skab_anomaly_free,anomaly-free__anomaly-free,anomaly-free,anomaly_free,39,39,2020-02-08T14:09:47+00:00,0,stream
skab_anomaly_free,anomaly-free__anomaly-free,anomaly-free,anomaly_free,40,40,2020-02-08T14:10:47+00:00,0,stream
skab_anomaly_free,anomaly-free__anomaly-free,anomaly-free,anomaly_free,41,41,2020-02-08T14:11:47+00:00,0,stream
skab_anomaly_free,anomaly-free__anomaly-free,anomaly-free,anomaly_free,42,42,2020-02-08T14:12:47+00:00,0,stream
skab_anomaly_free,anomaly-free__anomaly-free,anomaly-free,anomaly_free,43,43,2020-02-08T14:13:47+00:00,0,stream
skab_anomaly_free,anomaly-free__anomaly-free,anomaly-free,anomaly_free,44,44,2020-02-08T14:14:47+00:00,0,stream
skab_anomaly_free,anomaly-free__anomaly-free,anomaly-free,anomaly_free,45,45,2020-02-08T14:15:47+00:00,0,stream
skab_anomaly_free,anomaly-free__anomaly-free,anomaly-free,anomaly_free,46,46,2020-02-08T14:16:47+00:00,0,stream
skab_anomaly_free,anomaly-free__anomaly-free,anomaly-free,anomaly_free,47,47,2020-02-08T14:17:47+00:00,0,stream
skab_anomaly_free,anomaly-free__anomaly-free,anomaly-free,anomaly_free,48,48,2020-02-08T14:18:47+00:00,0,stream
skab_anomaly_free,anomaly-free__anomaly-free,anomaly-free,anomaly_free,49,49,2020-02-08T14:19:47+00:00,0,stream
skab_anomaly_free,anomaly-free__anomaly-free,anomaly-free,anomaly_free,50,50,2020-02-08T14:20:47+00:00,0,stream
skab_anomaly_free,anomaly-free__anomaly-free,anomaly-free,anomaly_free,51,51,2020-02-08T14:21:47+00:00,0,stream
skab_anomaly_free,anomaly-free__anomaly-free,anomaly-free,anomaly_free,52,52,2020-02-08T14:22:47+00:00,0,stream
skab_anomaly_free,anomaly-free__anomaly-free,anomaly-free,anomaly_free,53,53,2020-02-08T14:23:47+00:00,0,stream
skab_anomaly_free,anomaly-free__anomaly-free,anomaly-free,anomaly_free,54,54,2020-02-08T14:24:47+00:00,0,stream
skab_anomaly_free,anomaly-free__anomaly-free,anomaly-free,anomaly_free,55,55,2020-02-08T14:25:47+00:00,0,stream
skab_anomaly_free,anomaly-free__anomaly-free,anomaly-free,anomaly_free,56,56,2020-02-08T14:26:47+00:00,0,stream
skab_anomaly_free,anomaly-free__anomaly-free,anomaly-free,anomaly_free,57,57,2020-02-08T14:27:47+00:00,0,stream
skab_anomaly_free,anomaly-free__anomaly-free,anomaly-free,anomaly_free,58,58,2020-02-08T14:28:47+00:00,0,stream
skab_anomaly_free,anomaly-free__anomaly-free,anomaly-free,anomaly_free,59,59,2020-02-08T14:29:47+00:00,0,stream
skab_anomaly_free,anomaly-free__anomaly-free,anomaly-free,anomaly_free,60,60,2020-02-08T14:30:47+00:00,0,stream
skab_anomaly_free,anomaly-free__anomaly-free,anomaly-free,anomaly_free,61,61,2020-02-08T14:31:47+00:00,0,stream
skab_anomaly_free,anomaly-free__anomaly-free,anomaly-free,anomaly_free,62,62,2020-02-08T14:32:47+00:00,0,stream
skab_anomaly_free,anomaly-free__anomaly-free,anomaly-free,anomaly_free,63,63,2020-02-08T14:33:47+00:00,0,stream
skab_anomaly_free,anomaly-free__anomaly-free,anomaly-free,anomaly_free,64,64,2020-02-08T14:34:47+00:00,0,stream
skab_anomaly_free,anomaly-free__anomaly-free,anomaly-free,anomaly_free,65,65,2020-02-08T14:35:47+00:00,0,stream
skab_anomaly_free,anomaly-free__anomaly-free,anomaly-free,anomaly_free,66,66,2020-02-08T14:36:47+00:00,0,stream
skab_anomaly_free,anomaly-free__anomaly-free,anomaly-free,anomaly_free,67,67,2020-02-08T14:37:47+00:00,0,stream
skab_anomaly_free,anomaly-free__anomaly-free,anomaly-free,anomaly_free,68,68,2020-02-08T14:38:47+00:00,0,stream
skab_anomaly_free,anomaly-free__anomaly-free,anomaly-free,anomaly_free,69,69,2020-02-08T14:39:47+00:00,0,stream
skab_anomaly_free,anomaly-free__anomaly-free,anomaly-free,anomaly_free,70,70,2020-02-08T14:40:47+00:00,0,stream
skab_anomaly_free,anomaly-free__anomaly-free,anomaly-free,anomaly_free,71,71,2020-02-08T14:41:47+00:00,0,stream
skab_anomaly_free,anomaly-free__anomaly-free,anomaly-free,anomaly_free,72,72,2020-02-08T14:42:47+00:00,0,stream
skab_anomaly_free,anomaly-free__anomaly-free,anomaly-free,anomaly_free,73,73,2020-02-08T14:43:47+00:00,0,stream
skab_anomaly_free,anomaly-free__anomaly-free,anomaly-free,anomaly_free,74,74,2020-02-08T14:44:47+00:00,0,stream
skab_anomaly_free,anomaly-free__anomaly-free,anomaly-free,anomaly_free,75,75,2020-02-08T14:45:47+00:00,0,stream
skab_anomaly_free,anomaly-free__anomaly-free,anomaly-free,anomaly_free,76,76,2020-02-08T14:46:47+00:00,0,stream
skab_anomaly_free,anomaly-free__anomaly-free,anomaly-free,anomaly_free,77,77,2020-02-08T14:47:47+00:00,0,stream
skab_anomaly_free,anomaly-free__anomaly-free,anomaly-free,anomaly_free,78,78,2020-02-08T14:48:47+00:00,0,stream
skab_anomaly_free,anomaly-free__anomaly-free,anomaly-free,anomaly_free,79,79,2020-02-08T14:49:47+00:00,0,stream
skab_anomaly_free,anomaly-free__anomaly-free,anomaly-free,anomaly_free,80,80,2020-02-08T14:50:47+00:00,0,stream
skab_anomaly_free,anomaly-free__anomaly-free,anomaly-free,anomaly_free,81,81,2020-02-08T14:51:47+00:00,0,stream
skab_anomaly_free,anomaly-free__anomaly-free,anomaly-free,anomaly_free,82,82,2020-02-08T14:52:47+00:00,0,stream
skab_anomaly_free,anomaly-free__anomaly-free,anomaly-free,anomaly_free,83,83,2020-02-08T14:53:47+00:00,0,stream
skab_anomaly_free,anomaly-free__anomaly-free,anomaly-free,anomaly_free,84,84,2020-02-08T14:54:47+00:00,0,stream
skab_anomaly_free,anomaly-free__anomaly-free,anomaly-free,anomaly_free,85,85,2020-02-08T14:55:47+00:00,0,stream
skab_anomaly_free,anomaly-free__anomaly-free,anomaly-free,anomaly_free,86,86,2020-02-08T14:56:47+00:00,0,stream
skab_anomaly_free,anomaly-free__anomaly-free,anomaly-free,anomaly_free,87,87,2020-02-08T14:57:47+00:00,0,stream
skab_anomaly_free,anomaly-free__anomaly-free,anomaly-free,anomaly_free,88,88,2020-02-08T14:58:47+00:00,0,stream
skab_anomaly_free,anomaly-free__anomaly-free,anomaly-free,anomaly_free,89,89,2020-02-08T14:59:47+00:00,0,stream
skab_anomaly_free,anomaly-free__anomaly-free,anomaly-free,anomaly_free,90,90,2020-02-08T15:00:47+00:00,0,stream
skab_anomaly_free,anomaly-free__anomaly-free,anomaly-free,anomaly_free,91,91,2020-02-08T15:01:47+00:00,0,stream
skab_anomaly_free,anomaly-free__anomaly-free,anomaly-free,anomaly_free,92,92,2020-02-08T15:02:47+00:00,0,stream
skab_anomaly_free,anomaly-free__anomaly-free,anomaly-free,anomaly_free,93,93,2020-02-08T15:03:47+00:00,0,stream
skab_anomaly_free,anomaly-free__anomaly-free,anomaly-free,anomaly_free,94,94,2020-02-08T15:04:47+00:00,0,stream
skab_anomaly_free,anomaly-free__anomaly-free,anomaly-free,anomaly_free,95,95,2020-02-08T15:05:47+00:00,0,stream
skab_anomaly_free,anomaly-free__anomaly-free,anomaly-free,anomaly_free,96,96,2020-02-08T15:06:47+00:00,0,stream
skab_anomaly_free,anomaly-free__anomaly-free,anomaly-free,anomaly_free,97,97,2020-02-08T15:07:47+00:00,0,stream
skab_anomaly_free,anomaly-free__anomaly-free,anomaly-free,anomaly_free,98,98,2020-02-08T15:08:47+00:00,0,stream
skab_anomaly_free,anomaly-free__anomaly-free,anomaly-free,anomaly_free,99,99,2020-02-08T15:09:47+00:00,0,stream
skab_anomaly_free,anomaly-free__anomaly-free,anomaly-free,anomaly_free,100,100,2020-02-08T15:10:47+00:00,0,stream
skab_anomaly_free,anomaly-free__anomaly-free,anomaly-free,anomaly_free,101,101,2020-02-08T15:11:47+00:00,0,stream
skab_anomaly_free,anomaly-free__anomaly-free,anomaly-free,anomaly_free,102,102,2020-02-08T15:12:47+00:00,0,stream
skab_anomaly_free,anomaly-free__anomaly-free,anomaly-free,anomaly_free,103,103,2020-02-08T15:13:47+00:00,0,stream
skab_anomaly_free,anomaly-free__anomaly-free,anomaly-free,anomaly_free,104,104,2020-02-08T15:14:47+00:00,0,stream
skab_anomaly_free,anomaly-free__anomaly-free,anomaly-free,anomaly_free,105,105,2020-02-08T15:15:47+00:00,0,stream
skab_anomaly_free,anomaly-free__anomaly-free,anomaly-free,anomaly_free,106,106,2020-02-08T15:16:47+00:00,0,stream
skab_anomaly_free,anomaly-free__anomaly-free,anomaly-free,anomaly_free,107,107,2020-02-08T15:17:47+00:00,0,stream
skab_anomaly_free,anomaly-free__anomaly-free,anomaly-free,anomaly_free,108,108,2020-02-08T15:18:47+00:00,0,stream
skab_anomaly_free,anomaly-free__anomaly-free,anomaly-free,anomaly_free,109,109,2020-02-08T15:19:47+00:00,0,stream
skab_anomaly_free,anomaly-free__anomaly-free,anomaly-free,anomaly_free,110,110,2020-02-08T15:20:47+00:00,0,stream
skab_anomaly_free,anomaly-free__anomaly-free,anomaly-free,anomaly_free,111,111,2020-02-08T15:21:47+00:00,0,stream
skab_anomaly_free,anomaly-free__anomaly-free,anomaly-free,anomaly_free,112,112,2020-02-08T15:22:47+00:00,0,stream
skab_anomaly_free,anomaly-free__anomaly-free,anomaly-free,anomaly_free,113,113,2020-02-08T15:23:47+00:00,0,stream
skab_anomaly_free,anomaly-free__anomaly-free,anomaly-free,anomaly_free,114,114,2020-02-08T15:24:47+00:00,0,stream
skab_anomaly_free,anomaly-free__anomaly-free,anomaly-free,anomaly_free,115,115,2020-02-08T15:25:47+00:00,0,stream
skab_anomaly_free,anomaly-free__anomaly-free,anomaly-free,anomaly_free,116,116,2020-02-08T15:26:47+00:00,0,stream
skab_anomaly_free,anomaly-free__anomaly-free,anomaly-free,anomaly_free,117,117,2020-02-08T15:27:47+00:00,0,stream
skab_anomaly_free,anomaly-free__anomaly-free,anomaly-free,anomaly_free,118,118,2020-02-08T15:28:47+00:00,0,stream
skab_anomaly_free,anomaly-free__anomaly-free,anomaly-free,anomaly_free,119,119,2020-02-08T15:29:47+00:00,0,stream
skab_anomaly_free,anomaly-free__anomaly-free,anomaly-free,anomaly_free,120,120,2020-02-08T15:30:47+00:00,0,stream
skab_anomaly_free,anomaly-free__anomaly-free,anomaly-free,anomaly_free,121,121,2020-02-08T15:31:47+00:00,0,stream
skab_anomaly_free,anomaly-free__anomaly-free,anomaly-free,anomaly_free,122,122,2020-02-08T15:32:47+00:00,0,stream
skab_anomaly_free,anomaly-free__anomaly-free,anomaly-free,anomaly_free,123,123,2020-02-08T15:33:47+00:00,0,stream
skab_anomaly_free,anomaly-free__anomaly-free,anomaly-free,anomaly_free,124,124,2020-02-08T15:34:47+00:00,0,stream
skab_anomaly_free,anomaly-free__anomaly-free,anomaly-free,anomaly_free,125,125,2020-02-08T15:35:47+00:00,0,stream
skab_anomaly_free,anomaly-free__anomaly-free,anomaly-free,anomaly_free,126,126,2020-02-08T15:36:47+00:00,0,stream
skab_anomaly_free,anomaly-free__anomaly-free,anomaly-free,anomaly_free,127,127,2020-02-08T15:37:47+00:00,0,stream
skab_anomaly_free,anomaly-free__anomaly-free,anomaly-free,anomaly_free,128,128,2020-02-08T15:38:47+00:00,0,stream
skab_anomaly_free,anomaly-free__anomaly-free,anomaly-free,anomaly_free,129,129,2020-02-08T15:39:47+00:00,0,stream
skab_anomaly_free,anomaly-free__anomaly-free,anomaly-free,anomaly_free,130,130,2020-02-08T15:40:47+00:00,0,stream
skab_anomaly_free,anomaly-free__anomaly-free,anomaly-free,anomaly_free,131,131,2020-02-08T15:41:47+00:00,0,stream
skab_anomaly_free,anomaly-free__anomaly-free,anomaly-free,anomaly_free,132,132,2020-02-08T15:42:47+00:00,0,stream
skab_anomaly_free,anomaly-free__anomaly-free,anomaly-free,anomaly_free,133,133,2020-02-08T15:43:47+00:00,0,stream
skab_anomaly_free,anomaly-free__anomaly-free,anomaly-free,anomaly_free,134,134,2020-02-08T15:44:47+00:00,0,stream
skab_anomaly_free,anomaly-free__anomaly-free,anomaly-free,anomaly_free,135,135,2020-02-08T15:45:47+00:00,0,stream
skab_anomaly_free,anomaly-free__anomaly-free,anomaly-free,anomaly_free,136,136,2020-02-08T15:46:47+00:00,0,stream
skab_anomaly_free,anomaly-free__anomaly-free,anomaly-free,anomaly_free,137,137,2020-02-08T15:47:47+00:00,0,stream
skab_anomaly_free,anomaly-free__anomaly-free,anomaly-free,anomaly_free,138,138,2020-02-08T15:48:47+00:00,0,stream
skab_anomaly_free,anomaly-free__anomaly-free,anomaly-free,anomaly_free,139,139,2020-02-08T15:49:47+00:00,0,stream
skab_anomaly_free,anomaly-free__anomaly-free,anomaly-free,anomaly_free,140,140,2020-02-08T15:50:47+00:00,0,stream
skab_anomaly_free,anomaly-free__anomaly-free,anomaly-free,anomaly_free,141,141,2020-02-08T15:51:47+00:00,0,stream
skab_anomaly_free,anomaly-free__anomaly-free,anomaly-free,anomaly_free,142,142,2020-02-08T15:52:47+00:00,0,stream
skab_anomaly_free,anomaly-free__anomaly-free,anomaly-free,anomaly_free,143,143,2020-02-08T15:53:47+00:00,0,stream
skab_anomaly_free,anomaly-free__anomaly-free,anomaly-free,anomaly_free,144,144,2020-02-08T15:54:47+00:00,0,stream
skab_anomaly_free,anomaly-free__anomaly-free,anomaly-free,anomaly_free,145,145,2020-02-08T15:55:47+00:00,0,stream
skab_anomaly_free,anomaly-free__anomaly-free,anomaly-free,anomaly_free,146,146,2020-02-08T15:56:47+00:00,0,stream
skab_anomaly_free,anomaly-free__anomaly-free,anomaly-free,anomaly_free,147,147,2020-02-08T15:57:47+00:00,0,stream
skab_anomaly_free,anomaly-free__anomaly-free,anomaly-free,anomaly_free,148,148,2020-02-08T15:58:47+00:00,0,stream
skab_anomaly_free,anomaly-free__anomaly-free,anomaly-free,anomaly_free,149,149,2020-02-08T15:59:47+00:00,0,stream
skab_anomaly_free,anomaly-free__anomaly-free,anomaly-free,anomaly_free,150,150,2020-02-08T16:00:47+00:00,0,stream
skab_anomaly_free,anomaly-free__anomaly-free,anomaly-free,anomaly_free,151,151,2020-02-08T16:01:47+00:00,0,stream
skab_anomaly_free,anomaly-free__anomaly-free,anomaly-free,anomaly_free,152,152,2020-02-08T16:02:47+00:00,0,stream
skab_anomaly_free,anomaly-free__anomaly-free,anomaly-free,anomaly_free,153,153,2020-02-08T16:03:47+00:00,0,stream
skab_anomaly_free,anomaly-free__anomaly-free,anomaly-free,anomaly_free,154,154,2020-02-08T16:04:47+00:00,0,stream
skab_anomaly_free,anomaly-free__anomaly-free,anomaly-free,anomaly_free,155,155,2020-02-08T16:05:47+00:00,0,stream
skab_anomaly_free,anomaly-free__anomaly-free,anomaly-free,anomaly_free,156,156,2020-02-08T16:06:47+00:00,0,stream
skab_anomaly_free,anomaly-free__anomaly-free,anomaly-free,anomaly_free,157,157,2020-02-08T16:07:47+00:00,0,stream
skab_anomaly_free,anomaly-free__anomaly-free,anomaly-free,anomaly_free,158,158,2020-02-08T16:08:47+00:00,0,stream
skab_anomaly_free,anomaly-free__anomaly-free,anomaly-free,anomaly_free,159,159,2020-02-08T16:09:47+00:00,0,stream
skab_anomaly_free,anomaly-free__anomaly-free,anomaly-free,anomaly_free,160,160,2020-02-08T16:10:47+00:00,0,stream
skab_anomaly_free,anomaly-free__anomaly-free,anomaly-free,anomaly_free,161,161,2020-02-08T16:11:47+00:00,0,stream
skab_anomaly_free,anomaly-free__anomaly-free,anomaly-free,anomaly_free,162,162,2020-02-08T16:12:47+00:00,0,stream
skab_anomaly_free,anomaly-free__anomaly-free,anomaly-free,anomaly_free,163,163,2020-02-08T16:13:47+00:00,0,stream
skab_anomaly_free,anomaly-free__anomaly-free,anomaly-free,anomaly_free,164,164,2020-02-08T16:14:47+00:00,0,stream
skab_anomaly_free,anomaly-free__anomaly-free,anomaly-free,anomaly_free,165,165,2020-02-08T16:15:47+00:00,0,stream
skab_anomaly_free,anomaly-free__anomaly-free,anomaly-free,anomaly_free,166,166,2020-02-08T16:16:47+00:00,0,stream
