block,tau,washout,delta,arm,adjustment,well,n_answered,rate
15,0.0,0,0.0,randomization,raw,WELL-00001,1672,0.0472
15,0.0,0,0.0,randomization,raw,WELL-00002,2356,0.0509
15,0.0,0,0.0,randomization,raw,WELL-00003,520,0.0558
15,0.0,0,0.0,randomization,raw,WELL-00005,380,0.0553
15,0.0,0,0.0,randomization,raw,WELL-00006,1720,0.0651
15,0.0,0,0.0,randomization,raw,WELL-00008,228,0.0702
15,0.0,0,0.0,randomization,raw,WELL-00010,60,0.1333
15,0.0,0,0.0,randomization,raw,WELL-00016,24,0.0833
15,0.0,0,0.0,randomization,raw,WELL-00019,20,0.0
15,0.0,0,0.0,randomization,raw,WELL-00033,40,0.05
15,0.0,0,0.0,randomization,raw,WELL-00034,32,0.0
15,0.0,0,0.0,randomization,raw,WELL-00035,32,0.0312
15,0.0,0,0.0,randomization,raw,WELL-00037,12,0.0
15,0.0,0,0.0,randomization,raw,WELL-00038,32,0.0
15,0.0,0,0.0,randomization,raw,WELL-00039,24,0.0417
15,0.0,0,0.0,randomization,raw,WELL-00041,180,0.0444
15,0.0,0,0.0,randomization,adjusted,WELL-00001,1672,0.0467
15,0.0,0,0.0,randomization,adjusted,WELL-00002,2356,0.0488
15,0.0,0,0.0,randomization,adjusted,WELL-00003,520,0.0462
15,0.0,0,0.0,randomization,adjusted,WELL-00005,380,0.0447
15,0.0,0,0.0,randomization,adjusted,WELL-00006,1716,0.0565
15,0.0,0,0.0,randomization,adjusted,WELL-00008,0,
15,0.0,0,0.0,randomization,adjusted,WELL-00010,60,0.1333
15,0.0,0,0.0,randomization,adjusted,WELL-00016,24,0.0417
15,0.0,0,0.0,randomization,adjusted,WELL-00019,20,0.0
15,0.0,0,0.0,randomization,adjusted,WELL-00033,40,0.05
15,0.0,0,0.0,randomization,adjusted,WELL-00034,32,0.0
15,0.0,0,0.0,randomization,adjusted,WELL-00035,32,0.0312
15,0.0,0,0.0,randomization,adjusted,WELL-00037,12,0.0
15,0.0,0,0.0,randomization,adjusted,WELL-00038,32,0.25
15,0.0,0,0.0,randomization,adjusted,WELL-00039,24,0.0
15,0.0,0,0.0,randomization,adjusted,WELL-00041,180,0.0333
15,0.0,0,0.0,block_t,raw,WELL-00001,1672,0.0472
15,0.0,0,0.0,block_t,raw,WELL-00002,2356,0.0467
15,0.0,0,0.0,block_t,raw,WELL-00003,520,0.0442
15,0.0,0,0.0,block_t,raw,WELL-00005,380,0.0447
15,0.0,0,0.0,block_t,raw,WELL-00006,1720,0.0581
15,0.0,0,0.0,block_t,raw,WELL-00008,228,0.0658
15,0.0,0,0.0,block_t,raw,WELL-00010,60,0.0833
15,0.0,0,0.0,block_t,raw,WELL-00016,24,0.0833
15,0.0,0,0.0,block_t,raw,WELL-00019,20,0.0
15,0.0,0,0.0,block_t,raw,WELL-00033,40,0.05
15,0.0,0,0.0,block_t,raw,WELL-00034,32,0.0
15,0.0,0,0.0,block_t,raw,WELL-00035,32,0.0312
15,0.0,0,0.0,block_t,raw,WELL-00037,12,0.0
15,0.0,0,0.0,block_t,raw,WELL-00038,32,0.0
15,0.0,0,0.0,block_t,raw,WELL-00039,24,0.0417
15,0.0,0,0.0,block_t,raw,WELL-00041,180,0.0278
15,0.0,0,0.0,block_t,adjusted,WELL-00001,1672,0.0849
15,0.0,0,0.0,block_t,adjusted,WELL-00002,2356,0.0734
15,0.0,0,0.0,block_t,adjusted,WELL-00003,520,0.1019
15,0.0,0,0.0,block_t,adjusted,WELL-00005,380,0.0921
15,0.0,0,0.0,block_t,adjusted,WELL-00006,1716,0.0886
15,0.0,0,0.0,block_t,adjusted,WELL-00008,0,
15,0.0,0,0.0,block_t,adjusted,WELL-00010,60,0.1333
15,0.0,0,0.0,block_t,adjusted,WELL-00016,24,0.125
15,0.0,0,0.0,block_t,adjusted,WELL-00019,20,0.0
15,0.0,0,0.0,block_t,adjusted,WELL-00033,40,0.05
15,0.0,0,0.0,block_t,adjusted,WELL-00034,32,0.0
15,0.0,0,0.0,block_t,adjusted,WELL-00035,32,0.0312
15,0.0,0,0.0,block_t,adjusted,WELL-00037,12,0.1667
15,0.0,0,0.0,block_t,adjusted,WELL-00038,32,0.25
15,0.0,0,0.0,block_t,adjusted,WELL-00039,24,0.0417
15,0.0,0,0.0,block_t,adjusted,WELL-00041,180,0.0778
15,0.0,0,0.0,hac,raw,WELL-00001,1672,0.1352
15,0.0,0,0.0,hac,raw,WELL-00002,2356,0.1346
15,0.0,0,0.0,hac,raw,WELL-00003,520,0.1865
15,0.0,0,0.0,hac,raw,WELL-00005,380,0.1605
15,0.0,0,0.0,hac,raw,WELL-00006,1720,0.1442
15,0.0,0,0.0,hac,raw,WELL-00008,228,0.1579
15,0.0,0,0.0,hac,raw,WELL-00010,60,0.15
15,0.0,0,0.0,hac,raw,WELL-00016,24,0.0833
15,0.0,0,0.0,hac,raw,WELL-00019,20,0.0
15,0.0,0,0.0,hac,raw,WELL-00033,40,0.15
15,0.0,0,0.0,hac,raw,WELL-00034,32,0.0938
15,0.0,0,0.0,hac,raw,WELL-00035,32,0.125
15,0.0,0,0.0,hac,raw,WELL-00037,12,0.1667
15,0.0,0,0.0,hac,raw,WELL-00038,32,0.0938
15,0.0,0,0.0,hac,raw,WELL-00039,24,0.1667
15,0.0,0,0.0,hac,raw,WELL-00041,180,0.1333
15,0.0,0,0.0,hac,adjusted,WELL-00001,1672,0.1507
15,0.0,0,0.0,hac,adjusted,WELL-00002,2356,0.1587
15,0.0,0,0.0,hac,adjusted,WELL-00003,520,0.2019
15,0.0,0,0.0,hac,adjusted,WELL-00005,380,0.2632
15,0.0,0,0.0,hac,adjusted,WELL-00006,1716,0.1515
15,0.0,0,0.0,hac,adjusted,WELL-00008,0,
15,0.0,0,0.0,hac,adjusted,WELL-00010,60,0.1833
15,0.0,0,0.0,hac,adjusted,WELL-00016,24,0.0417
15,0.0,0,0.0,hac,adjusted,WELL-00019,20,0.0
15,0.0,0,0.0,hac,adjusted,WELL-00033,40,0.125
15,0.0,0,0.0,hac,adjusted,WELL-00034,32,0.125
15,0.0,0,0.0,hac,adjusted,WELL-00035,32,0.0938
15,0.0,0,0.0,hac,adjusted,WELL-00037,12,0.1667
15,0.0,0,0.0,hac,adjusted,WELL-00038,32,0.3438
15,0.0,0,0.0,hac,adjusted,WELL-00039,24,0.1667
15,0.0,0,0.0,hac,adjusted,WELL-00041,180,0.1667
15,0.0,0,0.0,ewc,raw,WELL-00001,1672,0.0754
15,0.0,0,0.0,ewc,raw,WELL-00002,2356,0.0798
15,0.0,0,0.0,ewc,raw,WELL-00003,520,0.0769
15,0.0,0,0.0,ewc,raw,WELL-00005,380,0.0684
15,0.0,0,0.0,ewc,raw,WELL-00006,1720,0.0942
15,0.0,0,0.0,ewc,raw,WELL-00008,228,0.0965
15,0.0,0,0.0,ewc,raw,WELL-00010,60,0.1333
15,0.0,0,0.0,ewc,raw,WELL-00016,24,0.0833
15,0.0,0,0.0,ewc,raw,WELL-00019,20,0.0
15,0.0,0,0.0,ewc,raw,WELL-00033,40,0.075
15,0.0,0,0.0,ewc,raw,WELL-00034,32,0.0625
15,0.0,0,0.0,ewc,raw,WELL-00035,32,0.0625
15,0.0,0,0.0,ewc,raw,WELL-00037,12,0.0
15,0.0,0,0.0,ewc,raw,WELL-00038,32,0.0
15,0.0,0,0.0,ewc,raw,WELL-00039,24,0.0417
15,0.0,0,0.0,ewc,raw,WELL-00041,180,0.0667
15,0.0,0,0.0,ewc,adjusted,WELL-00001,1672,0.1011
15,0.0,0,0.0,ewc,adjusted,WELL-00002,2356,0.0972
15,0.0,0,0.0,ewc,adjusted,WELL-00003,520,0.1115
15,0.0,0,0.0,ewc,adjusted,WELL-00005,380,0.1158
15,0.0,0,0.0,ewc,adjusted,WELL-00006,1716,0.1014
15,0.0,0,0.0,ewc,adjusted,WELL-00008,0,
15,0.0,0,0.0,ewc,adjusted,WELL-00010,60,0.1167
15,0.0,0,0.0,ewc,adjusted,WELL-00016,24,0.0833
15,0.0,0,0.0,ewc,adjusted,WELL-00019,20,0.0
15,0.0,0,0.0,ewc,adjusted,WELL-00033,40,0.075
15,0.0,0,0.0,ewc,adjusted,WELL-00034,32,0.0625
15,0.0,0,0.0,ewc,adjusted,WELL-00035,32,0.0625
15,0.0,0,0.0,ewc,adjusted,WELL-00037,12,0.0833
15,0.0,0,0.0,ewc,adjusted,WELL-00038,32,0.3438
15,0.0,0,0.0,ewc,adjusted,WELL-00039,24,0.0
15,0.0,0,0.0,ewc,adjusted,WELL-00041,180,0.1111
15,0.0,0,0.0,naive,raw,WELL-00001,1672,0.5502
15,0.0,0,0.0,naive,raw,WELL-00002,2356,0.6507
15,0.0,0,0.0,naive,raw,WELL-00003,520,0.4558
15,0.0,0,0.0,naive,raw,WELL-00005,380,0.4816
15,0.0,0,0.0,naive,raw,WELL-00006,1720,0.5256
15,0.0,0,0.0,naive,raw,WELL-00008,228,0.6711
15,0.0,0,0.0,naive,raw,WELL-00010,60,0.65
15,0.0,0,0.0,naive,raw,WELL-00016,24,0.5417
15,0.0,0,0.0,naive,raw,WELL-00019,20,0.25
15,0.0,0,0.0,naive,raw,WELL-00033,40,0.375
15,0.0,0,0.0,naive,raw,WELL-00034,32,0.5312
15,0.0,0,0.0,naive,raw,WELL-00035,32,0.2812
15,0.0,0,0.0,naive,raw,WELL-00037,12,0.5833
15,0.0,0,0.0,naive,raw,WELL-00038,32,0.5938
15,0.0,0,0.0,naive,raw,WELL-00039,24,0.4167
15,0.0,0,0.0,naive,raw,WELL-00041,180,0.55
15,0.0,0,0.0,naive,adjusted,WELL-00001,1672,0.5018
15,0.0,0,0.0,naive,adjusted,WELL-00002,2356,0.6091
15,0.0,0,0.0,naive,adjusted,WELL-00003,520,0.3942
15,0.0,0,0.0,naive,adjusted,WELL-00005,380,0.4447
15,0.0,0,0.0,naive,adjusted,WELL-00006,1716,0.4598
15,0.0,0,0.0,naive,adjusted,WELL-00008,0,
15,0.0,0,0.0,naive,adjusted,WELL-00010,60,0.6
15,0.0,0,0.0,naive,adjusted,WELL-00016,24,0.5417
15,0.0,0,0.0,naive,adjusted,WELL-00019,20,0.15
15,0.0,0,0.0,naive,adjusted,WELL-00033,40,0.375
15,0.0,0,0.0,naive,adjusted,WELL-00034,32,0.4688
15,0.0,0,0.0,naive,adjusted,WELL-00035,32,0.25
15,0.0,0,0.0,naive,adjusted,WELL-00037,12,0.5833
15,0.0,0,0.0,naive,adjusted,WELL-00038,32,0.625
15,0.0,0,0.0,naive,adjusted,WELL-00039,24,0.375
15,0.0,0,0.0,naive,adjusted,WELL-00041,180,0.5111
15,0.0,0,0.0,prepost_hac,raw,WELL-00001,399,0.5088
15,0.0,0,0.0,prepost_hac,raw,WELL-00002,580,0.7534
15,0.0,0,0.0,prepost_hac,raw,WELL-00003,130,0.6154
15,0.0,0,0.0,prepost_hac,raw,WELL-00005,95,0.6947
15,0.0,0,0.0,prepost_hac,raw,WELL-00006,396,0.6692
15,0.0,0,0.0,prepost_hac,raw,WELL-00008,56,0.8929
15,0.0,0,0.0,prepost_hac,raw,WELL-00010,15,0.4667
15,0.0,0,0.0,prepost_hac,raw,WELL-00016,6,0.8333
15,0.0,0,0.0,prepost_hac,raw,WELL-00019,5,0.0
15,0.0,0,0.0,prepost_hac,raw,WELL-00033,10,0.6
15,0.0,0,0.0,prepost_hac,raw,WELL-00034,8,0.375
15,0.0,0,0.0,prepost_hac,raw,WELL-00035,8,0.5
15,0.0,0,0.0,prepost_hac,raw,WELL-00037,3,0.3333
15,0.0,0,0.0,prepost_hac,raw,WELL-00038,8,0.875
15,0.0,0,0.0,prepost_hac,raw,WELL-00039,6,0.5
15,0.0,0,0.0,prepost_hac,raw,WELL-00041,45,0.4
15,0.0,0,0.0,prepost_hac,adjusted,WELL-00001,71,0.831
15,0.0,0,0.0,prepost_hac,adjusted,WELL-00002,102,0.7353
15,0.0,0,0.0,prepost_hac,adjusted,WELL-00003,32,0.8438
15,0.0,0,0.0,prepost_hac,adjusted,WELL-00005,43,0.6977
15,0.0,0,0.0,prepost_hac,adjusted,WELL-00006,46,0.8478
15,0.0,0,0.0,prepost_hac,adjusted,WELL-00008,0,
15,0.0,0,0.0,prepost_hac,adjusted,WELL-00010,10,0.8
15,0.0,0,0.0,prepost_hac,adjusted,WELL-00016,6,0.3333
15,0.0,0,0.0,prepost_hac,adjusted,WELL-00019,5,0.0
15,0.0,0,0.0,prepost_hac,adjusted,WELL-00033,9,0.6667
15,0.0,0,0.0,prepost_hac,adjusted,WELL-00034,6,0.6667
15,0.0,0,0.0,prepost_hac,adjusted,WELL-00035,7,0.5714
15,0.0,0,0.0,prepost_hac,adjusted,WELL-00037,3,0.3333
15,0.0,0,0.0,prepost_hac,adjusted,WELL-00038,0,
15,0.0,0,0.0,prepost_hac,adjusted,WELL-00039,3,0.0
15,0.0,0,0.0,prepost_hac,adjusted,WELL-00041,18,0.6111
15,0.0,0,0.0,prepost_ewc,raw,WELL-00001,399,0.4411
15,0.0,0,0.0,prepost_ewc,raw,WELL-00002,580,0.7759
15,0.0,0,0.0,prepost_ewc,raw,WELL-00003,130,0.5538
15,0.0,0,0.0,prepost_ewc,raw,WELL-00005,95,0.6632
15,0.0,0,0.0,prepost_ewc,raw,WELL-00006,396,0.6591
15,0.0,0,0.0,prepost_ewc,raw,WELL-00008,56,0.8929
15,0.0,0,0.0,prepost_ewc,raw,WELL-00010,15,0.4667
15,0.0,0,0.0,prepost_ewc,raw,WELL-00016,6,0.8333
15,0.0,0,0.0,prepost_ewc,raw,WELL-00019,5,0.0
15,0.0,0,0.0,prepost_ewc,raw,WELL-00033,10,0.7
15,0.0,0,0.0,prepost_ewc,raw,WELL-00034,8,0.375
15,0.0,0,0.0,prepost_ewc,raw,WELL-00035,8,0.375
15,0.0,0,0.0,prepost_ewc,raw,WELL-00037,3,0.3333
15,0.0,0,0.0,prepost_ewc,raw,WELL-00038,8,0.875
15,0.0,0,0.0,prepost_ewc,raw,WELL-00039,6,0.3333
15,0.0,0,0.0,prepost_ewc,raw,WELL-00041,45,0.3778
15,0.0,0,0.0,prepost_ewc,adjusted,WELL-00001,71,0.831
15,0.0,0,0.0,prepost_ewc,adjusted,WELL-00002,102,0.6667
15,0.0,0,0.0,prepost_ewc,adjusted,WELL-00003,32,0.75
15,0.0,0,0.0,prepost_ewc,adjusted,WELL-00005,43,0.6977
15,0.0,0,0.0,prepost_ewc,adjusted,WELL-00006,46,0.8478
15,0.0,0,0.0,prepost_ewc,adjusted,WELL-00008,0,
15,0.0,0,0.0,prepost_ewc,adjusted,WELL-00010,10,0.7
15,0.0,0,0.0,prepost_ewc,adjusted,WELL-00016,6,0.3333
15,0.0,0,0.0,prepost_ewc,adjusted,WELL-00019,5,0.0
15,0.0,0,0.0,prepost_ewc,adjusted,WELL-00033,9,0.6667
15,0.0,0,0.0,prepost_ewc,adjusted,WELL-00034,6,0.6667
15,0.0,0,0.0,prepost_ewc,adjusted,WELL-00035,7,0.4286
15,0.0,0,0.0,prepost_ewc,adjusted,WELL-00037,3,0.3333
15,0.0,0,0.0,prepost_ewc,adjusted,WELL-00038,0,
15,0.0,0,0.0,prepost_ewc,adjusted,WELL-00039,3,0.0
15,0.0,0,0.0,prepost_ewc,adjusted,WELL-00041,18,0.6111
15,1.5,0,0.0,randomization,raw,WELL-00001,1672,0.0472
15,1.5,0,0.0,randomization,raw,WELL-00002,2356,0.0509
15,1.5,0,0.0,randomization,raw,WELL-00003,520,0.0558
15,1.5,0,0.0,randomization,raw,WELL-00005,380,0.0553
15,1.5,0,0.0,randomization,raw,WELL-00006,1720,0.0651
15,1.5,0,0.0,randomization,raw,WELL-00008,228,0.0702
15,1.5,0,0.0,randomization,raw,WELL-00010,60,0.1333
15,1.5,0,0.0,randomization,raw,WELL-00016,24,0.0833
15,1.5,0,0.0,randomization,raw,WELL-00019,20,0.0
15,1.5,0,0.0,randomization,raw,WELL-00033,40,0.05
15,1.5,0,0.0,randomization,raw,WELL-00034,32,0.0
15,1.5,0,0.0,randomization,raw,WELL-00035,32,0.0312
15,1.5,0,0.0,randomization,raw,WELL-00037,12,0.0
15,1.5,0,0.0,randomization,raw,WELL-00038,32,0.0
15,1.5,0,0.0,randomization,raw,WELL-00039,24,0.0417
15,1.5,0,0.0,randomization,raw,WELL-00041,180,0.0444
15,1.5,0,0.0,randomization,adjusted,WELL-00001,1672,0.0467
15,1.5,0,0.0,randomization,adjusted,WELL-00002,2356,0.0488
15,1.5,0,0.0,randomization,adjusted,WELL-00003,520,0.0462
15,1.5,0,0.0,randomization,adjusted,WELL-00005,380,0.0447
15,1.5,0,0.0,randomization,adjusted,WELL-00006,1716,0.0565
15,1.5,0,0.0,randomization,adjusted,WELL-00008,0,
15,1.5,0,0.0,randomization,adjusted,WELL-00010,60,0.1333
15,1.5,0,0.0,randomization,adjusted,WELL-00016,24,0.0417
15,1.5,0,0.0,randomization,adjusted,WELL-00019,20,0.0
15,1.5,0,0.0,randomization,adjusted,WELL-00033,40,0.05
15,1.5,0,0.0,randomization,adjusted,WELL-00034,32,0.0
15,1.5,0,0.0,randomization,adjusted,WELL-00035,32,0.0312
15,1.5,0,0.0,randomization,adjusted,WELL-00037,12,0.0
15,1.5,0,0.0,randomization,adjusted,WELL-00038,32,0.25
15,1.5,0,0.0,randomization,adjusted,WELL-00039,24,0.0
15,1.5,0,0.0,randomization,adjusted,WELL-00041,180,0.0333
15,1.5,0,0.0,block_t,raw,WELL-00001,1672,0.0472
15,1.5,0,0.0,block_t,raw,WELL-00002,2356,0.0467
15,1.5,0,0.0,block_t,raw,WELL-00003,520,0.0442
15,1.5,0,0.0,block_t,raw,WELL-00005,380,0.0447
15,1.5,0,0.0,block_t,raw,WELL-00006,1720,0.0581
15,1.5,0,0.0,block_t,raw,WELL-00008,228,0.0658
15,1.5,0,0.0,block_t,raw,WELL-00010,60,0.0833
15,1.5,0,0.0,block_t,raw,WELL-00016,24,0.0833
15,1.5,0,0.0,block_t,raw,WELL-00019,20,0.0
15,1.5,0,0.0,block_t,raw,WELL-00033,40,0.05
15,1.5,0,0.0,block_t,raw,WELL-00034,32,0.0
15,1.5,0,0.0,block_t,raw,WELL-00035,32,0.0312
15,1.5,0,0.0,block_t,raw,WELL-00037,12,0.0
15,1.5,0,0.0,block_t,raw,WELL-00038,32,0.0
15,1.5,0,0.0,block_t,raw,WELL-00039,24,0.0417
15,1.5,0,0.0,block_t,raw,WELL-00041,180,0.0278
15,1.5,0,0.0,block_t,adjusted,WELL-00001,1672,0.0849
15,1.5,0,0.0,block_t,adjusted,WELL-00002,2356,0.0734
15,1.5,0,0.0,block_t,adjusted,WELL-00003,520,0.1019
15,1.5,0,0.0,block_t,adjusted,WELL-00005,380,0.0921
15,1.5,0,0.0,block_t,adjusted,WELL-00006,1716,0.0886
15,1.5,0,0.0,block_t,adjusted,WELL-00008,0,
15,1.5,0,0.0,block_t,adjusted,WELL-00010,60,0.1333
15,1.5,0,0.0,block_t,adjusted,WELL-00016,24,0.125
15,1.5,0,0.0,block_t,adjusted,WELL-00019,20,0.0
15,1.5,0,0.0,block_t,adjusted,WELL-00033,40,0.05
15,1.5,0,0.0,block_t,adjusted,WELL-00034,32,0.0
15,1.5,0,0.0,block_t,adjusted,WELL-00035,32,0.0312
15,1.5,0,0.0,block_t,adjusted,WELL-00037,12,0.1667
15,1.5,0,0.0,block_t,adjusted,WELL-00038,32,0.25
15,1.5,0,0.0,block_t,adjusted,WELL-00039,24,0.0417
15,1.5,0,0.0,block_t,adjusted,WELL-00041,180,0.0778
15,1.5,0,0.0,hac,raw,WELL-00001,1672,0.1352
15,1.5,0,0.0,hac,raw,WELL-00002,2356,0.1346
15,1.5,0,0.0,hac,raw,WELL-00003,520,0.1865
15,1.5,0,0.0,hac,raw,WELL-00005,380,0.1605
15,1.5,0,0.0,hac,raw,WELL-00006,1720,0.1442
15,1.5,0,0.0,hac,raw,WELL-00008,228,0.1579
15,1.5,0,0.0,hac,raw,WELL-00010,60,0.15
15,1.5,0,0.0,hac,raw,WELL-00016,24,0.0833
15,1.5,0,0.0,hac,raw,WELL-00019,20,0.0
15,1.5,0,0.0,hac,raw,WELL-00033,40,0.15
15,1.5,0,0.0,hac,raw,WELL-00034,32,0.0938
15,1.5,0,0.0,hac,raw,WELL-00035,32,0.125
15,1.5,0,0.0,hac,raw,WELL-00037,12,0.1667
15,1.5,0,0.0,hac,raw,WELL-00038,32,0.0938
15,1.5,0,0.0,hac,raw,WELL-00039,24,0.1667
15,1.5,0,0.0,hac,raw,WELL-00041,180,0.1333
15,1.5,0,0.0,hac,adjusted,WELL-00001,1672,0.1507
15,1.5,0,0.0,hac,adjusted,WELL-00002,2356,0.1587
15,1.5,0,0.0,hac,adjusted,WELL-00003,520,0.2019
15,1.5,0,0.0,hac,adjusted,WELL-00005,380,0.2632
15,1.5,0,0.0,hac,adjusted,WELL-00006,1716,0.1515
15,1.5,0,0.0,hac,adjusted,WELL-00008,0,
15,1.5,0,0.0,hac,adjusted,WELL-00010,60,0.1833
15,1.5,0,0.0,hac,adjusted,WELL-00016,24,0.0417
15,1.5,0,0.0,hac,adjusted,WELL-00019,20,0.0
15,1.5,0,0.0,hac,adjusted,WELL-00033,40,0.125
15,1.5,0,0.0,hac,adjusted,WELL-00034,32,0.125
15,1.5,0,0.0,hac,adjusted,WELL-00035,32,0.0938
15,1.5,0,0.0,hac,adjusted,WELL-00037,12,0.1667
15,1.5,0,0.0,hac,adjusted,WELL-00038,32,0.3438
15,1.5,0,0.0,hac,adjusted,WELL-00039,24,0.1667
15,1.5,0,0.0,hac,adjusted,WELL-00041,180,0.1667
15,1.5,0,0.0,ewc,raw,WELL-00001,1672,0.0754
15,1.5,0,0.0,ewc,raw,WELL-00002,2356,0.0798
15,1.5,0,0.0,ewc,raw,WELL-00003,520,0.0769
15,1.5,0,0.0,ewc,raw,WELL-00005,380,0.0684
15,1.5,0,0.0,ewc,raw,WELL-00006,1720,0.0942
15,1.5,0,0.0,ewc,raw,WELL-00008,228,0.0965
15,1.5,0,0.0,ewc,raw,WELL-00010,60,0.1333
15,1.5,0,0.0,ewc,raw,WELL-00016,24,0.0833
15,1.5,0,0.0,ewc,raw,WELL-00019,20,0.0
15,1.5,0,0.0,ewc,raw,WELL-00033,40,0.075
15,1.5,0,0.0,ewc,raw,WELL-00034,32,0.0625
15,1.5,0,0.0,ewc,raw,WELL-00035,32,0.0625
15,1.5,0,0.0,ewc,raw,WELL-00037,12,0.0
15,1.5,0,0.0,ewc,raw,WELL-00038,32,0.0
15,1.5,0,0.0,ewc,raw,WELL-00039,24,0.0417
15,1.5,0,0.0,ewc,raw,WELL-00041,180,0.0667
15,1.5,0,0.0,ewc,adjusted,WELL-00001,1672,0.1011
15,1.5,0,0.0,ewc,adjusted,WELL-00002,2356,0.0972
15,1.5,0,0.0,ewc,adjusted,WELL-00003,520,0.1115
15,1.5,0,0.0,ewc,adjusted,WELL-00005,380,0.1158
15,1.5,0,0.0,ewc,adjusted,WELL-00006,1716,0.1014
15,1.5,0,0.0,ewc,adjusted,WELL-00008,0,
15,1.5,0,0.0,ewc,adjusted,WELL-00010,60,0.1167
15,1.5,0,0.0,ewc,adjusted,WELL-00016,24,0.0833
15,1.5,0,0.0,ewc,adjusted,WELL-00019,20,0.0
15,1.5,0,0.0,ewc,adjusted,WELL-00033,40,0.075
15,1.5,0,0.0,ewc,adjusted,WELL-00034,32,0.0625
15,1.5,0,0.0,ewc,adjusted,WELL-00035,32,0.0625
15,1.5,0,0.0,ewc,adjusted,WELL-00037,12,0.0833
15,1.5,0,0.0,ewc,adjusted,WELL-00038,32,0.3438
15,1.5,0,0.0,ewc,adjusted,WELL-00039,24,0.0
15,1.5,0,0.0,ewc,adjusted,WELL-00041,180,0.1111
15,1.5,0,0.0,naive,raw,WELL-00001,1672,0.5502
15,1.5,0,0.0,naive,raw,WELL-00002,2356,0.6507
15,1.5,0,0.0,naive,raw,WELL-00003,520,0.4558
15,1.5,0,0.0,naive,raw,WELL-00005,380,0.4816
15,1.5,0,0.0,naive,raw,WELL-00006,1720,0.5256
15,1.5,0,0.0,naive,raw,WELL-00008,228,0.6711
15,1.5,0,0.0,naive,raw,WELL-00010,60,0.65
15,1.5,0,0.0,naive,raw,WELL-00016,24,0.5417
15,1.5,0,0.0,naive,raw,WELL-00019,20,0.25
15,1.5,0,0.0,naive,raw,WELL-00033,40,0.375
15,1.5,0,0.0,naive,raw,WELL-00034,32,0.5312
15,1.5,0,0.0,naive,raw,WELL-00035,32,0.2812
15,1.5,0,0.0,naive,raw,WELL-00037,12,0.5833
15,1.5,0,0.0,naive,raw,WELL-00038,32,0.5938
15,1.5,0,0.0,naive,raw,WELL-00039,24,0.4167
15,1.5,0,0.0,naive,raw,WELL-00041,180,0.55
15,1.5,0,0.0,naive,adjusted,WELL-00001,1672,0.5018
15,1.5,0,0.0,naive,adjusted,WELL-00002,2356,0.6091
15,1.5,0,0.0,naive,adjusted,WELL-00003,520,0.3942
15,1.5,0,0.0,naive,adjusted,WELL-00005,380,0.4447
15,1.5,0,0.0,naive,adjusted,WELL-00006,1716,0.4598
15,1.5,0,0.0,naive,adjusted,WELL-00008,0,
15,1.5,0,0.0,naive,adjusted,WELL-00010,60,0.6
15,1.5,0,0.0,naive,adjusted,WELL-00016,24,0.5417
15,1.5,0,0.0,naive,adjusted,WELL-00019,20,0.15
15,1.5,0,0.0,naive,adjusted,WELL-00033,40,0.375
15,1.5,0,0.0,naive,adjusted,WELL-00034,32,0.4688
15,1.5,0,0.0,naive,adjusted,WELL-00035,32,0.25
15,1.5,0,0.0,naive,adjusted,WELL-00037,12,0.5833
15,1.5,0,0.0,naive,adjusted,WELL-00038,32,0.625
15,1.5,0,0.0,naive,adjusted,WELL-00039,24,0.375
15,1.5,0,0.0,naive,adjusted,WELL-00041,180,0.5111
15,1.5,0,0.0,prepost_hac,raw,WELL-00001,399,0.5088
15,1.5,0,0.0,prepost_hac,raw,WELL-00002,580,0.7534
15,1.5,0,0.0,prepost_hac,raw,WELL-00003,130,0.6154
15,1.5,0,0.0,prepost_hac,raw,WELL-00005,95,0.6947
15,1.5,0,0.0,prepost_hac,raw,WELL-00006,396,0.6692
15,1.5,0,0.0,prepost_hac,raw,WELL-00008,56,0.8929
15,1.5,0,0.0,prepost_hac,raw,WELL-00010,15,0.4667
15,1.5,0,0.0,prepost_hac,raw,WELL-00016,6,0.8333
15,1.5,0,0.0,prepost_hac,raw,WELL-00019,5,0.0
15,1.5,0,0.0,prepost_hac,raw,WELL-00033,10,0.6
15,1.5,0,0.0,prepost_hac,raw,WELL-00034,8,0.375
15,1.5,0,0.0,prepost_hac,raw,WELL-00035,8,0.5
15,1.5,0,0.0,prepost_hac,raw,WELL-00037,3,0.3333
15,1.5,0,0.0,prepost_hac,raw,WELL-00038,8,0.875
15,1.5,0,0.0,prepost_hac,raw,WELL-00039,6,0.5
15,1.5,0,0.0,prepost_hac,raw,WELL-00041,45,0.4
15,1.5,0,0.0,prepost_hac,adjusted,WELL-00001,71,0.831
15,1.5,0,0.0,prepost_hac,adjusted,WELL-00002,102,0.7353
15,1.5,0,0.0,prepost_hac,adjusted,WELL-00003,32,0.8438
15,1.5,0,0.0,prepost_hac,adjusted,WELL-00005,43,0.6977
15,1.5,0,0.0,prepost_hac,adjusted,WELL-00006,46,0.8478
15,1.5,0,0.0,prepost_hac,adjusted,WELL-00008,0,
15,1.5,0,0.0,prepost_hac,adjusted,WELL-00010,10,0.8
15,1.5,0,0.0,prepost_hac,adjusted,WELL-00016,6,0.3333
15,1.5,0,0.0,prepost_hac,adjusted,WELL-00019,5,0.0
15,1.5,0,0.0,prepost_hac,adjusted,WELL-00033,9,0.6667
15,1.5,0,0.0,prepost_hac,adjusted,WELL-00034,6,0.6667
15,1.5,0,0.0,prepost_hac,adjusted,WELL-00035,7,0.5714
15,1.5,0,0.0,prepost_hac,adjusted,WELL-00037,3,0.3333
15,1.5,0,0.0,prepost_hac,adjusted,WELL-00038,0,
15,1.5,0,0.0,prepost_hac,adjusted,WELL-00039,3,0.0
15,1.5,0,0.0,prepost_hac,adjusted,WELL-00041,18,0.6111
15,1.5,0,0.0,prepost_ewc,raw,WELL-00001,399,0.4411
15,1.5,0,0.0,prepost_ewc,raw,WELL-00002,580,0.7759
15,1.5,0,0.0,prepost_ewc,raw,WELL-00003,130,0.5538
15,1.5,0,0.0,prepost_ewc,raw,WELL-00005,95,0.6632
15,1.5,0,0.0,prepost_ewc,raw,WELL-00006,396,0.6591
15,1.5,0,0.0,prepost_ewc,raw,WELL-00008,56,0.8929
15,1.5,0,0.0,prepost_ewc,raw,WELL-00010,15,0.4667
15,1.5,0,0.0,prepost_ewc,raw,WELL-00016,6,0.8333
15,1.5,0,0.0,prepost_ewc,raw,WELL-00019,5,0.0
15,1.5,0,0.0,prepost_ewc,raw,WELL-00033,10,0.7
15,1.5,0,0.0,prepost_ewc,raw,WELL-00034,8,0.375
15,1.5,0,0.0,prepost_ewc,raw,WELL-00035,8,0.375
15,1.5,0,0.0,prepost_ewc,raw,WELL-00037,3,0.3333
15,1.5,0,0.0,prepost_ewc,raw,WELL-00038,8,0.875
15,1.5,0,0.0,prepost_ewc,raw,WELL-00039,6,0.3333
15,1.5,0,0.0,prepost_ewc,raw,WELL-00041,45,0.3778
15,1.5,0,0.0,prepost_ewc,adjusted,WELL-00001,71,0.831
15,1.5,0,0.0,prepost_ewc,adjusted,WELL-00002,102,0.6667
15,1.5,0,0.0,prepost_ewc,adjusted,WELL-00003,32,0.75
15,1.5,0,0.0,prepost_ewc,adjusted,WELL-00005,43,0.6977
15,1.5,0,0.0,prepost_ewc,adjusted,WELL-00006,46,0.8478
15,1.5,0,0.0,prepost_ewc,adjusted,WELL-00008,0,
15,1.5,0,0.0,prepost_ewc,adjusted,WELL-00010,10,0.7
15,1.5,0,0.0,prepost_ewc,adjusted,WELL-00016,6,0.3333
15,1.5,0,0.0,prepost_ewc,adjusted,WELL-00019,5,0.0
15,1.5,0,0.0,prepost_ewc,adjusted,WELL-00033,9,0.6667
15,1.5,0,0.0,prepost_ewc,adjusted,WELL-00034,6,0.6667
15,1.5,0,0.0,prepost_ewc,adjusted,WELL-00035,7,0.4286
15,1.5,0,0.0,prepost_ewc,adjusted,WELL-00037,3,0.3333
15,1.5,0,0.0,prepost_ewc,adjusted,WELL-00038,0,
15,1.5,0,0.0,prepost_ewc,adjusted,WELL-00039,3,0.0
15,1.5,0,0.0,prepost_ewc,adjusted,WELL-00041,18,0.6111
15,1.5,5,0.0,randomization,raw,WELL-00001,1668,0.0474
15,1.5,5,0.0,randomization,raw,WELL-00002,2356,0.0531
15,1.5,5,0.0,randomization,raw,WELL-00003,520,0.05
15,1.5,5,0.0,randomization,raw,WELL-00005,380,0.0526
15,1.5,5,0.0,randomization,raw,WELL-00006,1708,0.0626
15,1.5,5,0.0,randomization,raw,WELL-00008,228,0.0702
15,1.5,5,0.0,randomization,raw,WELL-00010,60,0.1
15,1.5,5,0.0,randomization,raw,WELL-00016,24,0.125
15,1.5,5,0.0,randomization,raw,WELL-00019,20,0.0
15,1.5,5,0.0,randomization,raw,WELL-00033,40,0.05
15,1.5,5,0.0,randomization,raw,WELL-00034,32,0.0312
15,1.5,5,0.0,randomization,raw,WELL-00035,32,0.0312
15,1.5,5,0.0,randomization,raw,WELL-00037,12,0.0
15,1.5,5,0.0,randomization,raw,WELL-00038,32,0.0
15,1.5,5,0.0,randomization,raw,WELL-00039,24,0.0833
15,1.5,5,0.0,randomization,raw,WELL-00041,180,0.0389
15,1.5,5,0.0,randomization,adjusted,WELL-00001,1668,0.0384
15,1.5,5,0.0,randomization,adjusted,WELL-00002,2356,0.0531
15,1.5,5,0.0,randomization,adjusted,WELL-00003,520,0.0519
15,1.5,5,0.0,randomization,adjusted,WELL-00005,380,0.0421
15,1.5,5,0.0,randomization,adjusted,WELL-00006,1704,0.0581
15,1.5,5,0.0,randomization,adjusted,WELL-00008,0,
15,1.5,5,0.0,randomization,adjusted,WELL-00010,60,0.0833
15,1.5,5,0.0,randomization,adjusted,WELL-00016,24,0.0417
15,1.5,5,0.0,randomization,adjusted,WELL-00019,20,0.0
15,1.5,5,0.0,randomization,adjusted,WELL-00033,40,0.05
15,1.5,5,0.0,randomization,adjusted,WELL-00034,32,0.0312
15,1.5,5,0.0,randomization,adjusted,WELL-00035,32,0.0312
15,1.5,5,0.0,randomization,adjusted,WELL-00037,12,0.0
15,1.5,5,0.0,randomization,adjusted,WELL-00038,32,0.2188
15,1.5,5,0.0,randomization,adjusted,WELL-00039,24,0.0417
15,1.5,5,0.0,randomization,adjusted,WELL-00041,180,0.0333
15,1.5,5,0.0,block_t,raw,WELL-00001,1668,0.0486
15,1.5,5,0.0,block_t,raw,WELL-00002,2356,0.0492
15,1.5,5,0.0,block_t,raw,WELL-00003,520,0.0442
15,1.5,5,0.0,block_t,raw,WELL-00005,380,0.0395
15,1.5,5,0.0,block_t,raw,WELL-00006,1708,0.0585
15,1.5,5,0.0,block_t,raw,WELL-00008,228,0.0614
15,1.5,5,0.0,block_t,raw,WELL-00010,60,0.0833
15,1.5,5,0.0,block_t,raw,WELL-00016,24,0.0417
15,1.5,5,0.0,block_t,raw,WELL-00019,20,0.0
15,1.5,5,0.0,block_t,raw,WELL-00033,40,0.05
15,1.5,5,0.0,block_t,raw,WELL-00034,32,0.0312
15,1.5,5,0.0,block_t,raw,WELL-00035,32,0.0312
15,1.5,5,0.0,block_t,raw,WELL-00037,12,0.0
15,1.5,5,0.0,block_t,raw,WELL-00038,32,0.0
15,1.5,5,0.0,block_t,raw,WELL-00039,24,0.0833
15,1.5,5,0.0,block_t,raw,WELL-00041,180,0.0389
15,1.5,5,0.0,block_t,adjusted,WELL-00001,1668,0.0887
15,1.5,5,0.0,block_t,adjusted,WELL-00002,2356,0.0815
15,1.5,5,0.0,block_t,adjusted,WELL-00003,520,0.0808
15,1.5,5,0.0,block_t,adjusted,WELL-00005,380,0.0763
15,1.5,5,0.0,block_t,adjusted,WELL-00006,1704,0.0933
15,1.5,5,0.0,block_t,adjusted,WELL-00008,0,
15,1.5,5,0.0,block_t,adjusted,WELL-00010,60,0.1
15,1.5,5,0.0,block_t,adjusted,WELL-00016,24,0.0833
15,1.5,5,0.0,block_t,adjusted,WELL-00019,20,0.0
15,1.5,5,0.0,block_t,adjusted,WELL-00033,40,0.05
15,1.5,5,0.0,block_t,adjusted,WELL-00034,32,0.0312
15,1.5,5,0.0,block_t,adjusted,WELL-00035,32,0.0312
15,1.5,5,0.0,block_t,adjusted,WELL-00037,12,0.0
15,1.5,5,0.0,block_t,adjusted,WELL-00038,32,0.3438
15,1.5,5,0.0,block_t,adjusted,WELL-00039,24,0.0833
15,1.5,5,0.0,block_t,adjusted,WELL-00041,180,0.1
15,1.5,5,0.0,hac,raw,WELL-00001,1668,0.1385
15,1.5,5,0.0,hac,raw,WELL-00002,2356,0.1324
15,1.5,5,0.0,hac,raw,WELL-00003,520,0.1712
15,1.5,5,0.0,hac,raw,WELL-00005,380,0.1316
15,1.5,5,0.0,hac,raw,WELL-00006,1708,0.1393
15,1.5,5,0.0,hac,raw,WELL-00008,228,0.1711
15,1.5,5,0.0,hac,raw,WELL-00010,60,0.1333
15,1.5,5,0.0,hac,raw,WELL-00016,24,0.125
15,1.5,5,0.0,hac,raw,WELL-00019,20,0.0
15,1.5,5,0.0,hac,raw,WELL-00033,40,0.075
15,1.5,5,0.0,hac,raw,WELL-00034,32,0.0625
15,1.5,5,0.0,hac,raw,WELL-00035,32,0.125
15,1.5,5,0.0,hac,raw,WELL-00037,12,0.0
15,1.5,5,0.0,hac,raw,WELL-00038,32,0.0625
15,1.5,5,0.0,hac,raw,WELL-00039,24,0.1667
15,1.5,5,0.0,hac,raw,WELL-00041,180,0.1
15,1.5,5,0.0,hac,adjusted,WELL-00001,1668,0.1697
15,1.5,5,0.0,hac,adjusted,WELL-00002,2356,0.1609
15,1.5,5,0.0,hac,adjusted,WELL-00003,520,0.1942
15,1.5,5,0.0,hac,adjusted,WELL-00005,380,0.2289
15,1.5,5,0.0,hac,adjusted,WELL-00006,1704,0.1626
15,1.5,5,0.0,hac,adjusted,WELL-00008,0,
15,1.5,5,0.0,hac,adjusted,WELL-00010,60,0.2
15,1.5,5,0.0,hac,adjusted,WELL-00016,24,0.125
15,1.5,5,0.0,hac,adjusted,WELL-00019,20,0.0
15,1.5,5,0.0,hac,adjusted,WELL-00033,40,0.1
15,1.5,5,0.0,hac,adjusted,WELL-00034,32,0.0625
15,1.5,5,0.0,hac,adjusted,WELL-00035,32,0.125
15,1.5,5,0.0,hac,adjusted,WELL-00037,12,0.0
15,1.5,5,0.0,hac,adjusted,WELL-00038,32,0.375
15,1.5,5,0.0,hac,adjusted,WELL-00039,24,0.0833
15,1.5,5,0.0,hac,adjusted,WELL-00041,180,0.1722
15,1.5,5,0.0,ewc,raw,WELL-00001,1668,0.0612
15,1.5,5,0.0,ewc,raw,WELL-00002,2356,0.0526
15,1.5,5,0.0,ewc,raw,WELL-00003,520,0.0635
15,1.5,5,0.0,ewc,raw,WELL-00005,380,0.0553
15,1.5,5,0.0,ewc,raw,WELL-00006,1708,0.0708
15,1.5,5,0.0,ewc,raw,WELL-00008,228,0.0746
15,1.5,5,0.0,ewc,raw,WELL-00010,60,0.1
15,1.5,5,0.0,ewc,raw,WELL-00016,24,0.0417
15,1.5,5,0.0,ewc,raw,WELL-00019,20,0.0
15,1.5,5,0.0,ewc,raw,WELL-00033,40,0.05
15,1.5,5,0.0,ewc,raw,WELL-00034,32,0.0312
15,1.5,5,0.0,ewc,raw,WELL-00035,32,0.0625
15,1.5,5,0.0,ewc,raw,WELL-00037,12,0.0
15,1.5,5,0.0,ewc,raw,WELL-00038,32,0.0
15,1.5,5,0.0,ewc,raw,WELL-00039,24,0.125
15,1.5,5,0.0,ewc,raw,WELL-00041,180,0.0389
15,1.5,5,0.0,ewc,adjusted,WELL-00001,1668,0.0833
15,1.5,5,0.0,ewc,adjusted,WELL-00002,2356,0.0887
15,1.5,5,0.0,ewc,adjusted,WELL-00003,520,0.1038
15,1.5,5,0.0,ewc,adjusted,WELL-00005,380,0.0947
15,1.5,5,0.0,ewc,adjusted,WELL-00006,1704,0.0904
15,1.5,5,0.0,ewc,adjusted,WELL-00008,0,
15,1.5,5,0.0,ewc,adjusted,WELL-00010,60,0.1
15,1.5,5,0.0,ewc,adjusted,WELL-00016,24,0.0833
15,1.5,5,0.0,ewc,adjusted,WELL-00019,20,0.0
15,1.5,5,0.0,ewc,adjusted,WELL-00033,40,0.05
15,1.5,5,0.0,ewc,adjusted,WELL-00034,32,0.0312
15,1.5,5,0.0,ewc,adjusted,WELL-00035,32,0.0625
15,1.5,5,0.0,ewc,adjusted,WELL-00037,12,0.0
15,1.5,5,0.0,ewc,adjusted,WELL-00038,32,0.1875
15,1.5,5,0.0,ewc,adjusted,WELL-00039,24,0.0833
15,1.5,5,0.0,ewc,adjusted,WELL-00041,180,0.0944
15,1.5,5,0.0,naive,raw,WELL-00001,1668,0.5048
15,1.5,5,0.0,naive,raw,WELL-00002,2356,0.5798
15,1.5,5,0.0,naive,raw,WELL-00003,520,0.3923
15,1.5,5,0.0,naive,raw,WELL-00005,380,0.3763
15,1.5,5,0.0,naive,raw,WELL-00006,1708,0.4795
15,1.5,5,0.0,naive,raw,WELL-00008,228,0.5965
15,1.5,5,0.0,naive,raw,WELL-00010,60,0.4333
15,1.5,5,0.0,naive,raw,WELL-00016,24,0.4583
15,1.5,5,0.0,naive,raw,WELL-00019,20,0.05
15,1.5,5,0.0,naive,raw,WELL-00033,40,0.35
15,1.5,5,0.0,naive,raw,WELL-00034,32,0.3438
15,1.5,5,0.0,naive,raw,WELL-00035,32,0.2812
15,1.5,5,0.0,naive,raw,WELL-00037,12,0.4167
15,1.5,5,0.0,naive,raw,WELL-00038,32,0.5
15,1.5,5,0.0,naive,raw,WELL-00039,24,0.25
15,1.5,5,0.0,naive,raw,WELL-00041,180,0.55
15,1.5,5,0.0,naive,adjusted,WELL-00001,1668,0.4646
15,1.5,5,0.0,naive,adjusted,WELL-00002,2356,0.542
15,1.5,5,0.0,naive,adjusted,WELL-00003,520,0.3365
15,1.5,5,0.0,naive,adjusted,WELL-00005,380,0.3658
15,1.5,5,0.0,naive,adjusted,WELL-00006,1704,0.4261
15,1.5,5,0.0,naive,adjusted,WELL-00008,0,
15,1.5,5,0.0,naive,adjusted,WELL-00010,60,0.65
15,1.5,5,0.0,naive,adjusted,WELL-00016,24,0.5417
15,1.5,5,0.0,naive,adjusted,WELL-00019,20,0.05
15,1.5,5,0.0,naive,adjusted,WELL-00033,40,0.35
15,1.5,5,0.0,naive,adjusted,WELL-00034,32,0.2812
15,1.5,5,0.0,naive,adjusted,WELL-00035,32,0.2812
15,1.5,5,0.0,naive,adjusted,WELL-00037,12,0.5
15,1.5,5,0.0,naive,adjusted,WELL-00038,32,0.5312
15,1.5,5,0.0,naive,adjusted,WELL-00039,24,0.375
15,1.5,5,0.0,naive,adjusted,WELL-00041,180,0.4333
15,1.5,5,0.0,prepost_hac,raw,WELL-00001,391,0.5141
15,1.5,5,0.0,prepost_hac,raw,WELL-00002,574,0.7631
15,1.5,5,0.0,prepost_hac,raw,WELL-00003,130,0.6154
15,1.5,5,0.0,prepost_hac,raw,WELL-00005,95,0.7053
15,1.5,5,0.0,prepost_hac,raw,WELL-00006,391,0.6752
15,1.5,5,0.0,prepost_hac,raw,WELL-00008,56,0.8929
15,1.5,5,0.0,prepost_hac,raw,WELL-00010,15,0.4
15,1.5,5,0.0,prepost_hac,raw,WELL-00016,6,0.8333
15,1.5,5,0.0,prepost_hac,raw,WELL-00019,5,0.2
15,1.5,5,0.0,prepost_hac,raw,WELL-00033,10,0.6
15,1.5,5,0.0,prepost_hac,raw,WELL-00034,8,0.5
15,1.5,5,0.0,prepost_hac,raw,WELL-00035,8,0.5
15,1.5,5,0.0,prepost_hac,raw,WELL-00037,3,0.3333
15,1.5,5,0.0,prepost_hac,raw,WELL-00038,8,0.875
15,1.5,5,0.0,prepost_hac,raw,WELL-00039,6,0.5
15,1.5,5,0.0,prepost_hac,raw,WELL-00041,45,0.4222
15,1.5,5,0.0,prepost_hac,adjusted,WELL-00001,64,0.8438
15,1.5,5,0.0,prepost_hac,adjusted,WELL-00002,86,0.6977
15,1.5,5,0.0,prepost_hac,adjusted,WELL-00003,30,0.8
15,1.5,5,0.0,prepost_hac,adjusted,WELL-00005,43,0.7209
15,1.5,5,0.0,prepost_hac,adjusted,WELL-00006,46,0.8696
15,1.5,5,0.0,prepost_hac,adjusted,WELL-00008,0,
15,1.5,5,0.0,prepost_hac,adjusted,WELL-00010,10,0.8
15,1.5,5,0.0,prepost_hac,adjusted,WELL-00016,6,0.3333
15,1.5,5,0.0,prepost_hac,adjusted,WELL-00019,5,0.2
15,1.5,5,0.0,prepost_hac,adjusted,WELL-00033,9,0.6667
15,1.5,5,0.0,prepost_hac,adjusted,WELL-00034,6,0.6667
15,1.5,5,0.0,prepost_hac,adjusted,WELL-00035,7,0.5714
15,1.5,5,0.0,prepost_hac,adjusted,WELL-00037,3,0.3333
15,1.5,5,0.0,prepost_hac,adjusted,WELL-00038,0,
15,1.5,5,0.0,prepost_hac,adjusted,WELL-00039,3,0.0
15,1.5,5,0.0,prepost_hac,adjusted,WELL-00041,13,0.6154
15,1.5,5,0.0,prepost_ewc,raw,WELL-00001,391,0.4501
15,1.5,5,0.0,prepost_ewc,raw,WELL-00002,574,0.777
15,1.5,5,0.0,prepost_ewc,raw,WELL-00003,130,0.5462
15,1.5,5,0.0,prepost_ewc,raw,WELL-00005,95,0.6842
15,1.5,5,0.0,prepost_ewc,raw,WELL-00006,391,0.6522
15,1.5,5,0.0,prepost_ewc,raw,WELL-00008,56,0.8929
15,1.5,5,0.0,prepost_ewc,raw,WELL-00010,15,0.4667
15,1.5,5,0.0,prepost_ewc,raw,WELL-00016,6,0.8333
15,1.5,5,0.0,prepost_ewc,raw,WELL-00019,5,0.0
15,1.5,5,0.0,prepost_ewc,raw,WELL-00033,10,0.7
15,1.5,5,0.0,prepost_ewc,raw,WELL-00034,8,0.5
15,1.5,5,0.0,prepost_ewc,raw,WELL-00035,8,0.25
15,1.5,5,0.0,prepost_ewc,raw,WELL-00037,3,0.3333
15,1.5,5,0.0,prepost_ewc,raw,WELL-00038,8,0.875
15,1.5,5,0.0,prepost_ewc,raw,WELL-00039,6,0.3333
15,1.5,5,0.0,prepost_ewc,raw,WELL-00041,45,0.3778
15,1.5,5,0.0,prepost_ewc,adjusted,WELL-00001,64,0.8281
15,1.5,5,0.0,prepost_ewc,adjusted,WELL-00002,86,0.6744
15,1.5,5,0.0,prepost_ewc,adjusted,WELL-00003,30,0.7333
15,1.5,5,0.0,prepost_ewc,adjusted,WELL-00005,43,0.6977
15,1.5,5,0.0,prepost_ewc,adjusted,WELL-00006,46,0.8478
15,1.5,5,0.0,prepost_ewc,adjusted,WELL-00008,0,
15,1.5,5,0.0,prepost_ewc,adjusted,WELL-00010,10,0.8
15,1.5,5,0.0,prepost_ewc,adjusted,WELL-00016,6,0.3333
15,1.5,5,0.0,prepost_ewc,adjusted,WELL-00019,5,0.0
15,1.5,5,0.0,prepost_ewc,adjusted,WELL-00033,9,0.6667
15,1.5,5,0.0,prepost_ewc,adjusted,WELL-00034,6,0.6667
15,1.5,5,0.0,prepost_ewc,adjusted,WELL-00035,7,0.2857
15,1.5,5,0.0,prepost_ewc,adjusted,WELL-00037,3,0.3333
15,1.5,5,0.0,prepost_ewc,adjusted,WELL-00038,0,
15,1.5,5,0.0,prepost_ewc,adjusted,WELL-00039,3,0.0
15,1.5,5,0.0,prepost_ewc,adjusted,WELL-00041,13,0.6154
15,3.75,0,0.0,randomization,raw,WELL-00001,1672,0.0472
15,3.75,0,0.0,randomization,raw,WELL-00002,2356,0.0509
15,3.75,0,0.0,randomization,raw,WELL-00003,520,0.0558
15,3.75,0,0.0,randomization,raw,WELL-00005,380,0.0553
15,3.75,0,0.0,randomization,raw,WELL-00006,1720,0.0651
15,3.75,0,0.0,randomization,raw,WELL-00008,228,0.0702
15,3.75,0,0.0,randomization,raw,WELL-00010,60,0.1333
15,3.75,0,0.0,randomization,raw,WELL-00016,24,0.0833
15,3.75,0,0.0,randomization,raw,WELL-00019,20,0.0
15,3.75,0,0.0,randomization,raw,WELL-00033,40,0.05
15,3.75,0,0.0,randomization,raw,WELL-00034,32,0.0
15,3.75,0,0.0,randomization,raw,WELL-00035,32,0.0312
15,3.75,0,0.0,randomization,raw,WELL-00037,12,0.0
15,3.75,0,0.0,randomization,raw,WELL-00038,32,0.0
15,3.75,0,0.0,randomization,raw,WELL-00039,24,0.0417
15,3.75,0,0.0,randomization,raw,WELL-00041,180,0.0444
15,3.75,0,0.0,randomization,adjusted,WELL-00001,1672,0.0467
15,3.75,0,0.0,randomization,adjusted,WELL-00002,2356,0.0488
15,3.75,0,0.0,randomization,adjusted,WELL-00003,520,0.0462
15,3.75,0,0.0,randomization,adjusted,WELL-00005,380,0.0447
15,3.75,0,0.0,randomization,adjusted,WELL-00006,1716,0.0565
15,3.75,0,0.0,randomization,adjusted,WELL-00008,0,
15,3.75,0,0.0,randomization,adjusted,WELL-00010,60,0.1333
15,3.75,0,0.0,randomization,adjusted,WELL-00016,24,0.0417
15,3.75,0,0.0,randomization,adjusted,WELL-00019,20,0.0
15,3.75,0,0.0,randomization,adjusted,WELL-00033,40,0.05
15,3.75,0,0.0,randomization,adjusted,WELL-00034,32,0.0
15,3.75,0,0.0,randomization,adjusted,WELL-00035,32,0.0312
15,3.75,0,0.0,randomization,adjusted,WELL-00037,12,0.0
15,3.75,0,0.0,randomization,adjusted,WELL-00038,32,0.25
15,3.75,0,0.0,randomization,adjusted,WELL-00039,24,0.0
15,3.75,0,0.0,randomization,adjusted,WELL-00041,180,0.0333
15,3.75,0,0.0,block_t,raw,WELL-00001,1672,0.0472
15,3.75,0,0.0,block_t,raw,WELL-00002,2356,0.0467
15,3.75,0,0.0,block_t,raw,WELL-00003,520,0.0442
15,3.75,0,0.0,block_t,raw,WELL-00005,380,0.0447
15,3.75,0,0.0,block_t,raw,WELL-00006,1720,0.0581
15,3.75,0,0.0,block_t,raw,WELL-00008,228,0.0658
15,3.75,0,0.0,block_t,raw,WELL-00010,60,0.0833
15,3.75,0,0.0,block_t,raw,WELL-00016,24,0.0833
15,3.75,0,0.0,block_t,raw,WELL-00019,20,0.0
15,3.75,0,0.0,block_t,raw,WELL-00033,40,0.05
15,3.75,0,0.0,block_t,raw,WELL-00034,32,0.0
15,3.75,0,0.0,block_t,raw,WELL-00035,32,0.0312
15,3.75,0,0.0,block_t,raw,WELL-00037,12,0.0
15,3.75,0,0.0,block_t,raw,WELL-00038,32,0.0
15,3.75,0,0.0,block_t,raw,WELL-00039,24,0.0417
15,3.75,0,0.0,block_t,raw,WELL-00041,180,0.0278
15,3.75,0,0.0,block_t,adjusted,WELL-00001,1672,0.0849
15,3.75,0,0.0,block_t,adjusted,WELL-00002,2356,0.0734
15,3.75,0,0.0,block_t,adjusted,WELL-00003,520,0.1019
15,3.75,0,0.0,block_t,adjusted,WELL-00005,380,0.0921
15,3.75,0,0.0,block_t,adjusted,WELL-00006,1716,0.0886
15,3.75,0,0.0,block_t,adjusted,WELL-00008,0,
15,3.75,0,0.0,block_t,adjusted,WELL-00010,60,0.1333
15,3.75,0,0.0,block_t,adjusted,WELL-00016,24,0.125
15,3.75,0,0.0,block_t,adjusted,WELL-00019,20,0.0
15,3.75,0,0.0,block_t,adjusted,WELL-00033,40,0.05
15,3.75,0,0.0,block_t,adjusted,WELL-00034,32,0.0
15,3.75,0,0.0,block_t,adjusted,WELL-00035,32,0.0312
15,3.75,0,0.0,block_t,adjusted,WELL-00037,12,0.1667
15,3.75,0,0.0,block_t,adjusted,WELL-00038,32,0.25
15,3.75,0,0.0,block_t,adjusted,WELL-00039,24,0.0417
15,3.75,0,0.0,block_t,adjusted,WELL-00041,180,0.0778
15,3.75,0,0.0,hac,raw,WELL-00001,1672,0.1352
15,3.75,0,0.0,hac,raw,WELL-00002,2356,0.1346
15,3.75,0,0.0,hac,raw,WELL-00003,520,0.1865
15,3.75,0,0.0,hac,raw,WELL-00005,380,0.1605
15,3.75,0,0.0,hac,raw,WELL-00006,1720,0.1442
15,3.75,0,0.0,hac,raw,WELL-00008,228,0.1579
15,3.75,0,0.0,hac,raw,WELL-00010,60,0.15
15,3.75,0,0.0,hac,raw,WELL-00016,24,0.0833
15,3.75,0,0.0,hac,raw,WELL-00019,20,0.0
15,3.75,0,0.0,hac,raw,WELL-00033,40,0.15
15,3.75,0,0.0,hac,raw,WELL-00034,32,0.0938
15,3.75,0,0.0,hac,raw,WELL-00035,32,0.125
15,3.75,0,0.0,hac,raw,WELL-00037,12,0.1667
15,3.75,0,0.0,hac,raw,WELL-00038,32,0.0938
15,3.75,0,0.0,hac,raw,WELL-00039,24,0.1667
15,3.75,0,0.0,hac,raw,WELL-00041,180,0.1333
15,3.75,0,0.0,hac,adjusted,WELL-00001,1672,0.1507
15,3.75,0,0.0,hac,adjusted,WELL-00002,2356,0.1587
15,3.75,0,0.0,hac,adjusted,WELL-00003,520,0.2019
15,3.75,0,0.0,hac,adjusted,WELL-00005,380,0.2632
15,3.75,0,0.0,hac,adjusted,WELL-00006,1716,0.1515
15,3.75,0,0.0,hac,adjusted,WELL-00008,0,
15,3.75,0,0.0,hac,adjusted,WELL-00010,60,0.1833
15,3.75,0,0.0,hac,adjusted,WELL-00016,24,0.0417
15,3.75,0,0.0,hac,adjusted,WELL-00019,20,0.0
15,3.75,0,0.0,hac,adjusted,WELL-00033,40,0.125
15,3.75,0,0.0,hac,adjusted,WELL-00034,32,0.125
15,3.75,0,0.0,hac,adjusted,WELL-00035,32,0.0938
15,3.75,0,0.0,hac,adjusted,WELL-00037,12,0.1667
15,3.75,0,0.0,hac,adjusted,WELL-00038,32,0.3438
15,3.75,0,0.0,hac,adjusted,WELL-00039,24,0.1667
15,3.75,0,0.0,hac,adjusted,WELL-00041,180,0.1667
15,3.75,0,0.0,ewc,raw,WELL-00001,1672,0.0754
15,3.75,0,0.0,ewc,raw,WELL-00002,2356,0.0798
15,3.75,0,0.0,ewc,raw,WELL-00003,520,0.0769
15,3.75,0,0.0,ewc,raw,WELL-00005,380,0.0684
15,3.75,0,0.0,ewc,raw,WELL-00006,1720,0.0942
15,3.75,0,0.0,ewc,raw,WELL-00008,228,0.0965
15,3.75,0,0.0,ewc,raw,WELL-00010,60,0.1333
15,3.75,0,0.0,ewc,raw,WELL-00016,24,0.0833
15,3.75,0,0.0,ewc,raw,WELL-00019,20,0.0
15,3.75,0,0.0,ewc,raw,WELL-00033,40,0.075
15,3.75,0,0.0,ewc,raw,WELL-00034,32,0.0625
15,3.75,0,0.0,ewc,raw,WELL-00035,32,0.0625
15,3.75,0,0.0,ewc,raw,WELL-00037,12,0.0
15,3.75,0,0.0,ewc,raw,WELL-00038,32,0.0
15,3.75,0,0.0,ewc,raw,WELL-00039,24,0.0417
15,3.75,0,0.0,ewc,raw,WELL-00041,180,0.0667
15,3.75,0,0.0,ewc,adjusted,WELL-00001,1672,0.1011
15,3.75,0,0.0,ewc,adjusted,WELL-00002,2356,0.0972
15,3.75,0,0.0,ewc,adjusted,WELL-00003,520,0.1115
15,3.75,0,0.0,ewc,adjusted,WELL-00005,380,0.1158
15,3.75,0,0.0,ewc,adjusted,WELL-00006,1716,0.1014
15,3.75,0,0.0,ewc,adjusted,WELL-00008,0,
15,3.75,0,0.0,ewc,adjusted,WELL-00010,60,0.1167
15,3.75,0,0.0,ewc,adjusted,WELL-00016,24,0.0833
15,3.75,0,0.0,ewc,adjusted,WELL-00019,20,0.0
15,3.75,0,0.0,ewc,adjusted,WELL-00033,40,0.075
15,3.75,0,0.0,ewc,adjusted,WELL-00034,32,0.0625
15,3.75,0,0.0,ewc,adjusted,WELL-00035,32,0.0625
15,3.75,0,0.0,ewc,adjusted,WELL-00037,12,0.0833
15,3.75,0,0.0,ewc,adjusted,WELL-00038,32,0.3438
15,3.75,0,0.0,ewc,adjusted,WELL-00039,24,0.0
15,3.75,0,0.0,ewc,adjusted,WELL-00041,180,0.1111
15,3.75,0,0.0,naive,raw,WELL-00001,1672,0.5502
15,3.75,0,0.0,naive,raw,WELL-00002,2356,0.6507
15,3.75,0,0.0,naive,raw,WELL-00003,520,0.4558
15,3.75,0,0.0,naive,raw,WELL-00005,380,0.4816
15,3.75,0,0.0,naive,raw,WELL-00006,1720,0.5256
15,3.75,0,0.0,naive,raw,WELL-00008,228,0.6711
15,3.75,0,0.0,naive,raw,WELL-00010,60,0.65
15,3.75,0,0.0,naive,raw,WELL-00016,24,0.5417
15,3.75,0,0.0,naive,raw,WELL-00019,20,0.25
15,3.75,0,0.0,naive,raw,WELL-00033,40,0.375
15,3.75,0,0.0,naive,raw,WELL-00034,32,0.5312
15,3.75,0,0.0,naive,raw,WELL-00035,32,0.2812
15,3.75,0,0.0,naive,raw,WELL-00037,12,0.5833
15,3.75,0,0.0,naive,raw,WELL-00038,32,0.5938
15,3.75,0,0.0,naive,raw,WELL-00039,24,0.4167
15,3.75,0,0.0,naive,raw,WELL-00041,180,0.55
15,3.75,0,0.0,naive,adjusted,WELL-00001,1672,0.5018
15,3.75,0,0.0,naive,adjusted,WELL-00002,2356,0.6091
15,3.75,0,0.0,naive,adjusted,WELL-00003,520,0.3942
15,3.75,0,0.0,naive,adjusted,WELL-00005,380,0.4447
15,3.75,0,0.0,naive,adjusted,WELL-00006,1716,0.4598
15,3.75,0,0.0,naive,adjusted,WELL-00008,0,
15,3.75,0,0.0,naive,adjusted,WELL-00010,60,0.6
15,3.75,0,0.0,naive,adjusted,WELL-00016,24,0.5417
15,3.75,0,0.0,naive,adjusted,WELL-00019,20,0.15
15,3.75,0,0.0,naive,adjusted,WELL-00033,40,0.375
15,3.75,0,0.0,naive,adjusted,WELL-00034,32,0.4688
15,3.75,0,0.0,naive,adjusted,WELL-00035,32,0.25
15,3.75,0,0.0,naive,adjusted,WELL-00037,12,0.5833
15,3.75,0,0.0,naive,adjusted,WELL-00038,32,0.625
15,3.75,0,0.0,naive,adjusted,WELL-00039,24,0.375
15,3.75,0,0.0,naive,adjusted,WELL-00041,180,0.5111
15,3.75,0,0.0,prepost_hac,raw,WELL-00001,399,0.5088
15,3.75,0,0.0,prepost_hac,raw,WELL-00002,580,0.7534
15,3.75,0,0.0,prepost_hac,raw,WELL-00003,130,0.6154
15,3.75,0,0.0,prepost_hac,raw,WELL-00005,95,0.6947
15,3.75,0,0.0,prepost_hac,raw,WELL-00006,396,0.6692
15,3.75,0,0.0,prepost_hac,raw,WELL-00008,56,0.8929
15,3.75,0,0.0,prepost_hac,raw,WELL-00010,15,0.4667
15,3.75,0,0.0,prepost_hac,raw,WELL-00016,6,0.8333
15,3.75,0,0.0,prepost_hac,raw,WELL-00019,5,0.0
15,3.75,0,0.0,prepost_hac,raw,WELL-00033,10,0.6
15,3.75,0,0.0,prepost_hac,raw,WELL-00034,8,0.375
15,3.75,0,0.0,prepost_hac,raw,WELL-00035,8,0.5
15,3.75,0,0.0,prepost_hac,raw,WELL-00037,3,0.3333
15,3.75,0,0.0,prepost_hac,raw,WELL-00038,8,0.875
15,3.75,0,0.0,prepost_hac,raw,WELL-00039,6,0.5
15,3.75,0,0.0,prepost_hac,raw,WELL-00041,45,0.4
15,3.75,0,0.0,prepost_hac,adjusted,WELL-00001,71,0.831
15,3.75,0,0.0,prepost_hac,adjusted,WELL-00002,102,0.7353
15,3.75,0,0.0,prepost_hac,adjusted,WELL-00003,32,0.8438
15,3.75,0,0.0,prepost_hac,adjusted,WELL-00005,43,0.6977
15,3.75,0,0.0,prepost_hac,adjusted,WELL-00006,46,0.8478
15,3.75,0,0.0,prepost_hac,adjusted,WELL-00008,0,
15,3.75,0,0.0,prepost_hac,adjusted,WELL-00010,10,0.8
15,3.75,0,0.0,prepost_hac,adjusted,WELL-00016,6,0.3333
15,3.75,0,0.0,prepost_hac,adjusted,WELL-00019,5,0.0
15,3.75,0,0.0,prepost_hac,adjusted,WELL-00033,9,0.6667
15,3.75,0,0.0,prepost_hac,adjusted,WELL-00034,6,0.6667
15,3.75,0,0.0,prepost_hac,adjusted,WELL-00035,7,0.5714
15,3.75,0,0.0,prepost_hac,adjusted,WELL-00037,3,0.3333
15,3.75,0,0.0,prepost_hac,adjusted,WELL-00038,0,
15,3.75,0,0.0,prepost_hac,adjusted,WELL-00039,3,0.0
15,3.75,0,0.0,prepost_hac,adjusted,WELL-00041,18,0.6111
15,3.75,0,0.0,prepost_ewc,raw,WELL-00001,399,0.4411
15,3.75,0,0.0,prepost_ewc,raw,WELL-00002,580,0.7759
15,3.75,0,0.0,prepost_ewc,raw,WELL-00003,130,0.5538
15,3.75,0,0.0,prepost_ewc,raw,WELL-00005,95,0.6632
15,3.75,0,0.0,prepost_ewc,raw,WELL-00006,396,0.6591
15,3.75,0,0.0,prepost_ewc,raw,WELL-00008,56,0.8929
15,3.75,0,0.0,prepost_ewc,raw,WELL-00010,15,0.4667
15,3.75,0,0.0,prepost_ewc,raw,WELL-00016,6,0.8333
15,3.75,0,0.0,prepost_ewc,raw,WELL-00019,5,0.0
15,3.75,0,0.0,prepost_ewc,raw,WELL-00033,10,0.7
15,3.75,0,0.0,prepost_ewc,raw,WELL-00034,8,0.375
15,3.75,0,0.0,prepost_ewc,raw,WELL-00035,8,0.375
15,3.75,0,0.0,prepost_ewc,raw,WELL-00037,3,0.3333
15,3.75,0,0.0,prepost_ewc,raw,WELL-00038,8,0.875
15,3.75,0,0.0,prepost_ewc,raw,WELL-00039,6,0.3333
15,3.75,0,0.0,prepost_ewc,raw,WELL-00041,45,0.3778
15,3.75,0,0.0,prepost_ewc,adjusted,WELL-00001,71,0.831
15,3.75,0,0.0,prepost_ewc,adjusted,WELL-00002,102,0.6667
15,3.75,0,0.0,prepost_ewc,adjusted,WELL-00003,32,0.75
15,3.75,0,0.0,prepost_ewc,adjusted,WELL-00005,43,0.6977
15,3.75,0,0.0,prepost_ewc,adjusted,WELL-00006,46,0.8478
15,3.75,0,0.0,prepost_ewc,adjusted,WELL-00008,0,
15,3.75,0,0.0,prepost_ewc,adjusted,WELL-00010,10,0.7
15,3.75,0,0.0,prepost_ewc,adjusted,WELL-00016,6,0.3333
15,3.75,0,0.0,prepost_ewc,adjusted,WELL-00019,5,0.0
15,3.75,0,0.0,prepost_ewc,adjusted,WELL-00033,9,0.6667
15,3.75,0,0.0,prepost_ewc,adjusted,WELL-00034,6,0.6667
15,3.75,0,0.0,prepost_ewc,adjusted,WELL-00035,7,0.4286
15,3.75,0,0.0,prepost_ewc,adjusted,WELL-00037,3,0.3333
15,3.75,0,0.0,prepost_ewc,adjusted,WELL-00038,0,
15,3.75,0,0.0,prepost_ewc,adjusted,WELL-00039,3,0.0
15,3.75,0,0.0,prepost_ewc,adjusted,WELL-00041,18,0.6111
15,3.75,12,0.0,randomization,raw,WELL-00001,1660,0.05
15,3.75,12,0.0,randomization,raw,WELL-00002,2356,0.0531
15,3.75,12,0.0,randomization,raw,WELL-00003,520,0.0365
15,3.75,12,0.0,randomization,raw,WELL-00005,380,0.0395
15,3.75,12,0.0,randomization,raw,WELL-00006,1700,0.0635
15,3.75,12,0.0,randomization,raw,WELL-00008,228,0.0614
15,3.75,12,0.0,randomization,raw,WELL-00010,60,0.0667
15,3.75,12,0.0,randomization,raw,WELL-00016,24,0.0417
15,3.75,12,0.0,randomization,raw,WELL-00019,20,0.0
15,3.75,12,0.0,randomization,raw,WELL-00033,40,0.125
15,3.75,12,0.0,randomization,raw,WELL-00034,32,0.0312
15,3.75,12,0.0,randomization,raw,WELL-00035,32,0.0938
15,3.75,12,0.0,randomization,raw,WELL-00037,12,0.0
15,3.75,12,0.0,randomization,raw,WELL-00038,32,0.0
15,3.75,12,0.0,randomization,raw,WELL-00039,24,0.0417
15,3.75,12,0.0,randomization,raw,WELL-00041,180,0.0333
15,3.75,12,0.0,randomization,adjusted,WELL-00001,1660,0.05
15,3.75,12,0.0,randomization,adjusted,WELL-00002,2356,0.0501
15,3.75,12,0.0,randomization,adjusted,WELL-00003,520,0.0519
15,3.75,12,0.0,randomization,adjusted,WELL-00005,380,0.0184
15,3.75,12,0.0,randomization,adjusted,WELL-00006,1696,0.0525
15,3.75,12,0.0,randomization,adjusted,WELL-00008,0,
15,3.75,12,0.0,randomization,adjusted,WELL-00010,60,0.0667
15,3.75,12,0.0,randomization,adjusted,WELL-00016,0,
15,3.75,12,0.0,randomization,adjusted,WELL-00019,20,0.05
15,3.75,12,0.0,randomization,adjusted,WELL-00033,40,0.1
15,3.75,12,0.0,randomization,adjusted,WELL-00034,32,0.0
15,3.75,12,0.0,randomization,adjusted,WELL-00035,32,0.0625
15,3.75,12,0.0,randomization,adjusted,WELL-00037,12,0.0
15,3.75,12,0.0,randomization,adjusted,WELL-00038,32,0.2812
15,3.75,12,0.0,randomization,adjusted,WELL-00039,24,0.0
15,3.75,12,0.0,randomization,adjusted,WELL-00041,12,0.0
15,3.75,12,0.0,block_t,raw,WELL-00001,1660,0.0494
15,3.75,12,0.0,block_t,raw,WELL-00002,2356,0.0492
15,3.75,12,0.0,block_t,raw,WELL-00003,520,0.0404
15,3.75,12,0.0,block_t,raw,WELL-00005,380,0.0263
15,3.75,12,0.0,block_t,raw,WELL-00006,1700,0.0624
15,3.75,12,0.0,block_t,raw,WELL-00008,228,0.0702
15,3.75,12,0.0,block_t,raw,WELL-00010,60,0.0667
15,3.75,12,0.0,block_t,raw,WELL-00016,24,0.0417
15,3.75,12,0.0,block_t,raw,WELL-00019,20,0.0
15,3.75,12,0.0,block_t,raw,WELL-00033,40,0.075
15,3.75,12,0.0,block_t,raw,WELL-00034,32,0.0
15,3.75,12,0.0,block_t,raw,WELL-00035,32,0.0625
15,3.75,12,0.0,block_t,raw,WELL-00037,12,0.0
15,3.75,12,0.0,block_t,raw,WELL-00038,32,0.0
15,3.75,12,0.0,block_t,raw,WELL-00039,24,0.0833
15,3.75,12,0.0,block_t,raw,WELL-00041,180,0.0333
15,3.75,12,0.0,block_t,adjusted,WELL-00001,1660,0.109
15,3.75,12,0.0,block_t,adjusted,WELL-00002,2356,0.0857
15,3.75,12,0.0,block_t,adjusted,WELL-00003,520,0.1038
15,3.75,12,0.0,block_t,adjusted,WELL-00005,380,0.0816
15,3.75,12,0.0,block_t,adjusted,WELL-00006,1696,0.102
15,3.75,12,0.0,block_t,adjusted,WELL-00008,0,
15,3.75,12,0.0,block_t,adjusted,WELL-00010,60,0.1
15,3.75,12,0.0,block_t,adjusted,WELL-00016,0,
15,3.75,12,0.0,block_t,adjusted,WELL-00019,20,0.05
15,3.75,12,0.0,block_t,adjusted,WELL-00033,40,0.1
15,3.75,12,0.0,block_t,adjusted,WELL-00034,32,0.0312
15,3.75,12,0.0,block_t,adjusted,WELL-00035,32,0.0938
15,3.75,12,0.0,block_t,adjusted,WELL-00037,12,0.0
15,3.75,12,0.0,block_t,adjusted,WELL-00038,32,0.3438
15,3.75,12,0.0,block_t,adjusted,WELL-00039,24,0.0417
15,3.75,12,0.0,block_t,adjusted,WELL-00041,12,0.0
15,3.75,12,0.0,hac,raw,WELL-00001,1660,0.1229
15,3.75,12,0.0,hac,raw,WELL-00002,2356,0.1188
15,3.75,12,0.0,hac,raw,WELL-00003,520,0.1096
15,3.75,12,0.0,hac,raw,WELL-00005,380,0.0816
15,3.75,12,0.0,hac,raw,WELL-00006,1700,0.1359
15,3.75,12,0.0,hac,raw,WELL-00008,228,0.1623
15,3.75,12,0.0,hac,raw,WELL-00010,60,0.1
15,3.75,12,0.0,hac,raw,WELL-00016,24,0.125
15,3.75,12,0.0,hac,raw,WELL-00019,20,0.1
15,3.75,12,0.0,hac,raw,WELL-00033,40,0.125
15,3.75,12,0.0,hac,raw,WELL-00034,32,0.0938
15,3.75,12,0.0,hac,raw,WELL-00035,32,0.1875
15,3.75,12,0.0,hac,raw,WELL-00037,12,0.0
15,3.75,12,0.0,hac,raw,WELL-00038,32,0.0938
15,3.75,12,0.0,hac,raw,WELL-00039,24,0.125
15,3.75,12,0.0,hac,raw,WELL-00041,180,0.1111
15,3.75,12,0.0,hac,adjusted,WELL-00001,1660,0.1572
15,3.75,12,0.0,hac,adjusted,WELL-00002,2356,0.1481
15,3.75,12,0.0,hac,adjusted,WELL-00003,520,0.1519
15,3.75,12,0.0,hac,adjusted,WELL-00005,380,0.1579
15,3.75,12,0.0,hac,adjusted,WELL-00006,1696,0.1663
15,3.75,12,0.0,hac,adjusted,WELL-00008,0,
15,3.75,12,0.0,hac,adjusted,WELL-00010,60,0.15
15,3.75,12,0.0,hac,adjusted,WELL-00016,0,
15,3.75,12,0.0,hac,adjusted,WELL-00019,20,0.05
15,3.75,12,0.0,hac,adjusted,WELL-00033,40,0.15
15,3.75,12,0.0,hac,adjusted,WELL-00034,32,0.0625
15,3.75,12,0.0,hac,adjusted,WELL-00035,32,0.2188
15,3.75,12,0.0,hac,adjusted,WELL-00037,12,0.0
15,3.75,12,0.0,hac,adjusted,WELL-00038,32,0.2812
15,3.75,12,0.0,hac,adjusted,WELL-00039,24,0.0417
15,3.75,12,0.0,hac,adjusted,WELL-00041,12,0.0
15,3.75,12,0.0,ewc,raw,WELL-00001,1660,0.0494
15,3.75,12,0.0,ewc,raw,WELL-00002,2356,0.0323
15,3.75,12,0.0,ewc,raw,WELL-00003,520,0.0365
15,3.75,12,0.0,ewc,raw,WELL-00005,380,0.0289
15,3.75,12,0.0,ewc,raw,WELL-00006,1700,0.0453
15,3.75,12,0.0,ewc,raw,WELL-00008,228,0.0526
15,3.75,12,0.0,ewc,raw,WELL-00010,60,0.05
15,3.75,12,0.0,ewc,raw,WELL-00016,24,0.0
15,3.75,12,0.0,ewc,raw,WELL-00019,20,0.0
15,3.75,12,0.0,ewc,raw,WELL-00033,40,0.0
15,3.75,12,0.0,ewc,raw,WELL-00034,32,0.0312
15,3.75,12,0.0,ewc,raw,WELL-00035,32,0.0938
15,3.75,12,0.0,ewc,raw,WELL-00037,12,0.0
15,3.75,12,0.0,ewc,raw,WELL-00038,32,0.0312
15,3.75,12,0.0,ewc,raw,WELL-00039,24,0.0833
15,3.75,12,0.0,ewc,raw,WELL-00041,180,0.0556
15,3.75,12,0.0,ewc,adjusted,WELL-00001,1660,0.0867
15,3.75,12,0.0,ewc,adjusted,WELL-00002,2356,0.0611
15,3.75,12,0.0,ewc,adjusted,WELL-00003,520,0.0885
15,3.75,12,0.0,ewc,adjusted,WELL-00005,380,0.0421
15,3.75,12,0.0,ewc,adjusted,WELL-00006,1696,0.069
15,3.75,12,0.0,ewc,adjusted,WELL-00008,0,
15,3.75,12,0.0,ewc,adjusted,WELL-00010,60,0.05
15,3.75,12,0.0,ewc,adjusted,WELL-00016,0,
15,3.75,12,0.0,ewc,adjusted,WELL-00019,20,0.0
15,3.75,12,0.0,ewc,adjusted,WELL-00033,40,0.0
15,3.75,12,0.0,ewc,adjusted,WELL-00034,32,0.0625
15,3.75,12,0.0,ewc,adjusted,WELL-00035,32,0.0938
15,3.75,12,0.0,ewc,adjusted,WELL-00037,12,0.0
15,3.75,12,0.0,ewc,adjusted,WELL-00038,32,0.125
15,3.75,12,0.0,ewc,adjusted,WELL-00039,24,0.0417
15,3.75,12,0.0,ewc,adjusted,WELL-00041,12,0.0
15,3.75,12,0.0,naive,raw,WELL-00001,1660,0.2608
15,3.75,12,0.0,naive,raw,WELL-00002,2356,0.3001
15,3.75,12,0.0,naive,raw,WELL-00003,520,0.1712
15,3.75,12,0.0,naive,raw,WELL-00005,380,0.1658
15,3.75,12,0.0,naive,raw,WELL-00006,1700,0.2612
15,3.75,12,0.0,naive,raw,WELL-00008,228,0.3553
15,3.75,12,0.0,naive,raw,WELL-00010,60,0.3333
15,3.75,12,0.0,naive,raw,WELL-00016,24,0.25
15,3.75,12,0.0,naive,raw,WELL-00019,20,0.15
15,3.75,12,0.0,naive,raw,WELL-00033,40,0.225
15,3.75,12,0.0,naive,raw,WELL-00034,32,0.1875
15,3.75,12,0.0,naive,raw,WELL-00035,32,0.2188
15,3.75,12,0.0,naive,raw,WELL-00037,12,0.1667
15,3.75,12,0.0,naive,raw,WELL-00038,32,0.3438
15,3.75,12,0.0,naive,raw,WELL-00039,24,0.1667
15,3.75,12,0.0,naive,raw,WELL-00041,180,0.2611
15,3.75,12,0.0,naive,adjusted,WELL-00001,1660,0.2506
15,3.75,12,0.0,naive,adjusted,WELL-00002,2356,0.3052
15,3.75,12,0.0,naive,adjusted,WELL-00003,520,0.1635
15,3.75,12,0.0,naive,adjusted,WELL-00005,380,0.1579
15,3.75,12,0.0,naive,adjusted,WELL-00006,1696,0.2559
15,3.75,12,0.0,naive,adjusted,WELL-00008,0,
15,3.75,12,0.0,naive,adjusted,WELL-00010,60,0.3833
15,3.75,12,0.0,naive,adjusted,WELL-00016,0,
15,3.75,12,0.0,naive,adjusted,WELL-00019,20,0.1
15,3.75,12,0.0,naive,adjusted,WELL-00033,40,0.225
15,3.75,12,0.0,naive,adjusted,WELL-00034,32,0.1875
15,3.75,12,0.0,naive,adjusted,WELL-00035,32,0.1875
15,3.75,12,0.0,naive,adjusted,WELL-00037,12,0.25
15,3.75,12,0.0,naive,adjusted,WELL-00038,32,0.5938
15,3.75,12,0.0,naive,adjusted,WELL-00039,24,0.1667
15,3.75,12,0.0,naive,adjusted,WELL-00041,12,0.1667
15,3.75,12,0.0,prepost_hac,raw,WELL-00001,395,0.5139
15,3.75,12,0.0,prepost_hac,raw,WELL-00002,573,0.7696
15,3.75,12,0.0,prepost_hac,raw,WELL-00003,130,0.6077
15,3.75,12,0.0,prepost_hac,raw,WELL-00005,95,0.7158
15,3.75,12,0.0,prepost_hac,raw,WELL-00006,392,0.6735
15,3.75,12,0.0,prepost_hac,raw,WELL-00008,56,0.8929
15,3.75,12,0.0,prepost_hac,raw,WELL-00010,15,0.4
15,3.75,12,0.0,prepost_hac,raw,WELL-00016,6,0.8333
15,3.75,12,0.0,prepost_hac,raw,WELL-00019,5,0.2
15,3.75,12,0.0,prepost_hac,raw,WELL-00033,10,0.6
15,3.75,12,0.0,prepost_hac,raw,WELL-00034,8,0.5
15,3.75,12,0.0,prepost_hac,raw,WELL-00035,8,0.5
15,3.75,12,0.0,prepost_hac,raw,WELL-00037,3,0.3333
15,3.75,12,0.0,prepost_hac,raw,WELL-00038,8,0.875
15,3.75,12,0.0,prepost_hac,raw,WELL-00039,6,0.5
15,3.75,12,0.0,prepost_hac,raw,WELL-00041,45,0.4222
15,3.75,12,0.0,prepost_hac,adjusted,WELL-00001,63,0.8254
15,3.75,12,0.0,prepost_hac,adjusted,WELL-00002,81,0.716
15,3.75,12,0.0,prepost_hac,adjusted,WELL-00003,29,0.7931
15,3.75,12,0.0,prepost_hac,adjusted,WELL-00005,43,0.6977
15,3.75,12,0.0,prepost_hac,adjusted,WELL-00006,50,0.86
15,3.75,12,0.0,prepost_hac,adjusted,WELL-00008,0,
15,3.75,12,0.0,prepost_hac,adjusted,WELL-00010,10,0.7
15,3.75,12,0.0,prepost_hac,adjusted,WELL-00016,6,0.3333
15,3.75,12,0.0,prepost_hac,adjusted,WELL-00019,5,0.4
15,3.75,12,0.0,prepost_hac,adjusted,WELL-00033,9,0.6667
15,3.75,12,0.0,prepost_hac,adjusted,WELL-00034,5,0.6
15,3.75,12,0.0,prepost_hac,adjusted,WELL-00035,7,0.5714
15,3.75,12,0.0,prepost_hac,adjusted,WELL-00037,3,0.3333
15,3.75,12,0.0,prepost_hac,adjusted,WELL-00038,0,
15,3.75,12,0.0,prepost_hac,adjusted,WELL-00039,3,0.0
15,3.75,12,0.0,prepost_hac,adjusted,WELL-00041,13,0.6154
15,3.75,12,0.0,prepost_ewc,raw,WELL-00001,395,0.4608
15,3.75,12,0.0,prepost_ewc,raw,WELL-00002,573,0.7871
15,3.75,12,0.0,prepost_ewc,raw,WELL-00003,130,0.5462
15,3.75,12,0.0,prepost_ewc,raw,WELL-00005,95,0.6632
15,3.75,12,0.0,prepost_ewc,raw,WELL-00006,392,0.6505
15,3.75,12,0.0,prepost_ewc,raw,WELL-00008,56,0.8929
15,3.75,12,0.0,prepost_ewc,raw,WELL-00010,15,0.4667
15,3.75,12,0.0,prepost_ewc,raw,WELL-00016,6,0.6667
15,3.75,12,0.0,prepost_ewc,raw,WELL-00019,5,0.0
15,3.75,12,0.0,prepost_ewc,raw,WELL-00033,10,0.6
15,3.75,12,0.0,prepost_ewc,raw,WELL-00034,8,0.5
15,3.75,12,0.0,prepost_ewc,raw,WELL-00035,8,0.375
15,3.75,12,0.0,prepost_ewc,raw,WELL-00037,3,0.3333
15,3.75,12,0.0,prepost_ewc,raw,WELL-00038,8,0.875
15,3.75,12,0.0,prepost_ewc,raw,WELL-00039,6,0.5
15,3.75,12,0.0,prepost_ewc,raw,WELL-00041,45,0.3778
15,3.75,12,0.0,prepost_ewc,adjusted,WELL-00001,63,0.8254
15,3.75,12,0.0,prepost_ewc,adjusted,WELL-00002,81,0.7037
15,3.75,12,0.0,prepost_ewc,adjusted,WELL-00003,29,0.7241
15,3.75,12,0.0,prepost_ewc,adjusted,WELL-00005,43,0.6512
15,3.75,12,0.0,prepost_ewc,adjusted,WELL-00006,50,0.9
15,3.75,12,0.0,prepost_ewc,adjusted,WELL-00008,0,
15,3.75,12,0.0,prepost_ewc,adjusted,WELL-00010,10,0.6
15,3.75,12,0.0,prepost_ewc,adjusted,WELL-00016,6,0.3333
15,3.75,12,0.0,prepost_ewc,adjusted,WELL-00019,5,0.4
15,3.75,12,0.0,prepost_ewc,adjusted,WELL-00033,9,0.5556
15,3.75,12,0.0,prepost_ewc,adjusted,WELL-00034,5,0.6
15,3.75,12,0.0,prepost_ewc,adjusted,WELL-00035,7,0.4286
15,3.75,12,0.0,prepost_ewc,adjusted,WELL-00037,3,0.3333
15,3.75,12,0.0,prepost_ewc,adjusted,WELL-00038,0,
15,3.75,12,0.0,prepost_ewc,adjusted,WELL-00039,3,0.0
15,3.75,12,0.0,prepost_ewc,adjusted,WELL-00041,13,0.6154
30,0.0,0,0.0,randomization,raw,WELL-00001,1672,0.0275
30,0.0,0,0.0,randomization,raw,WELL-00002,2356,0.0221
30,0.0,0,0.0,randomization,raw,WELL-00003,520,0.0212
30,0.0,0,0.0,randomization,raw,WELL-00005,380,0.0263
30,0.0,0,0.0,randomization,raw,WELL-00006,1720,0.032
30,0.0,0,0.0,randomization,raw,WELL-00008,228,0.0263
30,0.0,0,0.0,randomization,raw,WELL-00010,60,0.0
30,0.0,0,0.0,randomization,raw,WELL-00016,24,0.125
30,0.0,0,0.0,randomization,raw,WELL-00019,20,0.0
30,0.0,0,0.0,randomization,raw,WELL-00033,40,0.025
30,0.0,0,0.0,randomization,raw,WELL-00034,32,0.0625
30,0.0,0,0.0,randomization,raw,WELL-00035,32,0.0
30,0.0,0,0.0,randomization,raw,WELL-00037,12,0.0
30,0.0,0,0.0,randomization,raw,WELL-00038,32,0.0
30,0.0,0,0.0,randomization,raw,WELL-00039,24,0.0
30,0.0,0,0.0,randomization,raw,WELL-00041,180,0.0611
30,0.0,0,0.0,randomization,adjusted,WELL-00001,1672,0.0305
30,0.0,0,0.0,randomization,adjusted,WELL-00002,2356,0.0225
30,0.0,0,0.0,randomization,adjusted,WELL-00003,520,0.0327
30,0.0,0,0.0,randomization,adjusted,WELL-00005,380,0.0237
30,0.0,0,0.0,randomization,adjusted,WELL-00006,1716,0.0338
30,0.0,0,0.0,randomization,adjusted,WELL-00008,0,
30,0.0,0,0.0,randomization,adjusted,WELL-00010,60,0.0167
30,0.0,0,0.0,randomization,adjusted,WELL-00016,24,0.0833
30,0.0,0,0.0,randomization,adjusted,WELL-00019,20,0.1
30,0.0,0,0.0,randomization,adjusted,WELL-00033,40,0.05
30,0.0,0,0.0,randomization,adjusted,WELL-00034,32,0.0312
30,0.0,0,0.0,randomization,adjusted,WELL-00035,32,0.0625
30,0.0,0,0.0,randomization,adjusted,WELL-00037,12,0.0
30,0.0,0,0.0,randomization,adjusted,WELL-00038,32,0.0
30,0.0,0,0.0,randomization,adjusted,WELL-00039,24,0.0417
30,0.0,0,0.0,randomization,adjusted,WELL-00041,180,0.05
30,0.0,0,0.0,block_t,raw,WELL-00001,1672,0.0413
30,0.0,0,0.0,block_t,raw,WELL-00002,2356,0.0446
30,0.0,0,0.0,block_t,raw,WELL-00003,520,0.0308
30,0.0,0,0.0,block_t,raw,WELL-00005,380,0.0395
30,0.0,0,0.0,block_t,raw,WELL-00006,1720,0.0494
30,0.0,0,0.0,block_t,raw,WELL-00008,228,0.0482
30,0.0,0,0.0,block_t,raw,WELL-00010,60,0.0
30,0.0,0,0.0,block_t,raw,WELL-00016,24,0.2083
30,0.0,0,0.0,block_t,raw,WELL-00019,20,0.05
30,0.0,0,0.0,block_t,raw,WELL-00033,40,0.025
30,0.0,0,0.0,block_t,raw,WELL-00034,32,0.0625
30,0.0,0,0.0,block_t,raw,WELL-00035,32,0.0
30,0.0,0,0.0,block_t,raw,WELL-00037,12,0.0
30,0.0,0,0.0,block_t,raw,WELL-00038,32,0.0
30,0.0,0,0.0,block_t,raw,WELL-00039,24,0.0
30,0.0,0,0.0,block_t,raw,WELL-00041,180,0.0556
30,0.0,0,0.0,block_t,adjusted,WELL-00001,1672,0.1615
30,0.0,0,0.0,block_t,adjusted,WELL-00002,2356,0.098
30,0.0,0,0.0,block_t,adjusted,WELL-00003,520,0.0942
30,0.0,0,0.0,block_t,adjusted,WELL-00005,380,0.1237
30,0.0,0,0.0,block_t,adjusted,WELL-00006,1716,0.134
30,0.0,0,0.0,block_t,adjusted,WELL-00008,0,
30,0.0,0,0.0,block_t,adjusted,WELL-00010,60,0.0167
30,0.0,0,0.0,block_t,adjusted,WELL-00016,24,0.25
30,0.0,0,0.0,block_t,adjusted,WELL-00019,20,0.1
30,0.0,0,0.0,block_t,adjusted,WELL-00033,40,0.025
30,0.0,0,0.0,block_t,adjusted,WELL-00034,32,0.0312
30,0.0,0,0.0,block_t,adjusted,WELL-00035,32,0.0625
30,0.0,0,0.0,block_t,adjusted,WELL-00037,12,0.0
30,0.0,0,0.0,block_t,adjusted,WELL-00038,32,0.0
30,0.0,0,0.0,block_t,adjusted,WELL-00039,24,0.25
30,0.0,0,0.0,block_t,adjusted,WELL-00041,180,0.1389
30,0.0,0,0.0,hac,raw,WELL-00001,1672,0.1902
30,0.0,0,0.0,hac,raw,WELL-00002,2356,0.2126
30,0.0,0,0.0,hac,raw,WELL-00003,520,0.2173
30,0.0,0,0.0,hac,raw,WELL-00005,380,0.2763
30,0.0,0,0.0,hac,raw,WELL-00006,1720,0.1994
30,0.0,0,0.0,hac,raw,WELL-00008,228,0.1842
30,0.0,0,0.0,hac,raw,WELL-00010,60,0.1667
30,0.0,0,0.0,hac,raw,WELL-00016,24,0.5
30,0.0,0,0.0,hac,raw,WELL-00019,20,0.0
30,0.0,0,0.0,hac,raw,WELL-00033,40,0.4
30,0.0,0,0.0,hac,raw,WELL-00034,32,0.125
30,0.0,0,0.0,hac,raw,WELL-00035,32,0.0312
30,0.0,0,0.0,hac,raw,WELL-00037,12,0.1667
30,0.0,0,0.0,hac,raw,WELL-00038,32,0.1562
30,0.0,0,0.0,hac,raw,WELL-00039,24,0.25
30,0.0,0,0.0,hac,raw,WELL-00041,180,0.2167
30,0.0,0,0.0,hac,adjusted,WELL-00001,1672,0.2823
30,0.0,0,0.0,hac,adjusted,WELL-00002,2356,0.2644
30,0.0,0,0.0,hac,adjusted,WELL-00003,520,0.3038
30,0.0,0,0.0,hac,adjusted,WELL-00005,380,0.4158
30,0.0,0,0.0,hac,adjusted,WELL-00006,1716,0.2552
30,0.0,0,0.0,hac,adjusted,WELL-00008,0,
30,0.0,0,0.0,hac,adjusted,WELL-00010,60,0.25
30,0.0,0,0.0,hac,adjusted,WELL-00016,24,0.3333
30,0.0,0,0.0,hac,adjusted,WELL-00019,20,0.05
30,0.0,0,0.0,hac,adjusted,WELL-00033,40,0.425
30,0.0,0,0.0,hac,adjusted,WELL-00034,32,0.125
30,0.0,0,0.0,hac,adjusted,WELL-00035,32,0.0312
30,0.0,0,0.0,hac,adjusted,WELL-00037,12,0.1667
30,0.0,0,0.0,hac,adjusted,WELL-00038,32,0.0625
30,0.0,0,0.0,hac,adjusted,WELL-00039,24,0.2917
30,0.0,0,0.0,hac,adjusted,WELL-00041,180,0.1944
30,0.0,0,0.0,ewc,raw,WELL-00001,1672,0.1609
30,0.0,0,0.0,ewc,raw,WELL-00002,2356,0.2148
30,0.0,0,0.0,ewc,raw,WELL-00003,520,0.1462
30,0.0,0,0.0,ewc,raw,WELL-00005,380,0.1842
30,0.0,0,0.0,ewc,raw,WELL-00006,1720,0.1762
30,0.0,0,0.0,ewc,raw,WELL-00008,228,0.2237
30,0.0,0,0.0,ewc,raw,WELL-00010,60,0.1833
30,0.0,0,0.0,ewc,raw,WELL-00016,24,0.5
30,0.0,0,0.0,ewc,raw,WELL-00019,20,0.1
30,0.0,0,0.0,ewc,raw,WELL-00033,40,0.225
30,0.0,0,0.0,ewc,raw,WELL-00034,32,0.0625
30,0.0,0,0.0,ewc,raw,WELL-00035,32,0.0
30,0.0,0,0.0,ewc,raw,WELL-00037,12,0.1667
30,0.0,0,0.0,ewc,raw,WELL-00038,32,0.1562
30,0.0,0,0.0,ewc,raw,WELL-00039,24,0.1667
30,0.0,0,0.0,ewc,raw,WELL-00041,180,0.1333
30,0.0,0,0.0,ewc,adjusted,WELL-00001,1672,0.2344
30,0.0,0,0.0,ewc,adjusted,WELL-00002,2356,0.2169
30,0.0,0,0.0,ewc,adjusted,WELL-00003,520,0.1769
30,0.0,0,0.0,ewc,adjusted,WELL-00005,380,0.25
30,0.0,0,0.0,ewc,adjusted,WELL-00006,1716,0.2115
30,0.0,0,0.0,ewc,adjusted,WELL-00008,0,
30,0.0,0,0.0,ewc,adjusted,WELL-00010,60,0.1667
30,0.0,0,0.0,ewc,adjusted,WELL-00016,24,0.25
30,0.0,0,0.0,ewc,adjusted,WELL-00019,20,0.1
30,0.0,0,0.0,ewc,adjusted,WELL-00033,40,0.225
30,0.0,0,0.0,ewc,adjusted,WELL-00034,32,0.0938
30,0.0,0,0.0,ewc,adjusted,WELL-00035,32,0.0
30,0.0,0,0.0,ewc,adjusted,WELL-00037,12,0.1667
30,0.0,0,0.0,ewc,adjusted,WELL-00038,32,0.0625
30,0.0,0,0.0,ewc,adjusted,WELL-00039,24,0.25
30,0.0,0,0.0,ewc,adjusted,WELL-00041,180,0.1333
30,0.0,0,0.0,naive,raw,WELL-00001,1672,0.6238
30,0.0,0,0.0,naive,raw,WELL-00002,2356,0.7589
30,0.0,0,0.0,naive,raw,WELL-00003,520,0.5654
30,0.0,0,0.0,naive,raw,WELL-00005,380,0.5868
30,0.0,0,0.0,naive,raw,WELL-00006,1720,0.6233
30,0.0,0,0.0,naive,raw,WELL-00008,228,0.7061
30,0.0,0,0.0,naive,raw,WELL-00010,60,0.7167
30,0.0,0,0.0,naive,raw,WELL-00016,24,0.875
30,0.0,0,0.0,naive,raw,WELL-00019,20,0.15
30,0.0,0,0.0,naive,raw,WELL-00033,40,0.675
30,0.0,0,0.0,naive,raw,WELL-00034,32,0.6562
30,0.0,0,0.0,naive,raw,WELL-00035,32,0.3438
30,0.0,0,0.0,naive,raw,WELL-00037,12,0.75
30,0.0,0,0.0,naive,raw,WELL-00038,32,0.875
30,0.0,0,0.0,naive,raw,WELL-00039,24,0.625
30,0.0,0,0.0,naive,raw,WELL-00041,180,0.6833
30,0.0,0,0.0,naive,adjusted,WELL-00001,1672,0.6011
30,0.0,0,0.0,naive,adjusted,WELL-00002,2356,0.6914
30,0.0,0,0.0,naive,adjusted,WELL-00003,520,0.4827
30,0.0,0,0.0,naive,adjusted,WELL-00005,380,0.5737
30,0.0,0,0.0,naive,adjusted,WELL-00006,1716,0.5472
30,0.0,0,0.0,naive,adjusted,WELL-00008,0,
30,0.0,0,0.0,naive,adjusted,WELL-00010,60,0.6667
30,0.0,0,0.0,naive,adjusted,WELL-00016,24,0.7917
30,0.0,0,0.0,naive,adjusted,WELL-00019,20,0.2
30,0.0,0,0.0,naive,adjusted,WELL-00033,40,0.625
30,0.0,0,0.0,naive,adjusted,WELL-00034,32,0.5938
30,0.0,0,0.0,naive,adjusted,WELL-00035,32,0.3125
30,0.0,0,0.0,naive,adjusted,WELL-00037,12,0.5833
30,0.0,0,0.0,naive,adjusted,WELL-00038,32,0.6562
30,0.0,0,0.0,naive,adjusted,WELL-00039,24,0.4583
30,0.0,0,0.0,naive,adjusted,WELL-00041,180,0.5389
30,0.0,0,0.0,prepost_hac,raw,WELL-00001,399,0.5088
30,0.0,0,0.0,prepost_hac,raw,WELL-00002,580,0.7534
30,0.0,0,0.0,prepost_hac,raw,WELL-00003,130,0.6154
30,0.0,0,0.0,prepost_hac,raw,WELL-00005,95,0.6947
30,0.0,0,0.0,prepost_hac,raw,WELL-00006,396,0.6692
30,0.0,0,0.0,prepost_hac,raw,WELL-00008,56,0.8929
30,0.0,0,0.0,prepost_hac,raw,WELL-00010,15,0.4667
30,0.0,0,0.0,prepost_hac,raw,WELL-00016,6,0.8333
30,0.0,0,0.0,prepost_hac,raw,WELL-00019,5,0.0
30,0.0,0,0.0,prepost_hac,raw,WELL-00033,10,0.6
30,0.0,0,0.0,prepost_hac,raw,WELL-00034,8,0.375
30,0.0,0,0.0,prepost_hac,raw,WELL-00035,8,0.5
30,0.0,0,0.0,prepost_hac,raw,WELL-00037,3,0.3333
30,0.0,0,0.0,prepost_hac,raw,WELL-00038,8,0.875
30,0.0,0,0.0,prepost_hac,raw,WELL-00039,6,0.5
30,0.0,0,0.0,prepost_hac,raw,WELL-00041,45,0.4
30,0.0,0,0.0,prepost_hac,adjusted,WELL-00001,71,0.831
30,0.0,0,0.0,prepost_hac,adjusted,WELL-00002,102,0.7353
30,0.0,0,0.0,prepost_hac,adjusted,WELL-00003,32,0.8438
30,0.0,0,0.0,prepost_hac,adjusted,WELL-00005,43,0.6977
30,0.0,0,0.0,prepost_hac,adjusted,WELL-00006,46,0.8478
30,0.0,0,0.0,prepost_hac,adjusted,WELL-00008,0,
30,0.0,0,0.0,prepost_hac,adjusted,WELL-00010,10,0.8
30,0.0,0,0.0,prepost_hac,adjusted,WELL-00016,6,0.3333
30,0.0,0,0.0,prepost_hac,adjusted,WELL-00019,5,0.0
30,0.0,0,0.0,prepost_hac,adjusted,WELL-00033,9,0.6667
30,0.0,0,0.0,prepost_hac,adjusted,WELL-00034,6,0.6667
30,0.0,0,0.0,prepost_hac,adjusted,WELL-00035,7,0.5714
30,0.0,0,0.0,prepost_hac,adjusted,WELL-00037,3,0.3333
30,0.0,0,0.0,prepost_hac,adjusted,WELL-00038,0,
30,0.0,0,0.0,prepost_hac,adjusted,WELL-00039,3,0.0
30,0.0,0,0.0,prepost_hac,adjusted,WELL-00041,18,0.6111
30,0.0,0,0.0,prepost_ewc,raw,WELL-00001,399,0.4411
30,0.0,0,0.0,prepost_ewc,raw,WELL-00002,580,0.7759
30,0.0,0,0.0,prepost_ewc,raw,WELL-00003,130,0.5538
30,0.0,0,0.0,prepost_ewc,raw,WELL-00005,95,0.6632
30,0.0,0,0.0,prepost_ewc,raw,WELL-00006,396,0.6591
30,0.0,0,0.0,prepost_ewc,raw,WELL-00008,56,0.8929
30,0.0,0,0.0,prepost_ewc,raw,WELL-00010,15,0.4667
30,0.0,0,0.0,prepost_ewc,raw,WELL-00016,6,0.8333
30,0.0,0,0.0,prepost_ewc,raw,WELL-00019,5,0.0
30,0.0,0,0.0,prepost_ewc,raw,WELL-00033,10,0.7
30,0.0,0,0.0,prepost_ewc,raw,WELL-00034,8,0.375
30,0.0,0,0.0,prepost_ewc,raw,WELL-00035,8,0.375
30,0.0,0,0.0,prepost_ewc,raw,WELL-00037,3,0.3333
30,0.0,0,0.0,prepost_ewc,raw,WELL-00038,8,0.875
30,0.0,0,0.0,prepost_ewc,raw,WELL-00039,6,0.3333
30,0.0,0,0.0,prepost_ewc,raw,WELL-00041,45,0.3778
30,0.0,0,0.0,prepost_ewc,adjusted,WELL-00001,71,0.831
30,0.0,0,0.0,prepost_ewc,adjusted,WELL-00002,102,0.6667
30,0.0,0,0.0,prepost_ewc,adjusted,WELL-00003,32,0.75
30,0.0,0,0.0,prepost_ewc,adjusted,WELL-00005,43,0.6977
30,0.0,0,0.0,prepost_ewc,adjusted,WELL-00006,46,0.8478
30,0.0,0,0.0,prepost_ewc,adjusted,WELL-00008,0,
30,0.0,0,0.0,prepost_ewc,adjusted,WELL-00010,10,0.7
30,0.0,0,0.0,prepost_ewc,adjusted,WELL-00016,6,0.3333
30,0.0,0,0.0,prepost_ewc,adjusted,WELL-00019,5,0.0
30,0.0,0,0.0,prepost_ewc,adjusted,WELL-00033,9,0.6667
30,0.0,0,0.0,prepost_ewc,adjusted,WELL-00034,6,0.6667
30,0.0,0,0.0,prepost_ewc,adjusted,WELL-00035,7,0.4286
30,0.0,0,0.0,prepost_ewc,adjusted,WELL-00037,3,0.3333
30,0.0,0,0.0,prepost_ewc,adjusted,WELL-00038,0,
30,0.0,0,0.0,prepost_ewc,adjusted,WELL-00039,3,0.0
30,0.0,0,0.0,prepost_ewc,adjusted,WELL-00041,18,0.6111
30,3.0,0,0.0,randomization,raw,WELL-00001,1672,0.0275
30,3.0,0,0.0,randomization,raw,WELL-00002,2356,0.0221
30,3.0,0,0.0,randomization,raw,WELL-00003,520,0.0212
30,3.0,0,0.0,randomization,raw,WELL-00005,380,0.0263
30,3.0,0,0.0,randomization,raw,WELL-00006,1720,0.032
30,3.0,0,0.0,randomization,raw,WELL-00008,228,0.0263
30,3.0,0,0.0,randomization,raw,WELL-00010,60,0.0
30,3.0,0,0.0,randomization,raw,WELL-00016,24,0.125
30,3.0,0,0.0,randomization,raw,WELL-00019,20,0.0
30,3.0,0,0.0,randomization,raw,WELL-00033,40,0.025
30,3.0,0,0.0,randomization,raw,WELL-00034,32,0.0625
30,3.0,0,0.0,randomization,raw,WELL-00035,32,0.0
30,3.0,0,0.0,randomization,raw,WELL-00037,12,0.0
30,3.0,0,0.0,randomization,raw,WELL-00038,32,0.0
30,3.0,0,0.0,randomization,raw,WELL-00039,24,0.0
30,3.0,0,0.0,randomization,raw,WELL-00041,180,0.0611
30,3.0,0,0.0,randomization,adjusted,WELL-00001,1672,0.0305
30,3.0,0,0.0,randomization,adjusted,WELL-00002,2356,0.0225
30,3.0,0,0.0,randomization,adjusted,WELL-00003,520,0.0327
30,3.0,0,0.0,randomization,adjusted,WELL-00005,380,0.0237
30,3.0,0,0.0,randomization,adjusted,WELL-00006,1716,0.0338
30,3.0,0,0.0,randomization,adjusted,WELL-00008,0,
30,3.0,0,0.0,randomization,adjusted,WELL-00010,60,0.0167
30,3.0,0,0.0,randomization,adjusted,WELL-00016,24,0.0833
30,3.0,0,0.0,randomization,adjusted,WELL-00019,20,0.1
30,3.0,0,0.0,randomization,adjusted,WELL-00033,40,0.05
30,3.0,0,0.0,randomization,adjusted,WELL-00034,32,0.0312
30,3.0,0,0.0,randomization,adjusted,WELL-00035,32,0.0625
30,3.0,0,0.0,randomization,adjusted,WELL-00037,12,0.0
30,3.0,0,0.0,randomization,adjusted,WELL-00038,32,0.0
30,3.0,0,0.0,randomization,adjusted,WELL-00039,24,0.0417
30,3.0,0,0.0,randomization,adjusted,WELL-00041,180,0.05
30,3.0,0,0.0,block_t,raw,WELL-00001,1672,0.0413
30,3.0,0,0.0,block_t,raw,WELL-00002,2356,0.0446
30,3.0,0,0.0,block_t,raw,WELL-00003,520,0.0308
30,3.0,0,0.0,block_t,raw,WELL-00005,380,0.0395
30,3.0,0,0.0,block_t,raw,WELL-00006,1720,0.0494
30,3.0,0,0.0,block_t,raw,WELL-00008,228,0.0482
30,3.0,0,0.0,block_t,raw,WELL-00010,60,0.0
30,3.0,0,0.0,block_t,raw,WELL-00016,24,0.2083
30,3.0,0,0.0,block_t,raw,WELL-00019,20,0.05
30,3.0,0,0.0,block_t,raw,WELL-00033,40,0.025
30,3.0,0,0.0,block_t,raw,WELL-00034,32,0.0625
30,3.0,0,0.0,block_t,raw,WELL-00035,32,0.0
30,3.0,0,0.0,block_t,raw,WELL-00037,12,0.0
30,3.0,0,0.0,block_t,raw,WELL-00038,32,0.0
30,3.0,0,0.0,block_t,raw,WELL-00039,24,0.0
30,3.0,0,0.0,block_t,raw,WELL-00041,180,0.0556
30,3.0,0,0.0,block_t,adjusted,WELL-00001,1672,0.1615
30,3.0,0,0.0,block_t,adjusted,WELL-00002,2356,0.098
30,3.0,0,0.0,block_t,adjusted,WELL-00003,520,0.0942
30,3.0,0,0.0,block_t,adjusted,WELL-00005,380,0.1237
30,3.0,0,0.0,block_t,adjusted,WELL-00006,1716,0.134
30,3.0,0,0.0,block_t,adjusted,WELL-00008,0,
30,3.0,0,0.0,block_t,adjusted,WELL-00010,60,0.0167
30,3.0,0,0.0,block_t,adjusted,WELL-00016,24,0.25
30,3.0,0,0.0,block_t,adjusted,WELL-00019,20,0.1
30,3.0,0,0.0,block_t,adjusted,WELL-00033,40,0.025
30,3.0,0,0.0,block_t,adjusted,WELL-00034,32,0.0312
30,3.0,0,0.0,block_t,adjusted,WELL-00035,32,0.0625
30,3.0,0,0.0,block_t,adjusted,WELL-00037,12,0.0
30,3.0,0,0.0,block_t,adjusted,WELL-00038,32,0.0
30,3.0,0,0.0,block_t,adjusted,WELL-00039,24,0.25
30,3.0,0,0.0,block_t,adjusted,WELL-00041,180,0.1389
30,3.0,0,0.0,hac,raw,WELL-00001,1672,0.1902
30,3.0,0,0.0,hac,raw,WELL-00002,2356,0.2126
30,3.0,0,0.0,hac,raw,WELL-00003,520,0.2173
30,3.0,0,0.0,hac,raw,WELL-00005,380,0.2763
30,3.0,0,0.0,hac,raw,WELL-00006,1720,0.1994
30,3.0,0,0.0,hac,raw,WELL-00008,228,0.1842
30,3.0,0,0.0,hac,raw,WELL-00010,60,0.1667
30,3.0,0,0.0,hac,raw,WELL-00016,24,0.5
30,3.0,0,0.0,hac,raw,WELL-00019,20,0.0
30,3.0,0,0.0,hac,raw,WELL-00033,40,0.4
30,3.0,0,0.0,hac,raw,WELL-00034,32,0.125
30,3.0,0,0.0,hac,raw,WELL-00035,32,0.0312
30,3.0,0,0.0,hac,raw,WELL-00037,12,0.1667
30,3.0,0,0.0,hac,raw,WELL-00038,32,0.1562
30,3.0,0,0.0,hac,raw,WELL-00039,24,0.25
30,3.0,0,0.0,hac,raw,WELL-00041,180,0.2167
30,3.0,0,0.0,hac,adjusted,WELL-00001,1672,0.2823
30,3.0,0,0.0,hac,adjusted,WELL-00002,2356,0.2644
30,3.0,0,0.0,hac,adjusted,WELL-00003,520,0.3038
30,3.0,0,0.0,hac,adjusted,WELL-00005,380,0.4158
30,3.0,0,0.0,hac,adjusted,WELL-00006,1716,0.2552
30,3.0,0,0.0,hac,adjusted,WELL-00008,0,
30,3.0,0,0.0,hac,adjusted,WELL-00010,60,0.25
30,3.0,0,0.0,hac,adjusted,WELL-00016,24,0.3333
30,3.0,0,0.0,hac,adjusted,WELL-00019,20,0.05
30,3.0,0,0.0,hac,adjusted,WELL-00033,40,0.425
30,3.0,0,0.0,hac,adjusted,WELL-00034,32,0.125
30,3.0,0,0.0,hac,adjusted,WELL-00035,32,0.0312
30,3.0,0,0.0,hac,adjusted,WELL-00037,12,0.1667
30,3.0,0,0.0,hac,adjusted,WELL-00038,32,0.0625
30,3.0,0,0.0,hac,adjusted,WELL-00039,24,0.2917
30,3.0,0,0.0,hac,adjusted,WELL-00041,180,0.1944
30,3.0,0,0.0,ewc,raw,WELL-00001,1672,0.1609
30,3.0,0,0.0,ewc,raw,WELL-00002,2356,0.2148
30,3.0,0,0.0,ewc,raw,WELL-00003,520,0.1462
30,3.0,0,0.0,ewc,raw,WELL-00005,380,0.1842
30,3.0,0,0.0,ewc,raw,WELL-00006,1720,0.1762
30,3.0,0,0.0,ewc,raw,WELL-00008,228,0.2237
30,3.0,0,0.0,ewc,raw,WELL-00010,60,0.1833
30,3.0,0,0.0,ewc,raw,WELL-00016,24,0.5
30,3.0,0,0.0,ewc,raw,WELL-00019,20,0.1
30,3.0,0,0.0,ewc,raw,WELL-00033,40,0.225
30,3.0,0,0.0,ewc,raw,WELL-00034,32,0.0625
30,3.0,0,0.0,ewc,raw,WELL-00035,32,0.0
30,3.0,0,0.0,ewc,raw,WELL-00037,12,0.1667
30,3.0,0,0.0,ewc,raw,WELL-00038,32,0.1562
30,3.0,0,0.0,ewc,raw,WELL-00039,24,0.1667
30,3.0,0,0.0,ewc,raw,WELL-00041,180,0.1333
30,3.0,0,0.0,ewc,adjusted,WELL-00001,1672,0.2344
30,3.0,0,0.0,ewc,adjusted,WELL-00002,2356,0.2169
30,3.0,0,0.0,ewc,adjusted,WELL-00003,520,0.1769
30,3.0,0,0.0,ewc,adjusted,WELL-00005,380,0.25
30,3.0,0,0.0,ewc,adjusted,WELL-00006,1716,0.2115
30,3.0,0,0.0,ewc,adjusted,WELL-00008,0,
30,3.0,0,0.0,ewc,adjusted,WELL-00010,60,0.1667
30,3.0,0,0.0,ewc,adjusted,WELL-00016,24,0.25
30,3.0,0,0.0,ewc,adjusted,WELL-00019,20,0.1
30,3.0,0,0.0,ewc,adjusted,WELL-00033,40,0.225
30,3.0,0,0.0,ewc,adjusted,WELL-00034,32,0.0938
30,3.0,0,0.0,ewc,adjusted,WELL-00035,32,0.0
30,3.0,0,0.0,ewc,adjusted,WELL-00037,12,0.1667
30,3.0,0,0.0,ewc,adjusted,WELL-00038,32,0.0625
30,3.0,0,0.0,ewc,adjusted,WELL-00039,24,0.25
30,3.0,0,0.0,ewc,adjusted,WELL-00041,180,0.1333
30,3.0,0,0.0,naive,raw,WELL-00001,1672,0.6238
30,3.0,0,0.0,naive,raw,WELL-00002,2356,0.7589
30,3.0,0,0.0,naive,raw,WELL-00003,520,0.5654
30,3.0,0,0.0,naive,raw,WELL-00005,380,0.5868
30,3.0,0,0.0,naive,raw,WELL-00006,1720,0.6233
30,3.0,0,0.0,naive,raw,WELL-00008,228,0.7061
30,3.0,0,0.0,naive,raw,WELL-00010,60,0.7167
30,3.0,0,0.0,naive,raw,WELL-00016,24,0.875
30,3.0,0,0.0,naive,raw,WELL-00019,20,0.15
30,3.0,0,0.0,naive,raw,WELL-00033,40,0.675
30,3.0,0,0.0,naive,raw,WELL-00034,32,0.6562
30,3.0,0,0.0,naive,raw,WELL-00035,32,0.3438
30,3.0,0,0.0,naive,raw,WELL-00037,12,0.75
30,3.0,0,0.0,naive,raw,WELL-00038,32,0.875
30,3.0,0,0.0,naive,raw,WELL-00039,24,0.625
30,3.0,0,0.0,naive,raw,WELL-00041,180,0.6833
30,3.0,0,0.0,naive,adjusted,WELL-00001,1672,0.6011
30,3.0,0,0.0,naive,adjusted,WELL-00002,2356,0.6914
30,3.0,0,0.0,naive,adjusted,WELL-00003,520,0.4827
30,3.0,0,0.0,naive,adjusted,WELL-00005,380,0.5737
30,3.0,0,0.0,naive,adjusted,WELL-00006,1716,0.5472
30,3.0,0,0.0,naive,adjusted,WELL-00008,0,
30,3.0,0,0.0,naive,adjusted,WELL-00010,60,0.6667
30,3.0,0,0.0,naive,adjusted,WELL-00016,24,0.7917
30,3.0,0,0.0,naive,adjusted,WELL-00019,20,0.2
30,3.0,0,0.0,naive,adjusted,WELL-00033,40,0.625
30,3.0,0,0.0,naive,adjusted,WELL-00034,32,0.5938
30,3.0,0,0.0,naive,adjusted,WELL-00035,32,0.3125
30,3.0,0,0.0,naive,adjusted,WELL-00037,12,0.5833
30,3.0,0,0.0,naive,adjusted,WELL-00038,32,0.6562
30,3.0,0,0.0,naive,adjusted,WELL-00039,24,0.4583
30,3.0,0,0.0,naive,adjusted,WELL-00041,180,0.5389
30,3.0,0,0.0,prepost_hac,raw,WELL-00001,399,0.5088
30,3.0,0,0.0,prepost_hac,raw,WELL-00002,580,0.7534
30,3.0,0,0.0,prepost_hac,raw,WELL-00003,130,0.6154
30,3.0,0,0.0,prepost_hac,raw,WELL-00005,95,0.6947
30,3.0,0,0.0,prepost_hac,raw,WELL-00006,396,0.6692
30,3.0,0,0.0,prepost_hac,raw,WELL-00008,56,0.8929
30,3.0,0,0.0,prepost_hac,raw,WELL-00010,15,0.4667
30,3.0,0,0.0,prepost_hac,raw,WELL-00016,6,0.8333
30,3.0,0,0.0,prepost_hac,raw,WELL-00019,5,0.0
30,3.0,0,0.0,prepost_hac,raw,WELL-00033,10,0.6
30,3.0,0,0.0,prepost_hac,raw,WELL-00034,8,0.375
30,3.0,0,0.0,prepost_hac,raw,WELL-00035,8,0.5
30,3.0,0,0.0,prepost_hac,raw,WELL-00037,3,0.3333
30,3.0,0,0.0,prepost_hac,raw,WELL-00038,8,0.875
30,3.0,0,0.0,prepost_hac,raw,WELL-00039,6,0.5
30,3.0,0,0.0,prepost_hac,raw,WELL-00041,45,0.4
30,3.0,0,0.0,prepost_hac,adjusted,WELL-00001,71,0.831
30,3.0,0,0.0,prepost_hac,adjusted,WELL-00002,102,0.7353
30,3.0,0,0.0,prepost_hac,adjusted,WELL-00003,32,0.8438
30,3.0,0,0.0,prepost_hac,adjusted,WELL-00005,43,0.6977
30,3.0,0,0.0,prepost_hac,adjusted,WELL-00006,46,0.8478
30,3.0,0,0.0,prepost_hac,adjusted,WELL-00008,0,
30,3.0,0,0.0,prepost_hac,adjusted,WELL-00010,10,0.8
30,3.0,0,0.0,prepost_hac,adjusted,WELL-00016,6,0.3333
30,3.0,0,0.0,prepost_hac,adjusted,WELL-00019,5,0.0
30,3.0,0,0.0,prepost_hac,adjusted,WELL-00033,9,0.6667
30,3.0,0,0.0,prepost_hac,adjusted,WELL-00034,6,0.6667
30,3.0,0,0.0,prepost_hac,adjusted,WELL-00035,7,0.5714
30,3.0,0,0.0,prepost_hac,adjusted,WELL-00037,3,0.3333
30,3.0,0,0.0,prepost_hac,adjusted,WELL-00038,0,
30,3.0,0,0.0,prepost_hac,adjusted,WELL-00039,3,0.0
30,3.0,0,0.0,prepost_hac,adjusted,WELL-00041,18,0.6111
30,3.0,0,0.0,prepost_ewc,raw,WELL-00001,399,0.4411
30,3.0,0,0.0,prepost_ewc,raw,WELL-00002,580,0.7759
30,3.0,0,0.0,prepost_ewc,raw,WELL-00003,130,0.5538
30,3.0,0,0.0,prepost_ewc,raw,WELL-00005,95,0.6632
30,3.0,0,0.0,prepost_ewc,raw,WELL-00006,396,0.6591
30,3.0,0,0.0,prepost_ewc,raw,WELL-00008,56,0.8929
30,3.0,0,0.0,prepost_ewc,raw,WELL-00010,15,0.4667
30,3.0,0,0.0,prepost_ewc,raw,WELL-00016,6,0.8333
30,3.0,0,0.0,prepost_ewc,raw,WELL-00019,5,0.0
30,3.0,0,0.0,prepost_ewc,raw,WELL-00033,10,0.7
30,3.0,0,0.0,prepost_ewc,raw,WELL-00034,8,0.375
30,3.0,0,0.0,prepost_ewc,raw,WELL-00035,8,0.375
30,3.0,0,0.0,prepost_ewc,raw,WELL-00037,3,0.3333
30,3.0,0,0.0,prepost_ewc,raw,WELL-00038,8,0.875
30,3.0,0,0.0,prepost_ewc,raw,WELL-00039,6,0.3333
30,3.0,0,0.0,prepost_ewc,raw,WELL-00041,45,0.3778
30,3.0,0,0.0,prepost_ewc,adjusted,WELL-00001,71,0.831
30,3.0,0,0.0,prepost_ewc,adjusted,WELL-00002,102,0.6667
30,3.0,0,0.0,prepost_ewc,adjusted,WELL-00003,32,0.75
30,3.0,0,0.0,prepost_ewc,adjusted,WELL-00005,43,0.6977
30,3.0,0,0.0,prepost_ewc,adjusted,WELL-00006,46,0.8478
30,3.0,0,0.0,prepost_ewc,adjusted,WELL-00008,0,
30,3.0,0,0.0,prepost_ewc,adjusted,WELL-00010,10,0.7
30,3.0,0,0.0,prepost_ewc,adjusted,WELL-00016,6,0.3333
30,3.0,0,0.0,prepost_ewc,adjusted,WELL-00019,5,0.0
30,3.0,0,0.0,prepost_ewc,adjusted,WELL-00033,9,0.6667
30,3.0,0,0.0,prepost_ewc,adjusted,WELL-00034,6,0.6667
30,3.0,0,0.0,prepost_ewc,adjusted,WELL-00035,7,0.4286
30,3.0,0,0.0,prepost_ewc,adjusted,WELL-00037,3,0.3333
30,3.0,0,0.0,prepost_ewc,adjusted,WELL-00038,0,
30,3.0,0,0.0,prepost_ewc,adjusted,WELL-00039,3,0.0
30,3.0,0,0.0,prepost_ewc,adjusted,WELL-00041,18,0.6111
30,3.0,9,0.0,randomization,raw,WELL-00001,1664,0.0258
30,3.0,9,0.0,randomization,raw,WELL-00002,2356,0.0255
30,3.0,9,0.0,randomization,raw,WELL-00003,520,0.025
30,3.0,9,0.0,randomization,raw,WELL-00005,380,0.0263
30,3.0,9,0.0,randomization,raw,WELL-00006,1688,0.0314
30,3.0,9,0.0,randomization,raw,WELL-00008,228,0.0219
30,3.0,9,0.0,randomization,raw,WELL-00010,60,0.0167
30,3.0,9,0.0,randomization,raw,WELL-00016,24,0.0833
30,3.0,9,0.0,randomization,raw,WELL-00019,20,0.05
30,3.0,9,0.0,randomization,raw,WELL-00033,40,0.075
30,3.0,9,0.0,randomization,raw,WELL-00034,32,0.0312
30,3.0,9,0.0,randomization,raw,WELL-00035,32,0.0
30,3.0,9,0.0,randomization,raw,WELL-00037,12,0.0
30,3.0,9,0.0,randomization,raw,WELL-00038,32,0.0
30,3.0,9,0.0,randomization,raw,WELL-00039,24,0.0
30,3.0,9,0.0,randomization,raw,WELL-00041,180,0.0556
30,3.0,9,0.0,randomization,adjusted,WELL-00001,1664,0.0234
30,3.0,9,0.0,randomization,adjusted,WELL-00002,2356,0.0204
30,3.0,9,0.0,randomization,adjusted,WELL-00003,520,0.0269
30,3.0,9,0.0,randomization,adjusted,WELL-00005,380,0.0211
30,3.0,9,0.0,randomization,adjusted,WELL-00006,1684,0.0362
30,3.0,9,0.0,randomization,adjusted,WELL-00008,0,
30,3.0,9,0.0,randomization,adjusted,WELL-00010,60,0.0167
30,3.0,9,0.0,randomization,adjusted,WELL-00016,24,0.0833
30,3.0,9,0.0,randomization,adjusted,WELL-00019,20,0.05
30,3.0,9,0.0,randomization,adjusted,WELL-00033,40,0.075
30,3.0,9,0.0,randomization,adjusted,WELL-00034,32,0.0312
30,3.0,9,0.0,randomization,adjusted,WELL-00035,32,0.0
30,3.0,9,0.0,randomization,adjusted,WELL-00037,12,0.0
30,3.0,9,0.0,randomization,adjusted,WELL-00038,32,0.0
30,3.0,9,0.0,randomization,adjusted,WELL-00039,24,0.0833
30,3.0,9,0.0,randomization,adjusted,WELL-00041,180,0.0722
30,3.0,9,0.0,block_t,raw,WELL-00001,1664,0.0379
30,3.0,9,0.0,block_t,raw,WELL-00002,2356,0.0424
30,3.0,9,0.0,block_t,raw,WELL-00003,520,0.0365
30,3.0,9,0.0,block_t,raw,WELL-00005,380,0.0395
30,3.0,9,0.0,block_t,raw,WELL-00006,1688,0.0504
30,3.0,9,0.0,block_t,raw,WELL-00008,228,0.0482
30,3.0,9,0.0,block_t,raw,WELL-00010,60,0.0
30,3.0,9,0.0,block_t,raw,WELL-00016,24,0.1667
30,3.0,9,0.0,block_t,raw,WELL-00019,20,0.05
30,3.0,9,0.0,block_t,raw,WELL-00033,40,0.05
30,3.0,9,0.0,block_t,raw,WELL-00034,32,0.0625
30,3.0,9,0.0,block_t,raw,WELL-00035,32,0.0
30,3.0,9,0.0,block_t,raw,WELL-00037,12,0.0
30,3.0,9,0.0,block_t,raw,WELL-00038,32,0.0
30,3.0,9,0.0,block_t,raw,WELL-00039,24,0.0
30,3.0,9,0.0,block_t,raw,WELL-00041,180,0.0556
30,3.0,9,0.0,block_t,adjusted,WELL-00001,1664,0.1809
30,3.0,9,0.0,block_t,adjusted,WELL-00002,2356,0.1239
30,3.0,9,0.0,block_t,adjusted,WELL-00003,520,0.1019
30,3.0,9,0.0,block_t,adjusted,WELL-00005,380,0.1342
30,3.0,9,0.0,block_t,adjusted,WELL-00006,1684,0.1407
30,3.0,9,0.0,block_t,adjusted,WELL-00008,0,
30,3.0,9,0.0,block_t,adjusted,WELL-00010,60,0.0667
30,3.0,9,0.0,block_t,adjusted,WELL-00016,24,0.2083
30,3.0,9,0.0,block_t,adjusted,WELL-00019,20,0.05
30,3.0,9,0.0,block_t,adjusted,WELL-00033,40,0.05
30,3.0,9,0.0,block_t,adjusted,WELL-00034,32,0.0938
30,3.0,9,0.0,block_t,adjusted,WELL-00035,32,0.0
30,3.0,9,0.0,block_t,adjusted,WELL-00037,12,0.0
30,3.0,9,0.0,block_t,adjusted,WELL-00038,32,0.0312
30,3.0,9,0.0,block_t,adjusted,WELL-00039,24,0.1667
30,3.0,9,0.0,block_t,adjusted,WELL-00041,180,0.1722
30,3.0,9,0.0,hac,raw,WELL-00001,1664,0.2037
30,3.0,9,0.0,hac,raw,WELL-00002,2356,0.2156
30,3.0,9,0.0,hac,raw,WELL-00003,520,0.2269
30,3.0,9,0.0,hac,raw,WELL-00005,380,0.2553
30,3.0,9,0.0,hac,raw,WELL-00006,1688,0.2062
30,3.0,9,0.0,hac,raw,WELL-00008,228,0.1886
30,3.0,9,0.0,hac,raw,WELL-00010,60,0.1333
30,3.0,9,0.0,hac,raw,WELL-00016,24,0.4167
30,3.0,9,0.0,hac,raw,WELL-00019,20,0.1
30,3.0,9,0.0,hac,raw,WELL-00033,40,0.275
30,3.0,9,0.0,hac,raw,WELL-00034,32,0.0938
30,3.0,9,0.0,hac,raw,WELL-00035,32,0.0625
30,3.0,9,0.0,hac,raw,WELL-00037,12,0.1667
30,3.0,9,0.0,hac,raw,WELL-00038,32,0.0938
30,3.0,9,0.0,hac,raw,WELL-00039,24,0.25
30,3.0,9,0.0,hac,raw,WELL-00041,180,0.2222
30,3.0,9,0.0,hac,adjusted,WELL-00001,1664,0.3149
30,3.0,9,0.0,hac,adjusted,WELL-00002,2356,0.2924
30,3.0,9,0.0,hac,adjusted,WELL-00003,520,0.2923
30,3.0,9,0.0,hac,adjusted,WELL-00005,380,0.3842
30,3.0,9,0.0,hac,adjusted,WELL-00006,1684,0.2601
30,3.0,9,0.0,hac,adjusted,WELL-00008,0,
30,3.0,9,0.0,hac,adjusted,WELL-00010,60,0.2333
30,3.0,9,0.0,hac,adjusted,WELL-00016,24,0.3333
30,3.0,9,0.0,hac,adjusted,WELL-00019,20,0.1
30,3.0,9,0.0,hac,adjusted,WELL-00033,40,0.25
30,3.0,9,0.0,hac,adjusted,WELL-00034,32,0.0938
30,3.0,9,0.0,hac,adjusted,WELL-00035,32,0.0625
30,3.0,9,0.0,hac,adjusted,WELL-00037,12,0.1667
30,3.0,9,0.0,hac,adjusted,WELL-00038,32,0.1875
30,3.0,9,0.0,hac,adjusted,WELL-00039,24,0.2917
30,3.0,9,0.0,hac,adjusted,WELL-00041,180,0.2889
30,3.0,9,0.0,ewc,raw,WELL-00001,1664,0.149
30,3.0,9,0.0,ewc,raw,WELL-00002,2356,0.1795
30,3.0,9,0.0,ewc,raw,WELL-00003,520,0.1231
30,3.0,9,0.0,ewc,raw,WELL-00005,380,0.1553
30,3.0,9,0.0,ewc,raw,WELL-00006,1688,0.1653
30,3.0,9,0.0,ewc,raw,WELL-00008,228,0.1711
30,3.0,9,0.0,ewc,raw,WELL-00010,60,0.0833
30,3.0,9,0.0,ewc,raw,WELL-00016,24,0.4583
30,3.0,9,0.0,ewc,raw,WELL-00019,20,0.1
30,3.0,9,0.0,ewc,raw,WELL-00033,40,0.225
30,3.0,9,0.0,ewc,raw,WELL-00034,32,0.0938
30,3.0,9,0.0,ewc,raw,WELL-00035,32,0.0625
30,3.0,9,0.0,ewc,raw,WELL-00037,12,0.1667
30,3.0,9,0.0,ewc,raw,WELL-00038,32,0.0625
30,3.0,9,0.0,ewc,raw,WELL-00039,24,0.1667
30,3.0,9,0.0,ewc,raw,WELL-00041,180,0.1444
30,3.0,9,0.0,ewc,adjusted,WELL-00001,1664,0.2392
30,3.0,9,0.0,ewc,adjusted,WELL-00002,2356,0.2381
30,3.0,9,0.0,ewc,adjusted,WELL-00003,520,0.1731
30,3.0,9,0.0,ewc,adjusted,WELL-00005,380,0.2316
30,3.0,9,0.0,ewc,adjusted,WELL-00006,1684,0.2209
30,3.0,9,0.0,ewc,adjusted,WELL-00008,0,
30,3.0,9,0.0,ewc,adjusted,WELL-00010,60,0.1667
30,3.0,9,0.0,ewc,adjusted,WELL-00016,24,0.2917
30,3.0,9,0.0,ewc,adjusted,WELL-00019,20,0.1
30,3.0,9,0.0,ewc,adjusted,WELL-00033,40,0.175
30,3.0,9,0.0,ewc,adjusted,WELL-00034,32,0.0938
30,3.0,9,0.0,ewc,adjusted,WELL-00035,32,0.0312
30,3.0,9,0.0,ewc,adjusted,WELL-00037,12,0.1667
30,3.0,9,0.0,ewc,adjusted,WELL-00038,32,0.0938
30,3.0,9,0.0,ewc,adjusted,WELL-00039,24,0.25
30,3.0,9,0.0,ewc,adjusted,WELL-00041,180,0.1833
30,3.0,9,0.0,naive,raw,WELL-00001,1664,0.6148
30,3.0,9,0.0,naive,raw,WELL-00002,2356,0.7288
30,3.0,9,0.0,naive,raw,WELL-00003,520,0.5
30,3.0,9,0.0,naive,raw,WELL-00005,380,0.5237
30,3.0,9,0.0,naive,raw,WELL-00006,1688,0.5918
30,3.0,9,0.0,naive,raw,WELL-00008,228,0.6711
30,3.0,9,0.0,naive,raw,WELL-00010,60,0.7333
30,3.0,9,0.0,naive,raw,WELL-00016,24,0.875
30,3.0,9,0.0,naive,raw,WELL-00019,20,0.1
30,3.0,9,0.0,naive,raw,WELL-00033,40,0.6
30,3.0,9,0.0,naive,raw,WELL-00034,32,0.5938
30,3.0,9,0.0,naive,raw,WELL-00035,32,0.3438
30,3.0,9,0.0,naive,raw,WELL-00037,12,0.5833
30,3.0,9,0.0,naive,raw,WELL-00038,32,0.8125
30,3.0,9,0.0,naive,raw,WELL-00039,24,0.5417
30,3.0,9,0.0,naive,raw,WELL-00041,180,0.6944
30,3.0,9,0.0,naive,adjusted,WELL-00001,1664,0.6076
30,3.0,9,0.0,naive,adjusted,WELL-00002,2356,0.6817
30,3.0,9,0.0,naive,adjusted,WELL-00003,520,0.4385
30,3.0,9,0.0,naive,adjusted,WELL-00005,380,0.5368
30,3.0,9,0.0,naive,adjusted,WELL-00006,1684,0.535
30,3.0,9,0.0,naive,adjusted,WELL-00008,0,
30,3.0,9,0.0,naive,adjusted,WELL-00010,60,0.6833
30,3.0,9,0.0,naive,adjusted,WELL-00016,24,0.7083
30,3.0,9,0.0,naive,adjusted,WELL-00019,20,0.15
30,3.0,9,0.0,naive,adjusted,WELL-00033,40,0.6
30,3.0,9,0.0,naive,adjusted,WELL-00034,32,0.5938
30,3.0,9,0.0,naive,adjusted,WELL-00035,32,0.3125
30,3.0,9,0.0,naive,adjusted,WELL-00037,12,0.5
30,3.0,9,0.0,naive,adjusted,WELL-00038,32,0.5938
30,3.0,9,0.0,naive,adjusted,WELL-00039,24,0.5
30,3.0,9,0.0,naive,adjusted,WELL-00041,180,0.4667
30,3.0,9,0.0,prepost_hac,raw,WELL-00001,394,0.5152
30,3.0,9,0.0,prepost_hac,raw,WELL-00002,573,0.7627
30,3.0,9,0.0,prepost_hac,raw,WELL-00003,130,0.6077
30,3.0,9,0.0,prepost_hac,raw,WELL-00005,95,0.7158
30,3.0,9,0.0,prepost_hac,raw,WELL-00006,390,0.6769
30,3.0,9,0.0,prepost_hac,raw,WELL-00008,56,0.8929
30,3.0,9,0.0,prepost_hac,raw,WELL-00010,15,0.4667
30,3.0,9,0.0,prepost_hac,raw,WELL-00016,6,0.8333
30,3.0,9,0.0,prepost_hac,raw,WELL-00019,5,0.2
30,3.0,9,0.0,prepost_hac,raw,WELL-00033,10,0.6
30,3.0,9,0.0,prepost_hac,raw,WELL-00034,8,0.5
30,3.0,9,0.0,prepost_hac,raw,WELL-00035,8,0.5
30,3.0,9,0.0,prepost_hac,raw,WELL-00037,3,0.3333
30,3.0,9,0.0,prepost_hac,raw,WELL-00038,8,0.875
30,3.0,9,0.0,prepost_hac,raw,WELL-00039,6,0.5
30,3.0,9,0.0,prepost_hac,raw,WELL-00041,45,0.4222
30,3.0,9,0.0,prepost_hac,adjusted,WELL-00001,64,0.7969
30,3.0,9,0.0,prepost_hac,adjusted,WELL-00002,81,0.7284
30,3.0,9,0.0,prepost_hac,adjusted,WELL-00003,29,0.7931
30,3.0,9,0.0,prepost_hac,adjusted,WELL-00005,43,0.7209
30,3.0,9,0.0,prepost_hac,adjusted,WELL-00006,46,0.8696
30,3.0,9,0.0,prepost_hac,adjusted,WELL-00008,0,
30,3.0,9,0.0,prepost_hac,adjusted,WELL-00010,10,0.8
30,3.0,9,0.0,prepost_hac,adjusted,WELL-00016,6,0.3333
30,3.0,9,0.0,prepost_hac,adjusted,WELL-00019,5,0.4
30,3.0,9,0.0,prepost_hac,adjusted,WELL-00033,9,0.6667
30,3.0,9,0.0,prepost_hac,adjusted,WELL-00034,6,0.5
30,3.0,9,0.0,prepost_hac,adjusted,WELL-00035,7,0.5714
30,3.0,9,0.0,prepost_hac,adjusted,WELL-00037,3,0.3333
30,3.0,9,0.0,prepost_hac,adjusted,WELL-00038,0,
30,3.0,9,0.0,prepost_hac,adjusted,WELL-00039,3,0.0
30,3.0,9,0.0,prepost_hac,adjusted,WELL-00041,13,0.6154
30,3.0,9,0.0,prepost_ewc,raw,WELL-00001,394,0.4492
30,3.0,9,0.0,prepost_ewc,raw,WELL-00002,573,0.7766
30,3.0,9,0.0,prepost_ewc,raw,WELL-00003,130,0.5538
30,3.0,9,0.0,prepost_ewc,raw,WELL-00005,95,0.6632
30,3.0,9,0.0,prepost_ewc,raw,WELL-00006,390,0.6487
30,3.0,9,0.0,prepost_ewc,raw,WELL-00008,56,0.8929
30,3.0,9,0.0,prepost_ewc,raw,WELL-00010,15,0.5333
30,3.0,9,0.0,prepost_ewc,raw,WELL-00016,6,0.8333
30,3.0,9,0.0,prepost_ewc,raw,WELL-00019,5,0.0
30,3.0,9,0.0,prepost_ewc,raw,WELL-00033,10,0.6
30,3.0,9,0.0,prepost_ewc,raw,WELL-00034,8,0.5
30,3.0,9,0.0,prepost_ewc,raw,WELL-00035,8,0.375
30,3.0,9,0.0,prepost_ewc,raw,WELL-00037,3,0.3333
30,3.0,9,0.0,prepost_ewc,raw,WELL-00038,8,0.875
30,3.0,9,0.0,prepost_ewc,raw,WELL-00039,6,0.3333
30,3.0,9,0.0,prepost_ewc,raw,WELL-00041,45,0.3778
30,3.0,9,0.0,prepost_ewc,adjusted,WELL-00001,64,0.8281
30,3.0,9,0.0,prepost_ewc,adjusted,WELL-00002,81,0.7037
30,3.0,9,0.0,prepost_ewc,adjusted,WELL-00003,29,0.7241
30,3.0,9,0.0,prepost_ewc,adjusted,WELL-00005,43,0.6744
30,3.0,9,0.0,prepost_ewc,adjusted,WELL-00006,46,0.913
30,3.0,9,0.0,prepost_ewc,adjusted,WELL-00008,0,
30,3.0,9,0.0,prepost_ewc,adjusted,WELL-00010,10,0.7
30,3.0,9,0.0,prepost_ewc,adjusted,WELL-00016,6,0.3333
30,3.0,9,0.0,prepost_ewc,adjusted,WELL-00019,5,0.2
30,3.0,9,0.0,prepost_ewc,adjusted,WELL-00033,9,0.5556
30,3.0,9,0.0,prepost_ewc,adjusted,WELL-00034,6,0.5
30,3.0,9,0.0,prepost_ewc,adjusted,WELL-00035,7,0.4286
30,3.0,9,0.0,prepost_ewc,adjusted,WELL-00037,3,0.3333
30,3.0,9,0.0,prepost_ewc,adjusted,WELL-00038,0,
30,3.0,9,0.0,prepost_ewc,adjusted,WELL-00039,3,0.0
30,3.0,9,0.0,prepost_ewc,adjusted,WELL-00041,13,0.6154
30,7.5,0,0.0,randomization,raw,WELL-00001,1672,0.0275
30,7.5,0,0.0,randomization,raw,WELL-00002,2356,0.0221
30,7.5,0,0.0,randomization,raw,WELL-00003,520,0.0212
30,7.5,0,0.0,randomization,raw,WELL-00005,380,0.0263
30,7.5,0,0.0,randomization,raw,WELL-00006,1720,0.032
30,7.5,0,0.0,randomization,raw,WELL-00008,228,0.0263
30,7.5,0,0.0,randomization,raw,WELL-00010,60,0.0
30,7.5,0,0.0,randomization,raw,WELL-00016,24,0.125
30,7.5,0,0.0,randomization,raw,WELL-00019,20,0.0
30,7.5,0,0.0,randomization,raw,WELL-00033,40,0.025
30,7.5,0,0.0,randomization,raw,WELL-00034,32,0.0625
30,7.5,0,0.0,randomization,raw,WELL-00035,32,0.0
30,7.5,0,0.0,randomization,raw,WELL-00037,12,0.0
30,7.5,0,0.0,randomization,raw,WELL-00038,32,0.0
30,7.5,0,0.0,randomization,raw,WELL-00039,24,0.0
30,7.5,0,0.0,randomization,raw,WELL-00041,180,0.0611
30,7.5,0,0.0,randomization,adjusted,WELL-00001,1672,0.0305
30,7.5,0,0.0,randomization,adjusted,WELL-00002,2356,0.0225
30,7.5,0,0.0,randomization,adjusted,WELL-00003,520,0.0327
30,7.5,0,0.0,randomization,adjusted,WELL-00005,380,0.0237
30,7.5,0,0.0,randomization,adjusted,WELL-00006,1716,0.0338
30,7.5,0,0.0,randomization,adjusted,WELL-00008,0,
30,7.5,0,0.0,randomization,adjusted,WELL-00010,60,0.0167
30,7.5,0,0.0,randomization,adjusted,WELL-00016,24,0.0833
30,7.5,0,0.0,randomization,adjusted,WELL-00019,20,0.1
30,7.5,0,0.0,randomization,adjusted,WELL-00033,40,0.05
30,7.5,0,0.0,randomization,adjusted,WELL-00034,32,0.0312
30,7.5,0,0.0,randomization,adjusted,WELL-00035,32,0.0625
30,7.5,0,0.0,randomization,adjusted,WELL-00037,12,0.0
30,7.5,0,0.0,randomization,adjusted,WELL-00038,32,0.0
30,7.5,0,0.0,randomization,adjusted,WELL-00039,24,0.0417
30,7.5,0,0.0,randomization,adjusted,WELL-00041,180,0.05
30,7.5,0,0.0,block_t,raw,WELL-00001,1672,0.0413
30,7.5,0,0.0,block_t,raw,WELL-00002,2356,0.0446
30,7.5,0,0.0,block_t,raw,WELL-00003,520,0.0308
30,7.5,0,0.0,block_t,raw,WELL-00005,380,0.0395
30,7.5,0,0.0,block_t,raw,WELL-00006,1720,0.0494
30,7.5,0,0.0,block_t,raw,WELL-00008,228,0.0482
30,7.5,0,0.0,block_t,raw,WELL-00010,60,0.0
30,7.5,0,0.0,block_t,raw,WELL-00016,24,0.2083
30,7.5,0,0.0,block_t,raw,WELL-00019,20,0.05
30,7.5,0,0.0,block_t,raw,WELL-00033,40,0.025
30,7.5,0,0.0,block_t,raw,WELL-00034,32,0.0625
30,7.5,0,0.0,block_t,raw,WELL-00035,32,0.0
30,7.5,0,0.0,block_t,raw,WELL-00037,12,0.0
30,7.5,0,0.0,block_t,raw,WELL-00038,32,0.0
30,7.5,0,0.0,block_t,raw,WELL-00039,24,0.0
30,7.5,0,0.0,block_t,raw,WELL-00041,180,0.0556
30,7.5,0,0.0,block_t,adjusted,WELL-00001,1672,0.1615
30,7.5,0,0.0,block_t,adjusted,WELL-00002,2356,0.098
30,7.5,0,0.0,block_t,adjusted,WELL-00003,520,0.0942
30,7.5,0,0.0,block_t,adjusted,WELL-00005,380,0.1237
30,7.5,0,0.0,block_t,adjusted,WELL-00006,1716,0.134
30,7.5,0,0.0,block_t,adjusted,WELL-00008,0,
30,7.5,0,0.0,block_t,adjusted,WELL-00010,60,0.0167
30,7.5,0,0.0,block_t,adjusted,WELL-00016,24,0.25
30,7.5,0,0.0,block_t,adjusted,WELL-00019,20,0.1
30,7.5,0,0.0,block_t,adjusted,WELL-00033,40,0.025
30,7.5,0,0.0,block_t,adjusted,WELL-00034,32,0.0312
30,7.5,0,0.0,block_t,adjusted,WELL-00035,32,0.0625
30,7.5,0,0.0,block_t,adjusted,WELL-00037,12,0.0
30,7.5,0,0.0,block_t,adjusted,WELL-00038,32,0.0
30,7.5,0,0.0,block_t,adjusted,WELL-00039,24,0.25
30,7.5,0,0.0,block_t,adjusted,WELL-00041,180,0.1389
30,7.5,0,0.0,hac,raw,WELL-00001,1672,0.1902
30,7.5,0,0.0,hac,raw,WELL-00002,2356,0.2126
30,7.5,0,0.0,hac,raw,WELL-00003,520,0.2173
30,7.5,0,0.0,hac,raw,WELL-00005,380,0.2763
30,7.5,0,0.0,hac,raw,WELL-00006,1720,0.1994
30,7.5,0,0.0,hac,raw,WELL-00008,228,0.1842
30,7.5,0,0.0,hac,raw,WELL-00010,60,0.1667
30,7.5,0,0.0,hac,raw,WELL-00016,24,0.5
30,7.5,0,0.0,hac,raw,WELL-00019,20,0.0
30,7.5,0,0.0,hac,raw,WELL-00033,40,0.4
30,7.5,0,0.0,hac,raw,WELL-00034,32,0.125
30,7.5,0,0.0,hac,raw,WELL-00035,32,0.0312
30,7.5,0,0.0,hac,raw,WELL-00037,12,0.1667
30,7.5,0,0.0,hac,raw,WELL-00038,32,0.1562
30,7.5,0,0.0,hac,raw,WELL-00039,24,0.25
30,7.5,0,0.0,hac,raw,WELL-00041,180,0.2167
30,7.5,0,0.0,hac,adjusted,WELL-00001,1672,0.2823
30,7.5,0,0.0,hac,adjusted,WELL-00002,2356,0.2644
30,7.5,0,0.0,hac,adjusted,WELL-00003,520,0.3038
30,7.5,0,0.0,hac,adjusted,WELL-00005,380,0.4158
30,7.5,0,0.0,hac,adjusted,WELL-00006,1716,0.2552
30,7.5,0,0.0,hac,adjusted,WELL-00008,0,
30,7.5,0,0.0,hac,adjusted,WELL-00010,60,0.25
30,7.5,0,0.0,hac,adjusted,WELL-00016,24,0.3333
30,7.5,0,0.0,hac,adjusted,WELL-00019,20,0.05
30,7.5,0,0.0,hac,adjusted,WELL-00033,40,0.425
30,7.5,0,0.0,hac,adjusted,WELL-00034,32,0.125
30,7.5,0,0.0,hac,adjusted,WELL-00035,32,0.0312
30,7.5,0,0.0,hac,adjusted,WELL-00037,12,0.1667
30,7.5,0,0.0,hac,adjusted,WELL-00038,32,0.0625
30,7.5,0,0.0,hac,adjusted,WELL-00039,24,0.2917
30,7.5,0,0.0,hac,adjusted,WELL-00041,180,0.1944
30,7.5,0,0.0,ewc,raw,WELL-00001,1672,0.1609
30,7.5,0,0.0,ewc,raw,WELL-00002,2356,0.2148
30,7.5,0,0.0,ewc,raw,WELL-00003,520,0.1462
30,7.5,0,0.0,ewc,raw,WELL-00005,380,0.1842
30,7.5,0,0.0,ewc,raw,WELL-00006,1720,0.1762
30,7.5,0,0.0,ewc,raw,WELL-00008,228,0.2237
30,7.5,0,0.0,ewc,raw,WELL-00010,60,0.1833
30,7.5,0,0.0,ewc,raw,WELL-00016,24,0.5
30,7.5,0,0.0,ewc,raw,WELL-00019,20,0.1
30,7.5,0,0.0,ewc,raw,WELL-00033,40,0.225
30,7.5,0,0.0,ewc,raw,WELL-00034,32,0.0625
30,7.5,0,0.0,ewc,raw,WELL-00035,32,0.0
30,7.5,0,0.0,ewc,raw,WELL-00037,12,0.1667
30,7.5,0,0.0,ewc,raw,WELL-00038,32,0.1562
30,7.5,0,0.0,ewc,raw,WELL-00039,24,0.1667
30,7.5,0,0.0,ewc,raw,WELL-00041,180,0.1333
30,7.5,0,0.0,ewc,adjusted,WELL-00001,1672,0.2344
30,7.5,0,0.0,ewc,adjusted,WELL-00002,2356,0.2169
30,7.5,0,0.0,ewc,adjusted,WELL-00003,520,0.1769
30,7.5,0,0.0,ewc,adjusted,WELL-00005,380,0.25
30,7.5,0,0.0,ewc,adjusted,WELL-00006,1716,0.2115
30,7.5,0,0.0,ewc,adjusted,WELL-00008,0,
30,7.5,0,0.0,ewc,adjusted,WELL-00010,60,0.1667
30,7.5,0,0.0,ewc,adjusted,WELL-00016,24,0.25
30,7.5,0,0.0,ewc,adjusted,WELL-00019,20,0.1
30,7.5,0,0.0,ewc,adjusted,WELL-00033,40,0.225
30,7.5,0,0.0,ewc,adjusted,WELL-00034,32,0.0938
30,7.5,0,0.0,ewc,adjusted,WELL-00035,32,0.0
30,7.5,0,0.0,ewc,adjusted,WELL-00037,12,0.1667
30,7.5,0,0.0,ewc,adjusted,WELL-00038,32,0.0625
30,7.5,0,0.0,ewc,adjusted,WELL-00039,24,0.25
30,7.5,0,0.0,ewc,adjusted,WELL-00041,180,0.1333
30,7.5,0,0.0,naive,raw,WELL-00001,1672,0.6238
30,7.5,0,0.0,naive,raw,WELL-00002,2356,0.7589
30,7.5,0,0.0,naive,raw,WELL-00003,520,0.5654
30,7.5,0,0.0,naive,raw,WELL-00005,380,0.5868
30,7.5,0,0.0,naive,raw,WELL-00006,1720,0.6233
30,7.5,0,0.0,naive,raw,WELL-00008,228,0.7061
30,7.5,0,0.0,naive,raw,WELL-00010,60,0.7167
30,7.5,0,0.0,naive,raw,WELL-00016,24,0.875
30,7.5,0,0.0,naive,raw,WELL-00019,20,0.15
30,7.5,0,0.0,naive,raw,WELL-00033,40,0.675
30,7.5,0,0.0,naive,raw,WELL-00034,32,0.6562
30,7.5,0,0.0,naive,raw,WELL-00035,32,0.3438
30,7.5,0,0.0,naive,raw,WELL-00037,12,0.75
30,7.5,0,0.0,naive,raw,WELL-00038,32,0.875
30,7.5,0,0.0,naive,raw,WELL-00039,24,0.625
30,7.5,0,0.0,naive,raw,WELL-00041,180,0.6833
30,7.5,0,0.0,naive,adjusted,WELL-00001,1672,0.6011
30,7.5,0,0.0,naive,adjusted,WELL-00002,2356,0.6914
30,7.5,0,0.0,naive,adjusted,WELL-00003,520,0.4827
30,7.5,0,0.0,naive,adjusted,WELL-00005,380,0.5737
30,7.5,0,0.0,naive,adjusted,WELL-00006,1716,0.5472
30,7.5,0,0.0,naive,adjusted,WELL-00008,0,
30,7.5,0,0.0,naive,adjusted,WELL-00010,60,0.6667
30,7.5,0,0.0,naive,adjusted,WELL-00016,24,0.7917
30,7.5,0,0.0,naive,adjusted,WELL-00019,20,0.2
30,7.5,0,0.0,naive,adjusted,WELL-00033,40,0.625
30,7.5,0,0.0,naive,adjusted,WELL-00034,32,0.5938
30,7.5,0,0.0,naive,adjusted,WELL-00035,32,0.3125
30,7.5,0,0.0,naive,adjusted,WELL-00037,12,0.5833
30,7.5,0,0.0,naive,adjusted,WELL-00038,32,0.6562
30,7.5,0,0.0,naive,adjusted,WELL-00039,24,0.4583
30,7.5,0,0.0,naive,adjusted,WELL-00041,180,0.5389
30,7.5,0,0.0,prepost_hac,raw,WELL-00001,399,0.5088
30,7.5,0,0.0,prepost_hac,raw,WELL-00002,580,0.7534
30,7.5,0,0.0,prepost_hac,raw,WELL-00003,130,0.6154
30,7.5,0,0.0,prepost_hac,raw,WELL-00005,95,0.6947
30,7.5,0,0.0,prepost_hac,raw,WELL-00006,396,0.6692
30,7.5,0,0.0,prepost_hac,raw,WELL-00008,56,0.8929
30,7.5,0,0.0,prepost_hac,raw,WELL-00010,15,0.4667
30,7.5,0,0.0,prepost_hac,raw,WELL-00016,6,0.8333
30,7.5,0,0.0,prepost_hac,raw,WELL-00019,5,0.0
30,7.5,0,0.0,prepost_hac,raw,WELL-00033,10,0.6
30,7.5,0,0.0,prepost_hac,raw,WELL-00034,8,0.375
30,7.5,0,0.0,prepost_hac,raw,WELL-00035,8,0.5
30,7.5,0,0.0,prepost_hac,raw,WELL-00037,3,0.3333
30,7.5,0,0.0,prepost_hac,raw,WELL-00038,8,0.875
30,7.5,0,0.0,prepost_hac,raw,WELL-00039,6,0.5
30,7.5,0,0.0,prepost_hac,raw,WELL-00041,45,0.4
30,7.5,0,0.0,prepost_hac,adjusted,WELL-00001,71,0.831
30,7.5,0,0.0,prepost_hac,adjusted,WELL-00002,102,0.7353
30,7.5,0,0.0,prepost_hac,adjusted,WELL-00003,32,0.8438
30,7.5,0,0.0,prepost_hac,adjusted,WELL-00005,43,0.6977
30,7.5,0,0.0,prepost_hac,adjusted,WELL-00006,46,0.8478
30,7.5,0,0.0,prepost_hac,adjusted,WELL-00008,0,
30,7.5,0,0.0,prepost_hac,adjusted,WELL-00010,10,0.8
30,7.5,0,0.0,prepost_hac,adjusted,WELL-00016,6,0.3333
30,7.5,0,0.0,prepost_hac,adjusted,WELL-00019,5,0.0
30,7.5,0,0.0,prepost_hac,adjusted,WELL-00033,9,0.6667
30,7.5,0,0.0,prepost_hac,adjusted,WELL-00034,6,0.6667
30,7.5,0,0.0,prepost_hac,adjusted,WELL-00035,7,0.5714
30,7.5,0,0.0,prepost_hac,adjusted,WELL-00037,3,0.3333
30,7.5,0,0.0,prepost_hac,adjusted,WELL-00038,0,
30,7.5,0,0.0,prepost_hac,adjusted,WELL-00039,3,0.0
30,7.5,0,0.0,prepost_hac,adjusted,WELL-00041,18,0.6111
30,7.5,0,0.0,prepost_ewc,raw,WELL-00001,399,0.4411
30,7.5,0,0.0,prepost_ewc,raw,WELL-00002,580,0.7759
30,7.5,0,0.0,prepost_ewc,raw,WELL-00003,130,0.5538
30,7.5,0,0.0,prepost_ewc,raw,WELL-00005,95,0.6632
30,7.5,0,0.0,prepost_ewc,raw,WELL-00006,396,0.6591
30,7.5,0,0.0,prepost_ewc,raw,WELL-00008,56,0.8929
30,7.5,0,0.0,prepost_ewc,raw,WELL-00010,15,0.4667
30,7.5,0,0.0,prepost_ewc,raw,WELL-00016,6,0.8333
30,7.5,0,0.0,prepost_ewc,raw,WELL-00019,5,0.0
30,7.5,0,0.0,prepost_ewc,raw,WELL-00033,10,0.7
30,7.5,0,0.0,prepost_ewc,raw,WELL-00034,8,0.375
30,7.5,0,0.0,prepost_ewc,raw,WELL-00035,8,0.375
30,7.5,0,0.0,prepost_ewc,raw,WELL-00037,3,0.3333
30,7.5,0,0.0,prepost_ewc,raw,WELL-00038,8,0.875
30,7.5,0,0.0,prepost_ewc,raw,WELL-00039,6,0.3333
30,7.5,0,0.0,prepost_ewc,raw,WELL-00041,45,0.3778
30,7.5,0,0.0,prepost_ewc,adjusted,WELL-00001,71,0.831
30,7.5,0,0.0,prepost_ewc,adjusted,WELL-00002,102,0.6667
30,7.5,0,0.0,prepost_ewc,adjusted,WELL-00003,32,0.75
30,7.5,0,0.0,prepost_ewc,adjusted,WELL-00005,43,0.6977
30,7.5,0,0.0,prepost_ewc,adjusted,WELL-00006,46,0.8478
30,7.5,0,0.0,prepost_ewc,adjusted,WELL-00008,0,
30,7.5,0,0.0,prepost_ewc,adjusted,WELL-00010,10,0.7
30,7.5,0,0.0,prepost_ewc,adjusted,WELL-00016,6,0.3333
30,7.5,0,0.0,prepost_ewc,adjusted,WELL-00019,5,0.0
30,7.5,0,0.0,prepost_ewc,adjusted,WELL-00033,9,0.6667
30,7.5,0,0.0,prepost_ewc,adjusted,WELL-00034,6,0.6667
30,7.5,0,0.0,prepost_ewc,adjusted,WELL-00035,7,0.4286
30,7.5,0,0.0,prepost_ewc,adjusted,WELL-00037,3,0.3333
30,7.5,0,0.0,prepost_ewc,adjusted,WELL-00038,0,
30,7.5,0,0.0,prepost_ewc,adjusted,WELL-00039,3,0.0
30,7.5,0,0.0,prepost_ewc,adjusted,WELL-00041,18,0.6111
30,7.5,23,0.0,randomization,raw,WELL-00001,1656,0.0284
30,7.5,23,0.0,randomization,raw,WELL-00002,2352,0.0255
30,7.5,23,0.0,randomization,raw,WELL-00003,520,0.0192
30,7.5,23,0.0,randomization,raw,WELL-00005,380,0.0316
30,7.5,23,0.0,randomization,raw,WELL-00006,1676,0.0304
30,7.5,23,0.0,randomization,raw,WELL-00008,220,0.0318
30,7.5,23,0.0,randomization,raw,WELL-00010,60,0.0167
30,7.5,23,0.0,randomization,raw,WELL-00016,24,0.0833
30,7.5,23,0.0,randomization,raw,WELL-00019,20,0.0
30,7.5,23,0.0,randomization,raw,WELL-00033,40,0.0
30,7.5,23,0.0,randomization,raw,WELL-00034,32,0.0938
30,7.5,23,0.0,randomization,raw,WELL-00035,32,0.0
30,7.5,23,0.0,randomization,raw,WELL-00037,12,0.0
30,7.5,23,0.0,randomization,raw,WELL-00038,32,0.0
30,7.5,23,0.0,randomization,raw,WELL-00039,24,0.0
30,7.5,23,0.0,randomization,raw,WELL-00041,180,0.0889
30,7.5,23,0.0,randomization,adjusted,WELL-00001,1656,0.029
30,7.5,23,0.0,randomization,adjusted,WELL-00002,2352,0.0238
30,7.5,23,0.0,randomization,adjusted,WELL-00003,520,0.0173
30,7.5,23,0.0,randomization,adjusted,WELL-00005,380,0.0342
30,7.5,23,0.0,randomization,adjusted,WELL-00006,1672,0.0389
30,7.5,23,0.0,randomization,adjusted,WELL-00008,0,
30,7.5,23,0.0,randomization,adjusted,WELL-00010,60,0.0
30,7.5,23,0.0,randomization,adjusted,WELL-00016,24,0.0
30,7.5,23,0.0,randomization,adjusted,WELL-00019,20,0.0
30,7.5,23,0.0,randomization,adjusted,WELL-00033,40,0.0
30,7.5,23,0.0,randomization,adjusted,WELL-00034,32,0.125
30,7.5,23,0.0,randomization,adjusted,WELL-00035,32,0.0
30,7.5,23,0.0,randomization,adjusted,WELL-00037,12,0.0
30,7.5,23,0.0,randomization,adjusted,WELL-00038,32,0.0
30,7.5,23,0.0,randomization,adjusted,WELL-00039,24,0.0417
30,7.5,23,0.0,randomization,adjusted,WELL-00041,180,0.0444
30,7.5,23,0.0,block_t,raw,WELL-00001,1656,0.0411
30,7.5,23,0.0,block_t,raw,WELL-00002,2352,0.0425
30,7.5,23,0.0,block_t,raw,WELL-00003,520,0.0404
30,7.5,23,0.0,block_t,raw,WELL-00005,380,0.0342
30,7.5,23,0.0,block_t,raw,WELL-00006,1676,0.043
30,7.5,23,0.0,block_t,raw,WELL-00008,220,0.0455
30,7.5,23,0.0,block_t,raw,WELL-00010,60,0.0
30,7.5,23,0.0,block_t,raw,WELL-00016,24,0.0833
30,7.5,23,0.0,block_t,raw,WELL-00019,20,0.0
30,7.5,23,0.0,block_t,raw,WELL-00033,40,0.0
30,7.5,23,0.0,block_t,raw,WELL-00034,32,0.0938
30,7.5,23,0.0,block_t,raw,WELL-00035,32,0.0312
30,7.5,23,0.0,block_t,raw,WELL-00037,12,0.0833
30,7.5,23,0.0,block_t,raw,WELL-00038,32,0.0
30,7.5,23,0.0,block_t,raw,WELL-00039,24,0.0
30,7.5,23,0.0,block_t,raw,WELL-00041,180,0.0833
30,7.5,23,0.0,block_t,adjusted,WELL-00001,1656,0.2421
30,7.5,23,0.0,block_t,adjusted,WELL-00002,2352,0.1424
30,7.5,23,0.0,block_t,adjusted,WELL-00003,520,0.1077
30,7.5,23,0.0,block_t,adjusted,WELL-00005,380,0.1342
30,7.5,23,0.0,block_t,adjusted,WELL-00006,1672,0.1764
30,7.5,23,0.0,block_t,adjusted,WELL-00008,0,
30,7.5,23,0.0,block_t,adjusted,WELL-00010,60,0.05
30,7.5,23,0.0,block_t,adjusted,WELL-00016,24,0.375
30,7.5,23,0.0,block_t,adjusted,WELL-00019,20,0.1
30,7.5,23,0.0,block_t,adjusted,WELL-00033,40,0.025
30,7.5,23,0.0,block_t,adjusted,WELL-00034,32,0.0938
30,7.5,23,0.0,block_t,adjusted,WELL-00035,32,0.0
30,7.5,23,0.0,block_t,adjusted,WELL-00037,12,0.0833
30,7.5,23,0.0,block_t,adjusted,WELL-00038,32,0.1562
30,7.5,23,0.0,block_t,adjusted,WELL-00039,24,0.0833
30,7.5,23,0.0,block_t,adjusted,WELL-00041,180,0.3056
30,7.5,23,0.0,hac,raw,WELL-00001,1656,0.195
30,7.5,23,0.0,hac,raw,WELL-00002,2352,0.2049
30,7.5,23,0.0,hac,raw,WELL-00003,520,0.1865
30,7.5,23,0.0,hac,raw,WELL-00005,380,0.1842
30,7.5,23,0.0,hac,raw,WELL-00006,1676,0.1951
30,7.5,23,0.0,hac,raw,WELL-00008,220,0.2136
30,7.5,23,0.0,hac,raw,WELL-00010,60,0.1667
30,7.5,23,0.0,hac,raw,WELL-00016,24,0.375
30,7.5,23,0.0,hac,raw,WELL-00019,20,0.15
30,7.5,23,0.0,hac,raw,WELL-00033,40,0.175
30,7.5,23,0.0,hac,raw,WELL-00034,32,0.0938
30,7.5,23,0.0,hac,raw,WELL-00035,32,0.0938
30,7.5,23,0.0,hac,raw,WELL-00037,12,0.1667
30,7.5,23,0.0,hac,raw,WELL-00038,32,0.0625
30,7.5,23,0.0,hac,raw,WELL-00039,24,0.2917
30,7.5,23,0.0,hac,raw,WELL-00041,180,0.2889
30,7.5,23,0.0,hac,adjusted,WELL-00001,1656,0.3351
30,7.5,23,0.0,hac,adjusted,WELL-00002,2352,0.3095
30,7.5,23,0.0,hac,adjusted,WELL-00003,520,0.2596
30,7.5,23,0.0,hac,adjusted,WELL-00005,380,0.3237
30,7.5,23,0.0,hac,adjusted,WELL-00006,1672,0.2865
30,7.5,23,0.0,hac,adjusted,WELL-00008,0,
30,7.5,23,0.0,hac,adjusted,WELL-00010,60,0.1833
30,7.5,23,0.0,hac,adjusted,WELL-00016,24,0.25
30,7.5,23,0.0,hac,adjusted,WELL-00019,20,0.1
30,7.5,23,0.0,hac,adjusted,WELL-00033,40,0.2
30,7.5,23,0.0,hac,adjusted,WELL-00034,32,0.125
30,7.5,23,0.0,hac,adjusted,WELL-00035,32,0.0938
30,7.5,23,0.0,hac,adjusted,WELL-00037,12,0.1667
30,7.5,23,0.0,hac,adjusted,WELL-00038,32,0.25
30,7.5,23,0.0,hac,adjusted,WELL-00039,24,0.2083
30,7.5,23,0.0,hac,adjusted,WELL-00041,180,0.3722
30,7.5,23,0.0,ewc,raw,WELL-00001,1656,0.0634
30,7.5,23,0.0,ewc,raw,WELL-00002,2352,0.0553
30,7.5,23,0.0,ewc,raw,WELL-00003,520,0.0519
30,7.5,23,0.0,ewc,raw,WELL-00005,380,0.0711
30,7.5,23,0.0,ewc,raw,WELL-00006,1676,0.0579
30,7.5,23,0.0,ewc,raw,WELL-00008,220,0.05
30,7.5,23,0.0,ewc,raw,WELL-00010,60,0.0333
30,7.5,23,0.0,ewc,raw,WELL-00016,24,0.2083
30,7.5,23,0.0,ewc,raw,WELL-00019,20,0.05
30,7.5,23,0.0,ewc,raw,WELL-00033,40,0.05
30,7.5,23,0.0,ewc,raw,WELL-00034,32,0.125
30,7.5,23,0.0,ewc,raw,WELL-00035,32,0.0312
30,7.5,23,0.0,ewc,raw,WELL-00037,12,0.0
30,7.5,23,0.0,ewc,raw,WELL-00038,32,0.0625
30,7.5,23,0.0,ewc,raw,WELL-00039,24,0.0417
30,7.5,23,0.0,ewc,raw,WELL-00041,180,0.1167
30,7.5,23,0.0,ewc,adjusted,WELL-00001,1656,0.2252
30,7.5,23,0.0,ewc,adjusted,WELL-00002,2352,0.1735
30,7.5,23,0.0,ewc,adjusted,WELL-00003,520,0.1288
30,7.5,23,0.0,ewc,adjusted,WELL-00005,380,0.1579
30,7.5,23,0.0,ewc,adjusted,WELL-00006,1672,0.1597
30,7.5,23,0.0,ewc,adjusted,WELL-00008,0,
30,7.5,23,0.0,ewc,adjusted,WELL-00010,60,0.0833
30,7.5,23,0.0,ewc,adjusted,WELL-00016,24,0.125
30,7.5,23,0.0,ewc,adjusted,WELL-00019,20,0.15
30,7.5,23,0.0,ewc,adjusted,WELL-00033,40,0.125
30,7.5,23,0.0,ewc,adjusted,WELL-00034,32,0.125
30,7.5,23,0.0,ewc,adjusted,WELL-00035,32,0.0312
30,7.5,23,0.0,ewc,adjusted,WELL-00037,12,0.0833
30,7.5,23,0.0,ewc,adjusted,WELL-00038,32,0.0625
30,7.5,23,0.0,ewc,adjusted,WELL-00039,24,0.1667
30,7.5,23,0.0,ewc,adjusted,WELL-00041,180,0.25
30,7.5,23,0.0,naive,raw,WELL-00001,1656,0.4734
30,7.5,23,0.0,naive,raw,WELL-00002,2352,0.5425
30,7.5,23,0.0,naive,raw,WELL-00003,520,0.3365
30,7.5,23,0.0,naive,raw,WELL-00005,380,0.3658
30,7.5,23,0.0,naive,raw,WELL-00006,1676,0.4457
30,7.5,23,0.0,naive,raw,WELL-00008,220,0.5045
30,7.5,23,0.0,naive,raw,WELL-00010,60,0.5
30,7.5,23,0.0,naive,raw,WELL-00016,24,0.8333
30,7.5,23,0.0,naive,raw,WELL-00019,20,0.2
30,7.5,23,0.0,naive,raw,WELL-00033,40,0.45
30,7.5,23,0.0,naive,raw,WELL-00034,32,0.4375
30,7.5,23,0.0,naive,raw,WELL-00035,32,0.25
30,7.5,23,0.0,naive,raw,WELL-00037,12,0.4167
30,7.5,23,0.0,naive,raw,WELL-00038,32,0.6875
30,7.5,23,0.0,naive,raw,WELL-00039,24,0.4167
30,7.5,23,0.0,naive,raw,WELL-00041,180,0.5111
30,7.5,23,0.0,naive,adjusted,WELL-00001,1656,0.471
30,7.5,23,0.0,naive,adjusted,WELL-00002,2352,0.557
30,7.5,23,0.0,naive,adjusted,WELL-00003,520,0.3327
30,7.5,23,0.0,naive,adjusted,WELL-00005,380,0.3763
30,7.5,23,0.0,naive,adjusted,WELL-00006,1672,0.4408
30,7.5,23,0.0,naive,adjusted,WELL-00008,0,
30,7.5,23,0.0,naive,adjusted,WELL-00010,60,0.55
30,7.5,23,0.0,naive,adjusted,WELL-00016,24,0.375
30,7.5,23,0.0,naive,adjusted,WELL-00019,20,0.2
30,7.5,23,0.0,naive,adjusted,WELL-00033,40,0.475
30,7.5,23,0.0,naive,adjusted,WELL-00034,32,0.4688
30,7.5,23,0.0,naive,adjusted,WELL-00035,32,0.2188
30,7.5,23,0.0,naive,adjusted,WELL-00037,12,0.4167
30,7.5,23,0.0,naive,adjusted,WELL-00038,32,0.4688
30,7.5,23,0.0,naive,adjusted,WELL-00039,24,0.25
30,7.5,23,0.0,naive,adjusted,WELL-00041,180,0.4222
30,7.5,23,0.0,prepost_hac,raw,WELL-00001,389,0.4961
30,7.5,23,0.0,prepost_hac,raw,WELL-00002,566,0.7809
30,7.5,23,0.0,prepost_hac,raw,WELL-00003,130,0.6
30,7.5,23,0.0,prepost_hac,raw,WELL-00005,94,0.7128
30,7.5,23,0.0,prepost_hac,raw,WELL-00006,390,0.6897
30,7.5,23,0.0,prepost_hac,raw,WELL-00008,56,0.8929
30,7.5,23,0.0,prepost_hac,raw,WELL-00010,15,0.4667
30,7.5,23,0.0,prepost_hac,raw,WELL-00016,6,0.8333
30,7.5,23,0.0,prepost_hac,raw,WELL-00019,5,0.2
30,7.5,23,0.0,prepost_hac,raw,WELL-00033,10,0.6
30,7.5,23,0.0,prepost_hac,raw,WELL-00034,8,0.5
30,7.5,23,0.0,prepost_hac,raw,WELL-00035,8,0.5
30,7.5,23,0.0,prepost_hac,raw,WELL-00037,3,0.3333
30,7.5,23,0.0,prepost_hac,raw,WELL-00038,8,0.875
30,7.5,23,0.0,prepost_hac,raw,WELL-00039,6,0.6667
30,7.5,23,0.0,prepost_hac,raw,WELL-00041,45,0.5111
30,7.5,23,0.0,prepost_hac,adjusted,WELL-00001,60,0.7833
30,7.5,23,0.0,prepost_hac,adjusted,WELL-00002,57,0.7018
30,7.5,23,0.0,prepost_hac,adjusted,WELL-00003,27,0.7407
30,7.5,23,0.0,prepost_hac,adjusted,WELL-00005,41,0.6829
30,7.5,23,0.0,prepost_hac,adjusted,WELL-00006,41,0.9024
30,7.5,23,0.0,prepost_hac,adjusted,WELL-00008,0,
30,7.5,23,0.0,prepost_hac,adjusted,WELL-00010,10,0.6
30,7.5,23,0.0,prepost_hac,adjusted,WELL-00016,0,
30,7.5,23,0.0,prepost_hac,adjusted,WELL-00019,5,0.4
30,7.5,23,0.0,prepost_hac,adjusted,WELL-00033,9,0.6667
30,7.5,23,0.0,prepost_hac,adjusted,WELL-00034,5,0.6
30,7.5,23,0.0,prepost_hac,adjusted,WELL-00035,7,0.7143
30,7.5,23,0.0,prepost_hac,adjusted,WELL-00037,3,0.3333
30,7.5,23,0.0,prepost_hac,adjusted,WELL-00038,0,
30,7.5,23,0.0,prepost_hac,adjusted,WELL-00039,1,0.0
30,7.5,23,0.0,prepost_hac,adjusted,WELL-00041,13,0.6154
30,7.5,23,0.0,prepost_ewc,raw,WELL-00001,389,0.4499
30,7.5,23,0.0,prepost_ewc,raw,WELL-00002,566,0.7915
30,7.5,23,0.0,prepost_ewc,raw,WELL-00003,130,0.5308
30,7.5,23,0.0,prepost_ewc,raw,WELL-00005,94,0.6064
30,7.5,23,0.0,prepost_ewc,raw,WELL-00006,390,0.659
30,7.5,23,0.0,prepost_ewc,raw,WELL-00008,56,0.8929
30,7.5,23,0.0,prepost_ewc,raw,WELL-00010,15,0.4
30,7.5,23,0.0,prepost_ewc,raw,WELL-00016,6,0.6667
30,7.5,23,0.0,prepost_ewc,raw,WELL-00019,5,0.0
30,7.5,23,0.0,prepost_ewc,raw,WELL-00033,10,0.6
30,7.5,23,0.0,prepost_ewc,raw,WELL-00034,8,0.5
30,7.5,23,0.0,prepost_ewc,raw,WELL-00035,8,0.25
30,7.5,23,0.0,prepost_ewc,raw,WELL-00037,3,0.3333
30,7.5,23,0.0,prepost_ewc,raw,WELL-00038,8,0.875
30,7.5,23,0.0,prepost_ewc,raw,WELL-00039,6,0.6667
30,7.5,23,0.0,prepost_ewc,raw,WELL-00041,45,0.4444
30,7.5,23,0.0,prepost_ewc,adjusted,WELL-00001,60,0.7833
30,7.5,23,0.0,prepost_ewc,adjusted,WELL-00002,57,0.6842
30,7.5,23,0.0,prepost_ewc,adjusted,WELL-00003,27,0.7037
30,7.5,23,0.0,prepost_ewc,adjusted,WELL-00005,41,0.6585
30,7.5,23,0.0,prepost_ewc,adjusted,WELL-00006,41,0.9512
30,7.5,23,0.0,prepost_ewc,adjusted,WELL-00008,0,
30,7.5,23,0.0,prepost_ewc,adjusted,WELL-00010,10,0.6
30,7.5,23,0.0,prepost_ewc,adjusted,WELL-00016,0,
30,7.5,23,0.0,prepost_ewc,adjusted,WELL-00019,5,0.4
30,7.5,23,0.0,prepost_ewc,adjusted,WELL-00033,9,0.5556
30,7.5,23,0.0,prepost_ewc,adjusted,WELL-00034,5,0.6
30,7.5,23,0.0,prepost_ewc,adjusted,WELL-00035,7,0.4286
30,7.5,23,0.0,prepost_ewc,adjusted,WELL-00037,3,0.3333
30,7.5,23,0.0,prepost_ewc,adjusted,WELL-00038,0,
30,7.5,23,0.0,prepost_ewc,adjusted,WELL-00039,1,1.0
30,7.5,23,0.0,prepost_ewc,adjusted,WELL-00041,13,0.6154
60,0.0,0,0.0,randomization,raw,WELL-00001,0,
60,0.0,0,0.0,randomization,raw,WELL-00002,0,
60,0.0,0,0.0,randomization,raw,WELL-00003,0,
60,0.0,0,0.0,randomization,raw,WELL-00005,0,
60,0.0,0,0.0,randomization,raw,WELL-00006,0,
60,0.0,0,0.0,randomization,raw,WELL-00008,0,
60,0.0,0,0.0,randomization,raw,WELL-00010,0,
60,0.0,0,0.0,randomization,raw,WELL-00016,0,
60,0.0,0,0.0,randomization,raw,WELL-00019,0,
60,0.0,0,0.0,randomization,raw,WELL-00033,0,
60,0.0,0,0.0,randomization,raw,WELL-00034,0,
60,0.0,0,0.0,randomization,raw,WELL-00035,0,
60,0.0,0,0.0,randomization,raw,WELL-00037,0,
60,0.0,0,0.0,randomization,raw,WELL-00038,0,
60,0.0,0,0.0,randomization,raw,WELL-00039,0,
60,0.0,0,0.0,randomization,raw,WELL-00041,0,
60,0.0,0,0.0,randomization,adjusted,WELL-00001,0,
60,0.0,0,0.0,randomization,adjusted,WELL-00002,0,
60,0.0,0,0.0,randomization,adjusted,WELL-00003,0,
60,0.0,0,0.0,randomization,adjusted,WELL-00005,0,
60,0.0,0,0.0,randomization,adjusted,WELL-00006,0,
60,0.0,0,0.0,randomization,adjusted,WELL-00008,0,
60,0.0,0,0.0,randomization,adjusted,WELL-00010,0,
60,0.0,0,0.0,randomization,adjusted,WELL-00016,0,
60,0.0,0,0.0,randomization,adjusted,WELL-00019,0,
60,0.0,0,0.0,randomization,adjusted,WELL-00033,0,
60,0.0,0,0.0,randomization,adjusted,WELL-00034,0,
60,0.0,0,0.0,randomization,adjusted,WELL-00035,0,
60,0.0,0,0.0,randomization,adjusted,WELL-00037,0,
60,0.0,0,0.0,randomization,adjusted,WELL-00038,0,
60,0.0,0,0.0,randomization,adjusted,WELL-00039,0,
60,0.0,0,0.0,randomization,adjusted,WELL-00041,0,
60,0.0,0,0.0,block_t,raw,WELL-00001,0,
60,0.0,0,0.0,block_t,raw,WELL-00002,0,
60,0.0,0,0.0,block_t,raw,WELL-00003,0,
60,0.0,0,0.0,block_t,raw,WELL-00005,0,
60,0.0,0,0.0,block_t,raw,WELL-00006,0,
60,0.0,0,0.0,block_t,raw,WELL-00008,0,
60,0.0,0,0.0,block_t,raw,WELL-00010,0,
60,0.0,0,0.0,block_t,raw,WELL-00016,0,
60,0.0,0,0.0,block_t,raw,WELL-00019,0,
60,0.0,0,0.0,block_t,raw,WELL-00033,0,
60,0.0,0,0.0,block_t,raw,WELL-00034,0,
60,0.0,0,0.0,block_t,raw,WELL-00035,0,
60,0.0,0,0.0,block_t,raw,WELL-00037,0,
60,0.0,0,0.0,block_t,raw,WELL-00038,0,
60,0.0,0,0.0,block_t,raw,WELL-00039,0,
60,0.0,0,0.0,block_t,raw,WELL-00041,0,
60,0.0,0,0.0,block_t,adjusted,WELL-00001,0,
60,0.0,0,0.0,block_t,adjusted,WELL-00002,0,
60,0.0,0,0.0,block_t,adjusted,WELL-00003,0,
60,0.0,0,0.0,block_t,adjusted,WELL-00005,0,
60,0.0,0,0.0,block_t,adjusted,WELL-00006,0,
60,0.0,0,0.0,block_t,adjusted,WELL-00008,0,
60,0.0,0,0.0,block_t,adjusted,WELL-00010,0,
60,0.0,0,0.0,block_t,adjusted,WELL-00016,0,
60,0.0,0,0.0,block_t,adjusted,WELL-00019,0,
60,0.0,0,0.0,block_t,adjusted,WELL-00033,0,
60,0.0,0,0.0,block_t,adjusted,WELL-00034,0,
60,0.0,0,0.0,block_t,adjusted,WELL-00035,0,
60,0.0,0,0.0,block_t,adjusted,WELL-00037,0,
60,0.0,0,0.0,block_t,adjusted,WELL-00038,0,
60,0.0,0,0.0,block_t,adjusted,WELL-00039,0,
60,0.0,0,0.0,block_t,adjusted,WELL-00041,0,
60,0.0,0,0.0,hac,raw,WELL-00001,0,
60,0.0,0,0.0,hac,raw,WELL-00002,0,
60,0.0,0,0.0,hac,raw,WELL-00003,0,
60,0.0,0,0.0,hac,raw,WELL-00005,0,
60,0.0,0,0.0,hac,raw,WELL-00006,0,
60,0.0,0,0.0,hac,raw,WELL-00008,0,
60,0.0,0,0.0,hac,raw,WELL-00010,0,
60,0.0,0,0.0,hac,raw,WELL-00016,0,
60,0.0,0,0.0,hac,raw,WELL-00019,0,
60,0.0,0,0.0,hac,raw,WELL-00033,0,
60,0.0,0,0.0,hac,raw,WELL-00034,0,
60,0.0,0,0.0,hac,raw,WELL-00035,0,
60,0.0,0,0.0,hac,raw,WELL-00037,0,
60,0.0,0,0.0,hac,raw,WELL-00038,0,
60,0.0,0,0.0,hac,raw,WELL-00039,0,
60,0.0,0,0.0,hac,raw,WELL-00041,0,
60,0.0,0,0.0,hac,adjusted,WELL-00001,0,
60,0.0,0,0.0,hac,adjusted,WELL-00002,0,
60,0.0,0,0.0,hac,adjusted,WELL-00003,0,
60,0.0,0,0.0,hac,adjusted,WELL-00005,0,
60,0.0,0,0.0,hac,adjusted,WELL-00006,0,
60,0.0,0,0.0,hac,adjusted,WELL-00008,0,
60,0.0,0,0.0,hac,adjusted,WELL-00010,0,
60,0.0,0,0.0,hac,adjusted,WELL-00016,0,
60,0.0,0,0.0,hac,adjusted,WELL-00019,0,
60,0.0,0,0.0,hac,adjusted,WELL-00033,0,
60,0.0,0,0.0,hac,adjusted,WELL-00034,0,
60,0.0,0,0.0,hac,adjusted,WELL-00035,0,
60,0.0,0,0.0,hac,adjusted,WELL-00037,0,
60,0.0,0,0.0,hac,adjusted,WELL-00038,0,
60,0.0,0,0.0,hac,adjusted,WELL-00039,0,
60,0.0,0,0.0,hac,adjusted,WELL-00041,0,
60,0.0,0,0.0,ewc,raw,WELL-00001,0,
60,0.0,0,0.0,ewc,raw,WELL-00002,0,
60,0.0,0,0.0,ewc,raw,WELL-00003,0,
60,0.0,0,0.0,ewc,raw,WELL-00005,0,
60,0.0,0,0.0,ewc,raw,WELL-00006,0,
60,0.0,0,0.0,ewc,raw,WELL-00008,0,
60,0.0,0,0.0,ewc,raw,WELL-00010,0,
60,0.0,0,0.0,ewc,raw,WELL-00016,0,
60,0.0,0,0.0,ewc,raw,WELL-00019,0,
60,0.0,0,0.0,ewc,raw,WELL-00033,0,
60,0.0,0,0.0,ewc,raw,WELL-00034,0,
60,0.0,0,0.0,ewc,raw,WELL-00035,0,
60,0.0,0,0.0,ewc,raw,WELL-00037,0,
60,0.0,0,0.0,ewc,raw,WELL-00038,0,
60,0.0,0,0.0,ewc,raw,WELL-00039,0,
60,0.0,0,0.0,ewc,raw,WELL-00041,0,
60,0.0,0,0.0,ewc,adjusted,WELL-00001,0,
60,0.0,0,0.0,ewc,adjusted,WELL-00002,0,
60,0.0,0,0.0,ewc,adjusted,WELL-00003,0,
60,0.0,0,0.0,ewc,adjusted,WELL-00005,0,
60,0.0,0,0.0,ewc,adjusted,WELL-00006,0,
60,0.0,0,0.0,ewc,adjusted,WELL-00008,0,
60,0.0,0,0.0,ewc,adjusted,WELL-00010,0,
60,0.0,0,0.0,ewc,adjusted,WELL-00016,0,
60,0.0,0,0.0,ewc,adjusted,WELL-00019,0,
60,0.0,0,0.0,ewc,adjusted,WELL-00033,0,
60,0.0,0,0.0,ewc,adjusted,WELL-00034,0,
60,0.0,0,0.0,ewc,adjusted,WELL-00035,0,
60,0.0,0,0.0,ewc,adjusted,WELL-00037,0,
60,0.0,0,0.0,ewc,adjusted,WELL-00038,0,
60,0.0,0,0.0,ewc,adjusted,WELL-00039,0,
60,0.0,0,0.0,ewc,adjusted,WELL-00041,0,
60,0.0,0,0.0,naive,raw,WELL-00001,0,
60,0.0,0,0.0,naive,raw,WELL-00002,0,
60,0.0,0,0.0,naive,raw,WELL-00003,0,
60,0.0,0,0.0,naive,raw,WELL-00005,0,
60,0.0,0,0.0,naive,raw,WELL-00006,0,
60,0.0,0,0.0,naive,raw,WELL-00008,0,
60,0.0,0,0.0,naive,raw,WELL-00010,0,
60,0.0,0,0.0,naive,raw,WELL-00016,0,
60,0.0,0,0.0,naive,raw,WELL-00019,0,
60,0.0,0,0.0,naive,raw,WELL-00033,0,
60,0.0,0,0.0,naive,raw,WELL-00034,0,
60,0.0,0,0.0,naive,raw,WELL-00035,0,
60,0.0,0,0.0,naive,raw,WELL-00037,0,
60,0.0,0,0.0,naive,raw,WELL-00038,0,
60,0.0,0,0.0,naive,raw,WELL-00039,0,
60,0.0,0,0.0,naive,raw,WELL-00041,0,
60,0.0,0,0.0,naive,adjusted,WELL-00001,0,
60,0.0,0,0.0,naive,adjusted,WELL-00002,0,
60,0.0,0,0.0,naive,adjusted,WELL-00003,0,
60,0.0,0,0.0,naive,adjusted,WELL-00005,0,
60,0.0,0,0.0,naive,adjusted,WELL-00006,0,
60,0.0,0,0.0,naive,adjusted,WELL-00008,0,
60,0.0,0,0.0,naive,adjusted,WELL-00010,0,
60,0.0,0,0.0,naive,adjusted,WELL-00016,0,
60,0.0,0,0.0,naive,adjusted,WELL-00019,0,
60,0.0,0,0.0,naive,adjusted,WELL-00033,0,
60,0.0,0,0.0,naive,adjusted,WELL-00034,0,
60,0.0,0,0.0,naive,adjusted,WELL-00035,0,
60,0.0,0,0.0,naive,adjusted,WELL-00037,0,
60,0.0,0,0.0,naive,adjusted,WELL-00038,0,
60,0.0,0,0.0,naive,adjusted,WELL-00039,0,
60,0.0,0,0.0,naive,adjusted,WELL-00041,0,
60,0.0,0,0.0,prepost_hac,raw,WELL-00001,0,
60,0.0,0,0.0,prepost_hac,raw,WELL-00002,0,
60,0.0,0,0.0,prepost_hac,raw,WELL-00003,0,
60,0.0,0,0.0,prepost_hac,raw,WELL-00005,0,
60,0.0,0,0.0,prepost_hac,raw,WELL-00006,0,
60,0.0,0,0.0,prepost_hac,raw,WELL-00008,0,
60,0.0,0,0.0,prepost_hac,raw,WELL-00010,0,
60,0.0,0,0.0,prepost_hac,raw,WELL-00016,0,
60,0.0,0,0.0,prepost_hac,raw,WELL-00019,0,
60,0.0,0,0.0,prepost_hac,raw,WELL-00033,0,
60,0.0,0,0.0,prepost_hac,raw,WELL-00034,0,
60,0.0,0,0.0,prepost_hac,raw,WELL-00035,0,
60,0.0,0,0.0,prepost_hac,raw,WELL-00037,0,
60,0.0,0,0.0,prepost_hac,raw,WELL-00038,0,
60,0.0,0,0.0,prepost_hac,raw,WELL-00039,0,
60,0.0,0,0.0,prepost_hac,raw,WELL-00041,0,
60,0.0,0,0.0,prepost_hac,adjusted,WELL-00001,0,
60,0.0,0,0.0,prepost_hac,adjusted,WELL-00002,0,
60,0.0,0,0.0,prepost_hac,adjusted,WELL-00003,0,
60,0.0,0,0.0,prepost_hac,adjusted,WELL-00005,0,
60,0.0,0,0.0,prepost_hac,adjusted,WELL-00006,0,
60,0.0,0,0.0,prepost_hac,adjusted,WELL-00008,0,
60,0.0,0,0.0,prepost_hac,adjusted,WELL-00010,0,
60,0.0,0,0.0,prepost_hac,adjusted,WELL-00016,0,
60,0.0,0,0.0,prepost_hac,adjusted,WELL-00019,0,
60,0.0,0,0.0,prepost_hac,adjusted,WELL-00033,0,
60,0.0,0,0.0,prepost_hac,adjusted,WELL-00034,0,
60,0.0,0,0.0,prepost_hac,adjusted,WELL-00035,0,
60,0.0,0,0.0,prepost_hac,adjusted,WELL-00037,0,
60,0.0,0,0.0,prepost_hac,adjusted,WELL-00038,0,
60,0.0,0,0.0,prepost_hac,adjusted,WELL-00039,0,
60,0.0,0,0.0,prepost_hac,adjusted,WELL-00041,0,
60,0.0,0,0.0,prepost_ewc,raw,WELL-00001,0,
60,0.0,0,0.0,prepost_ewc,raw,WELL-00002,0,
60,0.0,0,0.0,prepost_ewc,raw,WELL-00003,0,
60,0.0,0,0.0,prepost_ewc,raw,WELL-00005,0,
60,0.0,0,0.0,prepost_ewc,raw,WELL-00006,0,
60,0.0,0,0.0,prepost_ewc,raw,WELL-00008,0,
60,0.0,0,0.0,prepost_ewc,raw,WELL-00010,0,
60,0.0,0,0.0,prepost_ewc,raw,WELL-00016,0,
60,0.0,0,0.0,prepost_ewc,raw,WELL-00019,0,
60,0.0,0,0.0,prepost_ewc,raw,WELL-00033,0,
60,0.0,0,0.0,prepost_ewc,raw,WELL-00034,0,
60,0.0,0,0.0,prepost_ewc,raw,WELL-00035,0,
60,0.0,0,0.0,prepost_ewc,raw,WELL-00037,0,
60,0.0,0,0.0,prepost_ewc,raw,WELL-00038,0,
60,0.0,0,0.0,prepost_ewc,raw,WELL-00039,0,
60,0.0,0,0.0,prepost_ewc,raw,WELL-00041,0,
60,0.0,0,0.0,prepost_ewc,adjusted,WELL-00001,0,
60,0.0,0,0.0,prepost_ewc,adjusted,WELL-00002,0,
60,0.0,0,0.0,prepost_ewc,adjusted,WELL-00003,0,
60,0.0,0,0.0,prepost_ewc,adjusted,WELL-00005,0,
60,0.0,0,0.0,prepost_ewc,adjusted,WELL-00006,0,
60,0.0,0,0.0,prepost_ewc,adjusted,WELL-00008,0,
60,0.0,0,0.0,prepost_ewc,adjusted,WELL-00010,0,
60,0.0,0,0.0,prepost_ewc,adjusted,WELL-00016,0,
60,0.0,0,0.0,prepost_ewc,adjusted,WELL-00019,0,
60,0.0,0,0.0,prepost_ewc,adjusted,WELL-00033,0,
60,0.0,0,0.0,prepost_ewc,adjusted,WELL-00034,0,
60,0.0,0,0.0,prepost_ewc,adjusted,WELL-00035,0,
60,0.0,0,0.0,prepost_ewc,adjusted,WELL-00037,0,
60,0.0,0,0.0,prepost_ewc,adjusted,WELL-00038,0,
60,0.0,0,0.0,prepost_ewc,adjusted,WELL-00039,0,
60,0.0,0,0.0,prepost_ewc,adjusted,WELL-00041,0,
60,6.0,0,0.0,randomization,raw,WELL-00001,0,
60,6.0,0,0.0,randomization,raw,WELL-00002,0,
60,6.0,0,0.0,randomization,raw,WELL-00003,0,
60,6.0,0,0.0,randomization,raw,WELL-00005,0,
60,6.0,0,0.0,randomization,raw,WELL-00006,0,
60,6.0,0,0.0,randomization,raw,WELL-00008,0,
60,6.0,0,0.0,randomization,raw,WELL-00010,0,
60,6.0,0,0.0,randomization,raw,WELL-00016,0,
60,6.0,0,0.0,randomization,raw,WELL-00019,0,
60,6.0,0,0.0,randomization,raw,WELL-00033,0,
60,6.0,0,0.0,randomization,raw,WELL-00034,0,
60,6.0,0,0.0,randomization,raw,WELL-00035,0,
60,6.0,0,0.0,randomization,raw,WELL-00037,0,
60,6.0,0,0.0,randomization,raw,WELL-00038,0,
60,6.0,0,0.0,randomization,raw,WELL-00039,0,
60,6.0,0,0.0,randomization,raw,WELL-00041,0,
60,6.0,0,0.0,randomization,adjusted,WELL-00001,0,
60,6.0,0,0.0,randomization,adjusted,WELL-00002,0,
60,6.0,0,0.0,randomization,adjusted,WELL-00003,0,
60,6.0,0,0.0,randomization,adjusted,WELL-00005,0,
60,6.0,0,0.0,randomization,adjusted,WELL-00006,0,
60,6.0,0,0.0,randomization,adjusted,WELL-00008,0,
60,6.0,0,0.0,randomization,adjusted,WELL-00010,0,
60,6.0,0,0.0,randomization,adjusted,WELL-00016,0,
60,6.0,0,0.0,randomization,adjusted,WELL-00019,0,
60,6.0,0,0.0,randomization,adjusted,WELL-00033,0,
60,6.0,0,0.0,randomization,adjusted,WELL-00034,0,
60,6.0,0,0.0,randomization,adjusted,WELL-00035,0,
60,6.0,0,0.0,randomization,adjusted,WELL-00037,0,
60,6.0,0,0.0,randomization,adjusted,WELL-00038,0,
60,6.0,0,0.0,randomization,adjusted,WELL-00039,0,
60,6.0,0,0.0,randomization,adjusted,WELL-00041,0,
60,6.0,0,0.0,block_t,raw,WELL-00001,0,
60,6.0,0,0.0,block_t,raw,WELL-00002,0,
60,6.0,0,0.0,block_t,raw,WELL-00003,0,
60,6.0,0,0.0,block_t,raw,WELL-00005,0,
60,6.0,0,0.0,block_t,raw,WELL-00006,0,
60,6.0,0,0.0,block_t,raw,WELL-00008,0,
60,6.0,0,0.0,block_t,raw,WELL-00010,0,
60,6.0,0,0.0,block_t,raw,WELL-00016,0,
60,6.0,0,0.0,block_t,raw,WELL-00019,0,
60,6.0,0,0.0,block_t,raw,WELL-00033,0,
60,6.0,0,0.0,block_t,raw,WELL-00034,0,
60,6.0,0,0.0,block_t,raw,WELL-00035,0,
60,6.0,0,0.0,block_t,raw,WELL-00037,0,
60,6.0,0,0.0,block_t,raw,WELL-00038,0,
60,6.0,0,0.0,block_t,raw,WELL-00039,0,
60,6.0,0,0.0,block_t,raw,WELL-00041,0,
60,6.0,0,0.0,block_t,adjusted,WELL-00001,0,
60,6.0,0,0.0,block_t,adjusted,WELL-00002,0,
60,6.0,0,0.0,block_t,adjusted,WELL-00003,0,
60,6.0,0,0.0,block_t,adjusted,WELL-00005,0,
60,6.0,0,0.0,block_t,adjusted,WELL-00006,0,
60,6.0,0,0.0,block_t,adjusted,WELL-00008,0,
60,6.0,0,0.0,block_t,adjusted,WELL-00010,0,
60,6.0,0,0.0,block_t,adjusted,WELL-00016,0,
60,6.0,0,0.0,block_t,adjusted,WELL-00019,0,
60,6.0,0,0.0,block_t,adjusted,WELL-00033,0,
60,6.0,0,0.0,block_t,adjusted,WELL-00034,0,
60,6.0,0,0.0,block_t,adjusted,WELL-00035,0,
60,6.0,0,0.0,block_t,adjusted,WELL-00037,0,
60,6.0,0,0.0,block_t,adjusted,WELL-00038,0,
60,6.0,0,0.0,block_t,adjusted,WELL-00039,0,
60,6.0,0,0.0,block_t,adjusted,WELL-00041,0,
60,6.0,0,0.0,hac,raw,WELL-00001,0,
60,6.0,0,0.0,hac,raw,WELL-00002,0,
60,6.0,0,0.0,hac,raw,WELL-00003,0,
60,6.0,0,0.0,hac,raw,WELL-00005,0,
60,6.0,0,0.0,hac,raw,WELL-00006,0,
60,6.0,0,0.0,hac,raw,WELL-00008,0,
60,6.0,0,0.0,hac,raw,WELL-00010,0,
60,6.0,0,0.0,hac,raw,WELL-00016,0,
60,6.0,0,0.0,hac,raw,WELL-00019,0,
60,6.0,0,0.0,hac,raw,WELL-00033,0,
60,6.0,0,0.0,hac,raw,WELL-00034,0,
60,6.0,0,0.0,hac,raw,WELL-00035,0,
60,6.0,0,0.0,hac,raw,WELL-00037,0,
60,6.0,0,0.0,hac,raw,WELL-00038,0,
60,6.0,0,0.0,hac,raw,WELL-00039,0,
60,6.0,0,0.0,hac,raw,WELL-00041,0,
60,6.0,0,0.0,hac,adjusted,WELL-00001,0,
60,6.0,0,0.0,hac,adjusted,WELL-00002,0,
60,6.0,0,0.0,hac,adjusted,WELL-00003,0,
60,6.0,0,0.0,hac,adjusted,WELL-00005,0,
60,6.0,0,0.0,hac,adjusted,WELL-00006,0,
60,6.0,0,0.0,hac,adjusted,WELL-00008,0,
60,6.0,0,0.0,hac,adjusted,WELL-00010,0,
60,6.0,0,0.0,hac,adjusted,WELL-00016,0,
60,6.0,0,0.0,hac,adjusted,WELL-00019,0,
60,6.0,0,0.0,hac,adjusted,WELL-00033,0,
60,6.0,0,0.0,hac,adjusted,WELL-00034,0,
60,6.0,0,0.0,hac,adjusted,WELL-00035,0,
60,6.0,0,0.0,hac,adjusted,WELL-00037,0,
60,6.0,0,0.0,hac,adjusted,WELL-00038,0,
60,6.0,0,0.0,hac,adjusted,WELL-00039,0,
60,6.0,0,0.0,hac,adjusted,WELL-00041,0,
60,6.0,0,0.0,ewc,raw,WELL-00001,0,
60,6.0,0,0.0,ewc,raw,WELL-00002,0,
60,6.0,0,0.0,ewc,raw,WELL-00003,0,
60,6.0,0,0.0,ewc,raw,WELL-00005,0,
60,6.0,0,0.0,ewc,raw,WELL-00006,0,
60,6.0,0,0.0,ewc,raw,WELL-00008,0,
60,6.0,0,0.0,ewc,raw,WELL-00010,0,
60,6.0,0,0.0,ewc,raw,WELL-00016,0,
60,6.0,0,0.0,ewc,raw,WELL-00019,0,
60,6.0,0,0.0,ewc,raw,WELL-00033,0,
60,6.0,0,0.0,ewc,raw,WELL-00034,0,
60,6.0,0,0.0,ewc,raw,WELL-00035,0,
60,6.0,0,0.0,ewc,raw,WELL-00037,0,
60,6.0,0,0.0,ewc,raw,WELL-00038,0,
60,6.0,0,0.0,ewc,raw,WELL-00039,0,
60,6.0,0,0.0,ewc,raw,WELL-00041,0,
60,6.0,0,0.0,ewc,adjusted,WELL-00001,0,
60,6.0,0,0.0,ewc,adjusted,WELL-00002,0,
60,6.0,0,0.0,ewc,adjusted,WELL-00003,0,
60,6.0,0,0.0,ewc,adjusted,WELL-00005,0,
60,6.0,0,0.0,ewc,adjusted,WELL-00006,0,
60,6.0,0,0.0,ewc,adjusted,WELL-00008,0,
60,6.0,0,0.0,ewc,adjusted,WELL-00010,0,
60,6.0,0,0.0,ewc,adjusted,WELL-00016,0,
60,6.0,0,0.0,ewc,adjusted,WELL-00019,0,
60,6.0,0,0.0,ewc,adjusted,WELL-00033,0,
60,6.0,0,0.0,ewc,adjusted,WELL-00034,0,
60,6.0,0,0.0,ewc,adjusted,WELL-00035,0,
60,6.0,0,0.0,ewc,adjusted,WELL-00037,0,
60,6.0,0,0.0,ewc,adjusted,WELL-00038,0,
60,6.0,0,0.0,ewc,adjusted,WELL-00039,0,
60,6.0,0,0.0,ewc,adjusted,WELL-00041,0,
60,6.0,0,0.0,naive,raw,WELL-00001,0,
60,6.0,0,0.0,naive,raw,WELL-00002,0,
60,6.0,0,0.0,naive,raw,WELL-00003,0,
60,6.0,0,0.0,naive,raw,WELL-00005,0,
60,6.0,0,0.0,naive,raw,WELL-00006,0,
60,6.0,0,0.0,naive,raw,WELL-00008,0,
60,6.0,0,0.0,naive,raw,WELL-00010,0,
60,6.0,0,0.0,naive,raw,WELL-00016,0,
60,6.0,0,0.0,naive,raw,WELL-00019,0,
60,6.0,0,0.0,naive,raw,WELL-00033,0,
60,6.0,0,0.0,naive,raw,WELL-00034,0,
60,6.0,0,0.0,naive,raw,WELL-00035,0,
60,6.0,0,0.0,naive,raw,WELL-00037,0,
60,6.0,0,0.0,naive,raw,WELL-00038,0,
60,6.0,0,0.0,naive,raw,WELL-00039,0,
60,6.0,0,0.0,naive,raw,WELL-00041,0,
60,6.0,0,0.0,naive,adjusted,WELL-00001,0,
60,6.0,0,0.0,naive,adjusted,WELL-00002,0,
60,6.0,0,0.0,naive,adjusted,WELL-00003,0,
60,6.0,0,0.0,naive,adjusted,WELL-00005,0,
60,6.0,0,0.0,naive,adjusted,WELL-00006,0,
60,6.0,0,0.0,naive,adjusted,WELL-00008,0,
60,6.0,0,0.0,naive,adjusted,WELL-00010,0,
60,6.0,0,0.0,naive,adjusted,WELL-00016,0,
60,6.0,0,0.0,naive,adjusted,WELL-00019,0,
60,6.0,0,0.0,naive,adjusted,WELL-00033,0,
60,6.0,0,0.0,naive,adjusted,WELL-00034,0,
60,6.0,0,0.0,naive,adjusted,WELL-00035,0,
60,6.0,0,0.0,naive,adjusted,WELL-00037,0,
60,6.0,0,0.0,naive,adjusted,WELL-00038,0,
60,6.0,0,0.0,naive,adjusted,WELL-00039,0,
60,6.0,0,0.0,naive,adjusted,WELL-00041,0,
60,6.0,0,0.0,prepost_hac,raw,WELL-00001,0,
60,6.0,0,0.0,prepost_hac,raw,WELL-00002,0,
60,6.0,0,0.0,prepost_hac,raw,WELL-00003,0,
60,6.0,0,0.0,prepost_hac,raw,WELL-00005,0,
60,6.0,0,0.0,prepost_hac,raw,WELL-00006,0,
60,6.0,0,0.0,prepost_hac,raw,WELL-00008,0,
60,6.0,0,0.0,prepost_hac,raw,WELL-00010,0,
60,6.0,0,0.0,prepost_hac,raw,WELL-00016,0,
60,6.0,0,0.0,prepost_hac,raw,WELL-00019,0,
60,6.0,0,0.0,prepost_hac,raw,WELL-00033,0,
60,6.0,0,0.0,prepost_hac,raw,WELL-00034,0,
60,6.0,0,0.0,prepost_hac,raw,WELL-00035,0,
60,6.0,0,0.0,prepost_hac,raw,WELL-00037,0,
60,6.0,0,0.0,prepost_hac,raw,WELL-00038,0,
60,6.0,0,0.0,prepost_hac,raw,WELL-00039,0,
60,6.0,0,0.0,prepost_hac,raw,WELL-00041,0,
60,6.0,0,0.0,prepost_hac,adjusted,WELL-00001,0,
60,6.0,0,0.0,prepost_hac,adjusted,WELL-00002,0,
60,6.0,0,0.0,prepost_hac,adjusted,WELL-00003,0,
60,6.0,0,0.0,prepost_hac,adjusted,WELL-00005,0,
60,6.0,0,0.0,prepost_hac,adjusted,WELL-00006,0,
60,6.0,0,0.0,prepost_hac,adjusted,WELL-00008,0,
60,6.0,0,0.0,prepost_hac,adjusted,WELL-00010,0,
60,6.0,0,0.0,prepost_hac,adjusted,WELL-00016,0,
60,6.0,0,0.0,prepost_hac,adjusted,WELL-00019,0,
60,6.0,0,0.0,prepost_hac,adjusted,WELL-00033,0,
60,6.0,0,0.0,prepost_hac,adjusted,WELL-00034,0,
60,6.0,0,0.0,prepost_hac,adjusted,WELL-00035,0,
60,6.0,0,0.0,prepost_hac,adjusted,WELL-00037,0,
60,6.0,0,0.0,prepost_hac,adjusted,WELL-00038,0,
60,6.0,0,0.0,prepost_hac,adjusted,WELL-00039,0,
60,6.0,0,0.0,prepost_hac,adjusted,WELL-00041,0,
60,6.0,0,0.0,prepost_ewc,raw,WELL-00001,0,
60,6.0,0,0.0,prepost_ewc,raw,WELL-00002,0,
60,6.0,0,0.0,prepost_ewc,raw,WELL-00003,0,
60,6.0,0,0.0,prepost_ewc,raw,WELL-00005,0,
60,6.0,0,0.0,prepost_ewc,raw,WELL-00006,0,
60,6.0,0,0.0,prepost_ewc,raw,WELL-00008,0,
60,6.0,0,0.0,prepost_ewc,raw,WELL-00010,0,
60,6.0,0,0.0,prepost_ewc,raw,WELL-00016,0,
60,6.0,0,0.0,prepost_ewc,raw,WELL-00019,0,
60,6.0,0,0.0,prepost_ewc,raw,WELL-00033,0,
60,6.0,0,0.0,prepost_ewc,raw,WELL-00034,0,
60,6.0,0,0.0,prepost_ewc,raw,WELL-00035,0,
60,6.0,0,0.0,prepost_ewc,raw,WELL-00037,0,
60,6.0,0,0.0,prepost_ewc,raw,WELL-00038,0,
60,6.0,0,0.0,prepost_ewc,raw,WELL-00039,0,
60,6.0,0,0.0,prepost_ewc,raw,WELL-00041,0,
60,6.0,0,0.0,prepost_ewc,adjusted,WELL-00001,0,
60,6.0,0,0.0,prepost_ewc,adjusted,WELL-00002,0,
60,6.0,0,0.0,prepost_ewc,adjusted,WELL-00003,0,
60,6.0,0,0.0,prepost_ewc,adjusted,WELL-00005,0,
60,6.0,0,0.0,prepost_ewc,adjusted,WELL-00006,0,
60,6.0,0,0.0,prepost_ewc,adjusted,WELL-00008,0,
60,6.0,0,0.0,prepost_ewc,adjusted,WELL-00010,0,
60,6.0,0,0.0,prepost_ewc,adjusted,WELL-00016,0,
60,6.0,0,0.0,prepost_ewc,adjusted,WELL-00019,0,
60,6.0,0,0.0,prepost_ewc,adjusted,WELL-00033,0,
60,6.0,0,0.0,prepost_ewc,adjusted,WELL-00034,0,
60,6.0,0,0.0,prepost_ewc,adjusted,WELL-00035,0,
60,6.0,0,0.0,prepost_ewc,adjusted,WELL-00037,0,
60,6.0,0,0.0,prepost_ewc,adjusted,WELL-00038,0,
60,6.0,0,0.0,prepost_ewc,adjusted,WELL-00039,0,
60,6.0,0,0.0,prepost_ewc,adjusted,WELL-00041,0,
60,6.0,18,0.0,randomization,raw,WELL-00001,0,
60,6.0,18,0.0,randomization,raw,WELL-00002,0,
60,6.0,18,0.0,randomization,raw,WELL-00003,0,
60,6.0,18,0.0,randomization,raw,WELL-00005,0,
60,6.0,18,0.0,randomization,raw,WELL-00006,0,
60,6.0,18,0.0,randomization,raw,WELL-00008,0,
60,6.0,18,0.0,randomization,raw,WELL-00010,0,
60,6.0,18,0.0,randomization,raw,WELL-00016,0,
60,6.0,18,0.0,randomization,raw,WELL-00019,0,
60,6.0,18,0.0,randomization,raw,WELL-00033,0,
60,6.0,18,0.0,randomization,raw,WELL-00034,0,
60,6.0,18,0.0,randomization,raw,WELL-00035,0,
60,6.0,18,0.0,randomization,raw,WELL-00037,0,
60,6.0,18,0.0,randomization,raw,WELL-00038,0,
60,6.0,18,0.0,randomization,raw,WELL-00039,0,
60,6.0,18,0.0,randomization,raw,WELL-00041,0,
60,6.0,18,0.0,randomization,adjusted,WELL-00001,0,
60,6.0,18,0.0,randomization,adjusted,WELL-00002,0,
60,6.0,18,0.0,randomization,adjusted,WELL-00003,0,
60,6.0,18,0.0,randomization,adjusted,WELL-00005,0,
60,6.0,18,0.0,randomization,adjusted,WELL-00006,0,
60,6.0,18,0.0,randomization,adjusted,WELL-00008,0,
60,6.0,18,0.0,randomization,adjusted,WELL-00010,0,
60,6.0,18,0.0,randomization,adjusted,WELL-00016,0,
60,6.0,18,0.0,randomization,adjusted,WELL-00019,0,
60,6.0,18,0.0,randomization,adjusted,WELL-00033,0,
60,6.0,18,0.0,randomization,adjusted,WELL-00034,0,
60,6.0,18,0.0,randomization,adjusted,WELL-00035,0,
60,6.0,18,0.0,randomization,adjusted,WELL-00037,0,
60,6.0,18,0.0,randomization,adjusted,WELL-00038,0,
60,6.0,18,0.0,randomization,adjusted,WELL-00039,0,
60,6.0,18,0.0,randomization,adjusted,WELL-00041,0,
60,6.0,18,0.0,block_t,raw,WELL-00001,0,
60,6.0,18,0.0,block_t,raw,WELL-00002,0,
60,6.0,18,0.0,block_t,raw,WELL-00003,0,
60,6.0,18,0.0,block_t,raw,WELL-00005,0,
60,6.0,18,0.0,block_t,raw,WELL-00006,0,
60,6.0,18,0.0,block_t,raw,WELL-00008,0,
60,6.0,18,0.0,block_t,raw,WELL-00010,0,
60,6.0,18,0.0,block_t,raw,WELL-00016,0,
60,6.0,18,0.0,block_t,raw,WELL-00019,0,
60,6.0,18,0.0,block_t,raw,WELL-00033,0,
60,6.0,18,0.0,block_t,raw,WELL-00034,0,
60,6.0,18,0.0,block_t,raw,WELL-00035,0,
60,6.0,18,0.0,block_t,raw,WELL-00037,0,
60,6.0,18,0.0,block_t,raw,WELL-00038,0,
60,6.0,18,0.0,block_t,raw,WELL-00039,0,
60,6.0,18,0.0,block_t,raw,WELL-00041,0,
60,6.0,18,0.0,block_t,adjusted,WELL-00001,0,
60,6.0,18,0.0,block_t,adjusted,WELL-00002,0,
60,6.0,18,0.0,block_t,adjusted,WELL-00003,0,
60,6.0,18,0.0,block_t,adjusted,WELL-00005,0,
60,6.0,18,0.0,block_t,adjusted,WELL-00006,0,
60,6.0,18,0.0,block_t,adjusted,WELL-00008,0,
60,6.0,18,0.0,block_t,adjusted,WELL-00010,0,
60,6.0,18,0.0,block_t,adjusted,WELL-00016,0,
60,6.0,18,0.0,block_t,adjusted,WELL-00019,0,
60,6.0,18,0.0,block_t,adjusted,WELL-00033,0,
60,6.0,18,0.0,block_t,adjusted,WELL-00034,0,
60,6.0,18,0.0,block_t,adjusted,WELL-00035,0,
60,6.0,18,0.0,block_t,adjusted,WELL-00037,0,
60,6.0,18,0.0,block_t,adjusted,WELL-00038,0,
60,6.0,18,0.0,block_t,adjusted,WELL-00039,0,
60,6.0,18,0.0,block_t,adjusted,WELL-00041,0,
60,6.0,18,0.0,hac,raw,WELL-00001,0,
60,6.0,18,0.0,hac,raw,WELL-00002,0,
60,6.0,18,0.0,hac,raw,WELL-00003,0,
60,6.0,18,0.0,hac,raw,WELL-00005,0,
60,6.0,18,0.0,hac,raw,WELL-00006,0,
60,6.0,18,0.0,hac,raw,WELL-00008,0,
60,6.0,18,0.0,hac,raw,WELL-00010,0,
60,6.0,18,0.0,hac,raw,WELL-00016,0,
60,6.0,18,0.0,hac,raw,WELL-00019,0,
60,6.0,18,0.0,hac,raw,WELL-00033,0,
60,6.0,18,0.0,hac,raw,WELL-00034,0,
60,6.0,18,0.0,hac,raw,WELL-00035,0,
60,6.0,18,0.0,hac,raw,WELL-00037,0,
60,6.0,18,0.0,hac,raw,WELL-00038,0,
60,6.0,18,0.0,hac,raw,WELL-00039,0,
60,6.0,18,0.0,hac,raw,WELL-00041,0,
60,6.0,18,0.0,hac,adjusted,WELL-00001,0,
60,6.0,18,0.0,hac,adjusted,WELL-00002,0,
60,6.0,18,0.0,hac,adjusted,WELL-00003,0,
60,6.0,18,0.0,hac,adjusted,WELL-00005,0,
60,6.0,18,0.0,hac,adjusted,WELL-00006,0,
60,6.0,18,0.0,hac,adjusted,WELL-00008,0,
60,6.0,18,0.0,hac,adjusted,WELL-00010,0,
60,6.0,18,0.0,hac,adjusted,WELL-00016,0,
60,6.0,18,0.0,hac,adjusted,WELL-00019,0,
60,6.0,18,0.0,hac,adjusted,WELL-00033,0,
60,6.0,18,0.0,hac,adjusted,WELL-00034,0,
60,6.0,18,0.0,hac,adjusted,WELL-00035,0,
60,6.0,18,0.0,hac,adjusted,WELL-00037,0,
60,6.0,18,0.0,hac,adjusted,WELL-00038,0,
60,6.0,18,0.0,hac,adjusted,WELL-00039,0,
60,6.0,18,0.0,hac,adjusted,WELL-00041,0,
60,6.0,18,0.0,ewc,raw,WELL-00001,0,
60,6.0,18,0.0,ewc,raw,WELL-00002,0,
60,6.0,18,0.0,ewc,raw,WELL-00003,0,
60,6.0,18,0.0,ewc,raw,WELL-00005,0,
60,6.0,18,0.0,ewc,raw,WELL-00006,0,
60,6.0,18,0.0,ewc,raw,WELL-00008,0,
60,6.0,18,0.0,ewc,raw,WELL-00010,0,
60,6.0,18,0.0,ewc,raw,WELL-00016,0,
60,6.0,18,0.0,ewc,raw,WELL-00019,0,
60,6.0,18,0.0,ewc,raw,WELL-00033,0,
60,6.0,18,0.0,ewc,raw,WELL-00034,0,
60,6.0,18,0.0,ewc,raw,WELL-00035,0,
60,6.0,18,0.0,ewc,raw,WELL-00037,0,
60,6.0,18,0.0,ewc,raw,WELL-00038,0,
60,6.0,18,0.0,ewc,raw,WELL-00039,0,
60,6.0,18,0.0,ewc,raw,WELL-00041,0,
60,6.0,18,0.0,ewc,adjusted,WELL-00001,0,
60,6.0,18,0.0,ewc,adjusted,WELL-00002,0,
60,6.0,18,0.0,ewc,adjusted,WELL-00003,0,
60,6.0,18,0.0,ewc,adjusted,WELL-00005,0,
60,6.0,18,0.0,ewc,adjusted,WELL-00006,0,
60,6.0,18,0.0,ewc,adjusted,WELL-00008,0,
60,6.0,18,0.0,ewc,adjusted,WELL-00010,0,
60,6.0,18,0.0,ewc,adjusted,WELL-00016,0,
60,6.0,18,0.0,ewc,adjusted,WELL-00019,0,
60,6.0,18,0.0,ewc,adjusted,WELL-00033,0,
60,6.0,18,0.0,ewc,adjusted,WELL-00034,0,
60,6.0,18,0.0,ewc,adjusted,WELL-00035,0,
60,6.0,18,0.0,ewc,adjusted,WELL-00037,0,
60,6.0,18,0.0,ewc,adjusted,WELL-00038,0,
60,6.0,18,0.0,ewc,adjusted,WELL-00039,0,
60,6.0,18,0.0,ewc,adjusted,WELL-00041,0,
60,6.0,18,0.0,naive,raw,WELL-00001,0,
60,6.0,18,0.0,naive,raw,WELL-00002,0,
60,6.0,18,0.0,naive,raw,WELL-00003,0,
60,6.0,18,0.0,naive,raw,WELL-00005,0,
60,6.0,18,0.0,naive,raw,WELL-00006,0,
60,6.0,18,0.0,naive,raw,WELL-00008,0,
60,6.0,18,0.0,naive,raw,WELL-00010,0,
60,6.0,18,0.0,naive,raw,WELL-00016,0,
60,6.0,18,0.0,naive,raw,WELL-00019,0,
60,6.0,18,0.0,naive,raw,WELL-00033,0,
60,6.0,18,0.0,naive,raw,WELL-00034,0,
60,6.0,18,0.0,naive,raw,WELL-00035,0,
60,6.0,18,0.0,naive,raw,WELL-00037,0,
60,6.0,18,0.0,naive,raw,WELL-00038,0,
60,6.0,18,0.0,naive,raw,WELL-00039,0,
60,6.0,18,0.0,naive,raw,WELL-00041,0,
60,6.0,18,0.0,naive,adjusted,WELL-00001,0,
60,6.0,18,0.0,naive,adjusted,WELL-00002,0,
60,6.0,18,0.0,naive,adjusted,WELL-00003,0,
60,6.0,18,0.0,naive,adjusted,WELL-00005,0,
60,6.0,18,0.0,naive,adjusted,WELL-00006,0,
60,6.0,18,0.0,naive,adjusted,WELL-00008,0,
60,6.0,18,0.0,naive,adjusted,WELL-00010,0,
60,6.0,18,0.0,naive,adjusted,WELL-00016,0,
60,6.0,18,0.0,naive,adjusted,WELL-00019,0,
60,6.0,18,0.0,naive,adjusted,WELL-00033,0,
60,6.0,18,0.0,naive,adjusted,WELL-00034,0,
60,6.0,18,0.0,naive,adjusted,WELL-00035,0,
60,6.0,18,0.0,naive,adjusted,WELL-00037,0,
60,6.0,18,0.0,naive,adjusted,WELL-00038,0,
60,6.0,18,0.0,naive,adjusted,WELL-00039,0,
60,6.0,18,0.0,naive,adjusted,WELL-00041,0,
60,6.0,18,0.0,prepost_hac,raw,WELL-00001,0,
60,6.0,18,0.0,prepost_hac,raw,WELL-00002,0,
60,6.0,18,0.0,prepost_hac,raw,WELL-00003,0,
60,6.0,18,0.0,prepost_hac,raw,WELL-00005,0,
60,6.0,18,0.0,prepost_hac,raw,WELL-00006,0,
60,6.0,18,0.0,prepost_hac,raw,WELL-00008,0,
60,6.0,18,0.0,prepost_hac,raw,WELL-00010,0,
60,6.0,18,0.0,prepost_hac,raw,WELL-00016,0,
60,6.0,18,0.0,prepost_hac,raw,WELL-00019,0,
60,6.0,18,0.0,prepost_hac,raw,WELL-00033,0,
60,6.0,18,0.0,prepost_hac,raw,WELL-00034,0,
60,6.0,18,0.0,prepost_hac,raw,WELL-00035,0,
60,6.0,18,0.0,prepost_hac,raw,WELL-00037,0,
60,6.0,18,0.0,prepost_hac,raw,WELL-00038,0,
60,6.0,18,0.0,prepost_hac,raw,WELL-00039,0,
60,6.0,18,0.0,prepost_hac,raw,WELL-00041,0,
60,6.0,18,0.0,prepost_hac,adjusted,WELL-00001,0,
60,6.0,18,0.0,prepost_hac,adjusted,WELL-00002,0,
60,6.0,18,0.0,prepost_hac,adjusted,WELL-00003,0,
60,6.0,18,0.0,prepost_hac,adjusted,WELL-00005,0,
60,6.0,18,0.0,prepost_hac,adjusted,WELL-00006,0,
60,6.0,18,0.0,prepost_hac,adjusted,WELL-00008,0,
60,6.0,18,0.0,prepost_hac,adjusted,WELL-00010,0,
60,6.0,18,0.0,prepost_hac,adjusted,WELL-00016,0,
60,6.0,18,0.0,prepost_hac,adjusted,WELL-00019,0,
60,6.0,18,0.0,prepost_hac,adjusted,WELL-00033,0,
60,6.0,18,0.0,prepost_hac,adjusted,WELL-00034,0,
60,6.0,18,0.0,prepost_hac,adjusted,WELL-00035,0,
60,6.0,18,0.0,prepost_hac,adjusted,WELL-00037,0,
60,6.0,18,0.0,prepost_hac,adjusted,WELL-00038,0,
60,6.0,18,0.0,prepost_hac,adjusted,WELL-00039,0,
60,6.0,18,0.0,prepost_hac,adjusted,WELL-00041,0,
60,6.0,18,0.0,prepost_ewc,raw,WELL-00001,0,
60,6.0,18,0.0,prepost_ewc,raw,WELL-00002,0,
60,6.0,18,0.0,prepost_ewc,raw,WELL-00003,0,
60,6.0,18,0.0,prepost_ewc,raw,WELL-00005,0,
60,6.0,18,0.0,prepost_ewc,raw,WELL-00006,0,
60,6.0,18,0.0,prepost_ewc,raw,WELL-00008,0,
60,6.0,18,0.0,prepost_ewc,raw,WELL-00010,0,
60,6.0,18,0.0,prepost_ewc,raw,WELL-00016,0,
60,6.0,18,0.0,prepost_ewc,raw,WELL-00019,0,
60,6.0,18,0.0,prepost_ewc,raw,WELL-00033,0,
60,6.0,18,0.0,prepost_ewc,raw,WELL-00034,0,
60,6.0,18,0.0,prepost_ewc,raw,WELL-00035,0,
60,6.0,18,0.0,prepost_ewc,raw,WELL-00037,0,
60,6.0,18,0.0,prepost_ewc,raw,WELL-00038,0,
60,6.0,18,0.0,prepost_ewc,raw,WELL-00039,0,
60,6.0,18,0.0,prepost_ewc,raw,WELL-00041,0,
60,6.0,18,0.0,prepost_ewc,adjusted,WELL-00001,0,
60,6.0,18,0.0,prepost_ewc,adjusted,WELL-00002,0,
60,6.0,18,0.0,prepost_ewc,adjusted,WELL-00003,0,
60,6.0,18,0.0,prepost_ewc,adjusted,WELL-00005,0,
60,6.0,18,0.0,prepost_ewc,adjusted,WELL-00006,0,
60,6.0,18,0.0,prepost_ewc,adjusted,WELL-00008,0,
60,6.0,18,0.0,prepost_ewc,adjusted,WELL-00010,0,
60,6.0,18,0.0,prepost_ewc,adjusted,WELL-00016,0,
60,6.0,18,0.0,prepost_ewc,adjusted,WELL-00019,0,
60,6.0,18,0.0,prepost_ewc,adjusted,WELL-00033,0,
60,6.0,18,0.0,prepost_ewc,adjusted,WELL-00034,0,
60,6.0,18,0.0,prepost_ewc,adjusted,WELL-00035,0,
60,6.0,18,0.0,prepost_ewc,adjusted,WELL-00037,0,
60,6.0,18,0.0,prepost_ewc,adjusted,WELL-00038,0,
60,6.0,18,0.0,prepost_ewc,adjusted,WELL-00039,0,
60,6.0,18,0.0,prepost_ewc,adjusted,WELL-00041,0,
60,15.0,0,0.0,randomization,raw,WELL-00001,0,
60,15.0,0,0.0,randomization,raw,WELL-00002,0,
60,15.0,0,0.0,randomization,raw,WELL-00003,0,
60,15.0,0,0.0,randomization,raw,WELL-00005,0,
60,15.0,0,0.0,randomization,raw,WELL-00006,0,
60,15.0,0,0.0,randomization,raw,WELL-00008,0,
60,15.0,0,0.0,randomization,raw,WELL-00010,0,
60,15.0,0,0.0,randomization,raw,WELL-00016,0,
60,15.0,0,0.0,randomization,raw,WELL-00019,0,
60,15.0,0,0.0,randomization,raw,WELL-00033,0,
60,15.0,0,0.0,randomization,raw,WELL-00034,0,
60,15.0,0,0.0,randomization,raw,WELL-00035,0,
60,15.0,0,0.0,randomization,raw,WELL-00037,0,
60,15.0,0,0.0,randomization,raw,WELL-00038,0,
60,15.0,0,0.0,randomization,raw,WELL-00039,0,
60,15.0,0,0.0,randomization,raw,WELL-00041,0,
60,15.0,0,0.0,randomization,adjusted,WELL-00001,0,
60,15.0,0,0.0,randomization,adjusted,WELL-00002,0,
60,15.0,0,0.0,randomization,adjusted,WELL-00003,0,
60,15.0,0,0.0,randomization,adjusted,WELL-00005,0,
60,15.0,0,0.0,randomization,adjusted,WELL-00006,0,
60,15.0,0,0.0,randomization,adjusted,WELL-00008,0,
60,15.0,0,0.0,randomization,adjusted,WELL-00010,0,
60,15.0,0,0.0,randomization,adjusted,WELL-00016,0,
60,15.0,0,0.0,randomization,adjusted,WELL-00019,0,
60,15.0,0,0.0,randomization,adjusted,WELL-00033,0,
60,15.0,0,0.0,randomization,adjusted,WELL-00034,0,
60,15.0,0,0.0,randomization,adjusted,WELL-00035,0,
60,15.0,0,0.0,randomization,adjusted,WELL-00037,0,
60,15.0,0,0.0,randomization,adjusted,WELL-00038,0,
60,15.0,0,0.0,randomization,adjusted,WELL-00039,0,
60,15.0,0,0.0,randomization,adjusted,WELL-00041,0,
60,15.0,0,0.0,block_t,raw,WELL-00001,0,
60,15.0,0,0.0,block_t,raw,WELL-00002,0,
60,15.0,0,0.0,block_t,raw,WELL-00003,0,
60,15.0,0,0.0,block_t,raw,WELL-00005,0,
60,15.0,0,0.0,block_t,raw,WELL-00006,0,
60,15.0,0,0.0,block_t,raw,WELL-00008,0,
60,15.0,0,0.0,block_t,raw,WELL-00010,0,
60,15.0,0,0.0,block_t,raw,WELL-00016,0,
60,15.0,0,0.0,block_t,raw,WELL-00019,0,
60,15.0,0,0.0,block_t,raw,WELL-00033,0,
60,15.0,0,0.0,block_t,raw,WELL-00034,0,
60,15.0,0,0.0,block_t,raw,WELL-00035,0,
60,15.0,0,0.0,block_t,raw,WELL-00037,0,
60,15.0,0,0.0,block_t,raw,WELL-00038,0,
60,15.0,0,0.0,block_t,raw,WELL-00039,0,
60,15.0,0,0.0,block_t,raw,WELL-00041,0,
60,15.0,0,0.0,block_t,adjusted,WELL-00001,0,
60,15.0,0,0.0,block_t,adjusted,WELL-00002,0,
60,15.0,0,0.0,block_t,adjusted,WELL-00003,0,
60,15.0,0,0.0,block_t,adjusted,WELL-00005,0,
60,15.0,0,0.0,block_t,adjusted,WELL-00006,0,
60,15.0,0,0.0,block_t,adjusted,WELL-00008,0,
60,15.0,0,0.0,block_t,adjusted,WELL-00010,0,
60,15.0,0,0.0,block_t,adjusted,WELL-00016,0,
60,15.0,0,0.0,block_t,adjusted,WELL-00019,0,
60,15.0,0,0.0,block_t,adjusted,WELL-00033,0,
60,15.0,0,0.0,block_t,adjusted,WELL-00034,0,
60,15.0,0,0.0,block_t,adjusted,WELL-00035,0,
60,15.0,0,0.0,block_t,adjusted,WELL-00037,0,
60,15.0,0,0.0,block_t,adjusted,WELL-00038,0,
60,15.0,0,0.0,block_t,adjusted,WELL-00039,0,
60,15.0,0,0.0,block_t,adjusted,WELL-00041,0,
60,15.0,0,0.0,hac,raw,WELL-00001,0,
60,15.0,0,0.0,hac,raw,WELL-00002,0,
60,15.0,0,0.0,hac,raw,WELL-00003,0,
60,15.0,0,0.0,hac,raw,WELL-00005,0,
60,15.0,0,0.0,hac,raw,WELL-00006,0,
60,15.0,0,0.0,hac,raw,WELL-00008,0,
60,15.0,0,0.0,hac,raw,WELL-00010,0,
60,15.0,0,0.0,hac,raw,WELL-00016,0,
60,15.0,0,0.0,hac,raw,WELL-00019,0,
60,15.0,0,0.0,hac,raw,WELL-00033,0,
60,15.0,0,0.0,hac,raw,WELL-00034,0,
60,15.0,0,0.0,hac,raw,WELL-00035,0,
60,15.0,0,0.0,hac,raw,WELL-00037,0,
60,15.0,0,0.0,hac,raw,WELL-00038,0,
60,15.0,0,0.0,hac,raw,WELL-00039,0,
60,15.0,0,0.0,hac,raw,WELL-00041,0,
60,15.0,0,0.0,hac,adjusted,WELL-00001,0,
60,15.0,0,0.0,hac,adjusted,WELL-00002,0,
60,15.0,0,0.0,hac,adjusted,WELL-00003,0,
60,15.0,0,0.0,hac,adjusted,WELL-00005,0,
60,15.0,0,0.0,hac,adjusted,WELL-00006,0,
60,15.0,0,0.0,hac,adjusted,WELL-00008,0,
60,15.0,0,0.0,hac,adjusted,WELL-00010,0,
60,15.0,0,0.0,hac,adjusted,WELL-00016,0,
60,15.0,0,0.0,hac,adjusted,WELL-00019,0,
60,15.0,0,0.0,hac,adjusted,WELL-00033,0,
60,15.0,0,0.0,hac,adjusted,WELL-00034,0,
60,15.0,0,0.0,hac,adjusted,WELL-00035,0,
60,15.0,0,0.0,hac,adjusted,WELL-00037,0,
60,15.0,0,0.0,hac,adjusted,WELL-00038,0,
60,15.0,0,0.0,hac,adjusted,WELL-00039,0,
60,15.0,0,0.0,hac,adjusted,WELL-00041,0,
60,15.0,0,0.0,ewc,raw,WELL-00001,0,
60,15.0,0,0.0,ewc,raw,WELL-00002,0,
60,15.0,0,0.0,ewc,raw,WELL-00003,0,
60,15.0,0,0.0,ewc,raw,WELL-00005,0,
60,15.0,0,0.0,ewc,raw,WELL-00006,0,
60,15.0,0,0.0,ewc,raw,WELL-00008,0,
60,15.0,0,0.0,ewc,raw,WELL-00010,0,
60,15.0,0,0.0,ewc,raw,WELL-00016,0,
60,15.0,0,0.0,ewc,raw,WELL-00019,0,
60,15.0,0,0.0,ewc,raw,WELL-00033,0,
60,15.0,0,0.0,ewc,raw,WELL-00034,0,
60,15.0,0,0.0,ewc,raw,WELL-00035,0,
60,15.0,0,0.0,ewc,raw,WELL-00037,0,
60,15.0,0,0.0,ewc,raw,WELL-00038,0,
60,15.0,0,0.0,ewc,raw,WELL-00039,0,
60,15.0,0,0.0,ewc,raw,WELL-00041,0,
60,15.0,0,0.0,ewc,adjusted,WELL-00001,0,
60,15.0,0,0.0,ewc,adjusted,WELL-00002,0,
60,15.0,0,0.0,ewc,adjusted,WELL-00003,0,
60,15.0,0,0.0,ewc,adjusted,WELL-00005,0,
60,15.0,0,0.0,ewc,adjusted,WELL-00006,0,
60,15.0,0,0.0,ewc,adjusted,WELL-00008,0,
60,15.0,0,0.0,ewc,adjusted,WELL-00010,0,
60,15.0,0,0.0,ewc,adjusted,WELL-00016,0,
60,15.0,0,0.0,ewc,adjusted,WELL-00019,0,
60,15.0,0,0.0,ewc,adjusted,WELL-00033,0,
60,15.0,0,0.0,ewc,adjusted,WELL-00034,0,
60,15.0,0,0.0,ewc,adjusted,WELL-00035,0,
60,15.0,0,0.0,ewc,adjusted,WELL-00037,0,
60,15.0,0,0.0,ewc,adjusted,WELL-00038,0,
60,15.0,0,0.0,ewc,adjusted,WELL-00039,0,
60,15.0,0,0.0,ewc,adjusted,WELL-00041,0,
60,15.0,0,0.0,naive,raw,WELL-00001,0,
60,15.0,0,0.0,naive,raw,WELL-00002,0,
60,15.0,0,0.0,naive,raw,WELL-00003,0,
60,15.0,0,0.0,naive,raw,WELL-00005,0,
60,15.0,0,0.0,naive,raw,WELL-00006,0,
60,15.0,0,0.0,naive,raw,WELL-00008,0,
60,15.0,0,0.0,naive,raw,WELL-00010,0,
60,15.0,0,0.0,naive,raw,WELL-00016,0,
60,15.0,0,0.0,naive,raw,WELL-00019,0,
60,15.0,0,0.0,naive,raw,WELL-00033,0,
60,15.0,0,0.0,naive,raw,WELL-00034,0,
60,15.0,0,0.0,naive,raw,WELL-00035,0,
60,15.0,0,0.0,naive,raw,WELL-00037,0,
60,15.0,0,0.0,naive,raw,WELL-00038,0,
60,15.0,0,0.0,naive,raw,WELL-00039,0,
60,15.0,0,0.0,naive,raw,WELL-00041,0,
60,15.0,0,0.0,naive,adjusted,WELL-00001,0,
60,15.0,0,0.0,naive,adjusted,WELL-00002,0,
60,15.0,0,0.0,naive,adjusted,WELL-00003,0,
60,15.0,0,0.0,naive,adjusted,WELL-00005,0,
60,15.0,0,0.0,naive,adjusted,WELL-00006,0,
60,15.0,0,0.0,naive,adjusted,WELL-00008,0,
60,15.0,0,0.0,naive,adjusted,WELL-00010,0,
60,15.0,0,0.0,naive,adjusted,WELL-00016,0,
60,15.0,0,0.0,naive,adjusted,WELL-00019,0,
60,15.0,0,0.0,naive,adjusted,WELL-00033,0,
60,15.0,0,0.0,naive,adjusted,WELL-00034,0,
60,15.0,0,0.0,naive,adjusted,WELL-00035,0,
60,15.0,0,0.0,naive,adjusted,WELL-00037,0,
60,15.0,0,0.0,naive,adjusted,WELL-00038,0,
60,15.0,0,0.0,naive,adjusted,WELL-00039,0,
60,15.0,0,0.0,naive,adjusted,WELL-00041,0,
60,15.0,0,0.0,prepost_hac,raw,WELL-00001,0,
60,15.0,0,0.0,prepost_hac,raw,WELL-00002,0,
60,15.0,0,0.0,prepost_hac,raw,WELL-00003,0,
60,15.0,0,0.0,prepost_hac,raw,WELL-00005,0,
60,15.0,0,0.0,prepost_hac,raw,WELL-00006,0,
60,15.0,0,0.0,prepost_hac,raw,WELL-00008,0,
60,15.0,0,0.0,prepost_hac,raw,WELL-00010,0,
60,15.0,0,0.0,prepost_hac,raw,WELL-00016,0,
60,15.0,0,0.0,prepost_hac,raw,WELL-00019,0,
60,15.0,0,0.0,prepost_hac,raw,WELL-00033,0,
60,15.0,0,0.0,prepost_hac,raw,WELL-00034,0,
60,15.0,0,0.0,prepost_hac,raw,WELL-00035,0,
60,15.0,0,0.0,prepost_hac,raw,WELL-00037,0,
60,15.0,0,0.0,prepost_hac,raw,WELL-00038,0,
60,15.0,0,0.0,prepost_hac,raw,WELL-00039,0,
60,15.0,0,0.0,prepost_hac,raw,WELL-00041,0,
60,15.0,0,0.0,prepost_hac,adjusted,WELL-00001,0,
60,15.0,0,0.0,prepost_hac,adjusted,WELL-00002,0,
60,15.0,0,0.0,prepost_hac,adjusted,WELL-00003,0,
60,15.0,0,0.0,prepost_hac,adjusted,WELL-00005,0,
60,15.0,0,0.0,prepost_hac,adjusted,WELL-00006,0,
60,15.0,0,0.0,prepost_hac,adjusted,WELL-00008,0,
60,15.0,0,0.0,prepost_hac,adjusted,WELL-00010,0,
60,15.0,0,0.0,prepost_hac,adjusted,WELL-00016,0,
60,15.0,0,0.0,prepost_hac,adjusted,WELL-00019,0,
60,15.0,0,0.0,prepost_hac,adjusted,WELL-00033,0,
60,15.0,0,0.0,prepost_hac,adjusted,WELL-00034,0,
60,15.0,0,0.0,prepost_hac,adjusted,WELL-00035,0,
60,15.0,0,0.0,prepost_hac,adjusted,WELL-00037,0,
60,15.0,0,0.0,prepost_hac,adjusted,WELL-00038,0,
60,15.0,0,0.0,prepost_hac,adjusted,WELL-00039,0,
60,15.0,0,0.0,prepost_hac,adjusted,WELL-00041,0,
60,15.0,0,0.0,prepost_ewc,raw,WELL-00001,0,
60,15.0,0,0.0,prepost_ewc,raw,WELL-00002,0,
60,15.0,0,0.0,prepost_ewc,raw,WELL-00003,0,
60,15.0,0,0.0,prepost_ewc,raw,WELL-00005,0,
60,15.0,0,0.0,prepost_ewc,raw,WELL-00006,0,
60,15.0,0,0.0,prepost_ewc,raw,WELL-00008,0,
60,15.0,0,0.0,prepost_ewc,raw,WELL-00010,0,
60,15.0,0,0.0,prepost_ewc,raw,WELL-00016,0,
60,15.0,0,0.0,prepost_ewc,raw,WELL-00019,0,
60,15.0,0,0.0,prepost_ewc,raw,WELL-00033,0,
60,15.0,0,0.0,prepost_ewc,raw,WELL-00034,0,
60,15.0,0,0.0,prepost_ewc,raw,WELL-00035,0,
60,15.0,0,0.0,prepost_ewc,raw,WELL-00037,0,
60,15.0,0,0.0,prepost_ewc,raw,WELL-00038,0,
60,15.0,0,0.0,prepost_ewc,raw,WELL-00039,0,
60,15.0,0,0.0,prepost_ewc,raw,WELL-00041,0,
60,15.0,0,0.0,prepost_ewc,adjusted,WELL-00001,0,
60,15.0,0,0.0,prepost_ewc,adjusted,WELL-00002,0,
60,15.0,0,0.0,prepost_ewc,adjusted,WELL-00003,0,
60,15.0,0,0.0,prepost_ewc,adjusted,WELL-00005,0,
60,15.0,0,0.0,prepost_ewc,adjusted,WELL-00006,0,
60,15.0,0,0.0,prepost_ewc,adjusted,WELL-00008,0,
60,15.0,0,0.0,prepost_ewc,adjusted,WELL-00010,0,
60,15.0,0,0.0,prepost_ewc,adjusted,WELL-00016,0,
60,15.0,0,0.0,prepost_ewc,adjusted,WELL-00019,0,
60,15.0,0,0.0,prepost_ewc,adjusted,WELL-00033,0,
60,15.0,0,0.0,prepost_ewc,adjusted,WELL-00034,0,
60,15.0,0,0.0,prepost_ewc,adjusted,WELL-00035,0,
60,15.0,0,0.0,prepost_ewc,adjusted,WELL-00037,0,
60,15.0,0,0.0,prepost_ewc,adjusted,WELL-00038,0,
60,15.0,0,0.0,prepost_ewc,adjusted,WELL-00039,0,
60,15.0,0,0.0,prepost_ewc,adjusted,WELL-00041,0,
60,15.0,45,0.0,randomization,raw,WELL-00001,0,
60,15.0,45,0.0,randomization,raw,WELL-00002,0,
60,15.0,45,0.0,randomization,raw,WELL-00003,0,
60,15.0,45,0.0,randomization,raw,WELL-00005,0,
60,15.0,45,0.0,randomization,raw,WELL-00006,0,
60,15.0,45,0.0,randomization,raw,WELL-00008,0,
60,15.0,45,0.0,randomization,raw,WELL-00010,0,
60,15.0,45,0.0,randomization,raw,WELL-00016,0,
60,15.0,45,0.0,randomization,raw,WELL-00019,0,
60,15.0,45,0.0,randomization,raw,WELL-00033,0,
60,15.0,45,0.0,randomization,raw,WELL-00034,0,
60,15.0,45,0.0,randomization,raw,WELL-00035,0,
60,15.0,45,0.0,randomization,raw,WELL-00037,0,
60,15.0,45,0.0,randomization,raw,WELL-00038,0,
60,15.0,45,0.0,randomization,raw,WELL-00039,0,
60,15.0,45,0.0,randomization,raw,WELL-00041,0,
60,15.0,45,0.0,randomization,adjusted,WELL-00001,0,
60,15.0,45,0.0,randomization,adjusted,WELL-00002,0,
60,15.0,45,0.0,randomization,adjusted,WELL-00003,0,
60,15.0,45,0.0,randomization,adjusted,WELL-00005,0,
60,15.0,45,0.0,randomization,adjusted,WELL-00006,0,
60,15.0,45,0.0,randomization,adjusted,WELL-00008,0,
60,15.0,45,0.0,randomization,adjusted,WELL-00010,0,
60,15.0,45,0.0,randomization,adjusted,WELL-00016,0,
60,15.0,45,0.0,randomization,adjusted,WELL-00019,0,
60,15.0,45,0.0,randomization,adjusted,WELL-00033,0,
60,15.0,45,0.0,randomization,adjusted,WELL-00034,0,
60,15.0,45,0.0,randomization,adjusted,WELL-00035,0,
60,15.0,45,0.0,randomization,adjusted,WELL-00037,0,
60,15.0,45,0.0,randomization,adjusted,WELL-00038,0,
60,15.0,45,0.0,randomization,adjusted,WELL-00039,0,
60,15.0,45,0.0,randomization,adjusted,WELL-00041,0,
60,15.0,45,0.0,block_t,raw,WELL-00001,0,
60,15.0,45,0.0,block_t,raw,WELL-00002,0,
60,15.0,45,0.0,block_t,raw,WELL-00003,0,
60,15.0,45,0.0,block_t,raw,WELL-00005,0,
60,15.0,45,0.0,block_t,raw,WELL-00006,0,
60,15.0,45,0.0,block_t,raw,WELL-00008,0,
60,15.0,45,0.0,block_t,raw,WELL-00010,0,
60,15.0,45,0.0,block_t,raw,WELL-00016,0,
60,15.0,45,0.0,block_t,raw,WELL-00019,0,
60,15.0,45,0.0,block_t,raw,WELL-00033,0,
60,15.0,45,0.0,block_t,raw,WELL-00034,0,
60,15.0,45,0.0,block_t,raw,WELL-00035,0,
60,15.0,45,0.0,block_t,raw,WELL-00037,0,
60,15.0,45,0.0,block_t,raw,WELL-00038,0,
60,15.0,45,0.0,block_t,raw,WELL-00039,0,
60,15.0,45,0.0,block_t,raw,WELL-00041,0,
60,15.0,45,0.0,block_t,adjusted,WELL-00001,0,
60,15.0,45,0.0,block_t,adjusted,WELL-00002,0,
60,15.0,45,0.0,block_t,adjusted,WELL-00003,0,
60,15.0,45,0.0,block_t,adjusted,WELL-00005,0,
60,15.0,45,0.0,block_t,adjusted,WELL-00006,0,
60,15.0,45,0.0,block_t,adjusted,WELL-00008,0,
60,15.0,45,0.0,block_t,adjusted,WELL-00010,0,
60,15.0,45,0.0,block_t,adjusted,WELL-00016,0,
60,15.0,45,0.0,block_t,adjusted,WELL-00019,0,
60,15.0,45,0.0,block_t,adjusted,WELL-00033,0,
60,15.0,45,0.0,block_t,adjusted,WELL-00034,0,
60,15.0,45,0.0,block_t,adjusted,WELL-00035,0,
60,15.0,45,0.0,block_t,adjusted,WELL-00037,0,
60,15.0,45,0.0,block_t,adjusted,WELL-00038,0,
60,15.0,45,0.0,block_t,adjusted,WELL-00039,0,
60,15.0,45,0.0,block_t,adjusted,WELL-00041,0,
60,15.0,45,0.0,hac,raw,WELL-00001,0,
60,15.0,45,0.0,hac,raw,WELL-00002,0,
60,15.0,45,0.0,hac,raw,WELL-00003,0,
60,15.0,45,0.0,hac,raw,WELL-00005,0,
60,15.0,45,0.0,hac,raw,WELL-00006,0,
60,15.0,45,0.0,hac,raw,WELL-00008,0,
60,15.0,45,0.0,hac,raw,WELL-00010,0,
60,15.0,45,0.0,hac,raw,WELL-00016,0,
60,15.0,45,0.0,hac,raw,WELL-00019,0,
60,15.0,45,0.0,hac,raw,WELL-00033,0,
60,15.0,45,0.0,hac,raw,WELL-00034,0,
60,15.0,45,0.0,hac,raw,WELL-00035,0,
60,15.0,45,0.0,hac,raw,WELL-00037,0,
60,15.0,45,0.0,hac,raw,WELL-00038,0,
60,15.0,45,0.0,hac,raw,WELL-00039,0,
60,15.0,45,0.0,hac,raw,WELL-00041,0,
60,15.0,45,0.0,hac,adjusted,WELL-00001,0,
60,15.0,45,0.0,hac,adjusted,WELL-00002,0,
60,15.0,45,0.0,hac,adjusted,WELL-00003,0,
60,15.0,45,0.0,hac,adjusted,WELL-00005,0,
60,15.0,45,0.0,hac,adjusted,WELL-00006,0,
60,15.0,45,0.0,hac,adjusted,WELL-00008,0,
60,15.0,45,0.0,hac,adjusted,WELL-00010,0,
60,15.0,45,0.0,hac,adjusted,WELL-00016,0,
60,15.0,45,0.0,hac,adjusted,WELL-00019,0,
60,15.0,45,0.0,hac,adjusted,WELL-00033,0,
60,15.0,45,0.0,hac,adjusted,WELL-00034,0,
60,15.0,45,0.0,hac,adjusted,WELL-00035,0,
60,15.0,45,0.0,hac,adjusted,WELL-00037,0,
60,15.0,45,0.0,hac,adjusted,WELL-00038,0,
60,15.0,45,0.0,hac,adjusted,WELL-00039,0,
60,15.0,45,0.0,hac,adjusted,WELL-00041,0,
60,15.0,45,0.0,ewc,raw,WELL-00001,0,
60,15.0,45,0.0,ewc,raw,WELL-00002,0,
60,15.0,45,0.0,ewc,raw,WELL-00003,0,
60,15.0,45,0.0,ewc,raw,WELL-00005,0,
60,15.0,45,0.0,ewc,raw,WELL-00006,0,
60,15.0,45,0.0,ewc,raw,WELL-00008,0,
60,15.0,45,0.0,ewc,raw,WELL-00010,0,
60,15.0,45,0.0,ewc,raw,WELL-00016,0,
60,15.0,45,0.0,ewc,raw,WELL-00019,0,
60,15.0,45,0.0,ewc,raw,WELL-00033,0,
60,15.0,45,0.0,ewc,raw,WELL-00034,0,
60,15.0,45,0.0,ewc,raw,WELL-00035,0,
60,15.0,45,0.0,ewc,raw,WELL-00037,0,
60,15.0,45,0.0,ewc,raw,WELL-00038,0,
60,15.0,45,0.0,ewc,raw,WELL-00039,0,
60,15.0,45,0.0,ewc,raw,WELL-00041,0,
60,15.0,45,0.0,ewc,adjusted,WELL-00001,0,
60,15.0,45,0.0,ewc,adjusted,WELL-00002,0,
60,15.0,45,0.0,ewc,adjusted,WELL-00003,0,
60,15.0,45,0.0,ewc,adjusted,WELL-00005,0,
60,15.0,45,0.0,ewc,adjusted,WELL-00006,0,
60,15.0,45,0.0,ewc,adjusted,WELL-00008,0,
60,15.0,45,0.0,ewc,adjusted,WELL-00010,0,
60,15.0,45,0.0,ewc,adjusted,WELL-00016,0,
60,15.0,45,0.0,ewc,adjusted,WELL-00019,0,
60,15.0,45,0.0,ewc,adjusted,WELL-00033,0,
60,15.0,45,0.0,ewc,adjusted,WELL-00034,0,
60,15.0,45,0.0,ewc,adjusted,WELL-00035,0,
60,15.0,45,0.0,ewc,adjusted,WELL-00037,0,
60,15.0,45,0.0,ewc,adjusted,WELL-00038,0,
60,15.0,45,0.0,ewc,adjusted,WELL-00039,0,
60,15.0,45,0.0,ewc,adjusted,WELL-00041,0,
60,15.0,45,0.0,naive,raw,WELL-00001,0,
60,15.0,45,0.0,naive,raw,WELL-00002,0,
60,15.0,45,0.0,naive,raw,WELL-00003,0,
60,15.0,45,0.0,naive,raw,WELL-00005,0,
60,15.0,45,0.0,naive,raw,WELL-00006,0,
60,15.0,45,0.0,naive,raw,WELL-00008,0,
60,15.0,45,0.0,naive,raw,WELL-00010,0,
60,15.0,45,0.0,naive,raw,WELL-00016,0,
60,15.0,45,0.0,naive,raw,WELL-00019,0,
60,15.0,45,0.0,naive,raw,WELL-00033,0,
60,15.0,45,0.0,naive,raw,WELL-00034,0,
60,15.0,45,0.0,naive,raw,WELL-00035,0,
60,15.0,45,0.0,naive,raw,WELL-00037,0,
60,15.0,45,0.0,naive,raw,WELL-00038,0,
60,15.0,45,0.0,naive,raw,WELL-00039,0,
60,15.0,45,0.0,naive,raw,WELL-00041,0,
60,15.0,45,0.0,naive,adjusted,WELL-00001,0,
60,15.0,45,0.0,naive,adjusted,WELL-00002,0,
60,15.0,45,0.0,naive,adjusted,WELL-00003,0,
60,15.0,45,0.0,naive,adjusted,WELL-00005,0,
60,15.0,45,0.0,naive,adjusted,WELL-00006,0,
60,15.0,45,0.0,naive,adjusted,WELL-00008,0,
60,15.0,45,0.0,naive,adjusted,WELL-00010,0,
60,15.0,45,0.0,naive,adjusted,WELL-00016,0,
60,15.0,45,0.0,naive,adjusted,WELL-00019,0,
60,15.0,45,0.0,naive,adjusted,WELL-00033,0,
60,15.0,45,0.0,naive,adjusted,WELL-00034,0,
60,15.0,45,0.0,naive,adjusted,WELL-00035,0,
60,15.0,45,0.0,naive,adjusted,WELL-00037,0,
60,15.0,45,0.0,naive,adjusted,WELL-00038,0,
60,15.0,45,0.0,naive,adjusted,WELL-00039,0,
60,15.0,45,0.0,naive,adjusted,WELL-00041,0,
60,15.0,45,0.0,prepost_hac,raw,WELL-00001,0,
60,15.0,45,0.0,prepost_hac,raw,WELL-00002,0,
60,15.0,45,0.0,prepost_hac,raw,WELL-00003,0,
60,15.0,45,0.0,prepost_hac,raw,WELL-00005,0,
60,15.0,45,0.0,prepost_hac,raw,WELL-00006,0,
60,15.0,45,0.0,prepost_hac,raw,WELL-00008,0,
60,15.0,45,0.0,prepost_hac,raw,WELL-00010,0,
60,15.0,45,0.0,prepost_hac,raw,WELL-00016,0,
60,15.0,45,0.0,prepost_hac,raw,WELL-00019,0,
60,15.0,45,0.0,prepost_hac,raw,WELL-00033,0,
60,15.0,45,0.0,prepost_hac,raw,WELL-00034,0,
60,15.0,45,0.0,prepost_hac,raw,WELL-00035,0,
60,15.0,45,0.0,prepost_hac,raw,WELL-00037,0,
60,15.0,45,0.0,prepost_hac,raw,WELL-00038,0,
60,15.0,45,0.0,prepost_hac,raw,WELL-00039,0,
60,15.0,45,0.0,prepost_hac,raw,WELL-00041,0,
60,15.0,45,0.0,prepost_hac,adjusted,WELL-00001,0,
60,15.0,45,0.0,prepost_hac,adjusted,WELL-00002,0,
60,15.0,45,0.0,prepost_hac,adjusted,WELL-00003,0,
60,15.0,45,0.0,prepost_hac,adjusted,WELL-00005,0,
60,15.0,45,0.0,prepost_hac,adjusted,WELL-00006,0,
60,15.0,45,0.0,prepost_hac,adjusted,WELL-00008,0,
60,15.0,45,0.0,prepost_hac,adjusted,WELL-00010,0,
60,15.0,45,0.0,prepost_hac,adjusted,WELL-00016,0,
60,15.0,45,0.0,prepost_hac,adjusted,WELL-00019,0,
60,15.0,45,0.0,prepost_hac,adjusted,WELL-00033,0,
60,15.0,45,0.0,prepost_hac,adjusted,WELL-00034,0,
60,15.0,45,0.0,prepost_hac,adjusted,WELL-00035,0,
60,15.0,45,0.0,prepost_hac,adjusted,WELL-00037,0,
60,15.0,45,0.0,prepost_hac,adjusted,WELL-00038,0,
60,15.0,45,0.0,prepost_hac,adjusted,WELL-00039,0,
60,15.0,45,0.0,prepost_hac,adjusted,WELL-00041,0,
60,15.0,45,0.0,prepost_ewc,raw,WELL-00001,0,
60,15.0,45,0.0,prepost_ewc,raw,WELL-00002,0,
60,15.0,45,0.0,prepost_ewc,raw,WELL-00003,0,
60,15.0,45,0.0,prepost_ewc,raw,WELL-00005,0,
60,15.0,45,0.0,prepost_ewc,raw,WELL-00006,0,
60,15.0,45,0.0,prepost_ewc,raw,WELL-00008,0,
60,15.0,45,0.0,prepost_ewc,raw,WELL-00010,0,
60,15.0,45,0.0,prepost_ewc,raw,WELL-00016,0,
60,15.0,45,0.0,prepost_ewc,raw,WELL-00019,0,
60,15.0,45,0.0,prepost_ewc,raw,WELL-00033,0,
60,15.0,45,0.0,prepost_ewc,raw,WELL-00034,0,
60,15.0,45,0.0,prepost_ewc,raw,WELL-00035,0,
60,15.0,45,0.0,prepost_ewc,raw,WELL-00037,0,
60,15.0,45,0.0,prepost_ewc,raw,WELL-00038,0,
60,15.0,45,0.0,prepost_ewc,raw,WELL-00039,0,
60,15.0,45,0.0,prepost_ewc,raw,WELL-00041,0,
60,15.0,45,0.0,prepost_ewc,adjusted,WELL-00001,0,
60,15.0,45,0.0,prepost_ewc,adjusted,WELL-00002,0,
60,15.0,45,0.0,prepost_ewc,adjusted,WELL-00003,0,
60,15.0,45,0.0,prepost_ewc,adjusted,WELL-00005,0,
60,15.0,45,0.0,prepost_ewc,adjusted,WELL-00006,0,
60,15.0,45,0.0,prepost_ewc,adjusted,WELL-00008,0,
60,15.0,45,0.0,prepost_ewc,adjusted,WELL-00010,0,
60,15.0,45,0.0,prepost_ewc,adjusted,WELL-00016,0,
60,15.0,45,0.0,prepost_ewc,adjusted,WELL-00019,0,
60,15.0,45,0.0,prepost_ewc,adjusted,WELL-00033,0,
60,15.0,45,0.0,prepost_ewc,adjusted,WELL-00034,0,
60,15.0,45,0.0,prepost_ewc,adjusted,WELL-00035,0,
60,15.0,45,0.0,prepost_ewc,adjusted,WELL-00037,0,
60,15.0,45,0.0,prepost_ewc,adjusted,WELL-00038,0,
60,15.0,45,0.0,prepost_ewc,adjusted,WELL-00039,0,
60,15.0,45,0.0,prepost_ewc,adjusted,WELL-00041,0,
