bed,block,block_label,tau,washout,washout_rule,delta,arm,adjustment,n_rows,n_answered,answered_share,top_reason,n_records,rate,rate_mcse,rate_record_mean,coverage,coverage_mcse,median_width,unbounded_share,median_bias,median_width_ratio
3w,15,15 min,0.0,0,ceil(3 tau),0.0,randomization,raw,12912,7332,0.5678,too_few,538,0.0544,0.0033,0.0553,0.9453,0.0033,1.8298,0.0,-0.0015,
3w,15,15 min,0.0,0,ceil(3 tau),0.0,randomization,adjusted,12912,7100,0.5499,too_few,480,0.0503,0.0032,0.0513,0.9497,0.0032,1.1482,0.0,0.0003,0.6987
3w,15,15 min,0.0,0,ceil(3 tau),0.0,block_t,raw,12912,7332,0.5678,too_few,538,0.0491,0.0032,0.0503,0.9509,0.0032,1.8085,0.0,-0.0013,
3w,15,15 min,0.0,0,ceil(3 tau),0.0,block_t,adjusted,12912,7100,0.5499,too_few,480,0.0837,0.004,0.0809,0.9163,0.004,0.9675,0.0,0.0003,0.5868
3w,15,15 min,0.0,0,ceil(3 tau),0.0,hac,raw,12912,7332,0.5678,too_few,538,0.1421,0.0051,0.1414,0.8579,0.0051,1.2822,0.0,-0.0015,
3w,15,15 min,0.0,0,ceil(3 tau),0.0,hac,adjusted,12912,7100,0.5499,too_few,480,0.1637,0.0052,0.1616,0.8363,0.0052,0.7098,0.0,0.0003,0.6265
3w,15,15 min,0.0,0,ceil(3 tau),0.0,ewc,raw,12912,7332,0.5678,too_few,538,0.081,0.004,0.0825,0.919,0.004,1.5597,0.0,-0.0015,
3w,15,15 min,0.0,0,ceil(3 tau),0.0,ewc,adjusted,12912,7100,0.5499,too_few,480,0.1017,0.0043,0.1001,0.8983,0.0043,0.8801,0.0,0.0003,0.6095
3w,15,15 min,0.0,0,ceil(3 tau),0.0,naive,raw,12912,7332,0.5678,too_few,538,0.5678,0.0068,0.5847,0.4322,0.0068,0.4719,0.0,-0.0015,
3w,15,15 min,0.0,0,ceil(3 tau),0.0,naive,adjusted,12912,7100,0.5499,too_few,480,0.5148,0.0066,0.5268,0.4852,0.0066,0.3691,0.0,0.0003,0.758
3w,15,15 min,0.0,0,ceil(3 tau),0.0,prepost_hac,raw,3228,1770,0.5483,too_few,537,0.6525,0.0122,0.6858,0.3475,0.0122,1.1397,0.0,-0.1662,
3w,15,15 min,0.0,0,ceil(3 tau),0.0,prepost_hac,adjusted,3228,361,0.1118,covariate_outside,218,0.7368,0.0285,0.8456,0.2632,0.0285,0.9899,0.0,-0.2781,0.9314
3w,15,15 min,0.0,0,ceil(3 tau),0.0,prepost_ewc,raw,3228,1770,0.5483,too_few,537,0.635,0.0125,0.6763,0.365,0.0125,1.2122,0.0,-0.1662,
3w,15,15 min,0.0,0,ceil(3 tau),0.0,prepost_ewc,adjusted,3228,361,0.1118,covariate_outside,218,0.7036,0.0297,0.8261,0.2964,0.0297,1.0237,0.0,-0.2781,0.9474
3w,15,15 min,0.0,0,ceil(3 tau),0.1,randomization,raw,12912,7332,0.5678,too_few,538,0.0657,0.0035,0.0655,0.9453,0.0033,1.8298,0.0,-0.0015,
3w,15,15 min,0.0,0,ceil(3 tau),0.1,randomization,adjusted,12912,7100,0.5499,too_few,480,0.128,0.0046,0.1309,0.9497,0.0032,1.1482,0.0,0.0003,0.6987
3w,15,15 min,0.0,0,ceil(3 tau),0.1,block_t,raw,12912,7332,0.5678,too_few,538,0.0633,0.0035,0.0634,0.9509,0.0032,1.8085,0.0,-0.0013,
3w,15,15 min,0.0,0,ceil(3 tau),0.1,block_t,adjusted,12912,7100,0.5499,too_few,480,0.1776,0.0052,0.178,0.9163,0.004,0.9675,0.0,0.0003,0.5868
3w,15,15 min,0.0,0,ceil(3 tau),0.1,hac,raw,12912,7332,0.5678,too_few,538,0.1641,0.0053,0.1635,0.8579,0.0051,1.2822,0.0,-0.0015,
3w,15,15 min,0.0,0,ceil(3 tau),0.1,hac,adjusted,12912,7100,0.5499,too_few,480,0.2801,0.0059,0.281,0.8363,0.0052,0.7098,0.0,0.0003,0.6265
3w,15,15 min,0.0,0,ceil(3 tau),0.1,ewc,raw,12912,7332,0.5678,too_few,538,0.0934,0.0042,0.0945,0.919,0.004,1.5597,0.0,-0.0015,
3w,15,15 min,0.0,0,ceil(3 tau),0.1,ewc,adjusted,12912,7100,0.5499,too_few,480,0.2077,0.0054,0.2104,0.8983,0.0043,0.8801,0.0,0.0003,0.6095
3w,15,15 min,0.0,0,ceil(3 tau),0.1,naive,raw,12912,7332,0.5678,too_few,538,0.5773,0.0067,0.592,0.4322,0.0068,0.4719,0.0,-0.0015,
3w,15,15 min,0.0,0,ceil(3 tau),0.1,naive,adjusted,12912,7100,0.5499,too_few,480,0.5983,0.0061,0.6104,0.4852,0.0066,0.3691,0.0,0.0003,0.758
3w,15,15 min,0.0,0,ceil(3 tau),0.1,prepost_hac,raw,3228,1770,0.5483,too_few,537,0.6576,0.0121,0.6892,0.3475,0.0122,1.1397,0.0,-0.1662,
3w,15,15 min,0.0,0,ceil(3 tau),0.1,prepost_hac,adjusted,3228,361,0.1118,covariate_outside,218,0.723,0.0276,0.8266,0.2632,0.0285,0.9899,0.0,-0.2781,0.9314
3w,15,15 min,0.0,0,ceil(3 tau),0.1,prepost_ewc,raw,3228,1770,0.5483,too_few,537,0.6322,0.0126,0.6741,0.365,0.0125,1.2122,0.0,-0.1662,
3w,15,15 min,0.0,0,ceil(3 tau),0.1,prepost_ewc,adjusted,3228,361,0.1118,covariate_outside,218,0.7008,0.0282,0.8112,0.2964,0.0297,1.0237,0.0,-0.2781,0.9474
3w,15,15 min,0.0,0,ceil(3 tau),0.25,randomization,raw,12912,7332,0.5678,too_few,538,0.1131,0.0043,0.1076,0.9453,0.0033,1.8298,0.0,-0.0015,
3w,15,15 min,0.0,0,ceil(3 tau),0.25,randomization,adjusted,12912,7100,0.5499,too_few,480,0.2693,0.0062,0.2776,0.9497,0.0032,1.1482,0.0,0.0003,0.6987
3w,15,15 min,0.0,0,ceil(3 tau),0.25,block_t,raw,12912,7332,0.5678,too_few,538,0.1094,0.0043,0.1041,0.9509,0.0032,1.8085,0.0,-0.0013,
3w,15,15 min,0.0,0,ceil(3 tau),0.25,block_t,adjusted,12912,7100,0.5499,too_few,480,0.339,0.0063,0.344,0.9163,0.004,0.9675,0.0,0.0003,0.5868
3w,15,15 min,0.0,0,ceil(3 tau),0.25,hac,raw,12912,7332,0.5678,too_few,538,0.2398,0.0058,0.2374,0.8579,0.0051,1.2822,0.0,-0.0015,
3w,15,15 min,0.0,0,ceil(3 tau),0.25,hac,adjusted,12912,7100,0.5499,too_few,480,0.4587,0.0064,0.4636,0.8363,0.0052,0.7098,0.0,0.0003,0.6265
3w,15,15 min,0.0,0,ceil(3 tau),0.25,ewc,raw,12912,7332,0.5678,too_few,538,0.1562,0.005,0.1538,0.919,0.004,1.5597,0.0,-0.0015,
3w,15,15 min,0.0,0,ceil(3 tau),0.25,ewc,adjusted,12912,7100,0.5499,too_few,480,0.378,0.0063,0.3853,0.8983,0.0043,0.8801,0.0,0.0003,0.6095
3w,15,15 min,0.0,0,ceil(3 tau),0.25,naive,raw,12912,7332,0.5678,too_few,538,0.6429,0.0064,0.6447,0.4322,0.0068,0.4719,0.0,-0.0015,
3w,15,15 min,0.0,0,ceil(3 tau),0.25,naive,adjusted,12912,7100,0.5499,too_few,480,0.7154,0.0055,0.7252,0.4852,0.0066,0.3691,0.0,0.0003,0.758
3w,15,15 min,0.0,0,ceil(3 tau),0.25,prepost_hac,raw,3228,1770,0.5483,too_few,537,0.6836,0.0116,0.7118,0.3475,0.0122,1.1397,0.0,-0.1662,
3w,15,15 min,0.0,0,ceil(3 tau),0.25,prepost_hac,adjusted,3228,361,0.1118,covariate_outside,218,0.7424,0.0249,0.8299,0.2632,0.0285,0.9899,0.0,-0.2781,0.9314
3w,15,15 min,0.0,0,ceil(3 tau),0.25,prepost_ewc,raw,3228,1770,0.5483,too_few,537,0.6548,0.0124,0.6916,0.365,0.0125,1.2122,0.0,-0.1662,
3w,15,15 min,0.0,0,ceil(3 tau),0.25,prepost_ewc,adjusted,3228,361,0.1118,covariate_outside,218,0.7119,0.0257,0.8113,0.2964,0.0297,1.0237,0.0,-0.2781,0.9474
3w,15,15 min,0.0,0,ceil(3 tau),0.5,randomization,raw,12912,7332,0.5678,too_few,538,0.2293,0.0055,0.2195,0.9453,0.0033,1.8298,0.0,-0.0015,
3w,15,15 min,0.0,0,ceil(3 tau),0.5,randomization,adjusted,12912,7100,0.5499,too_few,480,0.4855,0.0068,0.4934,0.9497,0.0032,1.1482,0.0,0.0003,0.6987
3w,15,15 min,0.0,0,ceil(3 tau),0.5,block_t,raw,12912,7332,0.5678,too_few,538,0.225,0.0055,0.2159,0.9509,0.0032,1.8085,0.0,-0.0013,
3w,15,15 min,0.0,0,ceil(3 tau),0.5,block_t,adjusted,12912,7100,0.5499,too_few,480,0.5611,0.0064,0.5626,0.9163,0.004,0.9675,0.0,0.0003,0.5868
3w,15,15 min,0.0,0,ceil(3 tau),0.5,hac,raw,12912,7332,0.5678,too_few,538,0.4139,0.0068,0.4062,0.8579,0.0051,1.2822,0.0,-0.0015,
3w,15,15 min,0.0,0,ceil(3 tau),0.5,hac,adjusted,12912,7100,0.5499,too_few,480,0.6842,0.0058,0.6856,0.8363,0.0052,0.7098,0.0,0.0003,0.6265
3w,15,15 min,0.0,0,ceil(3 tau),0.5,ewc,raw,12912,7332,0.5678,too_few,538,0.2992,0.0062,0.2917,0.919,0.004,1.5597,0.0,-0.0015,
3w,15,15 min,0.0,0,ceil(3 tau),0.5,ewc,adjusted,12912,7100,0.5499,too_few,480,0.6032,0.0061,0.6064,0.8983,0.0043,0.8801,0.0,0.0003,0.6095
3w,15,15 min,0.0,0,ceil(3 tau),0.5,naive,raw,12912,7332,0.5678,too_few,538,0.7812,0.0055,0.7815,0.4322,0.0068,0.4719,0.0,-0.0015,
3w,15,15 min,0.0,0,ceil(3 tau),0.5,naive,adjusted,12912,7100,0.5499,too_few,480,0.8718,0.0041,0.8762,0.4852,0.0066,0.3691,0.0,0.0003,0.758
3w,15,15 min,0.0,0,ceil(3 tau),0.5,prepost_hac,raw,3228,1770,0.5483,too_few,537,0.7254,0.011,0.7464,0.3475,0.0122,1.1397,0.0,-0.1662,
3w,15,15 min,0.0,0,ceil(3 tau),0.5,prepost_hac,adjusted,3228,361,0.1118,covariate_outside,218,0.723,0.0238,0.7811,0.2632,0.0285,0.9899,0.0,-0.2781,0.9314
3w,15,15 min,0.0,0,ceil(3 tau),0.5,prepost_ewc,raw,3228,1770,0.5483,too_few,537,0.6949,0.012,0.7245,0.365,0.0125,1.2122,0.0,-0.1662,
3w,15,15 min,0.0,0,ceil(3 tau),0.5,prepost_ewc,adjusted,3228,361,0.1118,covariate_outside,218,0.7091,0.0243,0.793,0.2964,0.0297,1.0237,0.0,-0.2781,0.9474
3w,15,15 min,1.5,0,0,0.0,randomization,raw,12912,7332,0.5678,too_few,538,0.0544,0.0033,0.0553,0.9453,0.0033,1.8298,0.0,-0.0015,
3w,15,15 min,1.5,0,0,0.0,randomization,adjusted,12912,7100,0.5499,too_few,480,0.0503,0.0032,0.0513,0.9497,0.0032,1.1482,0.0,0.0003,0.6987
3w,15,15 min,1.5,0,0,0.0,block_t,raw,12912,7332,0.5678,too_few,538,0.0491,0.0032,0.0503,0.9509,0.0032,1.8085,0.0,-0.0013,
3w,15,15 min,1.5,0,0,0.0,block_t,adjusted,12912,7100,0.5499,too_few,480,0.0837,0.004,0.0809,0.9163,0.004,0.9675,0.0,0.0003,0.5868
3w,15,15 min,1.5,0,0,0.0,hac,raw,12912,7332,0.5678,too_few,538,0.1421,0.0051,0.1414,0.8579,0.0051,1.2822,0.0,-0.0015,
3w,15,15 min,1.5,0,0,0.0,hac,adjusted,12912,7100,0.5499,too_few,480,0.1637,0.0052,0.1616,0.8363,0.0052,0.7098,0.0,0.0003,0.6265
3w,15,15 min,1.5,0,0,0.0,ewc,raw,12912,7332,0.5678,too_few,538,0.081,0.004,0.0825,0.919,0.004,1.5597,0.0,-0.0015,
3w,15,15 min,1.5,0,0,0.0,ewc,adjusted,12912,7100,0.5499,too_few,480,0.1017,0.0043,0.1001,0.8983,0.0043,0.8801,0.0,0.0003,0.6095
3w,15,15 min,1.5,0,0,0.0,naive,raw,12912,7332,0.5678,too_few,538,0.5678,0.0068,0.5847,0.4322,0.0068,0.4719,0.0,-0.0015,
3w,15,15 min,1.5,0,0,0.0,naive,adjusted,12912,7100,0.5499,too_few,480,0.5148,0.0066,0.5268,0.4852,0.0066,0.3691,0.0,0.0003,0.758
3w,15,15 min,1.5,0,0,0.0,prepost_hac,raw,3228,1770,0.5483,too_few,537,0.6525,0.0122,0.6858,0.3475,0.0122,1.1397,0.0,-0.1662,
3w,15,15 min,1.5,0,0,0.0,prepost_hac,adjusted,3228,361,0.1118,covariate_outside,218,0.7368,0.0285,0.8456,0.2632,0.0285,0.9899,0.0,-0.2781,0.9314
3w,15,15 min,1.5,0,0,0.0,prepost_ewc,raw,3228,1770,0.5483,too_few,537,0.635,0.0125,0.6763,0.365,0.0125,1.2122,0.0,-0.1662,
3w,15,15 min,1.5,0,0,0.0,prepost_ewc,adjusted,3228,361,0.1118,covariate_outside,218,0.7036,0.0297,0.8261,0.2964,0.0297,1.0237,0.0,-0.2781,0.9474
3w,15,15 min,1.5,0,0,0.1,randomization,raw,12912,7332,0.5678,too_few,538,0.0644,0.0035,0.0643,0.9448,0.0033,1.83,0.0,-0.0095,
3w,15,15 min,1.5,0,0,0.1,randomization,adjusted,12912,7100,0.5499,too_few,480,0.1187,0.0045,0.121,0.9496,0.0032,1.1474,0.0,-0.007,0.6986
3w,15,15 min,1.5,0,0,0.1,block_t,raw,12912,7332,0.5678,too_few,538,0.0606,0.0034,0.0609,0.9509,0.0032,1.8082,0.0,-0.0093,
3w,15,15 min,1.5,0,0,0.1,block_t,adjusted,12912,7100,0.5499,too_few,480,0.1679,0.0051,0.1679,0.9162,0.004,0.9679,0.0,-0.007,0.5868
3w,15,15 min,1.5,0,0,0.1,hac,raw,12912,7332,0.5678,too_few,538,0.1605,0.0053,0.1603,0.8579,0.0051,1.2828,0.0,-0.0095,
3w,15,15 min,1.5,0,0,0.1,hac,adjusted,12912,7100,0.5499,too_few,480,0.2699,0.0058,0.2704,0.8365,0.0052,0.7104,0.0,-0.007,0.6264
3w,15,15 min,1.5,0,0,0.1,ewc,raw,12912,7332,0.5678,too_few,538,0.0914,0.0042,0.0928,0.9187,0.004,1.5601,0.0,-0.0095,
3w,15,15 min,1.5,0,0,0.1,ewc,adjusted,12912,7100,0.5499,too_few,480,0.1976,0.0053,0.1996,0.8982,0.0043,0.88,0.0,-0.007,0.6099
3w,15,15 min,1.5,0,0,0.1,naive,raw,12912,7332,0.5678,too_few,538,0.5752,0.0068,0.5901,0.4322,0.0068,0.4718,0.0,-0.0095,
3w,15,15 min,1.5,0,0,0.1,naive,adjusted,12912,7100,0.5499,too_few,480,0.5914,0.0062,0.6036,0.4859,0.0066,0.3691,0.0,-0.007,0.7584
3w,15,15 min,1.5,0,0,0.1,prepost_hac,raw,3228,1770,0.5483,too_few,537,0.6571,0.0121,0.6887,0.348,0.0122,1.1373,0.0,-0.1671,
3w,15,15 min,1.5,0,0,0.1,prepost_hac,adjusted,3228,361,0.1118,covariate_outside,218,0.723,0.0276,0.8266,0.2659,0.0289,0.9949,0.0,-0.2789,0.9341
3w,15,15 min,1.5,0,0,0.1,prepost_ewc,raw,3228,1770,0.5483,too_few,537,0.6322,0.0126,0.6741,0.365,0.0125,1.2112,0.0,-0.1671,
3w,15,15 min,1.5,0,0,0.1,prepost_ewc,adjusted,3228,361,0.1118,covariate_outside,218,0.7008,0.0282,0.8112,0.2964,0.0297,1.0234,0.0,-0.2789,0.9475
3w,15,15 min,1.5,0,0,0.25,randomization,raw,12912,7332,0.5678,too_few,538,0.1047,0.0042,0.0999,0.9446,0.0033,1.8305,0.0,-0.0225,
3w,15,15 min,1.5,0,0,0.25,randomization,adjusted,12912,7100,0.5499,too_few,480,0.252,0.0061,0.2591,0.9493,0.0032,1.1478,0.0,-0.0191,0.6975
3w,15,15 min,1.5,0,0,0.25,block_t,raw,12912,7332,0.5678,too_few,538,0.1013,0.0042,0.0969,0.9508,0.0032,1.8079,0.0,-0.0216,
3w,15,15 min,1.5,0,0,0.25,block_t,adjusted,12912,7100,0.5499,too_few,480,0.3124,0.0062,0.3165,0.9156,0.004,0.9691,0.0,-0.019,0.5867
3w,15,15 min,1.5,0,0,0.25,hac,raw,12912,7332,0.5678,too_few,538,0.2278,0.0058,0.2259,0.8582,0.0051,1.2823,0.0,-0.0225,
3w,15,15 min,1.5,0,0,0.25,hac,adjusted,12912,7100,0.5499,too_few,480,0.4352,0.0064,0.4403,0.8372,0.0052,0.7103,0.0,-0.0191,0.6259
3w,15,15 min,1.5,0,0,0.25,ewc,raw,12912,7332,0.5678,too_few,538,0.1472,0.0049,0.1448,0.9187,0.004,1.5604,0.0,-0.0225,
3w,15,15 min,1.5,0,0,0.25,ewc,adjusted,12912,7100,0.5499,too_few,480,0.358,0.0063,0.3648,0.8975,0.0043,0.8812,0.0,-0.0191,0.61
3w,15,15 min,1.5,0,0,0.25,naive,raw,12912,7332,0.5678,too_few,538,0.6296,0.0065,0.6344,0.4325,0.0068,0.4716,0.0,-0.0225,
3w,15,15 min,1.5,0,0,0.25,naive,adjusted,12912,7100,0.5499,too_few,480,0.6983,0.0055,0.709,0.4855,0.0067,0.3692,0.0,-0.0191,0.7588
3w,15,15 min,1.5,0,0,0.25,prepost_hac,raw,3228,1770,0.5483,too_few,537,0.6853,0.0115,0.713,0.348,0.0122,1.1372,0.0,-0.1684,
3w,15,15 min,1.5,0,0,0.25,prepost_hac,adjusted,3228,361,0.1118,covariate_outside,218,0.7424,0.0249,0.8299,0.2659,0.0289,0.9922,0.0,-0.2803,0.9323
3w,15,15 min,1.5,0,0,0.25,prepost_ewc,raw,3228,1770,0.5483,too_few,537,0.6548,0.0124,0.6916,0.3655,0.0125,1.2119,0.0,-0.1684,
3w,15,15 min,1.5,0,0,0.25,prepost_ewc,adjusted,3228,361,0.1118,covariate_outside,218,0.7119,0.0257,0.8113,0.2964,0.0297,1.0214,0.0,-0.2803,0.9478
3w,15,15 min,1.5,0,0,0.5,randomization,raw,12912,7332,0.5678,too_few,538,0.2076,0.0054,0.1984,0.9449,0.0033,1.8302,0.0,-0.0408,
3w,15,15 min,1.5,0,0,0.5,randomization,adjusted,12912,7100,0.5499,too_few,480,0.4524,0.0068,0.4624,0.9494,0.0031,1.1482,0.0,-0.0389,0.6978
3w,15,15 min,1.5,0,0,0.5,block_t,raw,12912,7332,0.5678,too_few,538,0.2049,0.0053,0.1963,0.9509,0.0032,1.8067,0.0,-0.0406,
3w,15,15 min,1.5,0,0,0.5,block_t,adjusted,12912,7100,0.5499,too_few,480,0.5277,0.0065,0.5309,0.9179,0.0039,0.9698,0.0,-0.0389,0.5866
3w,15,15 min,1.5,0,0,0.5,hac,raw,12912,7332,0.5678,too_few,538,0.3834,0.0067,0.3751,0.8582,0.0051,1.2839,0.0,-0.0408,
3w,15,15 min,1.5,0,0,0.5,hac,adjusted,12912,7100,0.5499,too_few,480,0.6521,0.006,0.6541,0.8377,0.0051,0.7109,0.0,-0.0389,0.6253
3w,15,15 min,1.5,0,0,0.5,ewc,raw,12912,7332,0.5678,too_few,538,0.2718,0.006,0.2623,0.9193,0.004,1.5612,0.0,-0.0408,
3w,15,15 min,1.5,0,0,0.5,ewc,adjusted,12912,7100,0.5499,too_few,480,0.5708,0.0063,0.5746,0.897,0.0043,0.8814,0.0,-0.0389,0.6107
3w,15,15 min,1.5,0,0,0.5,naive,raw,12912,7332,0.5678,too_few,538,0.7617,0.0056,0.7608,0.4326,0.0068,0.472,0.0,-0.0408,
3w,15,15 min,1.5,0,0,0.5,naive,adjusted,12912,7100,0.5499,too_few,480,0.85,0.0044,0.8547,0.4914,0.0066,0.3701,0.0,-0.0389,0.7599
3w,15,15 min,1.5,0,0,0.5,prepost_hac,raw,3228,1770,0.5483,too_few,537,0.7271,0.011,0.7478,0.3475,0.0122,1.1339,0.0,-0.1706,
3w,15,15 min,1.5,0,0,0.5,prepost_hac,adjusted,3228,361,0.1118,covariate_outside,218,0.7258,0.0237,0.7857,0.2659,0.0289,1.0056,0.0,-0.2824,0.9303
3w,15,15 min,1.5,0,0,0.5,prepost_ewc,raw,3228,1770,0.5483,too_few,537,0.6938,0.0119,0.7237,0.365,0.0126,1.2107,0.0,-0.1706,
3w,15,15 min,1.5,0,0,0.5,prepost_ewc,adjusted,3228,361,0.1118,covariate_outside,218,0.7119,0.024,0.7939,0.2992,0.0296,1.0253,0.0,-0.2824,0.947
3w,15,15 min,1.5,5,ceil(3 tau),0.0,randomization,raw,12912,7316,0.5666,too_few,538,0.054,0.0033,0.0551,0.9459,0.0033,1.8523,0.0,-0.0003,
3w,15,15 min,1.5,5,ceil(3 tau),0.0,randomization,adjusted,12912,7084,0.5486,too_few,480,0.0501,0.0033,0.0517,0.9499,0.0033,1.2303,0.0,0.0018,0.7155
3w,15,15 min,1.5,5,ceil(3 tau),0.0,block_t,raw,12912,7316,0.5666,too_few,538,0.0503,0.0032,0.0512,0.9497,0.0032,1.8341,0.0,-0.0003,
3w,15,15 min,1.5,5,ceil(3 tau),0.0,block_t,adjusted,12912,7084,0.5486,too_few,480,0.0865,0.0042,0.0845,0.9135,0.0042,1.0228,0.0,0.0019,0.5947
3w,15,15 min,1.5,5,ceil(3 tau),0.0,hac,raw,12912,7316,0.5666,too_few,538,0.1371,0.005,0.1381,0.8629,0.005,1.3084,0.0,-0.0003,
3w,15,15 min,1.5,5,ceil(3 tau),0.0,hac,adjusted,12912,7084,0.5486,too_few,480,0.169,0.0054,0.1655,0.831,0.0054,0.7666,0.0,0.0018,0.6382
3w,15,15 min,1.5,5,ceil(3 tau),0.0,ewc,raw,12912,7316,0.5666,too_few,538,0.0601,0.0035,0.0604,0.9399,0.0035,1.7376,0.0,-0.0003,
3w,15,15 min,1.5,5,ceil(3 tau),0.0,ewc,adjusted,12912,7084,0.5486,too_few,480,0.0889,0.004,0.0876,0.9111,0.004,0.9787,0.0,0.0018,0.6053
3w,15,15 min,1.5,5,ceil(3 tau),0.0,naive,raw,12912,7316,0.5666,too_few,538,0.5068,0.007,0.5202,0.4932,0.007,0.5731,0.0,-0.0003,
3w,15,15 min,1.5,5,ceil(3 tau),0.0,naive,adjusted,12912,7084,0.5486,too_few,480,0.464,0.0068,0.4738,0.536,0.0068,0.4508,0.0,0.0018,0.7531
3w,15,15 min,1.5,5,ceil(3 tau),0.0,prepost_hac,raw,3228,1751,0.5424,too_few,537,0.6602,0.0121,0.6939,0.3398,0.0121,1.0978,0.0,-0.1793,
3w,15,15 min,1.5,5,ceil(3 tau),0.0,prepost_hac,adjusted,3228,331,0.1025,covariate_outside,205,0.7341,0.0284,0.8397,0.2659,0.0284,0.9439,0.0,-0.2874,0.9445
3w,15,15 min,1.5,5,ceil(3 tau),0.0,prepost_ewc,raw,3228,1751,0.5424,too_few,537,0.6368,0.0125,0.6783,0.3632,0.0125,1.1795,0.0,-0.1793,
3w,15,15 min,1.5,5,ceil(3 tau),0.0,prepost_ewc,adjusted,3228,331,0.1025,covariate_outside,205,0.7039,0.031,0.8248,0.2961,0.031,0.9978,0.0,-0.2874,0.9503
3w,15,15 min,1.5,5,ceil(3 tau),0.1,randomization,raw,12912,7316,0.5666,too_few,538,0.0606,0.0034,0.0611,0.9457,0.0033,1.8524,0.0,-0.0006,
3w,15,15 min,1.5,5,ceil(3 tau),0.1,randomization,adjusted,12912,7084,0.5486,too_few,480,0.1201,0.0046,0.1231,0.9507,0.0033,1.2304,0.0,0.0014,0.7154
3w,15,15 min,1.5,5,ceil(3 tau),0.1,block_t,raw,12912,7316,0.5666,too_few,538,0.0582,0.0034,0.0588,0.9497,0.0032,1.8341,0.0,-0.0006,
3w,15,15 min,1.5,5,ceil(3 tau),0.1,block_t,adjusted,12912,7084,0.5486,too_few,480,0.1735,0.0052,0.1733,0.9146,0.0041,1.0228,0.0,0.0014,0.5948
3w,15,15 min,1.5,5,ceil(3 tau),0.1,hac,raw,12912,7316,0.5666,too_few,538,0.1575,0.0052,0.1584,0.8629,0.005,1.3082,0.0,-0.0006,
3w,15,15 min,1.5,5,ceil(3 tau),0.1,hac,adjusted,12912,7084,0.5486,too_few,480,0.2692,0.0059,0.2702,0.832,0.0054,0.7666,0.0,0.0014,0.6381
3w,15,15 min,1.5,5,ceil(3 tau),0.1,ewc,raw,12912,7316,0.5666,too_few,538,0.0692,0.0036,0.07,0.9399,0.0035,1.7376,0.0,-0.0006,
3w,15,15 min,1.5,5,ceil(3 tau),0.1,ewc,adjusted,12912,7084,0.5486,too_few,480,0.1863,0.0052,0.187,0.9121,0.004,0.9785,0.0,0.0014,0.6053
3w,15,15 min,1.5,5,ceil(3 tau),0.1,naive,raw,12912,7316,0.5666,too_few,538,0.5139,0.0069,0.5253,0.4932,0.007,0.5731,0.0,-0.0006,
3w,15,15 min,1.5,5,ceil(3 tau),0.1,naive,adjusted,12912,7084,0.5486,too_few,480,0.5508,0.0063,0.5625,0.5368,0.0068,0.4508,0.0,0.0014,0.7531
3w,15,15 min,1.5,5,ceil(3 tau),0.1,prepost_hac,raw,3228,1751,0.5424,too_few,537,0.6648,0.012,0.6988,0.3398,0.0121,1.0978,0.0,-0.1794,
3w,15,15 min,1.5,5,ceil(3 tau),0.1,prepost_hac,adjusted,3228,331,0.1025,covariate_outside,205,0.7281,0.0279,0.8306,0.2659,0.0284,0.9429,0.0,-0.2874,0.9445
3w,15,15 min,1.5,5,ceil(3 tau),0.1,prepost_ewc,raw,3228,1751,0.5424,too_few,537,0.6436,0.0126,0.6866,0.3632,0.0125,1.1795,0.0,-0.1794,
3w,15,15 min,1.5,5,ceil(3 tau),0.1,prepost_ewc,adjusted,3228,331,0.1025,covariate_outside,205,0.719,0.0278,0.8258,0.2961,0.031,0.9977,0.0,-0.2874,0.9503
3w,15,15 min,1.5,5,ceil(3 tau),0.25,randomization,raw,12912,7316,0.5666,too_few,538,0.1029,0.0041,0.0992,0.9459,0.0033,1.8526,0.0,-0.0015,
3w,15,15 min,1.5,5,ceil(3 tau),0.25,randomization,adjusted,12912,7084,0.5486,too_few,480,0.2506,0.0061,0.2586,0.9506,0.0033,1.2305,0.0,0.0007,0.7152
3w,15,15 min,1.5,5,ceil(3 tau),0.25,block_t,raw,12912,7316,0.5666,too_few,538,0.0976,0.004,0.0945,0.9497,0.0032,1.8341,0.0,-0.0015,
3w,15,15 min,1.5,5,ceil(3 tau),0.25,block_t,adjusted,12912,7084,0.5486,too_few,480,0.3179,0.0063,0.3226,0.9149,0.0041,1.0227,0.0,0.0008,0.5949
3w,15,15 min,1.5,5,ceil(3 tau),0.25,hac,raw,12912,7316,0.5666,too_few,538,0.2255,0.0057,0.2258,0.8629,0.005,1.3082,0.0,-0.0015,
3w,15,15 min,1.5,5,ceil(3 tau),0.25,hac,adjusted,12912,7084,0.5486,too_few,480,0.4351,0.0065,0.4417,0.8322,0.0054,0.7665,0.0,0.0007,0.6381
3w,15,15 min,1.5,5,ceil(3 tau),0.25,ewc,raw,12912,7316,0.5666,too_few,538,0.1226,0.0044,0.1214,0.9399,0.0035,1.7374,0.0,-0.0015,
3w,15,15 min,1.5,5,ceil(3 tau),0.25,ewc,adjusted,12912,7084,0.5486,too_few,480,0.3388,0.0063,0.3461,0.9122,0.0039,0.9785,0.0,0.0007,0.6054
3w,15,15 min,1.5,5,ceil(3 tau),0.25,naive,raw,12912,7316,0.5666,too_few,538,0.5737,0.0066,0.5791,0.4932,0.007,0.5731,0.0,-0.0015,
3w,15,15 min,1.5,5,ceil(3 tau),0.25,naive,adjusted,12912,7084,0.5486,too_few,480,0.663,0.0058,0.6762,0.5367,0.0068,0.4508,0.0,0.0007,0.7531
3w,15,15 min,1.5,5,ceil(3 tau),0.25,prepost_hac,raw,3228,1751,0.5424,too_few,537,0.691,0.0118,0.7216,0.3398,0.0121,1.0978,0.0,-0.1794,
3w,15,15 min,1.5,5,ceil(3 tau),0.25,prepost_hac,adjusted,3228,331,0.1025,covariate_outside,205,0.7462,0.0273,0.8329,0.2659,0.0284,0.943,0.0,-0.2875,0.9445
3w,15,15 min,1.5,5,ceil(3 tau),0.25,prepost_ewc,raw,3228,1751,0.5424,too_few,537,0.6608,0.0123,0.6986,0.3632,0.0125,1.1795,0.0,-0.1794,
3w,15,15 min,1.5,5,ceil(3 tau),0.25,prepost_ewc,adjusted,3228,331,0.1025,covariate_outside,205,0.716,0.0273,0.815,0.2961,0.031,0.9977,0.0,-0.2875,0.9503
3w,15,15 min,1.5,5,ceil(3 tau),0.5,randomization,raw,12912,7316,0.5666,too_few,538,0.2132,0.0055,0.2069,0.946,0.0033,1.8528,0.0,-0.0024,
3w,15,15 min,1.5,5,ceil(3 tau),0.5,randomization,adjusted,12912,7084,0.5486,too_few,480,0.4565,0.0068,0.4669,0.9507,0.0033,1.2307,0.0,-0.0005,0.7153
3w,15,15 min,1.5,5,ceil(3 tau),0.5,block_t,raw,12912,7316,0.5666,too_few,538,0.2083,0.0054,0.2027,0.9497,0.0032,1.8338,0.0,-0.0024,
3w,15,15 min,1.5,5,ceil(3 tau),0.5,block_t,adjusted,12912,7084,0.5486,too_few,480,0.5364,0.0064,0.5397,0.915,0.0041,1.0226,0.0,-0.0002,0.5949
3w,15,15 min,1.5,5,ceil(3 tau),0.5,hac,raw,12912,7316,0.5666,too_few,538,0.3961,0.0067,0.3897,0.863,0.005,1.3081,0.0,-0.0024,
3w,15,15 min,1.5,5,ceil(3 tau),0.5,hac,adjusted,12912,7084,0.5486,too_few,480,0.6575,0.0059,0.6612,0.8319,0.0054,0.7662,0.0,-0.0005,0.6381
3w,15,15 min,1.5,5,ceil(3 tau),0.5,ewc,raw,12912,7316,0.5666,too_few,538,0.2525,0.0057,0.2477,0.94,0.0035,1.7372,0.0,-0.0024,
3w,15,15 min,1.5,5,ceil(3 tau),0.5,ewc,adjusted,12912,7084,0.5486,too_few,480,0.5606,0.0064,0.5667,0.9123,0.0039,0.9783,0.0,-0.0005,0.6054
3w,15,15 min,1.5,5,ceil(3 tau),0.5,naive,raw,12912,7316,0.5666,too_few,538,0.7203,0.006,0.7211,0.4933,0.007,0.5731,0.0,-0.0024,
3w,15,15 min,1.5,5,ceil(3 tau),0.5,naive,adjusted,12912,7084,0.5486,too_few,480,0.8265,0.0048,0.8346,0.5373,0.0068,0.4508,0.0,-0.0005,0.7532
3w,15,15 min,1.5,5,ceil(3 tau),0.5,prepost_hac,raw,3228,1751,0.5424,too_few,537,0.7253,0.0112,0.7461,0.3398,0.0121,1.0978,0.0,-0.1795,
3w,15,15 min,1.5,5,ceil(3 tau),0.5,prepost_hac,adjusted,3228,331,0.1025,covariate_outside,205,0.7462,0.0245,0.8102,0.2659,0.0284,0.9432,0.0,-0.2876,0.9445
3w,15,15 min,1.5,5,ceil(3 tau),0.5,prepost_ewc,raw,3228,1751,0.5424,too_few,537,0.6979,0.012,0.7275,0.3632,0.0125,1.1794,0.0,-0.1795,
3w,15,15 min,1.5,5,ceil(3 tau),0.5,prepost_ewc,adjusted,3228,331,0.1025,covariate_outside,205,0.713,0.0247,0.7893,0.2961,0.031,0.9977,0.0,-0.2876,0.9502
3w,15,15 min,3.75,0,0,0.0,randomization,raw,12912,7332,0.5678,too_few,538,0.0544,0.0033,0.0553,0.9453,0.0033,1.8298,0.0,-0.0015,
3w,15,15 min,3.75,0,0,0.0,randomization,adjusted,12912,7100,0.5499,too_few,480,0.0503,0.0032,0.0513,0.9497,0.0032,1.1482,0.0,0.0003,0.6987
3w,15,15 min,3.75,0,0,0.0,block_t,raw,12912,7332,0.5678,too_few,538,0.0491,0.0032,0.0503,0.9509,0.0032,1.8085,0.0,-0.0013,
3w,15,15 min,3.75,0,0,0.0,block_t,adjusted,12912,7100,0.5499,too_few,480,0.0837,0.004,0.0809,0.9163,0.004,0.9675,0.0,0.0003,0.5868
3w,15,15 min,3.75,0,0,0.0,hac,raw,12912,7332,0.5678,too_few,538,0.1421,0.0051,0.1414,0.8579,0.0051,1.2822,0.0,-0.0015,
3w,15,15 min,3.75,0,0,0.0,hac,adjusted,12912,7100,0.5499,too_few,480,0.1637,0.0052,0.1616,0.8363,0.0052,0.7098,0.0,0.0003,0.6265
3w,15,15 min,3.75,0,0,0.0,ewc,raw,12912,7332,0.5678,too_few,538,0.081,0.004,0.0825,0.919,0.004,1.5597,0.0,-0.0015,
3w,15,15 min,3.75,0,0,0.0,ewc,adjusted,12912,7100,0.5499,too_few,480,0.1017,0.0043,0.1001,0.8983,0.0043,0.8801,0.0,0.0003,0.6095
3w,15,15 min,3.75,0,0,0.0,naive,raw,12912,7332,0.5678,too_few,538,0.5678,0.0068,0.5847,0.4322,0.0068,0.4719,0.0,-0.0015,
3w,15,15 min,3.75,0,0,0.0,naive,adjusted,12912,7100,0.5499,too_few,480,0.5148,0.0066,0.5268,0.4852,0.0066,0.3691,0.0,0.0003,0.758
3w,15,15 min,3.75,0,0,0.0,prepost_hac,raw,3228,1770,0.5483,too_few,537,0.6525,0.0122,0.6858,0.3475,0.0122,1.1397,0.0,-0.1662,
3w,15,15 min,3.75,0,0,0.0,prepost_hac,adjusted,3228,361,0.1118,covariate_outside,218,0.7368,0.0285,0.8456,0.2632,0.0285,0.9899,0.0,-0.2781,0.9314
3w,15,15 min,3.75,0,0,0.0,prepost_ewc,raw,3228,1770,0.5483,too_few,537,0.635,0.0125,0.6763,0.365,0.0125,1.2122,0.0,-0.1662,
3w,15,15 min,3.75,0,0,0.0,prepost_ewc,adjusted,3228,361,0.1118,covariate_outside,218,0.7036,0.0297,0.8261,0.2964,0.0297,1.0237,0.0,-0.2781,0.9474
3w,15,15 min,3.75,0,0,0.1,randomization,raw,12912,7332,0.5678,too_few,538,0.0616,0.0035,0.062,0.945,0.0033,1.8299,0.0,-0.0269,
3w,15,15 min,3.75,0,0,0.1,randomization,adjusted,12912,7100,0.5499,too_few,480,0.1049,0.0042,0.1059,0.9492,0.0032,1.1481,0.0,-0.0233,0.6982
3w,15,15 min,3.75,0,0,0.1,block_t,raw,12912,7332,0.5678,too_few,538,0.0576,0.0034,0.0579,0.9508,0.0032,1.8083,0.0,-0.0265,
3w,15,15 min,3.75,0,0,0.1,block_t,adjusted,12912,7100,0.5499,too_few,480,0.147,0.0049,0.1451,0.9159,0.004,0.9694,0.0,-0.0233,0.5862
3w,15,15 min,3.75,0,0,0.1,hac,raw,12912,7332,0.5678,too_few,538,0.1549,0.0052,0.1549,0.858,0.0051,1.282,0.0,-0.0269,
3w,15,15 min,3.75,0,0,0.1,hac,adjusted,12912,7100,0.5499,too_few,480,0.2468,0.0056,0.2457,0.8368,0.0052,0.7096,0.0,-0.0233,0.6268
3w,15,15 min,3.75,0,0,0.1,ewc,raw,12912,7332,0.5678,too_few,538,0.088,0.0041,0.0896,0.9188,0.004,1.5607,0.0,-0.0269,
3w,15,15 min,3.75,0,0,0.1,ewc,adjusted,12912,7100,0.5499,too_few,480,0.1742,0.005,0.1742,0.8972,0.0043,0.8805,0.0,-0.0233,0.6105
3w,15,15 min,3.75,0,0,0.1,naive,raw,12912,7332,0.5678,too_few,538,0.572,0.0068,0.5879,0.4322,0.0068,0.4715,0.0,-0.0269,
3w,15,15 min,3.75,0,0,0.1,naive,adjusted,12912,7100,0.5499,too_few,480,0.5739,0.0062,0.5852,0.4841,0.0066,0.3689,0.0,-0.0233,0.7583
3w,15,15 min,3.75,0,0,0.1,prepost_hac,raw,3228,1770,0.5483,too_few,537,0.6565,0.0121,0.6881,0.348,0.0122,1.1366,0.0,-0.1689,
3w,15,15 min,3.75,0,0,0.1,prepost_hac,adjusted,3228,361,0.1118,covariate_outside,218,0.723,0.0276,0.8266,0.2659,0.0289,0.9911,0.0,-0.2808,0.9337
3w,15,15 min,3.75,0,0,0.1,prepost_ewc,raw,3228,1770,0.5483,too_few,537,0.6322,0.0126,0.6736,0.3655,0.0125,1.2125,0.0,-0.1689,
3w,15,15 min,3.75,0,0,0.1,prepost_ewc,adjusted,3228,361,0.1118,covariate_outside,218,0.7008,0.0282,0.8112,0.2964,0.0297,1.0226,0.0,-0.2808,0.9476
3w,15,15 min,3.75,0,0,0.25,randomization,raw,12912,7332,0.5678,too_few,538,0.0896,0.0039,0.0854,0.9453,0.0033,1.8298,0.0,-0.0608,
3w,15,15 min,3.75,0,0,0.25,randomization,adjusted,12912,7100,0.5499,too_few,480,0.2101,0.0058,0.2168,0.9494,0.0031,1.1517,0.0,-0.0599,0.6973
3w,15,15 min,3.75,0,0,0.25,block_t,raw,12912,7332,0.5678,too_few,538,0.0867,0.0039,0.0839,0.951,0.0032,1.8066,0.0,-0.0606,
3w,15,15 min,3.75,0,0,0.25,block_t,adjusted,12912,7100,0.5499,too_few,480,0.2646,0.0061,0.2696,0.9176,0.0039,0.9715,0.0,-0.0599,0.5863
3w,15,15 min,3.75,0,0,0.25,hac,raw,12912,7332,0.5678,too_few,538,0.2024,0.0056,0.2002,0.8584,0.0051,1.2821,0.0,-0.0608,
3w,15,15 min,3.75,0,0,0.25,hac,adjusted,12912,7100,0.5499,too_few,480,0.3825,0.0063,0.3869,0.8387,0.0051,0.7112,0.0,-0.0599,0.6257
3w,15,15 min,3.75,0,0,0.25,ewc,raw,12912,7332,0.5678,too_few,538,0.126,0.0047,0.1234,0.9195,0.004,1.5619,0.0,-0.0608,
3w,15,15 min,3.75,0,0,0.25,ewc,adjusted,12912,7100,0.5499,too_few,480,0.303,0.006,0.3083,0.8985,0.0042,0.8822,0.0,-0.0599,0.6113
3w,15,15 min,3.75,0,0,0.25,naive,raw,12912,7332,0.5678,too_few,538,0.606,0.0065,0.6124,0.4325,0.0068,0.4715,0.0,-0.0608,
3w,15,15 min,3.75,0,0,0.25,naive,adjusted,12912,7100,0.5499,too_few,480,0.6627,0.0057,0.6737,0.4856,0.0066,0.3702,0.0,-0.0599,0.7586
3w,15,15 min,3.75,0,0,0.25,prepost_hac,raw,3228,1770,0.5483,too_few,537,0.6825,0.0116,0.7107,0.3486,0.0122,1.1378,0.0,-0.173,
3w,15,15 min,3.75,0,0,0.25,prepost_hac,adjusted,3228,361,0.1118,covariate_outside,218,0.7396,0.0253,0.8287,0.2659,0.0289,0.994,0.0,-0.2849,0.932
3w,15,15 min,3.75,0,0,0.25,prepost_ewc,raw,3228,1770,0.5483,too_few,537,0.6537,0.0124,0.6909,0.3661,0.0125,1.2101,0.0,-0.173,
3w,15,15 min,3.75,0,0,0.25,prepost_ewc,adjusted,3228,361,0.1118,covariate_outside,218,0.7036,0.0256,0.8037,0.2992,0.0296,1.0295,0.0,-0.2849,0.9466
3w,15,15 min,3.75,0,0,0.5,randomization,raw,12912,7332,0.5678,too_few,538,0.1661,0.005,0.1575,0.9468,0.0033,1.834,0.0,-0.1212,
3w,15,15 min,3.75,0,0,0.5,randomization,adjusted,12912,7100,0.5499,too_few,480,0.3759,0.0067,0.3858,0.9506,0.0031,1.1569,0.0,-0.1239,0.6986
3w,15,15 min,3.75,0,0,0.5,block_t,raw,12912,7332,0.5678,too_few,538,0.1641,0.0049,0.1551,0.9509,0.0032,1.814,0.0,-0.1213,
3w,15,15 min,3.75,0,0,0.5,block_t,adjusted,12912,7100,0.5499,too_few,480,0.4454,0.0066,0.4503,0.9189,0.0039,0.9738,0.0,-0.1237,0.5868
3w,15,15 min,3.75,0,0,0.5,hac,raw,12912,7332,0.5678,too_few,538,0.3223,0.0064,0.315,0.8586,0.0051,1.2856,0.0,-0.1212,
3w,15,15 min,3.75,0,0,0.5,hac,adjusted,12912,7100,0.5499,too_few,480,0.5751,0.0062,0.5786,0.8415,0.005,0.7167,0.0,-0.1239,0.6276
3w,15,15 min,3.75,0,0,0.5,ewc,raw,12912,7332,0.5678,too_few,538,0.219,0.0056,0.2137,0.9206,0.004,1.565,0.0,-0.1212,
3w,15,15 min,3.75,0,0,0.5,ewc,adjusted,12912,7100,0.5499,too_few,480,0.4915,0.0066,0.4975,0.8996,0.0041,0.8913,0.0,-0.1239,0.6124
3w,15,15 min,3.75,0,0,0.5,naive,raw,12912,7332,0.5678,too_few,538,0.7122,0.0059,0.7088,0.434,0.0068,0.4737,0.0,-0.1212,
3w,15,15 min,3.75,0,0,0.5,naive,adjusted,12912,7100,0.5499,too_few,480,0.8001,0.0049,0.8069,0.4979,0.0066,0.3728,0.0,-0.1239,0.7607
3w,15,15 min,3.75,0,0,0.5,prepost_hac,raw,3228,1770,0.5483,too_few,537,0.7254,0.0111,0.7467,0.3503,0.0123,1.1331,0.0,-0.1798,
3w,15,15 min,3.75,0,0,0.5,prepost_hac,adjusted,3228,361,0.1118,covariate_outside,218,0.7313,0.0235,0.796,0.2659,0.0289,0.9959,0.0,-0.2917,0.9282
3w,15,15 min,3.75,0,0,0.5,prepost_ewc,raw,3228,1770,0.5483,too_few,537,0.6944,0.012,0.7245,0.3655,0.0125,1.2141,0.0,-0.1798,
3w,15,15 min,3.75,0,0,0.5,prepost_ewc,adjusted,3228,361,0.1118,covariate_outside,218,0.7147,0.0241,0.7962,0.3019,0.0296,1.0309,0.0,-0.2917,0.9461
3w,15,15 min,3.75,12,ceil(3 tau),0.0,randomization,raw,12912,7300,0.5654,too_few,538,0.0527,0.0033,0.0544,0.9467,0.0033,1.9187,0.0,0.0,
3w,15,15 min,3.75,12,ceil(3 tau),0.0,randomization,adjusted,12912,6876,0.5325,too_few,472,0.05,0.0035,0.0508,0.95,0.0035,1.4641,0.0,0.0003,0.7675
3w,15,15 min,3.75,12,ceil(3 tau),0.0,block_t,raw,12912,7300,0.5654,too_few,538,0.0505,0.0033,0.0526,0.9495,0.0033,1.9212,0.0,0.0001,
3w,15,15 min,3.75,12,ceil(3 tau),0.0,block_t,adjusted,12912,6876,0.5325,too_few,472,0.0971,0.0047,0.0937,0.9029,0.0047,1.1661,0.0,0.0003,0.6143
3w,15,15 min,3.75,12,ceil(3 tau),0.0,hac,raw,12912,7300,0.5654,too_few,538,0.1221,0.0047,0.1258,0.8779,0.0047,1.4312,0.0,0.0,
3w,15,15 min,3.75,12,ceil(3 tau),0.0,hac,adjusted,12912,6876,0.5325,too_few,472,0.155,0.0054,0.1533,0.845,0.0054,0.9569,0.0,0.0003,0.6674
3w,15,15 min,3.75,12,ceil(3 tau),0.0,ewc,raw,12912,7300,0.5654,too_few,538,0.0407,0.0027,0.0403,0.9593,0.0027,2.1824,0.0,0.0,
3w,15,15 min,3.75,12,ceil(3 tau),0.0,ewc,adjusted,12912,6876,0.5325,too_few,472,0.0698,0.0036,0.0676,0.9302,0.0036,1.264,0.0,0.0003,0.616
3w,15,15 min,3.75,12,ceil(3 tau),0.0,naive,raw,12912,7300,0.5654,too_few,538,0.2647,0.0064,0.2776,0.7353,0.0064,1.0454,0.0,0.0,
3w,15,15 min,3.75,12,ceil(3 tau),0.0,naive,adjusted,12912,6876,0.5325,too_few,472,0.26,0.0065,0.2682,0.74,0.0065,0.8165,0.0,0.0003,0.7544
3w,15,15 min,3.75,12,ceil(3 tau),0.0,prepost_hac,raw,3228,1755,0.5437,too_few,537,0.6615,0.0122,0.6962,0.3385,0.0122,1.0625,0.0,-0.2088,
3w,15,15 min,3.75,12,ceil(3 tau),0.0,prepost_hac,adjusted,3228,327,0.1013,covariate_outside,203,0.7309,0.0281,0.8352,0.2691,0.0281,0.9163,0.0,-0.2809,0.9311
3w,15,15 min,3.75,12,ceil(3 tau),0.0,prepost_ewc,raw,3228,1755,0.5437,too_few,537,0.6405,0.0125,0.6823,0.3595,0.0125,1.1434,0.0,-0.2088,
3w,15,15 min,3.75,12,ceil(3 tau),0.0,prepost_ewc,adjusted,3228,327,0.1013,covariate_outside,203,0.7125,0.0297,0.8259,0.2875,0.0297,0.9733,0.0,-0.2809,0.9575
3w,15,15 min,3.75,12,ceil(3 tau),0.1,randomization,raw,12912,7300,0.5654,too_few,538,0.0614,0.0034,0.0629,0.9466,0.0033,1.9179,0.0,-0.0028,
3w,15,15 min,3.75,12,ceil(3 tau),0.1,randomization,adjusted,12912,6876,0.5325,too_few,472,0.1102,0.0046,0.1142,0.95,0.0035,1.4641,0.0,-0.0023,0.7677
3w,15,15 min,3.75,12,ceil(3 tau),0.1,block_t,raw,12912,7300,0.5654,too_few,538,0.0564,0.0034,0.0575,0.9493,0.0033,1.9209,0.0,-0.0028,
3w,15,15 min,3.75,12,ceil(3 tau),0.1,block_t,adjusted,12912,6876,0.5325,too_few,472,0.1665,0.0053,0.1662,0.903,0.0047,1.1661,0.0,-0.0023,0.6143
3w,15,15 min,3.75,12,ceil(3 tau),0.1,hac,raw,12912,7300,0.5654,too_few,538,0.1308,0.0049,0.136,0.8778,0.0047,1.4308,0.0,-0.0028,
3w,15,15 min,3.75,12,ceil(3 tau),0.1,hac,adjusted,12912,6876,0.5325,too_few,472,0.2452,0.0058,0.2485,0.8445,0.0054,0.9567,0.0,-0.0023,0.6674
3w,15,15 min,3.75,12,ceil(3 tau),0.1,ewc,raw,12912,7300,0.5654,too_few,538,0.0445,0.0028,0.0443,0.9593,0.0027,2.1821,0.0,-0.0028,
3w,15,15 min,3.75,12,ceil(3 tau),0.1,ewc,adjusted,12912,6876,0.5325,too_few,472,0.1421,0.0047,0.1413,0.9305,0.0036,1.2641,0.0,-0.0023,0.6163
3w,15,15 min,3.75,12,ceil(3 tau),0.1,naive,raw,12912,7300,0.5654,too_few,538,0.2714,0.0063,0.2825,0.7355,0.0064,1.0454,0.0,-0.0028,
3w,15,15 min,3.75,12,ceil(3 tau),0.1,naive,adjusted,12912,6876,0.5325,too_few,472,0.3422,0.0063,0.3536,0.74,0.0065,0.8163,0.0,-0.0023,0.7547
3w,15,15 min,3.75,12,ceil(3 tau),0.1,prepost_hac,raw,3228,1755,0.5437,too_few,537,0.6661,0.0119,0.7004,0.3385,0.0122,1.0622,0.0,-0.2089,
3w,15,15 min,3.75,12,ceil(3 tau),0.1,prepost_hac,adjusted,3228,327,0.1013,covariate_outside,203,0.7278,0.0278,0.8258,0.2691,0.0281,0.9149,0.0,-0.281,0.9311
3w,15,15 min,3.75,12,ceil(3 tau),0.1,prepost_ewc,raw,3228,1755,0.5437,too_few,537,0.6456,0.0128,0.6867,0.3595,0.0125,1.1435,0.0,-0.2089,
3w,15,15 min,3.75,12,ceil(3 tau),0.1,prepost_ewc,adjusted,3228,327,0.1013,covariate_outside,203,0.7003,0.0303,0.814,0.2875,0.0297,0.9729,0.0,-0.281,0.9575
3w,15,15 min,3.75,12,ceil(3 tau),0.25,randomization,raw,12912,7300,0.5654,too_few,538,0.0808,0.0038,0.0824,0.9464,0.0033,1.9188,0.0,-0.0069,
3w,15,15 min,3.75,12,ceil(3 tau),0.25,randomization,adjusted,12912,6876,0.5325,too_few,472,0.2106,0.0059,0.223,0.95,0.0035,1.4628,0.0,-0.006,0.7681
3w,15,15 min,3.75,12,ceil(3 tau),0.25,block_t,raw,12912,7300,0.5654,too_few,538,0.0786,0.0038,0.0802,0.9495,0.0032,1.9215,0.0,-0.0068,
3w,15,15 min,3.75,12,ceil(3 tau),0.25,block_t,adjusted,12912,6876,0.5325,too_few,472,0.2871,0.0062,0.2932,0.9034,0.0047,1.1661,0.0,-0.006,0.6144
3w,15,15 min,3.75,12,ceil(3 tau),0.25,hac,raw,12912,7300,0.5654,too_few,538,0.174,0.0053,0.1795,0.8779,0.0047,1.4305,0.0,-0.0069,
3w,15,15 min,3.75,12,ceil(3 tau),0.25,hac,adjusted,12912,6876,0.5325,too_few,472,0.38,0.0064,0.3918,0.845,0.0054,0.957,0.0,-0.006,0.6673
3w,15,15 min,3.75,12,ceil(3 tau),0.25,ewc,raw,12912,7300,0.5654,too_few,538,0.0766,0.0035,0.0773,0.9593,0.0027,2.1827,0.0,-0.0069,
3w,15,15 min,3.75,12,ceil(3 tau),0.25,ewc,adjusted,12912,6876,0.5325,too_few,472,0.2612,0.006,0.2683,0.93,0.0036,1.2648,0.0,-0.006,0.6163
3w,15,15 min,3.75,12,ceil(3 tau),0.25,naive,raw,12912,7300,0.5654,too_few,538,0.3184,0.0065,0.3276,0.7353,0.0064,1.0453,0.0,-0.0069,
3w,15,15 min,3.75,12,ceil(3 tau),0.25,naive,adjusted,12912,6876,0.5325,too_few,472,0.4599,0.0065,0.4763,0.7392,0.0065,0.8165,0.0,-0.006,0.7548
3w,15,15 min,3.75,12,ceil(3 tau),0.25,prepost_hac,raw,3228,1755,0.5437,too_few,537,0.6952,0.0118,0.7255,0.3385,0.0122,1.0618,0.0,-0.2091,
3w,15,15 min,3.75,12,ceil(3 tau),0.25,prepost_hac,adjusted,3228,327,0.1013,covariate_outside,203,0.7431,0.0275,0.8284,0.2691,0.0281,0.9129,0.0,-0.2812,0.9311
3w,15,15 min,3.75,12,ceil(3 tau),0.25,prepost_ewc,raw,3228,1755,0.5437,too_few,537,0.6672,0.0123,0.7056,0.3595,0.0125,1.1436,0.0,-0.2091,
3w,15,15 min,3.75,12,ceil(3 tau),0.25,prepost_ewc,adjusted,3228,327,0.1013,covariate_outside,203,0.7187,0.028,0.8242,0.2875,0.0297,0.9724,0.0,-0.2812,0.9575
3w,15,15 min,3.75,12,ceil(3 tau),0.5,randomization,raw,12912,7300,0.5654,too_few,538,0.1707,0.005,0.1707,0.9462,0.0033,1.9194,0.0,-0.0138,
3w,15,15 min,3.75,12,ceil(3 tau),0.5,randomization,adjusted,12912,6876,0.5325,too_few,472,0.3864,0.0069,0.4041,0.9498,0.0036,1.4629,0.0,-0.0128,0.7683
3w,15,15 min,3.75,12,ceil(3 tau),0.5,block_t,raw,12912,7300,0.5654,too_few,538,0.1675,0.005,0.1679,0.9495,0.0032,1.9212,0.0,-0.0137,
3w,15,15 min,3.75,12,ceil(3 tau),0.5,block_t,adjusted,12912,6876,0.5325,too_few,472,0.4846,0.0066,0.4915,0.9037,0.0047,1.1668,0.0,-0.0128,0.6141
3w,15,15 min,3.75,12,ceil(3 tau),0.5,hac,raw,12912,7300,0.5654,too_few,538,0.3278,0.0064,0.3301,0.8775,0.0047,1.4307,0.0,-0.0138,
3w,15,15 min,3.75,12,ceil(3 tau),0.5,hac,adjusted,12912,6876,0.5325,too_few,472,0.5774,0.0064,0.5888,0.8441,0.0054,0.9568,0.0,-0.0128,0.6671
3w,15,15 min,3.75,12,ceil(3 tau),0.5,ewc,raw,12912,7300,0.5654,too_few,538,0.1653,0.005,0.1659,0.9596,0.0027,2.1824,0.0,-0.0138,
3w,15,15 min,3.75,12,ceil(3 tau),0.5,ewc,adjusted,12912,6876,0.5325,too_few,472,0.4446,0.0067,0.4578,0.9296,0.0036,1.2631,0.0,-0.0128,0.616
3w,15,15 min,3.75,12,ceil(3 tau),0.5,naive,raw,12912,7300,0.5654,too_few,538,0.4677,0.0067,0.4711,0.7355,0.0064,1.045,0.0,-0.0138,
3w,15,15 min,3.75,12,ceil(3 tau),0.5,naive,adjusted,12912,6876,0.5325,too_few,472,0.6373,0.0061,0.6518,0.7394,0.0065,0.8171,0.0,-0.0128,0.7549
3w,15,15 min,3.75,12,ceil(3 tau),0.5,prepost_hac,raw,3228,1755,0.5437,too_few,537,0.735,0.0108,0.7548,0.3385,0.0122,1.0611,0.0,-0.2094,
3w,15,15 min,3.75,12,ceil(3 tau),0.5,prepost_hac,adjusted,3228,327,0.1013,covariate_outside,203,0.7584,0.0255,0.8249,0.2691,0.0281,0.9145,0.0,-0.2815,0.9311
3w,15,15 min,3.75,12,ceil(3 tau),0.5,prepost_ewc,raw,3228,1755,0.5437,too_few,537,0.71,0.012,0.7404,0.3595,0.0125,1.1441,0.0,-0.2094,
3w,15,15 min,3.75,12,ceil(3 tau),0.5,prepost_ewc,adjusted,3228,327,0.1013,covariate_outside,203,0.7339,0.0249,0.8129,0.2875,0.0297,0.9716,0.0,-0.2815,0.9575
3w,30,30 min,0.0,0,ceil(3 tau),0.0,randomization,raw,12912,7332,0.5678,too_few,538,0.0269,0.0025,0.0257,0.973,0.0025,3.7092,0.0,0.0001,
3w,30,30 min,0.0,0,ceil(3 tau),0.0,randomization,adjusted,12912,7100,0.5499,too_few,480,0.0293,0.0026,0.0283,0.9718,0.0026,4.1572,0.2263,0.0,0.934
3w,30,30 min,0.0,0,ceil(3 tau),0.0,block_t,raw,12912,7332,0.5678,too_few,538,0.0436,0.0031,0.0432,0.9564,0.0031,3.0802,0.0,0.0001,
3w,30,30 min,0.0,0,ceil(3 tau),0.0,block_t,adjusted,12912,7100,0.5499,too_few,480,0.1227,0.0051,0.1155,0.8773,0.0051,1.3376,0.0,0.0,0.5011
3w,30,30 min,0.0,0,ceil(3 tau),0.0,hac,raw,12912,7332,0.5678,too_few,538,0.2069,0.006,0.2032,0.7931,0.006,1.5416,0.0,0.0001,
3w,30,30 min,0.0,0,ceil(3 tau),0.0,hac,adjusted,12912,7100,0.5499,too_few,480,0.2734,0.0063,0.2676,0.7266,0.0063,0.8034,0.0,0.0,0.61
3w,30,30 min,0.0,0,ceil(3 tau),0.0,ewc,raw,12912,7332,0.5678,too_few,538,0.1836,0.0058,0.189,0.8164,0.0058,1.6319,0.0,0.0001,
3w,30,30 min,0.0,0,ceil(3 tau),0.0,ewc,adjusted,12912,7100,0.5499,too_few,480,0.2137,0.0058,0.2112,0.7863,0.0058,0.9591,0.0,0.0,0.6333
3w,30,30 min,0.0,0,ceil(3 tau),0.0,naive,raw,12912,7332,0.5678,too_few,538,0.6658,0.0064,0.6789,0.3342,0.0064,0.4638,0.0,0.0001,
3w,30,30 min,0.0,0,ceil(3 tau),0.0,naive,adjusted,12912,7100,0.5499,too_few,480,0.6049,0.0062,0.6153,0.3951,0.0062,0.3812,0.0,0.0,0.814
3w,30,30 min,0.0,0,ceil(3 tau),0.0,prepost_hac,raw,3228,1770,0.5483,too_few,537,0.6525,0.0122,0.6858,0.3475,0.0122,1.1397,0.0,-0.1662,
3w,30,30 min,0.0,0,ceil(3 tau),0.0,prepost_hac,adjusted,3228,361,0.1118,covariate_outside,218,0.7368,0.0285,0.8456,0.2632,0.0285,0.9899,0.0,-0.2781,0.9314
3w,30,30 min,0.0,0,ceil(3 tau),0.0,prepost_ewc,raw,3228,1770,0.5483,too_few,537,0.635,0.0125,0.6763,0.365,0.0125,1.2122,0.0,-0.1662,
3w,30,30 min,0.0,0,ceil(3 tau),0.0,prepost_ewc,adjusted,3228,361,0.1118,covariate_outside,218,0.7036,0.0297,0.8261,0.2964,0.0297,1.0237,0.0,-0.2781,0.9474
3w,30,30 min,0.0,0,ceil(3 tau),0.1,randomization,raw,12912,7332,0.5678,too_few,538,0.03,0.0025,0.0282,0.973,0.0025,3.7092,0.0,0.0001,
3w,30,30 min,0.0,0,ceil(3 tau),0.1,randomization,adjusted,12912,7100,0.5499,too_few,480,0.0525,0.0034,0.0511,0.9718,0.0026,4.1572,0.2263,0.0,0.934
3w,30,30 min,0.0,0,ceil(3 tau),0.1,block_t,raw,12912,7332,0.5678,too_few,538,0.0475,0.0032,0.0465,0.9564,0.0031,3.0802,0.0,0.0001,
3w,30,30 min,0.0,0,ceil(3 tau),0.1,block_t,adjusted,12912,7100,0.5499,too_few,480,0.1821,0.0055,0.1764,0.8773,0.0051,1.3376,0.0,0.0,0.5011
3w,30,30 min,0.0,0,ceil(3 tau),0.1,hac,raw,12912,7332,0.5678,too_few,538,0.2223,0.0061,0.2186,0.7931,0.006,1.5416,0.0,0.0001,
3w,30,30 min,0.0,0,ceil(3 tau),0.1,hac,adjusted,12912,7100,0.5499,too_few,480,0.3461,0.0061,0.3428,0.7266,0.0063,0.8034,0.0,0.0,0.61
3w,30,30 min,0.0,0,ceil(3 tau),0.1,ewc,raw,12912,7332,0.5678,too_few,538,0.1989,0.006,0.2038,0.8164,0.0058,1.6319,0.0,0.0001,
3w,30,30 min,0.0,0,ceil(3 tau),0.1,ewc,adjusted,12912,7100,0.5499,too_few,480,0.2894,0.0059,0.289,0.7863,0.0058,0.9591,0.0,0.0,0.6333
3w,30,30 min,0.0,0,ceil(3 tau),0.1,naive,raw,12912,7332,0.5678,too_few,538,0.6798,0.0063,0.6932,0.3342,0.0064,0.4638,0.0,0.0001,
3w,30,30 min,0.0,0,ceil(3 tau),0.1,naive,adjusted,12912,7100,0.5499,too_few,480,0.6652,0.0057,0.6773,0.3951,0.0062,0.3812,0.0,0.0,0.814
3w,30,30 min,0.0,0,ceil(3 tau),0.1,prepost_hac,raw,3228,1770,0.5483,too_few,537,0.6576,0.0121,0.6892,0.3475,0.0122,1.1397,0.0,-0.1662,
3w,30,30 min,0.0,0,ceil(3 tau),0.1,prepost_hac,adjusted,3228,361,0.1118,covariate_outside,218,0.723,0.0276,0.8266,0.2632,0.0285,0.9899,0.0,-0.2781,0.9314
3w,30,30 min,0.0,0,ceil(3 tau),0.1,prepost_ewc,raw,3228,1770,0.5483,too_few,537,0.6322,0.0126,0.6741,0.365,0.0125,1.2122,0.0,-0.1662,
3w,30,30 min,0.0,0,ceil(3 tau),0.1,prepost_ewc,adjusted,3228,361,0.1118,covariate_outside,218,0.7008,0.0282,0.8112,0.2964,0.0297,1.0237,0.0,-0.2781,0.9474
3w,30,30 min,0.0,0,ceil(3 tau),0.25,randomization,raw,12912,7332,0.5678,too_few,538,0.0507,0.003,0.0463,0.9729,0.0025,3.7092,0.0,0.0001,
3w,30,30 min,0.0,0,ceil(3 tau),0.25,randomization,adjusted,12912,7100,0.5499,too_few,480,0.0903,0.0043,0.0915,0.9718,0.0026,4.1572,0.2263,0.0,0.934
3w,30,30 min,0.0,0,ceil(3 tau),0.25,block_t,raw,12912,7332,0.5678,too_few,538,0.0736,0.0037,0.0667,0.9564,0.0031,3.0802,0.0,0.0001,
3w,30,30 min,0.0,0,ceil(3 tau),0.25,block_t,adjusted,12912,7100,0.5499,too_few,480,0.2887,0.0061,0.2885,0.8773,0.0051,1.3376,0.0,0.0,0.5011
3w,30,30 min,0.0,0,ceil(3 tau),0.25,hac,raw,12912,7332,0.5678,too_few,538,0.2784,0.0063,0.268,0.7931,0.006,1.5416,0.0,0.0001,
3w,30,30 min,0.0,0,ceil(3 tau),0.25,hac,adjusted,12912,7100,0.5499,too_few,480,0.4677,0.0063,0.4682,0.7266,0.0063,0.8034,0.0,0.0,0.61
3w,30,30 min,0.0,0,ceil(3 tau),0.25,ewc,raw,12912,7332,0.5678,too_few,538,0.2421,0.0062,0.2401,0.8164,0.0058,1.6319,0.0,0.0001,
3w,30,30 min,0.0,0,ceil(3 tau),0.25,ewc,adjusted,12912,7100,0.5499,too_few,480,0.4139,0.0062,0.4189,0.7863,0.0058,0.9591,0.0,0.0,0.6333
3w,30,30 min,0.0,0,ceil(3 tau),0.25,naive,raw,12912,7332,0.5678,too_few,538,0.7274,0.0058,0.7339,0.3342,0.0064,0.4638,0.0,0.0001,
3w,30,30 min,0.0,0,ceil(3 tau),0.25,naive,adjusted,12912,7100,0.5499,too_few,480,0.7341,0.0052,0.7441,0.3951,0.0062,0.3812,0.0,0.0,0.814
3w,30,30 min,0.0,0,ceil(3 tau),0.25,prepost_hac,raw,3228,1770,0.5483,too_few,537,0.6836,0.0116,0.7118,0.3475,0.0122,1.1397,0.0,-0.1662,
3w,30,30 min,0.0,0,ceil(3 tau),0.25,prepost_hac,adjusted,3228,361,0.1118,covariate_outside,218,0.7424,0.0249,0.8299,0.2632,0.0285,0.9899,0.0,-0.2781,0.9314
3w,30,30 min,0.0,0,ceil(3 tau),0.25,prepost_ewc,raw,3228,1770,0.5483,too_few,537,0.6548,0.0124,0.6916,0.365,0.0125,1.2122,0.0,-0.1662,
3w,30,30 min,0.0,0,ceil(3 tau),0.25,prepost_ewc,adjusted,3228,361,0.1118,covariate_outside,218,0.7119,0.0257,0.8113,0.2964,0.0297,1.0237,0.0,-0.2781,0.9474
3w,30,30 min,0.0,0,ceil(3 tau),0.5,randomization,raw,12912,7332,0.5678,too_few,538,0.0912,0.0036,0.0802,0.9729,0.0025,3.7092,0.0,0.0001,
3w,30,30 min,0.0,0,ceil(3 tau),0.5,randomization,adjusted,12912,7100,0.5499,too_few,480,0.1599,0.0055,0.1639,0.9718,0.0026,4.1572,0.2263,0.0,0.934
3w,30,30 min,0.0,0,ceil(3 tau),0.5,block_t,raw,12912,7332,0.5678,too_few,538,0.1326,0.0045,0.1211,0.9564,0.0031,3.0802,0.0,0.0001,
3w,30,30 min,0.0,0,ceil(3 tau),0.5,block_t,adjusted,12912,7100,0.5499,too_few,480,0.4545,0.0065,0.4548,0.8773,0.0051,1.3376,0.0,0.0,0.5011
3w,30,30 min,0.0,0,ceil(3 tau),0.5,hac,raw,12912,7332,0.5678,too_few,538,0.4003,0.0066,0.3829,0.7931,0.006,1.5416,0.0,0.0001,
3w,30,30 min,0.0,0,ceil(3 tau),0.5,hac,adjusted,12912,7100,0.5499,too_few,480,0.6449,0.0059,0.6462,0.7266,0.0063,0.8034,0.0,0.0,0.61
3w,30,30 min,0.0,0,ceil(3 tau),0.5,ewc,raw,12912,7332,0.5678,too_few,538,0.3556,0.0065,0.3439,0.8164,0.0058,1.6319,0.0,0.0001,
3w,30,30 min,0.0,0,ceil(3 tau),0.5,ewc,adjusted,12912,7100,0.5499,too_few,480,0.5873,0.0061,0.5913,0.7863,0.0058,0.9591,0.0,0.0,0.6333
3w,30,30 min,0.0,0,ceil(3 tau),0.5,naive,raw,12912,7332,0.5678,too_few,538,0.7927,0.0052,0.7972,0.3342,0.0064,0.4638,0.0,0.0001,
3w,30,30 min,0.0,0,ceil(3 tau),0.5,naive,adjusted,12912,7100,0.5499,too_few,480,0.8432,0.0044,0.8494,0.3951,0.0062,0.3812,0.0,0.0,0.814
3w,30,30 min,0.0,0,ceil(3 tau),0.5,prepost_hac,raw,3228,1770,0.5483,too_few,537,0.7254,0.011,0.7464,0.3475,0.0122,1.1397,0.0,-0.1662,
3w,30,30 min,0.0,0,ceil(3 tau),0.5,prepost_hac,adjusted,3228,361,0.1118,covariate_outside,218,0.723,0.0238,0.7811,0.2632,0.0285,0.9899,0.0,-0.2781,0.9314
3w,30,30 min,0.0,0,ceil(3 tau),0.5,prepost_ewc,raw,3228,1770,0.5483,too_few,537,0.6949,0.012,0.7245,0.365,0.0125,1.2122,0.0,-0.1662,
3w,30,30 min,0.0,0,ceil(3 tau),0.5,prepost_ewc,adjusted,3228,361,0.1118,covariate_outside,218,0.7091,0.0243,0.793,0.2964,0.0297,1.0237,0.0,-0.2781,0.9474
3w,30,30 min,3.0,0,0,0.0,randomization,raw,12912,7332,0.5678,too_few,538,0.0269,0.0025,0.0257,0.973,0.0025,3.7092,0.0,0.0001,
3w,30,30 min,3.0,0,0,0.0,randomization,adjusted,12912,7100,0.5499,too_few,480,0.0293,0.0026,0.0283,0.9718,0.0026,4.1572,0.2263,0.0,0.934
3w,30,30 min,3.0,0,0,0.0,block_t,raw,12912,7332,0.5678,too_few,538,0.0436,0.0031,0.0432,0.9564,0.0031,3.0802,0.0,0.0001,
3w,30,30 min,3.0,0,0,0.0,block_t,adjusted,12912,7100,0.5499,too_few,480,0.1227,0.0051,0.1155,0.8773,0.0051,1.3376,0.0,0.0,0.5011
3w,30,30 min,3.0,0,0,0.0,hac,raw,12912,7332,0.5678,too_few,538,0.2069,0.006,0.2032,0.7931,0.006,1.5416,0.0,0.0001,
3w,30,30 min,3.0,0,0,0.0,hac,adjusted,12912,7100,0.5499,too_few,480,0.2734,0.0063,0.2676,0.7266,0.0063,0.8034,0.0,0.0,0.61
3w,30,30 min,3.0,0,0,0.0,ewc,raw,12912,7332,0.5678,too_few,538,0.1836,0.0058,0.189,0.8164,0.0058,1.6319,0.0,0.0001,
3w,30,30 min,3.0,0,0,0.0,ewc,adjusted,12912,7100,0.5499,too_few,480,0.2137,0.0058,0.2112,0.7863,0.0058,0.9591,0.0,0.0,0.6333
3w,30,30 min,3.0,0,0,0.0,naive,raw,12912,7332,0.5678,too_few,538,0.6658,0.0064,0.6789,0.3342,0.0064,0.4638,0.0,0.0001,
3w,30,30 min,3.0,0,0,0.0,naive,adjusted,12912,7100,0.5499,too_few,480,0.6049,0.0062,0.6153,0.3951,0.0062,0.3812,0.0,0.0,0.814
3w,30,30 min,3.0,0,0,0.0,prepost_hac,raw,3228,1770,0.5483,too_few,537,0.6525,0.0122,0.6858,0.3475,0.0122,1.1397,0.0,-0.1662,
3w,30,30 min,3.0,0,0,0.0,prepost_hac,adjusted,3228,361,0.1118,covariate_outside,218,0.7368,0.0285,0.8456,0.2632,0.0285,0.9899,0.0,-0.2781,0.9314
3w,30,30 min,3.0,0,0,0.0,prepost_ewc,raw,3228,1770,0.5483,too_few,537,0.635,0.0125,0.6763,0.365,0.0125,1.2122,0.0,-0.1662,
3w,30,30 min,3.0,0,0,0.0,prepost_ewc,adjusted,3228,361,0.1118,covariate_outside,218,0.7036,0.0297,0.8261,0.2964,0.0297,1.0237,0.0,-0.2781,0.9474
3w,30,30 min,3.0,0,0,0.1,randomization,raw,12912,7332,0.5678,too_few,538,0.0293,0.0025,0.0277,0.9722,0.0025,3.7041,0.0,-0.0085,
3w,30,30 min,3.0,0,0,0.1,randomization,adjusted,12912,7100,0.5499,too_few,480,0.0496,0.0034,0.0481,0.971,0.0026,4.1581,0.2263,-0.0117,0.9348
3w,30,30 min,3.0,0,0,0.1,block_t,raw,12912,7332,0.5678,too_few,538,0.0461,0.0031,0.0454,0.9566,0.0031,3.0803,0.0,-0.0084,
3w,30,30 min,3.0,0,0,0.1,block_t,adjusted,12912,7100,0.5499,too_few,480,0.1754,0.0055,0.1695,0.8806,0.0051,1.3383,0.0,-0.0117,0.5013
3w,30,30 min,3.0,0,0,0.1,hac,raw,12912,7332,0.5678,too_few,538,0.2203,0.0061,0.2169,0.7928,0.006,1.5401,0.0,-0.0085,
3w,30,30 min,3.0,0,0,0.1,hac,adjusted,12912,7100,0.5499,too_few,480,0.3376,0.0061,0.3343,0.7286,0.0062,0.8034,0.0,-0.0117,0.6113
3w,30,30 min,3.0,0,0,0.1,ewc,raw,12912,7332,0.5678,too_few,538,0.1975,0.006,0.202,0.8167,0.0058,1.6316,0.0,-0.0085,
3w,30,30 min,3.0,0,0,0.1,ewc,adjusted,12912,7100,0.5499,too_few,480,0.2797,0.0058,0.2786,0.7886,0.0057,0.9585,0.0,-0.0117,0.6332
3w,30,30 min,3.0,0,0,0.1,naive,raw,12912,7332,0.5678,too_few,538,0.678,0.0063,0.6916,0.3342,0.0064,0.4635,0.0,-0.0085,
3w,30,30 min,3.0,0,0,0.1,naive,adjusted,12912,7100,0.5499,too_few,480,0.662,0.0057,0.6744,0.3904,0.0062,0.3814,0.0,-0.0117,0.8143
3w,30,30 min,3.0,0,0,0.1,prepost_hac,raw,3228,1770,0.5483,too_few,537,0.6565,0.0121,0.6881,0.348,0.0122,1.1371,0.0,-0.1683,
3w,30,30 min,3.0,0,0,0.1,prepost_hac,adjusted,3228,361,0.1118,covariate_outside,218,0.723,0.0276,0.8266,0.2659,0.0289,0.9924,0.0,-0.2802,0.9337
3w,30,30 min,3.0,0,0,0.1,prepost_ewc,raw,3228,1770,0.5483,too_few,537,0.6322,0.0126,0.6736,0.3655,0.0125,1.2119,0.0,-0.1683,
3w,30,30 min,3.0,0,0,0.1,prepost_ewc,adjusted,3228,361,0.1118,covariate_outside,218,0.7008,0.0282,0.8112,0.2964,0.0297,1.0211,0.0,-0.2802,0.9477
3w,30,30 min,3.0,0,0,0.25,randomization,raw,12912,7332,0.5678,too_few,538,0.0475,0.0029,0.0435,0.9722,0.0025,3.7008,0.0,-0.0239,
3w,30,30 min,3.0,0,0,0.25,randomization,adjusted,12912,7100,0.5499,too_few,480,0.0787,0.004,0.0795,0.9708,0.0026,4.1548,0.2263,-0.0297,0.9347
3w,30,30 min,3.0,0,0,0.25,block_t,raw,12912,7332,0.5678,too_few,538,0.0681,0.0036,0.0618,0.9566,0.0031,3.0823,0.0,-0.0235,
3w,30,30 min,3.0,0,0,0.25,block_t,adjusted,12912,7100,0.5499,too_few,480,0.2669,0.006,0.266,0.881,0.0051,1.3417,0.0,-0.0298,0.5007
3w,30,30 min,3.0,0,0,0.25,hac,raw,12912,7332,0.5678,too_few,538,0.2645,0.0062,0.2549,0.793,0.006,1.5428,0.0,-0.0239,
3w,30,30 min,3.0,0,0,0.25,hac,adjusted,12912,7100,0.5499,too_few,480,0.4449,0.0063,0.4452,0.729,0.0062,0.8037,0.0,-0.0297,0.6111
3w,30,30 min,3.0,0,0,0.25,ewc,raw,12912,7332,0.5678,too_few,538,0.2327,0.0061,0.2322,0.8172,0.0058,1.6324,0.0,-0.0239,
3w,30,30 min,3.0,0,0,0.25,ewc,adjusted,12912,7100,0.5499,too_few,480,0.391,0.0062,0.3962,0.7894,0.0057,0.9619,0.0,-0.0297,0.6335
3w,30,30 min,3.0,0,0,0.25,naive,raw,12912,7332,0.5678,too_few,538,0.716,0.0059,0.7233,0.3348,0.0064,0.4635,0.0,-0.0239,
3w,30,30 min,3.0,0,0,0.25,naive,adjusted,12912,7100,0.5499,too_few,480,0.7192,0.0053,0.73,0.3928,0.0062,0.3817,0.0,-0.0297,0.8153
3w,30,30 min,3.0,0,0,0.25,prepost_hac,raw,3228,1770,0.5483,too_few,537,0.6842,0.0116,0.7119,0.3486,0.0122,1.1364,0.0,-0.1715,
3w,30,30 min,3.0,0,0,0.25,prepost_hac,adjusted,3228,361,0.1118,covariate_outside,218,0.7424,0.0249,0.8299,0.2659,0.0289,0.9912,0.0,-0.2833,0.9315
3w,30,30 min,3.0,0,0,0.25,prepost_ewc,raw,3228,1770,0.5483,too_few,537,0.6537,0.0124,0.6907,0.365,0.0126,1.2103,0.0,-0.1715,
3w,30,30 min,3.0,0,0,0.25,prepost_ewc,adjusted,3228,361,0.1118,covariate_outside,218,0.7064,0.0258,0.8052,0.2992,0.0296,1.0259,0.0,-0.2833,0.947
3w,30,30 min,3.0,0,0,0.5,randomization,raw,12912,7332,0.5678,too_few,538,0.0833,0.0035,0.0732,0.972,0.0025,3.6952,0.0,-0.0504,
3w,30,30 min,3.0,0,0,0.5,randomization,adjusted,12912,7100,0.5499,too_few,480,0.138,0.0051,0.1412,0.97,0.0027,4.1548,0.2263,-0.0595,0.9361
3w,30,30 min,3.0,0,0,0.5,block_t,raw,12912,7332,0.5678,too_few,538,0.1155,0.0043,0.1053,0.9576,0.0031,3.0814,0.0,-0.0503,
3w,30,30 min,3.0,0,0,0.5,block_t,adjusted,12912,7100,0.5499,too_few,480,0.4137,0.0065,0.4139,0.8818,0.005,1.3451,0.0,-0.0596,0.5011
3w,30,30 min,3.0,0,0,0.5,hac,raw,12912,7332,0.5678,too_few,538,0.3706,0.0066,0.3536,0.7956,0.006,1.5524,0.0,-0.0504,
3w,30,30 min,3.0,0,0,0.5,hac,adjusted,12912,7100,0.5499,too_few,480,0.6056,0.006,0.6064,0.7323,0.0062,0.8059,0.0,-0.0595,0.6099
3w,30,30 min,3.0,0,0,0.5,ewc,raw,12912,7332,0.5678,too_few,538,0.3232,0.0064,0.3143,0.8179,0.0058,1.6341,0.0,-0.0504,
3w,30,30 min,3.0,0,0,0.5,ewc,adjusted,12912,7100,0.5499,too_few,480,0.5438,0.0061,0.5489,0.792,0.0056,0.964,0.0,-0.0595,0.6332
3w,30,30 min,3.0,0,0,0.5,naive,raw,12912,7332,0.5678,too_few,538,0.7837,0.0053,0.7883,0.3354,0.0064,0.4644,0.0,-0.0504,
3w,30,30 min,3.0,0,0,0.5,naive,adjusted,12912,7100,0.5499,too_few,480,0.8251,0.0045,0.833,0.3996,0.0062,0.3833,0.0,-0.0595,0.8161
3w,30,30 min,3.0,0,0,0.5,prepost_hac,raw,3228,1770,0.5483,too_few,537,0.7254,0.0111,0.7467,0.3492,0.0123,1.1359,0.0,-0.1767,
3w,30,30 min,3.0,0,0,0.5,prepost_hac,adjusted,3228,361,0.1118,covariate_outside,218,0.7258,0.0235,0.7891,0.2659,0.0289,1.0017,0.0,-0.2886,0.9258
3w,30,30 min,3.0,0,0,0.5,prepost_ewc,raw,3228,1770,0.5483,too_few,537,0.6938,0.0119,0.7239,0.3655,0.0125,1.2131,0.0,-0.1767,
3w,30,30 min,3.0,0,0,0.5,prepost_ewc,adjusted,3228,361,0.1118,covariate_outside,218,0.7119,0.024,0.7939,0.3019,0.0296,1.0288,0.0,-0.2886,0.9462
3w,30,30 min,3.0,9,ceil(3 tau),0.0,randomization,raw,12912,7292,0.5647,too_few,538,0.0277,0.0024,0.0267,0.9723,0.0024,3.7156,0.0,0.0,
3w,30,30 min,3.0,9,ceil(3 tau),0.0,randomization,adjusted,12912,7060,0.5468,too_few,480,0.0273,0.0025,0.0262,0.9732,0.0025,5.4326,0.2931,0.0,0.9836
3w,30,30 min,3.0,9,ceil(3 tau),0.0,block_t,raw,12912,7292,0.5647,too_few,538,0.0428,0.003,0.0422,0.9572,0.003,3.1151,0.0,0.0,
3w,30,30 min,3.0,9,ceil(3 tau),0.0,block_t,adjusted,12912,7060,0.5468,too_few,480,0.1395,0.0054,0.1322,0.8605,0.0054,1.4067,0.0,0.0,0.4963
3w,30,30 min,3.0,9,ceil(3 tau),0.0,hac,raw,12912,7292,0.5647,too_few,538,0.2112,0.006,0.2059,0.7888,0.006,1.5859,0.0,0.0,
3w,30,30 min,3.0,9,ceil(3 tau),0.0,hac,adjusted,12912,7060,0.5468,too_few,480,0.2911,0.0066,0.2839,0.7089,0.0066,0.865,0.0,0.0,0.6189
3w,30,30 min,3.0,9,ceil(3 tau),0.0,ewc,raw,12912,7292,0.5647,too_few,538,0.1615,0.0055,0.1626,0.8385,0.0055,1.8318,0.0,0.0,
3w,30,30 min,3.0,9,ceil(3 tau),0.0,ewc,adjusted,12912,7060,0.5468,too_few,480,0.2242,0.006,0.2217,0.7758,0.006,1.0565,0.0,0.0,0.6136
3w,30,30 min,3.0,9,ceil(3 tau),0.0,naive,raw,12912,7292,0.5647,too_few,538,0.6367,0.0066,0.6485,0.3633,0.0066,0.5456,0.0,0.0,
3w,30,30 min,3.0,9,ceil(3 tau),0.0,naive,adjusted,12912,7060,0.5468,too_few,480,0.5928,0.0065,0.604,0.4072,0.0065,0.4517,0.0,0.0,0.8113
3w,30,30 min,3.0,9,ceil(3 tau),0.0,prepost_hac,raw,3228,1752,0.5428,too_few,537,0.661,0.012,0.6957,0.339,0.012,1.0726,0.0,-0.1978,
3w,30,30 min,3.0,9,ceil(3 tau),0.0,prepost_hac,adjusted,3228,325,0.1007,covariate_outside,203,0.7323,0.0291,0.8358,0.2677,0.0291,0.9292,0.0,-0.2884,0.9417
3w,30,30 min,3.0,9,ceil(3 tau),0.0,prepost_ewc,raw,3228,1752,0.5428,too_few,537,0.6353,0.0125,0.6773,0.3647,0.0125,1.1638,0.0,-0.1978,
3w,30,30 min,3.0,9,ceil(3 tau),0.0,prepost_ewc,adjusted,3228,325,0.1007,covariate_outside,203,0.7138,0.0302,0.8296,0.2862,0.0302,0.988,0.0,-0.2884,0.9608
3w,30,30 min,3.0,9,ceil(3 tau),0.1,randomization,raw,12912,7292,0.5647,too_few,538,0.0324,0.0025,0.0306,0.9717,0.0025,3.7156,0.0,-0.0007,
3w,30,30 min,3.0,9,ceil(3 tau),0.1,randomization,adjusted,12912,7060,0.5468,too_few,480,0.0476,0.0034,0.0467,0.9732,0.0025,5.4324,0.2931,-0.0009,0.9836
3w,30,30 min,3.0,9,ceil(3 tau),0.1,block_t,raw,12912,7292,0.5647,too_few,538,0.0473,0.0031,0.0465,0.9572,0.003,3.1152,0.0,-0.0007,
3w,30,30 min,3.0,9,ceil(3 tau),0.1,block_t,adjusted,12912,7060,0.5468,too_few,480,0.1904,0.0056,0.1842,0.8602,0.0054,1.4063,0.0,-0.0009,0.4963
3w,30,30 min,3.0,9,ceil(3 tau),0.1,hac,raw,12912,7292,0.5647,too_few,538,0.2234,0.0061,0.2187,0.7888,0.006,1.5859,0.0,-0.0007,
3w,30,30 min,3.0,9,ceil(3 tau),0.1,hac,adjusted,12912,7060,0.5468,too_few,480,0.3582,0.0064,0.3544,0.7091,0.0066,0.8652,0.0,-0.0009,0.6189
3w,30,30 min,3.0,9,ceil(3 tau),0.1,ewc,raw,12912,7292,0.5647,too_few,538,0.1684,0.0055,0.169,0.8385,0.0055,1.8318,0.0,-0.0007,
3w,30,30 min,3.0,9,ceil(3 tau),0.1,ewc,adjusted,12912,7060,0.5468,too_few,480,0.2897,0.006,0.2886,0.7768,0.006,1.0565,0.0,-0.0009,0.6136
3w,30,30 min,3.0,9,ceil(3 tau),0.1,naive,raw,12912,7292,0.5647,too_few,538,0.6526,0.0064,0.6616,0.3633,0.0066,0.5456,0.0,-0.0007,
3w,30,30 min,3.0,9,ceil(3 tau),0.1,naive,adjusted,12912,7060,0.5468,too_few,480,0.6401,0.006,0.6522,0.4065,0.0065,0.4517,0.0,-0.0009,0.8112
3w,30,30 min,3.0,9,ceil(3 tau),0.1,prepost_hac,raw,3228,1752,0.5428,too_few,537,0.6678,0.0118,0.7018,0.339,0.012,1.0724,0.0,-0.1979,
3w,30,30 min,3.0,9,ceil(3 tau),0.1,prepost_hac,adjusted,3228,325,0.1007,covariate_outside,203,0.7385,0.0279,0.8346,0.2677,0.0291,0.9298,0.0,-0.2885,0.9418
3w,30,30 min,3.0,9,ceil(3 tau),0.1,prepost_ewc,raw,3228,1752,0.5428,too_few,537,0.6461,0.0127,0.689,0.3647,0.0125,1.1639,0.0,-0.1979,
3w,30,30 min,3.0,9,ceil(3 tau),0.1,prepost_ewc,adjusted,3228,325,0.1007,covariate_outside,203,0.7108,0.0283,0.8195,0.2862,0.0302,0.9879,0.0,-0.2885,0.9608
3w,30,30 min,3.0,9,ceil(3 tau),0.25,randomization,raw,12912,7292,0.5647,too_few,538,0.0474,0.0029,0.0434,0.9716,0.0025,3.7156,0.0,-0.0019,
3w,30,30 min,3.0,9,ceil(3 tau),0.25,randomization,adjusted,12912,7060,0.5468,too_few,480,0.0814,0.0042,0.0825,0.9728,0.0025,5.4345,0.2931,-0.0022,0.9838
3w,30,30 min,3.0,9,ceil(3 tau),0.25,block_t,raw,12912,7292,0.5647,too_few,538,0.0684,0.0035,0.0635,0.9572,0.003,3.115,0.0,-0.0019,
3w,30,30 min,3.0,9,ceil(3 tau),0.25,block_t,adjusted,12912,7060,0.5468,too_few,480,0.286,0.0063,0.2832,0.8603,0.0054,1.4062,0.0,-0.0022,0.4962
3w,30,30 min,3.0,9,ceil(3 tau),0.25,hac,raw,12912,7292,0.5647,too_few,538,0.2644,0.0063,0.2546,0.7885,0.006,1.5859,0.0,-0.0019,
3w,30,30 min,3.0,9,ceil(3 tau),0.25,hac,adjusted,12912,7060,0.5468,too_few,480,0.4663,0.0065,0.4677,0.7096,0.0066,0.8653,0.0,-0.0022,0.6191
3w,30,30 min,3.0,9,ceil(3 tau),0.25,ewc,raw,12912,7292,0.5647,too_few,538,0.2049,0.0058,0.2001,0.8385,0.0055,1.8319,0.0,-0.0019,
3w,30,30 min,3.0,9,ceil(3 tau),0.25,ewc,adjusted,12912,7060,0.5468,too_few,480,0.4007,0.0063,0.4043,0.7776,0.0059,1.0565,0.0,-0.0022,0.6136
3w,30,30 min,3.0,9,ceil(3 tau),0.25,naive,raw,12912,7292,0.5647,too_few,538,0.6842,0.0061,0.6919,0.3631,0.0066,0.5455,0.0,-0.0019,
3w,30,30 min,3.0,9,ceil(3 tau),0.25,naive,adjusted,12912,7060,0.5468,too_few,480,0.6984,0.0056,0.7114,0.4055,0.0065,0.4517,0.0,-0.0022,0.8112
3w,30,30 min,3.0,9,ceil(3 tau),0.25,prepost_hac,raw,3228,1752,0.5428,too_few,537,0.6924,0.0118,0.7232,0.339,0.012,1.072,0.0,-0.1981,
3w,30,30 min,3.0,9,ceil(3 tau),0.25,prepost_hac,adjusted,3228,325,0.1007,covariate_outside,203,0.7508,0.0267,0.8418,0.2677,0.0291,0.9297,0.0,-0.2887,0.9418
3w,30,30 min,3.0,9,ceil(3 tau),0.25,prepost_ewc,raw,3228,1752,0.5428,too_few,537,0.6632,0.0123,0.7016,0.3647,0.0125,1.1639,0.0,-0.1981,
3w,30,30 min,3.0,9,ceil(3 tau),0.25,prepost_ewc,adjusted,3228,325,0.1007,covariate_outside,203,0.7231,0.0279,0.8316,0.2862,0.0302,0.9878,0.0,-0.2887,0.9609
3w,30,30 min,3.0,9,ceil(3 tau),0.5,randomization,raw,12912,7292,0.5647,too_few,538,0.0823,0.0036,0.0728,0.9719,0.0025,3.716,0.0,-0.0037,
3w,30,30 min,3.0,9,ceil(3 tau),0.5,randomization,adjusted,12912,7060,0.5468,too_few,480,0.1367,0.0052,0.14,0.9728,0.0025,5.4319,0.2931,-0.0044,0.9844
3w,30,30 min,3.0,9,ceil(3 tau),0.5,block_t,raw,12912,7292,0.5647,too_few,538,0.1214,0.0044,0.1111,0.9572,0.003,3.1153,0.0,-0.0037,
3w,30,30 min,3.0,9,ceil(3 tau),0.5,block_t,adjusted,12912,7060,0.5468,too_few,480,0.4357,0.0067,0.4363,0.8602,0.0054,1.4058,0.0,-0.0044,0.4961
3w,30,30 min,3.0,9,ceil(3 tau),0.5,hac,raw,12912,7292,0.5647,too_few,538,0.384,0.0066,0.3709,0.7887,0.006,1.5854,0.0,-0.0037,
3w,30,30 min,3.0,9,ceil(3 tau),0.5,hac,adjusted,12912,7060,0.5468,too_few,480,0.62,0.0061,0.6232,0.7102,0.0066,0.8651,0.0,-0.0044,0.6188
3w,30,30 min,3.0,9,ceil(3 tau),0.5,ewc,raw,12912,7292,0.5647,too_few,538,0.2965,0.0063,0.2871,0.8387,0.0055,1.832,0.0,-0.0037,
3w,30,30 min,3.0,9,ceil(3 tau),0.5,ewc,adjusted,12912,7060,0.5468,too_few,480,0.5551,0.0063,0.5603,0.7785,0.0059,1.0566,0.0,-0.0044,0.6139
3w,30,30 min,3.0,9,ceil(3 tau),0.5,naive,raw,12912,7292,0.5647,too_few,538,0.7564,0.0056,0.7624,0.3631,0.0066,0.5454,0.0,-0.0037,
3w,30,30 min,3.0,9,ceil(3 tau),0.5,naive,adjusted,12912,7060,0.5468,too_few,480,0.8159,0.0046,0.8245,0.4055,0.0065,0.4516,0.0,-0.0044,0.8112
3w,30,30 min,3.0,9,ceil(3 tau),0.5,prepost_hac,raw,3228,1752,0.5428,too_few,537,0.7283,0.011,0.7488,0.339,0.012,1.0714,0.0,-0.1984,
3w,30,30 min,3.0,9,ceil(3 tau),0.5,prepost_hac,adjusted,3228,325,0.1007,covariate_outside,203,0.7631,0.0249,0.8313,0.2677,0.0291,0.9302,0.0,-0.289,0.9419
3w,30,30 min,3.0,9,ceil(3 tau),0.5,prepost_ewc,raw,3228,1752,0.5428,too_few,537,0.7021,0.012,0.734,0.3647,0.0125,1.164,0.0,-0.1984,
3w,30,30 min,3.0,9,ceil(3 tau),0.5,prepost_ewc,adjusted,3228,325,0.1007,covariate_outside,203,0.7323,0.0253,0.8156,0.2862,0.0302,0.9876,0.0,-0.289,0.9609
3w,30,30 min,7.5,0,0,0.0,randomization,raw,12912,7332,0.5678,too_few,538,0.0269,0.0025,0.0257,0.973,0.0025,3.7092,0.0,0.0001,
3w,30,30 min,7.5,0,0,0.0,randomization,adjusted,12912,7100,0.5499,too_few,480,0.0293,0.0026,0.0283,0.9718,0.0026,4.1572,0.2263,0.0,0.934
3w,30,30 min,7.5,0,0,0.0,block_t,raw,12912,7332,0.5678,too_few,538,0.0436,0.0031,0.0432,0.9564,0.0031,3.0802,0.0,0.0001,
3w,30,30 min,7.5,0,0,0.0,block_t,adjusted,12912,7100,0.5499,too_few,480,0.1227,0.0051,0.1155,0.8773,0.0051,1.3376,0.0,0.0,0.5011
3w,30,30 min,7.5,0,0,0.0,hac,raw,12912,7332,0.5678,too_few,538,0.2069,0.006,0.2032,0.7931,0.006,1.5416,0.0,0.0001,
3w,30,30 min,7.5,0,0,0.0,hac,adjusted,12912,7100,0.5499,too_few,480,0.2734,0.0063,0.2676,0.7266,0.0063,0.8034,0.0,0.0,0.61
3w,30,30 min,7.5,0,0,0.0,ewc,raw,12912,7332,0.5678,too_few,538,0.1836,0.0058,0.189,0.8164,0.0058,1.6319,0.0,0.0001,
3w,30,30 min,7.5,0,0,0.0,ewc,adjusted,12912,7100,0.5499,too_few,480,0.2137,0.0058,0.2112,0.7863,0.0058,0.9591,0.0,0.0,0.6333
3w,30,30 min,7.5,0,0,0.0,naive,raw,12912,7332,0.5678,too_few,538,0.6658,0.0064,0.6789,0.3342,0.0064,0.4638,0.0,0.0001,
3w,30,30 min,7.5,0,0,0.0,naive,adjusted,12912,7100,0.5499,too_few,480,0.6049,0.0062,0.6153,0.3951,0.0062,0.3812,0.0,0.0,0.814
3w,30,30 min,7.5,0,0,0.0,prepost_hac,raw,3228,1770,0.5483,too_few,537,0.6525,0.0122,0.6858,0.3475,0.0122,1.1397,0.0,-0.1662,
3w,30,30 min,7.5,0,0,0.0,prepost_hac,adjusted,3228,361,0.1118,covariate_outside,218,0.7368,0.0285,0.8456,0.2632,0.0285,0.9899,0.0,-0.2781,0.9314
3w,30,30 min,7.5,0,0,0.0,prepost_ewc,raw,3228,1770,0.5483,too_few,537,0.635,0.0125,0.6763,0.365,0.0125,1.2122,0.0,-0.1662,
3w,30,30 min,7.5,0,0,0.0,prepost_ewc,adjusted,3228,361,0.1118,covariate_outside,218,0.7036,0.0297,0.8261,0.2964,0.0297,1.0237,0.0,-0.2781,0.9474
3w,30,30 min,7.5,0,0,0.1,randomization,raw,12912,7332,0.5678,too_few,538,0.0293,0.0025,0.0281,0.9723,0.0025,3.7008,0.0,-0.0261,
3w,30,30 min,7.5,0,0,0.1,randomization,adjusted,12912,7100,0.5499,too_few,480,0.0439,0.0032,0.0423,0.9706,0.0027,4.1542,0.2263,-0.0313,0.9351
3w,30,30 min,7.5,0,0,0.1,block_t,raw,12912,7332,0.5678,too_few,538,0.045,0.0031,0.0445,0.9566,0.0031,3.0812,0.0,-0.0258,
3w,30,30 min,7.5,0,0,0.1,block_t,adjusted,12912,7100,0.5499,too_few,480,0.1606,0.0054,0.1532,0.8815,0.0051,1.3428,0.0,-0.0316,0.5006
3w,30,30 min,7.5,0,0,0.1,hac,raw,12912,7332,0.5678,too_few,538,0.2184,0.0061,0.2157,0.7927,0.006,1.5404,0.0,-0.0261,
3w,30,30 min,7.5,0,0,0.1,hac,adjusted,12912,7100,0.5499,too_few,480,0.3232,0.0061,0.3179,0.728,0.0063,0.804,0.0,-0.0313,0.6112
3w,30,30 min,7.5,0,0,0.1,ewc,raw,12912,7332,0.5678,too_few,538,0.1942,0.0059,0.1996,0.8178,0.0058,1.6325,0.0,-0.0261,
3w,30,30 min,7.5,0,0,0.1,ewc,adjusted,12912,7100,0.5499,too_few,480,0.2637,0.0059,0.2622,0.788,0.0057,0.9614,0.0,-0.0313,0.6329
3w,30,30 min,7.5,0,0,0.1,naive,raw,12912,7332,0.5678,too_few,538,0.678,0.0063,0.6914,0.3347,0.0064,0.4632,0.0,-0.0261,
3w,30,30 min,7.5,0,0,0.1,naive,adjusted,12912,7100,0.5499,too_few,480,0.6511,0.0057,0.6633,0.3877,0.0061,0.3815,0.0,-0.0313,0.815
3w,30,30 min,7.5,0,0,0.1,prepost_hac,raw,3228,1770,0.5483,too_few,537,0.6565,0.012,0.6884,0.3486,0.0122,1.1387,0.0,-0.172,
3w,30,30 min,7.5,0,0,0.1,prepost_hac,adjusted,3228,361,0.1118,covariate_outside,218,0.7202,0.028,0.8251,0.2659,0.0289,0.9919,0.0,-0.2839,0.9348
3w,30,30 min,7.5,0,0,0.1,prepost_ewc,raw,3228,1770,0.5483,too_few,537,0.6322,0.0126,0.6737,0.365,0.0126,1.2099,0.0,-0.172,
3w,30,30 min,7.5,0,0,0.1,prepost_ewc,adjusted,3228,361,0.1118,covariate_outside,218,0.7008,0.0282,0.8112,0.2992,0.0296,1.0257,0.0,-0.2839,0.9468
3w,30,30 min,7.5,0,0,0.25,randomization,raw,12912,7332,0.5678,too_few,538,0.0393,0.0027,0.036,0.9722,0.0025,3.7003,0.0,-0.0678,
3w,30,30 min,7.5,0,0,0.25,randomization,adjusted,12912,7100,0.5499,too_few,480,0.0625,0.0037,0.0624,0.9701,0.0027,4.164,0.2263,-0.0783,0.9378
3w,30,30 min,7.5,0,0,0.25,block_t,raw,12912,7332,0.5678,too_few,538,0.0612,0.0035,0.0571,0.9579,0.0031,3.0805,0.0,-0.068,
3w,30,30 min,7.5,0,0,0.25,block_t,adjusted,12912,7100,0.5499,too_few,480,0.2287,0.0058,0.2262,0.8818,0.005,1.3448,0.0,-0.0787,0.5004
3w,30,30 min,7.5,0,0,0.25,hac,raw,12912,7332,0.5678,too_few,538,0.245,0.0062,0.2372,0.7934,0.006,1.546,0.0,-0.0678,
3w,30,30 min,7.5,0,0,0.25,hac,adjusted,12912,7100,0.5499,too_few,480,0.4055,0.0063,0.4056,0.731,0.0062,0.8058,0.0,-0.0783,0.6101
3w,30,30 min,7.5,0,0,0.25,ewc,raw,12912,7332,0.5678,too_few,538,0.2178,0.0061,0.2197,0.8187,0.0058,1.6358,0.0,-0.0678,
3w,30,30 min,7.5,0,0,0.25,ewc,adjusted,12912,7100,0.5499,too_few,480,0.3438,0.0061,0.3476,0.7908,0.0056,0.9643,0.0,-0.0783,0.6335
3w,30,30 min,7.5,0,0,0.25,naive,raw,12912,7332,0.5678,too_few,538,0.6964,0.0061,0.7055,0.3348,0.0064,0.4636,0.0,-0.0678,
3w,30,30 min,7.5,0,0,0.25,naive,adjusted,12912,7100,0.5499,too_few,480,0.6911,0.0055,0.7021,0.3932,0.0061,0.3824,0.0,-0.0783,0.8157
3w,30,30 min,7.5,0,0,0.25,prepost_hac,raw,3228,1770,0.5483,too_few,537,0.6785,0.0116,0.7073,0.3503,0.0123,1.1327,0.0,-0.1808,
3w,30,30 min,7.5,0,0,0.25,prepost_hac,adjusted,3228,361,0.1118,covariate_outside,218,0.7313,0.0257,0.8242,0.2659,0.0289,0.9965,0.0,-0.2927,0.9289
3w,30,30 min,7.5,0,0,0.25,prepost_ewc,raw,3228,1770,0.5483,too_few,537,0.652,0.0125,0.6894,0.3655,0.0125,1.2127,0.0,-0.1808,
3w,30,30 min,7.5,0,0,0.25,prepost_ewc,adjusted,3228,361,0.1118,covariate_outside,218,0.7008,0.026,0.806,0.3019,0.0296,1.0304,0.0,-0.2927,0.9458
3w,30,30 min,7.5,0,0,0.5,randomization,raw,12912,7332,0.5678,too_few,538,0.0621,0.0031,0.0564,0.9718,0.0025,3.7037,0.0,-0.1348,
3w,30,30 min,7.5,0,0,0.5,randomization,adjusted,12912,7100,0.5499,too_few,480,0.1027,0.0045,0.1046,0.9696,0.0027,4.1843,0.2263,-0.1563,0.943
3w,30,30 min,7.5,0,0,0.5,block_t,raw,12912,7332,0.5678,too_few,538,0.0944,0.004,0.0857,0.9583,0.0031,3.082,0.0,-0.135,
3w,30,30 min,7.5,0,0,0.5,block_t,adjusted,12912,7100,0.5499,too_few,480,0.347,0.0064,0.3477,0.8806,0.0049,1.3479,0.0,-0.1563,0.5022
3w,30,30 min,7.5,0,0,0.5,hac,raw,12912,7332,0.5678,too_few,538,0.3275,0.0066,0.3113,0.796,0.006,1.5555,0.0,-0.1348,
3w,30,30 min,7.5,0,0,0.5,hac,adjusted,12912,7100,0.5499,too_few,480,0.5363,0.0063,0.5377,0.7386,0.0061,0.8095,0.0,-0.1563,0.6132
3w,30,30 min,7.5,0,0,0.5,ewc,raw,12912,7332,0.5678,too_few,538,0.2836,0.0063,0.2762,0.8196,0.0058,1.6455,0.0,-0.1348,
3w,30,30 min,7.5,0,0,0.5,ewc,adjusted,12912,7100,0.5499,too_few,480,0.4693,0.0062,0.4742,0.8003,0.0056,0.9746,0.0,-0.1563,0.6383
3w,30,30 min,7.5,0,0,0.5,naive,raw,12912,7332,0.5678,too_few,538,0.7516,0.0056,0.7566,0.3373,0.0064,0.4657,0.0,-0.1348,
3w,30,30 min,7.5,0,0,0.5,naive,adjusted,12912,7100,0.5499,too_few,480,0.7808,0.0049,0.7899,0.4008,0.0061,0.3861,0.0,-0.1563,0.8173
3w,30,30 min,7.5,0,0,0.5,prepost_hac,raw,3228,1770,0.5483,too_few,537,0.7266,0.011,0.7483,0.3514,0.0123,1.1265,0.0,-0.1954,
3w,30,30 min,7.5,0,0,0.5,prepost_hac,adjusted,3228,361,0.1118,covariate_outside,218,0.7341,0.024,0.8073,0.2687,0.029,0.9994,0.0,-0.3073,0.9281
3w,30,30 min,7.5,0,0,0.5,prepost_ewc,raw,3228,1770,0.5483,too_few,537,0.6904,0.0119,0.7212,0.365,0.0126,1.2158,0.0,-0.1954,
3w,30,30 min,7.5,0,0,0.5,prepost_ewc,adjusted,3228,361,0.1118,covariate_outside,218,0.7119,0.0244,0.7953,0.2992,0.0295,1.0329,0.0,-0.3073,0.9467
3w,30,30 min,7.5,23,ceil(3 tau),0.0,randomization,raw,12912,7260,0.5623,too_few,536,0.0288,0.0025,0.0279,0.9709,0.0025,3.9018,0.0,0.0,
3w,30,30 min,7.5,23,ceil(3 tau),0.0,randomization,adjusted,12912,7036,0.5449,too_few,480,0.029,0.0029,0.0281,0.9726,0.0029,16.6278,0.4427,0.0,1.0541
3w,30,30 min,7.5,23,ceil(3 tau),0.0,block_t,raw,12912,7260,0.5623,too_few,536,0.0421,0.003,0.0414,0.9579,0.003,3.2228,0.0,0.0,
3w,30,30 min,7.5,23,ceil(3 tau),0.0,block_t,adjusted,12912,7036,0.5449,too_few,480,0.1733,0.0064,0.1613,0.8267,0.0064,1.4809,0.0,0.0,0.4711
3w,30,30 min,7.5,23,ceil(3 tau),0.0,hac,raw,12912,7260,0.5623,too_few,536,0.1989,0.0058,0.1972,0.8011,0.0058,1.6861,0.0,0.0,
3w,30,30 min,7.5,23,ceil(3 tau),0.0,hac,adjusted,12912,7036,0.5449,too_few,480,0.3036,0.0069,0.2967,0.6964,0.0069,1.0082,0.0,0.0,0.5965
3w,30,30 min,7.5,23,ceil(3 tau),0.0,ewc,raw,12912,7260,0.5623,too_few,536,0.0601,0.0034,0.0572,0.9399,0.0034,2.8959,0.0,0.0,
3w,30,30 min,7.5,23,ceil(3 tau),0.0,ewc,adjusted,12912,7036,0.5449,too_few,480,0.1774,0.0057,0.1709,0.8226,0.0057,1.4322,0.0,0.0,0.5178
3w,30,30 min,7.5,23,ceil(3 tau),0.0,naive,raw,12912,7260,0.5623,too_few,536,0.4759,0.0071,0.4834,0.5241,0.0071,0.9305,0.0,0.0,
3w,30,30 min,7.5,23,ceil(3 tau),0.0,naive,adjusted,12912,7036,0.5449,too_few,480,0.4736,0.0071,0.4855,0.5264,0.0071,0.7416,0.0,0.0,0.7696
3w,30,30 min,7.5,23,ceil(3 tau),0.0,prepost_hac,raw,3228,1739,0.5387,too_few,537,0.6676,0.0122,0.7017,0.3324,0.0122,1.0115,0.0,-0.2129,
3w,30,30 min,7.5,23,ceil(3 tau),0.0,prepost_hac,adjusted,3228,279,0.0864,covariate_outside,179,0.7276,0.03,0.8334,0.2724,0.03,0.8802,0.0,-0.4842,0.9452
3w,30,30 min,7.5,23,ceil(3 tau),0.0,prepost_ewc,raw,3228,1739,0.5387,too_few,537,0.6383,0.0129,0.6812,0.3617,0.0129,1.1522,0.0,-0.2129,
3w,30,30 min,7.5,23,ceil(3 tau),0.0,prepost_ewc,adjusted,3228,279,0.0864,covariate_outside,179,0.7168,0.0319,0.8233,0.2832,0.0319,0.9563,0.0,-0.4842,0.9597
3w,30,30 min,7.5,23,ceil(3 tau),0.1,randomization,raw,12912,7260,0.5623,too_few,536,0.0287,0.0024,0.0279,0.9705,0.0025,3.9006,0.0,-0.0032,
3w,30,30 min,7.5,23,ceil(3 tau),0.1,randomization,adjusted,12912,7036,0.5449,too_few,480,0.0428,0.0034,0.0414,0.9724,0.0029,16.6376,0.4427,-0.0037,1.0539
3w,30,30 min,7.5,23,ceil(3 tau),0.1,block_t,raw,12912,7260,0.5623,too_few,536,0.0449,0.003,0.0445,0.9579,0.003,3.2237,0.0,-0.0035,
3w,30,30 min,7.5,23,ceil(3 tau),0.1,block_t,adjusted,12912,7036,0.5449,too_few,480,0.2199,0.0065,0.2067,0.8286,0.0063,1.4819,0.0,-0.0036,0.4714
3w,30,30 min,7.5,23,ceil(3 tau),0.1,hac,raw,12912,7260,0.5623,too_few,536,0.2087,0.0058,0.2059,0.8011,0.0058,1.6867,0.0,-0.0032,
3w,30,30 min,7.5,23,ceil(3 tau),0.1,hac,adjusted,12912,7036,0.5449,too_few,480,0.3552,0.0066,0.3513,0.6951,0.0069,1.0086,0.0,-0.0037,0.5968
3w,30,30 min,7.5,23,ceil(3 tau),0.1,ewc,raw,12912,7260,0.5623,too_few,536,0.0618,0.0034,0.0591,0.9399,0.0034,2.8978,0.0,-0.0032,
3w,30,30 min,7.5,23,ceil(3 tau),0.1,ewc,adjusted,12912,7036,0.5449,too_few,480,0.222,0.0059,0.2158,0.8229,0.0057,1.4318,0.0,-0.0037,0.5179
3w,30,30 min,7.5,23,ceil(3 tau),0.1,naive,raw,12912,7260,0.5623,too_few,536,0.4897,0.0071,0.4961,0.5241,0.0071,0.9304,0.0,-0.0032,
3w,30,30 min,7.5,23,ceil(3 tau),0.1,naive,adjusted,12912,7036,0.5449,too_few,480,0.5212,0.0066,0.535,0.5247,0.0071,0.7416,0.0,-0.0037,0.7691
3w,30,30 min,7.5,23,ceil(3 tau),0.1,prepost_hac,raw,3228,1739,0.5387,too_few,537,0.6671,0.0122,0.7033,0.3318,0.0122,1.012,0.0,-0.2132,
3w,30,30 min,7.5,23,ceil(3 tau),0.1,prepost_hac,adjusted,3228,279,0.0864,covariate_outside,179,0.7455,0.0296,0.8401,0.2724,0.03,0.8811,0.0,-0.4845,0.9463
3w,30,30 min,7.5,23,ceil(3 tau),0.1,prepost_ewc,raw,3228,1739,0.5387,too_few,537,0.6475,0.0129,0.6887,0.3617,0.0129,1.1521,0.0,-0.2132,
3w,30,30 min,7.5,23,ceil(3 tau),0.1,prepost_ewc,adjusted,3228,279,0.0864,covariate_outside,179,0.7061,0.0322,0.8152,0.2832,0.0319,0.9571,0.0,-0.4845,0.9595
3w,30,30 min,7.5,23,ceil(3 tau),0.25,randomization,raw,12912,7260,0.5623,too_few,536,0.0362,0.0026,0.0339,0.9709,0.0025,3.9008,0.0,-0.0078,
3w,30,30 min,7.5,23,ceil(3 tau),0.25,randomization,adjusted,12912,7036,0.5449,too_few,480,0.0601,0.0039,0.0595,0.9723,0.0029,16.6224,0.4427,-0.0091,1.0535
3w,30,30 min,7.5,23,ceil(3 tau),0.25,block_t,raw,12912,7260,0.5623,too_few,536,0.0565,0.0033,0.0543,0.9574,0.003,3.2239,0.0,-0.0081,
3w,30,30 min,7.5,23,ceil(3 tau),0.25,block_t,adjusted,12912,7036,0.5449,too_few,480,0.2897,0.0067,0.2827,0.8282,0.0063,1.4831,0.0,-0.009,0.4714
3w,30,30 min,7.5,23,ceil(3 tau),0.25,hac,raw,12912,7260,0.5623,too_few,536,0.2282,0.0059,0.2233,0.801,0.0058,1.6881,0.0,-0.0078,
3w,30,30 min,7.5,23,ceil(3 tau),0.25,hac,adjusted,12912,7036,0.5449,too_few,480,0.4363,0.0064,0.4383,0.6944,0.0069,1.0083,0.0,-0.0091,0.5968
3w,30,30 min,7.5,23,ceil(3 tau),0.25,ewc,raw,12912,7260,0.5623,too_few,536,0.0792,0.0038,0.0752,0.9399,0.0034,2.8991,0.0,-0.0078,
3w,30,30 min,7.5,23,ceil(3 tau),0.25,ewc,adjusted,12912,7036,0.5449,too_few,480,0.2951,0.0062,0.2938,0.8221,0.0057,1.4307,0.0,-0.0091,0.5176
3w,30,30 min,7.5,23,ceil(3 tau),0.25,naive,raw,12912,7260,0.5623,too_few,536,0.5072,0.0069,0.5155,0.5242,0.0071,0.9302,0.0,-0.0078,
3w,30,30 min,7.5,23,ceil(3 tau),0.25,naive,adjusted,12912,7036,0.5449,too_few,480,0.5718,0.0062,0.5884,0.5252,0.0071,0.7416,0.0,-0.0091,0.769
3w,30,30 min,7.5,23,ceil(3 tau),0.25,prepost_hac,raw,3228,1739,0.5387,too_few,537,0.6935,0.0119,0.7222,0.3318,0.0122,1.0109,0.0,-0.2137,
3w,30,30 min,7.5,23,ceil(3 tau),0.25,prepost_hac,adjusted,3228,279,0.0864,covariate_outside,179,0.7634,0.0287,0.8439,0.2724,0.03,0.8818,0.0,-0.485,0.9479
3w,30,30 min,7.5,23,ceil(3 tau),0.25,prepost_ewc,raw,3228,1739,0.5387,too_few,537,0.6647,0.0124,0.7042,0.3617,0.0129,1.152,0.0,-0.2137,
3w,30,30 min,7.5,23,ceil(3 tau),0.25,prepost_ewc,adjusted,3228,279,0.0864,covariate_outside,179,0.724,0.0303,0.8279,0.2832,0.0319,0.9583,0.0,-0.485,0.9594
3w,30,30 min,7.5,23,ceil(3 tau),0.5,randomization,raw,12912,7260,0.5623,too_few,536,0.0639,0.0031,0.0577,0.9709,0.0025,3.8996,0.0,-0.0153,
3w,30,30 min,7.5,23,ceil(3 tau),0.5,randomization,adjusted,12912,7036,0.5449,too_few,480,0.0935,0.0048,0.0944,0.9726,0.0029,16.6282,0.4427,-0.0185,1.0541
3w,30,30 min,7.5,23,ceil(3 tau),0.5,block_t,raw,12912,7260,0.5623,too_few,536,0.0924,0.0039,0.0872,0.9573,0.003,3.2239,0.0,-0.0156,
3w,30,30 min,7.5,23,ceil(3 tau),0.5,block_t,adjusted,12912,7036,0.5449,too_few,480,0.4187,0.0069,0.4167,0.8292,0.0064,1.4848,0.0,-0.0183,0.4718
3w,30,30 min,7.5,23,ceil(3 tau),0.5,hac,raw,12912,7260,0.5623,too_few,536,0.324,0.0064,0.3164,0.8008,0.0058,1.6892,0.0,-0.0153,
3w,30,30 min,7.5,23,ceil(3 tau),0.5,hac,adjusted,12912,7036,0.5449,too_few,480,0.5681,0.0062,0.5716,0.6933,0.0069,1.0082,0.0,-0.0185,0.5976
3w,30,30 min,7.5,23,ceil(3 tau),0.5,ewc,raw,12912,7260,0.5623,too_few,536,0.1361,0.0047,0.1285,0.9391,0.0034,2.9015,0.0,-0.0153,
3w,30,30 min,7.5,23,ceil(3 tau),0.5,ewc,adjusted,12912,7036,0.5449,too_few,480,0.4272,0.0066,0.4312,0.8208,0.0057,1.4306,0.0,-0.0185,0.5178
3w,30,30 min,7.5,23,ceil(3 tau),0.5,naive,raw,12912,7260,0.5623,too_few,536,0.5876,0.0066,0.5919,0.5244,0.0071,0.9305,0.0,-0.0153,
3w,30,30 min,7.5,23,ceil(3 tau),0.5,naive,adjusted,12912,7036,0.5449,too_few,480,0.6727,0.0058,0.6849,0.523,0.0071,0.7419,0.0,-0.0185,0.7684
3w,30,30 min,7.5,23,ceil(3 tau),0.5,prepost_hac,raw,3228,1739,0.5387,too_few,537,0.7372,0.0113,0.7585,0.3318,0.0122,1.0103,0.0,-0.2146,
3w,30,30 min,7.5,23,ceil(3 tau),0.5,prepost_hac,adjusted,3228,279,0.0864,covariate_outside,179,0.7742,0.0274,0.8433,0.2724,0.03,0.8809,0.0,-0.4859,0.9472
3w,30,30 min,7.5,23,ceil(3 tau),0.5,prepost_ewc,raw,3228,1739,0.5387,too_few,537,0.7039,0.0119,0.7347,0.3617,0.0129,1.1519,0.0,-0.2146,
3w,30,30 min,7.5,23,ceil(3 tau),0.5,prepost_ewc,adjusted,3228,279,0.0864,covariate_outside,179,0.7384,0.0276,0.8264,0.2832,0.0319,0.9604,0.0,-0.4859,0.9595
3w,60,1 h,0.0,0,ceil(3 tau),0.0,randomization,raw,12912,0,0.0,design_too_small,0,,,,,,,,,
3w,60,1 h,0.0,0,ceil(3 tau),0.0,randomization,adjusted,12912,0,0.0,design_too_small,0,,,,,,,,,
3w,60,1 h,0.0,0,ceil(3 tau),0.0,block_t,raw,12912,0,0.0,design_too_small,0,,,,,,,,,
3w,60,1 h,0.0,0,ceil(3 tau),0.0,block_t,adjusted,12912,0,0.0,design_too_small,0,,,,,,,,,
3w,60,1 h,0.0,0,ceil(3 tau),0.0,hac,raw,12912,0,0.0,design_too_small,0,,,,,,,,,
3w,60,1 h,0.0,0,ceil(3 tau),0.0,hac,adjusted,12912,0,0.0,design_too_small,0,,,,,,,,,
3w,60,1 h,0.0,0,ceil(3 tau),0.0,ewc,raw,12912,0,0.0,design_too_small,0,,,,,,,,,
3w,60,1 h,0.0,0,ceil(3 tau),0.0,ewc,adjusted,12912,0,0.0,design_too_small,0,,,,,,,,,
3w,60,1 h,0.0,0,ceil(3 tau),0.0,naive,raw,12912,0,0.0,design_too_small,0,,,,,,,,,
3w,60,1 h,0.0,0,ceil(3 tau),0.0,naive,adjusted,12912,0,0.0,design_too_small,0,,,,,,,,,
3w,60,1 h,0.0,0,ceil(3 tau),0.0,prepost_hac,raw,3228,0,0.0,design_too_small,0,,,,,,,,,
3w,60,1 h,0.0,0,ceil(3 tau),0.0,prepost_hac,adjusted,3228,0,0.0,design_too_small,0,,,,,,,,,
3w,60,1 h,0.0,0,ceil(3 tau),0.0,prepost_ewc,raw,3228,0,0.0,design_too_small,0,,,,,,,,,
3w,60,1 h,0.0,0,ceil(3 tau),0.0,prepost_ewc,adjusted,3228,0,0.0,design_too_small,0,,,,,,,,,
3w,60,1 h,0.0,0,ceil(3 tau),0.1,randomization,raw,12912,0,0.0,design_too_small,0,,,,,,,,,
3w,60,1 h,0.0,0,ceil(3 tau),0.1,randomization,adjusted,12912,0,0.0,design_too_small,0,,,,,,,,,
3w,60,1 h,0.0,0,ceil(3 tau),0.1,block_t,raw,12912,0,0.0,design_too_small,0,,,,,,,,,
3w,60,1 h,0.0,0,ceil(3 tau),0.1,block_t,adjusted,12912,0,0.0,design_too_small,0,,,,,,,,,
3w,60,1 h,0.0,0,ceil(3 tau),0.1,hac,raw,12912,0,0.0,design_too_small,0,,,,,,,,,
3w,60,1 h,0.0,0,ceil(3 tau),0.1,hac,adjusted,12912,0,0.0,design_too_small,0,,,,,,,,,
3w,60,1 h,0.0,0,ceil(3 tau),0.1,ewc,raw,12912,0,0.0,design_too_small,0,,,,,,,,,
3w,60,1 h,0.0,0,ceil(3 tau),0.1,ewc,adjusted,12912,0,0.0,design_too_small,0,,,,,,,,,
3w,60,1 h,0.0,0,ceil(3 tau),0.1,naive,raw,12912,0,0.0,design_too_small,0,,,,,,,,,
3w,60,1 h,0.0,0,ceil(3 tau),0.1,naive,adjusted,12912,0,0.0,design_too_small,0,,,,,,,,,
3w,60,1 h,0.0,0,ceil(3 tau),0.1,prepost_hac,raw,3228,0,0.0,design_too_small,0,,,,,,,,,
3w,60,1 h,0.0,0,ceil(3 tau),0.1,prepost_hac,adjusted,3228,0,0.0,design_too_small,0,,,,,,,,,
3w,60,1 h,0.0,0,ceil(3 tau),0.1,prepost_ewc,raw,3228,0,0.0,design_too_small,0,,,,,,,,,
3w,60,1 h,0.0,0,ceil(3 tau),0.1,prepost_ewc,adjusted,3228,0,0.0,design_too_small,0,,,,,,,,,
3w,60,1 h,0.0,0,ceil(3 tau),0.25,randomization,raw,12912,0,0.0,design_too_small,0,,,,,,,,,
3w,60,1 h,0.0,0,ceil(3 tau),0.25,randomization,adjusted,12912,0,0.0,design_too_small,0,,,,,,,,,
3w,60,1 h,0.0,0,ceil(3 tau),0.25,block_t,raw,12912,0,0.0,design_too_small,0,,,,,,,,,
3w,60,1 h,0.0,0,ceil(3 tau),0.25,block_t,adjusted,12912,0,0.0,design_too_small,0,,,,,,,,,
3w,60,1 h,0.0,0,ceil(3 tau),0.25,hac,raw,12912,0,0.0,design_too_small,0,,,,,,,,,
3w,60,1 h,0.0,0,ceil(3 tau),0.25,hac,adjusted,12912,0,0.0,design_too_small,0,,,,,,,,,
3w,60,1 h,0.0,0,ceil(3 tau),0.25,ewc,raw,12912,0,0.0,design_too_small,0,,,,,,,,,
3w,60,1 h,0.0,0,ceil(3 tau),0.25,ewc,adjusted,12912,0,0.0,design_too_small,0,,,,,,,,,
3w,60,1 h,0.0,0,ceil(3 tau),0.25,naive,raw,12912,0,0.0,design_too_small,0,,,,,,,,,
3w,60,1 h,0.0,0,ceil(3 tau),0.25,naive,adjusted,12912,0,0.0,design_too_small,0,,,,,,,,,
3w,60,1 h,0.0,0,ceil(3 tau),0.25,prepost_hac,raw,3228,0,0.0,design_too_small,0,,,,,,,,,
3w,60,1 h,0.0,0,ceil(3 tau),0.25,prepost_hac,adjusted,3228,0,0.0,design_too_small,0,,,,,,,,,
3w,60,1 h,0.0,0,ceil(3 tau),0.25,prepost_ewc,raw,3228,0,0.0,design_too_small,0,,,,,,,,,
3w,60,1 h,0.0,0,ceil(3 tau),0.25,prepost_ewc,adjusted,3228,0,0.0,design_too_small,0,,,,,,,,,
3w,60,1 h,0.0,0,ceil(3 tau),0.5,randomization,raw,12912,0,0.0,design_too_small,0,,,,,,,,,
3w,60,1 h,0.0,0,ceil(3 tau),0.5,randomization,adjusted,12912,0,0.0,design_too_small,0,,,,,,,,,
3w,60,1 h,0.0,0,ceil(3 tau),0.5,block_t,raw,12912,0,0.0,design_too_small,0,,,,,,,,,
3w,60,1 h,0.0,0,ceil(3 tau),0.5,block_t,adjusted,12912,0,0.0,design_too_small,0,,,,,,,,,
3w,60,1 h,0.0,0,ceil(3 tau),0.5,hac,raw,12912,0,0.0,design_too_small,0,,,,,,,,,
3w,60,1 h,0.0,0,ceil(3 tau),0.5,hac,adjusted,12912,0,0.0,design_too_small,0,,,,,,,,,
3w,60,1 h,0.0,0,ceil(3 tau),0.5,ewc,raw,12912,0,0.0,design_too_small,0,,,,,,,,,
3w,60,1 h,0.0,0,ceil(3 tau),0.5,ewc,adjusted,12912,0,0.0,design_too_small,0,,,,,,,,,
3w,60,1 h,0.0,0,ceil(3 tau),0.5,naive,raw,12912,0,0.0,design_too_small,0,,,,,,,,,
3w,60,1 h,0.0,0,ceil(3 tau),0.5,naive,adjusted,12912,0,0.0,design_too_small,0,,,,,,,,,
3w,60,1 h,0.0,0,ceil(3 tau),0.5,prepost_hac,raw,3228,0,0.0,design_too_small,0,,,,,,,,,
3w,60,1 h,0.0,0,ceil(3 tau),0.5,prepost_hac,adjusted,3228,0,0.0,design_too_small,0,,,,,,,,,
3w,60,1 h,0.0,0,ceil(3 tau),0.5,prepost_ewc,raw,3228,0,0.0,design_too_small,0,,,,,,,,,
3w,60,1 h,0.0,0,ceil(3 tau),0.5,prepost_ewc,adjusted,3228,0,0.0,design_too_small,0,,,,,,,,,
3w,60,1 h,6.0,0,0,0.0,randomization,raw,12912,0,0.0,design_too_small,0,,,,,,,,,
3w,60,1 h,6.0,0,0,0.0,randomization,adjusted,12912,0,0.0,design_too_small,0,,,,,,,,,
3w,60,1 h,6.0,0,0,0.0,block_t,raw,12912,0,0.0,design_too_small,0,,,,,,,,,
3w,60,1 h,6.0,0,0,0.0,block_t,adjusted,12912,0,0.0,design_too_small,0,,,,,,,,,
3w,60,1 h,6.0,0,0,0.0,hac,raw,12912,0,0.0,design_too_small,0,,,,,,,,,
3w,60,1 h,6.0,0,0,0.0,hac,adjusted,12912,0,0.0,design_too_small,0,,,,,,,,,
3w,60,1 h,6.0,0,0,0.0,ewc,raw,12912,0,0.0,design_too_small,0,,,,,,,,,
3w,60,1 h,6.0,0,0,0.0,ewc,adjusted,12912,0,0.0,design_too_small,0,,,,,,,,,
3w,60,1 h,6.0,0,0,0.0,naive,raw,12912,0,0.0,design_too_small,0,,,,,,,,,
3w,60,1 h,6.0,0,0,0.0,naive,adjusted,12912,0,0.0,design_too_small,0,,,,,,,,,
3w,60,1 h,6.0,0,0,0.0,prepost_hac,raw,3228,0,0.0,design_too_small,0,,,,,,,,,
3w,60,1 h,6.0,0,0,0.0,prepost_hac,adjusted,3228,0,0.0,design_too_small,0,,,,,,,,,
3w,60,1 h,6.0,0,0,0.0,prepost_ewc,raw,3228,0,0.0,design_too_small,0,,,,,,,,,
3w,60,1 h,6.0,0,0,0.0,prepost_ewc,adjusted,3228,0,0.0,design_too_small,0,,,,,,,,,
3w,60,1 h,6.0,0,0,0.1,randomization,raw,12912,0,0.0,design_too_small,0,,,,,,,,,
3w,60,1 h,6.0,0,0,0.1,randomization,adjusted,12912,0,0.0,design_too_small,0,,,,,,,,,
3w,60,1 h,6.0,0,0,0.1,block_t,raw,12912,0,0.0,design_too_small,0,,,,,,,,,
3w,60,1 h,6.0,0,0,0.1,block_t,adjusted,12912,0,0.0,design_too_small,0,,,,,,,,,
3w,60,1 h,6.0,0,0,0.1,hac,raw,12912,0,0.0,design_too_small,0,,,,,,,,,
3w,60,1 h,6.0,0,0,0.1,hac,adjusted,12912,0,0.0,design_too_small,0,,,,,,,,,
3w,60,1 h,6.0,0,0,0.1,ewc,raw,12912,0,0.0,design_too_small,0,,,,,,,,,
3w,60,1 h,6.0,0,0,0.1,ewc,adjusted,12912,0,0.0,design_too_small,0,,,,,,,,,
3w,60,1 h,6.0,0,0,0.1,naive,raw,12912,0,0.0,design_too_small,0,,,,,,,,,
3w,60,1 h,6.0,0,0,0.1,naive,adjusted,12912,0,0.0,design_too_small,0,,,,,,,,,
3w,60,1 h,6.0,0,0,0.1,prepost_hac,raw,3228,0,0.0,design_too_small,0,,,,,,,,,
3w,60,1 h,6.0,0,0,0.1,prepost_hac,adjusted,3228,0,0.0,design_too_small,0,,,,,,,,,
3w,60,1 h,6.0,0,0,0.1,prepost_ewc,raw,3228,0,0.0,design_too_small,0,,,,,,,,,
3w,60,1 h,6.0,0,0,0.1,prepost_ewc,adjusted,3228,0,0.0,design_too_small,0,,,,,,,,,
3w,60,1 h,6.0,0,0,0.25,randomization,raw,12912,0,0.0,design_too_small,0,,,,,,,,,
3w,60,1 h,6.0,0,0,0.25,randomization,adjusted,12912,0,0.0,design_too_small,0,,,,,,,,,
3w,60,1 h,6.0,0,0,0.25,block_t,raw,12912,0,0.0,design_too_small,0,,,,,,,,,
3w,60,1 h,6.0,0,0,0.25,block_t,adjusted,12912,0,0.0,design_too_small,0,,,,,,,,,
3w,60,1 h,6.0,0,0,0.25,hac,raw,12912,0,0.0,design_too_small,0,,,,,,,,,
3w,60,1 h,6.0,0,0,0.25,hac,adjusted,12912,0,0.0,design_too_small,0,,,,,,,,,
3w,60,1 h,6.0,0,0,0.25,ewc,raw,12912,0,0.0,design_too_small,0,,,,,,,,,
3w,60,1 h,6.0,0,0,0.25,ewc,adjusted,12912,0,0.0,design_too_small,0,,,,,,,,,
3w,60,1 h,6.0,0,0,0.25,naive,raw,12912,0,0.0,design_too_small,0,,,,,,,,,
3w,60,1 h,6.0,0,0,0.25,naive,adjusted,12912,0,0.0,design_too_small,0,,,,,,,,,
3w,60,1 h,6.0,0,0,0.25,prepost_hac,raw,3228,0,0.0,design_too_small,0,,,,,,,,,
3w,60,1 h,6.0,0,0,0.25,prepost_hac,adjusted,3228,0,0.0,design_too_small,0,,,,,,,,,
3w,60,1 h,6.0,0,0,0.25,prepost_ewc,raw,3228,0,0.0,design_too_small,0,,,,,,,,,
3w,60,1 h,6.0,0,0,0.25,prepost_ewc,adjusted,3228,0,0.0,design_too_small,0,,,,,,,,,
3w,60,1 h,6.0,0,0,0.5,randomization,raw,12912,0,0.0,design_too_small,0,,,,,,,,,
3w,60,1 h,6.0,0,0,0.5,randomization,adjusted,12912,0,0.0,design_too_small,0,,,,,,,,,
3w,60,1 h,6.0,0,0,0.5,block_t,raw,12912,0,0.0,design_too_small,0,,,,,,,,,
3w,60,1 h,6.0,0,0,0.5,block_t,adjusted,12912,0,0.0,design_too_small,0,,,,,,,,,
3w,60,1 h,6.0,0,0,0.5,hac,raw,12912,0,0.0,design_too_small,0,,,,,,,,,
3w,60,1 h,6.0,0,0,0.5,hac,adjusted,12912,0,0.0,design_too_small,0,,,,,,,,,
3w,60,1 h,6.0,0,0,0.5,ewc,raw,12912,0,0.0,design_too_small,0,,,,,,,,,
3w,60,1 h,6.0,0,0,0.5,ewc,adjusted,12912,0,0.0,design_too_small,0,,,,,,,,,
3w,60,1 h,6.0,0,0,0.5,naive,raw,12912,0,0.0,design_too_small,0,,,,,,,,,
3w,60,1 h,6.0,0,0,0.5,naive,adjusted,12912,0,0.0,design_too_small,0,,,,,,,,,
3w,60,1 h,6.0,0,0,0.5,prepost_hac,raw,3228,0,0.0,design_too_small,0,,,,,,,,,
3w,60,1 h,6.0,0,0,0.5,prepost_hac,adjusted,3228,0,0.0,design_too_small,0,,,,,,,,,
3w,60,1 h,6.0,0,0,0.5,prepost_ewc,raw,3228,0,0.0,design_too_small,0,,,,,,,,,
3w,60,1 h,6.0,0,0,0.5,prepost_ewc,adjusted,3228,0,0.0,design_too_small,0,,,,,,,,,
3w,60,1 h,6.0,18,ceil(3 tau),0.0,randomization,raw,12912,0,0.0,design_too_small,0,,,,,,,,,
3w,60,1 h,6.0,18,ceil(3 tau),0.0,randomization,adjusted,12912,0,0.0,design_too_small,0,,,,,,,,,
3w,60,1 h,6.0,18,ceil(3 tau),0.0,block_t,raw,12912,0,0.0,design_too_small,0,,,,,,,,,
3w,60,1 h,6.0,18,ceil(3 tau),0.0,block_t,adjusted,12912,0,0.0,design_too_small,0,,,,,,,,,
3w,60,1 h,6.0,18,ceil(3 tau),0.0,hac,raw,12912,0,0.0,design_too_small,0,,,,,,,,,
3w,60,1 h,6.0,18,ceil(3 tau),0.0,hac,adjusted,12912,0,0.0,design_too_small,0,,,,,,,,,
3w,60,1 h,6.0,18,ceil(3 tau),0.0,ewc,raw,12912,0,0.0,design_too_small,0,,,,,,,,,
3w,60,1 h,6.0,18,ceil(3 tau),0.0,ewc,adjusted,12912,0,0.0,design_too_small,0,,,,,,,,,
3w,60,1 h,6.0,18,ceil(3 tau),0.0,naive,raw,12912,0,0.0,design_too_small,0,,,,,,,,,
3w,60,1 h,6.0,18,ceil(3 tau),0.0,naive,adjusted,12912,0,0.0,design_too_small,0,,,,,,,,,
3w,60,1 h,6.0,18,ceil(3 tau),0.0,prepost_hac,raw,3228,0,0.0,design_too_small,0,,,,,,,,,
3w,60,1 h,6.0,18,ceil(3 tau),0.0,prepost_hac,adjusted,3228,0,0.0,design_too_small,0,,,,,,,,,
3w,60,1 h,6.0,18,ceil(3 tau),0.0,prepost_ewc,raw,3228,0,0.0,design_too_small,0,,,,,,,,,
3w,60,1 h,6.0,18,ceil(3 tau),0.0,prepost_ewc,adjusted,3228,0,0.0,design_too_small,0,,,,,,,,,
3w,60,1 h,6.0,18,ceil(3 tau),0.1,randomization,raw,12912,0,0.0,design_too_small,0,,,,,,,,,
3w,60,1 h,6.0,18,ceil(3 tau),0.1,randomization,adjusted,12912,0,0.0,design_too_small,0,,,,,,,,,
3w,60,1 h,6.0,18,ceil(3 tau),0.1,block_t,raw,12912,0,0.0,design_too_small,0,,,,,,,,,
3w,60,1 h,6.0,18,ceil(3 tau),0.1,block_t,adjusted,12912,0,0.0,design_too_small,0,,,,,,,,,
3w,60,1 h,6.0,18,ceil(3 tau),0.1,hac,raw,12912,0,0.0,design_too_small,0,,,,,,,,,
3w,60,1 h,6.0,18,ceil(3 tau),0.1,hac,adjusted,12912,0,0.0,design_too_small,0,,,,,,,,,
3w,60,1 h,6.0,18,ceil(3 tau),0.1,ewc,raw,12912,0,0.0,design_too_small,0,,,,,,,,,
3w,60,1 h,6.0,18,ceil(3 tau),0.1,ewc,adjusted,12912,0,0.0,design_too_small,0,,,,,,,,,
3w,60,1 h,6.0,18,ceil(3 tau),0.1,naive,raw,12912,0,0.0,design_too_small,0,,,,,,,,,
3w,60,1 h,6.0,18,ceil(3 tau),0.1,naive,adjusted,12912,0,0.0,design_too_small,0,,,,,,,,,
3w,60,1 h,6.0,18,ceil(3 tau),0.1,prepost_hac,raw,3228,0,0.0,design_too_small,0,,,,,,,,,
3w,60,1 h,6.0,18,ceil(3 tau),0.1,prepost_hac,adjusted,3228,0,0.0,design_too_small,0,,,,,,,,,
3w,60,1 h,6.0,18,ceil(3 tau),0.1,prepost_ewc,raw,3228,0,0.0,design_too_small,0,,,,,,,,,
3w,60,1 h,6.0,18,ceil(3 tau),0.1,prepost_ewc,adjusted,3228,0,0.0,design_too_small,0,,,,,,,,,
3w,60,1 h,6.0,18,ceil(3 tau),0.25,randomization,raw,12912,0,0.0,design_too_small,0,,,,,,,,,
3w,60,1 h,6.0,18,ceil(3 tau),0.25,randomization,adjusted,12912,0,0.0,design_too_small,0,,,,,,,,,
3w,60,1 h,6.0,18,ceil(3 tau),0.25,block_t,raw,12912,0,0.0,design_too_small,0,,,,,,,,,
3w,60,1 h,6.0,18,ceil(3 tau),0.25,block_t,adjusted,12912,0,0.0,design_too_small,0,,,,,,,,,
3w,60,1 h,6.0,18,ceil(3 tau),0.25,hac,raw,12912,0,0.0,design_too_small,0,,,,,,,,,
3w,60,1 h,6.0,18,ceil(3 tau),0.25,hac,adjusted,12912,0,0.0,design_too_small,0,,,,,,,,,
3w,60,1 h,6.0,18,ceil(3 tau),0.25,ewc,raw,12912,0,0.0,design_too_small,0,,,,,,,,,
3w,60,1 h,6.0,18,ceil(3 tau),0.25,ewc,adjusted,12912,0,0.0,design_too_small,0,,,,,,,,,
3w,60,1 h,6.0,18,ceil(3 tau),0.25,naive,raw,12912,0,0.0,design_too_small,0,,,,,,,,,
3w,60,1 h,6.0,18,ceil(3 tau),0.25,naive,adjusted,12912,0,0.0,design_too_small,0,,,,,,,,,
3w,60,1 h,6.0,18,ceil(3 tau),0.25,prepost_hac,raw,3228,0,0.0,design_too_small,0,,,,,,,,,
3w,60,1 h,6.0,18,ceil(3 tau),0.25,prepost_hac,adjusted,3228,0,0.0,design_too_small,0,,,,,,,,,
3w,60,1 h,6.0,18,ceil(3 tau),0.25,prepost_ewc,raw,3228,0,0.0,design_too_small,0,,,,,,,,,
3w,60,1 h,6.0,18,ceil(3 tau),0.25,prepost_ewc,adjusted,3228,0,0.0,design_too_small,0,,,,,,,,,
3w,60,1 h,6.0,18,ceil(3 tau),0.5,randomization,raw,12912,0,0.0,design_too_small,0,,,,,,,,,
3w,60,1 h,6.0,18,ceil(3 tau),0.5,randomization,adjusted,12912,0,0.0,design_too_small,0,,,,,,,,,
3w,60,1 h,6.0,18,ceil(3 tau),0.5,block_t,raw,12912,0,0.0,design_too_small,0,,,,,,,,,
3w,60,1 h,6.0,18,ceil(3 tau),0.5,block_t,adjusted,12912,0,0.0,design_too_small,0,,,,,,,,,
3w,60,1 h,6.0,18,ceil(3 tau),0.5,hac,raw,12912,0,0.0,design_too_small,0,,,,,,,,,
3w,60,1 h,6.0,18,ceil(3 tau),0.5,hac,adjusted,12912,0,0.0,design_too_small,0,,,,,,,,,
3w,60,1 h,6.0,18,ceil(3 tau),0.5,ewc,raw,12912,0,0.0,design_too_small,0,,,,,,,,,
3w,60,1 h,6.0,18,ceil(3 tau),0.5,ewc,adjusted,12912,0,0.0,design_too_small,0,,,,,,,,,
3w,60,1 h,6.0,18,ceil(3 tau),0.5,naive,raw,12912,0,0.0,design_too_small,0,,,,,,,,,
3w,60,1 h,6.0,18,ceil(3 tau),0.5,naive,adjusted,12912,0,0.0,design_too_small,0,,,,,,,,,
3w,60,1 h,6.0,18,ceil(3 tau),0.5,prepost_hac,raw,3228,0,0.0,design_too_small,0,,,,,,,,,
3w,60,1 h,6.0,18,ceil(3 tau),0.5,prepost_hac,adjusted,3228,0,0.0,design_too_small,0,,,,,,,,,
3w,60,1 h,6.0,18,ceil(3 tau),0.5,prepost_ewc,raw,3228,0,0.0,design_too_small,0,,,,,,,,,
3w,60,1 h,6.0,18,ceil(3 tau),0.5,prepost_ewc,adjusted,3228,0,0.0,design_too_small,0,,,,,,,,,
3w,60,1 h,15.0,0,0,0.0,randomization,raw,12912,0,0.0,design_too_small,0,,,,,,,,,
3w,60,1 h,15.0,0,0,0.0,randomization,adjusted,12912,0,0.0,design_too_small,0,,,,,,,,,
3w,60,1 h,15.0,0,0,0.0,block_t,raw,12912,0,0.0,design_too_small,0,,,,,,,,,
3w,60,1 h,15.0,0,0,0.0,block_t,adjusted,12912,0,0.0,design_too_small,0,,,,,,,,,
3w,60,1 h,15.0,0,0,0.0,hac,raw,12912,0,0.0,design_too_small,0,,,,,,,,,
3w,60,1 h,15.0,0,0,0.0,hac,adjusted,12912,0,0.0,design_too_small,0,,,,,,,,,
3w,60,1 h,15.0,0,0,0.0,ewc,raw,12912,0,0.0,design_too_small,0,,,,,,,,,
3w,60,1 h,15.0,0,0,0.0,ewc,adjusted,12912,0,0.0,design_too_small,0,,,,,,,,,
3w,60,1 h,15.0,0,0,0.0,naive,raw,12912,0,0.0,design_too_small,0,,,,,,,,,
3w,60,1 h,15.0,0,0,0.0,naive,adjusted,12912,0,0.0,design_too_small,0,,,,,,,,,
3w,60,1 h,15.0,0,0,0.0,prepost_hac,raw,3228,0,0.0,design_too_small,0,,,,,,,,,
3w,60,1 h,15.0,0,0,0.0,prepost_hac,adjusted,3228,0,0.0,design_too_small,0,,,,,,,,,
3w,60,1 h,15.0,0,0,0.0,prepost_ewc,raw,3228,0,0.0,design_too_small,0,,,,,,,,,
3w,60,1 h,15.0,0,0,0.0,prepost_ewc,adjusted,3228,0,0.0,design_too_small,0,,,,,,,,,
3w,60,1 h,15.0,0,0,0.1,randomization,raw,12912,0,0.0,design_too_small,0,,,,,,,,,
3w,60,1 h,15.0,0,0,0.1,randomization,adjusted,12912,0,0.0,design_too_small,0,,,,,,,,,
3w,60,1 h,15.0,0,0,0.1,block_t,raw,12912,0,0.0,design_too_small,0,,,,,,,,,
3w,60,1 h,15.0,0,0,0.1,block_t,adjusted,12912,0,0.0,design_too_small,0,,,,,,,,,
3w,60,1 h,15.0,0,0,0.1,hac,raw,12912,0,0.0,design_too_small,0,,,,,,,,,
3w,60,1 h,15.0,0,0,0.1,hac,adjusted,12912,0,0.0,design_too_small,0,,,,,,,,,
3w,60,1 h,15.0,0,0,0.1,ewc,raw,12912,0,0.0,design_too_small,0,,,,,,,,,
3w,60,1 h,15.0,0,0,0.1,ewc,adjusted,12912,0,0.0,design_too_small,0,,,,,,,,,
3w,60,1 h,15.0,0,0,0.1,naive,raw,12912,0,0.0,design_too_small,0,,,,,,,,,
3w,60,1 h,15.0,0,0,0.1,naive,adjusted,12912,0,0.0,design_too_small,0,,,,,,,,,
3w,60,1 h,15.0,0,0,0.1,prepost_hac,raw,3228,0,0.0,design_too_small,0,,,,,,,,,
3w,60,1 h,15.0,0,0,0.1,prepost_hac,adjusted,3228,0,0.0,design_too_small,0,,,,,,,,,
3w,60,1 h,15.0,0,0,0.1,prepost_ewc,raw,3228,0,0.0,design_too_small,0,,,,,,,,,
3w,60,1 h,15.0,0,0,0.1,prepost_ewc,adjusted,3228,0,0.0,design_too_small,0,,,,,,,,,
3w,60,1 h,15.0,0,0,0.25,randomization,raw,12912,0,0.0,design_too_small,0,,,,,,,,,
3w,60,1 h,15.0,0,0,0.25,randomization,adjusted,12912,0,0.0,design_too_small,0,,,,,,,,,
3w,60,1 h,15.0,0,0,0.25,block_t,raw,12912,0,0.0,design_too_small,0,,,,,,,,,
3w,60,1 h,15.0,0,0,0.25,block_t,adjusted,12912,0,0.0,design_too_small,0,,,,,,,,,
3w,60,1 h,15.0,0,0,0.25,hac,raw,12912,0,0.0,design_too_small,0,,,,,,,,,
3w,60,1 h,15.0,0,0,0.25,hac,adjusted,12912,0,0.0,design_too_small,0,,,,,,,,,
3w,60,1 h,15.0,0,0,0.25,ewc,raw,12912,0,0.0,design_too_small,0,,,,,,,,,
3w,60,1 h,15.0,0,0,0.25,ewc,adjusted,12912,0,0.0,design_too_small,0,,,,,,,,,
3w,60,1 h,15.0,0,0,0.25,naive,raw,12912,0,0.0,design_too_small,0,,,,,,,,,
3w,60,1 h,15.0,0,0,0.25,naive,adjusted,12912,0,0.0,design_too_small,0,,,,,,,,,
3w,60,1 h,15.0,0,0,0.25,prepost_hac,raw,3228,0,0.0,design_too_small,0,,,,,,,,,
3w,60,1 h,15.0,0,0,0.25,prepost_hac,adjusted,3228,0,0.0,design_too_small,0,,,,,,,,,
3w,60,1 h,15.0,0,0,0.25,prepost_ewc,raw,3228,0,0.0,design_too_small,0,,,,,,,,,
3w,60,1 h,15.0,0,0,0.25,prepost_ewc,adjusted,3228,0,0.0,design_too_small,0,,,,,,,,,
3w,60,1 h,15.0,0,0,0.5,randomization,raw,12912,0,0.0,design_too_small,0,,,,,,,,,
3w,60,1 h,15.0,0,0,0.5,randomization,adjusted,12912,0,0.0,design_too_small,0,,,,,,,,,
3w,60,1 h,15.0,0,0,0.5,block_t,raw,12912,0,0.0,design_too_small,0,,,,,,,,,
3w,60,1 h,15.0,0,0,0.5,block_t,adjusted,12912,0,0.0,design_too_small,0,,,,,,,,,
3w,60,1 h,15.0,0,0,0.5,hac,raw,12912,0,0.0,design_too_small,0,,,,,,,,,
3w,60,1 h,15.0,0,0,0.5,hac,adjusted,12912,0,0.0,design_too_small,0,,,,,,,,,
3w,60,1 h,15.0,0,0,0.5,ewc,raw,12912,0,0.0,design_too_small,0,,,,,,,,,
3w,60,1 h,15.0,0,0,0.5,ewc,adjusted,12912,0,0.0,design_too_small,0,,,,,,,,,
3w,60,1 h,15.0,0,0,0.5,naive,raw,12912,0,0.0,design_too_small,0,,,,,,,,,
3w,60,1 h,15.0,0,0,0.5,naive,adjusted,12912,0,0.0,design_too_small,0,,,,,,,,,
3w,60,1 h,15.0,0,0,0.5,prepost_hac,raw,3228,0,0.0,design_too_small,0,,,,,,,,,
3w,60,1 h,15.0,0,0,0.5,prepost_hac,adjusted,3228,0,0.0,design_too_small,0,,,,,,,,,
3w,60,1 h,15.0,0,0,0.5,prepost_ewc,raw,3228,0,0.0,design_too_small,0,,,,,,,,,
3w,60,1 h,15.0,0,0,0.5,prepost_ewc,adjusted,3228,0,0.0,design_too_small,0,,,,,,,,,
3w,60,1 h,15.0,45,ceil(3 tau),0.0,randomization,raw,12912,0,0.0,design_too_small,0,,,,,,,,,
3w,60,1 h,15.0,45,ceil(3 tau),0.0,randomization,adjusted,12912,0,0.0,design_too_small,0,,,,,,,,,
3w,60,1 h,15.0,45,ceil(3 tau),0.0,block_t,raw,12912,0,0.0,design_too_small,0,,,,,,,,,
3w,60,1 h,15.0,45,ceil(3 tau),0.0,block_t,adjusted,12912,0,0.0,design_too_small,0,,,,,,,,,
3w,60,1 h,15.0,45,ceil(3 tau),0.0,hac,raw,12912,0,0.0,design_too_small,0,,,,,,,,,
3w,60,1 h,15.0,45,ceil(3 tau),0.0,hac,adjusted,12912,0,0.0,design_too_small,0,,,,,,,,,
3w,60,1 h,15.0,45,ceil(3 tau),0.0,ewc,raw,12912,0,0.0,design_too_small,0,,,,,,,,,
3w,60,1 h,15.0,45,ceil(3 tau),0.0,ewc,adjusted,12912,0,0.0,design_too_small,0,,,,,,,,,
3w,60,1 h,15.0,45,ceil(3 tau),0.0,naive,raw,12912,0,0.0,design_too_small,0,,,,,,,,,
3w,60,1 h,15.0,45,ceil(3 tau),0.0,naive,adjusted,12912,0,0.0,design_too_small,0,,,,,,,,,
3w,60,1 h,15.0,45,ceil(3 tau),0.0,prepost_hac,raw,3228,0,0.0,design_too_small,0,,,,,,,,,
3w,60,1 h,15.0,45,ceil(3 tau),0.0,prepost_hac,adjusted,3228,0,0.0,design_too_small,0,,,,,,,,,
3w,60,1 h,15.0,45,ceil(3 tau),0.0,prepost_ewc,raw,3228,0,0.0,design_too_small,0,,,,,,,,,
3w,60,1 h,15.0,45,ceil(3 tau),0.0,prepost_ewc,adjusted,3228,0,0.0,design_too_small,0,,,,,,,,,
3w,60,1 h,15.0,45,ceil(3 tau),0.1,randomization,raw,12912,0,0.0,design_too_small,0,,,,,,,,,
3w,60,1 h,15.0,45,ceil(3 tau),0.1,randomization,adjusted,12912,0,0.0,design_too_small,0,,,,,,,,,
3w,60,1 h,15.0,45,ceil(3 tau),0.1,block_t,raw,12912,0,0.0,design_too_small,0,,,,,,,,,
3w,60,1 h,15.0,45,ceil(3 tau),0.1,block_t,adjusted,12912,0,0.0,design_too_small,0,,,,,,,,,
3w,60,1 h,15.0,45,ceil(3 tau),0.1,hac,raw,12912,0,0.0,design_too_small,0,,,,,,,,,
3w,60,1 h,15.0,45,ceil(3 tau),0.1,hac,adjusted,12912,0,0.0,design_too_small,0,,,,,,,,,
3w,60,1 h,15.0,45,ceil(3 tau),0.1,ewc,raw,12912,0,0.0,design_too_small,0,,,,,,,,,
3w,60,1 h,15.0,45,ceil(3 tau),0.1,ewc,adjusted,12912,0,0.0,design_too_small,0,,,,,,,,,
3w,60,1 h,15.0,45,ceil(3 tau),0.1,naive,raw,12912,0,0.0,design_too_small,0,,,,,,,,,
3w,60,1 h,15.0,45,ceil(3 tau),0.1,naive,adjusted,12912,0,0.0,design_too_small,0,,,,,,,,,
3w,60,1 h,15.0,45,ceil(3 tau),0.1,prepost_hac,raw,3228,0,0.0,design_too_small,0,,,,,,,,,
3w,60,1 h,15.0,45,ceil(3 tau),0.1,prepost_hac,adjusted,3228,0,0.0,design_too_small,0,,,,,,,,,
3w,60,1 h,15.0,45,ceil(3 tau),0.1,prepost_ewc,raw,3228,0,0.0,design_too_small,0,,,,,,,,,
3w,60,1 h,15.0,45,ceil(3 tau),0.1,prepost_ewc,adjusted,3228,0,0.0,design_too_small,0,,,,,,,,,
3w,60,1 h,15.0,45,ceil(3 tau),0.25,randomization,raw,12912,0,0.0,design_too_small,0,,,,,,,,,
3w,60,1 h,15.0,45,ceil(3 tau),0.25,randomization,adjusted,12912,0,0.0,design_too_small,0,,,,,,,,,
3w,60,1 h,15.0,45,ceil(3 tau),0.25,block_t,raw,12912,0,0.0,design_too_small,0,,,,,,,,,
3w,60,1 h,15.0,45,ceil(3 tau),0.25,block_t,adjusted,12912,0,0.0,design_too_small,0,,,,,,,,,
3w,60,1 h,15.0,45,ceil(3 tau),0.25,hac,raw,12912,0,0.0,design_too_small,0,,,,,,,,,
3w,60,1 h,15.0,45,ceil(3 tau),0.25,hac,adjusted,12912,0,0.0,design_too_small,0,,,,,,,,,
3w,60,1 h,15.0,45,ceil(3 tau),0.25,ewc,raw,12912,0,0.0,design_too_small,0,,,,,,,,,
3w,60,1 h,15.0,45,ceil(3 tau),0.25,ewc,adjusted,12912,0,0.0,design_too_small,0,,,,,,,,,
3w,60,1 h,15.0,45,ceil(3 tau),0.25,naive,raw,12912,0,0.0,design_too_small,0,,,,,,,,,
3w,60,1 h,15.0,45,ceil(3 tau),0.25,naive,adjusted,12912,0,0.0,design_too_small,0,,,,,,,,,
3w,60,1 h,15.0,45,ceil(3 tau),0.25,prepost_hac,raw,3228,0,0.0,design_too_small,0,,,,,,,,,
3w,60,1 h,15.0,45,ceil(3 tau),0.25,prepost_hac,adjusted,3228,0,0.0,design_too_small,0,,,,,,,,,
3w,60,1 h,15.0,45,ceil(3 tau),0.25,prepost_ewc,raw,3228,0,0.0,design_too_small,0,,,,,,,,,
3w,60,1 h,15.0,45,ceil(3 tau),0.25,prepost_ewc,adjusted,3228,0,0.0,design_too_small,0,,,,,,,,,
3w,60,1 h,15.0,45,ceil(3 tau),0.5,randomization,raw,12912,0,0.0,design_too_small,0,,,,,,,,,
3w,60,1 h,15.0,45,ceil(3 tau),0.5,randomization,adjusted,12912,0,0.0,design_too_small,0,,,,,,,,,
3w,60,1 h,15.0,45,ceil(3 tau),0.5,block_t,raw,12912,0,0.0,design_too_small,0,,,,,,,,,
3w,60,1 h,15.0,45,ceil(3 tau),0.5,block_t,adjusted,12912,0,0.0,design_too_small,0,,,,,,,,,
3w,60,1 h,15.0,45,ceil(3 tau),0.5,hac,raw,12912,0,0.0,design_too_small,0,,,,,,,,,
3w,60,1 h,15.0,45,ceil(3 tau),0.5,hac,adjusted,12912,0,0.0,design_too_small,0,,,,,,,,,
3w,60,1 h,15.0,45,ceil(3 tau),0.5,ewc,raw,12912,0,0.0,design_too_small,0,,,,,,,,,
3w,60,1 h,15.0,45,ceil(3 tau),0.5,ewc,adjusted,12912,0,0.0,design_too_small,0,,,,,,,,,
3w,60,1 h,15.0,45,ceil(3 tau),0.5,naive,raw,12912,0,0.0,design_too_small,0,,,,,,,,,
3w,60,1 h,15.0,45,ceil(3 tau),0.5,naive,adjusted,12912,0,0.0,design_too_small,0,,,,,,,,,
3w,60,1 h,15.0,45,ceil(3 tau),0.5,prepost_hac,raw,3228,0,0.0,design_too_small,0,,,,,,,,,
3w,60,1 h,15.0,45,ceil(3 tau),0.5,prepost_hac,adjusted,3228,0,0.0,design_too_small,0,,,,,,,,,
3w,60,1 h,15.0,45,ceil(3 tau),0.5,prepost_ewc,raw,3228,0,0.0,design_too_small,0,,,,,,,,,
3w,60,1 h,15.0,45,ceil(3 tau),0.5,prepost_ewc,adjusted,3228,0,0.0,design_too_small,0,,,,,,,,,
tep,40,2 h,0.0,0,ceil(3 tau),0.0,randomization,raw,52000,52000,1.0,,100,0.0488,0.0019,0.0488,0.9512,0.0019,0.581,0.0,0.0003,
tep,40,2 h,0.0,0,ceil(3 tau),0.0,randomization,adjusted,52000,52000,1.0,,100,0.0495,0.0014,0.0495,0.9505,0.0014,0.2922,0.0,0.0,0.5086
tep,40,2 h,0.0,0,ceil(3 tau),0.0,block_t,raw,52000,52000,1.0,,100,0.048,0.0019,0.048,0.952,0.0019,0.5824,0.0,0.0003,
tep,40,2 h,0.0,0,ceil(3 tau),0.0,block_t,adjusted,52000,52000,1.0,,100,0.1167,0.002,0.1167,0.8833,0.002,0.2276,0.0,0.0,0.3944
tep,40,2 h,0.0,0,ceil(3 tau),0.0,hac,raw,52000,52000,1.0,,100,0.0983,0.0029,0.0983,0.9017,0.0029,0.458,0.0,0.0003,
tep,40,2 h,0.0,0,ceil(3 tau),0.0,hac,adjusted,52000,52000,1.0,,100,0.1152,0.0019,0.1152,0.8848,0.0019,0.2351,0.0,0.0,0.524
tep,40,2 h,0.0,0,ceil(3 tau),0.0,ewc,raw,52000,52000,1.0,,100,0.068,0.0024,0.068,0.932,0.0024,0.5446,0.0,0.0003,
tep,40,2 h,0.0,0,ceil(3 tau),0.0,ewc,adjusted,52000,52000,1.0,,100,0.0959,0.0017,0.0959,0.9041,0.0017,0.2474,0.0,0.0,0.4582
tep,40,2 h,0.0,0,ceil(3 tau),0.0,naive,raw,52000,52000,1.0,,100,0.3663,0.0037,0.3663,0.6337,0.0037,0.2514,0.0,0.0003,
tep,40,2 h,0.0,0,ceil(3 tau),0.0,naive,adjusted,52000,52000,1.0,,100,0.1992,0.002,0.1992,0.8008,0.002,0.2128,0.0,0.0,0.8359
tep,40,2 h,0.0,0,ceil(3 tau),0.0,prepost_hac,raw,5200,5200,1.0,,100,0.0608,0.006,0.0608,0.9392,0.006,0.4533,0.0,0.0005,
tep,40,2 h,0.0,0,ceil(3 tau),0.0,prepost_hac,adjusted,5200,0,0.0,too_many_covariates,0,,,,,,,,,
tep,40,2 h,0.0,0,ceil(3 tau),0.0,prepost_ewc,raw,5200,5200,1.0,,100,0.0388,0.0049,0.0388,0.9612,0.0049,0.5551,0.0,0.0005,
tep,40,2 h,0.0,0,ceil(3 tau),0.0,prepost_ewc,adjusted,5200,0,0.0,too_many_covariates,0,,,,,,,,,
tep,40,2 h,0.0,0,ceil(3 tau),0.1,randomization,raw,52000,52000,1.0,,100,0.1467,0.0024,0.1467,0.9512,0.0019,0.581,0.0,0.0003,
tep,40,2 h,0.0,0,ceil(3 tau),0.1,randomization,adjusted,52000,52000,1.0,,100,0.4743,0.0015,0.4743,0.9505,0.0014,0.2922,0.0,0.0,0.5086
tep,40,2 h,0.0,0,ceil(3 tau),0.1,block_t,raw,52000,52000,1.0,,100,0.1453,0.0024,0.1453,0.952,0.0019,0.5824,0.0,0.0003,
tep,40,2 h,0.0,0,ceil(3 tau),0.1,block_t,adjusted,52000,52000,1.0,,100,0.5666,0.0016,0.5666,0.8833,0.002,0.2276,0.0,0.0,0.3944
tep,40,2 h,0.0,0,ceil(3 tau),0.1,hac,raw,52000,52000,1.0,,100,0.216,0.003,0.216,0.9017,0.0029,0.458,0.0,0.0003,
tep,40,2 h,0.0,0,ceil(3 tau),0.1,hac,adjusted,52000,52000,1.0,,100,0.5678,0.0015,0.5678,0.8848,0.0019,0.2351,0.0,0.0,0.524
tep,40,2 h,0.0,0,ceil(3 tau),0.1,ewc,raw,52000,52000,1.0,,100,0.1738,0.0028,0.1738,0.932,0.0024,0.5446,0.0,0.0003,
tep,40,2 h,0.0,0,ceil(3 tau),0.1,ewc,adjusted,52000,52000,1.0,,100,0.5447,0.0015,0.5448,0.9041,0.0017,0.2474,0.0,0.0,0.4582
tep,40,2 h,0.0,0,ceil(3 tau),0.1,naive,raw,52000,52000,1.0,,100,0.4978,0.0032,0.4978,0.6337,0.0037,0.2514,0.0,0.0003,
tep,40,2 h,0.0,0,ceil(3 tau),0.1,naive,adjusted,52000,52000,1.0,,100,0.6347,0.0016,0.6347,0.8008,0.002,0.2128,0.0,0.0,0.8359
tep,40,2 h,0.0,0,ceil(3 tau),0.1,prepost_hac,raw,5200,5200,1.0,,100,0.1683,0.0072,0.1683,0.9392,0.006,0.4533,0.0,0.0005,
tep,40,2 h,0.0,0,ceil(3 tau),0.1,prepost_hac,adjusted,5200,0,0.0,too_many_covariates,0,,,,,,,,,
tep,40,2 h,0.0,0,ceil(3 tau),0.1,prepost_ewc,raw,5200,5200,1.0,,100,0.1267,0.0063,0.1267,0.9612,0.0049,0.5551,0.0,0.0005,
tep,40,2 h,0.0,0,ceil(3 tau),0.1,prepost_ewc,adjusted,5200,0,0.0,too_many_covariates,0,,,,,,,,,
tep,40,2 h,0.0,0,ceil(3 tau),0.25,randomization,raw,52000,52000,1.0,,100,0.4749,0.0025,0.4749,0.9512,0.0019,0.581,0.0,0.0003,
tep,40,2 h,0.0,0,ceil(3 tau),0.25,randomization,adjusted,52000,52000,1.0,,100,0.8194,0.0014,0.8194,0.9505,0.0014,0.2922,0.0,0.0,0.5086
tep,40,2 h,0.0,0,ceil(3 tau),0.25,block_t,raw,52000,52000,1.0,,100,0.4731,0.0025,0.4731,0.952,0.0019,0.5824,0.0,0.0003,
tep,40,2 h,0.0,0,ceil(3 tau),0.25,block_t,adjusted,52000,52000,1.0,,100,0.8913,0.0013,0.8913,0.8833,0.002,0.2276,0.0,0.0,0.3944
tep,40,2 h,0.0,0,ceil(3 tau),0.25,hac,raw,52000,52000,1.0,,100,0.5827,0.0023,0.5827,0.9017,0.0029,0.458,0.0,0.0003,
tep,40,2 h,0.0,0,ceil(3 tau),0.25,hac,adjusted,52000,52000,1.0,,100,0.8944,0.0014,0.8944,0.8848,0.0019,0.2351,0.0,0.0,0.524
tep,40,2 h,0.0,0,ceil(3 tau),0.25,ewc,raw,52000,52000,1.0,,100,0.523,0.0026,0.523,0.932,0.0024,0.5446,0.0,0.0003,
tep,40,2 h,0.0,0,ceil(3 tau),0.25,ewc,adjusted,52000,52000,1.0,,100,0.8786,0.0015,0.8786,0.9041,0.0017,0.2474,0.0,0.0,0.4582
tep,40,2 h,0.0,0,ceil(3 tau),0.25,naive,raw,52000,52000,1.0,,100,0.8415,0.002,0.8415,0.6337,0.0037,0.2514,0.0,0.0003,
tep,40,2 h,0.0,0,ceil(3 tau),0.25,naive,adjusted,52000,52000,1.0,,100,0.9421,0.0012,0.9421,0.8008,0.002,0.2128,0.0,0.0,0.8359
tep,40,2 h,0.0,0,ceil(3 tau),0.25,prepost_hac,raw,5200,5200,1.0,,100,0.5806,0.0077,0.5806,0.9392,0.006,0.4533,0.0,0.0005,
tep,40,2 h,0.0,0,ceil(3 tau),0.25,prepost_hac,adjusted,5200,0,0.0,too_many_covariates,0,,,,,,,,,
tep,40,2 h,0.0,0,ceil(3 tau),0.25,prepost_ewc,raw,5200,5200,1.0,,100,0.4787,0.0077,0.4787,0.9612,0.0049,0.5551,0.0,0.0005,
tep,40,2 h,0.0,0,ceil(3 tau),0.25,prepost_ewc,adjusted,5200,0,0.0,too_many_covariates,0,,,,,,,,,
tep,40,2 h,0.0,0,ceil(3 tau),0.5,randomization,raw,52000,52000,1.0,,100,0.788,0.0018,0.788,0.9512,0.0019,0.581,0.0,0.0003,
tep,40,2 h,0.0,0,ceil(3 tau),0.5,randomization,adjusted,52000,52000,1.0,,100,0.9858,0.0005,0.9858,0.9505,0.0014,0.2922,0.0,0.0,0.5086
tep,40,2 h,0.0,0,ceil(3 tau),0.5,block_t,raw,52000,52000,1.0,,100,0.7866,0.0018,0.7866,0.952,0.0019,0.5824,0.0,0.0003,
tep,40,2 h,0.0,0,ceil(3 tau),0.5,block_t,adjusted,52000,52000,1.0,,100,0.9936,0.0003,0.9936,0.8833,0.002,0.2276,0.0,0.0,0.3944
tep,40,2 h,0.0,0,ceil(3 tau),0.5,hac,raw,52000,52000,1.0,,100,0.8547,0.0016,0.8547,0.9017,0.0029,0.458,0.0,0.0003,
tep,40,2 h,0.0,0,ceil(3 tau),0.5,hac,adjusted,52000,52000,1.0,,100,0.9936,0.0004,0.9936,0.8848,0.0019,0.2351,0.0,0.0,0.524
tep,40,2 h,0.0,0,ceil(3 tau),0.5,ewc,raw,52000,52000,1.0,,100,0.8329,0.0017,0.8329,0.932,0.0024,0.5446,0.0,0.0003,
tep,40,2 h,0.0,0,ceil(3 tau),0.5,ewc,adjusted,52000,52000,1.0,,100,0.9922,0.0004,0.9922,0.9041,0.0017,0.2474,0.0,0.0,0.4582
tep,40,2 h,0.0,0,ceil(3 tau),0.5,naive,raw,52000,52000,1.0,,100,0.9751,0.001,0.9751,0.6337,0.0037,0.2514,0.0,0.0003,
tep,40,2 h,0.0,0,ceil(3 tau),0.5,naive,adjusted,52000,52000,1.0,,100,0.9989,0.0001,0.9989,0.8008,0.002,0.2128,0.0,0.0,0.8359
tep,40,2 h,0.0,0,ceil(3 tau),0.5,prepost_hac,raw,5200,5200,1.0,,100,0.8912,0.0044,0.8912,0.9392,0.006,0.4533,0.0,0.0005,
tep,40,2 h,0.0,0,ceil(3 tau),0.5,prepost_hac,adjusted,5200,0,0.0,too_many_covariates,0,,,,,,,,,
tep,40,2 h,0.0,0,ceil(3 tau),0.5,prepost_ewc,raw,5200,5200,1.0,,100,0.8506,0.0048,0.8506,0.9612,0.0049,0.5551,0.0,0.0005,
tep,40,2 h,0.0,0,ceil(3 tau),0.5,prepost_ewc,adjusted,5200,0,0.0,too_many_covariates,0,,,,,,,,,
tep,40,2 h,4.0,0,0,0.0,randomization,raw,52000,52000,1.0,,100,0.0488,0.0019,0.0488,0.9512,0.0019,0.581,0.0,0.0003,
tep,40,2 h,4.0,0,0,0.0,randomization,adjusted,52000,52000,1.0,,100,0.0495,0.0014,0.0495,0.9505,0.0014,0.2922,0.0,0.0,0.5086
tep,40,2 h,4.0,0,0,0.0,block_t,raw,52000,52000,1.0,,100,0.048,0.0019,0.048,0.952,0.0019,0.5824,0.0,0.0003,
tep,40,2 h,4.0,0,0,0.0,block_t,adjusted,52000,52000,1.0,,100,0.1167,0.002,0.1167,0.8833,0.002,0.2276,0.0,0.0,0.3944
tep,40,2 h,4.0,0,0,0.0,hac,raw,52000,52000,1.0,,100,0.0983,0.0029,0.0983,0.9017,0.0029,0.458,0.0,0.0003,
tep,40,2 h,4.0,0,0,0.0,hac,adjusted,52000,52000,1.0,,100,0.1152,0.0019,0.1152,0.8848,0.0019,0.2351,0.0,0.0,0.524
tep,40,2 h,4.0,0,0,0.0,ewc,raw,52000,52000,1.0,,100,0.068,0.0024,0.068,0.932,0.0024,0.5446,0.0,0.0003,
tep,40,2 h,4.0,0,0,0.0,ewc,adjusted,52000,52000,1.0,,100,0.0959,0.0017,0.0959,0.9041,0.0017,0.2474,0.0,0.0,0.4582
tep,40,2 h,4.0,0,0,0.0,naive,raw,52000,52000,1.0,,100,0.3663,0.0037,0.3663,0.6337,0.0037,0.2514,0.0,0.0003,
tep,40,2 h,4.0,0,0,0.0,naive,adjusted,52000,52000,1.0,,100,0.1992,0.002,0.1992,0.8008,0.002,0.2128,0.0,0.0,0.8359
tep,40,2 h,4.0,0,0,0.0,prepost_hac,raw,5200,5200,1.0,,100,0.0608,0.006,0.0608,0.9392,0.006,0.4533,0.0,0.0005,
tep,40,2 h,4.0,0,0,0.0,prepost_hac,adjusted,5200,0,0.0,too_many_covariates,0,,,,,,,,,
tep,40,2 h,4.0,0,0,0.0,prepost_ewc,raw,5200,5200,1.0,,100,0.0388,0.0049,0.0388,0.9612,0.0049,0.5551,0.0,0.0005,
tep,40,2 h,4.0,0,0,0.0,prepost_ewc,adjusted,5200,0,0.0,too_many_covariates,0,,,,,,,,,
tep,40,2 h,4.0,0,0,0.1,randomization,raw,52000,52000,1.0,,100,0.1293,0.0023,0.1293,0.9512,0.0019,0.581,0.0,-0.0088,
tep,40,2 h,4.0,0,0,0.1,randomization,adjusted,52000,52000,1.0,,100,0.4505,0.0015,0.4505,0.9541,0.0014,0.2922,0.0,-0.0101,0.509
tep,40,2 h,4.0,0,0,0.1,block_t,raw,52000,52000,1.0,,100,0.1283,0.0023,0.1283,0.9522,0.0019,0.5826,0.0,-0.0088,
tep,40,2 h,4.0,0,0,0.1,block_t,adjusted,52000,52000,1.0,,100,0.5387,0.0016,0.5387,0.893,0.002,0.2276,0.0,-0.0101,0.3944
tep,40,2 h,4.0,0,0,0.1,hac,raw,52000,52000,1.0,,100,0.1958,0.003,0.1958,0.9018,0.0029,0.458,0.0,-0.0088,
tep,40,2 h,4.0,0,0,0.1,hac,adjusted,52000,52000,1.0,,100,0.5408,0.0015,0.5408,0.8932,0.0018,0.2351,0.0,-0.0101,0.524
tep,40,2 h,4.0,0,0,0.1,ewc,raw,52000,52000,1.0,,100,0.1546,0.0027,0.1546,0.9321,0.0024,0.5446,0.0,-0.0088,
tep,40,2 h,4.0,0,0,0.1,ewc,adjusted,52000,52000,1.0,,100,0.5172,0.0015,0.5172,0.9137,0.0016,0.2473,0.0,-0.0101,0.4582
tep,40,2 h,4.0,0,0,0.1,naive,raw,52000,52000,1.0,,100,0.475,0.0033,0.475,0.6337,0.0037,0.2515,0.0,-0.0088,
tep,40,2 h,4.0,0,0,0.1,naive,adjusted,52000,52000,1.0,,100,0.6058,0.0017,0.6058,0.796,0.0024,0.2128,0.0,-0.0101,0.8361
tep,40,2 h,4.0,0,0,0.1,prepost_hac,raw,5200,5200,1.0,,100,0.1663,0.0072,0.1663,0.9392,0.006,0.4532,0.0,-0.0003,
tep,40,2 h,4.0,0,0,0.1,prepost_hac,adjusted,5200,0,0.0,too_many_covariates,0,,,,,,,,,
tep,40,2 h,4.0,0,0,0.1,prepost_ewc,raw,5200,5200,1.0,,100,0.126,0.0063,0.126,0.9612,0.0049,0.5551,0.0,-0.0003,
tep,40,2 h,4.0,0,0,0.1,prepost_ewc,adjusted,5200,0,0.0,too_many_covariates,0,,,,,,,,,
tep,40,2 h,4.0,0,0,0.25,randomization,raw,52000,52000,1.0,,100,0.4324,0.0025,0.4324,0.9517,0.0019,0.5811,0.0,-0.0225,
tep,40,2 h,4.0,0,0,0.25,randomization,adjusted,52000,52000,1.0,,100,0.7709,0.0016,0.7709,0.9573,0.0014,0.293,0.0,-0.0253,0.5093
tep,40,2 h,4.0,0,0,0.25,block_t,raw,52000,52000,1.0,,100,0.4293,0.0025,0.4293,0.9527,0.0019,0.5824,0.0,-0.0225,
tep,40,2 h,4.0,0,0,0.25,block_t,adjusted,52000,52000,1.0,,100,0.8545,0.0015,0.8545,0.8996,0.002,0.228,0.0,-0.0253,0.395
tep,40,2 h,4.0,0,0,0.25,hac,raw,52000,52000,1.0,,100,0.5393,0.0025,0.5393,0.9021,0.0029,0.458,0.0,-0.0225,
tep,40,2 h,4.0,0,0,0.25,hac,adjusted,52000,52000,1.0,,100,0.8577,0.0016,0.8577,0.9021,0.0017,0.2355,0.0,-0.0253,0.5242
tep,40,2 h,4.0,0,0,0.25,ewc,raw,52000,52000,1.0,,100,0.4775,0.0027,0.4775,0.9325,0.0024,0.545,0.0,-0.0225,
tep,40,2 h,4.0,0,0,0.25,ewc,adjusted,52000,52000,1.0,,100,0.8386,0.0016,0.8386,0.9215,0.0015,0.2479,0.0,-0.0253,0.4587
tep,40,2 h,4.0,0,0,0.25,naive,raw,52000,52000,1.0,,100,0.8085,0.0021,0.8085,0.6339,0.0037,0.2516,0.0,-0.0225,
tep,40,2 h,4.0,0,0,0.25,naive,adjusted,52000,52000,1.0,,100,0.9132,0.0014,0.9132,0.8032,0.0025,0.2129,0.0,-0.0253,0.8363
tep,40,2 h,4.0,0,0,0.25,prepost_hac,raw,5200,5200,1.0,,100,0.5754,0.0078,0.5754,0.9392,0.006,0.4534,0.0,-0.0014,
tep,40,2 h,4.0,0,0,0.25,prepost_hac,adjusted,5200,0,0.0,too_many_covariates,0,,,,,,,,,
tep,40,2 h,4.0,0,0,0.25,prepost_ewc,raw,5200,5200,1.0,,100,0.4758,0.0077,0.4758,0.9612,0.0049,0.5556,0.0,-0.0014,
tep,40,2 h,4.0,0,0,0.25,prepost_ewc,adjusted,5200,0,0.0,too_many_covariates,0,,,,,,,,,
tep,40,2 h,4.0,0,0,0.5,randomization,raw,52000,52000,1.0,,100,0.7476,0.002,0.7476,0.9521,0.0019,0.5817,0.0,-0.0453,
tep,40,2 h,4.0,0,0,0.5,randomization,adjusted,52000,52000,1.0,,100,0.9753,0.0006,0.9753,0.96,0.0014,0.2948,0.0,-0.0505,0.5105
tep,40,2 h,4.0,0,0,0.5,block_t,raw,52000,52000,1.0,,100,0.7468,0.002,0.7468,0.9533,0.0019,0.5836,0.0,-0.0453,
tep,40,2 h,4.0,0,0,0.5,block_t,adjusted,52000,52000,1.0,,100,0.9883,0.0005,0.9883,0.9075,0.002,0.2296,0.0,-0.0505,0.3959
tep,40,2 h,4.0,0,0,0.5,hac,raw,52000,52000,1.0,,100,0.825,0.0017,0.825,0.9029,0.0029,0.4594,0.0,-0.0453,
tep,40,2 h,4.0,0,0,0.5,hac,adjusted,52000,52000,1.0,,100,0.9892,0.0005,0.9892,0.9119,0.0016,0.2369,0.0,-0.0505,0.5267
tep,40,2 h,4.0,0,0,0.5,ewc,raw,52000,52000,1.0,,100,0.7934,0.0018,0.7934,0.933,0.0024,0.5457,0.0,-0.0453,
tep,40,2 h,4.0,0,0,0.5,ewc,adjusted,52000,52000,1.0,,100,0.9866,0.0005,0.9866,0.9289,0.0015,0.2502,0.0,-0.0505,0.4607
tep,40,2 h,4.0,0,0,0.5,naive,raw,52000,52000,1.0,,100,0.9656,0.0012,0.9656,0.6344,0.0037,0.252,0.0,-0.0453,
tep,40,2 h,4.0,0,0,0.5,naive,adjusted,52000,52000,1.0,,100,0.9973,0.0002,0.9973,0.8081,0.0028,0.2135,0.0,-0.0505,0.8371
tep,40,2 h,4.0,0,0,0.5,prepost_hac,raw,5200,5200,1.0,,100,0.8888,0.0044,0.8888,0.939,0.006,0.4535,0.0,-0.0032,
tep,40,2 h,4.0,0,0,0.5,prepost_hac,adjusted,5200,0,0.0,too_many_covariates,0,,,,,,,,,
tep,40,2 h,4.0,0,0,0.5,prepost_ewc,raw,5200,5200,1.0,,100,0.8465,0.0047,0.8465,0.9615,0.0049,0.5562,0.0,-0.0032,
tep,40,2 h,4.0,0,0,0.5,prepost_ewc,adjusted,5200,0,0.0,too_many_covariates,0,,,,,,,,,
tep,40,2 h,4.0,12,ceil(3 tau),0.0,randomization,raw,52000,52000,1.0,,100,0.049,0.0018,0.049,0.951,0.0018,0.6847,0.0,0.0001,
tep,40,2 h,4.0,12,ceil(3 tau),0.0,randomization,adjusted,52000,52000,1.0,,100,0.0493,0.0015,0.0493,0.9507,0.0015,0.3602,0.0,0.0,0.5245
tep,40,2 h,4.0,12,ceil(3 tau),0.0,block_t,raw,52000,52000,1.0,,100,0.0478,0.0018,0.0478,0.9522,0.0018,0.6868,0.0,0.0001,
tep,40,2 h,4.0,12,ceil(3 tau),0.0,block_t,adjusted,52000,52000,1.0,,100,0.139,0.0023,0.139,0.861,0.0023,0.26,0.0,0.0,0.3765
tep,40,2 h,4.0,12,ceil(3 tau),0.0,hac,raw,52000,52000,1.0,,100,0.1045,0.0029,0.1045,0.8955,0.0029,0.5262,0.0,0.0001,
tep,40,2 h,4.0,12,ceil(3 tau),0.0,hac,adjusted,52000,52000,1.0,,100,0.1198,0.0019,0.1198,0.8802,0.0019,0.2811,0.0,0.0,0.5454
tep,40,2 h,4.0,12,ceil(3 tau),0.0,ewc,raw,52000,52000,1.0,,100,0.0721,0.0024,0.0721,0.9279,0.0024,0.6262,0.0,0.0001,
tep,40,2 h,4.0,12,ceil(3 tau),0.0,ewc,adjusted,52000,52000,1.0,,100,0.1023,0.0017,0.1023,0.8977,0.0017,0.2902,0.0,0.0,0.4761
tep,40,2 h,4.0,12,ceil(3 tau),0.0,naive,raw,52000,52000,1.0,,100,0.3608,0.0038,0.3608,0.6392,0.0038,0.3003,0.0,0.0001,
tep,40,2 h,4.0,12,ceil(3 tau),0.0,naive,adjusted,52000,52000,1.0,,100,0.189,0.0021,0.189,0.811,0.0021,0.2618,0.0,0.0,0.8615
tep,40,2 h,4.0,12,ceil(3 tau),0.0,prepost_hac,raw,5200,5200,1.0,,100,0.0631,0.0061,0.0631,0.9369,0.0061,0.4614,0.0,0.0,
tep,40,2 h,4.0,12,ceil(3 tau),0.0,prepost_hac,adjusted,5200,0,0.0,too_many_covariates,0,,,,,,,,,
tep,40,2 h,4.0,12,ceil(3 tau),0.0,prepost_ewc,raw,5200,5200,1.0,,100,0.0387,0.005,0.0387,0.9613,0.005,0.5627,0.0,0.0,
tep,40,2 h,4.0,12,ceil(3 tau),0.0,prepost_ewc,adjusted,5200,0,0.0,too_many_covariates,0,,,,,,,,,
tep,40,2 h,4.0,12,ceil(3 tau),0.1,randomization,raw,52000,52000,1.0,,100,0.116,0.0022,0.116,0.9511,0.0018,0.6847,0.0,-0.0005,
tep,40,2 h,4.0,12,ceil(3 tau),0.1,randomization,adjusted,52000,52000,1.0,,100,0.431,0.0015,0.431,0.9539,0.0014,0.3601,0.0,-0.0007,0.5245
tep,40,2 h,4.0,12,ceil(3 tau),0.1,block_t,raw,52000,52000,1.0,,100,0.1137,0.0022,0.1137,0.9522,0.0018,0.6868,0.0,-0.0005,
tep,40,2 h,4.0,12,ceil(3 tau),0.1,block_t,adjusted,52000,52000,1.0,,100,0.5421,0.0017,0.5421,0.8713,0.0022,0.26,0.0,-0.0007,0.3764
tep,40,2 h,4.0,12,ceil(3 tau),0.1,hac,raw,52000,52000,1.0,,100,0.1904,0.003,0.1904,0.8955,0.0029,0.5262,0.0,-0.0005,
tep,40,2 h,4.0,12,ceil(3 tau),0.1,hac,adjusted,52000,52000,1.0,,100,0.5258,0.0016,0.5258,0.8853,0.0019,0.281,0.0,-0.0007,0.5454
tep,40,2 h,4.0,12,ceil(3 tau),0.1,ewc,raw,52000,52000,1.0,,100,0.1478,0.0027,0.1478,0.928,0.0024,0.6262,0.0,-0.0005,
tep,40,2 h,4.0,12,ceil(3 tau),0.1,ewc,adjusted,52000,52000,1.0,,100,0.5061,0.0015,0.5061,0.9039,0.0017,0.2902,0.0,-0.0007,0.476
tep,40,2 h,4.0,12,ceil(3 tau),0.1,naive,raw,52000,52000,1.0,,100,0.4565,0.0033,0.4565,0.6392,0.0038,0.3003,0.0,-0.0005,
tep,40,2 h,4.0,12,ceil(3 tau),0.1,naive,adjusted,52000,52000,1.0,,100,0.578,0.0016,0.578,0.8085,0.0022,0.2617,0.0,-0.0007,0.8615
tep,40,2 h,4.0,12,ceil(3 tau),0.1,prepost_hac,raw,5200,5200,1.0,,100,0.1602,0.0071,0.1602,0.9369,0.0061,0.4613,0.0,0.0,
tep,40,2 h,4.0,12,ceil(3 tau),0.1,prepost_hac,adjusted,5200,0,0.0,too_many_covariates,0,,,,,,,,,
tep,40,2 h,4.0,12,ceil(3 tau),0.1,prepost_ewc,raw,5200,5200,1.0,,100,0.1221,0.0066,0.1221,0.9613,0.005,0.5627,0.0,0.0,
tep,40,2 h,4.0,12,ceil(3 tau),0.1,prepost_ewc,adjusted,5200,0,0.0,too_many_covariates,0,,,,,,,,,
tep,40,2 h,4.0,12,ceil(3 tau),0.25,randomization,raw,52000,52000,1.0,,100,0.3955,0.0026,0.3955,0.9511,0.0018,0.6847,0.0,-0.0015,
tep,40,2 h,4.0,12,ceil(3 tau),0.25,randomization,adjusted,52000,52000,1.0,,100,0.7234,0.0016,0.7234,0.9538,0.0014,0.3602,0.0,-0.0017,0.5243
tep,40,2 h,4.0,12,ceil(3 tau),0.25,block_t,raw,52000,52000,1.0,,100,0.3937,0.0026,0.3937,0.9522,0.0018,0.6868,0.0,-0.0015,
tep,40,2 h,4.0,12,ceil(3 tau),0.25,block_t,adjusted,52000,52000,1.0,,100,0.8399,0.0015,0.8399,0.8714,0.0022,0.26,0.0,-0.0017,0.3764
tep,40,2 h,4.0,12,ceil(3 tau),0.25,hac,raw,52000,52000,1.0,,100,0.5119,0.0026,0.5119,0.8955,0.0029,0.5263,0.0,-0.0015,
tep,40,2 h,4.0,12,ceil(3 tau),0.25,hac,adjusted,52000,52000,1.0,,100,0.8292,0.0017,0.8292,0.8854,0.0019,0.281,0.0,-0.0017,0.5453
tep,40,2 h,4.0,12,ceil(3 tau),0.25,ewc,raw,52000,52000,1.0,,100,0.4508,0.0027,0.4508,0.9279,0.0024,0.6262,0.0,-0.0015,
tep,40,2 h,4.0,12,ceil(3 tau),0.25,ewc,adjusted,52000,52000,1.0,,100,0.8101,0.0017,0.8101,0.904,0.0017,0.2902,0.0,-0.0017,0.4759
tep,40,2 h,4.0,12,ceil(3 tau),0.25,naive,raw,52000,52000,1.0,,100,0.7702,0.0022,0.7702,0.6392,0.0038,0.3003,0.0,-0.0015,
tep,40,2 h,4.0,12,ceil(3 tau),0.25,naive,adjusted,52000,52000,1.0,,100,0.8801,0.0016,0.8801,0.8086,0.0022,0.2617,0.0,-0.0017,0.8615
tep,40,2 h,4.0,12,ceil(3 tau),0.25,prepost_hac,raw,5200,5200,1.0,,100,0.5737,0.0076,0.5737,0.9369,0.0061,0.4613,0.0,-0.0001,
tep,40,2 h,4.0,12,ceil(3 tau),0.25,prepost_hac,adjusted,5200,0,0.0,too_many_covariates,0,,,,,,,,,
tep,40,2 h,4.0,12,ceil(3 tau),0.25,prepost_ewc,raw,5200,5200,1.0,,100,0.4729,0.0074,0.4729,0.9613,0.005,0.5626,0.0,-0.0001,
tep,40,2 h,4.0,12,ceil(3 tau),0.25,prepost_ewc,adjusted,5200,0,0.0,too_many_covariates,0,,,,,,,,,
tep,40,2 h,4.0,12,ceil(3 tau),0.5,randomization,raw,52000,52000,1.0,,100,0.7215,0.002,0.7215,0.951,0.0018,0.6847,0.0,-0.0031,
tep,40,2 h,4.0,12,ceil(3 tau),0.5,randomization,adjusted,52000,52000,1.0,,100,0.965,0.0007,0.965,0.954,0.0014,0.3603,0.0,-0.0035,0.5246
tep,40,2 h,4.0,12,ceil(3 tau),0.5,block_t,raw,52000,52000,1.0,,100,0.7206,0.002,0.7206,0.9521,0.0018,0.6868,0.0,-0.0031,
tep,40,2 h,4.0,12,ceil(3 tau),0.5,block_t,adjusted,52000,52000,1.0,,100,0.9859,0.0005,0.9859,0.8716,0.0022,0.2601,0.0,-0.0035,0.3764
tep,40,2 h,4.0,12,ceil(3 tau),0.5,hac,raw,52000,52000,1.0,,100,0.8115,0.0018,0.8115,0.8956,0.0029,0.5262,0.0,-0.0031,
tep,40,2 h,4.0,12,ceil(3 tau),0.5,hac,adjusted,52000,52000,1.0,,100,0.9848,0.0005,0.9848,0.8861,0.0018,0.281,0.0,-0.0035,0.5454
tep,40,2 h,4.0,12,ceil(3 tau),0.5,ewc,raw,52000,52000,1.0,,100,0.7761,0.0018,0.7761,0.9279,0.0024,0.6262,0.0,-0.0031,
tep,40,2 h,4.0,12,ceil(3 tau),0.5,ewc,adjusted,52000,52000,1.0,,100,0.9813,0.0006,0.9813,0.9046,0.0017,0.2901,0.0,-0.0035,0.476
tep,40,2 h,4.0,12,ceil(3 tau),0.5,naive,raw,52000,52000,1.0,,100,0.957,0.0014,0.957,0.6392,0.0038,0.3003,0.0,-0.0031,
tep,40,2 h,4.0,12,ceil(3 tau),0.5,naive,adjusted,52000,52000,1.0,,100,0.9953,0.0003,0.9953,0.8085,0.0022,0.2618,0.0,-0.0035,0.8615
tep,40,2 h,4.0,12,ceil(3 tau),0.5,prepost_hac,raw,5200,5200,1.0,,100,0.884,0.004,0.884,0.9369,0.0061,0.4613,0.0,-0.0002,
tep,40,2 h,4.0,12,ceil(3 tau),0.5,prepost_hac,adjusted,5200,0,0.0,too_many_covariates,0,,,,,,,,,
tep,40,2 h,4.0,12,ceil(3 tau),0.5,prepost_ewc,raw,5200,5200,1.0,,100,0.8448,0.0048,0.8448,0.9613,0.005,0.5625,0.0,-0.0002,
tep,40,2 h,4.0,12,ceil(3 tau),0.5,prepost_ewc,adjusted,5200,0,0.0,too_many_covariates,0,,,,,,,,,
tep,40,2 h,10.0,0,0,0.0,randomization,raw,52000,52000,1.0,,100,0.0488,0.0019,0.0488,0.9512,0.0019,0.581,0.0,0.0003,
tep,40,2 h,10.0,0,0,0.0,randomization,adjusted,52000,52000,1.0,,100,0.0495,0.0014,0.0495,0.9505,0.0014,0.2922,0.0,0.0,0.5086
tep,40,2 h,10.0,0,0,0.0,block_t,raw,52000,52000,1.0,,100,0.048,0.0019,0.048,0.952,0.0019,0.5824,0.0,0.0003,
tep,40,2 h,10.0,0,0,0.0,block_t,adjusted,52000,52000,1.0,,100,0.1167,0.002,0.1167,0.8833,0.002,0.2276,0.0,0.0,0.3944
tep,40,2 h,10.0,0,0,0.0,hac,raw,52000,52000,1.0,,100,0.0983,0.0029,0.0983,0.9017,0.0029,0.458,0.0,0.0003,
tep,40,2 h,10.0,0,0,0.0,hac,adjusted,52000,52000,1.0,,100,0.1152,0.0019,0.1152,0.8848,0.0019,0.2351,0.0,0.0,0.524
tep,40,2 h,10.0,0,0,0.0,ewc,raw,52000,52000,1.0,,100,0.068,0.0024,0.068,0.932,0.0024,0.5446,0.0,0.0003,
tep,40,2 h,10.0,0,0,0.0,ewc,adjusted,52000,52000,1.0,,100,0.0959,0.0017,0.0959,0.9041,0.0017,0.2474,0.0,0.0,0.4582
tep,40,2 h,10.0,0,0,0.0,naive,raw,52000,52000,1.0,,100,0.3663,0.0037,0.3663,0.6337,0.0037,0.2514,0.0,0.0003,
tep,40,2 h,10.0,0,0,0.0,naive,adjusted,52000,52000,1.0,,100,0.1992,0.002,0.1992,0.8008,0.002,0.2128,0.0,0.0,0.8359
tep,40,2 h,10.0,0,0,0.0,prepost_hac,raw,5200,5200,1.0,,100,0.0608,0.006,0.0608,0.9392,0.006,0.4533,0.0,0.0005,
tep,40,2 h,10.0,0,0,0.0,prepost_hac,adjusted,5200,0,0.0,too_many_covariates,0,,,,,,,,,
tep,40,2 h,10.0,0,0,0.0,prepost_ewc,raw,5200,5200,1.0,,100,0.0388,0.0049,0.0388,0.9612,0.0049,0.5551,0.0,0.0005,
tep,40,2 h,10.0,0,0,0.0,prepost_ewc,adjusted,5200,0,0.0,too_many_covariates,0,,,,,,,,,
tep,40,2 h,10.0,0,0,0.1,randomization,raw,52000,52000,1.0,,100,0.1049,0.0022,0.1049,0.9517,0.0019,0.5811,0.0,-0.0239,
tep,40,2 h,10.0,0,0,0.1,randomization,adjusted,52000,52000,1.0,,100,0.4139,0.0015,0.4139,0.9592,0.0013,0.2931,0.0,-0.0258,0.5091
tep,40,2 h,10.0,0,0,0.1,block_t,raw,52000,52000,1.0,,100,0.1029,0.0022,0.1029,0.9527,0.0019,0.5825,0.0,-0.0239,
tep,40,2 h,10.0,0,0,0.1,block_t,adjusted,52000,52000,1.0,,100,0.4956,0.0017,0.4956,0.9027,0.0019,0.228,0.0,-0.0258,0.3951
tep,40,2 h,10.0,0,0,0.1,hac,raw,52000,52000,1.0,,100,0.1667,0.0029,0.1667,0.902,0.0029,0.4578,0.0,-0.0239,
tep,40,2 h,10.0,0,0,0.1,hac,adjusted,52000,52000,1.0,,100,0.4985,0.0016,0.4985,0.8972,0.0018,0.2352,0.0,-0.0258,0.524
tep,40,2 h,10.0,0,0,0.1,ewc,raw,52000,52000,1.0,,100,0.1272,0.0026,0.1272,0.9324,0.0024,0.5449,0.0,-0.0239,
tep,40,2 h,10.0,0,0,0.1,ewc,adjusted,52000,52000,1.0,,100,0.4751,0.0015,0.4751,0.9204,0.0015,0.2478,0.0,-0.0258,0.4584
tep,40,2 h,10.0,0,0,0.1,naive,raw,52000,52000,1.0,,100,0.4434,0.0034,0.4434,0.6338,0.0037,0.2515,0.0,-0.0239,
tep,40,2 h,10.0,0,0,0.1,naive,adjusted,52000,52000,1.0,,100,0.5628,0.0017,0.5628,0.7933,0.0025,0.2128,0.0,-0.0258,0.8363
tep,40,2 h,10.0,0,0,0.1,prepost_hac,raw,5200,5200,1.0,,100,0.164,0.0071,0.164,0.939,0.006,0.4532,0.0,-0.0015,
tep,40,2 h,10.0,0,0,0.1,prepost_hac,adjusted,5200,0,0.0,too_many_covariates,0,,,,,,,,,
tep,40,2 h,10.0,0,0,0.1,prepost_ewc,raw,5200,5200,1.0,,100,0.1223,0.0064,0.1223,0.9615,0.0049,0.5554,0.0,-0.0015,
tep,40,2 h,10.0,0,0,0.1,prepost_ewc,adjusted,5200,0,0.0,too_many_covariates,0,,,,,,,,,
tep,40,2 h,10.0,0,0,0.25,randomization,raw,52000,52000,1.0,,100,0.3495,0.0027,0.3495,0.9527,0.0019,0.5824,0.0,-0.06,
tep,40,2 h,10.0,0,0,0.25,randomization,adjusted,52000,52000,1.0,,100,0.6787,0.0018,0.6787,0.9638,0.0012,0.2961,0.0,-0.0644,0.512
tep,40,2 h,10.0,0,0,0.25,block_t,raw,52000,52000,1.0,,100,0.3472,0.0027,0.3472,0.9537,0.0019,0.5844,0.0,-0.06,
tep,40,2 h,10.0,0,0,0.25,block_t,adjusted,52000,52000,1.0,,100,0.7784,0.0018,0.7784,0.9153,0.0017,0.2307,0.0,-0.0644,0.397
tep,40,2 h,10.0,0,0,0.25,hac,raw,52000,52000,1.0,,100,0.451,0.0028,0.451,0.9026,0.0029,0.4594,0.0,-0.06,
tep,40,2 h,10.0,0,0,0.25,hac,adjusted,52000,52000,1.0,,100,0.782,0.0019,0.782,0.9086,0.0017,0.2363,0.0,-0.0644,0.5257
tep,40,2 h,10.0,0,0,0.25,ewc,raw,52000,52000,1.0,,100,0.3904,0.0029,0.3904,0.9335,0.0024,0.546,0.0,-0.06,
tep,40,2 h,10.0,0,0,0.25,ewc,adjusted,52000,52000,1.0,,100,0.7598,0.0019,0.7597,0.9311,0.0014,0.2502,0.0,-0.0644,0.4605
tep,40,2 h,10.0,0,0,0.25,naive,raw,52000,52000,1.0,,100,0.7335,0.0025,0.7335,0.6342,0.0037,0.2518,0.0,-0.06,
tep,40,2 h,10.0,0,0,0.25,naive,adjusted,52000,52000,1.0,,100,0.8491,0.0018,0.8491,0.7984,0.0028,0.2131,0.0,-0.0644,0.8366
tep,40,2 h,10.0,0,0,0.25,prepost_hac,raw,5200,5200,1.0,,100,0.5681,0.0079,0.5681,0.939,0.006,0.4535,0.0,-0.0045,
tep,40,2 h,10.0,0,0,0.25,prepost_hac,adjusted,5200,0,0.0,too_many_covariates,0,,,,,,,,,
tep,40,2 h,10.0,0,0,0.25,prepost_ewc,raw,5200,5200,1.0,,100,0.47,0.0075,0.47,0.9617,0.0049,0.5558,0.0,-0.0045,
tep,40,2 h,10.0,0,0,0.25,prepost_ewc,adjusted,5200,0,0.0,too_many_covariates,0,,,,,,,,,
tep,40,2 h,10.0,0,0,0.5,randomization,raw,52000,52000,1.0,,100,0.6592,0.0023,0.6592,0.9561,0.0018,0.5889,0.0,-0.1203,
tep,40,2 h,10.0,0,0,0.5,randomization,adjusted,52000,52000,1.0,,100,0.9416,0.0011,0.9416,0.9689,0.0012,0.3089,0.0,-0.129,0.5336
tep,40,2 h,10.0,0,0,0.5,block_t,raw,52000,52000,1.0,,100,0.6587,0.0023,0.6587,0.9569,0.0018,0.5907,0.0,-0.1203,
tep,40,2 h,10.0,0,0,0.5,block_t,adjusted,52000,52000,1.0,,100,0.9703,0.0008,0.9703,0.9267,0.0017,0.2408,0.0,-0.129,0.4146
tep,40,2 h,10.0,0,0,0.5,hac,raw,52000,52000,1.0,,100,0.7555,0.002,0.7555,0.9048,0.0028,0.4644,0.0,-0.1203,
tep,40,2 h,10.0,0,0,0.5,hac,adjusted,52000,52000,1.0,,100,0.9716,0.0008,0.9716,0.9194,0.0016,0.2401,0.0,-0.129,0.5306
tep,40,2 h,10.0,0,0,0.5,ewc,raw,52000,52000,1.0,,100,0.7109,0.0021,0.7109,0.9364,0.0023,0.5504,0.0,-0.1203,
tep,40,2 h,10.0,0,0,0.5,ewc,adjusted,52000,52000,1.0,,100,0.9655,0.0009,0.9655,0.9407,0.0014,0.2592,0.0,-0.129,0.4711
tep,40,2 h,10.0,0,0,0.5,naive,raw,52000,52000,1.0,,100,0.9391,0.0016,0.9391,0.6352,0.0037,0.2528,0.0,-0.1203,
tep,40,2 h,10.0,0,0,0.5,naive,adjusted,52000,52000,1.0,,100,0.9908,0.0005,0.9908,0.7979,0.0033,0.2144,0.0,-0.129,0.8381
tep,40,2 h,10.0,0,0,0.5,prepost_hac,raw,5200,5200,1.0,,100,0.8846,0.0045,0.8846,0.9394,0.006,0.4545,0.0,-0.0095,
tep,40,2 h,10.0,0,0,0.5,prepost_hac,adjusted,5200,0,0.0,too_many_covariates,0,,,,,,,,,
tep,40,2 h,10.0,0,0,0.5,prepost_ewc,raw,5200,5200,1.0,,100,0.8417,0.0047,0.8417,0.9621,0.0048,0.5571,0.0,-0.0095,
tep,40,2 h,10.0,0,0,0.5,prepost_ewc,adjusted,5200,0,0.0,too_many_covariates,0,,,,,,,,,
tep,40,2 h,10.0,30,ceil(3 tau),0.0,randomization,raw,52000,52000,1.0,,100,0.0505,0.0017,0.0505,0.9495,0.0017,0.9675,0.0,0.0006,
tep,40,2 h,10.0,30,ceil(3 tau),0.0,randomization,adjusted,52000,0,0.0,too_many_covariates,0,,,,,,,,,
tep,40,2 h,10.0,30,ceil(3 tau),0.0,block_t,raw,52000,52000,1.0,,100,0.0497,0.0017,0.0497,0.9503,0.0017,0.9709,0.0,0.0006,
tep,40,2 h,10.0,30,ceil(3 tau),0.0,block_t,adjusted,52000,0,0.0,too_many_covariates,0,,,,,,,,,
tep,40,2 h,10.0,30,ceil(3 tau),0.0,hac,raw,52000,52000,1.0,,100,0.0963,0.0025,0.0963,0.9037,0.0025,0.7728,0.0,0.0006,
tep,40,2 h,10.0,30,ceil(3 tau),0.0,hac,adjusted,52000,0,0.0,too_many_covariates,0,,,,,,,,,
tep,40,2 h,10.0,30,ceil(3 tau),0.0,ewc,raw,52000,52000,1.0,,100,0.0602,0.0018,0.0602,0.9398,0.0018,0.9323,0.0,0.0006,
tep,40,2 h,10.0,30,ceil(3 tau),0.0,ewc,adjusted,52000,0,0.0,too_many_covariates,0,,,,,,,,,
tep,40,2 h,10.0,30,ceil(3 tau),0.0,naive,raw,52000,52000,1.0,,100,0.2918,0.0037,0.2918,0.7082,0.0037,0.5025,0.0,0.0006,
tep,40,2 h,10.0,30,ceil(3 tau),0.0,naive,adjusted,52000,0,0.0,too_many_covariates,0,,,,,,,,,
tep,40,2 h,10.0,30,ceil(3 tau),0.0,prepost_hac,raw,5200,5200,1.0,,100,0.0638,0.0064,0.0638,0.9362,0.0064,0.4694,0.0,-0.0007,
tep,40,2 h,10.0,30,ceil(3 tau),0.0,prepost_hac,adjusted,5200,0,0.0,too_many_covariates,0,,,,,,,,,
tep,40,2 h,10.0,30,ceil(3 tau),0.0,prepost_ewc,raw,5200,5200,1.0,,100,0.0398,0.005,0.0398,0.9602,0.005,0.5779,0.0,-0.0007,
tep,40,2 h,10.0,30,ceil(3 tau),0.0,prepost_ewc,adjusted,5200,0,0.0,too_many_covariates,0,,,,,,,,,
tep,40,2 h,10.0,30,ceil(3 tau),0.1,randomization,raw,52000,52000,1.0,,100,0.0759,0.0019,0.0759,0.9494,0.0017,0.9675,0.0,-0.0024,
tep,40,2 h,10.0,30,ceil(3 tau),0.1,randomization,adjusted,52000,0,0.0,too_many_covariates,0,,,,,,,,,
tep,40,2 h,10.0,30,ceil(3 tau),0.1,block_t,raw,52000,52000,1.0,,100,0.0735,0.0018,0.0735,0.9503,0.0017,0.9708,0.0,-0.0024,
tep,40,2 h,10.0,30,ceil(3 tau),0.1,block_t,adjusted,52000,0,0.0,too_many_covariates,0,,,,,,,,,
tep,40,2 h,10.0,30,ceil(3 tau),0.1,hac,raw,52000,52000,1.0,,100,0.1301,0.0026,0.1301,0.9038,0.0025,0.7726,0.0,-0.0024,
tep,40,2 h,10.0,30,ceil(3 tau),0.1,hac,adjusted,52000,0,0.0,too_many_covariates,0,,,,,,,,,
tep,40,2 h,10.0,30,ceil(3 tau),0.1,ewc,raw,52000,52000,1.0,,100,0.0867,0.002,0.0868,0.9398,0.0018,0.9323,0.0,-0.0024,
tep,40,2 h,10.0,30,ceil(3 tau),0.1,ewc,adjusted,52000,0,0.0,too_many_covariates,0,,,,,,,,,
tep,40,2 h,10.0,30,ceil(3 tau),0.1,naive,raw,52000,52000,1.0,,100,0.329,0.0034,0.329,0.7081,0.0037,0.5025,0.0,-0.0024,
tep,40,2 h,10.0,30,ceil(3 tau),0.1,naive,adjusted,52000,0,0.0,too_many_covariates,0,,,,,,,,,
tep,40,2 h,10.0,30,ceil(3 tau),0.1,prepost_hac,raw,5200,5200,1.0,,100,0.1592,0.0072,0.1592,0.9362,0.0064,0.4694,0.0,-0.0008,
tep,40,2 h,10.0,30,ceil(3 tau),0.1,prepost_hac,adjusted,5200,0,0.0,too_many_covariates,0,,,,,,,,,
tep,40,2 h,10.0,30,ceil(3 tau),0.1,prepost_ewc,raw,5200,5200,1.0,,100,0.1148,0.0064,0.1148,0.9602,0.005,0.578,0.0,-0.0008,
tep,40,2 h,10.0,30,ceil(3 tau),0.1,prepost_ewc,adjusted,5200,0,0.0,too_many_covariates,0,,,,,,,,,
tep,40,2 h,10.0,30,ceil(3 tau),0.25,randomization,raw,52000,52000,1.0,,100,0.2122,0.0024,0.2123,0.9493,0.0017,0.9678,0.0,-0.007,
tep,40,2 h,10.0,30,ceil(3 tau),0.25,randomization,adjusted,52000,0,0.0,too_many_covariates,0,,,,,,,,,
tep,40,2 h,10.0,30,ceil(3 tau),0.25,block_t,raw,52000,52000,1.0,,100,0.2107,0.0024,0.2107,0.9503,0.0017,0.9704,0.0,-0.007,
tep,40,2 h,10.0,30,ceil(3 tau),0.25,block_t,adjusted,52000,0,0.0,too_many_covariates,0,,,,,,,,,
tep,40,2 h,10.0,30,ceil(3 tau),0.25,hac,raw,52000,52000,1.0,,100,0.2986,0.0027,0.2986,0.9038,0.0025,0.7727,0.0,-0.007,
tep,40,2 h,10.0,30,ceil(3 tau),0.25,hac,adjusted,52000,0,0.0,too_many_covariates,0,,,,,,,,,
tep,40,2 h,10.0,30,ceil(3 tau),0.25,ewc,raw,52000,52000,1.0,,100,0.2257,0.0025,0.2257,0.9398,0.0018,0.9325,0.0,-0.007,
tep,40,2 h,10.0,30,ceil(3 tau),0.25,ewc,adjusted,52000,0,0.0,too_many_covariates,0,,,,,,,,,
tep,40,2 h,10.0,30,ceil(3 tau),0.25,naive,raw,52000,52000,1.0,,100,0.5177,0.0027,0.5177,0.7082,0.0037,0.5025,0.0,-0.007,
tep,40,2 h,10.0,30,ceil(3 tau),0.25,naive,adjusted,52000,0,0.0,too_many_covariates,0,,,,,,,,,
tep,40,2 h,10.0,30,ceil(3 tau),0.25,prepost_hac,raw,5200,5200,1.0,,100,0.5546,0.0068,0.5546,0.9362,0.0064,0.4693,0.0,-0.0009,
tep,40,2 h,10.0,30,ceil(3 tau),0.25,prepost_hac,adjusted,5200,0,0.0,too_many_covariates,0,,,,,,,,,
tep,40,2 h,10.0,30,ceil(3 tau),0.25,prepost_ewc,raw,5200,5200,1.0,,100,0.4575,0.0078,0.4575,0.9602,0.005,0.578,0.0,-0.0009,
tep,40,2 h,10.0,30,ceil(3 tau),0.25,prepost_ewc,adjusted,5200,0,0.0,too_many_covariates,0,,,,,,,,,
tep,40,2 h,10.0,30,ceil(3 tau),0.5,randomization,raw,52000,52000,1.0,,100,0.5475,0.0023,0.5475,0.9494,0.0017,0.9679,0.0,-0.0148,
tep,40,2 h,10.0,30,ceil(3 tau),0.5,randomization,adjusted,52000,0,0.0,too_many_covariates,0,,,,,,,,,
tep,40,2 h,10.0,30,ceil(3 tau),0.5,block_t,raw,52000,52000,1.0,,100,0.5455,0.0023,0.5455,0.9503,0.0017,0.9704,0.0,-0.0148,
tep,40,2 h,10.0,30,ceil(3 tau),0.5,block_t,adjusted,52000,0,0.0,too_many_covariates,0,,,,,,,,,
tep,40,2 h,10.0,30,ceil(3 tau),0.5,hac,raw,52000,52000,1.0,,100,0.6531,0.0022,0.6531,0.904,0.0025,0.7729,0.0,-0.0148,
tep,40,2 h,10.0,30,ceil(3 tau),0.5,hac,adjusted,52000,0,0.0,too_many_covariates,0,,,,,,,,,
tep,40,2 h,10.0,30,ceil(3 tau),0.5,ewc,raw,52000,52000,1.0,,100,0.5649,0.0024,0.5649,0.94,0.0018,0.9327,0.0,-0.0148,
tep,40,2 h,10.0,30,ceil(3 tau),0.5,ewc,adjusted,52000,0,0.0,too_many_covariates,0,,,,,,,,,
tep,40,2 h,10.0,30,ceil(3 tau),0.5,naive,raw,52000,52000,1.0,,100,0.8459,0.0021,0.8459,0.7082,0.0037,0.5025,0.0,-0.0148,
tep,40,2 h,10.0,30,ceil(3 tau),0.5,naive,adjusted,52000,0,0.0,too_many_covariates,0,,,,,,,,,
tep,40,2 h,10.0,30,ceil(3 tau),0.5,prepost_hac,raw,5200,5200,1.0,,100,0.8754,0.0039,0.8754,0.9362,0.0064,0.4692,0.0,-0.0012,
tep,40,2 h,10.0,30,ceil(3 tau),0.5,prepost_hac,adjusted,5200,0,0.0,too_many_covariates,0,,,,,,,,,
tep,40,2 h,10.0,30,ceil(3 tau),0.5,prepost_ewc,raw,5200,5200,1.0,,100,0.831,0.0049,0.831,0.9602,0.005,0.5779,0.0,-0.0012,
tep,40,2 h,10.0,30,ceil(3 tau),0.5,prepost_ewc,adjusted,5200,0,0.0,too_many_covariates,0,,,,,,,,,
tep,80,4 h,0.0,0,ceil(3 tau),0.0,randomization,raw,52000,52000,1.0,,100,0.0487,0.0017,0.0487,0.9513,0.0017,0.5159,0.0,-0.0009,
tep,80,4 h,0.0,0,ceil(3 tau),0.0,randomization,adjusted,52000,52000,1.0,,100,0.05,0.0016,0.05,0.95,0.0016,0.303,0.0,0.0,0.6158
tep,80,4 h,0.0,0,ceil(3 tau),0.0,block_t,raw,52000,52000,1.0,,100,0.0462,0.0017,0.0462,0.9538,0.0017,0.5253,0.0,-0.0009,
tep,80,4 h,0.0,0,ceil(3 tau),0.0,block_t,adjusted,52000,52000,1.0,,100,0.1047,0.0021,0.1047,0.8953,0.0021,0.2328,0.0,0.0,0.4673
tep,80,4 h,0.0,0,ceil(3 tau),0.0,hac,raw,52000,52000,1.0,,100,0.0677,0.0022,0.0677,0.9323,0.0022,0.4654,0.0,-0.0009,
tep,80,4 h,0.0,0,ceil(3 tau),0.0,hac,adjusted,52000,52000,1.0,,100,0.1158,0.002,0.1158,0.8842,0.002,0.2363,0.0,0.0,0.5072
tep,80,4 h,0.0,0,ceil(3 tau),0.0,ewc,raw,52000,52000,1.0,,100,0.046,0.0017,0.046,0.954,0.0017,0.5674,0.0,-0.0009,
tep,80,4 h,0.0,0,ceil(3 tau),0.0,ewc,adjusted,52000,52000,1.0,,100,0.0962,0.0018,0.0962,0.9038,0.0018,0.2488,0.0,0.0,0.4324
tep,80,4 h,0.0,0,ceil(3 tau),0.0,naive,raw,52000,52000,1.0,,100,0.3175,0.0035,0.3175,0.6825,0.0035,0.2516,0.0,-0.0009,
tep,80,4 h,0.0,0,ceil(3 tau),0.0,naive,adjusted,52000,52000,1.0,,100,0.2006,0.0021,0.2006,0.7994,0.0021,0.2133,0.0,0.0,0.8369
tep,80,4 h,0.0,0,ceil(3 tau),0.0,prepost_hac,raw,5200,5200,1.0,,100,0.0608,0.006,0.0608,0.9392,0.006,0.4533,0.0,0.0005,
tep,80,4 h,0.0,0,ceil(3 tau),0.0,prepost_hac,adjusted,5200,0,0.0,too_many_covariates,0,,,,,,,,,
tep,80,4 h,0.0,0,ceil(3 tau),0.0,prepost_ewc,raw,5200,5200,1.0,,100,0.0388,0.0049,0.0388,0.9612,0.0049,0.5551,0.0,0.0005,
tep,80,4 h,0.0,0,ceil(3 tau),0.0,prepost_ewc,adjusted,5200,0,0.0,too_many_covariates,0,,,,,,,,,
tep,80,4 h,0.0,0,ceil(3 tau),0.1,randomization,raw,52000,52000,1.0,,100,0.1554,0.0022,0.1554,0.9513,0.0017,0.5159,0.0,-0.0009,
tep,80,4 h,0.0,0,ceil(3 tau),0.1,randomization,adjusted,52000,52000,1.0,,100,0.4544,0.0016,0.4544,0.95,0.0016,0.303,0.0,0.0,0.6158
tep,80,4 h,0.0,0,ceil(3 tau),0.1,block_t,raw,52000,52000,1.0,,100,0.1479,0.0022,0.1479,0.9538,0.0017,0.5253,0.0,-0.0009,
tep,80,4 h,0.0,0,ceil(3 tau),0.1,block_t,adjusted,52000,52000,1.0,,100,0.5431,0.0016,0.5431,0.8953,0.0021,0.2328,0.0,0.0,0.4673
tep,80,4 h,0.0,0,ceil(3 tau),0.1,hac,raw,52000,52000,1.0,,100,0.1804,0.0026,0.1804,0.9323,0.0022,0.4654,0.0,-0.0009,
tep,80,4 h,0.0,0,ceil(3 tau),0.1,hac,adjusted,52000,52000,1.0,,100,0.5679,0.0016,0.5679,0.8842,0.002,0.2363,0.0,0.0,0.5072
tep,80,4 h,0.0,0,ceil(3 tau),0.1,ewc,raw,52000,52000,1.0,,100,0.1369,0.0023,0.1369,0.954,0.0017,0.5674,0.0,-0.0009,
tep,80,4 h,0.0,0,ceil(3 tau),0.1,ewc,adjusted,52000,52000,1.0,,100,0.5427,0.0016,0.5427,0.9038,0.0018,0.2488,0.0,0.0,0.4324
tep,80,4 h,0.0,0,ceil(3 tau),0.1,naive,raw,52000,52000,1.0,,100,0.4653,0.0029,0.4653,0.6825,0.0035,0.2516,0.0,-0.0009,
tep,80,4 h,0.0,0,ceil(3 tau),0.1,naive,adjusted,52000,52000,1.0,,100,0.6313,0.0017,0.6313,0.7994,0.0021,0.2133,0.0,0.0,0.8369
tep,80,4 h,0.0,0,ceil(3 tau),0.1,prepost_hac,raw,5200,5200,1.0,,100,0.1683,0.0072,0.1683,0.9392,0.006,0.4533,0.0,0.0005,
tep,80,4 h,0.0,0,ceil(3 tau),0.1,prepost_hac,adjusted,5200,0,0.0,too_many_covariates,0,,,,,,,,,
tep,80,4 h,0.0,0,ceil(3 tau),0.1,prepost_ewc,raw,5200,5200,1.0,,100,0.1267,0.0063,0.1267,0.9612,0.0049,0.5551,0.0,0.0005,
tep,80,4 h,0.0,0,ceil(3 tau),0.1,prepost_ewc,adjusted,5200,0,0.0,too_many_covariates,0,,,,,,,,,
tep,80,4 h,0.0,0,ceil(3 tau),0.25,randomization,raw,52000,52000,1.0,,100,0.5086,0.0024,0.5086,0.9513,0.0017,0.5159,0.0,-0.0009,
tep,80,4 h,0.0,0,ceil(3 tau),0.25,randomization,adjusted,52000,52000,1.0,,100,0.7791,0.0016,0.7791,0.95,0.0016,0.303,0.0,0.0,0.6158
tep,80,4 h,0.0,0,ceil(3 tau),0.25,block_t,raw,52000,52000,1.0,,100,0.5002,0.0025,0.5002,0.9538,0.0017,0.5253,0.0,-0.0009,
tep,80,4 h,0.0,0,ceil(3 tau),0.25,block_t,adjusted,52000,52000,1.0,,100,0.8667,0.0013,0.8667,0.8953,0.0021,0.2328,0.0,0.0,0.4673
tep,80,4 h,0.0,0,ceil(3 tau),0.25,hac,raw,52000,52000,1.0,,100,0.5697,0.0022,0.5697,0.9323,0.0022,0.4654,0.0,-0.0009,
tep,80,4 h,0.0,0,ceil(3 tau),0.25,hac,adjusted,52000,52000,1.0,,100,0.8909,0.0014,0.8909,0.8842,0.002,0.2363,0.0,0.0,0.5072
tep,80,4 h,0.0,0,ceil(3 tau),0.25,ewc,raw,52000,52000,1.0,,100,0.4825,0.0025,0.4825,0.954,0.0017,0.5674,0.0,-0.0009,
tep,80,4 h,0.0,0,ceil(3 tau),0.25,ewc,adjusted,52000,52000,1.0,,100,0.875,0.0015,0.875,0.9038,0.0018,0.2488,0.0,0.0,0.4324
tep,80,4 h,0.0,0,ceil(3 tau),0.25,naive,raw,52000,52000,1.0,,100,0.8566,0.002,0.8566,0.6825,0.0035,0.2516,0.0,-0.0009,
tep,80,4 h,0.0,0,ceil(3 tau),0.25,naive,adjusted,52000,52000,1.0,,100,0.9396,0.0012,0.9396,0.7994,0.0021,0.2133,0.0,0.0,0.8369
tep,80,4 h,0.0,0,ceil(3 tau),0.25,prepost_hac,raw,5200,5200,1.0,,100,0.5806,0.0077,0.5806,0.9392,0.006,0.4533,0.0,0.0005,
tep,80,4 h,0.0,0,ceil(3 tau),0.25,prepost_hac,adjusted,5200,0,0.0,too_many_covariates,0,,,,,,,,,
tep,80,4 h,0.0,0,ceil(3 tau),0.25,prepost_ewc,raw,5200,5200,1.0,,100,0.4787,0.0077,0.4787,0.9612,0.0049,0.5551,0.0,0.0005,
tep,80,4 h,0.0,0,ceil(3 tau),0.25,prepost_ewc,adjusted,5200,0,0.0,too_many_covariates,0,,,,,,,,,
tep,80,4 h,0.0,0,ceil(3 tau),0.5,randomization,raw,52000,52000,1.0,,100,0.8137,0.0018,0.8137,0.9513,0.0017,0.5159,0.0,-0.0009,
tep,80,4 h,0.0,0,ceil(3 tau),0.5,randomization,adjusted,52000,52000,1.0,,100,0.9782,0.0006,0.9782,0.95,0.0016,0.303,0.0,0.0,0.6158
tep,80,4 h,0.0,0,ceil(3 tau),0.5,block_t,raw,52000,52000,1.0,,100,0.8086,0.0018,0.8086,0.9538,0.0017,0.5253,0.0,-0.0009,
tep,80,4 h,0.0,0,ceil(3 tau),0.5,block_t,adjusted,52000,52000,1.0,,100,0.9904,0.0004,0.9904,0.8953,0.0021,0.2328,0.0,0.0,0.4673
tep,80,4 h,0.0,0,ceil(3 tau),0.5,hac,raw,52000,52000,1.0,,100,0.8647,0.0014,0.8647,0.9323,0.0022,0.4654,0.0,-0.0009,
tep,80,4 h,0.0,0,ceil(3 tau),0.5,hac,adjusted,52000,52000,1.0,,100,0.9939,0.0003,0.9939,0.8842,0.002,0.2363,0.0,0.0,0.5072
tep,80,4 h,0.0,0,ceil(3 tau),0.5,ewc,raw,52000,52000,1.0,,100,0.8239,0.0015,0.8239,0.954,0.0017,0.5674,0.0,-0.0009,
tep,80,4 h,0.0,0,ceil(3 tau),0.5,ewc,adjusted,52000,52000,1.0,,100,0.992,0.0004,0.992,0.9038,0.0018,0.2488,0.0,0.0,0.4324
tep,80,4 h,0.0,0,ceil(3 tau),0.5,naive,raw,52000,52000,1.0,,100,0.9815,0.0009,0.9815,0.6825,0.0035,0.2516,0.0,-0.0009,
tep,80,4 h,0.0,0,ceil(3 tau),0.5,naive,adjusted,52000,52000,1.0,,100,0.9987,0.0002,0.9987,0.7994,0.0021,0.2133,0.0,0.0,0.8369
tep,80,4 h,0.0,0,ceil(3 tau),0.5,prepost_hac,raw,5200,5200,1.0,,100,0.8912,0.0044,0.8912,0.9392,0.006,0.4533,0.0,0.0005,
tep,80,4 h,0.0,0,ceil(3 tau),0.5,prepost_hac,adjusted,5200,0,0.0,too_many_covariates,0,,,,,,,,,
tep,80,4 h,0.0,0,ceil(3 tau),0.5,prepost_ewc,raw,5200,5200,1.0,,100,0.8506,0.0048,0.8506,0.9612,0.0049,0.5551,0.0,0.0005,
tep,80,4 h,0.0,0,ceil(3 tau),0.5,prepost_ewc,adjusted,5200,0,0.0,too_many_covariates,0,,,,,,,,,
tep,80,4 h,8.0,0,0,0.0,randomization,raw,52000,52000,1.0,,100,0.0487,0.0017,0.0487,0.9513,0.0017,0.5159,0.0,-0.0009,
tep,80,4 h,8.0,0,0,0.0,randomization,adjusted,52000,52000,1.0,,100,0.05,0.0016,0.05,0.95,0.0016,0.303,0.0,0.0,0.6158
tep,80,4 h,8.0,0,0,0.0,block_t,raw,52000,52000,1.0,,100,0.0462,0.0017,0.0462,0.9538,0.0017,0.5253,0.0,-0.0009,
tep,80,4 h,8.0,0,0,0.0,block_t,adjusted,52000,52000,1.0,,100,0.1047,0.0021,0.1047,0.8953,0.0021,0.2328,0.0,0.0,0.4673
tep,80,4 h,8.0,0,0,0.0,hac,raw,52000,52000,1.0,,100,0.0677,0.0022,0.0677,0.9323,0.0022,0.4654,0.0,-0.0009,
tep,80,4 h,8.0,0,0,0.0,hac,adjusted,52000,52000,1.0,,100,0.1158,0.002,0.1158,0.8842,0.002,0.2363,0.0,0.0,0.5072
tep,80,4 h,8.0,0,0,0.0,ewc,raw,52000,52000,1.0,,100,0.046,0.0017,0.046,0.954,0.0017,0.5674,0.0,-0.0009,
tep,80,4 h,8.0,0,0,0.0,ewc,adjusted,52000,52000,1.0,,100,0.0962,0.0018,0.0962,0.9038,0.0018,0.2488,0.0,0.0,0.4324
tep,80,4 h,8.0,0,0,0.0,naive,raw,52000,52000,1.0,,100,0.3175,0.0035,0.3175,0.6825,0.0035,0.2516,0.0,-0.0009,
tep,80,4 h,8.0,0,0,0.0,naive,adjusted,52000,52000,1.0,,100,0.2006,0.0021,0.2006,0.7994,0.0021,0.2133,0.0,0.0,0.8369
tep,80,4 h,8.0,0,0,0.0,prepost_hac,raw,5200,5200,1.0,,100,0.0608,0.006,0.0608,0.9392,0.006,0.4533,0.0,0.0005,
tep,80,4 h,8.0,0,0,0.0,prepost_hac,adjusted,5200,0,0.0,too_many_covariates,0,,,,,,,,,
tep,80,4 h,8.0,0,0,0.0,prepost_ewc,raw,5200,5200,1.0,,100,0.0388,0.0049,0.0388,0.9612,0.0049,0.5551,0.0,0.0005,
tep,80,4 h,8.0,0,0,0.0,prepost_ewc,adjusted,5200,0,0.0,too_many_covariates,0,,,,,,,,,
tep,80,4 h,8.0,0,0,0.1,randomization,raw,52000,52000,1.0,,100,0.1348,0.0021,0.1348,0.9513,0.0017,0.5158,0.0,-0.0109,
tep,80,4 h,8.0,0,0,0.1,randomization,adjusted,52000,52000,1.0,,100,0.4304,0.0016,0.4304,0.9552,0.0016,0.3026,0.0,-0.011,0.6164
tep,80,4 h,8.0,0,0,0.1,block_t,raw,52000,52000,1.0,,100,0.1279,0.0021,0.1279,0.9543,0.0017,0.5252,0.0,-0.0109,
tep,80,4 h,8.0,0,0,0.1,block_t,adjusted,52000,52000,1.0,,100,0.5153,0.0016,0.5153,0.9073,0.0021,0.2328,0.0,-0.011,0.4676
tep,80,4 h,8.0,0,0,0.1,hac,raw,52000,52000,1.0,,100,0.158,0.0025,0.158,0.9324,0.0022,0.4655,0.0,-0.0109,
tep,80,4 h,8.0,0,0,0.1,hac,adjusted,52000,52000,1.0,,100,0.5394,0.0016,0.5394,0.8933,0.0019,0.2364,0.0,-0.011,0.5073
tep,80,4 h,8.0,0,0,0.1,ewc,raw,52000,52000,1.0,,100,0.1176,0.0022,0.1176,0.9543,0.0017,0.5674,0.0,-0.0109,
tep,80,4 h,8.0,0,0,0.1,ewc,adjusted,52000,52000,1.0,,100,0.5134,0.0016,0.5134,0.9181,0.0016,0.2494,0.0,-0.011,0.4334
tep,80,4 h,8.0,0,0,0.1,naive,raw,52000,52000,1.0,,100,0.4378,0.0029,0.4378,0.6825,0.0035,0.2516,0.0,-0.0109,
tep,80,4 h,8.0,0,0,0.1,naive,adjusted,52000,52000,1.0,,100,0.6027,0.0018,0.6027,0.7907,0.0025,0.2134,0.0,-0.011,0.8372
tep,80,4 h,8.0,0,0,0.1,prepost_hac,raw,5200,5200,1.0,,100,0.1646,0.0071,0.1646,0.939,0.006,0.4533,0.0,-0.0011,
tep,80,4 h,8.0,0,0,0.1,prepost_hac,adjusted,5200,0,0.0,too_many_covariates,0,,,,,,,,,
tep,80,4 h,8.0,0,0,0.1,prepost_ewc,raw,5200,5200,1.0,,100,0.1235,0.0064,0.1235,0.9613,0.0049,0.5552,0.0,-0.0011,
tep,80,4 h,8.0,0,0,0.1,prepost_ewc,adjusted,5200,0,0.0,too_many_covariates,0,,,,,,,,,
tep,80,4 h,8.0,0,0,0.25,randomization,raw,52000,52000,1.0,,100,0.4558,0.0025,0.4558,0.9518,0.0017,0.5168,0.0,-0.0259,
tep,80,4 h,8.0,0,0,0.25,randomization,adjusted,52000,52000,1.0,,100,0.7251,0.0017,0.7251,0.9598,0.0016,0.3043,0.0,-0.0274,0.6196
tep,80,4 h,8.0,0,0,0.25,block_t,raw,52000,52000,1.0,,100,0.4458,0.0025,0.4458,0.9548,0.0016,0.5261,0.0,-0.0259,
tep,80,4 h,8.0,0,0,0.25,block_t,adjusted,52000,52000,1.0,,100,0.8212,0.0015,0.8212,0.9154,0.002,0.2338,0.0,-0.0274,0.4688
tep,80,4 h,8.0,0,0,0.25,hac,raw,52000,52000,1.0,,100,0.5178,0.0024,0.5177,0.9325,0.0022,0.4662,0.0,-0.0259,
tep,80,4 h,8.0,0,0,0.25,hac,adjusted,52000,52000,1.0,,100,0.8508,0.0017,0.8508,0.9032,0.0017,0.2371,0.0,-0.0274,0.5081
tep,80,4 h,8.0,0,0,0.25,ewc,raw,52000,52000,1.0,,100,0.4289,0.0026,0.4289,0.9547,0.0017,0.5686,0.0,-0.0259,
tep,80,4 h,8.0,0,0,0.25,ewc,adjusted,52000,52000,1.0,,100,0.8318,0.0018,0.8318,0.9291,0.0014,0.2513,0.0,-0.0274,0.4353
tep,80,4 h,8.0,0,0,0.25,naive,raw,52000,52000,1.0,,100,0.8157,0.0021,0.8157,0.6827,0.0035,0.2518,0.0,-0.0259,
tep,80,4 h,8.0,0,0,0.25,naive,adjusted,52000,52000,1.0,,100,0.9068,0.0015,0.9068,0.7954,0.0028,0.2135,0.0,-0.0274,0.8372
tep,80,4 h,8.0,0,0,0.25,prepost_hac,raw,5200,5200,1.0,,100,0.5698,0.008,0.5698,0.939,0.006,0.4531,0.0,-0.0035,
tep,80,4 h,8.0,0,0,0.25,prepost_hac,adjusted,5200,0,0.0,too_many_covariates,0,,,,,,,,,
tep,80,4 h,8.0,0,0,0.25,prepost_ewc,raw,5200,5200,1.0,,100,0.4721,0.0076,0.4721,0.9615,0.0049,0.5559,0.0,-0.0035,
tep,80,4 h,8.0,0,0,0.25,prepost_ewc,adjusted,5200,0,0.0,too_many_covariates,0,,,,,,,,,
tep,80,4 h,8.0,0,0,0.5,randomization,raw,52000,52000,1.0,,100,0.7721,0.002,0.7721,0.9533,0.0017,0.5201,0.0,-0.0507,
tep,80,4 h,8.0,0,0,0.5,randomization,adjusted,52000,52000,1.0,,100,0.9602,0.0008,0.9602,0.9635,0.0016,0.3107,0.0,-0.0546,0.6268
tep,80,4 h,8.0,0,0,0.5,block_t,raw,52000,52000,1.0,,100,0.7654,0.0019,0.7654,0.956,0.0016,0.5292,0.0,-0.0507,
tep,80,4 h,8.0,0,0,0.5,block_t,adjusted,52000,52000,1.0,,100,0.982,0.0006,0.982,0.9233,0.0021,0.2382,0.0,-0.0546,0.4752
tep,80,4 h,8.0,0,0,0.5,hac,raw,52000,52000,1.0,,100,0.8281,0.0016,0.8281,0.9335,0.0022,0.4685,0.0,-0.0507,
tep,80,4 h,8.0,0,0,0.5,hac,adjusted,52000,52000,1.0,,100,0.9873,0.0005,0.9873,0.914,0.0016,0.2391,0.0,-0.0546,0.512
tep,80,4 h,8.0,0,0,0.5,ewc,raw,52000,52000,1.0,,100,0.7764,0.0017,0.7764,0.9558,0.0017,0.5709,0.0,-0.0507,
tep,80,4 h,8.0,0,0,0.5,ewc,adjusted,52000,52000,1.0,,100,0.9844,0.0006,0.9844,0.9381,0.0013,0.2569,0.0,-0.0546,0.4412
tep,80,4 h,8.0,0,0,0.5,naive,raw,52000,52000,1.0,,100,0.9742,0.001,0.9742,0.6833,0.0035,0.2522,0.0,-0.0507,
tep,80,4 h,8.0,0,0,0.5,naive,adjusted,52000,52000,1.0,,100,0.9969,0.0003,0.9969,0.7977,0.0031,0.2142,0.0,-0.0546,0.8383
tep,80,4 h,8.0,0,0,0.5,prepost_hac,raw,5200,5200,1.0,,100,0.886,0.0045,0.886,0.9392,0.006,0.4543,0.0,-0.0074,
tep,80,4 h,8.0,0,0,0.5,prepost_hac,adjusted,5200,0,0.0,too_many_covariates,0,,,,,,,,,
tep,80,4 h,8.0,0,0,0.5,prepost_ewc,raw,5200,5200,1.0,,100,0.8433,0.0047,0.8433,0.9621,0.0048,0.5571,0.0,-0.0074,
tep,80,4 h,8.0,0,0,0.5,prepost_ewc,adjusted,5200,0,0.0,too_many_covariates,0,,,,,,,,,
tep,80,4 h,8.0,24,ceil(3 tau),0.0,randomization,raw,52000,52000,1.0,,100,0.0509,0.002,0.0509,0.949,0.002,0.6998,0.0,-0.0015,
tep,80,4 h,8.0,24,ceil(3 tau),0.0,randomization,adjusted,52000,52000,1.0,,100,0.0491,0.0016,0.0491,0.9509,0.0016,0.389,0.0,0.0,0.5676
tep,80,4 h,8.0,24,ceil(3 tau),0.0,block_t,raw,52000,52000,1.0,,100,0.0473,0.0019,0.0473,0.9527,0.0019,0.7128,0.0,-0.0015,
tep,80,4 h,8.0,24,ceil(3 tau),0.0,block_t,adjusted,52000,52000,1.0,,100,0.1433,0.0025,0.1433,0.8567,0.0025,0.2622,0.0,0.0,0.3785
tep,80,4 h,8.0,24,ceil(3 tau),0.0,hac,raw,52000,52000,1.0,,100,0.0984,0.0029,0.0984,0.9016,0.0029,0.5378,0.0,-0.0015,
tep,80,4 h,8.0,24,ceil(3 tau),0.0,hac,adjusted,52000,52000,1.0,,100,0.1316,0.0021,0.1316,0.8684,0.0021,0.2875,0.0,0.0,0.5385
tep,80,4 h,8.0,24,ceil(3 tau),0.0,ewc,raw,52000,52000,1.0,,100,0.0631,0.0023,0.0631,0.9369,0.0023,0.6567,0.0,-0.0015,
tep,80,4 h,8.0,24,ceil(3 tau),0.0,ewc,adjusted,52000,52000,1.0,,100,0.1124,0.0019,0.1124,0.8876,0.0019,0.2957,0.0,0.0,0.4539
tep,80,4 h,8.0,24,ceil(3 tau),0.0,naive,raw,52000,52000,1.0,,100,0.355,0.0038,0.355,0.645,0.0038,0.3003,0.0,-0.0015,
tep,80,4 h,8.0,24,ceil(3 tau),0.0,naive,adjusted,52000,52000,1.0,,100,0.1998,0.0021,0.1998,0.8002,0.0021,0.2667,0.0,0.0,0.8764
tep,80,4 h,8.0,24,ceil(3 tau),0.0,prepost_hac,raw,5200,5200,1.0,,100,0.0644,0.0065,0.0644,0.9356,0.0065,0.4663,0.0,-0.0006,
tep,80,4 h,8.0,24,ceil(3 tau),0.0,prepost_hac,adjusted,5200,0,0.0,too_many_covariates,0,,,,,,,,,
tep,80,4 h,8.0,24,ceil(3 tau),0.0,prepost_ewc,raw,5200,5200,1.0,,100,0.0398,0.0051,0.0398,0.9602,0.0051,0.5726,0.0,-0.0006,
tep,80,4 h,8.0,24,ceil(3 tau),0.0,prepost_ewc,adjusted,5200,0,0.0,too_many_covariates,0,,,,,,,,,
tep,80,4 h,8.0,24,ceil(3 tau),0.1,randomization,raw,52000,52000,1.0,,100,0.1149,0.0022,0.1149,0.9492,0.002,0.6998,0.0,-0.0022,
tep,80,4 h,8.0,24,ceil(3 tau),0.1,randomization,adjusted,52000,52000,1.0,,100,0.4058,0.0017,0.4058,0.9546,0.0016,0.3891,0.0,-0.0007,0.5677
tep,80,4 h,8.0,24,ceil(3 tau),0.1,block_t,raw,52000,52000,1.0,,100,0.1085,0.0021,0.1085,0.9527,0.0019,0.7126,0.0,-0.0022,
tep,80,4 h,8.0,24,ceil(3 tau),0.1,block_t,adjusted,52000,52000,1.0,,100,0.5298,0.0018,0.5298,0.8674,0.0024,0.2622,0.0,-0.0007,0.3785
tep,80,4 h,8.0,24,ceil(3 tau),0.1,hac,raw,52000,52000,1.0,,100,0.1757,0.0029,0.1757,0.9016,0.0029,0.5378,0.0,-0.0022,
tep,80,4 h,8.0,24,ceil(3 tau),0.1,hac,adjusted,52000,52000,1.0,,100,0.5235,0.0016,0.5235,0.8728,0.0021,0.2875,0.0,-0.0007,0.5384
tep,80,4 h,8.0,24,ceil(3 tau),0.1,ewc,raw,52000,52000,1.0,,100,0.1311,0.0026,0.1311,0.9369,0.0023,0.6566,0.0,-0.0022,
tep,80,4 h,8.0,24,ceil(3 tau),0.1,ewc,adjusted,52000,52000,1.0,,100,0.5032,0.0016,0.5032,0.8946,0.0019,0.2957,0.0,-0.0007,0.4538
tep,80,4 h,8.0,24,ceil(3 tau),0.1,naive,raw,52000,52000,1.0,,100,0.4467,0.0032,0.4467,0.645,0.0038,0.3003,0.0,-0.0022,
tep,80,4 h,8.0,24,ceil(3 tau),0.1,naive,adjusted,52000,52000,1.0,,100,0.5748,0.0017,0.5748,0.7914,0.0023,0.2667,0.0,-0.0007,0.8764
tep,80,4 h,8.0,24,ceil(3 tau),0.1,prepost_hac,raw,5200,5200,1.0,,100,0.1608,0.0072,0.1608,0.9356,0.0065,0.4662,0.0,-0.0007,
tep,80,4 h,8.0,24,ceil(3 tau),0.1,prepost_hac,adjusted,5200,0,0.0,too_many_covariates,0,,,,,,,,,
tep,80,4 h,8.0,24,ceil(3 tau),0.1,prepost_ewc,raw,5200,5200,1.0,,100,0.1185,0.0068,0.1185,0.9602,0.0051,0.5727,0.0,-0.0007,
tep,80,4 h,8.0,24,ceil(3 tau),0.1,prepost_ewc,adjusted,5200,0,0.0,too_many_covariates,0,,,,,,,,,
tep,80,4 h,8.0,24,ceil(3 tau),0.25,randomization,raw,52000,52000,1.0,,100,0.3763,0.0025,0.3763,0.9492,0.002,0.6998,0.0,-0.0033,
tep,80,4 h,8.0,24,ceil(3 tau),0.25,randomization,adjusted,52000,52000,1.0,,100,0.6647,0.0019,0.6647,0.9547,0.0016,0.389,0.0,-0.0018,0.568
tep,80,4 h,8.0,24,ceil(3 tau),0.25,block_t,raw,52000,52000,1.0,,100,0.3661,0.0024,0.3661,0.9526,0.0019,0.7127,0.0,-0.0033,
tep,80,4 h,8.0,24,ceil(3 tau),0.25,block_t,adjusted,52000,52000,1.0,,100,0.8118,0.0015,0.8118,0.8674,0.0024,0.2622,0.0,-0.0018,0.3786
tep,80,4 h,8.0,24,ceil(3 tau),0.25,hac,raw,52000,52000,1.0,,100,0.5004,0.0025,0.5004,0.9016,0.0029,0.5377,0.0,-0.0033,
tep,80,4 h,8.0,24,ceil(3 tau),0.25,hac,adjusted,52000,52000,1.0,,100,0.8177,0.0017,0.8177,0.8731,0.0021,0.2875,0.0,-0.0018,0.5385
tep,80,4 h,8.0,24,ceil(3 tau),0.25,ewc,raw,52000,52000,1.0,,100,0.4248,0.0026,0.4248,0.937,0.0023,0.6567,0.0,-0.0033,
tep,80,4 h,8.0,24,ceil(3 tau),0.25,ewc,adjusted,52000,52000,1.0,,100,0.7987,0.0017,0.7987,0.8952,0.0019,0.2958,0.0,-0.0018,0.4538
tep,80,4 h,8.0,24,ceil(3 tau),0.25,naive,raw,52000,52000,1.0,,100,0.7743,0.0021,0.7743,0.645,0.0038,0.3003,0.0,-0.0033,
tep,80,4 h,8.0,24,ceil(3 tau),0.25,naive,adjusted,52000,52000,1.0,,100,0.8691,0.0017,0.8691,0.7906,0.0023,0.2667,0.0,-0.0018,0.8765
tep,80,4 h,8.0,24,ceil(3 tau),0.25,prepost_hac,raw,5200,5200,1.0,,100,0.559,0.007,0.559,0.9356,0.0065,0.4662,0.0,-0.0008,
tep,80,4 h,8.0,24,ceil(3 tau),0.25,prepost_hac,adjusted,5200,0,0.0,too_many_covariates,0,,,,,,,,,
tep,80,4 h,8.0,24,ceil(3 tau),0.25,prepost_ewc,raw,5200,5200,1.0,,100,0.4596,0.0077,0.4596,0.9604,0.0051,0.5727,0.0,-0.0008,
tep,80,4 h,8.0,24,ceil(3 tau),0.25,prepost_ewc,adjusted,5200,0,0.0,too_many_covariates,0,,,,,,,,,
tep,80,4 h,8.0,24,ceil(3 tau),0.5,randomization,raw,52000,52000,1.0,,100,0.6949,0.0021,0.6949,0.9492,0.002,0.7001,0.0,-0.0052,
tep,80,4 h,8.0,24,ceil(3 tau),0.5,randomization,adjusted,52000,52000,1.0,,100,0.9404,0.0009,0.9404,0.9551,0.0015,0.3893,0.0,-0.0036,0.5675
tep,80,4 h,8.0,24,ceil(3 tau),0.5,block_t,raw,52000,52000,1.0,,100,0.6863,0.0021,0.6863,0.9527,0.0019,0.7128,0.0,-0.0052,
tep,80,4 h,8.0,24,ceil(3 tau),0.5,block_t,adjusted,52000,52000,1.0,,100,0.9798,0.0006,0.9798,0.8679,0.0024,0.2622,0.0,-0.0036,0.3787
tep,80,4 h,8.0,24,ceil(3 tau),0.5,hac,raw,52000,52000,1.0,,100,0.8007,0.0016,0.8007,0.9015,0.0029,0.5378,0.0,-0.0052,
tep,80,4 h,8.0,24,ceil(3 tau),0.5,hac,adjusted,52000,52000,1.0,,100,0.9824,0.0006,0.9824,0.8737,0.002,0.2875,0.0,-0.0036,0.5385
tep,80,4 h,8.0,24,ceil(3 tau),0.5,ewc,raw,52000,52000,1.0,,100,0.7564,0.0018,0.7564,0.9369,0.0023,0.6566,0.0,-0.0052,
tep,80,4 h,8.0,24,ceil(3 tau),0.5,ewc,adjusted,52000,52000,1.0,,100,0.9783,0.0007,0.9783,0.8957,0.0019,0.2957,0.0,-0.0036,0.4538
tep,80,4 h,8.0,24,ceil(3 tau),0.5,naive,raw,52000,52000,1.0,,100,0.9581,0.0013,0.9581,0.645,0.0038,0.3003,0.0,-0.0052,
tep,80,4 h,8.0,24,ceil(3 tau),0.5,naive,adjusted,52000,52000,1.0,,100,0.9941,0.0003,0.9941,0.7908,0.0023,0.2667,0.0,-0.0036,0.8765
tep,80,4 h,8.0,24,ceil(3 tau),0.5,prepost_hac,raw,5200,5200,1.0,,100,0.8773,0.0038,0.8773,0.9356,0.0065,0.4661,0.0,-0.001,
tep,80,4 h,8.0,24,ceil(3 tau),0.5,prepost_hac,adjusted,5200,0,0.0,too_many_covariates,0,,,,,,,,,
tep,80,4 h,8.0,24,ceil(3 tau),0.5,prepost_ewc,raw,5200,5200,1.0,,100,0.8358,0.0048,0.8358,0.9604,0.0051,0.5728,0.0,-0.001,
tep,80,4 h,8.0,24,ceil(3 tau),0.5,prepost_ewc,adjusted,5200,0,0.0,too_many_covariates,0,,,,,,,,,
tep,80,4 h,20.0,0,0,0.0,randomization,raw,52000,52000,1.0,,100,0.0487,0.0017,0.0487,0.9513,0.0017,0.5159,0.0,-0.0009,
tep,80,4 h,20.0,0,0,0.0,randomization,adjusted,52000,52000,1.0,,100,0.05,0.0016,0.05,0.95,0.0016,0.303,0.0,0.0,0.6158
tep,80,4 h,20.0,0,0,0.0,block_t,raw,52000,52000,1.0,,100,0.0462,0.0017,0.0462,0.9538,0.0017,0.5253,0.0,-0.0009,
tep,80,4 h,20.0,0,0,0.0,block_t,adjusted,52000,52000,1.0,,100,0.1047,0.0021,0.1047,0.8953,0.0021,0.2328,0.0,0.0,0.4673
tep,80,4 h,20.0,0,0,0.0,hac,raw,52000,52000,1.0,,100,0.0677,0.0022,0.0677,0.9323,0.0022,0.4654,0.0,-0.0009,
tep,80,4 h,20.0,0,0,0.0,hac,adjusted,52000,52000,1.0,,100,0.1158,0.002,0.1158,0.8842,0.002,0.2363,0.0,0.0,0.5072
tep,80,4 h,20.0,0,0,0.0,ewc,raw,52000,52000,1.0,,100,0.046,0.0017,0.046,0.954,0.0017,0.5674,0.0,-0.0009,
tep,80,4 h,20.0,0,0,0.0,ewc,adjusted,52000,52000,1.0,,100,0.0962,0.0018,0.0962,0.9038,0.0018,0.2488,0.0,0.0,0.4324
tep,80,4 h,20.0,0,0,0.0,naive,raw,52000,52000,1.0,,100,0.3175,0.0035,0.3175,0.6825,0.0035,0.2516,0.0,-0.0009,
tep,80,4 h,20.0,0,0,0.0,naive,adjusted,52000,52000,1.0,,100,0.2006,0.0021,0.2006,0.7994,0.0021,0.2133,0.0,0.0,0.8369
tep,80,4 h,20.0,0,0,0.0,prepost_hac,raw,5200,5200,1.0,,100,0.0608,0.006,0.0608,0.9392,0.006,0.4533,0.0,0.0005,
tep,80,4 h,20.0,0,0,0.0,prepost_hac,adjusted,5200,0,0.0,too_many_covariates,0,,,,,,,,,
tep,80,4 h,20.0,0,0,0.0,prepost_ewc,raw,5200,5200,1.0,,100,0.0388,0.0049,0.0388,0.9612,0.0049,0.5551,0.0,0.0005,
tep,80,4 h,20.0,0,0,0.0,prepost_ewc,adjusted,5200,0,0.0,too_many_covariates,0,,,,,,,,,
tep,80,4 h,20.0,0,0,0.1,randomization,raw,52000,52000,1.0,,100,0.1067,0.0021,0.1067,0.9519,0.0017,0.5169,0.0,-0.0264,
tep,80,4 h,20.0,0,0,0.1,randomization,adjusted,52000,52000,1.0,,100,0.3924,0.0016,0.3924,0.9615,0.0014,0.3041,0.0,-0.0266,0.6189
tep,80,4 h,20.0,0,0,0.1,block_t,raw,52000,52000,1.0,,100,0.1009,0.002,0.1009,0.9549,0.0016,0.5261,0.0,-0.0264,
tep,80,4 h,20.0,0,0,0.1,block_t,adjusted,52000,52000,1.0,,100,0.4729,0.0017,0.4729,0.9169,0.0019,0.2337,0.0,-0.0266,0.4683
tep,80,4 h,20.0,0,0,0.1,hac,raw,52000,52000,1.0,,100,0.1265,0.0024,0.1265,0.9324,0.0022,0.4657,0.0,-0.0264,
tep,80,4 h,20.0,0,0,0.1,hac,adjusted,52000,52000,1.0,,100,0.4968,0.0016,0.4968,0.8967,0.0019,0.2366,0.0,-0.0266,0.5073
tep,80,4 h,20.0,0,0,0.1,ewc,raw,52000,52000,1.0,,100,0.0926,0.002,0.0926,0.9545,0.0017,0.5678,0.0,-0.0264,
tep,80,4 h,20.0,0,0,0.1,ewc,adjusted,52000,52000,1.0,,100,0.4715,0.0016,0.4715,0.9234,0.0016,0.2499,0.0,-0.0266,0.4342
tep,80,4 h,20.0,0,0,0.1,naive,raw,52000,52000,1.0,,100,0.3978,0.003,0.3978,0.6826,0.0035,0.2516,0.0,-0.0264,
tep,80,4 h,20.0,0,0,0.1,naive,adjusted,52000,52000,1.0,,100,0.5599,0.0018,0.5599,0.7873,0.0027,0.2134,0.0,-0.0266,0.8372
tep,80,4 h,20.0,0,0,0.1,prepost_hac,raw,5200,5200,1.0,,100,0.1575,0.0068,0.1575,0.9392,0.006,0.453,0.0,-0.0036,
tep,80,4 h,20.0,0,0,0.1,prepost_hac,adjusted,5200,0,0.0,too_many_covariates,0,,,,,,,,,
tep,80,4 h,20.0,0,0,0.1,prepost_ewc,raw,5200,5200,1.0,,100,0.1177,0.0063,0.1177,0.9617,0.0049,0.5556,0.0,-0.0036,
tep,80,4 h,20.0,0,0,0.1,prepost_ewc,adjusted,5200,0,0.0,too_many_covariates,0,,,,,,,,,
tep,80,4 h,20.0,0,0,0.25,randomization,raw,52000,52000,1.0,,100,0.3584,0.0027,0.3584,0.9543,0.0017,0.5227,0.0,-0.0643,
tep,80,4 h,20.0,0,0,0.25,randomization,adjusted,52000,52000,1.0,,100,0.6293,0.0022,0.6293,0.9669,0.0014,0.3128,0.0,-0.0663,0.6311
tep,80,4 h,20.0,0,0,0.25,block_t,raw,52000,52000,1.0,,100,0.3479,0.0027,0.3479,0.9568,0.0016,0.5314,0.0,-0.0643,
tep,80,4 h,20.0,0,0,0.25,block_t,adjusted,52000,52000,1.0,,100,0.7386,0.0021,0.7386,0.9289,0.0018,0.24,0.0,-0.0663,0.478
tep,80,4 h,20.0,0,0,0.25,hac,raw,52000,52000,1.0,,100,0.4183,0.0028,0.4183,0.9328,0.0022,0.4676,0.0,-0.0643,
tep,80,4 h,20.0,0,0,0.25,hac,adjusted,52000,52000,1.0,,100,0.7748,0.0022,0.7748,0.9069,0.0018,0.2379,0.0,-0.0663,0.5095
tep,80,4 h,20.0,0,0,0.25,ewc,raw,52000,52000,1.0,,100,0.3343,0.0027,0.3343,0.9558,0.0017,0.5704,0.0,-0.0643,
tep,80,4 h,20.0,0,0,0.25,ewc,adjusted,52000,52000,1.0,,100,0.7472,0.0023,0.7472,0.9345,0.0014,0.2544,0.0,-0.0663,0.4382
tep,80,4 h,20.0,0,0,0.25,naive,raw,52000,52000,1.0,,100,0.7287,0.0027,0.7287,0.6831,0.0035,0.2519,0.0,-0.0643,
tep,80,4 h,20.0,0,0,0.25,naive,adjusted,52000,52000,1.0,,100,0.8405,0.0021,0.8405,0.7891,0.003,0.2137,0.0,-0.0663,0.8377
tep,80,4 h,20.0,0,0,0.25,prepost_hac,raw,5200,5200,1.0,,100,0.5554,0.0078,0.5554,0.9392,0.006,0.4538,0.0,-0.0097,
tep,80,4 h,20.0,0,0,0.25,prepost_hac,adjusted,5200,0,0.0,too_many_covariates,0,,,,,,,,,
tep,80,4 h,20.0,0,0,0.25,prepost_ewc,raw,5200,5200,1.0,,100,0.4596,0.0074,0.4596,0.9617,0.0049,0.5564,0.0,-0.0097,
tep,80,4 h,20.0,0,0,0.25,prepost_ewc,adjusted,5200,0,0.0,too_many_covariates,0,,,,,,,,,
tep,80,4 h,20.0,0,0,0.5,randomization,raw,52000,52000,1.0,,100,0.6795,0.0025,0.6795,0.961,0.0016,0.54,0.0,-0.1284,
tep,80,4 h,20.0,0,0,0.5,randomization,adjusted,52000,52000,1.0,,100,0.9009,0.0016,0.9009,0.9736,0.0013,0.3413,0.0,-0.1326,0.7089
tep,80,4 h,20.0,0,0,0.5,block_t,raw,52000,52000,1.0,,100,0.671,0.0025,0.671,0.9635,0.0015,0.5498,0.0,-0.1284,
tep,80,4 h,20.0,0,0,0.5,block_t,adjusted,52000,52000,1.0,,100,0.9499,0.0012,0.9499,0.9427,0.0018,0.2631,0.0,-0.1326,0.5354
tep,80,4 h,20.0,0,0,0.5,hac,raw,52000,52000,1.0,,100,0.7475,0.0022,0.7475,0.9355,0.0021,0.4746,0.0,-0.1284,
tep,80,4 h,20.0,0,0,0.5,hac,adjusted,52000,52000,1.0,,100,0.9649,0.001,0.9649,0.9184,0.0018,0.2421,0.0,-0.1326,0.5221
tep,80,4 h,20.0,0,0,0.5,ewc,raw,52000,52000,1.0,,100,0.6762,0.0025,0.6762,0.9595,0.0016,0.5786,0.0,-0.1284,
tep,80,4 h,20.0,0,0,0.5,ewc,adjusted,52000,52000,1.0,,100,0.9565,0.0012,0.9565,0.946,0.0014,0.2699,0.0,-0.1326,0.478
tep,80,4 h,20.0,0,0,0.5,naive,raw,52000,52000,1.0,,100,0.9503,0.0015,0.9503,0.6845,0.0035,0.253,0.0,-0.1284,
tep,80,4 h,20.0,0,0,0.5,naive,adjusted,52000,52000,1.0,,100,0.9871,0.0007,0.9871,0.7869,0.0036,0.215,0.0,-0.1326,0.8392
tep,80,4 h,20.0,0,0,0.5,prepost_hac,raw,5200,5200,1.0,,100,0.8763,0.0043,0.8763,0.9402,0.006,0.4561,0.0,-0.0199,
tep,80,4 h,20.0,0,0,0.5,prepost_hac,adjusted,5200,0,0.0,too_many_covariates,0,,,,,,,,,
tep,80,4 h,20.0,0,0,0.5,prepost_ewc,raw,5200,5200,1.0,,100,0.835,0.0048,0.835,0.9633,0.0048,0.5585,0.0,-0.0199,
tep,80,4 h,20.0,0,0,0.5,prepost_ewc,adjusted,5200,0,0.0,too_many_covariates,0,,,,,,,,,
tep,80,4 h,20.0,60,ceil(3 tau),0.0,randomization,raw,52000,52000,1.0,,100,0.0493,0.0018,0.0493,0.9507,0.0018,1.1442,0.0,-0.0029,
tep,80,4 h,20.0,60,ceil(3 tau),0.0,randomization,adjusted,52000,0,0.0,too_many_covariates,0,,,,,,,,,
tep,80,4 h,20.0,60,ceil(3 tau),0.0,block_t,raw,52000,52000,1.0,,100,0.0452,0.0017,0.0452,0.9548,0.0017,1.1672,0.0,-0.0029,
tep,80,4 h,20.0,60,ceil(3 tau),0.0,block_t,adjusted,52000,0,0.0,too_many_covariates,0,,,,,,,,,
tep,80,4 h,20.0,60,ceil(3 tau),0.0,hac,raw,52000,52000,1.0,,100,0.13,0.0033,0.13,0.87,0.0033,0.7797,0.0,-0.0029,
tep,80,4 h,20.0,60,ceil(3 tau),0.0,hac,adjusted,52000,0,0.0,too_many_covariates,0,,,,,,,,,
tep,80,4 h,20.0,60,ceil(3 tau),0.0,ewc,raw,52000,52000,1.0,,100,0.0836,0.0026,0.0836,0.9164,0.0026,0.9772,0.0,-0.0029,
tep,80,4 h,20.0,60,ceil(3 tau),0.0,ewc,adjusted,52000,0,0.0,too_many_covariates,0,,,,,,,,,
tep,80,4 h,20.0,60,ceil(3 tau),0.0,naive,raw,52000,52000,1.0,,100,0.3437,0.0037,0.3437,0.6563,0.0037,0.4984,0.0,-0.0029,
tep,80,4 h,20.0,60,ceil(3 tau),0.0,naive,adjusted,52000,0,0.0,too_many_covariates,0,,,,,,,,,
tep,80,4 h,20.0,60,ceil(3 tau),0.0,prepost_hac,raw,5200,5200,1.0,,100,0.0652,0.007,0.0652,0.9348,0.007,0.4844,0.0,-0.0003,
tep,80,4 h,20.0,60,ceil(3 tau),0.0,prepost_hac,adjusted,5200,0,0.0,too_many_covariates,0,,,,,,,,,
tep,80,4 h,20.0,60,ceil(3 tau),0.0,prepost_ewc,raw,5200,5200,1.0,,100,0.0427,0.0054,0.0427,0.9573,0.0054,0.5983,0.0,-0.0003,
tep,80,4 h,20.0,60,ceil(3 tau),0.0,prepost_ewc,adjusted,5200,0,0.0,too_many_covariates,0,,,,,,,,,
tep,80,4 h,20.0,60,ceil(3 tau),0.1,randomization,raw,52000,52000,1.0,,100,0.0682,0.0018,0.0682,0.9506,0.0018,1.1444,0.0,-0.0062,
tep,80,4 h,20.0,60,ceil(3 tau),0.1,randomization,adjusted,52000,0,0.0,too_many_covariates,0,,,,,,,,,
tep,80,4 h,20.0,60,ceil(3 tau),0.1,block_t,raw,52000,52000,1.0,,100,0.0641,0.0018,0.0641,0.9548,0.0017,1.167,0.0,-0.0062,
tep,80,4 h,20.0,60,ceil(3 tau),0.1,block_t,adjusted,52000,0,0.0,too_many_covariates,0,,,,,,,,,
tep,80,4 h,20.0,60,ceil(3 tau),0.1,hac,raw,52000,52000,1.0,,100,0.1601,0.0033,0.1601,0.87,0.0033,0.7797,0.0,-0.0062,
tep,80,4 h,20.0,60,ceil(3 tau),0.1,hac,adjusted,52000,0,0.0,too_many_covariates,0,,,,,,,,,
tep,80,4 h,20.0,60,ceil(3 tau),0.1,ewc,raw,52000,52000,1.0,,100,0.108,0.0027,0.108,0.9164,0.0026,0.9771,0.0,-0.0062,
tep,80,4 h,20.0,60,ceil(3 tau),0.1,ewc,adjusted,52000,0,0.0,too_many_covariates,0,,,,,,,,,
tep,80,4 h,20.0,60,ceil(3 tau),0.1,naive,raw,52000,52000,1.0,,100,0.377,0.0035,0.377,0.6562,0.0037,0.4984,0.0,-0.0062,
tep,80,4 h,20.0,60,ceil(3 tau),0.1,naive,adjusted,52000,0,0.0,too_many_covariates,0,,,,,,,,,
tep,80,4 h,20.0,60,ceil(3 tau),0.1,prepost_hac,raw,5200,5200,1.0,,100,0.1521,0.0076,0.1521,0.9348,0.007,0.4845,0.0,-0.0006,
tep,80,4 h,20.0,60,ceil(3 tau),0.1,prepost_hac,adjusted,5200,0,0.0,too_many_covariates,0,,,,,,,,,
tep,80,4 h,20.0,60,ceil(3 tau),0.1,prepost_ewc,raw,5200,5200,1.0,,100,0.111,0.0063,0.111,0.9573,0.0054,0.5983,0.0,-0.0006,
tep,80,4 h,20.0,60,ceil(3 tau),0.1,prepost_ewc,adjusted,5200,0,0.0,too_many_covariates,0,,,,,,,,,
tep,80,4 h,20.0,60,ceil(3 tau),0.25,randomization,raw,52000,52000,1.0,,100,0.1746,0.0023,0.1746,0.9506,0.0018,1.144,0.0,-0.0112,
tep,80,4 h,20.0,60,ceil(3 tau),0.25,randomization,adjusted,52000,0,0.0,too_many_covariates,0,,,,,,,,,
tep,80,4 h,20.0,60,ceil(3 tau),0.25,block_t,raw,52000,52000,1.0,,100,0.1672,0.0022,0.1672,0.955,0.0017,1.1669,0.0,-0.0112,
tep,80,4 h,20.0,60,ceil(3 tau),0.25,block_t,adjusted,52000,0,0.0,too_many_covariates,0,,,,,,,,,
tep,80,4 h,20.0,60,ceil(3 tau),0.25,hac,raw,52000,52000,1.0,,100,0.3115,0.003,0.3115,0.8701,0.0033,0.7796,0.0,-0.0112,
tep,80,4 h,20.0,60,ceil(3 tau),0.25,hac,adjusted,52000,0,0.0,too_many_covariates,0,,,,,,,,,
tep,80,4 h,20.0,60,ceil(3 tau),0.25,ewc,raw,52000,52000,1.0,,100,0.2365,0.0028,0.2365,0.9165,0.0026,0.9769,0.0,-0.0112,
tep,80,4 h,20.0,60,ceil(3 tau),0.25,ewc,adjusted,52000,0,0.0,too_many_covariates,0,,,,,,,,,
tep,80,4 h,20.0,60,ceil(3 tau),0.25,naive,raw,52000,52000,1.0,,100,0.5392,0.0028,0.5392,0.6562,0.0037,0.4984,0.0,-0.0112,
tep,80,4 h,20.0,60,ceil(3 tau),0.25,naive,adjusted,52000,0,0.0,too_many_covariates,0,,,,,,,,,
tep,80,4 h,20.0,60,ceil(3 tau),0.25,prepost_hac,raw,5200,5200,1.0,,100,0.5358,0.0073,0.5358,0.9348,0.007,0.4845,0.0,-0.0009,
tep,80,4 h,20.0,60,ceil(3 tau),0.25,prepost_hac,adjusted,5200,0,0.0,too_many_covariates,0,,,,,,,,,
tep,80,4 h,20.0,60,ceil(3 tau),0.25,prepost_ewc,raw,5200,5200,1.0,,100,0.4369,0.0072,0.4369,0.9573,0.0054,0.5983,0.0,-0.0009,
tep,80,4 h,20.0,60,ceil(3 tau),0.25,prepost_ewc,adjusted,5200,0,0.0,too_many_covariates,0,,,,,,,,,
tep,80,4 h,20.0,60,ceil(3 tau),0.5,randomization,raw,52000,52000,1.0,,100,0.4465,0.0025,0.4465,0.9508,0.0018,1.144,0.0,-0.0194,
tep,80,4 h,20.0,60,ceil(3 tau),0.5,randomization,adjusted,52000,0,0.0,too_many_covariates,0,,,,,,,,,
tep,80,4 h,20.0,60,ceil(3 tau),0.5,block_t,raw,52000,52000,1.0,,100,0.4363,0.0025,0.4363,0.955,0.0017,1.167,0.0,-0.0194,
tep,80,4 h,20.0,60,ceil(3 tau),0.5,block_t,adjusted,52000,0,0.0,too_many_covariates,0,,,,,,,,,
tep,80,4 h,20.0,60,ceil(3 tau),0.5,hac,raw,52000,52000,1.0,,100,0.627,0.0022,0.627,0.8701,0.0033,0.7797,0.0,-0.0194,
tep,80,4 h,20.0,60,ceil(3 tau),0.5,hac,adjusted,52000,0,0.0,too_many_covariates,0,,,,,,,,,
tep,80,4 h,20.0,60,ceil(3 tau),0.5,ewc,raw,52000,52000,1.0,,100,0.5409,0.0024,0.5409,0.9165,0.0026,0.9771,0.0,-0.0194,
tep,80,4 h,20.0,60,ceil(3 tau),0.5,ewc,adjusted,52000,0,0.0,too_many_covariates,0,,,,,,,,,
tep,80,4 h,20.0,60,ceil(3 tau),0.5,naive,raw,52000,52000,1.0,,100,0.8326,0.0021,0.8326,0.6562,0.0037,0.4984,0.0,-0.0194,
tep,80,4 h,20.0,60,ceil(3 tau),0.5,naive,adjusted,52000,0,0.0,too_many_covariates,0,,,,,,,,,
tep,80,4 h,20.0,60,ceil(3 tau),0.5,prepost_hac,raw,5200,5200,1.0,,100,0.8629,0.0041,0.8629,0.9348,0.007,0.4845,0.0,-0.0015,
tep,80,4 h,20.0,60,ceil(3 tau),0.5,prepost_hac,adjusted,5200,0,0.0,too_many_covariates,0,,,,,,,,,
tep,80,4 h,20.0,60,ceil(3 tau),0.5,prepost_ewc,raw,5200,5200,1.0,,100,0.82,0.0048,0.82,0.9573,0.0054,0.5985,0.0,-0.0015,
tep,80,4 h,20.0,60,ceil(3 tau),0.5,prepost_ewc,adjusted,5200,0,0.0,too_many_covariates,0,,,,,,,,,
turbine,144,1 d,0.0,0,ceil(3 tau),0.0,randomization,raw,500,500,1.0,,2,0.046,0.0094,0.046,0.954,0.0094,0.2853,0.0,0.0026,
turbine,144,1 d,0.0,0,ceil(3 tau),0.0,randomization,adjusted,500,500,1.0,,2,0.06,0.0106,0.06,0.94,0.0106,0.0473,0.0,0.0003,0.1628
turbine,144,1 d,0.0,0,ceil(3 tau),0.0,block_t,raw,500,500,1.0,,2,0.034,0.0081,0.034,0.966,0.0081,0.2827,0.0,0.0051,
turbine,144,1 d,0.0,0,ceil(3 tau),0.0,block_t,adjusted,500,500,1.0,,2,0.06,0.0106,0.06,0.94,0.0106,0.0469,0.0,0.0005,0.1619
turbine,144,1 d,0.0,0,ceil(3 tau),0.0,hac,raw,500,500,1.0,,2,0.066,0.0111,0.066,0.934,0.0111,0.259,0.0,0.0026,
turbine,144,1 d,0.0,0,ceil(3 tau),0.0,hac,adjusted,500,500,1.0,,2,0.104,0.0137,0.104,0.896,0.0137,0.0399,0.0,0.0003,0.1487
turbine,144,1 d,0.0,0,ceil(3 tau),0.0,ewc,raw,500,500,1.0,,2,0.092,0.0129,0.092,0.908,0.0129,0.239,0.0,0.0026,
turbine,144,1 d,0.0,0,ceil(3 tau),0.0,ewc,adjusted,500,500,1.0,,2,0.1,0.0134,0.1,0.9,0.0134,0.0405,0.0,0.0003,0.1677
turbine,144,1 d,0.0,0,ceil(3 tau),0.0,naive,raw,500,500,1.0,,2,0.782,0.0185,0.782,0.218,0.0185,0.0355,0.0,0.0026,
turbine,144,1 d,0.0,0,ceil(3 tau),0.0,naive,adjusted,500,500,1.0,,2,0.7,0.0205,0.7,0.3,0.0205,0.0092,0.0,0.0003,0.2564
turbine,144,1 d,0.0,0,ceil(3 tau),0.0,prepost_hac,raw,2,2,1.0,,2,1.0,0.0,1.0,0.0,0.0,0.3264,0.0,0.2807,
turbine,144,1 d,0.0,0,ceil(3 tau),0.0,prepost_hac,adjusted,2,1,0.5,covariate_outside,1,1.0,,1.0,0.0,,0.0321,0.0,-0.0204,0.1157
turbine,144,1 d,0.0,0,ceil(3 tau),0.0,prepost_ewc,raw,2,2,1.0,,2,1.0,0.0,1.0,0.0,0.0,0.237,0.0,0.2807,
turbine,144,1 d,0.0,0,ceil(3 tau),0.0,prepost_ewc,adjusted,2,1,0.5,covariate_outside,1,1.0,,1.0,0.0,,0.0336,0.0,-0.0204,0.1584
turbine,144,1 d,0.0,0,ceil(3 tau),0.1,randomization,raw,500,500,1.0,,2,0.258,0.0196,0.258,0.954,0.0094,0.2853,0.0,0.0026,
turbine,144,1 d,0.0,0,ceil(3 tau),0.1,randomization,adjusted,500,500,1.0,,2,1.0,0.0,1.0,0.94,0.0106,0.0473,0.0,0.0003,0.1628
turbine,144,1 d,0.0,0,ceil(3 tau),0.1,block_t,raw,500,500,1.0,,2,0.29,0.0203,0.29,0.966,0.0081,0.2827,0.0,0.0051,
turbine,144,1 d,0.0,0,ceil(3 tau),0.1,block_t,adjusted,500,500,1.0,,2,1.0,0.0,1.0,0.94,0.0106,0.0469,0.0,0.0005,0.1619
turbine,144,1 d,0.0,0,ceil(3 tau),0.1,hac,raw,500,500,1.0,,2,0.312,0.0207,0.312,0.934,0.0111,0.259,0.0,0.0026,
turbine,144,1 d,0.0,0,ceil(3 tau),0.1,hac,adjusted,500,500,1.0,,2,1.0,0.0,1.0,0.896,0.0137,0.0399,0.0,0.0003,0.1487
turbine,144,1 d,0.0,0,ceil(3 tau),0.1,ewc,raw,500,500,1.0,,2,0.396,0.0219,0.396,0.908,0.0129,0.239,0.0,0.0026,
turbine,144,1 d,0.0,0,ceil(3 tau),0.1,ewc,adjusted,500,500,1.0,,2,1.0,0.0,1.0,0.9,0.0134,0.0405,0.0,0.0003,0.1677
turbine,144,1 d,0.0,0,ceil(3 tau),0.1,naive,raw,500,500,1.0,,2,0.946,0.0101,0.946,0.218,0.0185,0.0355,0.0,0.0026,
turbine,144,1 d,0.0,0,ceil(3 tau),0.1,naive,adjusted,500,500,1.0,,2,1.0,0.0,1.0,0.3,0.0205,0.0092,0.0,0.0003,0.2564
turbine,144,1 d,0.0,0,ceil(3 tau),0.1,prepost_hac,raw,2,2,1.0,,2,1.0,0.0,1.0,0.0,0.0,0.3264,0.0,0.2807,
turbine,144,1 d,0.0,0,ceil(3 tau),0.1,prepost_hac,adjusted,2,1,0.5,covariate_outside,1,1.0,,1.0,0.0,,0.0321,0.0,-0.0204,0.1157
turbine,144,1 d,0.0,0,ceil(3 tau),0.1,prepost_ewc,raw,2,2,1.0,,2,1.0,0.0,1.0,0.0,0.0,0.237,0.0,0.2807,
turbine,144,1 d,0.0,0,ceil(3 tau),0.1,prepost_ewc,adjusted,2,1,0.5,covariate_outside,1,1.0,,1.0,0.0,,0.0336,0.0,-0.0204,0.1584
turbine,144,1 d,0.0,0,ceil(3 tau),0.25,randomization,raw,500,500,1.0,,2,0.922,0.012,0.922,0.954,0.0094,0.2853,0.0,0.0026,
turbine,144,1 d,0.0,0,ceil(3 tau),0.25,randomization,adjusted,500,500,1.0,,2,1.0,0.0,1.0,0.94,0.0106,0.0473,0.0,0.0003,0.1628
turbine,144,1 d,0.0,0,ceil(3 tau),0.25,block_t,raw,500,500,1.0,,2,0.924,0.0119,0.924,0.966,0.0081,0.2827,0.0,0.0051,
turbine,144,1 d,0.0,0,ceil(3 tau),0.25,block_t,adjusted,500,500,1.0,,2,1.0,0.0,1.0,0.94,0.0106,0.0469,0.0,0.0005,0.1619
turbine,144,1 d,0.0,0,ceil(3 tau),0.25,hac,raw,500,500,1.0,,2,0.936,0.011,0.936,0.934,0.0111,0.259,0.0,0.0026,
turbine,144,1 d,0.0,0,ceil(3 tau),0.25,hac,adjusted,500,500,1.0,,2,1.0,0.0,1.0,0.896,0.0137,0.0399,0.0,0.0003,0.1487
turbine,144,1 d,0.0,0,ceil(3 tau),0.25,ewc,raw,500,500,1.0,,2,0.962,0.0086,0.962,0.908,0.0129,0.239,0.0,0.0026,
turbine,144,1 d,0.0,0,ceil(3 tau),0.25,ewc,adjusted,500,500,1.0,,2,1.0,0.0,1.0,0.9,0.0134,0.0405,0.0,0.0003,0.1677
turbine,144,1 d,0.0,0,ceil(3 tau),0.25,naive,raw,500,500,1.0,,2,1.0,0.0,1.0,0.218,0.0185,0.0355,0.0,0.0026,
turbine,144,1 d,0.0,0,ceil(3 tau),0.25,naive,adjusted,500,500,1.0,,2,1.0,0.0,1.0,0.3,0.0205,0.0092,0.0,0.0003,0.2564
turbine,144,1 d,0.0,0,ceil(3 tau),0.25,prepost_hac,raw,2,2,1.0,,2,1.0,0.0,1.0,0.0,0.0,0.3264,0.0,0.2807,
turbine,144,1 d,0.0,0,ceil(3 tau),0.25,prepost_hac,adjusted,2,1,0.5,covariate_outside,1,1.0,,1.0,0.0,,0.0321,0.0,-0.0204,0.1157
turbine,144,1 d,0.0,0,ceil(3 tau),0.25,prepost_ewc,raw,2,2,1.0,,2,1.0,0.0,1.0,0.0,0.0,0.237,0.0,0.2807,
turbine,144,1 d,0.0,0,ceil(3 tau),0.25,prepost_ewc,adjusted,2,1,0.5,covariate_outside,1,1.0,,1.0,0.0,,0.0336,0.0,-0.0204,0.1584
turbine,144,1 d,0.0,0,ceil(3 tau),0.5,randomization,raw,500,500,1.0,,2,1.0,0.0,1.0,0.954,0.0094,0.2853,0.0,0.0026,
turbine,144,1 d,0.0,0,ceil(3 tau),0.5,randomization,adjusted,500,500,1.0,,2,1.0,0.0,1.0,0.94,0.0106,0.0473,0.0,0.0003,0.1628
turbine,144,1 d,0.0,0,ceil(3 tau),0.5,block_t,raw,500,500,1.0,,2,1.0,0.0,1.0,0.966,0.0081,0.2827,0.0,0.0051,
turbine,144,1 d,0.0,0,ceil(3 tau),0.5,block_t,adjusted,500,500,1.0,,2,1.0,0.0,1.0,0.94,0.0106,0.0469,0.0,0.0005,0.1619
turbine,144,1 d,0.0,0,ceil(3 tau),0.5,hac,raw,500,500,1.0,,2,1.0,0.0,1.0,0.934,0.0111,0.259,0.0,0.0026,
turbine,144,1 d,0.0,0,ceil(3 tau),0.5,hac,adjusted,500,500,1.0,,2,1.0,0.0,1.0,0.896,0.0137,0.0399,0.0,0.0003,0.1487
turbine,144,1 d,0.0,0,ceil(3 tau),0.5,ewc,raw,500,500,1.0,,2,1.0,0.0,1.0,0.908,0.0129,0.239,0.0,0.0026,
turbine,144,1 d,0.0,0,ceil(3 tau),0.5,ewc,adjusted,500,500,1.0,,2,1.0,0.0,1.0,0.9,0.0134,0.0405,0.0,0.0003,0.1677
turbine,144,1 d,0.0,0,ceil(3 tau),0.5,naive,raw,500,500,1.0,,2,1.0,0.0,1.0,0.218,0.0185,0.0355,0.0,0.0026,
turbine,144,1 d,0.0,0,ceil(3 tau),0.5,naive,adjusted,500,500,1.0,,2,1.0,0.0,1.0,0.3,0.0205,0.0092,0.0,0.0003,0.2564
turbine,144,1 d,0.0,0,ceil(3 tau),0.5,prepost_hac,raw,2,2,1.0,,2,1.0,0.0,1.0,0.0,0.0,0.3264,0.0,0.2807,
turbine,144,1 d,0.0,0,ceil(3 tau),0.5,prepost_hac,adjusted,2,1,0.5,covariate_outside,1,1.0,,1.0,0.0,,0.0321,0.0,-0.0204,0.1157
turbine,144,1 d,0.0,0,ceil(3 tau),0.5,prepost_ewc,raw,2,2,1.0,,2,1.0,0.0,1.0,0.0,0.0,0.237,0.0,0.2807,
turbine,144,1 d,0.0,0,ceil(3 tau),0.5,prepost_ewc,adjusted,2,1,0.5,covariate_outside,1,1.0,,1.0,0.0,,0.0336,0.0,-0.0204,0.1584
turbine,144,1 d,14.4,0,0,0.0,randomization,raw,500,500,1.0,,2,0.046,0.0094,0.046,0.954,0.0094,0.2853,0.0,0.0026,
turbine,144,1 d,14.4,0,0,0.0,randomization,adjusted,500,500,1.0,,2,0.06,0.0106,0.06,0.94,0.0106,0.0473,0.0,0.0003,0.1628
turbine,144,1 d,14.4,0,0,0.0,block_t,raw,500,500,1.0,,2,0.034,0.0081,0.034,0.966,0.0081,0.2827,0.0,0.0051,
turbine,144,1 d,14.4,0,0,0.0,block_t,adjusted,500,500,1.0,,2,0.06,0.0106,0.06,0.94,0.0106,0.0469,0.0,0.0005,0.1619
turbine,144,1 d,14.4,0,0,0.0,hac,raw,500,500,1.0,,2,0.066,0.0111,0.066,0.934,0.0111,0.259,0.0,0.0026,
turbine,144,1 d,14.4,0,0,0.0,hac,adjusted,500,500,1.0,,2,0.104,0.0137,0.104,0.896,0.0137,0.0399,0.0,0.0003,0.1487
turbine,144,1 d,14.4,0,0,0.0,ewc,raw,500,500,1.0,,2,0.092,0.0129,0.092,0.908,0.0129,0.239,0.0,0.0026,
turbine,144,1 d,14.4,0,0,0.0,ewc,adjusted,500,500,1.0,,2,0.1,0.0134,0.1,0.9,0.0134,0.0405,0.0,0.0003,0.1677
turbine,144,1 d,14.4,0,0,0.0,naive,raw,500,500,1.0,,2,0.782,0.0185,0.782,0.218,0.0185,0.0355,0.0,0.0026,
turbine,144,1 d,14.4,0,0,0.0,naive,adjusted,500,500,1.0,,2,0.7,0.0205,0.7,0.3,0.0205,0.0092,0.0,0.0003,0.2564
turbine,144,1 d,14.4,0,0,0.0,prepost_hac,raw,2,2,1.0,,2,1.0,0.0,1.0,0.0,0.0,0.3264,0.0,0.2807,
turbine,144,1 d,14.4,0,0,0.0,prepost_hac,adjusted,2,1,0.5,covariate_outside,1,1.0,,1.0,0.0,,0.0321,0.0,-0.0204,0.1157
turbine,144,1 d,14.4,0,0,0.0,prepost_ewc,raw,2,2,1.0,,2,1.0,0.0,1.0,0.0,0.0,0.237,0.0,0.2807,
turbine,144,1 d,14.4,0,0,0.0,prepost_ewc,adjusted,2,1,0.5,covariate_outside,1,1.0,,1.0,0.0,,0.0336,0.0,-0.0204,0.1584
turbine,144,1 d,14.4,0,0,0.1,randomization,raw,500,500,1.0,,2,0.234,0.019,0.234,0.954,0.0094,0.2851,0.0,-0.0073,
turbine,144,1 d,14.4,0,0,0.1,randomization,adjusted,500,500,1.0,,2,1.0,0.0,1.0,0.944,0.0103,0.0472,0.0,-0.0094,0.163
turbine,144,1 d,14.4,0,0,0.1,block_t,raw,500,500,1.0,,2,0.246,0.0193,0.246,0.968,0.0079,0.2822,0.0,-0.0052,
turbine,144,1 d,14.4,0,0,0.1,block_t,adjusted,500,500,1.0,,2,1.0,0.0,1.0,0.936,0.011,0.0471,0.0,-0.0093,0.1631
turbine,144,1 d,14.4,0,0,0.1,hac,raw,500,500,1.0,,2,0.26,0.0196,0.26,0.936,0.011,0.259,0.0,-0.0073,
turbine,144,1 d,14.4,0,0,0.1,hac,adjusted,500,500,1.0,,2,1.0,0.0,1.0,0.898,0.0135,0.0401,0.0,-0.0094,0.1499
turbine,144,1 d,14.4,0,0,0.1,ewc,raw,500,500,1.0,,2,0.336,0.0211,0.336,0.908,0.0129,0.2389,0.0,-0.0073,
turbine,144,1 d,14.4,0,0,0.1,ewc,adjusted,500,500,1.0,,2,1.0,0.0,1.0,0.9,0.0134,0.0408,0.0,-0.0094,0.1686
turbine,144,1 d,14.4,0,0,0.1,naive,raw,500,500,1.0,,2,0.912,0.0127,0.912,0.218,0.0185,0.0354,0.0,-0.0073,
turbine,144,1 d,14.4,0,0,0.1,naive,adjusted,500,500,1.0,,2,1.0,0.0,1.0,0.3,0.0205,0.0092,0.0,-0.0094,0.2568
turbine,144,1 d,14.4,0,0,0.1,prepost_hac,raw,2,2,1.0,,2,1.0,0.0,1.0,0.0,0.0,0.3264,0.0,0.2806,
turbine,144,1 d,14.4,0,0,0.1,prepost_hac,adjusted,2,1,0.5,covariate_outside,1,1.0,,1.0,0.0,,0.0321,0.0,-0.0205,0.1157
turbine,144,1 d,14.4,0,0,0.1,prepost_ewc,raw,2,2,1.0,,2,1.0,0.0,1.0,0.0,0.0,0.2369,0.0,0.2806,
turbine,144,1 d,14.4,0,0,0.1,prepost_ewc,adjusted,2,1,0.5,covariate_outside,1,1.0,,1.0,0.0,,0.0336,0.0,-0.0205,0.1583
turbine,144,1 d,14.4,0,0,0.25,randomization,raw,500,500,1.0,,2,0.868,0.0152,0.868,0.958,0.009,0.2844,0.0,-0.0217,
turbine,144,1 d,14.4,0,0,0.25,randomization,adjusted,500,500,1.0,,2,1.0,0.0,1.0,0.946,0.0101,0.0476,0.0,-0.024,0.1634
turbine,144,1 d,14.4,0,0,0.25,block_t,raw,500,500,1.0,,2,0.878,0.0147,0.878,0.968,0.0079,0.2821,0.0,-0.0209,
turbine,144,1 d,14.4,0,0,0.25,block_t,adjusted,500,500,1.0,,2,1.0,0.0,1.0,0.942,0.0105,0.0482,0.0,-0.0243,0.1669
turbine,144,1 d,14.4,0,0,0.25,hac,raw,500,500,1.0,,2,0.908,0.0129,0.908,0.936,0.011,0.259,0.0,-0.0217,
turbine,144,1 d,14.4,0,0,0.25,hac,adjusted,500,500,1.0,,2,1.0,0.0,1.0,0.898,0.0135,0.0407,0.0,-0.024,0.153
turbine,144,1 d,14.4,0,0,0.25,ewc,raw,500,500,1.0,,2,0.928,0.0116,0.928,0.908,0.0129,0.2388,0.0,-0.0217,
turbine,144,1 d,14.4,0,0,0.25,ewc,adjusted,500,500,1.0,,2,1.0,0.0,1.0,0.904,0.0132,0.0413,0.0,-0.024,0.1718
turbine,144,1 d,14.4,0,0,0.25,naive,raw,500,500,1.0,,2,1.0,0.0,1.0,0.218,0.0185,0.0354,0.0,-0.0217,
turbine,144,1 d,14.4,0,0,0.25,naive,adjusted,500,500,1.0,,2,1.0,0.0,1.0,0.302,0.0206,0.0093,0.0,-0.024,0.2594
turbine,144,1 d,14.4,0,0,0.25,prepost_hac,raw,2,2,1.0,,2,1.0,0.0,1.0,0.0,0.0,0.3263,0.0,0.2805,
turbine,144,1 d,14.4,0,0,0.25,prepost_hac,adjusted,2,1,0.5,covariate_outside,1,1.0,,1.0,0.0,,0.0322,0.0,-0.0206,0.1158
turbine,144,1 d,14.4,0,0,0.25,prepost_ewc,raw,2,2,1.0,,2,1.0,0.0,1.0,0.0,0.0,0.2369,0.0,0.2805,
turbine,144,1 d,14.4,0,0,0.25,prepost_ewc,adjusted,2,1,0.5,covariate_outside,1,1.0,,1.0,0.0,,0.0336,0.0,-0.0206,0.1584
turbine,144,1 d,14.4,0,0,0.5,randomization,raw,500,500,1.0,,2,1.0,0.0,1.0,0.958,0.009,0.2839,0.0,-0.0455,
turbine,144,1 d,14.4,0,0,0.5,randomization,adjusted,500,500,1.0,,2,1.0,0.0,1.0,0.956,0.0092,0.0495,0.0,-0.0477,0.1696
turbine,144,1 d,14.4,0,0,0.5,block_t,raw,500,500,1.0,,2,1.0,0.0,1.0,0.968,0.0079,0.2821,0.0,-0.0465,
turbine,144,1 d,14.4,0,0,0.5,block_t,adjusted,500,500,1.0,,2,1.0,0.0,1.0,0.956,0.0092,0.0505,0.0,-0.0496,0.1754
turbine,144,1 d,14.4,0,0,0.5,hac,raw,500,500,1.0,,2,1.0,0.0,1.0,0.936,0.011,0.2588,0.0,-0.0455,
turbine,144,1 d,14.4,0,0,0.5,hac,adjusted,500,500,1.0,,2,1.0,0.0,1.0,0.91,0.0128,0.0426,0.0,-0.0477,0.159
turbine,144,1 d,14.4,0,0,0.5,ewc,raw,500,500,1.0,,2,1.0,0.0,1.0,0.91,0.0128,0.2388,0.0,-0.0455,
turbine,144,1 d,14.4,0,0,0.5,ewc,adjusted,500,500,1.0,,2,1.0,0.0,1.0,0.91,0.0128,0.0427,0.0,-0.0477,0.1788
turbine,144,1 d,14.4,0,0,0.5,naive,raw,500,500,1.0,,2,1.0,0.0,1.0,0.218,0.0185,0.0355,0.0,-0.0455,
turbine,144,1 d,14.4,0,0,0.5,naive,adjusted,500,500,1.0,,2,1.0,0.0,1.0,0.316,0.0208,0.0097,0.0,-0.0477,0.2709
turbine,144,1 d,14.4,0,0,0.5,prepost_hac,raw,2,2,1.0,,2,1.0,0.0,1.0,0.0,0.0,0.3263,0.0,0.2802,
turbine,144,1 d,14.4,0,0,0.5,prepost_hac,adjusted,2,1,0.5,covariate_outside,1,1.0,,1.0,0.0,,0.0322,0.0,-0.0207,0.1159
turbine,144,1 d,14.4,0,0,0.5,prepost_ewc,raw,2,2,1.0,,2,1.0,0.0,1.0,0.0,0.0,0.2368,0.0,0.2802,
turbine,144,1 d,14.4,0,0,0.5,prepost_ewc,adjusted,2,1,0.5,covariate_outside,1,1.0,,1.0,0.0,,0.0336,0.0,-0.0207,0.1585
turbine,144,1 d,14.4,44,ceil(3 tau),0.0,randomization,raw,500,500,1.0,,2,0.048,0.0096,0.048,0.952,0.0096,0.3128,0.0,0.0005,
turbine,144,1 d,14.4,44,ceil(3 tau),0.0,randomization,adjusted,500,500,1.0,,2,0.048,0.0096,0.048,0.952,0.0096,0.0508,0.0,0.0006,0.1596
turbine,144,1 d,14.4,44,ceil(3 tau),0.0,block_t,raw,500,500,1.0,,2,0.034,0.0081,0.034,0.966,0.0081,0.3053,0.0,0.0059,
turbine,144,1 d,14.4,44,ceil(3 tau),0.0,block_t,adjusted,500,500,1.0,,2,0.05,0.0098,0.05,0.95,0.0098,0.0488,0.0,0.0006,0.1556
turbine,144,1 d,14.4,44,ceil(3 tau),0.0,hac,raw,500,500,1.0,,2,0.062,0.0108,0.062,0.938,0.0108,0.2829,0.0,0.0005,
turbine,144,1 d,14.4,44,ceil(3 tau),0.0,hac,adjusted,500,500,1.0,,2,0.102,0.0135,0.102,0.898,0.0135,0.0433,0.0,0.0006,0.145
turbine,144,1 d,14.4,44,ceil(3 tau),0.0,ewc,raw,500,500,1.0,,2,0.07,0.0114,0.07,0.93,0.0114,0.2704,0.0,0.0005,
turbine,144,1 d,14.4,44,ceil(3 tau),0.0,ewc,adjusted,500,500,1.0,,2,0.084,0.0124,0.084,0.916,0.0124,0.0455,0.0,0.0006,0.1658
turbine,144,1 d,14.4,44,ceil(3 tau),0.0,naive,raw,500,500,1.0,,2,0.77,0.0188,0.77,0.23,0.0188,0.0431,0.0,0.0005,
turbine,144,1 d,14.4,44,ceil(3 tau),0.0,naive,adjusted,500,500,1.0,,2,0.68,0.0209,0.68,0.32,0.0209,0.0107,0.0,0.0006,0.2441
turbine,144,1 d,14.4,44,ceil(3 tau),0.0,prepost_hac,raw,2,2,1.0,,2,1.0,0.0,1.0,0.0,0.0,0.3255,0.0,0.2783,
turbine,144,1 d,14.4,44,ceil(3 tau),0.0,prepost_hac,adjusted,2,1,0.5,covariate_outside,1,1.0,,1.0,0.0,,0.0322,0.0,-0.0203,0.1168
turbine,144,1 d,14.4,44,ceil(3 tau),0.0,prepost_ewc,raw,2,2,1.0,,2,1.0,0.0,1.0,0.0,0.0,0.2371,0.0,0.2783,
turbine,144,1 d,14.4,44,ceil(3 tau),0.0,prepost_ewc,adjusted,2,1,0.5,covariate_outside,1,1.0,,1.0,0.0,,0.0338,0.0,-0.0203,0.1594
turbine,144,1 d,14.4,44,ceil(3 tau),0.1,randomization,raw,500,500,1.0,,2,0.254,0.0195,0.254,0.952,0.0096,0.3128,0.0,0.0,
turbine,144,1 d,14.4,44,ceil(3 tau),0.1,randomization,adjusted,500,500,1.0,,2,1.0,0.0,1.0,0.954,0.0094,0.0508,0.0,0.0,0.1595
turbine,144,1 d,14.4,44,ceil(3 tau),0.1,block_t,raw,500,500,1.0,,2,0.242,0.0192,0.242,0.966,0.0081,0.3053,0.0,0.0052,
turbine,144,1 d,14.4,44,ceil(3 tau),0.1,block_t,adjusted,500,500,1.0,,2,1.0,0.0,1.0,0.95,0.0098,0.0488,0.0,0.0,0.1556
turbine,144,1 d,14.4,44,ceil(3 tau),0.1,hac,raw,500,500,1.0,,2,0.29,0.0203,0.29,0.938,0.0108,0.2829,0.0,0.0,
turbine,144,1 d,14.4,44,ceil(3 tau),0.1,hac,adjusted,500,500,1.0,,2,1.0,0.0,1.0,0.898,0.0135,0.0433,0.0,0.0,0.145
turbine,144,1 d,14.4,44,ceil(3 tau),0.1,ewc,raw,500,500,1.0,,2,0.33,0.021,0.33,0.93,0.0114,0.2704,0.0,0.0,
turbine,144,1 d,14.4,44,ceil(3 tau),0.1,ewc,adjusted,500,500,1.0,,2,1.0,0.0,1.0,0.916,0.0124,0.0455,0.0,0.0,0.1658
turbine,144,1 d,14.4,44,ceil(3 tau),0.1,naive,raw,500,500,1.0,,2,0.926,0.0117,0.926,0.23,0.0188,0.0431,0.0,0.0,
turbine,144,1 d,14.4,44,ceil(3 tau),0.1,naive,adjusted,500,500,1.0,,2,1.0,0.0,1.0,0.32,0.0209,0.0106,0.0,0.0,0.244
turbine,144,1 d,14.4,44,ceil(3 tau),0.1,prepost_hac,raw,2,2,1.0,,2,1.0,0.0,1.0,0.0,0.0,0.3255,0.0,0.2783,
turbine,144,1 d,14.4,44,ceil(3 tau),0.1,prepost_hac,adjusted,2,1,0.5,covariate_outside,1,1.0,,1.0,0.0,,0.0322,0.0,-0.0203,0.1168
turbine,144,1 d,14.4,44,ceil(3 tau),0.1,prepost_ewc,raw,2,2,1.0,,2,1.0,0.0,1.0,0.0,0.0,0.2371,0.0,0.2783,
turbine,144,1 d,14.4,44,ceil(3 tau),0.1,prepost_ewc,adjusted,2,1,0.5,covariate_outside,1,1.0,,1.0,0.0,,0.0338,0.0,-0.0203,0.1594
turbine,144,1 d,14.4,44,ceil(3 tau),0.25,randomization,raw,500,500,1.0,,2,0.878,0.0147,0.878,0.952,0.0096,0.3127,0.0,-0.0009,
turbine,144,1 d,14.4,44,ceil(3 tau),0.25,randomization,adjusted,500,500,1.0,,2,1.0,0.0,1.0,0.952,0.0096,0.0508,0.0,-0.0009,0.1593
turbine,144,1 d,14.4,44,ceil(3 tau),0.25,block_t,raw,500,500,1.0,,2,0.89,0.014,0.89,0.966,0.0081,0.3053,0.0,0.0043,
turbine,144,1 d,14.4,44,ceil(3 tau),0.25,block_t,adjusted,500,500,1.0,,2,1.0,0.0,1.0,0.95,0.0098,0.0488,0.0,-0.0009,0.1556
turbine,144,1 d,14.4,44,ceil(3 tau),0.25,hac,raw,500,500,1.0,,2,0.91,0.0128,0.91,0.938,0.0108,0.2829,0.0,-0.0009,
turbine,144,1 d,14.4,44,ceil(3 tau),0.25,hac,adjusted,500,500,1.0,,2,1.0,0.0,1.0,0.898,0.0135,0.0434,0.0,-0.0009,0.1451
turbine,144,1 d,14.4,44,ceil(3 tau),0.25,ewc,raw,500,500,1.0,,2,0.916,0.0124,0.916,0.93,0.0114,0.2704,0.0,-0.0009,
turbine,144,1 d,14.4,44,ceil(3 tau),0.25,ewc,adjusted,500,500,1.0,,2,1.0,0.0,1.0,0.916,0.0124,0.0455,0.0,-0.0009,0.1658
turbine,144,1 d,14.4,44,ceil(3 tau),0.25,naive,raw,500,500,1.0,,2,1.0,0.0,1.0,0.23,0.0188,0.0431,0.0,-0.0009,
turbine,144,1 d,14.4,44,ceil(3 tau),0.25,naive,adjusted,500,500,1.0,,2,1.0,0.0,1.0,0.32,0.0209,0.0106,0.0,-0.0009,0.244
turbine,144,1 d,14.4,44,ceil(3 tau),0.25,prepost_hac,raw,2,2,1.0,,2,1.0,0.0,1.0,0.0,0.0,0.3255,0.0,0.2783,
turbine,144,1 d,14.4,44,ceil(3 tau),0.25,prepost_hac,adjusted,2,1,0.5,covariate_outside,1,1.0,,1.0,0.0,,0.0322,0.0,-0.0203,0.1168
turbine,144,1 d,14.4,44,ceil(3 tau),0.25,prepost_ewc,raw,2,2,1.0,,2,1.0,0.0,1.0,0.0,0.0,0.2371,0.0,0.2783,
turbine,144,1 d,14.4,44,ceil(3 tau),0.25,prepost_ewc,adjusted,2,1,0.5,covariate_outside,1,1.0,,1.0,0.0,,0.0338,0.0,-0.0203,0.1595
turbine,144,1 d,14.4,44,ceil(3 tau),0.5,randomization,raw,500,500,1.0,,2,1.0,0.0,1.0,0.952,0.0096,0.3126,0.0,-0.0023,
turbine,144,1 d,14.4,44,ceil(3 tau),0.5,randomization,adjusted,500,500,1.0,,2,1.0,0.0,1.0,0.948,0.0099,0.0508,0.0,-0.0023,0.1592
turbine,144,1 d,14.4,44,ceil(3 tau),0.5,block_t,raw,500,500,1.0,,2,1.0,0.0,1.0,0.966,0.0081,0.3053,0.0,0.0027,
turbine,144,1 d,14.4,44,ceil(3 tau),0.5,block_t,adjusted,500,500,1.0,,2,1.0,0.0,1.0,0.952,0.0096,0.0488,0.0,-0.0023,0.1557
turbine,144,1 d,14.4,44,ceil(3 tau),0.5,hac,raw,500,500,1.0,,2,1.0,0.0,1.0,0.938,0.0108,0.2829,0.0,-0.0023,
turbine,144,1 d,14.4,44,ceil(3 tau),0.5,hac,adjusted,500,500,1.0,,2,1.0,0.0,1.0,0.898,0.0135,0.0434,0.0,-0.0023,0.1451
turbine,144,1 d,14.4,44,ceil(3 tau),0.5,ewc,raw,500,500,1.0,,2,1.0,0.0,1.0,0.93,0.0114,0.2704,0.0,-0.0023,
turbine,144,1 d,14.4,44,ceil(3 tau),0.5,ewc,adjusted,500,500,1.0,,2,1.0,0.0,1.0,0.916,0.0124,0.0455,0.0,-0.0023,0.1658
turbine,144,1 d,14.4,44,ceil(3 tau),0.5,naive,raw,500,500,1.0,,2,1.0,0.0,1.0,0.23,0.0188,0.043,0.0,-0.0023,
turbine,144,1 d,14.4,44,ceil(3 tau),0.5,naive,adjusted,500,500,1.0,,2,1.0,0.0,1.0,0.322,0.0209,0.0106,0.0,-0.0023,0.244
turbine,144,1 d,14.4,44,ceil(3 tau),0.5,prepost_hac,raw,2,2,1.0,,2,1.0,0.0,1.0,0.0,0.0,0.3255,0.0,0.2783,
turbine,144,1 d,14.4,44,ceil(3 tau),0.5,prepost_hac,adjusted,2,1,0.5,covariate_outside,1,1.0,,1.0,0.0,,0.0322,0.0,-0.0203,0.1168
turbine,144,1 d,14.4,44,ceil(3 tau),0.5,prepost_ewc,raw,2,2,1.0,,2,1.0,0.0,1.0,0.0,0.0,0.2371,0.0,0.2783,
turbine,144,1 d,14.4,44,ceil(3 tau),0.5,prepost_ewc,adjusted,2,1,0.5,covariate_outside,1,1.0,,1.0,0.0,,0.0338,0.0,-0.0203,0.1595
turbine,144,1 d,36.0,0,0,0.0,randomization,raw,500,500,1.0,,2,0.046,0.0094,0.046,0.954,0.0094,0.2853,0.0,0.0026,
turbine,144,1 d,36.0,0,0,0.0,randomization,adjusted,500,500,1.0,,2,0.06,0.0106,0.06,0.94,0.0106,0.0473,0.0,0.0003,0.1628
turbine,144,1 d,36.0,0,0,0.0,block_t,raw,500,500,1.0,,2,0.034,0.0081,0.034,0.966,0.0081,0.2827,0.0,0.0051,
turbine,144,1 d,36.0,0,0,0.0,block_t,adjusted,500,500,1.0,,2,0.06,0.0106,0.06,0.94,0.0106,0.0469,0.0,0.0005,0.1619
turbine,144,1 d,36.0,0,0,0.0,hac,raw,500,500,1.0,,2,0.066,0.0111,0.066,0.934,0.0111,0.259,0.0,0.0026,
turbine,144,1 d,36.0,0,0,0.0,hac,adjusted,500,500,1.0,,2,0.104,0.0137,0.104,0.896,0.0137,0.0399,0.0,0.0003,0.1487
turbine,144,1 d,36.0,0,0,0.0,ewc,raw,500,500,1.0,,2,0.092,0.0129,0.092,0.908,0.0129,0.239,0.0,0.0026,
turbine,144,1 d,36.0,0,0,0.0,ewc,adjusted,500,500,1.0,,2,0.1,0.0134,0.1,0.9,0.0134,0.0405,0.0,0.0003,0.1677
turbine,144,1 d,36.0,0,0,0.0,naive,raw,500,500,1.0,,2,0.782,0.0185,0.782,0.218,0.0185,0.0355,0.0,0.0026,
turbine,144,1 d,36.0,0,0,0.0,naive,adjusted,500,500,1.0,,2,0.7,0.0205,0.7,0.3,0.0205,0.0092,0.0,0.0003,0.2564
turbine,144,1 d,36.0,0,0,0.0,prepost_hac,raw,2,2,1.0,,2,1.0,0.0,1.0,0.0,0.0,0.3264,0.0,0.2807,
turbine,144,1 d,36.0,0,0,0.0,prepost_hac,adjusted,2,1,0.5,covariate_outside,1,1.0,,1.0,0.0,,0.0321,0.0,-0.0204,0.1157
turbine,144,1 d,36.0,0,0,0.0,prepost_ewc,raw,2,2,1.0,,2,1.0,0.0,1.0,0.0,0.0,0.237,0.0,0.2807,
turbine,144,1 d,36.0,0,0,0.0,prepost_ewc,adjusted,2,1,0.5,covariate_outside,1,1.0,,1.0,0.0,,0.0336,0.0,-0.0204,0.1584
turbine,144,1 d,36.0,0,0,0.1,randomization,raw,500,500,1.0,,2,0.182,0.0173,0.182,0.958,0.009,0.2846,0.0,-0.0213,
turbine,144,1 d,36.0,0,0,0.1,randomization,adjusted,500,500,1.0,,2,1.0,0.0,1.0,0.946,0.0101,0.0477,0.0,-0.0233,0.1633
turbine,144,1 d,36.0,0,0,0.1,block_t,raw,500,500,1.0,,2,0.178,0.0171,0.178,0.968,0.0079,0.282,0.0,-0.0197,
turbine,144,1 d,36.0,0,0,0.1,block_t,adjusted,500,500,1.0,,2,0.998,0.002,0.998,0.94,0.0106,0.0474,0.0,-0.0231,0.1642
turbine,144,1 d,36.0,0,0,0.1,hac,raw,500,500,1.0,,2,0.216,0.0184,0.216,0.936,0.011,0.2589,0.0,-0.0213,
turbine,144,1 d,36.0,0,0,0.1,hac,adjusted,500,500,1.0,,2,1.0,0.0,1.0,0.898,0.0135,0.0405,0.0,-0.0233,0.1519
turbine,144,1 d,36.0,0,0,0.1,ewc,raw,500,500,1.0,,2,0.256,0.0195,0.256,0.908,0.0129,0.2387,0.0,-0.0213,
turbine,144,1 d,36.0,0,0,0.1,ewc,adjusted,500,500,1.0,,2,1.0,0.0,1.0,0.902,0.0133,0.0411,0.0,-0.0233,0.1707
turbine,144,1 d,36.0,0,0,0.1,naive,raw,500,500,1.0,,2,0.882,0.0144,0.882,0.218,0.0185,0.0354,0.0,-0.0213,
turbine,144,1 d,36.0,0,0,0.1,naive,adjusted,500,500,1.0,,2,1.0,0.0,1.0,0.302,0.0206,0.0092,0.0,-0.0233,0.2569
turbine,144,1 d,36.0,0,0,0.1,prepost_hac,raw,2,2,1.0,,2,1.0,0.0,1.0,0.0,0.0,0.3263,0.0,0.2805,
turbine,144,1 d,36.0,0,0,0.1,prepost_hac,adjusted,2,1,0.5,covariate_outside,1,1.0,,1.0,0.0,,0.0322,0.0,-0.0206,0.1158
turbine,144,1 d,36.0,0,0,0.1,prepost_ewc,raw,2,2,1.0,,2,1.0,0.0,1.0,0.0,0.0,0.2369,0.0,0.2805,
turbine,144,1 d,36.0,0,0,0.1,prepost_ewc,adjusted,2,1,0.5,covariate_outside,1,1.0,,1.0,0.0,,0.0336,0.0,-0.0206,0.1584
turbine,144,1 d,36.0,0,0,0.25,randomization,raw,500,500,1.0,,2,0.748,0.0194,0.748,0.958,0.009,0.284,0.0,-0.0574,
turbine,144,1 d,36.0,0,0,0.25,randomization,adjusted,500,500,1.0,,2,1.0,0.0,1.0,0.964,0.0083,0.0501,0.0,-0.0593,0.1717
turbine,144,1 d,36.0,0,0,0.25,block_t,raw,500,500,1.0,,2,0.776,0.0187,0.776,0.968,0.0079,0.282,0.0,-0.0563,
turbine,144,1 d,36.0,0,0,0.25,block_t,adjusted,500,500,1.0,,2,1.0,0.0,1.0,0.954,0.0094,0.0497,0.0,-0.0596,0.1727
turbine,144,1 d,36.0,0,0,0.25,hac,raw,500,500,1.0,,2,0.788,0.0183,0.788,0.936,0.011,0.2586,0.0,-0.0574,
turbine,144,1 d,36.0,0,0,0.25,hac,adjusted,500,500,1.0,,2,1.0,0.0,1.0,0.91,0.0128,0.0423,0.0,-0.0593,0.1577
turbine,144,1 d,36.0,0,0,0.25,ewc,raw,500,500,1.0,,2,0.84,0.0164,0.84,0.91,0.0128,0.2385,0.0,-0.0574,
turbine,144,1 d,36.0,0,0,0.25,ewc,adjusted,500,500,1.0,,2,1.0,0.0,1.0,0.912,0.0127,0.0427,0.0,-0.0593,0.1787
turbine,144,1 d,36.0,0,0,0.25,naive,raw,500,500,1.0,,2,0.996,0.0028,0.996,0.218,0.0185,0.0354,0.0,-0.0574,
turbine,144,1 d,36.0,0,0,0.25,naive,adjusted,500,500,1.0,,2,1.0,0.0,1.0,0.312,0.0207,0.0094,0.0,-0.0593,0.2631
turbine,144,1 d,36.0,0,0,0.25,prepost_hac,raw,2,2,1.0,,2,1.0,0.0,1.0,0.0,0.0,0.3262,0.0,0.2801,
turbine,144,1 d,36.0,0,0,0.25,prepost_hac,adjusted,2,1,0.5,covariate_outside,1,1.0,,1.0,0.0,,0.0322,0.0,-0.0208,0.116
turbine,144,1 d,36.0,0,0,0.25,prepost_ewc,raw,2,2,1.0,,2,1.0,0.0,1.0,0.0,0.0,0.2368,0.0,0.2801,
turbine,144,1 d,36.0,0,0,0.25,prepost_ewc,adjusted,2,1,0.5,covariate_outside,1,1.0,,1.0,0.0,,0.0336,0.0,-0.0208,0.1586
turbine,144,1 d,36.0,0,0,0.5,randomization,raw,500,500,1.0,,2,1.0,0.0,1.0,0.958,0.009,0.2827,0.0,-0.1189,
turbine,144,1 d,36.0,0,0,0.5,randomization,adjusted,500,500,1.0,,2,1.0,0.0,1.0,0.99,0.0045,0.0569,0.0,-0.1193,0.1962
turbine,144,1 d,36.0,0,0,0.5,block_t,raw,500,500,1.0,,2,1.0,0.0,1.0,0.968,0.0079,0.2829,0.0,-0.1171,
turbine,144,1 d,36.0,0,0,0.5,block_t,adjusted,500,500,1.0,,2,1.0,0.0,1.0,0.972,0.0074,0.0569,0.0,-0.1203,0.1994
turbine,144,1 d,36.0,0,0,0.5,hac,raw,500,500,1.0,,2,1.0,0.0,1.0,0.942,0.0105,0.2602,0.0,-0.1189,
turbine,144,1 d,36.0,0,0,0.5,hac,adjusted,500,500,1.0,,2,1.0,0.0,1.0,0.958,0.009,0.0481,0.0,-0.1193,0.1823
turbine,144,1 d,36.0,0,0,0.5,ewc,raw,500,500,1.0,,2,1.0,0.0,1.0,0.914,0.0126,0.2389,0.0,-0.1189,
turbine,144,1 d,36.0,0,0,0.5,ewc,adjusted,500,500,1.0,,2,1.0,0.0,1.0,0.962,0.0086,0.0488,0.0,-0.1193,0.2043
turbine,144,1 d,36.0,0,0,0.5,naive,raw,500,500,1.0,,2,1.0,0.0,1.0,0.222,0.0186,0.0356,0.0,-0.1189,
turbine,144,1 d,36.0,0,0,0.5,naive,adjusted,500,500,1.0,,2,1.0,0.0,1.0,0.334,0.0211,0.0103,0.0,-0.1193,0.2858
turbine,144,1 d,36.0,0,0,0.5,prepost_hac,raw,2,2,1.0,,2,1.0,0.0,1.0,0.0,0.0,0.3261,0.0,0.2794,
turbine,144,1 d,36.0,0,0,0.5,prepost_hac,adjusted,2,1,0.5,covariate_outside,1,1.0,,1.0,0.0,,0.0323,0.0,-0.0213,0.1164
turbine,144,1 d,36.0,0,0,0.5,prepost_ewc,raw,2,2,1.0,,2,1.0,0.0,1.0,0.0,0.0,0.2367,0.0,0.2794,
turbine,144,1 d,36.0,0,0,0.5,prepost_ewc,adjusted,2,1,0.5,covariate_outside,1,1.0,,1.0,0.0,,0.0338,0.0,-0.0213,0.1593
turbine,144,1 d,36.0,108,ceil(3 tau),0.0,randomization,raw,500,500,1.0,,2,0.042,0.009,0.042,0.958,0.009,0.3708,0.0,0.0035,
turbine,144,1 d,36.0,108,ceil(3 tau),0.0,randomization,adjusted,500,500,1.0,,2,0.05,0.0098,0.05,0.95,0.0098,0.069,0.0,-0.0001,0.1899
turbine,144,1 d,36.0,108,ceil(3 tau),0.0,block_t,raw,500,500,1.0,,2,0.038,0.0086,0.038,0.962,0.0086,0.3598,0.0,0.0066,
turbine,144,1 d,36.0,108,ceil(3 tau),0.0,block_t,adjusted,500,500,1.0,,2,0.06,0.0106,0.06,0.94,0.0106,0.0601,0.0,0.0,0.1693
turbine,144,1 d,36.0,108,ceil(3 tau),0.0,hac,raw,500,500,1.0,,2,0.056,0.0103,0.056,0.944,0.0103,0.3336,0.0,0.0035,
turbine,144,1 d,36.0,108,ceil(3 tau),0.0,hac,adjusted,500,500,1.0,,2,0.1,0.0134,0.1,0.9,0.0134,0.06,0.0,-0.0001,0.181
turbine,144,1 d,36.0,108,ceil(3 tau),0.0,ewc,raw,500,500,1.0,,2,0.056,0.0103,0.056,0.944,0.0103,0.3396,0.0,0.0035,
turbine,144,1 d,36.0,108,ceil(3 tau),0.0,ewc,adjusted,500,500,1.0,,2,0.07,0.0114,0.07,0.93,0.0114,0.0643,0.0,-0.0001,0.1921
turbine,144,1 d,36.0,108,ceil(3 tau),0.0,naive,raw,500,500,1.0,,2,0.698,0.0206,0.698,0.302,0.0206,0.0705,0.0,0.0035,
turbine,144,1 d,36.0,108,ceil(3 tau),0.0,naive,adjusted,500,500,1.0,,2,0.614,0.0218,0.614,0.386,0.0218,0.0179,0.0,-0.0001,0.2573
turbine,144,1 d,36.0,108,ceil(3 tau),0.0,prepost_hac,raw,2,2,1.0,,2,1.0,0.0,1.0,0.0,0.0,0.3254,0.0,0.2761,
turbine,144,1 d,36.0,108,ceil(3 tau),0.0,prepost_hac,adjusted,2,1,0.5,covariate_outside,1,1.0,,1.0,0.0,,0.0322,0.0,-0.0205,0.1171
turbine,144,1 d,36.0,108,ceil(3 tau),0.0,prepost_ewc,raw,2,2,1.0,,2,1.0,0.0,1.0,0.0,0.0,0.2372,0.0,0.2761,
turbine,144,1 d,36.0,108,ceil(3 tau),0.0,prepost_ewc,adjusted,2,1,0.5,covariate_outside,1,1.0,,1.0,0.0,,0.0336,0.0,-0.0205,0.1588
turbine,144,1 d,36.0,108,ceil(3 tau),0.1,randomization,raw,500,500,1.0,,2,0.182,0.0173,0.182,0.958,0.009,0.3708,0.0,0.0005,
turbine,144,1 d,36.0,108,ceil(3 tau),0.1,randomization,adjusted,500,500,1.0,,2,1.0,0.0,1.0,0.95,0.0098,0.0691,0.0,-0.0031,0.1902
turbine,144,1 d,36.0,108,ceil(3 tau),0.1,block_t,raw,500,500,1.0,,2,0.178,0.0171,0.178,0.962,0.0086,0.3598,0.0,0.0036,
turbine,144,1 d,36.0,108,ceil(3 tau),0.1,block_t,adjusted,500,500,1.0,,2,1.0,0.0,1.0,0.94,0.0106,0.0601,0.0,-0.0027,0.1692
turbine,144,1 d,36.0,108,ceil(3 tau),0.1,hac,raw,500,500,1.0,,2,0.226,0.0187,0.226,0.944,0.0103,0.3336,0.0,0.0005,
turbine,144,1 d,36.0,108,ceil(3 tau),0.1,hac,adjusted,500,500,1.0,,2,1.0,0.0,1.0,0.9,0.0134,0.06,0.0,-0.0031,0.1811
turbine,144,1 d,36.0,108,ceil(3 tau),0.1,ewc,raw,500,500,1.0,,2,0.22,0.0185,0.22,0.944,0.0103,0.3396,0.0,0.0005,
turbine,144,1 d,36.0,108,ceil(3 tau),0.1,ewc,adjusted,500,500,1.0,,2,1.0,0.0,1.0,0.928,0.0116,0.0643,0.0,-0.0031,0.192
turbine,144,1 d,36.0,108,ceil(3 tau),0.1,naive,raw,500,500,1.0,,2,0.85,0.016,0.85,0.302,0.0206,0.0705,0.0,0.0005,
turbine,144,1 d,36.0,108,ceil(3 tau),0.1,naive,adjusted,500,500,1.0,,2,1.0,0.0,1.0,0.386,0.0218,0.0179,0.0,-0.0031,0.2572
turbine,144,1 d,36.0,108,ceil(3 tau),0.1,prepost_hac,raw,2,2,1.0,,2,1.0,0.0,1.0,0.0,0.0,0.3254,0.0,0.2761,
turbine,144,1 d,36.0,108,ceil(3 tau),0.1,prepost_hac,adjusted,2,1,0.5,covariate_outside,1,1.0,,1.0,0.0,,0.0322,0.0,-0.0206,0.1171
turbine,144,1 d,36.0,108,ceil(3 tau),0.1,prepost_ewc,raw,2,2,1.0,,2,1.0,0.0,1.0,0.0,0.0,0.2372,0.0,0.2761,
turbine,144,1 d,36.0,108,ceil(3 tau),0.1,prepost_ewc,adjusted,2,1,0.5,covariate_outside,1,1.0,,1.0,0.0,,0.0336,0.0,-0.0206,0.1588
turbine,144,1 d,36.0,108,ceil(3 tau),0.25,randomization,raw,500,500,1.0,,2,0.754,0.0193,0.754,0.958,0.009,0.3705,0.0,-0.0039,
turbine,144,1 d,36.0,108,ceil(3 tau),0.25,randomization,adjusted,500,500,1.0,,2,1.0,0.0,1.0,0.95,0.0098,0.0691,0.0,-0.0074,0.19
turbine,144,1 d,36.0,108,ceil(3 tau),0.25,block_t,raw,500,500,1.0,,2,0.764,0.019,0.764,0.962,0.0086,0.3598,0.0,-0.0007,
turbine,144,1 d,36.0,108,ceil(3 tau),0.25,block_t,adjusted,500,500,1.0,,2,1.0,0.0,1.0,0.94,0.0106,0.0602,0.0,-0.0067,0.1692
turbine,144,1 d,36.0,108,ceil(3 tau),0.25,hac,raw,500,500,1.0,,2,0.8,0.0179,0.8,0.944,0.0103,0.3337,0.0,-0.0039,
turbine,144,1 d,36.0,108,ceil(3 tau),0.25,hac,adjusted,500,500,1.0,,2,1.0,0.0,1.0,0.9,0.0134,0.0599,0.0,-0.0074,0.181
turbine,144,1 d,36.0,108,ceil(3 tau),0.25,ewc,raw,500,500,1.0,,2,0.796,0.018,0.796,0.944,0.0103,0.3396,0.0,-0.0039,
turbine,144,1 d,36.0,108,ceil(3 tau),0.25,ewc,adjusted,500,500,1.0,,2,1.0,0.0,1.0,0.928,0.0116,0.0643,0.0,-0.0074,0.192
turbine,144,1 d,36.0,108,ceil(3 tau),0.25,naive,raw,500,500,1.0,,2,0.986,0.0053,0.986,0.302,0.0206,0.0705,0.0,-0.0039,
turbine,144,1 d,36.0,108,ceil(3 tau),0.25,naive,adjusted,500,500,1.0,,2,1.0,0.0,1.0,0.386,0.0218,0.0179,0.0,-0.0074,0.2572
turbine,144,1 d,36.0,108,ceil(3 tau),0.25,prepost_hac,raw,2,2,1.0,,2,1.0,0.0,1.0,0.0,0.0,0.3254,0.0,0.2761,
turbine,144,1 d,36.0,108,ceil(3 tau),0.25,prepost_hac,adjusted,2,1,0.5,covariate_outside,1,1.0,,1.0,0.0,,0.0322,0.0,-0.0206,0.1171
turbine,144,1 d,36.0,108,ceil(3 tau),0.25,prepost_ewc,raw,2,2,1.0,,2,1.0,0.0,1.0,0.0,0.0,0.2372,0.0,0.2761,
turbine,144,1 d,36.0,108,ceil(3 tau),0.25,prepost_ewc,adjusted,2,1,0.5,covariate_outside,1,1.0,,1.0,0.0,,0.0336,0.0,-0.0206,0.1588
turbine,144,1 d,36.0,108,ceil(3 tau),0.5,randomization,raw,500,500,1.0,,2,0.996,0.0028,0.996,0.958,0.009,0.3701,0.0,-0.0111,
turbine,144,1 d,36.0,108,ceil(3 tau),0.5,randomization,adjusted,500,500,1.0,,2,1.0,0.0,1.0,0.95,0.0098,0.0694,0.0,-0.0143,0.1903
turbine,144,1 d,36.0,108,ceil(3 tau),0.5,block_t,raw,500,500,1.0,,2,0.994,0.0035,0.994,0.962,0.0086,0.3599,0.0,-0.0078,
turbine,144,1 d,36.0,108,ceil(3 tau),0.5,block_t,adjusted,500,500,1.0,,2,1.0,0.0,1.0,0.94,0.0106,0.0602,0.0,-0.0136,0.1694
turbine,144,1 d,36.0,108,ceil(3 tau),0.5,hac,raw,500,500,1.0,,2,0.998,0.002,0.998,0.944,0.0103,0.3339,0.0,-0.0111,
turbine,144,1 d,36.0,108,ceil(3 tau),0.5,hac,adjusted,500,500,1.0,,2,1.0,0.0,1.0,0.9,0.0134,0.0601,0.0,-0.0143,0.1812
turbine,144,1 d,36.0,108,ceil(3 tau),0.5,ewc,raw,500,500,1.0,,2,0.998,0.002,0.998,0.944,0.0103,0.3395,0.0,-0.0111,
turbine,144,1 d,36.0,108,ceil(3 tau),0.5,ewc,adjusted,500,500,1.0,,2,1.0,0.0,1.0,0.928,0.0116,0.0643,0.0,-0.0143,0.1924
turbine,144,1 d,36.0,108,ceil(3 tau),0.5,naive,raw,500,500,1.0,,2,1.0,0.0,1.0,0.302,0.0206,0.0705,0.0,-0.0111,
turbine,144,1 d,36.0,108,ceil(3 tau),0.5,naive,adjusted,500,500,1.0,,2,1.0,0.0,1.0,0.386,0.0218,0.0179,0.0,-0.0143,0.2572
turbine,144,1 d,36.0,108,ceil(3 tau),0.5,prepost_hac,raw,2,2,1.0,,2,1.0,0.0,1.0,0.0,0.0,0.3254,0.0,0.2761,
turbine,144,1 d,36.0,108,ceil(3 tau),0.5,prepost_hac,adjusted,2,1,0.5,covariate_outside,1,1.0,,1.0,0.0,,0.0322,0.0,-0.0206,0.1171
turbine,144,1 d,36.0,108,ceil(3 tau),0.5,prepost_ewc,raw,2,2,1.0,,2,1.0,0.0,1.0,0.0,0.0,0.2372,0.0,0.2761,
turbine,144,1 d,36.0,108,ceil(3 tau),0.5,prepost_ewc,adjusted,2,1,0.5,covariate_outside,1,1.0,,1.0,0.0,,0.0336,0.0,-0.0206,0.1588
turbine,432,3 d,0.0,0,ceil(3 tau),0.0,randomization,raw,500,500,1.0,,2,0.04,0.0088,0.04,0.96,0.0088,0.3677,0.0,0.0015,
turbine,432,3 d,0.0,0,ceil(3 tau),0.0,randomization,adjusted,500,500,1.0,,2,0.054,0.0101,0.054,0.946,0.0101,0.053,0.0,0.0015,0.1387
turbine,432,3 d,0.0,0,ceil(3 tau),0.0,block_t,raw,500,500,1.0,,2,0.036,0.0083,0.036,0.964,0.0083,0.3473,0.0,0.0037,
turbine,432,3 d,0.0,0,ceil(3 tau),0.0,block_t,adjusted,500,500,1.0,,2,0.052,0.0099,0.052,0.948,0.0099,0.055,0.0,0.0011,0.1499
turbine,432,3 d,0.0,0,ceil(3 tau),0.0,hac,raw,500,500,1.0,,2,0.082,0.0123,0.082,0.918,0.0123,0.3201,0.0,0.0015,
turbine,432,3 d,0.0,0,ceil(3 tau),0.0,hac,adjusted,500,500,1.0,,2,0.104,0.0137,0.104,0.896,0.0137,0.0413,0.0,0.0015,0.1309
turbine,432,3 d,0.0,0,ceil(3 tau),0.0,ewc,raw,500,500,1.0,,2,0.194,0.0177,0.194,0.806,0.0177,0.2516,0.0,0.0015,
turbine,432,3 d,0.0,0,ceil(3 tau),0.0,ewc,adjusted,500,500,1.0,,2,0.106,0.0138,0.106,0.894,0.0138,0.0418,0.0,0.0015,0.1613
turbine,432,3 d,0.0,0,ceil(3 tau),0.0,naive,raw,500,500,1.0,,2,0.876,0.0148,0.876,0.124,0.0148,0.0352,0.0,0.0015,
turbine,432,3 d,0.0,0,ceil(3 tau),0.0,naive,adjusted,500,500,1.0,,2,0.744,0.0195,0.744,0.256,0.0195,0.0093,0.0,0.0015,0.2592
turbine,432,3 d,0.0,0,ceil(3 tau),0.0,prepost_hac,raw,2,2,1.0,,2,1.0,0.0,1.0,0.0,0.0,0.3279,0.0,0.2977,
turbine,432,3 d,0.0,0,ceil(3 tau),0.0,prepost_hac,adjusted,2,1,0.5,covariate_outside,1,1.0,,1.0,0.0,,0.0321,0.0,-0.0204,0.1157
turbine,432,3 d,0.0,0,ceil(3 tau),0.0,prepost_ewc,raw,2,2,1.0,,2,1.0,0.0,1.0,0.0,0.0,0.2365,0.0,0.2977,
turbine,432,3 d,0.0,0,ceil(3 tau),0.0,prepost_ewc,adjusted,2,1,0.5,covariate_outside,1,1.0,,1.0,0.0,,0.0336,0.0,-0.0204,0.1584
turbine,432,3 d,0.0,0,ceil(3 tau),0.1,randomization,raw,500,500,1.0,,2,0.222,0.0186,0.222,0.96,0.0088,0.3677,0.0,0.0015,
turbine,432,3 d,0.0,0,ceil(3 tau),0.1,randomization,adjusted,500,500,1.0,,2,1.0,0.0,1.0,0.946,0.0101,0.053,0.0,0.0015,0.1387
turbine,432,3 d,0.0,0,ceil(3 tau),0.1,block_t,raw,500,500,1.0,,2,0.202,0.018,0.202,0.964,0.0083,0.3473,0.0,0.0037,
turbine,432,3 d,0.0,0,ceil(3 tau),0.1,block_t,adjusted,500,500,1.0,,2,1.0,0.0,1.0,0.948,0.0099,0.055,0.0,0.0011,0.1499
turbine,432,3 d,0.0,0,ceil(3 tau),0.1,hac,raw,500,500,1.0,,2,0.304,0.0206,0.304,0.918,0.0123,0.3201,0.0,0.0015,
turbine,432,3 d,0.0,0,ceil(3 tau),0.1,hac,adjusted,500,500,1.0,,2,1.0,0.0,1.0,0.896,0.0137,0.0413,0.0,0.0015,0.1309
turbine,432,3 d,0.0,0,ceil(3 tau),0.1,ewc,raw,500,500,1.0,,2,0.438,0.0222,0.438,0.806,0.0177,0.2516,0.0,0.0015,
turbine,432,3 d,0.0,0,ceil(3 tau),0.1,ewc,adjusted,500,500,1.0,,2,1.0,0.0,1.0,0.894,0.0138,0.0418,0.0,0.0015,0.1613
turbine,432,3 d,0.0,0,ceil(3 tau),0.1,naive,raw,500,500,1.0,,2,0.914,0.0126,0.914,0.124,0.0148,0.0352,0.0,0.0015,
turbine,432,3 d,0.0,0,ceil(3 tau),0.1,naive,adjusted,500,500,1.0,,2,1.0,0.0,1.0,0.256,0.0195,0.0093,0.0,0.0015,0.2592
turbine,432,3 d,0.0,0,ceil(3 tau),0.1,prepost_hac,raw,2,2,1.0,,2,1.0,0.0,1.0,0.0,0.0,0.3279,0.0,0.2977,
turbine,432,3 d,0.0,0,ceil(3 tau),0.1,prepost_hac,adjusted,2,1,0.5,covariate_outside,1,1.0,,1.0,0.0,,0.0321,0.0,-0.0204,0.1157
turbine,432,3 d,0.0,0,ceil(3 tau),0.1,prepost_ewc,raw,2,2,1.0,,2,1.0,0.0,1.0,0.0,0.0,0.2365,0.0,0.2977,
turbine,432,3 d,0.0,0,ceil(3 tau),0.1,prepost_ewc,adjusted,2,1,0.5,covariate_outside,1,1.0,,1.0,0.0,,0.0336,0.0,-0.0204,0.1584
turbine,432,3 d,0.0,0,ceil(3 tau),0.25,randomization,raw,500,500,1.0,,2,0.732,0.0198,0.732,0.96,0.0088,0.3677,0.0,0.0015,
turbine,432,3 d,0.0,0,ceil(3 tau),0.25,randomization,adjusted,500,500,1.0,,2,1.0,0.0,1.0,0.946,0.0101,0.053,0.0,0.0015,0.1387
turbine,432,3 d,0.0,0,ceil(3 tau),0.25,block_t,raw,500,500,1.0,,2,0.756,0.0192,0.756,0.964,0.0083,0.3473,0.0,0.0037,
turbine,432,3 d,0.0,0,ceil(3 tau),0.25,block_t,adjusted,500,500,1.0,,2,1.0,0.0,1.0,0.948,0.0099,0.055,0.0,0.0011,0.1499
turbine,432,3 d,0.0,0,ceil(3 tau),0.25,hac,raw,500,500,1.0,,2,0.804,0.0178,0.804,0.918,0.0123,0.3201,0.0,0.0015,
turbine,432,3 d,0.0,0,ceil(3 tau),0.25,hac,adjusted,500,500,1.0,,2,1.0,0.0,1.0,0.896,0.0137,0.0413,0.0,0.0015,0.1309
turbine,432,3 d,0.0,0,ceil(3 tau),0.25,ewc,raw,500,500,1.0,,2,0.902,0.0133,0.902,0.806,0.0177,0.2516,0.0,0.0015,
turbine,432,3 d,0.0,0,ceil(3 tau),0.25,ewc,adjusted,500,500,1.0,,2,1.0,0.0,1.0,0.894,0.0138,0.0418,0.0,0.0015,0.1613
turbine,432,3 d,0.0,0,ceil(3 tau),0.25,naive,raw,500,500,1.0,,2,1.0,0.0,1.0,0.124,0.0148,0.0352,0.0,0.0015,
turbine,432,3 d,0.0,0,ceil(3 tau),0.25,naive,adjusted,500,500,1.0,,2,1.0,0.0,1.0,0.256,0.0195,0.0093,0.0,0.0015,0.2592
turbine,432,3 d,0.0,0,ceil(3 tau),0.25,prepost_hac,raw,2,2,1.0,,2,1.0,0.0,1.0,0.0,0.0,0.3279,0.0,0.2977,
turbine,432,3 d,0.0,0,ceil(3 tau),0.25,prepost_hac,adjusted,2,1,0.5,covariate_outside,1,1.0,,1.0,0.0,,0.0321,0.0,-0.0204,0.1157
turbine,432,3 d,0.0,0,ceil(3 tau),0.25,prepost_ewc,raw,2,2,1.0,,2,1.0,0.0,1.0,0.0,0.0,0.2365,0.0,0.2977,
turbine,432,3 d,0.0,0,ceil(3 tau),0.25,prepost_ewc,adjusted,2,1,0.5,covariate_outside,1,1.0,,1.0,0.0,,0.0336,0.0,-0.0204,0.1584
turbine,432,3 d,0.0,0,ceil(3 tau),0.5,randomization,raw,500,500,1.0,,2,0.996,0.0028,0.996,0.96,0.0088,0.3677,0.0,0.0015,
turbine,432,3 d,0.0,0,ceil(3 tau),0.5,randomization,adjusted,500,500,1.0,,2,1.0,0.0,1.0,0.946,0.0101,0.053,0.0,0.0015,0.1387
turbine,432,3 d,0.0,0,ceil(3 tau),0.5,block_t,raw,500,500,1.0,,2,0.998,0.002,0.998,0.964,0.0083,0.3473,0.0,0.0037,
turbine,432,3 d,0.0,0,ceil(3 tau),0.5,block_t,adjusted,500,500,1.0,,2,1.0,0.0,1.0,0.948,0.0099,0.055,0.0,0.0011,0.1499
turbine,432,3 d,0.0,0,ceil(3 tau),0.5,hac,raw,500,500,1.0,,2,0.998,0.002,0.998,0.918,0.0123,0.3201,0.0,0.0015,
turbine,432,3 d,0.0,0,ceil(3 tau),0.5,hac,adjusted,500,500,1.0,,2,1.0,0.0,1.0,0.896,0.0137,0.0413,0.0,0.0015,0.1309
turbine,432,3 d,0.0,0,ceil(3 tau),0.5,ewc,raw,500,500,1.0,,2,1.0,0.0,1.0,0.806,0.0177,0.2516,0.0,0.0015,
turbine,432,3 d,0.0,0,ceil(3 tau),0.5,ewc,adjusted,500,500,1.0,,2,1.0,0.0,1.0,0.894,0.0138,0.0418,0.0,0.0015,0.1613
turbine,432,3 d,0.0,0,ceil(3 tau),0.5,naive,raw,500,500,1.0,,2,1.0,0.0,1.0,0.124,0.0148,0.0352,0.0,0.0015,
turbine,432,3 d,0.0,0,ceil(3 tau),0.5,naive,adjusted,500,500,1.0,,2,1.0,0.0,1.0,0.256,0.0195,0.0093,0.0,0.0015,0.2592
turbine,432,3 d,0.0,0,ceil(3 tau),0.5,prepost_hac,raw,2,2,1.0,,2,1.0,0.0,1.0,0.0,0.0,0.3279,0.0,0.2977,
turbine,432,3 d,0.0,0,ceil(3 tau),0.5,prepost_hac,adjusted,2,1,0.5,covariate_outside,1,1.0,,1.0,0.0,,0.0321,0.0,-0.0204,0.1157
turbine,432,3 d,0.0,0,ceil(3 tau),0.5,prepost_ewc,raw,2,2,1.0,,2,1.0,0.0,1.0,0.0,0.0,0.2365,0.0,0.2977,
turbine,432,3 d,0.0,0,ceil(3 tau),0.5,prepost_ewc,adjusted,2,1,0.5,covariate_outside,1,1.0,,1.0,0.0,,0.0336,0.0,-0.0204,0.1584
turbine,432,3 d,43.2,0,0,0.0,randomization,raw,500,500,1.0,,2,0.04,0.0088,0.04,0.96,0.0088,0.3677,0.0,0.0015,
turbine,432,3 d,43.2,0,0,0.0,randomization,adjusted,500,500,1.0,,2,0.054,0.0101,0.054,0.946,0.0101,0.053,0.0,0.0015,0.1387
turbine,432,3 d,43.2,0,0,0.0,block_t,raw,500,500,1.0,,2,0.036,0.0083,0.036,0.964,0.0083,0.3473,0.0,0.0037,
turbine,432,3 d,43.2,0,0,0.0,block_t,adjusted,500,500,1.0,,2,0.052,0.0099,0.052,0.948,0.0099,0.055,0.0,0.0011,0.1499
turbine,432,3 d,43.2,0,0,0.0,hac,raw,500,500,1.0,,2,0.082,0.0123,0.082,0.918,0.0123,0.3201,0.0,0.0015,
turbine,432,3 d,43.2,0,0,0.0,hac,adjusted,500,500,1.0,,2,0.104,0.0137,0.104,0.896,0.0137,0.0413,0.0,0.0015,0.1309
turbine,432,3 d,43.2,0,0,0.0,ewc,raw,500,500,1.0,,2,0.194,0.0177,0.194,0.806,0.0177,0.2516,0.0,0.0015,
turbine,432,3 d,43.2,0,0,0.0,ewc,adjusted,500,500,1.0,,2,0.106,0.0138,0.106,0.894,0.0138,0.0418,0.0,0.0015,0.1613
turbine,432,3 d,43.2,0,0,0.0,naive,raw,500,500,1.0,,2,0.876,0.0148,0.876,0.124,0.0148,0.0352,0.0,0.0015,
turbine,432,3 d,43.2,0,0,0.0,naive,adjusted,500,500,1.0,,2,0.744,0.0195,0.744,0.256,0.0195,0.0093,0.0,0.0015,0.2592
turbine,432,3 d,43.2,0,0,0.0,prepost_hac,raw,2,2,1.0,,2,1.0,0.0,1.0,0.0,0.0,0.3279,0.0,0.2977,
turbine,432,3 d,43.2,0,0,0.0,prepost_hac,adjusted,2,1,0.5,covariate_outside,1,1.0,,1.0,0.0,,0.0321,0.0,-0.0204,0.1157
turbine,432,3 d,43.2,0,0,0.0,prepost_ewc,raw,2,2,1.0,,2,1.0,0.0,1.0,0.0,0.0,0.2365,0.0,0.2977,
turbine,432,3 d,43.2,0,0,0.0,prepost_ewc,adjusted,2,1,0.5,covariate_outside,1,1.0,,1.0,0.0,,0.0336,0.0,-0.0204,0.1584
turbine,432,3 d,43.2,0,0,0.1,randomization,raw,500,500,1.0,,2,0.186,0.0174,0.186,0.96,0.0088,0.3671,0.0,-0.0078,
turbine,432,3 d,43.2,0,0,0.1,randomization,adjusted,500,500,1.0,,2,1.0,0.0,1.0,0.948,0.0099,0.0537,0.0,-0.0078,0.1397
turbine,432,3 d,43.2,0,0,0.1,block_t,raw,500,500,1.0,,2,0.18,0.0172,0.18,0.964,0.0083,0.3475,0.0,-0.0052,
turbine,432,3 d,43.2,0,0,0.1,block_t,adjusted,500,500,1.0,,2,1.0,0.0,1.0,0.948,0.0099,0.0551,0.0,-0.0084,0.1507
turbine,432,3 d,43.2,0,0,0.1,hac,raw,500,500,1.0,,2,0.26,0.0196,0.26,0.92,0.0121,0.3198,0.0,-0.0078,
turbine,432,3 d,43.2,0,0,0.1,hac,adjusted,500,500,1.0,,2,1.0,0.0,1.0,0.898,0.0135,0.0413,0.0,-0.0078,0.1311
turbine,432,3 d,43.2,0,0,0.1,ewc,raw,500,500,1.0,,2,0.404,0.022,0.404,0.808,0.0176,0.2514,0.0,-0.0078,
turbine,432,3 d,43.2,0,0,0.1,ewc,adjusted,500,500,1.0,,2,1.0,0.0,1.0,0.902,0.0133,0.0419,0.0,-0.0078,0.1618
turbine,432,3 d,43.2,0,0,0.1,naive,raw,500,500,1.0,,2,0.912,0.0127,0.912,0.124,0.0148,0.0352,0.0,-0.0078,
turbine,432,3 d,43.2,0,0,0.1,naive,adjusted,500,500,1.0,,2,1.0,0.0,1.0,0.262,0.0197,0.0093,0.0,-0.0078,0.2596
turbine,432,3 d,43.2,0,0,0.1,prepost_hac,raw,2,2,1.0,,2,1.0,0.0,1.0,0.0,0.0,0.3278,0.0,0.2974,
turbine,432,3 d,43.2,0,0,0.1,prepost_hac,adjusted,2,1,0.5,covariate_outside,1,1.0,,1.0,0.0,,0.0322,0.0,-0.0206,0.1158
turbine,432,3 d,43.2,0,0,0.1,prepost_ewc,raw,2,2,1.0,,2,1.0,0.0,1.0,0.0,0.0,0.2364,0.0,0.2974,
turbine,432,3 d,43.2,0,0,0.1,prepost_ewc,adjusted,2,1,0.5,covariate_outside,1,1.0,,1.0,0.0,,0.0336,0.0,-0.0206,0.1585
turbine,432,3 d,43.2,0,0,0.25,randomization,raw,500,500,1.0,,2,0.652,0.0213,0.652,0.96,0.0088,0.3666,0.0,-0.0219,
turbine,432,3 d,43.2,0,0,0.25,randomization,adjusted,500,500,1.0,,2,1.0,0.0,1.0,0.956,0.0092,0.0547,0.0,-0.0219,0.1415
turbine,432,3 d,43.2,0,0,0.25,block_t,raw,500,500,1.0,,2,0.692,0.0207,0.692,0.964,0.0083,0.348,0.0,-0.0187,
turbine,432,3 d,43.2,0,0,0.25,block_t,adjusted,500,500,1.0,,2,1.0,0.0,1.0,0.956,0.0092,0.0547,0.0,-0.0223,0.1503
turbine,432,3 d,43.2,0,0,0.25,hac,raw,500,500,1.0,,2,0.736,0.0197,0.736,0.92,0.0121,0.3194,0.0,-0.0219,
turbine,432,3 d,43.2,0,0,0.25,hac,adjusted,500,500,1.0,,2,1.0,0.0,1.0,0.91,0.0128,0.0423,0.0,-0.0219,0.1333
turbine,432,3 d,43.2,0,0,0.25,ewc,raw,500,500,1.0,,2,0.838,0.0165,0.838,0.808,0.0176,0.2513,0.0,-0.0219,
turbine,432,3 d,43.2,0,0,0.25,ewc,adjusted,500,500,1.0,,2,1.0,0.0,1.0,0.912,0.0127,0.0431,0.0,-0.0219,0.1662
turbine,432,3 d,43.2,0,0,0.25,naive,raw,500,500,1.0,,2,0.996,0.0028,0.996,0.124,0.0148,0.0352,0.0,-0.0219,
turbine,432,3 d,43.2,0,0,0.25,naive,adjusted,500,500,1.0,,2,1.0,0.0,1.0,0.272,0.0199,0.0094,0.0,-0.0219,0.2623
turbine,432,3 d,43.2,0,0,0.25,prepost_hac,raw,2,2,1.0,,2,1.0,0.0,1.0,0.0,0.0,0.3276,0.0,0.2969,
turbine,432,3 d,43.2,0,0,0.25,prepost_hac,adjusted,2,1,0.5,covariate_outside,1,1.0,,1.0,0.0,,0.0322,0.0,-0.0209,0.116
turbine,432,3 d,43.2,0,0,0.25,prepost_ewc,raw,2,2,1.0,,2,1.0,0.0,1.0,0.0,0.0,0.2363,0.0,0.2969,
turbine,432,3 d,43.2,0,0,0.25,prepost_ewc,adjusted,2,1,0.5,covariate_outside,1,1.0,,1.0,0.0,,0.0337,0.0,-0.0209,0.1587
turbine,432,3 d,43.2,0,0,0.5,randomization,raw,500,500,1.0,,2,0.996,0.0028,0.996,0.958,0.009,0.3633,0.0,-0.0454,
turbine,432,3 d,43.2,0,0,0.5,randomization,adjusted,500,500,1.0,,2,1.0,0.0,1.0,0.974,0.0071,0.0568,0.0,-0.0453,0.1496
turbine,432,3 d,43.2,0,0,0.5,block_t,raw,500,500,1.0,,2,0.996,0.0028,0.996,0.964,0.0083,0.3491,0.0,-0.0419,
turbine,432,3 d,43.2,0,0,0.5,block_t,adjusted,500,500,1.0,,2,1.0,0.0,1.0,0.97,0.0076,0.0565,0.0,-0.0455,0.1562
turbine,432,3 d,43.2,0,0,0.5,hac,raw,500,500,1.0,,2,0.996,0.0028,0.996,0.918,0.0123,0.3191,0.0,-0.0454,
turbine,432,3 d,43.2,0,0,0.5,hac,adjusted,500,500,1.0,,2,1.0,0.0,1.0,0.932,0.0113,0.0464,0.0,-0.0453,0.1438
turbine,432,3 d,43.2,0,0,0.5,ewc,raw,500,500,1.0,,2,0.998,0.002,0.998,0.812,0.0175,0.2518,0.0,-0.0454,
turbine,432,3 d,43.2,0,0,0.5,ewc,adjusted,500,500,1.0,,2,1.0,0.0,1.0,0.932,0.0113,0.047,0.0,-0.0453,0.1809
turbine,432,3 d,43.2,0,0,0.5,naive,raw,500,500,1.0,,2,1.0,0.0,1.0,0.128,0.015,0.0354,0.0,-0.0454,
turbine,432,3 d,43.2,0,0,0.5,naive,adjusted,500,500,1.0,,2,1.0,0.0,1.0,0.284,0.0202,0.0098,0.0,-0.0453,0.2727
turbine,432,3 d,43.2,0,0,0.5,prepost_hac,raw,2,2,1.0,,2,1.0,0.0,1.0,0.0,0.0,0.3273,0.0,0.2961,
turbine,432,3 d,43.2,0,0,0.5,prepost_hac,adjusted,2,1,0.5,covariate_outside,1,1.0,,1.0,0.0,,0.0324,0.0,-0.0215,0.1167
turbine,432,3 d,43.2,0,0,0.5,prepost_ewc,raw,2,2,1.0,,2,1.0,0.0,1.0,0.0,0.0,0.2363,0.0,0.2961,
turbine,432,3 d,43.2,0,0,0.5,prepost_ewc,adjusted,2,1,0.5,covariate_outside,1,1.0,,1.0,0.0,,0.0338,0.0,-0.0215,0.1596
turbine,432,3 d,43.2,130,ceil(3 tau),0.0,randomization,raw,500,500,1.0,,2,0.054,0.0101,0.054,0.946,0.0101,0.3823,0.0,0.0079,
turbine,432,3 d,43.2,130,ceil(3 tau),0.0,randomization,adjusted,500,500,1.0,,2,0.056,0.0103,0.056,0.944,0.0103,0.0571,0.0,0.0011,0.1447
turbine,432,3 d,43.2,130,ceil(3 tau),0.0,block_t,raw,500,500,1.0,,2,0.052,0.0099,0.052,0.948,0.0099,0.3804,0.0,0.0,
turbine,432,3 d,43.2,130,ceil(3 tau),0.0,block_t,adjusted,500,500,1.0,,2,0.046,0.0094,0.046,0.954,0.0094,0.0585,0.0,0.0014,0.148
turbine,432,3 d,43.2,130,ceil(3 tau),0.0,hac,raw,500,500,1.0,,2,0.09,0.0128,0.09,0.91,0.0128,0.3387,0.0,0.0079,
turbine,432,3 d,43.2,130,ceil(3 tau),0.0,hac,adjusted,500,500,1.0,,2,0.106,0.0138,0.106,0.894,0.0138,0.0472,0.0,0.0011,0.1373
turbine,432,3 d,43.2,130,ceil(3 tau),0.0,ewc,raw,500,500,1.0,,2,0.164,0.0166,0.164,0.836,0.0166,0.2802,0.0,0.0079,
turbine,432,3 d,43.2,130,ceil(3 tau),0.0,ewc,adjusted,500,500,1.0,,2,0.098,0.0133,0.098,0.902,0.0133,0.0493,0.0,0.0011,0.173
turbine,432,3 d,43.2,130,ceil(3 tau),0.0,naive,raw,500,500,1.0,,2,0.83,0.0168,0.83,0.17,0.0168,0.0414,0.0,0.0079,
turbine,432,3 d,43.2,130,ceil(3 tau),0.0,naive,adjusted,500,500,1.0,,2,0.698,0.0206,0.698,0.302,0.0206,0.0109,0.0,0.0011,0.2603
turbine,432,3 d,43.2,130,ceil(3 tau),0.0,prepost_hac,raw,2,2,1.0,,2,1.0,0.0,1.0,0.0,0.0,0.3258,0.0,0.2917,
turbine,432,3 d,43.2,130,ceil(3 tau),0.0,prepost_hac,adjusted,2,1,0.5,covariate_outside,1,1.0,,1.0,0.0,,0.0322,0.0,-0.0206,0.1174
turbine,432,3 d,43.2,130,ceil(3 tau),0.0,prepost_ewc,raw,2,2,1.0,,2,1.0,0.0,1.0,0.0,0.0,0.2368,0.0,0.2917,
turbine,432,3 d,43.2,130,ceil(3 tau),0.0,prepost_ewc,adjusted,2,1,0.5,covariate_outside,1,1.0,,1.0,0.0,,0.0337,0.0,-0.0206,0.1595
turbine,432,3 d,43.2,130,ceil(3 tau),0.1,randomization,raw,500,500,1.0,,2,0.19,0.0176,0.19,0.946,0.0101,0.3824,0.0,0.0072,
turbine,432,3 d,43.2,130,ceil(3 tau),0.1,randomization,adjusted,500,500,1.0,,2,1.0,0.0,1.0,0.944,0.0103,0.0571,0.0,0.0004,0.1446
turbine,432,3 d,43.2,130,ceil(3 tau),0.1,block_t,raw,500,500,1.0,,2,0.192,0.0176,0.192,0.948,0.0099,0.3804,0.0,-0.0007,
turbine,432,3 d,43.2,130,ceil(3 tau),0.1,block_t,adjusted,500,500,1.0,,2,1.0,0.0,1.0,0.954,0.0094,0.0585,0.0,0.0007,0.148
turbine,432,3 d,43.2,130,ceil(3 tau),0.1,hac,raw,500,500,1.0,,2,0.256,0.0195,0.256,0.91,0.0128,0.3387,0.0,0.0072,
turbine,432,3 d,43.2,130,ceil(3 tau),0.1,hac,adjusted,500,500,1.0,,2,1.0,0.0,1.0,0.894,0.0138,0.0472,0.0,0.0004,0.1373
turbine,432,3 d,43.2,130,ceil(3 tau),0.1,ewc,raw,500,500,1.0,,2,0.37,0.0216,0.37,0.836,0.0166,0.2803,0.0,0.0072,
turbine,432,3 d,43.2,130,ceil(3 tau),0.1,ewc,adjusted,500,500,1.0,,2,1.0,0.0,1.0,0.904,0.0132,0.0493,0.0,0.0004,0.173
turbine,432,3 d,43.2,130,ceil(3 tau),0.1,naive,raw,500,500,1.0,,2,0.894,0.0138,0.894,0.17,0.0168,0.0414,0.0,0.0072,
turbine,432,3 d,43.2,130,ceil(3 tau),0.1,naive,adjusted,500,500,1.0,,2,1.0,0.0,1.0,0.302,0.0206,0.0109,0.0,0.0004,0.2604
turbine,432,3 d,43.2,130,ceil(3 tau),0.1,prepost_hac,raw,2,2,1.0,,2,1.0,0.0,1.0,0.0,0.0,0.3258,0.0,0.2917,
turbine,432,3 d,43.2,130,ceil(3 tau),0.1,prepost_hac,adjusted,2,1,0.5,covariate_outside,1,1.0,,1.0,0.0,,0.0322,0.0,-0.0206,0.1174
turbine,432,3 d,43.2,130,ceil(3 tau),0.1,prepost_ewc,raw,2,2,1.0,,2,1.0,0.0,1.0,0.0,0.0,0.2368,0.0,0.2917,
turbine,432,3 d,43.2,130,ceil(3 tau),0.1,prepost_ewc,adjusted,2,1,0.5,covariate_outside,1,1.0,,1.0,0.0,,0.0337,0.0,-0.0206,0.1595
turbine,432,3 d,43.2,130,ceil(3 tau),0.25,randomization,raw,500,500,1.0,,2,0.71,0.0203,0.71,0.946,0.0101,0.3825,0.0,0.0062,
turbine,432,3 d,43.2,130,ceil(3 tau),0.25,randomization,adjusted,500,500,1.0,,2,1.0,0.0,1.0,0.944,0.0103,0.0572,0.0,-0.0006,0.1447
turbine,432,3 d,43.2,130,ceil(3 tau),0.25,block_t,raw,500,500,1.0,,2,0.7,0.0205,0.7,0.948,0.0099,0.3804,0.0,-0.0017,
turbine,432,3 d,43.2,130,ceil(3 tau),0.25,block_t,adjusted,500,500,1.0,,2,1.0,0.0,1.0,0.954,0.0094,0.0586,0.0,-0.0004,0.148
turbine,432,3 d,43.2,130,ceil(3 tau),0.25,hac,raw,500,500,1.0,,2,0.78,0.0185,0.78,0.91,0.0128,0.3387,0.0,0.0062,
turbine,432,3 d,43.2,130,ceil(3 tau),0.25,hac,adjusted,500,500,1.0,,2,1.0,0.0,1.0,0.894,0.0138,0.0472,0.0,-0.0006,0.1373
turbine,432,3 d,43.2,130,ceil(3 tau),0.25,ewc,raw,500,500,1.0,,2,0.86,0.0155,0.86,0.836,0.0166,0.2803,0.0,0.0062,
turbine,432,3 d,43.2,130,ceil(3 tau),0.25,ewc,adjusted,500,500,1.0,,2,1.0,0.0,1.0,0.904,0.0132,0.0493,0.0,-0.0006,0.173
turbine,432,3 d,43.2,130,ceil(3 tau),0.25,naive,raw,500,500,1.0,,2,0.994,0.0035,0.994,0.17,0.0168,0.0414,0.0,0.0062,
turbine,432,3 d,43.2,130,ceil(3 tau),0.25,naive,adjusted,500,500,1.0,,2,1.0,0.0,1.0,0.3,0.0205,0.0109,0.0,-0.0006,0.2605
turbine,432,3 d,43.2,130,ceil(3 tau),0.25,prepost_hac,raw,2,2,1.0,,2,1.0,0.0,1.0,0.0,0.0,0.3258,0.0,0.2916,
turbine,432,3 d,43.2,130,ceil(3 tau),0.25,prepost_hac,adjusted,2,1,0.5,covariate_outside,1,1.0,,1.0,0.0,,0.0322,0.0,-0.0207,0.1174
turbine,432,3 d,43.2,130,ceil(3 tau),0.25,prepost_ewc,raw,2,2,1.0,,2,1.0,0.0,1.0,0.0,0.0,0.2368,0.0,0.2916,
turbine,432,3 d,43.2,130,ceil(3 tau),0.25,prepost_ewc,adjusted,2,1,0.5,covariate_outside,1,1.0,,1.0,0.0,,0.0337,0.0,-0.0207,0.1595
turbine,432,3 d,43.2,130,ceil(3 tau),0.5,randomization,raw,500,500,1.0,,2,0.996,0.0028,0.996,0.946,0.0101,0.3827,0.0,0.0047,
turbine,432,3 d,43.2,130,ceil(3 tau),0.5,randomization,adjusted,500,500,1.0,,2,1.0,0.0,1.0,0.944,0.0103,0.0575,0.0,-0.0022,0.1444
turbine,432,3 d,43.2,130,ceil(3 tau),0.5,block_t,raw,500,500,1.0,,2,0.996,0.0028,0.996,0.948,0.0099,0.3803,0.0,-0.0034,
turbine,432,3 d,43.2,130,ceil(3 tau),0.5,block_t,adjusted,500,500,1.0,,2,1.0,0.0,1.0,0.952,0.0096,0.0586,0.0,-0.0022,0.1482
turbine,432,3 d,43.2,130,ceil(3 tau),0.5,hac,raw,500,500,1.0,,2,0.998,0.002,0.998,0.91,0.0128,0.3386,0.0,0.0047,
turbine,432,3 d,43.2,130,ceil(3 tau),0.5,hac,adjusted,500,500,1.0,,2,1.0,0.0,1.0,0.894,0.0138,0.0472,0.0,-0.0022,0.1373
turbine,432,3 d,43.2,130,ceil(3 tau),0.5,ewc,raw,500,500,1.0,,2,1.0,0.0,1.0,0.836,0.0166,0.2803,0.0,0.0047,
turbine,432,3 d,43.2,130,ceil(3 tau),0.5,ewc,adjusted,500,500,1.0,,2,1.0,0.0,1.0,0.904,0.0132,0.0493,0.0,-0.0022,0.1731
turbine,432,3 d,43.2,130,ceil(3 tau),0.5,naive,raw,500,500,1.0,,2,1.0,0.0,1.0,0.17,0.0168,0.0414,0.0,0.0047,
turbine,432,3 d,43.2,130,ceil(3 tau),0.5,naive,adjusted,500,500,1.0,,2,1.0,0.0,1.0,0.298,0.0205,0.011,0.0,-0.0022,0.2606
turbine,432,3 d,43.2,130,ceil(3 tau),0.5,prepost_hac,raw,2,2,1.0,,2,1.0,0.0,1.0,0.0,0.0,0.3258,0.0,0.2916,
turbine,432,3 d,43.2,130,ceil(3 tau),0.5,prepost_hac,adjusted,2,1,0.5,covariate_outside,1,1.0,,1.0,0.0,,0.0322,0.0,-0.0207,0.1174
turbine,432,3 d,43.2,130,ceil(3 tau),0.5,prepost_ewc,raw,2,2,1.0,,2,1.0,0.0,1.0,0.0,0.0,0.2368,0.0,0.2916,
turbine,432,3 d,43.2,130,ceil(3 tau),0.5,prepost_ewc,adjusted,2,1,0.5,covariate_outside,1,1.0,,1.0,0.0,,0.0337,0.0,-0.0207,0.1595
turbine,432,3 d,108.0,0,0,0.0,randomization,raw,500,500,1.0,,2,0.04,0.0088,0.04,0.96,0.0088,0.3677,0.0,0.0015,
turbine,432,3 d,108.0,0,0,0.0,randomization,adjusted,500,500,1.0,,2,0.054,0.0101,0.054,0.946,0.0101,0.053,0.0,0.0015,0.1387
turbine,432,3 d,108.0,0,0,0.0,block_t,raw,500,500,1.0,,2,0.036,0.0083,0.036,0.964,0.0083,0.3473,0.0,0.0037,
turbine,432,3 d,108.0,0,0,0.0,block_t,adjusted,500,500,1.0,,2,0.052,0.0099,0.052,0.948,0.0099,0.055,0.0,0.0011,0.1499
turbine,432,3 d,108.0,0,0,0.0,hac,raw,500,500,1.0,,2,0.082,0.0123,0.082,0.918,0.0123,0.3201,0.0,0.0015,
turbine,432,3 d,108.0,0,0,0.0,hac,adjusted,500,500,1.0,,2,0.104,0.0137,0.104,0.896,0.0137,0.0413,0.0,0.0015,0.1309
turbine,432,3 d,108.0,0,0,0.0,ewc,raw,500,500,1.0,,2,0.194,0.0177,0.194,0.806,0.0177,0.2516,0.0,0.0015,
turbine,432,3 d,108.0,0,0,0.0,ewc,adjusted,500,500,1.0,,2,0.106,0.0138,0.106,0.894,0.0138,0.0418,0.0,0.0015,0.1613
turbine,432,3 d,108.0,0,0,0.0,naive,raw,500,500,1.0,,2,0.876,0.0148,0.876,0.124,0.0148,0.0352,0.0,0.0015,
turbine,432,3 d,108.0,0,0,0.0,naive,adjusted,500,500,1.0,,2,0.744,0.0195,0.744,0.256,0.0195,0.0093,0.0,0.0015,0.2592
turbine,432,3 d,108.0,0,0,0.0,prepost_hac,raw,2,2,1.0,,2,1.0,0.0,1.0,0.0,0.0,0.3279,0.0,0.2977,
turbine,432,3 d,108.0,0,0,0.0,prepost_hac,adjusted,2,1,0.5,covariate_outside,1,1.0,,1.0,0.0,,0.0321,0.0,-0.0204,0.1157
turbine,432,3 d,108.0,0,0,0.0,prepost_ewc,raw,2,2,1.0,,2,1.0,0.0,1.0,0.0,0.0,0.2365,0.0,0.2977,
turbine,432,3 d,108.0,0,0,0.0,prepost_ewc,adjusted,2,1,0.5,covariate_outside,1,1.0,,1.0,0.0,,0.0336,0.0,-0.0204,0.1584
turbine,432,3 d,108.0,0,0,0.1,randomization,raw,500,500,1.0,,2,0.142,0.0156,0.142,0.958,0.009,0.3665,0.0,-0.0222,
turbine,432,3 d,108.0,0,0,0.1,randomization,adjusted,500,500,1.0,,2,0.998,0.002,0.998,0.956,0.0092,0.0545,0.0,-0.0221,0.1403
turbine,432,3 d,108.0,0,0,0.1,block_t,raw,500,500,1.0,,2,0.142,0.0156,0.142,0.964,0.0083,0.3477,0.0,-0.0182,
turbine,432,3 d,108.0,0,0,0.1,block_t,adjusted,500,500,1.0,,2,0.996,0.0028,0.996,0.956,0.0092,0.055,0.0,-0.0219,0.151
turbine,432,3 d,108.0,0,0,0.1,hac,raw,500,500,1.0,,2,0.214,0.0184,0.214,0.92,0.0121,0.3194,0.0,-0.0222,
turbine,432,3 d,108.0,0,0,0.1,hac,adjusted,500,500,1.0,,2,1.0,0.0,1.0,0.898,0.0135,0.0417,0.0,-0.0221,0.1315
turbine,432,3 d,108.0,0,0,0.1,ewc,raw,500,500,1.0,,2,0.36,0.0215,0.36,0.808,0.0176,0.2514,0.0,-0.0222,
turbine,432,3 d,108.0,0,0,0.1,ewc,adjusted,500,500,1.0,,2,1.0,0.0,1.0,0.908,0.0129,0.0422,0.0,-0.0221,0.1627
turbine,432,3 d,108.0,0,0,0.1,naive,raw,500,500,1.0,,2,0.892,0.0139,0.892,0.124,0.0148,0.0352,0.0,-0.0222,
turbine,432,3 d,108.0,0,0,0.1,naive,adjusted,500,500,1.0,,2,1.0,0.0,1.0,0.268,0.0198,0.0093,0.0,-0.0221,0.2603
turbine,432,3 d,108.0,0,0,0.1,prepost_hac,raw,2,2,1.0,,2,1.0,0.0,1.0,0.0,0.0,0.3276,0.0,0.2969,
turbine,432,3 d,108.0,0,0,0.1,prepost_hac,adjusted,2,1,0.5,covariate_outside,1,1.0,,1.0,0.0,,0.0322,0.0,-0.0209,0.116
turbine,432,3 d,108.0,0,0,0.1,prepost_ewc,raw,2,2,1.0,,2,1.0,0.0,1.0,0.0,0.0,0.2363,0.0,0.2969,
turbine,432,3 d,108.0,0,0,0.1,prepost_ewc,adjusted,2,1,0.5,covariate_outside,1,1.0,,1.0,0.0,,0.0337,0.0,-0.0209,0.1587
turbine,432,3 d,108.0,0,0,0.25,randomization,raw,500,500,1.0,,2,0.55,0.0223,0.55,0.958,0.009,0.3626,0.0,-0.0581,
turbine,432,3 d,108.0,0,0,0.25,randomization,adjusted,500,500,1.0,,2,1.0,0.0,1.0,0.974,0.0071,0.0584,0.0,-0.0575,0.1534
turbine,432,3 d,108.0,0,0,0.25,block_t,raw,500,500,1.0,,2,0.566,0.0222,0.566,0.964,0.0083,0.3488,0.0,-0.0536,
turbine,432,3 d,108.0,0,0,0.25,block_t,adjusted,500,500,1.0,,2,1.0,0.0,1.0,0.972,0.0074,0.0578,0.0,-0.0574,0.16
turbine,432,3 d,108.0,0,0,0.25,hac,raw,500,500,1.0,,2,0.624,0.0217,0.624,0.918,0.0123,0.3189,0.0,-0.0581,
turbine,432,3 d,108.0,0,0,0.25,hac,adjusted,500,500,1.0,,2,1.0,0.0,1.0,0.93,0.0114,0.0449,0.0,-0.0575,0.1393
turbine,432,3 d,108.0,0,0,0.25,ewc,raw,500,500,1.0,,2,0.748,0.0194,0.748,0.812,0.0175,0.2516,0.0,-0.0581,
turbine,432,3 d,108.0,0,0,0.25,ewc,adjusted,500,500,1.0,,2,1.0,0.0,1.0,0.924,0.0119,0.0452,0.0,-0.0575,0.1744
turbine,432,3 d,108.0,0,0,0.25,naive,raw,500,500,1.0,,2,0.986,0.0053,0.986,0.128,0.015,0.0353,0.0,-0.0581,
turbine,432,3 d,108.0,0,0,0.25,naive,adjusted,500,500,1.0,,2,1.0,0.0,1.0,0.282,0.0201,0.0096,0.0,-0.0575,0.2664
turbine,432,3 d,108.0,0,0,0.25,prepost_hac,raw,2,2,1.0,,2,1.0,0.0,1.0,0.0,0.0,0.3272,0.0,0.2957,
turbine,432,3 d,108.0,0,0,0.25,prepost_hac,adjusted,2,1,0.5,covariate_outside,1,1.0,,1.0,0.0,,0.0324,0.0,-0.0217,0.1166
turbine,432,3 d,108.0,0,0,0.25,prepost_ewc,raw,2,2,1.0,,2,1.0,0.0,1.0,0.0,0.0,0.2362,0.0,0.2957,
turbine,432,3 d,108.0,0,0,0.25,prepost_ewc,adjusted,2,1,0.5,covariate_outside,1,1.0,,1.0,0.0,,0.0338,0.0,-0.0217,0.1595
turbine,432,3 d,108.0,0,0,0.5,randomization,raw,500,500,1.0,,2,0.982,0.006,0.982,0.958,0.009,0.3623,0.0,-0.1165,
turbine,432,3 d,108.0,0,0,0.5,randomization,adjusted,500,500,1.0,,2,1.0,0.0,1.0,0.998,0.002,0.0725,0.0,-0.1151,0.1954
turbine,432,3 d,108.0,0,0,0.5,block_t,raw,500,500,1.0,,2,0.988,0.0049,0.988,0.966,0.0081,0.3511,0.0,-0.1128,
turbine,432,3 d,108.0,0,0,0.5,block_t,adjusted,500,500,1.0,,2,1.0,0.0,1.0,0.994,0.0035,0.0704,0.0,-0.1158,0.2033
turbine,432,3 d,108.0,0,0,0.5,hac,raw,500,500,1.0,,2,0.992,0.004,0.992,0.922,0.012,0.3183,0.0,-0.1165,
turbine,432,3 d,108.0,0,0,0.5,hac,adjusted,500,500,1.0,,2,1.0,0.0,1.0,0.972,0.0074,0.0563,0.0,-0.1151,0.1763
turbine,432,3 d,108.0,0,0,0.5,ewc,raw,500,500,1.0,,2,0.996,0.0028,0.996,0.82,0.0172,0.2536,0.0,-0.1165,
turbine,432,3 d,108.0,0,0,0.5,ewc,adjusted,500,500,1.0,,2,1.0,0.0,1.0,0.97,0.0076,0.0552,0.0,-0.1151,0.2164
turbine,432,3 d,108.0,0,0,0.5,naive,raw,500,500,1.0,,2,1.0,0.0,1.0,0.128,0.015,0.0355,0.0,-0.1165,
turbine,432,3 d,108.0,0,0,0.5,naive,adjusted,500,500,1.0,,2,1.0,0.0,1.0,0.306,0.0206,0.0103,0.0,-0.1151,0.288
turbine,432,3 d,108.0,0,0,0.5,prepost_hac,raw,2,2,1.0,,2,1.0,0.0,1.0,0.0,0.0,0.3266,0.0,0.2937,
turbine,432,3 d,108.0,0,0,0.5,prepost_hac,adjusted,2,1,0.5,covariate_outside,1,1.0,,1.0,0.0,,0.0329,0.0,-0.023,0.1185
turbine,432,3 d,108.0,0,0,0.5,prepost_ewc,raw,2,2,1.0,,2,1.0,0.0,1.0,0.0,0.0,0.2359,0.0,0.2937,
turbine,432,3 d,108.0,0,0,0.5,prepost_ewc,adjusted,2,1,0.5,covariate_outside,1,1.0,,1.0,0.0,,0.0343,0.0,-0.023,0.1618
turbine,432,3 d,108.0,324,ceil(3 tau),0.0,randomization,raw,500,500,1.0,,2,0.06,0.0106,0.06,0.94,0.0106,0.5004,0.0,0.0108,
turbine,432,3 d,108.0,324,ceil(3 tau),0.0,randomization,adjusted,500,500,1.0,,2,0.05,0.0098,0.05,0.95,0.0098,0.0851,0.0,0.0024,0.1594
turbine,432,3 d,108.0,324,ceil(3 tau),0.0,block_t,raw,500,500,1.0,,2,0.056,0.0103,0.056,0.944,0.0103,0.4901,0.0,0.0086,
turbine,432,3 d,108.0,324,ceil(3 tau),0.0,block_t,adjusted,500,500,1.0,,2,0.056,0.0103,0.056,0.944,0.0103,0.082,0.0,0.0024,0.1584
turbine,432,3 d,108.0,324,ceil(3 tau),0.0,hac,raw,500,500,1.0,,2,0.088,0.0127,0.088,0.912,0.0127,0.4587,0.0,0.0108,
turbine,432,3 d,108.0,324,ceil(3 tau),0.0,hac,adjusted,500,500,1.0,,2,0.108,0.0139,0.108,0.892,0.0139,0.067,0.0,0.0024,0.1394
turbine,432,3 d,108.0,324,ceil(3 tau),0.0,ewc,raw,500,500,1.0,,2,0.134,0.0152,0.134,0.866,0.0152,0.4084,0.0,0.0108,
turbine,432,3 d,108.0,324,ceil(3 tau),0.0,ewc,adjusted,500,500,1.0,,2,0.096,0.0132,0.096,0.904,0.0132,0.0701,0.0,0.0024,0.1708
turbine,432,3 d,108.0,324,ceil(3 tau),0.0,naive,raw,500,500,1.0,,2,0.776,0.0187,0.776,0.224,0.0187,0.0709,0.0,0.0108,
turbine,432,3 d,108.0,324,ceil(3 tau),0.0,naive,adjusted,500,500,1.0,,2,0.678,0.0209,0.678,0.322,0.0209,0.0179,0.0,0.0024,0.2476
turbine,432,3 d,108.0,324,ceil(3 tau),0.0,prepost_hac,raw,2,2,1.0,,2,1.0,0.0,1.0,0.0,0.0,0.3268,0.0,0.2908,
turbine,432,3 d,108.0,324,ceil(3 tau),0.0,prepost_hac,adjusted,2,1,0.5,covariate_outside,1,1.0,,1.0,0.0,,0.0323,0.0,-0.0217,0.1176
turbine,432,3 d,108.0,324,ceil(3 tau),0.0,prepost_ewc,raw,2,2,1.0,,2,1.0,0.0,1.0,0.0,0.0,0.237,0.0,0.2908,
turbine,432,3 d,108.0,324,ceil(3 tau),0.0,prepost_ewc,adjusted,2,1,0.5,covariate_outside,1,1.0,,1.0,0.0,,0.0337,0.0,-0.0217,0.16
turbine,432,3 d,108.0,324,ceil(3 tau),0.1,randomization,raw,500,500,1.0,,2,0.128,0.015,0.128,0.94,0.0106,0.5,0.0,0.0079,
turbine,432,3 d,108.0,324,ceil(3 tau),0.1,randomization,adjusted,500,500,1.0,,2,0.944,0.0103,0.944,0.95,0.0098,0.0852,0.0,-0.0006,0.1588
turbine,432,3 d,108.0,324,ceil(3 tau),0.1,block_t,raw,500,500,1.0,,2,0.134,0.0152,0.134,0.944,0.0103,0.4903,0.0,0.0054,
turbine,432,3 d,108.0,324,ceil(3 tau),0.1,block_t,adjusted,500,500,1.0,,2,0.974,0.0071,0.974,0.942,0.0105,0.0821,0.0,-0.0007,0.1583
turbine,432,3 d,108.0,324,ceil(3 tau),0.1,hac,raw,500,500,1.0,,2,0.186,0.0174,0.186,0.912,0.0127,0.4586,0.0,0.0079,
turbine,432,3 d,108.0,324,ceil(3 tau),0.1,hac,adjusted,500,500,1.0,,2,0.976,0.0069,0.976,0.892,0.0139,0.0669,0.0,-0.0006,0.1393
turbine,432,3 d,108.0,324,ceil(3 tau),0.1,ewc,raw,500,500,1.0,,2,0.234,0.019,0.234,0.866,0.0152,0.4085,0.0,0.0079,
turbine,432,3 d,108.0,324,ceil(3 tau),0.1,ewc,adjusted,500,500,1.0,,2,0.976,0.0069,0.976,0.904,0.0132,0.0701,0.0,-0.0006,0.1707
turbine,432,3 d,108.0,324,ceil(3 tau),0.1,naive,raw,500,500,1.0,,2,0.84,0.0164,0.84,0.224,0.0187,0.0709,0.0,0.0079,
turbine,432,3 d,108.0,324,ceil(3 tau),0.1,naive,adjusted,500,500,1.0,,2,1.0,0.0,1.0,0.322,0.0209,0.0179,0.0,-0.0006,0.2476
turbine,432,3 d,108.0,324,ceil(3 tau),0.1,prepost_hac,raw,2,2,1.0,,2,1.0,0.0,1.0,0.0,0.0,0.3268,0.0,0.2908,
turbine,432,3 d,108.0,324,ceil(3 tau),0.1,prepost_hac,adjusted,2,1,0.5,covariate_outside,1,1.0,,1.0,0.0,,0.0323,0.0,-0.0217,0.1176
turbine,432,3 d,108.0,324,ceil(3 tau),0.1,prepost_ewc,raw,2,2,1.0,,2,1.0,0.0,1.0,0.0,0.0,0.237,0.0,0.2908,
turbine,432,3 d,108.0,324,ceil(3 tau),0.1,prepost_ewc,adjusted,2,1,0.5,covariate_outside,1,1.0,,1.0,0.0,,0.0337,0.0,-0.0217,0.16
turbine,432,3 d,108.0,324,ceil(3 tau),0.25,randomization,raw,500,500,1.0,,2,0.48,0.0224,0.48,0.94,0.0106,0.4994,0.0,0.0035,
turbine,432,3 d,108.0,324,ceil(3 tau),0.25,randomization,adjusted,500,500,1.0,,2,1.0,0.0,1.0,0.952,0.0096,0.0852,0.0,-0.0053,0.159
turbine,432,3 d,108.0,324,ceil(3 tau),0.25,block_t,raw,500,500,1.0,,2,0.498,0.0224,0.498,0.944,0.0103,0.4906,0.0,0.0008,
turbine,432,3 d,108.0,324,ceil(3 tau),0.25,block_t,adjusted,500,500,1.0,,2,1.0,0.0,1.0,0.942,0.0105,0.0822,0.0,-0.0052,0.1586
turbine,432,3 d,108.0,324,ceil(3 tau),0.25,hac,raw,500,500,1.0,,2,0.554,0.0223,0.554,0.912,0.0127,0.4585,0.0,0.0035,
turbine,432,3 d,108.0,324,ceil(3 tau),0.25,hac,adjusted,500,500,1.0,,2,1.0,0.0,1.0,0.89,0.014,0.0669,0.0,-0.0053,0.1391
turbine,432,3 d,108.0,324,ceil(3 tau),0.25,ewc,raw,500,500,1.0,,2,0.616,0.0218,0.616,0.868,0.0152,0.4086,0.0,0.0035,
turbine,432,3 d,108.0,324,ceil(3 tau),0.25,ewc,adjusted,500,500,1.0,,2,1.0,0.0,1.0,0.902,0.0133,0.0702,0.0,-0.0053,0.1705
turbine,432,3 d,108.0,324,ceil(3 tau),0.25,naive,raw,500,500,1.0,,2,0.964,0.0083,0.964,0.224,0.0187,0.0709,0.0,0.0035,
turbine,432,3 d,108.0,324,ceil(3 tau),0.25,naive,adjusted,500,500,1.0,,2,1.0,0.0,1.0,0.322,0.0209,0.0179,0.0,-0.0053,0.2477
turbine,432,3 d,108.0,324,ceil(3 tau),0.25,prepost_hac,raw,2,2,1.0,,2,1.0,0.0,1.0,0.0,0.0,0.3268,0.0,0.2907,
turbine,432,3 d,108.0,324,ceil(3 tau),0.25,prepost_hac,adjusted,2,1,0.5,covariate_outside,1,1.0,,1.0,0.0,,0.0323,0.0,-0.0217,0.1176
turbine,432,3 d,108.0,324,ceil(3 tau),0.25,prepost_ewc,raw,2,2,1.0,,2,1.0,0.0,1.0,0.0,0.0,0.237,0.0,0.2907,
turbine,432,3 d,108.0,324,ceil(3 tau),0.25,prepost_ewc,adjusted,2,1,0.5,covariate_outside,1,1.0,,1.0,0.0,,0.0337,0.0,-0.0217,0.16
turbine,432,3 d,108.0,324,ceil(3 tau),0.5,randomization,raw,500,500,1.0,,2,0.958,0.009,0.958,0.94,0.0106,0.4984,0.0,-0.0043,
turbine,432,3 d,108.0,324,ceil(3 tau),0.5,randomization,adjusted,500,500,1.0,,2,1.0,0.0,1.0,0.952,0.0096,0.085,0.0,-0.0126,0.1596
turbine,432,3 d,108.0,324,ceil(3 tau),0.5,block_t,raw,500,500,1.0,,2,0.958,0.009,0.958,0.944,0.0103,0.4911,0.0,-0.0063,
turbine,432,3 d,108.0,324,ceil(3 tau),0.5,block_t,adjusted,500,500,1.0,,2,1.0,0.0,1.0,0.944,0.0103,0.0824,0.0,-0.0126,0.1592
turbine,432,3 d,108.0,324,ceil(3 tau),0.5,hac,raw,500,500,1.0,,2,0.97,0.0076,0.97,0.912,0.0127,0.4588,0.0,-0.0043,
turbine,432,3 d,108.0,324,ceil(3 tau),0.5,hac,adjusted,500,500,1.0,,2,1.0,0.0,1.0,0.892,0.0139,0.0669,0.0,-0.0126,0.139
turbine,432,3 d,108.0,324,ceil(3 tau),0.5,ewc,raw,500,500,1.0,,2,0.982,0.006,0.982,0.868,0.0152,0.4087,0.0,-0.0043,
turbine,432,3 d,108.0,324,ceil(3 tau),0.5,ewc,adjusted,500,500,1.0,,2,1.0,0.0,1.0,0.904,0.0132,0.0704,0.0,-0.0126,0.1705
turbine,432,3 d,108.0,324,ceil(3 tau),0.5,naive,raw,500,500,1.0,,2,1.0,0.0,1.0,0.224,0.0187,0.0709,0.0,-0.0043,
turbine,432,3 d,108.0,324,ceil(3 tau),0.5,naive,adjusted,500,500,1.0,,2,1.0,0.0,1.0,0.32,0.0209,0.0178,0.0,-0.0126,0.2478
turbine,432,3 d,108.0,324,ceil(3 tau),0.5,prepost_hac,raw,2,2,1.0,,2,1.0,0.0,1.0,0.0,0.0,0.3268,0.0,0.2906,
turbine,432,3 d,108.0,324,ceil(3 tau),0.5,prepost_hac,adjusted,2,1,0.5,covariate_outside,1,1.0,,1.0,0.0,,0.0323,0.0,-0.0218,0.1176
turbine,432,3 d,108.0,324,ceil(3 tau),0.5,prepost_ewc,raw,2,2,1.0,,2,1.0,0.0,1.0,0.0,0.0,0.237,0.0,0.2906,
turbine,432,3 d,108.0,324,ceil(3 tau),0.5,prepost_ewc,adjusted,2,1,0.5,covariate_outside,1,1.0,,1.0,0.0,,0.0337,0.0,-0.0218,0.16
skab,300,5 min,0.0,0,ceil(3 tau),0.0,randomization,raw,4000,3500,0.875,no_spread,1,0.0411,0.005,0.0411,0.9589,0.005,1.4072,0.0,0.0016,
skab,300,5 min,0.0,0,ceil(3 tau),0.0,randomization,adjusted,4000,3500,0.875,no_spread,1,0.046,0.0043,0.046,0.954,0.0043,0.3979,0.0,0.0011,0.4197
skab,300,5 min,0.0,0,ceil(3 tau),0.0,block_t,raw,4000,3500,0.875,no_spread,1,0.0414,0.0052,0.0414,0.9586,0.0052,1.4152,0.0,0.0014,
skab,300,5 min,0.0,0,ceil(3 tau),0.0,block_t,adjusted,4000,3500,0.875,no_spread,1,0.0631,0.0048,0.0631,0.9369,0.0048,0.3647,0.0,0.0011,0.3851
skab,300,5 min,0.0,0,ceil(3 tau),0.0,hac,raw,4000,3500,0.875,no_spread,1,0.1777,0.0101,0.1777,0.8223,0.0101,0.8277,0.0,0.0016,
skab,300,5 min,0.0,0,ceil(3 tau),0.0,hac,adjusted,4000,3500,0.875,no_spread,1,0.272,0.0078,0.272,0.728,0.0078,0.1681,0.0,0.0011,0.3003
skab,300,5 min,0.0,0,ceil(3 tau),0.0,ewc,raw,4000,3500,0.875,no_spread,1,0.3034,0.0125,0.3034,0.6966,0.0125,0.5641,0.0,0.0016,
skab,300,5 min,0.0,0,ceil(3 tau),0.0,ewc,adjusted,4000,3500,0.875,no_spread,1,0.2717,0.008,0.2717,0.7283,0.008,0.1534,0.0,0.0011,0.4626
skab,300,5 min,0.0,0,ceil(3 tau),0.0,naive,raw,4000,3500,0.875,no_spread,1,0.6869,0.0059,0.6869,0.3131,0.0059,0.0915,0.0,0.0016,
skab,300,5 min,0.0,0,ceil(3 tau),0.0,naive,adjusted,4000,3500,0.875,no_spread,1,0.6486,0.0057,0.6486,0.3514,0.0057,0.0488,0.0,0.0011,0.5421
skab,300,5 min,0.0,0,ceil(3 tau),0.0,prepost_hac,raw,8,7,0.875,no_spread,1,0.7143,,0.7143,0.2857,,0.5055,0.0,0.0244,
skab,300,5 min,0.0,0,ceil(3 tau),0.0,prepost_hac,adjusted,8,1,0.125,covariate_outside,1,1.0,,1.0,0.0,,0.1628,0.0,0.5985,0.1273
skab,300,5 min,0.0,0,ceil(3 tau),0.0,prepost_ewc,raw,8,7,0.875,no_spread,1,0.7143,,0.7143,0.2857,,0.3619,0.0,0.0244,
skab,300,5 min,0.0,0,ceil(3 tau),0.0,prepost_ewc,adjusted,8,1,0.125,covariate_outside,1,1.0,,1.0,0.0,,0.1215,0.0,0.5985,0.4485
skab,300,5 min,0.0,0,ceil(3 tau),0.1,randomization,raw,4000,3500,0.875,no_spread,1,0.2671,0.0061,0.2671,0.9589,0.005,1.4072,0.0,0.0016,
skab,300,5 min,0.0,0,ceil(3 tau),0.1,randomization,adjusted,4000,3500,0.875,no_spread,1,0.3626,0.0056,0.3626,0.954,0.0043,0.3979,0.0,0.0011,0.4197
skab,300,5 min,0.0,0,ceil(3 tau),0.1,block_t,raw,4000,3500,0.875,no_spread,1,0.2669,0.006,0.2669,0.9586,0.0052,1.4152,0.0,0.0014,
skab,300,5 min,0.0,0,ceil(3 tau),0.1,block_t,adjusted,4000,3500,0.875,no_spread,1,0.3969,0.0059,0.3969,0.9369,0.0048,0.3647,0.0,0.0011,0.3851
skab,300,5 min,0.0,0,ceil(3 tau),0.1,hac,raw,4000,3500,0.875,no_spread,1,0.4063,0.0093,0.4063,0.8223,0.0101,0.8277,0.0,0.0016,
skab,300,5 min,0.0,0,ceil(3 tau),0.1,hac,adjusted,4000,3500,0.875,no_spread,1,0.6377,0.0075,0.6377,0.728,0.0078,0.1681,0.0,0.0011,0.3003
skab,300,5 min,0.0,0,ceil(3 tau),0.1,ewc,raw,4000,3500,0.875,no_spread,1,0.5477,0.0117,0.5477,0.6966,0.0125,0.5641,0.0,0.0016,
skab,300,5 min,0.0,0,ceil(3 tau),0.1,ewc,adjusted,4000,3500,0.875,no_spread,1,0.6389,0.0073,0.6389,0.7283,0.008,0.1534,0.0,0.0011,0.4626
skab,300,5 min,0.0,0,ceil(3 tau),0.1,naive,raw,4000,3500,0.875,no_spread,1,0.9151,0.005,0.9151,0.3131,0.0059,0.0915,0.0,0.0016,
skab,300,5 min,0.0,0,ceil(3 tau),0.1,naive,adjusted,4000,3500,0.875,no_spread,1,0.9231,0.0045,0.9231,0.3514,0.0057,0.0488,0.0,0.0011,0.5421
skab,300,5 min,0.0,0,ceil(3 tau),0.1,prepost_hac,raw,8,7,0.875,no_spread,1,0.8571,,0.8571,0.2857,,0.5055,0.0,0.0244,
skab,300,5 min,0.0,0,ceil(3 tau),0.1,prepost_hac,adjusted,8,1,0.125,covariate_outside,1,1.0,,1.0,0.0,,0.1628,0.0,0.5985,0.1273
skab,300,5 min,0.0,0,ceil(3 tau),0.1,prepost_ewc,raw,8,7,0.875,no_spread,1,0.8571,,0.8571,0.2857,,0.3619,0.0,0.0244,
skab,300,5 min,0.0,0,ceil(3 tau),0.1,prepost_ewc,adjusted,8,1,0.125,covariate_outside,1,1.0,,1.0,0.0,,0.1215,0.0,0.5985,0.4485
skab,300,5 min,0.0,0,ceil(3 tau),0.25,randomization,raw,4000,3500,0.875,no_spread,1,0.3517,0.0055,0.3517,0.9589,0.005,1.4072,0.0,0.0016,
skab,300,5 min,0.0,0,ceil(3 tau),0.25,randomization,adjusted,4000,3500,0.875,no_spread,1,0.6489,0.0053,0.6489,0.954,0.0043,0.3979,0.0,0.0011,0.4197
skab,300,5 min,0.0,0,ceil(3 tau),0.25,block_t,raw,4000,3500,0.875,no_spread,1,0.3531,0.0056,0.3531,0.9586,0.0052,1.4152,0.0,0.0014,
skab,300,5 min,0.0,0,ceil(3 tau),0.25,block_t,adjusted,4000,3500,0.875,no_spread,1,0.6806,0.0053,0.6806,0.9369,0.0048,0.3647,0.0,0.0011,0.3851
skab,300,5 min,0.0,0,ceil(3 tau),0.25,hac,raw,4000,3500,0.875,no_spread,1,0.4974,0.0077,0.4974,0.8223,0.0101,0.8277,0.0,0.0016,
skab,300,5 min,0.0,0,ceil(3 tau),0.25,hac,adjusted,4000,3500,0.875,no_spread,1,0.8877,0.0043,0.8877,0.728,0.0078,0.1681,0.0,0.0011,0.3003
skab,300,5 min,0.0,0,ceil(3 tau),0.25,ewc,raw,4000,3500,0.875,no_spread,1,0.6423,0.0067,0.6423,0.6966,0.0125,0.5641,0.0,0.0016,
skab,300,5 min,0.0,0,ceil(3 tau),0.25,ewc,adjusted,4000,3500,0.875,no_spread,1,0.8789,0.0044,0.8789,0.7283,0.008,0.1534,0.0,0.0011,0.4626
skab,300,5 min,0.0,0,ceil(3 tau),0.25,naive,raw,4000,3500,0.875,no_spread,1,0.9437,0.0039,0.9437,0.3131,0.0059,0.0915,0.0,0.0016,
skab,300,5 min,0.0,0,ceil(3 tau),0.25,naive,adjusted,4000,3500,0.875,no_spread,1,0.9863,0.0019,0.9863,0.3514,0.0057,0.0488,0.0,0.0011,0.5421
skab,300,5 min,0.0,0,ceil(3 tau),0.25,prepost_hac,raw,8,7,0.875,no_spread,1,1.0,,1.0,0.2857,,0.5055,0.0,0.0244,
skab,300,5 min,0.0,0,ceil(3 tau),0.25,prepost_hac,adjusted,8,1,0.125,covariate_outside,1,1.0,,1.0,0.0,,0.1628,0.0,0.5985,0.1273
skab,300,5 min,0.0,0,ceil(3 tau),0.25,prepost_ewc,raw,8,7,0.875,no_spread,1,1.0,,1.0,0.2857,,0.3619,0.0,0.0244,
skab,300,5 min,0.0,0,ceil(3 tau),0.25,prepost_ewc,adjusted,8,1,0.125,covariate_outside,1,1.0,,1.0,0.0,,0.1215,0.0,0.5985,0.4485
skab,300,5 min,0.0,0,ceil(3 tau),0.5,randomization,raw,4000,3500,0.875,no_spread,1,0.4543,0.0068,0.4543,0.9589,0.005,1.4072,0.0,0.0016,
skab,300,5 min,0.0,0,ceil(3 tau),0.5,randomization,adjusted,4000,3500,0.875,no_spread,1,0.9203,0.0035,0.9203,0.954,0.0043,0.3979,0.0,0.0011,0.4197
skab,300,5 min,0.0,0,ceil(3 tau),0.5,block_t,raw,4000,3500,0.875,no_spread,1,0.4566,0.0067,0.4566,0.9586,0.0052,1.4152,0.0,0.0014,
skab,300,5 min,0.0,0,ceil(3 tau),0.5,block_t,adjusted,4000,3500,0.875,no_spread,1,0.9357,0.0034,0.9357,0.9369,0.0048,0.3647,0.0,0.0011,0.3851
skab,300,5 min,0.0,0,ceil(3 tau),0.5,hac,raw,4000,3500,0.875,no_spread,1,0.6766,0.0053,0.6766,0.8223,0.0101,0.8277,0.0,0.0016,
skab,300,5 min,0.0,0,ceil(3 tau),0.5,hac,adjusted,4000,3500,0.875,no_spread,1,0.9849,0.002,0.9849,0.728,0.0078,0.1681,0.0,0.0011,0.3003
skab,300,5 min,0.0,0,ceil(3 tau),0.5,ewc,raw,4000,3500,0.875,no_spread,1,0.7946,0.0069,0.7946,0.6966,0.0125,0.5641,0.0,0.0016,
skab,300,5 min,0.0,0,ceil(3 tau),0.5,ewc,adjusted,4000,3500,0.875,no_spread,1,0.9854,0.0019,0.9854,0.7283,0.008,0.1534,0.0,0.0011,0.4626
skab,300,5 min,0.0,0,ceil(3 tau),0.5,naive,raw,4000,3500,0.875,no_spread,1,0.9691,0.0032,0.9691,0.3131,0.0059,0.0915,0.0,0.0016,
skab,300,5 min,0.0,0,ceil(3 tau),0.5,naive,adjusted,4000,3500,0.875,no_spread,1,0.9989,0.0006,0.9989,0.3514,0.0057,0.0488,0.0,0.0011,0.5421
skab,300,5 min,0.0,0,ceil(3 tau),0.5,prepost_hac,raw,8,7,0.875,no_spread,1,1.0,,1.0,0.2857,,0.5055,0.0,0.0244,
skab,300,5 min,0.0,0,ceil(3 tau),0.5,prepost_hac,adjusted,8,1,0.125,covariate_outside,1,1.0,,1.0,0.0,,0.1628,0.0,0.5985,0.1273
skab,300,5 min,0.0,0,ceil(3 tau),0.5,prepost_ewc,raw,8,7,0.875,no_spread,1,1.0,,1.0,0.2857,,0.3619,0.0,0.0244,
skab,300,5 min,0.0,0,ceil(3 tau),0.5,prepost_ewc,adjusted,8,1,0.125,covariate_outside,1,1.0,,1.0,0.0,,0.1215,0.0,0.5985,0.4485
skab,300,5 min,30.0,0,0,0.0,randomization,raw,4000,3500,0.875,no_spread,1,0.0411,0.005,0.0411,0.9589,0.005,1.4072,0.0,0.0016,
skab,300,5 min,30.0,0,0,0.0,randomization,adjusted,4000,3500,0.875,no_spread,1,0.046,0.0043,0.046,0.954,0.0043,0.3979,0.0,0.0011,0.4197
skab,300,5 min,30.0,0,0,0.0,block_t,raw,4000,3500,0.875,no_spread,1,0.0414,0.0052,0.0414,0.9586,0.0052,1.4152,0.0,0.0014,
skab,300,5 min,30.0,0,0,0.0,block_t,adjusted,4000,3500,0.875,no_spread,1,0.0631,0.0048,0.0631,0.9369,0.0048,0.3647,0.0,0.0011,0.3851
skab,300,5 min,30.0,0,0,0.0,hac,raw,4000,3500,0.875,no_spread,1,0.1777,0.0101,0.1777,0.8223,0.0101,0.8277,0.0,0.0016,
skab,300,5 min,30.0,0,0,0.0,hac,adjusted,4000,3500,0.875,no_spread,1,0.272,0.0078,0.272,0.728,0.0078,0.1681,0.0,0.0011,0.3003
skab,300,5 min,30.0,0,0,0.0,ewc,raw,4000,3500,0.875,no_spread,1,0.3034,0.0125,0.3034,0.6966,0.0125,0.5641,0.0,0.0016,
skab,300,5 min,30.0,0,0,0.0,ewc,adjusted,4000,3500,0.875,no_spread,1,0.2717,0.008,0.2717,0.7283,0.008,0.1534,0.0,0.0011,0.4626
skab,300,5 min,30.0,0,0,0.0,naive,raw,4000,3500,0.875,no_spread,1,0.6869,0.0059,0.6869,0.3131,0.0059,0.0915,0.0,0.0016,
skab,300,5 min,30.0,0,0,0.0,naive,adjusted,4000,3500,0.875,no_spread,1,0.6486,0.0057,0.6486,0.3514,0.0057,0.0488,0.0,0.0011,0.5421
skab,300,5 min,30.0,0,0,0.0,prepost_hac,raw,8,7,0.875,no_spread,1,0.7143,,0.7143,0.2857,,0.5055,0.0,0.0244,
skab,300,5 min,30.0,0,0,0.0,prepost_hac,adjusted,8,1,0.125,covariate_outside,1,1.0,,1.0,0.0,,0.1628,0.0,0.5985,0.1273
skab,300,5 min,30.0,0,0,0.0,prepost_ewc,raw,8,7,0.875,no_spread,1,0.7143,,0.7143,0.2857,,0.3619,0.0,0.0244,
skab,300,5 min,30.0,0,0,0.0,prepost_ewc,adjusted,8,1,0.125,covariate_outside,1,1.0,,1.0,0.0,,0.1215,0.0,0.5985,0.4485
skab,300,5 min,30.0,0,0,0.1,randomization,raw,4000,3500,0.875,no_spread,1,0.242,0.0065,0.242,0.9591,0.0051,1.4082,0.0,-0.0089,
skab,300,5 min,30.0,0,0,0.1,randomization,adjusted,4000,3500,0.875,no_spread,1,0.3249,0.0058,0.3249,0.9529,0.0043,0.3975,0.0,-0.0099,0.4202
skab,300,5 min,30.0,0,0,0.1,block_t,raw,4000,3500,0.875,no_spread,1,0.2414,0.0065,0.2414,0.96,0.0051,1.4142,0.0,-0.009,
skab,300,5 min,30.0,0,0,0.1,block_t,adjusted,4000,3500,0.875,no_spread,1,0.362,0.0058,0.362,0.9363,0.0048,0.3646,0.0,-0.0096,0.385
skab,300,5 min,30.0,0,0,0.1,hac,raw,4000,3500,0.875,no_spread,1,0.3891,0.0097,0.3891,0.822,0.0101,0.8274,0.0,-0.0089,
skab,300,5 min,30.0,0,0,0.1,hac,adjusted,4000,3500,0.875,no_spread,1,0.6046,0.0077,0.6046,0.728,0.0079,0.1681,0.0,-0.0099,0.3006
skab,300,5 min,30.0,0,0,0.1,ewc,raw,4000,3500,0.875,no_spread,1,0.524,0.0121,0.524,0.6969,0.0125,0.5639,0.0,-0.0089,
skab,300,5 min,30.0,0,0,0.1,ewc,adjusted,4000,3500,0.875,no_spread,1,0.6049,0.0075,0.6049,0.7289,0.008,0.1536,0.0,-0.0099,0.4628
skab,300,5 min,30.0,0,0,0.1,naive,raw,4000,3500,0.875,no_spread,1,0.894,0.006,0.894,0.3131,0.0059,0.0916,0.0,-0.0089,
skab,300,5 min,30.0,0,0,0.1,naive,adjusted,4000,3500,0.875,no_spread,1,0.9057,0.0045,0.9057,0.3531,0.0057,0.0489,0.0,-0.0099,0.5419
skab,300,5 min,30.0,0,0,0.1,prepost_hac,raw,8,7,0.875,no_spread,1,0.8571,,0.8571,0.2857,,0.5054,0.0,0.0238,
skab,300,5 min,30.0,0,0,0.1,prepost_hac,adjusted,8,1,0.125,covariate_outside,1,1.0,,1.0,0.0,,0.1633,0.0,0.5979,0.1276
skab,300,5 min,30.0,0,0,0.1,prepost_ewc,raw,8,7,0.875,no_spread,1,0.8571,,0.8571,0.2857,,0.3618,0.0,0.0238,
skab,300,5 min,30.0,0,0,0.1,prepost_ewc,adjusted,8,1,0.125,covariate_outside,1,1.0,,1.0,0.0,,0.1217,0.0,0.5979,0.4493
skab,300,5 min,30.0,0,0,0.25,randomization,raw,4000,3500,0.875,no_spread,1,0.3454,0.0055,0.3454,0.96,0.005,1.4082,0.0,-0.0242,
skab,300,5 min,30.0,0,0,0.25,randomization,adjusted,4000,3500,0.875,no_spread,1,0.6063,0.0056,0.6063,0.956,0.0041,0.3974,0.0,-0.0269,0.4206
skab,300,5 min,30.0,0,0,0.25,block_t,raw,4000,3500,0.875,no_spread,1,0.3423,0.0053,0.3423,0.96,0.0051,1.4134,0.0,-0.0246,
skab,300,5 min,30.0,0,0,0.25,block_t,adjusted,4000,3500,0.875,no_spread,1,0.6383,0.0055,0.6383,0.9349,0.0049,0.3643,0.0,-0.0266,0.3855
skab,300,5 min,30.0,0,0,0.25,hac,raw,4000,3500,0.875,no_spread,1,0.4829,0.008,0.4829,0.822,0.0101,0.8276,0.0,-0.0242,
skab,300,5 min,30.0,0,0,0.25,hac,adjusted,4000,3500,0.875,no_spread,1,0.8557,0.0048,0.8557,0.7294,0.0079,0.1694,0.0,-0.0269,0.3013
skab,300,5 min,30.0,0,0,0.25,ewc,raw,4000,3500,0.875,no_spread,1,0.6291,0.0075,0.6291,0.698,0.0125,0.5637,0.0,-0.0242,
skab,300,5 min,30.0,0,0,0.25,ewc,adjusted,4000,3500,0.875,no_spread,1,0.8526,0.0048,0.8526,0.7294,0.008,0.1545,0.0,-0.0269,0.4632
skab,300,5 min,30.0,0,0,0.25,naive,raw,4000,3500,0.875,no_spread,1,0.942,0.0041,0.942,0.3131,0.0059,0.0916,0.0,-0.0242,
skab,300,5 min,30.0,0,0,0.25,naive,adjusted,4000,3500,0.875,no_spread,1,0.9811,0.0023,0.9811,0.3529,0.0058,0.049,0.0,-0.0269,0.5428
skab,300,5 min,30.0,0,0,0.25,prepost_hac,raw,8,7,0.875,no_spread,1,1.0,,1.0,0.2857,,0.5054,0.0,0.023,
skab,300,5 min,30.0,0,0,0.25,prepost_hac,adjusted,8,1,0.125,covariate_outside,1,1.0,,1.0,0.0,,0.1642,0.0,0.597,0.1287
skab,300,5 min,30.0,0,0,0.25,prepost_ewc,raw,8,7,0.875,no_spread,1,1.0,,1.0,0.2857,,0.3617,0.0,0.023,
skab,300,5 min,30.0,0,0,0.25,prepost_ewc,adjusted,8,1,0.125,covariate_outside,1,1.0,,1.0,0.0,,0.1222,0.0,0.597,0.4506
skab,300,5 min,30.0,0,0,0.5,randomization,raw,4000,3500,0.875,no_spread,1,0.428,0.0068,0.428,0.9606,0.005,1.4082,0.0,-0.0499,
skab,300,5 min,30.0,0,0,0.5,randomization,adjusted,4000,3500,0.875,no_spread,1,0.8871,0.0039,0.8871,0.9546,0.0041,0.3977,0.0,-0.0538,0.4209
skab,300,5 min,30.0,0,0,0.5,block_t,raw,4000,3500,0.875,no_spread,1,0.4271,0.0068,0.4271,0.9609,0.0051,1.4131,0.0,-0.0501,
skab,300,5 min,30.0,0,0,0.5,block_t,adjusted,4000,3500,0.875,no_spread,1,0.9077,0.0037,0.9077,0.9363,0.0049,0.3648,0.0,-0.0537,0.3858
skab,300,5 min,30.0,0,0,0.5,hac,raw,4000,3500,0.875,no_spread,1,0.6311,0.0049,0.6311,0.8231,0.0101,0.8278,0.0,-0.0499,
skab,300,5 min,30.0,0,0,0.5,hac,adjusted,4000,3500,0.875,no_spread,1,0.9789,0.0024,0.9789,0.734,0.0078,0.174,0.0,-0.0538,0.3037
skab,300,5 min,30.0,0,0,0.5,ewc,raw,4000,3500,0.875,no_spread,1,0.7631,0.0067,0.7631,0.7011,0.0124,0.564,0.0,-0.0499,
skab,300,5 min,30.0,0,0,0.5,ewc,adjusted,4000,3500,0.875,no_spread,1,0.978,0.0024,0.978,0.736,0.0081,0.1576,0.0,-0.0538,0.4658
skab,300,5 min,30.0,0,0,0.5,naive,raw,4000,3500,0.875,no_spread,1,0.9634,0.0033,0.9634,0.3131,0.0059,0.0918,0.0,-0.0499,
skab,300,5 min,30.0,0,0,0.5,naive,adjusted,4000,3500,0.875,no_spread,1,0.996,0.0011,0.996,0.3523,0.0059,0.0493,0.0,-0.0538,0.5455
skab,300,5 min,30.0,0,0,0.5,prepost_hac,raw,8,7,0.875,no_spread,1,1.0,,1.0,0.2857,,0.5053,0.0,0.0215,
skab,300,5 min,30.0,0,0,0.5,prepost_hac,adjusted,8,1,0.125,covariate_outside,1,1.0,,1.0,0.0,,0.1658,0.0,0.5955,0.1314
skab,300,5 min,30.0,0,0,0.5,prepost_ewc,raw,8,7,0.875,no_spread,1,1.0,,1.0,0.2857,,0.3615,0.0,0.0215,
skab,300,5 min,30.0,0,0,0.5,prepost_ewc,adjusted,8,1,0.125,covariate_outside,1,1.0,,1.0,0.0,,0.1232,0.0,0.5955,0.4533
skab,300,5 min,30.0,90,ceil(3 tau),0.0,randomization,raw,4000,3500,0.875,no_spread,1,0.0414,0.0052,0.0414,0.9586,0.0052,1.3917,0.0,0.0008,
skab,300,5 min,30.0,90,ceil(3 tau),0.0,randomization,adjusted,4000,3500,0.875,no_spread,1,0.0463,0.004,0.0463,0.9537,0.004,0.3973,0.0,0.0001,0.4411
skab,300,5 min,30.0,90,ceil(3 tau),0.0,block_t,raw,4000,3500,0.875,no_spread,1,0.0409,0.0052,0.0409,0.9591,0.0052,1.4021,0.0,0.001,
skab,300,5 min,30.0,90,ceil(3 tau),0.0,block_t,adjusted,4000,3500,0.875,no_spread,1,0.0654,0.0047,0.0654,0.9346,0.0047,0.3624,0.0,0.0004,0.4041
skab,300,5 min,30.0,90,ceil(3 tau),0.0,hac,raw,4000,3500,0.875,no_spread,1,0.1611,0.0098,0.1611,0.8389,0.0098,0.875,0.0,0.0008,
skab,300,5 min,30.0,90,ceil(3 tau),0.0,hac,adjusted,4000,3500,0.875,no_spread,1,0.2517,0.008,0.2517,0.7483,0.008,0.1854,0.0,0.0001,0.2895
skab,300,5 min,30.0,90,ceil(3 tau),0.0,ewc,raw,4000,3500,0.875,no_spread,1,0.2737,0.0126,0.2737,0.7263,0.0126,0.631,0.0,0.0008,
skab,300,5 min,30.0,90,ceil(3 tau),0.0,ewc,adjusted,4000,3500,0.875,no_spread,1,0.2294,0.0079,0.2294,0.7706,0.0079,0.177,0.0,0.0001,0.4443
skab,300,5 min,30.0,90,ceil(3 tau),0.0,naive,raw,4000,3500,0.875,no_spread,1,0.678,0.0064,0.678,0.322,0.0064,0.1062,0.0,0.0008,
skab,300,5 min,30.0,90,ceil(3 tau),0.0,naive,adjusted,4000,3500,0.875,no_spread,1,0.6343,0.0059,0.6343,0.3657,0.0059,0.0563,0.0,0.0001,0.5364
skab,300,5 min,30.0,90,ceil(3 tau),0.0,prepost_hac,raw,8,7,0.875,no_spread,1,0.8571,,0.8571,0.1429,,0.4911,0.0,0.0288,
skab,300,5 min,30.0,90,ceil(3 tau),0.0,prepost_hac,adjusted,8,1,0.125,covariate_outside,1,1.0,,1.0,0.0,,0.1603,0.0,0.6061,0.1284
skab,300,5 min,30.0,90,ceil(3 tau),0.0,prepost_ewc,raw,8,7,0.875,no_spread,1,0.7143,,0.7143,0.2857,,0.3551,0.0,0.0288,
skab,300,5 min,30.0,90,ceil(3 tau),0.0,prepost_ewc,adjusted,8,1,0.125,covariate_outside,1,1.0,,1.0,0.0,,0.1213,0.0,0.6061,0.4559
skab,300,5 min,30.0,90,ceil(3 tau),0.1,randomization,raw,4000,3500,0.875,no_spread,1,0.218,0.0066,0.218,0.9586,0.0052,1.3915,0.0,0.0,
skab,300,5 min,30.0,90,ceil(3 tau),0.1,randomization,adjusted,4000,3500,0.875,no_spread,1,0.3043,0.0061,0.3043,0.9537,0.004,0.3973,0.0,-0.0006,0.4412
skab,300,5 min,30.0,90,ceil(3 tau),0.1,block_t,raw,4000,3500,0.875,no_spread,1,0.218,0.0066,0.218,0.9591,0.0052,1.402,0.0,0.0003,
skab,300,5 min,30.0,90,ceil(3 tau),0.1,block_t,adjusted,4000,3500,0.875,no_spread,1,0.3534,0.0064,0.3534,0.9346,0.0047,0.3623,0.0,-0.0004,0.4041
skab,300,5 min,30.0,90,ceil(3 tau),0.1,hac,raw,4000,3500,0.875,no_spread,1,0.3577,0.0095,0.3577,0.8389,0.0098,0.8749,0.0,0.0,
skab,300,5 min,30.0,90,ceil(3 tau),0.1,hac,adjusted,4000,3500,0.875,no_spread,1,0.592,0.0076,0.592,0.7483,0.008,0.1854,0.0,-0.0006,0.2895
skab,300,5 min,30.0,90,ceil(3 tau),0.1,ewc,raw,4000,3500,0.875,no_spread,1,0.4631,0.0119,0.4631,0.7263,0.0126,0.6309,0.0,0.0,
skab,300,5 min,30.0,90,ceil(3 tau),0.1,ewc,adjusted,4000,3500,0.875,no_spread,1,0.5654,0.0075,0.5654,0.7706,0.0079,0.177,0.0,-0.0006,0.4442
skab,300,5 min,30.0,90,ceil(3 tau),0.1,naive,raw,4000,3500,0.875,no_spread,1,0.8731,0.0062,0.8731,0.322,0.0064,0.1062,0.0,0.0,
skab,300,5 min,30.0,90,ceil(3 tau),0.1,naive,adjusted,4000,3500,0.875,no_spread,1,0.8843,0.0051,0.8843,0.3657,0.0059,0.0563,0.0,-0.0006,0.5364
skab,300,5 min,30.0,90,ceil(3 tau),0.1,prepost_hac,raw,8,7,0.875,no_spread,1,0.8571,,0.8571,0.1429,,0.4911,0.0,0.0288,
skab,300,5 min,30.0,90,ceil(3 tau),0.1,prepost_hac,adjusted,8,1,0.125,covariate_outside,1,1.0,,1.0,0.0,,0.1604,0.0,0.6061,0.1284
skab,300,5 min,30.0,90,ceil(3 tau),0.1,prepost_ewc,raw,8,7,0.875,no_spread,1,0.8571,,0.8571,0.2857,,0.3551,0.0,0.0288,
skab,300,5 min,30.0,90,ceil(3 tau),0.1,prepost_ewc,adjusted,8,1,0.125,covariate_outside,1,1.0,,1.0,0.0,,0.1213,0.0,0.6061,0.4559
skab,300,5 min,30.0,90,ceil(3 tau),0.25,randomization,raw,4000,3500,0.875,no_spread,1,0.3529,0.0057,0.3529,0.9586,0.0052,1.3916,0.0,-0.001,
skab,300,5 min,30.0,90,ceil(3 tau),0.25,randomization,adjusted,4000,3500,0.875,no_spread,1,0.6569,0.0055,0.6569,0.9537,0.004,0.3973,0.0,-0.0017,0.4411
skab,300,5 min,30.0,90,ceil(3 tau),0.25,block_t,raw,4000,3500,0.875,no_spread,1,0.3509,0.0055,0.3509,0.9591,0.0052,1.4019,0.0,-0.0008,
skab,300,5 min,30.0,90,ceil(3 tau),0.25,block_t,adjusted,4000,3500,0.875,no_spread,1,0.6929,0.0053,0.6929,0.9349,0.0047,0.3624,0.0,-0.0016,0.4042
skab,300,5 min,30.0,90,ceil(3 tau),0.25,hac,raw,4000,3500,0.875,no_spread,1,0.476,0.0076,0.476,0.8389,0.0098,0.8747,0.0,-0.001,
skab,300,5 min,30.0,90,ceil(3 tau),0.25,hac,adjusted,4000,3500,0.875,no_spread,1,0.8854,0.0042,0.8854,0.748,0.008,0.1853,0.0,-0.0017,0.2896
skab,300,5 min,30.0,90,ceil(3 tau),0.25,ewc,raw,4000,3500,0.875,no_spread,1,0.606,0.0072,0.606,0.7263,0.0126,0.6309,0.0,-0.001,
skab,300,5 min,30.0,90,ceil(3 tau),0.25,ewc,adjusted,4000,3500,0.875,no_spread,1,0.874,0.0043,0.874,0.7706,0.0079,0.177,0.0,-0.0017,0.4441
skab,300,5 min,30.0,90,ceil(3 tau),0.25,naive,raw,4000,3500,0.875,no_spread,1,0.9326,0.0043,0.9326,0.322,0.0064,0.1062,0.0,-0.001,
skab,300,5 min,30.0,90,ceil(3 tau),0.25,naive,adjusted,4000,3500,0.875,no_spread,1,0.9863,0.002,0.9863,0.3663,0.0059,0.0563,0.0,-0.0017,0.5364
skab,300,5 min,30.0,90,ceil(3 tau),0.25,prepost_hac,raw,8,7,0.875,no_spread,1,1.0,,1.0,0.1429,,0.4911,0.0,0.0287,
skab,300,5 min,30.0,90,ceil(3 tau),0.25,prepost_hac,adjusted,8,1,0.125,covariate_outside,1,1.0,,1.0,0.0,,0.1604,0.0,0.606,0.1284
skab,300,5 min,30.0,90,ceil(3 tau),0.25,prepost_ewc,raw,8,7,0.875,no_spread,1,1.0,,1.0,0.2857,,0.3551,0.0,0.0287,
skab,300,5 min,30.0,90,ceil(3 tau),0.25,prepost_ewc,adjusted,8,1,0.125,covariate_outside,1,1.0,,1.0,0.0,,0.1214,0.0,0.606,0.456
skab,300,5 min,30.0,90,ceil(3 tau),0.5,randomization,raw,4000,3500,0.875,no_spread,1,0.4563,0.0068,0.4563,0.9586,0.0052,1.3916,0.0,-0.0029,
skab,300,5 min,30.0,90,ceil(3 tau),0.5,randomization,adjusted,4000,3500,0.875,no_spread,1,0.9151,0.0035,0.9151,0.9537,0.004,0.3972,0.0,-0.0034,0.441
skab,300,5 min,30.0,90,ceil(3 tau),0.5,block_t,raw,4000,3500,0.875,no_spread,1,0.4574,0.0067,0.4574,0.9591,0.0052,1.4018,0.0,-0.0027,
skab,300,5 min,30.0,90,ceil(3 tau),0.5,block_t,adjusted,4000,3500,0.875,no_spread,1,0.9323,0.0034,0.9323,0.9349,0.0047,0.3623,0.0,-0.0035,0.4042
skab,300,5 min,30.0,90,ceil(3 tau),0.5,hac,raw,4000,3500,0.875,no_spread,1,0.6546,0.0051,0.6546,0.8389,0.0098,0.8746,0.0,-0.0029,
skab,300,5 min,30.0,90,ceil(3 tau),0.5,hac,adjusted,4000,3500,0.875,no_spread,1,0.984,0.002,0.984,0.7474,0.008,0.1854,0.0,-0.0034,0.2898
skab,300,5 min,30.0,90,ceil(3 tau),0.5,ewc,raw,4000,3500,0.875,no_spread,1,0.7689,0.0067,0.7689,0.7263,0.0126,0.6309,0.0,-0.0029,
skab,300,5 min,30.0,90,ceil(3 tau),0.5,ewc,adjusted,4000,3500,0.875,no_spread,1,0.9834,0.002,0.9834,0.7706,0.0079,0.177,0.0,-0.0034,0.4441
skab,300,5 min,30.0,90,ceil(3 tau),0.5,naive,raw,4000,3500,0.875,no_spread,1,0.9629,0.0036,0.9629,0.322,0.0064,0.1062,0.0,-0.0029,
skab,300,5 min,30.0,90,ceil(3 tau),0.5,naive,adjusted,4000,3500,0.875,no_spread,1,0.9983,0.0007,0.9983,0.3657,0.0059,0.0563,0.0,-0.0034,0.5364
skab,300,5 min,30.0,90,ceil(3 tau),0.5,prepost_hac,raw,8,7,0.875,no_spread,1,1.0,,1.0,0.1429,,0.4911,0.0,0.0287,
skab,300,5 min,30.0,90,ceil(3 tau),0.5,prepost_hac,adjusted,8,1,0.125,covariate_outside,1,1.0,,1.0,0.0,,0.1605,0.0,0.606,0.1284
skab,300,5 min,30.0,90,ceil(3 tau),0.5,prepost_ewc,raw,8,7,0.875,no_spread,1,1.0,,1.0,0.2857,,0.3551,0.0,0.0287,
skab,300,5 min,30.0,90,ceil(3 tau),0.5,prepost_ewc,adjusted,8,1,0.125,covariate_outside,1,1.0,,1.0,0.0,,0.1214,0.0,0.606,0.4561
skab,300,5 min,75.0,0,0,0.0,randomization,raw,4000,3500,0.875,no_spread,1,0.0411,0.005,0.0411,0.9589,0.005,1.4072,0.0,0.0016,
skab,300,5 min,75.0,0,0,0.0,randomization,adjusted,4000,3500,0.875,no_spread,1,0.046,0.0043,0.046,0.954,0.0043,0.3979,0.0,0.0011,0.4197
skab,300,5 min,75.0,0,0,0.0,block_t,raw,4000,3500,0.875,no_spread,1,0.0414,0.0052,0.0414,0.9586,0.0052,1.4152,0.0,0.0014,
skab,300,5 min,75.0,0,0,0.0,block_t,adjusted,4000,3500,0.875,no_spread,1,0.0631,0.0048,0.0631,0.9369,0.0048,0.3647,0.0,0.0011,0.3851
skab,300,5 min,75.0,0,0,0.0,hac,raw,4000,3500,0.875,no_spread,1,0.1777,0.0101,0.1777,0.8223,0.0101,0.8277,0.0,0.0016,
skab,300,5 min,75.0,0,0,0.0,hac,adjusted,4000,3500,0.875,no_spread,1,0.272,0.0078,0.272,0.728,0.0078,0.1681,0.0,0.0011,0.3003
skab,300,5 min,75.0,0,0,0.0,ewc,raw,4000,3500,0.875,no_spread,1,0.3034,0.0125,0.3034,0.6966,0.0125,0.5641,0.0,0.0016,
skab,300,5 min,75.0,0,0,0.0,ewc,adjusted,4000,3500,0.875,no_spread,1,0.2717,0.008,0.2717,0.7283,0.008,0.1534,0.0,0.0011,0.4626
skab,300,5 min,75.0,0,0,0.0,naive,raw,4000,3500,0.875,no_spread,1,0.6869,0.0059,0.6869,0.3131,0.0059,0.0915,0.0,0.0016,
skab,300,5 min,75.0,0,0,0.0,naive,adjusted,4000,3500,0.875,no_spread,1,0.6486,0.0057,0.6486,0.3514,0.0057,0.0488,0.0,0.0011,0.5421
skab,300,5 min,75.0,0,0,0.0,prepost_hac,raw,8,7,0.875,no_spread,1,0.7143,,0.7143,0.2857,,0.5055,0.0,0.0244,
skab,300,5 min,75.0,0,0,0.0,prepost_hac,adjusted,8,1,0.125,covariate_outside,1,1.0,,1.0,0.0,,0.1628,0.0,0.5985,0.1273
skab,300,5 min,75.0,0,0,0.0,prepost_ewc,raw,8,7,0.875,no_spread,1,0.7143,,0.7143,0.2857,,0.3619,0.0,0.0244,
skab,300,5 min,75.0,0,0,0.0,prepost_ewc,adjusted,8,1,0.125,covariate_outside,1,1.0,,1.0,0.0,,0.1215,0.0,0.5985,0.4485
skab,300,5 min,75.0,0,0,0.1,randomization,raw,4000,3500,0.875,no_spread,1,0.2069,0.0071,0.2069,0.96,0.005,1.4081,0.0,-0.024,
skab,300,5 min,75.0,0,0,0.1,randomization,adjusted,4000,3500,0.875,no_spread,1,0.2549,0.0059,0.2549,0.956,0.0041,0.3974,0.0,-0.0266,0.4204
skab,300,5 min,75.0,0,0,0.1,block_t,raw,4000,3500,0.875,no_spread,1,0.2051,0.0069,0.2051,0.9597,0.0051,1.4134,0.0,-0.0245,
skab,300,5 min,75.0,0,0,0.1,block_t,adjusted,4000,3500,0.875,no_spread,1,0.294,0.0061,0.294,0.9351,0.0049,0.3642,0.0,-0.0265,0.3855
skab,300,5 min,75.0,0,0,0.1,hac,raw,4000,3500,0.875,no_spread,1,0.3563,0.0104,0.3563,0.8217,0.0101,0.8271,0.0,-0.024,
skab,300,5 min,75.0,0,0,0.1,hac,adjusted,4000,3500,0.875,no_spread,1,0.5371,0.0081,0.5371,0.7283,0.0079,0.1685,0.0,-0.0266,0.3006
skab,300,5 min,75.0,0,0,0.1,ewc,raw,4000,3500,0.875,no_spread,1,0.4891,0.013,0.4891,0.6974,0.0125,0.5636,0.0,-0.024,
skab,300,5 min,75.0,0,0,0.1,ewc,adjusted,4000,3500,0.875,no_spread,1,0.5369,0.008,0.5369,0.7286,0.008,0.1537,0.0,-0.0266,0.4631
skab,300,5 min,75.0,0,0,0.1,naive,raw,4000,3500,0.875,no_spread,1,0.862,0.0067,0.862,0.3131,0.0059,0.0916,0.0,-0.024,
skab,300,5 min,75.0,0,0,0.1,naive,adjusted,4000,3500,0.875,no_spread,1,0.8691,0.0054,0.8691,0.3529,0.0057,0.0489,0.0,-0.0266,0.5421
skab,300,5 min,75.0,0,0,0.1,prepost_hac,raw,8,7,0.875,no_spread,1,0.8571,,0.8571,0.2857,,0.5054,0.0,0.0229,
skab,300,5 min,75.0,0,0,0.1,prepost_hac,adjusted,8,1,0.125,covariate_outside,1,1.0,,1.0,0.0,,0.1644,0.0,0.597,0.1284
skab,300,5 min,75.0,0,0,0.1,prepost_ewc,raw,8,7,0.875,no_spread,1,0.8571,,0.8571,0.2857,,0.3617,0.0,0.0229,
skab,300,5 min,75.0,0,0,0.1,prepost_ewc,adjusted,8,1,0.125,covariate_outside,1,1.0,,1.0,0.0,,0.1222,0.0,0.597,0.4507
skab,300,5 min,75.0,0,0,0.25,randomization,raw,4000,3500,0.875,no_spread,1,0.3326,0.0052,0.3326,0.962,0.005,1.4077,0.0,-0.0621,
skab,300,5 min,75.0,0,0,0.25,randomization,adjusted,4000,3500,0.875,no_spread,1,0.5363,0.0059,0.5363,0.9554,0.0041,0.3979,0.0,-0.0666,0.4215
skab,300,5 min,75.0,0,0,0.25,block_t,raw,4000,3500,0.875,no_spread,1,0.334,0.0052,0.334,0.9623,0.005,1.4127,0.0,-0.0624,
skab,300,5 min,75.0,0,0,0.25,block_t,adjusted,4000,3500,0.875,no_spread,1,0.568,0.0059,0.568,0.9363,0.005,0.3654,0.0,-0.0667,0.386
skab,300,5 min,75.0,0,0,0.25,hac,raw,4000,3500,0.875,no_spread,1,0.4651,0.0083,0.4651,0.8226,0.0101,0.8271,0.0,-0.0621,
skab,300,5 min,75.0,0,0,0.25,hac,adjusted,4000,3500,0.875,no_spread,1,0.8054,0.0057,0.8054,0.7297,0.0079,0.1714,0.0,-0.0666,0.3022
skab,300,5 min,75.0,0,0,0.25,ewc,raw,4000,3500,0.875,no_spread,1,0.6091,0.009,0.6091,0.7,0.0124,0.5635,0.0,-0.0621,
skab,300,5 min,75.0,0,0,0.25,ewc,adjusted,4000,3500,0.875,no_spread,1,0.8011,0.0056,0.8011,0.7314,0.0081,0.156,0.0,-0.0666,0.4646
skab,300,5 min,75.0,0,0,0.25,naive,raw,4000,3500,0.875,no_spread,1,0.94,0.0041,0.94,0.3131,0.0059,0.0918,0.0,-0.0621,
skab,300,5 min,75.0,0,0,0.25,naive,adjusted,4000,3500,0.875,no_spread,1,0.9697,0.0027,0.9697,0.354,0.0059,0.0491,0.0,-0.0666,0.544
skab,300,5 min,75.0,0,0,0.25,prepost_hac,raw,8,7,0.875,no_spread,1,1.0,,1.0,0.2857,,0.5053,0.0,0.0207,
skab,300,5 min,75.0,0,0,0.25,prepost_hac,adjusted,8,1,0.125,covariate_outside,1,1.0,,1.0,0.0,,0.1672,0.0,0.5947,0.1307
skab,300,5 min,75.0,0,0,0.25,prepost_ewc,raw,8,7,0.875,no_spread,1,1.0,,1.0,0.2857,,0.3615,0.0,0.0207,
skab,300,5 min,75.0,0,0,0.25,prepost_ewc,adjusted,8,1,0.125,covariate_outside,1,1.0,,1.0,0.0,,0.1236,0.0,0.5947,0.4545
skab,300,5 min,75.0,0,0,0.5,randomization,raw,4000,3500,0.875,no_spread,1,0.3917,0.0063,0.3917,0.9677,0.0048,1.4085,0.0,-0.1251,
skab,300,5 min,75.0,0,0,0.5,randomization,adjusted,4000,3500,0.875,no_spread,1,0.8011,0.0047,0.8011,0.9591,0.004,0.4054,0.0,-0.1346,0.4246
skab,300,5 min,75.0,0,0,0.5,block_t,raw,4000,3500,0.875,no_spread,1,0.3931,0.0064,0.3931,0.9683,0.0048,1.4109,0.0,-0.1252,
skab,300,5 min,75.0,0,0,0.5,block_t,adjusted,4000,3500,0.875,no_spread,1,0.8297,0.0047,0.8297,0.9451,0.0046,0.3707,0.0,-0.1344,0.3896
skab,300,5 min,75.0,0,0,0.5,hac,raw,4000,3500,0.875,no_spread,1,0.5763,0.0058,0.5763,0.8266,0.0101,0.8292,0.0,-0.1251,
skab,300,5 min,75.0,0,0,0.5,hac,adjusted,4000,3500,0.875,no_spread,1,0.9583,0.0031,0.9583,0.736,0.0081,0.1812,0.0,-0.1346,0.3088
skab,300,5 min,75.0,0,0,0.5,ewc,raw,4000,3500,0.875,no_spread,1,0.7083,0.0057,0.7083,0.7069,0.0124,0.5639,0.0,-0.1251,
skab,300,5 min,75.0,0,0,0.5,ewc,adjusted,4000,3500,0.875,no_spread,1,0.9569,0.0031,0.9569,0.7454,0.0081,0.1642,0.0,-0.1346,0.4711
skab,300,5 min,75.0,0,0,0.5,naive,raw,4000,3500,0.875,no_spread,1,0.9574,0.0036,0.9574,0.3131,0.0059,0.0922,0.0,-0.1251,
skab,300,5 min,75.0,0,0,0.5,naive,adjusted,4000,3500,0.875,no_spread,1,0.9946,0.0012,0.9946,0.352,0.0061,0.0499,0.0,-0.1346,0.5494
skab,300,5 min,75.0,0,0,0.5,prepost_hac,raw,8,7,0.875,no_spread,1,1.0,,1.0,0.2857,,0.5052,0.0,0.0169,
skab,300,5 min,75.0,0,0,0.5,prepost_hac,adjusted,8,1,0.125,covariate_outside,1,1.0,,1.0,0.0,,0.1725,0.0,0.591,0.136
skab,300,5 min,75.0,0,0,0.5,prepost_ewc,raw,8,7,0.875,no_spread,1,1.0,,1.0,0.2857,,0.3613,0.0,0.0169,
skab,300,5 min,75.0,0,0,0.5,prepost_ewc,adjusted,8,1,0.125,covariate_outside,1,1.0,,1.0,0.0,,0.1261,0.0,0.591,0.4617
skab,300,5 min,75.0,225,ceil(3 tau),0.0,randomization,raw,4000,3500,0.875,no_spread,1,0.0454,0.005,0.0454,0.9546,0.005,1.355,0.0,-0.0021,
skab,300,5 min,75.0,225,ceil(3 tau),0.0,randomization,adjusted,4000,3500,0.875,no_spread,1,0.0497,0.004,0.0497,0.9503,0.004,0.4073,0.0,-0.0015,0.4723
skab,300,5 min,75.0,225,ceil(3 tau),0.0,block_t,raw,4000,3500,0.875,no_spread,1,0.0451,0.005,0.0451,0.9549,0.005,1.3624,0.0,-0.0018,
skab,300,5 min,75.0,225,ceil(3 tau),0.0,block_t,adjusted,4000,3500,0.875,no_spread,1,0.0706,0.0047,0.0706,0.9294,0.0047,0.3687,0.0,-0.0014,0.4247
skab,300,5 min,75.0,225,ceil(3 tau),0.0,hac,raw,4000,3500,0.875,no_spread,1,0.1103,0.0076,0.1103,0.8897,0.0076,1.0315,0.0,-0.0021,
skab,300,5 min,75.0,225,ceil(3 tau),0.0,hac,adjusted,4000,3500,0.875,no_spread,1,0.1937,0.0072,0.1937,0.8063,0.0072,0.2696,0.0,-0.0015,0.3272
skab,300,5 min,75.0,225,ceil(3 tau),0.0,ewc,raw,4000,3500,0.875,no_spread,1,0.1631,0.0102,0.1631,0.8369,0.0102,0.8638,0.0,-0.0021,
skab,300,5 min,75.0,225,ceil(3 tau),0.0,ewc,adjusted,4000,3500,0.875,no_spread,1,0.1454,0.0065,0.1454,0.8546,0.0065,0.3243,0.0,-0.0015,0.4447
skab,300,5 min,75.0,225,ceil(3 tau),0.0,naive,raw,4000,3500,0.875,no_spread,1,0.6177,0.0083,0.6177,0.3823,0.0083,0.1765,0.0,-0.0021,
skab,300,5 min,75.0,225,ceil(3 tau),0.0,naive,adjusted,4000,3500,0.875,no_spread,1,0.5626,0.0067,0.5626,0.4374,0.0067,0.0987,0.0,-0.0015,0.5406
skab,300,5 min,75.0,225,ceil(3 tau),0.0,prepost_hac,raw,8,7,0.875,no_spread,1,0.7143,,0.7143,0.2857,,0.4747,0.0,0.0259,
skab,300,5 min,75.0,225,ceil(3 tau),0.0,prepost_hac,adjusted,8,1,0.125,covariate_outside,1,1.0,,1.0,0.0,,0.1563,0.0,0.6187,0.1298
skab,300,5 min,75.0,225,ceil(3 tau),0.0,prepost_ewc,raw,8,7,0.875,no_spread,1,0.7143,,0.7143,0.2857,,0.3484,0.0,0.0259,
skab,300,5 min,75.0,225,ceil(3 tau),0.0,prepost_ewc,adjusted,8,1,0.125,covariate_outside,1,1.0,,1.0,0.0,,0.1207,0.0,0.6187,0.4658
skab,300,5 min,75.0,225,ceil(3 tau),0.1,randomization,raw,4000,3500,0.875,no_spread,1,0.1257,0.0066,0.1257,0.9546,0.005,1.3551,0.0,-0.0052,
skab,300,5 min,75.0,225,ceil(3 tau),0.1,randomization,adjusted,4000,3500,0.875,no_spread,1,0.2094,0.0065,0.2094,0.9503,0.004,0.4072,0.0,-0.0048,0.4724
skab,300,5 min,75.0,225,ceil(3 tau),0.1,block_t,raw,4000,3500,0.875,no_spread,1,0.1274,0.0065,0.1274,0.9549,0.005,1.3623,0.0,-0.0049,
skab,300,5 min,75.0,225,ceil(3 tau),0.1,block_t,adjusted,4000,3500,0.875,no_spread,1,0.2569,0.0069,0.2569,0.9291,0.0047,0.3685,0.0,-0.0049,0.4246
skab,300,5 min,75.0,225,ceil(3 tau),0.1,hac,raw,4000,3500,0.875,no_spread,1,0.218,0.0089,0.218,0.8897,0.0076,1.0311,0.0,-0.0052,
skab,300,5 min,75.0,225,ceil(3 tau),0.1,hac,adjusted,4000,3500,0.875,no_spread,1,0.386,0.0082,0.386,0.8066,0.0072,0.2695,0.0,-0.0048,0.3272
skab,300,5 min,75.0,225,ceil(3 tau),0.1,ewc,raw,4000,3500,0.875,no_spread,1,0.2491,0.0104,0.2491,0.8366,0.0102,0.8637,0.0,-0.0052,
skab,300,5 min,75.0,225,ceil(3 tau),0.1,ewc,adjusted,4000,3500,0.875,no_spread,1,0.3151,0.0077,0.3151,0.8546,0.0065,0.3243,0.0,-0.0048,0.4447
skab,300,5 min,75.0,225,ceil(3 tau),0.1,naive,raw,4000,3500,0.875,no_spread,1,0.7194,0.0084,0.7194,0.3823,0.0083,0.1766,0.0,-0.0052,
skab,300,5 min,75.0,225,ceil(3 tau),0.1,naive,adjusted,4000,3500,0.875,no_spread,1,0.728,0.0066,0.728,0.4371,0.0067,0.0987,0.0,-0.0048,0.5406
skab,300,5 min,75.0,225,ceil(3 tau),0.1,prepost_hac,raw,8,7,0.875,no_spread,1,0.8571,,0.8571,0.2857,,0.4747,0.0,0.0258,
skab,300,5 min,75.0,225,ceil(3 tau),0.1,prepost_hac,adjusted,8,1,0.125,covariate_outside,1,1.0,,1.0,0.0,,0.1564,0.0,0.6186,0.1299
skab,300,5 min,75.0,225,ceil(3 tau),0.1,prepost_ewc,raw,8,7,0.875,no_spread,1,0.8571,,0.8571,0.2857,,0.3484,0.0,0.0258,
skab,300,5 min,75.0,225,ceil(3 tau),0.1,prepost_ewc,adjusted,8,1,0.125,covariate_outside,1,1.0,,1.0,0.0,,0.1207,0.0,0.6186,0.4659
skab,300,5 min,75.0,225,ceil(3 tau),0.25,randomization,raw,4000,3500,0.875,no_spread,1,0.3223,0.0063,0.3223,0.9546,0.005,1.3552,0.0,-0.0102,
skab,300,5 min,75.0,225,ceil(3 tau),0.25,randomization,adjusted,4000,3500,0.875,no_spread,1,0.5897,0.0057,0.5897,0.95,0.0041,0.4076,0.0,-0.0103,0.4726
skab,300,5 min,75.0,225,ceil(3 tau),0.25,block_t,raw,4000,3500,0.875,no_spread,1,0.3209,0.0062,0.3209,0.9551,0.0049,1.3619,0.0,-0.0095,
skab,300,5 min,75.0,225,ceil(3 tau),0.25,block_t,adjusted,4000,3500,0.875,no_spread,1,0.636,0.0055,0.636,0.9294,0.0047,0.3684,0.0,-0.0102,0.4247
skab,300,5 min,75.0,225,ceil(3 tau),0.25,hac,raw,4000,3500,0.875,no_spread,1,0.418,0.0073,0.418,0.8894,0.0076,1.031,0.0,-0.0102,
skab,300,5 min,75.0,225,ceil(3 tau),0.25,hac,adjusted,4000,3500,0.875,no_spread,1,0.7929,0.0055,0.7929,0.8063,0.0072,0.2695,0.0,-0.0103,0.3271
skab,300,5 min,75.0,225,ceil(3 tau),0.25,ewc,raw,4000,3500,0.875,no_spread,1,0.4569,0.008,0.4569,0.8363,0.0102,0.8636,0.0,-0.0102,
skab,300,5 min,75.0,225,ceil(3 tau),0.25,ewc,adjusted,4000,3500,0.875,no_spread,1,0.7394,0.006,0.7394,0.8551,0.0065,0.3243,0.0,-0.0103,0.4447
skab,300,5 min,75.0,225,ceil(3 tau),0.25,naive,raw,4000,3500,0.875,no_spread,1,0.876,0.0055,0.876,0.3823,0.0083,0.1766,0.0,-0.0102,
skab,300,5 min,75.0,225,ceil(3 tau),0.25,naive,adjusted,4000,3500,0.875,no_spread,1,0.9534,0.0034,0.9534,0.4374,0.0067,0.0987,0.0,-0.0103,0.5405
skab,300,5 min,75.0,225,ceil(3 tau),0.25,prepost_hac,raw,8,7,0.875,no_spread,1,1.0,,1.0,0.2857,,0.4747,0.0,0.0257,
skab,300,5 min,75.0,225,ceil(3 tau),0.25,prepost_hac,adjusted,8,1,0.125,covariate_outside,1,1.0,,1.0,0.0,,0.1565,0.0,0.6185,0.13
skab,300,5 min,75.0,225,ceil(3 tau),0.25,prepost_ewc,raw,8,7,0.875,no_spread,1,1.0,,1.0,0.2857,,0.3484,0.0,0.0257,
skab,300,5 min,75.0,225,ceil(3 tau),0.25,prepost_ewc,adjusted,8,1,0.125,covariate_outside,1,1.0,,1.0,0.0,,0.1208,0.0,0.6185,0.4661
skab,300,5 min,75.0,225,ceil(3 tau),0.5,randomization,raw,4000,3500,0.875,no_spread,1,0.4489,0.0067,0.4489,0.9551,0.005,1.3549,0.0,-0.0176,
skab,300,5 min,75.0,225,ceil(3 tau),0.5,randomization,adjusted,4000,3500,0.875,no_spread,1,0.8666,0.0042,0.8666,0.95,0.0041,0.4073,0.0,-0.0196,0.4721
skab,300,5 min,75.0,225,ceil(3 tau),0.5,block_t,raw,4000,3500,0.875,no_spread,1,0.4494,0.0066,0.4494,0.9551,0.0049,1.3614,0.0,-0.0177,
skab,300,5 min,75.0,225,ceil(3 tau),0.5,block_t,adjusted,4000,3500,0.875,no_spread,1,0.8974,0.0041,0.8974,0.9289,0.0047,0.368,0.0,-0.0192,0.4251
skab,300,5 min,75.0,225,ceil(3 tau),0.5,hac,raw,4000,3500,0.875,no_spread,1,0.582,0.0055,0.582,0.8894,0.0076,1.0313,0.0,-0.0176,
skab,300,5 min,75.0,225,ceil(3 tau),0.5,hac,adjusted,4000,3500,0.875,no_spread,1,0.9757,0.0024,0.9757,0.8066,0.0073,0.2694,0.0,-0.0196,0.3269
skab,300,5 min,75.0,225,ceil(3 tau),0.5,ewc,raw,4000,3500,0.875,no_spread,1,0.654,0.0055,0.654,0.8363,0.0102,0.8634,0.0,-0.0176,
skab,300,5 min,75.0,225,ceil(3 tau),0.5,ewc,adjusted,4000,3500,0.875,no_spread,1,0.9671,0.0028,0.9671,0.8557,0.0065,0.3245,0.0,-0.0196,0.4446
skab,300,5 min,75.0,225,ceil(3 tau),0.5,naive,raw,4000,3500,0.875,no_spread,1,0.9357,0.0045,0.9357,0.3823,0.0083,0.1767,0.0,-0.0176,
skab,300,5 min,75.0,225,ceil(3 tau),0.5,naive,adjusted,4000,3500,0.875,no_spread,1,0.9963,0.001,0.9963,0.438,0.0067,0.0987,0.0,-0.0196,0.5406
skab,300,5 min,75.0,225,ceil(3 tau),0.5,prepost_hac,raw,8,7,0.875,no_spread,1,1.0,,1.0,0.2857,,0.4747,0.0,0.0255,
skab,300,5 min,75.0,225,ceil(3 tau),0.5,prepost_hac,adjusted,8,1,0.125,covariate_outside,1,1.0,,1.0,0.0,,0.1568,0.0,0.6183,0.1302
skab,300,5 min,75.0,225,ceil(3 tau),0.5,prepost_ewc,raw,8,7,0.875,no_spread,1,1.0,,1.0,0.2857,,0.3484,0.0,0.0255,
skab,300,5 min,75.0,225,ceil(3 tau),0.5,prepost_ewc,adjusted,8,1,0.125,covariate_outside,1,1.0,,1.0,0.0,,0.1209,0.0,0.6183,0.4664
skab,600,10 min,0.0,0,ceil(3 tau),0.0,randomization,raw,4000,3500,0.875,no_spread,1,0.0471,0.0061,0.0471,0.9529,0.0061,2.1199,0.0,-0.0006,
skab,600,10 min,0.0,0,ceil(3 tau),0.0,randomization,adjusted,4000,3500,0.875,no_spread,1,0.056,0.0055,0.056,0.944,0.0055,0.6454,0.0,-0.0014,0.4447
skab,600,10 min,0.0,0,ceil(3 tau),0.0,block_t,raw,4000,3500,0.875,no_spread,1,0.046,0.0059,0.046,0.954,0.0059,2.1389,0.0,-0.0006,
skab,600,10 min,0.0,0,ceil(3 tau),0.0,block_t,adjusted,4000,3500,0.875,no_spread,1,0.0894,0.0061,0.0894,0.9106,0.0061,0.5483,0.0,-0.0019,0.3696
skab,600,10 min,0.0,0,ceil(3 tau),0.0,hac,raw,4000,3500,0.875,no_spread,1,0.2517,0.0116,0.2517,0.7483,0.0116,0.873,0.0,-0.0006,
skab,600,10 min,0.0,0,ceil(3 tau),0.0,hac,adjusted,4000,3500,0.875,no_spread,1,0.39,0.0079,0.39,0.61,0.0079,0.1697,0.0,-0.0014,0.3071
skab,600,10 min,0.0,0,ceil(3 tau),0.0,ewc,raw,4000,3500,0.875,no_spread,1,0.4117,0.0129,0.4117,0.5883,0.0129,0.5602,0.0,-0.0006,
skab,600,10 min,0.0,0,ceil(3 tau),0.0,ewc,adjusted,4000,3500,0.875,no_spread,1,0.3963,0.0081,0.3963,0.6037,0.0081,0.1548,0.0,-0.0014,0.4891
skab,600,10 min,0.0,0,ceil(3 tau),0.0,naive,raw,4000,3500,0.875,no_spread,1,0.6846,0.0054,0.6846,0.3154,0.0054,0.0911,0.0,-0.0006,
skab,600,10 min,0.0,0,ceil(3 tau),0.0,naive,adjusted,4000,3500,0.875,no_spread,1,0.6677,0.0051,0.6677,0.3323,0.0051,0.0516,0.0,-0.0014,0.5803
skab,600,10 min,0.0,0,ceil(3 tau),0.0,prepost_hac,raw,8,7,0.875,no_spread,1,0.7143,,0.7143,0.2857,,0.5055,0.0,0.0244,
skab,600,10 min,0.0,0,ceil(3 tau),0.0,prepost_hac,adjusted,8,1,0.125,covariate_outside,1,1.0,,1.0,0.0,,0.1628,0.0,0.5985,0.1273
skab,600,10 min,0.0,0,ceil(3 tau),0.0,prepost_ewc,raw,8,7,0.875,no_spread,1,0.7143,,0.7143,0.2857,,0.3619,0.0,0.0244,
skab,600,10 min,0.0,0,ceil(3 tau),0.0,prepost_ewc,adjusted,8,1,0.125,covariate_outside,1,1.0,,1.0,0.0,,0.1215,0.0,0.5985,0.4485
skab,600,10 min,0.0,0,ceil(3 tau),0.1,randomization,raw,4000,3500,0.875,no_spread,1,0.2786,0.0061,0.2786,0.9529,0.0061,2.1199,0.0,-0.0006,
skab,600,10 min,0.0,0,ceil(3 tau),0.1,randomization,adjusted,4000,3500,0.875,no_spread,1,0.3094,0.0056,0.3094,0.944,0.0055,0.6454,0.0,-0.0014,0.4447
skab,600,10 min,0.0,0,ceil(3 tau),0.1,block_t,raw,4000,3500,0.875,no_spread,1,0.278,0.0061,0.278,0.954,0.0059,2.1389,0.0,-0.0006,
skab,600,10 min,0.0,0,ceil(3 tau),0.1,block_t,adjusted,4000,3500,0.875,no_spread,1,0.3697,0.006,0.3697,0.9106,0.0061,0.5483,0.0,-0.0019,0.3696
skab,600,10 min,0.0,0,ceil(3 tau),0.1,hac,raw,4000,3500,0.875,no_spread,1,0.498,0.011,0.498,0.7483,0.0116,0.873,0.0,-0.0006,
skab,600,10 min,0.0,0,ceil(3 tau),0.1,hac,adjusted,4000,3500,0.875,no_spread,1,0.6869,0.0077,0.6869,0.61,0.0079,0.1697,0.0,-0.0014,0.3071
skab,600,10 min,0.0,0,ceil(3 tau),0.1,ewc,raw,4000,3500,0.875,no_spread,1,0.656,0.0117,0.656,0.5883,0.0129,0.5602,0.0,-0.0006,
skab,600,10 min,0.0,0,ceil(3 tau),0.1,ewc,adjusted,4000,3500,0.875,no_spread,1,0.692,0.0078,0.692,0.6037,0.0081,0.1548,0.0,-0.0014,0.4891
skab,600,10 min,0.0,0,ceil(3 tau),0.1,naive,raw,4000,3500,0.875,no_spread,1,0.9349,0.0044,0.9349,0.3154,0.0054,0.0911,0.0,-0.0006,
skab,600,10 min,0.0,0,ceil(3 tau),0.1,naive,adjusted,4000,3500,0.875,no_spread,1,0.9266,0.0043,0.9266,0.3323,0.0051,0.0516,0.0,-0.0014,0.5803
skab,600,10 min,0.0,0,ceil(3 tau),0.1,prepost_hac,raw,8,7,0.875,no_spread,1,0.8571,,0.8571,0.2857,,0.5055,0.0,0.0244,
skab,600,10 min,0.0,0,ceil(3 tau),0.1,prepost_hac,adjusted,8,1,0.125,covariate_outside,1,1.0,,1.0,0.0,,0.1628,0.0,0.5985,0.1273
skab,600,10 min,0.0,0,ceil(3 tau),0.1,prepost_ewc,raw,8,7,0.875,no_spread,1,0.8571,,0.8571,0.2857,,0.3619,0.0,0.0244,
skab,600,10 min,0.0,0,ceil(3 tau),0.1,prepost_ewc,adjusted,8,1,0.125,covariate_outside,1,1.0,,1.0,0.0,,0.1215,0.0,0.5985,0.4485
skab,600,10 min,0.0,0,ceil(3 tau),0.25,randomization,raw,4000,3500,0.875,no_spread,1,0.3337,0.0058,0.3337,0.9529,0.0061,2.1199,0.0,-0.0006,
skab,600,10 min,0.0,0,ceil(3 tau),0.25,randomization,adjusted,4000,3500,0.875,no_spread,1,0.4971,0.0063,0.4971,0.944,0.0055,0.6454,0.0,-0.0014,0.4447
skab,600,10 min,0.0,0,ceil(3 tau),0.25,block_t,raw,4000,3500,0.875,no_spread,1,0.3309,0.0056,0.3309,0.954,0.0059,2.1389,0.0,-0.0006,
skab,600,10 min,0.0,0,ceil(3 tau),0.25,block_t,adjusted,4000,3500,0.875,no_spread,1,0.5649,0.0065,0.5649,0.9106,0.0061,0.5483,0.0,-0.0019,0.3696
skab,600,10 min,0.0,0,ceil(3 tau),0.25,hac,raw,4000,3500,0.875,no_spread,1,0.5563,0.0091,0.5563,0.7483,0.0116,0.873,0.0,-0.0006,
skab,600,10 min,0.0,0,ceil(3 tau),0.25,hac,adjusted,4000,3500,0.875,no_spread,1,0.8589,0.0053,0.8589,0.61,0.0079,0.1697,0.0,-0.0014,0.3071
skab,600,10 min,0.0,0,ceil(3 tau),0.25,ewc,raw,4000,3500,0.875,no_spread,1,0.7069,0.0084,0.7069,0.5883,0.0129,0.5602,0.0,-0.0006,
skab,600,10 min,0.0,0,ceil(3 tau),0.25,ewc,adjusted,4000,3500,0.875,no_spread,1,0.8534,0.0055,0.8534,0.6037,0.0081,0.1548,0.0,-0.0014,0.4891
skab,600,10 min,0.0,0,ceil(3 tau),0.25,naive,raw,4000,3500,0.875,no_spread,1,0.9631,0.0033,0.9631,0.3154,0.0054,0.0911,0.0,-0.0006,
skab,600,10 min,0.0,0,ceil(3 tau),0.25,naive,adjusted,4000,3500,0.875,no_spread,1,0.9746,0.0027,0.9746,0.3323,0.0051,0.0516,0.0,-0.0014,0.5803
skab,600,10 min,0.0,0,ceil(3 tau),0.25,prepost_hac,raw,8,7,0.875,no_spread,1,1.0,,1.0,0.2857,,0.5055,0.0,0.0244,
skab,600,10 min,0.0,0,ceil(3 tau),0.25,prepost_hac,adjusted,8,1,0.125,covariate_outside,1,1.0,,1.0,0.0,,0.1628,0.0,0.5985,0.1273
skab,600,10 min,0.0,0,ceil(3 tau),0.25,prepost_ewc,raw,8,7,0.875,no_spread,1,1.0,,1.0,0.2857,,0.3619,0.0,0.0244,
skab,600,10 min,0.0,0,ceil(3 tau),0.25,prepost_ewc,adjusted,8,1,0.125,covariate_outside,1,1.0,,1.0,0.0,,0.1215,0.0,0.5985,0.4485
skab,600,10 min,0.0,0,ceil(3 tau),0.5,randomization,raw,4000,3500,0.875,no_spread,1,0.3737,0.0063,0.3737,0.9529,0.0061,2.1199,0.0,-0.0006,
skab,600,10 min,0.0,0,ceil(3 tau),0.5,randomization,adjusted,4000,3500,0.875,no_spread,1,0.7594,0.0048,0.7594,0.944,0.0055,0.6454,0.0,-0.0014,0.4447
skab,600,10 min,0.0,0,ceil(3 tau),0.5,block_t,raw,4000,3500,0.875,no_spread,1,0.3697,0.0061,0.3697,0.954,0.0059,2.1389,0.0,-0.0006,
skab,600,10 min,0.0,0,ceil(3 tau),0.5,block_t,adjusted,4000,3500,0.875,no_spread,1,0.8146,0.0046,0.8146,0.9106,0.0061,0.5483,0.0,-0.0019,0.3696
skab,600,10 min,0.0,0,ceil(3 tau),0.5,hac,raw,4000,3500,0.875,no_spread,1,0.6529,0.0058,0.6529,0.7483,0.0116,0.873,0.0,-0.0006,
skab,600,10 min,0.0,0,ceil(3 tau),0.5,hac,adjusted,4000,3500,0.875,no_spread,1,0.964,0.0031,0.964,0.61,0.0079,0.1697,0.0,-0.0014,0.3071
skab,600,10 min,0.0,0,ceil(3 tau),0.5,ewc,raw,4000,3500,0.875,no_spread,1,0.7866,0.0067,0.7866,0.5883,0.0129,0.5602,0.0,-0.0006,
skab,600,10 min,0.0,0,ceil(3 tau),0.5,ewc,adjusted,4000,3500,0.875,no_spread,1,0.962,0.0032,0.962,0.6037,0.0081,0.1548,0.0,-0.0014,0.4891
skab,600,10 min,0.0,0,ceil(3 tau),0.5,naive,raw,4000,3500,0.875,no_spread,1,0.9709,0.0028,0.9709,0.3154,0.0054,0.0911,0.0,-0.0006,
skab,600,10 min,0.0,0,ceil(3 tau),0.5,naive,adjusted,4000,3500,0.875,no_spread,1,0.992,0.0015,0.992,0.3323,0.0051,0.0516,0.0,-0.0014,0.5803
skab,600,10 min,0.0,0,ceil(3 tau),0.5,prepost_hac,raw,8,7,0.875,no_spread,1,1.0,,1.0,0.2857,,0.5055,0.0,0.0244,
skab,600,10 min,0.0,0,ceil(3 tau),0.5,prepost_hac,adjusted,8,1,0.125,covariate_outside,1,1.0,,1.0,0.0,,0.1628,0.0,0.5985,0.1273
skab,600,10 min,0.0,0,ceil(3 tau),0.5,prepost_ewc,raw,8,7,0.875,no_spread,1,1.0,,1.0,0.2857,,0.3619,0.0,0.0244,
skab,600,10 min,0.0,0,ceil(3 tau),0.5,prepost_ewc,adjusted,8,1,0.125,covariate_outside,1,1.0,,1.0,0.0,,0.1215,0.0,0.5985,0.4485
skab,600,10 min,60.0,0,0,0.0,randomization,raw,4000,3500,0.875,no_spread,1,0.0471,0.0061,0.0471,0.9529,0.0061,2.1199,0.0,-0.0006,
skab,600,10 min,60.0,0,0,0.0,randomization,adjusted,4000,3500,0.875,no_spread,1,0.056,0.0055,0.056,0.944,0.0055,0.6454,0.0,-0.0014,0.4447
skab,600,10 min,60.0,0,0,0.0,block_t,raw,4000,3500,0.875,no_spread,1,0.046,0.0059,0.046,0.954,0.0059,2.1389,0.0,-0.0006,
skab,600,10 min,60.0,0,0,0.0,block_t,adjusted,4000,3500,0.875,no_spread,1,0.0894,0.0061,0.0894,0.9106,0.0061,0.5483,0.0,-0.0019,0.3696
skab,600,10 min,60.0,0,0,0.0,hac,raw,4000,3500,0.875,no_spread,1,0.2517,0.0116,0.2517,0.7483,0.0116,0.873,0.0,-0.0006,
skab,600,10 min,60.0,0,0,0.0,hac,adjusted,4000,3500,0.875,no_spread,1,0.39,0.0079,0.39,0.61,0.0079,0.1697,0.0,-0.0014,0.3071
skab,600,10 min,60.0,0,0,0.0,ewc,raw,4000,3500,0.875,no_spread,1,0.4117,0.0129,0.4117,0.5883,0.0129,0.5602,0.0,-0.0006,
skab,600,10 min,60.0,0,0,0.0,ewc,adjusted,4000,3500,0.875,no_spread,1,0.3963,0.0081,0.3963,0.6037,0.0081,0.1548,0.0,-0.0014,0.4891
skab,600,10 min,60.0,0,0,0.0,naive,raw,4000,3500,0.875,no_spread,1,0.6846,0.0054,0.6846,0.3154,0.0054,0.0911,0.0,-0.0006,
skab,600,10 min,60.0,0,0,0.0,naive,adjusted,4000,3500,0.875,no_spread,1,0.6677,0.0051,0.6677,0.3323,0.0051,0.0516,0.0,-0.0014,0.5803
skab,600,10 min,60.0,0,0,0.0,prepost_hac,raw,8,7,0.875,no_spread,1,0.7143,,0.7143,0.2857,,0.5055,0.0,0.0244,
skab,600,10 min,60.0,0,0,0.0,prepost_hac,adjusted,8,1,0.125,covariate_outside,1,1.0,,1.0,0.0,,0.1628,0.0,0.5985,0.1273
skab,600,10 min,60.0,0,0,0.0,prepost_ewc,raw,8,7,0.875,no_spread,1,0.7143,,0.7143,0.2857,,0.3619,0.0,0.0244,
skab,600,10 min,60.0,0,0,0.0,prepost_ewc,adjusted,8,1,0.125,covariate_outside,1,1.0,,1.0,0.0,,0.1215,0.0,0.5985,0.4485
skab,600,10 min,60.0,0,0,0.1,randomization,raw,4000,3500,0.875,no_spread,1,0.2477,0.0068,0.2477,0.9534,0.006,2.119,0.0,-0.0109,
skab,600,10 min,60.0,0,0,0.1,randomization,adjusted,4000,3500,0.875,no_spread,1,0.2626,0.0059,0.2626,0.944,0.0055,0.6439,0.0,-0.0138,0.4445
skab,600,10 min,60.0,0,0,0.1,block_t,raw,4000,3500,0.875,no_spread,1,0.2463,0.0066,0.2463,0.9566,0.0058,2.14,0.0,-0.0107,
skab,600,10 min,60.0,0,0,0.1,block_t,adjusted,4000,3500,0.875,no_spread,1,0.3363,0.0062,0.3363,0.9097,0.0062,0.5475,0.0,-0.0139,0.3696
skab,600,10 min,60.0,0,0,0.1,hac,raw,4000,3500,0.875,no_spread,1,0.4826,0.0113,0.4826,0.7483,0.0116,0.8721,0.0,-0.0109,
skab,600,10 min,60.0,0,0,0.1,hac,adjusted,4000,3500,0.875,no_spread,1,0.6486,0.008,0.6486,0.6089,0.008,0.1693,0.0,-0.0138,0.3081
skab,600,10 min,60.0,0,0,0.1,ewc,raw,4000,3500,0.875,no_spread,1,0.6317,0.012,0.6317,0.5891,0.013,0.56,0.0,-0.0109,
skab,600,10 min,60.0,0,0,0.1,ewc,adjusted,4000,3500,0.875,no_spread,1,0.6486,0.0078,0.6486,0.6026,0.0081,0.1547,0.0,-0.0138,0.489
skab,600,10 min,60.0,0,0,0.1,naive,raw,4000,3500,0.875,no_spread,1,0.9231,0.0049,0.9231,0.3154,0.0054,0.0911,0.0,-0.0109,
skab,600,10 min,60.0,0,0,0.1,naive,adjusted,4000,3500,0.875,no_spread,1,0.9131,0.0047,0.9131,0.3317,0.0052,0.0516,0.0,-0.0138,0.5801
skab,600,10 min,60.0,0,0,0.1,prepost_hac,raw,8,7,0.875,no_spread,1,0.8571,,0.8571,0.2857,,0.5054,0.0,0.0232,
skab,600,10 min,60.0,0,0,0.1,prepost_hac,adjusted,8,1,0.125,covariate_outside,1,1.0,,1.0,0.0,,0.164,0.0,0.5973,0.1281
skab,600,10 min,60.0,0,0,0.1,prepost_ewc,raw,8,7,0.875,no_spread,1,0.8571,,0.8571,0.2857,,0.3618,0.0,0.0232,
skab,600,10 min,60.0,0,0,0.1,prepost_ewc,adjusted,8,1,0.125,covariate_outside,1,1.0,,1.0,0.0,,0.1221,0.0,0.5973,0.4503
skab,600,10 min,60.0,0,0,0.25,randomization,raw,4000,3500,0.875,no_spread,1,0.3314,0.0058,0.3314,0.9551,0.006,2.119,0.0,-0.0269,
skab,600,10 min,60.0,0,0,0.25,randomization,adjusted,4000,3500,0.875,no_spread,1,0.4549,0.0061,0.4549,0.9431,0.0054,0.6427,0.0,-0.0322,0.4437
skab,600,10 min,60.0,0,0,0.25,block_t,raw,4000,3500,0.875,no_spread,1,0.3286,0.0056,0.3286,0.9586,0.0057,2.1381,0.0,-0.0267,
skab,600,10 min,60.0,0,0,0.25,block_t,adjusted,4000,3500,0.875,no_spread,1,0.5294,0.0066,0.5294,0.908,0.0063,0.5457,0.0,-0.0323,0.3698
skab,600,10 min,60.0,0,0,0.25,hac,raw,4000,3500,0.875,no_spread,1,0.5486,0.0094,0.5486,0.7483,0.0116,0.8721,0.0,-0.0269,
skab,600,10 min,60.0,0,0,0.25,hac,adjusted,4000,3500,0.875,no_spread,1,0.8383,0.0056,0.8383,0.6111,0.008,0.1699,0.0,-0.0322,0.3087
skab,600,10 min,60.0,0,0,0.25,ewc,raw,4000,3500,0.875,no_spread,1,0.6997,0.0089,0.6997,0.5906,0.013,0.5597,0.0,-0.0269,
skab,600,10 min,60.0,0,0,0.25,ewc,adjusted,4000,3500,0.875,no_spread,1,0.8343,0.0057,0.8343,0.6046,0.0081,0.1556,0.0,-0.0322,0.489
skab,600,10 min,60.0,0,0,0.25,naive,raw,4000,3500,0.875,no_spread,1,0.964,0.0031,0.964,0.3154,0.0054,0.0913,0.0,-0.0269,
skab,600,10 min,60.0,0,0,0.25,naive,adjusted,4000,3500,0.875,no_spread,1,0.9706,0.0028,0.9706,0.3326,0.005,0.0517,0.0,-0.0322,0.5805
skab,600,10 min,60.0,0,0,0.25,prepost_hac,raw,8,7,0.875,no_spread,1,1.0,,1.0,0.2857,,0.5053,0.0,0.0214,
skab,600,10 min,60.0,0,0,0.25,prepost_hac,adjusted,8,1,0.125,covariate_outside,1,1.0,,1.0,0.0,,0.1662,0.0,0.5955,0.13
skab,600,10 min,60.0,0,0,0.25,prepost_ewc,raw,8,7,0.875,no_spread,1,1.0,,1.0,0.2857,,0.3616,0.0,0.0214,
skab,600,10 min,60.0,0,0,0.25,prepost_ewc,adjusted,8,1,0.125,covariate_outside,1,1.0,,1.0,0.0,,0.1231,0.0,0.5955,0.4532
skab,600,10 min,60.0,0,0,0.5,randomization,raw,4000,3500,0.875,no_spread,1,0.3623,0.0061,0.3623,0.9594,0.0058,2.1192,0.0,-0.0525,
skab,600,10 min,60.0,0,0,0.5,randomization,adjusted,4000,3500,0.875,no_spread,1,0.7091,0.005,0.7091,0.9471,0.0052,0.6419,0.0,-0.0632,0.4434
skab,600,10 min,60.0,0,0,0.5,block_t,raw,4000,3500,0.875,no_spread,1,0.3611,0.0059,0.3611,0.9631,0.0056,2.1378,0.0,-0.0526,
skab,600,10 min,60.0,0,0,0.5,block_t,adjusted,4000,3500,0.875,no_spread,1,0.7686,0.0049,0.7686,0.9089,0.0062,0.5432,0.0,-0.063,0.3701
skab,600,10 min,60.0,0,0,0.5,hac,raw,4000,3500,0.875,no_spread,1,0.622,0.0063,0.622,0.7489,0.0116,0.8721,0.0,-0.0525,
skab,600,10 min,60.0,0,0,0.5,hac,adjusted,4000,3500,0.875,no_spread,1,0.9511,0.0035,0.9511,0.6146,0.0082,0.1759,0.0,-0.0632,0.3115
skab,600,10 min,60.0,0,0,0.5,ewc,raw,4000,3500,0.875,no_spread,1,0.7666,0.0066,0.7666,0.5951,0.013,0.5605,0.0,-0.0525,
skab,600,10 min,60.0,0,0,0.5,ewc,adjusted,4000,3500,0.875,no_spread,1,0.9471,0.0036,0.9471,0.6111,0.0082,0.1611,0.0,-0.0632,0.4916
skab,600,10 min,60.0,0,0,0.5,naive,raw,4000,3500,0.875,no_spread,1,0.964,0.0031,0.964,0.3157,0.0054,0.0916,0.0,-0.0525,
skab,600,10 min,60.0,0,0,0.5,naive,adjusted,4000,3500,0.875,no_spread,1,0.9946,0.0012,0.9946,0.3274,0.005,0.052,0.0,-0.0632,0.5824
skab,600,10 min,60.0,0,0,0.5,prepost_hac,raw,8,7,0.875,no_spread,1,1.0,,1.0,0.2857,,0.5052,0.0,0.0185,
skab,600,10 min,60.0,0,0,0.5,prepost_hac,adjusted,8,1,0.125,covariate_outside,1,1.0,,1.0,0.0,,0.1702,0.0,0.5925,0.1344
skab,600,10 min,60.0,0,0,0.5,prepost_ewc,raw,8,7,0.875,no_spread,1,1.0,,1.0,0.2857,,0.3614,0.0,0.0185,
skab,600,10 min,60.0,0,0,0.5,prepost_ewc,adjusted,8,1,0.125,covariate_outside,1,1.0,,1.0,0.0,,0.1251,0.0,0.5925,0.4589
skab,600,10 min,60.0,180,ceil(3 tau),0.0,randomization,raw,4000,3500,0.875,no_spread,1,0.0477,0.006,0.0477,0.9523,0.006,2.0782,0.0,-0.0003,
skab,600,10 min,60.0,180,ceil(3 tau),0.0,randomization,adjusted,4000,3500,0.875,no_spread,1,0.0577,0.0055,0.0577,0.9423,0.0055,0.6472,0.0,-0.0012,0.4973
skab,600,10 min,60.0,180,ceil(3 tau),0.0,block_t,raw,4000,3500,0.875,no_spread,1,0.0449,0.0056,0.0449,0.9551,0.0056,2.0901,0.0,-0.0003,
skab,600,10 min,60.0,180,ceil(3 tau),0.0,block_t,adjusted,4000,3500,0.875,no_spread,1,0.0957,0.0065,0.0957,0.9043,0.0065,0.5408,0.0,-0.0015,0.4142
skab,600,10 min,60.0,180,ceil(3 tau),0.0,hac,raw,4000,3500,0.875,no_spread,1,0.2237,0.0111,0.2237,0.7763,0.0111,0.9155,0.0,-0.0003,
skab,600,10 min,60.0,180,ceil(3 tau),0.0,hac,adjusted,4000,3500,0.875,no_spread,1,0.3734,0.0083,0.3734,0.6266,0.0083,0.1928,0.0,-0.0012,0.3427
skab,600,10 min,60.0,180,ceil(3 tau),0.0,ewc,raw,4000,3500,0.875,no_spread,1,0.3709,0.0125,0.3709,0.6291,0.0125,0.6169,0.0,-0.0003,
skab,600,10 min,60.0,180,ceil(3 tau),0.0,ewc,adjusted,4000,3500,0.875,no_spread,1,0.372,0.0081,0.372,0.628,0.0081,0.1841,0.0,-0.0012,0.5208
skab,600,10 min,60.0,180,ceil(3 tau),0.0,naive,raw,4000,3500,0.875,no_spread,1,0.6709,0.0055,0.6709,0.3291,0.0055,0.1105,0.0,-0.0003,
skab,600,10 min,60.0,180,ceil(3 tau),0.0,naive,adjusted,4000,3500,0.875,no_spread,1,0.6566,0.0049,0.6566,0.3434,0.0049,0.0666,0.0,-0.0012,0.6086
skab,600,10 min,60.0,180,ceil(3 tau),0.0,prepost_hac,raw,8,7,0.875,no_spread,1,0.7143,,0.7143,0.2857,,0.4798,0.0,0.0273,
skab,600,10 min,60.0,180,ceil(3 tau),0.0,prepost_hac,adjusted,8,1,0.125,covariate_outside,1,1.0,,1.0,0.0,,0.1578,0.0,0.615,0.1294
skab,600,10 min,60.0,180,ceil(3 tau),0.0,prepost_ewc,raw,8,7,0.875,no_spread,1,0.7143,,0.7143,0.2857,,0.3513,0.0,0.0273,
skab,600,10 min,60.0,180,ceil(3 tau),0.0,prepost_ewc,adjusted,8,1,0.125,covariate_outside,1,1.0,,1.0,0.0,,0.1209,0.0,0.615,0.4631
skab,600,10 min,60.0,180,ceil(3 tau),0.1,randomization,raw,4000,3500,0.875,no_spread,1,0.2637,0.0066,0.2637,0.952,0.006,2.078,0.0,-0.001,
skab,600,10 min,60.0,180,ceil(3 tau),0.1,randomization,adjusted,4000,3500,0.875,no_spread,1,0.282,0.0059,0.282,0.9423,0.0055,0.6472,0.0,-0.0021,0.4975
skab,600,10 min,60.0,180,ceil(3 tau),0.1,block_t,raw,4000,3500,0.875,no_spread,1,0.258,0.0065,0.258,0.9551,0.0056,2.0899,0.0,-0.001,
skab,600,10 min,60.0,180,ceil(3 tau),0.1,block_t,adjusted,4000,3500,0.875,no_spread,1,0.3557,0.0058,0.3557,0.9046,0.0065,0.5406,0.0,-0.0024,0.4142
skab,600,10 min,60.0,180,ceil(3 tau),0.1,hac,raw,4000,3500,0.875,no_spread,1,0.4583,0.0107,0.4583,0.7763,0.0111,0.9155,0.0,-0.001,
skab,600,10 min,60.0,180,ceil(3 tau),0.1,hac,adjusted,4000,3500,0.875,no_spread,1,0.64,0.0079,0.64,0.6266,0.0083,0.1928,0.0,-0.0021,0.3427
skab,600,10 min,60.0,180,ceil(3 tau),0.1,ewc,raw,4000,3500,0.875,no_spread,1,0.5963,0.0121,0.5963,0.6291,0.0125,0.6169,0.0,-0.001,
skab,600,10 min,60.0,180,ceil(3 tau),0.1,ewc,adjusted,4000,3500,0.875,no_spread,1,0.6311,0.0081,0.6311,0.6283,0.0081,0.1841,0.0,-0.0021,0.5207
skab,600,10 min,60.0,180,ceil(3 tau),0.1,naive,raw,4000,3500,0.875,no_spread,1,0.9077,0.0053,0.9077,0.3291,0.0055,0.1105,0.0,-0.001,
skab,600,10 min,60.0,180,ceil(3 tau),0.1,naive,adjusted,4000,3500,0.875,no_spread,1,0.9023,0.0049,0.9023,0.3437,0.0049,0.0666,0.0,-0.0021,0.6086
skab,600,10 min,60.0,180,ceil(3 tau),0.1,prepost_hac,raw,8,7,0.875,no_spread,1,0.8571,,0.8571,0.2857,,0.4798,0.0,0.0272,
skab,600,10 min,60.0,180,ceil(3 tau),0.1,prepost_hac,adjusted,8,1,0.125,covariate_outside,1,1.0,,1.0,0.0,,0.1579,0.0,0.6149,0.1295
skab,600,10 min,60.0,180,ceil(3 tau),0.1,prepost_ewc,raw,8,7,0.875,no_spread,1,0.8571,,0.8571,0.2857,,0.3513,0.0,0.0272,
skab,600,10 min,60.0,180,ceil(3 tau),0.1,prepost_ewc,adjusted,8,1,0.125,covariate_outside,1,1.0,,1.0,0.0,,0.1209,0.0,0.6149,0.4632
skab,600,10 min,60.0,180,ceil(3 tau),0.25,randomization,raw,4000,3500,0.875,no_spread,1,0.3357,0.0058,0.3357,0.9517,0.006,2.0781,0.0,-0.0021,
skab,600,10 min,60.0,180,ceil(3 tau),0.25,randomization,adjusted,4000,3500,0.875,no_spread,1,0.4726,0.0062,0.4726,0.9426,0.0055,0.6479,0.0,-0.0034,0.4975
skab,600,10 min,60.0,180,ceil(3 tau),0.25,block_t,raw,4000,3500,0.875,no_spread,1,0.3329,0.0055,0.3329,0.9551,0.0056,2.0899,0.0,-0.0021,
skab,600,10 min,60.0,180,ceil(3 tau),0.25,block_t,adjusted,4000,3500,0.875,no_spread,1,0.5451,0.0064,0.5451,0.9046,0.0065,0.5406,0.0,-0.0036,0.4141
skab,600,10 min,60.0,180,ceil(3 tau),0.25,hac,raw,4000,3500,0.875,no_spread,1,0.5286,0.009,0.5286,0.7763,0.0111,0.9154,0.0,-0.0021,
skab,600,10 min,60.0,180,ceil(3 tau),0.25,hac,adjusted,4000,3500,0.875,no_spread,1,0.8214,0.0059,0.8214,0.6266,0.0083,0.1928,0.0,-0.0034,0.3428
skab,600,10 min,60.0,180,ceil(3 tau),0.25,ewc,raw,4000,3500,0.875,no_spread,1,0.6754,0.0085,0.6754,0.6291,0.0125,0.6168,0.0,-0.0021,
skab,600,10 min,60.0,180,ceil(3 tau),0.25,ewc,adjusted,4000,3500,0.875,no_spread,1,0.8194,0.0059,0.8194,0.6277,0.0081,0.1841,0.0,-0.0034,0.5208
skab,600,10 min,60.0,180,ceil(3 tau),0.25,naive,raw,4000,3500,0.875,no_spread,1,0.9509,0.0036,0.9509,0.3291,0.0055,0.1105,0.0,-0.0021,
skab,600,10 min,60.0,180,ceil(3 tau),0.25,naive,adjusted,4000,3500,0.875,no_spread,1,0.9686,0.0029,0.9686,0.3429,0.0049,0.0666,0.0,-0.0034,0.6086
skab,600,10 min,60.0,180,ceil(3 tau),0.25,prepost_hac,raw,8,7,0.875,no_spread,1,1.0,,1.0,0.2857,,0.4798,0.0,0.0271,
skab,600,10 min,60.0,180,ceil(3 tau),0.25,prepost_hac,adjusted,8,1,0.125,covariate_outside,1,1.0,,1.0,0.0,,0.158,0.0,0.6148,0.1295
skab,600,10 min,60.0,180,ceil(3 tau),0.25,prepost_ewc,raw,8,7,0.875,no_spread,1,1.0,,1.0,0.2857,,0.3513,0.0,0.0271,
skab,600,10 min,60.0,180,ceil(3 tau),0.25,prepost_ewc,adjusted,8,1,0.125,covariate_outside,1,1.0,,1.0,0.0,,0.121,0.0,0.6148,0.4633
skab,600,10 min,60.0,180,ceil(3 tau),0.5,randomization,raw,4000,3500,0.875,no_spread,1,0.3723,0.006,0.3723,0.952,0.006,2.0783,0.0,-0.004,
skab,600,10 min,60.0,180,ceil(3 tau),0.5,randomization,adjusted,4000,3500,0.875,no_spread,1,0.7117,0.0051,0.7117,0.9434,0.0055,0.6477,0.0,-0.0053,0.4975
skab,600,10 min,60.0,180,ceil(3 tau),0.5,block_t,raw,4000,3500,0.875,no_spread,1,0.3694,0.0059,0.3694,0.9551,0.0056,2.0897,0.0,-0.0039,
skab,600,10 min,60.0,180,ceil(3 tau),0.5,block_t,adjusted,4000,3500,0.875,no_spread,1,0.7669,0.0051,0.7669,0.9046,0.0065,0.5404,0.0,-0.0056,0.4143
skab,600,10 min,60.0,180,ceil(3 tau),0.5,hac,raw,4000,3500,0.875,no_spread,1,0.6249,0.0059,0.6249,0.7766,0.0111,0.9153,0.0,-0.004,
skab,600,10 min,60.0,180,ceil(3 tau),0.5,hac,adjusted,4000,3500,0.875,no_spread,1,0.9469,0.0035,0.9469,0.6266,0.0083,0.1928,0.0,-0.0053,0.3429
skab,600,10 min,60.0,180,ceil(3 tau),0.5,ewc,raw,4000,3500,0.875,no_spread,1,0.7594,0.0064,0.7594,0.6294,0.0125,0.6168,0.0,-0.004,
skab,600,10 min,60.0,180,ceil(3 tau),0.5,ewc,adjusted,4000,3500,0.875,no_spread,1,0.9431,0.0037,0.9431,0.6269,0.0081,0.184,0.0,-0.0053,0.521
skab,600,10 min,60.0,180,ceil(3 tau),0.5,naive,raw,4000,3500,0.875,no_spread,1,0.9671,0.003,0.9671,0.3291,0.0055,0.1105,0.0,-0.004,
skab,600,10 min,60.0,180,ceil(3 tau),0.5,naive,adjusted,4000,3500,0.875,no_spread,1,0.9917,0.0015,0.9917,0.3423,0.005,0.0666,0.0,-0.0053,0.6085
skab,600,10 min,60.0,180,ceil(3 tau),0.5,prepost_hac,raw,8,7,0.875,no_spread,1,1.0,,1.0,0.2857,,0.4798,0.0,0.027,
skab,600,10 min,60.0,180,ceil(3 tau),0.5,prepost_hac,adjusted,8,1,0.125,covariate_outside,1,1.0,,1.0,0.0,,0.1582,0.0,0.6147,0.1297
skab,600,10 min,60.0,180,ceil(3 tau),0.5,prepost_ewc,raw,8,7,0.875,no_spread,1,1.0,,1.0,0.2857,,0.3513,0.0,0.027,
skab,600,10 min,60.0,180,ceil(3 tau),0.5,prepost_ewc,adjusted,8,1,0.125,covariate_outside,1,1.0,,1.0,0.0,,0.1211,0.0,0.6147,0.4636
skab,600,10 min,150.0,0,0,0.0,randomization,raw,4000,3500,0.875,no_spread,1,0.0471,0.0061,0.0471,0.9529,0.0061,2.1199,0.0,-0.0006,
skab,600,10 min,150.0,0,0,0.0,randomization,adjusted,4000,3500,0.875,no_spread,1,0.056,0.0055,0.056,0.944,0.0055,0.6454,0.0,-0.0014,0.4447
skab,600,10 min,150.0,0,0,0.0,block_t,raw,4000,3500,0.875,no_spread,1,0.046,0.0059,0.046,0.954,0.0059,2.1389,0.0,-0.0006,
skab,600,10 min,150.0,0,0,0.0,block_t,adjusted,4000,3500,0.875,no_spread,1,0.0894,0.0061,0.0894,0.9106,0.0061,0.5483,0.0,-0.0019,0.3696
skab,600,10 min,150.0,0,0,0.0,hac,raw,4000,3500,0.875,no_spread,1,0.2517,0.0116,0.2517,0.7483,0.0116,0.873,0.0,-0.0006,
skab,600,10 min,150.0,0,0,0.0,hac,adjusted,4000,3500,0.875,no_spread,1,0.39,0.0079,0.39,0.61,0.0079,0.1697,0.0,-0.0014,0.3071
skab,600,10 min,150.0,0,0,0.0,ewc,raw,4000,3500,0.875,no_spread,1,0.4117,0.0129,0.4117,0.5883,0.0129,0.5602,0.0,-0.0006,
skab,600,10 min,150.0,0,0,0.0,ewc,adjusted,4000,3500,0.875,no_spread,1,0.3963,0.0081,0.3963,0.6037,0.0081,0.1548,0.0,-0.0014,0.4891
skab,600,10 min,150.0,0,0,0.0,naive,raw,4000,3500,0.875,no_spread,1,0.6846,0.0054,0.6846,0.3154,0.0054,0.0911,0.0,-0.0006,
skab,600,10 min,150.0,0,0,0.0,naive,adjusted,4000,3500,0.875,no_spread,1,0.6677,0.0051,0.6677,0.3323,0.0051,0.0516,0.0,-0.0014,0.5803
skab,600,10 min,150.0,0,0,0.0,prepost_hac,raw,8,7,0.875,no_spread,1,0.7143,,0.7143,0.2857,,0.5055,0.0,0.0244,
skab,600,10 min,150.0,0,0,0.0,prepost_hac,adjusted,8,1,0.125,covariate_outside,1,1.0,,1.0,0.0,,0.1628,0.0,0.5985,0.1273
skab,600,10 min,150.0,0,0,0.0,prepost_ewc,raw,8,7,0.875,no_spread,1,0.7143,,0.7143,0.2857,,0.3619,0.0,0.0244,
skab,600,10 min,150.0,0,0,0.0,prepost_ewc,adjusted,8,1,0.125,covariate_outside,1,1.0,,1.0,0.0,,0.1215,0.0,0.5985,0.4485
skab,600,10 min,150.0,0,0,0.1,randomization,raw,4000,3500,0.875,no_spread,1,0.1926,0.0078,0.1926,0.9549,0.006,2.1192,0.0,-0.0267,
skab,600,10 min,150.0,0,0,0.1,randomization,adjusted,4000,3500,0.875,no_spread,1,0.1871,0.0063,0.1871,0.9434,0.0054,0.6431,0.0,-0.0314,0.4434
skab,600,10 min,150.0,0,0,0.1,block_t,raw,4000,3500,0.875,no_spread,1,0.1874,0.0074,0.1874,0.9583,0.0057,2.138,0.0,-0.0265,
skab,600,10 min,150.0,0,0,0.1,block_t,adjusted,4000,3500,0.875,no_spread,1,0.2654,0.0068,0.2654,0.9089,0.0063,0.5458,0.0,-0.0315,0.3699
skab,600,10 min,150.0,0,0,0.1,hac,raw,4000,3500,0.875,no_spread,1,0.44,0.0118,0.44,0.748,0.0116,0.8717,0.0,-0.0267,
skab,600,10 min,150.0,0,0,0.1,hac,adjusted,4000,3500,0.875,no_spread,1,0.588,0.0082,0.588,0.6091,0.0081,0.1689,0.0,-0.0314,0.3079
skab,600,10 min,150.0,0,0,0.1,ewc,raw,4000,3500,0.875,no_spread,1,0.5891,0.0127,0.5891,0.5891,0.013,0.5597,0.0,-0.0267,
skab,600,10 min,150.0,0,0,0.1,ewc,adjusted,4000,3500,0.875,no_spread,1,0.5894,0.0083,0.5894,0.604,0.0081,0.1545,0.0,-0.0314,0.4882
skab,600,10 min,150.0,0,0,0.1,naive,raw,4000,3500,0.875,no_spread,1,0.8889,0.0057,0.8889,0.3154,0.0054,0.0912,0.0,-0.0267,
skab,600,10 min,150.0,0,0,0.1,naive,adjusted,4000,3500,0.875,no_spread,1,0.8574,0.0057,0.8574,0.3331,0.005,0.0516,0.0,-0.0314,0.5798
skab,600,10 min,150.0,0,0,0.1,prepost_hac,raw,8,7,0.875,no_spread,1,0.8571,,0.8571,0.2857,,0.5053,0.0,0.0214,
skab,600,10 min,150.0,0,0,0.1,prepost_hac,adjusted,8,1,0.125,covariate_outside,1,1.0,,1.0,0.0,,0.1664,0.0,0.5954,0.1297
skab,600,10 min,150.0,0,0,0.1,prepost_ewc,raw,8,7,0.875,no_spread,1,0.8571,,0.8571,0.2857,,0.3616,0.0,0.0214,
skab,600,10 min,150.0,0,0,0.1,prepost_ewc,adjusted,8,1,0.125,covariate_outside,1,1.0,,1.0,0.0,,0.1231,0.0,0.5954,0.4532
skab,600,10 min,150.0,0,0,0.25,randomization,raw,4000,3500,0.875,no_spread,1,0.326,0.0056,0.326,0.9606,0.0057,2.1183,0.0,-0.0649,
skab,600,10 min,150.0,0,0,0.25,randomization,adjusted,4000,3500,0.875,no_spread,1,0.4031,0.0058,0.4031,0.9483,0.0051,0.6418,0.0,-0.0764,0.4431
skab,600,10 min,150.0,0,0,0.25,block_t,raw,4000,3500,0.875,no_spread,1,0.3217,0.0053,0.3217,0.9634,0.0056,2.138,0.0,-0.065,
skab,600,10 min,150.0,0,0,0.25,block_t,adjusted,4000,3500,0.875,no_spread,1,0.464,0.0064,0.464,0.9097,0.0063,0.5429,0.0,-0.0763,0.3702
skab,600,10 min,150.0,0,0,0.25,hac,raw,4000,3500,0.875,no_spread,1,0.5377,0.01,0.5377,0.7489,0.0115,0.8693,0.0,-0.0649,
skab,600,10 min,150.0,0,0,0.25,hac,adjusted,4000,3500,0.875,no_spread,1,0.7971,0.0062,0.7971,0.6089,0.0082,0.1714,0.0,-0.0764,0.3089
skab,600,10 min,150.0,0,0,0.25,ewc,raw,4000,3500,0.875,no_spread,1,0.6943,0.0099,0.6943,0.5926,0.013,0.5594,0.0,-0.0649,
skab,600,10 min,150.0,0,0,0.25,ewc,adjusted,4000,3500,0.875,no_spread,1,0.7951,0.0062,0.7951,0.604,0.0082,0.1573,0.0,-0.0764,0.4895
skab,600,10 min,150.0,0,0,0.25,naive,raw,4000,3500,0.875,no_spread,1,0.9506,0.0038,0.9506,0.3157,0.0054,0.0915,0.0,-0.0649,
skab,600,10 min,150.0,0,0,0.25,naive,adjusted,4000,3500,0.875,no_spread,1,0.9651,0.003,0.9651,0.3251,0.005,0.0518,0.0,-0.0764,0.5807
skab,600,10 min,150.0,0,0,0.25,prepost_hac,raw,8,7,0.875,no_spread,1,1.0,,1.0,0.2857,,0.5051,0.0,0.0168,
skab,600,10 min,150.0,0,0,0.25,prepost_hac,adjusted,8,1,0.125,covariate_outside,1,1.0,,1.0,0.0,,0.1725,0.0,0.5909,0.1342
skab,600,10 min,150.0,0,0,0.25,prepost_ewc,raw,8,7,0.875,no_spread,1,1.0,,1.0,0.2857,,0.3614,0.0,0.0168,
skab,600,10 min,150.0,0,0,0.25,prepost_ewc,adjusted,8,1,0.125,covariate_outside,1,1.0,,1.0,0.0,,0.1258,0.0,0.5909,0.4608
skab,600,10 min,150.0,0,0,0.5,randomization,raw,4000,3500,0.875,no_spread,1,0.3489,0.006,0.3489,0.9646,0.0056,2.1207,0.0,-0.1305,
skab,600,10 min,150.0,0,0,0.5,randomization,adjusted,4000,3500,0.875,no_spread,1,0.6177,0.0054,0.6177,0.948,0.005,0.6457,0.0,-0.1517,0.4445
skab,600,10 min,150.0,0,0,0.5,block_t,raw,4000,3500,0.875,no_spread,1,0.3454,0.0057,0.3454,0.9706,0.0052,2.1371,0.0,-0.1306,
skab,600,10 min,150.0,0,0,0.5,block_t,adjusted,4000,3500,0.875,no_spread,1,0.6871,0.0053,0.6871,0.9151,0.0062,0.5473,0.0,-0.1517,0.3729
skab,600,10 min,150.0,0,0,0.5,hac,raw,4000,3500,0.875,no_spread,1,0.5809,0.0076,0.5809,0.7526,0.0114,0.8711,0.0,-0.1305,
skab,600,10 min,150.0,0,0,0.5,hac,adjusted,4000,3500,0.875,no_spread,1,0.9186,0.004,0.9186,0.606,0.0086,0.1829,0.0,-0.1517,0.3131
skab,600,10 min,150.0,0,0,0.5,ewc,raw,4000,3500,0.875,no_spread,1,0.7489,0.0066,0.7489,0.6,0.0129,0.5594,0.0,-0.1305,
skab,600,10 min,150.0,0,0,0.5,ewc,adjusted,4000,3500,0.875,no_spread,1,0.9143,0.0042,0.9143,0.6074,0.0083,0.1688,0.0,-0.1517,0.4938
skab,600,10 min,150.0,0,0,0.5,naive,raw,4000,3500,0.875,no_spread,1,0.962,0.0031,0.962,0.3157,0.0054,0.0922,0.0,-0.1305,
skab,600,10 min,150.0,0,0,0.5,naive,adjusted,4000,3500,0.875,no_spread,1,0.988,0.0019,0.988,0.3057,0.0056,0.0526,0.0,-0.1517,0.5843
skab,600,10 min,150.0,0,0,0.5,prepost_hac,raw,8,7,0.875,no_spread,1,1.0,,1.0,0.2857,,0.505,0.0,0.0092,
skab,600,10 min,150.0,0,0,0.5,prepost_hac,adjusted,8,1,0.125,covariate_outside,1,1.0,,1.0,0.0,,0.1841,0.0,0.5833,0.1436
skab,600,10 min,150.0,0,0,0.5,prepost_ewc,raw,8,7,0.875,no_spread,1,1.0,,1.0,0.2857,,0.3612,0.0,0.0092,
skab,600,10 min,150.0,0,0,0.5,prepost_ewc,adjusted,8,1,0.125,covariate_outside,1,1.0,,1.0,0.0,,0.1309,0.0,0.5833,0.4751
skab,600,10 min,150.0,450,ceil(3 tau),0.0,randomization,raw,4000,3500,0.875,no_spread,1,0.0471,0.0059,0.0471,0.9529,0.0059,1.9932,0.0,-0.0001,
skab,600,10 min,150.0,450,ceil(3 tau),0.0,randomization,adjusted,4000,3500,0.875,no_spread,1,0.0603,0.0054,0.0603,0.9397,0.0054,0.5977,0.0,-0.001,0.5395
skab,600,10 min,150.0,450,ceil(3 tau),0.0,block_t,raw,4000,3500,0.875,no_spread,1,0.0457,0.0056,0.0457,0.9543,0.0056,2.0144,0.0,0.0002,
skab,600,10 min,150.0,450,ceil(3 tau),0.0,block_t,adjusted,4000,3500,0.875,no_spread,1,0.1097,0.0068,0.1097,0.8903,0.0068,0.4876,0.0,-0.0008,0.4424
skab,600,10 min,150.0,450,ceil(3 tau),0.0,hac,raw,4000,3500,0.875,no_spread,1,0.1963,0.0103,0.1963,0.8037,0.0103,1.1099,0.0,-0.0001,
skab,600,10 min,150.0,450,ceil(3 tau),0.0,hac,adjusted,4000,3500,0.875,no_spread,1,0.3314,0.0085,0.3314,0.6686,0.0085,0.2521,0.0,-0.001,0.3032
skab,600,10 min,150.0,450,ceil(3 tau),0.0,ewc,raw,4000,3500,0.875,no_spread,1,0.2889,0.0123,0.2889,0.7111,0.0123,0.8435,0.0,-0.0001,
skab,600,10 min,150.0,450,ceil(3 tau),0.0,ewc,adjusted,4000,3500,0.875,no_spread,1,0.258,0.0081,0.258,0.742,0.0081,0.2974,0.0,-0.001,0.4678
skab,600,10 min,150.0,450,ceil(3 tau),0.0,naive,raw,4000,3500,0.875,no_spread,1,0.6563,0.0077,0.6563,0.3437,0.0077,0.1698,0.0,-0.0001,
skab,600,10 min,150.0,450,ceil(3 tau),0.0,naive,adjusted,4000,3500,0.875,no_spread,1,0.6257,0.0063,0.6257,0.3743,0.0063,0.0999,0.0,-0.001,0.5926
skab,600,10 min,150.0,450,ceil(3 tau),0.0,prepost_hac,raw,8,7,0.875,no_spread,1,0.8571,,0.8571,0.1429,,0.443,0.0,0.0266,
skab,600,10 min,150.0,450,ceil(3 tau),0.0,prepost_hac,adjusted,8,1,0.125,covariate_outside,1,1.0,,1.0,0.0,,0.1474,0.0,0.6316,0.1308
skab,600,10 min,150.0,450,ceil(3 tau),0.0,prepost_ewc,raw,8,7,0.875,no_spread,1,0.7143,,0.7143,0.2857,,0.3363,0.0,0.0266,
skab,600,10 min,150.0,450,ceil(3 tau),0.0,prepost_ewc,adjusted,8,1,0.125,covariate_outside,1,1.0,,1.0,0.0,,0.1185,0.0,0.6316,0.4794
skab,600,10 min,150.0,450,ceil(3 tau),0.1,randomization,raw,4000,3500,0.875,no_spread,1,0.1026,0.0069,0.1026,0.9526,0.0059,1.9931,0.0,-0.0035,
skab,600,10 min,150.0,450,ceil(3 tau),0.1,randomization,adjusted,4000,3500,0.875,no_spread,1,0.1366,0.0062,0.1366,0.9397,0.0054,0.5986,0.0,-0.0045,0.5392
skab,600,10 min,150.0,450,ceil(3 tau),0.1,block_t,raw,4000,3500,0.875,no_spread,1,0.0977,0.0066,0.0977,0.9543,0.0056,2.0146,0.0,-0.0029,
skab,600,10 min,150.0,450,ceil(3 tau),0.1,block_t,adjusted,4000,3500,0.875,no_spread,1,0.2309,0.007,0.2309,0.89,0.0068,0.4876,0.0,-0.0045,0.4425
skab,600,10 min,150.0,450,ceil(3 tau),0.1,hac,raw,4000,3500,0.875,no_spread,1,0.2894,0.0108,0.2894,0.804,0.0103,1.1095,0.0,-0.0035,
skab,600,10 min,150.0,450,ceil(3 tau),0.1,hac,adjusted,4000,3500,0.875,no_spread,1,0.4786,0.0085,0.4786,0.6686,0.0085,0.2519,0.0,-0.0045,0.3032
skab,600,10 min,150.0,450,ceil(3 tau),0.1,ewc,raw,4000,3500,0.875,no_spread,1,0.3769,0.0128,0.3769,0.7111,0.0123,0.8434,0.0,-0.0035,
skab,600,10 min,150.0,450,ceil(3 tau),0.1,ewc,adjusted,4000,3500,0.875,no_spread,1,0.4086,0.0082,0.4086,0.742,0.0081,0.2973,0.0,-0.0045,0.4678
skab,600,10 min,150.0,450,ceil(3 tau),0.1,naive,raw,4000,3500,0.875,no_spread,1,0.7577,0.0079,0.7577,0.3437,0.0077,0.1698,0.0,-0.0035,
skab,600,10 min,150.0,450,ceil(3 tau),0.1,naive,adjusted,4000,3500,0.875,no_spread,1,0.7397,0.0064,0.7397,0.3743,0.0063,0.0999,0.0,-0.0045,0.5927
skab,600,10 min,150.0,450,ceil(3 tau),0.1,prepost_hac,raw,8,7,0.875,no_spread,1,0.8571,,0.8571,0.1429,,0.443,0.0,0.0264,
skab,600,10 min,150.0,450,ceil(3 tau),0.1,prepost_hac,adjusted,8,1,0.125,covariate_outside,1,1.0,,1.0,0.0,,0.1476,0.0,0.6314,0.131
skab,600,10 min,150.0,450,ceil(3 tau),0.1,prepost_ewc,raw,8,7,0.875,no_spread,1,0.8571,,0.8571,0.2857,,0.3362,0.0,0.0264,
skab,600,10 min,150.0,450,ceil(3 tau),0.1,prepost_ewc,adjusted,8,1,0.125,covariate_outside,1,1.0,,1.0,0.0,,0.1186,0.0,0.6314,0.4797
skab,600,10 min,150.0,450,ceil(3 tau),0.25,randomization,raw,4000,3500,0.875,no_spread,1,0.3051,0.0062,0.3051,0.9526,0.0059,1.9943,0.0,-0.0085,
skab,600,10 min,150.0,450,ceil(3 tau),0.25,randomization,adjusted,4000,3500,0.875,no_spread,1,0.454,0.0066,0.454,0.9391,0.0054,0.5989,0.0,-0.0101,0.539
skab,600,10 min,150.0,450,ceil(3 tau),0.25,block_t,raw,4000,3500,0.875,no_spread,1,0.3034,0.0058,0.3034,0.9549,0.0055,2.0151,0.0,-0.0082,
skab,600,10 min,150.0,450,ceil(3 tau),0.25,block_t,adjusted,4000,3500,0.875,no_spread,1,0.544,0.0067,0.544,0.8894,0.0068,0.4878,0.0,-0.01,0.4427
skab,600,10 min,150.0,450,ceil(3 tau),0.25,hac,raw,4000,3500,0.875,no_spread,1,0.4623,0.0087,0.4623,0.8043,0.0103,1.1094,0.0,-0.0085,
skab,600,10 min,150.0,450,ceil(3 tau),0.25,hac,adjusted,4000,3500,0.875,no_spread,1,0.7866,0.0061,0.7866,0.6674,0.0085,0.2518,0.0,-0.0101,0.3034
skab,600,10 min,150.0,450,ceil(3 tau),0.25,ewc,raw,4000,3500,0.875,no_spread,1,0.5629,0.0094,0.5629,0.7111,0.0123,0.843,0.0,-0.0085,
skab,600,10 min,150.0,450,ceil(3 tau),0.25,ewc,adjusted,4000,3500,0.875,no_spread,1,0.7426,0.0066,0.7426,0.7417,0.0081,0.2972,0.0,-0.0101,0.4674
skab,600,10 min,150.0,450,ceil(3 tau),0.25,naive,raw,4000,3500,0.875,no_spread,1,0.9089,0.0052,0.9089,0.3437,0.0077,0.1698,0.0,-0.0085,
skab,600,10 min,150.0,450,ceil(3 tau),0.25,naive,adjusted,4000,3500,0.875,no_spread,1,0.94,0.004,0.94,0.3751,0.0064,0.0999,0.0,-0.0101,0.5927
skab,600,10 min,150.0,450,ceil(3 tau),0.25,prepost_hac,raw,8,7,0.875,no_spread,1,1.0,,1.0,0.1429,,0.443,0.0,0.0262,
skab,600,10 min,150.0,450,ceil(3 tau),0.25,prepost_hac,adjusted,8,1,0.125,covariate_outside,1,1.0,,1.0,0.0,,0.1479,0.0,0.6311,0.1313
skab,600,10 min,150.0,450,ceil(3 tau),0.25,prepost_ewc,raw,8,7,0.875,no_spread,1,1.0,,1.0,0.2857,,0.3362,0.0,0.0262,
skab,600,10 min,150.0,450,ceil(3 tau),0.25,prepost_ewc,adjusted,8,1,0.125,covariate_outside,1,1.0,,1.0,0.0,,0.1187,0.0,0.6311,0.4802
skab,600,10 min,150.0,450,ceil(3 tau),0.5,randomization,raw,4000,3500,0.875,no_spread,1,0.3711,0.0061,0.3711,0.952,0.0059,1.9934,0.0,-0.0173,
skab,600,10 min,150.0,450,ceil(3 tau),0.5,randomization,adjusted,4000,3500,0.875,no_spread,1,0.7609,0.0045,0.7609,0.9403,0.0054,0.5992,0.0,-0.0194,0.5391
skab,600,10 min,150.0,450,ceil(3 tau),0.5,block_t,raw,4000,3500,0.875,no_spread,1,0.3689,0.0059,0.3689,0.9549,0.0055,2.0157,0.0,-0.0169,
skab,600,10 min,150.0,450,ceil(3 tau),0.5,block_t,adjusted,4000,3500,0.875,no_spread,1,0.8103,0.0041,0.8103,0.8906,0.0067,0.487,0.0,-0.0193,0.4424
skab,600,10 min,150.0,450,ceil(3 tau),0.5,hac,raw,4000,3500,0.875,no_spread,1,0.574,0.0063,0.574,0.8043,0.0103,1.1089,0.0,-0.0173,
skab,600,10 min,150.0,450,ceil(3 tau),0.5,hac,adjusted,4000,3500,0.875,no_spread,1,0.9369,0.0035,0.9369,0.6666,0.0085,0.2522,0.0,-0.0194,0.3036
skab,600,10 min,150.0,450,ceil(3 tau),0.5,ewc,raw,4000,3500,0.875,no_spread,1,0.678,0.0059,0.678,0.7114,0.0123,0.8428,0.0,-0.0173,
skab,600,10 min,150.0,450,ceil(3 tau),0.5,ewc,adjusted,4000,3500,0.875,no_spread,1,0.9234,0.0038,0.9234,0.7417,0.0081,0.2971,0.0,-0.0194,0.4679
skab,600,10 min,150.0,450,ceil(3 tau),0.5,naive,raw,4000,3500,0.875,no_spread,1,0.9414,0.0041,0.9414,0.3437,0.0077,0.1697,0.0,-0.0173,
skab,600,10 min,150.0,450,ceil(3 tau),0.5,naive,adjusted,4000,3500,0.875,no_spread,1,0.9854,0.0019,0.9854,0.3754,0.0064,0.0998,0.0,-0.0194,0.5928
skab,600,10 min,150.0,450,ceil(3 tau),0.5,prepost_hac,raw,8,7,0.875,no_spread,1,1.0,,1.0,0.1429,,0.443,0.0,0.0257,
skab,600,10 min,150.0,450,ceil(3 tau),0.5,prepost_hac,adjusted,8,1,0.125,covariate_outside,1,1.0,,1.0,0.0,,0.1484,0.0,0.6307,0.1317
skab,600,10 min,150.0,450,ceil(3 tau),0.5,prepost_ewc,raw,8,7,0.875,no_spread,1,1.0,,1.0,0.2857,,0.3362,0.0,0.0257,
skab,600,10 min,150.0,450,ceil(3 tau),0.5,prepost_ewc,adjusted,8,1,0.125,covariate_outside,1,1.0,,1.0,0.0,,0.119,0.0,0.6307,0.481
