bed,block,block_label,tau,washout,washout_rule,delta,arm,adjustment,n_rows,n_answered,answered_share,top_reason,n_records,rate,rate_mcse,rate_record_mean,coverage,coverage_mcse,median_width,unbounded_share,median_bias,median_width_ratio
3w,15,15 min,0.0,0,ceil(3 tau),0.0,randomization,raw,12912,7332,0.5678,too_few,538,0.0491,0.0032,0.0481,0.9506,0.0032,1.8301,0.0,-0.0108,
3w,15,15 min,0.0,0,ceil(3 tau),0.0,randomization,adjusted,12912,7100,0.5499,too_few,480,0.048,0.0031,0.0475,0.952,0.0031,1.1506,0.0,0.0,0.6959
3w,15,15 min,0.0,0,ceil(3 tau),0.0,block_t,raw,12912,7332,0.5678,too_few,538,0.0445,0.0031,0.043,0.9555,0.0031,1.8163,0.0,-0.011,
3w,15,15 min,0.0,0,ceil(3 tau),0.0,block_t,adjusted,12912,7100,0.5499,too_few,480,0.0831,0.0041,0.0808,0.9169,0.0041,0.9647,0.0,0.0,0.5852
3w,15,15 min,0.0,0,ceil(3 tau),0.0,hac,raw,12912,7332,0.5678,too_few,538,0.1315,0.0048,0.1317,0.8685,0.0048,1.2805,0.0,-0.0108,
3w,15,15 min,0.0,0,ceil(3 tau),0.0,hac,adjusted,12912,7100,0.5499,too_few,480,0.1603,0.0051,0.1573,0.8397,0.0051,0.6999,0.0,0.0,0.623
3w,15,15 min,0.0,0,ceil(3 tau),0.0,ewc,raw,12912,7332,0.5678,too_few,538,0.0706,0.0038,0.0706,0.9294,0.0038,1.5654,0.0,-0.0108,
3w,15,15 min,0.0,0,ceil(3 tau),0.0,ewc,adjusted,12912,7100,0.5499,too_few,480,0.1042,0.0043,0.1024,0.8958,0.0043,0.874,0.0,0.0,0.6064
3w,15,15 min,0.0,0,ceil(3 tau),0.0,naive,raw,12912,7332,0.5678,too_few,538,0.5529,0.0071,0.5694,0.4471,0.0071,0.4717,0.0,-0.0108,
3w,15,15 min,0.0,0,ceil(3 tau),0.0,naive,adjusted,12912,7100,0.5499,too_few,480,0.5101,0.0066,0.5218,0.4899,0.0066,0.369,0.0,0.0,0.7527
3w,15,15 min,0.0,0,ceil(3 tau),0.0,prepost_hac,raw,3228,1770,0.5483,too_few,537,0.6525,0.0122,0.6858,0.3475,0.0122,1.1397,0.0,-0.1662,
3w,15,15 min,0.0,0,ceil(3 tau),0.0,prepost_hac,adjusted,3228,361,0.1118,covariate_outside,218,0.7368,0.0285,0.8456,0.2632,0.0285,0.9899,0.0,-0.2781,0.9314
3w,15,15 min,0.0,0,ceil(3 tau),0.0,prepost_ewc,raw,3228,1770,0.5483,too_few,537,0.635,0.0125,0.6763,0.365,0.0125,1.2122,0.0,-0.1662,
3w,15,15 min,0.0,0,ceil(3 tau),0.0,prepost_ewc,adjusted,3228,361,0.1118,covariate_outside,218,0.7036,0.0297,0.8261,0.2964,0.0297,1.0237,0.0,-0.2781,0.9474
3w,15,15 min,0.0,0,ceil(3 tau),0.1,randomization,raw,12912,7332,0.5678,too_few,538,0.0563,0.0033,0.0554,0.9506,0.0032,1.8301,0.0,-0.0108,
3w,15,15 min,0.0,0,ceil(3 tau),0.1,randomization,adjusted,12912,7100,0.5499,too_few,480,0.1276,0.0047,0.1307,0.952,0.0031,1.1506,0.0,0.0,0.6959
3w,15,15 min,0.0,0,ceil(3 tau),0.1,block_t,raw,12912,7332,0.5678,too_few,538,0.0516,0.0032,0.0499,0.9555,0.0031,1.8163,0.0,-0.011,
3w,15,15 min,0.0,0,ceil(3 tau),0.1,block_t,adjusted,12912,7100,0.5499,too_few,480,0.1732,0.0053,0.1742,0.9169,0.0041,0.9647,0.0,0.0,0.5852
3w,15,15 min,0.0,0,ceil(3 tau),0.1,hac,raw,12912,7332,0.5678,too_few,538,0.144,0.005,0.1438,0.8685,0.0048,1.2805,0.0,-0.0108,
3w,15,15 min,0.0,0,ceil(3 tau),0.1,hac,adjusted,12912,7100,0.5499,too_few,480,0.2685,0.0059,0.2697,0.8397,0.0051,0.6999,0.0,0.0,0.623
3w,15,15 min,0.0,0,ceil(3 tau),0.1,ewc,raw,12912,7332,0.5678,too_few,538,0.0835,0.0041,0.0838,0.9294,0.0038,1.5654,0.0,-0.0108,
3w,15,15 min,0.0,0,ceil(3 tau),0.1,ewc,adjusted,12912,7100,0.5499,too_few,480,0.202,0.0055,0.2048,0.8958,0.0043,0.874,0.0,0.0,0.6064
3w,15,15 min,0.0,0,ceil(3 tau),0.1,naive,raw,12912,7332,0.5678,too_few,538,0.563,0.0069,0.581,0.4471,0.0071,0.4717,0.0,-0.0108,
3w,15,15 min,0.0,0,ceil(3 tau),0.1,naive,adjusted,12912,7100,0.5499,too_few,480,0.5861,0.0061,0.5983,0.4899,0.0066,0.369,0.0,0.0,0.7527
3w,15,15 min,0.0,0,ceil(3 tau),0.1,prepost_hac,raw,3228,1770,0.5483,too_few,537,0.6576,0.0121,0.6892,0.3475,0.0122,1.1397,0.0,-0.1662,
3w,15,15 min,0.0,0,ceil(3 tau),0.1,prepost_hac,adjusted,3228,361,0.1118,covariate_outside,218,0.723,0.0276,0.8266,0.2632,0.0285,0.9899,0.0,-0.2781,0.9314
3w,15,15 min,0.0,0,ceil(3 tau),0.1,prepost_ewc,raw,3228,1770,0.5483,too_few,537,0.6322,0.0126,0.6741,0.365,0.0125,1.2122,0.0,-0.1662,
3w,15,15 min,0.0,0,ceil(3 tau),0.1,prepost_ewc,adjusted,3228,361,0.1118,covariate_outside,218,0.7008,0.0282,0.8112,0.2964,0.0297,1.0237,0.0,-0.2781,0.9474
3w,15,15 min,0.0,0,ceil(3 tau),0.25,randomization,raw,12912,7332,0.5678,too_few,538,0.1049,0.0043,0.0993,0.9506,0.0032,1.8301,0.0,-0.0108,
3w,15,15 min,0.0,0,ceil(3 tau),0.25,randomization,adjusted,12912,7100,0.5499,too_few,480,0.2644,0.0063,0.2725,0.952,0.0031,1.1506,0.0,0.0,0.6959
3w,15,15 min,0.0,0,ceil(3 tau),0.25,block_t,raw,12912,7332,0.5678,too_few,538,0.1031,0.0042,0.0975,0.9555,0.0031,1.8163,0.0,-0.011,
3w,15,15 min,0.0,0,ceil(3 tau),0.25,block_t,adjusted,12912,7100,0.5499,too_few,480,0.3277,0.0064,0.3329,0.9169,0.0041,0.9647,0.0,0.0,0.5852
3w,15,15 min,0.0,0,ceil(3 tau),0.25,hac,raw,12912,7332,0.5678,too_few,538,0.2286,0.0057,0.2277,0.8685,0.0048,1.2805,0.0,-0.0108,
3w,15,15 min,0.0,0,ceil(3 tau),0.25,hac,adjusted,12912,7100,0.5499,too_few,480,0.4552,0.0063,0.4603,0.8397,0.0051,0.6999,0.0,0.0,0.623
3w,15,15 min,0.0,0,ceil(3 tau),0.25,ewc,raw,12912,7332,0.5678,too_few,538,0.1432,0.0048,0.1393,0.9294,0.0038,1.5654,0.0,-0.0108,
3w,15,15 min,0.0,0,ceil(3 tau),0.25,ewc,adjusted,12912,7100,0.5499,too_few,480,0.3692,0.0065,0.3763,0.8958,0.0043,0.874,0.0,0.0,0.6064
3w,15,15 min,0.0,0,ceil(3 tau),0.25,naive,raw,12912,7332,0.5678,too_few,538,0.6294,0.0066,0.6406,0.4471,0.0071,0.4717,0.0,-0.0108,
3w,15,15 min,0.0,0,ceil(3 tau),0.25,naive,adjusted,12912,7100,0.5499,too_few,480,0.7077,0.0056,0.7176,0.4899,0.0066,0.369,0.0,0.0,0.7527
3w,15,15 min,0.0,0,ceil(3 tau),0.25,prepost_hac,raw,3228,1770,0.5483,too_few,537,0.6836,0.0116,0.7118,0.3475,0.0122,1.1397,0.0,-0.1662,
3w,15,15 min,0.0,0,ceil(3 tau),0.25,prepost_hac,adjusted,3228,361,0.1118,covariate_outside,218,0.7424,0.0249,0.8299,0.2632,0.0285,0.9899,0.0,-0.2781,0.9314
3w,15,15 min,0.0,0,ceil(3 tau),0.25,prepost_ewc,raw,3228,1770,0.5483,too_few,537,0.6548,0.0124,0.6916,0.365,0.0125,1.2122,0.0,-0.1662,
3w,15,15 min,0.0,0,ceil(3 tau),0.25,prepost_ewc,adjusted,3228,361,0.1118,covariate_outside,218,0.7119,0.0257,0.8113,0.2964,0.0297,1.0237,0.0,-0.2781,0.9474
3w,15,15 min,0.0,0,ceil(3 tau),0.5,randomization,raw,12912,7332,0.5678,too_few,538,0.2238,0.0056,0.214,0.9506,0.0032,1.8301,0.0,-0.0108,
3w,15,15 min,0.0,0,ceil(3 tau),0.5,randomization,adjusted,12912,7100,0.5499,too_few,480,0.48,0.0069,0.4901,0.952,0.0031,1.1506,0.0,0.0,0.6959
3w,15,15 min,0.0,0,ceil(3 tau),0.5,block_t,raw,12912,7332,0.5678,too_few,538,0.2192,0.0056,0.2096,0.9555,0.0031,1.8163,0.0,-0.011,
3w,15,15 min,0.0,0,ceil(3 tau),0.5,block_t,adjusted,12912,7100,0.5499,too_few,480,0.5575,0.0064,0.5607,0.9169,0.0041,0.9647,0.0,0.0,0.5852
3w,15,15 min,0.0,0,ceil(3 tau),0.5,hac,raw,12912,7332,0.5678,too_few,538,0.404,0.0067,0.3977,0.8685,0.0048,1.2805,0.0,-0.0108,
3w,15,15 min,0.0,0,ceil(3 tau),0.5,hac,adjusted,12912,7100,0.5499,too_few,480,0.6893,0.0057,0.6909,0.8397,0.0051,0.6999,0.0,0.0,0.623
3w,15,15 min,0.0,0,ceil(3 tau),0.5,ewc,raw,12912,7332,0.5678,too_few,538,0.2876,0.0061,0.2787,0.9294,0.0038,1.5654,0.0,-0.0108,
3w,15,15 min,0.0,0,ceil(3 tau),0.5,ewc,adjusted,12912,7100,0.5499,too_few,480,0.6121,0.0061,0.6162,0.8958,0.0043,0.874,0.0,0.0,0.6064
3w,15,15 min,0.0,0,ceil(3 tau),0.5,naive,raw,12912,7332,0.5678,too_few,538,0.7754,0.0054,0.7732,0.4471,0.0071,0.4717,0.0,-0.0108,
3w,15,15 min,0.0,0,ceil(3 tau),0.5,naive,adjusted,12912,7100,0.5499,too_few,480,0.8645,0.0041,0.869,0.4899,0.0066,0.369,0.0,0.0,0.7527
3w,15,15 min,0.0,0,ceil(3 tau),0.5,prepost_hac,raw,3228,1770,0.5483,too_few,537,0.7254,0.011,0.7464,0.3475,0.0122,1.1397,0.0,-0.1662,
3w,15,15 min,0.0,0,ceil(3 tau),0.5,prepost_hac,adjusted,3228,361,0.1118,covariate_outside,218,0.723,0.0238,0.7811,0.2632,0.0285,0.9899,0.0,-0.2781,0.9314
3w,15,15 min,0.0,0,ceil(3 tau),0.5,prepost_ewc,raw,3228,1770,0.5483,too_few,537,0.6949,0.012,0.7245,0.365,0.0125,1.2122,0.0,-0.1662,
3w,15,15 min,0.0,0,ceil(3 tau),0.5,prepost_ewc,adjusted,3228,361,0.1118,covariate_outside,218,0.7091,0.0243,0.793,0.2964,0.0297,1.0237,0.0,-0.2781,0.9474
3w,15,15 min,1.5,0,0,0.0,randomization,raw,12912,7332,0.5678,too_few,538,0.0491,0.0032,0.0481,0.9506,0.0032,1.8301,0.0,-0.0108,
3w,15,15 min,1.5,0,0,0.0,randomization,adjusted,12912,7100,0.5499,too_few,480,0.048,0.0031,0.0475,0.952,0.0031,1.1506,0.0,0.0,0.6959
3w,15,15 min,1.5,0,0,0.0,block_t,raw,12912,7332,0.5678,too_few,538,0.0445,0.0031,0.043,0.9555,0.0031,1.8163,0.0,-0.011,
3w,15,15 min,1.5,0,0,0.0,block_t,adjusted,12912,7100,0.5499,too_few,480,0.0831,0.0041,0.0808,0.9169,0.0041,0.9647,0.0,0.0,0.5852
3w,15,15 min,1.5,0,0,0.0,hac,raw,12912,7332,0.5678,too_few,538,0.1315,0.0048,0.1317,0.8685,0.0048,1.2805,0.0,-0.0108,
3w,15,15 min,1.5,0,0,0.0,hac,adjusted,12912,7100,0.5499,too_few,480,0.1603,0.0051,0.1573,0.8397,0.0051,0.6999,0.0,0.0,0.623
3w,15,15 min,1.5,0,0,0.0,ewc,raw,12912,7332,0.5678,too_few,538,0.0706,0.0038,0.0706,0.9294,0.0038,1.5654,0.0,-0.0108,
3w,15,15 min,1.5,0,0,0.0,ewc,adjusted,12912,7100,0.5499,too_few,480,0.1042,0.0043,0.1024,0.8958,0.0043,0.874,0.0,0.0,0.6064
3w,15,15 min,1.5,0,0,0.0,naive,raw,12912,7332,0.5678,too_few,538,0.5529,0.0071,0.5694,0.4471,0.0071,0.4717,0.0,-0.0108,
3w,15,15 min,1.5,0,0,0.0,naive,adjusted,12912,7100,0.5499,too_few,480,0.5101,0.0066,0.5218,0.4899,0.0066,0.369,0.0,0.0,0.7527
3w,15,15 min,1.5,0,0,0.0,prepost_hac,raw,3228,1770,0.5483,too_few,537,0.6525,0.0122,0.6858,0.3475,0.0122,1.1397,0.0,-0.1662,
3w,15,15 min,1.5,0,0,0.0,prepost_hac,adjusted,3228,361,0.1118,covariate_outside,218,0.7368,0.0285,0.8456,0.2632,0.0285,0.9899,0.0,-0.2781,0.9314
3w,15,15 min,1.5,0,0,0.0,prepost_ewc,raw,3228,1770,0.5483,too_few,537,0.635,0.0125,0.6763,0.365,0.0125,1.2122,0.0,-0.1662,
3w,15,15 min,1.5,0,0,0.0,prepost_ewc,adjusted,3228,361,0.1118,covariate_outside,218,0.7036,0.0297,0.8261,0.2964,0.0297,1.0237,0.0,-0.2781,0.9474
3w,15,15 min,1.5,0,0,0.1,randomization,raw,12912,7332,0.5678,too_few,538,0.0561,0.0033,0.0548,0.9505,0.0032,1.8305,0.0,-0.0177,
3w,15,15 min,1.5,0,0,0.1,randomization,adjusted,12912,7100,0.5499,too_few,480,0.1186,0.0045,0.1208,0.953,0.0031,1.1494,0.0,-0.0083,0.6965
3w,15,15 min,1.5,0,0,0.1,block_t,raw,12912,7332,0.5678,too_few,538,0.0505,0.0032,0.0494,0.9555,0.0031,1.8158,0.0,-0.0177,
3w,15,15 min,1.5,0,0,0.1,block_t,adjusted,12912,7100,0.5499,too_few,480,0.1655,0.0052,0.166,0.9192,0.004,0.9643,0.0,-0.0083,0.5852
3w,15,15 min,1.5,0,0,0.1,hac,raw,12912,7332,0.5678,too_few,538,0.142,0.005,0.1419,0.8692,0.0048,1.2805,0.0,-0.0177,
3w,15,15 min,1.5,0,0,0.1,hac,adjusted,12912,7100,0.5499,too_few,480,0.2589,0.0059,0.26,0.8406,0.0051,0.7009,0.0,-0.0083,0.6225
3w,15,15 min,1.5,0,0,0.1,ewc,raw,12912,7332,0.5678,too_few,538,0.081,0.004,0.0808,0.9292,0.0038,1.5648,0.0,-0.0177,
3w,15,15 min,1.5,0,0,0.1,ewc,adjusted,12912,7100,0.5499,too_few,480,0.1937,0.0054,0.196,0.8983,0.0042,0.8742,0.0,-0.0083,0.6064
3w,15,15 min,1.5,0,0,0.1,naive,raw,12912,7332,0.5678,too_few,538,0.5631,0.0069,0.5807,0.4472,0.0071,0.4719,0.0,-0.0177,
3w,15,15 min,1.5,0,0,0.1,naive,adjusted,12912,7100,0.5499,too_few,480,0.5759,0.0061,0.5879,0.4911,0.0066,0.3691,0.0,-0.0083,0.7528
3w,15,15 min,1.5,0,0,0.1,prepost_hac,raw,3228,1770,0.5483,too_few,537,0.6571,0.0121,0.6887,0.348,0.0122,1.1373,0.0,-0.1671,
3w,15,15 min,1.5,0,0,0.1,prepost_hac,adjusted,3228,361,0.1118,covariate_outside,218,0.723,0.0276,0.8266,0.2659,0.0289,0.9949,0.0,-0.2789,0.9341
3w,15,15 min,1.5,0,0,0.1,prepost_ewc,raw,3228,1770,0.5483,too_few,537,0.6322,0.0126,0.6741,0.365,0.0125,1.2112,0.0,-0.1671,
3w,15,15 min,1.5,0,0,0.1,prepost_ewc,adjusted,3228,361,0.1118,covariate_outside,218,0.7008,0.0282,0.8112,0.2964,0.0297,1.0234,0.0,-0.2789,0.9475
3w,15,15 min,1.5,0,0,0.25,randomization,raw,12912,7332,0.5678,too_few,538,0.096,0.0041,0.0914,0.9509,0.0032,1.8309,0.0,-0.0295,
3w,15,15 min,1.5,0,0,0.25,randomization,adjusted,12912,7100,0.5499,too_few,480,0.2438,0.0061,0.2513,0.9525,0.0031,1.1467,0.0,-0.0211,0.6968
3w,15,15 min,1.5,0,0,0.25,block_t,raw,12912,7332,0.5678,too_few,538,0.0925,0.004,0.0877,0.9554,0.0031,1.8154,0.0,-0.0298,
3w,15,15 min,1.5,0,0,0.25,block_t,adjusted,12912,7100,0.5499,too_few,480,0.3062,0.0063,0.3112,0.9203,0.0039,0.9649,0.0,-0.0212,0.5854
3w,15,15 min,1.5,0,0,0.25,hac,raw,12912,7332,0.5678,too_few,538,0.214,0.0056,0.2134,0.8695,0.0048,1.2806,0.0,-0.0295,
3w,15,15 min,1.5,0,0,0.25,hac,adjusted,12912,7100,0.5499,too_few,480,0.429,0.0063,0.4344,0.8414,0.0051,0.7013,0.0,-0.0211,0.6229
3w,15,15 min,1.5,0,0,0.25,ewc,raw,12912,7332,0.5678,too_few,538,0.1326,0.0047,0.1292,0.9292,0.0038,1.5646,0.0,-0.0295,
3w,15,15 min,1.5,0,0,0.25,ewc,adjusted,12912,7100,0.5499,too_few,480,0.3479,0.0064,0.3547,0.8997,0.0042,0.8747,0.0,-0.0211,0.6068
3w,15,15 min,1.5,0,0,0.25,naive,raw,12912,7332,0.5678,too_few,538,0.6165,0.0066,0.6293,0.4479,0.0071,0.4719,0.0,-0.0295,
3w,15,15 min,1.5,0,0,0.25,naive,adjusted,12912,7100,0.5499,too_few,480,0.6925,0.0057,0.7032,0.493,0.0066,0.3692,0.0,-0.0211,0.7529
3w,15,15 min,1.5,0,0,0.25,prepost_hac,raw,3228,1770,0.5483,too_few,537,0.6853,0.0115,0.713,0.348,0.0122,1.1372,0.0,-0.1684,
3w,15,15 min,1.5,0,0,0.25,prepost_hac,adjusted,3228,361,0.1118,covariate_outside,218,0.7424,0.0249,0.8299,0.2659,0.0289,0.9922,0.0,-0.2803,0.9323
3w,15,15 min,1.5,0,0,0.25,prepost_ewc,raw,3228,1770,0.5483,too_few,537,0.6548,0.0124,0.6916,0.3655,0.0125,1.2119,0.0,-0.1684,
3w,15,15 min,1.5,0,0,0.25,prepost_ewc,adjusted,3228,361,0.1118,covariate_outside,218,0.7119,0.0257,0.8113,0.2964,0.0297,1.0214,0.0,-0.2803,0.9478
3w,15,15 min,1.5,0,0,0.5,randomization,raw,12912,7332,0.5678,too_few,538,0.1999,0.0054,0.1909,0.9504,0.0033,1.8308,0.0,-0.05,
3w,15,15 min,1.5,0,0,0.5,randomization,adjusted,12912,7100,0.5499,too_few,480,0.4466,0.0069,0.458,0.9521,0.0031,1.1466,0.0,-0.0433,0.6966
3w,15,15 min,1.5,0,0,0.5,block_t,raw,12912,7332,0.5678,too_few,538,0.1978,0.0054,0.1886,0.9557,0.0031,1.8165,0.0,-0.05,
3w,15,15 min,1.5,0,0,0.5,block_t,adjusted,12912,7100,0.5499,too_few,480,0.521,0.0065,0.5256,0.9196,0.004,0.9659,0.0,-0.0433,0.5843
3w,15,15 min,1.5,0,0,0.5,hac,raw,12912,7332,0.5678,too_few,538,0.3745,0.0065,0.3695,0.8699,0.0048,1.2822,0.0,-0.05,
3w,15,15 min,1.5,0,0,0.5,hac,adjusted,12912,7100,0.5499,too_few,480,0.6565,0.0058,0.6592,0.8415,0.005,0.7025,0.0,-0.0433,0.6228
3w,15,15 min,1.5,0,0,0.5,ewc,raw,12912,7332,0.5678,too_few,538,0.2646,0.006,0.2563,0.9291,0.0038,1.5636,0.0,-0.05,
3w,15,15 min,1.5,0,0,0.5,ewc,adjusted,12912,7100,0.5499,too_few,480,0.5741,0.0062,0.5802,0.9013,0.0041,0.8754,0.0,-0.0433,0.6069
3w,15,15 min,1.5,0,0,0.5,naive,raw,12912,7332,0.5678,too_few,538,0.7559,0.0056,0.7551,0.4484,0.0071,0.4727,0.0,-0.05,
3w,15,15 min,1.5,0,0,0.5,naive,adjusted,12912,7100,0.5499,too_few,480,0.8445,0.0044,0.85,0.4985,0.0066,0.37,0.0,-0.0433,0.7534
3w,15,15 min,1.5,0,0,0.5,prepost_hac,raw,3228,1770,0.5483,too_few,537,0.7271,0.011,0.7478,0.3475,0.0122,1.1339,0.0,-0.1706,
3w,15,15 min,1.5,0,0,0.5,prepost_hac,adjusted,3228,361,0.1118,covariate_outside,218,0.7258,0.0237,0.7857,0.2659,0.0289,1.0056,0.0,-0.2824,0.9303
3w,15,15 min,1.5,0,0,0.5,prepost_ewc,raw,3228,1770,0.5483,too_few,537,0.6938,0.0119,0.7237,0.365,0.0126,1.2107,0.0,-0.1706,
3w,15,15 min,1.5,0,0,0.5,prepost_ewc,adjusted,3228,361,0.1118,covariate_outside,218,0.7119,0.024,0.7939,0.2992,0.0296,1.0253,0.0,-0.2824,0.947
3w,15,15 min,1.5,5,ceil(3 tau),0.0,randomization,raw,12912,7316,0.5666,too_few,538,0.051,0.0032,0.0497,0.9489,0.0032,1.8547,0.0,-0.0137,
3w,15,15 min,1.5,5,ceil(3 tau),0.0,randomization,adjusted,12912,7084,0.5486,too_few,480,0.0495,0.0033,0.0501,0.9505,0.0033,1.2312,0.0,0.0,0.7221
3w,15,15 min,1.5,5,ceil(3 tau),0.0,block_t,raw,12912,7316,0.5666,too_few,538,0.047,0.0031,0.0455,0.953,0.0031,1.8407,0.0,-0.0132,
3w,15,15 min,1.5,5,ceil(3 tau),0.0,block_t,adjusted,12912,7084,0.5486,too_few,480,0.087,0.0043,0.0833,0.913,0.0043,1.0189,0.0,0.0,0.5968
3w,15,15 min,1.5,5,ceil(3 tau),0.0,hac,raw,12912,7316,0.5666,too_few,538,0.1279,0.0048,0.129,0.8721,0.0048,1.3085,0.0,-0.0137,
3w,15,15 min,1.5,5,ceil(3 tau),0.0,hac,adjusted,12912,7084,0.5486,too_few,480,0.1611,0.0052,0.1569,0.8389,0.0052,0.7606,0.0,0.0,0.6428
3w,15,15 min,1.5,5,ceil(3 tau),0.0,ewc,raw,12912,7316,0.5666,too_few,538,0.0565,0.0034,0.0542,0.9435,0.0034,1.7519,0.0,-0.0137,
3w,15,15 min,1.5,5,ceil(3 tau),0.0,ewc,adjusted,12912,7084,0.5486,too_few,480,0.0946,0.0042,0.0924,0.9054,0.0042,0.974,0.0,0.0,0.604
3w,15,15 min,1.5,5,ceil(3 tau),0.0,naive,raw,12912,7316,0.5666,too_few,538,0.4906,0.0071,0.5058,0.5094,0.0071,0.5744,0.0,-0.0137,
3w,15,15 min,1.5,5,ceil(3 tau),0.0,naive,adjusted,12912,7084,0.5486,too_few,480,0.4637,0.0067,0.476,0.5363,0.0067,0.4504,0.0,0.0,0.7514
3w,15,15 min,1.5,5,ceil(3 tau),0.0,prepost_hac,raw,3228,1751,0.5424,too_few,537,0.6602,0.0121,0.6939,0.3398,0.0121,1.0978,0.0,-0.1793,
3w,15,15 min,1.5,5,ceil(3 tau),0.0,prepost_hac,adjusted,3228,331,0.1025,covariate_outside,205,0.7341,0.0284,0.8397,0.2659,0.0284,0.9439,0.0,-0.2874,0.9445
3w,15,15 min,1.5,5,ceil(3 tau),0.0,prepost_ewc,raw,3228,1751,0.5424,too_few,537,0.6368,0.0125,0.6783,0.3632,0.0125,1.1795,0.0,-0.1793,
3w,15,15 min,1.5,5,ceil(3 tau),0.0,prepost_ewc,adjusted,3228,331,0.1025,covariate_outside,205,0.7039,0.031,0.8248,0.2961,0.031,0.9978,0.0,-0.2874,0.9503
3w,15,15 min,1.5,5,ceil(3 tau),0.1,randomization,raw,12912,7316,0.5666,too_few,538,0.057,0.0034,0.0557,0.9486,0.0032,1.8547,0.0,-0.0142,
3w,15,15 min,1.5,5,ceil(3 tau),0.1,randomization,adjusted,12912,7084,0.5486,too_few,480,0.1198,0.0046,0.1213,0.9507,0.0033,1.2313,0.0,-0.0005,0.722
3w,15,15 min,1.5,5,ceil(3 tau),0.1,block_t,raw,12912,7316,0.5666,too_few,538,0.0528,0.0033,0.0513,0.953,0.0031,1.8408,0.0,-0.0136,
3w,15,15 min,1.5,5,ceil(3 tau),0.1,block_t,adjusted,12912,7084,0.5486,too_few,480,0.1687,0.0052,0.1681,0.9135,0.0042,1.019,0.0,-0.0005,0.5968
3w,15,15 min,1.5,5,ceil(3 tau),0.1,hac,raw,12912,7316,0.5666,too_few,538,0.1383,0.0048,0.1384,0.8722,0.0048,1.3084,0.0,-0.0142,
3w,15,15 min,1.5,5,ceil(3 tau),0.1,hac,adjusted,12912,7084,0.5486,too_few,480,0.2617,0.0058,0.2636,0.8394,0.0052,0.7606,0.0,-0.0005,0.6428
3w,15,15 min,1.5,5,ceil(3 tau),0.1,ewc,raw,12912,7316,0.5666,too_few,538,0.0657,0.0035,0.0642,0.9435,0.0034,1.7519,0.0,-0.0142,
3w,15,15 min,1.5,5,ceil(3 tau),0.1,ewc,adjusted,12912,7084,0.5486,too_few,480,0.1805,0.0053,0.181,0.9061,0.0041,0.9739,0.0,-0.0005,0.6041
3w,15,15 min,1.5,5,ceil(3 tau),0.1,naive,raw,12912,7316,0.5666,too_few,538,0.4989,0.0071,0.5169,0.5094,0.0071,0.5744,0.0,-0.0142,
3w,15,15 min,1.5,5,ceil(3 tau),0.1,naive,adjusted,12912,7084,0.5486,too_few,480,0.534,0.0062,0.5464,0.5364,0.0067,0.4504,0.0,-0.0005,0.7513
3w,15,15 min,1.5,5,ceil(3 tau),0.1,prepost_hac,raw,3228,1751,0.5424,too_few,537,0.6648,0.012,0.6988,0.3398,0.0121,1.0978,0.0,-0.1794,
3w,15,15 min,1.5,5,ceil(3 tau),0.1,prepost_hac,adjusted,3228,331,0.1025,covariate_outside,205,0.7281,0.0279,0.8306,0.2659,0.0284,0.9429,0.0,-0.2874,0.9445
3w,15,15 min,1.5,5,ceil(3 tau),0.1,prepost_ewc,raw,3228,1751,0.5424,too_few,537,0.6436,0.0126,0.6866,0.3632,0.0125,1.1795,0.0,-0.1794,
3w,15,15 min,1.5,5,ceil(3 tau),0.1,prepost_ewc,adjusted,3228,331,0.1025,covariate_outside,205,0.719,0.0278,0.8258,0.2961,0.031,0.9977,0.0,-0.2874,0.9503
3w,15,15 min,1.5,5,ceil(3 tau),0.25,randomization,raw,12912,7316,0.5666,too_few,538,0.0981,0.0041,0.0941,0.9487,0.0032,1.8544,0.0,-0.0148,
3w,15,15 min,1.5,5,ceil(3 tau),0.25,randomization,adjusted,12912,7084,0.5486,too_few,480,0.25,0.0061,0.2591,0.9512,0.0032,1.2313,0.0,-0.0012,0.722
3w,15,15 min,1.5,5,ceil(3 tau),0.25,block_t,raw,12912,7316,0.5666,too_few,538,0.0938,0.004,0.0899,0.953,0.0031,1.8408,0.0,-0.0143,
3w,15,15 min,1.5,5,ceil(3 tau),0.25,block_t,adjusted,12912,7084,0.5486,too_few,480,0.3089,0.0063,0.3154,0.9146,0.0042,1.019,0.0,-0.0012,0.5969
3w,15,15 min,1.5,5,ceil(3 tau),0.25,hac,raw,12912,7316,0.5666,too_few,538,0.213,0.0055,0.2148,0.8722,0.0048,1.3085,0.0,-0.0148,
3w,15,15 min,1.5,5,ceil(3 tau),0.25,hac,adjusted,12912,7084,0.5486,too_few,480,0.4269,0.0063,0.4342,0.8395,0.0052,0.7606,0.0,-0.0012,0.6427
3w,15,15 min,1.5,5,ceil(3 tau),0.25,ewc,raw,12912,7316,0.5666,too_few,538,0.1139,0.0043,0.1101,0.9435,0.0034,1.7518,0.0,-0.0148,
3w,15,15 min,1.5,5,ceil(3 tau),0.25,ewc,adjusted,12912,7084,0.5486,too_few,480,0.3313,0.0062,0.3401,0.9063,0.0041,0.9737,0.0,-0.0012,0.6042
3w,15,15 min,1.5,5,ceil(3 tau),0.25,naive,raw,12912,7316,0.5666,too_few,538,0.5596,0.0067,0.5701,0.5096,0.0071,0.5744,0.0,-0.0148,
3w,15,15 min,1.5,5,ceil(3 tau),0.25,naive,adjusted,12912,7084,0.5486,too_few,480,0.6549,0.0059,0.6655,0.5363,0.0067,0.4504,0.0,-0.0012,0.7513
3w,15,15 min,1.5,5,ceil(3 tau),0.25,prepost_hac,raw,3228,1751,0.5424,too_few,537,0.691,0.0118,0.7216,0.3398,0.0121,1.0978,0.0,-0.1794,
3w,15,15 min,1.5,5,ceil(3 tau),0.25,prepost_hac,adjusted,3228,331,0.1025,covariate_outside,205,0.7462,0.0273,0.8329,0.2659,0.0284,0.943,0.0,-0.2875,0.9445
3w,15,15 min,1.5,5,ceil(3 tau),0.25,prepost_ewc,raw,3228,1751,0.5424,too_few,537,0.6608,0.0123,0.6986,0.3632,0.0125,1.1795,0.0,-0.1794,
3w,15,15 min,1.5,5,ceil(3 tau),0.25,prepost_ewc,adjusted,3228,331,0.1025,covariate_outside,205,0.716,0.0273,0.815,0.2961,0.031,0.9977,0.0,-0.2875,0.9503
3w,15,15 min,1.5,5,ceil(3 tau),0.5,randomization,raw,12912,7316,0.5666,too_few,538,0.2023,0.0053,0.1956,0.9489,0.0032,1.854,0.0,-0.0159,
3w,15,15 min,1.5,5,ceil(3 tau),0.5,randomization,adjusted,12912,7084,0.5486,too_few,480,0.4454,0.0068,0.4589,0.9514,0.0032,1.2309,0.0,-0.0023,0.7221
3w,15,15 min,1.5,5,ceil(3 tau),0.5,block_t,raw,12912,7316,0.5666,too_few,538,0.2002,0.0054,0.1939,0.953,0.0031,1.841,0.0,-0.0153,
3w,15,15 min,1.5,5,ceil(3 tau),0.5,block_t,adjusted,12912,7084,0.5486,too_few,480,0.5311,0.0064,0.5359,0.9152,0.0042,1.0191,0.0,-0.0023,0.5968
3w,15,15 min,1.5,5,ceil(3 tau),0.5,hac,raw,12912,7316,0.5666,too_few,538,0.3829,0.0066,0.3804,0.8722,0.0048,1.3086,0.0,-0.0159,
3w,15,15 min,1.5,5,ceil(3 tau),0.5,hac,adjusted,12912,7084,0.5486,too_few,480,0.6587,0.0059,0.6627,0.8398,0.0052,0.7606,0.0,-0.0023,0.6426
3w,15,15 min,1.5,5,ceil(3 tau),0.5,ewc,raw,12912,7316,0.5666,too_few,538,0.2406,0.0057,0.2368,0.9435,0.0034,1.7517,0.0,-0.0159,
3w,15,15 min,1.5,5,ceil(3 tau),0.5,ewc,adjusted,12912,7084,0.5486,too_few,480,0.5603,0.0063,0.5671,0.9068,0.0041,0.9735,0.0,-0.0023,0.6044
3w,15,15 min,1.5,5,ceil(3 tau),0.5,naive,raw,12912,7316,0.5666,too_few,538,0.7231,0.0059,0.7238,0.5096,0.0071,0.5745,0.0,-0.0159,
3w,15,15 min,1.5,5,ceil(3 tau),0.5,naive,adjusted,12912,7084,0.5486,too_few,480,0.8193,0.0047,0.8266,0.537,0.0067,0.4503,0.0,-0.0023,0.7514
3w,15,15 min,1.5,5,ceil(3 tau),0.5,prepost_hac,raw,3228,1751,0.5424,too_few,537,0.7253,0.0112,0.7461,0.3398,0.0121,1.0978,0.0,-0.1795,
3w,15,15 min,1.5,5,ceil(3 tau),0.5,prepost_hac,adjusted,3228,331,0.1025,covariate_outside,205,0.7462,0.0245,0.8102,0.2659,0.0284,0.9432,0.0,-0.2876,0.9445
3w,15,15 min,1.5,5,ceil(3 tau),0.5,prepost_ewc,raw,3228,1751,0.5424,too_few,537,0.6979,0.012,0.7275,0.3632,0.0125,1.1794,0.0,-0.1795,
3w,15,15 min,1.5,5,ceil(3 tau),0.5,prepost_ewc,adjusted,3228,331,0.1025,covariate_outside,205,0.713,0.0247,0.7893,0.2961,0.031,0.9977,0.0,-0.2876,0.9502
3w,15,15 min,3.75,0,0,0.0,randomization,raw,12912,7332,0.5678,too_few,538,0.0491,0.0032,0.0481,0.9506,0.0032,1.8301,0.0,-0.0108,
3w,15,15 min,3.75,0,0,0.0,randomization,adjusted,12912,7100,0.5499,too_few,480,0.048,0.0031,0.0475,0.952,0.0031,1.1506,0.0,0.0,0.6959
3w,15,15 min,3.75,0,0,0.0,block_t,raw,12912,7332,0.5678,too_few,538,0.0445,0.0031,0.043,0.9555,0.0031,1.8163,0.0,-0.011,
3w,15,15 min,3.75,0,0,0.0,block_t,adjusted,12912,7100,0.5499,too_few,480,0.0831,0.0041,0.0808,0.9169,0.0041,0.9647,0.0,0.0,0.5852
3w,15,15 min,3.75,0,0,0.0,hac,raw,12912,7332,0.5678,too_few,538,0.1315,0.0048,0.1317,0.8685,0.0048,1.2805,0.0,-0.0108,
3w,15,15 min,3.75,0,0,0.0,hac,adjusted,12912,7100,0.5499,too_few,480,0.1603,0.0051,0.1573,0.8397,0.0051,0.6999,0.0,0.0,0.623
3w,15,15 min,3.75,0,0,0.0,ewc,raw,12912,7332,0.5678,too_few,538,0.0706,0.0038,0.0706,0.9294,0.0038,1.5654,0.0,-0.0108,
3w,15,15 min,3.75,0,0,0.0,ewc,adjusted,12912,7100,0.5499,too_few,480,0.1042,0.0043,0.1024,0.8958,0.0043,0.874,0.0,0.0,0.6064
3w,15,15 min,3.75,0,0,0.0,naive,raw,12912,7332,0.5678,too_few,538,0.5529,0.0071,0.5694,0.4471,0.0071,0.4717,0.0,-0.0108,
3w,15,15 min,3.75,0,0,0.0,naive,adjusted,12912,7100,0.5499,too_few,480,0.5101,0.0066,0.5218,0.4899,0.0066,0.369,0.0,0.0,0.7527
3w,15,15 min,3.75,0,0,0.0,prepost_hac,raw,3228,1770,0.5483,too_few,537,0.6525,0.0122,0.6858,0.3475,0.0122,1.1397,0.0,-0.1662,
3w,15,15 min,3.75,0,0,0.0,prepost_hac,adjusted,3228,361,0.1118,covariate_outside,218,0.7368,0.0285,0.8456,0.2632,0.0285,0.9899,0.0,-0.2781,0.9314
3w,15,15 min,3.75,0,0,0.0,prepost_ewc,raw,3228,1770,0.5483,too_few,537,0.635,0.0125,0.6763,0.365,0.0125,1.2122,0.0,-0.1662,
3w,15,15 min,3.75,0,0,0.0,prepost_ewc,adjusted,3228,361,0.1118,covariate_outside,218,0.7036,0.0297,0.8261,0.2964,0.0297,1.0237,0.0,-0.2781,0.9474
3w,15,15 min,3.75,0,0,0.1,randomization,raw,12912,7332,0.5678,too_few,538,0.055,0.0033,0.0543,0.9508,0.0033,1.8307,0.0,-0.0342,
3w,15,15 min,3.75,0,0,0.1,randomization,adjusted,12912,7100,0.5499,too_few,480,0.1035,0.0043,0.1047,0.9527,0.0031,1.1476,0.0,-0.0258,0.6963
3w,15,15 min,3.75,0,0,0.1,block_t,raw,12912,7332,0.5678,too_few,538,0.0495,0.0032,0.0488,0.9554,0.0031,1.8156,0.0,-0.0342,
3w,15,15 min,3.75,0,0,0.1,block_t,adjusted,12912,7100,0.5499,too_few,480,0.1463,0.005,0.1452,0.9207,0.0039,0.9645,0.0,-0.0258,0.5853
3w,15,15 min,3.75,0,0,0.1,hac,raw,12912,7332,0.5678,too_few,538,0.1368,0.0049,0.1366,0.8693,0.0048,1.2817,0.0,-0.0342,
3w,15,15 min,3.75,0,0,0.1,hac,adjusted,12912,7100,0.5499,too_few,480,0.238,0.0057,0.2379,0.842,0.005,0.7022,0.0,-0.0258,0.622
3w,15,15 min,3.75,0,0,0.1,ewc,raw,12912,7332,0.5678,too_few,538,0.0773,0.0039,0.0773,0.9291,0.0038,1.5641,0.0,-0.0342,
3w,15,15 min,3.75,0,0,0.1,ewc,adjusted,12912,7100,0.5499,too_few,480,0.1692,0.0051,0.1697,0.8996,0.0042,0.875,0.0,-0.0258,0.6062
3w,15,15 min,3.75,0,0,0.1,naive,raw,12912,7332,0.5678,too_few,538,0.5622,0.0069,0.5789,0.4475,0.0071,0.4718,0.0,-0.0342,
3w,15,15 min,3.75,0,0,0.1,naive,adjusted,12912,7100,0.5499,too_few,480,0.5652,0.0062,0.577,0.4903,0.0066,0.3692,0.0,-0.0258,0.7528
3w,15,15 min,3.75,0,0,0.1,prepost_hac,raw,3228,1770,0.5483,too_few,537,0.6565,0.0121,0.6881,0.348,0.0122,1.1366,0.0,-0.1689,
3w,15,15 min,3.75,0,0,0.1,prepost_hac,adjusted,3228,361,0.1118,covariate_outside,218,0.723,0.0276,0.8266,0.2659,0.0289,0.9911,0.0,-0.2808,0.9337
3w,15,15 min,3.75,0,0,0.1,prepost_ewc,raw,3228,1770,0.5483,too_few,537,0.6322,0.0126,0.6736,0.3655,0.0125,1.2125,0.0,-0.1689,
3w,15,15 min,3.75,0,0,0.1,prepost_ewc,adjusted,3228,361,0.1118,covariate_outside,218,0.7008,0.0282,0.8112,0.2964,0.0297,1.0226,0.0,-0.2808,0.9476
3w,15,15 min,3.75,0,0,0.25,randomization,raw,12912,7332,0.5678,too_few,538,0.0829,0.0039,0.0785,0.9506,0.0032,1.8328,0.0,-0.0698,
3w,15,15 min,3.75,0,0,0.25,randomization,adjusted,12912,7100,0.5499,too_few,480,0.2034,0.0057,0.209,0.952,0.0031,1.1465,0.0,-0.0652,0.6966
3w,15,15 min,3.75,0,0,0.25,block_t,raw,12912,7332,0.5678,too_few,538,0.0787,0.0038,0.0744,0.9559,0.0031,1.8167,0.0,-0.0696,
3w,15,15 min,3.75,0,0,0.25,block_t,adjusted,12912,7100,0.5499,too_few,480,0.2604,0.0061,0.2635,0.9199,0.0039,0.966,0.0,-0.0653,0.5849
3w,15,15 min,3.75,0,0,0.25,hac,raw,12912,7332,0.5678,too_few,538,0.1847,0.0055,0.1841,0.8695,0.0049,1.28,0.0,-0.0698,
3w,15,15 min,3.75,0,0,0.25,hac,adjusted,12912,7100,0.5499,too_few,480,0.3715,0.0063,0.3768,0.8399,0.005,0.7036,0.0,-0.0652,0.6233
3w,15,15 min,3.75,0,0,0.25,ewc,raw,12912,7332,0.5678,too_few,538,0.1131,0.0045,0.1102,0.9285,0.0038,1.5629,0.0,-0.0698,
3w,15,15 min,3.75,0,0,0.25,ewc,adjusted,12912,7100,0.5499,too_few,480,0.293,0.0061,0.2993,0.9001,0.0041,0.8763,0.0,-0.0652,0.6066
3w,15,15 min,3.75,0,0,0.25,naive,raw,12912,7332,0.5678,too_few,538,0.6016,0.0067,0.6169,0.448,0.0071,0.4725,0.0,-0.0698,
3w,15,15 min,3.75,0,0,0.25,naive,adjusted,12912,7100,0.5499,too_few,480,0.6555,0.0059,0.6679,0.4948,0.0066,0.3698,0.0,-0.0652,0.7533
3w,15,15 min,3.75,0,0,0.25,prepost_hac,raw,3228,1770,0.5483,too_few,537,0.6825,0.0116,0.7107,0.3486,0.0122,1.1378,0.0,-0.173,
3w,15,15 min,3.75,0,0,0.25,prepost_hac,adjusted,3228,361,0.1118,covariate_outside,218,0.7396,0.0253,0.8287,0.2659,0.0289,0.994,0.0,-0.2849,0.932
3w,15,15 min,3.75,0,0,0.25,prepost_ewc,raw,3228,1770,0.5483,too_few,537,0.6537,0.0124,0.6909,0.3661,0.0125,1.2101,0.0,-0.173,
3w,15,15 min,3.75,0,0,0.25,prepost_ewc,adjusted,3228,361,0.1118,covariate_outside,218,0.7036,0.0256,0.8037,0.2992,0.0296,1.0295,0.0,-0.2849,0.9466
3w,15,15 min,3.75,0,0,0.5,randomization,raw,12912,7332,0.5678,too_few,538,0.1578,0.005,0.1493,0.9506,0.0033,1.8334,0.0,-0.1281,
3w,15,15 min,3.75,0,0,0.5,randomization,adjusted,12912,7100,0.5499,too_few,480,0.3728,0.0068,0.384,0.9531,0.003,1.1554,0.0,-0.1311,0.6985
3w,15,15 min,3.75,0,0,0.5,block_t,raw,12912,7332,0.5678,too_few,538,0.1558,0.005,0.1479,0.9551,0.0031,1.8186,0.0,-0.1281,
3w,15,15 min,3.75,0,0,0.5,block_t,adjusted,12912,7100,0.5499,too_few,480,0.443,0.0067,0.4492,0.9224,0.0038,0.9695,0.0,-0.1311,0.5859
3w,15,15 min,3.75,0,0,0.5,hac,raw,12912,7332,0.5678,too_few,538,0.3122,0.0063,0.3048,0.871,0.0048,1.2858,0.0,-0.1281,
3w,15,15 min,3.75,0,0,0.5,hac,adjusted,12912,7100,0.5499,too_few,480,0.5787,0.0062,0.5829,0.8427,0.0049,0.7083,0.0,-0.1311,0.6241
3w,15,15 min,3.75,0,0,0.5,ewc,raw,12912,7332,0.5678,too_few,538,0.2113,0.0056,0.2051,0.9291,0.0038,1.565,0.0,-0.1281,
3w,15,15 min,3.75,0,0,0.5,ewc,adjusted,12912,7100,0.5499,too_few,480,0.489,0.0065,0.4964,0.9032,0.004,0.8803,0.0,-0.1311,0.6063
3w,15,15 min,3.75,0,0,0.5,naive,raw,12912,7332,0.5678,too_few,538,0.713,0.006,0.7149,0.4486,0.0071,0.4741,0.0,-0.1281,
3w,15,15 min,3.75,0,0,0.5,naive,adjusted,12912,7100,0.5499,too_few,480,0.7945,0.0049,0.801,0.5038,0.0065,0.3724,0.0,-0.1311,0.7563
3w,15,15 min,3.75,0,0,0.5,prepost_hac,raw,3228,1770,0.5483,too_few,537,0.7254,0.0111,0.7467,0.3503,0.0123,1.1331,0.0,-0.1798,
3w,15,15 min,3.75,0,0,0.5,prepost_hac,adjusted,3228,361,0.1118,covariate_outside,218,0.7313,0.0235,0.796,0.2659,0.0289,0.9959,0.0,-0.2917,0.9282
3w,15,15 min,3.75,0,0,0.5,prepost_ewc,raw,3228,1770,0.5483,too_few,537,0.6944,0.012,0.7245,0.3655,0.0125,1.2141,0.0,-0.1798,
3w,15,15 min,3.75,0,0,0.5,prepost_ewc,adjusted,3228,361,0.1118,covariate_outside,218,0.7147,0.0241,0.7962,0.3019,0.0296,1.0309,0.0,-0.2917,0.9461
3w,15,15 min,3.75,12,ceil(3 tau),0.0,randomization,raw,12912,7300,0.5654,too_few,538,0.0503,0.0031,0.0485,0.9495,0.0031,1.9221,0.0,-0.0195,
3w,15,15 min,3.75,12,ceil(3 tau),0.0,randomization,adjusted,12912,6876,0.5325,too_few,472,0.0529,0.0036,0.0523,0.9471,0.0036,1.4601,0.0,0.0,0.7726
3w,15,15 min,3.75,12,ceil(3 tau),0.0,block_t,raw,12912,7300,0.5654,too_few,538,0.0474,0.0031,0.0457,0.9526,0.0031,1.9236,0.0,-0.0194,
3w,15,15 min,3.75,12,ceil(3 tau),0.0,block_t,adjusted,12912,6876,0.5325,too_few,472,0.0971,0.0047,0.0932,0.9029,0.0047,1.162,0.0,0.0,0.6173
3w,15,15 min,3.75,12,ceil(3 tau),0.0,hac,raw,12912,7300,0.5654,too_few,538,0.1185,0.0045,0.1184,0.8815,0.0045,1.4225,0.0,-0.0195,
3w,15,15 min,3.75,12,ceil(3 tau),0.0,hac,adjusted,12912,6876,0.5325,too_few,472,0.1611,0.0054,0.1589,0.8389,0.0054,0.9516,0.0,0.0,0.6676
3w,15,15 min,3.75,12,ceil(3 tau),0.0,ewc,raw,12912,7300,0.5654,too_few,538,0.0414,0.0026,0.0399,0.9586,0.0026,2.1679,0.0,-0.0195,
3w,15,15 min,3.75,12,ceil(3 tau),0.0,ewc,adjusted,12912,6876,0.5325,too_few,472,0.075,0.0037,0.0717,0.925,0.0037,1.259,0.0,0.0,0.635
3w,15,15 min,3.75,12,ceil(3 tau),0.0,naive,raw,12912,7300,0.5654,too_few,538,0.2611,0.0063,0.2657,0.7389,0.0063,1.0481,0.0,-0.0195,
3w,15,15 min,3.75,12,ceil(3 tau),0.0,naive,adjusted,12912,6876,0.5325,too_few,472,0.2657,0.0065,0.2734,0.7343,0.0065,0.8209,0.0,0.0,0.7597
3w,15,15 min,3.75,12,ceil(3 tau),0.0,prepost_hac,raw,3228,1755,0.5437,too_few,537,0.6615,0.0122,0.6962,0.3385,0.0122,1.0625,0.0,-0.2088,
3w,15,15 min,3.75,12,ceil(3 tau),0.0,prepost_hac,adjusted,3228,327,0.1013,covariate_outside,203,0.7309,0.0281,0.8352,0.2691,0.0281,0.9163,0.0,-0.2809,0.9311
3w,15,15 min,3.75,12,ceil(3 tau),0.0,prepost_ewc,raw,3228,1755,0.5437,too_few,537,0.6405,0.0125,0.6823,0.3595,0.0125,1.1434,0.0,-0.2088,
3w,15,15 min,3.75,12,ceil(3 tau),0.0,prepost_ewc,adjusted,3228,327,0.1013,covariate_outside,203,0.7125,0.0297,0.8259,0.2875,0.0297,0.9733,0.0,-0.2809,0.9575
3w,15,15 min,3.75,12,ceil(3 tau),0.1,randomization,raw,12912,7300,0.5654,too_few,538,0.0548,0.0033,0.0533,0.9488,0.0032,1.9217,0.0,-0.0223,
3w,15,15 min,3.75,12,ceil(3 tau),0.1,randomization,adjusted,12912,6876,0.5325,too_few,472,0.1115,0.0047,0.1139,0.9482,0.0036,1.4601,0.0,-0.0028,0.7726
3w,15,15 min,3.75,12,ceil(3 tau),0.1,block_t,raw,12912,7300,0.5654,too_few,538,0.05,0.0031,0.0494,0.9526,0.0031,1.9237,0.0,-0.0221,
3w,15,15 min,3.75,12,ceil(3 tau),0.1,block_t,adjusted,12912,6876,0.5325,too_few,472,0.1668,0.0054,0.1659,0.9043,0.0046,1.1619,0.0,-0.0029,0.6171
3w,15,15 min,3.75,12,ceil(3 tau),0.1,hac,raw,12912,7300,0.5654,too_few,538,0.1233,0.0046,0.1255,0.8821,0.0045,1.4217,0.0,-0.0223,
3w,15,15 min,3.75,12,ceil(3 tau),0.1,hac,adjusted,12912,6876,0.5325,too_few,472,0.2436,0.0057,0.2464,0.8397,0.0054,0.9521,0.0,-0.0028,0.6674
3w,15,15 min,3.75,12,ceil(3 tau),0.1,ewc,raw,12912,7300,0.5654,too_few,538,0.0442,0.0027,0.0425,0.9585,0.0026,2.1686,0.0,-0.0223,
3w,15,15 min,3.75,12,ceil(3 tau),0.1,ewc,adjusted,12912,6876,0.5325,too_few,472,0.1403,0.0048,0.1391,0.9258,0.0037,1.2583,0.0,-0.0028,0.635
3w,15,15 min,3.75,12,ceil(3 tau),0.1,naive,raw,12912,7300,0.5654,too_few,538,0.2664,0.0062,0.2741,0.7389,0.0063,1.0477,0.0,-0.0223,
3w,15,15 min,3.75,12,ceil(3 tau),0.1,naive,adjusted,12912,6876,0.5325,too_few,472,0.3367,0.0062,0.3476,0.7347,0.0065,0.8208,0.0,-0.0028,0.7596
3w,15,15 min,3.75,12,ceil(3 tau),0.1,prepost_hac,raw,3228,1755,0.5437,too_few,537,0.6661,0.0119,0.7004,0.3385,0.0122,1.0622,0.0,-0.2089,
3w,15,15 min,3.75,12,ceil(3 tau),0.1,prepost_hac,adjusted,3228,327,0.1013,covariate_outside,203,0.7278,0.0278,0.8258,0.2691,0.0281,0.9149,0.0,-0.281,0.9311
3w,15,15 min,3.75,12,ceil(3 tau),0.1,prepost_ewc,raw,3228,1755,0.5437,too_few,537,0.6456,0.0128,0.6867,0.3595,0.0125,1.1435,0.0,-0.2089,
3w,15,15 min,3.75,12,ceil(3 tau),0.1,prepost_ewc,adjusted,3228,327,0.1013,covariate_outside,203,0.7003,0.0303,0.814,0.2875,0.0297,0.9729,0.0,-0.281,0.9575
3w,15,15 min,3.75,12,ceil(3 tau),0.25,randomization,raw,12912,7300,0.5654,too_few,538,0.0779,0.0038,0.0757,0.9482,0.0032,1.9217,0.0,-0.0264,
3w,15,15 min,3.75,12,ceil(3 tau),0.25,randomization,adjusted,12912,6876,0.5325,too_few,472,0.2065,0.0059,0.2184,0.9475,0.0036,1.4594,0.0,-0.0071,0.7717
3w,15,15 min,3.75,12,ceil(3 tau),0.25,block_t,raw,12912,7300,0.5654,too_few,538,0.074,0.0037,0.0732,0.9526,0.0031,1.9238,0.0,-0.0263,
3w,15,15 min,3.75,12,ceil(3 tau),0.25,block_t,adjusted,12912,6876,0.5325,too_few,472,0.282,0.0063,0.2868,0.9059,0.0046,1.1613,0.0,-0.0071,0.617
3w,15,15 min,3.75,12,ceil(3 tau),0.25,hac,raw,12912,7300,0.5654,too_few,538,0.1677,0.0051,0.1702,0.8821,0.0045,1.4219,0.0,-0.0264,
3w,15,15 min,3.75,12,ceil(3 tau),0.25,hac,adjusted,12912,6876,0.5325,too_few,472,0.3751,0.0064,0.3857,0.8399,0.0054,0.9526,0.0,-0.0071,0.6673
3w,15,15 min,3.75,12,ceil(3 tau),0.25,ewc,raw,12912,7300,0.5654,too_few,538,0.0641,0.0033,0.062,0.9585,0.0026,2.1692,0.0,-0.0264,
3w,15,15 min,3.75,12,ceil(3 tau),0.25,ewc,adjusted,12912,6876,0.5325,too_few,472,0.2493,0.0059,0.2558,0.9268,0.0037,1.2574,0.0,-0.0071,0.6349
3w,15,15 min,3.75,12,ceil(3 tau),0.25,naive,raw,12912,7300,0.5654,too_few,538,0.3092,0.0065,0.3142,0.7389,0.0063,1.0475,0.0,-0.0264,
3w,15,15 min,3.75,12,ceil(3 tau),0.25,naive,adjusted,12912,6876,0.5325,too_few,472,0.4542,0.0065,0.472,0.7352,0.0065,0.8208,0.0,-0.0071,0.7598
3w,15,15 min,3.75,12,ceil(3 tau),0.25,prepost_hac,raw,3228,1755,0.5437,too_few,537,0.6952,0.0118,0.7255,0.3385,0.0122,1.0618,0.0,-0.2091,
3w,15,15 min,3.75,12,ceil(3 tau),0.25,prepost_hac,adjusted,3228,327,0.1013,covariate_outside,203,0.7431,0.0275,0.8284,0.2691,0.0281,0.9129,0.0,-0.2812,0.9311
3w,15,15 min,3.75,12,ceil(3 tau),0.25,prepost_ewc,raw,3228,1755,0.5437,too_few,537,0.6672,0.0123,0.7056,0.3595,0.0125,1.1436,0.0,-0.2091,
3w,15,15 min,3.75,12,ceil(3 tau),0.25,prepost_ewc,adjusted,3228,327,0.1013,covariate_outside,203,0.7187,0.028,0.8242,0.2875,0.0297,0.9724,0.0,-0.2812,0.9575
3w,15,15 min,3.75,12,ceil(3 tau),0.5,randomization,raw,12912,7300,0.5654,too_few,538,0.161,0.005,0.1584,0.9485,0.0032,1.922,0.0,-0.0332,
3w,15,15 min,3.75,12,ceil(3 tau),0.5,randomization,adjusted,12912,6876,0.5325,too_few,472,0.3848,0.007,0.4024,0.9478,0.0035,1.4589,0.0,-0.0143,0.7718
3w,15,15 min,3.75,12,ceil(3 tau),0.5,block_t,raw,12912,7300,0.5654,too_few,538,0.1562,0.0049,0.1536,0.9526,0.0031,1.9237,0.0,-0.033,
3w,15,15 min,3.75,12,ceil(3 tau),0.5,block_t,adjusted,12912,6876,0.5325,too_few,472,0.4788,0.0068,0.4874,0.9052,0.0046,1.162,0.0,-0.0144,0.617
3w,15,15 min,3.75,12,ceil(3 tau),0.5,hac,raw,12912,7300,0.5654,too_few,538,0.3103,0.0063,0.3124,0.8821,0.0045,1.4221,0.0,-0.0332,
3w,15,15 min,3.75,12,ceil(3 tau),0.5,hac,adjusted,12912,6876,0.5325,too_few,472,0.5775,0.0065,0.5885,0.841,0.0053,0.9527,0.0,-0.0143,0.6674
3w,15,15 min,3.75,12,ceil(3 tau),0.5,ewc,raw,12912,7300,0.5654,too_few,538,0.153,0.0049,0.1525,0.9585,0.0026,2.1692,0.0,-0.0332,
3w,15,15 min,3.75,12,ceil(3 tau),0.5,ewc,adjusted,12912,6876,0.5325,too_few,472,0.4388,0.0069,0.4498,0.927,0.0037,1.2558,0.0,-0.0143,0.6342
3w,15,15 min,3.75,12,ceil(3 tau),0.5,naive,raw,12912,7300,0.5654,too_few,538,0.4545,0.0068,0.4602,0.7389,0.0063,1.0475,0.0,-0.0332,
3w,15,15 min,3.75,12,ceil(3 tau),0.5,naive,adjusted,12912,6876,0.5325,too_few,472,0.6403,0.0062,0.6543,0.7347,0.0065,0.8209,0.0,-0.0143,0.7593
3w,15,15 min,3.75,12,ceil(3 tau),0.5,prepost_hac,raw,3228,1755,0.5437,too_few,537,0.735,0.0108,0.7548,0.3385,0.0122,1.0611,0.0,-0.2094,
3w,15,15 min,3.75,12,ceil(3 tau),0.5,prepost_hac,adjusted,3228,327,0.1013,covariate_outside,203,0.7584,0.0255,0.8249,0.2691,0.0281,0.9145,0.0,-0.2815,0.9311
3w,15,15 min,3.75,12,ceil(3 tau),0.5,prepost_ewc,raw,3228,1755,0.5437,too_few,537,0.71,0.012,0.7404,0.3595,0.0125,1.1441,0.0,-0.2094,
3w,15,15 min,3.75,12,ceil(3 tau),0.5,prepost_ewc,adjusted,3228,327,0.1013,covariate_outside,203,0.7339,0.0249,0.8129,0.2875,0.0297,0.9716,0.0,-0.2815,0.9575
3w,30,30 min,0.0,0,ceil(3 tau),0.0,randomization,raw,12912,7332,0.5678,too_few,538,0.0276,0.0024,0.0269,0.9722,0.0024,3.7089,0.0,0.0007,
3w,30,30 min,0.0,0,ceil(3 tau),0.0,randomization,adjusted,12912,7100,0.5499,too_few,480,0.0296,0.0026,0.0301,0.9715,0.0026,4.0994,0.2268,0.0001,0.9328
3w,30,30 min,0.0,0,ceil(3 tau),0.0,block_t,raw,12912,7332,0.5678,too_few,538,0.0379,0.0028,0.0366,0.9621,0.0028,3.083,0.0,0.0007,
3w,30,30 min,0.0,0,ceil(3 tau),0.0,block_t,adjusted,12912,7100,0.5499,too_few,480,0.1235,0.005,0.1193,0.8765,0.005,1.3268,0.0,0.0001,0.4978
3w,30,30 min,0.0,0,ceil(3 tau),0.0,hac,raw,12912,7332,0.5678,too_few,538,0.2046,0.0058,0.2033,0.7954,0.0058,1.5653,0.0,0.0007,
3w,30,30 min,0.0,0,ceil(3 tau),0.0,hac,adjusted,12912,7100,0.5499,too_few,480,0.273,0.0064,0.2702,0.727,0.0064,0.7997,0.0,0.0001,0.604
3w,30,30 min,0.0,0,ceil(3 tau),0.0,ewc,raw,12912,7332,0.5678,too_few,538,0.1787,0.0056,0.1838,0.8213,0.0056,1.6324,0.0,0.0007,
3w,30,30 min,0.0,0,ceil(3 tau),0.0,ewc,adjusted,12912,7100,0.5499,too_few,480,0.2201,0.0059,0.22,0.7799,0.0059,0.9604,0.0,0.0001,0.6323
3w,30,30 min,0.0,0,ceil(3 tau),0.0,naive,raw,12912,7332,0.5678,too_few,538,0.656,0.0065,0.6746,0.344,0.0065,0.4637,0.0,0.0007,
3w,30,30 min,0.0,0,ceil(3 tau),0.0,naive,adjusted,12912,7100,0.5499,too_few,480,0.6124,0.0063,0.6271,0.3876,0.0063,0.3779,0.0,0.0001,0.814
3w,30,30 min,0.0,0,ceil(3 tau),0.0,prepost_hac,raw,3228,1770,0.5483,too_few,537,0.6525,0.0122,0.6858,0.3475,0.0122,1.1397,0.0,-0.1662,
3w,30,30 min,0.0,0,ceil(3 tau),0.0,prepost_hac,adjusted,3228,361,0.1118,covariate_outside,218,0.7368,0.0285,0.8456,0.2632,0.0285,0.9899,0.0,-0.2781,0.9314
3w,30,30 min,0.0,0,ceil(3 tau),0.0,prepost_ewc,raw,3228,1770,0.5483,too_few,537,0.635,0.0125,0.6763,0.365,0.0125,1.2122,0.0,-0.1662,
3w,30,30 min,0.0,0,ceil(3 tau),0.0,prepost_ewc,adjusted,3228,361,0.1118,covariate_outside,218,0.7036,0.0297,0.8261,0.2964,0.0297,1.0237,0.0,-0.2781,0.9474
3w,30,30 min,0.0,0,ceil(3 tau),0.1,randomization,raw,12912,7332,0.5678,too_few,538,0.034,0.0025,0.0321,0.972,0.0024,3.7089,0.0,0.0007,
3w,30,30 min,0.0,0,ceil(3 tau),0.1,randomization,adjusted,12912,7100,0.5499,too_few,480,0.0569,0.0035,0.0575,0.9715,0.0026,4.0994,0.2268,0.0001,0.9328
3w,30,30 min,0.0,0,ceil(3 tau),0.1,block_t,raw,12912,7332,0.5678,too_few,538,0.0454,0.0029,0.0423,0.9621,0.0028,3.083,0.0,0.0007,
3w,30,30 min,0.0,0,ceil(3 tau),0.1,block_t,adjusted,12912,7100,0.5499,too_few,480,0.18,0.0055,0.1771,0.8765,0.005,1.3268,0.0,0.0001,0.4978
3w,30,30 min,0.0,0,ceil(3 tau),0.1,hac,raw,12912,7332,0.5678,too_few,538,0.2194,0.006,0.2178,0.7954,0.0058,1.5653,0.0,0.0007,
3w,30,30 min,0.0,0,ceil(3 tau),0.1,hac,adjusted,12912,7100,0.5499,too_few,480,0.3442,0.0063,0.3421,0.727,0.0064,0.7997,0.0,0.0001,0.604
3w,30,30 min,0.0,0,ceil(3 tau),0.1,ewc,raw,12912,7332,0.5678,too_few,538,0.1971,0.0057,0.2027,0.8213,0.0056,1.6324,0.0,0.0007,
3w,30,30 min,0.0,0,ceil(3 tau),0.1,ewc,adjusted,12912,7100,0.5499,too_few,480,0.2886,0.006,0.2895,0.7799,0.0059,0.9604,0.0,0.0001,0.6323
3w,30,30 min,0.0,0,ceil(3 tau),0.1,naive,raw,12912,7332,0.5678,too_few,538,0.674,0.0062,0.6904,0.344,0.0065,0.4637,0.0,0.0007,
3w,30,30 min,0.0,0,ceil(3 tau),0.1,naive,adjusted,12912,7100,0.5499,too_few,480,0.6656,0.0057,0.6787,0.3876,0.0063,0.3779,0.0,0.0001,0.814
3w,30,30 min,0.0,0,ceil(3 tau),0.1,prepost_hac,raw,3228,1770,0.5483,too_few,537,0.6576,0.0121,0.6892,0.3475,0.0122,1.1397,0.0,-0.1662,
3w,30,30 min,0.0,0,ceil(3 tau),0.1,prepost_hac,adjusted,3228,361,0.1118,covariate_outside,218,0.723,0.0276,0.8266,0.2632,0.0285,0.9899,0.0,-0.2781,0.9314
3w,30,30 min,0.0,0,ceil(3 tau),0.1,prepost_ewc,raw,3228,1770,0.5483,too_few,537,0.6322,0.0126,0.6741,0.365,0.0125,1.2122,0.0,-0.1662,
3w,30,30 min,0.0,0,ceil(3 tau),0.1,prepost_ewc,adjusted,3228,361,0.1118,covariate_outside,218,0.7008,0.0282,0.8112,0.2964,0.0297,1.0237,0.0,-0.2781,0.9474
3w,30,30 min,0.0,0,ceil(3 tau),0.25,randomization,raw,12912,7332,0.5678,too_few,538,0.0532,0.0029,0.0481,0.9719,0.0024,3.7089,0.0,0.0007,
3w,30,30 min,0.0,0,ceil(3 tau),0.25,randomization,adjusted,12912,7100,0.5499,too_few,480,0.0949,0.0044,0.099,0.9715,0.0026,4.0994,0.2268,0.0001,0.9328
3w,30,30 min,0.0,0,ceil(3 tau),0.25,block_t,raw,12912,7332,0.5678,too_few,538,0.0723,0.0035,0.0653,0.9621,0.0028,3.083,0.0,0.0007,
3w,30,30 min,0.0,0,ceil(3 tau),0.25,block_t,adjusted,12912,7100,0.5499,too_few,480,0.2939,0.0062,0.2942,0.8765,0.005,1.3268,0.0,0.0001,0.4978
3w,30,30 min,0.0,0,ceil(3 tau),0.25,hac,raw,12912,7332,0.5678,too_few,538,0.2702,0.0062,0.2641,0.7954,0.0058,1.5653,0.0,0.0007,
3w,30,30 min,0.0,0,ceil(3 tau),0.25,hac,adjusted,12912,7100,0.5499,too_few,480,0.4752,0.0062,0.4748,0.727,0.0064,0.7997,0.0,0.0001,0.604
3w,30,30 min,0.0,0,ceil(3 tau),0.25,ewc,raw,12912,7332,0.5678,too_few,538,0.2375,0.0061,0.238,0.8213,0.0056,1.6324,0.0,0.0007,
3w,30,30 min,0.0,0,ceil(3 tau),0.25,ewc,adjusted,12912,7100,0.5499,too_few,480,0.4155,0.0062,0.4185,0.7799,0.0059,0.9604,0.0,0.0001,0.6323
3w,30,30 min,0.0,0,ceil(3 tau),0.25,naive,raw,12912,7332,0.5678,too_few,538,0.7212,0.0059,0.7305,0.344,0.0065,0.4637,0.0,0.0007,
3w,30,30 min,0.0,0,ceil(3 tau),0.25,naive,adjusted,12912,7100,0.5499,too_few,480,0.7355,0.0053,0.7452,0.3876,0.0063,0.3779,0.0,0.0001,0.814
3w,30,30 min,0.0,0,ceil(3 tau),0.25,prepost_hac,raw,3228,1770,0.5483,too_few,537,0.6836,0.0116,0.7118,0.3475,0.0122,1.1397,0.0,-0.1662,
3w,30,30 min,0.0,0,ceil(3 tau),0.25,prepost_hac,adjusted,3228,361,0.1118,covariate_outside,218,0.7424,0.0249,0.8299,0.2632,0.0285,0.9899,0.0,-0.2781,0.9314
3w,30,30 min,0.0,0,ceil(3 tau),0.25,prepost_ewc,raw,3228,1770,0.5483,too_few,537,0.6548,0.0124,0.6916,0.365,0.0125,1.2122,0.0,-0.1662,
3w,30,30 min,0.0,0,ceil(3 tau),0.25,prepost_ewc,adjusted,3228,361,0.1118,covariate_outside,218,0.7119,0.0257,0.8113,0.2964,0.0297,1.0237,0.0,-0.2781,0.9474
3w,30,30 min,0.0,0,ceil(3 tau),0.5,randomization,raw,12912,7332,0.5678,too_few,538,0.0938,0.0037,0.0809,0.9719,0.0024,3.7089,0.0,0.0007,
3w,30,30 min,0.0,0,ceil(3 tau),0.5,randomization,adjusted,12912,7100,0.5499,too_few,480,0.1646,0.0056,0.172,0.9715,0.0026,4.0994,0.2268,0.0001,0.9328
3w,30,30 min,0.0,0,ceil(3 tau),0.5,block_t,raw,12912,7332,0.5678,too_few,538,0.13,0.0044,0.1181,0.9621,0.0028,3.083,0.0,0.0007,
3w,30,30 min,0.0,0,ceil(3 tau),0.5,block_t,adjusted,12912,7100,0.5499,too_few,480,0.452,0.0066,0.4534,0.8765,0.005,1.3268,0.0,0.0001,0.4978
3w,30,30 min,0.0,0,ceil(3 tau),0.5,hac,raw,12912,7332,0.5678,too_few,538,0.3985,0.0068,0.3824,0.7954,0.0058,1.5653,0.0,0.0007,
3w,30,30 min,0.0,0,ceil(3 tau),0.5,hac,adjusted,12912,7100,0.5499,too_few,480,0.6418,0.0058,0.6427,0.727,0.0064,0.7997,0.0,0.0001,0.604
3w,30,30 min,0.0,0,ceil(3 tau),0.5,ewc,raw,12912,7332,0.5678,too_few,538,0.3542,0.0067,0.3467,0.8213,0.0056,1.6324,0.0,0.0007,
3w,30,30 min,0.0,0,ceil(3 tau),0.5,ewc,adjusted,12912,7100,0.5499,too_few,480,0.5876,0.006,0.5928,0.7799,0.0059,0.9604,0.0,0.0001,0.6323
3w,30,30 min,0.0,0,ceil(3 tau),0.5,naive,raw,12912,7332,0.5678,too_few,538,0.7942,0.0053,0.7948,0.344,0.0065,0.4637,0.0,0.0007,
3w,30,30 min,0.0,0,ceil(3 tau),0.5,naive,adjusted,12912,7100,0.5499,too_few,480,0.8538,0.0044,0.8599,0.3876,0.0063,0.3779,0.0,0.0001,0.814
3w,30,30 min,0.0,0,ceil(3 tau),0.5,prepost_hac,raw,3228,1770,0.5483,too_few,537,0.7254,0.011,0.7464,0.3475,0.0122,1.1397,0.0,-0.1662,
3w,30,30 min,0.0,0,ceil(3 tau),0.5,prepost_hac,adjusted,3228,361,0.1118,covariate_outside,218,0.723,0.0238,0.7811,0.2632,0.0285,0.9899,0.0,-0.2781,0.9314
3w,30,30 min,0.0,0,ceil(3 tau),0.5,prepost_ewc,raw,3228,1770,0.5483,too_few,537,0.6949,0.012,0.7245,0.365,0.0125,1.2122,0.0,-0.1662,
3w,30,30 min,0.0,0,ceil(3 tau),0.5,prepost_ewc,adjusted,3228,361,0.1118,covariate_outside,218,0.7091,0.0243,0.793,0.2964,0.0297,1.0237,0.0,-0.2781,0.9474
3w,30,30 min,3.0,0,0,0.0,randomization,raw,12912,7332,0.5678,too_few,538,0.0276,0.0024,0.0269,0.9722,0.0024,3.7089,0.0,0.0007,
3w,30,30 min,3.0,0,0,0.0,randomization,adjusted,12912,7100,0.5499,too_few,480,0.0296,0.0026,0.0301,0.9715,0.0026,4.0994,0.2268,0.0001,0.9328
3w,30,30 min,3.0,0,0,0.0,block_t,raw,12912,7332,0.5678,too_few,538,0.0379,0.0028,0.0366,0.9621,0.0028,3.083,0.0,0.0007,
3w,30,30 min,3.0,0,0,0.0,block_t,adjusted,12912,7100,0.5499,too_few,480,0.1235,0.005,0.1193,0.8765,0.005,1.3268,0.0,0.0001,0.4978
3w,30,30 min,3.0,0,0,0.0,hac,raw,12912,7332,0.5678,too_few,538,0.2046,0.0058,0.2033,0.7954,0.0058,1.5653,0.0,0.0007,
3w,30,30 min,3.0,0,0,0.0,hac,adjusted,12912,7100,0.5499,too_few,480,0.273,0.0064,0.2702,0.727,0.0064,0.7997,0.0,0.0001,0.604
3w,30,30 min,3.0,0,0,0.0,ewc,raw,12912,7332,0.5678,too_few,538,0.1787,0.0056,0.1838,0.8213,0.0056,1.6324,0.0,0.0007,
3w,30,30 min,3.0,0,0,0.0,ewc,adjusted,12912,7100,0.5499,too_few,480,0.2201,0.0059,0.22,0.7799,0.0059,0.9604,0.0,0.0001,0.6323
3w,30,30 min,3.0,0,0,0.0,naive,raw,12912,7332,0.5678,too_few,538,0.656,0.0065,0.6746,0.344,0.0065,0.4637,0.0,0.0007,
3w,30,30 min,3.0,0,0,0.0,naive,adjusted,12912,7100,0.5499,too_few,480,0.6124,0.0063,0.6271,0.3876,0.0063,0.3779,0.0,0.0001,0.814
3w,30,30 min,3.0,0,0,0.0,prepost_hac,raw,3228,1770,0.5483,too_few,537,0.6525,0.0122,0.6858,0.3475,0.0122,1.1397,0.0,-0.1662,
3w,30,30 min,3.0,0,0,0.0,prepost_hac,adjusted,3228,361,0.1118,covariate_outside,218,0.7368,0.0285,0.8456,0.2632,0.0285,0.9899,0.0,-0.2781,0.9314
3w,30,30 min,3.0,0,0,0.0,prepost_ewc,raw,3228,1770,0.5483,too_few,537,0.635,0.0125,0.6763,0.365,0.0125,1.2122,0.0,-0.1662,
3w,30,30 min,3.0,0,0,0.0,prepost_ewc,adjusted,3228,361,0.1118,covariate_outside,218,0.7036,0.0297,0.8261,0.2964,0.0297,1.0237,0.0,-0.2781,0.9474
3w,30,30 min,3.0,0,0,0.1,randomization,raw,12912,7332,0.5678,too_few,538,0.033,0.0025,0.0314,0.9724,0.0024,3.7019,0.0,-0.0069,
3w,30,30 min,3.0,0,0,0.1,randomization,adjusted,12912,7100,0.5499,too_few,480,0.0534,0.0034,0.0536,0.9717,0.0026,4.0872,0.2268,-0.0102,0.9341
3w,30,30 min,3.0,0,0,0.1,block_t,raw,12912,7332,0.5678,too_few,538,0.0441,0.0029,0.0413,0.9622,0.0027,3.0837,0.0,-0.007,
3w,30,30 min,3.0,0,0,0.1,block_t,adjusted,12912,7100,0.5499,too_few,480,0.172,0.0053,0.1685,0.8765,0.005,1.3256,0.0,-0.0102,0.4992
3w,30,30 min,3.0,0,0,0.1,hac,raw,12912,7332,0.5678,too_few,538,0.2152,0.006,0.2145,0.7964,0.0058,1.5616,0.0,-0.0069,
3w,30,30 min,3.0,0,0,0.1,hac,adjusted,12912,7100,0.5499,too_few,480,0.3355,0.0063,0.333,0.7287,0.0063,0.8021,0.0,-0.0102,0.6052
3w,30,30 min,3.0,0,0,0.1,ewc,raw,12912,7332,0.5678,too_few,538,0.1949,0.0057,0.1998,0.8211,0.0056,1.6329,0.0,-0.0069,
3w,30,30 min,3.0,0,0,0.1,ewc,adjusted,12912,7100,0.5499,too_few,480,0.2797,0.0059,0.2802,0.7825,0.0058,0.9605,0.0,-0.0102,0.632
3w,30,30 min,3.0,0,0,0.1,naive,raw,12912,7332,0.5678,too_few,538,0.6724,0.0062,0.6893,0.3441,0.0065,0.4636,0.0,-0.0069,
3w,30,30 min,3.0,0,0,0.1,naive,adjusted,12912,7100,0.5499,too_few,480,0.6639,0.0057,0.6774,0.3842,0.0063,0.3779,0.0,-0.0102,0.8141
3w,30,30 min,3.0,0,0,0.1,prepost_hac,raw,3228,1770,0.5483,too_few,537,0.6565,0.0121,0.6881,0.348,0.0122,1.1371,0.0,-0.1683,
3w,30,30 min,3.0,0,0,0.1,prepost_hac,adjusted,3228,361,0.1118,covariate_outside,218,0.723,0.0276,0.8266,0.2659,0.0289,0.9924,0.0,-0.2802,0.9337
3w,30,30 min,3.0,0,0,0.1,prepost_ewc,raw,3228,1770,0.5483,too_few,537,0.6322,0.0126,0.6736,0.3655,0.0125,1.2119,0.0,-0.1683,
3w,30,30 min,3.0,0,0,0.1,prepost_ewc,adjusted,3228,361,0.1118,covariate_outside,218,0.7008,0.0282,0.8112,0.2964,0.0297,1.0211,0.0,-0.2802,0.9477
3w,30,30 min,3.0,0,0,0.25,randomization,raw,12912,7332,0.5678,too_few,538,0.0496,0.0029,0.0452,0.9727,0.0024,3.6975,0.0,-0.0211,
3w,30,30 min,3.0,0,0,0.25,randomization,adjusted,12912,7100,0.5499,too_few,480,0.0859,0.0043,0.0896,0.9713,0.0026,4.1059,0.2268,-0.0276,0.9357
3w,30,30 min,3.0,0,0,0.25,block_t,raw,12912,7332,0.5678,too_few,538,0.0668,0.0034,0.0606,0.9625,0.0027,3.0867,0.0,-0.0211,
3w,30,30 min,3.0,0,0,0.25,block_t,adjusted,12912,7100,0.5499,too_few,480,0.269,0.0061,0.2684,0.8756,0.005,1.3264,0.0,-0.0277,0.4985
3w,30,30 min,3.0,0,0,0.25,hac,raw,12912,7332,0.5678,too_few,538,0.2534,0.0061,0.2473,0.7969,0.0058,1.5622,0.0,-0.0211,
3w,30,30 min,3.0,0,0,0.25,hac,adjusted,12912,7100,0.5499,too_few,480,0.4523,0.0062,0.4513,0.7311,0.0063,0.8022,0.0,-0.0276,0.6055
3w,30,30 min,3.0,0,0,0.25,ewc,raw,12912,7332,0.5678,too_few,538,0.225,0.006,0.2255,0.8211,0.0056,1.6324,0.0,-0.0211,
3w,30,30 min,3.0,0,0,0.25,ewc,adjusted,12912,7100,0.5499,too_few,480,0.3913,0.0062,0.3942,0.783,0.0058,0.9614,0.0,-0.0276,0.6328
3w,30,30 min,3.0,0,0,0.25,naive,raw,12912,7332,0.5678,too_few,538,0.7076,0.0061,0.7183,0.3444,0.0065,0.464,0.0,-0.0211,
3w,30,30 min,3.0,0,0,0.25,naive,adjusted,12912,7100,0.5499,too_few,480,0.7185,0.0055,0.7291,0.3875,0.0063,0.3783,0.0,-0.0276,0.8136
3w,30,30 min,3.0,0,0,0.25,prepost_hac,raw,3228,1770,0.5483,too_few,537,0.6842,0.0116,0.7119,0.3486,0.0122,1.1364,0.0,-0.1715,
3w,30,30 min,3.0,0,0,0.25,prepost_hac,adjusted,3228,361,0.1118,covariate_outside,218,0.7424,0.0249,0.8299,0.2659,0.0289,0.9912,0.0,-0.2833,0.9315
3w,30,30 min,3.0,0,0,0.25,prepost_ewc,raw,3228,1770,0.5483,too_few,537,0.6537,0.0124,0.6907,0.365,0.0126,1.2103,0.0,-0.1715,
3w,30,30 min,3.0,0,0,0.25,prepost_ewc,adjusted,3228,361,0.1118,covariate_outside,218,0.7064,0.0258,0.8052,0.2992,0.0296,1.0259,0.0,-0.2833,0.947
3w,30,30 min,3.0,0,0,0.5,randomization,raw,12912,7332,0.5678,too_few,538,0.0833,0.0035,0.0725,0.9734,0.0023,3.6955,0.0,-0.0457,
3w,30,30 min,3.0,0,0,0.5,randomization,adjusted,12912,7100,0.5499,too_few,480,0.1456,0.0053,0.1522,0.9703,0.0026,4.108,0.2268,-0.0576,0.9375
3w,30,30 min,3.0,0,0,0.5,block_t,raw,12912,7332,0.5678,too_few,538,0.117,0.0042,0.1055,0.9625,0.0027,3.0861,0.0,-0.0461,
3w,30,30 min,3.0,0,0,0.5,block_t,adjusted,12912,7100,0.5499,too_few,480,0.4168,0.0066,0.4189,0.8766,0.005,1.3288,0.0,-0.0577,0.4979
3w,30,30 min,3.0,0,0,0.5,hac,raw,12912,7332,0.5678,too_few,538,0.365,0.0067,0.3514,0.798,0.0058,1.5717,0.0,-0.0457,
3w,30,30 min,3.0,0,0,0.5,hac,adjusted,12912,7100,0.5499,too_few,480,0.6051,0.0059,0.6061,0.7362,0.0061,0.8017,0.0,-0.0576,0.6075
3w,30,30 min,3.0,0,0,0.5,ewc,raw,12912,7332,0.5678,too_few,538,0.3228,0.0065,0.3175,0.8212,0.0056,1.633,0.0,-0.0457,
3w,30,30 min,3.0,0,0,0.5,ewc,adjusted,12912,7100,0.5499,too_few,480,0.5486,0.0062,0.5536,0.7852,0.0058,0.9634,0.0,-0.0576,0.6326
3w,30,30 min,3.0,0,0,0.5,naive,raw,12912,7332,0.5678,too_few,538,0.7848,0.0054,0.7852,0.3452,0.0065,0.4641,0.0,-0.0457,
3w,30,30 min,3.0,0,0,0.5,naive,adjusted,12912,7100,0.5499,too_few,480,0.8266,0.0047,0.8342,0.3913,0.0063,0.3796,0.0,-0.0576,0.8139
3w,30,30 min,3.0,0,0,0.5,prepost_hac,raw,3228,1770,0.5483,too_few,537,0.7254,0.0111,0.7467,0.3492,0.0123,1.1359,0.0,-0.1767,
3w,30,30 min,3.0,0,0,0.5,prepost_hac,adjusted,3228,361,0.1118,covariate_outside,218,0.7258,0.0235,0.7891,0.2659,0.0289,1.0017,0.0,-0.2886,0.9258
3w,30,30 min,3.0,0,0,0.5,prepost_ewc,raw,3228,1770,0.5483,too_few,537,0.6938,0.0119,0.7239,0.3655,0.0125,1.2131,0.0,-0.1767,
3w,30,30 min,3.0,0,0,0.5,prepost_ewc,adjusted,3228,361,0.1118,covariate_outside,218,0.7119,0.024,0.7939,0.3019,0.0296,1.0288,0.0,-0.2886,0.9462
3w,30,30 min,3.0,9,ceil(3 tau),0.0,randomization,raw,12912,7292,0.5647,too_few,538,0.0274,0.0023,0.0262,0.9723,0.0023,3.7193,0.0,0.004,
3w,30,30 min,3.0,9,ceil(3 tau),0.0,randomization,adjusted,12912,7060,0.5468,too_few,480,0.031,0.0028,0.0322,0.97,0.0027,5.3368,0.2874,0.0,0.9951
3w,30,30 min,3.0,9,ceil(3 tau),0.0,block_t,raw,12912,7292,0.5647,too_few,538,0.0383,0.0027,0.0369,0.9617,0.0027,3.1187,0.0,0.004,
3w,30,30 min,3.0,9,ceil(3 tau),0.0,block_t,adjusted,12912,7060,0.5468,too_few,480,0.1422,0.0054,0.1367,0.8578,0.0054,1.4045,0.0,0.0,0.4969
3w,30,30 min,3.0,9,ceil(3 tau),0.0,hac,raw,12912,7292,0.5647,too_few,538,0.2052,0.0058,0.2052,0.7948,0.0058,1.6042,0.0,0.004,
3w,30,30 min,3.0,9,ceil(3 tau),0.0,hac,adjusted,12912,7060,0.5468,too_few,480,0.2848,0.0064,0.2806,0.7152,0.0064,0.8649,0.0,0.0,0.6148
3w,30,30 min,3.0,9,ceil(3 tau),0.0,ewc,raw,12912,7292,0.5647,too_few,538,0.1546,0.0053,0.1588,0.8454,0.0053,1.8319,0.0,0.004,
3w,30,30 min,3.0,9,ceil(3 tau),0.0,ewc,adjusted,12912,7060,0.5468,too_few,480,0.2201,0.0059,0.2181,0.7799,0.0059,1.053,0.0,0.0,0.6114
3w,30,30 min,3.0,9,ceil(3 tau),0.0,naive,raw,12912,7292,0.5647,too_few,538,0.6242,0.0068,0.6421,0.3758,0.0068,0.5442,0.0,0.004,
3w,30,30 min,3.0,9,ceil(3 tau),0.0,naive,adjusted,12912,7060,0.5468,too_few,480,0.5918,0.0066,0.6045,0.4082,0.0066,0.4481,0.0,0.0,0.8092
3w,30,30 min,3.0,9,ceil(3 tau),0.0,prepost_hac,raw,3228,1752,0.5428,too_few,537,0.661,0.012,0.6957,0.339,0.012,1.0726,0.0,-0.1978,
3w,30,30 min,3.0,9,ceil(3 tau),0.0,prepost_hac,adjusted,3228,325,0.1007,covariate_outside,203,0.7323,0.0291,0.8358,0.2677,0.0291,0.9292,0.0,-0.2884,0.9417
3w,30,30 min,3.0,9,ceil(3 tau),0.0,prepost_ewc,raw,3228,1752,0.5428,too_few,537,0.6353,0.0125,0.6773,0.3647,0.0125,1.1638,0.0,-0.1978,
3w,30,30 min,3.0,9,ceil(3 tau),0.0,prepost_ewc,adjusted,3228,325,0.1007,covariate_outside,203,0.7138,0.0302,0.8296,0.2862,0.0302,0.988,0.0,-0.2884,0.9608
3w,30,30 min,3.0,9,ceil(3 tau),0.1,randomization,raw,12912,7292,0.5647,too_few,538,0.034,0.0025,0.0322,0.9724,0.0023,3.7191,0.0,0.0033,
3w,30,30 min,3.0,9,ceil(3 tau),0.1,randomization,adjusted,12912,7060,0.5468,too_few,480,0.0527,0.0035,0.0537,0.9701,0.0027,5.3386,0.2874,-0.0007,0.9953
3w,30,30 min,3.0,9,ceil(3 tau),0.1,block_t,raw,12912,7292,0.5647,too_few,538,0.0435,0.0028,0.0404,0.9617,0.0027,3.1184,0.0,0.0031,
3w,30,30 min,3.0,9,ceil(3 tau),0.1,block_t,adjusted,12912,7060,0.5468,too_few,480,0.1895,0.0058,0.1842,0.8589,0.0054,1.4048,0.0,-0.0007,0.4969
3w,30,30 min,3.0,9,ceil(3 tau),0.1,hac,raw,12912,7292,0.5647,too_few,538,0.2202,0.006,0.2194,0.7951,0.0058,1.6044,0.0,0.0033,
3w,30,30 min,3.0,9,ceil(3 tau),0.1,hac,adjusted,12912,7060,0.5468,too_few,480,0.3506,0.0063,0.3461,0.7154,0.0064,0.8651,0.0,-0.0007,0.615
3w,30,30 min,3.0,9,ceil(3 tau),0.1,ewc,raw,12912,7292,0.5647,too_few,538,0.1589,0.0053,0.163,0.8454,0.0053,1.8317,0.0,0.0033,
3w,30,30 min,3.0,9,ceil(3 tau),0.1,ewc,adjusted,12912,7060,0.5468,too_few,480,0.2829,0.006,0.2822,0.781,0.0058,1.0531,0.0,-0.0007,0.6114
3w,30,30 min,3.0,9,ceil(3 tau),0.1,naive,raw,12912,7292,0.5647,too_few,538,0.6408,0.0066,0.6553,0.3758,0.0068,0.5442,0.0,0.0033,
3w,30,30 min,3.0,9,ceil(3 tau),0.1,naive,adjusted,12912,7060,0.5468,too_few,480,0.6449,0.006,0.6588,0.4075,0.0066,0.4482,0.0,-0.0007,0.8092
3w,30,30 min,3.0,9,ceil(3 tau),0.1,prepost_hac,raw,3228,1752,0.5428,too_few,537,0.6678,0.0118,0.7018,0.339,0.012,1.0724,0.0,-0.1979,
3w,30,30 min,3.0,9,ceil(3 tau),0.1,prepost_hac,adjusted,3228,325,0.1007,covariate_outside,203,0.7385,0.0279,0.8346,0.2677,0.0291,0.9298,0.0,-0.2885,0.9418
3w,30,30 min,3.0,9,ceil(3 tau),0.1,prepost_ewc,raw,3228,1752,0.5428,too_few,537,0.6461,0.0127,0.689,0.3647,0.0125,1.1639,0.0,-0.1979,
3w,30,30 min,3.0,9,ceil(3 tau),0.1,prepost_ewc,adjusted,3228,325,0.1007,covariate_outside,203,0.7108,0.0283,0.8195,0.2862,0.0302,0.9879,0.0,-0.2885,0.9608
3w,30,30 min,3.0,9,ceil(3 tau),0.25,randomization,raw,12912,7292,0.5647,too_few,538,0.051,0.0029,0.0463,0.9724,0.0023,3.7193,0.0,0.0022,
3w,30,30 min,3.0,9,ceil(3 tau),0.25,randomization,adjusted,12912,7060,0.5468,too_few,480,0.0823,0.0042,0.0856,0.9705,0.0027,5.3391,0.2874,-0.0018,0.995
3w,30,30 min,3.0,9,ceil(3 tau),0.25,block_t,raw,12912,7292,0.5647,too_few,538,0.0669,0.0034,0.0614,0.9617,0.0027,3.1192,0.0,0.0021,
3w,30,30 min,3.0,9,ceil(3 tau),0.25,block_t,adjusted,12912,7060,0.5468,too_few,480,0.285,0.0063,0.2819,0.8596,0.0054,1.4054,0.0,-0.0018,0.497
3w,30,30 min,3.0,9,ceil(3 tau),0.25,hac,raw,12912,7292,0.5647,too_few,538,0.2628,0.0062,0.2562,0.795,0.0058,1.6046,0.0,0.0022,
3w,30,30 min,3.0,9,ceil(3 tau),0.25,hac,adjusted,12912,7060,0.5468,too_few,480,0.4581,0.0063,0.4563,0.7159,0.0064,0.8652,0.0,-0.0018,0.6152
3w,30,30 min,3.0,9,ceil(3 tau),0.25,ewc,raw,12912,7292,0.5647,too_few,538,0.2102,0.0057,0.2073,0.8456,0.0053,1.8315,0.0,0.0022,
3w,30,30 min,3.0,9,ceil(3 tau),0.25,ewc,adjusted,12912,7060,0.5468,too_few,480,0.3909,0.0062,0.3923,0.7822,0.0058,1.0533,0.0,-0.0018,0.6116
3w,30,30 min,3.0,9,ceil(3 tau),0.25,naive,raw,12912,7292,0.5647,too_few,538,0.6828,0.0062,0.6923,0.3758,0.0068,0.5442,0.0,0.0022,
3w,30,30 min,3.0,9,ceil(3 tau),0.25,naive,adjusted,12912,7060,0.5468,too_few,480,0.7044,0.0057,0.7159,0.4074,0.0066,0.4482,0.0,-0.0018,0.8093
3w,30,30 min,3.0,9,ceil(3 tau),0.25,prepost_hac,raw,3228,1752,0.5428,too_few,537,0.6924,0.0118,0.7232,0.339,0.012,1.072,0.0,-0.1981,
3w,30,30 min,3.0,9,ceil(3 tau),0.25,prepost_hac,adjusted,3228,325,0.1007,covariate_outside,203,0.7508,0.0267,0.8418,0.2677,0.0291,0.9297,0.0,-0.2887,0.9418
3w,30,30 min,3.0,9,ceil(3 tau),0.25,prepost_ewc,raw,3228,1752,0.5428,too_few,537,0.6632,0.0123,0.7016,0.3647,0.0125,1.1639,0.0,-0.1981,
3w,30,30 min,3.0,9,ceil(3 tau),0.25,prepost_ewc,adjusted,3228,325,0.1007,covariate_outside,203,0.7231,0.0279,0.8316,0.2862,0.0302,0.9878,0.0,-0.2887,0.9609
3w,30,30 min,3.0,9,ceil(3 tau),0.5,randomization,raw,12912,7292,0.5647,too_few,538,0.0835,0.0035,0.0738,0.9724,0.0023,3.7184,0.0,0.0004,
3w,30,30 min,3.0,9,ceil(3 tau),0.5,randomization,adjusted,12912,7060,0.5468,too_few,480,0.1364,0.0052,0.1427,0.9707,0.0027,5.3395,0.2874,-0.0037,0.9938
3w,30,30 min,3.0,9,ceil(3 tau),0.5,block_t,raw,12912,7292,0.5647,too_few,538,0.1188,0.0042,0.1105,0.9617,0.0027,3.1188,0.0,0.0003,
3w,30,30 min,3.0,9,ceil(3 tau),0.5,block_t,adjusted,12912,7060,0.5468,too_few,480,0.4351,0.0066,0.4365,0.8598,0.0054,1.4057,0.0,-0.0037,0.4968
3w,30,30 min,3.0,9,ceil(3 tau),0.5,hac,raw,12912,7292,0.5647,too_few,538,0.38,0.0068,0.3659,0.7951,0.0058,1.6059,0.0,0.0004,
3w,30,30 min,3.0,9,ceil(3 tau),0.5,hac,adjusted,12912,7060,0.5468,too_few,480,0.6208,0.006,0.6223,0.716,0.0064,0.8646,0.0,-0.0037,0.6158
3w,30,30 min,3.0,9,ceil(3 tau),0.5,ewc,raw,12912,7292,0.5647,too_few,538,0.2966,0.0065,0.2902,0.8457,0.0053,1.8314,0.0,0.0004,
3w,30,30 min,3.0,9,ceil(3 tau),0.5,ewc,adjusted,12912,7060,0.5468,too_few,480,0.5547,0.0062,0.561,0.7829,0.0058,1.0537,0.0,-0.0037,0.6118
3w,30,30 min,3.0,9,ceil(3 tau),0.5,naive,raw,12912,7292,0.5647,too_few,538,0.7589,0.0055,0.7585,0.3758,0.0068,0.5442,0.0,0.0004,
3w,30,30 min,3.0,9,ceil(3 tau),0.5,naive,adjusted,12912,7060,0.5468,too_few,480,0.8178,0.0047,0.8253,0.4067,0.0066,0.4482,0.0,-0.0037,0.8095
3w,30,30 min,3.0,9,ceil(3 tau),0.5,prepost_hac,raw,3228,1752,0.5428,too_few,537,0.7283,0.011,0.7488,0.339,0.012,1.0714,0.0,-0.1984,
3w,30,30 min,3.0,9,ceil(3 tau),0.5,prepost_hac,adjusted,3228,325,0.1007,covariate_outside,203,0.7631,0.0249,0.8313,0.2677,0.0291,0.9302,0.0,-0.289,0.9419
3w,30,30 min,3.0,9,ceil(3 tau),0.5,prepost_ewc,raw,3228,1752,0.5428,too_few,537,0.7021,0.012,0.734,0.3647,0.0125,1.164,0.0,-0.1984,
3w,30,30 min,3.0,9,ceil(3 tau),0.5,prepost_ewc,adjusted,3228,325,0.1007,covariate_outside,203,0.7323,0.0253,0.8156,0.2862,0.0302,0.9876,0.0,-0.289,0.9609
3w,30,30 min,7.5,0,0,0.0,randomization,raw,12912,7332,0.5678,too_few,538,0.0276,0.0024,0.0269,0.9722,0.0024,3.7089,0.0,0.0007,
3w,30,30 min,7.5,0,0,0.0,randomization,adjusted,12912,7100,0.5499,too_few,480,0.0296,0.0026,0.0301,0.9715,0.0026,4.0994,0.2268,0.0001,0.9328
3w,30,30 min,7.5,0,0,0.0,block_t,raw,12912,7332,0.5678,too_few,538,0.0379,0.0028,0.0366,0.9621,0.0028,3.083,0.0,0.0007,
3w,30,30 min,7.5,0,0,0.0,block_t,adjusted,12912,7100,0.5499,too_few,480,0.1235,0.005,0.1193,0.8765,0.005,1.3268,0.0,0.0001,0.4978
3w,30,30 min,7.5,0,0,0.0,hac,raw,12912,7332,0.5678,too_few,538,0.2046,0.0058,0.2033,0.7954,0.0058,1.5653,0.0,0.0007,
3w,30,30 min,7.5,0,0,0.0,hac,adjusted,12912,7100,0.5499,too_few,480,0.273,0.0064,0.2702,0.727,0.0064,0.7997,0.0,0.0001,0.604
3w,30,30 min,7.5,0,0,0.0,ewc,raw,12912,7332,0.5678,too_few,538,0.1787,0.0056,0.1838,0.8213,0.0056,1.6324,0.0,0.0007,
3w,30,30 min,7.5,0,0,0.0,ewc,adjusted,12912,7100,0.5499,too_few,480,0.2201,0.0059,0.22,0.7799,0.0059,0.9604,0.0,0.0001,0.6323
3w,30,30 min,7.5,0,0,0.0,naive,raw,12912,7332,0.5678,too_few,538,0.656,0.0065,0.6746,0.344,0.0065,0.4637,0.0,0.0007,
3w,30,30 min,7.5,0,0,0.0,naive,adjusted,12912,7100,0.5499,too_few,480,0.6124,0.0063,0.6271,0.3876,0.0063,0.3779,0.0,0.0001,0.814
3w,30,30 min,7.5,0,0,0.0,prepost_hac,raw,3228,1770,0.5483,too_few,537,0.6525,0.0122,0.6858,0.3475,0.0122,1.1397,0.0,-0.1662,
3w,30,30 min,7.5,0,0,0.0,prepost_hac,adjusted,3228,361,0.1118,covariate_outside,218,0.7368,0.0285,0.8456,0.2632,0.0285,0.9899,0.0,-0.2781,0.9314
3w,30,30 min,7.5,0,0,0.0,prepost_ewc,raw,3228,1770,0.5483,too_few,537,0.635,0.0125,0.6763,0.365,0.0125,1.2122,0.0,-0.1662,
3w,30,30 min,7.5,0,0,0.0,prepost_ewc,adjusted,3228,361,0.1118,covariate_outside,218,0.7036,0.0297,0.8261,0.2964,0.0297,1.0237,0.0,-0.2781,0.9474
3w,30,30 min,7.5,0,0,0.1,randomization,raw,12912,7332,0.5678,too_few,538,0.0315,0.0024,0.0301,0.9729,0.0023,3.6982,0.0,-0.0233,
3w,30,30 min,7.5,0,0,0.1,randomization,adjusted,12912,7100,0.5499,too_few,480,0.0468,0.0032,0.0466,0.9717,0.0026,4.1016,0.2268,-0.0291,0.9351
3w,30,30 min,7.5,0,0,0.1,block_t,raw,12912,7332,0.5678,too_few,538,0.0421,0.0028,0.0397,0.9626,0.0027,3.0869,0.0,-0.0233,
3w,30,30 min,7.5,0,0,0.1,block_t,adjusted,12912,7100,0.5499,too_few,480,0.1607,0.0053,0.1561,0.8765,0.005,1.3267,0.0,-0.0292,0.4981
3w,30,30 min,7.5,0,0,0.1,hac,raw,12912,7332,0.5678,too_few,538,0.2115,0.0059,0.2112,0.7973,0.0058,1.5604,0.0,-0.0233,
3w,30,30 min,7.5,0,0,0.1,hac,adjusted,12912,7100,0.5499,too_few,480,0.3196,0.0062,0.3157,0.73,0.0063,0.8002,0.0,-0.0291,0.6052
3w,30,30 min,7.5,0,0,0.1,ewc,raw,12912,7332,0.5678,too_few,538,0.1905,0.0057,0.1959,0.8212,0.0056,1.6321,0.0,-0.0233,
3w,30,30 min,7.5,0,0,0.1,ewc,adjusted,12912,7100,0.5499,too_few,480,0.2655,0.0059,0.2653,0.783,0.0058,0.9609,0.0,-0.0291,0.6325
3w,30,30 min,7.5,0,0,0.1,naive,raw,12912,7332,0.5678,too_few,538,0.6693,0.0062,0.6878,0.3447,0.0065,0.4638,0.0,-0.0233,
3w,30,30 min,7.5,0,0,0.1,naive,adjusted,12912,7100,0.5499,too_few,480,0.6517,0.0057,0.6648,0.3841,0.0062,0.3777,0.0,-0.0291,0.8137
3w,30,30 min,7.5,0,0,0.1,prepost_hac,raw,3228,1770,0.5483,too_few,537,0.6565,0.012,0.6884,0.3486,0.0122,1.1387,0.0,-0.172,
3w,30,30 min,7.5,0,0,0.1,prepost_hac,adjusted,3228,361,0.1118,covariate_outside,218,0.7202,0.028,0.8251,0.2659,0.0289,0.9919,0.0,-0.2839,0.9348
3w,30,30 min,7.5,0,0,0.1,prepost_ewc,raw,3228,1770,0.5483,too_few,537,0.6322,0.0126,0.6737,0.365,0.0126,1.2099,0.0,-0.172,
3w,30,30 min,7.5,0,0,0.1,prepost_ewc,adjusted,3228,361,0.1118,covariate_outside,218,0.7008,0.0282,0.8112,0.2992,0.0296,1.0257,0.0,-0.2839,0.9468
3w,30,30 min,7.5,0,0,0.25,randomization,raw,12912,7332,0.5678,too_few,538,0.0432,0.0028,0.0394,0.9742,0.0023,3.6937,0.0,-0.0648,
3w,30,30 min,7.5,0,0,0.25,randomization,adjusted,12912,7100,0.5499,too_few,480,0.0683,0.0038,0.0713,0.9707,0.0026,4.118,0.2268,-0.0768,0.9392
3w,30,30 min,7.5,0,0,0.25,block_t,raw,12912,7332,0.5678,too_few,538,0.0591,0.0032,0.0544,0.9625,0.0027,3.084,0.0,-0.065,
3w,30,30 min,7.5,0,0,0.25,block_t,adjusted,12912,7100,0.5499,too_few,480,0.2348,0.0059,0.2343,0.8779,0.0049,1.3291,0.0,-0.0766,0.4978
3w,30,30 min,7.5,0,0,0.25,hac,raw,12912,7332,0.5678,too_few,538,0.2349,0.006,0.2299,0.7975,0.0058,1.5609,0.0,-0.0648,
3w,30,30 min,7.5,0,0,0.25,hac,adjusted,12912,7100,0.5499,too_few,480,0.4028,0.0062,0.4015,0.7335,0.0062,0.7998,0.0,-0.0768,0.6067
3w,30,30 min,7.5,0,0,0.25,ewc,raw,12912,7332,0.5678,too_few,538,0.2111,0.0059,0.2152,0.8212,0.0056,1.6333,0.0,-0.0648,
3w,30,30 min,7.5,0,0,0.25,ewc,adjusted,12912,7100,0.5499,too_few,480,0.3441,0.0061,0.3457,0.7854,0.0058,0.963,0.0,-0.0768,0.6325
3w,30,30 min,7.5,0,0,0.25,naive,raw,12912,7332,0.5678,too_few,538,0.6851,0.0062,0.6976,0.3448,0.0065,0.4638,0.0,-0.0648,
3w,30,30 min,7.5,0,0,0.25,naive,adjusted,12912,7100,0.5499,too_few,480,0.6923,0.0056,0.7043,0.3842,0.0063,0.379,0.0,-0.0768,0.8138
3w,30,30 min,7.5,0,0,0.25,prepost_hac,raw,3228,1770,0.5483,too_few,537,0.6785,0.0116,0.7073,0.3503,0.0123,1.1327,0.0,-0.1808,
3w,30,30 min,7.5,0,0,0.25,prepost_hac,adjusted,3228,361,0.1118,covariate_outside,218,0.7313,0.0257,0.8242,0.2659,0.0289,0.9965,0.0,-0.2927,0.9289
3w,30,30 min,7.5,0,0,0.25,prepost_ewc,raw,3228,1770,0.5483,too_few,537,0.652,0.0125,0.6894,0.3655,0.0125,1.2127,0.0,-0.1808,
3w,30,30 min,7.5,0,0,0.25,prepost_ewc,adjusted,3228,361,0.1118,covariate_outside,218,0.7008,0.026,0.806,0.3019,0.0296,1.0304,0.0,-0.2927,0.9458
3w,30,30 min,7.5,0,0,0.5,randomization,raw,12912,7332,0.5678,too_few,538,0.0656,0.0031,0.0577,0.9753,0.0023,3.7011,0.0,-0.1337,
3w,30,30 min,7.5,0,0,0.5,randomization,adjusted,12912,7100,0.5499,too_few,480,0.1068,0.0046,0.1119,0.9687,0.0027,4.1457,0.2268,-0.1542,0.943
3w,30,30 min,7.5,0,0,0.5,block_t,raw,12912,7332,0.5678,too_few,538,0.0918,0.0039,0.0827,0.9637,0.0027,3.0804,0.0,-0.1337,
3w,30,30 min,7.5,0,0,0.5,block_t,adjusted,12912,7100,0.5499,too_few,480,0.3476,0.0064,0.3502,0.8814,0.0048,1.3374,0.0,-0.1542,0.5017
3w,30,30 min,7.5,0,0,0.5,hac,raw,12912,7332,0.5678,too_few,538,0.3223,0.0065,0.3094,0.7983,0.0058,1.5745,0.0,-0.1337,
3w,30,30 min,7.5,0,0,0.5,hac,adjusted,12912,7100,0.5499,too_few,480,0.5361,0.0062,0.5362,0.738,0.0061,0.8088,0.0,-0.1542,0.6084
3w,30,30 min,7.5,0,0,0.5,ewc,raw,12912,7332,0.5678,too_few,538,0.281,0.0064,0.2775,0.8226,0.0056,1.6427,0.0,-0.1337,
3w,30,30 min,7.5,0,0,0.5,ewc,adjusted,12912,7100,0.5499,too_few,480,0.4738,0.0061,0.4786,0.7935,0.0056,0.9759,0.0,-0.1542,0.6375
3w,30,30 min,7.5,0,0,0.5,naive,raw,12912,7332,0.5678,too_few,538,0.7604,0.0055,0.7648,0.3462,0.0065,0.4657,0.0,-0.1337,
3w,30,30 min,7.5,0,0,0.5,naive,adjusted,12912,7100,0.5499,too_few,480,0.7775,0.0051,0.7862,0.3934,0.0063,0.3827,0.0,-0.1542,0.8151
3w,30,30 min,7.5,0,0,0.5,prepost_hac,raw,3228,1770,0.5483,too_few,537,0.7266,0.011,0.7483,0.3514,0.0123,1.1265,0.0,-0.1954,
3w,30,30 min,7.5,0,0,0.5,prepost_hac,adjusted,3228,361,0.1118,covariate_outside,218,0.7341,0.024,0.8073,0.2687,0.029,0.9994,0.0,-0.3073,0.9281
3w,30,30 min,7.5,0,0,0.5,prepost_ewc,raw,3228,1770,0.5483,too_few,537,0.6904,0.0119,0.7212,0.365,0.0126,1.2158,0.0,-0.1954,
3w,30,30 min,7.5,0,0,0.5,prepost_ewc,adjusted,3228,361,0.1118,covariate_outside,218,0.7119,0.0244,0.7953,0.2992,0.0295,1.0329,0.0,-0.3073,0.9467
3w,30,30 min,7.5,23,ceil(3 tau),0.0,randomization,raw,12912,7260,0.5623,too_few,536,0.0277,0.0023,0.0267,0.972,0.0023,3.8799,0.0,0.0004,
3w,30,30 min,7.5,23,ceil(3 tau),0.0,randomization,adjusted,12912,7036,0.5449,too_few,480,0.0294,0.0028,0.0309,0.9731,0.0027,14.9779,0.4417,0.0,1.0399
3w,30,30 min,7.5,23,ceil(3 tau),0.0,block_t,raw,12912,7260,0.5623,too_few,536,0.0357,0.0026,0.0342,0.9643,0.0026,3.2199,0.0,0.0003,
3w,30,30 min,7.5,23,ceil(3 tau),0.0,block_t,adjusted,12912,7036,0.5449,too_few,480,0.1765,0.0063,0.1656,0.8235,0.0063,1.4805,0.0,0.0,0.4711
3w,30,30 min,7.5,23,ceil(3 tau),0.0,hac,raw,12912,7260,0.5623,too_few,536,0.1952,0.0056,0.1955,0.8048,0.0056,1.7019,0.0,0.0004,
3w,30,30 min,7.5,23,ceil(3 tau),0.0,hac,adjusted,12912,7036,0.5449,too_few,480,0.3069,0.007,0.3023,0.6931,0.007,1.0199,0.0,0.0,0.6016
3w,30,30 min,7.5,23,ceil(3 tau),0.0,ewc,raw,12912,7260,0.5623,too_few,536,0.0521,0.0031,0.0492,0.9479,0.0031,2.9101,0.0,0.0004,
3w,30,30 min,7.5,23,ceil(3 tau),0.0,ewc,adjusted,12912,7036,0.5449,too_few,480,0.1791,0.0058,0.1724,0.8209,0.0058,1.4406,0.0,0.0,0.5211
3w,30,30 min,7.5,23,ceil(3 tau),0.0,naive,raw,12912,7260,0.5623,too_few,536,0.4678,0.0071,0.4844,0.5322,0.0071,0.9284,0.0,0.0004,
3w,30,30 min,7.5,23,ceil(3 tau),0.0,naive,adjusted,12912,7036,0.5449,too_few,480,0.4758,0.0072,0.4903,0.5242,0.0072,0.7383,0.0,0.0,0.765
3w,30,30 min,7.5,23,ceil(3 tau),0.0,prepost_hac,raw,3228,1739,0.5387,too_few,537,0.6676,0.0122,0.7017,0.3324,0.0122,1.0115,0.0,-0.2129,
3w,30,30 min,7.5,23,ceil(3 tau),0.0,prepost_hac,adjusted,3228,279,0.0864,covariate_outside,179,0.7276,0.03,0.8334,0.2724,0.03,0.8802,0.0,-0.4842,0.9452
3w,30,30 min,7.5,23,ceil(3 tau),0.0,prepost_ewc,raw,3228,1739,0.5387,too_few,537,0.6383,0.0129,0.6812,0.3617,0.0129,1.1522,0.0,-0.2129,
3w,30,30 min,7.5,23,ceil(3 tau),0.0,prepost_ewc,adjusted,3228,279,0.0864,covariate_outside,179,0.7168,0.0319,0.8233,0.2832,0.0319,0.9563,0.0,-0.4842,0.9597
3w,30,30 min,7.5,23,ceil(3 tau),0.1,randomization,raw,12912,7260,0.5623,too_few,536,0.0313,0.0024,0.0305,0.972,0.0023,3.8787,0.0,-0.0021,
3w,30,30 min,7.5,23,ceil(3 tau),0.1,randomization,adjusted,12912,7036,0.5449,too_few,480,0.0435,0.0034,0.0444,0.9727,0.0027,14.9997,0.4417,-0.0038,1.0408
3w,30,30 min,7.5,23,ceil(3 tau),0.1,block_t,raw,12912,7260,0.5623,too_few,536,0.0398,0.0027,0.0381,0.9642,0.0026,3.2194,0.0,-0.0022,
3w,30,30 min,7.5,23,ceil(3 tau),0.1,block_t,adjusted,12912,7036,0.5449,too_few,480,0.2233,0.0065,0.2116,0.8239,0.0064,1.4796,0.0,-0.0038,0.4712
3w,30,30 min,7.5,23,ceil(3 tau),0.1,hac,raw,12912,7260,0.5623,too_few,536,0.1996,0.0056,0.2017,0.8047,0.0056,1.7015,0.0,-0.0021,
3w,30,30 min,7.5,23,ceil(3 tau),0.1,hac,adjusted,12912,7036,0.5449,too_few,480,0.3569,0.0067,0.3522,0.692,0.007,1.019,0.0,-0.0038,0.6014
3w,30,30 min,7.5,23,ceil(3 tau),0.1,ewc,raw,12912,7260,0.5623,too_few,536,0.0573,0.0033,0.0545,0.9478,0.0031,2.9116,0.0,-0.0021,
3w,30,30 min,7.5,23,ceil(3 tau),0.1,ewc,adjusted,12912,7036,0.5449,too_few,480,0.2217,0.0059,0.2152,0.8236,0.0057,1.441,0.0,-0.0038,0.5211
3w,30,30 min,7.5,23,ceil(3 tau),0.1,naive,raw,12912,7260,0.5623,too_few,536,0.4846,0.0071,0.4977,0.5322,0.0071,0.9282,0.0,-0.0021,
3w,30,30 min,7.5,23,ceil(3 tau),0.1,naive,adjusted,12912,7036,0.5449,too_few,480,0.5206,0.0066,0.5317,0.5215,0.0072,0.7382,0.0,-0.0038,0.7651
3w,30,30 min,7.5,23,ceil(3 tau),0.1,prepost_hac,raw,3228,1739,0.5387,too_few,537,0.6671,0.0122,0.7033,0.3318,0.0122,1.012,0.0,-0.2132,
3w,30,30 min,7.5,23,ceil(3 tau),0.1,prepost_hac,adjusted,3228,279,0.0864,covariate_outside,179,0.7455,0.0296,0.8401,0.2724,0.03,0.8811,0.0,-0.4845,0.9463
3w,30,30 min,7.5,23,ceil(3 tau),0.1,prepost_ewc,raw,3228,1739,0.5387,too_few,537,0.6475,0.0129,0.6887,0.3617,0.0129,1.1521,0.0,-0.2132,
3w,30,30 min,7.5,23,ceil(3 tau),0.1,prepost_ewc,adjusted,3228,279,0.0864,covariate_outside,179,0.7061,0.0322,0.8152,0.2832,0.0319,0.9571,0.0,-0.4845,0.9595
3w,30,30 min,7.5,23,ceil(3 tau),0.25,randomization,raw,12912,7260,0.5623,too_few,536,0.0377,0.0026,0.0356,0.9722,0.0023,3.8787,0.0,-0.0065,
3w,30,30 min,7.5,23,ceil(3 tau),0.25,randomization,adjusted,12912,7036,0.5449,too_few,480,0.0584,0.0037,0.0608,0.9729,0.0027,15.0183,0.4417,-0.0092,1.0414
3w,30,30 min,7.5,23,ceil(3 tau),0.25,block_t,raw,12912,7260,0.5623,too_few,536,0.0543,0.0032,0.0507,0.9642,0.0026,3.2185,0.0,-0.0068,
3w,30,30 min,7.5,23,ceil(3 tau),0.25,block_t,adjusted,12912,7036,0.5449,too_few,480,0.2901,0.0067,0.2834,0.8243,0.0064,1.4801,0.0,-0.0093,0.4715
3w,30,30 min,7.5,23,ceil(3 tau),0.25,hac,raw,12912,7260,0.5623,too_few,536,0.2255,0.0058,0.225,0.8047,0.0056,1.7019,0.0,-0.0065,
3w,30,30 min,7.5,23,ceil(3 tau),0.25,hac,adjusted,12912,7036,0.5449,too_few,480,0.4335,0.0066,0.4332,0.6913,0.0069,1.0184,0.0,-0.0092,0.6015
3w,30,30 min,7.5,23,ceil(3 tau),0.25,ewc,raw,12912,7260,0.5623,too_few,536,0.078,0.0037,0.0752,0.9478,0.0031,2.9114,0.0,-0.0065,
3w,30,30 min,7.5,23,ceil(3 tau),0.25,ewc,adjusted,12912,7036,0.5449,too_few,480,0.2968,0.0062,0.2947,0.8229,0.0057,1.441,0.0,-0.0092,0.5209
3w,30,30 min,7.5,23,ceil(3 tau),0.25,naive,raw,12912,7260,0.5623,too_few,536,0.4983,0.0069,0.5071,0.5321,0.0071,0.9286,0.0,-0.0065,
3w,30,30 min,7.5,23,ceil(3 tau),0.25,naive,adjusted,12912,7036,0.5449,too_few,480,0.5721,0.0063,0.5841,0.5215,0.0072,0.7383,0.0,-0.0092,0.7651
3w,30,30 min,7.5,23,ceil(3 tau),0.25,prepost_hac,raw,3228,1739,0.5387,too_few,537,0.6935,0.0119,0.7222,0.3318,0.0122,1.0109,0.0,-0.2137,
3w,30,30 min,7.5,23,ceil(3 tau),0.25,prepost_hac,adjusted,3228,279,0.0864,covariate_outside,179,0.7634,0.0287,0.8439,0.2724,0.03,0.8818,0.0,-0.485,0.9479
3w,30,30 min,7.5,23,ceil(3 tau),0.25,prepost_ewc,raw,3228,1739,0.5387,too_few,537,0.6647,0.0124,0.7042,0.3617,0.0129,1.152,0.0,-0.2137,
3w,30,30 min,7.5,23,ceil(3 tau),0.25,prepost_ewc,adjusted,3228,279,0.0864,covariate_outside,179,0.724,0.0303,0.8279,0.2832,0.0319,0.9583,0.0,-0.485,0.9594
3w,30,30 min,7.5,23,ceil(3 tau),0.5,randomization,raw,12912,7260,0.5623,too_few,536,0.0623,0.0031,0.0555,0.9722,0.0023,3.8781,0.0,-0.0143,
3w,30,30 min,7.5,23,ceil(3 tau),0.5,randomization,adjusted,12912,7036,0.5449,too_few,480,0.0962,0.0046,0.1001,0.9729,0.0027,15.0428,0.4417,-0.0184,1.0402
3w,30,30 min,7.5,23,ceil(3 tau),0.5,block_t,raw,12912,7260,0.5623,too_few,536,0.0912,0.0038,0.0844,0.9639,0.0026,3.2181,0.0,-0.0143,
3w,30,30 min,7.5,23,ceil(3 tau),0.5,block_t,adjusted,12912,7036,0.5449,too_few,480,0.4117,0.0069,0.408,0.8242,0.0064,1.482,0.0,-0.0186,0.4717
3w,30,30 min,7.5,23,ceil(3 tau),0.5,hac,raw,12912,7260,0.5623,too_few,536,0.3211,0.0064,0.3149,0.8044,0.0056,1.7024,0.0,-0.0143,
3w,30,30 min,7.5,23,ceil(3 tau),0.5,hac,adjusted,12912,7036,0.5449,too_few,480,0.565,0.0063,0.5668,0.6903,0.0069,1.0179,0.0,-0.0184,0.6025
3w,30,30 min,7.5,23,ceil(3 tau),0.5,ewc,raw,12912,7260,0.5623,too_few,536,0.1329,0.0046,0.1281,0.9475,0.0031,2.9136,0.0,-0.0143,
3w,30,30 min,7.5,23,ceil(3 tau),0.5,ewc,adjusted,12912,7036,0.5449,too_few,480,0.4208,0.0065,0.4211,0.8222,0.0057,1.4396,0.0,-0.0184,0.5201
3w,30,30 min,7.5,23,ceil(3 tau),0.5,naive,raw,12912,7260,0.5623,too_few,536,0.5875,0.0067,0.589,0.5325,0.0071,0.9285,0.0,-0.0143,
3w,30,30 min,7.5,23,ceil(3 tau),0.5,naive,adjusted,12912,7036,0.5449,too_few,480,0.6839,0.0058,0.6939,0.5195,0.0072,0.7383,0.0,-0.0184,0.7656
3w,30,30 min,7.5,23,ceil(3 tau),0.5,prepost_hac,raw,3228,1739,0.5387,too_few,537,0.7372,0.0113,0.7585,0.3318,0.0122,1.0103,0.0,-0.2146,
3w,30,30 min,7.5,23,ceil(3 tau),0.5,prepost_hac,adjusted,3228,279,0.0864,covariate_outside,179,0.7742,0.0274,0.8433,0.2724,0.03,0.8809,0.0,-0.4859,0.9472
3w,30,30 min,7.5,23,ceil(3 tau),0.5,prepost_ewc,raw,3228,1739,0.5387,too_few,537,0.7039,0.0119,0.7347,0.3617,0.0129,1.1519,0.0,-0.2146,
3w,30,30 min,7.5,23,ceil(3 tau),0.5,prepost_ewc,adjusted,3228,279,0.0864,covariate_outside,179,0.7384,0.0276,0.8264,0.2832,0.0319,0.9604,0.0,-0.4859,0.9595
3w,60,1 h,0.0,0,ceil(3 tau),0.0,randomization,raw,12912,0,0.0,design_too_small,0,,,,,,,,,
3w,60,1 h,0.0,0,ceil(3 tau),0.0,randomization,adjusted,12912,0,0.0,design_too_small,0,,,,,,,,,
3w,60,1 h,0.0,0,ceil(3 tau),0.0,block_t,raw,12912,0,0.0,design_too_small,0,,,,,,,,,
3w,60,1 h,0.0,0,ceil(3 tau),0.0,block_t,adjusted,12912,0,0.0,design_too_small,0,,,,,,,,,
3w,60,1 h,0.0,0,ceil(3 tau),0.0,hac,raw,12912,0,0.0,design_too_small,0,,,,,,,,,
3w,60,1 h,0.0,0,ceil(3 tau),0.0,hac,adjusted,12912,0,0.0,design_too_small,0,,,,,,,,,
3w,60,1 h,0.0,0,ceil(3 tau),0.0,ewc,raw,12912,0,0.0,design_too_small,0,,,,,,,,,
3w,60,1 h,0.0,0,ceil(3 tau),0.0,ewc,adjusted,12912,0,0.0,design_too_small,0,,,,,,,,,
3w,60,1 h,0.0,0,ceil(3 tau),0.0,naive,raw,12912,0,0.0,design_too_small,0,,,,,,,,,
3w,60,1 h,0.0,0,ceil(3 tau),0.0,naive,adjusted,12912,0,0.0,design_too_small,0,,,,,,,,,
3w,60,1 h,0.0,0,ceil(3 tau),0.0,prepost_hac,raw,3228,0,0.0,design_too_small,0,,,,,,,,,
3w,60,1 h,0.0,0,ceil(3 tau),0.0,prepost_hac,adjusted,3228,0,0.0,design_too_small,0,,,,,,,,,
3w,60,1 h,0.0,0,ceil(3 tau),0.0,prepost_ewc,raw,3228,0,0.0,design_too_small,0,,,,,,,,,
3w,60,1 h,0.0,0,ceil(3 tau),0.0,prepost_ewc,adjusted,3228,0,0.0,design_too_small,0,,,,,,,,,
3w,60,1 h,0.0,0,ceil(3 tau),0.1,randomization,raw,12912,0,0.0,design_too_small,0,,,,,,,,,
3w,60,1 h,0.0,0,ceil(3 tau),0.1,randomization,adjusted,12912,0,0.0,design_too_small,0,,,,,,,,,
3w,60,1 h,0.0,0,ceil(3 tau),0.1,block_t,raw,12912,0,0.0,design_too_small,0,,,,,,,,,
3w,60,1 h,0.0,0,ceil(3 tau),0.1,block_t,adjusted,12912,0,0.0,design_too_small,0,,,,,,,,,
3w,60,1 h,0.0,0,ceil(3 tau),0.1,hac,raw,12912,0,0.0,design_too_small,0,,,,,,,,,
3w,60,1 h,0.0,0,ceil(3 tau),0.1,hac,adjusted,12912,0,0.0,design_too_small,0,,,,,,,,,
3w,60,1 h,0.0,0,ceil(3 tau),0.1,ewc,raw,12912,0,0.0,design_too_small,0,,,,,,,,,
3w,60,1 h,0.0,0,ceil(3 tau),0.1,ewc,adjusted,12912,0,0.0,design_too_small,0,,,,,,,,,
3w,60,1 h,0.0,0,ceil(3 tau),0.1,naive,raw,12912,0,0.0,design_too_small,0,,,,,,,,,
3w,60,1 h,0.0,0,ceil(3 tau),0.1,naive,adjusted,12912,0,0.0,design_too_small,0,,,,,,,,,
3w,60,1 h,0.0,0,ceil(3 tau),0.1,prepost_hac,raw,3228,0,0.0,design_too_small,0,,,,,,,,,
3w,60,1 h,0.0,0,ceil(3 tau),0.1,prepost_hac,adjusted,3228,0,0.0,design_too_small,0,,,,,,,,,
3w,60,1 h,0.0,0,ceil(3 tau),0.1,prepost_ewc,raw,3228,0,0.0,design_too_small,0,,,,,,,,,
3w,60,1 h,0.0,0,ceil(3 tau),0.1,prepost_ewc,adjusted,3228,0,0.0,design_too_small,0,,,,,,,,,
3w,60,1 h,0.0,0,ceil(3 tau),0.25,randomization,raw,12912,0,0.0,design_too_small,0,,,,,,,,,
3w,60,1 h,0.0,0,ceil(3 tau),0.25,randomization,adjusted,12912,0,0.0,design_too_small,0,,,,,,,,,
3w,60,1 h,0.0,0,ceil(3 tau),0.25,block_t,raw,12912,0,0.0,design_too_small,0,,,,,,,,,
3w,60,1 h,0.0,0,ceil(3 tau),0.25,block_t,adjusted,12912,0,0.0,design_too_small,0,,,,,,,,,
3w,60,1 h,0.0,0,ceil(3 tau),0.25,hac,raw,12912,0,0.0,design_too_small,0,,,,,,,,,
3w,60,1 h,0.0,0,ceil(3 tau),0.25,hac,adjusted,12912,0,0.0,design_too_small,0,,,,,,,,,
3w,60,1 h,0.0,0,ceil(3 tau),0.25,ewc,raw,12912,0,0.0,design_too_small,0,,,,,,,,,
3w,60,1 h,0.0,0,ceil(3 tau),0.25,ewc,adjusted,12912,0,0.0,design_too_small,0,,,,,,,,,
3w,60,1 h,0.0,0,ceil(3 tau),0.25,naive,raw,12912,0,0.0,design_too_small,0,,,,,,,,,
3w,60,1 h,0.0,0,ceil(3 tau),0.25,naive,adjusted,12912,0,0.0,design_too_small,0,,,,,,,,,
3w,60,1 h,0.0,0,ceil(3 tau),0.25,prepost_hac,raw,3228,0,0.0,design_too_small,0,,,,,,,,,
3w,60,1 h,0.0,0,ceil(3 tau),0.25,prepost_hac,adjusted,3228,0,0.0,design_too_small,0,,,,,,,,,
3w,60,1 h,0.0,0,ceil(3 tau),0.25,prepost_ewc,raw,3228,0,0.0,design_too_small,0,,,,,,,,,
3w,60,1 h,0.0,0,ceil(3 tau),0.25,prepost_ewc,adjusted,3228,0,0.0,design_too_small,0,,,,,,,,,
3w,60,1 h,0.0,0,ceil(3 tau),0.5,randomization,raw,12912,0,0.0,design_too_small,0,,,,,,,,,
3w,60,1 h,0.0,0,ceil(3 tau),0.5,randomization,adjusted,12912,0,0.0,design_too_small,0,,,,,,,,,
3w,60,1 h,0.0,0,ceil(3 tau),0.5,block_t,raw,12912,0,0.0,design_too_small,0,,,,,,,,,
3w,60,1 h,0.0,0,ceil(3 tau),0.5,block_t,adjusted,12912,0,0.0,design_too_small,0,,,,,,,,,
3w,60,1 h,0.0,0,ceil(3 tau),0.5,hac,raw,12912,0,0.0,design_too_small,0,,,,,,,,,
3w,60,1 h,0.0,0,ceil(3 tau),0.5,hac,adjusted,12912,0,0.0,design_too_small,0,,,,,,,,,
3w,60,1 h,0.0,0,ceil(3 tau),0.5,ewc,raw,12912,0,0.0,design_too_small,0,,,,,,,,,
3w,60,1 h,0.0,0,ceil(3 tau),0.5,ewc,adjusted,12912,0,0.0,design_too_small,0,,,,,,,,,
3w,60,1 h,0.0,0,ceil(3 tau),0.5,naive,raw,12912,0,0.0,design_too_small,0,,,,,,,,,
3w,60,1 h,0.0,0,ceil(3 tau),0.5,naive,adjusted,12912,0,0.0,design_too_small,0,,,,,,,,,
3w,60,1 h,0.0,0,ceil(3 tau),0.5,prepost_hac,raw,3228,0,0.0,design_too_small,0,,,,,,,,,
3w,60,1 h,0.0,0,ceil(3 tau),0.5,prepost_hac,adjusted,3228,0,0.0,design_too_small,0,,,,,,,,,
3w,60,1 h,0.0,0,ceil(3 tau),0.5,prepost_ewc,raw,3228,0,0.0,design_too_small,0,,,,,,,,,
3w,60,1 h,0.0,0,ceil(3 tau),0.5,prepost_ewc,adjusted,3228,0,0.0,design_too_small,0,,,,,,,,,
3w,60,1 h,6.0,0,0,0.0,randomization,raw,12912,0,0.0,design_too_small,0,,,,,,,,,
3w,60,1 h,6.0,0,0,0.0,randomization,adjusted,12912,0,0.0,design_too_small,0,,,,,,,,,
3w,60,1 h,6.0,0,0,0.0,block_t,raw,12912,0,0.0,design_too_small,0,,,,,,,,,
3w,60,1 h,6.0,0,0,0.0,block_t,adjusted,12912,0,0.0,design_too_small,0,,,,,,,,,
3w,60,1 h,6.0,0,0,0.0,hac,raw,12912,0,0.0,design_too_small,0,,,,,,,,,
3w,60,1 h,6.0,0,0,0.0,hac,adjusted,12912,0,0.0,design_too_small,0,,,,,,,,,
3w,60,1 h,6.0,0,0,0.0,ewc,raw,12912,0,0.0,design_too_small,0,,,,,,,,,
3w,60,1 h,6.0,0,0,0.0,ewc,adjusted,12912,0,0.0,design_too_small,0,,,,,,,,,
3w,60,1 h,6.0,0,0,0.0,naive,raw,12912,0,0.0,design_too_small,0,,,,,,,,,
3w,60,1 h,6.0,0,0,0.0,naive,adjusted,12912,0,0.0,design_too_small,0,,,,,,,,,
3w,60,1 h,6.0,0,0,0.0,prepost_hac,raw,3228,0,0.0,design_too_small,0,,,,,,,,,
3w,60,1 h,6.0,0,0,0.0,prepost_hac,adjusted,3228,0,0.0,design_too_small,0,,,,,,,,,
3w,60,1 h,6.0,0,0,0.0,prepost_ewc,raw,3228,0,0.0,design_too_small,0,,,,,,,,,
3w,60,1 h,6.0,0,0,0.0,prepost_ewc,adjusted,3228,0,0.0,design_too_small,0,,,,,,,,,
3w,60,1 h,6.0,0,0,0.1,randomization,raw,12912,0,0.0,design_too_small,0,,,,,,,,,
3w,60,1 h,6.0,0,0,0.1,randomization,adjusted,12912,0,0.0,design_too_small,0,,,,,,,,,
3w,60,1 h,6.0,0,0,0.1,block_t,raw,12912,0,0.0,design_too_small,0,,,,,,,,,
3w,60,1 h,6.0,0,0,0.1,block_t,adjusted,12912,0,0.0,design_too_small,0,,,,,,,,,
3w,60,1 h,6.0,0,0,0.1,hac,raw,12912,0,0.0,design_too_small,0,,,,,,,,,
3w,60,1 h,6.0,0,0,0.1,hac,adjusted,12912,0,0.0,design_too_small,0,,,,,,,,,
3w,60,1 h,6.0,0,0,0.1,ewc,raw,12912,0,0.0,design_too_small,0,,,,,,,,,
3w,60,1 h,6.0,0,0,0.1,ewc,adjusted,12912,0,0.0,design_too_small,0,,,,,,,,,
3w,60,1 h,6.0,0,0,0.1,naive,raw,12912,0,0.0,design_too_small,0,,,,,,,,,
3w,60,1 h,6.0,0,0,0.1,naive,adjusted,12912,0,0.0,design_too_small,0,,,,,,,,,
3w,60,1 h,6.0,0,0,0.1,prepost_hac,raw,3228,0,0.0,design_too_small,0,,,,,,,,,
3w,60,1 h,6.0,0,0,0.1,prepost_hac,adjusted,3228,0,0.0,design_too_small,0,,,,,,,,,
3w,60,1 h,6.0,0,0,0.1,prepost_ewc,raw,3228,0,0.0,design_too_small,0,,,,,,,,,
3w,60,1 h,6.0,0,0,0.1,prepost_ewc,adjusted,3228,0,0.0,design_too_small,0,,,,,,,,,
3w,60,1 h,6.0,0,0,0.25,randomization,raw,12912,0,0.0,design_too_small,0,,,,,,,,,
3w,60,1 h,6.0,0,0,0.25,randomization,adjusted,12912,0,0.0,design_too_small,0,,,,,,,,,
3w,60,1 h,6.0,0,0,0.25,block_t,raw,12912,0,0.0,design_too_small,0,,,,,,,,,
3w,60,1 h,6.0,0,0,0.25,block_t,adjusted,12912,0,0.0,design_too_small,0,,,,,,,,,
3w,60,1 h,6.0,0,0,0.25,hac,raw,12912,0,0.0,design_too_small,0,,,,,,,,,
3w,60,1 h,6.0,0,0,0.25,hac,adjusted,12912,0,0.0,design_too_small,0,,,,,,,,,
3w,60,1 h,6.0,0,0,0.25,ewc,raw,12912,0,0.0,design_too_small,0,,,,,,,,,
3w,60,1 h,6.0,0,0,0.25,ewc,adjusted,12912,0,0.0,design_too_small,0,,,,,,,,,
3w,60,1 h,6.0,0,0,0.25,naive,raw,12912,0,0.0,design_too_small,0,,,,,,,,,
3w,60,1 h,6.0,0,0,0.25,naive,adjusted,12912,0,0.0,design_too_small,0,,,,,,,,,
3w,60,1 h,6.0,0,0,0.25,prepost_hac,raw,3228,0,0.0,design_too_small,0,,,,,,,,,
3w,60,1 h,6.0,0,0,0.25,prepost_hac,adjusted,3228,0,0.0,design_too_small,0,,,,,,,,,
3w,60,1 h,6.0,0,0,0.25,prepost_ewc,raw,3228,0,0.0,design_too_small,0,,,,,,,,,
3w,60,1 h,6.0,0,0,0.25,prepost_ewc,adjusted,3228,0,0.0,design_too_small,0,,,,,,,,,
3w,60,1 h,6.0,0,0,0.5,randomization,raw,12912,0,0.0,design_too_small,0,,,,,,,,,
3w,60,1 h,6.0,0,0,0.5,randomization,adjusted,12912,0,0.0,design_too_small,0,,,,,,,,,
3w,60,1 h,6.0,0,0,0.5,block_t,raw,12912,0,0.0,design_too_small,0,,,,,,,,,
3w,60,1 h,6.0,0,0,0.5,block_t,adjusted,12912,0,0.0,design_too_small,0,,,,,,,,,
3w,60,1 h,6.0,0,0,0.5,hac,raw,12912,0,0.0,design_too_small,0,,,,,,,,,
3w,60,1 h,6.0,0,0,0.5,hac,adjusted,12912,0,0.0,design_too_small,0,,,,,,,,,
3w,60,1 h,6.0,0,0,0.5,ewc,raw,12912,0,0.0,design_too_small,0,,,,,,,,,
3w,60,1 h,6.0,0,0,0.5,ewc,adjusted,12912,0,0.0,design_too_small,0,,,,,,,,,
3w,60,1 h,6.0,0,0,0.5,naive,raw,12912,0,0.0,design_too_small,0,,,,,,,,,
3w,60,1 h,6.0,0,0,0.5,naive,adjusted,12912,0,0.0,design_too_small,0,,,,,,,,,
3w,60,1 h,6.0,0,0,0.5,prepost_hac,raw,3228,0,0.0,design_too_small,0,,,,,,,,,
3w,60,1 h,6.0,0,0,0.5,prepost_hac,adjusted,3228,0,0.0,design_too_small,0,,,,,,,,,
3w,60,1 h,6.0,0,0,0.5,prepost_ewc,raw,3228,0,0.0,design_too_small,0,,,,,,,,,
3w,60,1 h,6.0,0,0,0.5,prepost_ewc,adjusted,3228,0,0.0,design_too_small,0,,,,,,,,,
3w,60,1 h,6.0,18,ceil(3 tau),0.0,randomization,raw,12912,0,0.0,design_too_small,0,,,,,,,,,
3w,60,1 h,6.0,18,ceil(3 tau),0.0,randomization,adjusted,12912,0,0.0,design_too_small,0,,,,,,,,,
3w,60,1 h,6.0,18,ceil(3 tau),0.0,block_t,raw,12912,0,0.0,design_too_small,0,,,,,,,,,
3w,60,1 h,6.0,18,ceil(3 tau),0.0,block_t,adjusted,12912,0,0.0,design_too_small,0,,,,,,,,,
3w,60,1 h,6.0,18,ceil(3 tau),0.0,hac,raw,12912,0,0.0,design_too_small,0,,,,,,,,,
3w,60,1 h,6.0,18,ceil(3 tau),0.0,hac,adjusted,12912,0,0.0,design_too_small,0,,,,,,,,,
3w,60,1 h,6.0,18,ceil(3 tau),0.0,ewc,raw,12912,0,0.0,design_too_small,0,,,,,,,,,
3w,60,1 h,6.0,18,ceil(3 tau),0.0,ewc,adjusted,12912,0,0.0,design_too_small,0,,,,,,,,,
3w,60,1 h,6.0,18,ceil(3 tau),0.0,naive,raw,12912,0,0.0,design_too_small,0,,,,,,,,,
3w,60,1 h,6.0,18,ceil(3 tau),0.0,naive,adjusted,12912,0,0.0,design_too_small,0,,,,,,,,,
3w,60,1 h,6.0,18,ceil(3 tau),0.0,prepost_hac,raw,3228,0,0.0,design_too_small,0,,,,,,,,,
3w,60,1 h,6.0,18,ceil(3 tau),0.0,prepost_hac,adjusted,3228,0,0.0,design_too_small,0,,,,,,,,,
3w,60,1 h,6.0,18,ceil(3 tau),0.0,prepost_ewc,raw,3228,0,0.0,design_too_small,0,,,,,,,,,
3w,60,1 h,6.0,18,ceil(3 tau),0.0,prepost_ewc,adjusted,3228,0,0.0,design_too_small,0,,,,,,,,,
3w,60,1 h,6.0,18,ceil(3 tau),0.1,randomization,raw,12912,0,0.0,design_too_small,0,,,,,,,,,
3w,60,1 h,6.0,18,ceil(3 tau),0.1,randomization,adjusted,12912,0,0.0,design_too_small,0,,,,,,,,,
3w,60,1 h,6.0,18,ceil(3 tau),0.1,block_t,raw,12912,0,0.0,design_too_small,0,,,,,,,,,
3w,60,1 h,6.0,18,ceil(3 tau),0.1,block_t,adjusted,12912,0,0.0,design_too_small,0,,,,,,,,,
3w,60,1 h,6.0,18,ceil(3 tau),0.1,hac,raw,12912,0,0.0,design_too_small,0,,,,,,,,,
3w,60,1 h,6.0,18,ceil(3 tau),0.1,hac,adjusted,12912,0,0.0,design_too_small,0,,,,,,,,,
3w,60,1 h,6.0,18,ceil(3 tau),0.1,ewc,raw,12912,0,0.0,design_too_small,0,,,,,,,,,
3w,60,1 h,6.0,18,ceil(3 tau),0.1,ewc,adjusted,12912,0,0.0,design_too_small,0,,,,,,,,,
3w,60,1 h,6.0,18,ceil(3 tau),0.1,naive,raw,12912,0,0.0,design_too_small,0,,,,,,,,,
3w,60,1 h,6.0,18,ceil(3 tau),0.1,naive,adjusted,12912,0,0.0,design_too_small,0,,,,,,,,,
3w,60,1 h,6.0,18,ceil(3 tau),0.1,prepost_hac,raw,3228,0,0.0,design_too_small,0,,,,,,,,,
3w,60,1 h,6.0,18,ceil(3 tau),0.1,prepost_hac,adjusted,3228,0,0.0,design_too_small,0,,,,,,,,,
3w,60,1 h,6.0,18,ceil(3 tau),0.1,prepost_ewc,raw,3228,0,0.0,design_too_small,0,,,,,,,,,
3w,60,1 h,6.0,18,ceil(3 tau),0.1,prepost_ewc,adjusted,3228,0,0.0,design_too_small,0,,,,,,,,,
3w,60,1 h,6.0,18,ceil(3 tau),0.25,randomization,raw,12912,0,0.0,design_too_small,0,,,,,,,,,
3w,60,1 h,6.0,18,ceil(3 tau),0.25,randomization,adjusted,12912,0,0.0,design_too_small,0,,,,,,,,,
3w,60,1 h,6.0,18,ceil(3 tau),0.25,block_t,raw,12912,0,0.0,design_too_small,0,,,,,,,,,
3w,60,1 h,6.0,18,ceil(3 tau),0.25,block_t,adjusted,12912,0,0.0,design_too_small,0,,,,,,,,,
3w,60,1 h,6.0,18,ceil(3 tau),0.25,hac,raw,12912,0,0.0,design_too_small,0,,,,,,,,,
3w,60,1 h,6.0,18,ceil(3 tau),0.25,hac,adjusted,12912,0,0.0,design_too_small,0,,,,,,,,,
3w,60,1 h,6.0,18,ceil(3 tau),0.25,ewc,raw,12912,0,0.0,design_too_small,0,,,,,,,,,
3w,60,1 h,6.0,18,ceil(3 tau),0.25,ewc,adjusted,12912,0,0.0,design_too_small,0,,,,,,,,,
3w,60,1 h,6.0,18,ceil(3 tau),0.25,naive,raw,12912,0,0.0,design_too_small,0,,,,,,,,,
3w,60,1 h,6.0,18,ceil(3 tau),0.25,naive,adjusted,12912,0,0.0,design_too_small,0,,,,,,,,,
3w,60,1 h,6.0,18,ceil(3 tau),0.25,prepost_hac,raw,3228,0,0.0,design_too_small,0,,,,,,,,,
3w,60,1 h,6.0,18,ceil(3 tau),0.25,prepost_hac,adjusted,3228,0,0.0,design_too_small,0,,,,,,,,,
3w,60,1 h,6.0,18,ceil(3 tau),0.25,prepost_ewc,raw,3228,0,0.0,design_too_small,0,,,,,,,,,
3w,60,1 h,6.0,18,ceil(3 tau),0.25,prepost_ewc,adjusted,3228,0,0.0,design_too_small,0,,,,,,,,,
3w,60,1 h,6.0,18,ceil(3 tau),0.5,randomization,raw,12912,0,0.0,design_too_small,0,,,,,,,,,
3w,60,1 h,6.0,18,ceil(3 tau),0.5,randomization,adjusted,12912,0,0.0,design_too_small,0,,,,,,,,,
3w,60,1 h,6.0,18,ceil(3 tau),0.5,block_t,raw,12912,0,0.0,design_too_small,0,,,,,,,,,
3w,60,1 h,6.0,18,ceil(3 tau),0.5,block_t,adjusted,12912,0,0.0,design_too_small,0,,,,,,,,,
3w,60,1 h,6.0,18,ceil(3 tau),0.5,hac,raw,12912,0,0.0,design_too_small,0,,,,,,,,,
3w,60,1 h,6.0,18,ceil(3 tau),0.5,hac,adjusted,12912,0,0.0,design_too_small,0,,,,,,,,,
3w,60,1 h,6.0,18,ceil(3 tau),0.5,ewc,raw,12912,0,0.0,design_too_small,0,,,,,,,,,
3w,60,1 h,6.0,18,ceil(3 tau),0.5,ewc,adjusted,12912,0,0.0,design_too_small,0,,,,,,,,,
3w,60,1 h,6.0,18,ceil(3 tau),0.5,naive,raw,12912,0,0.0,design_too_small,0,,,,,,,,,
3w,60,1 h,6.0,18,ceil(3 tau),0.5,naive,adjusted,12912,0,0.0,design_too_small,0,,,,,,,,,
3w,60,1 h,6.0,18,ceil(3 tau),0.5,prepost_hac,raw,3228,0,0.0,design_too_small,0,,,,,,,,,
3w,60,1 h,6.0,18,ceil(3 tau),0.5,prepost_hac,adjusted,3228,0,0.0,design_too_small,0,,,,,,,,,
3w,60,1 h,6.0,18,ceil(3 tau),0.5,prepost_ewc,raw,3228,0,0.0,design_too_small,0,,,,,,,,,
3w,60,1 h,6.0,18,ceil(3 tau),0.5,prepost_ewc,adjusted,3228,0,0.0,design_too_small,0,,,,,,,,,
3w,60,1 h,15.0,0,0,0.0,randomization,raw,12912,0,0.0,design_too_small,0,,,,,,,,,
3w,60,1 h,15.0,0,0,0.0,randomization,adjusted,12912,0,0.0,design_too_small,0,,,,,,,,,
3w,60,1 h,15.0,0,0,0.0,block_t,raw,12912,0,0.0,design_too_small,0,,,,,,,,,
3w,60,1 h,15.0,0,0,0.0,block_t,adjusted,12912,0,0.0,design_too_small,0,,,,,,,,,
3w,60,1 h,15.0,0,0,0.0,hac,raw,12912,0,0.0,design_too_small,0,,,,,,,,,
3w,60,1 h,15.0,0,0,0.0,hac,adjusted,12912,0,0.0,design_too_small,0,,,,,,,,,
3w,60,1 h,15.0,0,0,0.0,ewc,raw,12912,0,0.0,design_too_small,0,,,,,,,,,
3w,60,1 h,15.0,0,0,0.0,ewc,adjusted,12912,0,0.0,design_too_small,0,,,,,,,,,
3w,60,1 h,15.0,0,0,0.0,naive,raw,12912,0,0.0,design_too_small,0,,,,,,,,,
3w,60,1 h,15.0,0,0,0.0,naive,adjusted,12912,0,0.0,design_too_small,0,,,,,,,,,
3w,60,1 h,15.0,0,0,0.0,prepost_hac,raw,3228,0,0.0,design_too_small,0,,,,,,,,,
3w,60,1 h,15.0,0,0,0.0,prepost_hac,adjusted,3228,0,0.0,design_too_small,0,,,,,,,,,
3w,60,1 h,15.0,0,0,0.0,prepost_ewc,raw,3228,0,0.0,design_too_small,0,,,,,,,,,
3w,60,1 h,15.0,0,0,0.0,prepost_ewc,adjusted,3228,0,0.0,design_too_small,0,,,,,,,,,
3w,60,1 h,15.0,0,0,0.1,randomization,raw,12912,0,0.0,design_too_small,0,,,,,,,,,
3w,60,1 h,15.0,0,0,0.1,randomization,adjusted,12912,0,0.0,design_too_small,0,,,,,,,,,
3w,60,1 h,15.0,0,0,0.1,block_t,raw,12912,0,0.0,design_too_small,0,,,,,,,,,
3w,60,1 h,15.0,0,0,0.1,block_t,adjusted,12912,0,0.0,design_too_small,0,,,,,,,,,
3w,60,1 h,15.0,0,0,0.1,hac,raw,12912,0,0.0,design_too_small,0,,,,,,,,,
3w,60,1 h,15.0,0,0,0.1,hac,adjusted,12912,0,0.0,design_too_small,0,,,,,,,,,
3w,60,1 h,15.0,0,0,0.1,ewc,raw,12912,0,0.0,design_too_small,0,,,,,,,,,
3w,60,1 h,15.0,0,0,0.1,ewc,adjusted,12912,0,0.0,design_too_small,0,,,,,,,,,
3w,60,1 h,15.0,0,0,0.1,naive,raw,12912,0,0.0,design_too_small,0,,,,,,,,,
3w,60,1 h,15.0,0,0,0.1,naive,adjusted,12912,0,0.0,design_too_small,0,,,,,,,,,
3w,60,1 h,15.0,0,0,0.1,prepost_hac,raw,3228,0,0.0,design_too_small,0,,,,,,,,,
3w,60,1 h,15.0,0,0,0.1,prepost_hac,adjusted,3228,0,0.0,design_too_small,0,,,,,,,,,
3w,60,1 h,15.0,0,0,0.1,prepost_ewc,raw,3228,0,0.0,design_too_small,0,,,,,,,,,
3w,60,1 h,15.0,0,0,0.1,prepost_ewc,adjusted,3228,0,0.0,design_too_small,0,,,,,,,,,
3w,60,1 h,15.0,0,0,0.25,randomization,raw,12912,0,0.0,design_too_small,0,,,,,,,,,
3w,60,1 h,15.0,0,0,0.25,randomization,adjusted,12912,0,0.0,design_too_small,0,,,,,,,,,
3w,60,1 h,15.0,0,0,0.25,block_t,raw,12912,0,0.0,design_too_small,0,,,,,,,,,
3w,60,1 h,15.0,0,0,0.25,block_t,adjusted,12912,0,0.0,design_too_small,0,,,,,,,,,
3w,60,1 h,15.0,0,0,0.25,hac,raw,12912,0,0.0,design_too_small,0,,,,,,,,,
3w,60,1 h,15.0,0,0,0.25,hac,adjusted,12912,0,0.0,design_too_small,0,,,,,,,,,
3w,60,1 h,15.0,0,0,0.25,ewc,raw,12912,0,0.0,design_too_small,0,,,,,,,,,
3w,60,1 h,15.0,0,0,0.25,ewc,adjusted,12912,0,0.0,design_too_small,0,,,,,,,,,
3w,60,1 h,15.0,0,0,0.25,naive,raw,12912,0,0.0,design_too_small,0,,,,,,,,,
3w,60,1 h,15.0,0,0,0.25,naive,adjusted,12912,0,0.0,design_too_small,0,,,,,,,,,
3w,60,1 h,15.0,0,0,0.25,prepost_hac,raw,3228,0,0.0,design_too_small,0,,,,,,,,,
3w,60,1 h,15.0,0,0,0.25,prepost_hac,adjusted,3228,0,0.0,design_too_small,0,,,,,,,,,
3w,60,1 h,15.0,0,0,0.25,prepost_ewc,raw,3228,0,0.0,design_too_small,0,,,,,,,,,
3w,60,1 h,15.0,0,0,0.25,prepost_ewc,adjusted,3228,0,0.0,design_too_small,0,,,,,,,,,
3w,60,1 h,15.0,0,0,0.5,randomization,raw,12912,0,0.0,design_too_small,0,,,,,,,,,
3w,60,1 h,15.0,0,0,0.5,randomization,adjusted,12912,0,0.0,design_too_small,0,,,,,,,,,
3w,60,1 h,15.0,0,0,0.5,block_t,raw,12912,0,0.0,design_too_small,0,,,,,,,,,
3w,60,1 h,15.0,0,0,0.5,block_t,adjusted,12912,0,0.0,design_too_small,0,,,,,,,,,
3w,60,1 h,15.0,0,0,0.5,hac,raw,12912,0,0.0,design_too_small,0,,,,,,,,,
3w,60,1 h,15.0,0,0,0.5,hac,adjusted,12912,0,0.0,design_too_small,0,,,,,,,,,
3w,60,1 h,15.0,0,0,0.5,ewc,raw,12912,0,0.0,design_too_small,0,,,,,,,,,
3w,60,1 h,15.0,0,0,0.5,ewc,adjusted,12912,0,0.0,design_too_small,0,,,,,,,,,
3w,60,1 h,15.0,0,0,0.5,naive,raw,12912,0,0.0,design_too_small,0,,,,,,,,,
3w,60,1 h,15.0,0,0,0.5,naive,adjusted,12912,0,0.0,design_too_small,0,,,,,,,,,
3w,60,1 h,15.0,0,0,0.5,prepost_hac,raw,3228,0,0.0,design_too_small,0,,,,,,,,,
3w,60,1 h,15.0,0,0,0.5,prepost_hac,adjusted,3228,0,0.0,design_too_small,0,,,,,,,,,
3w,60,1 h,15.0,0,0,0.5,prepost_ewc,raw,3228,0,0.0,design_too_small,0,,,,,,,,,
3w,60,1 h,15.0,0,0,0.5,prepost_ewc,adjusted,3228,0,0.0,design_too_small,0,,,,,,,,,
3w,60,1 h,15.0,45,ceil(3 tau),0.0,randomization,raw,12912,0,0.0,design_too_small,0,,,,,,,,,
3w,60,1 h,15.0,45,ceil(3 tau),0.0,randomization,adjusted,12912,0,0.0,design_too_small,0,,,,,,,,,
3w,60,1 h,15.0,45,ceil(3 tau),0.0,block_t,raw,12912,0,0.0,design_too_small,0,,,,,,,,,
3w,60,1 h,15.0,45,ceil(3 tau),0.0,block_t,adjusted,12912,0,0.0,design_too_small,0,,,,,,,,,
3w,60,1 h,15.0,45,ceil(3 tau),0.0,hac,raw,12912,0,0.0,design_too_small,0,,,,,,,,,
3w,60,1 h,15.0,45,ceil(3 tau),0.0,hac,adjusted,12912,0,0.0,design_too_small,0,,,,,,,,,
3w,60,1 h,15.0,45,ceil(3 tau),0.0,ewc,raw,12912,0,0.0,design_too_small,0,,,,,,,,,
3w,60,1 h,15.0,45,ceil(3 tau),0.0,ewc,adjusted,12912,0,0.0,design_too_small,0,,,,,,,,,
3w,60,1 h,15.0,45,ceil(3 tau),0.0,naive,raw,12912,0,0.0,design_too_small,0,,,,,,,,,
3w,60,1 h,15.0,45,ceil(3 tau),0.0,naive,adjusted,12912,0,0.0,design_too_small,0,,,,,,,,,
3w,60,1 h,15.0,45,ceil(3 tau),0.0,prepost_hac,raw,3228,0,0.0,design_too_small,0,,,,,,,,,
3w,60,1 h,15.0,45,ceil(3 tau),0.0,prepost_hac,adjusted,3228,0,0.0,design_too_small,0,,,,,,,,,
3w,60,1 h,15.0,45,ceil(3 tau),0.0,prepost_ewc,raw,3228,0,0.0,design_too_small,0,,,,,,,,,
3w,60,1 h,15.0,45,ceil(3 tau),0.0,prepost_ewc,adjusted,3228,0,0.0,design_too_small,0,,,,,,,,,
3w,60,1 h,15.0,45,ceil(3 tau),0.1,randomization,raw,12912,0,0.0,design_too_small,0,,,,,,,,,
3w,60,1 h,15.0,45,ceil(3 tau),0.1,randomization,adjusted,12912,0,0.0,design_too_small,0,,,,,,,,,
3w,60,1 h,15.0,45,ceil(3 tau),0.1,block_t,raw,12912,0,0.0,design_too_small,0,,,,,,,,,
3w,60,1 h,15.0,45,ceil(3 tau),0.1,block_t,adjusted,12912,0,0.0,design_too_small,0,,,,,,,,,
3w,60,1 h,15.0,45,ceil(3 tau),0.1,hac,raw,12912,0,0.0,design_too_small,0,,,,,,,,,
3w,60,1 h,15.0,45,ceil(3 tau),0.1,hac,adjusted,12912,0,0.0,design_too_small,0,,,,,,,,,
3w,60,1 h,15.0,45,ceil(3 tau),0.1,ewc,raw,12912,0,0.0,design_too_small,0,,,,,,,,,
3w,60,1 h,15.0,45,ceil(3 tau),0.1,ewc,adjusted,12912,0,0.0,design_too_small,0,,,,,,,,,
3w,60,1 h,15.0,45,ceil(3 tau),0.1,naive,raw,12912,0,0.0,design_too_small,0,,,,,,,,,
3w,60,1 h,15.0,45,ceil(3 tau),0.1,naive,adjusted,12912,0,0.0,design_too_small,0,,,,,,,,,
3w,60,1 h,15.0,45,ceil(3 tau),0.1,prepost_hac,raw,3228,0,0.0,design_too_small,0,,,,,,,,,
3w,60,1 h,15.0,45,ceil(3 tau),0.1,prepost_hac,adjusted,3228,0,0.0,design_too_small,0,,,,,,,,,
3w,60,1 h,15.0,45,ceil(3 tau),0.1,prepost_ewc,raw,3228,0,0.0,design_too_small,0,,,,,,,,,
3w,60,1 h,15.0,45,ceil(3 tau),0.1,prepost_ewc,adjusted,3228,0,0.0,design_too_small,0,,,,,,,,,
3w,60,1 h,15.0,45,ceil(3 tau),0.25,randomization,raw,12912,0,0.0,design_too_small,0,,,,,,,,,
3w,60,1 h,15.0,45,ceil(3 tau),0.25,randomization,adjusted,12912,0,0.0,design_too_small,0,,,,,,,,,
3w,60,1 h,15.0,45,ceil(3 tau),0.25,block_t,raw,12912,0,0.0,design_too_small,0,,,,,,,,,
3w,60,1 h,15.0,45,ceil(3 tau),0.25,block_t,adjusted,12912,0,0.0,design_too_small,0,,,,,,,,,
3w,60,1 h,15.0,45,ceil(3 tau),0.25,hac,raw,12912,0,0.0,design_too_small,0,,,,,,,,,
3w,60,1 h,15.0,45,ceil(3 tau),0.25,hac,adjusted,12912,0,0.0,design_too_small,0,,,,,,,,,
3w,60,1 h,15.0,45,ceil(3 tau),0.25,ewc,raw,12912,0,0.0,design_too_small,0,,,,,,,,,
3w,60,1 h,15.0,45,ceil(3 tau),0.25,ewc,adjusted,12912,0,0.0,design_too_small,0,,,,,,,,,
3w,60,1 h,15.0,45,ceil(3 tau),0.25,naive,raw,12912,0,0.0,design_too_small,0,,,,,,,,,
3w,60,1 h,15.0,45,ceil(3 tau),0.25,naive,adjusted,12912,0,0.0,design_too_small,0,,,,,,,,,
3w,60,1 h,15.0,45,ceil(3 tau),0.25,prepost_hac,raw,3228,0,0.0,design_too_small,0,,,,,,,,,
3w,60,1 h,15.0,45,ceil(3 tau),0.25,prepost_hac,adjusted,3228,0,0.0,design_too_small,0,,,,,,,,,
3w,60,1 h,15.0,45,ceil(3 tau),0.25,prepost_ewc,raw,3228,0,0.0,design_too_small,0,,,,,,,,,
3w,60,1 h,15.0,45,ceil(3 tau),0.25,prepost_ewc,adjusted,3228,0,0.0,design_too_small,0,,,,,,,,,
3w,60,1 h,15.0,45,ceil(3 tau),0.5,randomization,raw,12912,0,0.0,design_too_small,0,,,,,,,,,
3w,60,1 h,15.0,45,ceil(3 tau),0.5,randomization,adjusted,12912,0,0.0,design_too_small,0,,,,,,,,,
3w,60,1 h,15.0,45,ceil(3 tau),0.5,block_t,raw,12912,0,0.0,design_too_small,0,,,,,,,,,
3w,60,1 h,15.0,45,ceil(3 tau),0.5,block_t,adjusted,12912,0,0.0,design_too_small,0,,,,,,,,,
3w,60,1 h,15.0,45,ceil(3 tau),0.5,hac,raw,12912,0,0.0,design_too_small,0,,,,,,,,,
3w,60,1 h,15.0,45,ceil(3 tau),0.5,hac,adjusted,12912,0,0.0,design_too_small,0,,,,,,,,,
3w,60,1 h,15.0,45,ceil(3 tau),0.5,ewc,raw,12912,0,0.0,design_too_small,0,,,,,,,,,
3w,60,1 h,15.0,45,ceil(3 tau),0.5,ewc,adjusted,12912,0,0.0,design_too_small,0,,,,,,,,,
3w,60,1 h,15.0,45,ceil(3 tau),0.5,naive,raw,12912,0,0.0,design_too_small,0,,,,,,,,,
3w,60,1 h,15.0,45,ceil(3 tau),0.5,naive,adjusted,12912,0,0.0,design_too_small,0,,,,,,,,,
3w,60,1 h,15.0,45,ceil(3 tau),0.5,prepost_hac,raw,3228,0,0.0,design_too_small,0,,,,,,,,,
3w,60,1 h,15.0,45,ceil(3 tau),0.5,prepost_hac,adjusted,3228,0,0.0,design_too_small,0,,,,,,,,,
3w,60,1 h,15.0,45,ceil(3 tau),0.5,prepost_ewc,raw,3228,0,0.0,design_too_small,0,,,,,,,,,
3w,60,1 h,15.0,45,ceil(3 tau),0.5,prepost_ewc,adjusted,3228,0,0.0,design_too_small,0,,,,,,,,,
tep,40,2 h,0.0,0,ceil(3 tau),0.0,randomization,raw,52000,52000,1.0,,100,0.0501,0.002,0.0501,0.9499,0.002,0.581,0.0,0.001,
tep,40,2 h,0.0,0,ceil(3 tau),0.0,randomization,adjusted,52000,52000,1.0,,100,0.0497,0.0015,0.0497,0.9503,0.0015,0.2923,0.0,0.0,0.5082
tep,40,2 h,0.0,0,ceil(3 tau),0.0,block_t,raw,52000,52000,1.0,,100,0.0494,0.002,0.0494,0.9506,0.002,0.5824,0.0,0.001,
tep,40,2 h,0.0,0,ceil(3 tau),0.0,block_t,adjusted,52000,52000,1.0,,100,0.1153,0.0021,0.1153,0.8847,0.0021,0.2278,0.0,0.0,0.3945
tep,40,2 h,0.0,0,ceil(3 tau),0.0,hac,raw,52000,52000,1.0,,100,0.1004,0.003,0.1004,0.8996,0.003,0.4574,0.0,0.001,
tep,40,2 h,0.0,0,ceil(3 tau),0.0,hac,adjusted,52000,52000,1.0,,100,0.1132,0.002,0.1132,0.8868,0.002,0.2348,0.0,0.0,0.5236
tep,40,2 h,0.0,0,ceil(3 tau),0.0,ewc,raw,52000,52000,1.0,,100,0.0699,0.0025,0.0699,0.9301,0.0025,0.543,0.0,0.001,
tep,40,2 h,0.0,0,ceil(3 tau),0.0,ewc,adjusted,52000,52000,1.0,,100,0.0934,0.0018,0.0934,0.9066,0.0018,0.2473,0.0,0.0,0.4599
tep,40,2 h,0.0,0,ceil(3 tau),0.0,naive,raw,52000,52000,1.0,,100,0.3659,0.0037,0.3659,0.6341,0.0037,0.2514,0.0,0.001,
tep,40,2 h,0.0,0,ceil(3 tau),0.0,naive,adjusted,52000,52000,1.0,,100,0.1954,0.0021,0.1954,0.8046,0.0021,0.2126,0.0,0.0,0.835
tep,40,2 h,0.0,0,ceil(3 tau),0.0,prepost_hac,raw,5200,5200,1.0,,100,0.0608,0.006,0.0608,0.9392,0.006,0.4533,0.0,0.0005,
tep,40,2 h,0.0,0,ceil(3 tau),0.0,prepost_hac,adjusted,5200,0,0.0,too_many_covariates,0,,,,,,,,,
tep,40,2 h,0.0,0,ceil(3 tau),0.0,prepost_ewc,raw,5200,5200,1.0,,100,0.0388,0.0049,0.0388,0.9612,0.0049,0.5551,0.0,0.0005,
tep,40,2 h,0.0,0,ceil(3 tau),0.0,prepost_ewc,adjusted,5200,0,0.0,too_many_covariates,0,,,,,,,,,
tep,40,2 h,0.0,0,ceil(3 tau),0.1,randomization,raw,52000,52000,1.0,,100,0.1502,0.0025,0.1502,0.9499,0.002,0.581,0.0,0.001,
tep,40,2 h,0.0,0,ceil(3 tau),0.1,randomization,adjusted,52000,52000,1.0,,100,0.4736,0.0015,0.4736,0.9503,0.0015,0.2923,0.0,0.0,0.5082
tep,40,2 h,0.0,0,ceil(3 tau),0.1,block_t,raw,52000,52000,1.0,,100,0.149,0.0025,0.149,0.9506,0.002,0.5824,0.0,0.001,
tep,40,2 h,0.0,0,ceil(3 tau),0.1,block_t,adjusted,52000,52000,1.0,,100,0.5664,0.0016,0.5664,0.8847,0.0021,0.2278,0.0,0.0,0.3945
tep,40,2 h,0.0,0,ceil(3 tau),0.1,hac,raw,52000,52000,1.0,,100,0.2199,0.0031,0.2199,0.8996,0.003,0.4574,0.0,0.001,
tep,40,2 h,0.0,0,ceil(3 tau),0.1,hac,adjusted,52000,52000,1.0,,100,0.569,0.0015,0.569,0.8868,0.002,0.2348,0.0,0.0,0.5236
tep,40,2 h,0.0,0,ceil(3 tau),0.1,ewc,raw,52000,52000,1.0,,100,0.1778,0.0029,0.1778,0.9301,0.0025,0.543,0.0,0.001,
tep,40,2 h,0.0,0,ceil(3 tau),0.1,ewc,adjusted,52000,52000,1.0,,100,0.5446,0.0015,0.5446,0.9066,0.0018,0.2473,0.0,0.0,0.4599
tep,40,2 h,0.0,0,ceil(3 tau),0.1,naive,raw,52000,52000,1.0,,100,0.5012,0.0031,0.5012,0.6341,0.0037,0.2514,0.0,0.001,
tep,40,2 h,0.0,0,ceil(3 tau),0.1,naive,adjusted,52000,52000,1.0,,100,0.6351,0.0017,0.6351,0.8046,0.0021,0.2126,0.0,0.0,0.835
tep,40,2 h,0.0,0,ceil(3 tau),0.1,prepost_hac,raw,5200,5200,1.0,,100,0.1683,0.0072,0.1683,0.9392,0.006,0.4533,0.0,0.0005,
tep,40,2 h,0.0,0,ceil(3 tau),0.1,prepost_hac,adjusted,5200,0,0.0,too_many_covariates,0,,,,,,,,,
tep,40,2 h,0.0,0,ceil(3 tau),0.1,prepost_ewc,raw,5200,5200,1.0,,100,0.1267,0.0063,0.1267,0.9612,0.0049,0.5551,0.0,0.0005,
tep,40,2 h,0.0,0,ceil(3 tau),0.1,prepost_ewc,adjusted,5200,0,0.0,too_many_covariates,0,,,,,,,,,
tep,40,2 h,0.0,0,ceil(3 tau),0.25,randomization,raw,52000,52000,1.0,,100,0.4773,0.0027,0.4772,0.9499,0.002,0.581,0.0,0.001,
tep,40,2 h,0.0,0,ceil(3 tau),0.25,randomization,adjusted,52000,52000,1.0,,100,0.8202,0.0014,0.8202,0.9503,0.0015,0.2923,0.0,0.0,0.5082
tep,40,2 h,0.0,0,ceil(3 tau),0.25,block_t,raw,52000,52000,1.0,,100,0.4767,0.0027,0.4767,0.9506,0.002,0.5824,0.0,0.001,
tep,40,2 h,0.0,0,ceil(3 tau),0.25,block_t,adjusted,52000,52000,1.0,,100,0.8918,0.0013,0.8918,0.8847,0.0021,0.2278,0.0,0.0,0.3945
tep,40,2 h,0.0,0,ceil(3 tau),0.25,hac,raw,52000,52000,1.0,,100,0.5833,0.0025,0.5833,0.8996,0.003,0.4574,0.0,0.001,
tep,40,2 h,0.0,0,ceil(3 tau),0.25,hac,adjusted,52000,52000,1.0,,100,0.8927,0.0014,0.8927,0.8868,0.002,0.2348,0.0,0.0,0.5236
tep,40,2 h,0.0,0,ceil(3 tau),0.25,ewc,raw,52000,52000,1.0,,100,0.5231,0.0027,0.5231,0.9301,0.0025,0.543,0.0,0.001,
tep,40,2 h,0.0,0,ceil(3 tau),0.25,ewc,adjusted,52000,52000,1.0,,100,0.8773,0.0015,0.8773,0.9066,0.0018,0.2473,0.0,0.0,0.4599
tep,40,2 h,0.0,0,ceil(3 tau),0.25,naive,raw,52000,52000,1.0,,100,0.8435,0.0021,0.8435,0.6341,0.0037,0.2514,0.0,0.001,
tep,40,2 h,0.0,0,ceil(3 tau),0.25,naive,adjusted,52000,52000,1.0,,100,0.9406,0.0012,0.9406,0.8046,0.0021,0.2126,0.0,0.0,0.835
tep,40,2 h,0.0,0,ceil(3 tau),0.25,prepost_hac,raw,5200,5200,1.0,,100,0.5806,0.0077,0.5806,0.9392,0.006,0.4533,0.0,0.0005,
tep,40,2 h,0.0,0,ceil(3 tau),0.25,prepost_hac,adjusted,5200,0,0.0,too_many_covariates,0,,,,,,,,,
tep,40,2 h,0.0,0,ceil(3 tau),0.25,prepost_ewc,raw,5200,5200,1.0,,100,0.4787,0.0077,0.4787,0.9612,0.0049,0.5551,0.0,0.0005,
tep,40,2 h,0.0,0,ceil(3 tau),0.25,prepost_ewc,adjusted,5200,0,0.0,too_many_covariates,0,,,,,,,,,
tep,40,2 h,0.0,0,ceil(3 tau),0.5,randomization,raw,52000,52000,1.0,,100,0.7884,0.0018,0.7884,0.9499,0.002,0.581,0.0,0.001,
tep,40,2 h,0.0,0,ceil(3 tau),0.5,randomization,adjusted,52000,52000,1.0,,100,0.9852,0.0005,0.9852,0.9503,0.0015,0.2923,0.0,0.0,0.5082
tep,40,2 h,0.0,0,ceil(3 tau),0.5,block_t,raw,52000,52000,1.0,,100,0.7877,0.0018,0.7877,0.9506,0.002,0.5824,0.0,0.001,
tep,40,2 h,0.0,0,ceil(3 tau),0.5,block_t,adjusted,52000,52000,1.0,,100,0.9933,0.0003,0.9933,0.8847,0.0021,0.2278,0.0,0.0,0.3945
tep,40,2 h,0.0,0,ceil(3 tau),0.5,hac,raw,52000,52000,1.0,,100,0.8574,0.0016,0.8574,0.8996,0.003,0.4574,0.0,0.001,
tep,40,2 h,0.0,0,ceil(3 tau),0.5,hac,adjusted,52000,52000,1.0,,100,0.9934,0.0003,0.9934,0.8868,0.002,0.2348,0.0,0.0,0.5236
tep,40,2 h,0.0,0,ceil(3 tau),0.5,ewc,raw,52000,52000,1.0,,100,0.8347,0.0017,0.8347,0.9301,0.0025,0.543,0.0,0.001,
tep,40,2 h,0.0,0,ceil(3 tau),0.5,ewc,adjusted,52000,52000,1.0,,100,0.9918,0.0004,0.9918,0.9066,0.0018,0.2473,0.0,0.0,0.4599
tep,40,2 h,0.0,0,ceil(3 tau),0.5,naive,raw,52000,52000,1.0,,100,0.9736,0.0011,0.9736,0.6341,0.0037,0.2514,0.0,0.001,
tep,40,2 h,0.0,0,ceil(3 tau),0.5,naive,adjusted,52000,52000,1.0,,100,0.9987,0.0002,0.9987,0.8046,0.0021,0.2126,0.0,0.0,0.835
tep,40,2 h,0.0,0,ceil(3 tau),0.5,prepost_hac,raw,5200,5200,1.0,,100,0.8912,0.0044,0.8912,0.9392,0.006,0.4533,0.0,0.0005,
tep,40,2 h,0.0,0,ceil(3 tau),0.5,prepost_hac,adjusted,5200,0,0.0,too_many_covariates,0,,,,,,,,,
tep,40,2 h,0.0,0,ceil(3 tau),0.5,prepost_ewc,raw,5200,5200,1.0,,100,0.8506,0.0048,0.8506,0.9612,0.0049,0.5551,0.0,0.0005,
tep,40,2 h,0.0,0,ceil(3 tau),0.5,prepost_ewc,adjusted,5200,0,0.0,too_many_covariates,0,,,,,,,,,
tep,40,2 h,4.0,0,0,0.0,randomization,raw,52000,52000,1.0,,100,0.0501,0.002,0.0501,0.9499,0.002,0.581,0.0,0.001,
tep,40,2 h,4.0,0,0,0.0,randomization,adjusted,52000,52000,1.0,,100,0.0497,0.0015,0.0497,0.9503,0.0015,0.2923,0.0,0.0,0.5082
tep,40,2 h,4.0,0,0,0.0,block_t,raw,52000,52000,1.0,,100,0.0494,0.002,0.0494,0.9506,0.002,0.5824,0.0,0.001,
tep,40,2 h,4.0,0,0,0.0,block_t,adjusted,52000,52000,1.0,,100,0.1153,0.0021,0.1153,0.8847,0.0021,0.2278,0.0,0.0,0.3945
tep,40,2 h,4.0,0,0,0.0,hac,raw,52000,52000,1.0,,100,0.1004,0.003,0.1004,0.8996,0.003,0.4574,0.0,0.001,
tep,40,2 h,4.0,0,0,0.0,hac,adjusted,52000,52000,1.0,,100,0.1132,0.002,0.1132,0.8868,0.002,0.2348,0.0,0.0,0.5236
tep,40,2 h,4.0,0,0,0.0,ewc,raw,52000,52000,1.0,,100,0.0699,0.0025,0.0699,0.9301,0.0025,0.543,0.0,0.001,
tep,40,2 h,4.0,0,0,0.0,ewc,adjusted,52000,52000,1.0,,100,0.0934,0.0018,0.0934,0.9066,0.0018,0.2473,0.0,0.0,0.4599
tep,40,2 h,4.0,0,0,0.0,naive,raw,52000,52000,1.0,,100,0.3659,0.0037,0.3659,0.6341,0.0037,0.2514,0.0,0.001,
tep,40,2 h,4.0,0,0,0.0,naive,adjusted,52000,52000,1.0,,100,0.1954,0.0021,0.1954,0.8046,0.0021,0.2126,0.0,0.0,0.835
tep,40,2 h,4.0,0,0,0.0,prepost_hac,raw,5200,5200,1.0,,100,0.0608,0.006,0.0608,0.9392,0.006,0.4533,0.0,0.0005,
tep,40,2 h,4.0,0,0,0.0,prepost_hac,adjusted,5200,0,0.0,too_many_covariates,0,,,,,,,,,
tep,40,2 h,4.0,0,0,0.0,prepost_ewc,raw,5200,5200,1.0,,100,0.0388,0.0049,0.0388,0.9612,0.0049,0.5551,0.0,0.0005,
tep,40,2 h,4.0,0,0,0.0,prepost_ewc,adjusted,5200,0,0.0,too_many_covariates,0,,,,,,,,,
tep,40,2 h,4.0,0,0,0.1,randomization,raw,52000,52000,1.0,,100,0.1332,0.0025,0.1332,0.9501,0.002,0.5808,0.0,-0.008,
tep,40,2 h,4.0,0,0,0.1,randomization,adjusted,52000,52000,1.0,,100,0.4499,0.0015,0.4499,0.9534,0.0015,0.2924,0.0,-0.0101,0.5079
tep,40,2 h,4.0,0,0,0.1,block_t,raw,52000,52000,1.0,,100,0.1317,0.0024,0.1317,0.9508,0.002,0.5824,0.0,-0.008,
tep,40,2 h,4.0,0,0,0.1,block_t,adjusted,52000,52000,1.0,,100,0.5387,0.0016,0.5387,0.893,0.0021,0.2278,0.0,-0.0101,0.3945
tep,40,2 h,4.0,0,0,0.1,hac,raw,52000,52000,1.0,,100,0.1988,0.0031,0.1988,0.8994,0.003,0.4577,0.0,-0.008,
tep,40,2 h,4.0,0,0,0.1,hac,adjusted,52000,52000,1.0,,100,0.5429,0.0015,0.5429,0.8941,0.0019,0.2348,0.0,-0.0101,0.5234
tep,40,2 h,4.0,0,0,0.1,ewc,raw,52000,52000,1.0,,100,0.1589,0.0029,0.1589,0.93,0.0025,0.5429,0.0,-0.008,
tep,40,2 h,4.0,0,0,0.1,ewc,adjusted,52000,52000,1.0,,100,0.518,0.0015,0.518,0.9148,0.0017,0.2474,0.0,-0.0101,0.4603
tep,40,2 h,4.0,0,0,0.1,naive,raw,52000,52000,1.0,,100,0.4795,0.0032,0.4795,0.634,0.0037,0.2515,0.0,-0.008,
tep,40,2 h,4.0,0,0,0.1,naive,adjusted,52000,52000,1.0,,100,0.6063,0.0017,0.6063,0.7952,0.0026,0.2126,0.0,-0.0101,0.835
tep,40,2 h,4.0,0,0,0.1,prepost_hac,raw,5200,5200,1.0,,100,0.1663,0.0072,0.1663,0.9392,0.006,0.4532,0.0,-0.0003,
tep,40,2 h,4.0,0,0,0.1,prepost_hac,adjusted,5200,0,0.0,too_many_covariates,0,,,,,,,,,
tep,40,2 h,4.0,0,0,0.1,prepost_ewc,raw,5200,5200,1.0,,100,0.126,0.0063,0.126,0.9612,0.0049,0.5551,0.0,-0.0003,
tep,40,2 h,4.0,0,0,0.1,prepost_ewc,adjusted,5200,0,0.0,too_many_covariates,0,,,,,,,,,
tep,40,2 h,4.0,0,0,0.25,randomization,raw,52000,52000,1.0,,100,0.4333,0.0027,0.4333,0.9504,0.002,0.5811,0.0,-0.0215,
tep,40,2 h,4.0,0,0,0.25,randomization,adjusted,52000,52000,1.0,,100,0.7716,0.0015,0.7716,0.9558,0.0015,0.293,0.0,-0.0253,0.5085
tep,40,2 h,4.0,0,0,0.25,block_t,raw,52000,52000,1.0,,100,0.4326,0.0027,0.4326,0.9512,0.002,0.5826,0.0,-0.0215,
tep,40,2 h,4.0,0,0,0.25,block_t,adjusted,52000,52000,1.0,,100,0.8552,0.0015,0.8552,0.899,0.0021,0.2281,0.0,-0.0253,0.3951
tep,40,2 h,4.0,0,0,0.25,hac,raw,52000,52000,1.0,,100,0.5403,0.0026,0.5403,0.8998,0.003,0.458,0.0,-0.0215,
tep,40,2 h,4.0,0,0,0.25,hac,adjusted,52000,52000,1.0,,100,0.8572,0.0016,0.8572,0.9026,0.0018,0.2352,0.0,-0.0253,0.5238
tep,40,2 h,4.0,0,0,0.25,ewc,raw,52000,52000,1.0,,100,0.4789,0.0028,0.4789,0.9301,0.0025,0.5433,0.0,-0.0215,
tep,40,2 h,4.0,0,0,0.25,ewc,adjusted,52000,52000,1.0,,100,0.8396,0.0016,0.8396,0.9223,0.0016,0.2481,0.0,-0.0253,0.4607
tep,40,2 h,4.0,0,0,0.25,naive,raw,52000,52000,1.0,,100,0.8109,0.0022,0.8109,0.6343,0.0037,0.2516,0.0,-0.0215,
tep,40,2 h,4.0,0,0,0.25,naive,adjusted,52000,52000,1.0,,100,0.9126,0.0014,0.9126,0.8007,0.0027,0.2128,0.0,-0.0253,0.8352
tep,40,2 h,4.0,0,0,0.25,prepost_hac,raw,5200,5200,1.0,,100,0.5754,0.0078,0.5754,0.9392,0.006,0.4534,0.0,-0.0014,
tep,40,2 h,4.0,0,0,0.25,prepost_hac,adjusted,5200,0,0.0,too_many_covariates,0,,,,,,,,,
tep,40,2 h,4.0,0,0,0.25,prepost_ewc,raw,5200,5200,1.0,,100,0.4758,0.0077,0.4758,0.9612,0.0049,0.5556,0.0,-0.0014,
tep,40,2 h,4.0,0,0,0.25,prepost_ewc,adjusted,5200,0,0.0,too_many_covariates,0,,,,,,,,,
tep,40,2 h,4.0,0,0,0.5,randomization,raw,52000,52000,1.0,,100,0.7474,0.002,0.7474,0.951,0.002,0.5822,0.0,-0.044,
tep,40,2 h,4.0,0,0,0.5,randomization,adjusted,52000,52000,1.0,,100,0.9751,0.0006,0.9751,0.9582,0.0016,0.2948,0.0,-0.0505,0.5102
tep,40,2 h,4.0,0,0,0.5,block_t,raw,52000,52000,1.0,,100,0.7478,0.002,0.7478,0.9519,0.002,0.5834,0.0,-0.044,
tep,40,2 h,4.0,0,0,0.5,block_t,adjusted,52000,52000,1.0,,100,0.9879,0.0005,0.9879,0.9049,0.0022,0.2299,0.0,-0.0505,0.3971
tep,40,2 h,4.0,0,0,0.5,hac,raw,52000,52000,1.0,,100,0.8268,0.0016,0.8268,0.9004,0.003,0.4593,0.0,-0.044,
tep,40,2 h,4.0,0,0,0.5,hac,adjusted,52000,52000,1.0,,100,0.9879,0.0005,0.9879,0.9119,0.0017,0.2367,0.0,-0.0505,0.5263
tep,40,2 h,4.0,0,0,0.5,ewc,raw,52000,52000,1.0,,100,0.7979,0.0018,0.7979,0.9308,0.0025,0.5443,0.0,-0.044,
tep,40,2 h,4.0,0,0,0.5,ewc,adjusted,52000,52000,1.0,,100,0.9856,0.0005,0.9856,0.9293,0.0015,0.2502,0.0,-0.0505,0.463
tep,40,2 h,4.0,0,0,0.5,naive,raw,52000,52000,1.0,,100,0.9652,0.0012,0.9652,0.6348,0.0037,0.252,0.0,-0.044,
tep,40,2 h,4.0,0,0,0.5,naive,adjusted,52000,52000,1.0,,100,0.9972,0.0002,0.9972,0.8033,0.003,0.2133,0.0,-0.0505,0.8361
tep,40,2 h,4.0,0,0,0.5,prepost_hac,raw,5200,5200,1.0,,100,0.8888,0.0044,0.8888,0.939,0.006,0.4535,0.0,-0.0032,
tep,40,2 h,4.0,0,0,0.5,prepost_hac,adjusted,5200,0,0.0,too_many_covariates,0,,,,,,,,,
tep,40,2 h,4.0,0,0,0.5,prepost_ewc,raw,5200,5200,1.0,,100,0.8465,0.0047,0.8465,0.9615,0.0049,0.5562,0.0,-0.0032,
tep,40,2 h,4.0,0,0,0.5,prepost_ewc,adjusted,5200,0,0.0,too_many_covariates,0,,,,,,,,,
tep,40,2 h,4.0,12,ceil(3 tau),0.0,randomization,raw,52000,52000,1.0,,100,0.0536,0.0021,0.0536,0.9464,0.0021,0.685,0.0,0.0006,
tep,40,2 h,4.0,12,ceil(3 tau),0.0,randomization,adjusted,52000,52000,1.0,,100,0.0498,0.0015,0.0498,0.9502,0.0015,0.3612,0.0,0.0,0.5234
tep,40,2 h,4.0,12,ceil(3 tau),0.0,block_t,raw,52000,52000,1.0,,100,0.053,0.002,0.053,0.947,0.002,0.6866,0.0,0.0006,
tep,40,2 h,4.0,12,ceil(3 tau),0.0,block_t,adjusted,52000,52000,1.0,,100,0.1394,0.0023,0.1394,0.8606,0.0023,0.2604,0.0,0.0,0.3766
tep,40,2 h,4.0,12,ceil(3 tau),0.0,hac,raw,52000,52000,1.0,,100,0.1098,0.0031,0.1098,0.8902,0.0031,0.5264,0.0,0.0006,
tep,40,2 h,4.0,12,ceil(3 tau),0.0,hac,adjusted,52000,52000,1.0,,100,0.1184,0.0019,0.1184,0.8816,0.0019,0.2813,0.0,0.0,0.5469
tep,40,2 h,4.0,12,ceil(3 tau),0.0,ewc,raw,52000,52000,1.0,,100,0.0779,0.0027,0.0779,0.9221,0.0027,0.6243,0.0,0.0006,
tep,40,2 h,4.0,12,ceil(3 tau),0.0,ewc,adjusted,52000,52000,1.0,,100,0.1024,0.0017,0.1024,0.8976,0.0017,0.2898,0.0,0.0,0.4779
tep,40,2 h,4.0,12,ceil(3 tau),0.0,naive,raw,52000,52000,1.0,,100,0.3637,0.0037,0.3637,0.6363,0.0037,0.3003,0.0,0.0006,
tep,40,2 h,4.0,12,ceil(3 tau),0.0,naive,adjusted,52000,52000,1.0,,100,0.1907,0.002,0.1907,0.8093,0.002,0.2622,0.0,0.0,0.8615
tep,40,2 h,4.0,12,ceil(3 tau),0.0,prepost_hac,raw,5200,5200,1.0,,100,0.0631,0.0061,0.0631,0.9369,0.0061,0.4614,0.0,0.0,
tep,40,2 h,4.0,12,ceil(3 tau),0.0,prepost_hac,adjusted,5200,0,0.0,too_many_covariates,0,,,,,,,,,
tep,40,2 h,4.0,12,ceil(3 tau),0.0,prepost_ewc,raw,5200,5200,1.0,,100,0.0387,0.005,0.0387,0.9613,0.005,0.5627,0.0,0.0,
tep,40,2 h,4.0,12,ceil(3 tau),0.0,prepost_ewc,adjusted,5200,0,0.0,too_many_covariates,0,,,,,,,,,
tep,40,2 h,4.0,12,ceil(3 tau),0.1,randomization,raw,52000,52000,1.0,,100,0.1187,0.0024,0.1187,0.9464,0.0021,0.685,0.0,-0.0001,
tep,40,2 h,4.0,12,ceil(3 tau),0.1,randomization,adjusted,52000,52000,1.0,,100,0.4307,0.0015,0.4307,0.9535,0.0014,0.3612,0.0,-0.0007,0.5235
tep,40,2 h,4.0,12,ceil(3 tau),0.1,block_t,raw,52000,52000,1.0,,100,0.1182,0.0024,0.1182,0.947,0.002,0.6865,0.0,-0.0001,
tep,40,2 h,4.0,12,ceil(3 tau),0.1,block_t,adjusted,52000,52000,1.0,,100,0.5429,0.0016,0.5429,0.8689,0.0023,0.2604,0.0,-0.0007,0.3766
tep,40,2 h,4.0,12,ceil(3 tau),0.1,hac,raw,52000,52000,1.0,,100,0.1926,0.0031,0.1926,0.8902,0.0031,0.5265,0.0,-0.0001,
tep,40,2 h,4.0,12,ceil(3 tau),0.1,hac,adjusted,52000,52000,1.0,,100,0.5266,0.0015,0.5266,0.8863,0.0019,0.2814,0.0,-0.0007,0.547
tep,40,2 h,4.0,12,ceil(3 tau),0.1,ewc,raw,52000,52000,1.0,,100,0.1507,0.0028,0.1507,0.922,0.0027,0.6243,0.0,-0.0001,
tep,40,2 h,4.0,12,ceil(3 tau),0.1,ewc,adjusted,52000,52000,1.0,,100,0.5066,0.0015,0.5066,0.9036,0.0017,0.2897,0.0,-0.0007,0.4779
tep,40,2 h,4.0,12,ceil(3 tau),0.1,naive,raw,52000,52000,1.0,,100,0.4567,0.0033,0.4567,0.6363,0.0037,0.3003,0.0,-0.0001,
tep,40,2 h,4.0,12,ceil(3 tau),0.1,naive,adjusted,52000,52000,1.0,,100,0.5777,0.0016,0.5777,0.8055,0.0022,0.2622,0.0,-0.0007,0.8615
tep,40,2 h,4.0,12,ceil(3 tau),0.1,prepost_hac,raw,5200,5200,1.0,,100,0.1602,0.0071,0.1602,0.9369,0.0061,0.4613,0.0,0.0,
tep,40,2 h,4.0,12,ceil(3 tau),0.1,prepost_hac,adjusted,5200,0,0.0,too_many_covariates,0,,,,,,,,,
tep,40,2 h,4.0,12,ceil(3 tau),0.1,prepost_ewc,raw,5200,5200,1.0,,100,0.1221,0.0066,0.1221,0.9613,0.005,0.5627,0.0,0.0,
tep,40,2 h,4.0,12,ceil(3 tau),0.1,prepost_ewc,adjusted,5200,0,0.0,too_many_covariates,0,,,,,,,,,
tep,40,2 h,4.0,12,ceil(3 tau),0.25,randomization,raw,52000,52000,1.0,,100,0.3977,0.0028,0.3977,0.9464,0.0021,0.6851,0.0,-0.001,
tep,40,2 h,4.0,12,ceil(3 tau),0.25,randomization,adjusted,52000,52000,1.0,,100,0.7251,0.0015,0.7251,0.9535,0.0014,0.3612,0.0,-0.0017,0.5234
tep,40,2 h,4.0,12,ceil(3 tau),0.25,block_t,raw,52000,52000,1.0,,100,0.3967,0.0028,0.3967,0.947,0.002,0.6865,0.0,-0.001,
tep,40,2 h,4.0,12,ceil(3 tau),0.25,block_t,adjusted,52000,52000,1.0,,100,0.8402,0.0015,0.8402,0.8689,0.0023,0.2604,0.0,-0.0017,0.3766
tep,40,2 h,4.0,12,ceil(3 tau),0.25,hac,raw,52000,52000,1.0,,100,0.5128,0.0026,0.5128,0.8902,0.0031,0.5265,0.0,-0.001,
tep,40,2 h,4.0,12,ceil(3 tau),0.25,hac,adjusted,52000,52000,1.0,,100,0.8292,0.0017,0.8292,0.8863,0.0019,0.2814,0.0,-0.0017,0.547
tep,40,2 h,4.0,12,ceil(3 tau),0.25,ewc,raw,52000,52000,1.0,,100,0.4515,0.0029,0.4515,0.922,0.0027,0.6242,0.0,-0.001,
tep,40,2 h,4.0,12,ceil(3 tau),0.25,ewc,adjusted,52000,52000,1.0,,100,0.8091,0.0017,0.8091,0.9038,0.0017,0.2898,0.0,-0.0017,0.478
tep,40,2 h,4.0,12,ceil(3 tau),0.25,naive,raw,52000,52000,1.0,,100,0.7726,0.0022,0.7726,0.6362,0.0037,0.3003,0.0,-0.001,
tep,40,2 h,4.0,12,ceil(3 tau),0.25,naive,adjusted,52000,52000,1.0,,100,0.8809,0.0016,0.8809,0.8051,0.0022,0.2622,0.0,-0.0017,0.8615
tep,40,2 h,4.0,12,ceil(3 tau),0.25,prepost_hac,raw,5200,5200,1.0,,100,0.5737,0.0076,0.5737,0.9369,0.0061,0.4613,0.0,-0.0001,
tep,40,2 h,4.0,12,ceil(3 tau),0.25,prepost_hac,adjusted,5200,0,0.0,too_many_covariates,0,,,,,,,,,
tep,40,2 h,4.0,12,ceil(3 tau),0.25,prepost_ewc,raw,5200,5200,1.0,,100,0.4729,0.0074,0.4729,0.9613,0.005,0.5626,0.0,-0.0001,
tep,40,2 h,4.0,12,ceil(3 tau),0.25,prepost_ewc,adjusted,5200,0,0.0,too_many_covariates,0,,,,,,,,,
tep,40,2 h,4.0,12,ceil(3 tau),0.5,randomization,raw,52000,52000,1.0,,100,0.7234,0.002,0.7234,0.9463,0.0021,0.685,0.0,-0.0025,
tep,40,2 h,4.0,12,ceil(3 tau),0.5,randomization,adjusted,52000,52000,1.0,,100,0.9646,0.0007,0.9646,0.9536,0.0014,0.3611,0.0,-0.0034,0.5232
tep,40,2 h,4.0,12,ceil(3 tau),0.5,block_t,raw,52000,52000,1.0,,100,0.7222,0.002,0.7222,0.9469,0.002,0.6865,0.0,-0.0025,
tep,40,2 h,4.0,12,ceil(3 tau),0.5,block_t,adjusted,52000,52000,1.0,,100,0.9853,0.0005,0.9853,0.8689,0.0023,0.2605,0.0,-0.0034,0.3767
tep,40,2 h,4.0,12,ceil(3 tau),0.5,hac,raw,52000,52000,1.0,,100,0.8138,0.0018,0.8138,0.8902,0.0031,0.5264,0.0,-0.0025,
tep,40,2 h,4.0,12,ceil(3 tau),0.5,hac,adjusted,52000,52000,1.0,,100,0.9841,0.0006,0.9841,0.8866,0.0019,0.2813,0.0,-0.0034,0.547
tep,40,2 h,4.0,12,ceil(3 tau),0.5,ewc,raw,52000,52000,1.0,,100,0.778,0.0018,0.778,0.922,0.0027,0.6242,0.0,-0.0025,
tep,40,2 h,4.0,12,ceil(3 tau),0.5,ewc,adjusted,52000,52000,1.0,,100,0.9805,0.0006,0.9805,0.9042,0.0017,0.2898,0.0,-0.0034,0.4781
tep,40,2 h,4.0,12,ceil(3 tau),0.5,naive,raw,52000,52000,1.0,,100,0.9562,0.0013,0.9562,0.6362,0.0037,0.3003,0.0,-0.0025,
tep,40,2 h,4.0,12,ceil(3 tau),0.5,naive,adjusted,52000,52000,1.0,,100,0.9948,0.0003,0.9948,0.8055,0.0023,0.2622,0.0,-0.0034,0.8615
tep,40,2 h,4.0,12,ceil(3 tau),0.5,prepost_hac,raw,5200,5200,1.0,,100,0.884,0.004,0.884,0.9369,0.0061,0.4613,0.0,-0.0002,
tep,40,2 h,4.0,12,ceil(3 tau),0.5,prepost_hac,adjusted,5200,0,0.0,too_many_covariates,0,,,,,,,,,
tep,40,2 h,4.0,12,ceil(3 tau),0.5,prepost_ewc,raw,5200,5200,1.0,,100,0.8448,0.0048,0.8448,0.9613,0.005,0.5625,0.0,-0.0002,
tep,40,2 h,4.0,12,ceil(3 tau),0.5,prepost_ewc,adjusted,5200,0,0.0,too_many_covariates,0,,,,,,,,,
tep,40,2 h,10.0,0,0,0.0,randomization,raw,52000,52000,1.0,,100,0.0501,0.002,0.0501,0.9499,0.002,0.581,0.0,0.001,
tep,40,2 h,10.0,0,0,0.0,randomization,adjusted,52000,52000,1.0,,100,0.0497,0.0015,0.0497,0.9503,0.0015,0.2923,0.0,0.0,0.5082
tep,40,2 h,10.0,0,0,0.0,block_t,raw,52000,52000,1.0,,100,0.0494,0.002,0.0494,0.9506,0.002,0.5824,0.0,0.001,
tep,40,2 h,10.0,0,0,0.0,block_t,adjusted,52000,52000,1.0,,100,0.1153,0.0021,0.1153,0.8847,0.0021,0.2278,0.0,0.0,0.3945
tep,40,2 h,10.0,0,0,0.0,hac,raw,52000,52000,1.0,,100,0.1004,0.003,0.1004,0.8996,0.003,0.4574,0.0,0.001,
tep,40,2 h,10.0,0,0,0.0,hac,adjusted,52000,52000,1.0,,100,0.1132,0.002,0.1132,0.8868,0.002,0.2348,0.0,0.0,0.5236
tep,40,2 h,10.0,0,0,0.0,ewc,raw,52000,52000,1.0,,100,0.0699,0.0025,0.0699,0.9301,0.0025,0.543,0.0,0.001,
tep,40,2 h,10.0,0,0,0.0,ewc,adjusted,52000,52000,1.0,,100,0.0934,0.0018,0.0934,0.9066,0.0018,0.2473,0.0,0.0,0.4599
tep,40,2 h,10.0,0,0,0.0,naive,raw,52000,52000,1.0,,100,0.3659,0.0037,0.3659,0.6341,0.0037,0.2514,0.0,0.001,
tep,40,2 h,10.0,0,0,0.0,naive,adjusted,52000,52000,1.0,,100,0.1954,0.0021,0.1954,0.8046,0.0021,0.2126,0.0,0.0,0.835
tep,40,2 h,10.0,0,0,0.0,prepost_hac,raw,5200,5200,1.0,,100,0.0608,0.006,0.0608,0.9392,0.006,0.4533,0.0,0.0005,
tep,40,2 h,10.0,0,0,0.0,prepost_hac,adjusted,5200,0,0.0,too_many_covariates,0,,,,,,,,,
tep,40,2 h,10.0,0,0,0.0,prepost_ewc,raw,5200,5200,1.0,,100,0.0388,0.0049,0.0388,0.9612,0.0049,0.5551,0.0,0.0005,
tep,40,2 h,10.0,0,0,0.0,prepost_ewc,adjusted,5200,0,0.0,too_many_covariates,0,,,,,,,,,
tep,40,2 h,10.0,0,0,0.1,randomization,raw,52000,52000,1.0,,100,0.1081,0.0023,0.1081,0.9504,0.002,0.5811,0.0,-0.0229,
tep,40,2 h,10.0,0,0,0.1,randomization,adjusted,52000,52000,1.0,,100,0.4128,0.0014,0.4128,0.9585,0.0013,0.2928,0.0,-0.0258,0.5084
tep,40,2 h,10.0,0,0,0.1,block_t,raw,52000,52000,1.0,,100,0.1064,0.0023,0.1064,0.9512,0.002,0.5826,0.0,-0.0229,
tep,40,2 h,10.0,0,0,0.1,block_t,adjusted,52000,52000,1.0,,100,0.4954,0.0016,0.4954,0.9025,0.002,0.2282,0.0,-0.0258,0.3949
tep,40,2 h,10.0,0,0,0.1,hac,raw,52000,52000,1.0,,100,0.1706,0.0031,0.1706,0.8997,0.003,0.4579,0.0,-0.0229,
tep,40,2 h,10.0,0,0,0.1,hac,adjusted,52000,52000,1.0,,100,0.4994,0.0016,0.4994,0.898,0.0019,0.235,0.0,-0.0258,0.5236
tep,40,2 h,10.0,0,0,0.1,ewc,raw,52000,52000,1.0,,100,0.1323,0.0028,0.1323,0.93,0.0025,0.5433,0.0,-0.0229,
tep,40,2 h,10.0,0,0,0.1,ewc,adjusted,52000,52000,1.0,,100,0.4764,0.0015,0.4764,0.921,0.0016,0.2478,0.0,-0.0258,0.4603
tep,40,2 h,10.0,0,0,0.1,naive,raw,52000,52000,1.0,,100,0.4489,0.0033,0.4489,0.6341,0.0037,0.2515,0.0,-0.0229,
tep,40,2 h,10.0,0,0,0.1,naive,adjusted,52000,52000,1.0,,100,0.5636,0.0017,0.5636,0.7927,0.0026,0.2126,0.0,-0.0258,0.835
tep,40,2 h,10.0,0,0,0.1,prepost_hac,raw,5200,5200,1.0,,100,0.164,0.0071,0.164,0.939,0.006,0.4532,0.0,-0.0015,
tep,40,2 h,10.0,0,0,0.1,prepost_hac,adjusted,5200,0,0.0,too_many_covariates,0,,,,,,,,,
tep,40,2 h,10.0,0,0,0.1,prepost_ewc,raw,5200,5200,1.0,,100,0.1223,0.0064,0.1223,0.9615,0.0049,0.5554,0.0,-0.0015,
tep,40,2 h,10.0,0,0,0.1,prepost_ewc,adjusted,5200,0,0.0,too_many_covariates,0,,,,,,,,,
tep,40,2 h,10.0,0,0,0.25,randomization,raw,52000,52000,1.0,,100,0.352,0.0028,0.352,0.9514,0.002,0.5831,0.0,-0.0586,
tep,40,2 h,10.0,0,0,0.25,randomization,adjusted,52000,52000,1.0,,100,0.679,0.0018,0.679,0.9635,0.0013,0.2962,0.0,-0.0644,0.5115
tep,40,2 h,10.0,0,0,0.25,block_t,raw,52000,52000,1.0,,100,0.3514,0.0028,0.3514,0.9525,0.002,0.5841,0.0,-0.0586,
tep,40,2 h,10.0,0,0,0.25,block_t,adjusted,52000,52000,1.0,,100,0.7802,0.0018,0.7802,0.9139,0.0019,0.2309,0.0,-0.0644,0.3979
tep,40,2 h,10.0,0,0,0.25,hac,raw,52000,52000,1.0,,100,0.455,0.0029,0.455,0.9004,0.003,0.4592,0.0,-0.0586,
tep,40,2 h,10.0,0,0,0.25,hac,adjusted,52000,52000,1.0,,100,0.7834,0.002,0.7834,0.9079,0.0018,0.2361,0.0,-0.0644,0.5256
tep,40,2 h,10.0,0,0,0.25,ewc,raw,52000,52000,1.0,,100,0.3947,0.003,0.3947,0.931,0.0025,0.545,0.0,-0.0586,
tep,40,2 h,10.0,0,0,0.25,ewc,adjusted,52000,52000,1.0,,100,0.7603,0.002,0.7603,0.9306,0.0015,0.2503,0.0,-0.0644,0.4633
tep,40,2 h,10.0,0,0,0.25,naive,raw,52000,52000,1.0,,100,0.7371,0.0025,0.7371,0.6344,0.0037,0.2518,0.0,-0.0586,
tep,40,2 h,10.0,0,0,0.25,naive,adjusted,52000,52000,1.0,,100,0.8495,0.0019,0.8495,0.7966,0.003,0.213,0.0,-0.0644,0.8355
tep,40,2 h,10.0,0,0,0.25,prepost_hac,raw,5200,5200,1.0,,100,0.5681,0.0079,0.5681,0.939,0.006,0.4535,0.0,-0.0045,
tep,40,2 h,10.0,0,0,0.25,prepost_hac,adjusted,5200,0,0.0,too_many_covariates,0,,,,,,,,,
tep,40,2 h,10.0,0,0,0.25,prepost_ewc,raw,5200,5200,1.0,,100,0.47,0.0075,0.47,0.9617,0.0049,0.5558,0.0,-0.0045,
tep,40,2 h,10.0,0,0,0.25,prepost_ewc,adjusted,5200,0,0.0,too_many_covariates,0,,,,,,,,,
tep,40,2 h,10.0,0,0,0.5,randomization,raw,52000,52000,1.0,,100,0.6616,0.0024,0.6616,0.9551,0.0019,0.5889,0.0,-0.119,
tep,40,2 h,10.0,0,0,0.5,randomization,adjusted,52000,52000,1.0,,100,0.9401,0.0011,0.9401,0.9686,0.0013,0.3088,0.0,-0.1287,0.5349
tep,40,2 h,10.0,0,0,0.5,block_t,raw,52000,52000,1.0,,100,0.6604,0.0024,0.6604,0.9558,0.0019,0.5903,0.0,-0.119,
tep,40,2 h,10.0,0,0,0.5,block_t,adjusted,52000,52000,1.0,,100,0.9697,0.0008,0.9697,0.925,0.0019,0.241,0.0,-0.1287,0.4163
tep,40,2 h,10.0,0,0,0.5,hac,raw,52000,52000,1.0,,100,0.7587,0.002,0.7587,0.9029,0.0029,0.4641,0.0,-0.119,
tep,40,2 h,10.0,0,0,0.5,hac,adjusted,52000,52000,1.0,,100,0.9712,0.0008,0.9712,0.9193,0.0017,0.2399,0.0,-0.1287,0.5316
tep,40,2 h,10.0,0,0,0.5,ewc,raw,52000,52000,1.0,,100,0.7137,0.0021,0.7137,0.9341,0.0025,0.5499,0.0,-0.119,
tep,40,2 h,10.0,0,0,0.5,ewc,adjusted,52000,52000,1.0,,100,0.9646,0.0009,0.9646,0.941,0.0014,0.2595,0.0,-0.1287,0.4752
tep,40,2 h,10.0,0,0,0.5,naive,raw,52000,52000,1.0,,100,0.9407,0.0015,0.9407,0.6358,0.0037,0.2528,0.0,-0.119,
tep,40,2 h,10.0,0,0,0.5,naive,adjusted,52000,52000,1.0,,100,0.9899,0.0005,0.9899,0.7936,0.0035,0.2143,0.0,-0.1287,0.8374
tep,40,2 h,10.0,0,0,0.5,prepost_hac,raw,5200,5200,1.0,,100,0.8846,0.0045,0.8846,0.9394,0.006,0.4545,0.0,-0.0095,
tep,40,2 h,10.0,0,0,0.5,prepost_hac,adjusted,5200,0,0.0,too_many_covariates,0,,,,,,,,,
tep,40,2 h,10.0,0,0,0.5,prepost_ewc,raw,5200,5200,1.0,,100,0.8417,0.0047,0.8417,0.9621,0.0048,0.5571,0.0,-0.0095,
tep,40,2 h,10.0,0,0,0.5,prepost_ewc,adjusted,5200,0,0.0,too_many_covariates,0,,,,,,,,,
tep,40,2 h,10.0,30,ceil(3 tau),0.0,randomization,raw,52000,52000,1.0,,100,0.0544,0.002,0.0544,0.9456,0.002,0.9671,0.0,0.0014,
tep,40,2 h,10.0,30,ceil(3 tau),0.0,randomization,adjusted,52000,0,0.0,too_many_covariates,0,,,,,,,,,
tep,40,2 h,10.0,30,ceil(3 tau),0.0,block_t,raw,52000,52000,1.0,,100,0.0539,0.002,0.0539,0.9461,0.002,0.9702,0.0,0.0014,
tep,40,2 h,10.0,30,ceil(3 tau),0.0,block_t,adjusted,52000,0,0.0,too_many_covariates,0,,,,,,,,,
tep,40,2 h,10.0,30,ceil(3 tau),0.0,hac,raw,52000,52000,1.0,,100,0.0988,0.0027,0.0988,0.9012,0.0027,0.7737,0.0,0.0014,
tep,40,2 h,10.0,30,ceil(3 tau),0.0,hac,adjusted,52000,0,0.0,too_many_covariates,0,,,,,,,,,
tep,40,2 h,10.0,30,ceil(3 tau),0.0,ewc,raw,52000,52000,1.0,,100,0.0638,0.0022,0.0638,0.9362,0.0022,0.9335,0.0,0.0014,
tep,40,2 h,10.0,30,ceil(3 tau),0.0,ewc,adjusted,52000,0,0.0,too_many_covariates,0,,,,,,,,,
tep,40,2 h,10.0,30,ceil(3 tau),0.0,naive,raw,52000,52000,1.0,,100,0.2884,0.0037,0.2884,0.7116,0.0037,0.5024,0.0,0.0014,
tep,40,2 h,10.0,30,ceil(3 tau),0.0,naive,adjusted,52000,0,0.0,too_many_covariates,0,,,,,,,,,
tep,40,2 h,10.0,30,ceil(3 tau),0.0,prepost_hac,raw,5200,5200,1.0,,100,0.0638,0.0064,0.0638,0.9362,0.0064,0.4694,0.0,-0.0007,
tep,40,2 h,10.0,30,ceil(3 tau),0.0,prepost_hac,adjusted,5200,0,0.0,too_many_covariates,0,,,,,,,,,
tep,40,2 h,10.0,30,ceil(3 tau),0.0,prepost_ewc,raw,5200,5200,1.0,,100,0.0398,0.005,0.0398,0.9602,0.005,0.5779,0.0,-0.0007,
tep,40,2 h,10.0,30,ceil(3 tau),0.0,prepost_ewc,adjusted,5200,0,0.0,too_many_covariates,0,,,,,,,,,
tep,40,2 h,10.0,30,ceil(3 tau),0.1,randomization,raw,52000,52000,1.0,,100,0.0797,0.0021,0.0797,0.9457,0.002,0.9671,0.0,-0.0015,
tep,40,2 h,10.0,30,ceil(3 tau),0.1,randomization,adjusted,52000,0,0.0,too_many_covariates,0,,,,,,,,,
tep,40,2 h,10.0,30,ceil(3 tau),0.1,block_t,raw,52000,52000,1.0,,100,0.0784,0.0021,0.0784,0.9461,0.002,0.9702,0.0,-0.0015,
tep,40,2 h,10.0,30,ceil(3 tau),0.1,block_t,adjusted,52000,0,0.0,too_many_covariates,0,,,,,,,,,
tep,40,2 h,10.0,30,ceil(3 tau),0.1,hac,raw,52000,52000,1.0,,100,0.1325,0.0027,0.1325,0.9011,0.0027,0.7738,0.0,-0.0015,
tep,40,2 h,10.0,30,ceil(3 tau),0.1,hac,adjusted,52000,0,0.0,too_many_covariates,0,,,,,,,,,
tep,40,2 h,10.0,30,ceil(3 tau),0.1,ewc,raw,52000,52000,1.0,,100,0.0897,0.0022,0.0897,0.9362,0.0022,0.9334,0.0,-0.0015,
tep,40,2 h,10.0,30,ceil(3 tau),0.1,ewc,adjusted,52000,0,0.0,too_many_covariates,0,,,,,,,,,
tep,40,2 h,10.0,30,ceil(3 tau),0.1,naive,raw,52000,52000,1.0,,100,0.3313,0.0034,0.3313,0.7116,0.0037,0.5024,0.0,-0.0015,
tep,40,2 h,10.0,30,ceil(3 tau),0.1,naive,adjusted,52000,0,0.0,too_many_covariates,0,,,,,,,,,
tep,40,2 h,10.0,30,ceil(3 tau),0.1,prepost_hac,raw,5200,5200,1.0,,100,0.1592,0.0072,0.1592,0.9362,0.0064,0.4694,0.0,-0.0008,
tep,40,2 h,10.0,30,ceil(3 tau),0.1,prepost_hac,adjusted,5200,0,0.0,too_many_covariates,0,,,,,,,,,
tep,40,2 h,10.0,30,ceil(3 tau),0.1,prepost_ewc,raw,5200,5200,1.0,,100,0.1148,0.0064,0.1148,0.9602,0.005,0.578,0.0,-0.0008,
tep,40,2 h,10.0,30,ceil(3 tau),0.1,prepost_ewc,adjusted,5200,0,0.0,too_many_covariates,0,,,,,,,,,
tep,40,2 h,10.0,30,ceil(3 tau),0.25,randomization,raw,52000,52000,1.0,,100,0.2141,0.0025,0.2141,0.9457,0.002,0.9673,0.0,-0.0061,
tep,40,2 h,10.0,30,ceil(3 tau),0.25,randomization,adjusted,52000,0,0.0,too_many_covariates,0,,,,,,,,,
tep,40,2 h,10.0,30,ceil(3 tau),0.25,block_t,raw,52000,52000,1.0,,100,0.2125,0.0025,0.2125,0.9461,0.002,0.9701,0.0,-0.0061,
tep,40,2 h,10.0,30,ceil(3 tau),0.25,block_t,adjusted,52000,0,0.0,too_many_covariates,0,,,,,,,,,
tep,40,2 h,10.0,30,ceil(3 tau),0.25,hac,raw,52000,52000,1.0,,100,0.2986,0.0027,0.2986,0.9011,0.0027,0.7737,0.0,-0.0061,
tep,40,2 h,10.0,30,ceil(3 tau),0.25,hac,adjusted,52000,0,0.0,too_many_covariates,0,,,,,,,,,
tep,40,2 h,10.0,30,ceil(3 tau),0.25,ewc,raw,52000,52000,1.0,,100,0.2267,0.0025,0.2267,0.9362,0.0022,0.9334,0.0,-0.0061,
tep,40,2 h,10.0,30,ceil(3 tau),0.25,ewc,adjusted,52000,0,0.0,too_many_covariates,0,,,,,,,,,
tep,40,2 h,10.0,30,ceil(3 tau),0.25,naive,raw,52000,52000,1.0,,100,0.5192,0.0026,0.5192,0.7116,0.0037,0.5024,0.0,-0.0061,
tep,40,2 h,10.0,30,ceil(3 tau),0.25,naive,adjusted,52000,0,0.0,too_many_covariates,0,,,,,,,,,
tep,40,2 h,10.0,30,ceil(3 tau),0.25,prepost_hac,raw,5200,5200,1.0,,100,0.5546,0.0068,0.5546,0.9362,0.0064,0.4693,0.0,-0.0009,
tep,40,2 h,10.0,30,ceil(3 tau),0.25,prepost_hac,adjusted,5200,0,0.0,too_many_covariates,0,,,,,,,,,
tep,40,2 h,10.0,30,ceil(3 tau),0.25,prepost_ewc,raw,5200,5200,1.0,,100,0.4575,0.0078,0.4575,0.9602,0.005,0.578,0.0,-0.0009,
tep,40,2 h,10.0,30,ceil(3 tau),0.25,prepost_ewc,adjusted,5200,0,0.0,too_many_covariates,0,,,,,,,,,
tep,40,2 h,10.0,30,ceil(3 tau),0.5,randomization,raw,52000,52000,1.0,,100,0.5449,0.0022,0.5449,0.9456,0.002,0.9671,0.0,-0.0135,
tep,40,2 h,10.0,30,ceil(3 tau),0.5,randomization,adjusted,52000,0,0.0,too_many_covariates,0,,,,,,,,,
tep,40,2 h,10.0,30,ceil(3 tau),0.5,block_t,raw,52000,52000,1.0,,100,0.5439,0.0022,0.5439,0.9461,0.002,0.9699,0.0,-0.0135,
tep,40,2 h,10.0,30,ceil(3 tau),0.5,block_t,adjusted,52000,0,0.0,too_many_covariates,0,,,,,,,,,
tep,40,2 h,10.0,30,ceil(3 tau),0.5,hac,raw,52000,52000,1.0,,100,0.6551,0.0021,0.6551,0.9011,0.0027,0.7736,0.0,-0.0135,
tep,40,2 h,10.0,30,ceil(3 tau),0.5,hac,adjusted,52000,0,0.0,too_many_covariates,0,,,,,,,,,
tep,40,2 h,10.0,30,ceil(3 tau),0.5,ewc,raw,52000,52000,1.0,,100,0.562,0.0023,0.562,0.9362,0.0022,0.9335,0.0,-0.0135,
tep,40,2 h,10.0,30,ceil(3 tau),0.5,ewc,adjusted,52000,0,0.0,too_many_covariates,0,,,,,,,,,
tep,40,2 h,10.0,30,ceil(3 tau),0.5,naive,raw,52000,52000,1.0,,100,0.8484,0.0021,0.8484,0.7116,0.0037,0.5024,0.0,-0.0135,
tep,40,2 h,10.0,30,ceil(3 tau),0.5,naive,adjusted,52000,0,0.0,too_many_covariates,0,,,,,,,,,
tep,40,2 h,10.0,30,ceil(3 tau),0.5,prepost_hac,raw,5200,5200,1.0,,100,0.8754,0.0039,0.8754,0.9362,0.0064,0.4692,0.0,-0.0012,
tep,40,2 h,10.0,30,ceil(3 tau),0.5,prepost_hac,adjusted,5200,0,0.0,too_many_covariates,0,,,,,,,,,
tep,40,2 h,10.0,30,ceil(3 tau),0.5,prepost_ewc,raw,5200,5200,1.0,,100,0.831,0.0049,0.831,0.9602,0.005,0.5779,0.0,-0.0012,
tep,40,2 h,10.0,30,ceil(3 tau),0.5,prepost_ewc,adjusted,5200,0,0.0,too_many_covariates,0,,,,,,,,,
tep,80,4 h,0.0,0,ceil(3 tau),0.0,randomization,raw,52000,52000,1.0,,100,0.0522,0.0019,0.0522,0.9478,0.0019,0.5163,0.0,0.0002,
tep,80,4 h,0.0,0,ceil(3 tau),0.0,randomization,adjusted,52000,52000,1.0,,100,0.05,0.0016,0.05,0.95,0.0016,0.3021,0.0,0.0,0.6148
tep,80,4 h,0.0,0,ceil(3 tau),0.0,block_t,raw,52000,52000,1.0,,100,0.0484,0.0018,0.0484,0.9516,0.0018,0.5247,0.0,0.0002,
tep,80,4 h,0.0,0,ceil(3 tau),0.0,block_t,adjusted,52000,52000,1.0,,100,0.1057,0.0021,0.1057,0.8943,0.0021,0.2323,0.0,0.0,0.4675
tep,80,4 h,0.0,0,ceil(3 tau),0.0,hac,raw,52000,52000,1.0,,100,0.0692,0.0022,0.0692,0.9308,0.0022,0.4653,0.0,0.0002,
tep,80,4 h,0.0,0,ceil(3 tau),0.0,hac,adjusted,52000,52000,1.0,,100,0.119,0.002,0.119,0.881,0.002,0.2361,0.0,0.0,0.5093
tep,80,4 h,0.0,0,ceil(3 tau),0.0,ewc,raw,52000,52000,1.0,,100,0.0463,0.0018,0.0463,0.9537,0.0018,0.567,0.0,0.0002,
tep,80,4 h,0.0,0,ceil(3 tau),0.0,ewc,adjusted,52000,52000,1.0,,100,0.0985,0.0019,0.0985,0.9015,0.0019,0.249,0.0,0.0,0.4331
tep,80,4 h,0.0,0,ceil(3 tau),0.0,naive,raw,52000,52000,1.0,,100,0.318,0.0035,0.318,0.682,0.0035,0.2516,0.0,0.0002,
tep,80,4 h,0.0,0,ceil(3 tau),0.0,naive,adjusted,52000,52000,1.0,,100,0.2023,0.0021,0.2023,0.7977,0.0021,0.2132,0.0,0.0,0.837
tep,80,4 h,0.0,0,ceil(3 tau),0.0,prepost_hac,raw,5200,5200,1.0,,100,0.0608,0.006,0.0608,0.9392,0.006,0.4533,0.0,0.0005,
tep,80,4 h,0.0,0,ceil(3 tau),0.0,prepost_hac,adjusted,5200,0,0.0,too_many_covariates,0,,,,,,,,,
tep,80,4 h,0.0,0,ceil(3 tau),0.0,prepost_ewc,raw,5200,5200,1.0,,100,0.0388,0.0049,0.0388,0.9612,0.0049,0.5551,0.0,0.0005,
tep,80,4 h,0.0,0,ceil(3 tau),0.0,prepost_ewc,adjusted,5200,0,0.0,too_many_covariates,0,,,,,,,,,
tep,80,4 h,0.0,0,ceil(3 tau),0.1,randomization,raw,52000,52000,1.0,,100,0.1603,0.0024,0.1603,0.9478,0.0019,0.5163,0.0,0.0002,
tep,80,4 h,0.0,0,ceil(3 tau),0.1,randomization,adjusted,52000,52000,1.0,,100,0.4546,0.0016,0.4546,0.95,0.0016,0.3021,0.0,0.0,0.6148
tep,80,4 h,0.0,0,ceil(3 tau),0.1,block_t,raw,52000,52000,1.0,,100,0.1524,0.0023,0.1524,0.9516,0.0018,0.5247,0.0,0.0002,
tep,80,4 h,0.0,0,ceil(3 tau),0.1,block_t,adjusted,52000,52000,1.0,,100,0.543,0.0016,0.543,0.8943,0.0021,0.2323,0.0,0.0,0.4675
tep,80,4 h,0.0,0,ceil(3 tau),0.1,hac,raw,52000,52000,1.0,,100,0.1859,0.0027,0.1859,0.9308,0.0022,0.4653,0.0,0.0002,
tep,80,4 h,0.0,0,ceil(3 tau),0.1,hac,adjusted,52000,52000,1.0,,100,0.5664,0.0016,0.5664,0.881,0.002,0.2361,0.0,0.0,0.5093
tep,80,4 h,0.0,0,ceil(3 tau),0.1,ewc,raw,52000,52000,1.0,,100,0.1427,0.0023,0.1428,0.9537,0.0018,0.567,0.0,0.0002,
tep,80,4 h,0.0,0,ceil(3 tau),0.1,ewc,adjusted,52000,52000,1.0,,100,0.5406,0.0016,0.5406,0.9015,0.0019,0.249,0.0,0.0,0.4331
tep,80,4 h,0.0,0,ceil(3 tau),0.1,naive,raw,52000,52000,1.0,,100,0.4733,0.003,0.4733,0.682,0.0035,0.2516,0.0,0.0002,
tep,80,4 h,0.0,0,ceil(3 tau),0.1,naive,adjusted,52000,52000,1.0,,100,0.632,0.0017,0.632,0.7977,0.0021,0.2132,0.0,0.0,0.837
tep,80,4 h,0.0,0,ceil(3 tau),0.1,prepost_hac,raw,5200,5200,1.0,,100,0.1683,0.0072,0.1683,0.9392,0.006,0.4533,0.0,0.0005,
tep,80,4 h,0.0,0,ceil(3 tau),0.1,prepost_hac,adjusted,5200,0,0.0,too_many_covariates,0,,,,,,,,,
tep,80,4 h,0.0,0,ceil(3 tau),0.1,prepost_ewc,raw,5200,5200,1.0,,100,0.1267,0.0063,0.1267,0.9612,0.0049,0.5551,0.0,0.0005,
tep,80,4 h,0.0,0,ceil(3 tau),0.1,prepost_ewc,adjusted,5200,0,0.0,too_many_covariates,0,,,,,,,,,
tep,80,4 h,0.0,0,ceil(3 tau),0.25,randomization,raw,52000,52000,1.0,,100,0.5134,0.0024,0.5134,0.9478,0.0019,0.5163,0.0,0.0002,
tep,80,4 h,0.0,0,ceil(3 tau),0.25,randomization,adjusted,52000,52000,1.0,,100,0.7798,0.0016,0.7797,0.95,0.0016,0.3021,0.0,0.0,0.6148
tep,80,4 h,0.0,0,ceil(3 tau),0.25,block_t,raw,52000,52000,1.0,,100,0.5043,0.0024,0.5043,0.9516,0.0018,0.5247,0.0,0.0002,
tep,80,4 h,0.0,0,ceil(3 tau),0.25,block_t,adjusted,52000,52000,1.0,,100,0.8658,0.0013,0.8658,0.8943,0.0021,0.2323,0.0,0.0,0.4675
tep,80,4 h,0.0,0,ceil(3 tau),0.25,hac,raw,52000,52000,1.0,,100,0.5761,0.0023,0.5761,0.9308,0.0022,0.4653,0.0,0.0002,
tep,80,4 h,0.0,0,ceil(3 tau),0.25,hac,adjusted,52000,52000,1.0,,100,0.8906,0.0015,0.8906,0.881,0.002,0.2361,0.0,0.0,0.5093
tep,80,4 h,0.0,0,ceil(3 tau),0.25,ewc,raw,52000,52000,1.0,,100,0.4903,0.0026,0.4903,0.9537,0.0018,0.567,0.0,0.0002,
tep,80,4 h,0.0,0,ceil(3 tau),0.25,ewc,adjusted,52000,52000,1.0,,100,0.8752,0.0015,0.8752,0.9015,0.0019,0.249,0.0,0.0,0.4331
tep,80,4 h,0.0,0,ceil(3 tau),0.25,naive,raw,52000,52000,1.0,,100,0.8605,0.0019,0.8605,0.682,0.0035,0.2516,0.0,0.0002,
tep,80,4 h,0.0,0,ceil(3 tau),0.25,naive,adjusted,52000,52000,1.0,,100,0.9384,0.0012,0.9384,0.7977,0.0021,0.2132,0.0,0.0,0.837
tep,80,4 h,0.0,0,ceil(3 tau),0.25,prepost_hac,raw,5200,5200,1.0,,100,0.5806,0.0077,0.5806,0.9392,0.006,0.4533,0.0,0.0005,
tep,80,4 h,0.0,0,ceil(3 tau),0.25,prepost_hac,adjusted,5200,0,0.0,too_many_covariates,0,,,,,,,,,
tep,80,4 h,0.0,0,ceil(3 tau),0.25,prepost_ewc,raw,5200,5200,1.0,,100,0.4787,0.0077,0.4787,0.9612,0.0049,0.5551,0.0,0.0005,
tep,80,4 h,0.0,0,ceil(3 tau),0.25,prepost_ewc,adjusted,5200,0,0.0,too_many_covariates,0,,,,,,,,,
tep,80,4 h,0.0,0,ceil(3 tau),0.5,randomization,raw,52000,52000,1.0,,100,0.816,0.0017,0.816,0.9478,0.0019,0.5163,0.0,0.0002,
tep,80,4 h,0.0,0,ceil(3 tau),0.5,randomization,adjusted,52000,52000,1.0,,100,0.9782,0.0006,0.9782,0.95,0.0016,0.3021,0.0,0.0,0.6148
tep,80,4 h,0.0,0,ceil(3 tau),0.5,block_t,raw,52000,52000,1.0,,100,0.81,0.0018,0.81,0.9516,0.0018,0.5247,0.0,0.0002,
tep,80,4 h,0.0,0,ceil(3 tau),0.5,block_t,adjusted,52000,52000,1.0,,100,0.9909,0.0004,0.9909,0.8943,0.0021,0.2323,0.0,0.0,0.4675
tep,80,4 h,0.0,0,ceil(3 tau),0.5,hac,raw,52000,52000,1.0,,100,0.8639,0.0014,0.8639,0.9308,0.0022,0.4653,0.0,0.0002,
tep,80,4 h,0.0,0,ceil(3 tau),0.5,hac,adjusted,52000,52000,1.0,,100,0.994,0.0003,0.994,0.881,0.002,0.2361,0.0,0.0,0.5093
tep,80,4 h,0.0,0,ceil(3 tau),0.5,ewc,raw,52000,52000,1.0,,100,0.8256,0.0015,0.8256,0.9537,0.0018,0.567,0.0,0.0002,
tep,80,4 h,0.0,0,ceil(3 tau),0.5,ewc,adjusted,52000,52000,1.0,,100,0.9919,0.0004,0.9919,0.9015,0.0019,0.249,0.0,0.0,0.4331
tep,80,4 h,0.0,0,ceil(3 tau),0.5,naive,raw,52000,52000,1.0,,100,0.9815,0.0009,0.9815,0.682,0.0035,0.2516,0.0,0.0002,
tep,80,4 h,0.0,0,ceil(3 tau),0.5,naive,adjusted,52000,52000,1.0,,100,0.9989,0.0001,0.9989,0.7977,0.0021,0.2132,0.0,0.0,0.837
tep,80,4 h,0.0,0,ceil(3 tau),0.5,prepost_hac,raw,5200,5200,1.0,,100,0.8912,0.0044,0.8912,0.9392,0.006,0.4533,0.0,0.0005,
tep,80,4 h,0.0,0,ceil(3 tau),0.5,prepost_hac,adjusted,5200,0,0.0,too_many_covariates,0,,,,,,,,,
tep,80,4 h,0.0,0,ceil(3 tau),0.5,prepost_ewc,raw,5200,5200,1.0,,100,0.8506,0.0048,0.8506,0.9612,0.0049,0.5551,0.0,0.0005,
tep,80,4 h,0.0,0,ceil(3 tau),0.5,prepost_ewc,adjusted,5200,0,0.0,too_many_covariates,0,,,,,,,,,
tep,80,4 h,8.0,0,0,0.0,randomization,raw,52000,52000,1.0,,100,0.0522,0.0019,0.0522,0.9478,0.0019,0.5163,0.0,0.0002,
tep,80,4 h,8.0,0,0,0.0,randomization,adjusted,52000,52000,1.0,,100,0.05,0.0016,0.05,0.95,0.0016,0.3021,0.0,0.0,0.6148
tep,80,4 h,8.0,0,0,0.0,block_t,raw,52000,52000,1.0,,100,0.0484,0.0018,0.0484,0.9516,0.0018,0.5247,0.0,0.0002,
tep,80,4 h,8.0,0,0,0.0,block_t,adjusted,52000,52000,1.0,,100,0.1057,0.0021,0.1057,0.8943,0.0021,0.2323,0.0,0.0,0.4675
tep,80,4 h,8.0,0,0,0.0,hac,raw,52000,52000,1.0,,100,0.0692,0.0022,0.0692,0.9308,0.0022,0.4653,0.0,0.0002,
tep,80,4 h,8.0,0,0,0.0,hac,adjusted,52000,52000,1.0,,100,0.119,0.002,0.119,0.881,0.002,0.2361,0.0,0.0,0.5093
tep,80,4 h,8.0,0,0,0.0,ewc,raw,52000,52000,1.0,,100,0.0463,0.0018,0.0463,0.9537,0.0018,0.567,0.0,0.0002,
tep,80,4 h,8.0,0,0,0.0,ewc,adjusted,52000,52000,1.0,,100,0.0985,0.0019,0.0985,0.9015,0.0019,0.249,0.0,0.0,0.4331
tep,80,4 h,8.0,0,0,0.0,naive,raw,52000,52000,1.0,,100,0.318,0.0035,0.318,0.682,0.0035,0.2516,0.0,0.0002,
tep,80,4 h,8.0,0,0,0.0,naive,adjusted,52000,52000,1.0,,100,0.2023,0.0021,0.2023,0.7977,0.0021,0.2132,0.0,0.0,0.837
tep,80,4 h,8.0,0,0,0.0,prepost_hac,raw,5200,5200,1.0,,100,0.0608,0.006,0.0608,0.9392,0.006,0.4533,0.0,0.0005,
tep,80,4 h,8.0,0,0,0.0,prepost_hac,adjusted,5200,0,0.0,too_many_covariates,0,,,,,,,,,
tep,80,4 h,8.0,0,0,0.0,prepost_ewc,raw,5200,5200,1.0,,100,0.0388,0.0049,0.0388,0.9612,0.0049,0.5551,0.0,0.0005,
tep,80,4 h,8.0,0,0,0.0,prepost_ewc,adjusted,5200,0,0.0,too_many_covariates,0,,,,,,,,,
tep,80,4 h,8.0,0,0,0.1,randomization,raw,52000,52000,1.0,,100,0.1396,0.0023,0.1396,0.9477,0.0019,0.5165,0.0,-0.01,
tep,80,4 h,8.0,0,0,0.1,randomization,adjusted,52000,52000,1.0,,100,0.4319,0.0016,0.4319,0.9556,0.0015,0.3027,0.0,-0.0111,0.6154
tep,80,4 h,8.0,0,0,0.1,block_t,raw,52000,52000,1.0,,100,0.1329,0.0022,0.1329,0.9517,0.0018,0.5251,0.0,-0.01,
tep,80,4 h,8.0,0,0,0.1,block_t,adjusted,52000,52000,1.0,,100,0.5156,0.0016,0.5156,0.9055,0.002,0.2324,0.0,-0.0111,0.4681
tep,80,4 h,8.0,0,0,0.1,hac,raw,52000,52000,1.0,,100,0.1633,0.0026,0.1633,0.9308,0.0022,0.4656,0.0,-0.01,
tep,80,4 h,8.0,0,0,0.1,hac,adjusted,52000,52000,1.0,,100,0.5378,0.0016,0.5378,0.8922,0.0019,0.2362,0.0,-0.0111,0.5098
tep,80,4 h,8.0,0,0,0.1,ewc,raw,52000,52000,1.0,,100,0.1228,0.0022,0.1228,0.9537,0.0018,0.567,0.0,-0.01,
tep,80,4 h,8.0,0,0,0.1,ewc,adjusted,52000,52000,1.0,,100,0.5122,0.0016,0.5122,0.9154,0.0017,0.2495,0.0,-0.0111,0.4334
tep,80,4 h,8.0,0,0,0.1,naive,raw,52000,52000,1.0,,100,0.4463,0.0031,0.4463,0.682,0.0035,0.2516,0.0,-0.01,
tep,80,4 h,8.0,0,0,0.1,naive,adjusted,52000,52000,1.0,,100,0.6012,0.0017,0.6012,0.7886,0.0025,0.2133,0.0,-0.0111,0.837
tep,80,4 h,8.0,0,0,0.1,prepost_hac,raw,5200,5200,1.0,,100,0.1646,0.0071,0.1646,0.939,0.006,0.4533,0.0,-0.0011,
tep,80,4 h,8.0,0,0,0.1,prepost_hac,adjusted,5200,0,0.0,too_many_covariates,0,,,,,,,,,
tep,80,4 h,8.0,0,0,0.1,prepost_ewc,raw,5200,5200,1.0,,100,0.1235,0.0064,0.1235,0.9613,0.0049,0.5552,0.0,-0.0011,
tep,80,4 h,8.0,0,0,0.1,prepost_ewc,adjusted,5200,0,0.0,too_many_covariates,0,,,,,,,,,
tep,80,4 h,8.0,0,0,0.25,randomization,raw,52000,52000,1.0,,100,0.4609,0.0025,0.4609,0.9478,0.0019,0.5167,0.0,-0.025,
tep,80,4 h,8.0,0,0,0.25,randomization,adjusted,52000,52000,1.0,,100,0.7234,0.0018,0.7234,0.9593,0.0014,0.3044,0.0,-0.0277,0.616
tep,80,4 h,8.0,0,0,0.25,block_t,raw,52000,52000,1.0,,100,0.4508,0.0025,0.4508,0.9517,0.0018,0.5255,0.0,-0.025,
tep,80,4 h,8.0,0,0,0.25,block_t,adjusted,52000,52000,1.0,,100,0.8207,0.0016,0.8207,0.9139,0.0019,0.234,0.0,-0.0277,0.4696
tep,80,4 h,8.0,0,0,0.25,hac,raw,52000,52000,1.0,,100,0.5229,0.0024,0.5229,0.9312,0.0022,0.466,0.0,-0.025,
tep,80,4 h,8.0,0,0,0.25,hac,adjusted,52000,52000,1.0,,100,0.8499,0.0018,0.8499,0.9016,0.0018,0.2369,0.0,-0.0277,0.5108
tep,80,4 h,8.0,0,0,0.25,ewc,raw,52000,52000,1.0,,100,0.437,0.0026,0.437,0.9541,0.0018,0.5679,0.0,-0.025,
tep,80,4 h,8.0,0,0,0.25,ewc,adjusted,52000,52000,1.0,,100,0.8301,0.0018,0.8301,0.9266,0.0015,0.2513,0.0,-0.0277,0.4351
tep,80,4 h,8.0,0,0,0.25,naive,raw,52000,52000,1.0,,100,0.82,0.0021,0.82,0.6822,0.0035,0.2518,0.0,-0.025,
tep,80,4 h,8.0,0,0,0.25,naive,adjusted,52000,52000,1.0,,100,0.9059,0.0016,0.9059,0.7919,0.0028,0.2135,0.0,-0.0277,0.8374
tep,80,4 h,8.0,0,0,0.25,prepost_hac,raw,5200,5200,1.0,,100,0.5698,0.008,0.5698,0.939,0.006,0.4531,0.0,-0.0035,
tep,80,4 h,8.0,0,0,0.25,prepost_hac,adjusted,5200,0,0.0,too_many_covariates,0,,,,,,,,,
tep,80,4 h,8.0,0,0,0.25,prepost_ewc,raw,5200,5200,1.0,,100,0.4721,0.0076,0.4721,0.9615,0.0049,0.5559,0.0,-0.0035,
tep,80,4 h,8.0,0,0,0.25,prepost_ewc,adjusted,5200,0,0.0,too_many_covariates,0,,,,,,,,,
tep,80,4 h,8.0,0,0,0.5,randomization,raw,52000,52000,1.0,,100,0.7729,0.0019,0.7729,0.9493,0.0019,0.5189,0.0,-0.0503,
tep,80,4 h,8.0,0,0,0.5,randomization,adjusted,52000,52000,1.0,,100,0.9601,0.0008,0.9601,0.9635,0.0014,0.3103,0.0,-0.0552,0.6255
tep,80,4 h,8.0,0,0,0.5,block_t,raw,52000,52000,1.0,,100,0.7671,0.002,0.7671,0.9528,0.0018,0.5279,0.0,-0.0503,
tep,80,4 h,8.0,0,0,0.5,block_t,adjusted,52000,52000,1.0,,100,0.9819,0.0006,0.9819,0.9216,0.0019,0.2384,0.0,-0.0552,0.4755
tep,80,4 h,8.0,0,0,0.5,hac,raw,52000,52000,1.0,,100,0.8286,0.0015,0.8286,0.932,0.0022,0.4686,0.0,-0.0503,
tep,80,4 h,8.0,0,0,0.5,hac,adjusted,52000,52000,1.0,,100,0.9867,0.0005,0.9867,0.9117,0.0016,0.2389,0.0,-0.0552,0.5142
tep,80,4 h,8.0,0,0,0.5,ewc,raw,52000,52000,1.0,,100,0.779,0.0017,0.779,0.9554,0.0018,0.5707,0.0,-0.0503,
tep,80,4 h,8.0,0,0,0.5,ewc,adjusted,52000,52000,1.0,,100,0.984,0.0006,0.984,0.9362,0.0013,0.2572,0.0,-0.0552,0.4413
tep,80,4 h,8.0,0,0,0.5,naive,raw,52000,52000,1.0,,100,0.973,0.0011,0.973,0.6828,0.0035,0.2523,0.0,-0.0503,
tep,80,4 h,8.0,0,0,0.5,naive,adjusted,52000,52000,1.0,,100,0.997,0.0002,0.997,0.7947,0.0031,0.2141,0.0,-0.0552,0.8382
tep,80,4 h,8.0,0,0,0.5,prepost_hac,raw,5200,5200,1.0,,100,0.886,0.0045,0.886,0.9392,0.006,0.4543,0.0,-0.0074,
tep,80,4 h,8.0,0,0,0.5,prepost_hac,adjusted,5200,0,0.0,too_many_covariates,0,,,,,,,,,
tep,80,4 h,8.0,0,0,0.5,prepost_ewc,raw,5200,5200,1.0,,100,0.8433,0.0047,0.8433,0.9621,0.0048,0.5571,0.0,-0.0074,
tep,80,4 h,8.0,0,0,0.5,prepost_ewc,adjusted,5200,0,0.0,too_many_covariates,0,,,,,,,,,
tep,80,4 h,8.0,24,ceil(3 tau),0.0,randomization,raw,52000,52000,1.0,,100,0.0525,0.0019,0.0525,0.9475,0.0019,0.6973,0.0,0.0014,
tep,80,4 h,8.0,24,ceil(3 tau),0.0,randomization,adjusted,52000,52000,1.0,,100,0.0485,0.0016,0.0485,0.9515,0.0016,0.3893,0.0,0.0,0.5699
tep,80,4 h,8.0,24,ceil(3 tau),0.0,block_t,raw,52000,52000,1.0,,100,0.048,0.0018,0.048,0.952,0.0018,0.7105,0.0,0.0014,
tep,80,4 h,8.0,24,ceil(3 tau),0.0,block_t,adjusted,52000,52000,1.0,,100,0.1428,0.0025,0.1428,0.8572,0.0025,0.2622,0.0,0.0,0.3809
tep,80,4 h,8.0,24,ceil(3 tau),0.0,hac,raw,52000,52000,1.0,,100,0.0982,0.0029,0.0982,0.9018,0.0029,0.5377,0.0,0.0014,
tep,80,4 h,8.0,24,ceil(3 tau),0.0,hac,adjusted,52000,52000,1.0,,100,0.132,0.0021,0.132,0.868,0.0021,0.2872,0.0,0.0,0.5398
tep,80,4 h,8.0,24,ceil(3 tau),0.0,ewc,raw,52000,52000,1.0,,100,0.065,0.0023,0.065,0.935,0.0023,0.6576,0.0,0.0014,
tep,80,4 h,8.0,24,ceil(3 tau),0.0,ewc,adjusted,52000,52000,1.0,,100,0.1146,0.0019,0.1146,0.8854,0.0019,0.2954,0.0,0.0,0.4538
tep,80,4 h,8.0,24,ceil(3 tau),0.0,naive,raw,52000,52000,1.0,,100,0.3553,0.0038,0.3553,0.6447,0.0038,0.3003,0.0,0.0014,
tep,80,4 h,8.0,24,ceil(3 tau),0.0,naive,adjusted,52000,52000,1.0,,100,0.2019,0.0021,0.2019,0.7981,0.0021,0.2667,0.0,0.0,0.8776
tep,80,4 h,8.0,24,ceil(3 tau),0.0,prepost_hac,raw,5200,5200,1.0,,100,0.0644,0.0065,0.0644,0.9356,0.0065,0.4663,0.0,-0.0006,
tep,80,4 h,8.0,24,ceil(3 tau),0.0,prepost_hac,adjusted,5200,0,0.0,too_many_covariates,0,,,,,,,,,
tep,80,4 h,8.0,24,ceil(3 tau),0.0,prepost_ewc,raw,5200,5200,1.0,,100,0.0398,0.0051,0.0398,0.9602,0.0051,0.5726,0.0,-0.0006,
tep,80,4 h,8.0,24,ceil(3 tau),0.0,prepost_ewc,adjusted,5200,0,0.0,too_many_covariates,0,,,,,,,,,
tep,80,4 h,8.0,24,ceil(3 tau),0.1,randomization,raw,52000,52000,1.0,,100,0.118,0.0023,0.118,0.9475,0.0019,0.6971,0.0,0.0007,
tep,80,4 h,8.0,24,ceil(3 tau),0.1,randomization,adjusted,52000,52000,1.0,,100,0.4053,0.0016,0.4053,0.9548,0.0016,0.3892,0.0,-0.0007,0.5699
tep,80,4 h,8.0,24,ceil(3 tau),0.1,block_t,raw,52000,52000,1.0,,100,0.1109,0.0022,0.1109,0.952,0.0018,0.7105,0.0,0.0007,
tep,80,4 h,8.0,24,ceil(3 tau),0.1,block_t,adjusted,52000,52000,1.0,,100,0.528,0.0017,0.528,0.8681,0.0024,0.2621,0.0,-0.0007,0.3809
tep,80,4 h,8.0,24,ceil(3 tau),0.1,hac,raw,52000,52000,1.0,,100,0.1796,0.003,0.1796,0.9018,0.0029,0.5377,0.0,0.0007,
tep,80,4 h,8.0,24,ceil(3 tau),0.1,hac,adjusted,52000,52000,1.0,,100,0.5237,0.0015,0.5237,0.8731,0.002,0.2872,0.0,-0.0007,0.5399
tep,80,4 h,8.0,24,ceil(3 tau),0.1,ewc,raw,52000,52000,1.0,,100,0.1348,0.0026,0.1348,0.935,0.0023,0.6576,0.0,0.0007,
tep,80,4 h,8.0,24,ceil(3 tau),0.1,ewc,adjusted,52000,52000,1.0,,100,0.5025,0.0015,0.5025,0.8922,0.0019,0.2954,0.0,-0.0007,0.4537
tep,80,4 h,8.0,24,ceil(3 tau),0.1,naive,raw,52000,52000,1.0,,100,0.4513,0.0032,0.4513,0.6447,0.0038,0.3003,0.0,0.0007,
tep,80,4 h,8.0,24,ceil(3 tau),0.1,naive,adjusted,52000,52000,1.0,,100,0.575,0.0016,0.575,0.7919,0.0022,0.2667,0.0,-0.0007,0.8776
tep,80,4 h,8.0,24,ceil(3 tau),0.1,prepost_hac,raw,5200,5200,1.0,,100,0.1608,0.0072,0.1608,0.9356,0.0065,0.4662,0.0,-0.0007,
tep,80,4 h,8.0,24,ceil(3 tau),0.1,prepost_hac,adjusted,5200,0,0.0,too_many_covariates,0,,,,,,,,,
tep,80,4 h,8.0,24,ceil(3 tau),0.1,prepost_ewc,raw,5200,5200,1.0,,100,0.1185,0.0068,0.1185,0.9602,0.0051,0.5727,0.0,-0.0007,
tep,80,4 h,8.0,24,ceil(3 tau),0.1,prepost_ewc,adjusted,5200,0,0.0,too_many_covariates,0,,,,,,,,,
tep,80,4 h,8.0,24,ceil(3 tau),0.25,randomization,raw,52000,52000,1.0,,100,0.3837,0.0026,0.3837,0.9476,0.0019,0.6971,0.0,-0.0004,
tep,80,4 h,8.0,24,ceil(3 tau),0.25,randomization,adjusted,52000,52000,1.0,,100,0.6634,0.0018,0.6634,0.9548,0.0016,0.3893,0.0,-0.0018,0.57
tep,80,4 h,8.0,24,ceil(3 tau),0.25,block_t,raw,52000,52000,1.0,,100,0.3732,0.0025,0.3732,0.952,0.0018,0.7106,0.0,-0.0004,
tep,80,4 h,8.0,24,ceil(3 tau),0.25,block_t,adjusted,52000,52000,1.0,,100,0.8137,0.0015,0.8137,0.8683,0.0024,0.2622,0.0,-0.0018,0.381
tep,80,4 h,8.0,24,ceil(3 tau),0.25,hac,raw,52000,52000,1.0,,100,0.5057,0.0025,0.5057,0.9018,0.0029,0.5377,0.0,-0.0004,
tep,80,4 h,8.0,24,ceil(3 tau),0.25,hac,adjusted,52000,52000,1.0,,100,0.8189,0.0018,0.8189,0.8732,0.002,0.2872,0.0,-0.0018,0.5399
tep,80,4 h,8.0,24,ceil(3 tau),0.25,ewc,raw,52000,52000,1.0,,100,0.4311,0.0028,0.4311,0.935,0.0023,0.6577,0.0,-0.0004,
tep,80,4 h,8.0,24,ceil(3 tau),0.25,ewc,adjusted,52000,52000,1.0,,100,0.7997,0.0018,0.7997,0.8925,0.0019,0.2953,0.0,-0.0018,0.4539
tep,80,4 h,8.0,24,ceil(3 tau),0.25,naive,raw,52000,52000,1.0,,100,0.7756,0.0022,0.7756,0.6447,0.0038,0.3003,0.0,-0.0004,
tep,80,4 h,8.0,24,ceil(3 tau),0.25,naive,adjusted,52000,52000,1.0,,100,0.8704,0.0017,0.8704,0.7911,0.0023,0.2667,0.0,-0.0018,0.8777
tep,80,4 h,8.0,24,ceil(3 tau),0.25,prepost_hac,raw,5200,5200,1.0,,100,0.559,0.007,0.559,0.9356,0.0065,0.4662,0.0,-0.0008,
tep,80,4 h,8.0,24,ceil(3 tau),0.25,prepost_hac,adjusted,5200,0,0.0,too_many_covariates,0,,,,,,,,,
tep,80,4 h,8.0,24,ceil(3 tau),0.25,prepost_ewc,raw,5200,5200,1.0,,100,0.4596,0.0077,0.4596,0.9604,0.0051,0.5727,0.0,-0.0008,
tep,80,4 h,8.0,24,ceil(3 tau),0.25,prepost_ewc,adjusted,5200,0,0.0,too_many_covariates,0,,,,,,,,,
tep,80,4 h,8.0,24,ceil(3 tau),0.5,randomization,raw,52000,52000,1.0,,100,0.6948,0.0021,0.6948,0.9477,0.0019,0.6969,0.0,-0.0023,
tep,80,4 h,8.0,24,ceil(3 tau),0.5,randomization,adjusted,52000,52000,1.0,,100,0.9403,0.0009,0.9403,0.9551,0.0016,0.3892,0.0,-0.0037,0.57
tep,80,4 h,8.0,24,ceil(3 tau),0.5,block_t,raw,52000,52000,1.0,,100,0.687,0.0021,0.687,0.952,0.0018,0.7108,0.0,-0.0023,
tep,80,4 h,8.0,24,ceil(3 tau),0.5,block_t,adjusted,52000,52000,1.0,,100,0.9802,0.0006,0.9802,0.8689,0.0024,0.2622,0.0,-0.0037,0.3809
tep,80,4 h,8.0,24,ceil(3 tau),0.5,hac,raw,52000,52000,1.0,,100,0.8005,0.0016,0.8005,0.9018,0.0029,0.5378,0.0,-0.0023,
tep,80,4 h,8.0,24,ceil(3 tau),0.5,hac,adjusted,52000,52000,1.0,,100,0.9819,0.0006,0.9819,0.8733,0.002,0.2872,0.0,-0.0037,0.5398
tep,80,4 h,8.0,24,ceil(3 tau),0.5,ewc,raw,52000,52000,1.0,,100,0.7553,0.0017,0.7553,0.935,0.0023,0.6577,0.0,-0.0023,
tep,80,4 h,8.0,24,ceil(3 tau),0.5,ewc,adjusted,52000,52000,1.0,,100,0.9779,0.0007,0.9779,0.8932,0.0019,0.2953,0.0,-0.0037,0.4539
tep,80,4 h,8.0,24,ceil(3 tau),0.5,naive,raw,52000,52000,1.0,,100,0.959,0.0013,0.959,0.6447,0.0038,0.3003,0.0,-0.0023,
tep,80,4 h,8.0,24,ceil(3 tau),0.5,naive,adjusted,52000,52000,1.0,,100,0.9938,0.0004,0.9938,0.7913,0.0023,0.2667,0.0,-0.0037,0.8777
tep,80,4 h,8.0,24,ceil(3 tau),0.5,prepost_hac,raw,5200,5200,1.0,,100,0.8773,0.0038,0.8773,0.9356,0.0065,0.4661,0.0,-0.001,
tep,80,4 h,8.0,24,ceil(3 tau),0.5,prepost_hac,adjusted,5200,0,0.0,too_many_covariates,0,,,,,,,,,
tep,80,4 h,8.0,24,ceil(3 tau),0.5,prepost_ewc,raw,5200,5200,1.0,,100,0.8358,0.0048,0.8358,0.9604,0.0051,0.5728,0.0,-0.001,
tep,80,4 h,8.0,24,ceil(3 tau),0.5,prepost_ewc,adjusted,5200,0,0.0,too_many_covariates,0,,,,,,,,,
tep,80,4 h,20.0,0,0,0.0,randomization,raw,52000,52000,1.0,,100,0.0522,0.0019,0.0522,0.9478,0.0019,0.5163,0.0,0.0002,
tep,80,4 h,20.0,0,0,0.0,randomization,adjusted,52000,52000,1.0,,100,0.05,0.0016,0.05,0.95,0.0016,0.3021,0.0,0.0,0.6148
tep,80,4 h,20.0,0,0,0.0,block_t,raw,52000,52000,1.0,,100,0.0484,0.0018,0.0484,0.9516,0.0018,0.5247,0.0,0.0002,
tep,80,4 h,20.0,0,0,0.0,block_t,adjusted,52000,52000,1.0,,100,0.1057,0.0021,0.1057,0.8943,0.0021,0.2323,0.0,0.0,0.4675
tep,80,4 h,20.0,0,0,0.0,hac,raw,52000,52000,1.0,,100,0.0692,0.0022,0.0692,0.9308,0.0022,0.4653,0.0,0.0002,
tep,80,4 h,20.0,0,0,0.0,hac,adjusted,52000,52000,1.0,,100,0.119,0.002,0.119,0.881,0.002,0.2361,0.0,0.0,0.5093
tep,80,4 h,20.0,0,0,0.0,ewc,raw,52000,52000,1.0,,100,0.0463,0.0018,0.0463,0.9537,0.0018,0.567,0.0,0.0002,
tep,80,4 h,20.0,0,0,0.0,ewc,adjusted,52000,52000,1.0,,100,0.0985,0.0019,0.0985,0.9015,0.0019,0.249,0.0,0.0,0.4331
tep,80,4 h,20.0,0,0,0.0,naive,raw,52000,52000,1.0,,100,0.318,0.0035,0.318,0.682,0.0035,0.2516,0.0,0.0002,
tep,80,4 h,20.0,0,0,0.0,naive,adjusted,52000,52000,1.0,,100,0.2023,0.0021,0.2023,0.7977,0.0021,0.2132,0.0,0.0,0.837
tep,80,4 h,20.0,0,0,0.0,prepost_hac,raw,5200,5200,1.0,,100,0.0608,0.006,0.0608,0.9392,0.006,0.4533,0.0,0.0005,
tep,80,4 h,20.0,0,0,0.0,prepost_hac,adjusted,5200,0,0.0,too_many_covariates,0,,,,,,,,,
tep,80,4 h,20.0,0,0,0.0,prepost_ewc,raw,5200,5200,1.0,,100,0.0388,0.0049,0.0388,0.9612,0.0049,0.5551,0.0,0.0005,
tep,80,4 h,20.0,0,0,0.0,prepost_ewc,adjusted,5200,0,0.0,too_many_covariates,0,,,,,,,,,
tep,80,4 h,20.0,0,0,0.1,randomization,raw,52000,52000,1.0,,100,0.1127,0.0022,0.1127,0.9478,0.0019,0.5168,0.0,-0.0255,
tep,80,4 h,20.0,0,0,0.1,randomization,adjusted,52000,52000,1.0,,100,0.3942,0.0016,0.3942,0.961,0.0013,0.3041,0.0,-0.0269,0.6162
tep,80,4 h,20.0,0,0,0.1,block_t,raw,52000,52000,1.0,,100,0.1063,0.0021,0.1063,0.9517,0.0018,0.5255,0.0,-0.0255,
tep,80,4 h,20.0,0,0,0.1,block_t,adjusted,52000,52000,1.0,,100,0.4734,0.0018,0.4734,0.9159,0.0018,0.2339,0.0,-0.0269,0.469
tep,80,4 h,20.0,0,0,0.1,hac,raw,52000,52000,1.0,,100,0.1313,0.0025,0.1313,0.9311,0.0022,0.4658,0.0,-0.0255,
tep,80,4 h,20.0,0,0,0.1,hac,adjusted,52000,52000,1.0,,100,0.4948,0.0017,0.4948,0.896,0.0018,0.2364,0.0,-0.0269,0.51
tep,80,4 h,20.0,0,0,0.1,ewc,raw,52000,52000,1.0,,100,0.0981,0.0021,0.0981,0.9538,0.0018,0.5673,0.0,-0.0255,
tep,80,4 h,20.0,0,0,0.1,ewc,adjusted,52000,52000,1.0,,100,0.4706,0.0017,0.4706,0.9223,0.0016,0.2501,0.0,-0.0269,0.4339
tep,80,4 h,20.0,0,0,0.1,naive,raw,52000,52000,1.0,,100,0.4052,0.0032,0.4052,0.682,0.0035,0.2517,0.0,-0.0255,
tep,80,4 h,20.0,0,0,0.1,naive,adjusted,52000,52000,1.0,,100,0.5595,0.0018,0.5595,0.7863,0.0027,0.2133,0.0,-0.0269,0.8371
tep,80,4 h,20.0,0,0,0.1,prepost_hac,raw,5200,5200,1.0,,100,0.1575,0.0068,0.1575,0.9392,0.006,0.453,0.0,-0.0036,
tep,80,4 h,20.0,0,0,0.1,prepost_hac,adjusted,5200,0,0.0,too_many_covariates,0,,,,,,,,,
tep,80,4 h,20.0,0,0,0.1,prepost_ewc,raw,5200,5200,1.0,,100,0.1177,0.0063,0.1177,0.9617,0.0049,0.5556,0.0,-0.0036,
tep,80,4 h,20.0,0,0,0.1,prepost_ewc,adjusted,5200,0,0.0,too_many_covariates,0,,,,,,,,,
tep,80,4 h,20.0,0,0,0.25,randomization,raw,52000,52000,1.0,,100,0.3601,0.0028,0.3601,0.95,0.0018,0.5209,0.0,-0.0642,
tep,80,4 h,20.0,0,0,0.25,randomization,adjusted,52000,52000,1.0,,100,0.6257,0.0022,0.6257,0.9672,0.0012,0.3126,0.0,-0.0672,0.6299
tep,80,4 h,20.0,0,0,0.25,block_t,raw,52000,52000,1.0,,100,0.3506,0.0028,0.3506,0.9538,0.0018,0.5298,0.0,-0.0642,
tep,80,4 h,20.0,0,0,0.25,block_t,adjusted,52000,52000,1.0,,100,0.7366,0.0021,0.7366,0.928,0.0016,0.2402,0.0,-0.0672,0.4783
tep,80,4 h,20.0,0,0,0.25,hac,raw,52000,52000,1.0,,100,0.4217,0.003,0.4217,0.9317,0.0022,0.4677,0.0,-0.0642,
tep,80,4 h,20.0,0,0,0.25,hac,adjusted,52000,52000,1.0,,100,0.7722,0.0023,0.7722,0.9062,0.0017,0.2376,0.0,-0.0672,0.5125
tep,80,4 h,20.0,0,0,0.25,ewc,raw,52000,52000,1.0,,100,0.3413,0.0029,0.3413,0.955,0.0018,0.5699,0.0,-0.0642,
tep,80,4 h,20.0,0,0,0.25,ewc,adjusted,52000,52000,1.0,,100,0.7459,0.0024,0.7459,0.9331,0.0014,0.2545,0.0,-0.0672,0.4387
tep,80,4 h,20.0,0,0,0.25,naive,raw,52000,52000,1.0,,100,0.7304,0.0027,0.7304,0.6823,0.0035,0.252,0.0,-0.0642,
tep,80,4 h,20.0,0,0,0.25,naive,adjusted,52000,52000,1.0,,100,0.839,0.0022,0.839,0.7884,0.003,0.2137,0.0,-0.0672,0.8376
tep,80,4 h,20.0,0,0,0.25,prepost_hac,raw,5200,5200,1.0,,100,0.5554,0.0078,0.5554,0.9392,0.006,0.4538,0.0,-0.0097,
tep,80,4 h,20.0,0,0,0.25,prepost_hac,adjusted,5200,0,0.0,too_many_covariates,0,,,,,,,,,
tep,80,4 h,20.0,0,0,0.25,prepost_ewc,raw,5200,5200,1.0,,100,0.4596,0.0074,0.4596,0.9617,0.0049,0.5564,0.0,-0.0097,
tep,80,4 h,20.0,0,0,0.25,prepost_ewc,adjusted,5200,0,0.0,too_many_covariates,0,,,,,,,,,
tep,80,4 h,20.0,0,0,0.5,randomization,raw,52000,52000,1.0,,100,0.68,0.0025,0.68,0.9573,0.0018,0.537,0.0,-0.1285,
tep,80,4 h,20.0,0,0,0.5,randomization,adjusted,52000,52000,1.0,,100,0.9007,0.0016,0.9007,0.9745,0.0011,0.3415,0.0,-0.1343,0.7084
tep,80,4 h,20.0,0,0,0.5,block_t,raw,52000,52000,1.0,,100,0.6709,0.0025,0.6709,0.9607,0.0017,0.5463,0.0,-0.1285,
tep,80,4 h,20.0,0,0,0.5,block_t,adjusted,52000,52000,1.0,,100,0.9499,0.0011,0.9499,0.9424,0.0015,0.2634,0.0,-0.1343,0.5358
tep,80,4 h,20.0,0,0,0.5,hac,raw,52000,52000,1.0,,100,0.7464,0.0022,0.7464,0.9344,0.0022,0.4743,0.0,-0.1285,
tep,80,4 h,20.0,0,0,0.5,hac,adjusted,52000,52000,1.0,,100,0.9645,0.001,0.9645,0.9175,0.0016,0.242,0.0,-0.1343,0.523
tep,80,4 h,20.0,0,0,0.5,ewc,raw,52000,52000,1.0,,100,0.6793,0.0025,0.6793,0.9595,0.0017,0.5784,0.0,-0.1285,
tep,80,4 h,20.0,0,0,0.5,ewc,adjusted,52000,52000,1.0,,100,0.9571,0.0011,0.9571,0.9456,0.0012,0.27,0.0,-0.1343,0.4763
tep,80,4 h,20.0,0,0,0.5,naive,raw,52000,52000,1.0,,100,0.9473,0.0015,0.9473,0.6838,0.0035,0.2531,0.0,-0.1285,
tep,80,4 h,20.0,0,0,0.5,naive,adjusted,52000,52000,1.0,,100,0.987,0.0006,0.987,0.7861,0.0035,0.215,0.0,-0.1343,0.8392
tep,80,4 h,20.0,0,0,0.5,prepost_hac,raw,5200,5200,1.0,,100,0.8763,0.0043,0.8763,0.9402,0.006,0.4561,0.0,-0.0199,
tep,80,4 h,20.0,0,0,0.5,prepost_hac,adjusted,5200,0,0.0,too_many_covariates,0,,,,,,,,,
tep,80,4 h,20.0,0,0,0.5,prepost_ewc,raw,5200,5200,1.0,,100,0.835,0.0048,0.835,0.9633,0.0048,0.5585,0.0,-0.0199,
tep,80,4 h,20.0,0,0,0.5,prepost_ewc,adjusted,5200,0,0.0,too_many_covariates,0,,,,,,,,,
tep,80,4 h,20.0,60,ceil(3 tau),0.0,randomization,raw,52000,52000,1.0,,100,0.051,0.0018,0.051,0.9489,0.0018,1.1446,0.0,0.003,
tep,80,4 h,20.0,60,ceil(3 tau),0.0,randomization,adjusted,52000,0,0.0,too_many_covariates,0,,,,,,,,,
tep,80,4 h,20.0,60,ceil(3 tau),0.0,block_t,raw,52000,52000,1.0,,100,0.0477,0.0018,0.0477,0.9523,0.0018,1.1672,0.0,0.003,
tep,80,4 h,20.0,60,ceil(3 tau),0.0,block_t,adjusted,52000,0,0.0,too_many_covariates,0,,,,,,,,,
tep,80,4 h,20.0,60,ceil(3 tau),0.0,hac,raw,52000,52000,1.0,,100,0.1331,0.0032,0.1331,0.8669,0.0032,0.7796,0.0,0.003,
tep,80,4 h,20.0,60,ceil(3 tau),0.0,hac,adjusted,52000,0,0.0,too_many_covariates,0,,,,,,,,,
tep,80,4 h,20.0,60,ceil(3 tau),0.0,ewc,raw,52000,52000,1.0,,100,0.0853,0.0027,0.0853,0.9147,0.0027,0.9782,0.0,0.003,
tep,80,4 h,20.0,60,ceil(3 tau),0.0,ewc,adjusted,52000,0,0.0,too_many_covariates,0,,,,,,,,,
tep,80,4 h,20.0,60,ceil(3 tau),0.0,naive,raw,52000,52000,1.0,,100,0.346,0.0038,0.346,0.654,0.0038,0.4984,0.0,0.003,
tep,80,4 h,20.0,60,ceil(3 tau),0.0,naive,adjusted,52000,0,0.0,too_many_covariates,0,,,,,,,,,
tep,80,4 h,20.0,60,ceil(3 tau),0.0,prepost_hac,raw,5200,5200,1.0,,100,0.0652,0.007,0.0652,0.9348,0.007,0.4844,0.0,-0.0003,
tep,80,4 h,20.0,60,ceil(3 tau),0.0,prepost_hac,adjusted,5200,0,0.0,too_many_covariates,0,,,,,,,,,
tep,80,4 h,20.0,60,ceil(3 tau),0.0,prepost_ewc,raw,5200,5200,1.0,,100,0.0427,0.0054,0.0427,0.9573,0.0054,0.5983,0.0,-0.0003,
tep,80,4 h,20.0,60,ceil(3 tau),0.0,prepost_ewc,adjusted,5200,0,0.0,too_many_covariates,0,,,,,,,,,
tep,80,4 h,20.0,60,ceil(3 tau),0.1,randomization,raw,52000,52000,1.0,,100,0.0711,0.002,0.0711,0.9489,0.0018,1.1444,0.0,-0.0004,
tep,80,4 h,20.0,60,ceil(3 tau),0.1,randomization,adjusted,52000,0,0.0,too_many_covariates,0,,,,,,,,,
tep,80,4 h,20.0,60,ceil(3 tau),0.1,block_t,raw,52000,52000,1.0,,100,0.0671,0.0019,0.0671,0.9521,0.0017,1.1673,0.0,-0.0004,
tep,80,4 h,20.0,60,ceil(3 tau),0.1,block_t,adjusted,52000,0,0.0,too_many_covariates,0,,,,,,,,,
tep,80,4 h,20.0,60,ceil(3 tau),0.1,hac,raw,52000,52000,1.0,,100,0.1647,0.0032,0.1647,0.8668,0.0032,0.7796,0.0,-0.0004,
tep,80,4 h,20.0,60,ceil(3 tau),0.1,hac,adjusted,52000,0,0.0,too_many_covariates,0,,,,,,,,,
tep,80,4 h,20.0,60,ceil(3 tau),0.1,ewc,raw,52000,52000,1.0,,100,0.111,0.0027,0.111,0.9147,0.0027,0.9781,0.0,-0.0004,
tep,80,4 h,20.0,60,ceil(3 tau),0.1,ewc,adjusted,52000,0,0.0,too_many_covariates,0,,,,,,,,,
tep,80,4 h,20.0,60,ceil(3 tau),0.1,naive,raw,52000,52000,1.0,,100,0.384,0.0036,0.384,0.654,0.0038,0.4984,0.0,-0.0004,
tep,80,4 h,20.0,60,ceil(3 tau),0.1,naive,adjusted,52000,0,0.0,too_many_covariates,0,,,,,,,,,
tep,80,4 h,20.0,60,ceil(3 tau),0.1,prepost_hac,raw,5200,5200,1.0,,100,0.1521,0.0076,0.1521,0.9348,0.007,0.4845,0.0,-0.0006,
tep,80,4 h,20.0,60,ceil(3 tau),0.1,prepost_hac,adjusted,5200,0,0.0,too_many_covariates,0,,,,,,,,,
tep,80,4 h,20.0,60,ceil(3 tau),0.1,prepost_ewc,raw,5200,5200,1.0,,100,0.111,0.0063,0.111,0.9573,0.0054,0.5983,0.0,-0.0006,
tep,80,4 h,20.0,60,ceil(3 tau),0.1,prepost_ewc,adjusted,5200,0,0.0,too_many_covariates,0,,,,,,,,,
tep,80,4 h,20.0,60,ceil(3 tau),0.25,randomization,raw,52000,52000,1.0,,100,0.1785,0.0024,0.1785,0.9489,0.0018,1.1448,0.0,-0.0051,
tep,80,4 h,20.0,60,ceil(3 tau),0.25,randomization,adjusted,52000,0,0.0,too_many_covariates,0,,,,,,,,,
tep,80,4 h,20.0,60,ceil(3 tau),0.25,block_t,raw,52000,52000,1.0,,100,0.1712,0.0024,0.1712,0.952,0.0018,1.1675,0.0,-0.0051,
tep,80,4 h,20.0,60,ceil(3 tau),0.25,block_t,adjusted,52000,0,0.0,too_many_covariates,0,,,,,,,,,
tep,80,4 h,20.0,60,ceil(3 tau),0.25,hac,raw,52000,52000,1.0,,100,0.3161,0.0031,0.3161,0.8668,0.0032,0.7797,0.0,-0.0051,
tep,80,4 h,20.0,60,ceil(3 tau),0.25,hac,adjusted,52000,0,0.0,too_many_covariates,0,,,,,,,,,
tep,80,4 h,20.0,60,ceil(3 tau),0.25,ewc,raw,52000,52000,1.0,,100,0.2421,0.0029,0.2421,0.9146,0.0027,0.9781,0.0,-0.0051,
tep,80,4 h,20.0,60,ceil(3 tau),0.25,ewc,adjusted,52000,0,0.0,too_many_covariates,0,,,,,,,,,
tep,80,4 h,20.0,60,ceil(3 tau),0.25,naive,raw,52000,52000,1.0,,100,0.5462,0.0028,0.5462,0.654,0.0038,0.4984,0.0,-0.0051,
tep,80,4 h,20.0,60,ceil(3 tau),0.25,naive,adjusted,52000,0,0.0,too_many_covariates,0,,,,,,,,,
tep,80,4 h,20.0,60,ceil(3 tau),0.25,prepost_hac,raw,5200,5200,1.0,,100,0.5358,0.0073,0.5358,0.9348,0.007,0.4845,0.0,-0.0009,
tep,80,4 h,20.0,60,ceil(3 tau),0.25,prepost_hac,adjusted,5200,0,0.0,too_many_covariates,0,,,,,,,,,
tep,80,4 h,20.0,60,ceil(3 tau),0.25,prepost_ewc,raw,5200,5200,1.0,,100,0.4369,0.0072,0.4369,0.9573,0.0054,0.5983,0.0,-0.0009,
tep,80,4 h,20.0,60,ceil(3 tau),0.25,prepost_ewc,adjusted,5200,0,0.0,too_many_covariates,0,,,,,,,,,
tep,80,4 h,20.0,60,ceil(3 tau),0.5,randomization,raw,52000,52000,1.0,,100,0.4519,0.0024,0.4519,0.9491,0.0018,1.1449,0.0,-0.0133,
tep,80,4 h,20.0,60,ceil(3 tau),0.5,randomization,adjusted,52000,0,0.0,too_many_covariates,0,,,,,,,,,
tep,80,4 h,20.0,60,ceil(3 tau),0.5,block_t,raw,52000,52000,1.0,,100,0.4426,0.0025,0.4426,0.952,0.0018,1.1675,0.0,-0.0133,
tep,80,4 h,20.0,60,ceil(3 tau),0.5,block_t,adjusted,52000,0,0.0,too_many_covariates,0,,,,,,,,,
tep,80,4 h,20.0,60,ceil(3 tau),0.5,hac,raw,52000,52000,1.0,,100,0.6311,0.0022,0.6311,0.8667,0.0032,0.7799,0.0,-0.0133,
tep,80,4 h,20.0,60,ceil(3 tau),0.5,hac,adjusted,52000,0,0.0,too_many_covariates,0,,,,,,,,,
tep,80,4 h,20.0,60,ceil(3 tau),0.5,ewc,raw,52000,52000,1.0,,100,0.5463,0.0024,0.5463,0.9147,0.0027,0.9781,0.0,-0.0133,
tep,80,4 h,20.0,60,ceil(3 tau),0.5,ewc,adjusted,52000,0,0.0,too_many_covariates,0,,,,,,,,,
tep,80,4 h,20.0,60,ceil(3 tau),0.5,naive,raw,52000,52000,1.0,,100,0.8346,0.0021,0.8346,0.654,0.0038,0.4984,0.0,-0.0133,
tep,80,4 h,20.0,60,ceil(3 tau),0.5,naive,adjusted,52000,0,0.0,too_many_covariates,0,,,,,,,,,
tep,80,4 h,20.0,60,ceil(3 tau),0.5,prepost_hac,raw,5200,5200,1.0,,100,0.8629,0.0041,0.8629,0.9348,0.007,0.4845,0.0,-0.0015,
tep,80,4 h,20.0,60,ceil(3 tau),0.5,prepost_hac,adjusted,5200,0,0.0,too_many_covariates,0,,,,,,,,,
tep,80,4 h,20.0,60,ceil(3 tau),0.5,prepost_ewc,raw,5200,5200,1.0,,100,0.82,0.0048,0.82,0.9573,0.0054,0.5985,0.0,-0.0015,
tep,80,4 h,20.0,60,ceil(3 tau),0.5,prepost_ewc,adjusted,5200,0,0.0,too_many_covariates,0,,,,,,,,,
turbine,144,1 d,0.0,0,ceil(3 tau),0.0,randomization,raw,500,500,1.0,,2,0.052,0.0099,0.052,0.948,0.0099,0.2865,0.0,0.0003,
turbine,144,1 d,0.0,0,ceil(3 tau),0.0,randomization,adjusted,500,500,1.0,,2,0.052,0.0099,0.052,0.948,0.0099,0.0473,0.0,0.0001,0.1672
turbine,144,1 d,0.0,0,ceil(3 tau),0.0,block_t,raw,500,500,1.0,,2,0.046,0.0094,0.046,0.954,0.0094,0.2803,0.0,0.0009,
turbine,144,1 d,0.0,0,ceil(3 tau),0.0,block_t,adjusted,500,500,1.0,,2,0.058,0.0105,0.058,0.942,0.0105,0.047,0.0,0.0002,0.1629
turbine,144,1 d,0.0,0,ceil(3 tau),0.0,hac,raw,500,500,1.0,,2,0.064,0.011,0.064,0.936,0.011,0.2625,0.0,0.0003,
turbine,144,1 d,0.0,0,ceil(3 tau),0.0,hac,adjusted,500,500,1.0,,2,0.1,0.0134,0.1,0.9,0.0134,0.0406,0.0,0.0001,0.1511
turbine,144,1 d,0.0,0,ceil(3 tau),0.0,ewc,raw,500,500,1.0,,2,0.112,0.0141,0.112,0.888,0.0141,0.2383,0.0,0.0003,
turbine,144,1 d,0.0,0,ceil(3 tau),0.0,ewc,adjusted,500,500,1.0,,2,0.1,0.0134,0.1,0.9,0.0134,0.0415,0.0,0.0001,0.1733
turbine,144,1 d,0.0,0,ceil(3 tau),0.0,naive,raw,500,500,1.0,,2,0.81,0.0176,0.81,0.19,0.0176,0.0354,0.0,0.0003,
turbine,144,1 d,0.0,0,ceil(3 tau),0.0,naive,adjusted,500,500,1.0,,2,0.712,0.0203,0.712,0.288,0.0203,0.0092,0.0,0.0001,0.2567
turbine,144,1 d,0.0,0,ceil(3 tau),0.0,prepost_hac,raw,2,2,1.0,,2,1.0,0.0,1.0,0.0,0.0,0.3264,0.0,0.2807,
turbine,144,1 d,0.0,0,ceil(3 tau),0.0,prepost_hac,adjusted,2,1,0.5,covariate_outside,1,1.0,,1.0,0.0,,0.0321,0.0,-0.0204,0.1157
turbine,144,1 d,0.0,0,ceil(3 tau),0.0,prepost_ewc,raw,2,2,1.0,,2,1.0,0.0,1.0,0.0,0.0,0.237,0.0,0.2807,
turbine,144,1 d,0.0,0,ceil(3 tau),0.0,prepost_ewc,adjusted,2,1,0.5,covariate_outside,1,1.0,,1.0,0.0,,0.0336,0.0,-0.0204,0.1584
turbine,144,1 d,0.0,0,ceil(3 tau),0.1,randomization,raw,500,500,1.0,,2,0.308,0.0207,0.308,0.948,0.0099,0.2865,0.0,0.0003,
turbine,144,1 d,0.0,0,ceil(3 tau),0.1,randomization,adjusted,500,500,1.0,,2,1.0,0.0,1.0,0.948,0.0099,0.0473,0.0,0.0001,0.1672
turbine,144,1 d,0.0,0,ceil(3 tau),0.1,block_t,raw,500,500,1.0,,2,0.292,0.0204,0.292,0.954,0.0094,0.2803,0.0,0.0009,
turbine,144,1 d,0.0,0,ceil(3 tau),0.1,block_t,adjusted,500,500,1.0,,2,1.0,0.0,1.0,0.942,0.0105,0.047,0.0,0.0002,0.1629
turbine,144,1 d,0.0,0,ceil(3 tau),0.1,hac,raw,500,500,1.0,,2,0.356,0.0214,0.356,0.936,0.011,0.2625,0.0,0.0003,
turbine,144,1 d,0.0,0,ceil(3 tau),0.1,hac,adjusted,500,500,1.0,,2,1.0,0.0,1.0,0.9,0.0134,0.0406,0.0,0.0001,0.1511
turbine,144,1 d,0.0,0,ceil(3 tau),0.1,ewc,raw,500,500,1.0,,2,0.416,0.0221,0.416,0.888,0.0141,0.2383,0.0,0.0003,
turbine,144,1 d,0.0,0,ceil(3 tau),0.1,ewc,adjusted,500,500,1.0,,2,1.0,0.0,1.0,0.9,0.0134,0.0415,0.0,0.0001,0.1733
turbine,144,1 d,0.0,0,ceil(3 tau),0.1,naive,raw,500,500,1.0,,2,0.928,0.0116,0.928,0.19,0.0176,0.0354,0.0,0.0003,
turbine,144,1 d,0.0,0,ceil(3 tau),0.1,naive,adjusted,500,500,1.0,,2,1.0,0.0,1.0,0.288,0.0203,0.0092,0.0,0.0001,0.2567
turbine,144,1 d,0.0,0,ceil(3 tau),0.1,prepost_hac,raw,2,2,1.0,,2,1.0,0.0,1.0,0.0,0.0,0.3264,0.0,0.2807,
turbine,144,1 d,0.0,0,ceil(3 tau),0.1,prepost_hac,adjusted,2,1,0.5,covariate_outside,1,1.0,,1.0,0.0,,0.0321,0.0,-0.0204,0.1157
turbine,144,1 d,0.0,0,ceil(3 tau),0.1,prepost_ewc,raw,2,2,1.0,,2,1.0,0.0,1.0,0.0,0.0,0.237,0.0,0.2807,
turbine,144,1 d,0.0,0,ceil(3 tau),0.1,prepost_ewc,adjusted,2,1,0.5,covariate_outside,1,1.0,,1.0,0.0,,0.0336,0.0,-0.0204,0.1584
turbine,144,1 d,0.0,0,ceil(3 tau),0.25,randomization,raw,500,500,1.0,,2,0.92,0.0121,0.92,0.948,0.0099,0.2865,0.0,0.0003,
turbine,144,1 d,0.0,0,ceil(3 tau),0.25,randomization,adjusted,500,500,1.0,,2,1.0,0.0,1.0,0.948,0.0099,0.0473,0.0,0.0001,0.1672
turbine,144,1 d,0.0,0,ceil(3 tau),0.25,block_t,raw,500,500,1.0,,2,0.92,0.0121,0.92,0.954,0.0094,0.2803,0.0,0.0009,
turbine,144,1 d,0.0,0,ceil(3 tau),0.25,block_t,adjusted,500,500,1.0,,2,1.0,0.0,1.0,0.942,0.0105,0.047,0.0,0.0002,0.1629
turbine,144,1 d,0.0,0,ceil(3 tau),0.25,hac,raw,500,500,1.0,,2,0.932,0.0113,0.932,0.936,0.011,0.2625,0.0,0.0003,
turbine,144,1 d,0.0,0,ceil(3 tau),0.25,hac,adjusted,500,500,1.0,,2,1.0,0.0,1.0,0.9,0.0134,0.0406,0.0,0.0001,0.1511
turbine,144,1 d,0.0,0,ceil(3 tau),0.25,ewc,raw,500,500,1.0,,2,0.958,0.009,0.958,0.888,0.0141,0.2383,0.0,0.0003,
turbine,144,1 d,0.0,0,ceil(3 tau),0.25,ewc,adjusted,500,500,1.0,,2,1.0,0.0,1.0,0.9,0.0134,0.0415,0.0,0.0001,0.1733
turbine,144,1 d,0.0,0,ceil(3 tau),0.25,naive,raw,500,500,1.0,,2,0.996,0.0028,0.996,0.19,0.0176,0.0354,0.0,0.0003,
turbine,144,1 d,0.0,0,ceil(3 tau),0.25,naive,adjusted,500,500,1.0,,2,1.0,0.0,1.0,0.288,0.0203,0.0092,0.0,0.0001,0.2567
turbine,144,1 d,0.0,0,ceil(3 tau),0.25,prepost_hac,raw,2,2,1.0,,2,1.0,0.0,1.0,0.0,0.0,0.3264,0.0,0.2807,
turbine,144,1 d,0.0,0,ceil(3 tau),0.25,prepost_hac,adjusted,2,1,0.5,covariate_outside,1,1.0,,1.0,0.0,,0.0321,0.0,-0.0204,0.1157
turbine,144,1 d,0.0,0,ceil(3 tau),0.25,prepost_ewc,raw,2,2,1.0,,2,1.0,0.0,1.0,0.0,0.0,0.237,0.0,0.2807,
turbine,144,1 d,0.0,0,ceil(3 tau),0.25,prepost_ewc,adjusted,2,1,0.5,covariate_outside,1,1.0,,1.0,0.0,,0.0336,0.0,-0.0204,0.1584
turbine,144,1 d,0.0,0,ceil(3 tau),0.5,randomization,raw,500,500,1.0,,2,1.0,0.0,1.0,0.948,0.0099,0.2865,0.0,0.0003,
turbine,144,1 d,0.0,0,ceil(3 tau),0.5,randomization,adjusted,500,500,1.0,,2,1.0,0.0,1.0,0.948,0.0099,0.0473,0.0,0.0001,0.1672
turbine,144,1 d,0.0,0,ceil(3 tau),0.5,block_t,raw,500,500,1.0,,2,1.0,0.0,1.0,0.954,0.0094,0.2803,0.0,0.0009,
turbine,144,1 d,0.0,0,ceil(3 tau),0.5,block_t,adjusted,500,500,1.0,,2,1.0,0.0,1.0,0.942,0.0105,0.047,0.0,0.0002,0.1629
turbine,144,1 d,0.0,0,ceil(3 tau),0.5,hac,raw,500,500,1.0,,2,1.0,0.0,1.0,0.936,0.011,0.2625,0.0,0.0003,
turbine,144,1 d,0.0,0,ceil(3 tau),0.5,hac,adjusted,500,500,1.0,,2,1.0,0.0,1.0,0.9,0.0134,0.0406,0.0,0.0001,0.1511
turbine,144,1 d,0.0,0,ceil(3 tau),0.5,ewc,raw,500,500,1.0,,2,1.0,0.0,1.0,0.888,0.0141,0.2383,0.0,0.0003,
turbine,144,1 d,0.0,0,ceil(3 tau),0.5,ewc,adjusted,500,500,1.0,,2,1.0,0.0,1.0,0.9,0.0134,0.0415,0.0,0.0001,0.1733
turbine,144,1 d,0.0,0,ceil(3 tau),0.5,naive,raw,500,500,1.0,,2,1.0,0.0,1.0,0.19,0.0176,0.0354,0.0,0.0003,
turbine,144,1 d,0.0,0,ceil(3 tau),0.5,naive,adjusted,500,500,1.0,,2,1.0,0.0,1.0,0.288,0.0203,0.0092,0.0,0.0001,0.2567
turbine,144,1 d,0.0,0,ceil(3 tau),0.5,prepost_hac,raw,2,2,1.0,,2,1.0,0.0,1.0,0.0,0.0,0.3264,0.0,0.2807,
turbine,144,1 d,0.0,0,ceil(3 tau),0.5,prepost_hac,adjusted,2,1,0.5,covariate_outside,1,1.0,,1.0,0.0,,0.0321,0.0,-0.0204,0.1157
turbine,144,1 d,0.0,0,ceil(3 tau),0.5,prepost_ewc,raw,2,2,1.0,,2,1.0,0.0,1.0,0.0,0.0,0.237,0.0,0.2807,
turbine,144,1 d,0.0,0,ceil(3 tau),0.5,prepost_ewc,adjusted,2,1,0.5,covariate_outside,1,1.0,,1.0,0.0,,0.0336,0.0,-0.0204,0.1584
turbine,144,1 d,14.4,0,0,0.0,randomization,raw,500,500,1.0,,2,0.052,0.0099,0.052,0.948,0.0099,0.2865,0.0,0.0003,
turbine,144,1 d,14.4,0,0,0.0,randomization,adjusted,500,500,1.0,,2,0.052,0.0099,0.052,0.948,0.0099,0.0473,0.0,0.0001,0.1672
turbine,144,1 d,14.4,0,0,0.0,block_t,raw,500,500,1.0,,2,0.046,0.0094,0.046,0.954,0.0094,0.2803,0.0,0.0009,
turbine,144,1 d,14.4,0,0,0.0,block_t,adjusted,500,500,1.0,,2,0.058,0.0105,0.058,0.942,0.0105,0.047,0.0,0.0002,0.1629
turbine,144,1 d,14.4,0,0,0.0,hac,raw,500,500,1.0,,2,0.064,0.011,0.064,0.936,0.011,0.2625,0.0,0.0003,
turbine,144,1 d,14.4,0,0,0.0,hac,adjusted,500,500,1.0,,2,0.1,0.0134,0.1,0.9,0.0134,0.0406,0.0,0.0001,0.1511
turbine,144,1 d,14.4,0,0,0.0,ewc,raw,500,500,1.0,,2,0.112,0.0141,0.112,0.888,0.0141,0.2383,0.0,0.0003,
turbine,144,1 d,14.4,0,0,0.0,ewc,adjusted,500,500,1.0,,2,0.1,0.0134,0.1,0.9,0.0134,0.0415,0.0,0.0001,0.1733
turbine,144,1 d,14.4,0,0,0.0,naive,raw,500,500,1.0,,2,0.81,0.0176,0.81,0.19,0.0176,0.0354,0.0,0.0003,
turbine,144,1 d,14.4,0,0,0.0,naive,adjusted,500,500,1.0,,2,0.712,0.0203,0.712,0.288,0.0203,0.0092,0.0,0.0001,0.2567
turbine,144,1 d,14.4,0,0,0.0,prepost_hac,raw,2,2,1.0,,2,1.0,0.0,1.0,0.0,0.0,0.3264,0.0,0.2807,
turbine,144,1 d,14.4,0,0,0.0,prepost_hac,adjusted,2,1,0.5,covariate_outside,1,1.0,,1.0,0.0,,0.0321,0.0,-0.0204,0.1157
turbine,144,1 d,14.4,0,0,0.0,prepost_ewc,raw,2,2,1.0,,2,1.0,0.0,1.0,0.0,0.0,0.237,0.0,0.2807,
turbine,144,1 d,14.4,0,0,0.0,prepost_ewc,adjusted,2,1,0.5,covariate_outside,1,1.0,,1.0,0.0,,0.0336,0.0,-0.0204,0.1584
turbine,144,1 d,14.4,0,0,0.1,randomization,raw,500,500,1.0,,2,0.256,0.0195,0.256,0.948,0.0099,0.286,0.0,-0.0091,
turbine,144,1 d,14.4,0,0,0.1,randomization,adjusted,500,500,1.0,,2,1.0,0.0,1.0,0.944,0.0103,0.0473,0.0,-0.0096,0.1654
turbine,144,1 d,14.4,0,0,0.1,block_t,raw,500,500,1.0,,2,0.246,0.0193,0.246,0.954,0.0094,0.2801,0.0,-0.009,
turbine,144,1 d,14.4,0,0,0.1,block_t,adjusted,500,500,1.0,,2,1.0,0.0,1.0,0.946,0.0101,0.0471,0.0,-0.0099,0.1637
turbine,144,1 d,14.4,0,0,0.1,hac,raw,500,500,1.0,,2,0.304,0.0206,0.304,0.936,0.011,0.2624,0.0,-0.0091,
turbine,144,1 d,14.4,0,0,0.1,hac,adjusted,500,500,1.0,,2,1.0,0.0,1.0,0.9,0.0134,0.0407,0.0,-0.0096,0.1511
turbine,144,1 d,14.4,0,0,0.1,ewc,raw,500,500,1.0,,2,0.37,0.0216,0.37,0.888,0.0141,0.2382,0.0,-0.0091,
turbine,144,1 d,14.4,0,0,0.1,ewc,adjusted,500,500,1.0,,2,1.0,0.0,1.0,0.902,0.0133,0.0417,0.0,-0.0096,0.1735
turbine,144,1 d,14.4,0,0,0.1,naive,raw,500,500,1.0,,2,0.914,0.0126,0.914,0.19,0.0176,0.0354,0.0,-0.0091,
turbine,144,1 d,14.4,0,0,0.1,naive,adjusted,500,500,1.0,,2,1.0,0.0,1.0,0.292,0.0204,0.0092,0.0,-0.0096,0.257
turbine,144,1 d,14.4,0,0,0.1,prepost_hac,raw,2,2,1.0,,2,1.0,0.0,1.0,0.0,0.0,0.3264,0.0,0.2806,
turbine,144,1 d,14.4,0,0,0.1,prepost_hac,adjusted,2,1,0.5,covariate_outside,1,1.0,,1.0,0.0,,0.0321,0.0,-0.0205,0.1157
turbine,144,1 d,14.4,0,0,0.1,prepost_ewc,raw,2,2,1.0,,2,1.0,0.0,1.0,0.0,0.0,0.2369,0.0,0.2806,
turbine,144,1 d,14.4,0,0,0.1,prepost_ewc,adjusted,2,1,0.5,covariate_outside,1,1.0,,1.0,0.0,,0.0336,0.0,-0.0205,0.1583
turbine,144,1 d,14.4,0,0,0.25,randomization,raw,500,500,1.0,,2,0.866,0.0152,0.866,0.95,0.0098,0.2848,0.0,-0.0236,
turbine,144,1 d,14.4,0,0,0.25,randomization,adjusted,500,500,1.0,,2,1.0,0.0,1.0,0.95,0.0098,0.0481,0.0,-0.0239,0.1662
turbine,144,1 d,14.4,0,0,0.25,block_t,raw,500,500,1.0,,2,0.86,0.0155,0.86,0.952,0.0096,0.2799,0.0,-0.0237,
turbine,144,1 d,14.4,0,0,0.25,block_t,adjusted,500,500,1.0,,2,1.0,0.0,1.0,0.95,0.0098,0.0476,0.0,-0.0254,0.1667
turbine,144,1 d,14.4,0,0,0.25,hac,raw,500,500,1.0,,2,0.888,0.0141,0.888,0.936,0.011,0.2623,0.0,-0.0236,
turbine,144,1 d,14.4,0,0,0.25,hac,adjusted,500,500,1.0,,2,1.0,0.0,1.0,0.904,0.0132,0.0412,0.0,-0.0239,0.1531
turbine,144,1 d,14.4,0,0,0.25,ewc,raw,500,500,1.0,,2,0.924,0.0119,0.924,0.888,0.0141,0.2381,0.0,-0.0236,
turbine,144,1 d,14.4,0,0,0.25,ewc,adjusted,500,500,1.0,,2,1.0,0.0,1.0,0.912,0.0127,0.0422,0.0,-0.0239,0.1747
turbine,144,1 d,14.4,0,0,0.25,naive,raw,500,500,1.0,,2,0.998,0.002,0.998,0.19,0.0176,0.0354,0.0,-0.0236,
turbine,144,1 d,14.4,0,0,0.25,naive,adjusted,500,500,1.0,,2,1.0,0.0,1.0,0.3,0.0205,0.0093,0.0,-0.0239,0.2597
turbine,144,1 d,14.4,0,0,0.25,prepost_hac,raw,2,2,1.0,,2,1.0,0.0,1.0,0.0,0.0,0.3263,0.0,0.2805,
turbine,144,1 d,14.4,0,0,0.25,prepost_hac,adjusted,2,1,0.5,covariate_outside,1,1.0,,1.0,0.0,,0.0322,0.0,-0.0206,0.1158
turbine,144,1 d,14.4,0,0,0.25,prepost_ewc,raw,2,2,1.0,,2,1.0,0.0,1.0,0.0,0.0,0.2369,0.0,0.2805,
turbine,144,1 d,14.4,0,0,0.25,prepost_ewc,adjusted,2,1,0.5,covariate_outside,1,1.0,,1.0,0.0,,0.0336,0.0,-0.0206,0.1584
turbine,144,1 d,14.4,0,0,0.5,randomization,raw,500,500,1.0,,2,1.0,0.0,1.0,0.948,0.0099,0.2851,0.0,-0.0476,
turbine,144,1 d,14.4,0,0,0.5,randomization,adjusted,500,500,1.0,,2,1.0,0.0,1.0,0.954,0.0094,0.0495,0.0,-0.048,0.1714
turbine,144,1 d,14.4,0,0,0.5,block_t,raw,500,500,1.0,,2,1.0,0.0,1.0,0.954,0.0094,0.2801,0.0,-0.0492,
turbine,144,1 d,14.4,0,0,0.5,block_t,adjusted,500,500,1.0,,2,1.0,0.0,1.0,0.952,0.0096,0.0497,0.0,-0.0503,0.1749
turbine,144,1 d,14.4,0,0,0.5,hac,raw,500,500,1.0,,2,1.0,0.0,1.0,0.936,0.011,0.2623,0.0,-0.0476,
turbine,144,1 d,14.4,0,0,0.5,hac,adjusted,500,500,1.0,,2,1.0,0.0,1.0,0.924,0.0119,0.0429,0.0,-0.048,0.1585
turbine,144,1 d,14.4,0,0,0.5,ewc,raw,500,500,1.0,,2,1.0,0.0,1.0,0.89,0.014,0.2381,0.0,-0.0476,
turbine,144,1 d,14.4,0,0,0.5,ewc,adjusted,500,500,1.0,,2,1.0,0.0,1.0,0.928,0.0116,0.0434,0.0,-0.048,0.1804
turbine,144,1 d,14.4,0,0,0.5,naive,raw,500,500,1.0,,2,1.0,0.0,1.0,0.19,0.0176,0.0355,0.0,-0.0476,
turbine,144,1 d,14.4,0,0,0.5,naive,adjusted,500,500,1.0,,2,1.0,0.0,1.0,0.316,0.0208,0.0097,0.0,-0.048,0.2699
turbine,144,1 d,14.4,0,0,0.5,prepost_hac,raw,2,2,1.0,,2,1.0,0.0,1.0,0.0,0.0,0.3263,0.0,0.2802,
turbine,144,1 d,14.4,0,0,0.5,prepost_hac,adjusted,2,1,0.5,covariate_outside,1,1.0,,1.0,0.0,,0.0322,0.0,-0.0207,0.1159
turbine,144,1 d,14.4,0,0,0.5,prepost_ewc,raw,2,2,1.0,,2,1.0,0.0,1.0,0.0,0.0,0.2368,0.0,0.2802,
turbine,144,1 d,14.4,0,0,0.5,prepost_ewc,adjusted,2,1,0.5,covariate_outside,1,1.0,,1.0,0.0,,0.0336,0.0,-0.0207,0.1585
turbine,144,1 d,14.4,44,ceil(3 tau),0.0,randomization,raw,500,500,1.0,,2,0.052,0.0099,0.052,0.948,0.0099,0.3098,0.0,0.0043,
turbine,144,1 d,14.4,44,ceil(3 tau),0.0,randomization,adjusted,500,500,1.0,,2,0.06,0.0106,0.06,0.94,0.0106,0.051,0.0,0.0003,0.1605
turbine,144,1 d,14.4,44,ceil(3 tau),0.0,block_t,raw,500,500,1.0,,2,0.036,0.0083,0.036,0.964,0.0083,0.3037,0.0,0.0021,
turbine,144,1 d,14.4,44,ceil(3 tau),0.0,block_t,adjusted,500,500,1.0,,2,0.064,0.011,0.064,0.936,0.011,0.0489,0.0,0.0005,0.1564
turbine,144,1 d,14.4,44,ceil(3 tau),0.0,hac,raw,500,500,1.0,,2,0.072,0.0116,0.072,0.928,0.0116,0.2884,0.0,0.0043,
turbine,144,1 d,14.4,44,ceil(3 tau),0.0,hac,adjusted,500,500,1.0,,2,0.084,0.0124,0.084,0.916,0.0124,0.0433,0.0,0.0003,0.1456
turbine,144,1 d,14.4,44,ceil(3 tau),0.0,ewc,raw,500,500,1.0,,2,0.104,0.0137,0.104,0.896,0.0137,0.2708,0.0,0.0043,
turbine,144,1 d,14.4,44,ceil(3 tau),0.0,ewc,adjusted,500,500,1.0,,2,0.076,0.0119,0.076,0.924,0.0119,0.0459,0.0,0.0003,0.1661
turbine,144,1 d,14.4,44,ceil(3 tau),0.0,naive,raw,500,500,1.0,,2,0.814,0.0174,0.814,0.186,0.0174,0.043,0.0,0.0043,
turbine,144,1 d,14.4,44,ceil(3 tau),0.0,naive,adjusted,500,500,1.0,,2,0.658,0.0212,0.658,0.342,0.0212,0.0106,0.0,0.0003,0.2447
turbine,144,1 d,14.4,44,ceil(3 tau),0.0,prepost_hac,raw,2,2,1.0,,2,1.0,0.0,1.0,0.0,0.0,0.3255,0.0,0.2783,
turbine,144,1 d,14.4,44,ceil(3 tau),0.0,prepost_hac,adjusted,2,1,0.5,covariate_outside,1,1.0,,1.0,0.0,,0.0322,0.0,-0.0203,0.1168
turbine,144,1 d,14.4,44,ceil(3 tau),0.0,prepost_ewc,raw,2,2,1.0,,2,1.0,0.0,1.0,0.0,0.0,0.2371,0.0,0.2783,
turbine,144,1 d,14.4,44,ceil(3 tau),0.0,prepost_ewc,adjusted,2,1,0.5,covariate_outside,1,1.0,,1.0,0.0,,0.0338,0.0,-0.0203,0.1594
turbine,144,1 d,14.4,44,ceil(3 tau),0.1,randomization,raw,500,500,1.0,,2,0.27,0.0199,0.27,0.948,0.0099,0.3099,0.0,0.0037,
turbine,144,1 d,14.4,44,ceil(3 tau),0.1,randomization,adjusted,500,500,1.0,,2,1.0,0.0,1.0,0.94,0.0106,0.0509,0.0,-0.0003,0.1605
turbine,144,1 d,14.4,44,ceil(3 tau),0.1,block_t,raw,500,500,1.0,,2,0.26,0.0196,0.26,0.964,0.0083,0.3037,0.0,0.0016,
turbine,144,1 d,14.4,44,ceil(3 tau),0.1,block_t,adjusted,500,500,1.0,,2,1.0,0.0,1.0,0.936,0.011,0.0489,0.0,-0.0001,0.1564
turbine,144,1 d,14.4,44,ceil(3 tau),0.1,hac,raw,500,500,1.0,,2,0.306,0.0206,0.306,0.928,0.0116,0.2884,0.0,0.0037,
turbine,144,1 d,14.4,44,ceil(3 tau),0.1,hac,adjusted,500,500,1.0,,2,1.0,0.0,1.0,0.916,0.0124,0.0433,0.0,-0.0003,0.1457
turbine,144,1 d,14.4,44,ceil(3 tau),0.1,ewc,raw,500,500,1.0,,2,0.35,0.0214,0.35,0.896,0.0137,0.2708,0.0,0.0037,
turbine,144,1 d,14.4,44,ceil(3 tau),0.1,ewc,adjusted,500,500,1.0,,2,1.0,0.0,1.0,0.924,0.0119,0.0459,0.0,-0.0003,0.1661
turbine,144,1 d,14.4,44,ceil(3 tau),0.1,naive,raw,500,500,1.0,,2,0.912,0.0127,0.912,0.186,0.0174,0.043,0.0,0.0037,
turbine,144,1 d,14.4,44,ceil(3 tau),0.1,naive,adjusted,500,500,1.0,,2,1.0,0.0,1.0,0.342,0.0212,0.0106,0.0,-0.0003,0.2447
turbine,144,1 d,14.4,44,ceil(3 tau),0.1,prepost_hac,raw,2,2,1.0,,2,1.0,0.0,1.0,0.0,0.0,0.3255,0.0,0.2783,
turbine,144,1 d,14.4,44,ceil(3 tau),0.1,prepost_hac,adjusted,2,1,0.5,covariate_outside,1,1.0,,1.0,0.0,,0.0322,0.0,-0.0203,0.1168
turbine,144,1 d,14.4,44,ceil(3 tau),0.1,prepost_ewc,raw,2,2,1.0,,2,1.0,0.0,1.0,0.0,0.0,0.2371,0.0,0.2783,
turbine,144,1 d,14.4,44,ceil(3 tau),0.1,prepost_ewc,adjusted,2,1,0.5,covariate_outside,1,1.0,,1.0,0.0,,0.0338,0.0,-0.0203,0.1594
turbine,144,1 d,14.4,44,ceil(3 tau),0.25,randomization,raw,500,500,1.0,,2,0.876,0.0148,0.876,0.948,0.0099,0.31,0.0,0.0028,
turbine,144,1 d,14.4,44,ceil(3 tau),0.25,randomization,adjusted,500,500,1.0,,2,1.0,0.0,1.0,0.94,0.0106,0.0509,0.0,-0.0012,0.1602
turbine,144,1 d,14.4,44,ceil(3 tau),0.25,block_t,raw,500,500,1.0,,2,0.868,0.0152,0.868,0.964,0.0083,0.3037,0.0,0.0007,
turbine,144,1 d,14.4,44,ceil(3 tau),0.25,block_t,adjusted,500,500,1.0,,2,1.0,0.0,1.0,0.936,0.011,0.0489,0.0,-0.001,0.1564
turbine,144,1 d,14.4,44,ceil(3 tau),0.25,hac,raw,500,500,1.0,,2,0.892,0.0139,0.892,0.928,0.0116,0.2884,0.0,0.0028,
turbine,144,1 d,14.4,44,ceil(3 tau),0.25,hac,adjusted,500,500,1.0,,2,1.0,0.0,1.0,0.916,0.0124,0.0433,0.0,-0.0012,0.1457
turbine,144,1 d,14.4,44,ceil(3 tau),0.25,ewc,raw,500,500,1.0,,2,0.908,0.0129,0.908,0.896,0.0137,0.2708,0.0,0.0028,
turbine,144,1 d,14.4,44,ceil(3 tau),0.25,ewc,adjusted,500,500,1.0,,2,1.0,0.0,1.0,0.924,0.0119,0.0459,0.0,-0.0012,0.166
turbine,144,1 d,14.4,44,ceil(3 tau),0.25,naive,raw,500,500,1.0,,2,1.0,0.0,1.0,0.186,0.0174,0.043,0.0,0.0028,
turbine,144,1 d,14.4,44,ceil(3 tau),0.25,naive,adjusted,500,500,1.0,,2,1.0,0.0,1.0,0.342,0.0212,0.0106,0.0,-0.0012,0.2447
turbine,144,1 d,14.4,44,ceil(3 tau),0.25,prepost_hac,raw,2,2,1.0,,2,1.0,0.0,1.0,0.0,0.0,0.3255,0.0,0.2783,
turbine,144,1 d,14.4,44,ceil(3 tau),0.25,prepost_hac,adjusted,2,1,0.5,covariate_outside,1,1.0,,1.0,0.0,,0.0322,0.0,-0.0203,0.1168
turbine,144,1 d,14.4,44,ceil(3 tau),0.25,prepost_ewc,raw,2,2,1.0,,2,1.0,0.0,1.0,0.0,0.0,0.2371,0.0,0.2783,
turbine,144,1 d,14.4,44,ceil(3 tau),0.25,prepost_ewc,adjusted,2,1,0.5,covariate_outside,1,1.0,,1.0,0.0,,0.0338,0.0,-0.0203,0.1595
turbine,144,1 d,14.4,44,ceil(3 tau),0.5,randomization,raw,500,500,1.0,,2,1.0,0.0,1.0,0.948,0.0099,0.3099,0.0,0.0013,
turbine,144,1 d,14.4,44,ceil(3 tau),0.5,randomization,adjusted,500,500,1.0,,2,1.0,0.0,1.0,0.94,0.0106,0.0509,0.0,-0.0027,0.1603
turbine,144,1 d,14.4,44,ceil(3 tau),0.5,block_t,raw,500,500,1.0,,2,1.0,0.0,1.0,0.964,0.0083,0.3037,0.0,-0.0006,
turbine,144,1 d,14.4,44,ceil(3 tau),0.5,block_t,adjusted,500,500,1.0,,2,1.0,0.0,1.0,0.936,0.011,0.0489,0.0,-0.0024,0.1565
turbine,144,1 d,14.4,44,ceil(3 tau),0.5,hac,raw,500,500,1.0,,2,1.0,0.0,1.0,0.928,0.0116,0.2883,0.0,0.0013,
turbine,144,1 d,14.4,44,ceil(3 tau),0.5,hac,adjusted,500,500,1.0,,2,1.0,0.0,1.0,0.916,0.0124,0.0433,0.0,-0.0027,0.1458
turbine,144,1 d,14.4,44,ceil(3 tau),0.5,ewc,raw,500,500,1.0,,2,1.0,0.0,1.0,0.896,0.0137,0.2708,0.0,0.0013,
turbine,144,1 d,14.4,44,ceil(3 tau),0.5,ewc,adjusted,500,500,1.0,,2,1.0,0.0,1.0,0.924,0.0119,0.0459,0.0,-0.0027,0.166
turbine,144,1 d,14.4,44,ceil(3 tau),0.5,naive,raw,500,500,1.0,,2,1.0,0.0,1.0,0.186,0.0174,0.043,0.0,0.0013,
turbine,144,1 d,14.4,44,ceil(3 tau),0.5,naive,adjusted,500,500,1.0,,2,1.0,0.0,1.0,0.342,0.0212,0.0106,0.0,-0.0027,0.2447
turbine,144,1 d,14.4,44,ceil(3 tau),0.5,prepost_hac,raw,2,2,1.0,,2,1.0,0.0,1.0,0.0,0.0,0.3255,0.0,0.2783,
turbine,144,1 d,14.4,44,ceil(3 tau),0.5,prepost_hac,adjusted,2,1,0.5,covariate_outside,1,1.0,,1.0,0.0,,0.0322,0.0,-0.0203,0.1168
turbine,144,1 d,14.4,44,ceil(3 tau),0.5,prepost_ewc,raw,2,2,1.0,,2,1.0,0.0,1.0,0.0,0.0,0.2371,0.0,0.2783,
turbine,144,1 d,14.4,44,ceil(3 tau),0.5,prepost_ewc,adjusted,2,1,0.5,covariate_outside,1,1.0,,1.0,0.0,,0.0338,0.0,-0.0203,0.1595
turbine,144,1 d,36.0,0,0,0.0,randomization,raw,500,500,1.0,,2,0.052,0.0099,0.052,0.948,0.0099,0.2865,0.0,0.0003,
turbine,144,1 d,36.0,0,0,0.0,randomization,adjusted,500,500,1.0,,2,0.052,0.0099,0.052,0.948,0.0099,0.0473,0.0,0.0001,0.1672
turbine,144,1 d,36.0,0,0,0.0,block_t,raw,500,500,1.0,,2,0.046,0.0094,0.046,0.954,0.0094,0.2803,0.0,0.0009,
turbine,144,1 d,36.0,0,0,0.0,block_t,adjusted,500,500,1.0,,2,0.058,0.0105,0.058,0.942,0.0105,0.047,0.0,0.0002,0.1629
turbine,144,1 d,36.0,0,0,0.0,hac,raw,500,500,1.0,,2,0.064,0.011,0.064,0.936,0.011,0.2625,0.0,0.0003,
turbine,144,1 d,36.0,0,0,0.0,hac,adjusted,500,500,1.0,,2,0.1,0.0134,0.1,0.9,0.0134,0.0406,0.0,0.0001,0.1511
turbine,144,1 d,36.0,0,0,0.0,ewc,raw,500,500,1.0,,2,0.112,0.0141,0.112,0.888,0.0141,0.2383,0.0,0.0003,
turbine,144,1 d,36.0,0,0,0.0,ewc,adjusted,500,500,1.0,,2,0.1,0.0134,0.1,0.9,0.0134,0.0415,0.0,0.0001,0.1733
turbine,144,1 d,36.0,0,0,0.0,naive,raw,500,500,1.0,,2,0.81,0.0176,0.81,0.19,0.0176,0.0354,0.0,0.0003,
turbine,144,1 d,36.0,0,0,0.0,naive,adjusted,500,500,1.0,,2,0.712,0.0203,0.712,0.288,0.0203,0.0092,0.0,0.0001,0.2567
turbine,144,1 d,36.0,0,0,0.0,prepost_hac,raw,2,2,1.0,,2,1.0,0.0,1.0,0.0,0.0,0.3264,0.0,0.2807,
turbine,144,1 d,36.0,0,0,0.0,prepost_hac,adjusted,2,1,0.5,covariate_outside,1,1.0,,1.0,0.0,,0.0321,0.0,-0.0204,0.1157
turbine,144,1 d,36.0,0,0,0.0,prepost_ewc,raw,2,2,1.0,,2,1.0,0.0,1.0,0.0,0.0,0.237,0.0,0.2807,
turbine,144,1 d,36.0,0,0,0.0,prepost_ewc,adjusted,2,1,0.5,covariate_outside,1,1.0,,1.0,0.0,,0.0336,0.0,-0.0204,0.1584
turbine,144,1 d,36.0,0,0,0.1,randomization,raw,500,500,1.0,,2,0.208,0.0182,0.208,0.95,0.0098,0.2854,0.0,-0.0239,
turbine,144,1 d,36.0,0,0,0.1,randomization,adjusted,500,500,1.0,,2,0.996,0.0028,0.996,0.95,0.0098,0.0478,0.0,-0.0237,0.1667
turbine,144,1 d,36.0,0,0,0.1,block_t,raw,500,500,1.0,,2,0.196,0.0178,0.196,0.952,0.0096,0.2799,0.0,-0.0223,
turbine,144,1 d,36.0,0,0,0.1,block_t,adjusted,500,500,1.0,,2,0.998,0.002,0.998,0.948,0.0099,0.0472,0.0,-0.0239,0.1647
turbine,144,1 d,36.0,0,0,0.1,hac,raw,500,500,1.0,,2,0.24,0.0191,0.24,0.936,0.011,0.2623,0.0,-0.0239,
turbine,144,1 d,36.0,0,0,0.1,hac,adjusted,500,500,1.0,,2,1.0,0.0,1.0,0.902,0.0133,0.0409,0.0,-0.0237,0.152
turbine,144,1 d,36.0,0,0,0.1,ewc,raw,500,500,1.0,,2,0.3,0.0205,0.3,0.888,0.0141,0.2381,0.0,-0.0239,
turbine,144,1 d,36.0,0,0,0.1,ewc,adjusted,500,500,1.0,,2,1.0,0.0,1.0,0.91,0.0128,0.042,0.0,-0.0237,0.1739
turbine,144,1 d,36.0,0,0,0.1,naive,raw,500,500,1.0,,2,0.892,0.0139,0.892,0.19,0.0176,0.0353,0.0,-0.0239,
turbine,144,1 d,36.0,0,0,0.1,naive,adjusted,500,500,1.0,,2,1.0,0.0,1.0,0.292,0.0204,0.0092,0.0,-0.0237,0.2574
turbine,144,1 d,36.0,0,0,0.1,prepost_hac,raw,2,2,1.0,,2,1.0,0.0,1.0,0.0,0.0,0.3263,0.0,0.2805,
turbine,144,1 d,36.0,0,0,0.1,prepost_hac,adjusted,2,1,0.5,covariate_outside,1,1.0,,1.0,0.0,,0.0322,0.0,-0.0206,0.1158
turbine,144,1 d,36.0,0,0,0.1,prepost_ewc,raw,2,2,1.0,,2,1.0,0.0,1.0,0.0,0.0,0.2369,0.0,0.2805,
turbine,144,1 d,36.0,0,0,0.1,prepost_ewc,adjusted,2,1,0.5,covariate_outside,1,1.0,,1.0,0.0,,0.0336,0.0,-0.0206,0.1584
turbine,144,1 d,36.0,0,0,0.25,randomization,raw,500,500,1.0,,2,0.752,0.0193,0.752,0.948,0.0099,0.2848,0.0,-0.0589,
turbine,144,1 d,36.0,0,0,0.25,randomization,adjusted,500,500,1.0,,2,1.0,0.0,1.0,0.956,0.0092,0.0503,0.0,-0.0593,0.1727
turbine,144,1 d,36.0,0,0,0.25,block_t,raw,500,500,1.0,,2,0.746,0.0195,0.746,0.952,0.0096,0.2801,0.0,-0.0575,
turbine,144,1 d,36.0,0,0,0.25,block_t,adjusted,500,500,1.0,,2,1.0,0.0,1.0,0.956,0.0092,0.0493,0.0,-0.0598,0.1729
turbine,144,1 d,36.0,0,0,0.25,hac,raw,500,500,1.0,,2,0.774,0.0187,0.774,0.936,0.011,0.2624,0.0,-0.0589,
turbine,144,1 d,36.0,0,0,0.25,hac,adjusted,500,500,1.0,,2,1.0,0.0,1.0,0.924,0.0119,0.043,0.0,-0.0593,0.1584
turbine,144,1 d,36.0,0,0,0.25,ewc,raw,500,500,1.0,,2,0.834,0.0167,0.834,0.89,0.014,0.238,0.0,-0.0589,
turbine,144,1 d,36.0,0,0,0.25,ewc,adjusted,500,500,1.0,,2,1.0,0.0,1.0,0.928,0.0116,0.0433,0.0,-0.0593,0.1799
turbine,144,1 d,36.0,0,0,0.25,naive,raw,500,500,1.0,,2,0.992,0.004,0.992,0.19,0.0176,0.0354,0.0,-0.0589,
turbine,144,1 d,36.0,0,0,0.25,naive,adjusted,500,500,1.0,,2,1.0,0.0,1.0,0.308,0.0207,0.0094,0.0,-0.0593,0.2626
turbine,144,1 d,36.0,0,0,0.25,prepost_hac,raw,2,2,1.0,,2,1.0,0.0,1.0,0.0,0.0,0.3262,0.0,0.2801,
turbine,144,1 d,36.0,0,0,0.25,prepost_hac,adjusted,2,1,0.5,covariate_outside,1,1.0,,1.0,0.0,,0.0322,0.0,-0.0208,0.116
turbine,144,1 d,36.0,0,0,0.25,prepost_ewc,raw,2,2,1.0,,2,1.0,0.0,1.0,0.0,0.0,0.2368,0.0,0.2801,
turbine,144,1 d,36.0,0,0,0.25,prepost_ewc,adjusted,2,1,0.5,covariate_outside,1,1.0,,1.0,0.0,,0.0336,0.0,-0.0208,0.1586
turbine,144,1 d,36.0,0,0,0.5,randomization,raw,500,500,1.0,,2,0.994,0.0035,0.994,0.948,0.0099,0.2855,0.0,-0.1197,
turbine,144,1 d,36.0,0,0,0.5,randomization,adjusted,500,500,1.0,,2,1.0,0.0,1.0,0.976,0.0069,0.0571,0.0,-0.1187,0.1968
turbine,144,1 d,36.0,0,0,0.5,block_t,raw,500,500,1.0,,2,0.996,0.0028,0.996,0.954,0.0094,0.2812,0.0,-0.118,
turbine,144,1 d,36.0,0,0,0.5,block_t,adjusted,500,500,1.0,,2,1.0,0.0,1.0,0.976,0.0069,0.0564,0.0,-0.1201,0.199
turbine,144,1 d,36.0,0,0,0.5,hac,raw,500,500,1.0,,2,0.996,0.0028,0.996,0.936,0.011,0.2623,0.0,-0.1197,
turbine,144,1 d,36.0,0,0,0.5,hac,adjusted,500,500,1.0,,2,1.0,0.0,1.0,0.948,0.0099,0.0492,0.0,-0.1187,0.1807
turbine,144,1 d,36.0,0,0,0.5,ewc,raw,500,500,1.0,,2,0.998,0.002,0.998,0.894,0.0138,0.2384,0.0,-0.1197,
turbine,144,1 d,36.0,0,0,0.5,ewc,adjusted,500,500,1.0,,2,1.0,0.0,1.0,0.948,0.0099,0.049,0.0,-0.1187,0.203
turbine,144,1 d,36.0,0,0,0.5,naive,raw,500,500,1.0,,2,1.0,0.0,1.0,0.19,0.0176,0.0356,0.0,-0.1197,
turbine,144,1 d,36.0,0,0,0.5,naive,adjusted,500,500,1.0,,2,1.0,0.0,1.0,0.348,0.0213,0.0103,0.0,-0.1187,0.2845
turbine,144,1 d,36.0,0,0,0.5,prepost_hac,raw,2,2,1.0,,2,1.0,0.0,1.0,0.0,0.0,0.3261,0.0,0.2794,
turbine,144,1 d,36.0,0,0,0.5,prepost_hac,adjusted,2,1,0.5,covariate_outside,1,1.0,,1.0,0.0,,0.0323,0.0,-0.0213,0.1164
turbine,144,1 d,36.0,0,0,0.5,prepost_ewc,raw,2,2,1.0,,2,1.0,0.0,1.0,0.0,0.0,0.2367,0.0,0.2794,
turbine,144,1 d,36.0,0,0,0.5,prepost_ewc,adjusted,2,1,0.5,covariate_outside,1,1.0,,1.0,0.0,,0.0338,0.0,-0.0213,0.1593
turbine,144,1 d,36.0,108,ceil(3 tau),0.0,randomization,raw,500,500,1.0,,2,0.048,0.0096,0.048,0.952,0.0096,0.3661,0.0,0.0052,
turbine,144,1 d,36.0,108,ceil(3 tau),0.0,randomization,adjusted,500,500,1.0,,2,0.06,0.0106,0.06,0.94,0.0106,0.0694,0.0,0.0018,0.1906
turbine,144,1 d,36.0,108,ceil(3 tau),0.0,block_t,raw,500,500,1.0,,2,0.042,0.009,0.042,0.958,0.009,0.3618,0.0,0.0019,
turbine,144,1 d,36.0,108,ceil(3 tau),0.0,block_t,adjusted,500,500,1.0,,2,0.06,0.0106,0.06,0.94,0.0106,0.0598,0.0,0.0011,0.1697
turbine,144,1 d,36.0,108,ceil(3 tau),0.0,hac,raw,500,500,1.0,,2,0.078,0.012,0.078,0.922,0.012,0.3353,0.0,0.0052,
turbine,144,1 d,36.0,108,ceil(3 tau),0.0,hac,adjusted,500,500,1.0,,2,0.098,0.0133,0.098,0.902,0.0133,0.0603,0.0,0.0018,0.1803
turbine,144,1 d,36.0,108,ceil(3 tau),0.0,ewc,raw,500,500,1.0,,2,0.076,0.0119,0.076,0.924,0.0119,0.3357,0.0,0.0052,
turbine,144,1 d,36.0,108,ceil(3 tau),0.0,ewc,adjusted,500,500,1.0,,2,0.08,0.0121,0.08,0.92,0.0121,0.0629,0.0,0.0018,0.1918
turbine,144,1 d,36.0,108,ceil(3 tau),0.0,naive,raw,500,500,1.0,,2,0.71,0.0203,0.71,0.29,0.0203,0.071,0.0,0.0052,
turbine,144,1 d,36.0,108,ceil(3 tau),0.0,naive,adjusted,500,500,1.0,,2,0.61,0.0218,0.61,0.39,0.0218,0.018,0.0,0.0018,0.255
turbine,144,1 d,36.0,108,ceil(3 tau),0.0,prepost_hac,raw,2,2,1.0,,2,1.0,0.0,1.0,0.0,0.0,0.3254,0.0,0.2761,
turbine,144,1 d,36.0,108,ceil(3 tau),0.0,prepost_hac,adjusted,2,1,0.5,covariate_outside,1,1.0,,1.0,0.0,,0.0322,0.0,-0.0205,0.1171
turbine,144,1 d,36.0,108,ceil(3 tau),0.0,prepost_ewc,raw,2,2,1.0,,2,1.0,0.0,1.0,0.0,0.0,0.2372,0.0,0.2761,
turbine,144,1 d,36.0,108,ceil(3 tau),0.0,prepost_ewc,adjusted,2,1,0.5,covariate_outside,1,1.0,,1.0,0.0,,0.0336,0.0,-0.0205,0.1588
turbine,144,1 d,36.0,108,ceil(3 tau),0.1,randomization,raw,500,500,1.0,,2,0.204,0.018,0.204,0.952,0.0096,0.3662,0.0,0.0023,
turbine,144,1 d,36.0,108,ceil(3 tau),0.1,randomization,adjusted,500,500,1.0,,2,1.0,0.0,1.0,0.94,0.0106,0.0692,0.0,-0.001,0.1909
turbine,144,1 d,36.0,108,ceil(3 tau),0.1,block_t,raw,500,500,1.0,,2,0.206,0.0181,0.206,0.958,0.009,0.3618,0.0,-0.0011,
turbine,144,1 d,36.0,108,ceil(3 tau),0.1,block_t,adjusted,500,500,1.0,,2,1.0,0.0,1.0,0.94,0.0106,0.0598,0.0,-0.0016,0.1698
turbine,144,1 d,36.0,108,ceil(3 tau),0.1,hac,raw,500,500,1.0,,2,0.248,0.0193,0.248,0.922,0.012,0.3354,0.0,0.0023,
turbine,144,1 d,36.0,108,ceil(3 tau),0.1,hac,adjusted,500,500,1.0,,2,1.0,0.0,1.0,0.902,0.0133,0.0604,0.0,-0.001,0.1803
turbine,144,1 d,36.0,108,ceil(3 tau),0.1,ewc,raw,500,500,1.0,,2,0.244,0.0192,0.244,0.924,0.0119,0.3357,0.0,0.0023,
turbine,144,1 d,36.0,108,ceil(3 tau),0.1,ewc,adjusted,500,500,1.0,,2,1.0,0.0,1.0,0.92,0.0121,0.063,0.0,-0.001,0.1919
turbine,144,1 d,36.0,108,ceil(3 tau),0.1,naive,raw,500,500,1.0,,2,0.822,0.0171,0.822,0.29,0.0203,0.071,0.0,0.0023,
turbine,144,1 d,36.0,108,ceil(3 tau),0.1,naive,adjusted,500,500,1.0,,2,1.0,0.0,1.0,0.39,0.0218,0.018,0.0,-0.001,0.2552
turbine,144,1 d,36.0,108,ceil(3 tau),0.1,prepost_hac,raw,2,2,1.0,,2,1.0,0.0,1.0,0.0,0.0,0.3254,0.0,0.2761,
turbine,144,1 d,36.0,108,ceil(3 tau),0.1,prepost_hac,adjusted,2,1,0.5,covariate_outside,1,1.0,,1.0,0.0,,0.0322,0.0,-0.0206,0.1171
turbine,144,1 d,36.0,108,ceil(3 tau),0.1,prepost_ewc,raw,2,2,1.0,,2,1.0,0.0,1.0,0.0,0.0,0.2372,0.0,0.2761,
turbine,144,1 d,36.0,108,ceil(3 tau),0.1,prepost_ewc,adjusted,2,1,0.5,covariate_outside,1,1.0,,1.0,0.0,,0.0336,0.0,-0.0206,0.1588
turbine,144,1 d,36.0,108,ceil(3 tau),0.25,randomization,raw,500,500,1.0,,2,0.756,0.0192,0.756,0.952,0.0096,0.3662,0.0,-0.0019,
turbine,144,1 d,36.0,108,ceil(3 tau),0.25,randomization,adjusted,500,500,1.0,,2,1.0,0.0,1.0,0.942,0.0105,0.0689,0.0,-0.0053,0.1911
turbine,144,1 d,36.0,108,ceil(3 tau),0.25,block_t,raw,500,500,1.0,,2,0.75,0.0194,0.75,0.958,0.009,0.3617,0.0,-0.0056,
turbine,144,1 d,36.0,108,ceil(3 tau),0.25,block_t,adjusted,500,500,1.0,,2,1.0,0.0,1.0,0.94,0.0106,0.0599,0.0,-0.0056,0.1699
turbine,144,1 d,36.0,108,ceil(3 tau),0.25,hac,raw,500,500,1.0,,2,0.802,0.0178,0.802,0.922,0.012,0.3355,0.0,-0.0019,
turbine,144,1 d,36.0,108,ceil(3 tau),0.25,hac,adjusted,500,500,1.0,,2,1.0,0.0,1.0,0.902,0.0133,0.0604,0.0,-0.0053,0.1805
turbine,144,1 d,36.0,108,ceil(3 tau),0.25,ewc,raw,500,500,1.0,,2,0.794,0.0181,0.794,0.924,0.0119,0.3357,0.0,-0.0019,
turbine,144,1 d,36.0,108,ceil(3 tau),0.25,ewc,adjusted,500,500,1.0,,2,1.0,0.0,1.0,0.92,0.0121,0.063,0.0,-0.0053,0.192
turbine,144,1 d,36.0,108,ceil(3 tau),0.25,naive,raw,500,500,1.0,,2,0.978,0.0066,0.978,0.29,0.0203,0.071,0.0,-0.0019,
turbine,144,1 d,36.0,108,ceil(3 tau),0.25,naive,adjusted,500,500,1.0,,2,1.0,0.0,1.0,0.388,0.0218,0.018,0.0,-0.0053,0.2553
turbine,144,1 d,36.0,108,ceil(3 tau),0.25,prepost_hac,raw,2,2,1.0,,2,1.0,0.0,1.0,0.0,0.0,0.3254,0.0,0.2761,
turbine,144,1 d,36.0,108,ceil(3 tau),0.25,prepost_hac,adjusted,2,1,0.5,covariate_outside,1,1.0,,1.0,0.0,,0.0322,0.0,-0.0206,0.1171
turbine,144,1 d,36.0,108,ceil(3 tau),0.25,prepost_ewc,raw,2,2,1.0,,2,1.0,0.0,1.0,0.0,0.0,0.2372,0.0,0.2761,
turbine,144,1 d,36.0,108,ceil(3 tau),0.25,prepost_ewc,adjusted,2,1,0.5,covariate_outside,1,1.0,,1.0,0.0,,0.0336,0.0,-0.0206,0.1588
turbine,144,1 d,36.0,108,ceil(3 tau),0.5,randomization,raw,500,500,1.0,,2,0.998,0.002,0.998,0.952,0.0096,0.366,0.0,-0.009,
turbine,144,1 d,36.0,108,ceil(3 tau),0.5,randomization,adjusted,500,500,1.0,,2,1.0,0.0,1.0,0.942,0.0105,0.0687,0.0,-0.0125,0.1913
turbine,144,1 d,36.0,108,ceil(3 tau),0.5,block_t,raw,500,500,1.0,,2,0.996,0.0028,0.996,0.958,0.009,0.3617,0.0,-0.0127,
turbine,144,1 d,36.0,108,ceil(3 tau),0.5,block_t,adjusted,500,500,1.0,,2,1.0,0.0,1.0,0.936,0.011,0.0601,0.0,-0.0124,0.1702
turbine,144,1 d,36.0,108,ceil(3 tau),0.5,hac,raw,500,500,1.0,,2,0.998,0.002,0.998,0.922,0.012,0.3358,0.0,-0.009,
turbine,144,1 d,36.0,108,ceil(3 tau),0.5,hac,adjusted,500,500,1.0,,2,1.0,0.0,1.0,0.902,0.0133,0.0604,0.0,-0.0125,0.1808
turbine,144,1 d,36.0,108,ceil(3 tau),0.5,ewc,raw,500,500,1.0,,2,0.998,0.002,0.998,0.924,0.0119,0.3356,0.0,-0.009,
turbine,144,1 d,36.0,108,ceil(3 tau),0.5,ewc,adjusted,500,500,1.0,,2,1.0,0.0,1.0,0.922,0.012,0.0632,0.0,-0.0125,0.1923
turbine,144,1 d,36.0,108,ceil(3 tau),0.5,naive,raw,500,500,1.0,,2,1.0,0.0,1.0,0.29,0.0203,0.071,0.0,-0.009,
turbine,144,1 d,36.0,108,ceil(3 tau),0.5,naive,adjusted,500,500,1.0,,2,1.0,0.0,1.0,0.386,0.0218,0.018,0.0,-0.0125,0.2555
turbine,144,1 d,36.0,108,ceil(3 tau),0.5,prepost_hac,raw,2,2,1.0,,2,1.0,0.0,1.0,0.0,0.0,0.3254,0.0,0.2761,
turbine,144,1 d,36.0,108,ceil(3 tau),0.5,prepost_hac,adjusted,2,1,0.5,covariate_outside,1,1.0,,1.0,0.0,,0.0322,0.0,-0.0206,0.1171
turbine,144,1 d,36.0,108,ceil(3 tau),0.5,prepost_ewc,raw,2,2,1.0,,2,1.0,0.0,1.0,0.0,0.0,0.2372,0.0,0.2761,
turbine,144,1 d,36.0,108,ceil(3 tau),0.5,prepost_ewc,adjusted,2,1,0.5,covariate_outside,1,1.0,,1.0,0.0,,0.0336,0.0,-0.0206,0.1588
turbine,432,3 d,0.0,0,ceil(3 tau),0.0,randomization,raw,500,500,1.0,,2,0.038,0.0086,0.038,0.962,0.0086,0.3695,0.0,-0.002,
turbine,432,3 d,0.0,0,ceil(3 tau),0.0,randomization,adjusted,500,500,1.0,,2,0.046,0.0094,0.046,0.954,0.0094,0.0534,0.0,0.0001,0.137
turbine,432,3 d,0.0,0,ceil(3 tau),0.0,block_t,raw,500,500,1.0,,2,0.05,0.0098,0.05,0.95,0.0098,0.349,0.0,-0.0008,
turbine,432,3 d,0.0,0,ceil(3 tau),0.0,block_t,adjusted,500,500,1.0,,2,0.048,0.0096,0.048,0.952,0.0096,0.0541,0.0,0.0003,0.1463
turbine,432,3 d,0.0,0,ceil(3 tau),0.0,hac,raw,500,500,1.0,,2,0.078,0.012,0.078,0.922,0.012,0.3208,0.0,-0.002,
turbine,432,3 d,0.0,0,ceil(3 tau),0.0,hac,adjusted,500,500,1.0,,2,0.102,0.0135,0.102,0.898,0.0135,0.044,0.0,0.0001,0.1287
turbine,432,3 d,0.0,0,ceil(3 tau),0.0,ewc,raw,500,500,1.0,,2,0.188,0.0175,0.188,0.812,0.0175,0.2528,0.0,-0.002,
turbine,432,3 d,0.0,0,ceil(3 tau),0.0,ewc,adjusted,500,500,1.0,,2,0.096,0.0132,0.096,0.904,0.0132,0.0442,0.0,0.0001,0.1734
turbine,432,3 d,0.0,0,ceil(3 tau),0.0,naive,raw,500,500,1.0,,2,0.848,0.0161,0.848,0.152,0.0161,0.0353,0.0,-0.002,
turbine,432,3 d,0.0,0,ceil(3 tau),0.0,naive,adjusted,500,500,1.0,,2,0.726,0.02,0.726,0.274,0.02,0.0093,0.0,0.0001,0.2614
turbine,432,3 d,0.0,0,ceil(3 tau),0.0,prepost_hac,raw,2,2,1.0,,2,1.0,0.0,1.0,0.0,0.0,0.3279,0.0,0.2977,
turbine,432,3 d,0.0,0,ceil(3 tau),0.0,prepost_hac,adjusted,2,1,0.5,covariate_outside,1,1.0,,1.0,0.0,,0.0321,0.0,-0.0204,0.1157
turbine,432,3 d,0.0,0,ceil(3 tau),0.0,prepost_ewc,raw,2,2,1.0,,2,1.0,0.0,1.0,0.0,0.0,0.2365,0.0,0.2977,
turbine,432,3 d,0.0,0,ceil(3 tau),0.0,prepost_ewc,adjusted,2,1,0.5,covariate_outside,1,1.0,,1.0,0.0,,0.0336,0.0,-0.0204,0.1584
turbine,432,3 d,0.0,0,ceil(3 tau),0.1,randomization,raw,500,500,1.0,,2,0.178,0.0171,0.178,0.962,0.0086,0.3695,0.0,-0.002,
turbine,432,3 d,0.0,0,ceil(3 tau),0.1,randomization,adjusted,500,500,1.0,,2,1.0,0.0,1.0,0.954,0.0094,0.0534,0.0,0.0001,0.137
turbine,432,3 d,0.0,0,ceil(3 tau),0.1,block_t,raw,500,500,1.0,,2,0.198,0.0178,0.198,0.95,0.0098,0.349,0.0,-0.0008,
turbine,432,3 d,0.0,0,ceil(3 tau),0.1,block_t,adjusted,500,500,1.0,,2,1.0,0.0,1.0,0.952,0.0096,0.0541,0.0,0.0003,0.1463
turbine,432,3 d,0.0,0,ceil(3 tau),0.1,hac,raw,500,500,1.0,,2,0.264,0.0197,0.264,0.922,0.012,0.3208,0.0,-0.002,
turbine,432,3 d,0.0,0,ceil(3 tau),0.1,hac,adjusted,500,500,1.0,,2,1.0,0.0,1.0,0.898,0.0135,0.044,0.0,0.0001,0.1287
turbine,432,3 d,0.0,0,ceil(3 tau),0.1,ewc,raw,500,500,1.0,,2,0.4,0.0219,0.4,0.812,0.0175,0.2528,0.0,-0.002,
turbine,432,3 d,0.0,0,ceil(3 tau),0.1,ewc,adjusted,500,500,1.0,,2,1.0,0.0,1.0,0.904,0.0132,0.0442,0.0,0.0001,0.1734
turbine,432,3 d,0.0,0,ceil(3 tau),0.1,naive,raw,500,500,1.0,,2,0.902,0.0133,0.902,0.152,0.0161,0.0353,0.0,-0.002,
turbine,432,3 d,0.0,0,ceil(3 tau),0.1,naive,adjusted,500,500,1.0,,2,1.0,0.0,1.0,0.274,0.02,0.0093,0.0,0.0001,0.2614
turbine,432,3 d,0.0,0,ceil(3 tau),0.1,prepost_hac,raw,2,2,1.0,,2,1.0,0.0,1.0,0.0,0.0,0.3279,0.0,0.2977,
turbine,432,3 d,0.0,0,ceil(3 tau),0.1,prepost_hac,adjusted,2,1,0.5,covariate_outside,1,1.0,,1.0,0.0,,0.0321,0.0,-0.0204,0.1157
turbine,432,3 d,0.0,0,ceil(3 tau),0.1,prepost_ewc,raw,2,2,1.0,,2,1.0,0.0,1.0,0.0,0.0,0.2365,0.0,0.2977,
turbine,432,3 d,0.0,0,ceil(3 tau),0.1,prepost_ewc,adjusted,2,1,0.5,covariate_outside,1,1.0,,1.0,0.0,,0.0336,0.0,-0.0204,0.1584
turbine,432,3 d,0.0,0,ceil(3 tau),0.25,randomization,raw,500,500,1.0,,2,0.742,0.0196,0.742,0.962,0.0086,0.3695,0.0,-0.002,
turbine,432,3 d,0.0,0,ceil(3 tau),0.25,randomization,adjusted,500,500,1.0,,2,1.0,0.0,1.0,0.954,0.0094,0.0534,0.0,0.0001,0.137
turbine,432,3 d,0.0,0,ceil(3 tau),0.25,block_t,raw,500,500,1.0,,2,0.786,0.0184,0.786,0.95,0.0098,0.349,0.0,-0.0008,
turbine,432,3 d,0.0,0,ceil(3 tau),0.25,block_t,adjusted,500,500,1.0,,2,1.0,0.0,1.0,0.952,0.0096,0.0541,0.0,0.0003,0.1463
turbine,432,3 d,0.0,0,ceil(3 tau),0.25,hac,raw,500,500,1.0,,2,0.808,0.0176,0.808,0.922,0.012,0.3208,0.0,-0.002,
turbine,432,3 d,0.0,0,ceil(3 tau),0.25,hac,adjusted,500,500,1.0,,2,1.0,0.0,1.0,0.898,0.0135,0.044,0.0,0.0001,0.1287
turbine,432,3 d,0.0,0,ceil(3 tau),0.25,ewc,raw,500,500,1.0,,2,0.91,0.0128,0.91,0.812,0.0175,0.2528,0.0,-0.002,
turbine,432,3 d,0.0,0,ceil(3 tau),0.25,ewc,adjusted,500,500,1.0,,2,1.0,0.0,1.0,0.904,0.0132,0.0442,0.0,0.0001,0.1734
turbine,432,3 d,0.0,0,ceil(3 tau),0.25,naive,raw,500,500,1.0,,2,0.994,0.0035,0.994,0.152,0.0161,0.0353,0.0,-0.002,
turbine,432,3 d,0.0,0,ceil(3 tau),0.25,naive,adjusted,500,500,1.0,,2,1.0,0.0,1.0,0.274,0.02,0.0093,0.0,0.0001,0.2614
turbine,432,3 d,0.0,0,ceil(3 tau),0.25,prepost_hac,raw,2,2,1.0,,2,1.0,0.0,1.0,0.0,0.0,0.3279,0.0,0.2977,
turbine,432,3 d,0.0,0,ceil(3 tau),0.25,prepost_hac,adjusted,2,1,0.5,covariate_outside,1,1.0,,1.0,0.0,,0.0321,0.0,-0.0204,0.1157
turbine,432,3 d,0.0,0,ceil(3 tau),0.25,prepost_ewc,raw,2,2,1.0,,2,1.0,0.0,1.0,0.0,0.0,0.2365,0.0,0.2977,
turbine,432,3 d,0.0,0,ceil(3 tau),0.25,prepost_ewc,adjusted,2,1,0.5,covariate_outside,1,1.0,,1.0,0.0,,0.0336,0.0,-0.0204,0.1584
turbine,432,3 d,0.0,0,ceil(3 tau),0.5,randomization,raw,500,500,1.0,,2,1.0,0.0,1.0,0.962,0.0086,0.3695,0.0,-0.002,
turbine,432,3 d,0.0,0,ceil(3 tau),0.5,randomization,adjusted,500,500,1.0,,2,1.0,0.0,1.0,0.954,0.0094,0.0534,0.0,0.0001,0.137
turbine,432,3 d,0.0,0,ceil(3 tau),0.5,block_t,raw,500,500,1.0,,2,1.0,0.0,1.0,0.95,0.0098,0.349,0.0,-0.0008,
turbine,432,3 d,0.0,0,ceil(3 tau),0.5,block_t,adjusted,500,500,1.0,,2,1.0,0.0,1.0,0.952,0.0096,0.0541,0.0,0.0003,0.1463
turbine,432,3 d,0.0,0,ceil(3 tau),0.5,hac,raw,500,500,1.0,,2,1.0,0.0,1.0,0.922,0.012,0.3208,0.0,-0.002,
turbine,432,3 d,0.0,0,ceil(3 tau),0.5,hac,adjusted,500,500,1.0,,2,1.0,0.0,1.0,0.898,0.0135,0.044,0.0,0.0001,0.1287
turbine,432,3 d,0.0,0,ceil(3 tau),0.5,ewc,raw,500,500,1.0,,2,1.0,0.0,1.0,0.812,0.0175,0.2528,0.0,-0.002,
turbine,432,3 d,0.0,0,ceil(3 tau),0.5,ewc,adjusted,500,500,1.0,,2,1.0,0.0,1.0,0.904,0.0132,0.0442,0.0,0.0001,0.1734
turbine,432,3 d,0.0,0,ceil(3 tau),0.5,naive,raw,500,500,1.0,,2,1.0,0.0,1.0,0.152,0.0161,0.0353,0.0,-0.002,
turbine,432,3 d,0.0,0,ceil(3 tau),0.5,naive,adjusted,500,500,1.0,,2,1.0,0.0,1.0,0.274,0.02,0.0093,0.0,0.0001,0.2614
turbine,432,3 d,0.0,0,ceil(3 tau),0.5,prepost_hac,raw,2,2,1.0,,2,1.0,0.0,1.0,0.0,0.0,0.3279,0.0,0.2977,
turbine,432,3 d,0.0,0,ceil(3 tau),0.5,prepost_hac,adjusted,2,1,0.5,covariate_outside,1,1.0,,1.0,0.0,,0.0321,0.0,-0.0204,0.1157
turbine,432,3 d,0.0,0,ceil(3 tau),0.5,prepost_ewc,raw,2,2,1.0,,2,1.0,0.0,1.0,0.0,0.0,0.2365,0.0,0.2977,
turbine,432,3 d,0.0,0,ceil(3 tau),0.5,prepost_ewc,adjusted,2,1,0.5,covariate_outside,1,1.0,,1.0,0.0,,0.0336,0.0,-0.0204,0.1584
turbine,432,3 d,43.2,0,0,0.0,randomization,raw,500,500,1.0,,2,0.038,0.0086,0.038,0.962,0.0086,0.3695,0.0,-0.002,
turbine,432,3 d,43.2,0,0,0.0,randomization,adjusted,500,500,1.0,,2,0.046,0.0094,0.046,0.954,0.0094,0.0534,0.0,0.0001,0.137
turbine,432,3 d,43.2,0,0,0.0,block_t,raw,500,500,1.0,,2,0.05,0.0098,0.05,0.95,0.0098,0.349,0.0,-0.0008,
turbine,432,3 d,43.2,0,0,0.0,block_t,adjusted,500,500,1.0,,2,0.048,0.0096,0.048,0.952,0.0096,0.0541,0.0,0.0003,0.1463
turbine,432,3 d,43.2,0,0,0.0,hac,raw,500,500,1.0,,2,0.078,0.012,0.078,0.922,0.012,0.3208,0.0,-0.002,
turbine,432,3 d,43.2,0,0,0.0,hac,adjusted,500,500,1.0,,2,0.102,0.0135,0.102,0.898,0.0135,0.044,0.0,0.0001,0.1287
turbine,432,3 d,43.2,0,0,0.0,ewc,raw,500,500,1.0,,2,0.188,0.0175,0.188,0.812,0.0175,0.2528,0.0,-0.002,
turbine,432,3 d,43.2,0,0,0.0,ewc,adjusted,500,500,1.0,,2,0.096,0.0132,0.096,0.904,0.0132,0.0442,0.0,0.0001,0.1734
turbine,432,3 d,43.2,0,0,0.0,naive,raw,500,500,1.0,,2,0.848,0.0161,0.848,0.152,0.0161,0.0353,0.0,-0.002,
turbine,432,3 d,43.2,0,0,0.0,naive,adjusted,500,500,1.0,,2,0.726,0.02,0.726,0.274,0.02,0.0093,0.0,0.0001,0.2614
turbine,432,3 d,43.2,0,0,0.0,prepost_hac,raw,2,2,1.0,,2,1.0,0.0,1.0,0.0,0.0,0.3279,0.0,0.2977,
turbine,432,3 d,43.2,0,0,0.0,prepost_hac,adjusted,2,1,0.5,covariate_outside,1,1.0,,1.0,0.0,,0.0321,0.0,-0.0204,0.1157
turbine,432,3 d,43.2,0,0,0.0,prepost_ewc,raw,2,2,1.0,,2,1.0,0.0,1.0,0.0,0.0,0.2365,0.0,0.2977,
turbine,432,3 d,43.2,0,0,0.0,prepost_ewc,adjusted,2,1,0.5,covariate_outside,1,1.0,,1.0,0.0,,0.0336,0.0,-0.0204,0.1584
turbine,432,3 d,43.2,0,0,0.1,randomization,raw,500,500,1.0,,2,0.154,0.0162,0.154,0.958,0.009,0.3685,0.0,-0.0113,
turbine,432,3 d,43.2,0,0,0.1,randomization,adjusted,500,500,1.0,,2,1.0,0.0,1.0,0.956,0.0092,0.0539,0.0,-0.0093,0.1397
turbine,432,3 d,43.2,0,0,0.1,block_t,raw,500,500,1.0,,2,0.16,0.0164,0.16,0.948,0.0099,0.3494,0.0,-0.0102,
turbine,432,3 d,43.2,0,0,0.1,block_t,adjusted,500,500,1.0,,2,1.0,0.0,1.0,0.952,0.0096,0.0541,0.0,-0.0088,0.1472
turbine,432,3 d,43.2,0,0,0.1,hac,raw,500,500,1.0,,2,0.214,0.0184,0.214,0.922,0.012,0.3206,0.0,-0.0113,
turbine,432,3 d,43.2,0,0,0.1,hac,adjusted,500,500,1.0,,2,1.0,0.0,1.0,0.902,0.0133,0.0443,0.0,-0.0093,0.1305
turbine,432,3 d,43.2,0,0,0.1,ewc,raw,500,500,1.0,,2,0.36,0.0215,0.36,0.812,0.0175,0.2526,0.0,-0.0113,
turbine,432,3 d,43.2,0,0,0.1,ewc,adjusted,500,500,1.0,,2,1.0,0.0,1.0,0.906,0.0131,0.0444,0.0,-0.0093,0.1744
turbine,432,3 d,43.2,0,0,0.1,naive,raw,500,500,1.0,,2,0.894,0.0138,0.894,0.152,0.0161,0.0353,0.0,-0.0113,
turbine,432,3 d,43.2,0,0,0.1,naive,adjusted,500,500,1.0,,2,1.0,0.0,1.0,0.274,0.02,0.0094,0.0,-0.0093,0.2623
turbine,432,3 d,43.2,0,0,0.1,prepost_hac,raw,2,2,1.0,,2,1.0,0.0,1.0,0.0,0.0,0.3278,0.0,0.2974,
turbine,432,3 d,43.2,0,0,0.1,prepost_hac,adjusted,2,1,0.5,covariate_outside,1,1.0,,1.0,0.0,,0.0322,0.0,-0.0206,0.1158
turbine,432,3 d,43.2,0,0,0.1,prepost_ewc,raw,2,2,1.0,,2,1.0,0.0,1.0,0.0,0.0,0.2364,0.0,0.2974,
turbine,432,3 d,43.2,0,0,0.1,prepost_ewc,adjusted,2,1,0.5,covariate_outside,1,1.0,,1.0,0.0,,0.0336,0.0,-0.0206,0.1585
turbine,432,3 d,43.2,0,0,0.25,randomization,raw,500,500,1.0,,2,0.664,0.0211,0.664,0.96,0.0088,0.3682,0.0,-0.0251,
turbine,432,3 d,43.2,0,0,0.25,randomization,adjusted,500,500,1.0,,2,1.0,0.0,1.0,0.958,0.009,0.0545,0.0,-0.0236,0.1436
turbine,432,3 d,43.2,0,0,0.25,block_t,raw,500,500,1.0,,2,0.682,0.0208,0.682,0.948,0.0099,0.3502,0.0,-0.0254,
turbine,432,3 d,43.2,0,0,0.25,block_t,adjusted,500,500,1.0,,2,1.0,0.0,1.0,0.96,0.0088,0.0552,0.0,-0.0232,0.151
turbine,432,3 d,43.2,0,0,0.25,hac,raw,500,500,1.0,,2,0.736,0.0197,0.736,0.922,0.012,0.3205,0.0,-0.0251,
turbine,432,3 d,43.2,0,0,0.25,hac,adjusted,500,500,1.0,,2,1.0,0.0,1.0,0.912,0.0127,0.0459,0.0,-0.0236,0.1344
turbine,432,3 d,43.2,0,0,0.25,ewc,raw,500,500,1.0,,2,0.856,0.0157,0.856,0.812,0.0175,0.2525,0.0,-0.0251,
turbine,432,3 d,43.2,0,0,0.25,ewc,adjusted,500,500,1.0,,2,1.0,0.0,1.0,0.908,0.0129,0.0456,0.0,-0.0236,0.1793
turbine,432,3 d,43.2,0,0,0.25,naive,raw,500,500,1.0,,2,0.994,0.0035,0.994,0.152,0.0161,0.0354,0.0,-0.0251,
turbine,432,3 d,43.2,0,0,0.25,naive,adjusted,500,500,1.0,,2,1.0,0.0,1.0,0.274,0.02,0.0095,0.0,-0.0236,0.2645
turbine,432,3 d,43.2,0,0,0.25,prepost_hac,raw,2,2,1.0,,2,1.0,0.0,1.0,0.0,0.0,0.3276,0.0,0.2969,
turbine,432,3 d,43.2,0,0,0.25,prepost_hac,adjusted,2,1,0.5,covariate_outside,1,1.0,,1.0,0.0,,0.0322,0.0,-0.0209,0.116
turbine,432,3 d,43.2,0,0,0.25,prepost_ewc,raw,2,2,1.0,,2,1.0,0.0,1.0,0.0,0.0,0.2363,0.0,0.2969,
turbine,432,3 d,43.2,0,0,0.25,prepost_ewc,adjusted,2,1,0.5,covariate_outside,1,1.0,,1.0,0.0,,0.0337,0.0,-0.0209,0.1587
turbine,432,3 d,43.2,0,0,0.5,randomization,raw,500,500,1.0,,2,0.996,0.0028,0.996,0.962,0.0086,0.3681,0.0,-0.05,
turbine,432,3 d,43.2,0,0,0.5,randomization,adjusted,500,500,1.0,,2,1.0,0.0,1.0,0.964,0.0083,0.0566,0.0,-0.0471,0.153
turbine,432,3 d,43.2,0,0,0.5,block_t,raw,500,500,1.0,,2,1.0,0.0,1.0,0.95,0.0098,0.3519,0.0,-0.0485,
turbine,432,3 d,43.2,0,0,0.5,block_t,adjusted,500,500,1.0,,2,1.0,0.0,1.0,0.97,0.0076,0.0583,0.0,-0.0468,0.1614
turbine,432,3 d,43.2,0,0,0.5,hac,raw,500,500,1.0,,2,1.0,0.0,1.0,0.922,0.012,0.3208,0.0,-0.05,
turbine,432,3 d,43.2,0,0,0.5,hac,adjusted,500,500,1.0,,2,1.0,0.0,1.0,0.928,0.0116,0.0504,0.0,-0.0471,0.1456
turbine,432,3 d,43.2,0,0,0.5,ewc,raw,500,500,1.0,,2,1.0,0.0,1.0,0.812,0.0175,0.253,0.0,-0.05,
turbine,432,3 d,43.2,0,0,0.5,ewc,adjusted,500,500,1.0,,2,1.0,0.0,1.0,0.928,0.0116,0.0499,0.0,-0.0471,0.1957
turbine,432,3 d,43.2,0,0,0.5,naive,raw,500,500,1.0,,2,1.0,0.0,1.0,0.152,0.0161,0.0355,0.0,-0.05,
turbine,432,3 d,43.2,0,0,0.5,naive,adjusted,500,500,1.0,,2,1.0,0.0,1.0,0.296,0.0204,0.0098,0.0,-0.0471,0.2739
turbine,432,3 d,43.2,0,0,0.5,prepost_hac,raw,2,2,1.0,,2,1.0,0.0,1.0,0.0,0.0,0.3273,0.0,0.2961,
turbine,432,3 d,43.2,0,0,0.5,prepost_hac,adjusted,2,1,0.5,covariate_outside,1,1.0,,1.0,0.0,,0.0324,0.0,-0.0215,0.1167
turbine,432,3 d,43.2,0,0,0.5,prepost_ewc,raw,2,2,1.0,,2,1.0,0.0,1.0,0.0,0.0,0.2363,0.0,0.2961,
turbine,432,3 d,43.2,0,0,0.5,prepost_ewc,adjusted,2,1,0.5,covariate_outside,1,1.0,,1.0,0.0,,0.0338,0.0,-0.0215,0.1596
turbine,432,3 d,43.2,130,ceil(3 tau),0.0,randomization,raw,500,500,1.0,,2,0.054,0.0101,0.054,0.946,0.0101,0.3899,0.0,-0.0062,
turbine,432,3 d,43.2,130,ceil(3 tau),0.0,randomization,adjusted,500,500,1.0,,2,0.056,0.0103,0.056,0.944,0.0103,0.0585,0.0,0.0005,0.1491
turbine,432,3 d,43.2,130,ceil(3 tau),0.0,block_t,raw,500,500,1.0,,2,0.048,0.0096,0.048,0.952,0.0096,0.381,0.0,-0.0033,
turbine,432,3 d,43.2,130,ceil(3 tau),0.0,block_t,adjusted,500,500,1.0,,2,0.052,0.0099,0.052,0.948,0.0099,0.0586,0.0,-0.0001,0.1482
turbine,432,3 d,43.2,130,ceil(3 tau),0.0,hac,raw,500,500,1.0,,2,0.084,0.0124,0.084,0.916,0.0124,0.338,0.0,-0.0062,
turbine,432,3 d,43.2,130,ceil(3 tau),0.0,hac,adjusted,500,500,1.0,,2,0.108,0.0139,0.108,0.892,0.0139,0.0493,0.0,0.0005,0.1368
turbine,432,3 d,43.2,130,ceil(3 tau),0.0,ewc,raw,500,500,1.0,,2,0.154,0.0162,0.154,0.846,0.0162,0.282,0.0,-0.0062,
turbine,432,3 d,43.2,130,ceil(3 tau),0.0,ewc,adjusted,500,500,1.0,,2,0.098,0.0133,0.098,0.902,0.0133,0.0508,0.0,0.0005,0.1784
turbine,432,3 d,43.2,130,ceil(3 tau),0.0,naive,raw,500,500,1.0,,2,0.852,0.0159,0.852,0.148,0.0159,0.0414,0.0,-0.0062,
turbine,432,3 d,43.2,130,ceil(3 tau),0.0,naive,adjusted,500,500,1.0,,2,0.686,0.0208,0.686,0.314,0.0208,0.011,0.0,0.0005,0.2622
turbine,432,3 d,43.2,130,ceil(3 tau),0.0,prepost_hac,raw,2,2,1.0,,2,1.0,0.0,1.0,0.0,0.0,0.3258,0.0,0.2917,
turbine,432,3 d,43.2,130,ceil(3 tau),0.0,prepost_hac,adjusted,2,1,0.5,covariate_outside,1,1.0,,1.0,0.0,,0.0322,0.0,-0.0206,0.1174
turbine,432,3 d,43.2,130,ceil(3 tau),0.0,prepost_ewc,raw,2,2,1.0,,2,1.0,0.0,1.0,0.0,0.0,0.2368,0.0,0.2917,
turbine,432,3 d,43.2,130,ceil(3 tau),0.0,prepost_ewc,adjusted,2,1,0.5,covariate_outside,1,1.0,,1.0,0.0,,0.0337,0.0,-0.0206,0.1595
turbine,432,3 d,43.2,130,ceil(3 tau),0.1,randomization,raw,500,500,1.0,,2,0.166,0.0167,0.166,0.946,0.0101,0.3898,0.0,-0.0068,
turbine,432,3 d,43.2,130,ceil(3 tau),0.1,randomization,adjusted,500,500,1.0,,2,1.0,0.0,1.0,0.944,0.0103,0.0585,0.0,-0.0001,0.1491
turbine,432,3 d,43.2,130,ceil(3 tau),0.1,block_t,raw,500,500,1.0,,2,0.186,0.0174,0.186,0.952,0.0096,0.3809,0.0,-0.0039,
turbine,432,3 d,43.2,130,ceil(3 tau),0.1,block_t,adjusted,500,500,1.0,,2,1.0,0.0,1.0,0.948,0.0099,0.0586,0.0,-0.0008,0.1482
turbine,432,3 d,43.2,130,ceil(3 tau),0.1,hac,raw,500,500,1.0,,2,0.224,0.0187,0.224,0.916,0.0124,0.3379,0.0,-0.0068,
turbine,432,3 d,43.2,130,ceil(3 tau),0.1,hac,adjusted,500,500,1.0,,2,1.0,0.0,1.0,0.892,0.0139,0.0493,0.0,-0.0001,0.1368
turbine,432,3 d,43.2,130,ceil(3 tau),0.1,ewc,raw,500,500,1.0,,2,0.33,0.021,0.33,0.846,0.0162,0.2819,0.0,-0.0068,
turbine,432,3 d,43.2,130,ceil(3 tau),0.1,ewc,adjusted,500,500,1.0,,2,1.0,0.0,1.0,0.904,0.0132,0.0508,0.0,-0.0001,0.1785
turbine,432,3 d,43.2,130,ceil(3 tau),0.1,naive,raw,500,500,1.0,,2,0.89,0.014,0.89,0.148,0.0159,0.0414,0.0,-0.0068,
turbine,432,3 d,43.2,130,ceil(3 tau),0.1,naive,adjusted,500,500,1.0,,2,1.0,0.0,1.0,0.314,0.0208,0.011,0.0,-0.0001,0.2622
turbine,432,3 d,43.2,130,ceil(3 tau),0.1,prepost_hac,raw,2,2,1.0,,2,1.0,0.0,1.0,0.0,0.0,0.3258,0.0,0.2917,
turbine,432,3 d,43.2,130,ceil(3 tau),0.1,prepost_hac,adjusted,2,1,0.5,covariate_outside,1,1.0,,1.0,0.0,,0.0322,0.0,-0.0206,0.1174
turbine,432,3 d,43.2,130,ceil(3 tau),0.1,prepost_ewc,raw,2,2,1.0,,2,1.0,0.0,1.0,0.0,0.0,0.2368,0.0,0.2917,
turbine,432,3 d,43.2,130,ceil(3 tau),0.1,prepost_ewc,adjusted,2,1,0.5,covariate_outside,1,1.0,,1.0,0.0,,0.0337,0.0,-0.0206,0.1595
turbine,432,3 d,43.2,130,ceil(3 tau),0.25,randomization,raw,500,500,1.0,,2,0.684,0.0208,0.684,0.946,0.0101,0.3897,0.0,-0.0078,
turbine,432,3 d,43.2,130,ceil(3 tau),0.25,randomization,adjusted,500,500,1.0,,2,1.0,0.0,1.0,0.944,0.0103,0.0586,0.0,-0.0011,0.1488
turbine,432,3 d,43.2,130,ceil(3 tau),0.25,block_t,raw,500,500,1.0,,2,0.714,0.0202,0.714,0.952,0.0096,0.3809,0.0,-0.0047,
turbine,432,3 d,43.2,130,ceil(3 tau),0.25,block_t,adjusted,500,500,1.0,,2,1.0,0.0,1.0,0.948,0.0099,0.0586,0.0,-0.0018,0.1483
turbine,432,3 d,43.2,130,ceil(3 tau),0.25,hac,raw,500,500,1.0,,2,0.762,0.0191,0.762,0.916,0.0124,0.3379,0.0,-0.0078,
turbine,432,3 d,43.2,130,ceil(3 tau),0.25,hac,adjusted,500,500,1.0,,2,1.0,0.0,1.0,0.892,0.0139,0.0493,0.0,-0.0011,0.1368
turbine,432,3 d,43.2,130,ceil(3 tau),0.25,ewc,raw,500,500,1.0,,2,0.872,0.015,0.872,0.846,0.0162,0.2819,0.0,-0.0078,
turbine,432,3 d,43.2,130,ceil(3 tau),0.25,ewc,adjusted,500,500,1.0,,2,1.0,0.0,1.0,0.906,0.0131,0.0508,0.0,-0.0011,0.1786
turbine,432,3 d,43.2,130,ceil(3 tau),0.25,naive,raw,500,500,1.0,,2,0.984,0.0056,0.984,0.148,0.0159,0.0414,0.0,-0.0078,
turbine,432,3 d,43.2,130,ceil(3 tau),0.25,naive,adjusted,500,500,1.0,,2,1.0,0.0,1.0,0.314,0.0208,0.011,0.0,-0.0011,0.2623
turbine,432,3 d,43.2,130,ceil(3 tau),0.25,prepost_hac,raw,2,2,1.0,,2,1.0,0.0,1.0,0.0,0.0,0.3258,0.0,0.2916,
turbine,432,3 d,43.2,130,ceil(3 tau),0.25,prepost_hac,adjusted,2,1,0.5,covariate_outside,1,1.0,,1.0,0.0,,0.0322,0.0,-0.0207,0.1174
turbine,432,3 d,43.2,130,ceil(3 tau),0.25,prepost_ewc,raw,2,2,1.0,,2,1.0,0.0,1.0,0.0,0.0,0.2368,0.0,0.2916,
turbine,432,3 d,43.2,130,ceil(3 tau),0.25,prepost_ewc,adjusted,2,1,0.5,covariate_outside,1,1.0,,1.0,0.0,,0.0337,0.0,-0.0207,0.1595
turbine,432,3 d,43.2,130,ceil(3 tau),0.5,randomization,raw,500,500,1.0,,2,0.994,0.0035,0.994,0.946,0.0101,0.3896,0.0,-0.0093,
turbine,432,3 d,43.2,130,ceil(3 tau),0.5,randomization,adjusted,500,500,1.0,,2,1.0,0.0,1.0,0.946,0.0101,0.0587,0.0,-0.0026,0.1482
turbine,432,3 d,43.2,130,ceil(3 tau),0.5,block_t,raw,500,500,1.0,,2,0.996,0.0028,0.996,0.952,0.0096,0.3807,0.0,-0.006,
turbine,432,3 d,43.2,130,ceil(3 tau),0.5,block_t,adjusted,500,500,1.0,,2,1.0,0.0,1.0,0.948,0.0099,0.0587,0.0,-0.0035,0.1484
turbine,432,3 d,43.2,130,ceil(3 tau),0.5,hac,raw,500,500,1.0,,2,1.0,0.0,1.0,0.916,0.0124,0.3379,0.0,-0.0093,
turbine,432,3 d,43.2,130,ceil(3 tau),0.5,hac,adjusted,500,500,1.0,,2,1.0,0.0,1.0,0.892,0.0139,0.0494,0.0,-0.0026,0.1368
turbine,432,3 d,43.2,130,ceil(3 tau),0.5,ewc,raw,500,500,1.0,,2,1.0,0.0,1.0,0.846,0.0162,0.2819,0.0,-0.0093,
turbine,432,3 d,43.2,130,ceil(3 tau),0.5,ewc,adjusted,500,500,1.0,,2,1.0,0.0,1.0,0.906,0.0131,0.0509,0.0,-0.0026,0.1789
turbine,432,3 d,43.2,130,ceil(3 tau),0.5,naive,raw,500,500,1.0,,2,1.0,0.0,1.0,0.148,0.0159,0.0414,0.0,-0.0093,
turbine,432,3 d,43.2,130,ceil(3 tau),0.5,naive,adjusted,500,500,1.0,,2,1.0,0.0,1.0,0.314,0.0208,0.011,0.0,-0.0026,0.2624
turbine,432,3 d,43.2,130,ceil(3 tau),0.5,prepost_hac,raw,2,2,1.0,,2,1.0,0.0,1.0,0.0,0.0,0.3258,0.0,0.2916,
turbine,432,3 d,43.2,130,ceil(3 tau),0.5,prepost_hac,adjusted,2,1,0.5,covariate_outside,1,1.0,,1.0,0.0,,0.0322,0.0,-0.0207,0.1174
turbine,432,3 d,43.2,130,ceil(3 tau),0.5,prepost_ewc,raw,2,2,1.0,,2,1.0,0.0,1.0,0.0,0.0,0.2368,0.0,0.2916,
turbine,432,3 d,43.2,130,ceil(3 tau),0.5,prepost_ewc,adjusted,2,1,0.5,covariate_outside,1,1.0,,1.0,0.0,,0.0337,0.0,-0.0207,0.1595
turbine,432,3 d,108.0,0,0,0.0,randomization,raw,500,500,1.0,,2,0.038,0.0086,0.038,0.962,0.0086,0.3695,0.0,-0.002,
turbine,432,3 d,108.0,0,0,0.0,randomization,adjusted,500,500,1.0,,2,0.046,0.0094,0.046,0.954,0.0094,0.0534,0.0,0.0001,0.137
turbine,432,3 d,108.0,0,0,0.0,block_t,raw,500,500,1.0,,2,0.05,0.0098,0.05,0.95,0.0098,0.349,0.0,-0.0008,
turbine,432,3 d,108.0,0,0,0.0,block_t,adjusted,500,500,1.0,,2,0.048,0.0096,0.048,0.952,0.0096,0.0541,0.0,0.0003,0.1463
turbine,432,3 d,108.0,0,0,0.0,hac,raw,500,500,1.0,,2,0.078,0.012,0.078,0.922,0.012,0.3208,0.0,-0.002,
turbine,432,3 d,108.0,0,0,0.0,hac,adjusted,500,500,1.0,,2,0.102,0.0135,0.102,0.898,0.0135,0.044,0.0,0.0001,0.1287
turbine,432,3 d,108.0,0,0,0.0,ewc,raw,500,500,1.0,,2,0.188,0.0175,0.188,0.812,0.0175,0.2528,0.0,-0.002,
turbine,432,3 d,108.0,0,0,0.0,ewc,adjusted,500,500,1.0,,2,0.096,0.0132,0.096,0.904,0.0132,0.0442,0.0,0.0001,0.1734
turbine,432,3 d,108.0,0,0,0.0,naive,raw,500,500,1.0,,2,0.848,0.0161,0.848,0.152,0.0161,0.0353,0.0,-0.002,
turbine,432,3 d,108.0,0,0,0.0,naive,adjusted,500,500,1.0,,2,0.726,0.02,0.726,0.274,0.02,0.0093,0.0,0.0001,0.2614
turbine,432,3 d,108.0,0,0,0.0,prepost_hac,raw,2,2,1.0,,2,1.0,0.0,1.0,0.0,0.0,0.3279,0.0,0.2977,
turbine,432,3 d,108.0,0,0,0.0,prepost_hac,adjusted,2,1,0.5,covariate_outside,1,1.0,,1.0,0.0,,0.0321,0.0,-0.0204,0.1157
turbine,432,3 d,108.0,0,0,0.0,prepost_ewc,raw,2,2,1.0,,2,1.0,0.0,1.0,0.0,0.0,0.2365,0.0,0.2977,
turbine,432,3 d,108.0,0,0,0.0,prepost_ewc,adjusted,2,1,0.5,covariate_outside,1,1.0,,1.0,0.0,,0.0336,0.0,-0.0204,0.1584
turbine,432,3 d,108.0,0,0,0.1,randomization,raw,500,500,1.0,,2,0.116,0.0143,0.116,0.96,0.0088,0.3684,0.0,-0.0252,
turbine,432,3 d,108.0,0,0,0.1,randomization,adjusted,500,500,1.0,,2,0.986,0.0053,0.986,0.956,0.0092,0.0547,0.0,-0.0237,0.1426
turbine,432,3 d,108.0,0,0,0.1,block_t,raw,500,500,1.0,,2,0.136,0.0153,0.136,0.948,0.0099,0.3501,0.0,-0.0245,
turbine,432,3 d,108.0,0,0,0.1,block_t,adjusted,500,500,1.0,,2,0.986,0.0053,0.986,0.958,0.009,0.0552,0.0,-0.0228,0.15
turbine,432,3 d,108.0,0,0,0.1,hac,raw,500,500,1.0,,2,0.178,0.0171,0.178,0.922,0.012,0.3204,0.0,-0.0252,
turbine,432,3 d,108.0,0,0,0.1,hac,adjusted,500,500,1.0,,2,0.994,0.0035,0.994,0.902,0.0133,0.0449,0.0,-0.0237,0.1327
turbine,432,3 d,108.0,0,0,0.1,ewc,raw,500,500,1.0,,2,0.308,0.0207,0.308,0.812,0.0175,0.2524,0.0,-0.0252,
turbine,432,3 d,108.0,0,0,0.1,ewc,adjusted,500,500,1.0,,2,0.994,0.0035,0.994,0.908,0.0129,0.0448,0.0,-0.0237,0.1762
turbine,432,3 d,108.0,0,0,0.1,naive,raw,500,500,1.0,,2,0.884,0.0143,0.884,0.152,0.0161,0.0354,0.0,-0.0252,
turbine,432,3 d,108.0,0,0,0.1,naive,adjusted,500,500,1.0,,2,1.0,0.0,1.0,0.268,0.0198,0.0094,0.0,-0.0237,0.2628
turbine,432,3 d,108.0,0,0,0.1,prepost_hac,raw,2,2,1.0,,2,1.0,0.0,1.0,0.0,0.0,0.3276,0.0,0.2969,
turbine,432,3 d,108.0,0,0,0.1,prepost_hac,adjusted,2,1,0.5,covariate_outside,1,1.0,,1.0,0.0,,0.0322,0.0,-0.0209,0.116
turbine,432,3 d,108.0,0,0,0.1,prepost_ewc,raw,2,2,1.0,,2,1.0,0.0,1.0,0.0,0.0,0.2363,0.0,0.2969,
turbine,432,3 d,108.0,0,0,0.1,prepost_ewc,adjusted,2,1,0.5,covariate_outside,1,1.0,,1.0,0.0,,0.0337,0.0,-0.0209,0.1587
turbine,432,3 d,108.0,0,0,0.25,randomization,raw,500,500,1.0,,2,0.52,0.0224,0.52,0.962,0.0086,0.3691,0.0,-0.0618,
turbine,432,3 d,108.0,0,0,0.25,randomization,adjusted,500,500,1.0,,2,1.0,0.0,1.0,0.972,0.0074,0.0579,0.0,-0.059,0.1586
turbine,432,3 d,108.0,0,0,0.25,block_t,raw,500,500,1.0,,2,0.55,0.0223,0.55,0.95,0.0098,0.3525,0.0,-0.0588,
turbine,432,3 d,108.0,0,0,0.25,block_t,adjusted,500,500,1.0,,2,1.0,0.0,1.0,0.976,0.0069,0.0588,0.0,-0.0585,0.1632
turbine,432,3 d,108.0,0,0,0.25,hac,raw,500,500,1.0,,2,0.6,0.0219,0.6,0.924,0.0119,0.3202,0.0,-0.0618,
turbine,432,3 d,108.0,0,0,0.25,hac,adjusted,500,500,1.0,,2,1.0,0.0,1.0,0.926,0.0117,0.0489,0.0,-0.059,0.1408
turbine,432,3 d,108.0,0,0,0.25,ewc,raw,500,500,1.0,,2,0.74,0.0196,0.74,0.812,0.0175,0.2525,0.0,-0.0618,
turbine,432,3 d,108.0,0,0,0.25,ewc,adjusted,500,500,1.0,,2,1.0,0.0,1.0,0.922,0.012,0.0481,0.0,-0.059,0.189
turbine,432,3 d,108.0,0,0,0.25,naive,raw,500,500,1.0,,2,0.974,0.0071,0.974,0.152,0.0161,0.0355,0.0,-0.0618,
turbine,432,3 d,108.0,0,0,0.25,naive,adjusted,500,500,1.0,,2,1.0,0.0,1.0,0.278,0.0201,0.0096,0.0,-0.059,0.2682
turbine,432,3 d,108.0,0,0,0.25,prepost_hac,raw,2,2,1.0,,2,1.0,0.0,1.0,0.0,0.0,0.3272,0.0,0.2957,
turbine,432,3 d,108.0,0,0,0.25,prepost_hac,adjusted,2,1,0.5,covariate_outside,1,1.0,,1.0,0.0,,0.0324,0.0,-0.0217,0.1166
turbine,432,3 d,108.0,0,0,0.25,prepost_ewc,raw,2,2,1.0,,2,1.0,0.0,1.0,0.0,0.0,0.2362,0.0,0.2957,
turbine,432,3 d,108.0,0,0,0.25,prepost_ewc,adjusted,2,1,0.5,covariate_outside,1,1.0,,1.0,0.0,,0.0338,0.0,-0.0217,0.1595
turbine,432,3 d,108.0,0,0,0.5,randomization,raw,500,500,1.0,,2,0.96,0.0088,0.96,0.962,0.0086,0.3719,0.0,-0.1204,
turbine,432,3 d,108.0,0,0,0.5,randomization,adjusted,500,500,1.0,,2,1.0,0.0,1.0,0.986,0.0053,0.0703,0.0,-0.119,0.1965
turbine,432,3 d,108.0,0,0,0.5,block_t,raw,500,500,1.0,,2,0.97,0.0076,0.97,0.954,0.0094,0.3576,0.0,-0.1185,
turbine,432,3 d,108.0,0,0,0.5,block_t,adjusted,500,500,1.0,,2,1.0,0.0,1.0,0.986,0.0053,0.0731,0.0,-0.1176,0.2044
turbine,432,3 d,108.0,0,0,0.5,hac,raw,500,500,1.0,,2,0.984,0.0056,0.984,0.924,0.0119,0.3194,0.0,-0.1204,
turbine,432,3 d,108.0,0,0,0.5,hac,adjusted,500,500,1.0,,2,1.0,0.0,1.0,0.968,0.0079,0.06,0.0,-0.119,0.1759
turbine,432,3 d,108.0,0,0,0.5,ewc,raw,500,500,1.0,,2,0.996,0.0028,0.996,0.82,0.0172,0.2541,0.0,-0.1204,
turbine,432,3 d,108.0,0,0,0.5,ewc,adjusted,500,500,1.0,,2,1.0,0.0,1.0,0.96,0.0088,0.0577,0.0,-0.119,0.2211
turbine,432,3 d,108.0,0,0,0.5,naive,raw,500,500,1.0,,2,1.0,0.0,1.0,0.152,0.0161,0.0357,0.0,-0.1204,
turbine,432,3 d,108.0,0,0,0.5,naive,adjusted,500,500,1.0,,2,1.0,0.0,1.0,0.312,0.0207,0.0104,0.0,-0.119,0.2883
turbine,432,3 d,108.0,0,0,0.5,prepost_hac,raw,2,2,1.0,,2,1.0,0.0,1.0,0.0,0.0,0.3266,0.0,0.2937,
turbine,432,3 d,108.0,0,0,0.5,prepost_hac,adjusted,2,1,0.5,covariate_outside,1,1.0,,1.0,0.0,,0.0329,0.0,-0.023,0.1185
turbine,432,3 d,108.0,0,0,0.5,prepost_ewc,raw,2,2,1.0,,2,1.0,0.0,1.0,0.0,0.0,0.2359,0.0,0.2937,
turbine,432,3 d,108.0,0,0,0.5,prepost_ewc,adjusted,2,1,0.5,covariate_outside,1,1.0,,1.0,0.0,,0.0343,0.0,-0.023,0.1618
turbine,432,3 d,108.0,324,ceil(3 tau),0.0,randomization,raw,500,500,1.0,,2,0.052,0.0099,0.052,0.948,0.0099,0.5,0.0,0.0028,
turbine,432,3 d,108.0,324,ceil(3 tau),0.0,randomization,adjusted,500,500,1.0,,2,0.044,0.0092,0.044,0.956,0.0092,0.0856,0.0,0.0007,0.1595
turbine,432,3 d,108.0,324,ceil(3 tau),0.0,block_t,raw,500,500,1.0,,2,0.046,0.0094,0.046,0.954,0.0094,0.4955,0.0,0.0082,
turbine,432,3 d,108.0,324,ceil(3 tau),0.0,block_t,adjusted,500,500,1.0,,2,0.058,0.0105,0.058,0.942,0.0105,0.0819,0.0,0.0011,0.1589
turbine,432,3 d,108.0,324,ceil(3 tau),0.0,hac,raw,500,500,1.0,,2,0.086,0.0126,0.086,0.914,0.0126,0.457,0.0,0.0028,
turbine,432,3 d,108.0,324,ceil(3 tau),0.0,hac,adjusted,500,500,1.0,,2,0.106,0.0138,0.106,0.894,0.0138,0.0642,0.0,0.0007,0.1423
turbine,432,3 d,108.0,324,ceil(3 tau),0.0,ewc,raw,500,500,1.0,,2,0.114,0.0142,0.114,0.886,0.0142,0.4053,0.0,0.0028,
turbine,432,3 d,108.0,324,ceil(3 tau),0.0,ewc,adjusted,500,500,1.0,,2,0.096,0.0132,0.096,0.904,0.0132,0.0684,0.0,0.0007,0.1647
turbine,432,3 d,108.0,324,ceil(3 tau),0.0,naive,raw,500,500,1.0,,2,0.798,0.018,0.798,0.202,0.018,0.0708,0.0,0.0028,
turbine,432,3 d,108.0,324,ceil(3 tau),0.0,naive,adjusted,500,500,1.0,,2,0.652,0.0213,0.652,0.348,0.0213,0.018,0.0,0.0007,0.2477
turbine,432,3 d,108.0,324,ceil(3 tau),0.0,prepost_hac,raw,2,2,1.0,,2,1.0,0.0,1.0,0.0,0.0,0.3268,0.0,0.2908,
turbine,432,3 d,108.0,324,ceil(3 tau),0.0,prepost_hac,adjusted,2,1,0.5,covariate_outside,1,1.0,,1.0,0.0,,0.0323,0.0,-0.0217,0.1176
turbine,432,3 d,108.0,324,ceil(3 tau),0.0,prepost_ewc,raw,2,2,1.0,,2,1.0,0.0,1.0,0.0,0.0,0.237,0.0,0.2908,
turbine,432,3 d,108.0,324,ceil(3 tau),0.0,prepost_ewc,adjusted,2,1,0.5,covariate_outside,1,1.0,,1.0,0.0,,0.0337,0.0,-0.0217,0.16
turbine,432,3 d,108.0,324,ceil(3 tau),0.1,randomization,raw,500,500,1.0,,2,0.106,0.0138,0.106,0.948,0.0099,0.5002,0.0,-0.0005,
turbine,432,3 d,108.0,324,ceil(3 tau),0.1,randomization,adjusted,500,500,1.0,,2,0.948,0.0099,0.948,0.956,0.0092,0.0858,0.0,-0.0022,0.1596
turbine,432,3 d,108.0,324,ceil(3 tau),0.1,block_t,raw,500,500,1.0,,2,0.132,0.0152,0.132,0.954,0.0094,0.4956,0.0,0.0051,
turbine,432,3 d,108.0,324,ceil(3 tau),0.1,block_t,adjusted,500,500,1.0,,2,0.976,0.0069,0.976,0.94,0.0106,0.0819,0.0,-0.0018,0.1589
turbine,432,3 d,108.0,324,ceil(3 tau),0.1,hac,raw,500,500,1.0,,2,0.158,0.0163,0.158,0.914,0.0126,0.457,0.0,-0.0005,
turbine,432,3 d,108.0,324,ceil(3 tau),0.1,hac,adjusted,500,500,1.0,,2,0.982,0.006,0.982,0.894,0.0138,0.0642,0.0,-0.0022,0.142
turbine,432,3 d,108.0,324,ceil(3 tau),0.1,ewc,raw,500,500,1.0,,2,0.21,0.0182,0.21,0.886,0.0142,0.4053,0.0,-0.0005,
turbine,432,3 d,108.0,324,ceil(3 tau),0.1,ewc,adjusted,500,500,1.0,,2,0.982,0.006,0.982,0.904,0.0132,0.0683,0.0,-0.0022,0.1647
turbine,432,3 d,108.0,324,ceil(3 tau),0.1,naive,raw,500,500,1.0,,2,0.846,0.0162,0.846,0.202,0.018,0.0708,0.0,-0.0005,
turbine,432,3 d,108.0,324,ceil(3 tau),0.1,naive,adjusted,500,500,1.0,,2,1.0,0.0,1.0,0.348,0.0213,0.018,0.0,-0.0022,0.2478
turbine,432,3 d,108.0,324,ceil(3 tau),0.1,prepost_hac,raw,2,2,1.0,,2,1.0,0.0,1.0,0.0,0.0,0.3268,0.0,0.2908,
turbine,432,3 d,108.0,324,ceil(3 tau),0.1,prepost_hac,adjusted,2,1,0.5,covariate_outside,1,1.0,,1.0,0.0,,0.0323,0.0,-0.0217,0.1176
turbine,432,3 d,108.0,324,ceil(3 tau),0.1,prepost_ewc,raw,2,2,1.0,,2,1.0,0.0,1.0,0.0,0.0,0.237,0.0,0.2908,
turbine,432,3 d,108.0,324,ceil(3 tau),0.1,prepost_ewc,adjusted,2,1,0.5,covariate_outside,1,1.0,,1.0,0.0,,0.0337,0.0,-0.0217,0.16
turbine,432,3 d,108.0,324,ceil(3 tau),0.25,randomization,raw,500,500,1.0,,2,0.466,0.0223,0.466,0.948,0.0099,0.5004,0.0,-0.0055,
turbine,432,3 d,108.0,324,ceil(3 tau),0.25,randomization,adjusted,500,500,1.0,,2,1.0,0.0,1.0,0.954,0.0094,0.0853,0.0,-0.0064,0.1602
turbine,432,3 d,108.0,324,ceil(3 tau),0.25,block_t,raw,500,500,1.0,,2,0.504,0.0224,0.504,0.954,0.0094,0.4957,0.0,0.0003,
turbine,432,3 d,108.0,324,ceil(3 tau),0.25,block_t,adjusted,500,500,1.0,,2,1.0,0.0,1.0,0.94,0.0106,0.0817,0.0,-0.0062,0.1587
turbine,432,3 d,108.0,324,ceil(3 tau),0.25,hac,raw,500,500,1.0,,2,0.548,0.0223,0.548,0.914,0.0126,0.4572,0.0,-0.0055,
turbine,432,3 d,108.0,324,ceil(3 tau),0.25,hac,adjusted,500,500,1.0,,2,1.0,0.0,1.0,0.896,0.0137,0.0642,0.0,-0.0064,0.1416
turbine,432,3 d,108.0,324,ceil(3 tau),0.25,ewc,raw,500,500,1.0,,2,0.628,0.0216,0.628,0.886,0.0142,0.4054,0.0,-0.0055,
turbine,432,3 d,108.0,324,ceil(3 tau),0.25,ewc,adjusted,500,500,1.0,,2,1.0,0.0,1.0,0.904,0.0132,0.0683,0.0,-0.0064,0.1648
turbine,432,3 d,108.0,324,ceil(3 tau),0.25,naive,raw,500,500,1.0,,2,0.968,0.0079,0.968,0.202,0.018,0.0708,0.0,-0.0055,
turbine,432,3 d,108.0,324,ceil(3 tau),0.25,naive,adjusted,500,500,1.0,,2,1.0,0.0,1.0,0.35,0.0214,0.018,0.0,-0.0064,0.248
turbine,432,3 d,108.0,324,ceil(3 tau),0.25,prepost_hac,raw,2,2,1.0,,2,1.0,0.0,1.0,0.0,0.0,0.3268,0.0,0.2907,
turbine,432,3 d,108.0,324,ceil(3 tau),0.25,prepost_hac,adjusted,2,1,0.5,covariate_outside,1,1.0,,1.0,0.0,,0.0323,0.0,-0.0217,0.1176
turbine,432,3 d,108.0,324,ceil(3 tau),0.25,prepost_ewc,raw,2,2,1.0,,2,1.0,0.0,1.0,0.0,0.0,0.237,0.0,0.2907,
turbine,432,3 d,108.0,324,ceil(3 tau),0.25,prepost_ewc,adjusted,2,1,0.5,covariate_outside,1,1.0,,1.0,0.0,,0.0337,0.0,-0.0217,0.16
turbine,432,3 d,108.0,324,ceil(3 tau),0.5,randomization,raw,500,500,1.0,,2,0.954,0.0094,0.954,0.948,0.0099,0.5003,0.0,-0.0131,
turbine,432,3 d,108.0,324,ceil(3 tau),0.5,randomization,adjusted,500,500,1.0,,2,1.0,0.0,1.0,0.954,0.0094,0.0845,0.0,-0.0142,0.1606
turbine,432,3 d,108.0,324,ceil(3 tau),0.5,block_t,raw,500,500,1.0,,2,0.964,0.0083,0.964,0.954,0.0094,0.496,0.0,-0.0078,
turbine,432,3 d,108.0,324,ceil(3 tau),0.5,block_t,adjusted,500,500,1.0,,2,1.0,0.0,1.0,0.94,0.0106,0.0816,0.0,-0.0138,0.1587
turbine,432,3 d,108.0,324,ceil(3 tau),0.5,hac,raw,500,500,1.0,,2,0.976,0.0069,0.976,0.914,0.0126,0.4571,0.0,-0.0131,
turbine,432,3 d,108.0,324,ceil(3 tau),0.5,hac,adjusted,500,500,1.0,,2,1.0,0.0,1.0,0.898,0.0135,0.0644,0.0,-0.0142,0.1411
turbine,432,3 d,108.0,324,ceil(3 tau),0.5,ewc,raw,500,500,1.0,,2,0.984,0.0056,0.984,0.886,0.0142,0.4054,0.0,-0.0131,
turbine,432,3 d,108.0,324,ceil(3 tau),0.5,ewc,adjusted,500,500,1.0,,2,1.0,0.0,1.0,0.904,0.0132,0.0684,0.0,-0.0142,0.1651
turbine,432,3 d,108.0,324,ceil(3 tau),0.5,naive,raw,500,500,1.0,,2,1.0,0.0,1.0,0.202,0.018,0.0708,0.0,-0.0131,
turbine,432,3 d,108.0,324,ceil(3 tau),0.5,naive,adjusted,500,500,1.0,,2,1.0,0.0,1.0,0.352,0.0214,0.018,0.0,-0.0142,0.2481
turbine,432,3 d,108.0,324,ceil(3 tau),0.5,prepost_hac,raw,2,2,1.0,,2,1.0,0.0,1.0,0.0,0.0,0.3268,0.0,0.2906,
turbine,432,3 d,108.0,324,ceil(3 tau),0.5,prepost_hac,adjusted,2,1,0.5,covariate_outside,1,1.0,,1.0,0.0,,0.0323,0.0,-0.0218,0.1176
turbine,432,3 d,108.0,324,ceil(3 tau),0.5,prepost_ewc,raw,2,2,1.0,,2,1.0,0.0,1.0,0.0,0.0,0.237,0.0,0.2906,
turbine,432,3 d,108.0,324,ceil(3 tau),0.5,prepost_ewc,adjusted,2,1,0.5,covariate_outside,1,1.0,,1.0,0.0,,0.0337,0.0,-0.0218,0.16
skab,300,5 min,0.0,0,ceil(3 tau),0.0,randomization,raw,4000,3500,0.875,no_spread,1,0.0469,0.0056,0.0469,0.9531,0.0056,1.4049,0.0,0.0021,
skab,300,5 min,0.0,0,ceil(3 tau),0.0,randomization,adjusted,4000,3500,0.875,no_spread,1,0.0469,0.0043,0.0469,0.9531,0.0043,0.3981,0.0,-0.0006,0.4191
skab,300,5 min,0.0,0,ceil(3 tau),0.0,block_t,raw,4000,3500,0.875,no_spread,1,0.0451,0.0055,0.0451,0.9549,0.0055,1.4152,0.0,0.0018,
skab,300,5 min,0.0,0,ceil(3 tau),0.0,block_t,adjusted,4000,3500,0.875,no_spread,1,0.0629,0.0049,0.0629,0.9371,0.0049,0.365,0.0,-0.0004,0.385
skab,300,5 min,0.0,0,ceil(3 tau),0.0,hac,raw,4000,3500,0.875,no_spread,1,0.1731,0.01,0.1731,0.8269,0.01,0.8263,0.0,0.0021,
skab,300,5 min,0.0,0,ceil(3 tau),0.0,hac,adjusted,4000,3500,0.875,no_spread,1,0.2674,0.0084,0.2674,0.7326,0.0084,0.1684,0.0,-0.0006,0.299
skab,300,5 min,0.0,0,ceil(3 tau),0.0,ewc,raw,4000,3500,0.875,no_spread,1,0.3077,0.0129,0.3077,0.6923,0.0129,0.5639,0.0,0.0021,
skab,300,5 min,0.0,0,ceil(3 tau),0.0,ewc,adjusted,4000,3500,0.875,no_spread,1,0.2697,0.0084,0.2697,0.7303,0.0084,0.1539,0.0,-0.0006,0.4614
skab,300,5 min,0.0,0,ceil(3 tau),0.0,naive,raw,4000,3500,0.875,no_spread,1,0.6714,0.0061,0.6714,0.3286,0.0061,0.0916,0.0,0.0021,
skab,300,5 min,0.0,0,ceil(3 tau),0.0,naive,adjusted,4000,3500,0.875,no_spread,1,0.6423,0.0061,0.6423,0.3577,0.0061,0.0489,0.0,-0.0006,0.542
skab,300,5 min,0.0,0,ceil(3 tau),0.0,prepost_hac,raw,8,7,0.875,no_spread,1,0.7143,,0.7143,0.2857,,0.5055,0.0,0.0244,
skab,300,5 min,0.0,0,ceil(3 tau),0.0,prepost_hac,adjusted,8,1,0.125,covariate_outside,1,1.0,,1.0,0.0,,0.1628,0.0,0.5985,0.1273
skab,300,5 min,0.0,0,ceil(3 tau),0.0,prepost_ewc,raw,8,7,0.875,no_spread,1,0.7143,,0.7143,0.2857,,0.3619,0.0,0.0244,
skab,300,5 min,0.0,0,ceil(3 tau),0.0,prepost_ewc,adjusted,8,1,0.125,covariate_outside,1,1.0,,1.0,0.0,,0.1215,0.0,0.5985,0.4485
skab,300,5 min,0.0,0,ceil(3 tau),0.1,randomization,raw,4000,3500,0.875,no_spread,1,0.266,0.0063,0.266,0.9531,0.0056,1.4049,0.0,0.0021,
skab,300,5 min,0.0,0,ceil(3 tau),0.1,randomization,adjusted,4000,3500,0.875,no_spread,1,0.346,0.006,0.346,0.9531,0.0043,0.3981,0.0,-0.0006,0.4191
skab,300,5 min,0.0,0,ceil(3 tau),0.1,block_t,raw,4000,3500,0.875,no_spread,1,0.2649,0.006,0.2649,0.9549,0.0055,1.4152,0.0,0.0018,
skab,300,5 min,0.0,0,ceil(3 tau),0.1,block_t,adjusted,4000,3500,0.875,no_spread,1,0.3811,0.0064,0.3811,0.9371,0.0049,0.365,0.0,-0.0004,0.385
skab,300,5 min,0.0,0,ceil(3 tau),0.1,hac,raw,4000,3500,0.875,no_spread,1,0.4163,0.0093,0.4163,0.8269,0.01,0.8263,0.0,0.0021,
skab,300,5 min,0.0,0,ceil(3 tau),0.1,hac,adjusted,4000,3500,0.875,no_spread,1,0.6449,0.0078,0.6449,0.7326,0.0084,0.1684,0.0,-0.0006,0.299
skab,300,5 min,0.0,0,ceil(3 tau),0.1,ewc,raw,4000,3500,0.875,no_spread,1,0.5503,0.0117,0.5503,0.6923,0.0129,0.5639,0.0,0.0021,
skab,300,5 min,0.0,0,ceil(3 tau),0.1,ewc,adjusted,4000,3500,0.875,no_spread,1,0.6463,0.0075,0.6463,0.7303,0.0084,0.1539,0.0,-0.0006,0.4614
skab,300,5 min,0.0,0,ceil(3 tau),0.1,naive,raw,4000,3500,0.875,no_spread,1,0.9109,0.0052,0.9109,0.3286,0.0061,0.0916,0.0,0.0021,
skab,300,5 min,0.0,0,ceil(3 tau),0.1,naive,adjusted,4000,3500,0.875,no_spread,1,0.9209,0.0046,0.9209,0.3577,0.0061,0.0489,0.0,-0.0006,0.542
skab,300,5 min,0.0,0,ceil(3 tau),0.1,prepost_hac,raw,8,7,0.875,no_spread,1,0.8571,,0.8571,0.2857,,0.5055,0.0,0.0244,
skab,300,5 min,0.0,0,ceil(3 tau),0.1,prepost_hac,adjusted,8,1,0.125,covariate_outside,1,1.0,,1.0,0.0,,0.1628,0.0,0.5985,0.1273
skab,300,5 min,0.0,0,ceil(3 tau),0.1,prepost_ewc,raw,8,7,0.875,no_spread,1,0.8571,,0.8571,0.2857,,0.3619,0.0,0.0244,
skab,300,5 min,0.0,0,ceil(3 tau),0.1,prepost_ewc,adjusted,8,1,0.125,covariate_outside,1,1.0,,1.0,0.0,,0.1215,0.0,0.5985,0.4485
skab,300,5 min,0.0,0,ceil(3 tau),0.25,randomization,raw,4000,3500,0.875,no_spread,1,0.3474,0.0054,0.3474,0.9531,0.0056,1.4049,0.0,0.0021,
skab,300,5 min,0.0,0,ceil(3 tau),0.25,randomization,adjusted,4000,3500,0.875,no_spread,1,0.6626,0.0056,0.6626,0.9531,0.0043,0.3981,0.0,-0.0006,0.4191
skab,300,5 min,0.0,0,ceil(3 tau),0.25,block_t,raw,4000,3500,0.875,no_spread,1,0.3477,0.0054,0.3477,0.9549,0.0055,1.4152,0.0,0.0018,
skab,300,5 min,0.0,0,ceil(3 tau),0.25,block_t,adjusted,4000,3500,0.875,no_spread,1,0.6943,0.0055,0.6943,0.9371,0.0049,0.365,0.0,-0.0004,0.385
skab,300,5 min,0.0,0,ceil(3 tau),0.25,hac,raw,4000,3500,0.875,no_spread,1,0.5043,0.0076,0.5043,0.8269,0.01,0.8263,0.0,0.0021,
skab,300,5 min,0.0,0,ceil(3 tau),0.25,hac,adjusted,4000,3500,0.875,no_spread,1,0.8866,0.0046,0.8866,0.7326,0.0084,0.1684,0.0,-0.0006,0.299
skab,300,5 min,0.0,0,ceil(3 tau),0.25,ewc,raw,4000,3500,0.875,no_spread,1,0.6423,0.0071,0.6423,0.6923,0.0129,0.5639,0.0,0.0021,
skab,300,5 min,0.0,0,ceil(3 tau),0.25,ewc,adjusted,4000,3500,0.875,no_spread,1,0.884,0.0047,0.884,0.7303,0.0084,0.1539,0.0,-0.0006,0.4614
skab,300,5 min,0.0,0,ceil(3 tau),0.25,naive,raw,4000,3500,0.875,no_spread,1,0.9497,0.0037,0.9497,0.3286,0.0061,0.0916,0.0,0.0021,
skab,300,5 min,0.0,0,ceil(3 tau),0.25,naive,adjusted,4000,3500,0.875,no_spread,1,0.9817,0.0022,0.9817,0.3577,0.0061,0.0489,0.0,-0.0006,0.542
skab,300,5 min,0.0,0,ceil(3 tau),0.25,prepost_hac,raw,8,7,0.875,no_spread,1,1.0,,1.0,0.2857,,0.5055,0.0,0.0244,
skab,300,5 min,0.0,0,ceil(3 tau),0.25,prepost_hac,adjusted,8,1,0.125,covariate_outside,1,1.0,,1.0,0.0,,0.1628,0.0,0.5985,0.1273
skab,300,5 min,0.0,0,ceil(3 tau),0.25,prepost_ewc,raw,8,7,0.875,no_spread,1,1.0,,1.0,0.2857,,0.3619,0.0,0.0244,
skab,300,5 min,0.0,0,ceil(3 tau),0.25,prepost_ewc,adjusted,8,1,0.125,covariate_outside,1,1.0,,1.0,0.0,,0.1215,0.0,0.5985,0.4485
skab,300,5 min,0.0,0,ceil(3 tau),0.5,randomization,raw,4000,3500,0.875,no_spread,1,0.4629,0.0068,0.4629,0.9531,0.0056,1.4049,0.0,0.0021,
skab,300,5 min,0.0,0,ceil(3 tau),0.5,randomization,adjusted,4000,3500,0.875,no_spread,1,0.914,0.0037,0.914,0.9531,0.0043,0.3981,0.0,-0.0006,0.4191
skab,300,5 min,0.0,0,ceil(3 tau),0.5,block_t,raw,4000,3500,0.875,no_spread,1,0.4626,0.0068,0.4626,0.9549,0.0055,1.4152,0.0,0.0018,
skab,300,5 min,0.0,0,ceil(3 tau),0.5,block_t,adjusted,4000,3500,0.875,no_spread,1,0.9323,0.0035,0.9323,0.9371,0.0049,0.365,0.0,-0.0004,0.385
skab,300,5 min,0.0,0,ceil(3 tau),0.5,hac,raw,4000,3500,0.875,no_spread,1,0.6726,0.0055,0.6726,0.8269,0.01,0.8263,0.0,0.0021,
skab,300,5 min,0.0,0,ceil(3 tau),0.5,hac,adjusted,4000,3500,0.875,no_spread,1,0.9871,0.0018,0.9871,0.7326,0.0084,0.1684,0.0,-0.0006,0.299
skab,300,5 min,0.0,0,ceil(3 tau),0.5,ewc,raw,4000,3500,0.875,no_spread,1,0.8043,0.0069,0.8043,0.6923,0.0129,0.5639,0.0,0.0021,
skab,300,5 min,0.0,0,ceil(3 tau),0.5,ewc,adjusted,4000,3500,0.875,no_spread,1,0.9869,0.0018,0.9869,0.7303,0.0084,0.1539,0.0,-0.0006,0.4614
skab,300,5 min,0.0,0,ceil(3 tau),0.5,naive,raw,4000,3500,0.875,no_spread,1,0.9694,0.0032,0.9694,0.3286,0.0061,0.0916,0.0,0.0021,
skab,300,5 min,0.0,0,ceil(3 tau),0.5,naive,adjusted,4000,3500,0.875,no_spread,1,0.9991,0.0005,0.9991,0.3577,0.0061,0.0489,0.0,-0.0006,0.542
skab,300,5 min,0.0,0,ceil(3 tau),0.5,prepost_hac,raw,8,7,0.875,no_spread,1,1.0,,1.0,0.2857,,0.5055,0.0,0.0244,
skab,300,5 min,0.0,0,ceil(3 tau),0.5,prepost_hac,adjusted,8,1,0.125,covariate_outside,1,1.0,,1.0,0.0,,0.1628,0.0,0.5985,0.1273
skab,300,5 min,0.0,0,ceil(3 tau),0.5,prepost_ewc,raw,8,7,0.875,no_spread,1,1.0,,1.0,0.2857,,0.3619,0.0,0.0244,
skab,300,5 min,0.0,0,ceil(3 tau),0.5,prepost_ewc,adjusted,8,1,0.125,covariate_outside,1,1.0,,1.0,0.0,,0.1215,0.0,0.5985,0.4485
skab,300,5 min,30.0,0,0,0.0,randomization,raw,4000,3500,0.875,no_spread,1,0.0469,0.0056,0.0469,0.9531,0.0056,1.4049,0.0,0.0021,
skab,300,5 min,30.0,0,0,0.0,randomization,adjusted,4000,3500,0.875,no_spread,1,0.0469,0.0043,0.0469,0.9531,0.0043,0.3981,0.0,-0.0006,0.4191
skab,300,5 min,30.0,0,0,0.0,block_t,raw,4000,3500,0.875,no_spread,1,0.0451,0.0055,0.0451,0.9549,0.0055,1.4152,0.0,0.0018,
skab,300,5 min,30.0,0,0,0.0,block_t,adjusted,4000,3500,0.875,no_spread,1,0.0629,0.0049,0.0629,0.9371,0.0049,0.365,0.0,-0.0004,0.385
skab,300,5 min,30.0,0,0,0.0,hac,raw,4000,3500,0.875,no_spread,1,0.1731,0.01,0.1731,0.8269,0.01,0.8263,0.0,0.0021,
skab,300,5 min,30.0,0,0,0.0,hac,adjusted,4000,3500,0.875,no_spread,1,0.2674,0.0084,0.2674,0.7326,0.0084,0.1684,0.0,-0.0006,0.299
skab,300,5 min,30.0,0,0,0.0,ewc,raw,4000,3500,0.875,no_spread,1,0.3077,0.0129,0.3077,0.6923,0.0129,0.5639,0.0,0.0021,
skab,300,5 min,30.0,0,0,0.0,ewc,adjusted,4000,3500,0.875,no_spread,1,0.2697,0.0084,0.2697,0.7303,0.0084,0.1539,0.0,-0.0006,0.4614
skab,300,5 min,30.0,0,0,0.0,naive,raw,4000,3500,0.875,no_spread,1,0.6714,0.0061,0.6714,0.3286,0.0061,0.0916,0.0,0.0021,
skab,300,5 min,30.0,0,0,0.0,naive,adjusted,4000,3500,0.875,no_spread,1,0.6423,0.0061,0.6423,0.3577,0.0061,0.0489,0.0,-0.0006,0.542
skab,300,5 min,30.0,0,0,0.0,prepost_hac,raw,8,7,0.875,no_spread,1,0.7143,,0.7143,0.2857,,0.5055,0.0,0.0244,
skab,300,5 min,30.0,0,0,0.0,prepost_hac,adjusted,8,1,0.125,covariate_outside,1,1.0,,1.0,0.0,,0.1628,0.0,0.5985,0.1273
skab,300,5 min,30.0,0,0,0.0,prepost_ewc,raw,8,7,0.875,no_spread,1,0.7143,,0.7143,0.2857,,0.3619,0.0,0.0244,
skab,300,5 min,30.0,0,0,0.0,prepost_ewc,adjusted,8,1,0.125,covariate_outside,1,1.0,,1.0,0.0,,0.1215,0.0,0.5985,0.4485
skab,300,5 min,30.0,0,0,0.1,randomization,raw,4000,3500,0.875,no_spread,1,0.2431,0.0066,0.2431,0.9531,0.0056,1.4049,0.0,-0.008,
skab,300,5 min,30.0,0,0,0.1,randomization,adjusted,4000,3500,0.875,no_spread,1,0.3094,0.006,0.3094,0.9523,0.0043,0.3977,0.0,-0.0115,0.4191
skab,300,5 min,30.0,0,0,0.1,block_t,raw,4000,3500,0.875,no_spread,1,0.2431,0.0066,0.2431,0.9554,0.0055,1.4152,0.0,-0.008,
skab,300,5 min,30.0,0,0,0.1,block_t,adjusted,4000,3500,0.875,no_spread,1,0.3451,0.0063,0.3451,0.9371,0.0048,0.3646,0.0,-0.0113,0.385
skab,300,5 min,30.0,0,0,0.1,hac,raw,4000,3500,0.875,no_spread,1,0.392,0.0098,0.392,0.8271,0.01,0.8263,0.0,-0.008,
skab,300,5 min,30.0,0,0,0.1,hac,adjusted,4000,3500,0.875,no_spread,1,0.6003,0.0081,0.6003,0.7317,0.0084,0.1684,0.0,-0.0115,0.2992
skab,300,5 min,30.0,0,0,0.1,ewc,raw,4000,3500,0.875,no_spread,1,0.5271,0.012,0.5271,0.6923,0.0129,0.5636,0.0,-0.008,
skab,300,5 min,30.0,0,0,0.1,ewc,adjusted,4000,3500,0.875,no_spread,1,0.6043,0.0081,0.6043,0.7311,0.0084,0.1537,0.0,-0.0115,0.4612
skab,300,5 min,30.0,0,0,0.1,naive,raw,4000,3500,0.875,no_spread,1,0.8946,0.0058,0.8946,0.3286,0.0061,0.0916,0.0,-0.008,
skab,300,5 min,30.0,0,0,0.1,naive,adjusted,4000,3500,0.875,no_spread,1,0.9009,0.0051,0.9009,0.3554,0.0061,0.0489,0.0,-0.0115,0.5422
skab,300,5 min,30.0,0,0,0.1,prepost_hac,raw,8,7,0.875,no_spread,1,0.8571,,0.8571,0.2857,,0.5054,0.0,0.0238,
skab,300,5 min,30.0,0,0,0.1,prepost_hac,adjusted,8,1,0.125,covariate_outside,1,1.0,,1.0,0.0,,0.1633,0.0,0.5979,0.1276
skab,300,5 min,30.0,0,0,0.1,prepost_ewc,raw,8,7,0.875,no_spread,1,0.8571,,0.8571,0.2857,,0.3618,0.0,0.0238,
skab,300,5 min,30.0,0,0,0.1,prepost_ewc,adjusted,8,1,0.125,covariate_outside,1,1.0,,1.0,0.0,,0.1217,0.0,0.5979,0.4493
skab,300,5 min,30.0,0,0,0.25,randomization,raw,4000,3500,0.875,no_spread,1,0.3406,0.0052,0.3406,0.9537,0.0056,1.404,0.0,-0.0232,
skab,300,5 min,30.0,0,0,0.25,randomization,adjusted,4000,3500,0.875,no_spread,1,0.62,0.0059,0.62,0.9517,0.0044,0.3973,0.0,-0.0275,0.4195
skab,300,5 min,30.0,0,0,0.25,block_t,raw,4000,3500,0.875,no_spread,1,0.3403,0.0052,0.3403,0.956,0.0056,1.414,0.0,-0.0234,
skab,300,5 min,30.0,0,0,0.25,block_t,adjusted,4000,3500,0.875,no_spread,1,0.652,0.0059,0.652,0.9366,0.0049,0.3643,0.0,-0.0275,0.3851
skab,300,5 min,30.0,0,0,0.25,hac,raw,4000,3500,0.875,no_spread,1,0.4891,0.0079,0.4891,0.828,0.01,0.8268,0.0,-0.0232,
skab,300,5 min,30.0,0,0,0.25,hac,adjusted,4000,3500,0.875,no_spread,1,0.8606,0.0049,0.8606,0.7326,0.0084,0.1693,0.0,-0.0275,0.2999
skab,300,5 min,30.0,0,0,0.25,ewc,raw,4000,3500,0.875,no_spread,1,0.628,0.0078,0.628,0.6929,0.0129,0.5635,0.0,-0.0232,
skab,300,5 min,30.0,0,0,0.25,ewc,adjusted,4000,3500,0.875,no_spread,1,0.8537,0.0049,0.8537,0.7306,0.0085,0.1543,0.0,-0.0275,0.4618
skab,300,5 min,30.0,0,0,0.25,naive,raw,4000,3500,0.875,no_spread,1,0.946,0.0039,0.946,0.3286,0.0061,0.0917,0.0,-0.0232,
skab,300,5 min,30.0,0,0,0.25,naive,adjusted,4000,3500,0.875,no_spread,1,0.978,0.0024,0.978,0.3577,0.0062,0.0489,0.0,-0.0275,0.5429
skab,300,5 min,30.0,0,0,0.25,prepost_hac,raw,8,7,0.875,no_spread,1,1.0,,1.0,0.2857,,0.5054,0.0,0.023,
skab,300,5 min,30.0,0,0,0.25,prepost_hac,adjusted,8,1,0.125,covariate_outside,1,1.0,,1.0,0.0,,0.1642,0.0,0.597,0.1287
skab,300,5 min,30.0,0,0,0.25,prepost_ewc,raw,8,7,0.875,no_spread,1,1.0,,1.0,0.2857,,0.3617,0.0,0.023,
skab,300,5 min,30.0,0,0,0.25,prepost_ewc,adjusted,8,1,0.125,covariate_outside,1,1.0,,1.0,0.0,,0.1222,0.0,0.597,0.4506
skab,300,5 min,30.0,0,0,0.5,randomization,raw,4000,3500,0.875,no_spread,1,0.4343,0.0068,0.4343,0.9543,0.0056,1.4048,0.0,-0.0496,
skab,300,5 min,30.0,0,0,0.5,randomization,adjusted,4000,3500,0.875,no_spread,1,0.8829,0.004,0.8829,0.9526,0.0044,0.3977,0.0,-0.0545,0.4202
skab,300,5 min,30.0,0,0,0.5,block_t,raw,4000,3500,0.875,no_spread,1,0.4331,0.0068,0.4331,0.9577,0.0054,1.4128,0.0,-0.0499,
skab,300,5 min,30.0,0,0,0.5,block_t,adjusted,4000,3500,0.875,no_spread,1,0.9003,0.0039,0.9003,0.9391,0.0049,0.3644,0.0,-0.0548,0.3856
skab,300,5 min,30.0,0,0,0.5,hac,raw,4000,3500,0.875,no_spread,1,0.6323,0.0051,0.6323,0.83,0.01,0.8278,0.0,-0.0496,
skab,300,5 min,30.0,0,0,0.5,hac,adjusted,4000,3500,0.875,no_spread,1,0.9794,0.0023,0.9794,0.736,0.0085,0.1734,0.0,-0.0545,0.3026
skab,300,5 min,30.0,0,0,0.5,ewc,raw,4000,3500,0.875,no_spread,1,0.7711,0.0066,0.7711,0.6949,0.0129,0.5638,0.0,-0.0496,
skab,300,5 min,30.0,0,0,0.5,ewc,adjusted,4000,3500,0.875,no_spread,1,0.9786,0.0023,0.9786,0.7371,0.0083,0.1575,0.0,-0.0545,0.4639
skab,300,5 min,30.0,0,0,0.5,naive,raw,4000,3500,0.875,no_spread,1,0.9663,0.0033,0.9663,0.3291,0.0061,0.0919,0.0,-0.0496,
skab,300,5 min,30.0,0,0,0.5,naive,adjusted,4000,3500,0.875,no_spread,1,0.998,0.0008,0.998,0.3534,0.0062,0.0493,0.0,-0.0545,0.5453
skab,300,5 min,30.0,0,0,0.5,prepost_hac,raw,8,7,0.875,no_spread,1,1.0,,1.0,0.2857,,0.5053,0.0,0.0215,
skab,300,5 min,30.0,0,0,0.5,prepost_hac,adjusted,8,1,0.125,covariate_outside,1,1.0,,1.0,0.0,,0.1658,0.0,0.5955,0.1314
skab,300,5 min,30.0,0,0,0.5,prepost_ewc,raw,8,7,0.875,no_spread,1,1.0,,1.0,0.2857,,0.3615,0.0,0.0215,
skab,300,5 min,30.0,0,0,0.5,prepost_ewc,adjusted,8,1,0.125,covariate_outside,1,1.0,,1.0,0.0,,0.1232,0.0,0.5955,0.4533
skab,300,5 min,30.0,90,ceil(3 tau),0.0,randomization,raw,4000,3500,0.875,no_spread,1,0.046,0.0056,0.046,0.954,0.0056,1.3897,0.0,0.0013,
skab,300,5 min,30.0,90,ceil(3 tau),0.0,randomization,adjusted,4000,3500,0.875,no_spread,1,0.0529,0.0046,0.0529,0.9471,0.0046,0.3975,0.0,-0.0002,0.441
skab,300,5 min,30.0,90,ceil(3 tau),0.0,block_t,raw,4000,3500,0.875,no_spread,1,0.0443,0.0055,0.0443,0.9557,0.0055,1.4019,0.0,0.001,
skab,300,5 min,30.0,90,ceil(3 tau),0.0,block_t,adjusted,4000,3500,0.875,no_spread,1,0.0694,0.0052,0.0694,0.9306,0.0052,0.3628,0.0,-0.0002,0.404
skab,300,5 min,30.0,90,ceil(3 tau),0.0,hac,raw,4000,3500,0.875,no_spread,1,0.1617,0.0094,0.1617,0.8383,0.0094,0.873,0.0,0.0013,
skab,300,5 min,30.0,90,ceil(3 tau),0.0,hac,adjusted,4000,3500,0.875,no_spread,1,0.2537,0.0082,0.2537,0.7463,0.0082,0.1857,0.0,-0.0002,0.2883
skab,300,5 min,30.0,90,ceil(3 tau),0.0,ewc,raw,4000,3500,0.875,no_spread,1,0.28,0.0124,0.28,0.72,0.0124,0.6309,0.0,0.0013,
skab,300,5 min,30.0,90,ceil(3 tau),0.0,ewc,adjusted,4000,3500,0.875,no_spread,1,0.2314,0.0083,0.2314,0.7686,0.0083,0.1773,0.0,-0.0002,0.4444
skab,300,5 min,30.0,90,ceil(3 tau),0.0,naive,raw,4000,3500,0.875,no_spread,1,0.6683,0.0068,0.6683,0.3317,0.0068,0.1062,0.0,0.0013,
skab,300,5 min,30.0,90,ceil(3 tau),0.0,naive,adjusted,4000,3500,0.875,no_spread,1,0.6251,0.0066,0.6251,0.3749,0.0066,0.0562,0.0,-0.0002,0.5348
skab,300,5 min,30.0,90,ceil(3 tau),0.0,prepost_hac,raw,8,7,0.875,no_spread,1,0.8571,,0.8571,0.1429,,0.4911,0.0,0.0288,
skab,300,5 min,30.0,90,ceil(3 tau),0.0,prepost_hac,adjusted,8,1,0.125,covariate_outside,1,1.0,,1.0,0.0,,0.1603,0.0,0.6061,0.1284
skab,300,5 min,30.0,90,ceil(3 tau),0.0,prepost_ewc,raw,8,7,0.875,no_spread,1,0.7143,,0.7143,0.2857,,0.3551,0.0,0.0288,
skab,300,5 min,30.0,90,ceil(3 tau),0.0,prepost_ewc,adjusted,8,1,0.125,covariate_outside,1,1.0,,1.0,0.0,,0.1213,0.0,0.6061,0.4559
skab,300,5 min,30.0,90,ceil(3 tau),0.1,randomization,raw,4000,3500,0.875,no_spread,1,0.2217,0.0068,0.2217,0.9543,0.0056,1.3898,0.0,0.0004,
skab,300,5 min,30.0,90,ceil(3 tau),0.1,randomization,adjusted,4000,3500,0.875,no_spread,1,0.2929,0.0062,0.2929,0.9471,0.0046,0.3976,0.0,-0.0009,0.441
skab,300,5 min,30.0,90,ceil(3 tau),0.1,block_t,raw,4000,3500,0.875,no_spread,1,0.2191,0.0067,0.2191,0.9557,0.0055,1.4018,0.0,0.0002,
skab,300,5 min,30.0,90,ceil(3 tau),0.1,block_t,adjusted,4000,3500,0.875,no_spread,1,0.3397,0.0066,0.3397,0.9306,0.0052,0.3628,0.0,-0.001,0.404
skab,300,5 min,30.0,90,ceil(3 tau),0.1,hac,raw,4000,3500,0.875,no_spread,1,0.3669,0.0098,0.3669,0.8383,0.0094,0.873,0.0,0.0004,
skab,300,5 min,30.0,90,ceil(3 tau),0.1,hac,adjusted,4000,3500,0.875,no_spread,1,0.584,0.0081,0.584,0.746,0.0082,0.1857,0.0,-0.0009,0.2884
skab,300,5 min,30.0,90,ceil(3 tau),0.1,ewc,raw,4000,3500,0.875,no_spread,1,0.48,0.0119,0.48,0.72,0.0124,0.6308,0.0,0.0004,
skab,300,5 min,30.0,90,ceil(3 tau),0.1,ewc,adjusted,4000,3500,0.875,no_spread,1,0.5603,0.0082,0.5603,0.7683,0.0083,0.1773,0.0,-0.0009,0.4443
skab,300,5 min,30.0,90,ceil(3 tau),0.1,naive,raw,4000,3500,0.875,no_spread,1,0.8634,0.0066,0.8634,0.3317,0.0068,0.1062,0.0,0.0004,
skab,300,5 min,30.0,90,ceil(3 tau),0.1,naive,adjusted,4000,3500,0.875,no_spread,1,0.8783,0.0054,0.8783,0.3749,0.0066,0.0562,0.0,-0.0009,0.5348
skab,300,5 min,30.0,90,ceil(3 tau),0.1,prepost_hac,raw,8,7,0.875,no_spread,1,0.8571,,0.8571,0.1429,,0.4911,0.0,0.0288,
skab,300,5 min,30.0,90,ceil(3 tau),0.1,prepost_hac,adjusted,8,1,0.125,covariate_outside,1,1.0,,1.0,0.0,,0.1604,0.0,0.6061,0.1284
skab,300,5 min,30.0,90,ceil(3 tau),0.1,prepost_ewc,raw,8,7,0.875,no_spread,1,0.8571,,0.8571,0.2857,,0.3551,0.0,0.0288,
skab,300,5 min,30.0,90,ceil(3 tau),0.1,prepost_ewc,adjusted,8,1,0.125,covariate_outside,1,1.0,,1.0,0.0,,0.1213,0.0,0.6061,0.4559
skab,300,5 min,30.0,90,ceil(3 tau),0.25,randomization,raw,4000,3500,0.875,no_spread,1,0.3523,0.0057,0.3523,0.954,0.0056,1.39,0.0,-0.0007,
skab,300,5 min,30.0,90,ceil(3 tau),0.25,randomization,adjusted,4000,3500,0.875,no_spread,1,0.6657,0.0055,0.6657,0.9471,0.0046,0.3976,0.0,-0.0022,0.441
skab,300,5 min,30.0,90,ceil(3 tau),0.25,block_t,raw,4000,3500,0.875,no_spread,1,0.3517,0.0056,0.3517,0.9557,0.0055,1.4017,0.0,-0.0008,
skab,300,5 min,30.0,90,ceil(3 tau),0.25,block_t,adjusted,4000,3500,0.875,no_spread,1,0.7037,0.0056,0.7037,0.9306,0.0052,0.3628,0.0,-0.0024,0.404
skab,300,5 min,30.0,90,ceil(3 tau),0.25,hac,raw,4000,3500,0.875,no_spread,1,0.4897,0.0076,0.4897,0.8383,0.0094,0.8729,0.0,-0.0007,
skab,300,5 min,30.0,90,ceil(3 tau),0.25,hac,adjusted,4000,3500,0.875,no_spread,1,0.8886,0.0046,0.8886,0.7463,0.0082,0.1856,0.0,-0.0022,0.2884
skab,300,5 min,30.0,90,ceil(3 tau),0.25,ewc,raw,4000,3500,0.875,no_spread,1,0.6089,0.0077,0.6089,0.72,0.0124,0.6308,0.0,-0.0007,
skab,300,5 min,30.0,90,ceil(3 tau),0.25,ewc,adjusted,4000,3500,0.875,no_spread,1,0.8717,0.005,0.8717,0.7683,0.0083,0.1772,0.0,-0.0022,0.4442
skab,300,5 min,30.0,90,ceil(3 tau),0.25,naive,raw,4000,3500,0.875,no_spread,1,0.9343,0.0043,0.9343,0.3317,0.0068,0.1062,0.0,-0.0007,
skab,300,5 min,30.0,90,ceil(3 tau),0.25,naive,adjusted,4000,3500,0.875,no_spread,1,0.9806,0.0024,0.9806,0.3749,0.0066,0.0562,0.0,-0.0022,0.5348
skab,300,5 min,30.0,90,ceil(3 tau),0.25,prepost_hac,raw,8,7,0.875,no_spread,1,1.0,,1.0,0.1429,,0.4911,0.0,0.0287,
skab,300,5 min,30.0,90,ceil(3 tau),0.25,prepost_hac,adjusted,8,1,0.125,covariate_outside,1,1.0,,1.0,0.0,,0.1604,0.0,0.606,0.1284
skab,300,5 min,30.0,90,ceil(3 tau),0.25,prepost_ewc,raw,8,7,0.875,no_spread,1,1.0,,1.0,0.2857,,0.3551,0.0,0.0287,
skab,300,5 min,30.0,90,ceil(3 tau),0.25,prepost_ewc,adjusted,8,1,0.125,covariate_outside,1,1.0,,1.0,0.0,,0.1214,0.0,0.606,0.456
skab,300,5 min,30.0,90,ceil(3 tau),0.5,randomization,raw,4000,3500,0.875,no_spread,1,0.4649,0.0068,0.4649,0.954,0.0056,1.3901,0.0,-0.0026,
skab,300,5 min,30.0,90,ceil(3 tau),0.5,randomization,adjusted,4000,3500,0.875,no_spread,1,0.9149,0.0036,0.9149,0.9471,0.0046,0.3977,0.0,-0.0042,0.4411
skab,300,5 min,30.0,90,ceil(3 tau),0.5,block_t,raw,4000,3500,0.875,no_spread,1,0.4629,0.0068,0.4629,0.9557,0.0055,1.4015,0.0,-0.0027,
skab,300,5 min,30.0,90,ceil(3 tau),0.5,block_t,adjusted,4000,3500,0.875,no_spread,1,0.934,0.0035,0.934,0.9309,0.0052,0.3627,0.0,-0.0043,0.404
skab,300,5 min,30.0,90,ceil(3 tau),0.5,hac,raw,4000,3500,0.875,no_spread,1,0.6546,0.0052,0.6546,0.8383,0.0094,0.8729,0.0,-0.0026,
skab,300,5 min,30.0,90,ceil(3 tau),0.5,hac,adjusted,4000,3500,0.875,no_spread,1,0.986,0.0019,0.986,0.7457,0.0082,0.1857,0.0,-0.0042,0.2885
skab,300,5 min,30.0,90,ceil(3 tau),0.5,ewc,raw,4000,3500,0.875,no_spread,1,0.7774,0.0067,0.7774,0.72,0.0124,0.6307,0.0,-0.0026,
skab,300,5 min,30.0,90,ceil(3 tau),0.5,ewc,adjusted,4000,3500,0.875,no_spread,1,0.9843,0.002,0.9843,0.7686,0.0083,0.1772,0.0,-0.0042,0.4441
skab,300,5 min,30.0,90,ceil(3 tau),0.5,naive,raw,4000,3500,0.875,no_spread,1,0.9646,0.0035,0.9646,0.3317,0.0068,0.1062,0.0,-0.0026,
skab,300,5 min,30.0,90,ceil(3 tau),0.5,naive,adjusted,4000,3500,0.875,no_spread,1,0.9986,0.0006,0.9986,0.3754,0.0066,0.0562,0.0,-0.0042,0.5349
skab,300,5 min,30.0,90,ceil(3 tau),0.5,prepost_hac,raw,8,7,0.875,no_spread,1,1.0,,1.0,0.1429,,0.4911,0.0,0.0287,
skab,300,5 min,30.0,90,ceil(3 tau),0.5,prepost_hac,adjusted,8,1,0.125,covariate_outside,1,1.0,,1.0,0.0,,0.1605,0.0,0.606,0.1284
skab,300,5 min,30.0,90,ceil(3 tau),0.5,prepost_ewc,raw,8,7,0.875,no_spread,1,1.0,,1.0,0.2857,,0.3551,0.0,0.0287,
skab,300,5 min,30.0,90,ceil(3 tau),0.5,prepost_ewc,adjusted,8,1,0.125,covariate_outside,1,1.0,,1.0,0.0,,0.1214,0.0,0.606,0.4561
skab,300,5 min,75.0,0,0,0.0,randomization,raw,4000,3500,0.875,no_spread,1,0.0469,0.0056,0.0469,0.9531,0.0056,1.4049,0.0,0.0021,
skab,300,5 min,75.0,0,0,0.0,randomization,adjusted,4000,3500,0.875,no_spread,1,0.0469,0.0043,0.0469,0.9531,0.0043,0.3981,0.0,-0.0006,0.4191
skab,300,5 min,75.0,0,0,0.0,block_t,raw,4000,3500,0.875,no_spread,1,0.0451,0.0055,0.0451,0.9549,0.0055,1.4152,0.0,0.0018,
skab,300,5 min,75.0,0,0,0.0,block_t,adjusted,4000,3500,0.875,no_spread,1,0.0629,0.0049,0.0629,0.9371,0.0049,0.365,0.0,-0.0004,0.385
skab,300,5 min,75.0,0,0,0.0,hac,raw,4000,3500,0.875,no_spread,1,0.1731,0.01,0.1731,0.8269,0.01,0.8263,0.0,0.0021,
skab,300,5 min,75.0,0,0,0.0,hac,adjusted,4000,3500,0.875,no_spread,1,0.2674,0.0084,0.2674,0.7326,0.0084,0.1684,0.0,-0.0006,0.299
skab,300,5 min,75.0,0,0,0.0,ewc,raw,4000,3500,0.875,no_spread,1,0.3077,0.0129,0.3077,0.6923,0.0129,0.5639,0.0,0.0021,
skab,300,5 min,75.0,0,0,0.0,ewc,adjusted,4000,3500,0.875,no_spread,1,0.2697,0.0084,0.2697,0.7303,0.0084,0.1539,0.0,-0.0006,0.4614
skab,300,5 min,75.0,0,0,0.0,naive,raw,4000,3500,0.875,no_spread,1,0.6714,0.0061,0.6714,0.3286,0.0061,0.0916,0.0,0.0021,
skab,300,5 min,75.0,0,0,0.0,naive,adjusted,4000,3500,0.875,no_spread,1,0.6423,0.0061,0.6423,0.3577,0.0061,0.0489,0.0,-0.0006,0.542
skab,300,5 min,75.0,0,0,0.0,prepost_hac,raw,8,7,0.875,no_spread,1,0.7143,,0.7143,0.2857,,0.5055,0.0,0.0244,
skab,300,5 min,75.0,0,0,0.0,prepost_hac,adjusted,8,1,0.125,covariate_outside,1,1.0,,1.0,0.0,,0.1628,0.0,0.5985,0.1273
skab,300,5 min,75.0,0,0,0.0,prepost_ewc,raw,8,7,0.875,no_spread,1,0.7143,,0.7143,0.2857,,0.3619,0.0,0.0244,
skab,300,5 min,75.0,0,0,0.0,prepost_ewc,adjusted,8,1,0.125,covariate_outside,1,1.0,,1.0,0.0,,0.1215,0.0,0.5985,0.4485
skab,300,5 min,75.0,0,0,0.1,randomization,raw,4000,3500,0.875,no_spread,1,0.206,0.0073,0.206,0.9537,0.0056,1.4039,0.0,-0.0231,
skab,300,5 min,75.0,0,0,0.1,randomization,adjusted,4000,3500,0.875,no_spread,1,0.2443,0.006,0.2443,0.952,0.0043,0.3974,0.0,-0.0273,0.4196
skab,300,5 min,75.0,0,0,0.1,block_t,raw,4000,3500,0.875,no_spread,1,0.204,0.0073,0.204,0.956,0.0056,1.414,0.0,-0.0233,
skab,300,5 min,75.0,0,0,0.1,block_t,adjusted,4000,3500,0.875,no_spread,1,0.2854,0.0064,0.2854,0.9366,0.0049,0.3643,0.0,-0.0273,0.3851
skab,300,5 min,75.0,0,0,0.1,hac,raw,4000,3500,0.875,no_spread,1,0.3563,0.0103,0.3563,0.828,0.01,0.8265,0.0,-0.0231,
skab,300,5 min,75.0,0,0,0.1,hac,adjusted,4000,3500,0.875,no_spread,1,0.5303,0.0086,0.5303,0.7309,0.0084,0.1684,0.0,-0.0273,0.2992
skab,300,5 min,75.0,0,0,0.1,ewc,raw,4000,3500,0.875,no_spread,1,0.4857,0.0127,0.4857,0.6923,0.0129,0.5632,0.0,-0.0231,
skab,300,5 min,75.0,0,0,0.1,ewc,adjusted,4000,3500,0.875,no_spread,1,0.5317,0.0086,0.5317,0.7297,0.0084,0.1537,0.0,-0.0273,0.4612
skab,300,5 min,75.0,0,0,0.1,naive,raw,4000,3500,0.875,no_spread,1,0.8606,0.0067,0.8606,0.3286,0.0061,0.0917,0.0,-0.0231,
skab,300,5 min,75.0,0,0,0.1,naive,adjusted,4000,3500,0.875,no_spread,1,0.8634,0.0055,0.8634,0.3571,0.0061,0.0489,0.0,-0.0273,0.5422
skab,300,5 min,75.0,0,0,0.1,prepost_hac,raw,8,7,0.875,no_spread,1,0.8571,,0.8571,0.2857,,0.5054,0.0,0.0229,
skab,300,5 min,75.0,0,0,0.1,prepost_hac,adjusted,8,1,0.125,covariate_outside,1,1.0,,1.0,0.0,,0.1644,0.0,0.597,0.1284
skab,300,5 min,75.0,0,0,0.1,prepost_ewc,raw,8,7,0.875,no_spread,1,0.8571,,0.8571,0.2857,,0.3617,0.0,0.0229,
skab,300,5 min,75.0,0,0,0.1,prepost_ewc,adjusted,8,1,0.125,covariate_outside,1,1.0,,1.0,0.0,,0.1222,0.0,0.597,0.4507
skab,300,5 min,75.0,0,0,0.25,randomization,raw,4000,3500,0.875,no_spread,1,0.3314,0.0052,0.3314,0.9551,0.0055,1.4055,0.0,-0.0619,
skab,300,5 min,75.0,0,0,0.25,randomization,adjusted,4000,3500,0.875,no_spread,1,0.5369,0.0065,0.5369,0.954,0.0043,0.3979,0.0,-0.068,0.4205
skab,300,5 min,75.0,0,0,0.25,block_t,raw,4000,3500,0.875,no_spread,1,0.332,0.0052,0.332,0.9589,0.0054,1.4118,0.0,-0.062,
skab,300,5 min,75.0,0,0,0.25,block_t,adjusted,4000,3500,0.875,no_spread,1,0.5717,0.0064,0.5717,0.9394,0.0049,0.3648,0.0,-0.0679,0.386
skab,300,5 min,75.0,0,0,0.25,hac,raw,4000,3500,0.875,no_spread,1,0.4714,0.0083,0.4714,0.8283,0.01,0.8256,0.0,-0.0619,
skab,300,5 min,75.0,0,0,0.25,hac,adjusted,4000,3500,0.875,no_spread,1,0.814,0.0055,0.814,0.7306,0.0086,0.1709,0.0,-0.068,0.3008
skab,300,5 min,75.0,0,0,0.25,ewc,raw,4000,3500,0.875,no_spread,1,0.6094,0.0089,0.6094,0.6943,0.0129,0.5633,0.0,-0.0619,
skab,300,5 min,75.0,0,0,0.25,ewc,adjusted,4000,3500,0.875,no_spread,1,0.8063,0.0057,0.8063,0.732,0.0085,0.1558,0.0,-0.068,0.4628
skab,300,5 min,75.0,0,0,0.25,naive,raw,4000,3500,0.875,no_spread,1,0.9391,0.0041,0.9391,0.3289,0.0062,0.0918,0.0,-0.0619,
skab,300,5 min,75.0,0,0,0.25,naive,adjusted,4000,3500,0.875,no_spread,1,0.9683,0.0029,0.9683,0.3526,0.0062,0.0491,0.0,-0.068,0.5435
skab,300,5 min,75.0,0,0,0.25,prepost_hac,raw,8,7,0.875,no_spread,1,1.0,,1.0,0.2857,,0.5053,0.0,0.0207,
skab,300,5 min,75.0,0,0,0.25,prepost_hac,adjusted,8,1,0.125,covariate_outside,1,1.0,,1.0,0.0,,0.1672,0.0,0.5947,0.1307
skab,300,5 min,75.0,0,0,0.25,prepost_ewc,raw,8,7,0.875,no_spread,1,1.0,,1.0,0.2857,,0.3615,0.0,0.0207,
skab,300,5 min,75.0,0,0,0.25,prepost_ewc,adjusted,8,1,0.125,covariate_outside,1,1.0,,1.0,0.0,,0.1236,0.0,0.5947,0.4545
skab,300,5 min,75.0,0,0,0.5,randomization,raw,4000,3500,0.875,no_spread,1,0.3951,0.0065,0.3951,0.962,0.0053,1.4081,0.0,-0.1255,
skab,300,5 min,75.0,0,0,0.5,randomization,adjusted,4000,3500,0.875,no_spread,1,0.8057,0.0048,0.8057,0.9571,0.0044,0.4031,0.0,-0.1363,0.4228
skab,300,5 min,75.0,0,0,0.5,block_t,raw,4000,3500,0.875,no_spread,1,0.3966,0.0064,0.3966,0.9631,0.0053,1.4113,0.0,-0.1255,
skab,300,5 min,75.0,0,0,0.5,block_t,adjusted,4000,3500,0.875,no_spread,1,0.8326,0.0047,0.8326,0.9429,0.0051,0.3692,0.0,-0.1363,0.3891
skab,300,5 min,75.0,0,0,0.5,hac,raw,4000,3500,0.875,no_spread,1,0.5729,0.0062,0.5729,0.8306,0.0101,0.8291,0.0,-0.1255,
skab,300,5 min,75.0,0,0,0.5,hac,adjusted,4000,3500,0.875,no_spread,1,0.9583,0.0031,0.9583,0.7391,0.0088,0.1813,0.0,-0.1363,0.3083
skab,300,5 min,75.0,0,0,0.5,ewc,raw,4000,3500,0.875,no_spread,1,0.7169,0.006,0.7169,0.7003,0.0128,0.5642,0.0,-0.1255,
skab,300,5 min,75.0,0,0,0.5,ewc,adjusted,4000,3500,0.875,no_spread,1,0.9546,0.0032,0.9546,0.7426,0.0086,0.1639,0.0,-0.1363,0.4685
skab,300,5 min,75.0,0,0,0.5,naive,raw,4000,3500,0.875,no_spread,1,0.9631,0.0033,0.9631,0.3297,0.0062,0.0923,0.0,-0.1255,
skab,300,5 min,75.0,0,0,0.5,naive,adjusted,4000,3500,0.875,no_spread,1,0.9937,0.0013,0.9937,0.3523,0.0063,0.0498,0.0,-0.1363,0.5484
skab,300,5 min,75.0,0,0,0.5,prepost_hac,raw,8,7,0.875,no_spread,1,1.0,,1.0,0.2857,,0.5052,0.0,0.0169,
skab,300,5 min,75.0,0,0,0.5,prepost_hac,adjusted,8,1,0.125,covariate_outside,1,1.0,,1.0,0.0,,0.1725,0.0,0.591,0.136
skab,300,5 min,75.0,0,0,0.5,prepost_ewc,raw,8,7,0.875,no_spread,1,1.0,,1.0,0.2857,,0.3613,0.0,0.0169,
skab,300,5 min,75.0,0,0,0.5,prepost_ewc,adjusted,8,1,0.125,covariate_outside,1,1.0,,1.0,0.0,,0.1261,0.0,0.591,0.4617
skab,300,5 min,75.0,225,ceil(3 tau),0.0,randomization,raw,4000,3500,0.875,no_spread,1,0.0509,0.0054,0.0509,0.9491,0.0054,1.3545,0.0,0.002,
skab,300,5 min,75.0,225,ceil(3 tau),0.0,randomization,adjusted,4000,3500,0.875,no_spread,1,0.0514,0.0045,0.0514,0.9486,0.0045,0.4081,0.0,0.0014,0.4719
skab,300,5 min,75.0,225,ceil(3 tau),0.0,block_t,raw,4000,3500,0.875,no_spread,1,0.0494,0.0054,0.0494,0.9506,0.0054,1.3623,0.0,0.0021,
skab,300,5 min,75.0,225,ceil(3 tau),0.0,block_t,adjusted,4000,3500,0.875,no_spread,1,0.08,0.0056,0.08,0.92,0.0056,0.3689,0.0,0.0016,0.4252
skab,300,5 min,75.0,225,ceil(3 tau),0.0,hac,raw,4000,3500,0.875,no_spread,1,0.1177,0.0079,0.1177,0.8823,0.0079,1.0297,0.0,0.002,
skab,300,5 min,75.0,225,ceil(3 tau),0.0,hac,adjusted,4000,3500,0.875,no_spread,1,0.184,0.0077,0.184,0.816,0.0077,0.2686,0.0,0.0014,0.3293
skab,300,5 min,75.0,225,ceil(3 tau),0.0,ewc,raw,4000,3500,0.875,no_spread,1,0.1623,0.01,0.1623,0.8377,0.01,0.8635,0.0,0.002,
skab,300,5 min,75.0,225,ceil(3 tau),0.0,ewc,adjusted,4000,3500,0.875,no_spread,1,0.1394,0.0067,0.1394,0.8606,0.0067,0.3234,0.0,0.0014,0.4447
skab,300,5 min,75.0,225,ceil(3 tau),0.0,naive,raw,4000,3500,0.875,no_spread,1,0.6143,0.0084,0.6143,0.3857,0.0084,0.1764,0.0,0.002,
skab,300,5 min,75.0,225,ceil(3 tau),0.0,naive,adjusted,4000,3500,0.875,no_spread,1,0.558,0.0075,0.558,0.442,0.0075,0.0987,0.0,0.0014,0.5427
skab,300,5 min,75.0,225,ceil(3 tau),0.0,prepost_hac,raw,8,7,0.875,no_spread,1,0.7143,,0.7143,0.2857,,0.4747,0.0,0.0259,
skab,300,5 min,75.0,225,ceil(3 tau),0.0,prepost_hac,adjusted,8,1,0.125,covariate_outside,1,1.0,,1.0,0.0,,0.1563,0.0,0.6187,0.1298
skab,300,5 min,75.0,225,ceil(3 tau),0.0,prepost_ewc,raw,8,7,0.875,no_spread,1,0.7143,,0.7143,0.2857,,0.3484,0.0,0.0259,
skab,300,5 min,75.0,225,ceil(3 tau),0.0,prepost_ewc,adjusted,8,1,0.125,covariate_outside,1,1.0,,1.0,0.0,,0.1207,0.0,0.6187,0.4658
skab,300,5 min,75.0,225,ceil(3 tau),0.1,randomization,raw,4000,3500,0.875,no_spread,1,0.1389,0.0075,0.1389,0.9491,0.0054,1.3542,0.0,-0.0013,
skab,300,5 min,75.0,225,ceil(3 tau),0.1,randomization,adjusted,4000,3500,0.875,no_spread,1,0.2057,0.0067,0.2057,0.9491,0.0045,0.408,0.0,-0.0022,0.4721
skab,300,5 min,75.0,225,ceil(3 tau),0.1,block_t,raw,4000,3500,0.875,no_spread,1,0.1377,0.0074,0.1377,0.9506,0.0054,1.3622,0.0,-0.0015,
skab,300,5 min,75.0,225,ceil(3 tau),0.1,block_t,adjusted,4000,3500,0.875,no_spread,1,0.2534,0.007,0.2534,0.9203,0.0055,0.3687,0.0,-0.0021,0.4252
skab,300,5 min,75.0,225,ceil(3 tau),0.1,hac,raw,4000,3500,0.875,no_spread,1,0.2271,0.0093,0.2271,0.8826,0.0079,1.0293,0.0,-0.0013,
skab,300,5 min,75.0,225,ceil(3 tau),0.1,hac,adjusted,4000,3500,0.875,no_spread,1,0.3877,0.0086,0.3877,0.8157,0.0077,0.2685,0.0,-0.0022,0.3292
skab,300,5 min,75.0,225,ceil(3 tau),0.1,ewc,raw,4000,3500,0.875,no_spread,1,0.2691,0.0109,0.2691,0.8377,0.01,0.8634,0.0,-0.0013,
skab,300,5 min,75.0,225,ceil(3 tau),0.1,ewc,adjusted,4000,3500,0.875,no_spread,1,0.3131,0.0079,0.3131,0.8603,0.0068,0.3233,0.0,-0.0022,0.4447
skab,300,5 min,75.0,225,ceil(3 tau),0.1,naive,raw,4000,3500,0.875,no_spread,1,0.7289,0.0085,0.7289,0.3857,0.0084,0.1764,0.0,-0.0013,
skab,300,5 min,75.0,225,ceil(3 tau),0.1,naive,adjusted,4000,3500,0.875,no_spread,1,0.7374,0.0069,0.7374,0.4431,0.0075,0.0987,0.0,-0.0022,0.5426
skab,300,5 min,75.0,225,ceil(3 tau),0.1,prepost_hac,raw,8,7,0.875,no_spread,1,0.8571,,0.8571,0.2857,,0.4747,0.0,0.0258,
skab,300,5 min,75.0,225,ceil(3 tau),0.1,prepost_hac,adjusted,8,1,0.125,covariate_outside,1,1.0,,1.0,0.0,,0.1564,0.0,0.6186,0.1299
skab,300,5 min,75.0,225,ceil(3 tau),0.1,prepost_ewc,raw,8,7,0.875,no_spread,1,0.8571,,0.8571,0.2857,,0.3484,0.0,0.0258,
skab,300,5 min,75.0,225,ceil(3 tau),0.1,prepost_ewc,adjusted,8,1,0.125,covariate_outside,1,1.0,,1.0,0.0,,0.1207,0.0,0.6186,0.4659
skab,300,5 min,75.0,225,ceil(3 tau),0.25,randomization,raw,4000,3500,0.875,no_spread,1,0.3249,0.006,0.3249,0.9489,0.0054,1.3541,0.0,-0.0062,
skab,300,5 min,75.0,225,ceil(3 tau),0.25,randomization,adjusted,4000,3500,0.875,no_spread,1,0.5917,0.0059,0.5917,0.9491,0.0045,0.4082,0.0,-0.0073,0.4721
skab,300,5 min,75.0,225,ceil(3 tau),0.25,block_t,raw,4000,3500,0.875,no_spread,1,0.3254,0.006,0.3254,0.9509,0.0054,1.3621,0.0,-0.0064,
skab,300,5 min,75.0,225,ceil(3 tau),0.25,block_t,adjusted,4000,3500,0.875,no_spread,1,0.6377,0.0059,0.6377,0.9206,0.0055,0.3685,0.0,-0.0075,0.4252
skab,300,5 min,75.0,225,ceil(3 tau),0.25,hac,raw,4000,3500,0.875,no_spread,1,0.4269,0.0073,0.4269,0.8826,0.0079,1.0292,0.0,-0.0062,
skab,300,5 min,75.0,225,ceil(3 tau),0.25,hac,adjusted,4000,3500,0.875,no_spread,1,0.7986,0.0061,0.7986,0.8163,0.0077,0.2685,0.0,-0.0073,0.3292
skab,300,5 min,75.0,225,ceil(3 tau),0.25,ewc,raw,4000,3500,0.875,no_spread,1,0.4786,0.0085,0.4786,0.8377,0.01,0.8633,0.0,-0.0062,
skab,300,5 min,75.0,225,ceil(3 tau),0.25,ewc,adjusted,4000,3500,0.875,no_spread,1,0.752,0.0068,0.752,0.8609,0.0068,0.3232,0.0,-0.0073,0.4449
skab,300,5 min,75.0,225,ceil(3 tau),0.25,naive,raw,4000,3500,0.875,no_spread,1,0.8797,0.0054,0.8797,0.3857,0.0084,0.1765,0.0,-0.0062,
skab,300,5 min,75.0,225,ceil(3 tau),0.25,naive,adjusted,4000,3500,0.875,no_spread,1,0.9523,0.0034,0.9523,0.4429,0.0075,0.0986,0.0,-0.0073,0.5426
skab,300,5 min,75.0,225,ceil(3 tau),0.25,prepost_hac,raw,8,7,0.875,no_spread,1,1.0,,1.0,0.2857,,0.4747,0.0,0.0257,
skab,300,5 min,75.0,225,ceil(3 tau),0.25,prepost_hac,adjusted,8,1,0.125,covariate_outside,1,1.0,,1.0,0.0,,0.1565,0.0,0.6185,0.13
skab,300,5 min,75.0,225,ceil(3 tau),0.25,prepost_ewc,raw,8,7,0.875,no_spread,1,1.0,,1.0,0.2857,,0.3484,0.0,0.0257,
skab,300,5 min,75.0,225,ceil(3 tau),0.25,prepost_ewc,adjusted,8,1,0.125,covariate_outside,1,1.0,,1.0,0.0,,0.1208,0.0,0.6185,0.4661
skab,300,5 min,75.0,225,ceil(3 tau),0.5,randomization,raw,4000,3500,0.875,no_spread,1,0.4603,0.0066,0.4603,0.9483,0.0054,1.354,0.0,-0.0141,
skab,300,5 min,75.0,225,ceil(3 tau),0.5,randomization,adjusted,4000,3500,0.875,no_spread,1,0.8726,0.0047,0.8726,0.9483,0.0045,0.4079,0.0,-0.0166,0.4721
skab,300,5 min,75.0,225,ceil(3 tau),0.5,block_t,raw,4000,3500,0.875,no_spread,1,0.4583,0.0067,0.4583,0.9506,0.0054,1.3611,0.0,-0.0149,
skab,300,5 min,75.0,225,ceil(3 tau),0.5,block_t,adjusted,4000,3500,0.875,no_spread,1,0.902,0.0043,0.902,0.9206,0.0056,0.3682,0.0,-0.0164,0.4253
skab,300,5 min,75.0,225,ceil(3 tau),0.5,hac,raw,4000,3500,0.875,no_spread,1,0.5889,0.0057,0.5889,0.8826,0.0079,1.0289,0.0,-0.0141,
skab,300,5 min,75.0,225,ceil(3 tau),0.5,hac,adjusted,4000,3500,0.875,no_spread,1,0.9754,0.0026,0.9754,0.8169,0.0076,0.2686,0.0,-0.0166,0.3292
skab,300,5 min,75.0,225,ceil(3 tau),0.5,ewc,raw,4000,3500,0.875,no_spread,1,0.6589,0.0055,0.6589,0.838,0.0099,0.8631,0.0,-0.0141,
skab,300,5 min,75.0,225,ceil(3 tau),0.5,ewc,adjusted,4000,3500,0.875,no_spread,1,0.9671,0.0029,0.9671,0.86,0.0068,0.3232,0.0,-0.0166,0.4448
skab,300,5 min,75.0,225,ceil(3 tau),0.5,naive,raw,4000,3500,0.875,no_spread,1,0.944,0.0042,0.944,0.3857,0.0084,0.1765,0.0,-0.0141,
skab,300,5 min,75.0,225,ceil(3 tau),0.5,naive,adjusted,4000,3500,0.875,no_spread,1,0.9957,0.0011,0.9957,0.4431,0.0075,0.0986,0.0,-0.0166,0.5427
skab,300,5 min,75.0,225,ceil(3 tau),0.5,prepost_hac,raw,8,7,0.875,no_spread,1,1.0,,1.0,0.2857,,0.4747,0.0,0.0255,
skab,300,5 min,75.0,225,ceil(3 tau),0.5,prepost_hac,adjusted,8,1,0.125,covariate_outside,1,1.0,,1.0,0.0,,0.1568,0.0,0.6183,0.1302
skab,300,5 min,75.0,225,ceil(3 tau),0.5,prepost_ewc,raw,8,7,0.875,no_spread,1,1.0,,1.0,0.2857,,0.3484,0.0,0.0255,
skab,300,5 min,75.0,225,ceil(3 tau),0.5,prepost_ewc,adjusted,8,1,0.125,covariate_outside,1,1.0,,1.0,0.0,,0.1209,0.0,0.6183,0.4664
skab,600,10 min,0.0,0,ceil(3 tau),0.0,randomization,raw,4000,3500,0.875,no_spread,1,0.0409,0.0051,0.0409,0.9591,0.0051,2.1186,0.0,0.0005,
skab,600,10 min,0.0,0,ceil(3 tau),0.0,randomization,adjusted,4000,3500,0.875,no_spread,1,0.048,0.0044,0.048,0.952,0.0044,0.6464,0.0,0.0,0.4439
skab,600,10 min,0.0,0,ceil(3 tau),0.0,block_t,raw,4000,3500,0.875,no_spread,1,0.038,0.0049,0.038,0.962,0.0049,2.1448,0.0,0.0004,
skab,600,10 min,0.0,0,ceil(3 tau),0.0,block_t,adjusted,4000,3500,0.875,no_spread,1,0.0889,0.0056,0.0889,0.9111,0.0056,0.5497,0.0,0.0,0.3704
skab,600,10 min,0.0,0,ceil(3 tau),0.0,hac,raw,4000,3500,0.875,no_spread,1,0.2506,0.0112,0.2506,0.7494,0.0112,0.875,0.0,0.0005,
skab,600,10 min,0.0,0,ceil(3 tau),0.0,hac,adjusted,4000,3500,0.875,no_spread,1,0.3889,0.0081,0.3889,0.6111,0.0081,0.1679,0.0,0.0,0.302
skab,600,10 min,0.0,0,ceil(3 tau),0.0,ewc,raw,4000,3500,0.875,no_spread,1,0.4049,0.0122,0.4049,0.5951,0.0122,0.5621,0.0,0.0005,
skab,600,10 min,0.0,0,ceil(3 tau),0.0,ewc,adjusted,4000,3500,0.875,no_spread,1,0.398,0.0082,0.398,0.602,0.0082,0.1525,0.0,0.0,0.4838
skab,600,10 min,0.0,0,ceil(3 tau),0.0,naive,raw,4000,3500,0.875,no_spread,1,0.6971,0.0049,0.6971,0.3029,0.0049,0.0911,0.0,0.0005,
skab,600,10 min,0.0,0,ceil(3 tau),0.0,naive,adjusted,4000,3500,0.875,no_spread,1,0.672,0.0056,0.672,0.328,0.0056,0.051,0.0,0.0,0.5745
skab,600,10 min,0.0,0,ceil(3 tau),0.0,prepost_hac,raw,8,7,0.875,no_spread,1,0.7143,,0.7143,0.2857,,0.5055,0.0,0.0244,
skab,600,10 min,0.0,0,ceil(3 tau),0.0,prepost_hac,adjusted,8,1,0.125,covariate_outside,1,1.0,,1.0,0.0,,0.1628,0.0,0.5985,0.1273
skab,600,10 min,0.0,0,ceil(3 tau),0.0,prepost_ewc,raw,8,7,0.875,no_spread,1,0.7143,,0.7143,0.2857,,0.3619,0.0,0.0244,
skab,600,10 min,0.0,0,ceil(3 tau),0.0,prepost_ewc,adjusted,8,1,0.125,covariate_outside,1,1.0,,1.0,0.0,,0.1215,0.0,0.5985,0.4485
skab,600,10 min,0.0,0,ceil(3 tau),0.1,randomization,raw,4000,3500,0.875,no_spread,1,0.2703,0.0055,0.2703,0.9591,0.0051,2.1186,0.0,0.0005,
skab,600,10 min,0.0,0,ceil(3 tau),0.1,randomization,adjusted,4000,3500,0.875,no_spread,1,0.2957,0.0053,0.2957,0.952,0.0044,0.6464,0.0,0.0,0.4439
skab,600,10 min,0.0,0,ceil(3 tau),0.1,block_t,raw,4000,3500,0.875,no_spread,1,0.2677,0.0051,0.2677,0.962,0.0049,2.1448,0.0,0.0004,
skab,600,10 min,0.0,0,ceil(3 tau),0.1,block_t,adjusted,4000,3500,0.875,no_spread,1,0.3694,0.0059,0.3694,0.9111,0.0056,0.5497,0.0,0.0,0.3704
skab,600,10 min,0.0,0,ceil(3 tau),0.1,hac,raw,4000,3500,0.875,no_spread,1,0.4929,0.0105,0.4929,0.7494,0.0112,0.875,0.0,0.0005,
skab,600,10 min,0.0,0,ceil(3 tau),0.1,hac,adjusted,4000,3500,0.875,no_spread,1,0.6766,0.0075,0.6766,0.6111,0.0081,0.1679,0.0,0.0,0.302
skab,600,10 min,0.0,0,ceil(3 tau),0.1,ewc,raw,4000,3500,0.875,no_spread,1,0.6483,0.0113,0.6483,0.5951,0.0122,0.5621,0.0,0.0005,
skab,600,10 min,0.0,0,ceil(3 tau),0.1,ewc,adjusted,4000,3500,0.875,no_spread,1,0.6786,0.0073,0.6786,0.602,0.0082,0.1525,0.0,0.0,0.4838
skab,600,10 min,0.0,0,ceil(3 tau),0.1,naive,raw,4000,3500,0.875,no_spread,1,0.9314,0.0044,0.9314,0.3029,0.0049,0.0911,0.0,0.0005,
skab,600,10 min,0.0,0,ceil(3 tau),0.1,naive,adjusted,4000,3500,0.875,no_spread,1,0.9269,0.0044,0.9269,0.328,0.0056,0.051,0.0,0.0,0.5745
skab,600,10 min,0.0,0,ceil(3 tau),0.1,prepost_hac,raw,8,7,0.875,no_spread,1,0.8571,,0.8571,0.2857,,0.5055,0.0,0.0244,
skab,600,10 min,0.0,0,ceil(3 tau),0.1,prepost_hac,adjusted,8,1,0.125,covariate_outside,1,1.0,,1.0,0.0,,0.1628,0.0,0.5985,0.1273
skab,600,10 min,0.0,0,ceil(3 tau),0.1,prepost_ewc,raw,8,7,0.875,no_spread,1,0.8571,,0.8571,0.2857,,0.3619,0.0,0.0244,
skab,600,10 min,0.0,0,ceil(3 tau),0.1,prepost_ewc,adjusted,8,1,0.125,covariate_outside,1,1.0,,1.0,0.0,,0.1215,0.0,0.5985,0.4485
skab,600,10 min,0.0,0,ceil(3 tau),0.25,randomization,raw,4000,3500,0.875,no_spread,1,0.324,0.0048,0.324,0.9591,0.0051,2.1186,0.0,0.0005,
skab,600,10 min,0.0,0,ceil(3 tau),0.25,randomization,adjusted,4000,3500,0.875,no_spread,1,0.4991,0.0064,0.4991,0.952,0.0044,0.6464,0.0,0.0,0.4439
skab,600,10 min,0.0,0,ceil(3 tau),0.25,block_t,raw,4000,3500,0.875,no_spread,1,0.3229,0.0047,0.3229,0.962,0.0049,2.1448,0.0,0.0004,
skab,600,10 min,0.0,0,ceil(3 tau),0.25,block_t,adjusted,4000,3500,0.875,no_spread,1,0.566,0.0065,0.566,0.9111,0.0056,0.5497,0.0,0.0,0.3704
skab,600,10 min,0.0,0,ceil(3 tau),0.25,hac,raw,4000,3500,0.875,no_spread,1,0.5417,0.0088,0.5417,0.7494,0.0112,0.875,0.0,0.0005,
skab,600,10 min,0.0,0,ceil(3 tau),0.25,hac,adjusted,4000,3500,0.875,no_spread,1,0.854,0.0052,0.854,0.6111,0.0081,0.1679,0.0,0.0,0.302
skab,600,10 min,0.0,0,ceil(3 tau),0.25,ewc,raw,4000,3500,0.875,no_spread,1,0.7089,0.0077,0.7089,0.5951,0.0122,0.5621,0.0,0.0005,
skab,600,10 min,0.0,0,ceil(3 tau),0.25,ewc,adjusted,4000,3500,0.875,no_spread,1,0.8511,0.0051,0.8511,0.602,0.0082,0.1525,0.0,0.0,0.4838
skab,600,10 min,0.0,0,ceil(3 tau),0.25,naive,raw,4000,3500,0.875,no_spread,1,0.9497,0.0035,0.9497,0.3029,0.0049,0.0911,0.0,0.0005,
skab,600,10 min,0.0,0,ceil(3 tau),0.25,naive,adjusted,4000,3500,0.875,no_spread,1,0.9706,0.0028,0.9706,0.328,0.0056,0.051,0.0,0.0,0.5745
skab,600,10 min,0.0,0,ceil(3 tau),0.25,prepost_hac,raw,8,7,0.875,no_spread,1,1.0,,1.0,0.2857,,0.5055,0.0,0.0244,
skab,600,10 min,0.0,0,ceil(3 tau),0.25,prepost_hac,adjusted,8,1,0.125,covariate_outside,1,1.0,,1.0,0.0,,0.1628,0.0,0.5985,0.1273
skab,600,10 min,0.0,0,ceil(3 tau),0.25,prepost_ewc,raw,8,7,0.875,no_spread,1,1.0,,1.0,0.2857,,0.3619,0.0,0.0244,
skab,600,10 min,0.0,0,ceil(3 tau),0.25,prepost_ewc,adjusted,8,1,0.125,covariate_outside,1,1.0,,1.0,0.0,,0.1215,0.0,0.5985,0.4485
skab,600,10 min,0.0,0,ceil(3 tau),0.5,randomization,raw,4000,3500,0.875,no_spread,1,0.3634,0.0061,0.3634,0.9591,0.0051,2.1186,0.0,0.0005,
skab,600,10 min,0.0,0,ceil(3 tau),0.5,randomization,adjusted,4000,3500,0.875,no_spread,1,0.7554,0.0046,0.7554,0.952,0.0044,0.6464,0.0,0.0,0.4439
skab,600,10 min,0.0,0,ceil(3 tau),0.5,block_t,raw,4000,3500,0.875,no_spread,1,0.3583,0.0058,0.3583,0.962,0.0049,2.1448,0.0,0.0004,
skab,600,10 min,0.0,0,ceil(3 tau),0.5,block_t,adjusted,4000,3500,0.875,no_spread,1,0.8134,0.0044,0.8134,0.9111,0.0056,0.5497,0.0,0.0,0.3704
skab,600,10 min,0.0,0,ceil(3 tau),0.5,hac,raw,4000,3500,0.875,no_spread,1,0.6491,0.0054,0.6491,0.7494,0.0112,0.875,0.0,0.0005,
skab,600,10 min,0.0,0,ceil(3 tau),0.5,hac,adjusted,4000,3500,0.875,no_spread,1,0.9706,0.0026,0.9706,0.6111,0.0081,0.1679,0.0,0.0,0.302
skab,600,10 min,0.0,0,ceil(3 tau),0.5,ewc,raw,4000,3500,0.875,no_spread,1,0.7794,0.0064,0.7794,0.5951,0.0122,0.5621,0.0,0.0005,
skab,600,10 min,0.0,0,ceil(3 tau),0.5,ewc,adjusted,4000,3500,0.875,no_spread,1,0.9689,0.0027,0.9689,0.602,0.0082,0.1525,0.0,0.0,0.4838
skab,600,10 min,0.0,0,ceil(3 tau),0.5,naive,raw,4000,3500,0.875,no_spread,1,0.9677,0.003,0.9677,0.3029,0.0049,0.0911,0.0,0.0005,
skab,600,10 min,0.0,0,ceil(3 tau),0.5,naive,adjusted,4000,3500,0.875,no_spread,1,0.9943,0.0013,0.9943,0.328,0.0056,0.051,0.0,0.0,0.5745
skab,600,10 min,0.0,0,ceil(3 tau),0.5,prepost_hac,raw,8,7,0.875,no_spread,1,1.0,,1.0,0.2857,,0.5055,0.0,0.0244,
skab,600,10 min,0.0,0,ceil(3 tau),0.5,prepost_hac,adjusted,8,1,0.125,covariate_outside,1,1.0,,1.0,0.0,,0.1628,0.0,0.5985,0.1273
skab,600,10 min,0.0,0,ceil(3 tau),0.5,prepost_ewc,raw,8,7,0.875,no_spread,1,1.0,,1.0,0.2857,,0.3619,0.0,0.0244,
skab,600,10 min,0.0,0,ceil(3 tau),0.5,prepost_ewc,adjusted,8,1,0.125,covariate_outside,1,1.0,,1.0,0.0,,0.1215,0.0,0.5985,0.4485
skab,600,10 min,60.0,0,0,0.0,randomization,raw,4000,3500,0.875,no_spread,1,0.0409,0.0051,0.0409,0.9591,0.0051,2.1186,0.0,0.0005,
skab,600,10 min,60.0,0,0,0.0,randomization,adjusted,4000,3500,0.875,no_spread,1,0.048,0.0044,0.048,0.952,0.0044,0.6464,0.0,0.0,0.4439
skab,600,10 min,60.0,0,0,0.0,block_t,raw,4000,3500,0.875,no_spread,1,0.038,0.0049,0.038,0.962,0.0049,2.1448,0.0,0.0004,
skab,600,10 min,60.0,0,0,0.0,block_t,adjusted,4000,3500,0.875,no_spread,1,0.0889,0.0056,0.0889,0.9111,0.0056,0.5497,0.0,0.0,0.3704
skab,600,10 min,60.0,0,0,0.0,hac,raw,4000,3500,0.875,no_spread,1,0.2506,0.0112,0.2506,0.7494,0.0112,0.875,0.0,0.0005,
skab,600,10 min,60.0,0,0,0.0,hac,adjusted,4000,3500,0.875,no_spread,1,0.3889,0.0081,0.3889,0.6111,0.0081,0.1679,0.0,0.0,0.302
skab,600,10 min,60.0,0,0,0.0,ewc,raw,4000,3500,0.875,no_spread,1,0.4049,0.0122,0.4049,0.5951,0.0122,0.5621,0.0,0.0005,
skab,600,10 min,60.0,0,0,0.0,ewc,adjusted,4000,3500,0.875,no_spread,1,0.398,0.0082,0.398,0.602,0.0082,0.1525,0.0,0.0,0.4838
skab,600,10 min,60.0,0,0,0.0,naive,raw,4000,3500,0.875,no_spread,1,0.6971,0.0049,0.6971,0.3029,0.0049,0.0911,0.0,0.0005,
skab,600,10 min,60.0,0,0,0.0,naive,adjusted,4000,3500,0.875,no_spread,1,0.672,0.0056,0.672,0.328,0.0056,0.051,0.0,0.0,0.5745
skab,600,10 min,60.0,0,0,0.0,prepost_hac,raw,8,7,0.875,no_spread,1,0.7143,,0.7143,0.2857,,0.5055,0.0,0.0244,
skab,600,10 min,60.0,0,0,0.0,prepost_hac,adjusted,8,1,0.125,covariate_outside,1,1.0,,1.0,0.0,,0.1628,0.0,0.5985,0.1273
skab,600,10 min,60.0,0,0,0.0,prepost_ewc,raw,8,7,0.875,no_spread,1,0.7143,,0.7143,0.2857,,0.3619,0.0,0.0244,
skab,600,10 min,60.0,0,0,0.0,prepost_ewc,adjusted,8,1,0.125,covariate_outside,1,1.0,,1.0,0.0,,0.1215,0.0,0.5985,0.4485
skab,600,10 min,60.0,0,0,0.1,randomization,raw,4000,3500,0.875,no_spread,1,0.2417,0.0063,0.2417,0.9589,0.0051,2.1179,0.0,-0.0101,
skab,600,10 min,60.0,0,0,0.1,randomization,adjusted,4000,3500,0.875,no_spread,1,0.2477,0.0058,0.2477,0.9517,0.0043,0.6468,0.0,-0.0124,0.4431
skab,600,10 min,60.0,0,0,0.1,block_t,raw,4000,3500,0.875,no_spread,1,0.2371,0.0058,0.2371,0.9609,0.0049,2.1442,0.0,-0.0099,
skab,600,10 min,60.0,0,0,0.1,block_t,adjusted,4000,3500,0.875,no_spread,1,0.3243,0.0059,0.3243,0.9117,0.0056,0.5488,0.0,-0.0125,0.3705
skab,600,10 min,60.0,0,0,0.1,hac,raw,4000,3500,0.875,no_spread,1,0.4729,0.0108,0.4729,0.7494,0.0112,0.875,0.0,-0.0101,
skab,600,10 min,60.0,0,0,0.1,hac,adjusted,4000,3500,0.875,no_spread,1,0.6434,0.0077,0.6434,0.6131,0.0081,0.1681,0.0,-0.0124,0.302
skab,600,10 min,60.0,0,0,0.1,ewc,raw,4000,3500,0.875,no_spread,1,0.6243,0.0117,0.6243,0.5954,0.0122,0.5618,0.0,-0.0101,
skab,600,10 min,60.0,0,0,0.1,ewc,adjusted,4000,3500,0.875,no_spread,1,0.6494,0.0077,0.6494,0.6046,0.0082,0.1525,0.0,-0.0124,0.4836
skab,600,10 min,60.0,0,0,0.1,naive,raw,4000,3500,0.875,no_spread,1,0.9169,0.0049,0.9169,0.3029,0.0049,0.0912,0.0,-0.0101,
skab,600,10 min,60.0,0,0,0.1,naive,adjusted,4000,3500,0.875,no_spread,1,0.906,0.0049,0.906,0.3286,0.0056,0.051,0.0,-0.0124,0.5747
skab,600,10 min,60.0,0,0,0.1,prepost_hac,raw,8,7,0.875,no_spread,1,0.8571,,0.8571,0.2857,,0.5054,0.0,0.0232,
skab,600,10 min,60.0,0,0,0.1,prepost_hac,adjusted,8,1,0.125,covariate_outside,1,1.0,,1.0,0.0,,0.164,0.0,0.5973,0.1281
skab,600,10 min,60.0,0,0,0.1,prepost_ewc,raw,8,7,0.875,no_spread,1,0.8571,,0.8571,0.2857,,0.3618,0.0,0.0232,
skab,600,10 min,60.0,0,0,0.1,prepost_ewc,adjusted,8,1,0.125,covariate_outside,1,1.0,,1.0,0.0,,0.1221,0.0,0.5973,0.4503
skab,600,10 min,60.0,0,0,0.25,randomization,raw,4000,3500,0.875,no_spread,1,0.32,0.0046,0.32,0.9586,0.0052,2.1185,0.0,-0.0255,
skab,600,10 min,60.0,0,0,0.25,randomization,adjusted,4000,3500,0.875,no_spread,1,0.464,0.0064,0.464,0.9517,0.0042,0.6464,0.0,-0.0314,0.4434
skab,600,10 min,60.0,0,0,0.25,block_t,raw,4000,3500,0.875,no_spread,1,0.3186,0.0045,0.3186,0.9614,0.0049,2.1426,0.0,-0.0251,
skab,600,10 min,60.0,0,0,0.25,block_t,adjusted,4000,3500,0.875,no_spread,1,0.5257,0.0067,0.5257,0.9111,0.0056,0.5476,0.0,-0.0314,0.3707
skab,600,10 min,60.0,0,0,0.25,hac,raw,4000,3500,0.875,no_spread,1,0.5346,0.0092,0.5346,0.7497,0.0112,0.8739,0.0,-0.0255,
skab,600,10 min,60.0,0,0,0.25,hac,adjusted,4000,3500,0.875,no_spread,1,0.8277,0.0057,0.8277,0.6114,0.0082,0.1696,0.0,-0.0314,0.3025
skab,600,10 min,60.0,0,0,0.25,ewc,raw,4000,3500,0.875,no_spread,1,0.6986,0.0085,0.6986,0.5963,0.0122,0.5617,0.0,-0.0255,
skab,600,10 min,60.0,0,0,0.25,ewc,adjusted,4000,3500,0.875,no_spread,1,0.8234,0.0056,0.8234,0.6069,0.0082,0.1542,0.0,-0.0314,0.4851
skab,600,10 min,60.0,0,0,0.25,naive,raw,4000,3500,0.875,no_spread,1,0.9474,0.0037,0.9474,0.3029,0.0049,0.0913,0.0,-0.0255,
skab,600,10 min,60.0,0,0,0.25,naive,adjusted,4000,3500,0.875,no_spread,1,0.9669,0.0031,0.9669,0.3294,0.0056,0.0511,0.0,-0.0314,0.5757
skab,600,10 min,60.0,0,0,0.25,prepost_hac,raw,8,7,0.875,no_spread,1,1.0,,1.0,0.2857,,0.5053,0.0,0.0214,
skab,600,10 min,60.0,0,0,0.25,prepost_hac,adjusted,8,1,0.125,covariate_outside,1,1.0,,1.0,0.0,,0.1662,0.0,0.5955,0.13
skab,600,10 min,60.0,0,0,0.25,prepost_ewc,raw,8,7,0.875,no_spread,1,1.0,,1.0,0.2857,,0.3616,0.0,0.0214,
skab,600,10 min,60.0,0,0,0.25,prepost_ewc,adjusted,8,1,0.125,covariate_outside,1,1.0,,1.0,0.0,,0.1231,0.0,0.5955,0.4532
skab,600,10 min,60.0,0,0,0.5,randomization,raw,4000,3500,0.875,no_spread,1,0.3523,0.0058,0.3523,0.9634,0.0049,2.1192,0.0,-0.0526,
skab,600,10 min,60.0,0,0,0.5,randomization,adjusted,4000,3500,0.875,no_spread,1,0.71,0.0049,0.71,0.9509,0.0044,0.6449,0.0,-0.0632,0.4436
skab,600,10 min,60.0,0,0,0.5,block_t,raw,4000,3500,0.875,no_spread,1,0.3486,0.0057,0.3486,0.9649,0.0048,2.1403,0.0,-0.0524,
skab,600,10 min,60.0,0,0,0.5,block_t,adjusted,4000,3500,0.875,no_spread,1,0.7614,0.0047,0.7614,0.9137,0.0055,0.547,0.0,-0.0632,0.3712
skab,600,10 min,60.0,0,0,0.5,hac,raw,4000,3500,0.875,no_spread,1,0.628,0.0059,0.628,0.752,0.0111,0.874,0.0,-0.0526,
skab,600,10 min,60.0,0,0,0.5,hac,adjusted,4000,3500,0.875,no_spread,1,0.956,0.0031,0.956,0.616,0.0083,0.1753,0.0,-0.0632,0.3049
skab,600,10 min,60.0,0,0,0.5,ewc,raw,4000,3500,0.875,no_spread,1,0.7597,0.0062,0.7597,0.5997,0.0121,0.5616,0.0,-0.0526,
skab,600,10 min,60.0,0,0,0.5,ewc,adjusted,4000,3500,0.875,no_spread,1,0.9529,0.0032,0.9529,0.6134,0.0083,0.1599,0.0,-0.0632,0.488
skab,600,10 min,60.0,0,0,0.5,naive,raw,4000,3500,0.875,no_spread,1,0.9643,0.0031,0.9643,0.3031,0.0048,0.0916,0.0,-0.0526,
skab,600,10 min,60.0,0,0,0.5,naive,adjusted,4000,3500,0.875,no_spread,1,0.9923,0.0014,0.9923,0.3243,0.0057,0.0514,0.0,-0.0632,0.5777
skab,600,10 min,60.0,0,0,0.5,prepost_hac,raw,8,7,0.875,no_spread,1,1.0,,1.0,0.2857,,0.5052,0.0,0.0185,
skab,600,10 min,60.0,0,0,0.5,prepost_hac,adjusted,8,1,0.125,covariate_outside,1,1.0,,1.0,0.0,,0.1702,0.0,0.5925,0.1344
skab,600,10 min,60.0,0,0,0.5,prepost_ewc,raw,8,7,0.875,no_spread,1,1.0,,1.0,0.2857,,0.3614,0.0,0.0185,
skab,600,10 min,60.0,0,0,0.5,prepost_ewc,adjusted,8,1,0.125,covariate_outside,1,1.0,,1.0,0.0,,0.1251,0.0,0.5925,0.4589
skab,600,10 min,60.0,180,ceil(3 tau),0.0,randomization,raw,4000,3500,0.875,no_spread,1,0.0397,0.005,0.0397,0.9603,0.005,2.08,0.0,-0.0003,
skab,600,10 min,60.0,180,ceil(3 tau),0.0,randomization,adjusted,4000,3500,0.875,no_spread,1,0.0489,0.0046,0.0489,0.9511,0.0046,0.6533,0.0,0.0005,0.4989
skab,600,10 min,60.0,180,ceil(3 tau),0.0,block_t,raw,4000,3500,0.875,no_spread,1,0.0366,0.0046,0.0366,0.9634,0.0046,2.0982,0.0,-0.0003,
skab,600,10 min,60.0,180,ceil(3 tau),0.0,block_t,adjusted,4000,3500,0.875,no_spread,1,0.09,0.0057,0.09,0.91,0.0057,0.5409,0.0,0.0004,0.416
skab,600,10 min,60.0,180,ceil(3 tau),0.0,hac,raw,4000,3500,0.875,no_spread,1,0.2163,0.0106,0.2163,0.7837,0.0106,0.9155,0.0,-0.0003,
skab,600,10 min,60.0,180,ceil(3 tau),0.0,hac,adjusted,4000,3500,0.875,no_spread,1,0.3617,0.0082,0.3617,0.6383,0.0082,0.1912,0.0,0.0005,0.3411
skab,600,10 min,60.0,180,ceil(3 tau),0.0,ewc,raw,4000,3500,0.875,no_spread,1,0.3637,0.0119,0.3637,0.6363,0.0119,0.6185,0.0,-0.0003,
skab,600,10 min,60.0,180,ceil(3 tau),0.0,ewc,adjusted,4000,3500,0.875,no_spread,1,0.3603,0.0081,0.3603,0.6397,0.0081,0.1822,0.0,0.0005,0.5201
skab,600,10 min,60.0,180,ceil(3 tau),0.0,naive,raw,4000,3500,0.875,no_spread,1,0.6714,0.0054,0.6714,0.3286,0.0054,0.1105,0.0,-0.0003,
skab,600,10 min,60.0,180,ceil(3 tau),0.0,naive,adjusted,4000,3500,0.875,no_spread,1,0.6631,0.0052,0.6631,0.3369,0.0052,0.0658,0.0,0.0005,0.6041
skab,600,10 min,60.0,180,ceil(3 tau),0.0,prepost_hac,raw,8,7,0.875,no_spread,1,0.7143,,0.7143,0.2857,,0.4798,0.0,0.0273,
skab,600,10 min,60.0,180,ceil(3 tau),0.0,prepost_hac,adjusted,8,1,0.125,covariate_outside,1,1.0,,1.0,0.0,,0.1578,0.0,0.615,0.1294
skab,600,10 min,60.0,180,ceil(3 tau),0.0,prepost_ewc,raw,8,7,0.875,no_spread,1,0.7143,,0.7143,0.2857,,0.3513,0.0,0.0273,
skab,600,10 min,60.0,180,ceil(3 tau),0.0,prepost_ewc,adjusted,8,1,0.125,covariate_outside,1,1.0,,1.0,0.0,,0.1209,0.0,0.615,0.4631
skab,600,10 min,60.0,180,ceil(3 tau),0.1,randomization,raw,4000,3500,0.875,no_spread,1,0.256,0.0057,0.256,0.9603,0.005,2.0797,0.0,-0.0009,
skab,600,10 min,60.0,180,ceil(3 tau),0.1,randomization,adjusted,4000,3500,0.875,no_spread,1,0.2671,0.0051,0.2671,0.9511,0.0046,0.6531,0.0,-0.0005,0.4988
skab,600,10 min,60.0,180,ceil(3 tau),0.1,block_t,raw,4000,3500,0.875,no_spread,1,0.2491,0.0054,0.2491,0.9631,0.0046,2.0979,0.0,-0.0011,
skab,600,10 min,60.0,180,ceil(3 tau),0.1,block_t,adjusted,4000,3500,0.875,no_spread,1,0.3483,0.0058,0.3483,0.9106,0.0057,0.541,0.0,-0.0003,0.416
skab,600,10 min,60.0,180,ceil(3 tau),0.1,hac,raw,4000,3500,0.875,no_spread,1,0.4491,0.0104,0.4491,0.784,0.0106,0.9155,0.0,-0.0009,
skab,600,10 min,60.0,180,ceil(3 tau),0.1,hac,adjusted,4000,3500,0.875,no_spread,1,0.628,0.008,0.628,0.6389,0.0081,0.1911,0.0,-0.0005,0.3411
skab,600,10 min,60.0,180,ceil(3 tau),0.1,ewc,raw,4000,3500,0.875,no_spread,1,0.5891,0.0116,0.5891,0.6363,0.0119,0.6184,0.0,-0.0009,
skab,600,10 min,60.0,180,ceil(3 tau),0.1,ewc,adjusted,4000,3500,0.875,no_spread,1,0.6194,0.0078,0.6194,0.6397,0.0081,0.1823,0.0,-0.0005,0.5201
skab,600,10 min,60.0,180,ceil(3 tau),0.1,naive,raw,4000,3500,0.875,no_spread,1,0.9029,0.0053,0.9029,0.3286,0.0054,0.1105,0.0,-0.0009,
skab,600,10 min,60.0,180,ceil(3 tau),0.1,naive,adjusted,4000,3500,0.875,no_spread,1,0.8929,0.0048,0.8929,0.3366,0.0052,0.0658,0.0,-0.0005,0.6041
skab,600,10 min,60.0,180,ceil(3 tau),0.1,prepost_hac,raw,8,7,0.875,no_spread,1,0.8571,,0.8571,0.2857,,0.4798,0.0,0.0272,
skab,600,10 min,60.0,180,ceil(3 tau),0.1,prepost_hac,adjusted,8,1,0.125,covariate_outside,1,1.0,,1.0,0.0,,0.1579,0.0,0.6149,0.1295
skab,600,10 min,60.0,180,ceil(3 tau),0.1,prepost_ewc,raw,8,7,0.875,no_spread,1,0.8571,,0.8571,0.2857,,0.3513,0.0,0.0272,
skab,600,10 min,60.0,180,ceil(3 tau),0.1,prepost_ewc,adjusted,8,1,0.125,covariate_outside,1,1.0,,1.0,0.0,,0.1209,0.0,0.6149,0.4632
skab,600,10 min,60.0,180,ceil(3 tau),0.25,randomization,raw,4000,3500,0.875,no_spread,1,0.3246,0.0046,0.3246,0.9603,0.005,2.0795,0.0,-0.0021,
skab,600,10 min,60.0,180,ceil(3 tau),0.25,randomization,adjusted,4000,3500,0.875,no_spread,1,0.4786,0.0064,0.4786,0.9514,0.0046,0.653,0.0,-0.0018,0.4986
skab,600,10 min,60.0,180,ceil(3 tau),0.25,block_t,raw,4000,3500,0.875,no_spread,1,0.3223,0.0045,0.3223,0.9634,0.0046,2.0975,0.0,-0.0022,
skab,600,10 min,60.0,180,ceil(3 tau),0.25,block_t,adjusted,4000,3500,0.875,no_spread,1,0.5446,0.0065,0.5446,0.91,0.0057,0.5408,0.0,-0.0017,0.416
skab,600,10 min,60.0,180,ceil(3 tau),0.25,hac,raw,4000,3500,0.875,no_spread,1,0.5191,0.0085,0.5191,0.784,0.0106,0.9154,0.0,-0.0021,
skab,600,10 min,60.0,180,ceil(3 tau),0.25,hac,adjusted,4000,3500,0.875,no_spread,1,0.8214,0.0057,0.8214,0.6389,0.0081,0.1911,0.0,-0.0018,0.3411
skab,600,10 min,60.0,180,ceil(3 tau),0.25,ewc,raw,4000,3500,0.875,no_spread,1,0.67,0.0083,0.67,0.6363,0.0119,0.6184,0.0,-0.0021,
skab,600,10 min,60.0,180,ceil(3 tau),0.25,ewc,adjusted,4000,3500,0.875,no_spread,1,0.8183,0.0057,0.8183,0.6397,0.0081,0.1823,0.0,-0.0018,0.52
skab,600,10 min,60.0,180,ceil(3 tau),0.25,naive,raw,4000,3500,0.875,no_spread,1,0.946,0.0037,0.946,0.3286,0.0054,0.1105,0.0,-0.0021,
skab,600,10 min,60.0,180,ceil(3 tau),0.25,naive,adjusted,4000,3500,0.875,no_spread,1,0.9703,0.0029,0.9703,0.3371,0.0052,0.0659,0.0,-0.0018,0.604
skab,600,10 min,60.0,180,ceil(3 tau),0.25,prepost_hac,raw,8,7,0.875,no_spread,1,1.0,,1.0,0.2857,,0.4798,0.0,0.0271,
skab,600,10 min,60.0,180,ceil(3 tau),0.25,prepost_hac,adjusted,8,1,0.125,covariate_outside,1,1.0,,1.0,0.0,,0.158,0.0,0.6148,0.1295
skab,600,10 min,60.0,180,ceil(3 tau),0.25,prepost_ewc,raw,8,7,0.875,no_spread,1,1.0,,1.0,0.2857,,0.3513,0.0,0.0271,
skab,600,10 min,60.0,180,ceil(3 tau),0.25,prepost_ewc,adjusted,8,1,0.125,covariate_outside,1,1.0,,1.0,0.0,,0.121,0.0,0.6148,0.4633
skab,600,10 min,60.0,180,ceil(3 tau),0.5,randomization,raw,4000,3500,0.875,no_spread,1,0.3669,0.006,0.3669,0.9611,0.0049,2.0797,0.0,-0.0037,
skab,600,10 min,60.0,180,ceil(3 tau),0.5,randomization,adjusted,4000,3500,0.875,no_spread,1,0.71,0.0049,0.71,0.9514,0.0046,0.6527,0.0,-0.0041,0.4988
skab,600,10 min,60.0,180,ceil(3 tau),0.5,block_t,raw,4000,3500,0.875,no_spread,1,0.3649,0.0059,0.3649,0.9634,0.0046,2.0971,0.0,-0.0039,
skab,600,10 min,60.0,180,ceil(3 tau),0.5,block_t,adjusted,4000,3500,0.875,no_spread,1,0.7669,0.0046,0.7669,0.9103,0.0057,0.5406,0.0,-0.0043,0.4159
skab,600,10 min,60.0,180,ceil(3 tau),0.5,hac,raw,4000,3500,0.875,no_spread,1,0.6283,0.0053,0.6283,0.784,0.0106,0.9151,0.0,-0.0037,
skab,600,10 min,60.0,180,ceil(3 tau),0.5,hac,adjusted,4000,3500,0.875,no_spread,1,0.9463,0.0034,0.9463,0.6397,0.0081,0.191,0.0,-0.0041,0.3412
skab,600,10 min,60.0,180,ceil(3 tau),0.5,ewc,raw,4000,3500,0.875,no_spread,1,0.7586,0.0061,0.7586,0.636,0.0118,0.6182,0.0,-0.0037,
skab,600,10 min,60.0,180,ceil(3 tau),0.5,ewc,adjusted,4000,3500,0.875,no_spread,1,0.9457,0.0035,0.9457,0.6391,0.0081,0.1822,0.0,-0.0041,0.5198
skab,600,10 min,60.0,180,ceil(3 tau),0.5,naive,raw,4000,3500,0.875,no_spread,1,0.9654,0.0032,0.9654,0.3286,0.0054,0.1105,0.0,-0.0037,
skab,600,10 min,60.0,180,ceil(3 tau),0.5,naive,adjusted,4000,3500,0.875,no_spread,1,0.9926,0.0014,0.9926,0.3371,0.0051,0.0658,0.0,-0.0041,0.6042
skab,600,10 min,60.0,180,ceil(3 tau),0.5,prepost_hac,raw,8,7,0.875,no_spread,1,1.0,,1.0,0.2857,,0.4798,0.0,0.027,
skab,600,10 min,60.0,180,ceil(3 tau),0.5,prepost_hac,adjusted,8,1,0.125,covariate_outside,1,1.0,,1.0,0.0,,0.1582,0.0,0.6147,0.1297
skab,600,10 min,60.0,180,ceil(3 tau),0.5,prepost_ewc,raw,8,7,0.875,no_spread,1,1.0,,1.0,0.2857,,0.3513,0.0,0.027,
skab,600,10 min,60.0,180,ceil(3 tau),0.5,prepost_ewc,adjusted,8,1,0.125,covariate_outside,1,1.0,,1.0,0.0,,0.1211,0.0,0.6147,0.4636
skab,600,10 min,150.0,0,0,0.0,randomization,raw,4000,3500,0.875,no_spread,1,0.0409,0.0051,0.0409,0.9591,0.0051,2.1186,0.0,0.0005,
skab,600,10 min,150.0,0,0,0.0,randomization,adjusted,4000,3500,0.875,no_spread,1,0.048,0.0044,0.048,0.952,0.0044,0.6464,0.0,0.0,0.4439
skab,600,10 min,150.0,0,0,0.0,block_t,raw,4000,3500,0.875,no_spread,1,0.038,0.0049,0.038,0.962,0.0049,2.1448,0.0,0.0004,
skab,600,10 min,150.0,0,0,0.0,block_t,adjusted,4000,3500,0.875,no_spread,1,0.0889,0.0056,0.0889,0.9111,0.0056,0.5497,0.0,0.0,0.3704
skab,600,10 min,150.0,0,0,0.0,hac,raw,4000,3500,0.875,no_spread,1,0.2506,0.0112,0.2506,0.7494,0.0112,0.875,0.0,0.0005,
skab,600,10 min,150.0,0,0,0.0,hac,adjusted,4000,3500,0.875,no_spread,1,0.3889,0.0081,0.3889,0.6111,0.0081,0.1679,0.0,0.0,0.302
skab,600,10 min,150.0,0,0,0.0,ewc,raw,4000,3500,0.875,no_spread,1,0.4049,0.0122,0.4049,0.5951,0.0122,0.5621,0.0,0.0005,
skab,600,10 min,150.0,0,0,0.0,ewc,adjusted,4000,3500,0.875,no_spread,1,0.398,0.0082,0.398,0.602,0.0082,0.1525,0.0,0.0,0.4838
skab,600,10 min,150.0,0,0,0.0,naive,raw,4000,3500,0.875,no_spread,1,0.6971,0.0049,0.6971,0.3029,0.0049,0.0911,0.0,0.0005,
skab,600,10 min,150.0,0,0,0.0,naive,adjusted,4000,3500,0.875,no_spread,1,0.672,0.0056,0.672,0.328,0.0056,0.051,0.0,0.0,0.5745
skab,600,10 min,150.0,0,0,0.0,prepost_hac,raw,8,7,0.875,no_spread,1,0.7143,,0.7143,0.2857,,0.5055,0.0,0.0244,
skab,600,10 min,150.0,0,0,0.0,prepost_hac,adjusted,8,1,0.125,covariate_outside,1,1.0,,1.0,0.0,,0.1628,0.0,0.5985,0.1273
skab,600,10 min,150.0,0,0,0.0,prepost_ewc,raw,8,7,0.875,no_spread,1,0.7143,,0.7143,0.2857,,0.3619,0.0,0.0244,
skab,600,10 min,150.0,0,0,0.0,prepost_ewc,adjusted,8,1,0.125,covariate_outside,1,1.0,,1.0,0.0,,0.1215,0.0,0.5985,0.4485
skab,600,10 min,150.0,0,0,0.1,randomization,raw,4000,3500,0.875,no_spread,1,0.1843,0.007,0.1843,0.9591,0.0051,2.1184,0.0,-0.0251,
skab,600,10 min,150.0,0,0,0.1,randomization,adjusted,4000,3500,0.875,no_spread,1,0.1771,0.0059,0.1771,0.9517,0.0042,0.6464,0.0,-0.0303,0.4431
skab,600,10 min,150.0,0,0,0.1,block_t,raw,4000,3500,0.875,no_spread,1,0.1794,0.0066,0.1794,0.9617,0.0049,2.1427,0.0,-0.0249,
skab,600,10 min,150.0,0,0,0.1,block_t,adjusted,4000,3500,0.875,no_spread,1,0.254,0.0062,0.254,0.9129,0.0056,0.5476,0.0,-0.0305,0.3706
skab,600,10 min,150.0,0,0,0.1,hac,raw,4000,3500,0.875,no_spread,1,0.4311,0.0112,0.4311,0.7497,0.0112,0.8732,0.0,-0.0251,
skab,600,10 min,150.0,0,0,0.1,hac,adjusted,4000,3500,0.875,no_spread,1,0.5811,0.0084,0.5811,0.6117,0.0081,0.1683,0.0,-0.0303,0.3021
skab,600,10 min,150.0,0,0,0.1,ewc,raw,4000,3500,0.875,no_spread,1,0.5783,0.0125,0.5783,0.5963,0.0122,0.5615,0.0,-0.0251,
skab,600,10 min,150.0,0,0,0.1,ewc,adjusted,4000,3500,0.875,no_spread,1,0.5874,0.0082,0.5874,0.6031,0.0082,0.1526,0.0,-0.0303,0.4845
skab,600,10 min,150.0,0,0,0.1,naive,raw,4000,3500,0.875,no_spread,1,0.8834,0.0056,0.8834,0.3029,0.0049,0.0913,0.0,-0.0251,
skab,600,10 min,150.0,0,0,0.1,naive,adjusted,4000,3500,0.875,no_spread,1,0.8546,0.0056,0.8546,0.3306,0.0056,0.051,0.0,-0.0303,0.575
skab,600,10 min,150.0,0,0,0.1,prepost_hac,raw,8,7,0.875,no_spread,1,0.8571,,0.8571,0.2857,,0.5053,0.0,0.0214,
skab,600,10 min,150.0,0,0,0.1,prepost_hac,adjusted,8,1,0.125,covariate_outside,1,1.0,,1.0,0.0,,0.1664,0.0,0.5954,0.1297
skab,600,10 min,150.0,0,0,0.1,prepost_ewc,raw,8,7,0.875,no_spread,1,0.8571,,0.8571,0.2857,,0.3616,0.0,0.0214,
skab,600,10 min,150.0,0,0,0.1,prepost_ewc,adjusted,8,1,0.125,covariate_outside,1,1.0,,1.0,0.0,,0.1231,0.0,0.5954,0.4532
skab,600,10 min,150.0,0,0,0.25,randomization,raw,4000,3500,0.875,no_spread,1,0.3169,0.0046,0.3169,0.9637,0.0049,2.121,0.0,-0.0647,
skab,600,10 min,150.0,0,0,0.25,randomization,adjusted,4000,3500,0.875,no_spread,1,0.408,0.006,0.408,0.952,0.0044,0.6448,0.0,-0.0765,0.4444
skab,600,10 min,150.0,0,0,0.25,block_t,raw,4000,3500,0.875,no_spread,1,0.3157,0.0045,0.3157,0.966,0.0048,2.1398,0.0,-0.0648,
skab,600,10 min,150.0,0,0,0.25,block_t,adjusted,4000,3500,0.875,no_spread,1,0.464,0.0065,0.464,0.9134,0.0055,0.5467,0.0,-0.0766,0.3716
skab,600,10 min,150.0,0,0,0.25,hac,raw,4000,3500,0.875,no_spread,1,0.5263,0.0099,0.5263,0.7511,0.0111,0.8707,0.0,-0.0647,
skab,600,10 min,150.0,0,0,0.25,hac,adjusted,4000,3500,0.875,no_spread,1,0.7837,0.0063,0.7837,0.6111,0.0084,0.1709,0.0,-0.0765,0.3027
skab,600,10 min,150.0,0,0,0.25,ewc,raw,4000,3500,0.875,no_spread,1,0.6883,0.0095,0.6883,0.5986,0.0122,0.5605,0.0,-0.0647,
skab,600,10 min,150.0,0,0,0.25,ewc,adjusted,4000,3500,0.875,no_spread,1,0.784,0.0063,0.784,0.6046,0.0082,0.1561,0.0,-0.0765,0.485
skab,600,10 min,150.0,0,0,0.25,naive,raw,4000,3500,0.875,no_spread,1,0.9566,0.0035,0.9566,0.3029,0.0049,0.0916,0.0,-0.0647,
skab,600,10 min,150.0,0,0,0.25,naive,adjusted,4000,3500,0.875,no_spread,1,0.9569,0.0033,0.9569,0.3223,0.0057,0.0512,0.0,-0.0765,0.5758
skab,600,10 min,150.0,0,0,0.25,prepost_hac,raw,8,7,0.875,no_spread,1,1.0,,1.0,0.2857,,0.5051,0.0,0.0168,
skab,600,10 min,150.0,0,0,0.25,prepost_hac,adjusted,8,1,0.125,covariate_outside,1,1.0,,1.0,0.0,,0.1725,0.0,0.5909,0.1342
skab,600,10 min,150.0,0,0,0.25,prepost_ewc,raw,8,7,0.875,no_spread,1,1.0,,1.0,0.2857,,0.3614,0.0,0.0168,
skab,600,10 min,150.0,0,0,0.25,prepost_ewc,adjusted,8,1,0.125,covariate_outside,1,1.0,,1.0,0.0,,0.1258,0.0,0.5909,0.4608
skab,600,10 min,150.0,0,0,0.5,randomization,raw,4000,3500,0.875,no_spread,1,0.3366,0.0053,0.3366,0.9711,0.0046,2.1244,0.0,-0.1318,
skab,600,10 min,150.0,0,0,0.5,randomization,adjusted,4000,3500,0.875,no_spread,1,0.616,0.0055,0.616,0.9557,0.0043,0.6469,0.0,-0.1513,0.4482
skab,600,10 min,150.0,0,0,0.5,block_t,raw,4000,3500,0.875,no_spread,1,0.3323,0.005,0.3323,0.9749,0.0043,2.1376,0.0,-0.1321,
skab,600,10 min,150.0,0,0,0.5,block_t,adjusted,4000,3500,0.875,no_spread,1,0.68,0.0053,0.68,0.9223,0.0056,0.5492,0.0,-0.1512,0.3732
skab,600,10 min,150.0,0,0,0.5,hac,raw,4000,3500,0.875,no_spread,1,0.5846,0.0071,0.5846,0.7534,0.011,0.8704,0.0,-0.1318,
skab,600,10 min,150.0,0,0,0.5,hac,adjusted,4000,3500,0.875,no_spread,1,0.9194,0.004,0.9194,0.604,0.0087,0.1836,0.0,-0.1513,0.3083
skab,600,10 min,150.0,0,0,0.5,ewc,raw,4000,3500,0.875,no_spread,1,0.7303,0.0062,0.7303,0.6037,0.012,0.56,0.0,-0.1318,
skab,600,10 min,150.0,0,0,0.5,ewc,adjusted,4000,3500,0.875,no_spread,1,0.9154,0.004,0.9154,0.6109,0.0084,0.1681,0.0,-0.1513,0.4905
skab,600,10 min,150.0,0,0,0.5,naive,raw,4000,3500,0.875,no_spread,1,0.9603,0.0032,0.9603,0.3034,0.0048,0.0922,0.0,-0.1318,
skab,600,10 min,150.0,0,0,0.5,naive,adjusted,4000,3500,0.875,no_spread,1,0.9883,0.0018,0.9883,0.3023,0.006,0.0518,0.0,-0.1513,0.5802
skab,600,10 min,150.0,0,0,0.5,prepost_hac,raw,8,7,0.875,no_spread,1,1.0,,1.0,0.2857,,0.505,0.0,0.0092,
skab,600,10 min,150.0,0,0,0.5,prepost_hac,adjusted,8,1,0.125,covariate_outside,1,1.0,,1.0,0.0,,0.1841,0.0,0.5833,0.1436
skab,600,10 min,150.0,0,0,0.5,prepost_ewc,raw,8,7,0.875,no_spread,1,1.0,,1.0,0.2857,,0.3612,0.0,0.0092,
skab,600,10 min,150.0,0,0,0.5,prepost_ewc,adjusted,8,1,0.125,covariate_outside,1,1.0,,1.0,0.0,,0.1309,0.0,0.5833,0.4751
skab,600,10 min,150.0,450,ceil(3 tau),0.0,randomization,raw,4000,3500,0.875,no_spread,1,0.0426,0.0051,0.0426,0.9574,0.0051,1.9902,0.0,0.0014,
skab,600,10 min,150.0,450,ceil(3 tau),0.0,randomization,adjusted,4000,3500,0.875,no_spread,1,0.046,0.004,0.046,0.954,0.004,0.6044,0.0,0.0018,0.542
skab,600,10 min,150.0,450,ceil(3 tau),0.0,block_t,raw,4000,3500,0.875,no_spread,1,0.0386,0.0047,0.0386,0.9614,0.0047,2.0157,0.0,0.0018,
skab,600,10 min,150.0,450,ceil(3 tau),0.0,block_t,adjusted,4000,3500,0.875,no_spread,1,0.088,0.0054,0.088,0.912,0.0054,0.4905,0.0,0.0017,0.4451
skab,600,10 min,150.0,450,ceil(3 tau),0.0,hac,raw,4000,3500,0.875,no_spread,1,0.1846,0.0097,0.1846,0.8154,0.0097,1.1057,0.0,0.0014,
skab,600,10 min,150.0,450,ceil(3 tau),0.0,hac,adjusted,4000,3500,0.875,no_spread,1,0.306,0.0078,0.306,0.694,0.0078,0.2502,0.0,0.0018,0.3065
skab,600,10 min,150.0,450,ceil(3 tau),0.0,ewc,raw,4000,3500,0.875,no_spread,1,0.2749,0.0116,0.2749,0.7251,0.0116,0.8459,0.0,0.0014,
skab,600,10 min,150.0,450,ceil(3 tau),0.0,ewc,adjusted,4000,3500,0.875,no_spread,1,0.2509,0.0072,0.2509,0.7491,0.0072,0.2948,0.0,0.0018,0.47
skab,600,10 min,150.0,450,ceil(3 tau),0.0,naive,raw,4000,3500,0.875,no_spread,1,0.6677,0.0074,0.6677,0.3323,0.0074,0.1697,0.0,0.0014,
skab,600,10 min,150.0,450,ceil(3 tau),0.0,naive,adjusted,4000,3500,0.875,no_spread,1,0.6203,0.0062,0.6203,0.3797,0.0062,0.0995,0.0,0.0018,0.5898
skab,600,10 min,150.0,450,ceil(3 tau),0.0,prepost_hac,raw,8,7,0.875,no_spread,1,0.8571,,0.8571,0.1429,,0.443,0.0,0.0266,
skab,600,10 min,150.0,450,ceil(3 tau),0.0,prepost_hac,adjusted,8,1,0.125,covariate_outside,1,1.0,,1.0,0.0,,0.1474,0.0,0.6316,0.1308
skab,600,10 min,150.0,450,ceil(3 tau),0.0,prepost_ewc,raw,8,7,0.875,no_spread,1,0.7143,,0.7143,0.2857,,0.3363,0.0,0.0266,
skab,600,10 min,150.0,450,ceil(3 tau),0.0,prepost_ewc,adjusted,8,1,0.125,covariate_outside,1,1.0,,1.0,0.0,,0.1185,0.0,0.6316,0.4794
skab,600,10 min,150.0,450,ceil(3 tau),0.1,randomization,raw,4000,3500,0.875,no_spread,1,0.09,0.0061,0.09,0.9571,0.0051,1.9906,0.0,-0.0023,
skab,600,10 min,150.0,450,ceil(3 tau),0.1,randomization,adjusted,4000,3500,0.875,no_spread,1,0.1234,0.0053,0.1234,0.954,0.004,0.604,0.0,-0.0021,0.5421
skab,600,10 min,150.0,450,ceil(3 tau),0.1,block_t,raw,4000,3500,0.875,no_spread,1,0.0857,0.0058,0.0857,0.9606,0.0047,2.0154,0.0,-0.0019,
skab,600,10 min,150.0,450,ceil(3 tau),0.1,block_t,adjusted,4000,3500,0.875,no_spread,1,0.2206,0.0064,0.2206,0.9123,0.0054,0.4902,0.0,-0.0023,0.4451
skab,600,10 min,150.0,450,ceil(3 tau),0.1,hac,raw,4000,3500,0.875,no_spread,1,0.272,0.0098,0.272,0.8157,0.0097,1.1058,0.0,-0.0023,
skab,600,10 min,150.0,450,ceil(3 tau),0.1,hac,adjusted,4000,3500,0.875,no_spread,1,0.4643,0.0081,0.4643,0.6946,0.0077,0.25,0.0,-0.0021,0.3066
skab,600,10 min,150.0,450,ceil(3 tau),0.1,ewc,raw,4000,3500,0.875,no_spread,1,0.356,0.0117,0.356,0.7251,0.0116,0.8458,0.0,-0.0023,
skab,600,10 min,150.0,450,ceil(3 tau),0.1,ewc,adjusted,4000,3500,0.875,no_spread,1,0.3891,0.0078,0.3891,0.7489,0.0072,0.2947,0.0,-0.0021,0.4702
skab,600,10 min,150.0,450,ceil(3 tau),0.1,naive,raw,4000,3500,0.875,no_spread,1,0.7574,0.0077,0.7574,0.3323,0.0074,0.1696,0.0,-0.0023,
skab,600,10 min,150.0,450,ceil(3 tau),0.1,naive,adjusted,4000,3500,0.875,no_spread,1,0.7377,0.0067,0.7377,0.3803,0.0062,0.0995,0.0,-0.0021,0.5899
skab,600,10 min,150.0,450,ceil(3 tau),0.1,prepost_hac,raw,8,7,0.875,no_spread,1,0.8571,,0.8571,0.1429,,0.443,0.0,0.0264,
skab,600,10 min,150.0,450,ceil(3 tau),0.1,prepost_hac,adjusted,8,1,0.125,covariate_outside,1,1.0,,1.0,0.0,,0.1476,0.0,0.6314,0.131
skab,600,10 min,150.0,450,ceil(3 tau),0.1,prepost_ewc,raw,8,7,0.875,no_spread,1,0.8571,,0.8571,0.2857,,0.3362,0.0,0.0264,
skab,600,10 min,150.0,450,ceil(3 tau),0.1,prepost_ewc,adjusted,8,1,0.125,covariate_outside,1,1.0,,1.0,0.0,,0.1186,0.0,0.6314,0.4797
skab,600,10 min,150.0,450,ceil(3 tau),0.25,randomization,raw,4000,3500,0.875,no_spread,1,0.2883,0.0054,0.2883,0.9566,0.0051,1.9906,0.0,-0.0074,
skab,600,10 min,150.0,450,ceil(3 tau),0.25,randomization,adjusted,4000,3500,0.875,no_spread,1,0.4457,0.0066,0.4457,0.9549,0.0039,0.6033,0.0,-0.0081,0.5423
skab,600,10 min,150.0,450,ceil(3 tau),0.25,block_t,raw,4000,3500,0.875,no_spread,1,0.2843,0.0054,0.2843,0.9609,0.0047,2.0154,0.0,-0.0067,
skab,600,10 min,150.0,450,ceil(3 tau),0.25,block_t,adjusted,4000,3500,0.875,no_spread,1,0.5417,0.0066,0.5417,0.9123,0.0054,0.4903,0.0,-0.008,0.4452
skab,600,10 min,150.0,450,ceil(3 tau),0.25,hac,raw,4000,3500,0.875,no_spread,1,0.4526,0.0081,0.4526,0.8154,0.0097,1.1059,0.0,-0.0074,
skab,600,10 min,150.0,450,ceil(3 tau),0.25,hac,adjusted,4000,3500,0.875,no_spread,1,0.7889,0.0059,0.7889,0.694,0.0077,0.2503,0.0,-0.0081,0.3067
skab,600,10 min,150.0,450,ceil(3 tau),0.25,ewc,raw,4000,3500,0.875,no_spread,1,0.548,0.0089,0.548,0.7254,0.0117,0.8459,0.0,-0.0074,
skab,600,10 min,150.0,450,ceil(3 tau),0.25,ewc,adjusted,4000,3500,0.875,no_spread,1,0.7514,0.0064,0.7514,0.7477,0.0072,0.2944,0.0,-0.0081,0.4702
skab,600,10 min,150.0,450,ceil(3 tau),0.25,naive,raw,4000,3500,0.875,no_spread,1,0.898,0.0051,0.898,0.3323,0.0074,0.1695,0.0,-0.0074,
skab,600,10 min,150.0,450,ceil(3 tau),0.25,naive,adjusted,4000,3500,0.875,no_spread,1,0.9417,0.0038,0.9417,0.3811,0.0062,0.0995,0.0,-0.0081,0.5898
skab,600,10 min,150.0,450,ceil(3 tau),0.25,prepost_hac,raw,8,7,0.875,no_spread,1,1.0,,1.0,0.1429,,0.443,0.0,0.0262,
skab,600,10 min,150.0,450,ceil(3 tau),0.25,prepost_hac,adjusted,8,1,0.125,covariate_outside,1,1.0,,1.0,0.0,,0.1479,0.0,0.6311,0.1313
skab,600,10 min,150.0,450,ceil(3 tau),0.25,prepost_ewc,raw,8,7,0.875,no_spread,1,1.0,,1.0,0.2857,,0.3362,0.0,0.0262,
skab,600,10 min,150.0,450,ceil(3 tau),0.25,prepost_ewc,adjusted,8,1,0.125,covariate_outside,1,1.0,,1.0,0.0,,0.1187,0.0,0.6311,0.4802
skab,600,10 min,150.0,450,ceil(3 tau),0.5,randomization,raw,4000,3500,0.875,no_spread,1,0.3666,0.0059,0.3666,0.9566,0.0051,1.9917,0.0,-0.0161,
skab,600,10 min,150.0,450,ceil(3 tau),0.5,randomization,adjusted,4000,3500,0.875,no_spread,1,0.7626,0.0042,0.7626,0.954,0.004,0.602,0.0,-0.0174,0.5425
skab,600,10 min,150.0,450,ceil(3 tau),0.5,block_t,raw,4000,3500,0.875,no_spread,1,0.366,0.0058,0.366,0.9606,0.0047,2.0156,0.0,-0.0157,
skab,600,10 min,150.0,450,ceil(3 tau),0.5,block_t,adjusted,4000,3500,0.875,no_spread,1,0.8126,0.0041,0.8126,0.9114,0.0055,0.4899,0.0,-0.017,0.445
skab,600,10 min,150.0,450,ceil(3 tau),0.5,hac,raw,4000,3500,0.875,no_spread,1,0.5703,0.0061,0.5703,0.8151,0.0097,1.1057,0.0,-0.0161,
skab,600,10 min,150.0,450,ceil(3 tau),0.5,hac,adjusted,4000,3500,0.875,no_spread,1,0.9463,0.0033,0.9463,0.6934,0.0077,0.2502,0.0,-0.0174,0.3068
skab,600,10 min,150.0,450,ceil(3 tau),0.5,ewc,raw,4000,3500,0.875,no_spread,1,0.6743,0.0054,0.6743,0.7251,0.0117,0.8458,0.0,-0.0161,
skab,600,10 min,150.0,450,ceil(3 tau),0.5,ewc,adjusted,4000,3500,0.875,no_spread,1,0.932,0.0036,0.932,0.7471,0.0072,0.2942,0.0,-0.0174,0.4706
skab,600,10 min,150.0,450,ceil(3 tau),0.5,naive,raw,4000,3500,0.875,no_spread,1,0.9386,0.004,0.9386,0.3323,0.0074,0.1695,0.0,-0.0161,
skab,600,10 min,150.0,450,ceil(3 tau),0.5,naive,adjusted,4000,3500,0.875,no_spread,1,0.9863,0.0019,0.9863,0.3817,0.0062,0.0995,0.0,-0.0174,0.5902
skab,600,10 min,150.0,450,ceil(3 tau),0.5,prepost_hac,raw,8,7,0.875,no_spread,1,1.0,,1.0,0.1429,,0.443,0.0,0.0257,
skab,600,10 min,150.0,450,ceil(3 tau),0.5,prepost_hac,adjusted,8,1,0.125,covariate_outside,1,1.0,,1.0,0.0,,0.1484,0.0,0.6307,0.1317
skab,600,10 min,150.0,450,ceil(3 tau),0.5,prepost_ewc,raw,8,7,0.875,no_spread,1,1.0,,1.0,0.2857,,0.3362,0.0,0.0257,
skab,600,10 min,150.0,450,ceil(3 tau),0.5,prepost_ewc,adjusted,8,1,0.125,covariate_outside,1,1.0,,1.0,0.0,,0.119,0.0,0.6307,0.481
