window_key,instance,well,folder_label,window_index,window_start,label,transient_only,state_mode,n_variables_present
0,WELL-00001_20140124083303,WELL-00001,1,1,2014-01-24T09:33:03+00:00,0,False,0,6
1,WELL-00001_20140124083303,WELL-00001,1,2,2014-01-24T10:33:03+00:00,0,False,0,6
2,WELL-00001_20140124083303,WELL-00001,1,3,2014-01-24T11:33:03+00:00,0,False,0,6
3,WELL-00001_20140124083303,WELL-00001,1,4,2014-01-24T12:33:03+00:00,0,False,0,6
4,WELL-00001_20140124083303,WELL-00001,1,5,2014-01-24T13:33:03+00:00,0,False,0,6
5,WELL-00001_20140124083303,WELL-00001,1,6,2014-01-24T14:33:03+00:00,0,False,0,6
6,WELL-00001_20140124083303,WELL-00001,1,7,2014-01-24T15:33:03+00:00,0,False,0,6
7,WELL-00001_20140124083303,WELL-00001,1,8,2014-01-24T16:33:03+00:00,0,False,0,6
8,WELL-00001_20140124083303,WELL-00001,1,9,2014-01-24T17:33:03+00:00,0,False,0,6
9,WELL-00001_20140124083303,WELL-00001,1,10,2014-01-24T18:33:03+00:00,0,False,0,6
10,WELL-00001_20140124083303,WELL-00001,1,11,2014-01-24T19:33:03+00:00,0,False,0,6
11,WELL-00001_20140124083303,WELL-00001,1,12,2014-01-24T20:33:03+00:00,0,False,0,6
12,WELL-00001_20140124083303,WELL-00001,1,13,2014-01-24T21:33:03+00:00,1,True,0,6
13,WELL-00001_20140124083303,WELL-00001,1,14,2014-01-24T22:33:03+00:00,1,True,0,6
14,WELL-00001_20140124083303,WELL-00001,1,15,2014-01-24T23:33:03+00:00,1,False,0,6
15,WELL-00001_20140124083303,WELL-00001,1,16,2014-01-25T00:33:03+00:00,1,False,0,6
16,WELL-00001_20170201010207,WELL-00001,0,1,2017-02-01T02:02:07+00:00,0,False,0,6
17,WELL-00001_20170201010207,WELL-00001,0,2,2017-02-01T03:02:07+00:00,0,False,0,6
18,WELL-00001_20170201010207,WELL-00001,0,3,2017-02-01T04:02:07+00:00,0,False,0,6
19,WELL-00001_20170201010207,WELL-00001,0,4,2017-02-01T05:02:07+00:00,0,False,0,6
20,WELL-00001_20170201060114,WELL-00001,0,1,2017-02-01T07:01:14+00:00,0,False,0,6
21,WELL-00001_20170201060114,WELL-00001,0,2,2017-02-01T08:01:14+00:00,0,False,0,6
22,WELL-00001_20170201060114,WELL-00001,0,3,2017-02-01T09:01:14+00:00,0,False,0,6
23,WELL-00001_20170201060114,WELL-00001,0,4,2017-02-01T10:01:14+00:00,0,False,0,6
24,WELL-00001_20170201110124,WELL-00001,0,1,2017-02-01T12:01:24+00:00,0,False,0,6
25,WELL-00001_20170201110124,WELL-00001,0,2,2017-02-01T13:01:24+00:00,0,False,0,6
26,WELL-00001_20170201110124,WELL-00001,0,3,2017-02-01T14:01:24+00:00,0,False,0,6
27,WELL-00001_20170201110124,WELL-00001,0,4,2017-02-01T15:01:24+00:00,0,False,0,6
28,WELL-00001_20170201160311,WELL-00001,0,1,2017-02-01T17:03:11+00:00,0,False,0,6
29,WELL-00001_20170201160311,WELL-00001,0,2,2017-02-01T18:03:11+00:00,0,False,0,6
30,WELL-00001_20170201160311,WELL-00001,0,3,2017-02-01T19:03:11+00:00,0,False,0,6
31,WELL-00001_20170201160311,WELL-00001,0,4,2017-02-01T20:03:11+00:00,0,False,0,6
32,WELL-00001_20170201210228,WELL-00001,0,1,2017-02-01T22:02:28+00:00,0,False,0,6
33,WELL-00001_20170201210228,WELL-00001,0,2,2017-02-01T23:02:28+00:00,0,False,0,6
34,WELL-00001_20170201210228,WELL-00001,0,3,2017-02-02T00:02:28+00:00,0,False,0,6
35,WELL-00001_20170201210228,WELL-00001,0,4,2017-02-02T01:02:28+00:00,0,False,0,6
36,WELL-00001_20170202020343,WELL-00001,0,1,2017-02-02T03:03:43+00:00,0,False,0,6
37,WELL-00001_20170202020343,WELL-00001,0,2,2017-02-02T04:03:43+00:00,0,False,0,6
38,WELL-00001_20170202020343,WELL-00001,0,3,2017-02-02T05:03:43+00:00,0,False,0,6
39,WELL-00001_20170202020343,WELL-00001,0,4,2017-02-02T06:03:43+00:00,0,False,0,6
40,WELL-00001_20170202070239,WELL-00001,0,1,2017-02-02T08:02:39+00:00,0,False,0,6
41,WELL-00001_20170202070239,WELL-00001,0,2,2017-02-02T09:02:39+00:00,0,False,0,6
42,WELL-00001_20170202070239,WELL-00001,0,3,2017-02-02T10:02:39+00:00,0,False,0,6
43,WELL-00001_20170202070239,WELL-00001,0,4,2017-02-02T11:02:39+00:00,0,False,0,6
44,WELL-00001_20170218000146,WELL-00001,0,1,2017-02-18T01:01:46+00:00,0,False,0,6
45,WELL-00001_20170218000146,WELL-00001,0,2,2017-02-18T02:01:46+00:00,0,False,0,6
46,WELL-00001_20170218000146,WELL-00001,0,3,2017-02-18T03:01:46+00:00,0,False,0,6
47,WELL-00001_20170218000146,WELL-00001,0,4,2017-02-18T04:01:46+00:00,0,False,0,6
48,WELL-00001_20170218050218,WELL-00001,0,1,2017-02-18T06:02:18+00:00,0,False,0,6
49,WELL-00001_20170218050218,WELL-00001,0,2,2017-02-18T07:02:18+00:00,0,False,0,6
50,WELL-00001_20170218050218,WELL-00001,0,3,2017-02-18T08:02:18+00:00,0,False,0,6
51,WELL-00001_20170218050218,WELL-00001,0,4,2017-02-18T09:02:18+00:00,0,False,0,6
52,WELL-00001_20170218100218,WELL-00001,0,1,2017-02-18T11:02:18+00:00,0,False,0,6
53,WELL-00001_20170218100218,WELL-00001,0,2,2017-02-18T12:02:18+00:00,0,False,0,6
54,WELL-00001_20170218100218,WELL-00001,0,3,2017-02-18T13:02:18+00:00,0,False,0,6
55,WELL-00001_20170218100218,WELL-00001,0,4,2017-02-18T14:02:18+00:00,0,False,0,6
56,WELL-00001_20170218150135,WELL-00001,0,1,2017-02-18T16:01:35+00:00,0,False,0,6
57,WELL-00001_20170218150135,WELL-00001,0,2,2017-02-18T17:01:35+00:00,0,False,0,6
58,WELL-00001_20170218150135,WELL-00001,0,3,2017-02-18T18:01:35+00:00,0,False,0,6
59,WELL-00001_20170218150135,WELL-00001,0,4,2017-02-18T19:01:35+00:00,0,False,0,6
60,WELL-00001_20170219010042,WELL-00001,0,1,2017-02-19T02:00:42+00:00,0,False,0,6
61,WELL-00001_20170219010042,WELL-00001,0,2,2017-02-19T03:00:42+00:00,0,False,0,6
62,WELL-00001_20170219010042,WELL-00001,0,3,2017-02-19T04:00:42+00:00,0,False,0,6
63,WELL-00001_20170219010042,WELL-00001,0,4,2017-02-19T05:00:42+00:00,0,False,0,6
64,WELL-00001_20170219060031,WELL-00001,0,1,2017-02-19T07:00:31+00:00,0,False,0,6
65,WELL-00001_20170219060031,WELL-00001,0,2,2017-02-19T08:00:31+00:00,0,False,0,6
66,WELL-00001_20170219060031,WELL-00001,0,3,2017-02-19T09:00:31+00:00,0,False,0,6
67,WELL-00001_20170219060031,WELL-00001,0,4,2017-02-19T10:00:31+00:00,0,False,0,6
68,WELL-00001_20170219110021,WELL-00001,0,1,2017-02-19T12:00:21+00:00,0,False,0,6
69,WELL-00001_20170219110021,WELL-00001,0,2,2017-02-19T13:00:21+00:00,0,False,0,6
70,WELL-00001_20170219110021,WELL-00001,0,3,2017-02-19T14:00:21+00:00,0,False,0,6
71,WELL-00001_20170219110021,WELL-00001,0,4,2017-02-19T15:00:21+00:00,0,False,0,6
72,WELL-00001_20170219160053,WELL-00001,0,1,2017-02-19T17:00:53+00:00,0,False,0,6
73,WELL-00001_20170219160053,WELL-00001,0,2,2017-02-19T18:00:53+00:00,0,False,0,6
74,WELL-00001_20170219160053,WELL-00001,0,3,2017-02-19T19:00:53+00:00,0,False,0,6
75,WELL-00001_20170219160053,WELL-00001,0,4,2017-02-19T20:00:53+00:00,0,False,0,6
76,WELL-00001_20170219210332,WELL-00001,0,1,2017-02-19T22:03:32+00:00,0,False,0,6
77,WELL-00001_20170219210332,WELL-00001,0,2,2017-02-19T23:03:32+00:00,0,False,0,6
78,WELL-00001_20170219210332,WELL-00001,0,3,2017-02-20T00:03:32+00:00,0,False,0,6
79,WELL-00001_20170219210332,WELL-00001,0,4,2017-02-20T01:03:32+00:00,0,False,0,6
80,WELL-00001_20170226130146,WELL-00001,7,1,2017-02-26T14:01:46+00:00,0,False,0,6
81,WELL-00001_20170226130146,WELL-00001,7,2,2017-02-26T15:01:46+00:00,0,False,0,6
82,WELL-00001_20170226130146,WELL-00001,7,3,2017-02-26T16:01:46+00:00,0,False,0,6
83,WELL-00001_20170226130146,WELL-00001,7,4,2017-02-26T17:01:46+00:00,0,False,0,6
84,WELL-00001_20170226130146,WELL-00001,7,5,2017-02-26T18:01:46+00:00,0,False,0,6
85,WELL-00001_20170226130146,WELL-00001,7,6,2017-02-26T19:01:46+00:00,0,False,0,6
86,WELL-00001_20170226130146,WELL-00001,7,7,2017-02-26T20:01:46+00:00,0,False,0,6
87,WELL-00001_20170226130146,WELL-00001,7,8,2017-02-26T21:01:46+00:00,0,False,0,6
88,WELL-00001_20170226130146,WELL-00001,7,9,2017-02-26T22:01:46+00:00,0,False,0,6
89,WELL-00001_20170226130146,WELL-00001,7,10,2017-02-26T23:01:46+00:00,1,True,0,6
90,WELL-00001_20170226130146,WELL-00001,7,11,2017-02-27T00:01:46+00:00,1,True,0,6
91,WELL-00001_20170226130146,WELL-00001,7,12,2017-02-27T01:01:46+00:00,1,True,0,6
92,WELL-00001_20170226130146,WELL-00001,7,13,2017-02-27T02:01:46+00:00,1,True,0,6
93,WELL-00001_20170226130146,WELL-00001,7,14,2017-02-27T03:01:46+00:00,1,True,0,6
94,WELL-00001_20170226130146,WELL-00001,7,15,2017-02-27T04:01:46+00:00,1,True,0,6
95,WELL-00001_20170226130146,WELL-00001,7,16,2017-02-27T05:01:46+00:00,1,True,0,6
96,WELL-00001_20170226130146,WELL-00001,7,17,2017-02-27T06:01:46+00:00,1,True,0,6
97,WELL-00001_20170226130146,WELL-00001,7,18,2017-02-27T07:01:46+00:00,1,True,0,6
98,WELL-00001_20170226130146,WELL-00001,7,19,2017-02-27T08:01:46+00:00,1,True,0,6
99,WELL-00001_20170226130146,WELL-00001,7,20,2017-02-27T09:01:46+00:00,1,True,0,6
100,WELL-00001_20170316110203,WELL-00001,4,1,2017-03-16T12:02:03+00:00,1,False,0,6
101,WELL-00001_20170316130000,WELL-00001,4,1,2017-03-16T14:00:00+00:00,1,False,0,6
102,WELL-00001_20170316150005,WELL-00001,4,1,2017-03-16T16:00:05+00:00,1,False,0,6
103,WELL-00001_20170316170000,WELL-00001,4,1,2017-03-16T18:00:00+00:00,1,False,0,6
104,WELL-00001_20170316190000,WELL-00001,4,1,2017-03-16T20:00:00+00:00,1,False,0,6
105,WELL-00001_20170316210000,WELL-00001,4,1,2017-03-16T22:00:00+00:00,1,False,0,6
106,WELL-00001_20170316230000,WELL-00001,4,1,2017-03-17T00:00:00+00:00,1,False,0,6
107,WELL-00001_20170317010000,WELL-00001,4,1,2017-03-17T02:00:00+00:00,1,False,0,6
108,WELL-00001_20170317030000,WELL-00001,4,1,2017-03-17T04:00:00+00:00,1,False,0,6
109,WELL-00001_20170317050000,WELL-00001,4,1,2017-03-17T06:00:00+00:00,1,False,0,6
110,WELL-00001_20170317070000,WELL-00001,4,1,2017-03-17T08:00:00+00:00,1,False,0,6
111,WELL-00001_20170317090000,WELL-00001,4,1,2017-03-17T10:00:00+00:00,1,False,0,6
112,WELL-00001_20170317110000,WELL-00001,4,1,2017-03-17T12:00:00+00:00,1,False,0,6
113,WELL-00001_20170317130005,WELL-00001,4,1,2017-03-17T14:00:05+00:00,1,False,0,6
114,WELL-00001_20170317150000,WELL-00001,4,1,2017-03-17T16:00:00+00:00,1,False,0,6
115,WELL-00001_20170317170000,WELL-00001,4,1,2017-03-17T18:00:00+00:00,1,False,0,6
116,WELL-00001_20170317190000,WELL-00001,4,1,2017-03-17T20:00:00+00:00,1,False,0,6
117,WELL-00001_20170317210000,WELL-00001,4,1,2017-03-17T22:00:00+00:00,1,False,0,6
118,WELL-00001_20170317230020,WELL-00001,4,1,2017-03-18T00:00:20+00:00,1,False,0,6
119,WELL-00001_20170318010000,WELL-00001,4,1,2017-03-18T02:00:00+00:00,1,False,0,6
120,WELL-00001_20170318030000,WELL-00001,4,1,2017-03-18T04:00:00+00:00,1,False,0,6
121,WELL-00001_20170318050025,WELL-00001,4,1,2017-03-18T06:00:25+00:00,1,False,0,6
122,WELL-00001_20170318070000,WELL-00001,4,1,2017-03-18T08:00:00+00:00,1,False,0,6
123,WELL-00001_20170318090000,WELL-00001,4,1,2017-03-18T10:00:00+00:00,1,False,0,6
124,WELL-00001_20170318110000,WELL-00001,4,1,2017-03-18T12:00:00+00:00,1,False,0,6
125,WELL-00001_20170318130000,WELL-00001,4,1,2017-03-18T14:00:00+00:00,1,False,0,6
126,WELL-00001_20170319170033,WELL-00001,4,1,2017-03-19T18:00:33+00:00,1,False,0,6
127,WELL-00001_20170320120025,WELL-00001,3,1,2017-03-20T13:00:25+00:00,1,False,0,6
128,WELL-00001_20170320120025,WELL-00001,3,2,2017-03-20T14:00:25+00:00,1,False,0,6
129,WELL-00001_20170320120025,WELL-00001,3,3,2017-03-20T15:00:25+00:00,1,False,0,6
130,WELL-00001_20170320120025,WELL-00001,3,4,2017-03-20T16:00:25+00:00,1,False,0,6
131,WELL-00001_20170320180146,WELL-00001,4,1,2017-03-20T19:01:46+00:00,1,False,0,6
132,WELL-00001_20170320180146,WELL-00001,4,2,2017-03-20T20:01:46+00:00,1,False,0,6
133,WELL-00001_20170421090251,WELL-00001,0,1,2017-04-21T10:02:51+00:00,0,False,0,6
134,WELL-00001_20170421090251,WELL-00001,0,2,2017-04-21T11:02:51+00:00,0,False,0,6
135,WELL-00001_20170421090251,WELL-00001,0,3,2017-04-21T12:02:51+00:00,0,False,0,6
136,WELL-00001_20170421090251,WELL-00001,0,4,2017-04-21T13:02:51+00:00,0,False,0,6
137,WELL-00001_20170421090251,WELL-00001,0,5,2017-04-21T14:02:51+00:00,0,False,0,6
138,WELL-00001_20170421150000,WELL-00001,4,1,2017-04-21T16:00:00+00:00,1,False,0,6
139,WELL-00001_20170421170000,WELL-00001,4,1,2017-04-21T18:00:00+00:00,1,False,0,6
140,WELL-00001_20170421190000,WELL-00001,4,1,2017-04-21T20:00:00+00:00,1,False,0,6
141,WELL-00001_20170421210000,WELL-00001,4,1,2017-04-21T22:00:00+00:00,1,False,0,6
142,WELL-00001_20170421230000,WELL-00001,4,1,2017-04-22T00:00:00+00:00,1,False,0,6
143,WELL-00001_20170422010000,WELL-00001,4,1,2017-04-22T02:00:00+00:00,1,False,0,6
144,WELL-00001_20170422030000,WELL-00001,0,1,2017-04-22T04:00:00+00:00,0,False,0,6
145,WELL-00001_20170422030000,WELL-00001,0,2,2017-04-22T05:00:00+00:00,0,False,0,6
146,WELL-00001_20170422030000,WELL-00001,0,3,2017-04-22T06:00:00+00:00,0,False,0,6
147,WELL-00001_20170422030000,WELL-00001,0,4,2017-04-22T07:00:00+00:00,0,False,0,6
148,WELL-00001_20170422030000,WELL-00001,0,5,2017-04-22T08:00:00+00:00,0,False,0,6
149,WELL-00001_20170424170042,WELL-00001,0,1,2017-04-24T18:00:42+00:00,0,False,0,6
150,WELL-00001_20170424170042,WELL-00001,0,2,2017-04-24T19:00:42+00:00,0,False,0,6
151,WELL-00001_20170424170042,WELL-00001,0,3,2017-04-24T20:00:42+00:00,0,False,0,6
152,WELL-00001_20170424170042,WELL-00001,0,4,2017-04-24T21:00:42+00:00,0,False,0,6
153,WELL-00001_20170424220156,WELL-00001,0,1,2017-04-24T23:01:56+00:00,0,False,0,6
154,WELL-00001_20170424220156,WELL-00001,0,2,2017-04-25T00:01:56+00:00,0,False,0,6
155,WELL-00001_20170424220156,WELL-00001,0,3,2017-04-25T01:01:56+00:00,0,False,0,6
156,WELL-00001_20170424220156,WELL-00001,0,4,2017-04-25T02:01:56+00:00,0,False,0,6
157,WELL-00001_20170425030207,WELL-00001,0,1,2017-04-25T04:02:07+00:00,0,False,0,6
158,WELL-00001_20170425030207,WELL-00001,0,2,2017-04-25T05:02:07+00:00,0,False,0,6
159,WELL-00001_20170425030207,WELL-00001,0,3,2017-04-25T06:02:07+00:00,0,False,0,6
160,WELL-00001_20170425030207,WELL-00001,0,4,2017-04-25T07:02:07+00:00,0,False,0,6
161,WELL-00001_20170425080343,WELL-00001,0,1,2017-04-25T09:03:43+00:00,0,False,0,6
162,WELL-00001_20170425080343,WELL-00001,0,2,2017-04-25T10:03:43+00:00,0,False,0,6
163,WELL-00001_20170425080343,WELL-00001,0,3,2017-04-25T11:03:43+00:00,0,False,0,6
164,WELL-00001_20170425080343,WELL-00001,0,4,2017-04-25T12:03:43+00:00,0,False,0,6
165,WELL-00001_20170425130042,WELL-00001,0,1,2017-04-25T14:00:42+00:00,0,False,0,6
166,WELL-00001_20170425130042,WELL-00001,0,2,2017-04-25T15:00:42+00:00,0,False,0,6
167,WELL-00001_20170425130042,WELL-00001,0,3,2017-04-25T16:00:42+00:00,0,False,0,6
168,WELL-00001_20170425130042,WELL-00001,0,4,2017-04-25T17:00:42+00:00,0,False,0,6
169,WELL-00001_20170520180000,WELL-00001,0,1,2017-05-20T19:00:00+00:00,0,False,0,6
170,WELL-00001_20170520180000,WELL-00001,0,2,2017-05-20T20:00:00+00:00,0,False,0,6
171,WELL-00001_20170520180000,WELL-00001,0,3,2017-05-20T21:00:00+00:00,0,False,0,6
172,WELL-00001_20170520180000,WELL-00001,0,4,2017-05-20T22:00:00+00:00,0,False,0,6
173,WELL-00001_20170520230000,WELL-00001,0,1,2017-05-21T00:00:00+00:00,0,False,0,6
174,WELL-00001_20170520230000,WELL-00001,0,2,2017-05-21T01:00:00+00:00,0,False,0,6
175,WELL-00001_20170520230000,WELL-00001,0,3,2017-05-21T02:00:00+00:00,0,False,0,6
176,WELL-00001_20170520230000,WELL-00001,0,4,2017-05-21T03:00:00+00:00,0,False,0,6
177,WELL-00001_20170521040000,WELL-00001,0,1,2017-05-21T05:00:00+00:00,0,False,0,6
178,WELL-00001_20170521040000,WELL-00001,0,2,2017-05-21T06:00:00+00:00,0,False,0,6
179,WELL-00001_20170521040000,WELL-00001,0,3,2017-05-21T07:00:00+00:00,0,False,0,6
180,WELL-00001_20170521040000,WELL-00001,0,4,2017-05-21T08:00:00+00:00,0,False,0,6
181,WELL-00001_20170521090000,WELL-00001,0,1,2017-05-21T10:00:00+00:00,0,False,0,6
182,WELL-00001_20170521090000,WELL-00001,0,2,2017-05-21T11:00:00+00:00,0,False,0,6
183,WELL-00001_20170521090000,WELL-00001,0,3,2017-05-21T12:00:00+00:00,0,False,0,6
184,WELL-00001_20170521090000,WELL-00001,0,4,2017-05-21T13:00:00+00:00,0,False,0,6
185,WELL-00001_20170521140000,WELL-00001,0,1,2017-05-21T15:00:00+00:00,0,False,0,6
186,WELL-00001_20170521140000,WELL-00001,0,2,2017-05-21T16:00:00+00:00,0,False,0,6
187,WELL-00001_20170521140000,WELL-00001,0,3,2017-05-21T17:00:00+00:00,0,False,0,6
188,WELL-00001_20170521140000,WELL-00001,0,4,2017-05-21T18:00:00+00:00,0,False,0,6
189,WELL-00001_20170521190000,WELL-00001,0,1,2017-05-21T20:00:00+00:00,0,False,0,6
190,WELL-00001_20170521190000,WELL-00001,0,2,2017-05-21T21:00:00+00:00,0,False,0,6
191,WELL-00001_20170521190000,WELL-00001,0,3,2017-05-21T22:00:00+00:00,0,False,0,6
192,WELL-00001_20170521190000,WELL-00001,0,4,2017-05-21T23:00:00+00:00,0,False,0,6
193,WELL-00001_20170522000000,WELL-00001,0,1,2017-05-22T01:00:00+00:00,0,False,0,6
194,WELL-00001_20170522000000,WELL-00001,0,2,2017-05-22T02:00:00+00:00,0,False,0,6
195,WELL-00001_20170522000000,WELL-00001,0,3,2017-05-22T03:00:00+00:00,0,False,0,6
196,WELL-00001_20170522000000,WELL-00001,0,4,2017-05-22T04:00:00+00:00,0,False,0,6
197,WELL-00001_20170522050000,WELL-00001,0,1,2017-05-22T06:00:00+00:00,0,False,0,6
198,WELL-00001_20170522050000,WELL-00001,0,2,2017-05-22T07:00:00+00:00,0,False,0,6
199,WELL-00001_20170522050000,WELL-00001,0,3,2017-05-22T08:00:00+00:00,0,False,0,6
200,WELL-00001_20170522050000,WELL-00001,0,4,2017-05-22T09:00:00+00:00,0,False,0,6
201,WELL-00001_20170522100000,WELL-00001,0,1,2017-05-22T11:00:00+00:00,0,False,0,6
202,WELL-00001_20170522100000,WELL-00001,0,2,2017-05-22T12:00:00+00:00,0,False,0,6
203,WELL-00001_20170522100000,WELL-00001,0,3,2017-05-22T13:00:00+00:00,0,False,0,6
204,WELL-00001_20170522100000,WELL-00001,0,4,2017-05-22T14:00:00+00:00,0,False,0,6
205,WELL-00001_20170522150000,WELL-00001,0,1,2017-05-22T16:00:00+00:00,0,False,0,6
206,WELL-00001_20170522150000,WELL-00001,0,2,2017-05-22T17:00:00+00:00,0,False,0,6
207,WELL-00001_20170522150000,WELL-00001,0,3,2017-05-22T18:00:00+00:00,0,False,0,6
208,WELL-00001_20170522150000,WELL-00001,0,4,2017-05-22T19:00:00+00:00,0,False,0,6
209,WELL-00001_20170522200000,WELL-00001,0,1,2017-05-22T21:00:00+00:00,0,False,0,6
210,WELL-00001_20170522200000,WELL-00001,0,2,2017-05-22T22:00:00+00:00,0,False,0,6
211,WELL-00001_20170522200000,WELL-00001,0,3,2017-05-22T23:00:00+00:00,0,False,0,6
212,WELL-00001_20170522200000,WELL-00001,0,4,2017-05-23T00:00:00+00:00,0,False,0,6
213,WELL-00001_20170523010012,WELL-00001,0,1,2017-05-23T02:00:12+00:00,0,False,0,6
214,WELL-00001_20170523010012,WELL-00001,0,2,2017-05-23T03:00:12+00:00,0,False,0,6
215,WELL-00001_20170523010012,WELL-00001,0,3,2017-05-23T04:00:12+00:00,0,False,0,6
216,WELL-00001_20170523010012,WELL-00001,0,4,2017-05-23T05:00:12+00:00,0,False,0,6
217,WELL-00001_20170523060000,WELL-00001,0,1,2017-05-23T07:00:00+00:00,0,False,0,6
218,WELL-00001_20170523060000,WELL-00001,0,2,2017-05-23T08:00:00+00:00,0,False,0,6
219,WELL-00001_20170523060000,WELL-00001,0,3,2017-05-23T09:00:00+00:00,0,False,0,6
220,WELL-00001_20170523060000,WELL-00001,0,4,2017-05-23T10:00:00+00:00,0,False,0,6
221,WELL-00001_20170523110000,WELL-00001,0,1,2017-05-23T12:00:00+00:00,0,False,0,6
222,WELL-00001_20170523110000,WELL-00001,0,2,2017-05-23T13:00:00+00:00,0,False,0,6
223,WELL-00001_20170523110000,WELL-00001,0,3,2017-05-23T14:00:00+00:00,0,False,0,6
224,WELL-00001_20170523110000,WELL-00001,0,4,2017-05-23T15:00:00+00:00,0,False,0,6
225,WELL-00001_20170523160000,WELL-00001,0,1,2017-05-23T17:00:00+00:00,0,False,0,6
226,WELL-00001_20170523160000,WELL-00001,0,2,2017-05-23T18:00:00+00:00,0,False,0,6
227,WELL-00001_20170523160000,WELL-00001,0,3,2017-05-23T19:00:00+00:00,0,False,0,6
228,WELL-00001_20170523160000,WELL-00001,0,4,2017-05-23T20:00:00+00:00,0,False,0,6
229,WELL-00001_20170523210000,WELL-00001,0,1,2017-05-23T22:00:00+00:00,0,False,0,6
230,WELL-00001_20170523210000,WELL-00001,0,2,2017-05-23T23:00:00+00:00,0,False,0,6
231,WELL-00001_20170523210000,WELL-00001,0,3,2017-05-24T00:00:00+00:00,0,False,0,6
232,WELL-00001_20170523210000,WELL-00001,0,4,2017-05-24T01:00:00+00:00,0,False,0,6
233,WELL-00001_20170524020000,WELL-00001,0,1,2017-05-24T03:00:00+00:00,0,False,0,6
234,WELL-00001_20170524020000,WELL-00001,0,2,2017-05-24T04:00:00+00:00,0,False,0,6
235,WELL-00001_20170524020000,WELL-00001,0,3,2017-05-24T05:00:00+00:00,0,False,0,6
236,WELL-00001_20170524020000,WELL-00001,0,4,2017-05-24T06:00:00+00:00,0,False,0,6
237,WELL-00001_20170524070000,WELL-00001,0,1,2017-05-24T08:00:00+00:00,0,False,0,6
238,WELL-00001_20170524070000,WELL-00001,0,2,2017-05-24T09:00:00+00:00,0,False,0,6
239,WELL-00001_20170524070000,WELL-00001,0,3,2017-05-24T10:00:00+00:00,0,False,0,6
240,WELL-00001_20170524070000,WELL-00001,0,4,2017-05-24T11:00:00+00:00,0,False,0,6
241,WELL-00001_20170524120000,WELL-00001,0,1,2017-05-24T13:00:00+00:00,0,False,0,6
242,WELL-00001_20170524120000,WELL-00001,0,2,2017-05-24T14:00:00+00:00,0,False,0,6
243,WELL-00001_20170524120000,WELL-00001,0,3,2017-05-24T15:00:00+00:00,0,False,0,6
244,WELL-00001_20170524120000,WELL-00001,0,4,2017-05-24T16:00:00+00:00,0,False,0,6
245,WELL-00001_20170524170000,WELL-00001,0,1,2017-05-24T18:00:00+00:00,0,False,0,6
246,WELL-00001_20170524170000,WELL-00001,0,2,2017-05-24T19:00:00+00:00,0,False,0,6
247,WELL-00001_20170524170000,WELL-00001,0,3,2017-05-24T20:00:00+00:00,0,False,0,6
248,WELL-00001_20170524170000,WELL-00001,0,4,2017-05-24T21:00:00+00:00,0,False,0,6
249,WELL-00001_20170524220000,WELL-00001,0,1,2017-05-24T23:00:00+00:00,0,False,0,6
250,WELL-00001_20170524220000,WELL-00001,0,2,2017-05-25T00:00:00+00:00,0,False,0,6
251,WELL-00001_20170524220000,WELL-00001,0,3,2017-05-25T01:00:00+00:00,0,False,0,6
252,WELL-00001_20170524220000,WELL-00001,0,4,2017-05-25T02:00:00+00:00,0,False,0,6
253,WELL-00001_20170525030000,WELL-00001,0,1,2017-05-25T04:00:00+00:00,0,False,0,6
254,WELL-00001_20170525030000,WELL-00001,0,2,2017-05-25T05:00:00+00:00,0,False,0,6
255,WELL-00001_20170525030000,WELL-00001,0,3,2017-05-25T06:00:00+00:00,0,False,0,6
256,WELL-00001_20170525030000,WELL-00001,0,4,2017-05-25T07:00:00+00:00,0,False,0,6
257,WELL-00001_20170525080000,WELL-00001,0,1,2017-05-25T09:00:00+00:00,0,False,0,6
258,WELL-00001_20170525080000,WELL-00001,0,2,2017-05-25T10:00:00+00:00,0,False,0,6
259,WELL-00001_20170525080000,WELL-00001,0,3,2017-05-25T11:00:00+00:00,0,False,0,6
260,WELL-00001_20170525080000,WELL-00001,0,4,2017-05-25T12:00:00+00:00,0,False,0,6
261,WELL-00001_20170525130000,WELL-00001,0,1,2017-05-25T14:00:00+00:00,0,False,0,6
262,WELL-00001_20170525130000,WELL-00001,0,2,2017-05-25T15:00:00+00:00,0,False,0,6
263,WELL-00001_20170525130000,WELL-00001,0,3,2017-05-25T16:00:00+00:00,0,False,0,6
264,WELL-00001_20170525130000,WELL-00001,0,4,2017-05-25T17:00:00+00:00,0,False,0,6
265,WELL-00001_20170525180000,WELL-00001,0,1,2017-05-25T19:00:00+00:00,0,False,0,6
266,WELL-00001_20170525180000,WELL-00001,0,2,2017-05-25T20:00:00+00:00,0,False,0,6
267,WELL-00001_20170525180000,WELL-00001,0,3,2017-05-25T21:00:00+00:00,0,False,0,6
268,WELL-00001_20170525180000,WELL-00001,0,4,2017-05-25T22:00:00+00:00,0,False,0,6
269,WELL-00001_20170525230000,WELL-00001,0,1,2017-05-26T00:00:00+00:00,0,False,0,6
270,WELL-00001_20170525230000,WELL-00001,0,2,2017-05-26T01:00:00+00:00,0,False,0,6
271,WELL-00001_20170525230000,WELL-00001,0,3,2017-05-26T02:00:00+00:00,0,False,0,6
272,WELL-00001_20170525230000,WELL-00001,0,4,2017-05-26T03:00:00+00:00,0,False,0,6
273,WELL-00001_20170526040000,WELL-00001,0,1,2017-05-26T05:00:00+00:00,0,False,0,6
274,WELL-00001_20170526040000,WELL-00001,0,2,2017-05-26T06:00:00+00:00,0,False,0,6
275,WELL-00001_20170526040000,WELL-00001,0,3,2017-05-26T07:00:00+00:00,0,False,0,6
276,WELL-00001_20170526040000,WELL-00001,0,4,2017-05-26T08:00:00+00:00,0,False,0,6
277,WELL-00001_20170526090000,WELL-00001,0,1,2017-05-26T10:00:00+00:00,0,False,0,6
278,WELL-00001_20170526090000,WELL-00001,0,2,2017-05-26T11:00:00+00:00,0,False,0,6
279,WELL-00001_20170526090000,WELL-00001,0,3,2017-05-26T12:00:00+00:00,0,False,0,6
280,WELL-00001_20170526090000,WELL-00001,0,4,2017-05-26T13:00:00+00:00,0,False,0,6
281,WELL-00001_20170526140000,WELL-00001,0,1,2017-05-26T15:00:00+00:00,0,False,0,6
282,WELL-00001_20170526140000,WELL-00001,0,2,2017-05-26T16:00:00+00:00,0,False,0,6
283,WELL-00001_20170526140000,WELL-00001,0,3,2017-05-26T17:00:00+00:00,0,False,0,6
284,WELL-00001_20170526140000,WELL-00001,0,4,2017-05-26T18:00:00+00:00,0,False,0,6
285,WELL-00001_20170526190000,WELL-00001,0,1,2017-05-26T20:00:00+00:00,0,False,0,6
286,WELL-00001_20170526190000,WELL-00001,0,2,2017-05-26T21:00:00+00:00,0,False,0,6
287,WELL-00001_20170526190000,WELL-00001,0,3,2017-05-26T22:00:00+00:00,0,False,0,6
288,WELL-00001_20170526190000,WELL-00001,0,4,2017-05-26T23:00:00+00:00,0,False,0,6
289,WELL-00001_20170527000000,WELL-00001,0,1,2017-05-27T01:00:00+00:00,0,False,0,6
290,WELL-00001_20170527000000,WELL-00001,0,2,2017-05-27T02:00:00+00:00,0,False,0,6
291,WELL-00001_20170527000000,WELL-00001,0,3,2017-05-27T03:00:00+00:00,0,False,0,6
292,WELL-00001_20170527000000,WELL-00001,0,4,2017-05-27T04:00:00+00:00,0,False,0,6
293,WELL-00001_20170527050000,WELL-00001,0,1,2017-05-27T06:00:00+00:00,0,False,0,6
294,WELL-00001_20170527050000,WELL-00001,0,2,2017-05-27T07:00:00+00:00,0,False,0,6
295,WELL-00001_20170527050000,WELL-00001,0,3,2017-05-27T08:00:00+00:00,0,False,0,6
296,WELL-00001_20170527050000,WELL-00001,0,4,2017-05-27T09:00:00+00:00,0,False,0,6
297,WELL-00001_20170527100000,WELL-00001,0,1,2017-05-27T11:00:00+00:00,0,False,0,6
298,WELL-00001_20170527100000,WELL-00001,0,2,2017-05-27T12:00:00+00:00,0,False,0,6
299,WELL-00001_20170527100000,WELL-00001,0,3,2017-05-27T13:00:00+00:00,0,False,0,6
300,WELL-00001_20170527100000,WELL-00001,0,4,2017-05-27T14:00:00+00:00,0,False,0,6
301,WELL-00001_20170527150000,WELL-00001,0,1,2017-05-27T16:00:00+00:00,0,False,0,6
302,WELL-00001_20170527150000,WELL-00001,0,2,2017-05-27T17:00:00+00:00,0,False,0,6
303,WELL-00001_20170527150000,WELL-00001,0,3,2017-05-27T18:00:00+00:00,0,False,0,6
304,WELL-00001_20170527150000,WELL-00001,0,4,2017-05-27T19:00:00+00:00,0,False,0,6
305,WELL-00001_20170527200000,WELL-00001,0,1,2017-05-27T21:00:00+00:00,0,False,0,6
306,WELL-00001_20170527200000,WELL-00001,0,2,2017-05-27T22:00:00+00:00,0,False,0,6
307,WELL-00001_20170527200000,WELL-00001,0,3,2017-05-27T23:00:00+00:00,0,False,0,6
308,WELL-00001_20170527200000,WELL-00001,0,4,2017-05-28T00:00:00+00:00,0,False,0,6
309,WELL-00001_20170528010000,WELL-00001,0,1,2017-05-28T02:00:00+00:00,0,False,0,6
310,WELL-00001_20170528010000,WELL-00001,0,2,2017-05-28T03:00:00+00:00,0,False,0,6
311,WELL-00001_20170528010000,WELL-00001,0,3,2017-05-28T04:00:00+00:00,0,False,0,6
312,WELL-00001_20170528010000,WELL-00001,0,4,2017-05-28T05:00:00+00:00,0,False,0,6
313,WELL-00001_20170528060000,WELL-00001,0,1,2017-05-28T07:00:00+00:00,0,False,0,6
314,WELL-00001_20170528060000,WELL-00001,0,2,2017-05-28T08:00:00+00:00,0,False,0,6
315,WELL-00001_20170528060000,WELL-00001,0,3,2017-05-28T09:00:00+00:00,0,False,0,6
316,WELL-00001_20170528060000,WELL-00001,0,4,2017-05-28T10:00:00+00:00,0,False,0,6
317,WELL-00001_20170528110000,WELL-00001,0,1,2017-05-28T12:00:00+00:00,0,False,0,6
318,WELL-00001_20170528110000,WELL-00001,0,2,2017-05-28T13:00:00+00:00,0,False,0,6
319,WELL-00001_20170528110000,WELL-00001,0,3,2017-05-28T14:00:00+00:00,0,False,0,6
320,WELL-00001_20170528110000,WELL-00001,0,4,2017-05-28T15:00:00+00:00,0,False,0,6
321,WELL-00001_20170528160000,WELL-00001,0,1,2017-05-28T17:00:00+00:00,0,False,0,6
322,WELL-00001_20170528160000,WELL-00001,0,2,2017-05-28T18:00:00+00:00,0,False,0,6
323,WELL-00001_20170528160000,WELL-00001,0,3,2017-05-28T19:00:00+00:00,0,False,0,6
324,WELL-00001_20170528160000,WELL-00001,0,4,2017-05-28T20:00:00+00:00,0,False,0,6
325,WELL-00001_20170528210000,WELL-00001,0,1,2017-05-28T22:00:00+00:00,0,False,0,6
326,WELL-00001_20170528210000,WELL-00001,0,2,2017-05-28T23:00:00+00:00,0,False,0,6
327,WELL-00001_20170528210000,WELL-00001,0,3,2017-05-29T00:00:00+00:00,0,False,0,6
328,WELL-00001_20170528210000,WELL-00001,0,4,2017-05-29T01:00:00+00:00,0,False,0,6
329,WELL-00001_20170626050000,WELL-00001,4,1,2017-06-26T06:00:00+00:00,1,False,0,6
330,WELL-00001_20170626070000,WELL-00001,4,1,2017-06-26T08:00:00+00:00,1,False,0,6
331,WELL-00001_20170626090246,WELL-00001,0,1,2017-06-26T10:02:46+00:00,0,False,0,6
332,WELL-00001_20170626090246,WELL-00001,0,2,2017-06-26T11:02:46+00:00,0,False,0,6
333,WELL-00001_20170626090246,WELL-00001,0,3,2017-06-26T12:02:46+00:00,0,False,0,6
334,WELL-00001_20170626090246,WELL-00001,0,4,2017-06-26T13:02:46+00:00,0,False,0,6
335,WELL-00001_20170626140123,WELL-00001,0,1,2017-06-26T15:01:23+00:00,0,False,0,6
336,WELL-00001_20170626140123,WELL-00001,0,2,2017-06-26T16:01:23+00:00,0,False,0,6
337,WELL-00001_20170626140123,WELL-00001,0,3,2017-06-26T17:01:23+00:00,0,False,0,6
338,WELL-00001_20170626140123,WELL-00001,0,4,2017-06-26T18:01:23+00:00,0,False,0,6
339,WELL-00001_20170626190135,WELL-00001,0,1,2017-06-26T20:01:35+00:00,0,False,0,6
340,WELL-00001_20170626190135,WELL-00001,0,2,2017-06-26T21:01:35+00:00,0,False,0,6
341,WELL-00001_20170626190135,WELL-00001,0,3,2017-06-26T22:01:35+00:00,0,False,0,6
342,WELL-00001_20170626190135,WELL-00001,0,4,2017-06-26T23:01:35+00:00,0,False,0,6
343,WELL-00001_20170627000333,WELL-00001,0,1,2017-06-27T01:03:33+00:00,0,False,0,6
344,WELL-00001_20170627000333,WELL-00001,0,2,2017-06-27T02:03:33+00:00,0,False,0,6
345,WELL-00001_20170627000333,WELL-00001,0,3,2017-06-27T03:03:33+00:00,0,False,0,6
346,WELL-00001_20170627000333,WELL-00001,0,4,2017-06-27T04:03:33+00:00,0,False,0,6
347,WELL-00001_20170823040000,WELL-00001,0,1,2017-08-23T05:00:00+00:00,0,False,0,6
348,WELL-00001_20170823040000,WELL-00001,0,2,2017-08-23T06:00:00+00:00,0,False,0,6
349,WELL-00001_20170823040000,WELL-00001,0,3,2017-08-23T07:00:00+00:00,0,False,0,6
350,WELL-00001_20170823040000,WELL-00001,0,4,2017-08-23T08:00:00+00:00,0,False,0,6
351,WELL-00001_20170823092146,WELL-00001,0,1,2017-08-23T10:21:46+00:00,0,False,0,6
352,WELL-00001_20170823092146,WELL-00001,0,2,2017-08-23T11:21:46+00:00,0,False,0,6
353,WELL-00001_20170823092146,WELL-00001,0,3,2017-08-23T12:21:46+00:00,0,False,0,6
354,WELL-00001_20170823140000,WELL-00001,0,1,2017-08-23T15:00:00+00:00,0,False,0,6
355,WELL-00001_20170823140000,WELL-00001,0,2,2017-08-23T16:00:00+00:00,0,False,0,6
356,WELL-00001_20170823140000,WELL-00001,0,3,2017-08-23T17:00:00+00:00,0,False,0,6
357,WELL-00001_20170823140000,WELL-00001,0,4,2017-08-23T18:00:00+00:00,0,False,0,6
358,WELL-00001_20170823140000,WELL-00001,0,5,2017-08-23T19:00:00+00:00,0,False,0,6
359,WELL-00001_20170823190000,WELL-00001,0,1,2017-08-23T20:00:00+00:00,0,False,0,6
360,WELL-00001_20170823190000,WELL-00001,0,2,2017-08-23T21:00:00+00:00,0,False,0,6
361,WELL-00001_20170823190000,WELL-00001,0,3,2017-08-23T22:00:00+00:00,0,False,0,6
362,WELL-00001_20170823190000,WELL-00001,0,4,2017-08-23T23:00:00+00:00,0,False,0,6
363,WELL-00001_20170824000000,WELL-00001,0,1,2017-08-24T01:00:00+00:00,0,False,0,6
364,WELL-00001_20170824000000,WELL-00001,0,2,2017-08-24T02:00:00+00:00,0,False,0,6
365,WELL-00001_20170824000000,WELL-00001,0,3,2017-08-24T03:00:00+00:00,0,False,0,6
366,WELL-00001_20170824000000,WELL-00001,0,4,2017-08-24T04:00:00+00:00,0,False,0,6
367,WELL-00001_20170824050000,WELL-00001,0,1,2017-08-24T06:00:00+00:00,0,False,0,6
368,WELL-00001_20170824050000,WELL-00001,0,2,2017-08-24T07:00:00+00:00,0,False,0,6
369,WELL-00001_20170824050000,WELL-00001,0,3,2017-08-24T08:00:00+00:00,0,False,0,6
370,WELL-00001_20170824050000,WELL-00001,0,4,2017-08-24T09:00:00+00:00,0,False,0,6
371,WELL-00001_20170824100000,WELL-00001,0,1,2017-08-24T11:00:00+00:00,0,False,0,6
372,WELL-00001_20170824100000,WELL-00001,0,2,2017-08-24T12:00:00+00:00,0,False,0,6
373,WELL-00001_20170824100000,WELL-00001,0,3,2017-08-24T13:00:00+00:00,0,False,0,6
374,WELL-00001_20170824100000,WELL-00001,0,4,2017-08-24T14:00:00+00:00,0,False,0,6
375,WELL-00001_20170824150000,WELL-00001,0,1,2017-08-24T16:00:00+00:00,0,False,0,6
376,WELL-00001_20170824150000,WELL-00001,0,2,2017-08-24T17:00:00+00:00,0,False,0,6
377,WELL-00001_20170824150000,WELL-00001,0,3,2017-08-24T18:00:00+00:00,0,False,0,6
378,WELL-00001_20170824150000,WELL-00001,0,4,2017-08-24T19:00:00+00:00,0,False,0,6
379,WELL-00001_20170824200000,WELL-00001,0,1,2017-08-24T21:00:00+00:00,0,False,0,6
380,WELL-00001_20170824200000,WELL-00001,0,2,2017-08-24T22:00:00+00:00,0,False,0,6
381,WELL-00001_20170824200000,WELL-00001,0,3,2017-08-24T23:00:00+00:00,0,False,0,6
382,WELL-00001_20170824200000,WELL-00001,0,4,2017-08-25T00:00:00+00:00,0,False,0,6
383,WELL-00001_20170825010000,WELL-00001,0,1,2017-08-25T02:00:00+00:00,0,False,0,6
384,WELL-00001_20170825010000,WELL-00001,0,2,2017-08-25T03:00:00+00:00,0,False,0,6
385,WELL-00001_20170825010000,WELL-00001,0,3,2017-08-25T04:00:00+00:00,0,False,0,6
386,WELL-00001_20170825010000,WELL-00001,0,4,2017-08-25T05:00:00+00:00,0,False,0,6
387,WELL-00001_20170825060000,WELL-00001,0,1,2017-08-25T07:00:00+00:00,0,False,0,6
388,WELL-00001_20170825060000,WELL-00001,0,2,2017-08-25T08:00:00+00:00,0,False,0,6
389,WELL-00001_20170825060000,WELL-00001,0,3,2017-08-25T09:00:00+00:00,0,False,0,6
390,WELL-00001_20170825060000,WELL-00001,0,4,2017-08-25T10:00:00+00:00,0,False,0,6
391,WELL-00001_20170825110000,WELL-00001,0,1,2017-08-25T12:00:00+00:00,0,False,0,6
392,WELL-00001_20170825110000,WELL-00001,0,2,2017-08-25T13:00:00+00:00,0,False,0,6
393,WELL-00001_20170825110000,WELL-00001,0,3,2017-08-25T14:00:00+00:00,0,False,0,6
394,WELL-00001_20170825110000,WELL-00001,0,4,2017-08-25T15:00:00+00:00,0,False,0,6
395,WELL-00001_20170825160000,WELL-00001,0,1,2017-08-25T17:00:00+00:00,0,False,0,6
396,WELL-00001_20170825160000,WELL-00001,0,2,2017-08-25T18:00:00+00:00,0,False,0,6
397,WELL-00001_20170825160000,WELL-00001,0,3,2017-08-25T19:00:00+00:00,0,False,0,6
398,WELL-00001_20170825160000,WELL-00001,0,4,2017-08-25T20:00:00+00:00,0,False,0,6
399,WELL-00001_20170825210000,WELL-00001,0,1,2017-08-25T22:00:00+00:00,0,False,0,6
400,WELL-00001_20170825210000,WELL-00001,0,2,2017-08-25T23:00:00+00:00,0,False,0,6
401,WELL-00001_20170825210000,WELL-00001,0,3,2017-08-26T00:00:00+00:00,0,False,0,6
402,WELL-00001_20170825210000,WELL-00001,0,4,2017-08-26T01:00:00+00:00,0,False,0,6
403,WELL-00001_20170826020000,WELL-00001,0,1,2017-08-26T03:00:00+00:00,0,False,0,6
404,WELL-00001_20170826020000,WELL-00001,0,2,2017-08-26T04:00:00+00:00,0,False,0,6
405,WELL-00001_20170826020000,WELL-00001,0,3,2017-08-26T05:00:00+00:00,0,False,0,6
406,WELL-00001_20170826020000,WELL-00001,0,4,2017-08-26T06:00:00+00:00,0,False,0,6
407,WELL-00001_20170826070000,WELL-00001,0,1,2017-08-26T08:00:00+00:00,0,False,0,6
408,WELL-00001_20170826070000,WELL-00001,0,2,2017-08-26T09:00:00+00:00,0,False,0,6
409,WELL-00001_20170826070000,WELL-00001,0,3,2017-08-26T10:00:00+00:00,0,False,0,6
410,WELL-00001_20170826070000,WELL-00001,0,4,2017-08-26T11:00:00+00:00,0,False,0,6
411,WELL-00001_20170826120000,WELL-00001,0,1,2017-08-26T13:00:00+00:00,0,False,0,6
412,WELL-00001_20170826120000,WELL-00001,0,2,2017-08-26T14:00:00+00:00,0,False,0,6
413,WELL-00001_20170826120000,WELL-00001,0,3,2017-08-26T15:00:00+00:00,0,False,0,6
414,WELL-00001_20170826120000,WELL-00001,0,4,2017-08-26T16:00:00+00:00,0,False,0,6
415,WELL-00001_20170826170000,WELL-00001,0,1,2017-08-26T18:00:00+00:00,0,False,0,6
416,WELL-00001_20170826170000,WELL-00001,0,2,2017-08-26T19:00:00+00:00,0,False,0,6
417,WELL-00001_20170826170000,WELL-00001,0,3,2017-08-26T20:00:00+00:00,0,False,0,6
418,WELL-00001_20170826170000,WELL-00001,0,4,2017-08-26T21:00:00+00:00,0,False,0,6
419,WELL-00001_20170826220000,WELL-00001,0,1,2017-08-26T23:00:00+00:00,0,False,0,6
420,WELL-00001_20170826220000,WELL-00001,0,2,2017-08-27T00:00:00+00:00,0,False,0,6
421,WELL-00001_20170826220000,WELL-00001,0,3,2017-08-27T01:00:00+00:00,0,False,0,6
422,WELL-00001_20170826220000,WELL-00001,0,4,2017-08-27T02:00:00+00:00,0,False,0,6
423,WELL-00001_20170827030000,WELL-00001,0,1,2017-08-27T04:00:00+00:00,0,False,0,6
424,WELL-00001_20170827030000,WELL-00001,0,2,2017-08-27T05:00:00+00:00,0,False,0,6
425,WELL-00001_20170827030000,WELL-00001,0,3,2017-08-27T06:00:00+00:00,0,False,0,6
426,WELL-00001_20170827030000,WELL-00001,0,4,2017-08-27T07:00:00+00:00,0,False,0,6
427,WELL-00001_20170827080000,WELL-00001,0,1,2017-08-27T09:00:00+00:00,0,False,0,6
428,WELL-00001_20170827080000,WELL-00001,0,2,2017-08-27T10:00:00+00:00,0,False,0,6
429,WELL-00001_20170827080000,WELL-00001,0,3,2017-08-27T11:00:00+00:00,0,False,0,6
430,WELL-00001_20170827080000,WELL-00001,0,4,2017-08-27T12:00:00+00:00,0,False,0,6
431,WELL-00001_20170827130000,WELL-00001,0,1,2017-08-27T14:00:00+00:00,0,False,0,6
432,WELL-00001_20170827130000,WELL-00001,0,2,2017-08-27T15:00:00+00:00,0,False,0,6
433,WELL-00001_20170827130000,WELL-00001,0,3,2017-08-27T16:00:00+00:00,0,False,0,6
434,WELL-00001_20170827130000,WELL-00001,0,4,2017-08-27T17:00:00+00:00,0,False,0,6
435,WELL-00001_20170827180000,WELL-00001,0,1,2017-08-27T19:00:00+00:00,0,False,0,6
436,WELL-00001_20170827180000,WELL-00001,0,2,2017-08-27T20:00:00+00:00,0,False,0,6
437,WELL-00001_20170827180000,WELL-00001,0,3,2017-08-27T21:00:00+00:00,0,False,0,6
438,WELL-00001_20170827180000,WELL-00001,0,4,2017-08-27T22:00:00+00:00,0,False,0,6
439,WELL-00001_20170827230000,WELL-00001,0,1,2017-08-28T00:00:00+00:00,0,False,0,6
440,WELL-00001_20170827230000,WELL-00001,0,2,2017-08-28T01:00:00+00:00,0,False,0,6
441,WELL-00001_20170827230000,WELL-00001,0,3,2017-08-28T02:00:00+00:00,0,False,0,6
442,WELL-00001_20170827230000,WELL-00001,0,4,2017-08-28T03:00:00+00:00,0,False,0,6
443,WELL-00001_20170828040000,WELL-00001,0,1,2017-08-28T05:00:00+00:00,0,False,0,6
444,WELL-00001_20170828040000,WELL-00001,0,2,2017-08-28T06:00:00+00:00,0,False,0,6
445,WELL-00001_20170828040000,WELL-00001,0,3,2017-08-28T07:00:00+00:00,0,False,0,6
446,WELL-00001_20170828040000,WELL-00001,0,4,2017-08-28T08:00:00+00:00,0,False,0,6
447,WELL-00001_20170828090000,WELL-00001,0,1,2017-08-28T10:00:00+00:00,0,False,0,6
448,WELL-00001_20170828090000,WELL-00001,0,2,2017-08-28T11:00:00+00:00,0,False,0,6
449,WELL-00001_20170828090000,WELL-00001,0,3,2017-08-28T12:00:00+00:00,0,False,0,6
450,WELL-00001_20170828090000,WELL-00001,0,4,2017-08-28T13:00:00+00:00,0,False,0,6
451,WELL-00002_20131104004101,WELL-00002,2,1,2013-11-04T01:41:01+00:00,0,False,0,4
452,WELL-00002_20131104004101,WELL-00002,2,2,2013-11-04T02:41:01+00:00,1,True,0,4
453,WELL-00002_20131208220000,WELL-00002,4,1,2013-12-08T23:00:00+00:00,1,False,0,4
454,WELL-00002_20131209000000,WELL-00002,4,1,2013-12-09T01:00:00+00:00,1,False,0,4
455,WELL-00002_20131209020000,WELL-00002,4,1,2013-12-09T03:00:00+00:00,1,False,0,4
456,WELL-00002_20131209040000,WELL-00002,4,1,2013-12-09T05:00:00+00:00,1,False,0,4
457,WELL-00002_20131209060000,WELL-00002,4,1,2013-12-09T07:00:00+00:00,1,False,0,4
458,WELL-00002_20131209080000,WELL-00002,4,1,2013-12-09T09:00:00+00:00,1,False,0,4
459,WELL-00002_20131209100000,WELL-00002,4,1,2013-12-09T11:00:00+00:00,1,False,0,4
460,WELL-00002_20131209120000,WELL-00002,4,1,2013-12-09T13:00:00+00:00,1,False,0,4
461,WELL-00002_20131211220015,WELL-00002,0,1,2013-12-11T23:00:15+00:00,0,False,0,4
462,WELL-00002_20131212000148,WELL-00002,0,1,2013-12-12T01:01:48+00:00,0,False,0,4
463,WELL-00002_20131212020000,WELL-00002,0,1,2013-12-12T03:00:00+00:00,0,False,0,4
464,WELL-00002_20131212040000,WELL-00002,0,1,2013-12-12T05:00:00+00:00,0,False,0,4
465,WELL-00002_20131212060005,WELL-00002,0,1,2013-12-12T07:00:05+00:00,0,False,0,4
466,WELL-00002_20131212080000,WELL-00002,4,1,2013-12-12T09:00:00+00:00,1,False,0,4
467,WELL-00002_20131212100000,WELL-00002,4,1,2013-12-12T11:00:00+00:00,1,False,0,4
468,WELL-00002_20131214150127,WELL-00002,0,1,2013-12-14T16:01:27+00:00,0,False,0,4
469,WELL-00002_20131214170036,WELL-00002,0,1,2013-12-14T18:00:36+00:00,0,False,0,4
470,WELL-00002_20131214190030,WELL-00002,0,1,2013-12-14T20:00:30+00:00,0,False,0,4
471,WELL-00002_20131214210010,WELL-00002,4,1,2013-12-14T22:00:10+00:00,1,False,0,4
472,WELL-00002_20131214230010,WELL-00002,4,1,2013-12-15T00:00:10+00:00,1,False,0,4
473,WELL-00002_20131215010010,WELL-00002,4,1,2013-12-15T02:00:10+00:00,1,False,0,4
474,WELL-00002_20131215030036,WELL-00002,4,1,2013-12-15T04:00:36+00:00,1,False,0,4
475,WELL-00002_20131215050030,WELL-00002,4,1,2013-12-15T06:00:30+00:00,1,False,0,4
476,WELL-00002_20131215070015,WELL-00002,4,1,2013-12-15T08:00:15+00:00,1,False,0,4
477,WELL-00002_20131215090025,WELL-00002,4,1,2013-12-15T10:00:25+00:00,1,False,0,4
478,WELL-00002_20131215110025,WELL-00002,4,1,2013-12-15T12:00:25+00:00,1,False,0,4
479,WELL-00002_20131215130036,WELL-00002,4,1,2013-12-15T14:00:36+00:00,1,False,0,4
480,WELL-00002_20131215150122,WELL-00002,4,1,2013-12-15T16:01:22+00:00,1,False,0,4
481,WELL-00002_20131215170101,WELL-00002,4,1,2013-12-15T18:01:01+00:00,1,False,0,4
482,WELL-00002_20131215190132,WELL-00002,4,1,2013-12-15T20:01:32+00:00,1,False,0,4
483,WELL-00002_20131215210107,WELL-00002,4,1,2013-12-15T22:01:07+00:00,1,False,0,4
484,WELL-00002_20140109000112,WELL-00002,4,1,2014-01-09T01:01:12+00:00,1,False,0,4
485,WELL-00002_20140109020025,WELL-00002,4,1,2014-01-09T03:00:25+00:00,1,False,0,4
486,WELL-00002_20140109040025,WELL-00002,4,1,2014-01-09T05:00:25+00:00,1,False,0,4
487,WELL-00002_20140109140010,WELL-00002,4,1,2014-01-09T15:00:10+00:00,1,False,0,4
488,WELL-00002_20140109160010,WELL-00002,4,1,2014-01-09T17:00:10+00:00,1,False,0,4
489,WELL-00002_20140115150010,WELL-00002,4,1,2014-01-15T16:00:10+00:00,1,False,0,4
490,WELL-00002_20140115170036,WELL-00002,4,1,2014-01-15T18:00:36+00:00,1,False,0,4
491,WELL-00002_20140118230030,WELL-00002,4,1,2014-01-19T00:00:30+00:00,1,False,0,4
492,WELL-00002_20140119010020,WELL-00002,4,1,2014-01-19T02:00:20+00:00,1,False,0,4
493,WELL-00002_20140119030025,WELL-00002,4,1,2014-01-19T04:00:25+00:00,1,False,0,4
494,WELL-00002_20140119050010,WELL-00002,4,1,2014-01-19T06:00:10+00:00,1,False,0,4
495,WELL-00002_20140119070138,WELL-00002,4,1,2014-01-19T08:01:38+00:00,1,False,0,4
496,WELL-00002_20140119090112,WELL-00002,4,1,2014-01-19T10:01:12+00:00,1,False,0,4
497,WELL-00002_20140119110010,WELL-00002,4,1,2014-01-19T12:00:10+00:00,1,False,0,4
498,WELL-00002_20140119130010,WELL-00002,4,1,2014-01-19T14:00:10+00:00,1,False,0,4
499,WELL-00002_20140119150112,WELL-00002,4,1,2014-01-19T16:01:12+00:00,1,False,0,4
500,WELL-00002_20140119170015,WELL-00002,4,1,2014-01-19T18:00:15+00:00,1,False,0,4
501,WELL-00002_20140119190132,WELL-00002,4,1,2014-01-19T20:01:32+00:00,1,False,0,4
502,WELL-00002_20140119210015,WELL-00002,4,1,2014-01-19T22:00:15+00:00,1,False,0,4
503,WELL-00002_20140119230030,WELL-00002,4,1,2014-01-20T00:00:30+00:00,1,False,0,4
504,WELL-00002_20140120010025,WELL-00002,4,1,2014-01-20T02:00:25+00:00,1,False,0,4
505,WELL-00002_20140120030132,WELL-00002,4,1,2014-01-20T04:01:32+00:00,1,False,0,4
506,WELL-00002_20140120050203,WELL-00002,4,1,2014-01-20T06:02:03+00:00,1,False,0,4
507,WELL-00002_20140120070122,WELL-00002,4,1,2014-01-20T08:01:22+00:00,1,False,0,4
508,WELL-00002_20140120090010,WELL-00002,4,1,2014-01-20T10:00:10+00:00,1,False,0,4
509,WELL-00002_20140120110234,WELL-00002,4,1,2014-01-20T12:02:34+00:00,1,False,0,4
510,WELL-00002_20140120130224,WELL-00002,4,1,2014-01-20T14:02:24+00:00,1,False,0,4
511,WELL-00002_20140120150112,WELL-00002,4,1,2014-01-20T16:01:12+00:00,1,False,0,4
512,WELL-00002_20140120170010,WELL-00002,4,1,2014-01-20T18:00:10+00:00,1,False,0,4
513,WELL-00002_20140120190122,WELL-00002,4,1,2014-01-20T20:01:22+00:00,1,False,0,4
514,WELL-00002_20140120210036,WELL-00002,4,1,2014-01-20T22:00:36+00:00,1,False,0,4
515,WELL-00002_20140120230224,WELL-00002,4,1,2014-01-21T00:02:24+00:00,1,False,0,4
516,WELL-00002_20140121010056,WELL-00002,4,1,2014-01-21T02:00:56+00:00,1,False,0,4
517,WELL-00002_20140121030030,WELL-00002,4,1,2014-01-21T04:00:30+00:00,1,False,0,4
518,WELL-00002_20140121050010,WELL-00002,4,1,2014-01-21T06:00:10+00:00,1,False,0,4
519,WELL-00002_20140121070214,WELL-00002,4,1,2014-01-21T08:02:14+00:00,1,False,0,4
520,WELL-00002_20140121090056,WELL-00002,4,1,2014-01-21T10:00:56+00:00,1,False,0,4
521,WELL-00002_20140121110117,WELL-00002,4,1,2014-01-21T12:01:17+00:00,1,False,0,4
522,WELL-00002_20140121130132,WELL-00002,4,1,2014-01-21T14:01:32+00:00,1,False,0,4
523,WELL-00002_20140121150025,WELL-00002,4,1,2014-01-21T16:00:25+00:00,1,False,0,4
524,WELL-00002_20140121170219,WELL-00002,4,1,2014-01-21T18:02:19+00:00,1,False,0,4
525,WELL-00002_20140121190234,WELL-00002,4,1,2014-01-21T20:02:34+00:00,1,False,0,4
526,WELL-00002_20140121210041,WELL-00002,4,1,2014-01-21T22:00:41+00:00,1,False,0,4
527,WELL-00002_20140121230117,WELL-00002,4,1,2014-01-22T00:01:17+00:00,1,False,0,4
528,WELL-00002_20140122010051,WELL-00002,4,1,2014-01-22T02:00:51+00:00,1,False,0,4
529,WELL-00002_20140122030046,WELL-00002,4,1,2014-01-22T04:00:46+00:00,1,False,0,4
530,WELL-00002_20140122050010,WELL-00002,4,1,2014-01-22T06:00:10+00:00,1,False,0,4
531,WELL-00002_20140122070127,WELL-00002,4,1,2014-01-22T08:01:27+00:00,1,False,0,4
532,WELL-00002_20140122090112,WELL-00002,4,1,2014-01-22T10:01:12+00:00,1,False,0,4
533,WELL-00002_20140122110030,WELL-00002,4,1,2014-01-22T12:00:30+00:00,1,False,0,4
534,WELL-00002_20140122130015,WELL-00002,4,1,2014-01-22T14:00:15+00:00,1,False,0,4
535,WELL-00002_20140122150127,WELL-00002,4,1,2014-01-22T16:01:27+00:00,1,False,0,4
536,WELL-00002_20140122170112,WELL-00002,4,1,2014-01-22T18:01:12+00:00,1,False,0,4
537,WELL-00002_20140122190127,WELL-00002,4,1,2014-01-22T20:01:27+00:00,1,False,0,4
538,WELL-00002_20140122210153,WELL-00002,4,1,2014-01-22T22:01:53+00:00,1,False,0,4
539,WELL-00002_20140122230051,WELL-00002,4,1,2014-01-23T00:00:51+00:00,1,False,0,4
540,WELL-00002_20140123010219,WELL-00002,4,1,2014-01-23T02:02:19+00:00,1,False,0,4
541,WELL-00002_20140123030132,WELL-00002,4,1,2014-01-23T04:01:32+00:00,1,False,0,4
542,WELL-00002_20140123050030,WELL-00002,4,1,2014-01-23T06:00:30+00:00,1,False,0,4
543,WELL-00002_20140123070010,WELL-00002,4,1,2014-01-23T08:00:10+00:00,1,False,0,4
544,WELL-00002_20140124050010,WELL-00002,4,1,2014-01-24T06:00:10+00:00,1,False,0,4
545,WELL-00002_20140124070020,WELL-00002,4,1,2014-01-24T08:00:20+00:00,1,False,0,4
546,WELL-00002_20140124090054,WELL-00002,4,1,2014-01-24T10:00:54+00:00,1,False,0,4
547,WELL-00002_20140124110131,WELL-00002,4,1,2014-01-24T12:01:31+00:00,1,False,0,4
548,WELL-00002_20140124130041,WELL-00002,4,1,2014-01-24T14:00:41+00:00,1,False,0,4
549,WELL-00002_20140124150018,WELL-00002,4,1,2014-01-24T16:00:18+00:00,1,False,0,4
550,WELL-00002_20140124170136,WELL-00002,4,1,2014-01-24T18:01:36+00:00,1,False,0,4
551,WELL-00002_20140124190008,WELL-00002,4,1,2014-01-24T20:00:08+00:00,1,False,0,4
552,WELL-00002_20140124210029,WELL-00002,4,1,2014-01-24T22:00:29+00:00,1,False,0,4
553,WELL-00002_20140124230055,WELL-00002,4,1,2014-01-25T00:00:55+00:00,1,False,0,4
554,WELL-00002_20140125010016,WELL-00002,4,1,2014-01-25T02:00:16+00:00,1,False,0,4
555,WELL-00002_20140125030033,WELL-00002,4,1,2014-01-25T04:00:33+00:00,1,False,0,4
556,WELL-00002_20140125050245,WELL-00002,4,1,2014-01-25T06:02:45+00:00,1,False,0,4
557,WELL-00002_20140125070141,WELL-00002,4,1,2014-01-25T08:01:41+00:00,1,False,0,4
558,WELL-00002_20140125090025,WELL-00002,4,1,2014-01-25T10:00:25+00:00,1,False,0,4
559,WELL-00002_20140125110016,WELL-00002,4,1,2014-01-25T12:00:16+00:00,1,False,0,4
560,WELL-00002_20140125130107,WELL-00002,4,1,2014-01-25T14:01:07+00:00,1,False,0,4
561,WELL-00002_20140125150112,WELL-00002,4,1,2014-01-25T16:01:12+00:00,1,False,0,4
562,WELL-00002_20140125170107,WELL-00002,4,1,2014-01-25T18:01:07+00:00,1,False,0,4
563,WELL-00002_20140125190016,WELL-00002,4,1,2014-01-25T20:00:16+00:00,1,False,0,4
564,WELL-00002_20140125210046,WELL-00002,4,1,2014-01-25T22:00:46+00:00,1,False,0,4
565,WELL-00002_20140125230059,WELL-00002,4,1,2014-01-26T00:00:59+00:00,1,False,0,4
566,WELL-00002_20140126010016,WELL-00002,4,1,2014-01-26T02:00:16+00:00,1,False,0,4
567,WELL-00002_20140126030133,WELL-00002,4,1,2014-01-26T04:01:33+00:00,1,False,0,4
568,WELL-00002_20140126050141,WELL-00002,4,1,2014-01-26T06:01:41+00:00,1,False,0,4
569,WELL-00002_20140126070146,WELL-00002,4,1,2014-01-26T08:01:46+00:00,1,False,0,4
570,WELL-00002_20140126090141,WELL-00002,4,1,2014-01-26T10:01:41+00:00,1,False,0,4
571,WELL-00002_20140126110241,WELL-00002,4,1,2014-01-26T12:02:41+00:00,1,False,0,4
572,WELL-00002_20140126130124,WELL-00002,4,1,2014-01-26T14:01:24+00:00,1,False,0,4
573,WELL-00002_20140126180030,WELL-00002,1,1,2014-01-26T19:00:30+00:00,0,False,0,4
574,WELL-00002_20140126180030,WELL-00002,1,2,2014-01-26T20:00:30+00:00,1,True,0,4
575,WELL-00002_20140126180030,WELL-00002,1,3,2014-01-26T21:00:30+00:00,1,True,0,4
576,WELL-00002_20140212160333,WELL-00002,6,1,2014-02-12T17:03:33+00:00,0,False,0,4
577,WELL-00002_20140212160333,WELL-00002,6,2,2014-02-12T18:03:33+00:00,0,False,0,4
578,WELL-00002_20140212160333,WELL-00002,6,3,2014-02-12T19:03:33+00:00,0,False,0,4
579,WELL-00002_20140212160333,WELL-00002,6,4,2014-02-12T20:03:33+00:00,0,False,0,4
580,WELL-00002_20140212160333,WELL-00002,6,5,2014-02-12T21:03:33+00:00,1,False,0,4
581,WELL-00002_20140212160333,WELL-00002,6,6,2014-02-12T22:03:33+00:00,1,False,0,4
582,WELL-00002_20140301141700,WELL-00002,6,1,2014-03-01T15:17:00+00:00,0,False,0,4
583,WELL-00002_20140301141700,WELL-00002,6,2,2014-03-01T16:17:00+00:00,0,False,0,4
584,WELL-00002_20140301141700,WELL-00002,6,3,2014-03-01T17:17:00+00:00,1,False,0,4
585,WELL-00002_20140325160304,WELL-00002,6,1,2014-03-25T17:03:04+00:00,0,False,0,4
586,WELL-00002_20140325160304,WELL-00002,6,2,2014-03-25T18:03:04+00:00,1,False,0,4
587,WELL-00002_20140325160304,WELL-00002,6,3,2014-03-25T19:03:04+00:00,1,False,0,4
588,WELL-00002_20170209110022,WELL-00002,0,1,2017-02-09T12:00:22+00:00,0,False,0,4
589,WELL-00002_20170209110022,WELL-00002,0,2,2017-02-09T13:00:22+00:00,0,False,0,4
590,WELL-00002_20170209110022,WELL-00002,0,3,2017-02-09T14:00:22+00:00,0,False,0,4
591,WELL-00002_20170209110022,WELL-00002,0,4,2017-02-09T15:00:22+00:00,0,False,0,4
592,WELL-00002_20170209160152,WELL-00002,0,1,2017-02-09T17:01:52+00:00,0,False,0,4
593,WELL-00002_20170209160152,WELL-00002,0,2,2017-02-09T18:01:52+00:00,0,False,0,4
594,WELL-00002_20170209160152,WELL-00002,0,3,2017-02-09T19:01:52+00:00,0,False,0,4
595,WELL-00002_20170209160152,WELL-00002,0,4,2017-02-09T20:01:52+00:00,0,False,0,4
596,WELL-00002_20170209210033,WELL-00002,0,1,2017-02-09T22:00:33+00:00,0,False,0,4
597,WELL-00002_20170209210033,WELL-00002,0,2,2017-02-09T23:00:33+00:00,0,False,0,4
598,WELL-00002_20170209210033,WELL-00002,0,3,2017-02-10T00:00:33+00:00,0,False,0,4
599,WELL-00002_20170209210033,WELL-00002,0,4,2017-02-10T01:00:33+00:00,0,False,0,4
600,WELL-00002_20170210020033,WELL-00002,0,1,2017-02-10T03:00:33+00:00,0,False,0,4
601,WELL-00002_20170210020033,WELL-00002,0,2,2017-02-10T04:00:33+00:00,0,False,0,4
602,WELL-00002_20170210020033,WELL-00002,0,3,2017-02-10T05:00:33+00:00,0,False,0,4
603,WELL-00002_20170210020033,WELL-00002,0,4,2017-02-10T06:00:33+00:00,0,False,0,4
604,WELL-00002_20170210070407,WELL-00002,0,1,2017-02-10T08:04:07+00:00,0,False,0,4
605,WELL-00002_20170210070407,WELL-00002,0,2,2017-02-10T09:04:07+00:00,0,False,0,4
606,WELL-00002_20170210070407,WELL-00002,0,3,2017-02-10T10:04:07+00:00,0,False,0,4
607,WELL-00002_20170210070407,WELL-00002,0,4,2017-02-10T11:04:07+00:00,0,False,0,4
608,WELL-00002_20170210120152,WELL-00002,0,1,2017-02-10T13:01:52+00:00,0,False,0,4
609,WELL-00002_20170210120152,WELL-00002,0,2,2017-02-10T14:01:52+00:00,0,False,0,4
610,WELL-00002_20170210120152,WELL-00002,0,3,2017-02-10T15:01:52+00:00,0,False,0,4
611,WELL-00002_20170210120152,WELL-00002,0,4,2017-02-10T16:01:52+00:00,0,False,0,4
612,WELL-00002_20170210170033,WELL-00002,0,1,2017-02-10T18:00:33+00:00,0,False,0,4
613,WELL-00002_20170210170033,WELL-00002,0,2,2017-02-10T19:00:33+00:00,0,False,0,4
614,WELL-00002_20170210170033,WELL-00002,0,3,2017-02-10T20:00:33+00:00,0,False,0,4
615,WELL-00002_20170210170033,WELL-00002,0,4,2017-02-10T21:00:33+00:00,0,False,0,4
616,WELL-00002_20170210220203,WELL-00002,0,1,2017-02-10T23:02:03+00:00,0,False,0,4
617,WELL-00002_20170210220203,WELL-00002,0,2,2017-02-11T00:02:03+00:00,0,False,0,4
618,WELL-00002_20170210220203,WELL-00002,0,3,2017-02-11T01:02:03+00:00,0,False,0,4
619,WELL-00002_20170210220203,WELL-00002,0,4,2017-02-11T02:02:03+00:00,0,False,0,4
620,WELL-00002_20170211030225,WELL-00002,0,1,2017-02-11T04:02:25+00:00,0,False,0,4
621,WELL-00002_20170211030225,WELL-00002,0,2,2017-02-11T05:02:25+00:00,0,False,0,4
622,WELL-00002_20170211030225,WELL-00002,0,3,2017-02-11T06:02:25+00:00,0,False,0,4
623,WELL-00002_20170211030225,WELL-00002,0,4,2017-02-11T07:02:25+00:00,0,False,0,4
624,WELL-00002_20170211080129,WELL-00002,0,1,2017-02-11T09:01:29+00:00,0,False,0,4
625,WELL-00002_20170211080129,WELL-00002,0,2,2017-02-11T10:01:29+00:00,0,False,0,4
626,WELL-00002_20170211080129,WELL-00002,0,3,2017-02-11T11:01:29+00:00,0,False,0,4
627,WELL-00002_20170211080129,WELL-00002,0,4,2017-02-11T12:01:29+00:00,0,False,0,4
628,WELL-00002_20170211130152,WELL-00002,0,1,2017-02-11T14:01:52+00:00,0,False,0,4
629,WELL-00002_20170211130152,WELL-00002,0,2,2017-02-11T15:01:52+00:00,0,False,0,4
630,WELL-00002_20170211130152,WELL-00002,0,3,2017-02-11T16:01:52+00:00,0,False,0,4
631,WELL-00002_20170211130152,WELL-00002,0,4,2017-02-11T17:01:52+00:00,0,False,0,4
632,WELL-00002_20170211180129,WELL-00002,0,1,2017-02-11T19:01:29+00:00,0,False,0,4
633,WELL-00002_20170211180129,WELL-00002,0,2,2017-02-11T20:01:29+00:00,0,False,0,4
634,WELL-00002_20170211180129,WELL-00002,0,3,2017-02-11T21:01:29+00:00,0,False,0,4
635,WELL-00002_20170211180129,WELL-00002,0,4,2017-02-11T22:01:29+00:00,0,False,0,4
636,WELL-00002_20170211230141,WELL-00002,0,1,2017-02-12T00:01:41+00:00,0,False,0,4
637,WELL-00002_20170211230141,WELL-00002,0,2,2017-02-12T01:01:41+00:00,0,False,0,4
638,WELL-00002_20170211230141,WELL-00002,0,3,2017-02-12T02:01:41+00:00,0,False,0,4
639,WELL-00002_20170211230141,WELL-00002,0,4,2017-02-12T03:01:41+00:00,0,False,0,4
640,WELL-00002_20170212040225,WELL-00002,0,1,2017-02-12T05:02:25+00:00,0,False,0,4
641,WELL-00002_20170212040225,WELL-00002,0,2,2017-02-12T06:02:25+00:00,0,False,0,4
642,WELL-00002_20170212040225,WELL-00002,0,3,2017-02-12T07:02:25+00:00,0,False,0,4
643,WELL-00002_20170212040225,WELL-00002,0,4,2017-02-12T08:02:25+00:00,0,False,0,4
644,WELL-00002_20170212090203,WELL-00002,0,1,2017-02-12T10:02:03+00:00,0,False,0,4
645,WELL-00002_20170212090203,WELL-00002,0,2,2017-02-12T11:02:03+00:00,0,False,0,4
646,WELL-00002_20170212090203,WELL-00002,0,3,2017-02-12T12:02:03+00:00,0,False,0,4
647,WELL-00002_20170212090203,WELL-00002,0,4,2017-02-12T13:02:03+00:00,0,False,0,4
648,WELL-00002_20170212140407,WELL-00002,0,1,2017-02-12T15:04:07+00:00,0,False,0,4
649,WELL-00002_20170212140407,WELL-00002,0,2,2017-02-12T16:04:07+00:00,0,False,0,4
650,WELL-00002_20170212140407,WELL-00002,0,3,2017-02-12T17:04:07+00:00,0,False,0,4
651,WELL-00002_20170212140407,WELL-00002,0,4,2017-02-12T18:04:07+00:00,0,False,0,4
652,WELL-00002_20170212190429,WELL-00002,0,1,2017-02-12T20:04:29+00:00,0,False,0,4
653,WELL-00002_20170212190429,WELL-00002,0,2,2017-02-12T21:04:29+00:00,0,False,0,4
654,WELL-00002_20170212190429,WELL-00002,0,3,2017-02-12T22:04:29+00:00,0,False,0,4
655,WELL-00002_20170212190429,WELL-00002,0,4,2017-02-12T23:04:29+00:00,0,False,0,4
656,WELL-00002_20170213000322,WELL-00002,0,1,2017-02-13T01:03:22+00:00,0,False,0,4
657,WELL-00002_20170213000322,WELL-00002,0,2,2017-02-13T02:03:22+00:00,0,False,0,4
658,WELL-00002_20170213000322,WELL-00002,0,3,2017-02-13T03:03:22+00:00,0,False,0,4
659,WELL-00002_20170213000322,WELL-00002,0,4,2017-02-13T04:03:22+00:00,0,False,0,4
660,WELL-00002_20170213050225,WELL-00002,0,1,2017-02-13T06:02:25+00:00,0,False,0,4
661,WELL-00002_20170213050225,WELL-00002,0,2,2017-02-13T07:02:25+00:00,0,False,0,4
662,WELL-00002_20170213050225,WELL-00002,0,3,2017-02-13T08:02:25+00:00,0,False,0,4
663,WELL-00002_20170213050225,WELL-00002,0,4,2017-02-13T09:02:25+00:00,0,False,0,4
664,WELL-00002_20170213100344,WELL-00002,0,1,2017-02-13T11:03:44+00:00,0,False,0,4
665,WELL-00002_20170213100344,WELL-00002,0,2,2017-02-13T12:03:44+00:00,0,False,0,4
666,WELL-00002_20170213100344,WELL-00002,0,3,2017-02-13T13:03:44+00:00,0,False,0,4
667,WELL-00002_20170213100344,WELL-00002,0,4,2017-02-13T14:03:44+00:00,0,False,0,4
668,WELL-00002_20170213150107,WELL-00002,0,1,2017-02-13T16:01:07+00:00,0,False,0,4
669,WELL-00002_20170213150107,WELL-00002,0,2,2017-02-13T17:01:07+00:00,0,False,0,4
670,WELL-00002_20170213150107,WELL-00002,0,3,2017-02-13T18:01:07+00:00,0,False,0,4
671,WELL-00002_20170213150107,WELL-00002,0,4,2017-02-13T19:01:07+00:00,0,False,0,4
672,WELL-00002_20170213200214,WELL-00002,0,1,2017-02-13T21:02:14+00:00,0,False,0,4
673,WELL-00002_20170213200214,WELL-00002,0,2,2017-02-13T22:02:14+00:00,0,False,0,4
674,WELL-00002_20170213200214,WELL-00002,0,3,2017-02-13T23:02:14+00:00,0,False,0,4
675,WELL-00002_20170213200214,WELL-00002,0,4,2017-02-14T00:02:14+00:00,0,False,0,4
676,WELL-00002_20170214010118,WELL-00002,0,1,2017-02-14T02:01:18+00:00,0,False,0,4
677,WELL-00002_20170214010118,WELL-00002,0,2,2017-02-14T03:01:18+00:00,0,False,0,4
678,WELL-00002_20170214010118,WELL-00002,0,3,2017-02-14T04:01:18+00:00,0,False,0,4
679,WELL-00002_20170214010118,WELL-00002,0,4,2017-02-14T05:01:18+00:00,0,False,0,4
680,WELL-00002_20170214060141,WELL-00002,0,1,2017-02-14T07:01:41+00:00,0,False,0,4
681,WELL-00002_20170214060141,WELL-00002,0,2,2017-02-14T08:01:41+00:00,0,False,0,4
682,WELL-00002_20170214060141,WELL-00002,0,3,2017-02-14T09:01:41+00:00,0,False,0,4
683,WELL-00002_20170214060141,WELL-00002,0,4,2017-02-14T10:01:41+00:00,0,False,0,4
684,WELL-00002_20170214110056,WELL-00002,0,1,2017-02-14T12:00:56+00:00,0,False,0,4
685,WELL-00002_20170214110056,WELL-00002,0,2,2017-02-14T13:00:56+00:00,0,False,0,4
686,WELL-00002_20170214110056,WELL-00002,0,3,2017-02-14T14:00:56+00:00,0,False,0,4
687,WELL-00002_20170214110056,WELL-00002,0,4,2017-02-14T15:00:56+00:00,0,False,0,4
688,WELL-00002_20170214160044,WELL-00002,0,1,2017-02-14T17:00:44+00:00,0,False,0,4
689,WELL-00002_20170214160044,WELL-00002,0,2,2017-02-14T18:00:44+00:00,0,False,0,4
690,WELL-00002_20170214160044,WELL-00002,0,3,2017-02-14T19:00:44+00:00,0,False,0,4
691,WELL-00002_20170214160044,WELL-00002,0,4,2017-02-14T20:00:44+00:00,0,False,0,4
692,WELL-00002_20170214210322,WELL-00002,0,1,2017-02-14T22:03:22+00:00,0,False,0,4
693,WELL-00002_20170214210322,WELL-00002,0,2,2017-02-14T23:03:22+00:00,0,False,0,4
694,WELL-00002_20170214210322,WELL-00002,0,3,2017-02-15T00:03:22+00:00,0,False,0,4
695,WELL-00002_20170214210322,WELL-00002,0,4,2017-02-15T01:03:22+00:00,0,False,0,4
696,WELL-00002_20170215020259,WELL-00002,0,1,2017-02-15T03:02:59+00:00,0,False,0,4
697,WELL-00002_20170215020259,WELL-00002,0,2,2017-02-15T04:02:59+00:00,0,False,0,4
698,WELL-00002_20170215020259,WELL-00002,0,3,2017-02-15T05:02:59+00:00,0,False,0,4
699,WELL-00002_20170215020259,WELL-00002,0,4,2017-02-15T06:02:59+00:00,0,False,0,4
700,WELL-00002_20170215070056,WELL-00002,0,1,2017-02-15T08:00:56+00:00,0,False,0,4
701,WELL-00002_20170215070056,WELL-00002,0,2,2017-02-15T09:00:56+00:00,0,False,0,4
702,WELL-00002_20170215070056,WELL-00002,0,3,2017-02-15T10:00:56+00:00,0,False,0,4
703,WELL-00002_20170215070056,WELL-00002,0,4,2017-02-15T11:00:56+00:00,0,False,0,4
704,WELL-00002_20170215120214,WELL-00002,0,1,2017-02-15T13:02:14+00:00,0,False,0,4
705,WELL-00002_20170215120214,WELL-00002,0,2,2017-02-15T14:02:14+00:00,0,False,0,4
706,WELL-00002_20170215120214,WELL-00002,0,3,2017-02-15T15:02:14+00:00,0,False,0,4
707,WELL-00002_20170215120214,WELL-00002,0,4,2017-02-15T16:02:14+00:00,0,False,0,4
708,WELL-00002_20170215170118,WELL-00002,0,1,2017-02-15T18:01:18+00:00,0,False,0,4
709,WELL-00002_20170215170118,WELL-00002,0,2,2017-02-15T19:01:18+00:00,0,False,0,4
710,WELL-00002_20170215170118,WELL-00002,0,3,2017-02-15T20:01:18+00:00,0,False,0,4
711,WELL-00002_20170215170118,WELL-00002,0,4,2017-02-15T21:01:18+00:00,0,False,0,4
712,WELL-00002_20170215220129,WELL-00002,0,1,2017-02-15T23:01:29+00:00,0,False,0,4
713,WELL-00002_20170215220129,WELL-00002,0,2,2017-02-16T00:01:29+00:00,0,False,0,4
714,WELL-00002_20170215220129,WELL-00002,0,3,2017-02-16T01:01:29+00:00,0,False,0,4
715,WELL-00002_20170215220129,WELL-00002,0,4,2017-02-16T02:01:29+00:00,0,False,0,4
716,WELL-00002_20170216030141,WELL-00002,0,1,2017-02-16T04:01:41+00:00,0,False,0,4
717,WELL-00002_20170216030141,WELL-00002,0,2,2017-02-16T05:01:41+00:00,0,False,0,4
718,WELL-00002_20170216030141,WELL-00002,0,3,2017-02-16T06:01:41+00:00,0,False,0,4
719,WELL-00002_20170216030141,WELL-00002,0,4,2017-02-16T07:01:41+00:00,0,False,0,4
720,WELL-00002_20170216080118,WELL-00002,0,1,2017-02-16T09:01:18+00:00,0,False,0,4
721,WELL-00002_20170216080118,WELL-00002,0,2,2017-02-16T10:01:18+00:00,0,False,0,4
722,WELL-00002_20170216080118,WELL-00002,0,3,2017-02-16T11:01:18+00:00,0,False,0,4
723,WELL-00002_20170216080118,WELL-00002,0,4,2017-02-16T12:01:18+00:00,0,False,0,4
724,WELL-00002_20170216130152,WELL-00002,0,1,2017-02-16T14:01:52+00:00,0,False,0,4
725,WELL-00002_20170216130152,WELL-00002,0,2,2017-02-16T15:01:52+00:00,0,False,0,4
726,WELL-00002_20170216130152,WELL-00002,0,3,2017-02-16T16:01:52+00:00,0,False,0,4
727,WELL-00002_20170216130152,WELL-00002,0,4,2017-02-16T17:01:52+00:00,0,False,0,4
728,WELL-00002_20170216180214,WELL-00002,0,1,2017-02-16T19:02:14+00:00,0,False,0,4
729,WELL-00002_20170216180214,WELL-00002,0,2,2017-02-16T20:02:14+00:00,0,False,0,4
730,WELL-00002_20170216180214,WELL-00002,0,3,2017-02-16T21:02:14+00:00,0,False,0,4
731,WELL-00002_20170216180214,WELL-00002,0,4,2017-02-16T22:02:14+00:00,0,False,0,4
732,WELL-00002_20170216230107,WELL-00002,0,1,2017-02-17T00:01:07+00:00,0,False,0,4
733,WELL-00002_20170216230107,WELL-00002,0,2,2017-02-17T01:01:07+00:00,0,False,0,4
734,WELL-00002_20170216230107,WELL-00002,0,3,2017-02-17T02:01:07+00:00,0,False,0,4
735,WELL-00002_20170216230107,WELL-00002,0,4,2017-02-17T03:01:07+00:00,0,False,0,4
736,WELL-00002_20170217040451,WELL-00002,0,1,2017-02-17T05:04:51+00:00,0,False,0,4
737,WELL-00002_20170217040451,WELL-00002,0,2,2017-02-17T06:04:51+00:00,0,False,0,4
738,WELL-00002_20170217040451,WELL-00002,0,3,2017-02-17T07:04:51+00:00,0,False,0,4
739,WELL-00002_20170217040451,WELL-00002,0,4,2017-02-17T08:04:51+00:00,0,False,0,4
740,WELL-00002_20170217090355,WELL-00002,0,1,2017-02-17T10:03:55+00:00,0,False,0,4
741,WELL-00002_20170217090355,WELL-00002,0,2,2017-02-17T11:03:55+00:00,0,False,0,4
742,WELL-00002_20170217090355,WELL-00002,0,3,2017-02-17T12:03:55+00:00,0,False,0,4
743,WELL-00002_20170217090355,WELL-00002,0,4,2017-02-17T13:03:55+00:00,0,False,0,4
744,WELL-00002_20170217140248,WELL-00002,0,1,2017-02-17T15:02:48+00:00,0,False,0,4
745,WELL-00002_20170217140248,WELL-00002,0,2,2017-02-17T16:02:48+00:00,0,False,0,4
746,WELL-00002_20170217140248,WELL-00002,0,3,2017-02-17T17:02:48+00:00,0,False,0,4
747,WELL-00002_20170217140248,WELL-00002,0,4,2017-02-17T18:02:48+00:00,0,False,0,4
748,WELL-00002_20170217190225,WELL-00002,0,1,2017-02-17T20:02:25+00:00,0,False,0,4
749,WELL-00002_20170217190225,WELL-00002,0,2,2017-02-17T21:02:25+00:00,0,False,0,4
750,WELL-00002_20170217190225,WELL-00002,0,3,2017-02-17T22:02:25+00:00,0,False,0,4
751,WELL-00002_20170217190225,WELL-00002,0,4,2017-02-17T23:02:25+00:00,0,False,0,4
752,WELL-00002_20170218000237,WELL-00002,0,1,2017-02-18T01:02:37+00:00,0,False,0,4
753,WELL-00002_20170218000237,WELL-00002,0,2,2017-02-18T02:02:37+00:00,0,False,0,4
754,WELL-00002_20170218000237,WELL-00002,0,3,2017-02-18T03:02:37+00:00,0,False,0,4
755,WELL-00002_20170218000237,WELL-00002,0,4,2017-02-18T04:02:37+00:00,0,False,0,4
756,WELL-00002_20170218050225,WELL-00002,0,1,2017-02-18T06:02:25+00:00,0,False,0,4
757,WELL-00002_20170218050225,WELL-00002,0,2,2017-02-18T07:02:25+00:00,0,False,0,4
758,WELL-00002_20170218050225,WELL-00002,0,3,2017-02-18T08:02:25+00:00,0,False,0,4
759,WELL-00002_20170218050225,WELL-00002,0,4,2017-02-18T09:02:25+00:00,0,False,0,4
760,WELL-00002_20170218100022,WELL-00002,0,1,2017-02-18T11:00:22+00:00,0,False,0,4
761,WELL-00002_20170218100022,WELL-00002,0,2,2017-02-18T12:00:22+00:00,0,False,0,4
762,WELL-00002_20170218100022,WELL-00002,0,3,2017-02-18T13:00:22+00:00,0,False,0,4
763,WELL-00002_20170218100022,WELL-00002,0,4,2017-02-18T14:00:22+00:00,0,False,0,4
764,WELL-00002_20170218150214,WELL-00002,0,1,2017-02-18T16:02:14+00:00,0,False,0,4
765,WELL-00002_20170218150214,WELL-00002,0,2,2017-02-18T17:02:14+00:00,0,False,0,4
766,WELL-00002_20170218150214,WELL-00002,0,3,2017-02-18T18:02:14+00:00,0,False,0,4
767,WELL-00002_20170218150214,WELL-00002,0,4,2017-02-18T19:02:14+00:00,0,False,0,4
768,WELL-00002_20170219010033,WELL-00002,0,1,2017-02-19T02:00:33+00:00,0,False,0,4
769,WELL-00002_20170219010033,WELL-00002,0,2,2017-02-19T03:00:33+00:00,0,False,0,4
770,WELL-00002_20170219010033,WELL-00002,0,3,2017-02-19T04:00:33+00:00,0,False,0,4
771,WELL-00002_20170219010033,WELL-00002,0,4,2017-02-19T05:00:33+00:00,0,False,0,4
772,WELL-00002_20170219060129,WELL-00002,0,1,2017-02-19T07:01:29+00:00,0,False,0,4
773,WELL-00002_20170219060129,WELL-00002,0,2,2017-02-19T08:01:29+00:00,0,False,0,4
774,WELL-00002_20170219060129,WELL-00002,0,3,2017-02-19T09:01:29+00:00,0,False,0,4
775,WELL-00002_20170219060129,WELL-00002,0,4,2017-02-19T10:01:29+00:00,0,False,0,4
776,WELL-00002_20170219110152,WELL-00002,0,1,2017-02-19T12:01:52+00:00,0,False,0,4
777,WELL-00002_20170219110152,WELL-00002,0,2,2017-02-19T13:01:52+00:00,0,False,0,4
778,WELL-00002_20170219110152,WELL-00002,0,3,2017-02-19T14:01:52+00:00,0,False,0,4
779,WELL-00002_20170219110152,WELL-00002,0,4,2017-02-19T15:01:52+00:00,0,False,0,4
780,WELL-00002_20170219160203,WELL-00002,0,1,2017-02-19T17:02:03+00:00,0,False,0,4
781,WELL-00002_20170219160203,WELL-00002,0,2,2017-02-19T18:02:03+00:00,0,False,0,4
782,WELL-00002_20170219160203,WELL-00002,0,3,2017-02-19T19:02:03+00:00,0,False,0,4
783,WELL-00002_20170219160203,WELL-00002,0,4,2017-02-19T20:02:03+00:00,0,False,0,4
784,WELL-00002_20170219210214,WELL-00002,0,1,2017-02-19T22:02:14+00:00,0,False,0,4
785,WELL-00002_20170219210214,WELL-00002,0,2,2017-02-19T23:02:14+00:00,0,False,0,4
786,WELL-00002_20170219210214,WELL-00002,0,3,2017-02-20T00:02:14+00:00,0,False,0,4
787,WELL-00002_20170219210214,WELL-00002,0,4,2017-02-20T01:02:14+00:00,0,False,0,4
788,WELL-00002_20170307190031,WELL-00002,0,1,2017-03-07T20:00:31+00:00,0,False,0,4
789,WELL-00002_20170307190031,WELL-00002,0,2,2017-03-07T21:00:31+00:00,0,False,0,4
790,WELL-00002_20170307190031,WELL-00002,0,3,2017-03-07T22:00:31+00:00,0,False,0,4
791,WELL-00002_20170307190031,WELL-00002,0,4,2017-03-07T23:00:31+00:00,0,False,0,4
792,WELL-00002_20170308000103,WELL-00002,0,1,2017-03-08T01:01:03+00:00,0,False,0,4
793,WELL-00002_20170308000103,WELL-00002,0,2,2017-03-08T02:01:03+00:00,0,False,0,4
794,WELL-00002_20170308000103,WELL-00002,0,3,2017-03-08T03:01:03+00:00,0,False,0,4
795,WELL-00002_20170308000103,WELL-00002,0,4,2017-03-08T04:01:03+00:00,0,False,0,4
796,WELL-00002_20170308050042,WELL-00002,0,1,2017-03-08T06:00:42+00:00,0,False,0,4
797,WELL-00002_20170308050042,WELL-00002,0,2,2017-03-08T07:00:42+00:00,0,False,0,4
798,WELL-00002_20170308050042,WELL-00002,0,3,2017-03-08T08:00:42+00:00,0,False,0,4
799,WELL-00002_20170308050042,WELL-00002,0,4,2017-03-08T09:00:42+00:00,0,False,0,4
800,WELL-00002_20170308100124,WELL-00002,0,1,2017-03-08T11:01:24+00:00,0,False,0,4
801,WELL-00002_20170308100124,WELL-00002,0,2,2017-03-08T12:01:24+00:00,0,False,0,4
802,WELL-00002_20170308100124,WELL-00002,0,3,2017-03-08T13:01:24+00:00,0,False,0,4
803,WELL-00002_20170308100124,WELL-00002,0,4,2017-03-08T14:01:24+00:00,0,False,0,4
804,WELL-00002_20170308150353,WELL-00002,0,1,2017-03-08T16:03:53+00:00,0,False,0,4
805,WELL-00002_20170308150353,WELL-00002,0,2,2017-03-08T17:03:53+00:00,0,False,0,4
806,WELL-00002_20170308150353,WELL-00002,0,3,2017-03-08T18:03:53+00:00,0,False,0,4
807,WELL-00002_20170308150353,WELL-00002,0,4,2017-03-08T19:03:53+00:00,0,False,0,4
808,WELL-00002_20170308200218,WELL-00002,0,1,2017-03-08T21:02:18+00:00,0,False,0,4
809,WELL-00002_20170308200218,WELL-00002,0,2,2017-03-08T22:02:18+00:00,0,False,0,4
810,WELL-00002_20170308200218,WELL-00002,0,3,2017-03-08T23:02:18+00:00,0,False,0,4
811,WELL-00002_20170308200218,WELL-00002,0,4,2017-03-09T00:02:18+00:00,0,False,0,4
812,WELL-00002_20170309010218,WELL-00002,0,1,2017-03-09T02:02:18+00:00,0,False,0,4
813,WELL-00002_20170309010218,WELL-00002,0,2,2017-03-09T03:02:18+00:00,0,False,0,4
814,WELL-00002_20170309010218,WELL-00002,0,3,2017-03-09T04:02:18+00:00,0,False,0,4
815,WELL-00002_20170309010218,WELL-00002,0,4,2017-03-09T05:02:18+00:00,0,False,0,4
816,WELL-00002_20170309060218,WELL-00002,0,1,2017-03-09T07:02:18+00:00,0,False,0,4
817,WELL-00002_20170309060218,WELL-00002,0,2,2017-03-09T08:02:18+00:00,0,False,0,4
818,WELL-00002_20170309060218,WELL-00002,0,3,2017-03-09T09:02:18+00:00,0,False,0,4
819,WELL-00002_20170309060218,WELL-00002,0,4,2017-03-09T10:02:18+00:00,0,False,0,4
820,WELL-00002_20170309110156,WELL-00002,0,1,2017-03-09T12:01:56+00:00,0,False,0,4
821,WELL-00002_20170309110156,WELL-00002,0,2,2017-03-09T13:01:56+00:00,0,False,0,4
822,WELL-00002_20170309110156,WELL-00002,0,3,2017-03-09T14:01:56+00:00,0,False,0,4
823,WELL-00002_20170309110156,WELL-00002,0,4,2017-03-09T15:01:56+00:00,0,False,0,4
824,WELL-00002_20170309160218,WELL-00002,0,1,2017-03-09T17:02:18+00:00,0,False,0,4
825,WELL-00002_20170309160218,WELL-00002,0,2,2017-03-09T18:02:18+00:00,0,False,0,4
826,WELL-00002_20170309160218,WELL-00002,0,3,2017-03-09T19:02:18+00:00,0,False,0,4
827,WELL-00002_20170309160218,WELL-00002,0,4,2017-03-09T20:02:18+00:00,0,False,0,4
828,WELL-00002_20170309210207,WELL-00002,0,1,2017-03-09T22:02:07+00:00,0,False,0,4
829,WELL-00002_20170309210207,WELL-00002,0,2,2017-03-09T23:02:07+00:00,0,False,0,4
830,WELL-00002_20170309210207,WELL-00002,0,3,2017-03-10T00:02:07+00:00,0,False,0,4
831,WELL-00002_20170309210207,WELL-00002,0,4,2017-03-10T01:02:07+00:00,0,False,0,4
832,WELL-00002_20170310020146,WELL-00002,0,1,2017-03-10T03:01:46+00:00,0,False,0,4
833,WELL-00002_20170310020146,WELL-00002,0,2,2017-03-10T04:01:46+00:00,0,False,0,4
834,WELL-00002_20170310020146,WELL-00002,0,3,2017-03-10T05:01:46+00:00,0,False,0,4
835,WELL-00002_20170310020146,WELL-00002,0,4,2017-03-10T06:01:46+00:00,0,False,0,4
836,WELL-00002_20170310070518,WELL-00002,0,1,2017-03-10T08:05:18+00:00,0,False,0,4
837,WELL-00002_20170310070518,WELL-00002,0,2,2017-03-10T09:05:18+00:00,0,False,0,4
838,WELL-00002_20170310070518,WELL-00002,0,3,2017-03-10T10:05:18+00:00,0,False,0,4
839,WELL-00002_20170310070518,WELL-00002,0,4,2017-03-10T11:05:18+00:00,0,False,0,4
840,WELL-00002_20170310120321,WELL-00002,0,1,2017-03-10T13:03:21+00:00,0,False,0,4
841,WELL-00002_20170310120321,WELL-00002,0,2,2017-03-10T14:03:21+00:00,0,False,0,4
842,WELL-00002_20170310120321,WELL-00002,0,3,2017-03-10T15:03:21+00:00,0,False,0,4
843,WELL-00002_20170310120321,WELL-00002,0,4,2017-03-10T16:03:21+00:00,0,False,0,4
844,WELL-00002_20170310170103,WELL-00002,0,1,2017-03-10T18:01:03+00:00,0,False,0,4
845,WELL-00002_20170310170103,WELL-00002,0,2,2017-03-10T19:01:03+00:00,0,False,0,4
846,WELL-00002_20170310170103,WELL-00002,0,3,2017-03-10T20:01:03+00:00,0,False,0,4
847,WELL-00002_20170310170103,WELL-00002,0,4,2017-03-10T21:01:03+00:00,0,False,0,4
848,WELL-00002_20170310220042,WELL-00002,0,1,2017-03-10T23:00:42+00:00,0,False,0,4
849,WELL-00002_20170310220042,WELL-00002,0,2,2017-03-11T00:00:42+00:00,0,False,0,4
850,WELL-00002_20170310220042,WELL-00002,0,3,2017-03-11T01:00:42+00:00,0,False,0,4
851,WELL-00002_20170310220042,WELL-00002,0,4,2017-03-11T02:00:42+00:00,0,False,0,4
852,WELL-00002_20170404020000,WELL-00002,0,1,2017-04-04T03:00:00+00:00,0,False,0,4
853,WELL-00002_20170404020000,WELL-00002,0,2,2017-04-04T04:00:00+00:00,0,False,0,4
854,WELL-00002_20170404020000,WELL-00002,0,3,2017-04-04T05:00:00+00:00,0,False,0,4
855,WELL-00002_20170404020000,WELL-00002,0,4,2017-04-04T06:00:00+00:00,0,False,0,4
856,WELL-00002_20170404070045,WELL-00002,0,1,2017-04-04T08:00:45+00:00,0,False,0,4
857,WELL-00002_20170404070045,WELL-00002,0,2,2017-04-04T09:00:45+00:00,0,False,0,4
858,WELL-00002_20170404070045,WELL-00002,0,3,2017-04-04T10:00:45+00:00,0,False,0,4
859,WELL-00002_20170404070045,WELL-00002,0,4,2017-04-04T11:00:45+00:00,0,False,0,4
860,WELL-00002_20170404120000,WELL-00002,0,1,2017-04-04T13:00:00+00:00,0,False,0,4
861,WELL-00002_20170404120000,WELL-00002,0,2,2017-04-04T14:00:00+00:00,0,False,0,4
862,WELL-00002_20170404120000,WELL-00002,0,3,2017-04-04T15:00:00+00:00,0,False,0,4
863,WELL-00002_20170404120000,WELL-00002,0,4,2017-04-04T16:00:00+00:00,0,False,0,4
864,WELL-00002_20170404170000,WELL-00002,0,1,2017-04-04T18:00:00+00:00,0,False,0,4
865,WELL-00002_20170404170000,WELL-00002,0,2,2017-04-04T19:00:00+00:00,0,False,0,4
866,WELL-00002_20170404170000,WELL-00002,0,3,2017-04-04T20:00:00+00:00,0,False,0,4
867,WELL-00002_20170404170000,WELL-00002,0,4,2017-04-04T21:00:00+00:00,0,False,0,4
868,WELL-00002_20170404220000,WELL-00002,0,1,2017-04-04T23:00:00+00:00,0,False,0,4
869,WELL-00002_20170404220000,WELL-00002,0,2,2017-04-05T00:00:00+00:00,0,False,0,4
870,WELL-00002_20170404220000,WELL-00002,0,3,2017-04-05T01:00:00+00:00,0,False,0,4
871,WELL-00002_20170404220000,WELL-00002,0,4,2017-04-05T02:00:00+00:00,0,False,0,4
872,WELL-00002_20170405030000,WELL-00002,0,1,2017-04-05T04:00:00+00:00,0,False,0,4
873,WELL-00002_20170405030000,WELL-00002,0,2,2017-04-05T05:00:00+00:00,0,False,0,4
874,WELL-00002_20170405030000,WELL-00002,0,3,2017-04-05T06:00:00+00:00,0,False,0,4
875,WELL-00002_20170405030000,WELL-00002,0,4,2017-04-05T07:00:00+00:00,0,False,0,4
876,WELL-00002_20170405080000,WELL-00002,0,1,2017-04-05T09:00:00+00:00,0,False,0,4
877,WELL-00002_20170405080000,WELL-00002,0,2,2017-04-05T10:00:00+00:00,0,False,0,4
878,WELL-00002_20170405080000,WELL-00002,0,3,2017-04-05T11:00:00+00:00,0,False,0,4
879,WELL-00002_20170405080000,WELL-00002,0,4,2017-04-05T12:00:00+00:00,0,False,0,4
880,WELL-00002_20170405130000,WELL-00002,0,1,2017-04-05T14:00:00+00:00,0,False,0,4
881,WELL-00002_20170405130000,WELL-00002,0,2,2017-04-05T15:00:00+00:00,0,False,0,4
882,WELL-00002_20170405130000,WELL-00002,0,3,2017-04-05T16:00:00+00:00,0,False,0,4
883,WELL-00002_20170405130000,WELL-00002,0,4,2017-04-05T17:00:00+00:00,0,False,0,4
884,WELL-00002_20170405180000,WELL-00002,0,1,2017-04-05T19:00:00+00:00,0,False,0,4
885,WELL-00002_20170405180000,WELL-00002,0,2,2017-04-05T20:00:00+00:00,0,False,0,4
886,WELL-00002_20170405180000,WELL-00002,0,3,2017-04-05T21:00:00+00:00,0,False,0,4
887,WELL-00002_20170405180000,WELL-00002,0,4,2017-04-05T22:00:00+00:00,0,False,0,4
888,WELL-00002_20170405230000,WELL-00002,0,1,2017-04-06T00:00:00+00:00,0,False,0,4
889,WELL-00002_20170405230000,WELL-00002,0,2,2017-04-06T01:00:00+00:00,0,False,0,4
890,WELL-00002_20170405230000,WELL-00002,0,3,2017-04-06T02:00:00+00:00,0,False,0,4
891,WELL-00002_20170405230000,WELL-00002,0,4,2017-04-06T03:00:00+00:00,0,False,0,4
892,WELL-00002_20170406040000,WELL-00002,0,1,2017-04-06T05:00:00+00:00,0,False,0,4
893,WELL-00002_20170406040000,WELL-00002,0,2,2017-04-06T06:00:00+00:00,0,False,0,4
894,WELL-00002_20170406040000,WELL-00002,0,3,2017-04-06T07:00:00+00:00,0,False,0,4
895,WELL-00002_20170406040000,WELL-00002,0,4,2017-04-06T08:00:00+00:00,0,False,0,4
896,WELL-00002_20170406090000,WELL-00002,0,1,2017-04-06T10:00:00+00:00,0,False,0,4
897,WELL-00002_20170406090000,WELL-00002,0,2,2017-04-06T11:00:00+00:00,0,False,0,4
898,WELL-00002_20170406090000,WELL-00002,0,3,2017-04-06T12:00:00+00:00,0,False,0,4
899,WELL-00002_20170406090000,WELL-00002,0,4,2017-04-06T13:00:00+00:00,0,False,0,4
900,WELL-00002_20170406140000,WELL-00002,0,1,2017-04-06T15:00:00+00:00,0,False,0,4
901,WELL-00002_20170406140000,WELL-00002,0,2,2017-04-06T16:00:00+00:00,0,False,0,4
902,WELL-00002_20170406140000,WELL-00002,0,3,2017-04-06T17:00:00+00:00,0,False,0,4
903,WELL-00002_20170406140000,WELL-00002,0,4,2017-04-06T18:00:00+00:00,0,False,0,4
904,WELL-00002_20170406190000,WELL-00002,0,1,2017-04-06T20:00:00+00:00,0,False,0,4
905,WELL-00002_20170406190000,WELL-00002,0,2,2017-04-06T21:00:00+00:00,0,False,0,4
906,WELL-00002_20170406190000,WELL-00002,0,3,2017-04-06T22:00:00+00:00,0,False,0,4
907,WELL-00002_20170406190000,WELL-00002,0,4,2017-04-06T23:00:00+00:00,0,False,0,4
908,WELL-00002_20170610230108,WELL-00002,0,1,2017-06-11T00:01:08+00:00,0,False,0,4
909,WELL-00002_20170610230108,WELL-00002,0,2,2017-06-11T01:01:08+00:00,0,False,0,4
910,WELL-00002_20170610230108,WELL-00002,0,3,2017-06-11T02:01:08+00:00,0,False,0,4
911,WELL-00002_20170610230108,WELL-00002,0,4,2017-06-11T03:01:08+00:00,0,False,0,4
912,WELL-00002_20170611040011,WELL-00002,0,1,2017-06-11T05:00:11+00:00,0,False,0,4
913,WELL-00002_20170611040011,WELL-00002,0,2,2017-06-11T06:00:11+00:00,0,False,0,4
914,WELL-00002_20170611040011,WELL-00002,0,3,2017-06-11T07:00:11+00:00,0,False,0,4
915,WELL-00002_20170611040011,WELL-00002,0,4,2017-06-11T08:00:11+00:00,0,False,0,4
916,WELL-00002_20170611090000,WELL-00002,0,1,2017-06-11T10:00:00+00:00,0,False,0,4
917,WELL-00002_20170611090000,WELL-00002,0,2,2017-06-11T11:00:00+00:00,0,False,0,4
918,WELL-00002_20170611090000,WELL-00002,0,3,2017-06-11T12:00:00+00:00,0,False,0,4
919,WELL-00002_20170611090000,WELL-00002,0,4,2017-06-11T13:00:00+00:00,0,False,0,4
920,WELL-00002_20170611140000,WELL-00002,0,1,2017-06-11T15:00:00+00:00,0,False,0,4
921,WELL-00002_20170611140000,WELL-00002,0,2,2017-06-11T16:00:00+00:00,0,False,0,4
922,WELL-00002_20170611140000,WELL-00002,0,3,2017-06-11T17:00:00+00:00,0,False,0,4
923,WELL-00002_20170611140000,WELL-00002,0,4,2017-06-11T18:00:00+00:00,0,False,0,4
924,WELL-00002_20170611190000,WELL-00002,0,1,2017-06-11T20:00:00+00:00,0,False,0,4
925,WELL-00002_20170611190000,WELL-00002,0,2,2017-06-11T21:00:00+00:00,0,False,0,4
926,WELL-00002_20170611190000,WELL-00002,0,3,2017-06-11T22:00:00+00:00,0,False,0,4
927,WELL-00002_20170611190000,WELL-00002,0,4,2017-06-11T23:00:00+00:00,0,False,0,4
928,WELL-00002_20170612000000,WELL-00002,0,1,2017-06-12T01:00:00+00:00,0,False,0,4
929,WELL-00002_20170612000000,WELL-00002,0,2,2017-06-12T02:00:00+00:00,0,False,0,4
930,WELL-00002_20170612000000,WELL-00002,0,3,2017-06-12T03:00:00+00:00,0,False,0,4
931,WELL-00002_20170612000000,WELL-00002,0,4,2017-06-12T04:00:00+00:00,0,False,0,4
932,WELL-00002_20170612050057,WELL-00002,0,1,2017-06-12T06:00:57+00:00,0,False,0,4
933,WELL-00002_20170612050057,WELL-00002,0,2,2017-06-12T07:00:57+00:00,0,False,0,4
934,WELL-00002_20170612050057,WELL-00002,0,3,2017-06-12T08:00:57+00:00,0,False,0,4
935,WELL-00002_20170612050057,WELL-00002,0,4,2017-06-12T09:00:57+00:00,0,False,0,4
936,WELL-00002_20170612100022,WELL-00002,0,1,2017-06-12T11:00:22+00:00,0,False,0,4
937,WELL-00002_20170612100022,WELL-00002,0,2,2017-06-12T12:00:22+00:00,0,False,0,4
938,WELL-00002_20170612100022,WELL-00002,0,3,2017-06-12T13:00:22+00:00,0,False,0,4
939,WELL-00002_20170612100022,WELL-00002,0,4,2017-06-12T14:00:22+00:00,0,False,0,4
940,WELL-00002_20170612150022,WELL-00002,0,1,2017-06-12T16:00:22+00:00,0,False,0,4
941,WELL-00002_20170612150022,WELL-00002,0,2,2017-06-12T17:00:22+00:00,0,False,0,4
942,WELL-00002_20170612150022,WELL-00002,0,3,2017-06-12T18:00:22+00:00,0,False,0,4
943,WELL-00002_20170612150022,WELL-00002,0,4,2017-06-12T19:00:22+00:00,0,False,0,4
944,WELL-00002_20170612200000,WELL-00002,0,1,2017-06-12T21:00:00+00:00,0,False,0,4
945,WELL-00002_20170612200000,WELL-00002,0,2,2017-06-12T22:00:00+00:00,0,False,0,4
946,WELL-00002_20170612200000,WELL-00002,0,3,2017-06-12T23:00:00+00:00,0,False,0,4
947,WELL-00002_20170612200000,WELL-00002,0,4,2017-06-13T00:00:00+00:00,0,False,0,4
948,WELL-00002_20170613010022,WELL-00002,0,1,2017-06-13T02:00:22+00:00,0,False,0,4
949,WELL-00002_20170613010022,WELL-00002,0,2,2017-06-13T03:00:22+00:00,0,False,0,4
950,WELL-00002_20170613010022,WELL-00002,0,3,2017-06-13T04:00:22+00:00,0,False,0,4
951,WELL-00002_20170613010022,WELL-00002,0,4,2017-06-13T05:00:22+00:00,0,False,0,4
952,WELL-00002_20170613060011,WELL-00002,0,1,2017-06-13T07:00:11+00:00,0,False,0,4
953,WELL-00002_20170613060011,WELL-00002,0,2,2017-06-13T08:00:11+00:00,0,False,0,4
954,WELL-00002_20170613060011,WELL-00002,0,3,2017-06-13T09:00:11+00:00,0,False,0,4
955,WELL-00002_20170613060011,WELL-00002,0,4,2017-06-13T10:00:11+00:00,0,False,0,4
956,WELL-00002_20170613110000,WELL-00002,0,1,2017-06-13T12:00:00+00:00,0,False,0,4
957,WELL-00002_20170613110000,WELL-00002,0,2,2017-06-13T13:00:00+00:00,0,False,0,4
958,WELL-00002_20170613110000,WELL-00002,0,3,2017-06-13T14:00:00+00:00,0,False,0,4
959,WELL-00002_20170613110000,WELL-00002,0,4,2017-06-13T15:00:00+00:00,0,False,0,4
960,WELL-00002_20170613160000,WELL-00002,0,1,2017-06-13T17:00:00+00:00,0,False,0,4
961,WELL-00002_20170613160000,WELL-00002,0,2,2017-06-13T18:00:00+00:00,0,False,0,4
962,WELL-00002_20170613160000,WELL-00002,0,3,2017-06-13T19:00:00+00:00,0,False,0,4
963,WELL-00002_20170613160000,WELL-00002,0,4,2017-06-13T20:00:00+00:00,0,False,0,4
964,WELL-00002_20170613210000,WELL-00002,0,1,2017-06-13T22:00:00+00:00,0,False,0,4
965,WELL-00002_20170613210000,WELL-00002,0,2,2017-06-13T23:00:00+00:00,0,False,0,4
966,WELL-00002_20170613210000,WELL-00002,0,3,2017-06-14T00:00:00+00:00,0,False,0,4
967,WELL-00002_20170613210000,WELL-00002,0,4,2017-06-14T01:00:00+00:00,0,False,0,4
968,WELL-00002_20170614020000,WELL-00002,0,1,2017-06-14T03:00:00+00:00,0,False,0,4
969,WELL-00002_20170614020000,WELL-00002,0,2,2017-06-14T04:00:00+00:00,0,False,0,4
970,WELL-00002_20170614020000,WELL-00002,0,3,2017-06-14T05:00:00+00:00,0,False,0,4
971,WELL-00002_20170614020000,WELL-00002,0,4,2017-06-14T06:00:00+00:00,0,False,0,4
972,WELL-00002_20170614070057,WELL-00002,0,1,2017-06-14T08:00:57+00:00,0,False,0,4
973,WELL-00002_20170614070057,WELL-00002,0,2,2017-06-14T09:00:57+00:00,0,False,0,4
974,WELL-00002_20170614070057,WELL-00002,0,3,2017-06-14T10:00:57+00:00,0,False,0,4
975,WELL-00002_20170614070057,WELL-00002,0,4,2017-06-14T11:00:57+00:00,0,False,0,4
976,WELL-00002_20170614120000,WELL-00002,0,1,2017-06-14T13:00:00+00:00,0,False,0,4
977,WELL-00002_20170614120000,WELL-00002,0,2,2017-06-14T14:00:00+00:00,0,False,0,4
978,WELL-00002_20170614120000,WELL-00002,0,3,2017-06-14T15:00:00+00:00,0,False,0,4
979,WELL-00002_20170614120000,WELL-00002,0,4,2017-06-14T16:00:00+00:00,0,False,0,4
980,WELL-00002_20170614170000,WELL-00002,0,1,2017-06-14T18:00:00+00:00,0,False,0,4
981,WELL-00002_20170614170000,WELL-00002,0,2,2017-06-14T19:00:00+00:00,0,False,0,4
982,WELL-00002_20170614170000,WELL-00002,0,3,2017-06-14T20:00:00+00:00,0,False,0,4
983,WELL-00002_20170614170000,WELL-00002,0,4,2017-06-14T21:00:00+00:00,0,False,0,4
984,WELL-00002_20170614220200,WELL-00002,0,1,2017-06-14T23:02:00+00:00,0,False,0,4
985,WELL-00002_20170614220200,WELL-00002,0,2,2017-06-15T00:02:00+00:00,0,False,0,4
986,WELL-00002_20170614220200,WELL-00002,0,3,2017-06-15T01:02:00+00:00,0,False,0,4
987,WELL-00002_20170614220200,WELL-00002,0,4,2017-06-15T02:02:00+00:00,0,False,0,4
988,WELL-00002_20170615030032,WELL-00002,0,1,2017-06-15T04:00:32+00:00,0,False,0,4
989,WELL-00002_20170615030032,WELL-00002,0,2,2017-06-15T05:00:32+00:00,0,False,0,4
990,WELL-00002_20170615030032,WELL-00002,0,3,2017-06-15T06:00:32+00:00,0,False,0,4
991,WELL-00002_20170615030032,WELL-00002,0,4,2017-06-15T07:00:32+00:00,0,False,0,4
992,WELL-00002_20170615080400,WELL-00002,0,1,2017-06-15T09:04:00+00:00,0,False,0,4
993,WELL-00002_20170615080400,WELL-00002,0,2,2017-06-15T10:04:00+00:00,0,False,0,4
994,WELL-00002_20170615080400,WELL-00002,0,3,2017-06-15T11:04:00+00:00,0,False,0,4
995,WELL-00002_20170615080400,WELL-00002,0,4,2017-06-15T12:04:00+00:00,0,False,0,4
996,WELL-00002_20170615130021,WELL-00002,0,1,2017-06-15T14:00:21+00:00,0,False,0,4
997,WELL-00002_20170615130021,WELL-00002,0,2,2017-06-15T15:00:21+00:00,0,False,0,4
998,WELL-00002_20170615130021,WELL-00002,0,3,2017-06-15T16:00:21+00:00,0,False,0,4
999,WELL-00002_20170615130021,WELL-00002,0,4,2017-06-15T17:00:21+00:00,0,False,0,4
1000,WELL-00002_20170615180127,WELL-00002,0,1,2017-06-15T19:01:27+00:00,0,False,0,4
1001,WELL-00002_20170615180127,WELL-00002,0,2,2017-06-15T20:01:27+00:00,0,False,0,4
1002,WELL-00002_20170615180127,WELL-00002,0,3,2017-06-15T21:01:27+00:00,0,False,0,4
1003,WELL-00002_20170615180127,WELL-00002,0,4,2017-06-15T22:01:27+00:00,0,False,0,4
1004,WELL-00002_20170615230149,WELL-00002,0,1,2017-06-16T00:01:49+00:00,0,False,0,4
1005,WELL-00002_20170615230149,WELL-00002,0,2,2017-06-16T01:01:49+00:00,0,False,0,4
1006,WELL-00002_20170615230149,WELL-00002,0,3,2017-06-16T02:01:49+00:00,0,False,0,4
1007,WELL-00002_20170615230149,WELL-00002,0,4,2017-06-16T03:01:49+00:00,0,False,0,4
1008,WELL-00002_20170616040043,WELL-00002,0,1,2017-06-16T05:00:43+00:00,0,False,0,4
1009,WELL-00002_20170616040043,WELL-00002,0,2,2017-06-16T06:00:43+00:00,0,False,0,4
1010,WELL-00002_20170616040043,WELL-00002,0,3,2017-06-16T07:00:43+00:00,0,False,0,4
1011,WELL-00002_20170616040043,WELL-00002,0,4,2017-06-16T08:00:43+00:00,0,False,0,4
1012,WELL-00002_20170616090516,WELL-00002,0,1,2017-06-16T10:05:16+00:00,0,False,0,4
1013,WELL-00002_20170616090516,WELL-00002,0,2,2017-06-16T11:05:16+00:00,0,False,0,4
1014,WELL-00002_20170616090516,WELL-00002,0,3,2017-06-16T12:05:16+00:00,0,False,0,4
1015,WELL-00002_20170616090516,WELL-00002,0,4,2017-06-16T13:05:16+00:00,0,False,0,4
1016,WELL-00002_20170616140211,WELL-00002,0,1,2017-06-16T15:02:11+00:00,0,False,0,4
1017,WELL-00002_20170616140211,WELL-00002,0,2,2017-06-16T16:02:11+00:00,0,False,0,4
1018,WELL-00002_20170616140211,WELL-00002,0,3,2017-06-16T17:02:11+00:00,0,False,0,4
1019,WELL-00002_20170616140211,WELL-00002,0,4,2017-06-16T18:02:11+00:00,0,False,0,4
1020,WELL-00002_20170616190349,WELL-00002,0,1,2017-06-16T20:03:49+00:00,0,False,0,4
1021,WELL-00002_20170616190349,WELL-00002,0,2,2017-06-16T21:03:49+00:00,0,False,0,4
1022,WELL-00002_20170616190349,WELL-00002,0,3,2017-06-16T22:03:49+00:00,0,False,0,4
1023,WELL-00002_20170616190349,WELL-00002,0,4,2017-06-16T23:03:49+00:00,0,False,0,4
1024,WELL-00002_20170617000127,WELL-00002,0,1,2017-06-17T01:01:27+00:00,0,False,0,4
1025,WELL-00002_20170617000127,WELL-00002,0,2,2017-06-17T02:01:27+00:00,0,False,0,4
1026,WELL-00002_20170617000127,WELL-00002,0,3,2017-06-17T03:01:27+00:00,0,False,0,4
1027,WELL-00002_20170617000127,WELL-00002,0,4,2017-06-17T04:01:27+00:00,0,False,0,4
1028,WELL-00002_20170617050043,WELL-00002,0,1,2017-06-17T06:00:43+00:00,0,False,0,4
1029,WELL-00002_20170617050043,WELL-00002,0,2,2017-06-17T07:00:43+00:00,0,False,0,4
1030,WELL-00002_20170617050043,WELL-00002,0,3,2017-06-17T08:00:43+00:00,0,False,0,4
1031,WELL-00002_20170617050043,WELL-00002,0,4,2017-06-17T09:00:43+00:00,0,False,0,4
1032,WELL-00002_20170617100221,WELL-00002,0,1,2017-06-17T11:02:21+00:00,0,False,0,4
1033,WELL-00002_20170617100221,WELL-00002,0,2,2017-06-17T12:02:21+00:00,0,False,0,4
1034,WELL-00002_20170617100221,WELL-00002,0,3,2017-06-17T13:02:21+00:00,0,False,0,4
1035,WELL-00002_20170617100221,WELL-00002,0,4,2017-06-17T14:02:21+00:00,0,False,0,4
1036,WELL-00002_20170617150149,WELL-00002,0,1,2017-06-17T16:01:49+00:00,0,False,0,4
1037,WELL-00002_20170617150149,WELL-00002,0,2,2017-06-17T17:01:49+00:00,0,False,0,4
1038,WELL-00002_20170617150149,WELL-00002,0,3,2017-06-17T18:01:49+00:00,0,False,0,4
1039,WELL-00002_20170617150149,WELL-00002,0,4,2017-06-17T19:01:49+00:00,0,False,0,4
1040,WELL-00002_20170617210127,WELL-00002,0,1,2017-06-17T22:01:27+00:00,0,False,0,4
1041,WELL-00002_20170617210127,WELL-00002,0,2,2017-06-17T23:01:27+00:00,0,False,0,4
1042,WELL-00002_20170617210127,WELL-00002,0,3,2017-06-18T00:01:27+00:00,0,False,0,4
1043,WELL-00002_20170618010105,WELL-00002,0,1,2017-06-18T02:01:05+00:00,0,False,0,4
1044,WELL-00002_20170618010105,WELL-00002,0,2,2017-06-18T03:01:05+00:00,0,False,0,4
1045,WELL-00002_20170618010105,WELL-00002,0,3,2017-06-18T04:01:05+00:00,0,False,0,4
1046,WELL-00002_20170618010105,WELL-00002,0,4,2017-06-18T05:01:05+00:00,0,False,0,4
1047,WELL-00002_20170618060105,WELL-00002,0,1,2017-06-18T07:01:05+00:00,0,False,0,4
1048,WELL-00002_20170618060105,WELL-00002,0,2,2017-06-18T08:01:05+00:00,0,False,0,4
1049,WELL-00002_20170618060105,WELL-00002,0,3,2017-06-18T09:01:05+00:00,0,False,0,4
1050,WELL-00002_20170618060105,WELL-00002,0,4,2017-06-18T10:01:05+00:00,0,False,0,4
1051,WELL-00002_20170618110600,WELL-00002,0,1,2017-06-18T12:06:00+00:00,0,False,0,4
1052,WELL-00002_20170618110600,WELL-00002,0,2,2017-06-18T13:06:00+00:00,0,False,0,4
1053,WELL-00002_20170618110600,WELL-00002,0,3,2017-06-18T14:06:00+00:00,0,False,0,4
1054,WELL-00002_20170618110600,WELL-00002,0,4,2017-06-18T15:06:00+00:00,0,False,0,4
1055,WELL-00002_20170618160211,WELL-00002,0,1,2017-06-18T17:02:11+00:00,0,False,0,4
1056,WELL-00002_20170618160211,WELL-00002,0,2,2017-06-18T18:02:11+00:00,0,False,0,4
1057,WELL-00002_20170618160211,WELL-00002,0,3,2017-06-18T19:02:11+00:00,0,False,0,4
1058,WELL-00002_20170618160211,WELL-00002,0,4,2017-06-18T20:02:11+00:00,0,False,0,4
1059,WELL-00002_20170618210043,WELL-00002,0,1,2017-06-18T22:00:43+00:00,0,False,0,4
1060,WELL-00002_20170618210043,WELL-00002,0,2,2017-06-18T23:00:43+00:00,0,False,0,4
1061,WELL-00002_20170618210043,WELL-00002,0,3,2017-06-19T00:00:43+00:00,0,False,0,4
1062,WELL-00002_20170618210043,WELL-00002,0,4,2017-06-19T01:00:43+00:00,0,False,0,4
1063,WELL-00002_20170619020032,WELL-00002,0,1,2017-06-19T03:00:32+00:00,0,False,0,4
1064,WELL-00002_20170619020032,WELL-00002,0,2,2017-06-19T04:00:32+00:00,0,False,0,4
1065,WELL-00002_20170619020032,WELL-00002,0,3,2017-06-19T05:00:32+00:00,0,False,0,4
1066,WELL-00002_20170619020032,WELL-00002,0,4,2017-06-19T06:00:32+00:00,0,False,0,4
1067,WELL-00002_20170619070054,WELL-00002,0,1,2017-06-19T08:00:54+00:00,0,False,0,4
1068,WELL-00002_20170619070054,WELL-00002,0,2,2017-06-19T09:00:54+00:00,0,False,0,4
1069,WELL-00002_20170619070054,WELL-00002,0,3,2017-06-19T10:00:54+00:00,0,False,0,4
1070,WELL-00002_20170619070054,WELL-00002,0,4,2017-06-19T11:00:54+00:00,0,False,0,4
1071,WELL-00002_20170619120021,WELL-00002,0,1,2017-06-19T13:00:21+00:00,0,False,0,4
1072,WELL-00002_20170619120021,WELL-00002,0,2,2017-06-19T14:00:21+00:00,0,False,0,4
1073,WELL-00002_20170619120021,WELL-00002,0,3,2017-06-19T15:00:21+00:00,0,False,0,4
1074,WELL-00002_20170619120021,WELL-00002,0,4,2017-06-19T16:00:21+00:00,0,False,0,4
1075,WELL-00002_20170619170149,WELL-00002,0,1,2017-06-19T18:01:49+00:00,0,False,0,4
1076,WELL-00002_20170619170149,WELL-00002,0,2,2017-06-19T19:01:49+00:00,0,False,0,4
1077,WELL-00002_20170619170149,WELL-00002,0,3,2017-06-19T20:01:49+00:00,0,False,0,4
1078,WELL-00002_20170619170149,WELL-00002,0,4,2017-06-19T21:01:49+00:00,0,False,0,4
1079,WELL-00002_20170619220043,WELL-00002,0,1,2017-06-19T23:00:43+00:00,0,False,0,4
1080,WELL-00002_20170619220043,WELL-00002,0,2,2017-06-20T00:00:43+00:00,0,False,0,4
1081,WELL-00002_20170619220043,WELL-00002,0,3,2017-06-20T01:00:43+00:00,0,False,0,4
1082,WELL-00002_20170619220043,WELL-00002,0,4,2017-06-20T02:00:43+00:00,0,False,0,4
1083,WELL-00002_20170620030505,WELL-00002,0,1,2017-06-20T04:05:05+00:00,0,False,0,4
1084,WELL-00002_20170620030505,WELL-00002,0,2,2017-06-20T05:05:05+00:00,0,False,0,4
1085,WELL-00002_20170620030505,WELL-00002,0,3,2017-06-20T06:05:05+00:00,0,False,0,4
1086,WELL-00002_20170620030505,WELL-00002,0,4,2017-06-20T07:05:05+00:00,0,False,0,4
1087,WELL-00002_20170620080254,WELL-00002,0,1,2017-06-20T09:02:54+00:00,0,False,0,4
1088,WELL-00002_20170620080254,WELL-00002,0,2,2017-06-20T10:02:54+00:00,0,False,0,4
1089,WELL-00002_20170620080254,WELL-00002,0,3,2017-06-20T11:02:54+00:00,0,False,0,4
1090,WELL-00002_20170620080254,WELL-00002,0,4,2017-06-20T12:02:54+00:00,0,False,0,4
1091,WELL-00002_20170620130116,WELL-00002,0,1,2017-06-20T14:01:16+00:00,0,False,0,4
1092,WELL-00002_20170620130116,WELL-00002,0,2,2017-06-20T15:01:16+00:00,0,False,0,4
1093,WELL-00002_20170620130116,WELL-00002,0,3,2017-06-20T16:01:16+00:00,0,False,0,4
1094,WELL-00002_20170620130116,WELL-00002,0,4,2017-06-20T17:01:16+00:00,0,False,0,4
1095,WELL-00002_20170620180211,WELL-00002,0,1,2017-06-20T19:02:11+00:00,0,False,0,4
1096,WELL-00002_20170620180211,WELL-00002,0,2,2017-06-20T20:02:11+00:00,0,False,0,4
1097,WELL-00002_20170620180211,WELL-00002,0,3,2017-06-20T21:02:11+00:00,0,False,0,4
1098,WELL-00002_20170620220109,WELL-00002,0,1,2017-06-20T23:01:09+00:00,0,False,0,4
1099,WELL-00002_20170620220109,WELL-00002,0,2,2017-06-21T00:01:09+00:00,0,False,0,4
1100,WELL-00002_20170620220109,WELL-00002,0,3,2017-06-21T01:01:09+00:00,0,False,0,4
1101,WELL-00002_20170621020054,WELL-00002,0,1,2017-06-21T03:00:54+00:00,0,False,0,4
1102,WELL-00002_20170621020054,WELL-00002,0,2,2017-06-21T04:00:54+00:00,0,False,0,4
1103,WELL-00002_20170621020054,WELL-00002,0,3,2017-06-21T05:00:54+00:00,0,False,0,4
1104,WELL-00002_20170621020054,WELL-00002,0,4,2017-06-21T06:00:54+00:00,0,False,0,4
1105,WELL-00002_20170621070422,WELL-00002,0,1,2017-06-21T08:04:22+00:00,0,False,0,4
1106,WELL-00002_20170621070422,WELL-00002,0,2,2017-06-21T09:04:22+00:00,0,False,0,4
1107,WELL-00002_20170621070422,WELL-00002,0,3,2017-06-21T10:04:22+00:00,0,False,0,4
1108,WELL-00002_20170621070422,WELL-00002,0,4,2017-06-21T11:04:22+00:00,0,False,0,4
1109,WELL-00002_20170621120116,WELL-00002,0,1,2017-06-21T13:01:16+00:00,0,False,0,4
1110,WELL-00002_20170621120116,WELL-00002,0,2,2017-06-21T14:01:16+00:00,0,False,0,4
1111,WELL-00002_20170621120116,WELL-00002,0,3,2017-06-21T15:01:16+00:00,0,False,0,4
1112,WELL-00002_20170621120116,WELL-00002,0,4,2017-06-21T16:01:16+00:00,0,False,0,4
1113,WELL-00002_20170621170032,WELL-00002,0,1,2017-06-21T18:00:32+00:00,0,False,0,4
1114,WELL-00002_20170621170032,WELL-00002,0,2,2017-06-21T19:00:32+00:00,0,False,0,4
1115,WELL-00002_20170621170032,WELL-00002,0,3,2017-06-21T20:00:32+00:00,0,False,0,4
1116,WELL-00002_20170621170032,WELL-00002,0,4,2017-06-21T21:00:32+00:00,0,False,0,4
1117,WELL-00002_20170621220054,WELL-00002,0,1,2017-06-21T23:00:54+00:00,0,False,0,4
1118,WELL-00002_20170621220054,WELL-00002,0,2,2017-06-22T00:00:54+00:00,0,False,0,4
1119,WELL-00002_20170621220054,WELL-00002,0,3,2017-06-22T01:00:54+00:00,0,False,0,4
1120,WELL-00002_20170621220054,WELL-00002,0,4,2017-06-22T02:00:54+00:00,0,False,0,4
1121,WELL-00002_20170622030105,WELL-00002,0,1,2017-06-22T04:01:05+00:00,0,False,0,4
1122,WELL-00002_20170622030105,WELL-00002,0,2,2017-06-22T05:01:05+00:00,0,False,0,4
1123,WELL-00002_20170622030105,WELL-00002,0,3,2017-06-22T06:01:05+00:00,0,False,0,4
1124,WELL-00002_20170622030105,WELL-00002,0,4,2017-06-22T07:01:05+00:00,0,False,0,4
1125,WELL-00002_20170622080043,WELL-00002,0,1,2017-06-22T09:00:43+00:00,0,False,0,4
1126,WELL-00002_20170622080043,WELL-00002,0,2,2017-06-22T10:00:43+00:00,0,False,0,4
1127,WELL-00002_20170622080043,WELL-00002,0,3,2017-06-22T11:00:43+00:00,0,False,0,4
1128,WELL-00002_20170622080043,WELL-00002,0,4,2017-06-22T12:00:43+00:00,0,False,0,4
1129,WELL-00002_20170622130127,WELL-00002,0,1,2017-06-22T14:01:27+00:00,0,False,0,4
1130,WELL-00002_20170622130127,WELL-00002,0,2,2017-06-22T15:01:27+00:00,0,False,0,4
1131,WELL-00002_20170622130127,WELL-00002,0,3,2017-06-22T16:01:27+00:00,0,False,0,4
1132,WELL-00002_20170622130127,WELL-00002,0,4,2017-06-22T17:01:27+00:00,0,False,0,4
1133,WELL-00002_20170622180316,WELL-00002,0,1,2017-06-22T19:03:16+00:00,0,False,0,4
1134,WELL-00002_20170622180316,WELL-00002,0,2,2017-06-22T20:03:16+00:00,0,False,0,4
1135,WELL-00002_20170622180316,WELL-00002,0,3,2017-06-22T21:03:16+00:00,0,False,0,4
1136,WELL-00002_20170622180316,WELL-00002,0,4,2017-06-22T22:03:16+00:00,0,False,0,4
1137,WELL-00002_20170622230305,WELL-00002,0,1,2017-06-23T00:03:05+00:00,0,False,0,4
1138,WELL-00002_20170622230305,WELL-00002,0,2,2017-06-23T01:03:05+00:00,0,False,0,4
1139,WELL-00002_20170622230305,WELL-00002,0,3,2017-06-23T02:03:05+00:00,0,False,0,4
1140,WELL-00002_20170622230305,WELL-00002,0,4,2017-06-23T03:03:05+00:00,0,False,0,4
1141,WELL-00002_20170623040021,WELL-00002,0,1,2017-06-23T05:00:21+00:00,0,False,0,4
1142,WELL-00002_20170623040021,WELL-00002,0,2,2017-06-23T06:00:21+00:00,0,False,0,4
1143,WELL-00002_20170623040021,WELL-00002,0,3,2017-06-23T07:00:21+00:00,0,False,0,4
1144,WELL-00002_20170623040021,WELL-00002,0,4,2017-06-23T08:00:21+00:00,0,False,0,4
1145,WELL-00002_20170623090032,WELL-00002,0,1,2017-06-23T10:00:32+00:00,0,False,0,4
1146,WELL-00002_20170623090032,WELL-00002,0,2,2017-06-23T11:00:32+00:00,0,False,0,4
1147,WELL-00002_20170623090032,WELL-00002,0,3,2017-06-23T12:00:32+00:00,0,False,0,4
1148,WELL-00002_20170623090032,WELL-00002,0,4,2017-06-23T13:00:32+00:00,0,False,0,4
1149,WELL-00002_20170623140127,WELL-00002,0,1,2017-06-23T15:01:27+00:00,0,False,0,4
1150,WELL-00002_20170623140127,WELL-00002,0,2,2017-06-23T16:01:27+00:00,0,False,0,4
1151,WELL-00002_20170623140127,WELL-00002,0,3,2017-06-23T17:01:27+00:00,0,False,0,4
1152,WELL-00002_20170623140127,WELL-00002,0,4,2017-06-23T18:01:27+00:00,0,False,0,4
1153,WELL-00002_20170623190211,WELL-00002,0,1,2017-06-23T20:02:11+00:00,0,False,0,4
1154,WELL-00002_20170623190211,WELL-00002,0,2,2017-06-23T21:02:11+00:00,0,False,0,4
1155,WELL-00002_20170623190211,WELL-00002,0,3,2017-06-23T22:02:11+00:00,0,False,0,4
1156,WELL-00002_20170623190211,WELL-00002,0,4,2017-06-23T23:02:11+00:00,0,False,0,4
1157,WELL-00002_20170624000032,WELL-00002,0,1,2017-06-24T01:00:32+00:00,0,False,0,4
1158,WELL-00002_20170624000032,WELL-00002,0,2,2017-06-24T02:00:32+00:00,0,False,0,4
1159,WELL-00002_20170624000032,WELL-00002,0,3,2017-06-24T03:00:32+00:00,0,False,0,4
1160,WELL-00002_20170624000032,WELL-00002,0,4,2017-06-24T04:00:32+00:00,0,False,0,4
1161,WELL-00002_20170624050127,WELL-00002,0,1,2017-06-24T06:01:27+00:00,0,False,0,4
1162,WELL-00002_20170624050127,WELL-00002,0,2,2017-06-24T07:01:27+00:00,0,False,0,4
1163,WELL-00002_20170624050127,WELL-00002,0,3,2017-06-24T08:01:27+00:00,0,False,0,4
1164,WELL-00002_20170624050127,WELL-00002,0,4,2017-06-24T09:01:27+00:00,0,False,0,4
1165,WELL-00002_20170624100021,WELL-00002,0,1,2017-06-24T11:00:21+00:00,0,False,0,4
1166,WELL-00002_20170624100021,WELL-00002,0,2,2017-06-24T12:00:21+00:00,0,False,0,4
1167,WELL-00002_20170624100021,WELL-00002,0,3,2017-06-24T13:00:21+00:00,0,False,0,4
1168,WELL-00002_20170624100021,WELL-00002,0,4,2017-06-24T14:00:21+00:00,0,False,0,4
1169,WELL-00002_20170624150054,WELL-00002,0,1,2017-06-24T16:00:54+00:00,0,False,0,4
1170,WELL-00002_20170624150054,WELL-00002,0,2,2017-06-24T17:00:54+00:00,0,False,0,4
1171,WELL-00002_20170624150054,WELL-00002,0,3,2017-06-24T18:00:54+00:00,0,False,0,4
1172,WELL-00002_20170624150054,WELL-00002,0,4,2017-06-24T19:00:54+00:00,0,False,0,4
1173,WELL-00002_20170624200211,WELL-00002,0,1,2017-06-24T21:02:11+00:00,0,False,0,4
1174,WELL-00002_20170624200211,WELL-00002,0,2,2017-06-24T22:02:11+00:00,0,False,0,4
1175,WELL-00002_20170624200211,WELL-00002,0,3,2017-06-24T23:02:11+00:00,0,False,0,4
1176,WELL-00002_20170624200211,WELL-00002,0,4,2017-06-25T00:02:11+00:00,0,False,0,4
1177,WELL-00002_20170625010200,WELL-00002,0,1,2017-06-25T02:02:00+00:00,0,False,0,4
1178,WELL-00002_20170625010200,WELL-00002,0,2,2017-06-25T03:02:00+00:00,0,False,0,4
1179,WELL-00002_20170625010200,WELL-00002,0,3,2017-06-25T04:02:00+00:00,0,False,0,4
1180,WELL-00002_20170625010200,WELL-00002,0,4,2017-06-25T05:02:00+00:00,0,False,0,4
1181,WELL-00002_20170625060243,WELL-00002,0,1,2017-06-25T07:02:43+00:00,0,False,0,4
1182,WELL-00002_20170625060243,WELL-00002,0,2,2017-06-25T08:02:43+00:00,0,False,0,4
1183,WELL-00002_20170625060243,WELL-00002,0,3,2017-06-25T09:02:43+00:00,0,False,0,4
1184,WELL-00002_20170625060243,WELL-00002,0,4,2017-06-25T10:02:43+00:00,0,False,0,4
1185,WELL-00002_20170625110032,WELL-00002,0,1,2017-06-25T12:00:32+00:00,0,False,0,4
1186,WELL-00002_20170625110032,WELL-00002,0,2,2017-06-25T13:00:32+00:00,0,False,0,4
1187,WELL-00002_20170625110032,WELL-00002,0,3,2017-06-25T14:00:32+00:00,0,False,0,4
1188,WELL-00002_20170625110032,WELL-00002,0,4,2017-06-25T15:00:32+00:00,0,False,0,4
1189,WELL-00002_20170625160232,WELL-00002,0,1,2017-06-25T17:02:32+00:00,0,False,0,4
1190,WELL-00002_20170625160232,WELL-00002,0,2,2017-06-25T18:02:32+00:00,0,False,0,4
1191,WELL-00002_20170625160232,WELL-00002,0,3,2017-06-25T19:02:32+00:00,0,False,0,4
1192,WELL-00002_20170625160232,WELL-00002,0,4,2017-06-25T20:02:32+00:00,0,False,0,4
1193,WELL-00002_20170625210127,WELL-00002,0,1,2017-06-25T22:01:27+00:00,0,False,0,4
1194,WELL-00002_20170625210127,WELL-00002,0,2,2017-06-25T23:01:27+00:00,0,False,0,4
1195,WELL-00002_20170625210127,WELL-00002,0,3,2017-06-26T00:01:27+00:00,0,False,0,4
1196,WELL-00002_20170625210127,WELL-00002,0,4,2017-06-26T01:01:27+00:00,0,False,0,4
1197,WELL-00002_20170626020043,WELL-00002,0,1,2017-06-26T03:00:43+00:00,0,False,0,4
1198,WELL-00002_20170626020043,WELL-00002,0,2,2017-06-26T04:00:43+00:00,0,False,0,4
1199,WELL-00002_20170626020043,WELL-00002,0,3,2017-06-26T05:00:43+00:00,0,False,0,4
1200,WELL-00002_20170626020043,WELL-00002,0,4,2017-06-26T06:00:43+00:00,0,False,0,4
1201,WELL-00002_20170626070149,WELL-00002,0,1,2017-06-26T08:01:49+00:00,0,False,0,4
1202,WELL-00002_20170626070149,WELL-00002,0,2,2017-06-26T09:01:49+00:00,0,False,0,4
1203,WELL-00002_20170626070149,WELL-00002,0,3,2017-06-26T10:01:49+00:00,0,False,0,4
1204,WELL-00002_20170626070149,WELL-00002,0,4,2017-06-26T11:01:49+00:00,0,False,0,4
1205,WELL-00002_20170626120032,WELL-00002,0,1,2017-06-26T13:00:32+00:00,0,False,0,4
1206,WELL-00002_20170626120032,WELL-00002,0,2,2017-06-26T14:00:32+00:00,0,False,0,4
1207,WELL-00002_20170626120032,WELL-00002,0,3,2017-06-26T15:00:32+00:00,0,False,0,4
1208,WELL-00002_20170626120032,WELL-00002,0,4,2017-06-26T16:00:32+00:00,0,False,0,4
1209,WELL-00002_20170626170138,WELL-00002,0,1,2017-06-26T18:01:38+00:00,0,False,0,4
1210,WELL-00002_20170626170138,WELL-00002,0,2,2017-06-26T19:01:38+00:00,0,False,0,4
1211,WELL-00002_20170626170138,WELL-00002,0,3,2017-06-26T20:01:38+00:00,0,False,0,4
1212,WELL-00002_20170626170138,WELL-00002,0,4,2017-06-26T21:01:38+00:00,0,False,0,4
1213,WELL-00002_20170626220316,WELL-00002,0,1,2017-06-26T23:03:16+00:00,0,False,0,4
1214,WELL-00002_20170626220316,WELL-00002,0,2,2017-06-27T00:03:16+00:00,0,False,0,4
1215,WELL-00002_20170626220316,WELL-00002,0,3,2017-06-27T01:03:16+00:00,0,False,0,4
1216,WELL-00002_20170626220316,WELL-00002,0,4,2017-06-27T02:03:16+00:00,0,False,0,4
1217,WELL-00002_20170804200000,WELL-00002,0,1,2017-08-04T21:00:00+00:00,0,False,0,4
1218,WELL-00002_20170804200000,WELL-00002,0,2,2017-08-04T22:00:00+00:00,0,False,0,4
1219,WELL-00002_20170804200000,WELL-00002,0,3,2017-08-04T23:00:00+00:00,0,False,0,4
1220,WELL-00002_20170804200000,WELL-00002,0,4,2017-08-05T00:00:00+00:00,0,False,0,4
1221,WELL-00002_20170805010000,WELL-00002,0,1,2017-08-05T02:00:00+00:00,0,False,0,4
1222,WELL-00002_20170805010000,WELL-00002,0,2,2017-08-05T03:00:00+00:00,0,False,0,4
1223,WELL-00002_20170805010000,WELL-00002,0,3,2017-08-05T04:00:00+00:00,0,False,0,4
1224,WELL-00002_20170805010000,WELL-00002,0,4,2017-08-05T05:00:00+00:00,0,False,0,4
1225,WELL-00002_20170805060000,WELL-00002,0,1,2017-08-05T07:00:00+00:00,0,False,0,4
1226,WELL-00002_20170805060000,WELL-00002,0,2,2017-08-05T08:00:00+00:00,0,False,0,4
1227,WELL-00002_20170805060000,WELL-00002,0,3,2017-08-05T09:00:00+00:00,0,False,0,4
1228,WELL-00002_20170805060000,WELL-00002,0,4,2017-08-05T10:00:00+00:00,0,False,0,4
1229,WELL-00002_20170805110000,WELL-00002,0,1,2017-08-05T12:00:00+00:00,0,False,0,4
1230,WELL-00002_20170805110000,WELL-00002,0,2,2017-08-05T13:00:00+00:00,0,False,0,4
1231,WELL-00002_20170805110000,WELL-00002,0,3,2017-08-05T14:00:00+00:00,0,False,0,4
1232,WELL-00002_20170805110000,WELL-00002,0,4,2017-08-05T15:00:00+00:00,0,False,0,4
1233,WELL-00002_20170805160000,WELL-00002,0,1,2017-08-05T17:00:00+00:00,0,False,0,4
1234,WELL-00002_20170805160000,WELL-00002,0,2,2017-08-05T18:00:00+00:00,0,False,0,4
1235,WELL-00002_20170805160000,WELL-00002,0,3,2017-08-05T19:00:00+00:00,0,False,0,4
1236,WELL-00002_20170805160000,WELL-00002,0,4,2017-08-05T20:00:00+00:00,0,False,0,4
1237,WELL-00002_20170805210000,WELL-00002,0,1,2017-08-05T22:00:00+00:00,0,False,0,4
1238,WELL-00002_20170805210000,WELL-00002,0,2,2017-08-05T23:00:00+00:00,0,False,0,4
1239,WELL-00002_20170805210000,WELL-00002,0,3,2017-08-06T00:00:00+00:00,0,False,0,4
1240,WELL-00002_20170805210000,WELL-00002,0,4,2017-08-06T01:00:00+00:00,0,False,0,4
1241,WELL-00002_20170806020000,WELL-00002,0,1,2017-08-06T03:00:00+00:00,0,False,0,4
1242,WELL-00002_20170806020000,WELL-00002,0,2,2017-08-06T04:00:00+00:00,0,False,0,4
1243,WELL-00002_20170806020000,WELL-00002,0,3,2017-08-06T05:00:00+00:00,0,False,0,4
1244,WELL-00002_20170806020000,WELL-00002,0,4,2017-08-06T06:00:00+00:00,0,False,0,4
1245,WELL-00002_20170806070000,WELL-00002,0,1,2017-08-06T08:00:00+00:00,0,False,0,4
1246,WELL-00002_20170806070000,WELL-00002,0,2,2017-08-06T09:00:00+00:00,0,False,0,4
1247,WELL-00002_20170806070000,WELL-00002,0,3,2017-08-06T10:00:00+00:00,0,False,0,4
1248,WELL-00002_20170806070000,WELL-00002,0,4,2017-08-06T11:00:00+00:00,0,False,0,4
1249,WELL-00002_20170806120000,WELL-00002,0,1,2017-08-06T13:00:00+00:00,0,False,0,4
1250,WELL-00002_20170806120000,WELL-00002,0,2,2017-08-06T14:00:00+00:00,0,False,0,4
1251,WELL-00002_20170806120000,WELL-00002,0,3,2017-08-06T15:00:00+00:00,0,False,0,4
1252,WELL-00002_20170806120000,WELL-00002,0,4,2017-08-06T16:00:00+00:00,0,False,0,4
1253,WELL-00002_20170806170000,WELL-00002,0,1,2017-08-06T18:00:00+00:00,0,False,0,4
1254,WELL-00002_20170806170000,WELL-00002,0,2,2017-08-06T19:00:00+00:00,0,False,0,4
1255,WELL-00002_20170806170000,WELL-00002,0,3,2017-08-06T20:00:00+00:00,0,False,0,4
1256,WELL-00002_20170806170000,WELL-00002,0,4,2017-08-06T21:00:00+00:00,0,False,0,4
1257,WELL-00002_20170806220000,WELL-00002,0,1,2017-08-06T23:00:00+00:00,0,False,0,4
1258,WELL-00002_20170806220000,WELL-00002,0,2,2017-08-07T00:00:00+00:00,0,False,0,4
1259,WELL-00002_20170806220000,WELL-00002,0,3,2017-08-07T01:00:00+00:00,0,False,0,4
1260,WELL-00002_20170806220000,WELL-00002,0,4,2017-08-07T02:00:00+00:00,0,False,0,4
1261,WELL-00002_20170807030000,WELL-00002,0,1,2017-08-07T04:00:00+00:00,0,False,0,4
1262,WELL-00002_20170807030000,WELL-00002,0,2,2017-08-07T05:00:00+00:00,0,False,0,4
1263,WELL-00002_20170807030000,WELL-00002,0,3,2017-08-07T06:00:00+00:00,0,False,0,4
1264,WELL-00002_20170807030000,WELL-00002,0,4,2017-08-07T07:00:00+00:00,0,False,0,4
1265,WELL-00002_20170807080000,WELL-00002,0,1,2017-08-07T09:00:00+00:00,0,False,0,4
1266,WELL-00002_20170807080000,WELL-00002,0,2,2017-08-07T10:00:00+00:00,0,False,0,4
1267,WELL-00002_20170807080000,WELL-00002,0,3,2017-08-07T11:00:00+00:00,0,False,0,4
1268,WELL-00002_20170807080000,WELL-00002,0,4,2017-08-07T12:00:00+00:00,0,False,0,4
1269,WELL-00002_20170807130000,WELL-00002,0,1,2017-08-07T14:00:00+00:00,0,False,0,4
1270,WELL-00002_20170807130000,WELL-00002,0,2,2017-08-07T15:00:00+00:00,0,False,0,4
1271,WELL-00002_20170807130000,WELL-00002,0,3,2017-08-07T16:00:00+00:00,0,False,0,4
1272,WELL-00002_20170807130000,WELL-00002,0,4,2017-08-07T17:00:00+00:00,0,False,0,4
1273,WELL-00002_20170807180000,WELL-00002,0,1,2017-08-07T19:00:00+00:00,0,False,0,4
1274,WELL-00002_20170807180000,WELL-00002,0,2,2017-08-07T20:00:00+00:00,0,False,0,4
1275,WELL-00002_20170807180000,WELL-00002,0,3,2017-08-07T21:00:00+00:00,0,False,0,4
1276,WELL-00002_20170807180000,WELL-00002,0,4,2017-08-07T22:00:00+00:00,0,False,0,4
1277,WELL-00002_20170807230000,WELL-00002,0,1,2017-08-08T00:00:00+00:00,0,False,0,4
1278,WELL-00002_20170807230000,WELL-00002,0,2,2017-08-08T01:00:00+00:00,0,False,0,4
1279,WELL-00002_20170807230000,WELL-00002,0,3,2017-08-08T02:00:00+00:00,0,False,0,4
1280,WELL-00002_20170807230000,WELL-00002,0,4,2017-08-08T03:00:00+00:00,0,False,0,4
1281,WELL-00002_20170808040000,WELL-00002,0,1,2017-08-08T05:00:00+00:00,0,False,0,4
1282,WELL-00002_20170808040000,WELL-00002,0,2,2017-08-08T06:00:00+00:00,0,False,0,4
1283,WELL-00002_20170808040000,WELL-00002,0,3,2017-08-08T07:00:00+00:00,0,False,0,4
1284,WELL-00002_20170808040000,WELL-00002,0,4,2017-08-08T08:00:00+00:00,0,False,0,4
1285,WELL-00002_20170808090000,WELL-00002,0,1,2017-08-08T10:00:00+00:00,0,False,0,4
1286,WELL-00002_20170808090000,WELL-00002,0,2,2017-08-08T11:00:00+00:00,0,False,0,4
1287,WELL-00002_20170808090000,WELL-00002,0,3,2017-08-08T12:00:00+00:00,0,False,0,4
1288,WELL-00002_20170808090000,WELL-00002,0,4,2017-08-08T13:00:00+00:00,0,False,0,4
1289,WELL-00002_20170808140000,WELL-00002,0,1,2017-08-08T15:00:00+00:00,0,False,0,4
1290,WELL-00002_20170808140000,WELL-00002,0,2,2017-08-08T16:00:00+00:00,0,False,0,4
1291,WELL-00002_20170808140000,WELL-00002,0,3,2017-08-08T17:00:00+00:00,0,False,0,4
1292,WELL-00002_20170808140000,WELL-00002,0,4,2017-08-08T18:00:00+00:00,0,False,0,4
1293,WELL-00002_20170808190026,WELL-00002,0,1,2017-08-08T20:00:26+00:00,0,False,0,4
1294,WELL-00002_20170808190026,WELL-00002,0,2,2017-08-08T21:00:26+00:00,0,False,0,4
1295,WELL-00002_20170808190026,WELL-00002,0,3,2017-08-08T22:00:26+00:00,0,False,0,4
1296,WELL-00002_20170808190026,WELL-00002,0,4,2017-08-08T23:00:26+00:00,0,False,0,4
1297,WELL-00002_20170809000000,WELL-00002,0,1,2017-08-09T01:00:00+00:00,0,False,0,4
1298,WELL-00002_20170809000000,WELL-00002,0,2,2017-08-09T02:00:00+00:00,0,False,0,4
1299,WELL-00002_20170809000000,WELL-00002,0,3,2017-08-09T03:00:00+00:00,0,False,0,4
1300,WELL-00002_20170809000000,WELL-00002,0,4,2017-08-09T04:00:00+00:00,0,False,0,4
1301,WELL-00002_20170809050000,WELL-00002,0,1,2017-08-09T06:00:00+00:00,0,False,0,4
1302,WELL-00002_20170809050000,WELL-00002,0,2,2017-08-09T07:00:00+00:00,0,False,0,4
1303,WELL-00002_20170809050000,WELL-00002,0,3,2017-08-09T08:00:00+00:00,0,False,0,4
1304,WELL-00002_20170809050000,WELL-00002,0,4,2017-08-09T09:00:00+00:00,0,False,0,4
1305,WELL-00002_20170809100000,WELL-00002,0,1,2017-08-09T11:00:00+00:00,0,False,0,4
1306,WELL-00002_20170809100000,WELL-00002,0,2,2017-08-09T12:00:00+00:00,0,False,0,4
1307,WELL-00002_20170809100000,WELL-00002,0,3,2017-08-09T13:00:00+00:00,0,False,0,4
1308,WELL-00002_20170809100000,WELL-00002,0,4,2017-08-09T14:00:00+00:00,0,False,0,4
1309,WELL-00002_20170809150026,WELL-00002,0,1,2017-08-09T16:00:26+00:00,0,False,0,4
1310,WELL-00002_20170809150026,WELL-00002,0,2,2017-08-09T17:00:26+00:00,0,False,0,4
1311,WELL-00002_20170809150026,WELL-00002,0,3,2017-08-09T18:00:26+00:00,0,False,0,4
1312,WELL-00002_20170809150026,WELL-00002,0,4,2017-08-09T19:00:26+00:00,0,False,0,4
1313,WELL-00002_20170809200000,WELL-00002,0,1,2017-08-09T21:00:00+00:00,0,False,0,4
1314,WELL-00002_20170809200000,WELL-00002,0,2,2017-08-09T22:00:00+00:00,0,False,0,4
1315,WELL-00002_20170809200000,WELL-00002,0,3,2017-08-09T23:00:00+00:00,0,False,0,4
1316,WELL-00002_20170809200000,WELL-00002,0,4,2017-08-10T00:00:00+00:00,0,False,0,4
1317,WELL-00002_20170810010026,WELL-00002,0,1,2017-08-10T02:00:26+00:00,0,False,0,4
1318,WELL-00002_20170810010026,WELL-00002,0,2,2017-08-10T03:00:26+00:00,0,False,0,4
1319,WELL-00002_20170810010026,WELL-00002,0,3,2017-08-10T04:00:26+00:00,0,False,0,4
1320,WELL-00002_20170810010026,WELL-00002,0,4,2017-08-10T05:00:26+00:00,0,False,0,4
1321,WELL-00002_20170810060000,WELL-00002,0,1,2017-08-10T07:00:00+00:00,0,False,0,4
1322,WELL-00002_20170810060000,WELL-00002,0,2,2017-08-10T08:00:00+00:00,0,False,0,4
1323,WELL-00002_20170810060000,WELL-00002,0,3,2017-08-10T09:00:00+00:00,0,False,0,4
1324,WELL-00002_20170810060000,WELL-00002,0,4,2017-08-10T10:00:00+00:00,0,False,0,4
1325,WELL-00002_20170810110000,WELL-00002,0,1,2017-08-10T12:00:00+00:00,0,False,0,4
1326,WELL-00002_20170810110000,WELL-00002,0,2,2017-08-10T13:00:00+00:00,0,False,0,4
1327,WELL-00002_20170810110000,WELL-00002,0,3,2017-08-10T14:00:00+00:00,0,False,0,4
1328,WELL-00002_20170810110000,WELL-00002,0,4,2017-08-10T15:00:00+00:00,0,False,0,4
1329,WELL-00002_20170810160000,WELL-00002,0,1,2017-08-10T17:00:00+00:00,0,False,0,4
1330,WELL-00002_20170810160000,WELL-00002,0,2,2017-08-10T18:00:00+00:00,0,False,0,4
1331,WELL-00002_20170810160000,WELL-00002,0,3,2017-08-10T19:00:00+00:00,0,False,0,4
1332,WELL-00002_20170810160000,WELL-00002,0,4,2017-08-10T20:00:00+00:00,0,False,0,4
1333,WELL-00002_20170810210000,WELL-00002,0,1,2017-08-10T22:00:00+00:00,0,False,0,4
1334,WELL-00002_20170810210000,WELL-00002,0,2,2017-08-10T23:00:00+00:00,0,False,0,4
1335,WELL-00002_20170810210000,WELL-00002,0,3,2017-08-11T00:00:00+00:00,0,False,0,4
1336,WELL-00002_20170810210000,WELL-00002,0,4,2017-08-11T01:00:00+00:00,0,False,0,4
1337,WELL-00002_20170811020000,WELL-00002,0,1,2017-08-11T03:00:00+00:00,0,False,0,4
1338,WELL-00002_20170811020000,WELL-00002,0,2,2017-08-11T04:00:00+00:00,0,False,0,4
1339,WELL-00002_20170811020000,WELL-00002,0,3,2017-08-11T05:00:00+00:00,0,False,0,4
1340,WELL-00002_20170811020000,WELL-00002,0,4,2017-08-11T06:00:00+00:00,0,False,0,4
1341,WELL-00002_20170811070000,WELL-00002,0,1,2017-08-11T08:00:00+00:00,0,False,0,4
1342,WELL-00002_20170811070000,WELL-00002,0,2,2017-08-11T09:00:00+00:00,0,False,0,4
1343,WELL-00002_20170811070000,WELL-00002,0,3,2017-08-11T10:00:00+00:00,0,False,0,4
1344,WELL-00002_20170811070000,WELL-00002,0,4,2017-08-11T11:00:00+00:00,0,False,0,4
1345,WELL-00002_20170811120000,WELL-00002,0,1,2017-08-11T13:00:00+00:00,0,False,0,4
1346,WELL-00002_20170811120000,WELL-00002,0,2,2017-08-11T14:00:00+00:00,0,False,0,4
1347,WELL-00002_20170811120000,WELL-00002,0,3,2017-08-11T15:00:00+00:00,0,False,0,4
1348,WELL-00002_20170811120000,WELL-00002,0,4,2017-08-11T16:00:00+00:00,0,False,0,4
1349,WELL-00002_20170811170000,WELL-00002,0,1,2017-08-11T18:00:00+00:00,0,False,0,4
1350,WELL-00002_20170811170000,WELL-00002,0,2,2017-08-11T19:00:00+00:00,0,False,0,4
1351,WELL-00002_20170811170000,WELL-00002,0,3,2017-08-11T20:00:00+00:00,0,False,0,4
1352,WELL-00002_20170811170000,WELL-00002,0,4,2017-08-11T21:00:00+00:00,0,False,0,4
1353,WELL-00002_20170811220000,WELL-00002,0,1,2017-08-11T23:00:00+00:00,0,False,0,4
1354,WELL-00002_20170811220000,WELL-00002,0,2,2017-08-12T00:00:00+00:00,0,False,0,4
1355,WELL-00002_20170811220000,WELL-00002,0,3,2017-08-12T01:00:00+00:00,0,False,0,4
1356,WELL-00002_20170811220000,WELL-00002,0,4,2017-08-12T02:00:00+00:00,0,False,0,4
1357,WELL-00002_20170812030000,WELL-00002,0,1,2017-08-12T04:00:00+00:00,0,False,0,4
1358,WELL-00002_20170812030000,WELL-00002,0,2,2017-08-12T05:00:00+00:00,0,False,0,4
1359,WELL-00002_20170812030000,WELL-00002,0,3,2017-08-12T06:00:00+00:00,0,False,0,4
1360,WELL-00002_20170812030000,WELL-00002,0,4,2017-08-12T07:00:00+00:00,0,False,0,4
1361,WELL-00002_20170812080000,WELL-00002,0,1,2017-08-12T09:00:00+00:00,0,False,0,4
1362,WELL-00002_20170812080000,WELL-00002,0,2,2017-08-12T10:00:00+00:00,0,False,0,4
1363,WELL-00002_20170812080000,WELL-00002,0,3,2017-08-12T11:00:00+00:00,0,False,0,4
1364,WELL-00002_20170812080000,WELL-00002,0,4,2017-08-12T12:00:00+00:00,0,False,0,4
1365,WELL-00002_20170812130000,WELL-00002,0,1,2017-08-12T14:00:00+00:00,0,False,0,4
1366,WELL-00002_20170812130000,WELL-00002,0,2,2017-08-12T15:00:00+00:00,0,False,0,4
1367,WELL-00002_20170812130000,WELL-00002,0,3,2017-08-12T16:00:00+00:00,0,False,0,4
1368,WELL-00002_20170812130000,WELL-00002,0,4,2017-08-12T17:00:00+00:00,0,False,0,4
1369,WELL-00002_20170812180000,WELL-00002,0,1,2017-08-12T19:00:00+00:00,0,False,0,4
1370,WELL-00002_20170812180000,WELL-00002,0,2,2017-08-12T20:00:00+00:00,0,False,0,4
1371,WELL-00002_20170812180000,WELL-00002,0,3,2017-08-12T21:00:00+00:00,0,False,0,4
1372,WELL-00002_20170812180000,WELL-00002,0,4,2017-08-12T22:00:00+00:00,0,False,0,4
1373,WELL-00002_20170812230000,WELL-00002,0,1,2017-08-13T00:00:00+00:00,0,False,0,4
1374,WELL-00002_20170812230000,WELL-00002,0,2,2017-08-13T01:00:00+00:00,0,False,0,4
1375,WELL-00002_20170812230000,WELL-00002,0,3,2017-08-13T02:00:00+00:00,0,False,0,4
1376,WELL-00002_20170812230000,WELL-00002,0,4,2017-08-13T03:00:00+00:00,0,False,0,4
1377,WELL-00002_20170813040000,WELL-00002,0,1,2017-08-13T05:00:00+00:00,0,False,0,4
1378,WELL-00002_20170813040000,WELL-00002,0,2,2017-08-13T06:00:00+00:00,0,False,0,4
1379,WELL-00002_20170813040000,WELL-00002,0,3,2017-08-13T07:00:00+00:00,0,False,0,4
1380,WELL-00002_20170813040000,WELL-00002,0,4,2017-08-13T08:00:00+00:00,0,False,0,4
1381,WELL-00002_20170813090000,WELL-00002,0,1,2017-08-13T10:00:00+00:00,0,False,0,4
1382,WELL-00002_20170813090000,WELL-00002,0,2,2017-08-13T11:00:00+00:00,0,False,0,4
1383,WELL-00002_20170813090000,WELL-00002,0,3,2017-08-13T12:00:00+00:00,0,False,0,4
1384,WELL-00002_20170813090000,WELL-00002,0,4,2017-08-13T13:00:00+00:00,0,False,0,4
1385,WELL-00002_20170813140000,WELL-00002,0,1,2017-08-13T15:00:00+00:00,0,False,0,4
1386,WELL-00002_20170813140000,WELL-00002,0,2,2017-08-13T16:00:00+00:00,0,False,0,4
1387,WELL-00002_20170813140000,WELL-00002,0,3,2017-08-13T17:00:00+00:00,0,False,0,4
1388,WELL-00002_20170813140000,WELL-00002,0,4,2017-08-13T18:00:00+00:00,0,False,0,4
1389,WELL-00003_20141122190000,WELL-00003,2,1,2014-11-22T20:00:00+00:00,0,False,0,5
1390,WELL-00003_20141122190000,WELL-00003,2,2,2014-11-22T21:00:00+00:00,0,False,0,5
1391,WELL-00003_20141122190000,WELL-00003,2,3,2014-11-22T22:00:00+00:00,1,True,0,5
1392,WELL-00003_20141122190000,WELL-00003,2,4,2014-11-22T23:00:00+00:00,1,True,0,5
1393,WELL-00003_20170514000000,WELL-00003,0,1,2017-05-14T01:00:00+00:00,0,False,0,5
1394,WELL-00003_20170514000000,WELL-00003,0,2,2017-05-14T02:00:00+00:00,0,False,0,5
1395,WELL-00003_20170514000000,WELL-00003,0,3,2017-05-14T03:00:00+00:00,0,False,0,5
1396,WELL-00003_20170514000000,WELL-00003,0,4,2017-05-14T04:00:00+00:00,0,False,0,5
1397,WELL-00003_20170514050000,WELL-00003,0,1,2017-05-14T06:00:00+00:00,0,False,0,5
1398,WELL-00003_20170514050000,WELL-00003,0,2,2017-05-14T07:00:00+00:00,0,False,0,5
1399,WELL-00003_20170514050000,WELL-00003,0,3,2017-05-14T08:00:00+00:00,0,False,0,5
1400,WELL-00003_20170514050000,WELL-00003,0,4,2017-05-14T09:00:00+00:00,0,False,0,5
1401,WELL-00003_20170514100000,WELL-00003,0,1,2017-05-14T11:00:00+00:00,0,False,0,5
1402,WELL-00003_20170514100000,WELL-00003,0,2,2017-05-14T12:00:00+00:00,0,False,0,5
1403,WELL-00003_20170514100000,WELL-00003,0,3,2017-05-14T13:00:00+00:00,0,False,0,5
1404,WELL-00003_20170514100000,WELL-00003,0,4,2017-05-14T14:00:00+00:00,0,False,0,5
1405,WELL-00003_20170514150000,WELL-00003,0,1,2017-05-14T16:00:00+00:00,0,False,0,5
1406,WELL-00003_20170514150000,WELL-00003,0,2,2017-05-14T17:00:00+00:00,0,False,0,5
1407,WELL-00003_20170514150000,WELL-00003,0,3,2017-05-14T18:00:00+00:00,0,False,0,5
1408,WELL-00003_20170514150000,WELL-00003,0,4,2017-05-14T19:00:00+00:00,0,False,0,5
1409,WELL-00003_20170728130240,WELL-00003,2,1,2017-07-28T14:02:40+00:00,0,False,0,5
1410,WELL-00003_20170728130240,WELL-00003,2,2,2017-07-28T15:02:40+00:00,1,True,0,5
1411,WELL-00003_20170728130240,WELL-00003,2,3,2017-07-28T16:02:40+00:00,1,False,0,5
1412,WELL-00003_20170807090000,WELL-00003,0,1,2017-08-07T10:00:00+00:00,0,False,0,5
1413,WELL-00003_20170807090000,WELL-00003,0,2,2017-08-07T11:00:00+00:00,0,False,0,5
1414,WELL-00003_20170807090000,WELL-00003,0,3,2017-08-07T12:00:00+00:00,0,False,0,5
1415,WELL-00003_20170807090000,WELL-00003,0,4,2017-08-07T13:00:00+00:00,0,False,0,5
1416,WELL-00003_20170812010116,WELL-00003,0,1,2017-08-12T02:01:16+00:00,0,False,0,5
1417,WELL-00003_20170812010116,WELL-00003,0,2,2017-08-12T03:01:16+00:00,0,False,0,5
1418,WELL-00003_20170812010116,WELL-00003,0,3,2017-08-12T04:01:16+00:00,0,False,0,5
1419,WELL-00003_20170812010116,WELL-00003,0,4,2017-08-12T05:01:16+00:00,0,False,0,5
1420,WELL-00003_20170812060038,WELL-00003,0,1,2017-08-12T07:00:38+00:00,0,False,0,5
1421,WELL-00003_20170812060038,WELL-00003,0,2,2017-08-12T08:00:38+00:00,0,False,0,5
1422,WELL-00003_20170812060038,WELL-00003,0,3,2017-08-12T09:00:38+00:00,0,False,0,5
1423,WELL-00003_20170812060038,WELL-00003,0,4,2017-08-12T10:00:38+00:00,0,False,0,5
1424,WELL-00003_20170812110000,WELL-00003,0,1,2017-08-12T12:00:00+00:00,0,False,0,5
1425,WELL-00003_20170812110000,WELL-00003,0,2,2017-08-12T13:00:00+00:00,0,False,0,5
1426,WELL-00003_20170812110000,WELL-00003,0,3,2017-08-12T14:00:00+00:00,0,False,0,5
1427,WELL-00003_20170812110000,WELL-00003,0,4,2017-08-12T15:00:00+00:00,0,False,0,5
1428,WELL-00003_20170812160025,WELL-00003,0,1,2017-08-12T17:00:25+00:00,0,False,0,5
1429,WELL-00003_20170812160025,WELL-00003,0,2,2017-08-12T18:00:25+00:00,0,False,0,5
1430,WELL-00003_20170812160025,WELL-00003,0,3,2017-08-12T19:00:25+00:00,0,False,0,5
1431,WELL-00003_20170812160025,WELL-00003,0,4,2017-08-12T20:00:25+00:00,0,False,0,5
1432,WELL-00003_20170812210116,WELL-00003,0,1,2017-08-12T22:01:16+00:00,0,False,0,5
1433,WELL-00003_20170812210116,WELL-00003,0,2,2017-08-12T23:01:16+00:00,0,False,0,5
1434,WELL-00003_20170812210116,WELL-00003,0,3,2017-08-13T00:01:16+00:00,0,False,0,5
1435,WELL-00003_20170812210116,WELL-00003,0,4,2017-08-13T01:01:16+00:00,0,False,0,5
1436,WELL-00003_20170813020000,WELL-00003,0,1,2017-08-13T03:00:00+00:00,0,False,0,5
1437,WELL-00003_20170813020000,WELL-00003,0,2,2017-08-13T04:00:00+00:00,0,False,0,5
1438,WELL-00003_20170813020000,WELL-00003,0,3,2017-08-13T05:00:00+00:00,0,False,0,5
1439,WELL-00003_20170813020000,WELL-00003,0,4,2017-08-13T06:00:00+00:00,0,False,0,5
1440,WELL-00003_20170813070105,WELL-00003,0,1,2017-08-13T08:01:05+00:00,0,False,0,5
1441,WELL-00003_20170813070105,WELL-00003,0,2,2017-08-13T09:01:05+00:00,0,False,0,5
1442,WELL-00003_20170813070105,WELL-00003,0,3,2017-08-13T10:01:05+00:00,0,False,0,5
1443,WELL-00003_20170813070105,WELL-00003,0,4,2017-08-13T11:01:05+00:00,0,False,0,5
1444,WELL-00003_20170813120131,WELL-00003,0,1,2017-08-13T13:01:31+00:00,0,False,0,5
1445,WELL-00003_20170813120131,WELL-00003,0,2,2017-08-13T14:01:31+00:00,0,False,0,5
1446,WELL-00003_20170813120131,WELL-00003,0,3,2017-08-13T15:01:31+00:00,0,False,0,5
1447,WELL-00003_20170813120131,WELL-00003,0,4,2017-08-13T16:01:31+00:00,0,False,0,5
1448,WELL-00003_20170813170118,WELL-00003,0,1,2017-08-13T18:01:18+00:00,0,False,0,5
1449,WELL-00003_20170813170118,WELL-00003,0,2,2017-08-13T19:01:18+00:00,0,False,0,5
1450,WELL-00003_20170813170118,WELL-00003,0,3,2017-08-13T20:01:18+00:00,0,False,0,5
1451,WELL-00003_20170813170118,WELL-00003,0,4,2017-08-13T21:01:18+00:00,0,False,0,5
1452,WELL-00003_20170820220053,WELL-00003,0,1,2017-08-20T23:00:53+00:00,0,False,0,5
1453,WELL-00003_20170820220053,WELL-00003,0,2,2017-08-21T00:00:53+00:00,0,False,0,5
1454,WELL-00003_20170820220053,WELL-00003,0,3,2017-08-21T01:00:53+00:00,0,False,0,5
1455,WELL-00003_20170820220053,WELL-00003,0,4,2017-08-21T02:00:53+00:00,0,False,0,5
1456,WELL-00003_20170821030114,WELL-00003,0,1,2017-08-21T04:01:14+00:00,0,False,0,5
1457,WELL-00003_20170821030114,WELL-00003,0,2,2017-08-21T05:01:14+00:00,0,False,0,5
1458,WELL-00003_20170821030114,WELL-00003,0,3,2017-08-21T06:01:14+00:00,0,False,0,5
1459,WELL-00003_20170821030114,WELL-00003,0,4,2017-08-21T07:01:14+00:00,0,False,0,5
1460,WELL-00003_20170821080300,WELL-00003,0,1,2017-08-21T09:03:00+00:00,0,False,0,5
1461,WELL-00003_20170821080300,WELL-00003,0,2,2017-08-21T10:03:00+00:00,0,False,0,5
1462,WELL-00003_20170821080300,WELL-00003,0,3,2017-08-21T11:03:00+00:00,0,False,0,5
1463,WELL-00003_20170821080300,WELL-00003,0,4,2017-08-21T12:03:00+00:00,0,False,0,5
1464,WELL-00003_20170821130207,WELL-00003,0,1,2017-08-21T14:02:07+00:00,0,False,0,5
1465,WELL-00003_20170821130207,WELL-00003,0,2,2017-08-21T15:02:07+00:00,0,False,0,5
1466,WELL-00003_20170821130207,WELL-00003,0,3,2017-08-21T16:02:07+00:00,0,False,0,5
1467,WELL-00003_20170821130207,WELL-00003,0,4,2017-08-21T17:02:07+00:00,0,False,0,5
1468,WELL-00003_20170914100000,WELL-00003,0,1,2017-09-14T11:00:00+00:00,0,False,0,5
1469,WELL-00003_20170914100000,WELL-00003,0,2,2017-09-14T12:00:00+00:00,0,False,0,5
1470,WELL-00003_20170914100000,WELL-00003,0,3,2017-09-14T13:00:00+00:00,0,False,0,5
1471,WELL-00003_20170914100000,WELL-00003,0,4,2017-09-14T14:00:00+00:00,0,False,0,5
1472,WELL-00003_20170914150000,WELL-00003,0,1,2017-09-14T16:00:00+00:00,0,False,0,5
1473,WELL-00003_20170914150000,WELL-00003,0,2,2017-09-14T17:00:00+00:00,0,False,0,5
1474,WELL-00003_20170914150000,WELL-00003,0,3,2017-09-14T18:00:00+00:00,0,False,0,5
1475,WELL-00003_20170914150000,WELL-00003,0,4,2017-09-14T19:00:00+00:00,0,False,0,5
1476,WELL-00003_20170914200000,WELL-00003,0,1,2017-09-14T21:00:00+00:00,0,False,0,5
1477,WELL-00003_20170914200000,WELL-00003,0,2,2017-09-14T22:00:00+00:00,0,False,0,5
1478,WELL-00003_20170914200000,WELL-00003,0,3,2017-09-14T23:00:00+00:00,0,False,0,5
1479,WELL-00003_20170914200000,WELL-00003,0,4,2017-09-15T00:00:00+00:00,0,False,0,5
1480,WELL-00003_20170915010000,WELL-00003,0,1,2017-09-15T02:00:00+00:00,0,False,0,5
1481,WELL-00003_20170915010000,WELL-00003,0,2,2017-09-15T03:00:00+00:00,0,False,0,5
1482,WELL-00003_20170915010000,WELL-00003,0,3,2017-09-15T04:00:00+00:00,0,False,0,5
1483,WELL-00003_20170915010000,WELL-00003,0,4,2017-09-15T05:00:00+00:00,0,False,0,5
1484,WELL-00003_20170915060000,WELL-00003,0,1,2017-09-15T07:00:00+00:00,0,False,0,5
1485,WELL-00003_20170915060000,WELL-00003,0,2,2017-09-15T08:00:00+00:00,0,False,0,5
1486,WELL-00003_20170915060000,WELL-00003,0,3,2017-09-15T09:00:00+00:00,0,False,0,5
1487,WELL-00003_20170915060000,WELL-00003,0,4,2017-09-15T10:00:00+00:00,0,False,0,5
1488,WELL-00003_20170915110000,WELL-00003,0,1,2017-09-15T12:00:00+00:00,0,False,0,5
1489,WELL-00003_20170915110000,WELL-00003,0,2,2017-09-15T13:00:00+00:00,0,False,0,5
1490,WELL-00003_20170915110000,WELL-00003,0,3,2017-09-15T14:00:00+00:00,0,False,0,5
1491,WELL-00003_20170915110000,WELL-00003,0,4,2017-09-15T15:00:00+00:00,0,False,0,5
1492,WELL-00003_20170915160000,WELL-00003,0,1,2017-09-15T17:00:00+00:00,0,False,0,5
1493,WELL-00003_20170915160000,WELL-00003,0,2,2017-09-15T18:00:00+00:00,0,False,0,5
1494,WELL-00003_20170915160000,WELL-00003,0,3,2017-09-15T19:00:00+00:00,0,False,0,5
1495,WELL-00003_20170915160000,WELL-00003,0,4,2017-09-15T20:00:00+00:00,0,False,0,5
1496,WELL-00003_20170915210000,WELL-00003,0,1,2017-09-15T22:00:00+00:00,0,False,0,5
1497,WELL-00003_20170915210000,WELL-00003,0,2,2017-09-15T23:00:00+00:00,0,False,0,5
1498,WELL-00003_20170915210000,WELL-00003,0,3,2017-09-16T00:00:00+00:00,0,False,0,5
1499,WELL-00003_20170915210000,WELL-00003,0,4,2017-09-16T01:00:00+00:00,0,False,0,5
1500,WELL-00003_20180206171508,WELL-00003,2,1,2018-02-06T18:15:08+00:00,1,True,0,5
1501,WELL-00003_20180206171508,WELL-00003,2,2,2018-02-06T19:15:08+00:00,1,False,0,5
1502,WELL-00004_20140804190012,WELL-00004,4,1,2014-08-04T20:00:12+00:00,1,False,0,5
1503,WELL-00004_20140804210008,WELL-00004,4,1,2014-08-04T22:00:08+00:00,1,False,0,5
1504,WELL-00004_20140804230059,WELL-00004,4,1,2014-08-05T00:00:59+00:00,1,False,0,5
1505,WELL-00004_20140805010033,WELL-00004,4,1,2014-08-05T02:00:33+00:00,1,False,0,5
1506,WELL-00004_20140805030025,WELL-00004,4,1,2014-08-05T04:00:25+00:00,1,False,0,5
1507,WELL-00004_20140805050008,WELL-00004,4,1,2014-08-05T06:00:08+00:00,1,False,0,5
1508,WELL-00004_20140805070029,WELL-00004,4,1,2014-08-05T08:00:29+00:00,1,False,0,5
1509,WELL-00004_20140805090050,WELL-00004,4,1,2014-08-05T10:00:50+00:00,1,False,0,5
1510,WELL-00004_20140805110107,WELL-00004,4,1,2014-08-05T12:01:07+00:00,1,False,0,5
1511,WELL-00004_20140805130016,WELL-00004,4,1,2014-08-05T14:00:16+00:00,1,False,0,5
1512,WELL-00004_20140805150150,WELL-00004,4,1,2014-08-05T16:01:50+00:00,1,False,0,5
1513,WELL-00004_20140805170137,WELL-00004,4,1,2014-08-05T18:01:37+00:00,1,False,0,5
1514,WELL-00004_20140805190046,WELL-00004,4,1,2014-08-05T20:00:46+00:00,1,False,0,5
1515,WELL-00004_20140805210116,WELL-00004,4,1,2014-08-05T22:01:16+00:00,1,False,0,5
1516,WELL-00004_20140805230050,WELL-00004,4,1,2014-08-06T00:00:50+00:00,1,False,0,5
1517,WELL-00004_20140806010107,WELL-00004,4,1,2014-08-06T02:01:07+00:00,1,False,0,5
1518,WELL-00004_20140806030012,WELL-00004,4,1,2014-08-06T04:00:12+00:00,1,False,0,5
1519,WELL-00004_20140806050141,WELL-00004,4,1,2014-08-06T06:01:41+00:00,1,False,0,5
1520,WELL-00004_20140806070215,WELL-00004,4,1,2014-08-06T08:02:15+00:00,1,False,0,5
1521,WELL-00004_20140806090103,WELL-00004,4,1,2014-08-06T10:01:03+00:00,1,False,0,5
1522,WELL-00004_20140806110038,WELL-00004,4,1,2014-08-06T12:00:38+00:00,1,False,0,5
1523,WELL-00004_20140806130050,WELL-00004,4,1,2014-08-06T14:00:50+00:00,1,False,0,5
1524,WELL-00004_20140806150154,WELL-00004,4,1,2014-08-06T16:01:54+00:00,1,False,0,5
1525,WELL-00004_20140806170008,WELL-00004,4,1,2014-08-06T18:00:08+00:00,1,False,0,5
1526,WELL-00004_20140806190021,WELL-00004,4,1,2014-08-06T20:00:21+00:00,1,False,0,5
1527,WELL-00004_20140806210033,WELL-00004,0,1,2014-08-06T22:00:33+00:00,0,False,0,5
1528,WELL-00004_20140806230129,WELL-00004,0,1,2014-08-07T00:01:29+00:00,0,False,0,5
1529,WELL-00004_20140807010107,WELL-00004,0,1,2014-08-07T02:01:07+00:00,0,False,0,5
1530,WELL-00004_20140807030137,WELL-00004,0,1,2014-08-07T04:01:37+00:00,0,False,0,5
1531,WELL-00004_20140807050141,WELL-00004,0,1,2014-08-07T06:01:41+00:00,0,False,0,5
1532,WELL-00004_20140807070055,WELL-00004,0,1,2014-08-07T08:00:55+00:00,0,False,0,5
1533,WELL-00004_20140807090112,WELL-00004,0,1,2014-08-07T10:01:12+00:00,0,False,0,5
1534,WELL-00004_20140807110112,WELL-00004,0,1,2014-08-07T12:01:12+00:00,0,False,0,5
1535,WELL-00004_20140807130038,WELL-00004,0,1,2014-08-07T14:00:38+00:00,0,False,0,5
1536,WELL-00004_20140807150311,WELL-00004,0,1,2014-08-07T16:03:11+00:00,0,False,0,5
1537,WELL-00004_20140807170050,WELL-00004,0,1,2014-08-07T18:00:50+00:00,0,False,0,5
1538,WELL-00004_20140807190042,WELL-00004,0,1,2014-08-07T20:00:42+00:00,0,False,0,5
1539,WELL-00004_20141117100021,WELL-00004,4,1,2014-11-17T11:00:21+00:00,1,False,0,5
1540,WELL-00004_20141117120029,WELL-00004,4,1,2014-11-17T13:00:29+00:00,1,False,0,5
1541,WELL-00004_20141117140055,WELL-00004,4,1,2014-11-17T15:00:55+00:00,1,False,0,5
1542,WELL-00004_20141117160116,WELL-00004,4,1,2014-11-17T17:01:16+00:00,1,False,0,5
1543,WELL-00004_20141117180021,WELL-00004,4,1,2014-11-17T19:00:21+00:00,1,False,0,5
1544,WELL-00004_20141117200021,WELL-00004,4,1,2014-11-17T21:00:21+00:00,1,False,0,5
1545,WELL-00004_20141117220046,WELL-00004,4,1,2014-11-17T23:00:46+00:00,1,False,0,5
1546,WELL-00004_20141118000042,WELL-00004,4,1,2014-11-18T01:00:42+00:00,1,False,0,5
1547,WELL-00004_20141118020016,WELL-00004,4,1,2014-11-18T03:00:16+00:00,1,False,0,5
1548,WELL-00004_20141118040012,WELL-00004,4,1,2014-11-18T05:00:12+00:00,1,False,0,5
1549,WELL-00004_20141118060038,WELL-00004,4,1,2014-11-18T07:00:38+00:00,1,False,0,5
1550,WELL-00004_20141118080038,WELL-00004,4,1,2014-11-18T09:00:38+00:00,1,False,0,5
1551,WELL-00004_20141118100025,WELL-00004,4,1,2014-11-18T11:00:25+00:00,1,False,0,5
1552,WELL-00004_20141118120050,WELL-00004,4,1,2014-11-18T13:00:50+00:00,1,False,0,5
1553,WELL-00004_20141118140107,WELL-00004,4,1,2014-11-18T15:01:07+00:00,1,False,0,5
1554,WELL-00004_20141118160016,WELL-00004,4,1,2014-11-18T17:00:16+00:00,1,False,0,5
1555,WELL-00004_20141118180124,WELL-00004,4,1,2014-11-18T19:01:24+00:00,1,False,0,5
1556,WELL-00004_20141118200016,WELL-00004,4,1,2014-11-18T21:00:16+00:00,1,False,0,5
1557,WELL-00005_20170331050014,WELL-00005,0,1,2017-03-31T06:00:14+00:00,0,False,0,5
1558,WELL-00005_20170331050014,WELL-00005,0,2,2017-03-31T07:00:14+00:00,0,False,0,5
1559,WELL-00005_20170331050014,WELL-00005,0,3,2017-03-31T08:00:14+00:00,0,False,0,5
1560,WELL-00005_20170331050014,WELL-00005,0,4,2017-03-31T09:00:14+00:00,0,False,0,5
1561,WELL-00005_20170331100000,WELL-00005,0,1,2017-03-31T11:00:00+00:00,0,False,0,5
1562,WELL-00005_20170331100000,WELL-00005,0,2,2017-03-31T12:00:00+00:00,0,False,0,5
1563,WELL-00005_20170331100000,WELL-00005,0,3,2017-03-31T13:00:00+00:00,0,False,0,5
1564,WELL-00005_20170331100000,WELL-00005,0,4,2017-03-31T14:00:00+00:00,0,False,0,5
1565,WELL-00005_20170331150000,WELL-00005,0,1,2017-03-31T16:00:00+00:00,0,False,0,5
1566,WELL-00005_20170331150000,WELL-00005,0,2,2017-03-31T17:00:00+00:00,0,False,0,5
1567,WELL-00005_20170331150000,WELL-00005,0,3,2017-03-31T18:00:00+00:00,0,False,0,5
1568,WELL-00005_20170331150000,WELL-00005,0,4,2017-03-31T19:00:00+00:00,0,False,0,5
1569,WELL-00005_20170331200112,WELL-00005,0,1,2017-03-31T21:01:12+00:00,0,False,0,5
1570,WELL-00005_20170331200112,WELL-00005,0,2,2017-03-31T22:01:12+00:00,0,False,0,5
1571,WELL-00005_20170331200112,WELL-00005,0,3,2017-03-31T23:01:12+00:00,0,False,0,5
1572,WELL-00005_20170331200112,WELL-00005,0,4,2017-04-01T00:01:12+00:00,0,False,0,5
1573,WELL-00005_20170401010000,WELL-00005,0,1,2017-04-01T02:00:00+00:00,0,False,0,5
1574,WELL-00005_20170401010000,WELL-00005,0,2,2017-04-01T03:00:00+00:00,0,False,0,5
1575,WELL-00005_20170401010000,WELL-00005,0,3,2017-04-01T04:00:00+00:00,0,False,0,5
1576,WELL-00005_20170401010000,WELL-00005,0,4,2017-04-01T05:00:00+00:00,0,False,0,5
1577,WELL-00005_20170401060000,WELL-00005,0,1,2017-04-01T07:00:00+00:00,0,False,0,5
1578,WELL-00005_20170401060000,WELL-00005,0,2,2017-04-01T08:00:00+00:00,0,False,0,5
1579,WELL-00005_20170401060000,WELL-00005,0,3,2017-04-01T09:00:00+00:00,0,False,0,5
1580,WELL-00005_20170401060000,WELL-00005,0,4,2017-04-01T10:00:00+00:00,0,False,0,5
1581,WELL-00005_20170401110141,WELL-00005,0,1,2017-04-01T12:01:41+00:00,0,False,0,5
1582,WELL-00005_20170401110141,WELL-00005,0,2,2017-04-01T13:01:41+00:00,0,False,0,5
1583,WELL-00005_20170401110141,WELL-00005,0,3,2017-04-01T14:01:41+00:00,0,False,0,5
1584,WELL-00005_20170401110141,WELL-00005,0,4,2017-04-01T15:01:41+00:00,0,False,0,5
1585,WELL-00005_20170401160000,WELL-00005,0,1,2017-04-01T17:00:00+00:00,0,False,0,5
1586,WELL-00005_20170401160000,WELL-00005,0,2,2017-04-01T18:00:00+00:00,0,False,0,5
1587,WELL-00005_20170401160000,WELL-00005,0,3,2017-04-01T19:00:00+00:00,0,False,0,5
1588,WELL-00005_20170401160000,WELL-00005,0,4,2017-04-01T20:00:00+00:00,0,False,0,5
1589,WELL-00005_20170401210156,WELL-00005,0,1,2017-04-01T22:01:56+00:00,0,False,0,5
1590,WELL-00005_20170401210156,WELL-00005,0,2,2017-04-01T23:01:56+00:00,0,False,0,5
1591,WELL-00005_20170401210156,WELL-00005,0,3,2017-04-02T00:01:56+00:00,0,False,0,5
1592,WELL-00005_20170401210156,WELL-00005,0,4,2017-04-02T01:01:56+00:00,0,False,0,5
1593,WELL-00005_20170402020029,WELL-00005,0,1,2017-04-02T03:00:29+00:00,0,False,0,5
1594,WELL-00005_20170402020029,WELL-00005,0,2,2017-04-02T04:00:29+00:00,0,False,0,5
1595,WELL-00005_20170402020029,WELL-00005,0,3,2017-04-02T05:00:29+00:00,0,False,0,5
1596,WELL-00005_20170402020029,WELL-00005,0,4,2017-04-02T06:00:29+00:00,0,False,0,5
1597,WELL-00005_20170402070043,WELL-00005,0,1,2017-04-02T08:00:43+00:00,0,False,0,5
1598,WELL-00005_20170402070043,WELL-00005,0,2,2017-04-02T09:00:43+00:00,0,False,0,5
1599,WELL-00005_20170402070043,WELL-00005,0,3,2017-04-02T10:00:43+00:00,0,False,0,5
1600,WELL-00005_20170402070043,WELL-00005,0,4,2017-04-02T11:00:43+00:00,0,False,0,5
1601,WELL-00005_20170402120029,WELL-00005,0,1,2017-04-02T13:00:29+00:00,0,False,0,5
1602,WELL-00005_20170402120029,WELL-00005,0,2,2017-04-02T14:00:29+00:00,0,False,0,5
1603,WELL-00005_20170402120029,WELL-00005,0,3,2017-04-02T15:00:29+00:00,0,False,0,5
1604,WELL-00005_20170402120029,WELL-00005,0,4,2017-04-02T16:00:29+00:00,0,False,0,5
1605,WELL-00005_20170402170043,WELL-00005,0,1,2017-04-02T18:00:43+00:00,0,False,0,5
1606,WELL-00005_20170402170043,WELL-00005,0,2,2017-04-02T19:00:43+00:00,0,False,0,5
1607,WELL-00005_20170402170043,WELL-00005,0,3,2017-04-02T20:00:43+00:00,0,False,0,5
1608,WELL-00005_20170402170043,WELL-00005,0,4,2017-04-02T21:00:43+00:00,0,False,0,5
1609,WELL-00005_20170402220127,WELL-00005,0,1,2017-04-02T23:01:27+00:00,0,False,0,5
1610,WELL-00005_20170402220127,WELL-00005,0,2,2017-04-03T00:01:27+00:00,0,False,0,5
1611,WELL-00005_20170402220127,WELL-00005,0,3,2017-04-03T01:01:27+00:00,0,False,0,5
1612,WELL-00005_20170402220127,WELL-00005,0,4,2017-04-03T02:01:27+00:00,0,False,0,5
1613,WELL-00005_20170403030000,WELL-00005,0,1,2017-04-03T04:00:00+00:00,0,False,0,5
1614,WELL-00005_20170403030000,WELL-00005,0,2,2017-04-03T05:00:00+00:00,0,False,0,5
1615,WELL-00005_20170403030000,WELL-00005,0,3,2017-04-03T06:00:00+00:00,0,False,0,5
1616,WELL-00005_20170403030000,WELL-00005,0,4,2017-04-03T07:00:00+00:00,0,False,0,5
1617,WELL-00005_20170403080000,WELL-00005,0,1,2017-04-03T09:00:00+00:00,0,False,0,5
1618,WELL-00005_20170403080000,WELL-00005,0,2,2017-04-03T10:00:00+00:00,0,False,0,5
1619,WELL-00005_20170403080000,WELL-00005,0,3,2017-04-03T11:00:00+00:00,0,False,0,5
1620,WELL-00005_20170403080000,WELL-00005,0,4,2017-04-03T12:00:00+00:00,0,False,0,5
1621,WELL-00005_20170403130000,WELL-00005,0,1,2017-04-03T14:00:00+00:00,0,False,0,5
1622,WELL-00005_20170403130000,WELL-00005,0,2,2017-04-03T15:00:00+00:00,0,False,0,5
1623,WELL-00005_20170403130000,WELL-00005,0,3,2017-04-03T16:00:00+00:00,0,False,0,5
1624,WELL-00005_20170403130000,WELL-00005,0,4,2017-04-03T17:00:00+00:00,0,False,0,5
1625,WELL-00005_20170403180000,WELL-00005,0,1,2017-04-03T19:00:00+00:00,0,False,0,5
1626,WELL-00005_20170403180000,WELL-00005,0,2,2017-04-03T20:00:00+00:00,0,False,0,5
1627,WELL-00005_20170403180000,WELL-00005,0,3,2017-04-03T21:00:00+00:00,0,False,0,5
1628,WELL-00005_20170403180000,WELL-00005,0,4,2017-04-03T22:00:00+00:00,0,False,0,5
1629,WELL-00005_20170403230043,WELL-00005,0,1,2017-04-04T00:00:43+00:00,0,False,0,5
1630,WELL-00005_20170403230043,WELL-00005,0,2,2017-04-04T01:00:43+00:00,0,False,0,5
1631,WELL-00005_20170403230043,WELL-00005,0,3,2017-04-04T02:00:43+00:00,0,False,0,5
1632,WELL-00005_20170403230043,WELL-00005,0,4,2017-04-04T03:00:43+00:00,0,False,0,5
1633,WELL-00005_20170516040046,WELL-00005,0,1,2017-05-16T05:00:46+00:00,0,False,0,5
1634,WELL-00005_20170516040046,WELL-00005,0,2,2017-05-16T06:00:46+00:00,0,False,0,5
1635,WELL-00005_20170516070038,WELL-00005,0,1,2017-05-16T08:00:38+00:00,0,False,0,5
1636,WELL-00005_20170516070038,WELL-00005,0,2,2017-05-16T09:00:38+00:00,0,False,0,5
1637,WELL-00005_20170516100000,WELL-00005,0,1,2017-05-16T11:00:00+00:00,0,False,0,5
1638,WELL-00005_20170516100000,WELL-00005,0,2,2017-05-16T12:00:00+00:00,0,False,0,5
1639,WELL-00005_20170516130007,WELL-00005,0,1,2017-05-16T14:00:07+00:00,0,False,0,5
1640,WELL-00005_20170516130007,WELL-00005,0,2,2017-05-16T15:00:07+00:00,0,False,0,5
1641,WELL-00005_20170516160000,WELL-00005,0,1,2017-05-16T17:00:00+00:00,0,False,0,5
1642,WELL-00005_20170516160000,WELL-00005,0,2,2017-05-16T18:00:00+00:00,0,False,0,5
1643,WELL-00005_20170516190038,WELL-00005,0,1,2017-05-16T20:00:38+00:00,0,False,0,5
1644,WELL-00005_20170516190038,WELL-00005,0,2,2017-05-16T21:00:38+00:00,0,False,0,5
1645,WELL-00005_20170516220000,WELL-00005,0,1,2017-05-16T23:00:00+00:00,0,False,0,5
1646,WELL-00005_20170516220000,WELL-00005,0,2,2017-05-17T00:00:00+00:00,0,False,0,5
1647,WELL-00005_20170616010033,WELL-00005,4,1,2017-06-16T02:00:33+00:00,1,False,0,5
1648,WELL-00005_20170624010016,WELL-00005,4,1,2017-06-24T02:00:16+00:00,1,False,0,5
1649,WELL-00005_20170624030025,WELL-00005,4,1,2017-06-24T04:00:25+00:00,1,False,0,5
1650,WELL-00005_20170624050038,WELL-00005,4,1,2017-06-24T06:00:38+00:00,1,False,0,5
1651,WELL-00005_20170624070158,WELL-00005,4,1,2017-06-24T08:01:58+00:00,1,False,0,5
1652,WELL-00005_20170624090042,WELL-00005,4,1,2017-06-24T10:00:42+00:00,1,False,0,5
1653,WELL-00005_20170624150124,WELL-00005,4,1,2017-06-24T16:01:24+00:00,1,False,0,5
1654,WELL-00005_20170624170016,WELL-00005,4,1,2017-06-24T18:00:16+00:00,1,False,0,5
1655,WELL-00005_20170624190107,WELL-00005,4,1,2017-06-24T20:01:07+00:00,1,False,0,5
1656,WELL-00005_20170624210033,WELL-00005,4,1,2017-06-24T22:00:33+00:00,1,False,0,5
1657,WELL-00005_20170624230038,WELL-00005,4,1,2017-06-25T00:00:38+00:00,1,False,0,5
1658,WELL-00005_20170625010059,WELL-00005,4,1,2017-06-25T02:00:59+00:00,1,False,0,5
1659,WELL-00005_20170625030228,WELL-00005,4,1,2017-06-25T04:02:28+00:00,1,False,0,5
1660,WELL-00005_20170625050103,WELL-00005,4,1,2017-06-25T06:01:03+00:00,1,False,0,5
1661,WELL-00005_20170625083000,WELL-00005,4,1,2017-06-25T09:30:00+00:00,1,False,0,5
1662,WELL-00005_20170625103000,WELL-00005,4,1,2017-06-25T11:30:00+00:00,1,False,0,5
1663,WELL-00005_20170625123000,WELL-00005,4,1,2017-06-25T13:30:00+00:00,1,False,0,5
1664,WELL-00005_20170626040116,WELL-00005,4,1,2017-06-26T05:01:16+00:00,1,False,0,5
1665,WELL-00005_20170626060033,WELL-00005,4,1,2017-06-26T07:00:33+00:00,1,False,0,5
1666,WELL-00005_20170626080055,WELL-00005,4,1,2017-06-26T09:00:55+00:00,1,False,0,5
1667,WELL-00005_20170626100038,WELL-00005,4,1,2017-06-26T11:00:38+00:00,1,False,0,5
1668,WELL-00005_20170626120016,WELL-00005,4,1,2017-06-26T13:00:16+00:00,1,False,0,5
1669,WELL-00005_20170626140141,WELL-00005,4,1,2017-06-26T15:01:41+00:00,1,False,0,5
1670,WELL-00005_20170626160050,WELL-00005,4,1,2017-06-26T17:00:50+00:00,1,False,0,5
1671,WELL-00005_20170626180016,WELL-00005,4,1,2017-06-26T19:00:16+00:00,1,False,0,5
1672,WELL-00005_20170626200059,WELL-00005,4,1,2017-06-26T21:00:59+00:00,1,False,0,5
1673,WELL-00005_20170626220232,WELL-00005,4,1,2017-06-26T23:02:32+00:00,1,False,0,5
1674,WELL-00005_20170627000154,WELL-00005,4,1,2017-06-27T01:01:54+00:00,1,False,0,5
1675,WELL-00005_20170627020207,WELL-00005,4,1,2017-06-27T03:02:07+00:00,1,False,0,5
1676,WELL-00005_20170627040046,WELL-00005,4,1,2017-06-27T05:00:46+00:00,1,False,0,5
1677,WELL-00005_20170627060050,WELL-00005,4,1,2017-06-27T07:00:50+00:00,1,False,0,5
1678,WELL-00005_20170627080025,WELL-00005,4,1,2017-06-27T09:00:25+00:00,1,False,0,5
1679,WELL-00005_20170627100055,WELL-00005,4,1,2017-06-27T11:00:55+00:00,1,False,0,5
1680,WELL-00005_20170627120016,WELL-00005,4,1,2017-06-27T13:00:16+00:00,1,False,0,5
1681,WELL-00005_20170627140050,WELL-00005,4,1,2017-06-27T15:00:50+00:00,1,False,0,5
1682,WELL-00005_20170627160112,WELL-00005,4,1,2017-06-27T17:01:12+00:00,1,False,0,5
1683,WELL-00005_20170627180112,WELL-00005,4,1,2017-06-27T19:01:12+00:00,1,False,0,5
1684,WELL-00005_20170627200038,WELL-00005,4,1,2017-06-27T21:00:38+00:00,1,False,0,5
1685,WELL-00005_20170812100000,WELL-00005,0,1,2017-08-12T11:00:00+00:00,0,False,0,5
1686,WELL-00005_20170812100000,WELL-00005,0,2,2017-08-12T12:00:00+00:00,0,False,0,5
1687,WELL-00005_20170812130000,WELL-00005,0,1,2017-08-12T14:00:00+00:00,0,False,0,5
1688,WELL-00005_20170812130000,WELL-00005,0,2,2017-08-12T15:00:00+00:00,0,False,0,5
1689,WELL-00005_20170812160000,WELL-00005,0,1,2017-08-12T17:00:00+00:00,0,False,0,5
1690,WELL-00005_20170812160000,WELL-00005,0,2,2017-08-12T18:00:00+00:00,0,False,0,5
1691,WELL-00005_20170812190000,WELL-00005,0,1,2017-08-12T20:00:00+00:00,0,False,0,5
1692,WELL-00005_20170812190000,WELL-00005,0,2,2017-08-12T21:00:00+00:00,0,False,0,5
1693,WELL-00005_20170812220000,WELL-00005,0,1,2017-08-12T23:00:00+00:00,0,False,0,5
1694,WELL-00005_20170812220000,WELL-00005,0,2,2017-08-13T00:00:00+00:00,0,False,0,5
1695,WELL-00005_20170813010000,WELL-00005,0,1,2017-08-13T02:00:00+00:00,0,False,0,5
1696,WELL-00005_20170813010000,WELL-00005,0,2,2017-08-13T03:00:00+00:00,0,False,0,5
1697,WELL-00005_20170813040000,WELL-00005,0,1,2017-08-13T05:00:00+00:00,0,False,0,5
1698,WELL-00005_20170813040000,WELL-00005,0,2,2017-08-13T06:00:00+00:00,0,False,0,5
1699,WELL-00005_20170813070000,WELL-00005,0,1,2017-08-13T08:00:00+00:00,0,False,0,5
1700,WELL-00005_20170813070000,WELL-00005,0,2,2017-08-13T09:00:00+00:00,0,False,0,5
1701,WELL-00005_20170813100000,WELL-00005,0,1,2017-08-13T11:00:00+00:00,0,False,0,5
1702,WELL-00005_20170813100000,WELL-00005,0,2,2017-08-13T12:00:00+00:00,0,False,0,5
1703,WELL-00005_20170813130000,WELL-00005,0,1,2017-08-13T14:00:00+00:00,0,False,0,5
1704,WELL-00005_20170813130000,WELL-00005,0,2,2017-08-13T15:00:00+00:00,0,False,0,5
1705,WELL-00005_20170813160000,WELL-00005,0,1,2017-08-13T17:00:00+00:00,0,False,0,5
1706,WELL-00005_20170813160000,WELL-00005,0,2,2017-08-13T18:00:00+00:00,0,False,0,5
1707,WELL-00005_20170813190000,WELL-00005,0,1,2017-08-13T20:00:00+00:00,0,False,0,5
1708,WELL-00005_20170813190000,WELL-00005,0,2,2017-08-13T21:00:00+00:00,0,False,0,5
1709,WELL-00005_20170813220000,WELL-00005,0,1,2017-08-13T23:00:00+00:00,0,False,0,5
1710,WELL-00005_20170813220000,WELL-00005,0,2,2017-08-14T00:00:00+00:00,0,False,0,5
1711,WELL-00005_20170814010000,WELL-00005,0,1,2017-08-14T02:00:00+00:00,0,False,0,5
1712,WELL-00005_20170814010000,WELL-00005,0,2,2017-08-14T03:00:00+00:00,0,False,0,5
1713,WELL-00005_20170814040000,WELL-00005,0,1,2017-08-14T05:00:00+00:00,0,False,0,5
1714,WELL-00005_20170814040000,WELL-00005,0,2,2017-08-14T06:00:00+00:00,0,False,0,5
1715,WELL-00005_20170814070000,WELL-00005,0,1,2017-08-14T08:00:00+00:00,0,False,0,5
1716,WELL-00005_20170814070000,WELL-00005,0,2,2017-08-14T09:00:00+00:00,0,False,0,5
1717,WELL-00005_20170814100000,WELL-00005,0,1,2017-08-14T11:00:00+00:00,0,False,0,5
1718,WELL-00005_20170814100000,WELL-00005,0,2,2017-08-14T12:00:00+00:00,0,False,0,5
1719,WELL-00005_20170814130000,WELL-00005,0,1,2017-08-14T14:00:00+00:00,0,False,0,5
1720,WELL-00005_20170814130000,WELL-00005,0,2,2017-08-14T15:00:00+00:00,0,False,0,5
1721,WELL-00005_20170814160000,WELL-00005,0,1,2017-08-14T17:00:00+00:00,0,False,0,5
1722,WELL-00005_20170814160000,WELL-00005,0,2,2017-08-14T18:00:00+00:00,0,False,0,5
1723,WELL-00005_20170814190000,WELL-00005,0,1,2017-08-14T20:00:00+00:00,0,False,0,5
1724,WELL-00005_20170814190000,WELL-00005,0,2,2017-08-14T21:00:00+00:00,0,False,0,5
1725,WELL-00005_20170814220000,WELL-00005,0,1,2017-08-14T23:00:00+00:00,0,False,0,5
1726,WELL-00005_20170814220000,WELL-00005,0,2,2017-08-15T00:00:00+00:00,0,False,0,5
1727,WELL-00005_20170815040000,WELL-00005,0,1,2017-08-15T05:00:00+00:00,0,False,0,5
1728,WELL-00005_20170815040000,WELL-00005,0,2,2017-08-15T06:00:00+00:00,0,False,0,5
1729,WELL-00005_20170815070000,WELL-00005,0,1,2017-08-15T08:00:00+00:00,0,False,0,5
1730,WELL-00005_20170815070000,WELL-00005,0,2,2017-08-15T09:00:00+00:00,0,False,0,5
1731,WELL-00005_20170815100000,WELL-00005,0,1,2017-08-15T11:00:00+00:00,0,False,0,5
1732,WELL-00005_20170815100000,WELL-00005,0,2,2017-08-15T12:00:00+00:00,0,False,0,5
1733,WELL-00005_20170815130000,WELL-00005,0,1,2017-08-15T14:00:00+00:00,0,False,0,5
1734,WELL-00005_20170815130000,WELL-00005,0,2,2017-08-15T15:00:00+00:00,0,False,0,5
1735,WELL-00005_20170815160000,WELL-00005,0,1,2017-08-15T17:00:00+00:00,0,False,0,5
1736,WELL-00005_20170815160000,WELL-00005,0,2,2017-08-15T18:00:00+00:00,0,False,0,5
1737,WELL-00005_20170815190000,WELL-00005,0,1,2017-08-15T20:00:00+00:00,0,False,0,5
1738,WELL-00005_20170815190000,WELL-00005,0,2,2017-08-15T21:00:00+00:00,0,False,0,5
1739,WELL-00005_20170815220000,WELL-00005,0,1,2017-08-15T23:00:00+00:00,0,False,0,5
1740,WELL-00005_20170815220000,WELL-00005,0,2,2017-08-16T00:00:00+00:00,0,False,0,5
1741,WELL-00005_20170816010000,WELL-00005,0,1,2017-08-16T02:00:00+00:00,0,False,0,5
1742,WELL-00005_20170816010000,WELL-00005,0,2,2017-08-16T03:00:00+00:00,0,False,0,5
1743,WELL-00005_20170816040000,WELL-00005,0,1,2017-08-16T05:00:00+00:00,0,False,0,5
1744,WELL-00005_20170816040000,WELL-00005,0,2,2017-08-16T06:00:00+00:00,0,False,0,5
1745,WELL-00005_20170816070000,WELL-00005,0,1,2017-08-16T08:00:00+00:00,0,False,0,5
1746,WELL-00005_20170816070000,WELL-00005,0,2,2017-08-16T09:00:00+00:00,0,False,0,5
1747,WELL-00005_20170816100000,WELL-00005,0,1,2017-08-16T11:00:00+00:00,0,False,0,5
1748,WELL-00005_20170816100000,WELL-00005,0,2,2017-08-16T12:00:00+00:00,0,False,0,5
1749,WELL-00005_20170816130000,WELL-00005,0,1,2017-08-16T14:00:00+00:00,0,False,0,5
1750,WELL-00005_20170816130000,WELL-00005,0,2,2017-08-16T15:00:00+00:00,0,False,0,5
1751,WELL-00005_20170816160000,WELL-00005,0,1,2017-08-16T17:00:00+00:00,0,False,0,5
1752,WELL-00005_20170816160000,WELL-00005,0,2,2017-08-16T18:00:00+00:00,0,False,0,5
1753,WELL-00005_20170816190000,WELL-00005,0,1,2017-08-16T20:00:00+00:00,0,False,0,5
1754,WELL-00005_20170816190000,WELL-00005,0,2,2017-08-16T21:00:00+00:00,0,False,0,5
1755,WELL-00005_20170816220000,WELL-00005,0,1,2017-08-16T23:00:00+00:00,0,False,0,5
1756,WELL-00005_20170816220000,WELL-00005,0,2,2017-08-17T00:00:00+00:00,0,False,0,5
1757,WELL-00005_20170817010000,WELL-00005,0,1,2017-08-17T02:00:00+00:00,0,False,0,5
1758,WELL-00005_20170817010000,WELL-00005,0,2,2017-08-17T03:00:00+00:00,0,False,0,5
1759,WELL-00005_20170817040000,WELL-00005,0,1,2017-08-17T05:00:00+00:00,0,False,0,5
1760,WELL-00005_20170817040000,WELL-00005,0,2,2017-08-17T06:00:00+00:00,0,False,0,5
1761,WELL-00005_20170817070000,WELL-00005,0,1,2017-08-17T08:00:00+00:00,0,False,0,5
1762,WELL-00005_20170817070000,WELL-00005,0,2,2017-08-17T09:00:00+00:00,0,False,0,5
1763,WELL-00005_20170817100000,WELL-00005,0,1,2017-08-17T11:00:00+00:00,0,False,0,5
1764,WELL-00005_20170817100000,WELL-00005,0,2,2017-08-17T12:00:00+00:00,0,False,0,5
1765,WELL-00005_20170817130000,WELL-00005,0,1,2017-08-17T14:00:00+00:00,0,False,0,5
1766,WELL-00005_20170817130000,WELL-00005,0,2,2017-08-17T15:00:00+00:00,0,False,0,5
1767,WELL-00005_20170817160000,WELL-00005,0,1,2017-08-17T17:00:00+00:00,0,False,0,5
1768,WELL-00005_20170817160000,WELL-00005,0,2,2017-08-17T18:00:00+00:00,0,False,0,5
1769,WELL-00005_20170817190000,WELL-00005,0,1,2017-08-17T20:00:00+00:00,0,False,0,5
1770,WELL-00005_20170817190000,WELL-00005,0,2,2017-08-17T21:00:00+00:00,0,False,0,5
1771,WELL-00005_20170830050000,WELL-00005,0,1,2017-08-30T06:00:00+00:00,0,False,0,5
1772,WELL-00005_20170830050000,WELL-00005,0,2,2017-08-30T07:00:00+00:00,0,False,0,5
1773,WELL-00005_20170830080000,WELL-00005,0,1,2017-08-30T09:00:00+00:00,0,False,0,5
1774,WELL-00005_20170830080000,WELL-00005,0,2,2017-08-30T10:00:00+00:00,0,False,0,5
1775,WELL-00005_20170830110000,WELL-00005,0,1,2017-08-30T12:00:00+00:00,0,False,0,5
1776,WELL-00005_20170830110000,WELL-00005,0,2,2017-08-30T13:00:00+00:00,0,False,0,5
1777,WELL-00005_20170830140000,WELL-00005,0,1,2017-08-30T15:00:00+00:00,0,False,0,5
1778,WELL-00005_20170830140000,WELL-00005,0,2,2017-08-30T16:00:00+00:00,0,False,0,5
1779,WELL-00005_20170830170000,WELL-00005,0,1,2017-08-30T18:00:00+00:00,0,False,0,5
1780,WELL-00005_20170830170000,WELL-00005,0,2,2017-08-30T19:00:00+00:00,0,False,0,5
1781,WELL-00005_20170830200000,WELL-00005,0,1,2017-08-30T21:00:00+00:00,0,False,0,5
1782,WELL-00005_20170830200000,WELL-00005,0,2,2017-08-30T22:00:00+00:00,0,False,0,5
1783,WELL-00005_20170910020004,WELL-00005,0,1,2017-09-10T03:00:04+00:00,0,False,0,5
1784,WELL-00005_20170910040000,WELL-00005,0,1,2017-09-10T05:00:00+00:00,0,False,0,5
1785,WELL-00005_20170910060000,WELL-00005,0,1,2017-09-10T07:00:00+00:00,0,False,0,5
1786,WELL-00005_20170910080000,WELL-00005,0,1,2017-09-10T09:00:00+00:00,0,False,0,5
1787,WELL-00005_20170910100000,WELL-00005,0,1,2017-09-10T11:00:00+00:00,0,False,0,5
1788,WELL-00005_20170910120000,WELL-00005,0,1,2017-09-10T13:00:00+00:00,0,False,0,5
1789,WELL-00006_20170206210031,WELL-00006,0,1,2017-02-06T22:00:31+00:00,0,False,0,6
1790,WELL-00006_20170206210031,WELL-00006,0,2,2017-02-06T23:00:31+00:00,0,False,0,6
1791,WELL-00006_20170206210031,WELL-00006,0,3,2017-02-07T00:00:31+00:00,0,False,0,6
1792,WELL-00006_20170206210031,WELL-00006,0,4,2017-02-07T01:00:31+00:00,0,False,0,6
1793,WELL-00006_20170207020135,WELL-00006,0,1,2017-02-07T03:01:35+00:00,0,False,0,6
1794,WELL-00006_20170207020135,WELL-00006,0,2,2017-02-07T04:01:35+00:00,0,False,0,6
1795,WELL-00006_20170207020135,WELL-00006,0,3,2017-02-07T05:01:35+00:00,0,False,0,6
1796,WELL-00006_20170207020135,WELL-00006,0,4,2017-02-07T06:01:35+00:00,0,False,0,6
1797,WELL-00006_20170207070124,WELL-00006,0,1,2017-02-07T08:01:24+00:00,0,False,0,6
1798,WELL-00006_20170207070124,WELL-00006,0,2,2017-02-07T09:01:24+00:00,0,False,0,6
1799,WELL-00006_20170207070124,WELL-00006,0,3,2017-02-07T10:01:24+00:00,0,False,0,6
1800,WELL-00006_20170207070124,WELL-00006,0,4,2017-02-07T11:01:24+00:00,0,False,0,6
1801,WELL-00006_20170207120228,WELL-00006,0,1,2017-02-07T13:02:28+00:00,0,False,0,6
1802,WELL-00006_20170207120228,WELL-00006,0,2,2017-02-07T14:02:28+00:00,0,False,0,6
1803,WELL-00006_20170207120228,WELL-00006,0,3,2017-02-07T15:02:28+00:00,0,False,0,6
1804,WELL-00006_20170207120228,WELL-00006,0,4,2017-02-07T16:02:28+00:00,0,False,0,6
1805,WELL-00006_20170207170042,WELL-00006,0,1,2017-02-07T18:00:42+00:00,0,False,0,6
1806,WELL-00006_20170207170042,WELL-00006,0,2,2017-02-07T19:00:42+00:00,0,False,0,6
1807,WELL-00006_20170207170042,WELL-00006,0,3,2017-02-07T20:00:42+00:00,0,False,0,6
1808,WELL-00006_20170207170042,WELL-00006,0,4,2017-02-07T21:00:42+00:00,0,False,0,6
1809,WELL-00006_20170207220207,WELL-00006,0,1,2017-02-07T23:02:07+00:00,0,False,0,6
1810,WELL-00006_20170207220207,WELL-00006,0,2,2017-02-08T00:02:07+00:00,0,False,0,6
1811,WELL-00006_20170207220207,WELL-00006,0,3,2017-02-08T01:02:07+00:00,0,False,0,6
1812,WELL-00006_20170207220207,WELL-00006,0,4,2017-02-08T02:02:07+00:00,0,False,0,6
1813,WELL-00006_20170208030124,WELL-00006,0,1,2017-02-08T04:01:24+00:00,0,False,0,6
1814,WELL-00006_20170208030124,WELL-00006,0,2,2017-02-08T05:01:24+00:00,0,False,0,6
1815,WELL-00006_20170208030124,WELL-00006,0,3,2017-02-08T06:01:24+00:00,0,False,0,6
1816,WELL-00006_20170208030124,WELL-00006,0,4,2017-02-08T07:01:24+00:00,0,False,0,6
1817,WELL-00006_20170208080053,WELL-00006,0,1,2017-02-08T09:00:53+00:00,0,False,0,6
1818,WELL-00006_20170208080053,WELL-00006,0,2,2017-02-08T10:00:53+00:00,0,False,0,6
1819,WELL-00006_20170208080053,WELL-00006,0,3,2017-02-08T11:00:53+00:00,0,False,0,6
1820,WELL-00006_20170208080053,WELL-00006,0,4,2017-02-08T12:00:53+00:00,0,False,0,6
1821,WELL-00006_20170208130146,WELL-00006,0,1,2017-02-08T14:01:46+00:00,0,False,0,6
1822,WELL-00006_20170208130146,WELL-00006,0,2,2017-02-08T15:01:46+00:00,0,False,0,6
1823,WELL-00006_20170208130146,WELL-00006,0,3,2017-02-08T16:01:46+00:00,0,False,0,6
1824,WELL-00006_20170208130146,WELL-00006,0,4,2017-02-08T17:01:46+00:00,0,False,0,6
1825,WELL-00006_20170208180207,WELL-00006,0,1,2017-02-08T19:02:07+00:00,0,False,0,6
1826,WELL-00006_20170208180207,WELL-00006,0,2,2017-02-08T20:02:07+00:00,0,False,0,6
1827,WELL-00006_20170208180207,WELL-00006,0,3,2017-02-08T21:02:07+00:00,0,False,0,6
1828,WELL-00006_20170208180207,WELL-00006,0,4,2017-02-08T22:02:07+00:00,0,False,0,6
1829,WELL-00006_20170208230114,WELL-00006,0,1,2017-02-09T00:01:14+00:00,0,False,0,6
1830,WELL-00006_20170208230114,WELL-00006,0,2,2017-02-09T01:01:14+00:00,0,False,0,6
1831,WELL-00006_20170208230114,WELL-00006,0,3,2017-02-09T02:01:14+00:00,0,False,0,6
1832,WELL-00006_20170208230114,WELL-00006,0,4,2017-02-09T03:01:14+00:00,0,False,0,6
1833,WELL-00006_20170209040042,WELL-00006,0,1,2017-02-09T05:00:42+00:00,0,False,0,6
1834,WELL-00006_20170209040042,WELL-00006,0,2,2017-02-09T06:00:42+00:00,0,False,0,6
1835,WELL-00006_20170209040042,WELL-00006,0,3,2017-02-09T07:00:42+00:00,0,False,0,6
1836,WELL-00006_20170209040042,WELL-00006,0,4,2017-02-09T08:00:42+00:00,0,False,0,6
1837,WELL-00006_20170209090207,WELL-00006,0,1,2017-02-09T10:02:07+00:00,0,False,0,6
1838,WELL-00006_20170209090207,WELL-00006,0,2,2017-02-09T11:02:07+00:00,0,False,0,6
1839,WELL-00006_20170209090207,WELL-00006,0,3,2017-02-09T12:02:07+00:00,0,False,0,6
1840,WELL-00006_20170209090207,WELL-00006,0,4,2017-02-09T13:02:07+00:00,0,False,0,6
1841,WELL-00006_20170209140146,WELL-00006,0,1,2017-02-09T15:01:46+00:00,0,False,0,6
1842,WELL-00006_20170209140146,WELL-00006,0,2,2017-02-09T16:01:46+00:00,0,False,0,6
1843,WELL-00006_20170209140146,WELL-00006,0,3,2017-02-09T17:01:46+00:00,0,False,0,6
1844,WELL-00006_20170209140146,WELL-00006,0,4,2017-02-09T18:01:46+00:00,0,False,0,6
1845,WELL-00006_20170209190114,WELL-00006,0,1,2017-02-09T20:01:14+00:00,0,False,0,6
1846,WELL-00006_20170209190114,WELL-00006,0,2,2017-02-09T21:01:14+00:00,0,False,0,6
1847,WELL-00006_20170209190114,WELL-00006,0,3,2017-02-09T22:01:14+00:00,0,False,0,6
1848,WELL-00006_20170209190114,WELL-00006,0,4,2017-02-09T23:01:14+00:00,0,False,0,6
1849,WELL-00006_20170210000135,WELL-00006,0,1,2017-02-10T01:01:35+00:00,0,False,0,6
1850,WELL-00006_20170210000135,WELL-00006,0,2,2017-02-10T02:01:35+00:00,0,False,0,6
1851,WELL-00006_20170210000135,WELL-00006,0,3,2017-02-10T03:01:35+00:00,0,False,0,6
1852,WELL-00006_20170210000135,WELL-00006,0,4,2017-02-10T04:01:35+00:00,0,False,0,6
1853,WELL-00006_20170221230000,WELL-00006,0,1,2017-02-22T00:00:00+00:00,0,False,0,6
1854,WELL-00006_20170221230000,WELL-00006,0,2,2017-02-22T01:00:00+00:00,0,False,0,6
1855,WELL-00006_20170221230000,WELL-00006,0,3,2017-02-22T02:00:00+00:00,0,False,0,6
1856,WELL-00006_20170221230000,WELL-00006,0,4,2017-02-22T03:00:00+00:00,0,False,0,6
1857,WELL-00006_20170222040000,WELL-00006,0,1,2017-02-22T05:00:00+00:00,0,False,0,6
1858,WELL-00006_20170222040000,WELL-00006,0,2,2017-02-22T06:00:00+00:00,0,False,0,6
1859,WELL-00006_20170222040000,WELL-00006,0,3,2017-02-22T07:00:00+00:00,0,False,0,6
1860,WELL-00006_20170222040000,WELL-00006,0,4,2017-02-22T08:00:00+00:00,0,False,0,6
1861,WELL-00006_20170222090000,WELL-00006,0,1,2017-02-22T10:00:00+00:00,0,False,0,6
1862,WELL-00006_20170222090000,WELL-00006,0,2,2017-02-22T11:00:00+00:00,0,False,0,6
1863,WELL-00006_20170222090000,WELL-00006,0,3,2017-02-22T12:00:00+00:00,0,False,0,6
1864,WELL-00006_20170222090000,WELL-00006,0,4,2017-02-22T13:00:00+00:00,0,False,0,6
1865,WELL-00006_20170222140000,WELL-00006,0,1,2017-02-22T15:00:00+00:00,0,False,0,6
1866,WELL-00006_20170222140000,WELL-00006,0,2,2017-02-22T16:00:00+00:00,0,False,0,6
1867,WELL-00006_20170222140000,WELL-00006,0,3,2017-02-22T17:00:00+00:00,0,False,0,6
1868,WELL-00006_20170222140000,WELL-00006,0,4,2017-02-22T18:00:00+00:00,0,False,0,6
1869,WELL-00006_20170222190000,WELL-00006,0,1,2017-02-22T20:00:00+00:00,0,False,0,6
1870,WELL-00006_20170222190000,WELL-00006,0,2,2017-02-22T21:00:00+00:00,0,False,0,6
1871,WELL-00006_20170222190000,WELL-00006,0,3,2017-02-22T22:00:00+00:00,0,False,0,6
1872,WELL-00006_20170222190000,WELL-00006,0,4,2017-02-22T23:00:00+00:00,0,False,0,6
1873,WELL-00006_20170223000000,WELL-00006,0,1,2017-02-23T01:00:00+00:00,0,False,0,6
1874,WELL-00006_20170223000000,WELL-00006,0,2,2017-02-23T02:00:00+00:00,0,False,0,6
1875,WELL-00006_20170223000000,WELL-00006,0,3,2017-02-23T03:00:00+00:00,0,False,0,6
1876,WELL-00006_20170223000000,WELL-00006,0,4,2017-02-23T04:00:00+00:00,0,False,0,6
1877,WELL-00006_20170223050000,WELL-00006,0,1,2017-02-23T06:00:00+00:00,0,False,0,6
1878,WELL-00006_20170223050000,WELL-00006,0,2,2017-02-23T07:00:00+00:00,0,False,0,6
1879,WELL-00006_20170223050000,WELL-00006,0,3,2017-02-23T08:00:00+00:00,0,False,0,6
1880,WELL-00006_20170223050000,WELL-00006,0,4,2017-02-23T09:00:00+00:00,0,False,0,6
1881,WELL-00006_20170223100000,WELL-00006,0,1,2017-02-23T11:00:00+00:00,0,False,0,6
1882,WELL-00006_20170223100000,WELL-00006,0,2,2017-02-23T12:00:00+00:00,0,False,0,6
1883,WELL-00006_20170223100000,WELL-00006,0,3,2017-02-23T13:00:00+00:00,0,False,0,6
1884,WELL-00006_20170223100000,WELL-00006,0,4,2017-02-23T14:00:00+00:00,0,False,0,6
1885,WELL-00006_20170223150000,WELL-00006,0,1,2017-02-23T16:00:00+00:00,0,False,0,6
1886,WELL-00006_20170223150000,WELL-00006,0,2,2017-02-23T17:00:00+00:00,0,False,0,6
1887,WELL-00006_20170223150000,WELL-00006,0,3,2017-02-23T18:00:00+00:00,0,False,0,6
1888,WELL-00006_20170223150000,WELL-00006,0,4,2017-02-23T19:00:00+00:00,0,False,0,6
1889,WELL-00006_20170223200000,WELL-00006,0,1,2017-02-23T21:00:00+00:00,0,False,0,6
1890,WELL-00006_20170223200000,WELL-00006,0,2,2017-02-23T22:00:00+00:00,0,False,0,6
1891,WELL-00006_20170223200000,WELL-00006,0,3,2017-02-23T23:00:00+00:00,0,False,0,6
1892,WELL-00006_20170223200000,WELL-00006,0,4,2017-02-24T00:00:00+00:00,0,False,0,6
1893,WELL-00006_20170224010000,WELL-00006,0,1,2017-02-24T02:00:00+00:00,0,False,0,6
1894,WELL-00006_20170224010000,WELL-00006,0,2,2017-02-24T03:00:00+00:00,0,False,0,6
1895,WELL-00006_20170224010000,WELL-00006,0,3,2017-02-24T04:00:00+00:00,0,False,0,6
1896,WELL-00006_20170224010000,WELL-00006,0,4,2017-02-24T05:00:00+00:00,0,False,0,6
1897,WELL-00006_20170224060000,WELL-00006,0,1,2017-02-24T07:00:00+00:00,0,False,0,6
1898,WELL-00006_20170224060000,WELL-00006,0,2,2017-02-24T08:00:00+00:00,0,False,0,6
1899,WELL-00006_20170224060000,WELL-00006,0,3,2017-02-24T09:00:00+00:00,0,False,0,6
1900,WELL-00006_20170224060000,WELL-00006,0,4,2017-02-24T10:00:00+00:00,0,False,0,6
1901,WELL-00006_20170224110025,WELL-00006,0,1,2017-02-24T12:00:25+00:00,0,False,0,6
1902,WELL-00006_20170224110025,WELL-00006,0,2,2017-02-24T13:00:25+00:00,0,False,0,6
1903,WELL-00006_20170224110025,WELL-00006,0,3,2017-02-24T14:00:25+00:00,0,False,0,6
1904,WELL-00006_20170224110025,WELL-00006,0,4,2017-02-24T15:00:25+00:00,0,False,0,6
1905,WELL-00006_20170224160000,WELL-00006,0,1,2017-02-24T17:00:00+00:00,0,False,0,6
1906,WELL-00006_20170224160000,WELL-00006,0,2,2017-02-24T18:00:00+00:00,0,False,0,6
1907,WELL-00006_20170224160000,WELL-00006,0,3,2017-02-24T19:00:00+00:00,0,False,0,6
1908,WELL-00006_20170224160000,WELL-00006,0,4,2017-02-24T20:00:00+00:00,0,False,0,6
1909,WELL-00006_20170505200021,WELL-00006,0,1,2017-05-05T21:00:21+00:00,0,False,0,6
1910,WELL-00006_20170505200021,WELL-00006,0,2,2017-05-05T22:00:21+00:00,0,False,0,6
1911,WELL-00006_20170505200021,WELL-00006,0,3,2017-05-05T23:00:21+00:00,0,False,0,6
1912,WELL-00006_20170505200021,WELL-00006,0,4,2017-05-06T00:00:21+00:00,0,False,0,6
1913,WELL-00006_20170506010103,WELL-00006,0,1,2017-05-06T02:01:03+00:00,0,False,0,6
1914,WELL-00006_20170506010103,WELL-00006,0,2,2017-05-06T03:01:03+00:00,0,False,0,6
1915,WELL-00006_20170506010103,WELL-00006,0,3,2017-05-06T04:01:03+00:00,0,False,0,6
1916,WELL-00006_20170506010103,WELL-00006,0,4,2017-05-06T05:01:03+00:00,0,False,0,6
1917,WELL-00006_20170506060114,WELL-00006,0,1,2017-05-06T07:01:14+00:00,0,False,0,6
1918,WELL-00006_20170506060114,WELL-00006,0,2,2017-05-06T08:01:14+00:00,0,False,0,6
1919,WELL-00006_20170506060114,WELL-00006,0,3,2017-05-06T09:01:14+00:00,0,False,0,6
1920,WELL-00006_20170506060114,WELL-00006,0,4,2017-05-06T10:01:14+00:00,0,False,0,6
1921,WELL-00006_20170506110042,WELL-00006,0,1,2017-05-06T12:00:42+00:00,0,False,0,6
1922,WELL-00006_20170506110042,WELL-00006,0,2,2017-05-06T13:00:42+00:00,0,False,0,6
1923,WELL-00006_20170506110042,WELL-00006,0,3,2017-05-06T14:00:42+00:00,0,False,0,6
1924,WELL-00006_20170506110042,WELL-00006,0,4,2017-05-06T15:00:42+00:00,0,False,0,6
1925,WELL-00006_20170506160053,WELL-00006,0,1,2017-05-06T17:00:53+00:00,0,False,0,6
1926,WELL-00006_20170506160053,WELL-00006,0,2,2017-05-06T18:00:53+00:00,0,False,0,6
1927,WELL-00006_20170506160053,WELL-00006,0,3,2017-05-06T19:00:53+00:00,0,False,0,6
1928,WELL-00006_20170506160053,WELL-00006,0,4,2017-05-06T20:00:53+00:00,0,False,0,6
1929,WELL-00006_20170506210103,WELL-00006,0,1,2017-05-06T22:01:03+00:00,0,False,0,6
1930,WELL-00006_20170506210103,WELL-00006,0,2,2017-05-06T23:01:03+00:00,0,False,0,6
1931,WELL-00006_20170506210103,WELL-00006,0,3,2017-05-07T00:01:03+00:00,0,False,0,6
1932,WELL-00006_20170506210103,WELL-00006,0,4,2017-05-07T01:01:03+00:00,0,False,0,6
1933,WELL-00006_20170507020249,WELL-00006,0,1,2017-05-07T03:02:49+00:00,0,False,0,6
1934,WELL-00006_20170507020249,WELL-00006,0,2,2017-05-07T04:02:49+00:00,0,False,0,6
1935,WELL-00006_20170507020249,WELL-00006,0,3,2017-05-07T05:02:49+00:00,0,False,0,6
1936,WELL-00006_20170507020249,WELL-00006,0,4,2017-05-07T06:02:49+00:00,0,False,0,6
1937,WELL-00006_20170507070124,WELL-00006,0,1,2017-05-07T08:01:24+00:00,0,False,0,6
1938,WELL-00006_20170507070124,WELL-00006,0,2,2017-05-07T09:01:24+00:00,0,False,0,6
1939,WELL-00006_20170507070124,WELL-00006,0,3,2017-05-07T10:01:24+00:00,0,False,0,6
1940,WELL-00006_20170507070124,WELL-00006,0,4,2017-05-07T11:01:24+00:00,0,False,0,6
1941,WELL-00006_20170507120135,WELL-00006,0,1,2017-05-07T13:01:35+00:00,0,False,0,6
1942,WELL-00006_20170507120135,WELL-00006,0,2,2017-05-07T14:01:35+00:00,0,False,0,6
1943,WELL-00006_20170507120135,WELL-00006,0,3,2017-05-07T15:01:35+00:00,0,False,0,6
1944,WELL-00006_20170507120135,WELL-00006,0,4,2017-05-07T16:01:35+00:00,0,False,0,6
1945,WELL-00006_20170507170103,WELL-00006,0,1,2017-05-07T18:01:03+00:00,0,False,0,6
1946,WELL-00006_20170507170103,WELL-00006,0,2,2017-05-07T19:01:03+00:00,0,False,0,6
1947,WELL-00006_20170507170103,WELL-00006,0,3,2017-05-07T20:01:03+00:00,0,False,0,6
1948,WELL-00006_20170507170103,WELL-00006,0,4,2017-05-07T21:01:03+00:00,0,False,0,6
1949,WELL-00006_20170507220053,WELL-00006,0,1,2017-05-07T23:00:53+00:00,0,False,0,6
1950,WELL-00006_20170507220053,WELL-00006,0,2,2017-05-08T00:00:53+00:00,0,False,0,6
1951,WELL-00006_20170507220053,WELL-00006,0,3,2017-05-08T01:00:53+00:00,0,False,0,6
1952,WELL-00006_20170507220053,WELL-00006,0,4,2017-05-08T02:00:53+00:00,0,False,0,6
1953,WELL-00006_20170508030021,WELL-00006,0,1,2017-05-08T04:00:21+00:00,0,False,0,6
1954,WELL-00006_20170508030021,WELL-00006,0,2,2017-05-08T05:00:21+00:00,0,False,0,6
1955,WELL-00006_20170508030021,WELL-00006,0,3,2017-05-08T06:00:21+00:00,0,False,0,6
1956,WELL-00006_20170508030021,WELL-00006,0,4,2017-05-08T07:00:21+00:00,0,False,0,6
1957,WELL-00006_20170508080031,WELL-00006,0,1,2017-05-08T09:00:31+00:00,0,False,0,6
1958,WELL-00006_20170508080031,WELL-00006,0,2,2017-05-08T10:00:31+00:00,0,False,0,6
1959,WELL-00006_20170508080031,WELL-00006,0,3,2017-05-08T11:00:31+00:00,0,False,0,6
1960,WELL-00006_20170508080031,WELL-00006,0,4,2017-05-08T12:00:31+00:00,0,False,0,6
1961,WELL-00006_20170508130053,WELL-00006,0,1,2017-05-08T14:00:53+00:00,0,False,0,6
1962,WELL-00006_20170508130053,WELL-00006,0,2,2017-05-08T15:00:53+00:00,0,False,0,6
1963,WELL-00006_20170508130053,WELL-00006,0,3,2017-05-08T16:00:53+00:00,0,False,0,6
1964,WELL-00006_20170508130053,WELL-00006,0,4,2017-05-08T17:00:53+00:00,0,False,0,6
1965,WELL-00006_20170508180053,WELL-00006,0,1,2017-05-08T19:00:53+00:00,0,False,0,6
1966,WELL-00006_20170508180053,WELL-00006,0,2,2017-05-08T20:00:53+00:00,0,False,0,6
1967,WELL-00006_20170508180053,WELL-00006,0,3,2017-05-08T21:00:53+00:00,0,False,0,6
1968,WELL-00006_20170508180053,WELL-00006,0,4,2017-05-08T22:00:53+00:00,0,False,0,6
1969,WELL-00006_20170508230053,WELL-00006,0,1,2017-05-09T00:00:53+00:00,0,False,0,6
1970,WELL-00006_20170508230053,WELL-00006,0,2,2017-05-09T01:00:53+00:00,0,False,0,6
1971,WELL-00006_20170508230053,WELL-00006,0,3,2017-05-09T02:00:53+00:00,0,False,0,6
1972,WELL-00006_20170508230053,WELL-00006,0,4,2017-05-09T03:00:53+00:00,0,False,0,6
1973,WELL-00006_20170509040031,WELL-00006,0,1,2017-05-09T05:00:31+00:00,0,False,0,6
1974,WELL-00006_20170509040031,WELL-00006,0,2,2017-05-09T06:00:31+00:00,0,False,0,6
1975,WELL-00006_20170509040031,WELL-00006,0,3,2017-05-09T07:00:31+00:00,0,False,0,6
1976,WELL-00006_20170509040031,WELL-00006,0,4,2017-05-09T08:00:31+00:00,0,False,0,6
1977,WELL-00006_20170509090135,WELL-00006,0,1,2017-05-09T10:01:35+00:00,0,False,0,6
1978,WELL-00006_20170509090135,WELL-00006,0,2,2017-05-09T11:01:35+00:00,0,False,0,6
1979,WELL-00006_20170509090135,WELL-00006,0,3,2017-05-09T12:01:35+00:00,0,False,0,6
1980,WELL-00006_20170509090135,WELL-00006,0,4,2017-05-09T13:01:35+00:00,0,False,0,6
1981,WELL-00006_20170509140042,WELL-00006,0,1,2017-05-09T15:00:42+00:00,0,False,0,6
1982,WELL-00006_20170509140042,WELL-00006,0,2,2017-05-09T16:00:42+00:00,0,False,0,6
1983,WELL-00006_20170509140042,WELL-00006,0,3,2017-05-09T17:00:42+00:00,0,False,0,6
1984,WELL-00006_20170509140042,WELL-00006,0,4,2017-05-09T18:00:42+00:00,0,False,0,6
1985,WELL-00006_20170509190135,WELL-00006,0,1,2017-05-09T20:01:35+00:00,0,False,0,6
1986,WELL-00006_20170509190135,WELL-00006,0,2,2017-05-09T21:01:35+00:00,0,False,0,6
1987,WELL-00006_20170509190135,WELL-00006,0,3,2017-05-09T22:01:35+00:00,0,False,0,6
1988,WELL-00006_20170509190135,WELL-00006,0,4,2017-05-09T23:01:35+00:00,0,False,0,6
1989,WELL-00006_20170731170930,WELL-00006,1,1,2017-07-31T18:09:30+00:00,0,False,0,6
1990,WELL-00006_20170731170930,WELL-00006,1,2,2017-07-31T19:09:30+00:00,0,False,0,6
1991,WELL-00006_20170731170930,WELL-00006,1,3,2017-07-31T20:09:30+00:00,0,False,0,6
1992,WELL-00006_20170731170930,WELL-00006,1,4,2017-07-31T21:09:30+00:00,0,False,0,6
1993,WELL-00006_20170731170930,WELL-00006,1,5,2017-07-31T22:09:30+00:00,0,False,0,6
1994,WELL-00006_20170731170930,WELL-00006,1,6,2017-07-31T23:09:30+00:00,0,False,0,6
1995,WELL-00006_20170731170930,WELL-00006,1,7,2017-08-01T00:09:30+00:00,0,False,0,6
1996,WELL-00006_20170731170930,WELL-00006,1,8,2017-08-01T01:09:30+00:00,0,False,0,6
1997,WELL-00006_20170731170930,WELL-00006,1,9,2017-08-01T02:09:30+00:00,0,False,0,6
1998,WELL-00006_20170731170930,WELL-00006,1,10,2017-08-01T03:09:30+00:00,0,False,0,6
1999,WELL-00006_20170731170930,WELL-00006,1,11,2017-08-01T04:09:30+00:00,0,False,0,6
2000,WELL-00006_20170731170930,WELL-00006,1,12,2017-08-01T05:09:30+00:00,0,False,0,6
2001,WELL-00006_20170731170930,WELL-00006,1,13,2017-08-01T06:09:30+00:00,0,False,0,6
2002,WELL-00006_20170731170930,WELL-00006,1,14,2017-08-01T07:09:30+00:00,0,False,0,6
2003,WELL-00006_20170731170930,WELL-00006,1,15,2017-08-01T08:09:30+00:00,0,False,0,6
2004,WELL-00006_20170731170930,WELL-00006,1,16,2017-08-01T09:09:30+00:00,1,True,0,6
2005,WELL-00006_20170731170930,WELL-00006,1,17,2017-08-01T10:09:30+00:00,1,True,0,6
2006,WELL-00006_20170731170930,WELL-00006,1,18,2017-08-01T11:09:30+00:00,1,True,0,6
2007,WELL-00006_20170731170930,WELL-00006,1,19,2017-08-01T12:09:30+00:00,1,True,0,6
2008,WELL-00006_20170731170930,WELL-00006,1,20,2017-08-01T13:09:30+00:00,1,True,0,6
2009,WELL-00006_20170731170930,WELL-00006,1,21,2017-08-01T14:09:30+00:00,1,True,0,6
2010,WELL-00006_20170731170930,WELL-00006,1,22,2017-08-01T15:09:30+00:00,1,True,0,6
2011,WELL-00006_20170731170930,WELL-00006,1,23,2017-08-01T16:09:30+00:00,1,True,0,6
2012,WELL-00006_20170731170930,WELL-00006,1,24,2017-08-01T17:09:30+00:00,1,True,0,6
2013,WELL-00006_20170731170930,WELL-00006,1,25,2017-08-01T18:09:30+00:00,1,True,0,6
2014,WELL-00006_20170731170930,WELL-00006,1,26,2017-08-01T19:09:30+00:00,1,True,0,6
2015,WELL-00006_20170815050000,WELL-00006,0,1,2017-08-15T06:00:00+00:00,0,False,0,6
2016,WELL-00006_20170815050000,WELL-00006,0,2,2017-08-15T07:00:00+00:00,0,False,0,6
2017,WELL-00006_20170815050000,WELL-00006,0,3,2017-08-15T08:00:00+00:00,0,False,0,6
2018,WELL-00006_20170815050000,WELL-00006,0,4,2017-08-15T09:00:00+00:00,0,False,0,6
2019,WELL-00006_20170815100000,WELL-00006,0,1,2017-08-15T11:00:00+00:00,0,False,0,6
2020,WELL-00006_20170815100000,WELL-00006,0,2,2017-08-15T12:00:00+00:00,0,False,0,6
2021,WELL-00006_20170815100000,WELL-00006,0,3,2017-08-15T13:00:00+00:00,0,False,0,6
2022,WELL-00006_20170815100000,WELL-00006,0,4,2017-08-15T14:00:00+00:00,0,False,0,6
2023,WELL-00006_20170815150000,WELL-00006,0,1,2017-08-15T16:00:00+00:00,0,False,0,6
2024,WELL-00006_20170815150000,WELL-00006,0,2,2017-08-15T17:00:00+00:00,0,False,0,6
2025,WELL-00006_20170815150000,WELL-00006,0,3,2017-08-15T18:00:00+00:00,0,False,0,6
2026,WELL-00006_20170815150000,WELL-00006,0,4,2017-08-15T19:00:00+00:00,0,False,0,6
2027,WELL-00006_20170815200000,WELL-00006,0,1,2017-08-15T21:00:00+00:00,0,False,0,6
2028,WELL-00006_20170815200000,WELL-00006,0,2,2017-08-15T22:00:00+00:00,0,False,0,6
2029,WELL-00006_20170815200000,WELL-00006,0,3,2017-08-15T23:00:00+00:00,0,False,0,6
2030,WELL-00006_20170815200000,WELL-00006,0,4,2017-08-16T00:00:00+00:00,0,False,0,6
2031,WELL-00006_20170816010000,WELL-00006,0,1,2017-08-16T02:00:00+00:00,0,False,0,6
2032,WELL-00006_20170816010000,WELL-00006,0,2,2017-08-16T03:00:00+00:00,0,False,0,6
2033,WELL-00006_20170816010000,WELL-00006,0,3,2017-08-16T04:00:00+00:00,0,False,0,6
2034,WELL-00006_20170816010000,WELL-00006,0,4,2017-08-16T05:00:00+00:00,0,False,0,6
2035,WELL-00006_20170816060000,WELL-00006,0,1,2017-08-16T07:00:00+00:00,0,False,0,6
2036,WELL-00006_20170816060000,WELL-00006,0,2,2017-08-16T08:00:00+00:00,0,False,0,6
2037,WELL-00006_20170816060000,WELL-00006,0,3,2017-08-16T09:00:00+00:00,0,False,0,6
2038,WELL-00006_20170816060000,WELL-00006,0,4,2017-08-16T10:00:00+00:00,0,False,0,6
2039,WELL-00006_20170816110000,WELL-00006,0,1,2017-08-16T12:00:00+00:00,0,False,0,6
2040,WELL-00006_20170816110000,WELL-00006,0,2,2017-08-16T13:00:00+00:00,0,False,0,6
2041,WELL-00006_20170816110000,WELL-00006,0,3,2017-08-16T14:00:00+00:00,0,False,0,6
2042,WELL-00006_20170816110000,WELL-00006,0,4,2017-08-16T15:00:00+00:00,0,False,0,6
2043,WELL-00006_20170816160000,WELL-00006,0,1,2017-08-16T17:00:00+00:00,0,False,0,6
2044,WELL-00006_20170816160000,WELL-00006,0,2,2017-08-16T18:00:00+00:00,0,False,0,6
2045,WELL-00006_20170816160000,WELL-00006,0,3,2017-08-16T19:00:00+00:00,0,False,0,6
2046,WELL-00006_20170816160000,WELL-00006,0,4,2017-08-16T20:00:00+00:00,0,False,0,6
2047,WELL-00006_20170816210000,WELL-00006,0,1,2017-08-16T22:00:00+00:00,0,False,0,6
2048,WELL-00006_20170816210000,WELL-00006,0,2,2017-08-16T23:00:00+00:00,0,False,0,6
2049,WELL-00006_20170816210000,WELL-00006,0,3,2017-08-17T00:00:00+00:00,0,False,0,6
2050,WELL-00006_20170816210000,WELL-00006,0,4,2017-08-17T01:00:00+00:00,0,False,0,6
2051,WELL-00006_20170817020000,WELL-00006,0,1,2017-08-17T03:00:00+00:00,0,False,0,6
2052,WELL-00006_20170817020000,WELL-00006,0,2,2017-08-17T04:00:00+00:00,0,False,0,6
2053,WELL-00006_20170817020000,WELL-00006,0,3,2017-08-17T05:00:00+00:00,0,False,0,6
2054,WELL-00006_20170817020000,WELL-00006,0,4,2017-08-17T06:00:00+00:00,0,False,0,6
2055,WELL-00006_20170817070000,WELL-00006,0,1,2017-08-17T08:00:00+00:00,0,False,0,6
2056,WELL-00006_20170817070000,WELL-00006,0,2,2017-08-17T09:00:00+00:00,0,False,0,6
2057,WELL-00006_20170817070000,WELL-00006,0,3,2017-08-17T10:00:00+00:00,0,False,0,6
2058,WELL-00006_20170817070000,WELL-00006,0,4,2017-08-17T11:00:00+00:00,0,False,0,6
2059,WELL-00006_20170817120000,WELL-00006,0,1,2017-08-17T13:00:00+00:00,0,False,0,6
2060,WELL-00006_20170817120000,WELL-00006,0,2,2017-08-17T14:00:00+00:00,0,False,0,6
2061,WELL-00006_20170817120000,WELL-00006,0,3,2017-08-17T15:00:00+00:00,0,False,0,6
2062,WELL-00006_20170817120000,WELL-00006,0,4,2017-08-17T16:00:00+00:00,0,False,0,6
2063,WELL-00006_20170817170000,WELL-00006,0,1,2017-08-17T18:00:00+00:00,0,False,0,6
2064,WELL-00006_20170817170000,WELL-00006,0,2,2017-08-17T19:00:00+00:00,0,False,0,6
2065,WELL-00006_20170817170000,WELL-00006,0,3,2017-08-17T20:00:00+00:00,0,False,0,6
2066,WELL-00006_20170817170000,WELL-00006,0,4,2017-08-17T21:00:00+00:00,0,False,0,6
2067,WELL-00006_20170817220000,WELL-00006,0,1,2017-08-17T23:00:00+00:00,0,False,0,6
2068,WELL-00006_20170817220000,WELL-00006,0,2,2017-08-18T00:00:00+00:00,0,False,0,6
2069,WELL-00006_20170817220000,WELL-00006,0,3,2017-08-18T01:00:00+00:00,0,False,0,6
2070,WELL-00006_20170817220000,WELL-00006,0,4,2017-08-18T02:00:00+00:00,0,False,0,6
2071,WELL-00006_20170818030000,WELL-00006,0,1,2017-08-18T04:00:00+00:00,0,False,0,6
2072,WELL-00006_20170818030000,WELL-00006,0,2,2017-08-18T05:00:00+00:00,0,False,0,6
2073,WELL-00006_20170818030000,WELL-00006,0,3,2017-08-18T06:00:00+00:00,0,False,0,6
2074,WELL-00006_20170818030000,WELL-00006,0,4,2017-08-18T07:00:00+00:00,0,False,0,6
2075,WELL-00006_20170818080000,WELL-00006,0,1,2017-08-18T09:00:00+00:00,0,False,0,6
2076,WELL-00006_20170818080000,WELL-00006,0,2,2017-08-18T10:00:00+00:00,0,False,0,6
2077,WELL-00006_20170818080000,WELL-00006,0,3,2017-08-18T11:00:00+00:00,0,False,0,6
2078,WELL-00006_20170818080000,WELL-00006,0,4,2017-08-18T12:00:00+00:00,0,False,0,6
2079,WELL-00006_20170818130000,WELL-00006,0,1,2017-08-18T14:00:00+00:00,0,False,0,6
2080,WELL-00006_20170818130000,WELL-00006,0,2,2017-08-18T15:00:00+00:00,0,False,0,6
2081,WELL-00006_20170818130000,WELL-00006,0,3,2017-08-18T16:00:00+00:00,0,False,0,6
2082,WELL-00006_20170818130000,WELL-00006,0,4,2017-08-18T17:00:00+00:00,0,False,0,6
2083,WELL-00006_20170818180000,WELL-00006,0,1,2017-08-18T19:00:00+00:00,0,False,0,6
2084,WELL-00006_20170818180000,WELL-00006,0,2,2017-08-18T20:00:00+00:00,0,False,0,6
2085,WELL-00006_20170818180000,WELL-00006,0,3,2017-08-18T21:00:00+00:00,0,False,0,6
2086,WELL-00006_20170818180000,WELL-00006,0,4,2017-08-18T22:00:00+00:00,0,False,0,6
2087,WELL-00006_20170818230000,WELL-00006,0,1,2017-08-19T00:00:00+00:00,0,False,0,6
2088,WELL-00006_20170818230000,WELL-00006,0,2,2017-08-19T01:00:00+00:00,0,False,0,6
2089,WELL-00006_20170818230000,WELL-00006,0,3,2017-08-19T02:00:00+00:00,0,False,0,6
2090,WELL-00006_20170818230000,WELL-00006,0,4,2017-08-19T03:00:00+00:00,0,False,0,6
2091,WELL-00006_20170819040000,WELL-00006,0,1,2017-08-19T05:00:00+00:00,0,False,0,6
2092,WELL-00006_20170819040000,WELL-00006,0,2,2017-08-19T06:00:00+00:00,0,False,0,6
2093,WELL-00006_20170819040000,WELL-00006,0,3,2017-08-19T07:00:00+00:00,0,False,0,6
2094,WELL-00006_20170819040000,WELL-00006,0,4,2017-08-19T08:00:00+00:00,0,False,0,6
2095,WELL-00006_20170819090000,WELL-00006,0,1,2017-08-19T10:00:00+00:00,0,False,0,6
2096,WELL-00006_20170819090000,WELL-00006,0,2,2017-08-19T11:00:00+00:00,0,False,0,6
2097,WELL-00006_20170819090000,WELL-00006,0,3,2017-08-19T12:00:00+00:00,0,False,0,6
2098,WELL-00006_20170819090000,WELL-00006,0,4,2017-08-19T13:00:00+00:00,0,False,0,6
2099,WELL-00006_20170819140000,WELL-00006,0,1,2017-08-19T15:00:00+00:00,0,False,0,6
2100,WELL-00006_20170819140000,WELL-00006,0,2,2017-08-19T16:00:00+00:00,0,False,0,6
2101,WELL-00006_20170819140000,WELL-00006,0,3,2017-08-19T17:00:00+00:00,0,False,0,6
2102,WELL-00006_20170819140000,WELL-00006,0,4,2017-08-19T18:00:00+00:00,0,False,0,6
2103,WELL-00006_20170819190000,WELL-00006,0,1,2017-08-19T20:00:00+00:00,0,False,0,6
2104,WELL-00006_20170819190000,WELL-00006,0,2,2017-08-19T21:00:00+00:00,0,False,0,6
2105,WELL-00006_20170819190000,WELL-00006,0,3,2017-08-19T22:00:00+00:00,0,False,0,6
2106,WELL-00006_20170819190000,WELL-00006,0,4,2017-08-19T23:00:00+00:00,0,False,0,6
2107,WELL-00006_20170820000000,WELL-00006,0,1,2017-08-20T01:00:00+00:00,0,False,0,6
2108,WELL-00006_20170820000000,WELL-00006,0,2,2017-08-20T02:00:00+00:00,0,False,0,6
2109,WELL-00006_20170820000000,WELL-00006,0,3,2017-08-20T03:00:00+00:00,0,False,0,6
2110,WELL-00006_20170820000000,WELL-00006,0,4,2017-08-20T04:00:00+00:00,0,False,0,6
2111,WELL-00006_20170820050000,WELL-00006,0,1,2017-08-20T06:00:00+00:00,0,False,0,6
2112,WELL-00006_20170820050000,WELL-00006,0,2,2017-08-20T07:00:00+00:00,0,False,0,6
2113,WELL-00006_20170820050000,WELL-00006,0,3,2017-08-20T08:00:00+00:00,0,False,0,6
2114,WELL-00006_20170820050000,WELL-00006,0,4,2017-08-20T09:00:00+00:00,0,False,0,6
2115,WELL-00006_20170820100000,WELL-00006,0,1,2017-08-20T11:00:00+00:00,0,False,0,6
2116,WELL-00006_20170820100000,WELL-00006,0,2,2017-08-20T12:00:00+00:00,0,False,0,6
2117,WELL-00006_20170820100000,WELL-00006,0,3,2017-08-20T13:00:00+00:00,0,False,0,6
2118,WELL-00006_20170820100000,WELL-00006,0,4,2017-08-20T14:00:00+00:00,0,False,0,6
2119,WELL-00006_20170820150000,WELL-00006,0,1,2017-08-20T16:00:00+00:00,0,False,0,6
2120,WELL-00006_20170820150000,WELL-00006,0,2,2017-08-20T17:00:00+00:00,0,False,0,6
2121,WELL-00006_20170820150000,WELL-00006,0,3,2017-08-20T18:00:00+00:00,0,False,0,6
2122,WELL-00006_20170820150000,WELL-00006,0,4,2017-08-20T19:00:00+00:00,0,False,0,6
2123,WELL-00006_20170820200000,WELL-00006,0,1,2017-08-20T21:00:00+00:00,0,False,0,6
2124,WELL-00006_20170820200000,WELL-00006,0,2,2017-08-20T22:00:00+00:00,0,False,0,6
2125,WELL-00006_20170820200000,WELL-00006,0,3,2017-08-20T23:00:00+00:00,0,False,0,6
2126,WELL-00006_20170820200000,WELL-00006,0,4,2017-08-21T00:00:00+00:00,0,False,0,6
2127,WELL-00006_20170821010000,WELL-00006,0,1,2017-08-21T02:00:00+00:00,0,False,0,6
2128,WELL-00006_20170821010000,WELL-00006,0,2,2017-08-21T03:00:00+00:00,0,False,0,6
2129,WELL-00006_20170821010000,WELL-00006,0,3,2017-08-21T04:00:00+00:00,0,False,0,6
2130,WELL-00006_20170821010000,WELL-00006,0,4,2017-08-21T05:00:00+00:00,0,False,0,6
2131,WELL-00006_20170821060000,WELL-00006,0,1,2017-08-21T07:00:00+00:00,0,False,0,6
2132,WELL-00006_20170821060000,WELL-00006,0,2,2017-08-21T08:00:00+00:00,0,False,0,6
2133,WELL-00006_20170821060000,WELL-00006,0,3,2017-08-21T09:00:00+00:00,0,False,0,6
2134,WELL-00006_20170821060000,WELL-00006,0,4,2017-08-21T10:00:00+00:00,0,False,0,6
2135,WELL-00006_20170821110000,WELL-00006,0,1,2017-08-21T12:00:00+00:00,0,False,0,6
2136,WELL-00006_20170821110000,WELL-00006,0,2,2017-08-21T13:00:00+00:00,0,False,0,6
2137,WELL-00006_20170821110000,WELL-00006,0,3,2017-08-21T14:00:00+00:00,0,False,0,6
2138,WELL-00006_20170821110000,WELL-00006,0,4,2017-08-21T15:00:00+00:00,0,False,0,6
2139,WELL-00006_20170821160000,WELL-00006,0,1,2017-08-21T17:00:00+00:00,0,False,0,6
2140,WELL-00006_20170821160000,WELL-00006,0,2,2017-08-21T18:00:00+00:00,0,False,0,6
2141,WELL-00006_20170821160000,WELL-00006,0,3,2017-08-21T19:00:00+00:00,0,False,0,6
2142,WELL-00006_20170821160000,WELL-00006,0,4,2017-08-21T20:00:00+00:00,0,False,0,6
2143,WELL-00006_20170821210000,WELL-00006,0,1,2017-08-21T22:00:00+00:00,0,False,0,6
2144,WELL-00006_20170821210000,WELL-00006,0,2,2017-08-21T23:00:00+00:00,0,False,0,6
2145,WELL-00006_20170821210000,WELL-00006,0,3,2017-08-22T00:00:00+00:00,0,False,0,6
2146,WELL-00006_20170821210000,WELL-00006,0,4,2017-08-22T01:00:00+00:00,0,False,0,6
2147,WELL-00006_20170822020000,WELL-00006,0,1,2017-08-22T03:00:00+00:00,0,False,0,6
2148,WELL-00006_20170822020000,WELL-00006,0,2,2017-08-22T04:00:00+00:00,0,False,0,6
2149,WELL-00006_20170822020000,WELL-00006,0,3,2017-08-22T05:00:00+00:00,0,False,0,6
2150,WELL-00006_20170822020000,WELL-00006,0,4,2017-08-22T06:00:00+00:00,0,False,0,6
2151,WELL-00006_20170822170000,WELL-00006,0,1,2017-08-22T18:00:00+00:00,0,False,0,6
2152,WELL-00006_20170822170000,WELL-00006,0,2,2017-08-22T19:00:00+00:00,0,False,0,6
2153,WELL-00006_20170822170000,WELL-00006,0,3,2017-08-22T20:00:00+00:00,0,False,0,6
2154,WELL-00006_20170822170000,WELL-00006,0,4,2017-08-22T21:00:00+00:00,0,False,0,6
2155,WELL-00006_20170822220000,WELL-00006,0,1,2017-08-22T23:00:00+00:00,0,False,0,6
2156,WELL-00006_20170822220000,WELL-00006,0,2,2017-08-23T00:00:00+00:00,0,False,0,6
2157,WELL-00006_20170822220000,WELL-00006,0,3,2017-08-23T01:00:00+00:00,0,False,0,6
2158,WELL-00006_20170822220000,WELL-00006,0,4,2017-08-23T02:00:00+00:00,0,False,0,6
2159,WELL-00006_20170823030000,WELL-00006,0,1,2017-08-23T04:00:00+00:00,0,False,0,6
2160,WELL-00006_20170823030000,WELL-00006,0,2,2017-08-23T05:00:00+00:00,0,False,0,6
2161,WELL-00006_20170823030000,WELL-00006,0,3,2017-08-23T06:00:00+00:00,0,False,0,6
2162,WELL-00006_20170823030000,WELL-00006,0,4,2017-08-23T07:00:00+00:00,0,False,0,6
2163,WELL-00006_20170823080000,WELL-00006,0,1,2017-08-23T09:00:00+00:00,0,False,0,6
2164,WELL-00006_20170823080000,WELL-00006,0,2,2017-08-23T10:00:00+00:00,0,False,0,6
2165,WELL-00006_20170823080000,WELL-00006,0,3,2017-08-23T11:00:00+00:00,0,False,0,6
2166,WELL-00006_20170823080000,WELL-00006,0,4,2017-08-23T12:00:00+00:00,0,False,0,6
2167,WELL-00006_20170823130000,WELL-00006,0,1,2017-08-23T14:00:00+00:00,0,False,0,6
2168,WELL-00006_20170823130000,WELL-00006,0,2,2017-08-23T15:00:00+00:00,0,False,0,6
2169,WELL-00006_20170823130000,WELL-00006,0,3,2017-08-23T16:00:00+00:00,0,False,0,6
2170,WELL-00006_20170823130000,WELL-00006,0,4,2017-08-23T17:00:00+00:00,0,False,0,6
2171,WELL-00006_20170823180000,WELL-00006,0,1,2017-08-23T19:00:00+00:00,0,False,0,6
2172,WELL-00006_20170823180000,WELL-00006,0,2,2017-08-23T20:00:00+00:00,0,False,0,6
2173,WELL-00006_20170823180000,WELL-00006,0,3,2017-08-23T21:00:00+00:00,0,False,0,6
2174,WELL-00006_20170823180000,WELL-00006,0,4,2017-08-23T22:00:00+00:00,0,False,0,6
2175,WELL-00006_20170823230000,WELL-00006,0,1,2017-08-24T00:00:00+00:00,0,False,0,6
2176,WELL-00006_20170823230000,WELL-00006,0,2,2017-08-24T01:00:00+00:00,0,False,0,6
2177,WELL-00006_20170823230000,WELL-00006,0,3,2017-08-24T02:00:00+00:00,0,False,0,6
2178,WELL-00006_20170823230000,WELL-00006,0,4,2017-08-24T03:00:00+00:00,0,False,0,6
2179,WELL-00006_20170824040000,WELL-00006,0,1,2017-08-24T05:00:00+00:00,0,False,0,6
2180,WELL-00006_20170824040000,WELL-00006,0,2,2017-08-24T06:00:00+00:00,0,False,0,6
2181,WELL-00006_20170824040000,WELL-00006,0,3,2017-08-24T07:00:00+00:00,0,False,0,6
2182,WELL-00006_20170824040000,WELL-00006,0,4,2017-08-24T08:00:00+00:00,0,False,0,6
2183,WELL-00006_20170824090000,WELL-00006,0,1,2017-08-24T10:00:00+00:00,0,False,0,6
2184,WELL-00006_20170824090000,WELL-00006,0,2,2017-08-24T11:00:00+00:00,0,False,0,6
2185,WELL-00006_20170824090000,WELL-00006,0,3,2017-08-24T12:00:00+00:00,0,False,0,6
2186,WELL-00006_20170824090000,WELL-00006,0,4,2017-08-24T13:00:00+00:00,0,False,0,6
2187,WELL-00006_20170824140000,WELL-00006,0,1,2017-08-24T15:00:00+00:00,0,False,0,6
2188,WELL-00006_20170824140000,WELL-00006,0,2,2017-08-24T16:00:00+00:00,0,False,0,6
2189,WELL-00006_20170824140000,WELL-00006,0,3,2017-08-24T17:00:00+00:00,0,False,0,6
2190,WELL-00006_20170824140000,WELL-00006,0,4,2017-08-24T18:00:00+00:00,0,False,0,6
2191,WELL-00006_20170824190135,WELL-00006,0,1,2017-08-24T20:01:35+00:00,0,False,0,6
2192,WELL-00006_20170824190135,WELL-00006,0,2,2017-08-24T21:01:35+00:00,0,False,0,6
2193,WELL-00006_20170824190135,WELL-00006,0,3,2017-08-24T22:01:35+00:00,0,False,0,6
2194,WELL-00006_20170824190135,WELL-00006,0,4,2017-08-24T23:01:35+00:00,0,False,0,6
2195,WELL-00006_20170825000042,WELL-00006,0,1,2017-08-25T01:00:42+00:00,0,False,0,6
2196,WELL-00006_20170825000042,WELL-00006,0,2,2017-08-25T02:00:42+00:00,0,False,0,6
2197,WELL-00006_20170825000042,WELL-00006,0,3,2017-08-25T03:00:42+00:00,0,False,0,6
2198,WELL-00006_20170825000042,WELL-00006,0,4,2017-08-25T04:00:42+00:00,0,False,0,6
2199,WELL-00006_20170825050135,WELL-00006,0,1,2017-08-25T06:01:35+00:00,0,False,0,6
2200,WELL-00006_20170825050135,WELL-00006,0,2,2017-08-25T07:01:35+00:00,0,False,0,6
2201,WELL-00006_20170825050135,WELL-00006,0,3,2017-08-25T08:01:35+00:00,0,False,0,6
2202,WELL-00006_20170825050135,WELL-00006,0,4,2017-08-25T09:01:35+00:00,0,False,0,6
2203,WELL-00006_20170825100249,WELL-00006,0,1,2017-08-25T11:02:49+00:00,0,False,0,6
2204,WELL-00006_20170825100249,WELL-00006,0,2,2017-08-25T12:02:49+00:00,0,False,0,6
2205,WELL-00006_20170825100249,WELL-00006,0,3,2017-08-25T13:02:49+00:00,0,False,0,6
2206,WELL-00006_20170825100249,WELL-00006,0,4,2017-08-25T14:02:49+00:00,0,False,0,6
2207,WELL-00006_20170825150135,WELL-00006,0,1,2017-08-25T16:01:35+00:00,0,False,0,6
2208,WELL-00006_20170825150135,WELL-00006,0,2,2017-08-25T17:01:35+00:00,0,False,0,6
2209,WELL-00006_20170825150135,WELL-00006,0,3,2017-08-25T18:01:35+00:00,0,False,0,6
2210,WELL-00006_20170825150135,WELL-00006,0,4,2017-08-25T19:01:35+00:00,0,False,0,6
2211,WELL-00006_20170825200053,WELL-00006,0,1,2017-08-25T21:00:53+00:00,0,False,0,6
2212,WELL-00006_20170825200053,WELL-00006,0,2,2017-08-25T22:00:53+00:00,0,False,0,6
2213,WELL-00006_20170825200053,WELL-00006,0,3,2017-08-25T23:00:53+00:00,0,False,0,6
2214,WELL-00006_20170825200053,WELL-00006,0,4,2017-08-26T00:00:53+00:00,0,False,0,6
2215,WELL-00006_20170826010207,WELL-00006,0,1,2017-08-26T02:02:07+00:00,0,False,0,6
2216,WELL-00006_20170826010207,WELL-00006,0,2,2017-08-26T03:02:07+00:00,0,False,0,6
2217,WELL-00006_20170826010207,WELL-00006,0,3,2017-08-26T04:02:07+00:00,0,False,0,6
2218,WELL-00006_20170826010207,WELL-00006,0,4,2017-08-26T05:02:07+00:00,0,False,0,6
2219,WELL-00006_20170826060135,WELL-00006,0,1,2017-08-26T07:01:35+00:00,0,False,0,6
2220,WELL-00006_20170826060135,WELL-00006,0,2,2017-08-26T08:01:35+00:00,0,False,0,6
2221,WELL-00006_20170826060135,WELL-00006,0,3,2017-08-26T09:01:35+00:00,0,False,0,6
2222,WELL-00006_20170826060135,WELL-00006,0,4,2017-08-26T10:01:35+00:00,0,False,0,6
2223,WELL-00006_20170826110103,WELL-00006,0,1,2017-08-26T12:01:03+00:00,0,False,0,6
2224,WELL-00006_20170826110103,WELL-00006,0,2,2017-08-26T13:01:03+00:00,0,False,0,6
2225,WELL-00006_20170826110103,WELL-00006,0,3,2017-08-26T14:01:03+00:00,0,False,0,6
2226,WELL-00006_20170826110103,WELL-00006,0,4,2017-08-26T15:01:03+00:00,0,False,0,6
2227,WELL-00006_20170826160103,WELL-00006,0,1,2017-08-26T17:01:03+00:00,0,False,0,6
2228,WELL-00006_20170826160103,WELL-00006,0,2,2017-08-26T18:01:03+00:00,0,False,0,6
2229,WELL-00006_20170826160103,WELL-00006,0,3,2017-08-26T19:01:03+00:00,0,False,0,6
2230,WELL-00006_20170826160103,WELL-00006,0,4,2017-08-26T20:01:03+00:00,0,False,0,6
2231,WELL-00006_20170826210114,WELL-00006,0,1,2017-08-26T22:01:14+00:00,0,False,0,6
2232,WELL-00006_20170826210114,WELL-00006,0,2,2017-08-26T23:01:14+00:00,0,False,0,6
2233,WELL-00006_20170826210114,WELL-00006,0,3,2017-08-27T00:01:14+00:00,0,False,0,6
2234,WELL-00006_20170826210114,WELL-00006,0,4,2017-08-27T01:01:14+00:00,0,False,0,6
2235,WELL-00006_20170827020218,WELL-00006,0,1,2017-08-27T03:02:18+00:00,0,False,0,6
2236,WELL-00006_20170827020218,WELL-00006,0,2,2017-08-27T04:02:18+00:00,0,False,0,6
2237,WELL-00006_20170827020218,WELL-00006,0,3,2017-08-27T05:02:18+00:00,0,False,0,6
2238,WELL-00006_20170827020218,WELL-00006,0,4,2017-08-27T06:02:18+00:00,0,False,0,6
2239,WELL-00006_20170827070114,WELL-00006,0,1,2017-08-27T08:01:14+00:00,0,False,0,6
2240,WELL-00006_20170827070114,WELL-00006,0,2,2017-08-27T09:01:14+00:00,0,False,0,6
2241,WELL-00006_20170827070114,WELL-00006,0,3,2017-08-27T10:01:14+00:00,0,False,0,6
2242,WELL-00006_20170827070114,WELL-00006,0,4,2017-08-27T11:01:14+00:00,0,False,0,6
2243,WELL-00006_20170827120321,WELL-00006,0,1,2017-08-27T13:03:21+00:00,0,False,0,6
2244,WELL-00006_20170827120321,WELL-00006,0,2,2017-08-27T14:03:21+00:00,0,False,0,6
2245,WELL-00006_20170827120321,WELL-00006,0,3,2017-08-27T15:03:21+00:00,0,False,0,6
2246,WELL-00006_20170827120321,WELL-00006,0,4,2017-08-27T16:03:21+00:00,0,False,0,6
2247,WELL-00006_20170827170146,WELL-00006,0,1,2017-08-27T18:01:46+00:00,0,False,0,6
2248,WELL-00006_20170827170146,WELL-00006,0,2,2017-08-27T19:01:46+00:00,0,False,0,6
2249,WELL-00006_20170827170146,WELL-00006,0,3,2017-08-27T20:01:46+00:00,0,False,0,6
2250,WELL-00006_20170827170146,WELL-00006,0,4,2017-08-27T21:01:46+00:00,0,False,0,6
2251,WELL-00006_20170827220218,WELL-00006,0,1,2017-08-27T23:02:18+00:00,0,False,0,6
2252,WELL-00006_20170827220218,WELL-00006,0,2,2017-08-28T00:02:18+00:00,0,False,0,6
2253,WELL-00006_20170827220218,WELL-00006,0,3,2017-08-28T01:02:18+00:00,0,False,0,6
2254,WELL-00006_20170827220218,WELL-00006,0,4,2017-08-28T02:02:18+00:00,0,False,0,6
2255,WELL-00006_20170828030343,WELL-00006,0,1,2017-08-28T04:03:43+00:00,0,False,0,6
2256,WELL-00006_20170828030343,WELL-00006,0,2,2017-08-28T05:03:43+00:00,0,False,0,6
2257,WELL-00006_20170828030343,WELL-00006,0,3,2017-08-28T06:03:43+00:00,0,False,0,6
2258,WELL-00006_20170828030343,WELL-00006,0,4,2017-08-28T07:03:43+00:00,0,False,0,6
2259,WELL-00006_20170828080311,WELL-00006,0,1,2017-08-28T09:03:11+00:00,0,False,0,6
2260,WELL-00006_20170828080311,WELL-00006,0,2,2017-08-28T10:03:11+00:00,0,False,0,6
2261,WELL-00006_20170828080311,WELL-00006,0,3,2017-08-28T11:03:11+00:00,0,False,0,6
2262,WELL-00006_20170828080311,WELL-00006,0,4,2017-08-28T12:03:11+00:00,0,False,0,6
2263,WELL-00006_20170828130031,WELL-00006,0,1,2017-08-28T14:00:31+00:00,0,False,0,6
2264,WELL-00006_20170828130031,WELL-00006,0,2,2017-08-28T15:00:31+00:00,0,False,0,6
2265,WELL-00006_20170828130031,WELL-00006,0,3,2017-08-28T16:00:31+00:00,0,False,0,6
2266,WELL-00006_20170828130031,WELL-00006,0,4,2017-08-28T17:00:31+00:00,0,False,0,6
2267,WELL-00006_20180617190257,WELL-00006,1,1,2018-06-17T20:02:57+00:00,0,False,0,6
2268,WELL-00006_20180617190257,WELL-00006,1,2,2018-06-17T21:02:57+00:00,0,False,0,6
2269,WELL-00006_20180617190257,WELL-00006,1,3,2018-06-17T22:02:57+00:00,0,False,0,6
2270,WELL-00006_20180617190257,WELL-00006,1,4,2018-06-17T23:02:57+00:00,0,False,0,6
2271,WELL-00006_20180617190257,WELL-00006,1,5,2018-06-18T00:02:57+00:00,0,False,0,6
2272,WELL-00006_20180617190257,WELL-00006,1,6,2018-06-18T01:02:57+00:00,0,False,0,6
2273,WELL-00006_20180617190257,WELL-00006,1,7,2018-06-18T02:02:57+00:00,0,False,0,6
2274,WELL-00006_20180617190257,WELL-00006,1,8,2018-06-18T03:02:57+00:00,0,False,0,6
2275,WELL-00006_20180617190257,WELL-00006,1,9,2018-06-18T04:02:57+00:00,0,False,0,6
2276,WELL-00006_20180617190257,WELL-00006,1,10,2018-06-18T05:02:57+00:00,0,False,0,6
2277,WELL-00006_20180617190257,WELL-00006,1,11,2018-06-18T06:02:57+00:00,0,False,0,6
2278,WELL-00006_20180617190257,WELL-00006,1,12,2018-06-18T07:02:57+00:00,1,True,0,6
2279,WELL-00006_20180617190257,WELL-00006,1,13,2018-06-18T08:02:57+00:00,1,True,0,6
2280,WELL-00006_20180617190257,WELL-00006,1,14,2018-06-18T09:02:57+00:00,1,True,0,6
2281,WELL-00006_20180618103000,WELL-00006,7,1,2018-06-18T11:30:00+00:00,0,False,0,6
2282,WELL-00006_20180618103000,WELL-00006,7,2,2018-06-18T12:30:00+00:00,1,True,0,6
2283,WELL-00006_20180618103000,WELL-00006,7,3,2018-06-18T13:30:00+00:00,1,True,0,6
2284,WELL-00006_20180618103000,WELL-00006,7,4,2018-06-18T14:30:00+00:00,1,True,0,6
2285,WELL-00006_20180618103000,WELL-00006,7,5,2018-06-18T15:30:00+00:00,1,True,0,6
2286,WELL-00006_20180618103000,WELL-00006,7,6,2018-06-18T16:30:00+00:00,1,True,0,6
2287,WELL-00006_20180618103000,WELL-00006,7,7,2018-06-18T17:30:00+00:00,1,True,0,6
2288,WELL-00006_20180618103000,WELL-00006,7,8,2018-06-18T18:30:00+00:00,1,True,0,6
2289,WELL-00006_20180618103000,WELL-00006,7,9,2018-06-18T19:30:00+00:00,1,True,0,6
2290,WELL-00006_20180618103000,WELL-00006,7,10,2018-06-18T20:30:00+00:00,1,True,0,6
2291,WELL-00006_20180618103000,WELL-00006,7,11,2018-06-18T21:30:00+00:00,1,True,0,6
2292,WELL-00006_20180618103000,WELL-00006,7,12,2018-06-18T22:30:00+00:00,1,True,0,6
2293,WELL-00006_20180618103000,WELL-00006,7,13,2018-06-18T23:30:00+00:00,1,True,0,6
2294,WELL-00006_20180618103000,WELL-00006,7,14,2018-06-19T00:30:00+00:00,1,True,0,6
2295,WELL-00006_20180618103000,WELL-00006,7,15,2018-06-19T01:30:00+00:00,1,True,0,6
2296,WELL-00006_20180618103000,WELL-00006,7,16,2018-06-19T02:30:00+00:00,1,True,0,6
2297,WELL-00006_20180618103000,WELL-00006,7,17,2018-06-19T03:30:00+00:00,1,True,0,6
2298,WELL-00006_20180618103000,WELL-00006,7,18,2018-06-19T04:30:00+00:00,1,True,0,6
2299,WELL-00006_20180618103000,WELL-00006,7,19,2018-06-19T05:30:00+00:00,1,True,0,6
2300,WELL-00006_20180618103000,WELL-00006,7,20,2018-06-19T06:30:00+00:00,1,True,0,6
2301,WELL-00006_20180618103000,WELL-00006,7,21,2018-06-19T07:30:00+00:00,1,True,0,6
2302,WELL-00006_20180618103000,WELL-00006,7,22,2018-06-19T08:30:00+00:00,1,True,0,6
2303,WELL-00006_20180618103000,WELL-00006,7,23,2018-06-19T09:30:00+00:00,1,True,0,6
2304,WELL-00006_20180618103000,WELL-00006,7,24,2018-06-19T10:30:00+00:00,1,True,0,6
2305,WELL-00006_20180618103000,WELL-00006,7,25,2018-06-19T11:30:00+00:00,1,True,0,6
2306,WELL-00006_20180618103000,WELL-00006,7,26,2018-06-19T12:30:00+00:00,1,True,0,6
2307,WELL-00006_20180618103000,WELL-00006,7,27,2018-06-19T13:30:00+00:00,1,True,0,6
2308,WELL-00006_20180618103000,WELL-00006,7,28,2018-06-19T14:30:00+00:00,1,True,0,6
2309,WELL-00006_20180618103000,WELL-00006,7,29,2018-06-19T15:30:00+00:00,1,True,0,6
2310,WELL-00006_20180618103000,WELL-00006,7,30,2018-06-19T16:30:00+00:00,1,True,0,6
2311,WELL-00006_20180618103000,WELL-00006,7,31,2018-06-19T17:30:00+00:00,1,True,0,6
2312,WELL-00006_20180618103000,WELL-00006,7,32,2018-06-19T18:30:00+00:00,1,True,0,6
2313,WELL-00006_20180618103000,WELL-00006,7,33,2018-06-19T19:30:00+00:00,1,True,0,6
2314,WELL-00006_20180618103000,WELL-00006,7,34,2018-06-19T20:30:00+00:00,1,True,0,6
2315,WELL-00006_20180618103000,WELL-00006,7,35,2018-06-19T21:30:00+00:00,1,False,0,6
2316,WELL-00006_20180620152903,WELL-00006,7,1,2018-06-20T16:29:03+00:00,0,False,0,6
2317,WELL-00006_20180620152903,WELL-00006,7,2,2018-06-20T17:29:03+00:00,0,False,0,6
2318,WELL-00006_20180620152903,WELL-00006,7,3,2018-06-20T18:29:03+00:00,0,False,0,6
2319,WELL-00006_20180620152903,WELL-00006,7,4,2018-06-20T19:29:03+00:00,1,True,0,6
2320,WELL-00006_20180620152903,WELL-00006,7,5,2018-06-20T20:29:03+00:00,1,True,0,6
2321,WELL-00006_20180620152903,WELL-00006,7,6,2018-06-20T21:29:03+00:00,1,True,0,6
2322,WELL-00006_20180620152903,WELL-00006,7,7,2018-06-20T22:29:03+00:00,1,True,0,6
2323,WELL-00006_20180620152903,WELL-00006,7,8,2018-06-20T23:29:03+00:00,1,True,0,6
2324,WELL-00006_20180620152903,WELL-00006,7,9,2018-06-21T00:29:03+00:00,1,True,0,6
2325,WELL-00006_20180620152903,WELL-00006,7,10,2018-06-21T01:29:03+00:00,1,True,0,6
2326,WELL-00006_20180620152903,WELL-00006,7,11,2018-06-21T02:29:03+00:00,1,True,0,6
2327,WELL-00006_20180620152903,WELL-00006,7,12,2018-06-21T03:29:03+00:00,1,True,0,6
2328,WELL-00006_20180620152903,WELL-00006,7,13,2018-06-21T04:29:03+00:00,1,True,0,6
2329,WELL-00006_20180620152903,WELL-00006,7,14,2018-06-21T05:29:03+00:00,1,True,0,6
2330,WELL-00006_20180620152903,WELL-00006,7,15,2018-06-21T06:29:03+00:00,1,True,0,6
2331,WELL-00006_20180620152903,WELL-00006,7,16,2018-06-21T07:29:03+00:00,1,True,0,6
2332,WELL-00006_20180620152903,WELL-00006,7,17,2018-06-21T08:29:03+00:00,1,True,0,6
2333,WELL-00006_20180620152903,WELL-00006,7,18,2018-06-21T09:29:03+00:00,1,True,0,6
2334,WELL-00006_20180620152903,WELL-00006,7,19,2018-06-21T10:29:03+00:00,1,True,0,6
2335,WELL-00006_20180620152903,WELL-00006,7,20,2018-06-21T11:29:03+00:00,1,True,0,6
2336,WELL-00006_20180620152903,WELL-00006,7,21,2018-06-21T12:29:03+00:00,1,True,0,6
2337,WELL-00006_20180620152903,WELL-00006,7,22,2018-06-21T13:29:03+00:00,1,True,0,6
2338,WELL-00006_20180620152903,WELL-00006,7,23,2018-06-21T14:29:03+00:00,1,True,0,6
2339,WELL-00006_20180620152903,WELL-00006,7,24,2018-06-21T15:29:03+00:00,1,True,0,6
2340,WELL-00006_20180620152903,WELL-00006,7,25,2018-06-21T16:29:03+00:00,1,True,0,6
2341,WELL-00006_20180620152903,WELL-00006,7,26,2018-06-21T17:29:03+00:00,1,False,0,6
2342,WELL-00006_20180620152903,WELL-00006,7,27,2018-06-21T18:29:03+00:00,1,False,0,6
2343,WELL-00006_20180620152903,WELL-00006,7,28,2018-06-21T19:29:03+00:00,1,False,0,6
2344,WELL-00006_20180620152903,WELL-00006,7,29,2018-06-21T20:29:03+00:00,1,False,0,6
2345,WELL-00006_20180620152903,WELL-00006,7,30,2018-06-21T21:29:03+00:00,1,False,0,6
2346,WELL-00006_20180620152903,WELL-00006,7,31,2018-06-21T22:29:03+00:00,1,False,0,6
2347,WELL-00007_20170517200012,WELL-00007,4,1,2017-05-17T21:00:12+00:00,1,False,0,5
2348,WELL-00007_20170517220025,WELL-00007,4,1,2017-05-17T23:00:25+00:00,1,False,0,5
2349,WELL-00007_20170518000012,WELL-00007,4,1,2017-05-18T01:00:12+00:00,1,False,0,5
2350,WELL-00007_20170518020016,WELL-00007,4,1,2017-05-18T03:00:16+00:00,1,False,0,5
2351,WELL-00007_20170518040016,WELL-00007,4,1,2017-05-18T05:00:16+00:00,1,False,0,5
2352,WELL-00007_20170518060124,WELL-00007,4,1,2017-05-18T07:01:24+00:00,1,False,0,5
2353,WELL-00007_20170518080021,WELL-00007,4,1,2017-05-18T09:00:21+00:00,1,False,0,5
2354,WELL-00007_20170518100129,WELL-00007,4,1,2017-05-18T11:01:29+00:00,1,False,0,5
2355,WELL-00007_20170518120103,WELL-00007,4,1,2017-05-18T13:01:03+00:00,1,False,0,5
2356,WELL-00007_20170518140021,WELL-00007,4,1,2017-05-18T15:00:21+00:00,1,False,0,5
2357,WELL-00007_20170801170000,WELL-00007,0,1,2017-08-01T18:00:00+00:00,0,False,0,5
2358,WELL-00007_20170801190000,WELL-00007,0,1,2017-08-01T20:00:00+00:00,0,False,0,5
2359,WELL-00008_20170610210246,WELL-00008,0,1,2017-06-10T22:02:46+00:00,0,False,0,1
2360,WELL-00008_20170610210246,WELL-00008,0,2,2017-06-10T23:02:46+00:00,0,False,0,1
2361,WELL-00008_20170610210246,WELL-00008,0,3,2017-06-11T00:02:46+00:00,0,False,0,1
2362,WELL-00008_20170610210246,WELL-00008,0,4,2017-06-11T01:02:46+00:00,0,False,0,1
2363,WELL-00008_20170611020246,WELL-00008,0,1,2017-06-11T03:02:46+00:00,0,False,0,1
2364,WELL-00008_20170611020246,WELL-00008,0,2,2017-06-11T04:02:46+00:00,0,False,0,1
2365,WELL-00008_20170611020246,WELL-00008,0,3,2017-06-11T05:02:46+00:00,0,False,0,1
2366,WELL-00008_20170611020246,WELL-00008,0,4,2017-06-11T06:02:46+00:00,0,False,0,1
2367,WELL-00008_20170611070445,WELL-00008,0,1,2017-06-11T08:04:45+00:00,0,False,0,1
2368,WELL-00008_20170611070445,WELL-00008,0,2,2017-06-11T09:04:45+00:00,0,False,0,1
2369,WELL-00008_20170611070445,WELL-00008,0,3,2017-06-11T10:04:45+00:00,0,False,0,1
2370,WELL-00008_20170611070445,WELL-00008,0,4,2017-06-11T11:04:45+00:00,0,False,0,1
2371,WELL-00008_20170611120123,WELL-00008,0,1,2017-06-11T13:01:23+00:00,0,False,0,1
2372,WELL-00008_20170611120123,WELL-00008,0,2,2017-06-11T14:01:23+00:00,0,False,0,1
2373,WELL-00008_20170611120123,WELL-00008,0,3,2017-06-11T15:01:23+00:00,0,False,0,1
2374,WELL-00008_20170611120123,WELL-00008,0,4,2017-06-11T16:01:23+00:00,0,False,0,1
2375,WELL-00008_20170611170123,WELL-00008,0,1,2017-06-11T18:01:23+00:00,0,False,0,1
2376,WELL-00008_20170611170123,WELL-00008,0,2,2017-06-11T19:01:23+00:00,0,False,0,1
2377,WELL-00008_20170611170123,WELL-00008,0,3,2017-06-11T20:01:23+00:00,0,False,0,1
2378,WELL-00008_20170611170123,WELL-00008,0,4,2017-06-11T21:01:23+00:00,0,False,0,1
2379,WELL-00008_20170611220123,WELL-00008,0,1,2017-06-11T23:01:23+00:00,0,False,0,1
2380,WELL-00008_20170611220123,WELL-00008,0,2,2017-06-12T00:01:23+00:00,0,False,0,1
2381,WELL-00008_20170611220123,WELL-00008,0,3,2017-06-12T01:01:23+00:00,0,False,0,1
2382,WELL-00008_20170611220123,WELL-00008,0,4,2017-06-12T02:01:23+00:00,0,False,0,1
2383,WELL-00008_20170612030000,WELL-00008,0,1,2017-06-12T04:00:00+00:00,0,False,0,1
2384,WELL-00008_20170612030000,WELL-00008,0,2,2017-06-12T05:00:00+00:00,0,False,0,1
2385,WELL-00008_20170612030000,WELL-00008,0,3,2017-06-12T06:00:00+00:00,0,False,0,1
2386,WELL-00008_20170612030000,WELL-00008,0,4,2017-06-12T07:00:00+00:00,0,False,0,1
2387,WELL-00008_20170612080246,WELL-00008,0,1,2017-06-12T09:02:46+00:00,0,False,0,1
2388,WELL-00008_20170612080246,WELL-00008,0,2,2017-06-12T10:02:46+00:00,0,False,0,1
2389,WELL-00008_20170612080246,WELL-00008,0,3,2017-06-12T11:02:46+00:00,0,False,0,1
2390,WELL-00008_20170612080246,WELL-00008,0,4,2017-06-12T12:02:46+00:00,0,False,0,1
2391,WELL-00008_20170612130047,WELL-00008,0,1,2017-06-12T14:00:47+00:00,0,False,0,1
2392,WELL-00008_20170612130047,WELL-00008,0,2,2017-06-12T15:00:47+00:00,0,False,0,1
2393,WELL-00008_20170612130047,WELL-00008,0,3,2017-06-12T16:00:47+00:00,0,False,0,1
2394,WELL-00008_20170612130047,WELL-00008,0,4,2017-06-12T17:00:47+00:00,0,False,0,1
2395,WELL-00008_20170612180111,WELL-00008,0,1,2017-06-12T19:01:11+00:00,0,False,0,1
2396,WELL-00008_20170612180111,WELL-00008,0,2,2017-06-12T20:01:11+00:00,0,False,0,1
2397,WELL-00008_20170612180111,WELL-00008,0,3,2017-06-12T21:01:11+00:00,0,False,0,1
2398,WELL-00008_20170612180111,WELL-00008,0,4,2017-06-12T22:01:11+00:00,0,False,0,1
2399,WELL-00008_20170612230222,WELL-00008,0,1,2017-06-13T00:02:22+00:00,0,False,0,1
2400,WELL-00008_20170612230222,WELL-00008,0,2,2017-06-13T01:02:22+00:00,0,False,0,1
2401,WELL-00008_20170612230222,WELL-00008,0,3,2017-06-13T02:02:22+00:00,0,False,0,1
2402,WELL-00008_20170612230222,WELL-00008,0,4,2017-06-13T03:02:22+00:00,0,False,0,1
2403,WELL-00008_20170613210222,WELL-00008,0,1,2017-06-13T22:02:22+00:00,0,False,0,1
2404,WELL-00008_20170613210222,WELL-00008,0,2,2017-06-13T23:02:22+00:00,0,False,0,1
2405,WELL-00008_20170613210222,WELL-00008,0,3,2017-06-14T00:02:22+00:00,0,False,0,1
2406,WELL-00008_20170613210222,WELL-00008,0,4,2017-06-14T01:02:22+00:00,0,False,0,1
2407,WELL-00008_20170614020135,WELL-00008,0,1,2017-06-14T03:01:35+00:00,0,False,0,1
2408,WELL-00008_20170614020135,WELL-00008,0,2,2017-06-14T04:01:35+00:00,0,False,0,1
2409,WELL-00008_20170614020135,WELL-00008,0,3,2017-06-14T05:01:35+00:00,0,False,0,1
2410,WELL-00008_20170614020135,WELL-00008,0,4,2017-06-14T06:01:35+00:00,0,False,0,1
2411,WELL-00008_20170614070246,WELL-00008,0,1,2017-06-14T08:02:46+00:00,0,False,0,1
2412,WELL-00008_20170614070246,WELL-00008,0,2,2017-06-14T09:02:46+00:00,0,False,0,1
2413,WELL-00008_20170614070246,WELL-00008,0,3,2017-06-14T10:02:46+00:00,0,False,0,1
2414,WELL-00008_20170614070246,WELL-00008,0,4,2017-06-14T11:02:46+00:00,0,False,0,1
2415,WELL-00008_20170614120135,WELL-00008,0,1,2017-06-14T13:01:35+00:00,0,False,0,1
2416,WELL-00008_20170614120135,WELL-00008,0,2,2017-06-14T14:01:35+00:00,0,False,0,1
2417,WELL-00008_20170614120135,WELL-00008,0,3,2017-06-14T15:01:35+00:00,0,False,0,1
2418,WELL-00008_20170614120135,WELL-00008,0,4,2017-06-14T16:01:35+00:00,0,False,0,1
2419,WELL-00008_20170614170123,WELL-00008,0,1,2017-06-14T18:01:23+00:00,0,False,0,1
2420,WELL-00008_20170614170123,WELL-00008,0,2,2017-06-14T19:01:23+00:00,0,False,0,1
2421,WELL-00008_20170614170123,WELL-00008,0,3,2017-06-14T20:01:23+00:00,0,False,0,1
2422,WELL-00008_20170614170123,WELL-00008,0,4,2017-06-14T21:01:23+00:00,0,False,0,1
2423,WELL-00008_20170614220333,WELL-00008,0,1,2017-06-14T23:03:33+00:00,0,False,0,1
2424,WELL-00008_20170614220333,WELL-00008,0,2,2017-06-15T00:03:33+00:00,0,False,0,1
2425,WELL-00008_20170614220333,WELL-00008,0,3,2017-06-15T01:03:33+00:00,0,False,0,1
2426,WELL-00008_20170614220333,WELL-00008,0,4,2017-06-15T02:03:33+00:00,0,False,0,1
2427,WELL-00008_20170615030123,WELL-00008,0,1,2017-06-15T04:01:23+00:00,0,False,0,1
2428,WELL-00008_20170615030123,WELL-00008,0,2,2017-06-15T05:01:23+00:00,0,False,0,1
2429,WELL-00008_20170615030123,WELL-00008,0,3,2017-06-15T06:01:23+00:00,0,False,0,1
2430,WELL-00008_20170615030123,WELL-00008,0,4,2017-06-15T07:01:23+00:00,0,False,0,1
2431,WELL-00008_20170615080234,WELL-00008,0,1,2017-06-15T09:02:34+00:00,0,False,0,1
2432,WELL-00008_20170615080234,WELL-00008,0,2,2017-06-15T10:02:34+00:00,0,False,0,1
2433,WELL-00008_20170615080234,WELL-00008,0,3,2017-06-15T11:02:34+00:00,0,False,0,1
2434,WELL-00008_20170615080234,WELL-00008,0,4,2017-06-15T12:02:34+00:00,0,False,0,1
2435,WELL-00008_20170615130310,WELL-00008,0,1,2017-06-15T14:03:10+00:00,0,False,0,1
2436,WELL-00008_20170615130310,WELL-00008,0,2,2017-06-15T15:03:10+00:00,0,False,0,1
2437,WELL-00008_20170615130310,WELL-00008,0,3,2017-06-15T16:03:10+00:00,0,False,0,1
2438,WELL-00008_20170615130310,WELL-00008,0,4,2017-06-15T17:03:10+00:00,0,False,0,1
2439,WELL-00008_20170615180111,WELL-00008,0,1,2017-06-15T19:01:11+00:00,0,False,0,1
2440,WELL-00008_20170615180111,WELL-00008,0,2,2017-06-15T20:01:11+00:00,0,False,0,1
2441,WELL-00008_20170615180111,WELL-00008,0,3,2017-06-15T21:01:11+00:00,0,False,0,1
2442,WELL-00008_20170615180111,WELL-00008,0,4,2017-06-15T22:01:11+00:00,0,False,0,1
2443,WELL-00008_20170629160123,WELL-00008,0,1,2017-06-29T17:01:23+00:00,0,False,0,1
2444,WELL-00008_20170629160123,WELL-00008,0,2,2017-06-29T18:01:23+00:00,0,False,0,1
2445,WELL-00008_20170629160123,WELL-00008,0,3,2017-06-29T19:01:23+00:00,0,False,0,1
2446,WELL-00008_20170629160123,WELL-00008,0,4,2017-06-29T20:01:23+00:00,0,False,0,1
2447,WELL-00008_20170629210321,WELL-00008,0,1,2017-06-29T22:03:21+00:00,0,False,0,1
2448,WELL-00008_20170629210321,WELL-00008,0,2,2017-06-29T23:03:21+00:00,0,False,0,1
2449,WELL-00008_20170629210321,WELL-00008,0,3,2017-06-30T00:03:21+00:00,0,False,0,1
2450,WELL-00008_20170629210321,WELL-00008,0,4,2017-06-30T01:03:21+00:00,0,False,0,1
2451,WELL-00008_20170630020222,WELL-00008,0,1,2017-06-30T03:02:22+00:00,0,False,0,1
2452,WELL-00008_20170630020222,WELL-00008,0,2,2017-06-30T04:02:22+00:00,0,False,0,1
2453,WELL-00008_20170630020222,WELL-00008,0,3,2017-06-30T05:02:22+00:00,0,False,0,1
2454,WELL-00008_20170630020222,WELL-00008,0,4,2017-06-30T06:02:22+00:00,0,False,0,1
2455,WELL-00008_20170630070310,WELL-00008,0,1,2017-06-30T08:03:10+00:00,0,False,0,1
2456,WELL-00008_20170630070310,WELL-00008,0,2,2017-06-30T09:03:10+00:00,0,False,0,1
2457,WELL-00008_20170630070310,WELL-00008,0,3,2017-06-30T10:03:10+00:00,0,False,0,1
2458,WELL-00008_20170630070310,WELL-00008,0,4,2017-06-30T11:03:10+00:00,0,False,0,1
2459,WELL-00008_20170630120246,WELL-00008,0,1,2017-06-30T13:02:46+00:00,0,False,0,1
2460,WELL-00008_20170630120246,WELL-00008,0,2,2017-06-30T14:02:46+00:00,0,False,0,1
2461,WELL-00008_20170630120246,WELL-00008,0,3,2017-06-30T15:02:46+00:00,0,False,0,1
2462,WELL-00008_20170630120246,WELL-00008,0,4,2017-06-30T16:02:46+00:00,0,False,0,1
2463,WELL-00008_20170630170321,WELL-00008,0,1,2017-06-30T18:03:21+00:00,0,False,0,1
2464,WELL-00008_20170630170321,WELL-00008,0,2,2017-06-30T19:03:21+00:00,0,False,0,1
2465,WELL-00008_20170630170321,WELL-00008,0,3,2017-06-30T20:03:21+00:00,0,False,0,1
2466,WELL-00008_20170630170321,WELL-00008,0,4,2017-06-30T21:03:21+00:00,0,False,0,1
2467,WELL-00008_20170630220146,WELL-00008,0,1,2017-06-30T23:01:46+00:00,0,False,0,1
2468,WELL-00008_20170630220146,WELL-00008,0,2,2017-07-01T00:01:46+00:00,0,False,0,1
2469,WELL-00008_20170630220146,WELL-00008,0,3,2017-07-01T01:01:46+00:00,0,False,0,1
2470,WELL-00008_20170630220146,WELL-00008,0,4,2017-07-01T02:01:46+00:00,0,False,0,1
2471,WELL-00008_20170701030210,WELL-00008,0,1,2017-07-01T04:02:10+00:00,0,False,0,1
2472,WELL-00008_20170701030210,WELL-00008,0,2,2017-07-01T05:02:10+00:00,0,False,0,1
2473,WELL-00008_20170701030210,WELL-00008,0,3,2017-07-01T06:02:10+00:00,0,False,0,1
2474,WELL-00008_20170701030210,WELL-00008,0,4,2017-07-01T07:02:10+00:00,0,False,0,1
2475,WELL-00008_20170701080222,WELL-00008,0,1,2017-07-01T09:02:22+00:00,0,False,0,1
2476,WELL-00008_20170701080222,WELL-00008,0,2,2017-07-01T10:02:22+00:00,0,False,0,1
2477,WELL-00008_20170701080222,WELL-00008,0,3,2017-07-01T11:02:22+00:00,0,False,0,1
2478,WELL-00008_20170701080222,WELL-00008,0,4,2017-07-01T12:02:22+00:00,0,False,0,1
2479,WELL-00008_20170701130135,WELL-00008,0,1,2017-07-01T14:01:35+00:00,0,False,0,1
2480,WELL-00008_20170701130135,WELL-00008,0,2,2017-07-01T15:01:35+00:00,0,False,0,1
2481,WELL-00008_20170701130135,WELL-00008,0,3,2017-07-01T16:01:35+00:00,0,False,0,1
2482,WELL-00008_20170701130135,WELL-00008,0,4,2017-07-01T17:01:35+00:00,0,False,0,1
2483,WELL-00008_20170701180222,WELL-00008,0,1,2017-07-01T19:02:22+00:00,0,False,0,1
2484,WELL-00008_20170701180222,WELL-00008,0,2,2017-07-01T20:02:22+00:00,0,False,0,1
2485,WELL-00008_20170701180222,WELL-00008,0,3,2017-07-01T21:02:22+00:00,0,False,0,1
2486,WELL-00008_20170701180222,WELL-00008,0,4,2017-07-01T22:02:22+00:00,0,False,0,1
2487,WELL-00008_20170701230246,WELL-00008,0,1,2017-07-02T00:02:46+00:00,0,False,0,1
2488,WELL-00008_20170701230246,WELL-00008,0,2,2017-07-02T01:02:46+00:00,0,False,0,1
2489,WELL-00008_20170701230246,WELL-00008,0,3,2017-07-02T02:02:46+00:00,0,False,0,1
2490,WELL-00008_20170701230246,WELL-00008,0,4,2017-07-02T03:02:46+00:00,0,False,0,1
2491,WELL-00008_20170702040135,WELL-00008,0,1,2017-07-02T05:01:35+00:00,0,False,0,1
2492,WELL-00008_20170702040135,WELL-00008,0,2,2017-07-02T06:01:35+00:00,0,False,0,1
2493,WELL-00008_20170702040135,WELL-00008,0,3,2017-07-02T07:01:35+00:00,0,False,0,1
2494,WELL-00008_20170702040135,WELL-00008,0,4,2017-07-02T08:01:35+00:00,0,False,0,1
2495,WELL-00008_20170702090222,WELL-00008,0,1,2017-07-02T10:02:22+00:00,0,False,0,1
2496,WELL-00008_20170702090222,WELL-00008,0,2,2017-07-02T11:02:22+00:00,0,False,0,1
2497,WELL-00008_20170702090222,WELL-00008,0,3,2017-07-02T12:02:22+00:00,0,False,0,1
2498,WELL-00008_20170702090222,WELL-00008,0,4,2017-07-02T13:02:22+00:00,0,False,0,1
2499,WELL-00008_20170702140532,WELL-00008,0,1,2017-07-02T15:05:32+00:00,0,False,0,1
2500,WELL-00008_20170702140532,WELL-00008,0,2,2017-07-02T16:05:32+00:00,0,False,0,1
2501,WELL-00008_20170702140532,WELL-00008,0,3,2017-07-02T17:05:32+00:00,0,False,0,1
2502,WELL-00008_20170702140532,WELL-00008,0,4,2017-07-02T18:05:32+00:00,0,False,0,1
2503,WELL-00008_20170702190135,WELL-00008,0,1,2017-07-02T20:01:35+00:00,0,False,0,1
2504,WELL-00008_20170702190135,WELL-00008,0,2,2017-07-02T21:01:35+00:00,0,False,0,1
2505,WELL-00008_20170702190135,WELL-00008,0,3,2017-07-02T22:01:35+00:00,0,False,0,1
2506,WELL-00008_20170702190135,WELL-00008,0,4,2017-07-02T23:01:35+00:00,0,False,0,1
2507,WELL-00008_20170703000445,WELL-00008,0,1,2017-07-03T01:04:45+00:00,0,False,0,1
2508,WELL-00008_20170703000445,WELL-00008,0,2,2017-07-03T02:04:45+00:00,0,False,0,1
2509,WELL-00008_20170703000445,WELL-00008,0,3,2017-07-03T03:04:45+00:00,0,False,0,1
2510,WELL-00008_20170703000445,WELL-00008,0,4,2017-07-03T04:04:45+00:00,0,False,0,1
2511,WELL-00008_20170703050123,WELL-00008,0,1,2017-07-03T06:01:23+00:00,0,False,0,1
2512,WELL-00008_20170703050123,WELL-00008,0,2,2017-07-03T07:01:23+00:00,0,False,0,1
2513,WELL-00008_20170703050123,WELL-00008,0,3,2017-07-03T08:01:23+00:00,0,False,0,1
2514,WELL-00008_20170703050123,WELL-00008,0,4,2017-07-03T09:01:23+00:00,0,False,0,1
2515,WELL-00008_20170816130222,WELL-00008,0,1,2017-08-16T14:02:22+00:00,0,False,0,1
2516,WELL-00008_20170816130222,WELL-00008,0,2,2017-08-16T15:02:22+00:00,0,False,0,1
2517,WELL-00008_20170816130222,WELL-00008,0,3,2017-08-16T16:02:22+00:00,0,False,0,1
2518,WELL-00008_20170816130222,WELL-00008,0,4,2017-08-16T17:02:22+00:00,0,False,0,1
2519,WELL-00008_20170816180321,WELL-00008,0,1,2017-08-16T19:03:21+00:00,0,False,0,1
2520,WELL-00008_20170816180321,WELL-00008,0,2,2017-08-16T20:03:21+00:00,0,False,0,1
2521,WELL-00008_20170816180321,WELL-00008,0,3,2017-08-16T21:03:21+00:00,0,False,0,1
2522,WELL-00008_20170816180321,WELL-00008,0,4,2017-08-16T22:03:21+00:00,0,False,0,1
2523,WELL-00008_20170816230146,WELL-00008,0,1,2017-08-17T00:01:46+00:00,0,False,0,1
2524,WELL-00008_20170816230146,WELL-00008,0,2,2017-08-17T01:01:46+00:00,0,False,0,1
2525,WELL-00008_20170816230146,WELL-00008,0,3,2017-08-17T02:01:46+00:00,0,False,0,1
2526,WELL-00008_20170816230146,WELL-00008,0,4,2017-08-17T03:01:46+00:00,0,False,0,1
2527,WELL-00008_20170817040135,WELL-00008,0,1,2017-08-17T05:01:35+00:00,0,False,0,1
2528,WELL-00008_20170817040135,WELL-00008,0,2,2017-08-17T06:01:35+00:00,0,False,0,1
2529,WELL-00008_20170817040135,WELL-00008,0,3,2017-08-17T07:01:35+00:00,0,False,0,1
2530,WELL-00008_20170817040135,WELL-00008,0,4,2017-08-17T08:01:35+00:00,0,False,0,1
2531,WELL-00008_20170817090246,WELL-00008,0,1,2017-08-17T10:02:46+00:00,0,False,0,1
2532,WELL-00008_20170817090246,WELL-00008,0,2,2017-08-17T11:02:46+00:00,0,False,0,1
2533,WELL-00008_20170817090246,WELL-00008,0,3,2017-08-17T12:02:46+00:00,0,False,0,1
2534,WELL-00008_20170817090246,WELL-00008,0,4,2017-08-17T13:02:46+00:00,0,False,0,1
2535,WELL-00008_20170817140222,WELL-00008,0,1,2017-08-17T15:02:22+00:00,0,False,0,1
2536,WELL-00008_20170817140222,WELL-00008,0,2,2017-08-17T16:02:22+00:00,0,False,0,1
2537,WELL-00008_20170817140222,WELL-00008,0,3,2017-08-17T17:02:22+00:00,0,False,0,1
2538,WELL-00008_20170817140222,WELL-00008,0,4,2017-08-17T18:02:22+00:00,0,False,0,1
2539,WELL-00008_20170817190123,WELL-00008,0,1,2017-08-17T20:01:23+00:00,0,False,0,1
2540,WELL-00008_20170817190123,WELL-00008,0,2,2017-08-17T21:01:23+00:00,0,False,0,1
2541,WELL-00008_20170817190123,WELL-00008,0,3,2017-08-17T22:01:23+00:00,0,False,0,1
2542,WELL-00008_20170817190123,WELL-00008,0,4,2017-08-17T23:01:23+00:00,0,False,0,1
2543,WELL-00008_20170818000222,WELL-00008,0,1,2017-08-18T01:02:22+00:00,0,False,0,1
2544,WELL-00008_20170818000222,WELL-00008,0,2,2017-08-18T02:02:22+00:00,0,False,0,1
2545,WELL-00008_20170818000222,WELL-00008,0,3,2017-08-18T03:02:22+00:00,0,False,0,1
2546,WELL-00008_20170818000222,WELL-00008,0,4,2017-08-18T04:02:22+00:00,0,False,0,1
2547,WELL-00008_20170818050210,WELL-00008,0,1,2017-08-18T06:02:10+00:00,0,False,0,1
2548,WELL-00008_20170818050210,WELL-00008,0,2,2017-08-18T07:02:10+00:00,0,False,0,1
2549,WELL-00008_20170818050210,WELL-00008,0,3,2017-08-18T08:02:10+00:00,0,False,0,1
2550,WELL-00008_20170818050210,WELL-00008,0,4,2017-08-18T09:02:10+00:00,0,False,0,1
2551,WELL-00008_20170818100258,WELL-00008,0,1,2017-08-18T11:02:58+00:00,0,False,0,1
2552,WELL-00008_20170818100258,WELL-00008,0,2,2017-08-18T12:02:58+00:00,0,False,0,1
2553,WELL-00008_20170818100258,WELL-00008,0,3,2017-08-18T13:02:58+00:00,0,False,0,1
2554,WELL-00008_20170818100258,WELL-00008,0,4,2017-08-18T14:02:58+00:00,0,False,0,1
2555,WELL-00008_20170818150123,WELL-00008,0,1,2017-08-18T16:01:23+00:00,0,False,0,1
2556,WELL-00008_20170818150123,WELL-00008,0,2,2017-08-18T17:01:23+00:00,0,False,0,1
2557,WELL-00008_20170818150123,WELL-00008,0,3,2017-08-18T18:01:23+00:00,0,False,0,1
2558,WELL-00008_20170818150123,WELL-00008,0,4,2017-08-18T19:01:23+00:00,0,False,0,1
2559,WELL-00008_20170818200310,WELL-00008,0,1,2017-08-18T21:03:10+00:00,0,False,0,1
2560,WELL-00008_20170818200310,WELL-00008,0,2,2017-08-18T22:03:10+00:00,0,False,0,1
2561,WELL-00008_20170818200310,WELL-00008,0,3,2017-08-18T23:03:10+00:00,0,False,0,1
2562,WELL-00008_20170818200310,WELL-00008,0,4,2017-08-19T00:03:10+00:00,0,False,0,1
2563,WELL-00008_20170819010123,WELL-00008,0,1,2017-08-19T02:01:23+00:00,0,False,0,1
2564,WELL-00008_20170819010123,WELL-00008,0,2,2017-08-19T03:01:23+00:00,0,False,0,1
2565,WELL-00008_20170819010123,WELL-00008,0,3,2017-08-19T04:01:23+00:00,0,False,0,1
2566,WELL-00008_20170819010123,WELL-00008,0,4,2017-08-19T05:01:23+00:00,0,False,0,1
2567,WELL-00008_20170819060246,WELL-00008,0,1,2017-08-19T07:02:46+00:00,0,False,0,1
2568,WELL-00008_20170819060246,WELL-00008,0,2,2017-08-19T08:02:46+00:00,0,False,0,1
2569,WELL-00008_20170819060246,WELL-00008,0,3,2017-08-19T09:02:46+00:00,0,False,0,1
2570,WELL-00008_20170819060246,WELL-00008,0,4,2017-08-19T10:02:46+00:00,0,False,0,1
2571,WELL-00008_20170819110210,WELL-00008,0,1,2017-08-19T12:02:10+00:00,0,False,0,1
2572,WELL-00008_20170819110210,WELL-00008,0,2,2017-08-19T13:02:10+00:00,0,False,0,1
2573,WELL-00008_20170819110210,WELL-00008,0,3,2017-08-19T14:02:10+00:00,0,False,0,1
2574,WELL-00008_20170819110210,WELL-00008,0,4,2017-08-19T15:02:10+00:00,0,False,0,1
2575,WELL-00008_20170914010321,WELL-00008,0,1,2017-09-14T02:03:21+00:00,0,False,0,1
2576,WELL-00008_20170914010321,WELL-00008,0,2,2017-09-14T03:03:21+00:00,0,False,0,1
2577,WELL-00008_20170914010321,WELL-00008,0,3,2017-09-14T04:03:21+00:00,0,False,0,1
2578,WELL-00008_20170914010321,WELL-00008,0,4,2017-09-14T05:03:21+00:00,0,False,0,1
2579,WELL-00008_20170914060222,WELL-00008,0,1,2017-09-14T07:02:22+00:00,0,False,0,1
2580,WELL-00008_20170914060222,WELL-00008,0,2,2017-09-14T08:02:22+00:00,0,False,0,1
2581,WELL-00008_20170914060222,WELL-00008,0,3,2017-09-14T09:02:22+00:00,0,False,0,1
2582,WELL-00008_20170914060222,WELL-00008,0,4,2017-09-14T10:02:22+00:00,0,False,0,1
2583,WELL-00008_20170914110246,WELL-00008,0,1,2017-09-14T12:02:46+00:00,0,False,0,1
2584,WELL-00008_20170914110246,WELL-00008,0,2,2017-09-14T13:02:46+00:00,0,False,0,1
2585,WELL-00008_20170914110246,WELL-00008,0,3,2017-09-14T14:02:46+00:00,0,False,0,1
2586,WELL-00008_20170914110246,WELL-00008,0,4,2017-09-14T15:02:46+00:00,0,False,0,1
2587,WELL-00009_20170313150804,WELL-00009,2,1,2017-03-13T16:08:04+00:00,1,True,0,6
2588,WELL-00010_20171218180131,WELL-00010,2,1,2017-12-18T19:01:31+00:00,0,False,0,3
2589,WELL-00010_20171218180131,WELL-00010,2,2,2017-12-18T20:01:31+00:00,1,True,0,3
2590,WELL-00010_20180416070150,WELL-00010,4,1,2018-04-16T08:01:50+00:00,1,False,0,3
2591,WELL-00010_20180416090133,WELL-00010,4,1,2018-04-16T10:01:33+00:00,1,False,0,3
2592,WELL-00010_20180416110120,WELL-00010,4,1,2018-04-16T12:01:20+00:00,1,False,0,3
2593,WELL-00010_20180416130038,WELL-00010,4,1,2018-04-16T14:00:38+00:00,1,False,0,3
2594,WELL-00010_20180416150107,WELL-00010,4,1,2018-04-16T16:01:07+00:00,1,False,0,3
2595,WELL-00010_20180416170029,WELL-00010,4,1,2018-04-16T18:00:29+00:00,1,False,0,3
2596,WELL-00010_20180416190008,WELL-00010,4,1,2018-04-16T20:00:08+00:00,1,False,0,3
2597,WELL-00010_20180416210141,WELL-00010,4,1,2018-04-16T22:01:41+00:00,1,False,0,3
2598,WELL-00010_20180416230055,WELL-00010,4,1,2018-04-17T00:00:55+00:00,1,False,0,3
2599,WELL-00010_20180417010107,WELL-00010,4,1,2018-04-17T02:01:07+00:00,1,False,0,3
2600,WELL-00010_20180417030033,WELL-00010,4,1,2018-04-17T04:00:33+00:00,1,False,0,3
2601,WELL-00010_20180417050046,WELL-00010,4,1,2018-04-17T06:00:46+00:00,1,False,0,3
2602,WELL-00010_20180422170012,WELL-00010,4,1,2018-04-22T18:00:12+00:00,1,False,0,3
2603,WELL-00010_20180422190158,WELL-00010,4,1,2018-04-22T20:01:58+00:00,1,False,0,3
2604,WELL-00010_20180422210038,WELL-00010,4,1,2018-04-22T22:00:38+00:00,1,False,0,3
2605,WELL-00010_20180422230029,WELL-00010,4,1,2018-04-23T00:00:29+00:00,1,False,0,3
2606,WELL-00010_20180423010129,WELL-00010,4,1,2018-04-23T02:01:29+00:00,1,False,0,3
2607,WELL-00010_20180423030021,WELL-00010,4,1,2018-04-23T04:00:21+00:00,1,False,0,3
2608,WELL-00010_20180423050353,WELL-00010,4,1,2018-04-23T06:03:53+00:00,1,False,0,3
2609,WELL-00010_20180423070107,WELL-00010,4,1,2018-04-23T08:01:07+00:00,1,False,0,3
2610,WELL-00010_20180423090050,WELL-00010,4,1,2018-04-23T10:00:50+00:00,1,False,0,3
2611,WELL-00010_20180423110112,WELL-00010,4,1,2018-04-23T12:01:12+00:00,1,False,0,3
2612,WELL-00010_20180423130025,WELL-00010,4,1,2018-04-23T14:00:25+00:00,1,False,0,3
2613,WELL-00010_20180423150129,WELL-00010,4,1,2018-04-23T16:01:29+00:00,1,False,0,3
2614,WELL-00010_20180423170042,WELL-00010,4,1,2018-04-23T18:00:42+00:00,1,False,0,3
2615,WELL-00010_20180423190021,WELL-00010,4,1,2018-04-23T20:00:21+00:00,1,False,0,3
2616,WELL-00010_20180423210016,WELL-00010,4,1,2018-04-23T22:00:16+00:00,1,False,0,3
2617,WELL-00010_20180423230033,WELL-00010,4,1,2018-04-24T00:00:33+00:00,1,False,0,3
2618,WELL-00010_20180424010059,WELL-00010,4,1,2018-04-24T02:00:59+00:00,1,False,0,3
2619,WELL-00010_20180424030012,WELL-00010,4,1,2018-04-24T04:00:12+00:00,1,False,0,3
2620,WELL-00010_20180424050029,WELL-00010,4,1,2018-04-24T06:00:29+00:00,1,False,0,3
2621,WELL-00010_20180424070107,WELL-00010,4,1,2018-04-24T08:01:07+00:00,1,False,0,3
2622,WELL-00010_20180424090046,WELL-00010,4,1,2018-04-24T10:00:46+00:00,1,False,0,3
2623,WELL-00010_20180424110050,WELL-00010,4,1,2018-04-24T12:00:50+00:00,1,False,0,3
2624,WELL-00010_20180424130033,WELL-00010,4,1,2018-04-24T14:00:33+00:00,1,False,0,3
2625,WELL-00010_20180424150129,WELL-00010,4,1,2018-04-24T16:01:29+00:00,1,False,0,3
2626,WELL-00010_20180424170033,WELL-00010,4,1,2018-04-24T18:00:33+00:00,1,False,0,3
2627,WELL-00010_20180424190133,WELL-00010,4,1,2018-04-24T20:01:33+00:00,1,False,0,3
2628,WELL-00010_20180424210211,WELL-00010,4,1,2018-04-24T22:02:11+00:00,1,False,0,3
2629,WELL-00010_20180424230232,WELL-00010,4,1,2018-04-25T00:02:32+00:00,1,False,0,3
2630,WELL-00010_20180425010050,WELL-00010,4,1,2018-04-25T02:00:50+00:00,1,False,0,3
2631,WELL-00010_20180425030224,WELL-00010,4,1,2018-04-25T04:02:24+00:00,1,False,0,3
2632,WELL-00010_20180425050158,WELL-00010,4,1,2018-04-25T06:01:58+00:00,1,False,0,3
2633,WELL-00010_20180425070141,WELL-00010,4,1,2018-04-25T08:01:41+00:00,1,False,0,3
2634,WELL-00010_20180425090033,WELL-00010,4,1,2018-04-25T10:00:33+00:00,1,False,0,3
2635,WELL-00010_20180425110029,WELL-00010,4,1,2018-04-25T12:00:29+00:00,1,False,0,3
2636,WELL-00010_20180425130016,WELL-00010,4,1,2018-04-25T14:00:16+00:00,1,False,0,3
2637,WELL-00010_20180425150107,WELL-00010,4,1,2018-04-25T16:01:07+00:00,1,False,0,3
2638,WELL-00010_20180425170046,WELL-00010,4,1,2018-04-25T18:00:46+00:00,1,False,0,3
2639,WELL-00010_20180425190116,WELL-00010,4,1,2018-04-25T20:01:16+00:00,1,False,0,3
2640,WELL-00010_20180425210046,WELL-00010,4,1,2018-04-25T22:00:46+00:00,1,False,0,3
2641,WELL-00010_20180425230124,WELL-00010,4,1,2018-04-26T00:01:24+00:00,1,False,0,3
2642,WELL-00010_20180426010124,WELL-00010,4,1,2018-04-26T02:01:24+00:00,1,False,0,3
2643,WELL-00010_20180426030033,WELL-00010,4,1,2018-04-26T04:00:33+00:00,1,False,0,3
2644,WELL-00010_20180426050029,WELL-00010,4,1,2018-04-26T06:00:29+00:00,1,False,0,3
2645,WELL-00010_20180426070025,WELL-00010,4,1,2018-04-26T08:00:25+00:00,1,False,0,3
2646,WELL-00010_20180426090042,WELL-00010,4,1,2018-04-26T10:00:42+00:00,1,False,0,3
2647,WELL-00010_20180426110107,WELL-00010,4,1,2018-04-26T12:01:07+00:00,1,False,0,3
2648,WELL-00010_20180426130141,WELL-00010,4,1,2018-04-26T14:01:41+00:00,1,False,0,3
2649,WELL-00010_20180426150008,WELL-00010,4,1,2018-04-26T16:00:08+00:00,1,False,0,3
2650,WELL-00010_20180426170103,WELL-00010,4,1,2018-04-26T18:01:03+00:00,1,False,0,3
2651,WELL-00010_20180426190107,WELL-00010,4,1,2018-04-26T20:01:07+00:00,1,False,0,3
2652,WELL-00010_20180426210116,WELL-00010,4,1,2018-04-26T22:01:16+00:00,1,False,0,3
2653,WELL-00010_20180426230008,WELL-00010,4,1,2018-04-27T00:00:08+00:00,1,False,0,3
2654,WELL-00010_20180427010029,WELL-00010,4,1,2018-04-27T02:00:29+00:00,1,False,0,3
2655,WELL-00010_20180427030025,WELL-00010,4,1,2018-04-27T04:00:25+00:00,1,False,0,3
2656,WELL-00010_20180427050042,WELL-00010,4,1,2018-04-27T06:00:42+00:00,1,False,0,3
2657,WELL-00010_20180427070107,WELL-00010,4,1,2018-04-27T08:01:07+00:00,1,False,0,3
2658,WELL-00010_20180427090107,WELL-00010,4,1,2018-04-27T10:01:07+00:00,1,False,0,3
2659,WELL-00010_20180427110016,WELL-00010,4,1,2018-04-27T12:00:16+00:00,1,False,0,3
2660,WELL-00010_20180427130112,WELL-00010,4,1,2018-04-27T14:01:12+00:00,1,False,0,3
2661,WELL-00010_20180427150025,WELL-00010,4,1,2018-04-27T16:00:25+00:00,1,False,0,3
2662,WELL-00010_20180427170042,WELL-00010,4,1,2018-04-27T18:00:42+00:00,1,False,0,3
2663,WELL-00010_20180427190340,WELL-00010,4,1,2018-04-27T20:03:40+00:00,1,False,0,3
2664,WELL-00010_20180427210055,WELL-00010,4,1,2018-04-27T22:00:55+00:00,1,False,0,3
2665,WELL-00010_20180427230016,WELL-00010,4,1,2018-04-28T00:00:16+00:00,1,False,0,3
2666,WELL-00010_20180428010211,WELL-00010,4,1,2018-04-28T02:02:11+00:00,1,False,0,3
2667,WELL-00010_20180428030137,WELL-00010,4,1,2018-04-28T04:01:37+00:00,1,False,0,3
2668,WELL-00010_20180428050033,WELL-00010,4,1,2018-04-28T06:00:33+00:00,1,False,0,3
2669,WELL-00010_20180428070033,WELL-00010,4,1,2018-04-28T08:00:33+00:00,1,False,0,3
2670,WELL-00010_20180428090116,WELL-00010,4,1,2018-04-28T10:01:16+00:00,1,False,0,3
2671,WELL-00010_20180428110207,WELL-00010,4,1,2018-04-28T12:02:07+00:00,1,False,0,3
2672,WELL-00010_20180428130249,WELL-00010,4,1,2018-04-28T14:02:49+00:00,1,False,0,3
2673,WELL-00010_20180517000402,WELL-00010,9,1,2018-05-17T01:04:02+00:00,0,False,0,3
2674,WELL-00010_20180517000402,WELL-00010,9,2,2018-05-17T02:04:02+00:00,0,False,0,3
2675,WELL-00010_20180517000402,WELL-00010,9,3,2018-05-17T03:04:02+00:00,0,False,0,3
2676,WELL-00010_20180517000402,WELL-00010,9,4,2018-05-17T04:04:02+00:00,0,False,0,3
2677,WELL-00010_20180517000402,WELL-00010,9,5,2018-05-17T05:04:02+00:00,0,False,0,3
2678,WELL-00010_20180517000402,WELL-00010,9,6,2018-05-17T06:04:02+00:00,0,False,0,3
2679,WELL-00010_20180517000402,WELL-00010,9,7,2018-05-17T07:04:02+00:00,0,False,0,3
2680,WELL-00010_20180517000402,WELL-00010,9,8,2018-05-17T08:04:02+00:00,0,False,0,3
2681,WELL-00010_20180517000402,WELL-00010,9,9,2018-05-17T09:04:02+00:00,0,False,0,3
2682,WELL-00010_20180517000402,WELL-00010,9,10,2018-05-17T10:04:02+00:00,0,False,0,3
2683,WELL-00010_20180517000402,WELL-00010,9,11,2018-05-17T11:04:02+00:00,0,False,0,3
2684,WELL-00010_20180517000402,WELL-00010,9,12,2018-05-17T12:04:02+00:00,0,False,0,3
2685,WELL-00010_20180517000402,WELL-00010,9,13,2018-05-17T13:04:02+00:00,0,False,0,3
2686,WELL-00010_20180517000402,WELL-00010,9,14,2018-05-17T14:04:02+00:00,0,False,0,3
2687,WELL-00010_20180517000402,WELL-00010,9,15,2018-05-17T15:04:02+00:00,0,False,0,3
2688,WELL-00010_20180517000402,WELL-00010,9,16,2018-05-17T16:04:02+00:00,0,False,0,3
2689,WELL-00010_20180517000402,WELL-00010,9,17,2018-05-17T17:04:02+00:00,0,False,0,3
2690,WELL-00010_20180517000402,WELL-00010,9,18,2018-05-17T18:04:02+00:00,0,False,0,3
2691,WELL-00010_20180517000402,WELL-00010,9,19,2018-05-17T19:04:02+00:00,0,False,0,3
2692,WELL-00010_20180517000402,WELL-00010,9,20,2018-05-17T20:04:02+00:00,0,False,0,3
2693,WELL-00010_20180715083053,WELL-00010,9,1,2018-07-15T09:30:53+00:00,0,False,0,3
2694,WELL-00010_20180715083053,WELL-00010,9,2,2018-07-15T10:30:53+00:00,0,False,0,3
2695,WELL-00010_20180715083053,WELL-00010,9,3,2018-07-15T11:30:53+00:00,0,False,0,3
2696,WELL-00010_20180715083053,WELL-00010,9,4,2018-07-15T12:30:53+00:00,0,False,0,3
2697,WELL-00010_20180717234051,WELL-00010,9,1,2018-07-18T00:40:51+00:00,0,False,0,3
2698,WELL-00010_20180717234051,WELL-00010,9,2,2018-07-18T01:40:51+00:00,0,False,0,3
2699,WELL-00010_20180717234051,WELL-00010,9,3,2018-07-18T02:40:51+00:00,0,False,0,3
2700,WELL-00010_20180717234051,WELL-00010,9,4,2018-07-18T03:40:51+00:00,0,False,0,3
2701,WELL-00010_20180720234103,WELL-00010,9,1,2018-07-21T00:41:03+00:00,0,False,0,3
2702,WELL-00010_20180720234103,WELL-00010,9,2,2018-07-21T01:41:03+00:00,0,False,0,3
2703,WELL-00010_20180720234103,WELL-00010,9,3,2018-07-21T02:41:03+00:00,0,False,0,3
2704,WELL-00010_20180720234103,WELL-00010,9,4,2018-07-21T03:41:03+00:00,0,False,0,3
2705,WELL-00010_20180720234103,WELL-00010,9,5,2018-07-21T04:41:03+00:00,0,False,0,3
2706,WELL-00010_20180723134436,WELL-00010,9,1,2018-07-23T14:44:36+00:00,0,False,0,3
2707,WELL-00010_20180723134436,WELL-00010,9,2,2018-07-23T15:44:36+00:00,0,False,0,3
2708,WELL-00010_20180723134436,WELL-00010,9,3,2018-07-23T16:44:36+00:00,0,False,0,3
2709,WELL-00010_20180723134436,WELL-00010,9,4,2018-07-23T17:44:36+00:00,0,False,0,3
2710,WELL-00010_20180723134436,WELL-00010,9,5,2018-07-23T18:44:36+00:00,0,False,0,3
2711,WELL-00010_20180723134436,WELL-00010,9,6,2018-07-23T19:44:36+00:00,0,False,0,3
2712,WELL-00010_20180723134436,WELL-00010,9,7,2018-07-23T20:44:36+00:00,0,False,0,3
2713,WELL-00010_20180723134436,WELL-00010,9,8,2018-07-23T21:44:36+00:00,0,False,0,3
2714,WELL-00010_20180723134436,WELL-00010,9,9,2018-07-23T22:44:36+00:00,0,False,0,3
2715,WELL-00010_20180723134436,WELL-00010,9,10,2018-07-23T23:44:36+00:00,0,False,0,3
2716,WELL-00010_20180723134436,WELL-00010,9,11,2018-07-24T00:44:36+00:00,0,False,0,3
2717,WELL-00010_20180723134436,WELL-00010,9,12,2018-07-24T01:44:36+00:00,0,False,0,3
2718,WELL-00010_20180723134436,WELL-00010,9,13,2018-07-24T02:44:36+00:00,0,False,0,3
2719,WELL-00010_20180723134436,WELL-00010,9,14,2018-07-24T03:44:36+00:00,0,False,0,3
2720,WELL-00010_20180723134436,WELL-00010,9,15,2018-07-24T04:44:36+00:00,0,False,0,3
2721,WELL-00010_20180723134436,WELL-00010,9,16,2018-07-24T05:44:36+00:00,0,False,0,3
2722,WELL-00010_20180723134436,WELL-00010,9,17,2018-07-24T06:44:36+00:00,0,False,0,3
2723,WELL-00010_20180723134436,WELL-00010,9,18,2018-07-24T07:44:36+00:00,0,False,0,3
2724,WELL-00010_20180723134436,WELL-00010,9,19,2018-07-24T08:44:36+00:00,0,False,0,3
2725,WELL-00010_20180723134436,WELL-00010,9,20,2018-07-24T09:44:36+00:00,0,False,0,3
2726,WELL-00010_20180723134436,WELL-00010,9,21,2018-07-24T10:44:36+00:00,0,False,0,3
2727,WELL-00010_20180723134436,WELL-00010,9,22,2018-07-24T11:44:36+00:00,0,False,0,3
2728,WELL-00010_20180723134436,WELL-00010,9,23,2018-07-24T12:44:36+00:00,0,False,0,3
2729,WELL-00011_20140515083000,WELL-00011,2,1,2014-05-15T09:30:00+00:00,0,False,0,4
2730,WELL-00011_20140515083000,WELL-00011,2,2,2014-05-15T10:30:00+00:00,1,True,0,4
2731,WELL-00011_20140515083000,WELL-00011,2,3,2014-05-15T11:30:00+00:00,1,True,0,4
2732,WELL-00011_20140515083000,WELL-00011,2,4,2014-05-15T12:30:00+00:00,1,True,0,4
2733,WELL-00011_20140515083000,WELL-00011,2,5,2014-05-15T13:30:00+00:00,1,True,0,4
2734,WELL-00011_20140515083000,WELL-00011,2,6,2014-05-15T14:30:00+00:00,1,False,0,4
2735,WELL-00011_20140515083000,WELL-00011,2,7,2014-05-15T15:30:00+00:00,1,False,0,4
2736,WELL-00011_20140530083203,WELL-00011,2,1,2014-05-30T09:32:03+00:00,1,True,0,4
2737,WELL-00011_20140606213810,WELL-00011,2,1,2014-06-06T22:38:10+00:00,1,True,0,4
2738,WELL-00011_20140606213810,WELL-00011,2,2,2014-06-06T23:38:10+00:00,1,True,0,4
2739,WELL-00011_20140606213810,WELL-00011,2,3,2014-06-07T00:38:10+00:00,1,True,0,4
2740,WELL-00011_20140606213810,WELL-00011,2,4,2014-06-07T01:38:10+00:00,1,False,0,4
2741,WELL-00011_20140720110102,WELL-00011,2,1,2014-07-20T12:01:02+00:00,0,False,0,4
2742,WELL-00011_20140720110102,WELL-00011,2,2,2014-07-20T13:01:02+00:00,1,True,0,4
2743,WELL-00011_20140720110102,WELL-00011,2,3,2014-07-20T14:01:02+00:00,1,True,0,4
2744,WELL-00011_20140726165720,WELL-00011,2,1,2014-07-26T17:57:20+00:00,1,True,0,4
2745,WELL-00011_20140823230118,WELL-00011,2,1,2014-08-24T00:01:18+00:00,1,True,0,4
2746,WELL-00011_20140823230118,WELL-00011,2,2,2014-08-24T01:01:18+00:00,1,True,0,4
2747,WELL-00011_20140823230118,WELL-00011,2,3,2014-08-24T02:01:18+00:00,1,True,0,4
2748,WELL-00011_20140823230118,WELL-00011,2,4,2014-08-24T03:01:18+00:00,1,True,0,4
2749,WELL-00011_20140916050300,WELL-00011,2,1,2014-09-16T06:03:00+00:00,0,False,0,4
2750,WELL-00011_20140921183228,WELL-00011,2,1,2014-09-21T19:32:28+00:00,1,True,0,4
2751,WELL-00011_20140928090056,WELL-00011,2,1,2014-09-28T10:00:56+00:00,1,True,0,4
2752,WELL-00011_20140929153332,WELL-00011,2,1,2014-09-29T16:33:32+00:00,1,True,0,4
2753,WELL-00011_20140929210121,WELL-00011,2,1,2014-09-29T22:01:21+00:00,1,True,0,4
2754,WELL-00011_20141005160056,WELL-00011,2,1,2014-10-05T17:00:56+00:00,1,True,0,4
2755,WELL-00011_20141006150121,WELL-00011,2,1,2014-10-06T16:01:21+00:00,1,True,0,4
2756,WELL-00012_20170320011000,WELL-00012,2,1,2017-03-20T02:10:00+00:00,0,False,0,5
2757,WELL-00012_20170320123144,WELL-00012,2,1,2017-03-20T13:31:44+00:00,0,False,0,5
2758,WELL-00013_20170329010229,WELL-00013,2,1,2017-03-29T02:02:29+00:00,0,False,0,4
2759,WELL-00013_20170329010229,WELL-00013,2,2,2017-03-29T03:02:29+00:00,1,True,0,4
2760,WELL-00014_20160304155906,WELL-00014,9,1,2016-03-04T16:59:06+00:00,0,False,0,6
2761,WELL-00014_20160304155906,WELL-00014,9,2,2016-03-04T17:59:06+00:00,0,False,0,6
2762,WELL-00014_20160304155906,WELL-00014,9,3,2016-03-04T18:59:06+00:00,0,False,0,6
2763,WELL-00014_20160304155906,WELL-00014,9,4,2016-03-04T19:59:06+00:00,0,False,0,6
2764,WELL-00014_20160304155906,WELL-00014,9,5,2016-03-04T20:59:06+00:00,0,False,0,6
2765,WELL-00014_20160304155906,WELL-00014,9,6,2016-03-04T21:59:06+00:00,1,True,0,6
2766,WELL-00014_20160304155906,WELL-00014,9,7,2016-03-04T22:59:06+00:00,1,True,0,6
2767,WELL-00014_20160304155906,WELL-00014,9,8,2016-03-04T23:59:06+00:00,1,True,0,6
2768,WELL-00014_20160304155906,WELL-00014,9,9,2016-03-05T00:59:06+00:00,1,True,0,6
2769,WELL-00014_20160304155906,WELL-00014,9,10,2016-03-05T01:59:06+00:00,1,True,0,6
2770,WELL-00014_20160304155906,WELL-00014,9,11,2016-03-05T02:59:06+00:00,1,True,0,6
2771,WELL-00014_20160304155906,WELL-00014,9,12,2016-03-05T03:59:06+00:00,1,True,0,6
2772,WELL-00014_20160304155906,WELL-00014,9,13,2016-03-05T04:59:06+00:00,1,True,0,6
2773,WELL-00014_20160304155906,WELL-00014,9,14,2016-03-05T05:59:06+00:00,1,True,0,6
2774,WELL-00014_20160304155906,WELL-00014,9,15,2016-03-05T06:59:06+00:00,1,True,0,6
2775,WELL-00014_20160304155906,WELL-00014,9,16,2016-03-05T07:59:06+00:00,1,True,0,6
2776,WELL-00014_20160304155906,WELL-00014,9,17,2016-03-05T08:59:06+00:00,1,True,0,6
2777,WELL-00014_20160304155906,WELL-00014,9,18,2016-03-05T09:59:06+00:00,1,True,0,6
2778,WELL-00014_20160306070000,WELL-00014,9,1,2016-03-06T08:00:00+00:00,0,False,0,6
2779,WELL-00014_20160306070000,WELL-00014,9,2,2016-03-06T09:00:00+00:00,0,False,0,6
2780,WELL-00014_20160306070000,WELL-00014,9,3,2016-03-06T10:00:00+00:00,0,False,0,6
2781,WELL-00014_20160306070000,WELL-00014,9,4,2016-03-06T11:00:00+00:00,0,False,0,6
2782,WELL-00014_20160306070000,WELL-00014,9,5,2016-03-06T12:00:00+00:00,1,True,0,6
2783,WELL-00014_20160306070000,WELL-00014,9,6,2016-03-06T13:00:00+00:00,1,True,0,6
2784,WELL-00014_20160306070000,WELL-00014,9,7,2016-03-06T14:00:00+00:00,1,True,0,6
2785,WELL-00014_20160306070000,WELL-00014,9,8,2016-03-06T15:00:00+00:00,1,True,0,6
2786,WELL-00014_20160306070000,WELL-00014,9,9,2016-03-06T16:00:00+00:00,1,True,0,6
2787,WELL-00014_20170214190000,WELL-00014,9,1,2017-02-14T20:00:00+00:00,0,False,0,6
2788,WELL-00014_20170214190000,WELL-00014,9,2,2017-02-14T21:00:00+00:00,0,False,0,6
2789,WELL-00014_20170214190000,WELL-00014,9,3,2017-02-14T22:00:00+00:00,0,False,0,6
2790,WELL-00014_20170214190000,WELL-00014,9,4,2017-02-14T23:00:00+00:00,0,False,0,6
2791,WELL-00014_20170214190000,WELL-00014,9,5,2017-02-15T00:00:00+00:00,1,False,0,6
2792,WELL-00014_20170915080021,WELL-00014,4,1,2017-09-15T09:00:21+00:00,1,False,0,6
2793,WELL-00014_20170915100033,WELL-00014,4,1,2017-09-15T11:00:33+00:00,1,False,0,6
2794,WELL-00014_20170915120107,WELL-00014,4,1,2017-09-15T13:01:07+00:00,1,False,0,6
2795,WELL-00014_20170915140059,WELL-00014,4,1,2017-09-15T15:00:59+00:00,1,False,0,6
2796,WELL-00014_20170915160012,WELL-00014,4,1,2017-09-15T17:00:12+00:00,1,False,0,6
2797,WELL-00014_20170915180050,WELL-00014,4,1,2017-09-15T19:00:50+00:00,1,False,0,6
2798,WELL-00014_20170915200116,WELL-00014,4,1,2017-09-15T21:01:16+00:00,1,False,0,6
2799,WELL-00014_20170916170016,WELL-00014,4,1,2017-09-16T18:00:16+00:00,1,False,0,6
2800,WELL-00014_20170916190112,WELL-00014,4,1,2017-09-16T20:01:12+00:00,1,False,0,6
2801,WELL-00014_20170916210059,WELL-00014,4,1,2017-09-16T22:00:59+00:00,1,False,0,6
2802,WELL-00014_20170916230042,WELL-00014,4,1,2017-09-17T00:00:42+00:00,1,False,0,6
2803,WELL-00014_20170917010012,WELL-00014,4,1,2017-09-17T02:00:12+00:00,1,False,0,6
2804,WELL-00014_20170917030228,WELL-00014,4,1,2017-09-17T04:02:28+00:00,1,False,0,6
2805,WELL-00014_20170917050111,WELL-00014,4,1,2017-09-17T06:01:11+00:00,1,False,0,6
2806,WELL-00014_20170917070112,WELL-00014,4,1,2017-09-17T08:01:12+00:00,1,False,0,6
2807,WELL-00014_20170917090055,WELL-00014,4,1,2017-09-17T10:00:55+00:00,1,False,0,6
2808,WELL-00014_20170917110016,WELL-00014,4,1,2017-09-17T12:00:16+00:00,1,False,0,6
2809,WELL-00014_20170917140000,WELL-00014,3,1,2017-09-17T15:00:00+00:00,1,False,0,6
2810,WELL-00014_20170917140000,WELL-00014,3,2,2017-09-17T16:00:00+00:00,1,False,0,6
2811,WELL-00014_20170917140000,WELL-00014,3,3,2017-09-17T17:00:00+00:00,1,False,0,6
2812,WELL-00014_20170917140000,WELL-00014,3,4,2017-09-17T18:00:00+00:00,1,False,0,6
2813,WELL-00014_20170917190000,WELL-00014,3,1,2017-09-17T20:00:00+00:00,1,False,0,6
2814,WELL-00014_20170917190000,WELL-00014,3,2,2017-09-17T21:00:00+00:00,1,False,0,6
2815,WELL-00014_20170917190000,WELL-00014,3,3,2017-09-17T22:00:00+00:00,1,False,0,6
2816,WELL-00014_20170917190000,WELL-00014,3,4,2017-09-17T23:00:00+00:00,1,False,0,6
2817,WELL-00014_20170918010114,WELL-00014,3,1,2017-09-18T02:01:14+00:00,1,False,0,6
2818,WELL-00014_20170918010114,WELL-00014,3,2,2017-09-18T03:01:14+00:00,1,False,0,6
2819,WELL-00014_20170918010114,WELL-00014,3,3,2017-09-18T04:01:14+00:00,1,False,0,6
2820,WELL-00014_20170918010114,WELL-00014,3,4,2017-09-18T05:01:14+00:00,1,False,0,6
2821,WELL-00014_20170918060135,WELL-00014,3,1,2017-09-18T07:01:35+00:00,1,False,0,6
2822,WELL-00014_20170918060135,WELL-00014,3,2,2017-09-18T08:01:35+00:00,1,False,0,6
2823,WELL-00014_20170918060135,WELL-00014,3,3,2017-09-18T09:01:35+00:00,1,False,0,6
2824,WELL-00014_20170918060135,WELL-00014,3,4,2017-09-18T10:01:35+00:00,1,False,0,6
2825,WELL-00014_20170918110103,WELL-00014,3,1,2017-09-18T12:01:03+00:00,1,False,0,6
2826,WELL-00014_20170918110103,WELL-00014,3,2,2017-09-18T13:01:03+00:00,1,False,0,6
2827,WELL-00014_20170918110103,WELL-00014,3,3,2017-09-18T14:01:03+00:00,1,False,0,6
2828,WELL-00014_20170918110103,WELL-00014,3,4,2017-09-18T15:01:03+00:00,1,False,0,6
2829,WELL-00014_20170919200016,WELL-00014,3,1,2017-09-19T21:00:16+00:00,1,False,0,6
2830,WELL-00014_20170919200016,WELL-00014,3,2,2017-09-19T22:00:16+00:00,1,False,0,6
2831,WELL-00014_20170919200016,WELL-00014,3,3,2017-09-19T23:00:16+00:00,1,False,0,6
2832,WELL-00014_20170920000042,WELL-00014,3,1,2017-09-20T01:00:42+00:00,1,False,0,6
2833,WELL-00014_20170920000042,WELL-00014,3,2,2017-09-20T02:00:42+00:00,1,False,0,6
2834,WELL-00014_20170920000042,WELL-00014,3,3,2017-09-20T03:00:42+00:00,1,False,0,6
2835,WELL-00014_20170920000042,WELL-00014,3,4,2017-09-20T04:00:42+00:00,1,False,0,6
2836,WELL-00014_20170920050228,WELL-00014,3,1,2017-09-20T06:02:28+00:00,1,False,0,6
2837,WELL-00014_20170920050228,WELL-00014,3,2,2017-09-20T07:02:28+00:00,1,False,0,6
2838,WELL-00014_20170920050228,WELL-00014,3,3,2017-09-20T08:02:28+00:00,1,False,0,6
2839,WELL-00014_20170920050228,WELL-00014,3,4,2017-09-20T09:02:28+00:00,1,False,0,6
2840,WELL-00014_20170920100053,WELL-00014,3,1,2017-09-20T11:00:53+00:00,1,False,0,6
2841,WELL-00014_20170920100053,WELL-00014,3,2,2017-09-20T12:00:53+00:00,1,False,0,6
2842,WELL-00014_20170920100053,WELL-00014,3,3,2017-09-20T13:00:53+00:00,1,False,0,6
2843,WELL-00014_20170920100053,WELL-00014,3,4,2017-09-20T14:00:53+00:00,1,False,0,6
2844,WELL-00014_20170920180207,WELL-00014,3,1,2017-09-20T19:02:07+00:00,1,False,0,6
2845,WELL-00014_20170920180207,WELL-00014,3,2,2017-09-20T20:02:07+00:00,1,False,0,6
2846,WELL-00014_20170920180207,WELL-00014,3,3,2017-09-20T21:02:07+00:00,1,False,0,6
2847,WELL-00014_20170920180207,WELL-00014,3,4,2017-09-20T22:02:07+00:00,1,False,0,6
2848,WELL-00014_20170920230053,WELL-00014,3,1,2017-09-21T00:00:53+00:00,1,False,0,6
2849,WELL-00014_20170920230053,WELL-00014,3,2,2017-09-21T01:00:53+00:00,1,False,0,6
2850,WELL-00014_20170920230053,WELL-00014,3,3,2017-09-21T02:00:53+00:00,1,False,0,6
2851,WELL-00014_20170920230053,WELL-00014,3,4,2017-09-21T03:00:53+00:00,1,False,0,6
2852,WELL-00014_20170921040404,WELL-00014,3,1,2017-09-21T05:04:04+00:00,1,False,0,6
2853,WELL-00014_20170921040404,WELL-00014,3,2,2017-09-21T06:04:04+00:00,1,False,0,6
2854,WELL-00014_20170921040404,WELL-00014,3,3,2017-09-21T07:04:04+00:00,1,False,0,6
2855,WELL-00014_20170921040404,WELL-00014,3,4,2017-09-21T08:04:04+00:00,1,False,0,6
2856,WELL-00014_20170921090155,WELL-00014,3,1,2017-09-21T10:01:55+00:00,1,False,0,6
2857,WELL-00014_20170921090155,WELL-00014,3,2,2017-09-21T11:01:55+00:00,1,False,0,6
2858,WELL-00014_20170921090155,WELL-00014,3,3,2017-09-21T12:01:55+00:00,1,False,0,6
2859,WELL-00014_20170921090155,WELL-00014,3,4,2017-09-21T13:01:55+00:00,1,False,0,6
2860,WELL-00014_20170921140042,WELL-00014,3,1,2017-09-21T15:00:42+00:00,1,False,0,6
2861,WELL-00014_20170921140042,WELL-00014,3,2,2017-09-21T16:00:42+00:00,1,False,0,6
2862,WELL-00014_20170921140042,WELL-00014,3,3,2017-09-21T17:00:42+00:00,1,False,0,6
2863,WELL-00014_20170921140042,WELL-00014,3,4,2017-09-21T18:00:42+00:00,1,False,0,6
2864,WELL-00014_20170921190114,WELL-00014,3,1,2017-09-21T20:01:14+00:00,1,False,0,6
2865,WELL-00014_20170921190114,WELL-00014,3,2,2017-09-21T21:01:14+00:00,1,False,0,6
2866,WELL-00014_20170921190114,WELL-00014,3,3,2017-09-21T22:01:14+00:00,1,False,0,6
2867,WELL-00014_20170921190114,WELL-00014,3,4,2017-09-21T23:01:14+00:00,1,False,0,6
2868,WELL-00014_20170922000042,WELL-00014,3,1,2017-09-22T01:00:42+00:00,1,False,0,6
2869,WELL-00014_20170922000042,WELL-00014,3,2,2017-09-22T02:00:42+00:00,1,False,0,6
2870,WELL-00014_20170922000042,WELL-00014,3,3,2017-09-22T03:00:42+00:00,1,False,0,6
2871,WELL-00014_20170922000042,WELL-00014,3,4,2017-09-22T04:00:42+00:00,1,False,0,6
2872,WELL-00014_20170922050124,WELL-00014,3,1,2017-09-22T06:01:24+00:00,1,False,0,6
2873,WELL-00014_20170922050124,WELL-00014,3,2,2017-09-22T07:01:24+00:00,1,False,0,6
2874,WELL-00014_20170922050124,WELL-00014,3,3,2017-09-22T08:01:24+00:00,1,False,0,6
2875,WELL-00014_20170922050124,WELL-00014,3,4,2017-09-22T09:01:24+00:00,1,False,0,6
2876,WELL-00014_20170922100042,WELL-00014,3,1,2017-09-22T11:00:42+00:00,1,False,0,6
2877,WELL-00014_20170922100042,WELL-00014,3,2,2017-09-22T12:00:42+00:00,1,False,0,6
2878,WELL-00014_20170922100042,WELL-00014,3,3,2017-09-22T13:00:42+00:00,1,False,0,6
2879,WELL-00014_20170922100042,WELL-00014,3,4,2017-09-22T14:00:42+00:00,1,False,0,6
2880,WELL-00014_20170922150249,WELL-00014,3,1,2017-09-22T16:02:49+00:00,1,False,0,6
2881,WELL-00014_20170922150249,WELL-00014,3,2,2017-09-22T17:02:49+00:00,1,False,0,6
2882,WELL-00014_20170922150249,WELL-00014,3,3,2017-09-22T18:02:49+00:00,1,False,0,6
2883,WELL-00014_20170922150249,WELL-00014,3,4,2017-09-22T19:02:49+00:00,1,False,0,6
2884,WELL-00014_20170923150033,WELL-00014,4,1,2017-09-23T16:00:33+00:00,1,False,0,6
2885,WELL-00014_20170923170059,WELL-00014,4,1,2017-09-23T18:00:59+00:00,1,False,0,6
2886,WELL-00014_20170923190120,WELL-00014,4,1,2017-09-23T20:01:20+00:00,1,False,0,6
2887,WELL-00014_20170924160050,WELL-00014,4,1,2017-09-24T17:00:50+00:00,1,False,0,6
2888,WELL-00014_20170925000031,WELL-00014,3,1,2017-09-25T01:00:31+00:00,1,False,0,6
2889,WELL-00014_20170925000031,WELL-00014,3,2,2017-09-25T02:00:31+00:00,1,False,0,6
2890,WELL-00014_20170925000031,WELL-00014,3,3,2017-09-25T03:00:31+00:00,1,False,0,6
2891,WELL-00014_20170925000031,WELL-00014,3,4,2017-09-25T04:00:31+00:00,1,False,0,6
2892,WELL-00014_20170925050042,WELL-00014,3,1,2017-09-25T06:00:42+00:00,1,False,0,6
2893,WELL-00014_20170925050042,WELL-00014,3,2,2017-09-25T07:00:42+00:00,1,False,0,6
2894,WELL-00014_20170925050042,WELL-00014,3,3,2017-09-25T08:00:42+00:00,1,False,0,6
2895,WELL-00014_20170925050042,WELL-00014,3,4,2017-09-25T09:00:42+00:00,1,False,0,6
2896,WELL-00014_20170925100124,WELL-00014,3,1,2017-09-25T11:01:24+00:00,1,False,0,6
2897,WELL-00014_20170925100124,WELL-00014,3,2,2017-09-25T12:01:24+00:00,1,False,0,6
2898,WELL-00014_20170925100124,WELL-00014,3,3,2017-09-25T13:01:24+00:00,1,False,0,6
2899,WELL-00014_20170925100124,WELL-00014,3,4,2017-09-25T14:01:24+00:00,1,False,0,6
2900,WELL-00014_20170925150218,WELL-00014,3,1,2017-09-25T16:02:18+00:00,1,False,0,6
2901,WELL-00014_20170925150218,WELL-00014,3,2,2017-09-25T17:02:18+00:00,1,False,0,6
2902,WELL-00014_20170925150218,WELL-00014,3,3,2017-09-25T18:02:18+00:00,1,False,0,6
2903,WELL-00014_20170925150218,WELL-00014,3,4,2017-09-25T19:02:18+00:00,1,False,0,6
2904,WELL-00014_20170925200042,WELL-00014,3,1,2017-09-25T21:00:42+00:00,1,False,0,6
2905,WELL-00014_20170925200042,WELL-00014,3,2,2017-09-25T22:00:42+00:00,1,False,0,6
2906,WELL-00014_20170925200042,WELL-00014,3,3,2017-09-25T23:00:42+00:00,1,False,0,6
2907,WELL-00014_20170925200042,WELL-00014,3,4,2017-09-26T00:00:42+00:00,1,False,0,6
2908,WELL-00014_20170926010340,WELL-00014,3,1,2017-09-26T02:03:40+00:00,1,False,0,6
2909,WELL-00014_20170926010340,WELL-00014,3,2,2017-09-26T03:03:40+00:00,1,False,0,6
2910,WELL-00014_20170926010340,WELL-00014,3,3,2017-09-26T04:03:40+00:00,1,False,0,6
2911,WELL-00014_20170926010340,WELL-00014,3,4,2017-09-26T05:03:40+00:00,1,False,0,6
2912,WELL-00014_20170926060042,WELL-00014,3,1,2017-09-26T07:00:42+00:00,1,False,0,6
2913,WELL-00014_20170926060042,WELL-00014,3,2,2017-09-26T08:00:42+00:00,1,False,0,6
2914,WELL-00014_20170926060042,WELL-00014,3,3,2017-09-26T09:00:42+00:00,1,False,0,6
2915,WELL-00014_20170926060042,WELL-00014,3,4,2017-09-26T10:00:42+00:00,1,False,0,6
2916,WELL-00014_20170926110103,WELL-00014,3,1,2017-09-26T12:01:03+00:00,1,False,0,6
2917,WELL-00014_20170926110103,WELL-00014,3,2,2017-09-26T13:01:03+00:00,1,False,0,6
2918,WELL-00014_20170926110103,WELL-00014,3,3,2017-09-26T14:01:03+00:00,1,False,0,6
2919,WELL-00014_20170926110103,WELL-00014,3,4,2017-09-26T15:01:03+00:00,1,False,0,6
2920,WELL-00014_20170926160228,WELL-00014,3,1,2017-09-26T17:02:28+00:00,1,False,0,6
2921,WELL-00014_20170926160228,WELL-00014,3,2,2017-09-26T18:02:28+00:00,1,False,0,6
2922,WELL-00014_20170926160228,WELL-00014,3,3,2017-09-26T19:02:28+00:00,1,False,0,6
2923,WELL-00014_20170926160228,WELL-00014,3,4,2017-09-26T20:02:28+00:00,1,False,0,6
2924,WELL-00014_20171028070000,WELL-00014,3,1,2017-10-28T08:00:00+00:00,1,False,0,6
2925,WELL-00014_20171028070000,WELL-00014,3,2,2017-10-28T09:00:00+00:00,1,False,0,6
2926,WELL-00014_20171028070000,WELL-00014,3,3,2017-10-28T10:00:00+00:00,1,False,0,6
2927,WELL-00014_20171028070000,WELL-00014,3,4,2017-10-28T11:00:00+00:00,1,False,0,6
2928,WELL-00014_20171028120000,WELL-00014,3,1,2017-10-28T13:00:00+00:00,1,False,0,6
2929,WELL-00014_20171028120000,WELL-00014,3,2,2017-10-28T14:00:00+00:00,1,False,0,6
2930,WELL-00014_20171028120000,WELL-00014,3,3,2017-10-28T15:00:00+00:00,1,False,0,6
2931,WELL-00014_20171028120000,WELL-00014,3,4,2017-10-28T16:00:00+00:00,1,False,0,6
2932,WELL-00014_20171028170038,WELL-00014,3,1,2017-10-28T18:00:38+00:00,1,False,0,6
2933,WELL-00014_20171028170038,WELL-00014,3,2,2017-10-28T19:00:38+00:00,1,False,0,6
2934,WELL-00014_20171028170038,WELL-00014,3,3,2017-10-28T20:00:38+00:00,1,False,0,6
2935,WELL-00014_20171028170038,WELL-00014,3,4,2017-10-28T21:00:38+00:00,1,False,0,6
2936,WELL-00015_20170620122925,WELL-00015,5,1,2017-06-20T13:29:25+00:00,0,False,0,6
2937,WELL-00015_20170620122925,WELL-00015,5,2,2017-06-20T14:29:25+00:00,0,False,0,6
2938,WELL-00015_20170620122925,WELL-00015,5,3,2017-06-20T15:29:25+00:00,0,False,0,6
2939,WELL-00015_20170620122925,WELL-00015,5,4,2017-06-20T16:29:25+00:00,1,True,0,6
2940,WELL-00015_20170620122925,WELL-00015,5,5,2017-06-20T17:29:25+00:00,1,True,0,6
2941,WELL-00015_20190922060029,WELL-00015,9,1,2019-09-22T07:00:29+00:00,0,False,0,6
2942,WELL-00015_20190922060029,WELL-00015,9,2,2019-09-22T08:00:29+00:00,0,False,0,6
2943,WELL-00016_20150418132043,WELL-00016,9,1,2015-04-18T14:20:43+00:00,1,True,0,6
2944,WELL-00016_20150418132043,WELL-00016,9,2,2015-04-18T15:20:43+00:00,1,False,0,6
2945,WELL-00016_20180405005319,WELL-00016,5,1,2018-04-05T01:53:19+00:00,1,True,0,6
2946,WELL-00016_20180517212322,WELL-00016,5,1,2018-05-17T22:23:22+00:00,1,True,0,6
2947,WELL-00016_20180517212322,WELL-00016,5,2,2018-05-17T23:23:22+00:00,1,False,0,6
2948,WELL-00016_20180517212322,WELL-00016,5,3,2018-05-18T00:23:22+00:00,1,False,0,6
2949,WELL-00016_20190924191606,WELL-00016,9,1,2019-09-24T20:16:06+00:00,0,False,0,6
2950,WELL-00016_20190924191606,WELL-00016,9,2,2019-09-24T21:16:06+00:00,0,False,0,6
2951,WELL-00016_20190924191606,WELL-00016,9,3,2019-09-24T22:16:06+00:00,0,False,0,6
2952,WELL-00016_20190924191606,WELL-00016,9,4,2019-09-24T23:16:06+00:00,0,False,0,6
2953,WELL-00016_20190924191606,WELL-00016,9,5,2019-09-25T00:16:06+00:00,0,False,0,6
2954,WELL-00016_20190924191606,WELL-00016,9,6,2019-09-25T01:16:06+00:00,0,False,0,6
2955,WELL-00016_20190924191606,WELL-00016,9,7,2019-09-25T02:16:06+00:00,0,False,0,6
2956,WELL-00016_20190924191606,WELL-00016,9,8,2019-09-25T03:16:06+00:00,0,False,0,6
2957,WELL-00016_20190924191606,WELL-00016,9,9,2019-09-25T04:16:06+00:00,0,False,0,6
2958,WELL-00016_20190924191606,WELL-00016,9,10,2019-09-25T05:16:06+00:00,0,False,0,6
2959,WELL-00016_20190924191606,WELL-00016,9,11,2019-09-25T06:16:06+00:00,0,False,0,6
2960,WELL-00016_20190925110952,WELL-00016,9,1,2019-09-25T12:09:52+00:00,0,False,0,6
2961,WELL-00016_20190925110952,WELL-00016,9,2,2019-09-25T13:09:52+00:00,0,False,0,6
2962,WELL-00016_20190925110952,WELL-00016,9,3,2019-09-25T14:09:52+00:00,0,False,0,6
2963,WELL-00019_20120601165020,WELL-00019,8,1,2012-06-01T17:50:20+00:00,0,False,0,5
2964,WELL-00019_20120601165020,WELL-00019,8,2,2012-06-01T18:50:20+00:00,0,False,0,5
2965,WELL-00019_20120601165020,WELL-00019,8,3,2012-06-01T19:50:20+00:00,0,False,0,5
2966,WELL-00019_20120601165020,WELL-00019,8,4,2012-06-01T20:50:20+00:00,0,False,0,5
2967,WELL-00019_20120601165020,WELL-00019,8,5,2012-06-01T21:50:20+00:00,0,False,0,5
2968,WELL-00019_20120601165020,WELL-00019,8,6,2012-06-01T22:50:20+00:00,0,False,0,5
2969,WELL-00019_20120601165020,WELL-00019,8,7,2012-06-01T23:50:20+00:00,0,False,0,5
2970,WELL-00019_20120601165020,WELL-00019,8,8,2012-06-02T00:50:20+00:00,0,False,0,5
2971,WELL-00019_20120601165020,WELL-00019,8,9,2012-06-02T01:50:20+00:00,0,False,0,5
2972,WELL-00019_20120601165020,WELL-00019,8,10,2012-06-02T02:50:20+00:00,0,False,0,5
2973,WELL-00019_20120601165020,WELL-00019,8,11,2012-06-02T03:50:20+00:00,0,False,0,5
2974,WELL-00019_20120601165020,WELL-00019,8,12,2012-06-02T04:50:20+00:00,0,False,0,5
2975,WELL-00019_20120601165020,WELL-00019,8,13,2012-06-02T05:50:20+00:00,0,False,0,5
2976,WELL-00019_20120601165020,WELL-00019,8,14,2012-06-02T06:50:20+00:00,0,False,0,5
2977,WELL-00019_20120601165020,WELL-00019,8,15,2012-06-02T07:50:20+00:00,0,False,0,5
2978,WELL-00019_20120601165020,WELL-00019,8,16,2012-06-02T08:50:20+00:00,0,False,0,5
2979,WELL-00019_20120601165020,WELL-00019,8,17,2012-06-02T09:50:20+00:00,0,False,0,5
2980,WELL-00019_20120601165020,WELL-00019,8,18,2012-06-02T10:50:20+00:00,0,False,0,5
2981,WELL-00019_20120601165020,WELL-00019,8,19,2012-06-02T11:50:20+00:00,0,False,0,5
2982,WELL-00019_20120601165020,WELL-00019,8,20,2012-06-02T12:50:20+00:00,0,False,0,5
2983,WELL-00019_20120601165020,WELL-00019,8,21,2012-06-02T13:50:20+00:00,0,False,0,5
2984,WELL-00019_20120601165020,WELL-00019,8,22,2012-06-02T14:50:20+00:00,0,False,0,5
2985,WELL-00019_20120601165020,WELL-00019,8,23,2012-06-02T15:50:20+00:00,0,False,0,5
2986,WELL-00019_20120601165020,WELL-00019,8,24,2012-06-02T16:50:20+00:00,0,False,0,5
2987,WELL-00019_20120601165020,WELL-00019,8,25,2012-06-02T17:50:20+00:00,0,False,0,5
2988,WELL-00019_20120601165020,WELL-00019,8,26,2012-06-02T18:50:20+00:00,0,False,0,5
2989,WELL-00019_20120601165020,WELL-00019,8,27,2012-06-02T19:50:20+00:00,0,False,0,5
2990,WELL-00019_20120601165020,WELL-00019,8,28,2012-06-02T20:50:20+00:00,0,False,0,5
2991,WELL-00019_20120601165020,WELL-00019,8,29,2012-06-02T21:50:20+00:00,1,True,0,5
2992,WELL-00019_20120601165020,WELL-00019,8,30,2012-06-02T22:50:20+00:00,1,True,1,5
2993,WELL-00019_20120601165020,WELL-00019,8,31,2012-06-02T23:50:20+00:00,1,True,7,5
2994,WELL-00019_20120601165020,WELL-00019,8,32,2012-06-03T00:50:20+00:00,1,True,7,5
2995,WELL-00019_20120601165020,WELL-00019,8,33,2012-06-03T01:50:20+00:00,1,True,7,5
2996,WELL-00019_20120601165020,WELL-00019,8,34,2012-06-03T02:50:20+00:00,1,True,7,5
2997,WELL-00019_20120601165020,WELL-00019,8,35,2012-06-03T03:50:20+00:00,1,True,7,5
2998,WELL-00019_20120601165020,WELL-00019,8,36,2012-06-03T04:50:20+00:00,1,True,7,5
2999,WELL-00019_20120601165020,WELL-00019,8,37,2012-06-03T05:50:20+00:00,1,True,7,5
3000,WELL-00019_20120601165020,WELL-00019,8,38,2012-06-03T06:50:20+00:00,1,True,7,5
3001,WELL-00019_20120601165020,WELL-00019,8,39,2012-06-03T07:50:20+00:00,1,True,7,5
3002,WELL-00019_20120601165020,WELL-00019,8,40,2012-06-03T08:50:20+00:00,1,True,7,5
3003,WELL-00019_20120601165020,WELL-00019,8,41,2012-06-03T09:50:20+00:00,1,True,7,5
3004,WELL-00019_20120601165020,WELL-00019,8,42,2012-06-03T10:50:20+00:00,1,True,7,5
3005,WELL-00019_20120601165020,WELL-00019,8,43,2012-06-03T11:50:20+00:00,1,True,7,5
3006,WELL-00019_20120601165020,WELL-00019,8,44,2012-06-03T12:50:20+00:00,1,True,7,5
3007,WELL-00019_20120601165020,WELL-00019,8,45,2012-06-03T13:50:20+00:00,1,True,7,5
3008,WELL-00019_20120601165020,WELL-00019,8,46,2012-06-03T14:50:20+00:00,1,True,7,5
3009,WELL-00019_20120601165020,WELL-00019,8,47,2012-06-03T15:50:20+00:00,1,True,7,5
3010,WELL-00019_20120601165020,WELL-00019,8,48,2012-06-03T16:50:20+00:00,1,True,7,5
3011,WELL-00019_20120601165020,WELL-00019,8,49,2012-06-03T17:50:20+00:00,1,True,7,5
3012,WELL-00019_20120601165020,WELL-00019,8,50,2012-06-03T18:50:20+00:00,1,True,7,5
3013,WELL-00019_20120601165020,WELL-00019,8,51,2012-06-03T19:50:20+00:00,1,True,7,5
3014,WELL-00019_20120601165020,WELL-00019,8,52,2012-06-03T20:50:20+00:00,1,True,7,5
3015,WELL-00019_20120601165020,WELL-00019,8,53,2012-06-03T21:50:20+00:00,1,True,7,5
3016,WELL-00019_20120601165020,WELL-00019,8,54,2012-06-03T22:50:20+00:00,1,True,7,5
3017,WELL-00019_20120601165020,WELL-00019,8,55,2012-06-03T23:50:20+00:00,1,True,7,5
3018,WELL-00019_20120601165020,WELL-00019,8,56,2012-06-04T00:50:20+00:00,1,True,7,5
3019,WELL-00019_20120601165020,WELL-00019,8,57,2012-06-04T01:50:20+00:00,1,True,7,5
3020,WELL-00019_20120601165020,WELL-00019,8,58,2012-06-04T02:50:20+00:00,1,True,7,5
3021,WELL-00019_20120601165020,WELL-00019,8,59,2012-06-04T03:50:20+00:00,1,True,7,5
3022,WELL-00019_20120601165020,WELL-00019,8,60,2012-06-04T04:50:20+00:00,1,True,7,5
3023,WELL-00019_20120601165020,WELL-00019,8,61,2012-06-04T05:50:20+00:00,1,False,7,5
3024,WELL-00019_20120601165020,WELL-00019,8,62,2012-06-04T06:50:20+00:00,1,False,7,5
3025,WELL-00019_20120601165020,WELL-00019,8,63,2012-06-04T07:50:20+00:00,1,False,7,5
3026,WELL-00019_20120601165020,WELL-00019,8,64,2012-06-04T08:50:20+00:00,1,False,7,5
3027,WELL-00019_20120601165020,WELL-00019,8,65,2012-06-04T09:50:20+00:00,1,False,7,5
3028,WELL-00019_20120601165020,WELL-00019,8,66,2012-06-04T10:50:20+00:00,1,False,7,5
3029,WELL-00019_20141117190526,WELL-00019,8,1,2014-11-17T20:05:26+00:00,0,False,0,5
3030,WELL-00019_20141117190526,WELL-00019,8,2,2014-11-17T21:05:26+00:00,0,False,0,5
3031,WELL-00019_20141117190526,WELL-00019,8,3,2014-11-17T22:05:26+00:00,0,False,0,5
3032,WELL-00019_20141117190526,WELL-00019,8,4,2014-11-17T23:05:26+00:00,0,False,0,5
3033,WELL-00019_20141117190526,WELL-00019,8,5,2014-11-18T00:05:26+00:00,0,False,0,5
3034,WELL-00019_20141117190526,WELL-00019,8,6,2014-11-18T01:05:26+00:00,0,False,0,5
3035,WELL-00019_20141117190526,WELL-00019,8,7,2014-11-18T02:05:26+00:00,0,False,0,5
3036,WELL-00019_20141117190526,WELL-00019,8,8,2014-11-18T03:05:26+00:00,0,False,0,5
3037,WELL-00019_20141117190526,WELL-00019,8,9,2014-11-18T04:05:26+00:00,0,False,0,5
3038,WELL-00019_20141117190526,WELL-00019,8,10,2014-11-18T05:05:26+00:00,0,False,0,5
3039,WELL-00019_20141117190526,WELL-00019,8,11,2014-11-18T06:05:26+00:00,0,False,0,5
3040,WELL-00019_20141117190526,WELL-00019,8,12,2014-11-18T07:05:26+00:00,1,True,1,5
3041,WELL-00019_20141117190526,WELL-00019,8,13,2014-11-18T08:05:26+00:00,1,True,1,5
3042,WELL-00019_20141117190526,WELL-00019,8,14,2014-11-18T09:05:26+00:00,1,True,1,5
3043,WELL-00019_20141117190526,WELL-00019,8,15,2014-11-18T10:05:26+00:00,1,True,1,5
3044,WELL-00019_20141117190526,WELL-00019,8,16,2014-11-18T11:05:26+00:00,1,True,1,5
3045,WELL-00019_20141117190526,WELL-00019,8,17,2014-11-18T12:05:26+00:00,1,True,1,5
3046,WELL-00019_20141117190526,WELL-00019,8,18,2014-11-18T13:05:26+00:00,1,True,1,5
3047,WELL-00019_20141117190526,WELL-00019,8,19,2014-11-18T14:05:26+00:00,1,True,1,5
3048,WELL-00019_20141117190526,WELL-00019,8,20,2014-11-18T15:05:26+00:00,1,True,1,5
3049,WELL-00019_20141117190526,WELL-00019,8,21,2014-11-18T16:05:26+00:00,1,True,1,5
3050,WELL-00019_20141117190526,WELL-00019,8,22,2014-11-18T17:05:26+00:00,1,True,1,5
3051,WELL-00019_20141117190526,WELL-00019,8,23,2014-11-18T18:05:26+00:00,1,True,1,5
3052,WELL-00019_20141117190526,WELL-00019,8,24,2014-11-18T19:05:26+00:00,1,True,1,5
3053,WELL-00019_20141117190526,WELL-00019,8,25,2014-11-18T20:05:26+00:00,1,True,1,5
3054,WELL-00019_20141117190526,WELL-00019,8,26,2014-11-18T21:05:26+00:00,1,True,1,5
3055,WELL-00019_20141117190526,WELL-00019,8,27,2014-11-18T22:05:26+00:00,1,True,1,5
3056,WELL-00019_20141117190526,WELL-00019,8,28,2014-11-18T23:05:26+00:00,1,True,1,5
3057,WELL-00019_20141117190526,WELL-00019,8,29,2014-11-19T00:05:26+00:00,1,True,1,5
3058,WELL-00019_20141117190526,WELL-00019,8,30,2014-11-19T01:05:26+00:00,1,True,1,5
3059,WELL-00019_20141117190526,WELL-00019,8,31,2014-11-19T02:05:26+00:00,1,True,1,5
3060,WELL-00019_20141117190526,WELL-00019,8,32,2014-11-19T03:05:26+00:00,1,True,1,5
3061,WELL-00019_20141117190526,WELL-00019,8,33,2014-11-19T04:05:26+00:00,1,True,1,5
3062,WELL-00019_20141117190526,WELL-00019,8,34,2014-11-19T05:05:26+00:00,1,True,1,5
3063,WELL-00019_20141117190526,WELL-00019,8,35,2014-11-19T06:05:26+00:00,1,True,1,5
3064,WELL-00019_20141117190526,WELL-00019,8,36,2014-11-19T07:05:26+00:00,1,True,1,5
3065,WELL-00019_20141117190526,WELL-00019,8,37,2014-11-19T08:05:26+00:00,1,True,1,5
3066,WELL-00019_20141117190526,WELL-00019,8,38,2014-11-19T09:05:26+00:00,1,True,1,5
3067,WELL-00019_20141117190526,WELL-00019,8,39,2014-11-19T10:05:26+00:00,1,True,1,5
3068,WELL-00019_20141117190526,WELL-00019,8,40,2014-11-19T11:05:26+00:00,1,True,1,5
3069,WELL-00019_20141117190526,WELL-00019,8,41,2014-11-19T12:05:26+00:00,1,True,1,5
3070,WELL-00019_20141117190526,WELL-00019,8,42,2014-11-19T13:05:26+00:00,1,True,1,5
3071,WELL-00019_20141117190526,WELL-00019,8,43,2014-11-19T14:05:26+00:00,1,True,1,5
3072,WELL-00019_20141117190526,WELL-00019,8,44,2014-11-19T15:05:26+00:00,1,True,1,5
3073,WELL-00019_20141117190526,WELL-00019,8,45,2014-11-19T16:05:26+00:00,1,True,1,5
3074,WELL-00019_20141117190526,WELL-00019,8,46,2014-11-19T17:05:26+00:00,1,True,1,5
3075,WELL-00019_20141117190526,WELL-00019,8,47,2014-11-19T18:05:26+00:00,1,True,1,5
3076,WELL-00019_20141117190526,WELL-00019,8,48,2014-11-19T19:05:26+00:00,1,True,1,5
3077,WELL-00019_20141117190526,WELL-00019,8,49,2014-11-19T20:05:26+00:00,1,True,1,5
3078,WELL-00019_20141117190526,WELL-00019,8,50,2014-11-19T21:05:26+00:00,1,True,1,5
3079,WELL-00019_20141117190526,WELL-00019,8,51,2014-11-19T22:05:26+00:00,1,True,1,5
3080,WELL-00019_20141117190526,WELL-00019,8,52,2014-11-19T23:05:26+00:00,1,True,1,5
3081,WELL-00019_20141117190526,WELL-00019,8,53,2014-11-20T00:05:26+00:00,1,True,1,5
3082,WELL-00019_20141117190526,WELL-00019,8,54,2014-11-20T01:05:26+00:00,1,True,1,5
3083,WELL-00019_20141117190526,WELL-00019,8,55,2014-11-20T02:05:26+00:00,1,True,1,5
3084,WELL-00019_20141117190526,WELL-00019,8,56,2014-11-20T03:05:26+00:00,1,True,1,5
3085,WELL-00019_20141117190526,WELL-00019,8,57,2014-11-20T04:05:26+00:00,1,True,1,5
3086,WELL-00019_20141117190526,WELL-00019,8,58,2014-11-20T05:05:26+00:00,1,True,1,5
3087,WELL-00019_20141117190526,WELL-00019,8,59,2014-11-20T06:05:26+00:00,1,True,1,5
3088,WELL-00019_20141117190526,WELL-00019,8,60,2014-11-20T07:05:26+00:00,1,True,1,5
3089,WELL-00019_20141117190526,WELL-00019,8,61,2014-11-20T08:05:26+00:00,1,True,1,5
3090,WELL-00019_20141117190526,WELL-00019,8,62,2014-11-20T09:05:26+00:00,1,True,1,5
3091,WELL-00019_20141117190526,WELL-00019,8,63,2014-11-20T10:05:26+00:00,1,True,1,5
3092,WELL-00019_20141117190526,WELL-00019,8,64,2014-11-20T11:05:26+00:00,1,True,1,5
3093,WELL-00019_20141117190526,WELL-00019,8,65,2014-11-20T12:05:26+00:00,1,True,1,5
3094,WELL-00019_20141117190526,WELL-00019,8,66,2014-11-20T13:05:26+00:00,1,True,1,5
3095,WELL-00019_20141117190526,WELL-00019,8,67,2014-11-20T14:05:26+00:00,1,True,1,5
3096,WELL-00019_20141117190526,WELL-00019,8,68,2014-11-20T15:05:26+00:00,1,True,1,5
3097,WELL-00019_20141117190526,WELL-00019,8,69,2014-11-20T16:05:26+00:00,1,True,1,5
3098,WELL-00019_20141117190526,WELL-00019,8,70,2014-11-20T17:05:26+00:00,1,True,1,5
3099,WELL-00019_20141117190526,WELL-00019,8,71,2014-11-20T18:05:26+00:00,1,True,1,5
3100,WELL-00019_20141117190526,WELL-00019,8,72,2014-11-20T19:05:26+00:00,1,True,1,5
3101,WELL-00019_20141117190526,WELL-00019,8,73,2014-11-20T20:05:26+00:00,1,True,1,5
3102,WELL-00019_20141117190526,WELL-00019,8,74,2014-11-20T21:05:26+00:00,1,True,1,5
3103,WELL-00019_20141117190526,WELL-00019,8,75,2014-11-20T22:05:26+00:00,1,True,1,5
3104,WELL-00019_20141117190526,WELL-00019,8,76,2014-11-20T23:05:26+00:00,1,True,1,5
3105,WELL-00019_20141117190526,WELL-00019,8,77,2014-11-21T00:05:26+00:00,1,True,1,5
3106,WELL-00019_20141117190526,WELL-00019,8,78,2014-11-21T01:05:26+00:00,1,True,1,5
3107,WELL-00019_20141117190526,WELL-00019,8,79,2014-11-21T02:05:26+00:00,1,True,1,5
3108,WELL-00019_20141117190526,WELL-00019,8,80,2014-11-21T03:05:26+00:00,1,True,1,5
3109,WELL-00019_20141117190526,WELL-00019,8,81,2014-11-21T04:05:26+00:00,1,True,1,5
3110,WELL-00019_20141117190526,WELL-00019,8,82,2014-11-21T05:05:26+00:00,1,True,1,5
3111,WELL-00019_20141117190526,WELL-00019,8,83,2014-11-21T06:05:26+00:00,1,True,1,5
3112,WELL-00019_20141117190526,WELL-00019,8,84,2014-11-21T07:05:26+00:00,1,True,1,5
3113,WELL-00019_20141117190526,WELL-00019,8,85,2014-11-21T08:05:26+00:00,1,False,2,5
3114,WELL-00019_20141117190526,WELL-00019,8,86,2014-11-21T09:05:26+00:00,1,False,2,5
3115,WELL-00019_20150614025713,WELL-00019,8,1,2015-06-14T03:57:13+00:00,0,False,0,5
3116,WELL-00019_20150614025713,WELL-00019,8,2,2015-06-14T04:57:13+00:00,0,False,0,5
3117,WELL-00019_20150614025713,WELL-00019,8,3,2015-06-14T05:57:13+00:00,0,False,0,5
3118,WELL-00019_20150614025713,WELL-00019,8,4,2015-06-14T06:57:13+00:00,0,False,0,5
3119,WELL-00019_20150614025713,WELL-00019,8,5,2015-06-14T07:57:13+00:00,0,False,0,5
3120,WELL-00019_20150614025713,WELL-00019,8,6,2015-06-14T08:57:13+00:00,0,False,0,5
3121,WELL-00019_20150614025713,WELL-00019,8,7,2015-06-14T09:57:13+00:00,0,False,0,5
3122,WELL-00019_20150614025713,WELL-00019,8,8,2015-06-14T10:57:13+00:00,0,False,0,5
3123,WELL-00019_20150614025713,WELL-00019,8,9,2015-06-14T11:57:13+00:00,0,False,0,5
3124,WELL-00019_20150614025713,WELL-00019,8,10,2015-06-14T12:57:13+00:00,0,False,0,5
3125,WELL-00019_20150614025713,WELL-00019,8,11,2015-06-14T13:57:13+00:00,0,False,0,5
3126,WELL-00019_20150614025713,WELL-00019,8,12,2015-06-14T14:57:13+00:00,0,False,0,5
3127,WELL-00019_20150614025713,WELL-00019,8,13,2015-06-14T15:57:13+00:00,0,False,0,5
3128,WELL-00019_20150614025713,WELL-00019,8,14,2015-06-14T16:57:13+00:00,0,False,0,5
3129,WELL-00019_20150614025713,WELL-00019,8,15,2015-06-14T17:57:13+00:00,1,True,0,5
3130,WELL-00019_20150614025713,WELL-00019,8,16,2015-06-14T18:57:13+00:00,1,True,1,5
3131,WELL-00019_20150614025713,WELL-00019,8,17,2015-06-14T19:57:13+00:00,1,True,1,5
3132,WELL-00019_20150614025713,WELL-00019,8,18,2015-06-14T20:57:13+00:00,1,True,1,5
3133,WELL-00019_20150614025713,WELL-00019,8,19,2015-06-14T21:57:13+00:00,1,True,1,5
3134,WELL-00019_20150614025713,WELL-00019,8,20,2015-06-14T22:57:13+00:00,1,True,1,5
3135,WELL-00019_20150614025713,WELL-00019,8,21,2015-06-14T23:57:13+00:00,1,True,1,5
3136,WELL-00019_20150614025713,WELL-00019,8,22,2015-06-15T00:57:13+00:00,1,True,1,5
3137,WELL-00019_20150614025713,WELL-00019,8,23,2015-06-15T01:57:13+00:00,1,True,1,5
3138,WELL-00019_20150614025713,WELL-00019,8,24,2015-06-15T02:57:13+00:00,1,True,1,5
3139,WELL-00019_20150614025713,WELL-00019,8,25,2015-06-15T03:57:13+00:00,1,True,1,5
3140,WELL-00019_20150614025713,WELL-00019,8,26,2015-06-15T04:57:13+00:00,1,True,8,5
3141,WELL-00019_20150614025713,WELL-00019,8,27,2015-06-15T05:57:13+00:00,1,True,1,5
3142,WELL-00019_20150614025713,WELL-00019,8,28,2015-06-15T06:57:13+00:00,1,True,1,5
3143,WELL-00019_20150614025713,WELL-00019,8,29,2015-06-15T07:57:13+00:00,1,True,1,5
3144,WELL-00019_20150614025713,WELL-00019,8,30,2015-06-15T08:57:13+00:00,1,True,1,5
3145,WELL-00019_20150614025713,WELL-00019,8,31,2015-06-15T09:57:13+00:00,1,True,1,5
3146,WELL-00019_20150614025713,WELL-00019,8,32,2015-06-15T10:57:13+00:00,1,True,1,5
3147,WELL-00019_20150614025713,WELL-00019,8,33,2015-06-15T11:57:13+00:00,1,True,1,5
3148,WELL-00019_20150614025713,WELL-00019,8,34,2015-06-15T12:57:13+00:00,1,True,8,5
3149,WELL-00019_20150614025713,WELL-00019,8,35,2015-06-15T13:57:13+00:00,1,True,8,5
3150,WELL-00019_20150614025713,WELL-00019,8,36,2015-06-15T14:57:13+00:00,1,True,1,5
3151,WELL-00019_20150614025713,WELL-00019,8,37,2015-06-15T15:57:13+00:00,1,True,1,5
3152,WELL-00019_20150614025713,WELL-00019,8,38,2015-06-15T16:57:13+00:00,1,True,1,5
3153,WELL-00019_20150614025713,WELL-00019,8,39,2015-06-15T17:57:13+00:00,1,True,1,5
3154,WELL-00019_20150614025713,WELL-00019,8,40,2015-06-15T18:57:13+00:00,1,True,1,5
3155,WELL-00019_20150614025713,WELL-00019,8,41,2015-06-15T19:57:13+00:00,1,True,1,5
3156,WELL-00019_20150614025713,WELL-00019,8,42,2015-06-15T20:57:13+00:00,1,True,1,5
3157,WELL-00019_20150614025713,WELL-00019,8,43,2015-06-15T21:57:13+00:00,1,True,1,5
3158,WELL-00019_20150614025713,WELL-00019,8,44,2015-06-15T22:57:13+00:00,1,True,1,5
3159,WELL-00019_20150614025713,WELL-00019,8,45,2015-06-15T23:57:13+00:00,1,True,1,5
3160,WELL-00019_20170307235203,WELL-00019,0,1,2017-03-08T00:52:03+00:00,0,False,0,5
3161,WELL-00019_20170307235203,WELL-00019,0,2,2017-03-08T01:52:03+00:00,0,False,0,5
3162,WELL-00019_20170307235203,WELL-00019,0,3,2017-03-08T02:52:03+00:00,0,False,0,5
3163,WELL-00019_20170307235203,WELL-00019,0,4,2017-03-08T03:52:03+00:00,0,False,0,5
3164,WELL-00019_20170307235203,WELL-00019,0,5,2017-03-08T04:52:03+00:00,0,False,0,5
3165,WELL-00019_20170307235203,WELL-00019,0,6,2017-03-08T05:52:03+00:00,0,False,0,5
3166,WELL-00019_20170307235203,WELL-00019,0,7,2017-03-08T06:52:03+00:00,0,False,0,5
3167,WELL-00019_20170307235203,WELL-00019,0,8,2017-03-08T07:52:03+00:00,0,False,0,5
3168,WELL-00019_20170307235203,WELL-00019,0,9,2017-03-08T08:52:03+00:00,0,False,0,5
3169,WELL-00019_20170307235203,WELL-00019,0,10,2017-03-08T09:52:03+00:00,0,False,0,5
3170,WELL-00019_20170307235203,WELL-00019,0,11,2017-03-08T10:52:03+00:00,0,False,0,5
3171,WELL-00019_20170307235203,WELL-00019,0,12,2017-03-08T11:52:03+00:00,0,False,0,5
3172,WELL-00019_20170307235203,WELL-00019,0,13,2017-03-08T12:52:03+00:00,0,False,0,5
3173,WELL-00019_20170307235203,WELL-00019,0,14,2017-03-08T13:52:03+00:00,0,False,0,5
3174,WELL-00019_20170307235203,WELL-00019,0,15,2017-03-08T14:52:03+00:00,0,False,7,5
3175,WELL-00019_20170307235203,WELL-00019,0,16,2017-03-08T15:52:03+00:00,0,False,1,5
3176,WELL-00019_20170307235203,WELL-00019,0,17,2017-03-08T16:52:03+00:00,0,False,8,5
3177,WELL-00019_20170307235203,WELL-00019,0,18,2017-03-08T17:52:03+00:00,0,False,8,5
3178,WELL-00019_20170307235203,WELL-00019,0,19,2017-03-08T18:52:03+00:00,0,False,1,5
3179,WELL-00019_20170307235203,WELL-00019,0,20,2017-03-08T19:52:03+00:00,0,False,1,5
3180,WELL-00019_20170307235203,WELL-00019,0,21,2017-03-08T20:52:03+00:00,0,False,1,5
3181,WELL-00019_20170307235203,WELL-00019,0,22,2017-03-08T21:52:03+00:00,0,False,4,5
3182,WELL-00019_20170307235203,WELL-00019,0,23,2017-03-08T22:52:03+00:00,0,False,4,5
3183,WELL-00019_20170307235203,WELL-00019,0,24,2017-03-08T23:52:03+00:00,0,False,4,5
3184,WELL-00019_20170307235203,WELL-00019,0,25,2017-03-09T00:52:03+00:00,0,False,4,5
3185,WELL-00019_20170307235203,WELL-00019,0,26,2017-03-09T01:52:03+00:00,0,False,5,5
3186,WELL-00019_20170307235203,WELL-00019,0,27,2017-03-09T02:52:03+00:00,0,False,5,5
3187,WELL-00019_20170307235203,WELL-00019,0,28,2017-03-09T03:52:03+00:00,0,False,3,5
3188,WELL-00019_20170307235203,WELL-00019,0,29,2017-03-09T04:52:03+00:00,0,False,3,5
3189,WELL-00019_20170307235203,WELL-00019,0,30,2017-03-09T05:52:03+00:00,0,False,6,5
3190,WELL-00019_20170307235203,WELL-00019,0,31,2017-03-09T06:52:03+00:00,0,False,7,5
3191,WELL-00019_20170307235203,WELL-00019,0,32,2017-03-09T07:52:03+00:00,0,False,7,5
3192,WELL-00019_20170307235203,WELL-00019,0,33,2017-03-09T08:52:03+00:00,0,False,7,5
3193,WELL-00019_20170307235203,WELL-00019,0,34,2017-03-09T09:52:03+00:00,0,False,7,5
3194,WELL-00019_20170307235203,WELL-00019,0,35,2017-03-09T10:52:03+00:00,0,False,7,5
3195,WELL-00019_20170307235203,WELL-00019,0,36,2017-03-09T11:52:03+00:00,0,False,7,5
3196,WELL-00019_20170307235203,WELL-00019,0,37,2017-03-09T12:52:03+00:00,0,False,7,5
3197,WELL-00019_20170307235203,WELL-00019,0,38,2017-03-09T13:52:03+00:00,0,False,7,5
3198,WELL-00019_20210617032654,WELL-00019,8,1,2021-06-17T04:26:54+00:00,0,False,0,5
3199,WELL-00019_20210617032654,WELL-00019,8,2,2021-06-17T05:26:54+00:00,0,False,0,5
3200,WELL-00019_20210617032654,WELL-00019,8,3,2021-06-17T06:26:54+00:00,0,False,0,5
3201,WELL-00019_20210617032654,WELL-00019,8,4,2021-06-17T07:26:54+00:00,0,False,0,5
3202,WELL-00019_20210617032654,WELL-00019,8,5,2021-06-17T08:26:54+00:00,0,False,0,5
3203,WELL-00019_20210617032654,WELL-00019,8,6,2021-06-17T09:26:54+00:00,0,False,0,5
3204,WELL-00019_20210617032654,WELL-00019,8,7,2021-06-17T10:26:54+00:00,0,False,0,5
3205,WELL-00019_20210617032654,WELL-00019,8,8,2021-06-17T11:26:54+00:00,0,False,0,5
3206,WELL-00019_20210617032654,WELL-00019,8,9,2021-06-17T12:26:54+00:00,0,False,0,5
3207,WELL-00019_20210617032654,WELL-00019,8,10,2021-06-17T13:26:54+00:00,0,False,0,5
3208,WELL-00019_20210617032654,WELL-00019,8,11,2021-06-17T14:26:54+00:00,0,False,0,5
3209,WELL-00019_20210617032654,WELL-00019,8,12,2021-06-17T15:26:54+00:00,0,False,0,5
3210,WELL-00019_20210617032654,WELL-00019,8,13,2021-06-17T16:26:54+00:00,0,False,0,5
3211,WELL-00019_20210617032654,WELL-00019,8,14,2021-06-17T17:26:54+00:00,0,False,0,5
3212,WELL-00019_20210617032654,WELL-00019,8,15,2021-06-17T18:26:54+00:00,1,True,0,5
3213,WELL-00019_20210617032654,WELL-00019,8,16,2021-06-17T19:26:54+00:00,1,True,0,5
3214,WELL-00019_20210617032654,WELL-00019,8,17,2021-06-17T20:26:54+00:00,1,True,0,5
3215,WELL-00019_20210617032654,WELL-00019,8,18,2021-06-17T21:26:54+00:00,1,True,0,5
3216,WELL-00019_20210617032654,WELL-00019,8,19,2021-06-17T22:26:54+00:00,1,True,0,5
3217,WELL-00019_20210617032654,WELL-00019,8,20,2021-06-17T23:26:54+00:00,1,True,0,5
3218,WELL-00019_20210617032654,WELL-00019,8,21,2021-06-18T00:26:54+00:00,1,True,0,5
3219,WELL-00019_20210617032654,WELL-00019,8,22,2021-06-18T01:26:54+00:00,1,True,1,5
3220,WELL-00019_20210617032654,WELL-00019,8,23,2021-06-18T02:26:54+00:00,1,True,1,5
3221,WELL-00019_20210617032654,WELL-00019,8,24,2021-06-18T03:26:54+00:00,1,True,1,5
3222,WELL-00019_20210617032654,WELL-00019,8,25,2021-06-18T04:26:54+00:00,1,True,8,5
3223,WELL-00019_20210617032654,WELL-00019,8,26,2021-06-18T05:26:54+00:00,1,True,1,5
3224,WELL-00019_20210617032654,WELL-00019,8,27,2021-06-18T06:26:54+00:00,1,True,1,5
3225,WELL-00019_20210617032654,WELL-00019,8,28,2021-06-18T07:26:54+00:00,1,True,1,5
3226,WELL-00019_20210617032654,WELL-00019,8,29,2021-06-18T08:26:54+00:00,1,True,1,5
3227,WELL-00019_20210617032654,WELL-00019,8,30,2021-06-18T09:26:54+00:00,1,True,1,5
3228,WELL-00019_20210617032654,WELL-00019,8,31,2021-06-18T10:26:54+00:00,1,True,1,5
3229,WELL-00019_20210617032654,WELL-00019,8,32,2021-06-18T11:26:54+00:00,1,True,1,5
3230,WELL-00019_20210617032654,WELL-00019,8,33,2021-06-18T12:26:54+00:00,1,True,1,5
3231,WELL-00019_20210617032654,WELL-00019,8,34,2021-06-18T13:26:54+00:00,1,True,1,5
3232,WELL-00019_20210617032654,WELL-00019,8,35,2021-06-18T14:26:54+00:00,1,True,1,5
3233,WELL-00019_20210617032654,WELL-00019,8,36,2021-06-18T15:26:54+00:00,1,True,1,5
3234,WELL-00019_20210617032654,WELL-00019,8,37,2021-06-18T16:26:54+00:00,1,True,1,5
3235,WELL-00019_20210617032654,WELL-00019,8,38,2021-06-18T17:26:54+00:00,1,True,1,5
3236,WELL-00019_20210617032654,WELL-00019,8,39,2021-06-18T18:26:54+00:00,1,True,1,5
3237,WELL-00019_20210617032654,WELL-00019,8,40,2021-06-18T19:26:54+00:00,1,True,1,5
3238,WELL-00019_20210617032654,WELL-00019,8,41,2021-06-18T20:26:54+00:00,1,True,1,5
3239,WELL-00019_20210617032654,WELL-00019,8,42,2021-06-18T21:26:54+00:00,1,True,1,5
3240,WELL-00019_20210617032654,WELL-00019,8,43,2021-06-18T22:26:54+00:00,1,True,1,5
3241,WELL-00019_20210617032654,WELL-00019,8,44,2021-06-18T23:26:54+00:00,1,True,1,5
3242,WELL-00019_20210617032654,WELL-00019,8,45,2021-06-19T00:26:54+00:00,1,True,1,5
3243,WELL-00019_20210617032654,WELL-00019,8,46,2021-06-19T01:26:54+00:00,1,True,1,5
3244,WELL-00019_20210617032654,WELL-00019,8,47,2021-06-19T02:26:54+00:00,1,True,1,5
3245,WELL-00019_20210617032654,WELL-00019,8,48,2021-06-19T03:26:54+00:00,1,True,1,5
3246,WELL-00019_20210617032654,WELL-00019,8,49,2021-06-19T04:26:54+00:00,1,True,1,5
3247,WELL-00019_20210617032654,WELL-00019,8,50,2021-06-19T05:26:54+00:00,1,True,1,5
3248,WELL-00019_20210617032654,WELL-00019,8,51,2021-06-19T06:26:54+00:00,1,True,1,5
3249,WELL-00019_20210617032654,WELL-00019,8,52,2021-06-19T07:26:54+00:00,1,True,1,5
3250,WELL-00019_20210617032654,WELL-00019,8,53,2021-06-19T08:26:54+00:00,1,True,1,5
3251,WELL-00019_20210617032654,WELL-00019,8,54,2021-06-19T09:26:54+00:00,1,True,1,5
3252,WELL-00019_20210617032654,WELL-00019,8,55,2021-06-19T10:26:54+00:00,1,True,1,5
3253,WELL-00019_20210617032654,WELL-00019,8,56,2021-06-19T11:26:54+00:00,1,True,1,5
3254,WELL-00019_20210617032654,WELL-00019,8,57,2021-06-19T12:26:54+00:00,1,True,1,5
3255,WELL-00019_20210617032654,WELL-00019,8,58,2021-06-19T13:26:54+00:00,1,True,1,5
3256,WELL-00019_20210617032654,WELL-00019,8,59,2021-06-19T14:26:54+00:00,1,True,1,5
3257,WELL-00019_20210617032654,WELL-00019,8,60,2021-06-19T15:26:54+00:00,1,True,1,5
3258,WELL-00019_20210617032654,WELL-00019,8,61,2021-06-19T16:26:54+00:00,1,True,1,5
3259,WELL-00019_20210617032654,WELL-00019,8,62,2021-06-19T17:26:54+00:00,1,True,1,5
3260,WELL-00019_20210617032654,WELL-00019,8,63,2021-06-19T18:26:54+00:00,1,True,1,5
3261,WELL-00019_20210617032654,WELL-00019,8,64,2021-06-19T19:26:54+00:00,1,True,1,5
3262,WELL-00019_20210617032654,WELL-00019,8,65,2021-06-19T20:26:54+00:00,1,True,1,5
3263,WELL-00019_20210617032654,WELL-00019,8,66,2021-06-19T21:26:54+00:00,1,True,1,5
3264,WELL-00019_20210617032654,WELL-00019,8,67,2021-06-19T22:26:54+00:00,1,True,1,5
3265,WELL-00019_20210617032654,WELL-00019,8,68,2021-06-19T23:26:54+00:00,1,False,2,5
3266,WELL-00019_20210617032654,WELL-00019,8,69,2021-06-20T00:26:54+00:00,1,False,2,5
3267,WELL-00020_20131004225400,WELL-00020,9,1,2013-10-04T23:54:00+00:00,0,False,0,6
3268,WELL-00020_20140314144539,WELL-00020,5,1,2014-03-14T15:45:39+00:00,0,False,0,6
3269,WELL-00020_20140314144539,WELL-00020,5,2,2014-03-14T16:45:39+00:00,0,False,0,6
3270,WELL-00020_20140314144539,WELL-00020,5,3,2014-03-14T17:45:39+00:00,1,True,0,6
3271,WELL-00020_20140314144539,WELL-00020,5,4,2014-03-14T18:45:39+00:00,1,True,0,6
3272,WELL-00020_20140314144539,WELL-00020,5,5,2014-03-14T19:45:39+00:00,1,True,0,6
3273,WELL-00020_20140314144539,WELL-00020,5,6,2014-03-14T20:45:39+00:00,1,True,0,6
3274,WELL-00020_20140314144539,WELL-00020,5,7,2014-03-14T21:45:39+00:00,1,True,0,6
3275,WELL-00020_20140314144539,WELL-00020,5,8,2014-03-14T22:45:39+00:00,1,True,0,6
3276,WELL-00020_20140314144539,WELL-00020,5,9,2014-03-14T23:45:39+00:00,1,True,0,6
3277,WELL-00020_20140314144539,WELL-00020,5,10,2014-03-15T00:45:39+00:00,1,True,0,6
3278,WELL-00020_20140314144539,WELL-00020,5,11,2014-03-15T01:45:39+00:00,1,True,0,6
3279,WELL-00020_20140314144539,WELL-00020,5,12,2014-03-15T02:45:39+00:00,1,True,0,6
3280,WELL-00020_20140314144539,WELL-00020,5,13,2014-03-15T03:45:39+00:00,1,True,0,6
3281,WELL-00020_20140314144539,WELL-00020,5,14,2014-03-15T04:45:39+00:00,1,True,0,6
3282,WELL-00020_20140314144539,WELL-00020,5,15,2014-03-15T05:45:39+00:00,1,True,0,6
3283,WELL-00020_20140314144539,WELL-00020,5,16,2014-03-15T06:45:39+00:00,1,True,0,6
3284,WELL-00020_20140314144539,WELL-00020,5,17,2014-03-15T07:45:39+00:00,1,True,0,6
3285,WELL-00020_20140314144539,WELL-00020,5,18,2014-03-15T08:45:39+00:00,1,True,0,6
3286,WELL-00020_20140314144539,WELL-00020,5,19,2014-03-15T09:45:39+00:00,1,True,0,6
3287,WELL-00020_20140314144539,WELL-00020,5,20,2014-03-15T10:45:39+00:00,1,True,0,6
3288,WELL-00020_20140314144539,WELL-00020,5,21,2014-03-15T11:45:39+00:00,1,True,0,6
3289,WELL-00020_20140314144539,WELL-00020,5,22,2014-03-15T12:45:39+00:00,1,True,0,6
3290,WELL-00020_20140314144539,WELL-00020,5,23,2014-03-15T13:45:39+00:00,1,True,0,6
3291,WELL-00020_20140314144539,WELL-00020,5,24,2014-03-15T14:45:39+00:00,1,True,0,6
3292,WELL-00020_20140314144539,WELL-00020,5,25,2014-03-15T15:45:39+00:00,1,True,0,6
3293,WELL-00020_20140314144539,WELL-00020,5,26,2014-03-15T16:45:39+00:00,1,True,0,6
3294,WELL-00020_20140314144539,WELL-00020,5,27,2014-03-15T17:45:39+00:00,1,True,0,6
3295,WELL-00020_20140314144539,WELL-00020,5,28,2014-03-15T18:45:39+00:00,1,True,0,6
3296,WELL-00020_20140314144539,WELL-00020,5,29,2014-03-15T19:45:39+00:00,1,True,0,6
3297,WELL-00020_20140314144539,WELL-00020,5,30,2014-03-15T20:45:39+00:00,1,True,0,6
3298,WELL-00020_20140314144539,WELL-00020,5,31,2014-03-15T21:45:39+00:00,1,True,0,6
3299,WELL-00020_20140314144539,WELL-00020,5,32,2014-03-15T22:45:39+00:00,1,True,0,6
3300,WELL-00020_20140314144539,WELL-00020,5,33,2014-03-15T23:45:39+00:00,1,True,0,6
3301,WELL-00020_20140314144539,WELL-00020,5,34,2014-03-16T00:45:39+00:00,1,True,0,6
3302,WELL-00020_20140314144539,WELL-00020,5,35,2014-03-16T01:45:39+00:00,1,True,0,6
3303,WELL-00020_20140314144539,WELL-00020,5,36,2014-03-16T02:45:39+00:00,1,True,0,6
3304,WELL-00020_20140314144539,WELL-00020,5,37,2014-03-16T03:45:39+00:00,1,True,0,6
3305,WELL-00020_20140314144539,WELL-00020,5,38,2014-03-16T04:45:39+00:00,1,True,0,6
3306,WELL-00020_20140314144539,WELL-00020,5,39,2014-03-16T05:45:39+00:00,1,True,0,6
3307,WELL-00020_20140314144539,WELL-00020,5,40,2014-03-16T06:45:39+00:00,1,True,0,6
3308,WELL-00020_20140317130658,WELL-00020,5,1,2014-03-17T14:06:58+00:00,0,False,0,6
3309,WELL-00020_20140317130658,WELL-00020,5,2,2014-03-17T15:06:58+00:00,0,False,0,6
3310,WELL-00020_20140317130658,WELL-00020,5,3,2014-03-17T16:06:58+00:00,1,True,0,6
3311,WELL-00020_20140317130658,WELL-00020,5,4,2014-03-17T17:06:58+00:00,1,True,0,6
3312,WELL-00020_20140317130658,WELL-00020,5,5,2014-03-17T18:06:58+00:00,1,True,0,6
3313,WELL-00020_20140317130658,WELL-00020,5,6,2014-03-17T19:06:58+00:00,1,True,0,6
3314,WELL-00020_20140317130658,WELL-00020,5,7,2014-03-17T20:06:58+00:00,1,True,0,6
3315,WELL-00020_20140317130658,WELL-00020,5,8,2014-03-17T21:06:58+00:00,1,True,0,6
3316,WELL-00020_20140317130658,WELL-00020,5,9,2014-03-17T22:06:58+00:00,1,True,0,6
3317,WELL-00020_20140317130658,WELL-00020,5,10,2014-03-17T23:06:58+00:00,1,True,0,6
3318,WELL-00020_20140317130658,WELL-00020,5,11,2014-03-18T00:06:58+00:00,1,True,0,6
3319,WELL-00020_20140318005900,WELL-00020,5,1,2014-03-18T01:59:00+00:00,0,False,0,6
3320,WELL-00020_20140318005900,WELL-00020,5,2,2014-03-18T02:59:00+00:00,1,True,0,6
3321,WELL-00020_20140318005900,WELL-00020,5,3,2014-03-18T03:59:00+00:00,1,True,0,6
3322,WELL-00020_20140318005900,WELL-00020,5,4,2014-03-18T04:59:00+00:00,1,True,0,6
3323,WELL-00020_20140318005900,WELL-00020,5,5,2014-03-18T05:59:00+00:00,1,True,0,6
3324,WELL-00020_20140318005900,WELL-00020,5,6,2014-03-18T06:59:00+00:00,1,True,0,6
3325,WELL-00020_20140318005900,WELL-00020,5,7,2014-03-18T07:59:00+00:00,1,True,0,6
3326,WELL-00020_20140318005900,WELL-00020,5,8,2014-03-18T08:59:00+00:00,1,True,0,6
3327,WELL-00020_20140318005900,WELL-00020,5,9,2014-03-18T09:59:00+00:00,1,True,0,6
3328,WELL-00020_20140318005900,WELL-00020,5,10,2014-03-18T10:59:00+00:00,1,True,0,6
3329,WELL-00020_20140318005900,WELL-00020,5,11,2014-03-18T11:59:00+00:00,1,True,0,6
3330,WELL-00020_20140318135038,WELL-00020,5,1,2014-03-18T14:50:38+00:00,0,False,0,6
3331,WELL-00020_20140318135038,WELL-00020,5,2,2014-03-18T15:50:38+00:00,0,False,0,6
3332,WELL-00020_20140318135038,WELL-00020,5,3,2014-03-18T16:50:38+00:00,1,True,0,6
3333,WELL-00020_20140318135038,WELL-00020,5,4,2014-03-18T17:50:38+00:00,1,True,0,6
3334,WELL-00020_20140318135038,WELL-00020,5,5,2014-03-18T18:50:38+00:00,1,True,0,6
3335,WELL-00020_20140318135038,WELL-00020,5,6,2014-03-18T19:50:38+00:00,1,True,0,6
3336,WELL-00020_20140318135038,WELL-00020,5,7,2014-03-18T20:50:38+00:00,1,True,0,6
3337,WELL-00020_20140318135038,WELL-00020,5,8,2014-03-18T21:50:38+00:00,1,True,0,6
3338,WELL-00020_20140318135038,WELL-00020,5,9,2014-03-18T22:50:38+00:00,1,True,0,6
3339,WELL-00020_20140318135038,WELL-00020,5,10,2014-03-18T23:50:38+00:00,1,True,0,6
3340,WELL-00020_20140318135038,WELL-00020,5,11,2014-03-19T00:50:38+00:00,1,True,0,6
3341,WELL-00020_20140319021600,WELL-00020,5,1,2014-03-19T03:16:00+00:00,0,False,0,6
3342,WELL-00020_20140319021600,WELL-00020,5,2,2014-03-19T04:16:00+00:00,0,False,0,6
3343,WELL-00020_20140319021600,WELL-00020,5,3,2014-03-19T05:16:00+00:00,1,True,0,6
3344,WELL-00020_20140319021600,WELL-00020,5,4,2014-03-19T06:16:00+00:00,1,True,0,6
3345,WELL-00020_20140319021600,WELL-00020,5,5,2014-03-19T07:16:00+00:00,1,True,0,6
3346,WELL-00020_20140319021600,WELL-00020,5,6,2014-03-19T08:16:00+00:00,1,True,0,6
3347,WELL-00020_20140319021600,WELL-00020,5,7,2014-03-19T09:16:00+00:00,1,True,0,6
3348,WELL-00020_20140319110000,WELL-00020,5,1,2014-03-19T12:00:00+00:00,0,False,0,6
3349,WELL-00020_20140319110000,WELL-00020,5,2,2014-03-19T13:00:00+00:00,0,False,0,6
3350,WELL-00020_20140319110000,WELL-00020,5,3,2014-03-19T14:00:00+00:00,0,False,0,6
3351,WELL-00020_20140319110000,WELL-00020,5,4,2014-03-19T15:00:00+00:00,1,True,0,6
3352,WELL-00020_20140319110000,WELL-00020,5,5,2014-03-19T16:00:00+00:00,1,True,0,6
3353,WELL-00020_20140319110000,WELL-00020,5,6,2014-03-19T17:00:00+00:00,1,True,0,6
3354,WELL-00020_20140319110000,WELL-00020,5,7,2014-03-19T18:00:00+00:00,1,True,0,6
3355,WELL-00020_20140319110000,WELL-00020,5,8,2014-03-19T19:00:00+00:00,1,True,0,6
3356,WELL-00020_20140319110000,WELL-00020,5,9,2014-03-19T20:00:00+00:00,1,True,0,6
3357,WELL-00020_20140319110000,WELL-00020,5,10,2014-03-19T21:00:00+00:00,1,True,0,6
3358,WELL-00020_20140319110000,WELL-00020,5,11,2014-03-19T22:00:00+00:00,1,True,0,6
3359,WELL-00020_20140319110000,WELL-00020,5,12,2014-03-19T23:00:00+00:00,1,True,0,6
3360,WELL-00020_20140319110000,WELL-00020,5,13,2014-03-20T00:00:00+00:00,1,True,0,6
3361,WELL-00020_20140319110000,WELL-00020,5,14,2014-03-20T01:00:00+00:00,1,True,0,6
3362,WELL-00020_20140319110000,WELL-00020,5,15,2014-03-20T02:00:00+00:00,1,True,0,6
3363,WELL-00020_20140319110000,WELL-00020,5,16,2014-03-20T03:00:00+00:00,1,False,0,6
3364,WELL-00021_20180611011218,WELL-00021,7,1,2018-06-11T02:12:18+00:00,0,False,0,6
3365,WELL-00021_20180611011218,WELL-00021,7,2,2018-06-11T03:12:18+00:00,0,False,0,6
3366,WELL-00021_20180611011218,WELL-00021,7,3,2018-06-11T04:12:18+00:00,0,False,0,6
3367,WELL-00021_20180611011218,WELL-00021,7,4,2018-06-11T05:12:18+00:00,0,False,0,6
3368,WELL-00021_20180611011218,WELL-00021,7,5,2018-06-11T06:12:18+00:00,1,True,0,6
3369,WELL-00021_20180611011218,WELL-00021,7,6,2018-06-11T07:12:18+00:00,1,True,0,6
3370,WELL-00021_20180611011218,WELL-00021,7,7,2018-06-11T08:12:18+00:00,1,True,0,6
3371,WELL-00021_20180611011218,WELL-00021,7,8,2018-06-11T09:12:18+00:00,1,True,0,6
3372,WELL-00021_20180611011218,WELL-00021,7,9,2018-06-11T10:12:18+00:00,1,True,0,6
3373,WELL-00021_20180611011218,WELL-00021,7,10,2018-06-11T11:12:18+00:00,1,True,0,6
3374,WELL-00021_20180611011218,WELL-00021,7,11,2018-06-11T12:12:18+00:00,1,True,0,6
3375,WELL-00021_20190403013307,WELL-00021,7,1,2019-04-03T02:33:07+00:00,0,False,0,6
3376,WELL-00021_20190403013307,WELL-00021,7,2,2019-04-03T03:33:07+00:00,0,False,0,6
3377,WELL-00021_20190403013307,WELL-00021,7,3,2019-04-03T04:33:07+00:00,0,False,0,6
3378,WELL-00021_20190403013307,WELL-00021,7,4,2019-04-03T05:33:07+00:00,0,False,0,6
3379,WELL-00021_20190403013307,WELL-00021,7,5,2019-04-03T06:33:07+00:00,0,False,0,6
3380,WELL-00021_20190403013307,WELL-00021,7,6,2019-04-03T07:33:07+00:00,0,False,0,6
3381,WELL-00021_20190403013307,WELL-00021,7,7,2019-04-03T08:33:07+00:00,0,False,0,6
3382,WELL-00021_20190403013307,WELL-00021,7,8,2019-04-03T09:33:07+00:00,1,True,0,6
3383,WELL-00021_20190403013307,WELL-00021,7,9,2019-04-03T10:33:07+00:00,1,True,0,6
3384,WELL-00021_20190403013307,WELL-00021,7,10,2019-04-03T11:33:07+00:00,1,True,0,6
3385,WELL-00021_20190403013307,WELL-00021,7,11,2019-04-03T12:33:07+00:00,1,True,0,6
3386,WELL-00021_20190403013307,WELL-00021,7,12,2019-04-03T13:33:07+00:00,1,True,0,6
3387,WELL-00022_20180802233838,WELL-00022,7,1,2018-08-03T00:38:38+00:00,0,False,0,6
3388,WELL-00022_20180802233838,WELL-00022,7,2,2018-08-03T01:38:38+00:00,0,False,0,6
3389,WELL-00022_20180802233838,WELL-00022,7,3,2018-08-03T02:38:38+00:00,0,False,0,6
3390,WELL-00022_20180802233838,WELL-00022,7,4,2018-08-03T03:38:38+00:00,0,False,0,6
3391,WELL-00022_20180802233838,WELL-00022,7,5,2018-08-03T04:38:38+00:00,0,False,0,6
3392,WELL-00022_20180802233838,WELL-00022,7,6,2018-08-03T05:38:38+00:00,0,False,0,6
3393,WELL-00022_20180802233838,WELL-00022,7,7,2018-08-03T06:38:38+00:00,0,False,0,6
3394,WELL-00022_20180802233838,WELL-00022,7,8,2018-08-03T07:38:38+00:00,0,False,0,6
3395,WELL-00022_20180802233838,WELL-00022,7,9,2018-08-03T08:38:38+00:00,0,False,0,6
3396,WELL-00022_20180802233838,WELL-00022,7,10,2018-08-03T09:38:38+00:00,0,False,0,6
3397,WELL-00022_20180802233838,WELL-00022,7,11,2018-08-03T10:38:38+00:00,0,False,0,6
3398,WELL-00022_20180802233838,WELL-00022,7,12,2018-08-03T11:38:38+00:00,0,False,0,6
3399,WELL-00022_20180802233838,WELL-00022,7,13,2018-08-03T12:38:38+00:00,0,False,0,6
3400,WELL-00022_20180802233838,WELL-00022,7,14,2018-08-03T13:38:38+00:00,0,False,0,6
3401,WELL-00022_20180802233838,WELL-00022,7,15,2018-08-03T14:38:38+00:00,0,False,0,6
3402,WELL-00022_20180802233838,WELL-00022,7,16,2018-08-03T15:38:38+00:00,0,False,0,6
3403,WELL-00022_20180802233838,WELL-00022,7,17,2018-08-03T16:38:38+00:00,0,False,0,6
3404,WELL-00022_20180802233838,WELL-00022,7,18,2018-08-03T17:38:38+00:00,0,False,0,6
3405,WELL-00022_20180802233838,WELL-00022,7,19,2018-08-03T18:38:38+00:00,0,False,0,6
3406,WELL-00022_20180802233838,WELL-00022,7,20,2018-08-03T19:38:38+00:00,0,False,0,6
3407,WELL-00022_20180802233838,WELL-00022,7,21,2018-08-03T20:38:38+00:00,0,False,0,6
3408,WELL-00022_20180802233838,WELL-00022,7,22,2018-08-03T21:38:38+00:00,0,False,0,6
3409,WELL-00022_20180802233838,WELL-00022,7,23,2018-08-03T22:38:38+00:00,1,True,0,6
3410,WELL-00022_20180802233838,WELL-00022,7,24,2018-08-03T23:38:38+00:00,1,True,0,6
3411,WELL-00022_20180802233838,WELL-00022,7,25,2018-08-04T00:38:38+00:00,1,True,0,6
3412,WELL-00022_20180802233838,WELL-00022,7,26,2018-08-04T01:38:38+00:00,1,True,0,6
3413,WELL-00022_20180802233838,WELL-00022,7,27,2018-08-04T02:38:38+00:00,1,True,0,6
3414,WELL-00022_20180802233838,WELL-00022,7,28,2018-08-04T03:38:38+00:00,1,True,0,6
3415,WELL-00022_20180802233838,WELL-00022,7,29,2018-08-04T04:38:38+00:00,1,True,0,6
3416,WELL-00022_20180802233838,WELL-00022,7,30,2018-08-04T05:38:38+00:00,1,True,0,6
3417,WELL-00022_20180802233838,WELL-00022,7,31,2018-08-04T06:38:38+00:00,1,True,0,6
3418,WELL-00022_20180802233838,WELL-00022,7,32,2018-08-04T07:38:38+00:00,1,True,0,6
3419,WELL-00022_20180802233838,WELL-00022,7,33,2018-08-04T08:38:38+00:00,1,True,0,6
3420,WELL-00022_20180802233838,WELL-00022,7,34,2018-08-04T09:38:38+00:00,1,True,0,6
3421,WELL-00022_20180802233838,WELL-00022,7,35,2018-08-04T10:38:38+00:00,1,True,0,6
3422,WELL-00022_20180802233838,WELL-00022,7,36,2018-08-04T11:38:38+00:00,1,True,0,6
3423,WELL-00022_20180802233838,WELL-00022,7,37,2018-08-04T12:38:38+00:00,1,True,0,6
3424,WELL-00022_20180802233838,WELL-00022,7,38,2018-08-04T13:38:38+00:00,1,True,0,6
3425,WELL-00022_20180802233838,WELL-00022,7,39,2018-08-04T14:38:38+00:00,1,True,0,6
3426,WELL-00022_20180802233838,WELL-00022,7,40,2018-08-04T15:38:38+00:00,1,True,0,6
3427,WELL-00022_20180802233838,WELL-00022,7,41,2018-08-04T16:38:38+00:00,1,True,0,6
3428,WELL-00022_20180802233838,WELL-00022,7,42,2018-08-04T17:38:38+00:00,1,True,0,6
3429,WELL-00022_20180802233838,WELL-00022,7,43,2018-08-04T18:38:38+00:00,1,True,0,6
3430,WELL-00022_20180802233838,WELL-00022,7,44,2018-08-04T19:38:38+00:00,1,True,0,6
3431,WELL-00022_20180802233838,WELL-00022,7,45,2018-08-04T20:38:38+00:00,1,True,0,6
3432,WELL-00022_20180802233838,WELL-00022,7,46,2018-08-04T21:38:38+00:00,1,True,0,6
3433,WELL-00022_20180802233838,WELL-00022,7,47,2018-08-04T22:38:38+00:00,1,True,0,6
3434,WELL-00022_20180802233838,WELL-00022,7,48,2018-08-04T23:38:38+00:00,1,True,0,6
3435,WELL-00022_20180802233838,WELL-00022,7,49,2018-08-05T00:38:38+00:00,1,True,0,6
3436,WELL-00022_20180802233838,WELL-00022,7,50,2018-08-05T01:38:38+00:00,1,True,0,6
3437,WELL-00022_20180802233838,WELL-00022,7,51,2018-08-05T02:38:38+00:00,1,True,0,6
3438,WELL-00022_20180802233838,WELL-00022,7,52,2018-08-05T03:38:38+00:00,1,True,0,6
3439,WELL-00022_20180802233838,WELL-00022,7,53,2018-08-05T04:38:38+00:00,1,True,0,6
3440,WELL-00022_20180802233838,WELL-00022,7,54,2018-08-05T05:38:38+00:00,1,True,0,6
3441,WELL-00022_20180802233838,WELL-00022,7,55,2018-08-05T06:38:38+00:00,1,True,0,6
3442,WELL-00022_20180802233838,WELL-00022,7,56,2018-08-05T07:38:38+00:00,1,True,0,6
3443,WELL-00022_20180802233838,WELL-00022,7,57,2018-08-05T08:38:38+00:00,1,True,0,6
3444,WELL-00022_20180802233838,WELL-00022,7,58,2018-08-05T09:38:38+00:00,1,True,0,6
3445,WELL-00022_20180802233838,WELL-00022,7,59,2018-08-05T10:38:38+00:00,1,True,0,6
3446,WELL-00022_20180802233838,WELL-00022,7,60,2018-08-05T11:38:38+00:00,1,True,0,6
3447,WELL-00022_20180802233838,WELL-00022,7,61,2018-08-05T12:38:38+00:00,1,True,0,6
3448,WELL-00022_20180802233838,WELL-00022,7,62,2018-08-05T13:38:38+00:00,1,True,0,6
3449,WELL-00022_20180802233838,WELL-00022,7,63,2018-08-05T14:38:38+00:00,1,True,0,6
3450,WELL-00022_20180802233838,WELL-00022,7,64,2018-08-05T15:38:38+00:00,1,True,0,6
3451,WELL-00022_20180802233838,WELL-00022,7,65,2018-08-05T16:38:38+00:00,1,True,0,6
3452,WELL-00022_20180802233838,WELL-00022,7,66,2018-08-05T17:38:38+00:00,1,True,0,6
3453,WELL-00022_20180802233838,WELL-00022,7,67,2018-08-05T18:38:38+00:00,1,True,0,6
3454,WELL-00022_20180802233838,WELL-00022,7,68,2018-08-05T19:38:38+00:00,1,True,0,6
3455,WELL-00022_20180802233838,WELL-00022,7,69,2018-08-05T20:38:38+00:00,1,True,0,6
3456,WELL-00022_20180802233838,WELL-00022,7,70,2018-08-05T21:38:38+00:00,1,True,0,6
3457,WELL-00022_20180802233838,WELL-00022,7,71,2018-08-05T22:38:38+00:00,1,True,0,6
3458,WELL-00022_20180802233838,WELL-00022,7,72,2018-08-05T23:38:38+00:00,1,True,0,6
3459,WELL-00022_20180802233838,WELL-00022,7,73,2018-08-06T00:38:38+00:00,1,True,0,6
3460,WELL-00022_20180802233838,WELL-00022,7,74,2018-08-06T01:38:38+00:00,1,True,0,6
3461,WELL-00022_20180802233838,WELL-00022,7,75,2018-08-06T02:38:38+00:00,1,True,0,6
3462,WELL-00022_20180802233838,WELL-00022,7,76,2018-08-06T03:38:38+00:00,1,True,0,6
3463,WELL-00022_20180802233838,WELL-00022,7,77,2018-08-06T04:38:38+00:00,1,True,0,6
3464,WELL-00022_20180802233838,WELL-00022,7,78,2018-08-06T05:38:38+00:00,1,True,0,6
3465,WELL-00022_20180802233838,WELL-00022,7,79,2018-08-06T06:38:38+00:00,1,True,0,6
3466,WELL-00022_20180802233838,WELL-00022,7,80,2018-08-06T07:38:38+00:00,1,True,0,6
3467,WELL-00022_20180802233838,WELL-00022,7,81,2018-08-06T08:38:38+00:00,1,True,0,6
3468,WELL-00022_20180802233838,WELL-00022,7,82,2018-08-06T09:38:38+00:00,1,True,0,6
3469,WELL-00022_20180802233838,WELL-00022,7,83,2018-08-06T10:38:38+00:00,1,True,0,6
3470,WELL-00022_20180912025800,WELL-00022,7,1,2018-09-12T03:58:00+00:00,0,False,0,6
3471,WELL-00022_20180912025800,WELL-00022,7,2,2018-09-12T04:58:00+00:00,0,False,0,6
3472,WELL-00022_20180912025800,WELL-00022,7,3,2018-09-12T05:58:00+00:00,0,False,0,6
3473,WELL-00022_20180912025800,WELL-00022,7,4,2018-09-12T06:58:00+00:00,0,False,0,6
3474,WELL-00022_20180912025800,WELL-00022,7,5,2018-09-12T07:58:00+00:00,0,False,0,6
3475,WELL-00022_20180912025800,WELL-00022,7,6,2018-09-12T08:58:00+00:00,0,False,0,6
3476,WELL-00022_20180912025800,WELL-00022,7,7,2018-09-12T09:58:00+00:00,0,False,0,6
3477,WELL-00022_20180912025800,WELL-00022,7,8,2018-09-12T10:58:00+00:00,1,True,0,6
3478,WELL-00022_20180912025800,WELL-00022,7,9,2018-09-12T11:58:00+00:00,1,True,0,6
3479,WELL-00022_20180912025800,WELL-00022,7,10,2018-09-12T12:58:00+00:00,1,True,0,6
3480,WELL-00022_20180912025800,WELL-00022,7,11,2018-09-12T13:58:00+00:00,1,True,0,6
3481,WELL-00022_20180912025800,WELL-00022,7,12,2018-09-12T14:58:00+00:00,1,True,0,6
3482,WELL-00022_20180912025800,WELL-00022,7,13,2018-09-12T15:58:00+00:00,1,True,0,6
3483,WELL-00022_20180912025800,WELL-00022,7,14,2018-09-12T16:58:00+00:00,1,True,0,6
3484,WELL-00022_20180912025800,WELL-00022,7,15,2018-09-12T17:58:00+00:00,1,True,0,6
3485,WELL-00022_20180912025800,WELL-00022,7,16,2018-09-12T18:58:00+00:00,1,True,0,6
3486,WELL-00022_20180912025800,WELL-00022,7,17,2018-09-12T19:58:00+00:00,1,True,0,6
3487,WELL-00022_20180912025800,WELL-00022,7,18,2018-09-12T20:58:00+00:00,1,True,0,6
3488,WELL-00022_20180912025800,WELL-00022,7,19,2018-09-12T21:58:00+00:00,1,True,0,6
3489,WELL-00022_20180912025800,WELL-00022,7,20,2018-09-12T22:58:00+00:00,1,True,0,6
3490,WELL-00022_20180912025800,WELL-00022,7,21,2018-09-12T23:58:00+00:00,1,True,0,6
3491,WELL-00022_20180912025800,WELL-00022,7,22,2018-09-13T00:58:00+00:00,1,True,0,6
3492,WELL-00022_20180912025800,WELL-00022,7,23,2018-09-13T01:58:00+00:00,1,True,0,6
3493,WELL-00022_20180912025800,WELL-00022,7,24,2018-09-13T02:58:00+00:00,1,True,0,6
3494,WELL-00022_20180912025800,WELL-00022,7,25,2018-09-13T03:58:00+00:00,1,True,0,6
3495,WELL-00022_20180912025800,WELL-00022,7,26,2018-09-13T04:58:00+00:00,1,True,0,6
3496,WELL-00022_20180912025800,WELL-00022,7,27,2018-09-13T05:58:00+00:00,1,True,0,6
3497,WELL-00022_20180912025800,WELL-00022,7,28,2018-09-13T06:58:00+00:00,1,True,0,6
3498,WELL-00022_20180912025800,WELL-00022,7,29,2018-09-13T07:58:00+00:00,1,True,0,6
3499,WELL-00022_20180912025800,WELL-00022,7,30,2018-09-13T08:58:00+00:00,1,True,0,6
3500,WELL-00022_20180912025800,WELL-00022,7,31,2018-09-13T09:58:00+00:00,1,True,0,6
3501,WELL-00022_20180912025800,WELL-00022,7,32,2018-09-13T10:58:00+00:00,1,True,0,6
3502,WELL-00022_20180912025800,WELL-00022,7,33,2018-09-13T11:58:00+00:00,1,True,0,6
3503,WELL-00022_20180912025800,WELL-00022,7,34,2018-09-13T12:58:00+00:00,1,True,0,6
3504,WELL-00022_20180912025800,WELL-00022,7,35,2018-09-13T13:58:00+00:00,1,True,0,6
3505,WELL-00022_20180912025800,WELL-00022,7,36,2018-09-13T14:58:00+00:00,1,True,0,6
3506,WELL-00022_20180912025800,WELL-00022,7,37,2018-09-13T15:58:00+00:00,1,True,0,6
3507,WELL-00022_20180912025800,WELL-00022,7,38,2018-09-13T16:58:00+00:00,1,True,0,6
3508,WELL-00022_20180912025800,WELL-00022,7,39,2018-09-13T17:58:00+00:00,1,True,0,6
3509,WELL-00022_20180912025800,WELL-00022,7,40,2018-09-13T18:58:00+00:00,1,True,0,6
3510,WELL-00022_20180912025800,WELL-00022,7,41,2018-09-13T19:58:00+00:00,1,True,0,6
3511,WELL-00022_20180912025800,WELL-00022,7,42,2018-09-13T20:58:00+00:00,1,True,0,6
3512,WELL-00022_20180912025800,WELL-00022,7,43,2018-09-13T21:58:00+00:00,1,True,0,6
3513,WELL-00022_20180912025800,WELL-00022,7,44,2018-09-13T22:58:00+00:00,1,True,0,6
3514,WELL-00022_20180912025800,WELL-00022,7,45,2018-09-13T23:58:00+00:00,1,True,0,6
3515,WELL-00022_20180912025800,WELL-00022,7,46,2018-09-14T00:58:00+00:00,1,True,0,6
3516,WELL-00022_20180912025800,WELL-00022,7,47,2018-09-14T01:58:00+00:00,1,True,0,6
3517,WELL-00022_20180912025800,WELL-00022,7,48,2018-09-14T02:58:00+00:00,1,True,0,6
3518,WELL-00022_20180912025800,WELL-00022,7,49,2018-09-14T03:58:00+00:00,1,True,0,6
3519,WELL-00022_20180912025800,WELL-00022,7,50,2018-09-14T04:58:00+00:00,1,True,0,6
3520,WELL-00022_20180912025800,WELL-00022,7,51,2018-09-14T05:58:00+00:00,1,True,0,6
3521,WELL-00022_20180912025800,WELL-00022,7,52,2018-09-14T06:58:00+00:00,1,True,0,6
3522,WELL-00022_20180912025800,WELL-00022,7,53,2018-09-14T07:58:00+00:00,1,True,0,6
3523,WELL-00022_20180912025800,WELL-00022,7,54,2018-09-14T08:58:00+00:00,1,True,0,6
3524,WELL-00022_20180912025800,WELL-00022,7,55,2018-09-14T09:58:00+00:00,1,True,0,6
3525,WELL-00022_20180912025800,WELL-00022,7,56,2018-09-14T10:58:00+00:00,1,True,0,6
3526,WELL-00022_20180912025800,WELL-00022,7,57,2018-09-14T11:58:00+00:00,1,True,0,6
3527,WELL-00022_20180912025800,WELL-00022,7,58,2018-09-14T12:58:00+00:00,1,True,0,6
3528,WELL-00022_20180912025800,WELL-00022,7,59,2018-09-14T13:58:00+00:00,1,True,0,6
3529,WELL-00022_20180912025800,WELL-00022,7,60,2018-09-14T14:58:00+00:00,1,True,0,6
3530,WELL-00022_20180912025800,WELL-00022,7,61,2018-09-14T15:58:00+00:00,1,True,0,6
3531,WELL-00022_20180912025800,WELL-00022,7,62,2018-09-14T16:58:00+00:00,1,True,0,6
3532,WELL-00022_20180912025800,WELL-00022,7,63,2018-09-14T17:58:00+00:00,1,True,0,6
3533,WELL-00022_20180912025800,WELL-00022,7,64,2018-09-14T18:58:00+00:00,1,True,0,6
3534,WELL-00022_20180912025800,WELL-00022,7,65,2018-09-14T19:58:00+00:00,1,True,0,6
3535,WELL-00022_20180912025800,WELL-00022,7,66,2018-09-14T20:58:00+00:00,1,True,0,6
3536,WELL-00022_20180912025800,WELL-00022,7,67,2018-09-14T21:58:00+00:00,1,True,0,6
3537,WELL-00022_20180912025800,WELL-00022,7,68,2018-09-14T22:58:00+00:00,1,True,0,6
3538,WELL-00022_20180912025800,WELL-00022,7,69,2018-09-14T23:58:00+00:00,1,True,0,6
3539,WELL-00022_20180912025800,WELL-00022,7,70,2018-09-15T00:58:00+00:00,1,True,0,6
3540,WELL-00022_20180912025800,WELL-00022,7,71,2018-09-15T01:58:00+00:00,1,True,0,6
3541,WELL-00022_20180912025800,WELL-00022,7,72,2018-09-15T02:58:00+00:00,1,True,0,6
3542,WELL-00022_20180912025800,WELL-00022,7,73,2018-09-15T03:58:00+00:00,1,True,0,6
3543,WELL-00022_20180912025800,WELL-00022,7,74,2018-09-15T04:58:00+00:00,1,True,0,6
3544,WELL-00022_20180912025800,WELL-00022,7,75,2018-09-15T05:58:00+00:00,1,True,0,6
3545,WELL-00022_20180912025800,WELL-00022,7,76,2018-09-15T06:58:00+00:00,1,True,0,6
3546,WELL-00022_20180912025800,WELL-00022,7,77,2018-09-15T07:58:00+00:00,1,True,0,6
3547,WELL-00022_20180912025800,WELL-00022,7,78,2018-09-15T08:58:00+00:00,1,True,0,6
3548,WELL-00022_20180912025800,WELL-00022,7,79,2018-09-15T09:58:00+00:00,1,True,0,6
3549,WELL-00022_20180912025800,WELL-00022,7,80,2018-09-15T10:58:00+00:00,1,True,0,6
3550,WELL-00022_20180912025800,WELL-00022,7,81,2018-09-15T11:58:00+00:00,1,True,0,6
3551,WELL-00022_20180912025800,WELL-00022,7,82,2018-09-15T12:58:00+00:00,1,True,0,6
3552,WELL-00022_20180912025800,WELL-00022,7,83,2018-09-15T13:58:00+00:00,1,True,0,6
3553,WELL-00022_20180912025800,WELL-00022,7,84,2018-09-15T14:58:00+00:00,1,True,0,6
3554,WELL-00022_20180912025800,WELL-00022,7,85,2018-09-15T15:58:00+00:00,1,True,0,6
3555,WELL-00022_20180912025800,WELL-00022,7,86,2018-09-15T16:58:00+00:00,1,True,0,6
3556,WELL-00022_20180912025800,WELL-00022,7,87,2018-09-15T17:58:00+00:00,1,True,0,6
3557,WELL-00022_20180912025800,WELL-00022,7,88,2018-09-15T18:58:00+00:00,1,True,0,6
3558,WELL-00022_20180912025800,WELL-00022,7,89,2018-09-15T19:58:00+00:00,1,True,0,6
3559,WELL-00022_20180912025800,WELL-00022,7,90,2018-09-15T20:58:00+00:00,1,True,0,6
3560,WELL-00022_20180912025800,WELL-00022,7,91,2018-09-15T21:58:00+00:00,1,True,0,6
3561,WELL-00022_20180912025800,WELL-00022,7,92,2018-09-15T22:58:00+00:00,1,True,0,6
3562,WELL-00022_20180912025800,WELL-00022,7,93,2018-09-15T23:58:00+00:00,1,True,0,6
3563,WELL-00022_20180912025800,WELL-00022,7,94,2018-09-16T00:58:00+00:00,1,True,0,6
3564,WELL-00022_20180912025800,WELL-00022,7,95,2018-09-16T01:58:00+00:00,1,True,0,6
3565,WELL-00022_20180912025800,WELL-00022,7,96,2018-09-16T02:58:00+00:00,1,True,0,6
3566,WELL-00022_20180912025800,WELL-00022,7,97,2018-09-16T03:58:00+00:00,1,True,0,6
3567,WELL-00022_20180912025800,WELL-00022,7,98,2018-09-16T04:58:00+00:00,1,True,0,6
3568,WELL-00022_20180912025800,WELL-00022,7,99,2018-09-16T05:58:00+00:00,1,True,0,6
3569,WELL-00022_20180912025800,WELL-00022,7,100,2018-09-16T06:58:00+00:00,1,True,0,6
3570,WELL-00022_20180912025800,WELL-00022,7,101,2018-09-16T07:58:00+00:00,1,True,0,6
3571,WELL-00022_20180912025800,WELL-00022,7,102,2018-09-16T08:58:00+00:00,1,True,0,6
3572,WELL-00022_20180912025800,WELL-00022,7,103,2018-09-16T09:58:00+00:00,1,True,0,6
3573,WELL-00022_20180912025800,WELL-00022,7,104,2018-09-16T10:58:00+00:00,1,True,0,6
3574,WELL-00022_20180912025800,WELL-00022,7,105,2018-09-16T11:58:00+00:00,1,True,0,6
3575,WELL-00022_20180912025800,WELL-00022,7,106,2018-09-16T12:58:00+00:00,1,True,0,6
3576,WELL-00022_20180912025800,WELL-00022,7,107,2018-09-16T13:58:00+00:00,1,True,0,6
3577,WELL-00022_20180912025800,WELL-00022,7,108,2018-09-16T14:58:00+00:00,1,True,0,6
3578,WELL-00022_20180912025800,WELL-00022,7,109,2018-09-16T15:58:00+00:00,1,True,0,6
3579,WELL-00022_20180912025800,WELL-00022,7,110,2018-09-16T16:58:00+00:00,1,True,0,6
3580,WELL-00022_20180912025800,WELL-00022,7,111,2018-09-16T17:58:00+00:00,1,True,0,6
3581,WELL-00022_20180912025800,WELL-00022,7,112,2018-09-16T18:58:00+00:00,1,True,0,6
3582,WELL-00022_20180912025800,WELL-00022,7,113,2018-09-16T19:58:00+00:00,1,True,0,6
3583,WELL-00022_20180912025800,WELL-00022,7,114,2018-09-16T20:58:00+00:00,1,True,0,6
3584,WELL-00022_20180912025800,WELL-00022,7,115,2018-09-16T21:58:00+00:00,1,True,0,6
3585,WELL-00022_20180912025800,WELL-00022,7,116,2018-09-16T22:58:00+00:00,1,True,0,6
3586,WELL-00022_20180912025800,WELL-00022,7,117,2018-09-16T23:58:00+00:00,1,True,0,6
3587,WELL-00022_20180912025800,WELL-00022,7,118,2018-09-17T00:58:00+00:00,1,True,0,6
3588,WELL-00022_20180912025800,WELL-00022,7,119,2018-09-17T01:58:00+00:00,1,True,0,6
3589,WELL-00022_20180912025800,WELL-00022,7,120,2018-09-17T02:58:00+00:00,1,True,0,6
3590,WELL-00022_20180912025800,WELL-00022,7,121,2018-09-17T03:58:00+00:00,1,True,0,6
3591,WELL-00022_20180912025800,WELL-00022,7,122,2018-09-17T04:58:00+00:00,1,True,0,6
3592,WELL-00022_20180912025800,WELL-00022,7,123,2018-09-17T05:58:00+00:00,1,True,0,6
3593,WELL-00022_20180912025800,WELL-00022,7,124,2018-09-17T06:58:00+00:00,1,True,0,6
3594,WELL-00022_20180912025800,WELL-00022,7,125,2018-09-17T07:58:00+00:00,1,True,0,6
3595,WELL-00022_20180912025800,WELL-00022,7,126,2018-09-17T08:58:00+00:00,1,True,0,6
3596,WELL-00022_20180912025800,WELL-00022,7,127,2018-09-17T09:58:00+00:00,1,True,0,6
3597,WELL-00022_20180912025800,WELL-00022,7,128,2018-09-17T10:58:00+00:00,1,True,0,6
3598,WELL-00022_20180912025800,WELL-00022,7,129,2018-09-17T11:58:00+00:00,1,True,0,6
3599,WELL-00022_20180912025800,WELL-00022,7,130,2018-09-17T12:58:00+00:00,1,True,0,6
3600,WELL-00022_20180912025800,WELL-00022,7,131,2018-09-17T13:58:00+00:00,1,True,0,6
3601,WELL-00022_20180912025800,WELL-00022,7,132,2018-09-17T14:58:00+00:00,1,True,0,6
3602,WELL-00022_20180912025800,WELL-00022,7,133,2018-09-17T15:58:00+00:00,1,True,0,6
3603,WELL-00022_20180912025800,WELL-00022,7,134,2018-09-17T16:58:00+00:00,1,True,0,6
3604,WELL-00022_20180912025800,WELL-00022,7,135,2018-09-17T17:58:00+00:00,1,True,0,6
3605,WELL-00022_20180912025800,WELL-00022,7,136,2018-09-17T18:58:00+00:00,1,True,0,6
3606,WELL-00022_20180912025800,WELL-00022,7,137,2018-09-17T19:58:00+00:00,1,True,0,6
3607,WELL-00022_20180912025800,WELL-00022,7,138,2018-09-17T20:58:00+00:00,1,True,0,6
3608,WELL-00022_20180912025800,WELL-00022,7,139,2018-09-17T21:58:00+00:00,1,True,0,6
3609,WELL-00022_20180912025800,WELL-00022,7,140,2018-09-17T22:58:00+00:00,1,True,0,6
3610,WELL-00022_20180912025800,WELL-00022,7,141,2018-09-17T23:58:00+00:00,1,True,0,6
3611,WELL-00022_20180912025800,WELL-00022,7,142,2018-09-18T00:58:00+00:00,1,True,0,6
3612,WELL-00022_20180912025800,WELL-00022,7,143,2018-09-18T01:58:00+00:00,1,True,0,6
3613,WELL-00022_20180912025800,WELL-00022,7,144,2018-09-18T02:58:00+00:00,1,True,0,6
3614,WELL-00022_20180912025800,WELL-00022,7,145,2018-09-18T03:58:00+00:00,1,True,0,6
3615,WELL-00022_20180912025800,WELL-00022,7,146,2018-09-18T04:58:00+00:00,1,True,0,6
3616,WELL-00022_20180912025800,WELL-00022,7,147,2018-09-18T05:58:00+00:00,1,True,0,6
3617,WELL-00022_20180912025800,WELL-00022,7,148,2018-09-18T06:58:00+00:00,1,True,0,6
3618,WELL-00022_20180912025800,WELL-00022,7,149,2018-09-18T07:58:00+00:00,1,True,0,6
3619,WELL-00022_20180912025800,WELL-00022,7,150,2018-09-18T08:58:00+00:00,1,True,0,6
3620,WELL-00022_20180912025800,WELL-00022,7,151,2018-09-18T09:58:00+00:00,1,True,0,6
3621,WELL-00022_20180912025800,WELL-00022,7,152,2018-09-18T10:58:00+00:00,1,True,0,6
3622,WELL-00022_20180912025800,WELL-00022,7,153,2018-09-18T11:58:00+00:00,1,True,0,6
3623,WELL-00022_20180912025800,WELL-00022,7,154,2018-09-18T12:58:00+00:00,1,True,0,6
3624,WELL-00022_20180912025800,WELL-00022,7,155,2018-09-18T13:58:00+00:00,1,True,0,6
3625,WELL-00022_20180919003240,WELL-00022,7,1,2018-09-19T01:32:40+00:00,0,False,0,6
3626,WELL-00022_20180919003240,WELL-00022,7,2,2018-09-19T02:32:40+00:00,0,False,0,6
3627,WELL-00022_20180919003240,WELL-00022,7,3,2018-09-19T03:32:40+00:00,0,False,0,6
3628,WELL-00022_20180919003240,WELL-00022,7,4,2018-09-19T04:32:40+00:00,0,False,0,6
3629,WELL-00022_20180919003240,WELL-00022,7,5,2018-09-19T05:32:40+00:00,0,False,0,6
3630,WELL-00022_20180919003240,WELL-00022,7,6,2018-09-19T06:32:40+00:00,0,False,0,6
3631,WELL-00022_20180919003240,WELL-00022,7,7,2018-09-19T07:32:40+00:00,0,False,0,6
3632,WELL-00022_20180919003240,WELL-00022,7,8,2018-09-19T08:32:40+00:00,0,False,0,6
3633,WELL-00022_20180919003240,WELL-00022,7,9,2018-09-19T09:32:40+00:00,0,False,0,6
3634,WELL-00022_20180919003240,WELL-00022,7,10,2018-09-19T10:32:40+00:00,1,True,0,6
3635,WELL-00022_20180919003240,WELL-00022,7,11,2018-09-19T11:32:40+00:00,1,True,0,6
3636,WELL-00022_20180919003240,WELL-00022,7,12,2018-09-19T12:32:40+00:00,1,True,0,6
3637,WELL-00022_20180919003240,WELL-00022,7,13,2018-09-19T13:32:40+00:00,1,True,0,6
3638,WELL-00022_20180919003240,WELL-00022,7,14,2018-09-19T14:32:40+00:00,1,True,0,6
3639,WELL-00022_20180919003240,WELL-00022,7,15,2018-09-19T15:32:40+00:00,1,True,0,6
3640,WELL-00022_20180919003240,WELL-00022,7,16,2018-09-19T16:32:40+00:00,1,True,0,6
3641,WELL-00022_20180919003240,WELL-00022,7,17,2018-09-19T17:32:40+00:00,1,True,0,6
3642,WELL-00022_20180919003240,WELL-00022,7,18,2018-09-19T18:32:40+00:00,1,True,0,6
3643,WELL-00022_20180919003240,WELL-00022,7,19,2018-09-19T19:32:40+00:00,1,True,0,6
3644,WELL-00022_20180919003240,WELL-00022,7,20,2018-09-19T20:32:40+00:00,1,True,0,6
3645,WELL-00022_20180919003240,WELL-00022,7,21,2018-09-19T21:32:40+00:00,1,True,0,6
3646,WELL-00022_20180919003240,WELL-00022,7,22,2018-09-19T22:32:40+00:00,1,True,0,6
3647,WELL-00022_20180919003240,WELL-00022,7,23,2018-09-19T23:32:40+00:00,1,True,0,6
3648,WELL-00022_20180919003240,WELL-00022,7,24,2018-09-20T00:32:40+00:00,1,True,0,6
3649,WELL-00022_20180919003240,WELL-00022,7,25,2018-09-20T01:32:40+00:00,1,True,0,6
3650,WELL-00022_20180919003240,WELL-00022,7,26,2018-09-20T02:32:40+00:00,1,True,0,6
3651,WELL-00022_20180919003240,WELL-00022,7,27,2018-09-20T03:32:40+00:00,1,True,0,6
3652,WELL-00022_20180919003240,WELL-00022,7,28,2018-09-20T04:32:40+00:00,1,True,0,6
3653,WELL-00022_20180919003240,WELL-00022,7,29,2018-09-20T05:32:40+00:00,1,True,0,6
3654,WELL-00022_20180919003240,WELL-00022,7,30,2018-09-20T06:32:40+00:00,1,True,0,6
3655,WELL-00022_20180919003240,WELL-00022,7,31,2018-09-20T07:32:40+00:00,1,True,0,6
3656,WELL-00022_20180919003240,WELL-00022,7,32,2018-09-20T08:32:40+00:00,1,True,0,6
3657,WELL-00022_20180919003240,WELL-00022,7,33,2018-09-20T09:32:40+00:00,1,True,0,6
3658,WELL-00022_20180919003240,WELL-00022,7,34,2018-09-20T10:32:40+00:00,1,True,0,6
3659,WELL-00022_20180919003240,WELL-00022,7,35,2018-09-20T11:32:40+00:00,1,True,0,6
3660,WELL-00022_20180919003240,WELL-00022,7,36,2018-09-20T12:32:40+00:00,1,True,0,6
3661,WELL-00022_20180919003240,WELL-00022,7,37,2018-09-20T13:32:40+00:00,1,True,0,6
3662,WELL-00022_20180919003240,WELL-00022,7,38,2018-09-20T14:32:40+00:00,1,True,0,6
3663,WELL-00022_20180919003240,WELL-00022,7,39,2018-09-20T15:32:40+00:00,1,True,0,6
3664,WELL-00022_20180919003240,WELL-00022,7,40,2018-09-20T16:32:40+00:00,1,True,0,6
3665,WELL-00022_20180919003240,WELL-00022,7,41,2018-09-20T17:32:40+00:00,1,True,0,6
3666,WELL-00022_20180919003240,WELL-00022,7,42,2018-09-20T18:32:40+00:00,1,True,0,6
3667,WELL-00022_20180919003240,WELL-00022,7,43,2018-09-20T19:32:40+00:00,1,True,0,6
3668,WELL-00022_20180919003240,WELL-00022,7,44,2018-09-20T20:32:40+00:00,1,True,0,6
3669,WELL-00022_20180919003240,WELL-00022,7,45,2018-09-20T21:32:40+00:00,1,True,0,6
3670,WELL-00022_20180919003240,WELL-00022,7,46,2018-09-20T22:32:40+00:00,1,True,0,6
3671,WELL-00022_20180919003240,WELL-00022,7,47,2018-09-20T23:32:40+00:00,1,True,0,6
3672,WELL-00022_20180919003240,WELL-00022,7,48,2018-09-21T00:32:40+00:00,1,True,0,6
3673,WELL-00022_20180919003240,WELL-00022,7,49,2018-09-21T01:32:40+00:00,1,True,0,6
3674,WELL-00022_20180919003240,WELL-00022,7,50,2018-09-21T02:32:40+00:00,1,True,0,6
3675,WELL-00022_20180919003240,WELL-00022,7,51,2018-09-21T03:32:40+00:00,1,True,0,6
3676,WELL-00022_20180919003240,WELL-00022,7,52,2018-09-21T04:32:40+00:00,1,True,0,6
3677,WELL-00022_20180919003240,WELL-00022,7,53,2018-09-21T05:32:40+00:00,1,True,0,6
3678,WELL-00022_20180919003240,WELL-00022,7,54,2018-09-21T06:32:40+00:00,1,True,0,6
3679,WELL-00022_20180919003240,WELL-00022,7,55,2018-09-21T07:32:40+00:00,1,True,0,6
3680,WELL-00022_20180919003240,WELL-00022,7,56,2018-09-21T08:32:40+00:00,1,True,0,6
3681,WELL-00022_20180919003240,WELL-00022,7,57,2018-09-21T09:32:40+00:00,1,True,0,6
3682,WELL-00022_20180919003240,WELL-00022,7,58,2018-09-21T10:32:40+00:00,1,True,0,6
3683,WELL-00022_20180919003240,WELL-00022,7,59,2018-09-21T11:32:40+00:00,1,True,0,6
3684,WELL-00022_20180919003240,WELL-00022,7,60,2018-09-21T12:32:40+00:00,1,True,0,6
3685,WELL-00022_20180919003240,WELL-00022,7,61,2018-09-21T13:32:40+00:00,1,True,0,6
3686,WELL-00022_20180919003240,WELL-00022,7,62,2018-09-21T14:32:40+00:00,1,True,0,6
3687,WELL-00022_20180919003240,WELL-00022,7,63,2018-09-21T15:32:40+00:00,1,True,0,6
3688,WELL-00022_20180919003240,WELL-00022,7,64,2018-09-21T16:32:40+00:00,1,True,0,6
3689,WELL-00022_20180919003240,WELL-00022,7,65,2018-09-21T17:32:40+00:00,1,True,0,6
3690,WELL-00022_20180919003240,WELL-00022,7,66,2018-09-21T18:32:40+00:00,1,True,0,6
3691,WELL-00022_20180919003240,WELL-00022,7,67,2018-09-21T19:32:40+00:00,1,True,0,6
3692,WELL-00022_20180919003240,WELL-00022,7,68,2018-09-21T20:32:40+00:00,1,True,0,6
3693,WELL-00022_20180919003240,WELL-00022,7,69,2018-09-21T21:32:40+00:00,1,True,0,6
3694,WELL-00022_20180919003240,WELL-00022,7,70,2018-09-21T22:32:40+00:00,1,True,0,6
3695,WELL-00022_20180919003240,WELL-00022,7,71,2018-09-21T23:32:40+00:00,1,True,0,6
3696,WELL-00022_20180919003240,WELL-00022,7,72,2018-09-22T00:32:40+00:00,1,True,0,6
3697,WELL-00022_20180919003240,WELL-00022,7,73,2018-09-22T01:32:40+00:00,1,True,0,6
3698,WELL-00022_20180919003240,WELL-00022,7,74,2018-09-22T02:32:40+00:00,1,True,0,6
3699,WELL-00022_20180919003240,WELL-00022,7,75,2018-09-22T03:32:40+00:00,1,True,0,6
3700,WELL-00022_20180919003240,WELL-00022,7,76,2018-09-22T04:32:40+00:00,1,True,0,6
3701,WELL-00022_20180919003240,WELL-00022,7,77,2018-09-22T05:32:40+00:00,1,True,0,6
3702,WELL-00022_20180919003240,WELL-00022,7,78,2018-09-22T06:32:40+00:00,1,True,0,6
3703,WELL-00022_20180919003240,WELL-00022,7,79,2018-09-22T07:32:40+00:00,1,True,0,6
3704,WELL-00022_20180925003447,WELL-00022,7,1,2018-09-25T01:34:47+00:00,0,False,0,6
3705,WELL-00022_20180925003447,WELL-00022,7,2,2018-09-25T02:34:47+00:00,0,False,0,6
3706,WELL-00022_20180925003447,WELL-00022,7,3,2018-09-25T03:34:47+00:00,0,False,0,6
3707,WELL-00022_20180925003447,WELL-00022,7,4,2018-09-25T04:34:47+00:00,0,False,0,6
3708,WELL-00022_20180925003447,WELL-00022,7,5,2018-09-25T05:34:47+00:00,0,False,0,6
3709,WELL-00022_20180925003447,WELL-00022,7,6,2018-09-25T06:34:47+00:00,0,False,0,6
3710,WELL-00022_20180925003447,WELL-00022,7,7,2018-09-25T07:34:47+00:00,0,False,0,6
3711,WELL-00022_20180925003447,WELL-00022,7,8,2018-09-25T08:34:47+00:00,0,False,0,6
3712,WELL-00022_20180925003447,WELL-00022,7,9,2018-09-25T09:34:47+00:00,0,False,0,6
3713,WELL-00022_20180925003447,WELL-00022,7,10,2018-09-25T10:34:47+00:00,0,False,0,6
3714,WELL-00022_20180925003447,WELL-00022,7,11,2018-09-25T11:34:47+00:00,0,False,0,6
3715,WELL-00022_20180925003447,WELL-00022,7,12,2018-09-25T12:34:47+00:00,0,False,0,6
3716,WELL-00022_20180925003447,WELL-00022,7,13,2018-09-25T13:34:47+00:00,0,False,0,6
3717,WELL-00022_20180925003447,WELL-00022,7,14,2018-09-25T14:34:47+00:00,1,True,0,6
3718,WELL-00022_20180925003447,WELL-00022,7,15,2018-09-25T15:34:47+00:00,1,True,0,6
3719,WELL-00022_20180925003447,WELL-00022,7,16,2018-09-25T16:34:47+00:00,1,True,0,6
3720,WELL-00022_20180925003447,WELL-00022,7,17,2018-09-25T17:34:47+00:00,1,True,0,6
3721,WELL-00022_20180925003447,WELL-00022,7,18,2018-09-25T18:34:47+00:00,1,True,0,6
3722,WELL-00022_20180925003447,WELL-00022,7,19,2018-09-25T19:34:47+00:00,1,True,0,6
3723,WELL-00022_20180925003447,WELL-00022,7,20,2018-09-25T20:34:47+00:00,1,True,0,6
3724,WELL-00022_20180925003447,WELL-00022,7,21,2018-09-25T21:34:47+00:00,1,True,0,6
3725,WELL-00022_20180925003447,WELL-00022,7,22,2018-09-25T22:34:47+00:00,1,True,0,6
3726,WELL-00022_20180925003447,WELL-00022,7,23,2018-09-25T23:34:47+00:00,1,True,0,6
3727,WELL-00022_20180925003447,WELL-00022,7,24,2018-09-26T00:34:47+00:00,1,True,0,6
3728,WELL-00022_20180925003447,WELL-00022,7,25,2018-09-26T01:34:47+00:00,1,True,0,6
3729,WELL-00022_20180925003447,WELL-00022,7,26,2018-09-26T02:34:47+00:00,1,True,0,6
3730,WELL-00022_20180925003447,WELL-00022,7,27,2018-09-26T03:34:47+00:00,1,True,0,6
3731,WELL-00022_20180925003447,WELL-00022,7,28,2018-09-26T04:34:47+00:00,1,True,0,6
3732,WELL-00022_20180925003447,WELL-00022,7,29,2018-09-26T05:34:47+00:00,1,True,0,6
3733,WELL-00022_20180925003447,WELL-00022,7,30,2018-09-26T06:34:47+00:00,1,True,0,6
3734,WELL-00022_20180925003447,WELL-00022,7,31,2018-09-26T07:34:47+00:00,1,True,0,6
3735,WELL-00022_20180925003447,WELL-00022,7,32,2018-09-26T08:34:47+00:00,1,True,0,6
3736,WELL-00022_20180925003447,WELL-00022,7,33,2018-09-26T09:34:47+00:00,1,True,0,6
3737,WELL-00022_20180925003447,WELL-00022,7,34,2018-09-26T10:34:47+00:00,1,True,0,6
3738,WELL-00022_20180925003447,WELL-00022,7,35,2018-09-26T11:34:47+00:00,1,True,0,6
3739,WELL-00022_20180925003447,WELL-00022,7,36,2018-09-26T12:34:47+00:00,1,True,0,6
3740,WELL-00022_20180925003447,WELL-00022,7,37,2018-09-26T13:34:47+00:00,1,True,0,6
3741,WELL-00022_20180925003447,WELL-00022,7,38,2018-09-26T14:34:47+00:00,1,True,0,6
3742,WELL-00022_20180925003447,WELL-00022,7,39,2018-09-26T15:34:47+00:00,1,True,0,6
3743,WELL-00022_20180925003447,WELL-00022,7,40,2018-09-26T16:34:47+00:00,1,True,0,6
3744,WELL-00022_20180925003447,WELL-00022,7,41,2018-09-26T17:34:47+00:00,1,True,0,6
3745,WELL-00022_20180925003447,WELL-00022,7,42,2018-09-26T18:34:47+00:00,1,True,0,6
3746,WELL-00022_20180925003447,WELL-00022,7,43,2018-09-26T19:34:47+00:00,1,True,0,6
3747,WELL-00022_20180925003447,WELL-00022,7,44,2018-09-26T20:34:47+00:00,1,True,0,6
3748,WELL-00022_20180925003447,WELL-00022,7,45,2018-09-26T21:34:47+00:00,1,True,0,6
3749,WELL-00022_20180925003447,WELL-00022,7,46,2018-09-26T22:34:47+00:00,1,True,0,6
3750,WELL-00022_20180925003447,WELL-00022,7,47,2018-09-26T23:34:47+00:00,1,True,0,6
3751,WELL-00022_20180925003447,WELL-00022,7,48,2018-09-27T00:34:47+00:00,1,True,0,6
3752,WELL-00022_20180925003447,WELL-00022,7,49,2018-09-27T01:34:47+00:00,1,True,0,6
3753,WELL-00022_20180925003447,WELL-00022,7,50,2018-09-27T02:34:47+00:00,1,True,0,6
3754,WELL-00022_20180925003447,WELL-00022,7,51,2018-09-27T03:34:47+00:00,1,True,0,6
3755,WELL-00022_20180925003447,WELL-00022,7,52,2018-09-27T04:34:47+00:00,1,True,0,6
3756,WELL-00022_20180925003447,WELL-00022,7,53,2018-09-27T05:34:47+00:00,1,True,0,6
3757,WELL-00022_20180925003447,WELL-00022,7,54,2018-09-27T06:34:47+00:00,1,True,0,6
3758,WELL-00022_20180925003447,WELL-00022,7,55,2018-09-27T07:34:47+00:00,1,True,0,6
3759,WELL-00022_20180925003447,WELL-00022,7,56,2018-09-27T08:34:47+00:00,1,True,0,6
3760,WELL-00022_20180925003447,WELL-00022,7,57,2018-09-27T09:34:47+00:00,1,True,0,6
3761,WELL-00022_20180925003447,WELL-00022,7,58,2018-09-27T10:34:47+00:00,1,True,0,6
3762,WELL-00022_20180925003447,WELL-00022,7,59,2018-09-27T11:34:47+00:00,1,True,0,6
3763,WELL-00022_20180925003447,WELL-00022,7,60,2018-09-27T12:34:47+00:00,1,True,0,6
3764,WELL-00022_20180925003447,WELL-00022,7,61,2018-09-27T13:34:47+00:00,1,True,0,6
3765,WELL-00022_20180925003447,WELL-00022,7,62,2018-09-27T14:34:47+00:00,1,True,0,6
3766,WELL-00022_20180925003447,WELL-00022,7,63,2018-09-27T15:34:47+00:00,1,True,0,6
3767,WELL-00022_20180925003447,WELL-00022,7,64,2018-09-27T16:34:47+00:00,1,True,0,6
3768,WELL-00022_20180925003447,WELL-00022,7,65,2018-09-27T17:34:47+00:00,1,True,0,6
3769,WELL-00022_20180925003447,WELL-00022,7,66,2018-09-27T18:34:47+00:00,1,True,0,6
3770,WELL-00022_20180925003447,WELL-00022,7,67,2018-09-27T19:34:47+00:00,1,True,0,6
3771,WELL-00022_20180925003447,WELL-00022,7,68,2018-09-27T20:34:47+00:00,1,True,0,6
3772,WELL-00022_20180925003447,WELL-00022,7,69,2018-09-27T21:34:47+00:00,1,True,0,6
3773,WELL-00022_20180925003447,WELL-00022,7,70,2018-09-27T22:34:47+00:00,1,True,0,6
3774,WELL-00022_20180925003447,WELL-00022,7,71,2018-09-27T23:34:47+00:00,1,True,0,6
3775,WELL-00022_20180925003447,WELL-00022,7,72,2018-09-28T00:34:47+00:00,1,True,0,6
3776,WELL-00022_20180925003447,WELL-00022,7,73,2018-09-28T01:34:47+00:00,1,True,0,6
3777,WELL-00022_20180925003447,WELL-00022,7,74,2018-09-28T02:34:47+00:00,1,True,0,6
3778,WELL-00022_20180925003447,WELL-00022,7,75,2018-09-28T03:34:47+00:00,1,True,0,6
3779,WELL-00022_20180925003447,WELL-00022,7,76,2018-09-28T04:34:47+00:00,1,True,0,6
3780,WELL-00022_20180925003447,WELL-00022,7,77,2018-09-28T05:34:47+00:00,1,True,0,6
3781,WELL-00022_20180925003447,WELL-00022,7,78,2018-09-28T06:34:47+00:00,1,True,0,6
3782,WELL-00022_20180925003447,WELL-00022,7,79,2018-09-28T07:34:47+00:00,1,True,0,6
3783,WELL-00022_20180925003447,WELL-00022,7,80,2018-09-28T08:34:47+00:00,1,True,0,6
3784,WELL-00022_20180925003447,WELL-00022,7,81,2018-09-28T09:34:47+00:00,1,True,0,6
3785,WELL-00022_20180925003447,WELL-00022,7,82,2018-09-28T10:34:47+00:00,1,True,0,6
3786,WELL-00022_20180925003447,WELL-00022,7,83,2018-09-28T11:34:47+00:00,1,True,0,6
3787,WELL-00022_20180925003447,WELL-00022,7,84,2018-09-28T12:34:47+00:00,1,True,0,6
3788,WELL-00022_20180925003447,WELL-00022,7,85,2018-09-28T13:34:47+00:00,1,True,0,6
3789,WELL-00022_20180925003447,WELL-00022,7,86,2018-09-28T14:34:47+00:00,1,True,0,6
3790,WELL-00022_20180925003447,WELL-00022,7,87,2018-09-28T15:34:47+00:00,1,True,0,6
3791,WELL-00022_20180925003447,WELL-00022,7,88,2018-09-28T16:34:47+00:00,1,True,0,6
3792,WELL-00022_20180925003447,WELL-00022,7,89,2018-09-28T17:34:47+00:00,1,True,0,6
3793,WELL-00022_20180925003447,WELL-00022,7,90,2018-09-28T18:34:47+00:00,1,True,0,6
3794,WELL-00022_20180925003447,WELL-00022,7,91,2018-09-28T19:34:47+00:00,1,True,0,6
3795,WELL-00022_20180925003447,WELL-00022,7,92,2018-09-28T20:34:47+00:00,1,True,0,6
3796,WELL-00022_20180925003447,WELL-00022,7,93,2018-09-28T21:34:47+00:00,1,True,0,6
3797,WELL-00022_20180925003447,WELL-00022,7,94,2018-09-28T22:34:47+00:00,1,True,0,6
3798,WELL-00022_20180925003447,WELL-00022,7,95,2018-09-28T23:34:47+00:00,1,True,0,6
3799,WELL-00022_20180925003447,WELL-00022,7,96,2018-09-29T00:34:47+00:00,1,True,0,6
3800,WELL-00022_20180925003447,WELL-00022,7,97,2018-09-29T01:34:47+00:00,1,True,0,6
3801,WELL-00022_20180925003447,WELL-00022,7,98,2018-09-29T02:34:47+00:00,1,True,0,6
3802,WELL-00022_20180925003447,WELL-00022,7,99,2018-09-29T03:34:47+00:00,1,True,0,6
3803,WELL-00022_20180925003447,WELL-00022,7,100,2018-09-29T04:34:47+00:00,1,True,0,6
3804,WELL-00022_20180925003447,WELL-00022,7,101,2018-09-29T05:34:47+00:00,1,True,0,6
3805,WELL-00022_20180925003447,WELL-00022,7,102,2018-09-29T06:34:47+00:00,1,True,0,6
3806,WELL-00022_20180925003447,WELL-00022,7,103,2018-09-29T07:34:47+00:00,1,True,0,6
3807,WELL-00022_20180925003447,WELL-00022,7,104,2018-09-29T08:34:47+00:00,1,True,0,6
3808,WELL-00022_20180925003447,WELL-00022,7,105,2018-09-29T09:34:47+00:00,1,True,0,6
3809,WELL-00022_20180925003447,WELL-00022,7,106,2018-09-29T10:34:47+00:00,1,True,0,6
3810,WELL-00022_20180925003447,WELL-00022,7,107,2018-09-29T11:34:47+00:00,1,True,0,6
3811,WELL-00022_20180925003447,WELL-00022,7,108,2018-09-29T12:34:47+00:00,1,True,0,6
3812,WELL-00022_20180925003447,WELL-00022,7,109,2018-09-29T13:34:47+00:00,1,True,0,6
3813,WELL-00022_20180925003447,WELL-00022,7,110,2018-09-29T14:34:47+00:00,1,True,0,6
3814,WELL-00022_20180925003447,WELL-00022,7,111,2018-09-29T15:34:47+00:00,1,True,0,6
3815,WELL-00022_20180925003447,WELL-00022,7,112,2018-09-29T16:34:47+00:00,1,True,0,6
3816,WELL-00022_20180925003447,WELL-00022,7,113,2018-09-29T17:34:47+00:00,1,True,0,6
3817,WELL-00022_20180925003447,WELL-00022,7,114,2018-09-29T18:34:47+00:00,1,True,0,6
3818,WELL-00022_20180925003447,WELL-00022,7,115,2018-09-29T19:34:47+00:00,1,True,0,6
3819,WELL-00022_20180925003447,WELL-00022,7,116,2018-09-29T20:34:47+00:00,1,True,0,6
3820,WELL-00022_20180925003447,WELL-00022,7,117,2018-09-29T21:34:47+00:00,1,True,0,6
3821,WELL-00022_20180925003447,WELL-00022,7,118,2018-09-29T22:34:47+00:00,1,True,0,6
3822,WELL-00022_20180925003447,WELL-00022,7,119,2018-09-29T23:34:47+00:00,1,True,0,6
3823,WELL-00022_20180925003447,WELL-00022,7,120,2018-09-30T00:34:47+00:00,1,True,0,6
3824,WELL-00022_20180925003447,WELL-00022,7,121,2018-09-30T01:34:47+00:00,1,True,0,6
3825,WELL-00022_20180925003447,WELL-00022,7,122,2018-09-30T02:34:47+00:00,1,True,0,6
3826,WELL-00022_20180925003447,WELL-00022,7,123,2018-09-30T03:34:47+00:00,1,True,0,6
3827,WELL-00022_20180925003447,WELL-00022,7,124,2018-09-30T04:34:47+00:00,1,True,0,6
3828,WELL-00022_20180925003447,WELL-00022,7,125,2018-09-30T05:34:47+00:00,1,True,0,6
3829,WELL-00022_20180925003447,WELL-00022,7,126,2018-09-30T06:34:47+00:00,1,True,0,6
3830,WELL-00022_20180925003447,WELL-00022,7,127,2018-09-30T07:34:47+00:00,1,True,0,6
3831,WELL-00022_20180925003447,WELL-00022,7,128,2018-09-30T08:34:47+00:00,1,True,0,6
3832,WELL-00022_20180925003447,WELL-00022,7,129,2018-09-30T09:34:47+00:00,1,True,0,6
3833,WELL-00022_20180925003447,WELL-00022,7,130,2018-09-30T10:34:47+00:00,1,True,0,6
3834,WELL-00022_20180925003447,WELL-00022,7,131,2018-09-30T11:34:47+00:00,1,True,0,6
3835,WELL-00022_20180925003447,WELL-00022,7,132,2018-09-30T12:34:47+00:00,1,True,0,6
3836,WELL-00022_20180925003447,WELL-00022,7,133,2018-09-30T13:34:47+00:00,1,True,0,6
3837,WELL-00022_20180925003447,WELL-00022,7,134,2018-09-30T14:34:47+00:00,1,True,0,6
3838,WELL-00022_20180925003447,WELL-00022,7,135,2018-09-30T15:34:47+00:00,1,True,0,6
3839,WELL-00022_20180925003447,WELL-00022,7,136,2018-09-30T16:34:47+00:00,1,True,0,6
3840,WELL-00022_20180925003447,WELL-00022,7,137,2018-09-30T17:34:47+00:00,1,True,0,6
3841,WELL-00022_20180925003447,WELL-00022,7,138,2018-09-30T18:34:47+00:00,1,True,0,6
3842,WELL-00022_20180925003447,WELL-00022,7,139,2018-09-30T19:34:47+00:00,1,True,0,6
3843,WELL-00022_20180925003447,WELL-00022,7,140,2018-09-30T20:34:47+00:00,1,True,0,6
3844,WELL-00022_20180925003447,WELL-00022,7,141,2018-09-30T21:34:47+00:00,1,True,0,6
3845,WELL-00022_20180925003447,WELL-00022,7,142,2018-09-30T22:34:47+00:00,1,True,0,6
3846,WELL-00022_20180925003447,WELL-00022,7,143,2018-09-30T23:34:47+00:00,1,True,0,6
3847,WELL-00022_20180925003447,WELL-00022,7,144,2018-10-01T00:34:47+00:00,1,True,0,6
3848,WELL-00022_20180925003447,WELL-00022,7,145,2018-10-01T01:34:47+00:00,1,True,0,6
3849,WELL-00022_20180925003447,WELL-00022,7,146,2018-10-01T02:34:47+00:00,1,True,0,6
3850,WELL-00022_20180925003447,WELL-00022,7,147,2018-10-01T03:34:47+00:00,1,True,0,6
3851,WELL-00022_20180925003447,WELL-00022,7,148,2018-10-01T04:34:47+00:00,1,True,0,6
3852,WELL-00022_20180925003447,WELL-00022,7,149,2018-10-01T05:34:47+00:00,1,True,0,6
3853,WELL-00022_20180925003447,WELL-00022,7,150,2018-10-01T06:34:47+00:00,1,True,0,6
3854,WELL-00022_20180925003447,WELL-00022,7,151,2018-10-01T07:34:47+00:00,1,True,0,6
3855,WELL-00022_20180925003447,WELL-00022,7,152,2018-10-01T08:34:47+00:00,1,True,0,6
3856,WELL-00022_20180925003447,WELL-00022,7,153,2018-10-01T09:34:47+00:00,1,True,0,6
3857,WELL-00022_20180925003447,WELL-00022,7,154,2018-10-01T10:34:47+00:00,1,True,0,6
3858,WELL-00022_20180925003447,WELL-00022,7,155,2018-10-01T11:34:47+00:00,1,True,0,6
3859,WELL-00022_20180925003447,WELL-00022,7,156,2018-10-01T12:34:47+00:00,1,True,0,6
3860,WELL-00022_20180925003447,WELL-00022,7,157,2018-10-01T13:34:47+00:00,1,True,0,6
3861,WELL-00022_20180925003447,WELL-00022,7,158,2018-10-01T14:34:47+00:00,1,True,0,6
3862,WELL-00022_20180925003447,WELL-00022,7,159,2018-10-01T15:34:47+00:00,1,True,0,6
3863,WELL-00022_20180925003447,WELL-00022,7,160,2018-10-01T16:34:47+00:00,1,True,0,6
3864,WELL-00022_20180925003447,WELL-00022,7,161,2018-10-01T17:34:47+00:00,1,True,0,6
3865,WELL-00022_20180925003447,WELL-00022,7,162,2018-10-01T18:34:47+00:00,1,True,0,6
3866,WELL-00022_20180925003447,WELL-00022,7,163,2018-10-01T19:34:47+00:00,1,True,0,6
3867,WELL-00022_20180925003447,WELL-00022,7,164,2018-10-01T20:34:47+00:00,1,True,0,6
3868,WELL-00022_20180925003447,WELL-00022,7,165,2018-10-01T21:34:47+00:00,1,True,0,6
3869,WELL-00022_20180925003447,WELL-00022,7,166,2018-10-01T22:34:47+00:00,1,True,0,6
3870,WELL-00022_20180925003447,WELL-00022,7,167,2018-10-01T23:34:47+00:00,1,True,0,6
3871,WELL-00022_20180925003447,WELL-00022,7,168,2018-10-02T00:34:47+00:00,1,True,0,6
3872,WELL-00022_20180925003447,WELL-00022,7,169,2018-10-02T01:34:47+00:00,1,True,0,6
3873,WELL-00022_20180925003447,WELL-00022,7,170,2018-10-02T02:34:47+00:00,1,True,0,6
3874,WELL-00022_20180925003447,WELL-00022,7,171,2018-10-02T03:34:47+00:00,1,True,0,6
3875,WELL-00022_20180925003447,WELL-00022,7,172,2018-10-02T04:34:47+00:00,1,True,0,6
3876,WELL-00022_20180925003447,WELL-00022,7,173,2018-10-02T05:34:47+00:00,1,True,0,6
3877,WELL-00022_20180925003447,WELL-00022,7,174,2018-10-02T06:34:47+00:00,1,True,0,6
3878,WELL-00022_20180925003447,WELL-00022,7,175,2018-10-02T07:34:47+00:00,1,True,0,6
3879,WELL-00022_20180925003447,WELL-00022,7,176,2018-10-02T08:34:47+00:00,1,True,0,6
3880,WELL-00022_20180925003447,WELL-00022,7,177,2018-10-02T09:34:47+00:00,1,True,0,6
3881,WELL-00022_20180925003447,WELL-00022,7,178,2018-10-02T10:34:47+00:00,1,True,0,6
3882,WELL-00022_20180925003447,WELL-00022,7,179,2018-10-02T11:34:47+00:00,1,True,0,6
3883,WELL-00022_20180925003447,WELL-00022,7,180,2018-10-02T12:34:47+00:00,1,True,0,6
3884,WELL-00022_20180925003447,WELL-00022,7,181,2018-10-02T13:34:47+00:00,1,True,0,6
3885,WELL-00022_20180925003447,WELL-00022,7,182,2018-10-02T14:34:47+00:00,1,True,0,6
3886,WELL-00022_20180925003447,WELL-00022,7,183,2018-10-02T15:34:47+00:00,1,True,0,6
3887,WELL-00022_20180925003447,WELL-00022,7,184,2018-10-02T16:34:47+00:00,1,True,0,6
3888,WELL-00022_20180925003447,WELL-00022,7,185,2018-10-02T17:34:47+00:00,1,True,0,6
3889,WELL-00022_20180925003447,WELL-00022,7,186,2018-10-02T18:34:47+00:00,1,True,0,6
3890,WELL-00022_20180925003447,WELL-00022,7,187,2018-10-02T19:34:47+00:00,1,True,0,6
3891,WELL-00022_20180925003447,WELL-00022,7,188,2018-10-02T20:34:47+00:00,1,True,0,6
3892,WELL-00022_20180925003447,WELL-00022,7,189,2018-10-02T21:34:47+00:00,1,True,0,6
3893,WELL-00022_20180925003447,WELL-00022,7,190,2018-10-02T22:34:47+00:00,1,True,0,6
3894,WELL-00022_20180925003447,WELL-00022,7,191,2018-10-02T23:34:47+00:00,1,True,0,6
3895,WELL-00022_20180925003447,WELL-00022,7,192,2018-10-03T00:34:47+00:00,1,True,0,6
3896,WELL-00022_20180925003447,WELL-00022,7,193,2018-10-03T01:34:47+00:00,1,True,0,6
3897,WELL-00022_20180925003447,WELL-00022,7,194,2018-10-03T02:34:47+00:00,1,True,0,6
3898,WELL-00022_20180925003447,WELL-00022,7,195,2018-10-03T03:34:47+00:00,1,True,0,6
3899,WELL-00022_20180925003447,WELL-00022,7,196,2018-10-03T04:34:47+00:00,1,True,0,6
3900,WELL-00022_20180925003447,WELL-00022,7,197,2018-10-03T05:34:47+00:00,1,True,0,6
3901,WELL-00022_20180925003447,WELL-00022,7,198,2018-10-03T06:34:47+00:00,1,True,0,6
3902,WELL-00022_20180925003447,WELL-00022,7,199,2018-10-03T07:34:47+00:00,1,True,0,6
3903,WELL-00022_20180925003447,WELL-00022,7,200,2018-10-03T08:34:47+00:00,1,True,0,6
3904,WELL-00022_20180925003447,WELL-00022,7,201,2018-10-03T09:34:47+00:00,1,True,0,6
3905,WELL-00022_20180925003447,WELL-00022,7,202,2018-10-03T10:34:47+00:00,1,True,0,6
3906,WELL-00022_20180925003447,WELL-00022,7,203,2018-10-03T11:34:47+00:00,1,True,0,6
3907,WELL-00022_20180925003447,WELL-00022,7,204,2018-10-03T12:34:47+00:00,1,True,0,6
3908,WELL-00022_20180925003447,WELL-00022,7,205,2018-10-03T13:34:47+00:00,1,True,0,6
3909,WELL-00022_20180925003447,WELL-00022,7,206,2018-10-03T14:34:47+00:00,1,True,0,6
3910,WELL-00022_20180925003447,WELL-00022,7,207,2018-10-03T15:34:47+00:00,1,True,0,6
3911,WELL-00022_20180925003447,WELL-00022,7,208,2018-10-03T16:34:47+00:00,1,True,0,6
3912,WELL-00022_20180925003447,WELL-00022,7,209,2018-10-03T17:34:47+00:00,1,True,0,6
3913,WELL-00022_20180925003447,WELL-00022,7,210,2018-10-03T18:34:47+00:00,1,True,0,6
3914,WELL-00022_20180925003447,WELL-00022,7,211,2018-10-03T19:34:47+00:00,1,True,0,6
3915,WELL-00022_20180925003447,WELL-00022,7,212,2018-10-03T20:34:47+00:00,1,True,0,6
3916,WELL-00022_20181007080700,WELL-00022,7,1,2018-10-07T09:07:00+00:00,0,False,0,6
3917,WELL-00022_20181007080700,WELL-00022,7,2,2018-10-07T10:07:00+00:00,0,False,0,6
3918,WELL-00022_20181007080700,WELL-00022,7,3,2018-10-07T11:07:00+00:00,0,False,0,6
3919,WELL-00022_20181007080700,WELL-00022,7,4,2018-10-07T12:07:00+00:00,0,False,0,6
3920,WELL-00022_20181007080700,WELL-00022,7,5,2018-10-07T13:07:00+00:00,0,False,0,6
3921,WELL-00022_20181007080700,WELL-00022,7,6,2018-10-07T14:07:00+00:00,0,False,0,6
3922,WELL-00022_20181007080700,WELL-00022,7,7,2018-10-07T15:07:00+00:00,0,False,0,6
3923,WELL-00022_20181007080700,WELL-00022,7,8,2018-10-07T16:07:00+00:00,0,False,0,6
3924,WELL-00022_20181007080700,WELL-00022,7,9,2018-10-07T17:07:00+00:00,0,False,0,6
3925,WELL-00022_20181007080700,WELL-00022,7,10,2018-10-07T18:07:00+00:00,0,False,0,6
3926,WELL-00022_20181007080700,WELL-00022,7,11,2018-10-07T19:07:00+00:00,0,False,0,6
3927,WELL-00022_20181007080700,WELL-00022,7,12,2018-10-07T20:07:00+00:00,0,False,0,6
3928,WELL-00022_20181007080700,WELL-00022,7,13,2018-10-07T21:07:00+00:00,0,False,0,6
3929,WELL-00022_20181007080700,WELL-00022,7,14,2018-10-07T22:07:00+00:00,0,False,0,6
3930,WELL-00022_20181007080700,WELL-00022,7,15,2018-10-07T23:07:00+00:00,0,False,0,6
3931,WELL-00022_20181007080700,WELL-00022,7,16,2018-10-08T00:07:00+00:00,0,False,0,6
3932,WELL-00022_20181007080700,WELL-00022,7,17,2018-10-08T01:07:00+00:00,0,False,0,6
3933,WELL-00022_20181007080700,WELL-00022,7,18,2018-10-08T02:07:00+00:00,0,False,0,6
3934,WELL-00022_20181007080700,WELL-00022,7,19,2018-10-08T03:07:00+00:00,0,False,0,6
3935,WELL-00022_20181007080700,WELL-00022,7,20,2018-10-08T04:07:00+00:00,0,False,0,6
3936,WELL-00022_20181007080700,WELL-00022,7,21,2018-10-08T05:07:00+00:00,0,False,0,6
3937,WELL-00022_20181007080700,WELL-00022,7,22,2018-10-08T06:07:00+00:00,1,True,0,6
3938,WELL-00022_20181007080700,WELL-00022,7,23,2018-10-08T07:07:00+00:00,1,True,0,6
3939,WELL-00022_20181007080700,WELL-00022,7,24,2018-10-08T08:07:00+00:00,1,True,0,6
3940,WELL-00022_20181007080700,WELL-00022,7,25,2018-10-08T09:07:00+00:00,1,True,0,6
3941,WELL-00022_20181007080700,WELL-00022,7,26,2018-10-08T10:07:00+00:00,1,True,0,6
3942,WELL-00022_20181007080700,WELL-00022,7,27,2018-10-08T11:07:00+00:00,1,True,0,6
3943,WELL-00022_20181007080700,WELL-00022,7,28,2018-10-08T12:07:00+00:00,1,True,0,6
3944,WELL-00022_20181007080700,WELL-00022,7,29,2018-10-08T13:07:00+00:00,1,True,0,6
3945,WELL-00022_20181007080700,WELL-00022,7,30,2018-10-08T14:07:00+00:00,1,True,0,6
3946,WELL-00022_20181007080700,WELL-00022,7,31,2018-10-08T15:07:00+00:00,1,True,0,6
3947,WELL-00022_20181007080700,WELL-00022,7,32,2018-10-08T16:07:00+00:00,1,True,0,6
3948,WELL-00022_20181007080700,WELL-00022,7,33,2018-10-08T17:07:00+00:00,1,True,0,6
3949,WELL-00022_20181007080700,WELL-00022,7,34,2018-10-08T18:07:00+00:00,1,True,0,6
3950,WELL-00022_20181007080700,WELL-00022,7,35,2018-10-08T19:07:00+00:00,1,True,0,6
3951,WELL-00022_20181007080700,WELL-00022,7,36,2018-10-08T20:07:00+00:00,1,True,0,6
3952,WELL-00022_20181007080700,WELL-00022,7,37,2018-10-08T21:07:00+00:00,1,True,0,6
3953,WELL-00022_20181007080700,WELL-00022,7,38,2018-10-08T22:07:00+00:00,1,True,0,6
3954,WELL-00022_20181007080700,WELL-00022,7,39,2018-10-08T23:07:00+00:00,1,True,0,6
3955,WELL-00022_20181007080700,WELL-00022,7,40,2018-10-09T00:07:00+00:00,1,True,0,6
3956,WELL-00022_20181007080700,WELL-00022,7,41,2018-10-09T01:07:00+00:00,1,True,0,6
3957,WELL-00022_20181007080700,WELL-00022,7,42,2018-10-09T02:07:00+00:00,1,True,0,6
3958,WELL-00022_20181007080700,WELL-00022,7,43,2018-10-09T03:07:00+00:00,1,True,0,6
3959,WELL-00022_20181007080700,WELL-00022,7,44,2018-10-09T04:07:00+00:00,1,True,0,6
3960,WELL-00022_20181007080700,WELL-00022,7,45,2018-10-09T05:07:00+00:00,1,True,0,6
3961,WELL-00022_20181007080700,WELL-00022,7,46,2018-10-09T06:07:00+00:00,1,True,0,6
3962,WELL-00022_20181007080700,WELL-00022,7,47,2018-10-09T07:07:00+00:00,1,True,0,6
3963,WELL-00022_20181007080700,WELL-00022,7,48,2018-10-09T08:07:00+00:00,1,True,0,6
3964,WELL-00022_20181007080700,WELL-00022,7,49,2018-10-09T09:07:00+00:00,1,True,0,6
3965,WELL-00022_20181007080700,WELL-00022,7,50,2018-10-09T10:07:00+00:00,1,True,0,6
3966,WELL-00022_20181007080700,WELL-00022,7,51,2018-10-09T11:07:00+00:00,1,True,0,6
3967,WELL-00022_20181007080700,WELL-00022,7,52,2018-10-09T12:07:00+00:00,1,True,0,6
3968,WELL-00022_20181007080700,WELL-00022,7,53,2018-10-09T13:07:00+00:00,1,True,0,6
3969,WELL-00022_20181007080700,WELL-00022,7,54,2018-10-09T14:07:00+00:00,1,True,0,6
3970,WELL-00022_20181007080700,WELL-00022,7,55,2018-10-09T15:07:00+00:00,1,True,0,6
3971,WELL-00022_20181007080700,WELL-00022,7,56,2018-10-09T16:07:00+00:00,1,True,0,6
3972,WELL-00022_20181007080700,WELL-00022,7,57,2018-10-09T17:07:00+00:00,1,True,0,6
3973,WELL-00022_20181007080700,WELL-00022,7,58,2018-10-09T18:07:00+00:00,1,True,0,6
3974,WELL-00022_20181007080700,WELL-00022,7,59,2018-10-09T19:07:00+00:00,1,True,0,6
3975,WELL-00022_20181007080700,WELL-00022,7,60,2018-10-09T20:07:00+00:00,1,True,0,6
3976,WELL-00022_20181007080700,WELL-00022,7,61,2018-10-09T21:07:00+00:00,1,True,0,6
3977,WELL-00022_20181007080700,WELL-00022,7,62,2018-10-09T22:07:00+00:00,1,True,0,6
3978,WELL-00022_20181007080700,WELL-00022,7,63,2018-10-09T23:07:00+00:00,1,True,0,6
3979,WELL-00022_20181007080700,WELL-00022,7,64,2018-10-10T00:07:00+00:00,1,True,0,6
3980,WELL-00022_20181007080700,WELL-00022,7,65,2018-10-10T01:07:00+00:00,1,True,0,6
3981,WELL-00022_20181007080700,WELL-00022,7,66,2018-10-10T02:07:00+00:00,1,True,0,6
3982,WELL-00022_20181007080700,WELL-00022,7,67,2018-10-10T03:07:00+00:00,1,True,0,6
3983,WELL-00022_20181007080700,WELL-00022,7,68,2018-10-10T04:07:00+00:00,1,True,0,6
3984,WELL-00022_20181007080700,WELL-00022,7,69,2018-10-10T05:07:00+00:00,1,True,0,6
3985,WELL-00022_20181007080700,WELL-00022,7,70,2018-10-10T06:07:00+00:00,1,True,0,6
3986,WELL-00022_20181007080700,WELL-00022,7,71,2018-10-10T07:07:00+00:00,1,True,0,6
3987,WELL-00022_20181007080700,WELL-00022,7,72,2018-10-10T08:07:00+00:00,1,True,0,6
3988,WELL-00022_20181007080700,WELL-00022,7,73,2018-10-10T09:07:00+00:00,1,True,0,6
3989,WELL-00022_20181007080700,WELL-00022,7,74,2018-10-10T10:07:00+00:00,1,True,0,6
3990,WELL-00022_20181007080700,WELL-00022,7,75,2018-10-10T11:07:00+00:00,1,True,0,6
3991,WELL-00022_20181007080700,WELL-00022,7,76,2018-10-10T12:07:00+00:00,1,True,0,6
3992,WELL-00022_20181007080700,WELL-00022,7,77,2018-10-10T13:07:00+00:00,1,True,0,6
3993,WELL-00022_20181007080700,WELL-00022,7,78,2018-10-10T14:07:00+00:00,1,True,0,6
3994,WELL-00022_20181007080700,WELL-00022,7,79,2018-10-10T15:07:00+00:00,1,True,0,6
3995,WELL-00022_20181007080700,WELL-00022,7,80,2018-10-10T16:07:00+00:00,1,True,0,6
3996,WELL-00022_20181007080700,WELL-00022,7,81,2018-10-10T17:07:00+00:00,1,True,0,6
3997,WELL-00022_20181007080700,WELL-00022,7,82,2018-10-10T18:07:00+00:00,1,True,0,6
3998,WELL-00022_20181007080700,WELL-00022,7,83,2018-10-10T19:07:00+00:00,1,True,0,6
3999,WELL-00022_20181007080700,WELL-00022,7,84,2018-10-10T20:07:00+00:00,1,True,0,6
4000,WELL-00022_20181007080700,WELL-00022,7,85,2018-10-10T21:07:00+00:00,1,True,0,6
4001,WELL-00022_20181007080700,WELL-00022,7,86,2018-10-10T22:07:00+00:00,1,True,0,6
4002,WELL-00022_20181007080700,WELL-00022,7,87,2018-10-10T23:07:00+00:00,1,True,0,6
4003,WELL-00022_20181007080700,WELL-00022,7,88,2018-10-11T00:07:00+00:00,1,True,0,6
4004,WELL-00022_20181007080700,WELL-00022,7,89,2018-10-11T01:07:00+00:00,1,True,0,6
4005,WELL-00022_20181007080700,WELL-00022,7,90,2018-10-11T02:07:00+00:00,1,True,0,6
4006,WELL-00022_20181007080700,WELL-00022,7,91,2018-10-11T03:07:00+00:00,1,True,0,6
4007,WELL-00022_20181007080700,WELL-00022,7,92,2018-10-11T04:07:00+00:00,1,True,0,6
4008,WELL-00022_20181007080700,WELL-00022,7,93,2018-10-11T05:07:00+00:00,1,True,0,6
4009,WELL-00022_20181007080700,WELL-00022,7,94,2018-10-11T06:07:00+00:00,1,True,0,6
4010,WELL-00022_20181007080700,WELL-00022,7,95,2018-10-11T07:07:00+00:00,1,True,0,6
4011,WELL-00022_20181007080700,WELL-00022,7,96,2018-10-11T08:07:00+00:00,1,True,0,6
4012,WELL-00022_20181007080700,WELL-00022,7,97,2018-10-11T09:07:00+00:00,1,True,0,6
4013,WELL-00022_20181007080700,WELL-00022,7,98,2018-10-11T10:07:00+00:00,1,True,0,6
4014,WELL-00022_20181007080700,WELL-00022,7,99,2018-10-11T11:07:00+00:00,1,True,0,6
4015,WELL-00022_20181007080700,WELL-00022,7,100,2018-10-11T12:07:00+00:00,1,True,0,6
4016,WELL-00022_20181007080700,WELL-00022,7,101,2018-10-11T13:07:00+00:00,1,True,0,6
4017,WELL-00022_20181007080700,WELL-00022,7,102,2018-10-11T14:07:00+00:00,1,True,0,6
4018,WELL-00022_20181007080700,WELL-00022,7,103,2018-10-11T15:07:00+00:00,1,True,0,6
4019,WELL-00022_20181007080700,WELL-00022,7,104,2018-10-11T16:07:00+00:00,1,True,0,6
4020,WELL-00022_20181007080700,WELL-00022,7,105,2018-10-11T17:07:00+00:00,1,True,0,6
4021,WELL-00022_20181007080700,WELL-00022,7,106,2018-10-11T18:07:00+00:00,1,True,0,6
4022,WELL-00022_20181007080700,WELL-00022,7,107,2018-10-11T19:07:00+00:00,1,True,0,6
4023,WELL-00022_20181007080700,WELL-00022,7,108,2018-10-11T20:07:00+00:00,1,True,0,6
4024,WELL-00022_20181020133850,WELL-00022,7,1,2018-10-20T14:38:50+00:00,0,False,0,6
4025,WELL-00022_20181020133850,WELL-00022,7,2,2018-10-20T15:38:50+00:00,0,False,0,6
4026,WELL-00022_20181020133850,WELL-00022,7,3,2018-10-20T16:38:50+00:00,0,False,0,6
4027,WELL-00022_20181020133850,WELL-00022,7,4,2018-10-20T17:38:50+00:00,0,False,0,6
4028,WELL-00022_20181020133850,WELL-00022,7,5,2018-10-20T18:38:50+00:00,0,False,0,6
4029,WELL-00022_20181020133850,WELL-00022,7,6,2018-10-20T19:38:50+00:00,0,False,0,6
4030,WELL-00022_20181020133850,WELL-00022,7,7,2018-10-20T20:38:50+00:00,0,False,0,6
4031,WELL-00022_20181020133850,WELL-00022,7,8,2018-10-20T21:38:50+00:00,0,False,0,6
4032,WELL-00022_20181020133850,WELL-00022,7,9,2018-10-20T22:38:50+00:00,0,False,0,6
4033,WELL-00022_20181020133850,WELL-00022,7,10,2018-10-20T23:38:50+00:00,1,True,0,6
4034,WELL-00022_20181020133850,WELL-00022,7,11,2018-10-21T00:38:50+00:00,1,True,0,6
4035,WELL-00022_20181020133850,WELL-00022,7,12,2018-10-21T01:38:50+00:00,1,True,0,6
4036,WELL-00022_20181020133850,WELL-00022,7,13,2018-10-21T02:38:50+00:00,1,True,0,6
4037,WELL-00022_20181020133850,WELL-00022,7,14,2018-10-21T03:38:50+00:00,1,True,0,6
4038,WELL-00022_20181020133850,WELL-00022,7,15,2018-10-21T04:38:50+00:00,1,True,0,6
4039,WELL-00022_20181020133850,WELL-00022,7,16,2018-10-21T05:38:50+00:00,1,True,0,6
4040,WELL-00022_20181020133850,WELL-00022,7,17,2018-10-21T06:38:50+00:00,1,True,0,6
4041,WELL-00022_20181020133850,WELL-00022,7,18,2018-10-21T07:38:50+00:00,1,True,0,6
4042,WELL-00022_20181020133850,WELL-00022,7,19,2018-10-21T08:38:50+00:00,1,True,0,6
4043,WELL-00022_20181020133850,WELL-00022,7,20,2018-10-21T09:38:50+00:00,1,True,0,6
4044,WELL-00022_20181020133850,WELL-00022,7,21,2018-10-21T10:38:50+00:00,1,True,0,6
4045,WELL-00022_20181020133850,WELL-00022,7,22,2018-10-21T11:38:50+00:00,1,True,0,6
4046,WELL-00022_20181020133850,WELL-00022,7,23,2018-10-21T12:38:50+00:00,1,True,0,6
4047,WELL-00022_20181020133850,WELL-00022,7,24,2018-10-21T13:38:50+00:00,1,True,0,6
4048,WELL-00022_20181020133850,WELL-00022,7,25,2018-10-21T14:38:50+00:00,1,True,0,6
4049,WELL-00022_20181020133850,WELL-00022,7,26,2018-10-21T15:38:50+00:00,1,True,0,6
4050,WELL-00022_20181020133850,WELL-00022,7,27,2018-10-21T16:38:50+00:00,1,True,0,6
4051,WELL-00022_20181020133850,WELL-00022,7,28,2018-10-21T17:38:50+00:00,1,True,0,6
4052,WELL-00022_20181020133850,WELL-00022,7,29,2018-10-21T18:38:50+00:00,1,True,0,6
4053,WELL-00022_20181020133850,WELL-00022,7,30,2018-10-21T19:38:50+00:00,1,True,0,6
4054,WELL-00022_20181020133850,WELL-00022,7,31,2018-10-21T20:38:50+00:00,1,True,0,6
4055,WELL-00022_20181020133850,WELL-00022,7,32,2018-10-21T21:38:50+00:00,1,True,0,6
4056,WELL-00022_20181020133850,WELL-00022,7,33,2018-10-21T22:38:50+00:00,1,True,0,6
4057,WELL-00022_20181020133850,WELL-00022,7,34,2018-10-21T23:38:50+00:00,1,True,0,6
4058,WELL-00022_20181020133850,WELL-00022,7,35,2018-10-22T00:38:50+00:00,1,True,0,6
4059,WELL-00022_20181020133850,WELL-00022,7,36,2018-10-22T01:38:50+00:00,1,True,0,6
4060,WELL-00022_20181020133850,WELL-00022,7,37,2018-10-22T02:38:50+00:00,1,True,0,6
4061,WELL-00022_20181020133850,WELL-00022,7,38,2018-10-22T03:38:50+00:00,1,True,0,6
4062,WELL-00022_20181020133850,WELL-00022,7,39,2018-10-22T04:38:50+00:00,1,True,0,6
4063,WELL-00022_20181020133850,WELL-00022,7,40,2018-10-22T05:38:50+00:00,1,True,0,6
4064,WELL-00022_20181020133850,WELL-00022,7,41,2018-10-22T06:38:50+00:00,1,True,0,6
4065,WELL-00022_20181020133850,WELL-00022,7,42,2018-10-22T07:38:50+00:00,1,True,0,6
4066,WELL-00022_20181020133850,WELL-00022,7,43,2018-10-22T08:38:50+00:00,1,True,0,6
4067,WELL-00022_20181020133850,WELL-00022,7,44,2018-10-22T09:38:50+00:00,1,True,0,6
4068,WELL-00022_20181020133850,WELL-00022,7,45,2018-10-22T10:38:50+00:00,1,True,0,6
4069,WELL-00022_20181020133850,WELL-00022,7,46,2018-10-22T11:38:50+00:00,1,True,0,6
4070,WELL-00022_20181020133850,WELL-00022,7,47,2018-10-22T12:38:50+00:00,1,True,0,6
4071,WELL-00022_20181020133850,WELL-00022,7,48,2018-10-22T13:38:50+00:00,1,True,0,6
4072,WELL-00022_20181026005827,WELL-00022,7,1,2018-10-26T01:58:27+00:00,0,False,0,6
4073,WELL-00022_20181026005827,WELL-00022,7,2,2018-10-26T02:58:27+00:00,0,False,0,6
4074,WELL-00022_20181026005827,WELL-00022,7,3,2018-10-26T03:58:27+00:00,0,False,0,6
4075,WELL-00022_20181026005827,WELL-00022,7,4,2018-10-26T04:58:27+00:00,0,False,0,6
4076,WELL-00022_20181026005827,WELL-00022,7,5,2018-10-26T05:58:27+00:00,0,False,0,6
4077,WELL-00022_20181026005827,WELL-00022,7,6,2018-10-26T06:58:27+00:00,0,False,0,6
4078,WELL-00022_20181026005827,WELL-00022,7,7,2018-10-26T07:58:27+00:00,0,False,0,6
4079,WELL-00022_20181026005827,WELL-00022,7,8,2018-10-26T08:58:27+00:00,0,False,0,6
4080,WELL-00022_20181026005827,WELL-00022,7,9,2018-10-26T09:58:27+00:00,0,False,0,6
4081,WELL-00022_20181026005827,WELL-00022,7,10,2018-10-26T10:58:27+00:00,0,False,0,6
4082,WELL-00022_20181026005827,WELL-00022,7,11,2018-10-26T11:58:27+00:00,0,False,0,6
4083,WELL-00022_20181026005827,WELL-00022,7,12,2018-10-26T12:58:27+00:00,0,False,0,6
4084,WELL-00022_20181026005827,WELL-00022,7,13,2018-10-26T13:58:27+00:00,0,False,0,6
4085,WELL-00022_20181026005827,WELL-00022,7,14,2018-10-26T14:58:27+00:00,0,False,0,6
4086,WELL-00022_20181026005827,WELL-00022,7,15,2018-10-26T15:58:27+00:00,0,False,0,6
4087,WELL-00022_20181026005827,WELL-00022,7,16,2018-10-26T16:58:27+00:00,0,False,0,6
4088,WELL-00022_20181026005827,WELL-00022,7,17,2018-10-26T17:58:27+00:00,0,False,0,6
4089,WELL-00022_20181026005827,WELL-00022,7,18,2018-10-26T18:58:27+00:00,0,False,0,6
4090,WELL-00022_20181026005827,WELL-00022,7,19,2018-10-26T19:58:27+00:00,0,False,0,6
4091,WELL-00022_20181026005827,WELL-00022,7,20,2018-10-26T20:58:27+00:00,0,False,0,6
4092,WELL-00022_20181026005827,WELL-00022,7,21,2018-10-26T21:58:27+00:00,0,False,0,6
4093,WELL-00022_20181026005827,WELL-00022,7,22,2018-10-26T22:58:27+00:00,0,False,0,6
4094,WELL-00022_20181026005827,WELL-00022,7,23,2018-10-26T23:58:27+00:00,0,False,0,6
4095,WELL-00022_20181026005827,WELL-00022,7,24,2018-10-27T00:58:27+00:00,0,False,0,6
4096,WELL-00022_20181026005827,WELL-00022,7,25,2018-10-27T01:58:27+00:00,0,False,0,6
4097,WELL-00022_20181026005827,WELL-00022,7,26,2018-10-27T02:58:27+00:00,0,False,0,6
4098,WELL-00022_20181026005827,WELL-00022,7,27,2018-10-27T03:58:27+00:00,0,False,0,6
4099,WELL-00022_20181026005827,WELL-00022,7,28,2018-10-27T04:58:27+00:00,0,False,0,6
4100,WELL-00022_20181026005827,WELL-00022,7,29,2018-10-27T05:58:27+00:00,1,True,0,6
4101,WELL-00022_20181026005827,WELL-00022,7,30,2018-10-27T06:58:27+00:00,1,True,0,6
4102,WELL-00022_20181026005827,WELL-00022,7,31,2018-10-27T07:58:27+00:00,1,True,0,6
4103,WELL-00022_20181026005827,WELL-00022,7,32,2018-10-27T08:58:27+00:00,1,True,0,6
4104,WELL-00022_20181026005827,WELL-00022,7,33,2018-10-27T09:58:27+00:00,1,True,0,6
4105,WELL-00022_20181026005827,WELL-00022,7,34,2018-10-27T10:58:27+00:00,1,True,0,6
4106,WELL-00022_20181026005827,WELL-00022,7,35,2018-10-27T11:58:27+00:00,1,True,0,6
4107,WELL-00022_20181026005827,WELL-00022,7,36,2018-10-27T12:58:27+00:00,1,True,0,6
4108,WELL-00022_20181026005827,WELL-00022,7,37,2018-10-27T13:58:27+00:00,1,True,0,6
4109,WELL-00022_20181026005827,WELL-00022,7,38,2018-10-27T14:58:27+00:00,1,True,0,6
4110,WELL-00022_20181026005827,WELL-00022,7,39,2018-10-27T15:58:27+00:00,1,True,0,6
4111,WELL-00022_20181026005827,WELL-00022,7,40,2018-10-27T16:58:27+00:00,1,True,0,6
4112,WELL-00022_20181026005827,WELL-00022,7,41,2018-10-27T17:58:27+00:00,1,True,0,6
4113,WELL-00022_20181026005827,WELL-00022,7,42,2018-10-27T18:58:27+00:00,1,True,0,6
4114,WELL-00022_20181026005827,WELL-00022,7,43,2018-10-27T19:58:27+00:00,1,True,0,6
4115,WELL-00022_20181026005827,WELL-00022,7,44,2018-10-27T20:58:27+00:00,1,True,0,6
4116,WELL-00022_20181026005827,WELL-00022,7,45,2018-10-27T21:58:27+00:00,1,True,0,6
4117,WELL-00022_20181026005827,WELL-00022,7,46,2018-10-27T22:58:27+00:00,1,True,0,6
4118,WELL-00022_20181026005827,WELL-00022,7,47,2018-10-27T23:58:27+00:00,1,True,0,6
4119,WELL-00022_20181026005827,WELL-00022,7,48,2018-10-28T00:58:27+00:00,1,True,0,6
4120,WELL-00022_20181026005827,WELL-00022,7,49,2018-10-28T01:58:27+00:00,1,True,0,6
4121,WELL-00022_20181026005827,WELL-00022,7,50,2018-10-28T02:58:27+00:00,1,True,0,6
4122,WELL-00022_20181026005827,WELL-00022,7,51,2018-10-28T03:58:27+00:00,1,True,0,6
4123,WELL-00022_20181026005827,WELL-00022,7,52,2018-10-28T04:58:27+00:00,1,True,0,6
4124,WELL-00022_20181026005827,WELL-00022,7,53,2018-10-28T05:58:27+00:00,1,True,0,6
4125,WELL-00022_20181026005827,WELL-00022,7,54,2018-10-28T06:58:27+00:00,1,True,0,6
4126,WELL-00022_20181026005827,WELL-00022,7,55,2018-10-28T07:58:27+00:00,1,True,0,6
4127,WELL-00022_20181026005827,WELL-00022,7,56,2018-10-28T08:58:27+00:00,1,True,0,6
4128,WELL-00022_20181026005827,WELL-00022,7,57,2018-10-28T09:58:27+00:00,1,True,0,6
4129,WELL-00022_20181026005827,WELL-00022,7,58,2018-10-28T10:58:27+00:00,1,True,0,6
4130,WELL-00022_20181026005827,WELL-00022,7,59,2018-10-28T11:58:27+00:00,1,True,0,6
4131,WELL-00022_20181026005827,WELL-00022,7,60,2018-10-28T12:58:27+00:00,1,True,0,6
4132,WELL-00022_20181026005827,WELL-00022,7,61,2018-10-28T13:58:27+00:00,1,True,0,6
4133,WELL-00022_20181026005827,WELL-00022,7,62,2018-10-28T14:58:27+00:00,1,True,0,6
4134,WELL-00022_20181026005827,WELL-00022,7,63,2018-10-28T15:58:27+00:00,1,True,0,6
4135,WELL-00022_20181026005827,WELL-00022,7,64,2018-10-28T16:58:27+00:00,1,True,0,6
4136,WELL-00022_20181026005827,WELL-00022,7,65,2018-10-28T17:58:27+00:00,1,True,0,6
4137,WELL-00022_20181026005827,WELL-00022,7,66,2018-10-28T18:58:27+00:00,1,True,0,6
4138,WELL-00022_20181026005827,WELL-00022,7,67,2018-10-28T19:58:27+00:00,1,True,0,6
4139,WELL-00022_20181026005827,WELL-00022,7,68,2018-10-28T20:58:27+00:00,1,True,0,6
4140,WELL-00022_20181026005827,WELL-00022,7,69,2018-10-28T21:58:27+00:00,1,True,0,6
4141,WELL-00022_20181026005827,WELL-00022,7,70,2018-10-28T22:58:27+00:00,1,True,0,6
4142,WELL-00022_20181026005827,WELL-00022,7,71,2018-10-28T23:58:27+00:00,1,True,0,6
4143,WELL-00022_20181026005827,WELL-00022,7,72,2018-10-29T00:58:27+00:00,1,True,0,6
4144,WELL-00022_20181026005827,WELL-00022,7,73,2018-10-29T01:58:27+00:00,1,True,0,6
4145,WELL-00022_20181026005827,WELL-00022,7,74,2018-10-29T02:58:27+00:00,1,True,0,6
4146,WELL-00022_20181026005827,WELL-00022,7,75,2018-10-29T03:58:27+00:00,1,True,0,6
4147,WELL-00022_20181026005827,WELL-00022,7,76,2018-10-29T04:58:27+00:00,1,True,0,6
4148,WELL-00022_20181026005827,WELL-00022,7,77,2018-10-29T05:58:27+00:00,1,True,0,6
4149,WELL-00022_20181026005827,WELL-00022,7,78,2018-10-29T06:58:27+00:00,1,True,0,6
4150,WELL-00022_20181026005827,WELL-00022,7,79,2018-10-29T07:58:27+00:00,1,True,0,6
4151,WELL-00022_20181026005827,WELL-00022,7,80,2018-10-29T08:58:27+00:00,1,True,0,6
4152,WELL-00022_20181026005827,WELL-00022,7,81,2018-10-29T09:58:27+00:00,1,True,0,6
4153,WELL-00022_20181026005827,WELL-00022,7,82,2018-10-29T10:58:27+00:00,1,True,0,6
4154,WELL-00022_20181026005827,WELL-00022,7,83,2018-10-29T11:58:27+00:00,1,True,0,6
4155,WELL-00022_20181026005827,WELL-00022,7,84,2018-10-29T12:58:27+00:00,1,True,0,6
4156,WELL-00022_20181026005827,WELL-00022,7,85,2018-10-29T13:58:27+00:00,1,True,0,6
4157,WELL-00022_20181026005827,WELL-00022,7,86,2018-10-29T14:58:27+00:00,1,True,0,6
4158,WELL-00022_20181026005827,WELL-00022,7,87,2018-10-29T15:58:27+00:00,1,True,0,6
4159,WELL-00022_20181026005827,WELL-00022,7,88,2018-10-29T16:58:27+00:00,1,True,0,6
4160,WELL-00022_20181026005827,WELL-00022,7,89,2018-10-29T17:58:27+00:00,1,True,0,6
4161,WELL-00022_20181026005827,WELL-00022,7,90,2018-10-29T18:58:27+00:00,1,True,0,6
4162,WELL-00022_20181026005827,WELL-00022,7,91,2018-10-29T19:58:27+00:00,1,True,0,6
4163,WELL-00022_20181026005827,WELL-00022,7,92,2018-10-29T20:58:27+00:00,1,True,0,6
4164,WELL-00022_20181026005827,WELL-00022,7,93,2018-10-29T21:58:27+00:00,1,True,0,6
4165,WELL-00022_20181026005827,WELL-00022,7,94,2018-10-29T22:58:27+00:00,1,True,0,6
4166,WELL-00022_20181026005827,WELL-00022,7,95,2018-10-29T23:58:27+00:00,1,True,0,6
4167,WELL-00022_20181026005827,WELL-00022,7,96,2018-10-30T00:58:27+00:00,1,True,0,6
4168,WELL-00022_20181026005827,WELL-00022,7,97,2018-10-30T01:58:27+00:00,1,True,0,6
4169,WELL-00022_20181026005827,WELL-00022,7,98,2018-10-30T02:58:27+00:00,1,True,0,6
4170,WELL-00022_20181026005827,WELL-00022,7,99,2018-10-30T03:58:27+00:00,1,True,0,6
4171,WELL-00022_20181026005827,WELL-00022,7,100,2018-10-30T04:58:27+00:00,1,True,0,6
4172,WELL-00022_20181026005827,WELL-00022,7,101,2018-10-30T05:58:27+00:00,1,True,0,6
4173,WELL-00022_20181026005827,WELL-00022,7,102,2018-10-30T06:58:27+00:00,1,True,0,6
4174,WELL-00022_20181026005827,WELL-00022,7,103,2018-10-30T07:58:27+00:00,1,True,0,6
4175,WELL-00022_20181026005827,WELL-00022,7,104,2018-10-30T08:58:27+00:00,1,True,0,6
4176,WELL-00022_20181026005827,WELL-00022,7,105,2018-10-30T09:58:27+00:00,1,True,0,6
4177,WELL-00022_20181026005827,WELL-00022,7,106,2018-10-30T10:58:27+00:00,1,True,0,6
4178,WELL-00022_20181026005827,WELL-00022,7,107,2018-10-30T11:58:27+00:00,1,True,0,6
4179,WELL-00022_20181026005827,WELL-00022,7,108,2018-10-30T12:58:27+00:00,1,True,0,6
4180,WELL-00022_20181026005827,WELL-00022,7,109,2018-10-30T13:58:27+00:00,1,True,0,6
4181,WELL-00022_20181026005827,WELL-00022,7,110,2018-10-30T14:58:27+00:00,1,True,0,6
4182,WELL-00022_20181026005827,WELL-00022,7,111,2018-10-30T15:58:27+00:00,1,True,0,6
4183,WELL-00022_20181026005827,WELL-00022,7,112,2018-10-30T16:58:27+00:00,1,True,0,6
4184,WELL-00022_20181026005827,WELL-00022,7,113,2018-10-30T17:58:27+00:00,1,True,0,6
4185,WELL-00022_20181026005827,WELL-00022,7,114,2018-10-30T18:58:27+00:00,1,True,0,6
4186,WELL-00022_20181026005827,WELL-00022,7,115,2018-10-30T19:58:27+00:00,1,True,0,6
4187,WELL-00022_20181026005827,WELL-00022,7,116,2018-10-30T20:58:27+00:00,1,True,0,6
4188,WELL-00022_20181026005827,WELL-00022,7,117,2018-10-30T21:58:27+00:00,1,True,0,6
4189,WELL-00022_20181026005827,WELL-00022,7,118,2018-10-30T22:58:27+00:00,1,True,0,6
4190,WELL-00022_20181026005827,WELL-00022,7,119,2018-10-30T23:58:27+00:00,1,True,0,6
4191,WELL-00022_20181026005827,WELL-00022,7,120,2018-10-31T00:58:27+00:00,1,True,0,6
4192,WELL-00022_20181026005827,WELL-00022,7,121,2018-10-31T01:58:27+00:00,1,True,0,6
4193,WELL-00022_20181026005827,WELL-00022,7,122,2018-10-31T02:58:27+00:00,1,True,0,6
4194,WELL-00022_20181026005827,WELL-00022,7,123,2018-10-31T03:58:27+00:00,1,True,0,6
4195,WELL-00022_20181026005827,WELL-00022,7,124,2018-10-31T04:58:27+00:00,1,True,0,6
4196,WELL-00022_20181026005827,WELL-00022,7,125,2018-10-31T05:58:27+00:00,1,True,0,6
4197,WELL-00022_20181026005827,WELL-00022,7,126,2018-10-31T06:58:27+00:00,1,True,0,6
4198,WELL-00022_20181026005827,WELL-00022,7,127,2018-10-31T07:58:27+00:00,1,True,0,6
4199,WELL-00022_20181026005827,WELL-00022,7,128,2018-10-31T08:58:27+00:00,1,True,0,6
4200,WELL-00022_20181026005827,WELL-00022,7,129,2018-10-31T09:58:27+00:00,1,True,0,6
4201,WELL-00022_20181026005827,WELL-00022,7,130,2018-10-31T10:58:27+00:00,1,True,0,6
4202,WELL-00022_20181026005827,WELL-00022,7,131,2018-10-31T11:58:27+00:00,1,True,0,6
4203,WELL-00022_20181026005827,WELL-00022,7,132,2018-10-31T12:58:27+00:00,1,True,0,6
4204,WELL-00022_20181026005827,WELL-00022,7,133,2018-10-31T13:58:27+00:00,1,True,0,6
4205,WELL-00022_20181026005827,WELL-00022,7,134,2018-10-31T14:58:27+00:00,1,True,0,6
4206,WELL-00022_20181101193049,WELL-00022,7,1,2018-11-01T20:30:49+00:00,0,False,0,6
4207,WELL-00022_20181101193049,WELL-00022,7,2,2018-11-01T21:30:49+00:00,0,False,0,6
4208,WELL-00022_20181101193049,WELL-00022,7,3,2018-11-01T22:30:49+00:00,0,False,0,6
4209,WELL-00022_20181101193049,WELL-00022,7,4,2018-11-01T23:30:49+00:00,0,False,0,6
4210,WELL-00022_20181101193049,WELL-00022,7,5,2018-11-02T00:30:49+00:00,0,False,0,6
4211,WELL-00022_20181101193049,WELL-00022,7,6,2018-11-02T01:30:49+00:00,0,False,0,6
4212,WELL-00022_20181101193049,WELL-00022,7,7,2018-11-02T02:30:49+00:00,1,True,0,6
4213,WELL-00022_20181101193049,WELL-00022,7,8,2018-11-02T03:30:49+00:00,1,True,0,6
4214,WELL-00022_20181101193049,WELL-00022,7,9,2018-11-02T04:30:49+00:00,1,True,0,6
4215,WELL-00022_20181101193049,WELL-00022,7,10,2018-11-02T05:30:49+00:00,1,True,0,6
4216,WELL-00022_20181101193049,WELL-00022,7,11,2018-11-02T06:30:49+00:00,1,True,0,6
4217,WELL-00022_20181101193049,WELL-00022,7,12,2018-11-02T07:30:49+00:00,1,True,0,6
4218,WELL-00022_20181101193049,WELL-00022,7,13,2018-11-02T08:30:49+00:00,1,True,0,6
4219,WELL-00022_20181101193049,WELL-00022,7,14,2018-11-02T09:30:49+00:00,1,True,0,6
4220,WELL-00022_20181101193049,WELL-00022,7,15,2018-11-02T10:30:49+00:00,1,True,0,6
4221,WELL-00022_20181101193049,WELL-00022,7,16,2018-11-02T11:30:49+00:00,1,True,0,6
4222,WELL-00022_20181101193049,WELL-00022,7,17,2018-11-02T12:30:49+00:00,1,True,0,6
4223,WELL-00022_20181101193049,WELL-00022,7,18,2018-11-02T13:30:49+00:00,1,True,0,6
4224,WELL-00022_20181101193049,WELL-00022,7,19,2018-11-02T14:30:49+00:00,1,True,0,6
4225,WELL-00022_20181101193049,WELL-00022,7,20,2018-11-02T15:30:49+00:00,1,True,0,6
4226,WELL-00022_20181101193049,WELL-00022,7,21,2018-11-02T16:30:49+00:00,1,True,0,6
4227,WELL-00022_20181101193049,WELL-00022,7,22,2018-11-02T17:30:49+00:00,1,True,0,6
4228,WELL-00022_20181101193049,WELL-00022,7,23,2018-11-02T18:30:49+00:00,1,True,0,6
4229,WELL-00022_20181101193049,WELL-00022,7,24,2018-11-02T19:30:49+00:00,1,True,0,6
4230,WELL-00022_20181101193049,WELL-00022,7,25,2018-11-02T20:30:49+00:00,1,True,0,6
4231,WELL-00022_20181101193049,WELL-00022,7,26,2018-11-02T21:30:49+00:00,1,True,0,6
4232,WELL-00022_20181101193049,WELL-00022,7,27,2018-11-02T22:30:49+00:00,1,True,0,6
4233,WELL-00022_20181101193049,WELL-00022,7,28,2018-11-02T23:30:49+00:00,1,True,0,6
4234,WELL-00022_20181101193049,WELL-00022,7,29,2018-11-03T00:30:49+00:00,1,True,0,6
4235,WELL-00022_20181101193049,WELL-00022,7,30,2018-11-03T01:30:49+00:00,1,True,0,6
4236,WELL-00022_20181101193049,WELL-00022,7,31,2018-11-03T02:30:49+00:00,1,True,0,6
4237,WELL-00023_20180826212652,WELL-00023,7,1,2018-08-26T22:26:52+00:00,0,False,0,2
4238,WELL-00023_20180826212652,WELL-00023,7,2,2018-08-26T23:26:52+00:00,0,False,0,2
4239,WELL-00023_20180826212652,WELL-00023,7,3,2018-08-27T00:26:52+00:00,0,False,0,2
4240,WELL-00023_20180826212652,WELL-00023,7,4,2018-08-27T01:26:52+00:00,0,False,0,2
4241,WELL-00023_20180826212652,WELL-00023,7,5,2018-08-27T02:26:52+00:00,0,False,0,2
4242,WELL-00023_20180826212652,WELL-00023,7,6,2018-08-27T03:26:52+00:00,0,False,0,2
4243,WELL-00023_20180826212652,WELL-00023,7,7,2018-08-27T04:26:52+00:00,0,False,0,2
4244,WELL-00023_20180826212652,WELL-00023,7,8,2018-08-27T05:26:52+00:00,0,False,0,2
4245,WELL-00023_20180826212652,WELL-00023,7,9,2018-08-27T06:26:52+00:00,1,True,0,2
4246,WELL-00023_20180826212652,WELL-00023,7,10,2018-08-27T07:26:52+00:00,1,True,0,2
4247,WELL-00023_20180826212652,WELL-00023,7,11,2018-08-27T08:26:52+00:00,1,True,0,2
4248,WELL-00023_20180826212652,WELL-00023,7,12,2018-08-27T09:26:52+00:00,1,True,0,2
4249,WELL-00023_20180826212652,WELL-00023,7,13,2018-08-27T10:26:52+00:00,1,True,0,2
4250,WELL-00023_20180826212652,WELL-00023,7,14,2018-08-27T11:26:52+00:00,1,True,0,2
4251,WELL-00023_20180826212652,WELL-00023,7,15,2018-08-27T12:26:52+00:00,1,True,0,2
4252,WELL-00023_20180826212652,WELL-00023,7,16,2018-08-27T13:26:52+00:00,1,True,0,2
4253,WELL-00023_20180826212652,WELL-00023,7,17,2018-08-27T14:26:52+00:00,1,True,0,2
4254,WELL-00023_20180826212652,WELL-00023,7,18,2018-08-27T15:26:52+00:00,1,True,0,2
4255,WELL-00023_20180826212652,WELL-00023,7,19,2018-08-27T16:26:52+00:00,1,True,0,2
4256,WELL-00023_20180826212652,WELL-00023,7,20,2018-08-27T17:26:52+00:00,1,True,0,2
4257,WELL-00023_20180826212652,WELL-00023,7,21,2018-08-27T18:26:52+00:00,1,True,0,2
4258,WELL-00023_20180826212652,WELL-00023,7,22,2018-08-27T19:26:52+00:00,1,True,0,2
4259,WELL-00023_20180826212652,WELL-00023,7,23,2018-08-27T20:26:52+00:00,1,True,0,2
4260,WELL-00023_20180826212652,WELL-00023,7,24,2018-08-27T21:26:52+00:00,1,True,0,2
4261,WELL-00023_20180826212652,WELL-00023,7,25,2018-08-27T22:26:52+00:00,1,True,0,2
4262,WELL-00023_20180826212652,WELL-00023,7,26,2018-08-27T23:26:52+00:00,1,True,0,2
4263,WELL-00023_20180826212652,WELL-00023,7,27,2018-08-28T00:26:52+00:00,1,True,0,2
4264,WELL-00023_20180826212652,WELL-00023,7,28,2018-08-28T01:26:52+00:00,1,True,0,2
4265,WELL-00023_20180826212652,WELL-00023,7,29,2018-08-28T02:26:52+00:00,1,True,0,2
4266,WELL-00023_20180826212652,WELL-00023,7,30,2018-08-28T03:26:52+00:00,1,True,0,2
4267,WELL-00023_20180826212652,WELL-00023,7,31,2018-08-28T04:26:52+00:00,1,True,0,2
4268,WELL-00023_20180826212652,WELL-00023,7,32,2018-08-28T05:26:52+00:00,1,True,0,2
4269,WELL-00023_20180826212652,WELL-00023,7,33,2018-08-28T06:26:52+00:00,1,True,0,2
4270,WELL-00023_20180826212652,WELL-00023,7,34,2018-08-28T07:26:52+00:00,1,True,0,2
4271,WELL-00023_20180826212652,WELL-00023,7,35,2018-08-28T08:26:52+00:00,1,True,0,2
4272,WELL-00023_20180826212652,WELL-00023,7,36,2018-08-28T09:26:52+00:00,1,True,0,2
4273,WELL-00023_20180826212652,WELL-00023,7,37,2018-08-28T10:26:52+00:00,1,True,0,2
4274,WELL-00023_20180826212652,WELL-00023,7,38,2018-08-28T11:26:52+00:00,1,True,0,2
4275,WELL-00023_20180826212652,WELL-00023,7,39,2018-08-28T12:26:52+00:00,1,True,0,2
4276,WELL-00023_20180826212652,WELL-00023,7,40,2018-08-28T13:26:52+00:00,1,True,0,2
4277,WELL-00023_20180826212652,WELL-00023,7,41,2018-08-28T14:26:52+00:00,1,True,0,2
4278,WELL-00023_20180826212652,WELL-00023,7,42,2018-08-28T15:26:52+00:00,1,True,0,2
4279,WELL-00023_20180826212652,WELL-00023,7,43,2018-08-28T16:26:52+00:00,1,True,0,2
4280,WELL-00023_20180826212652,WELL-00023,7,44,2018-08-28T17:26:52+00:00,1,True,0,2
4281,WELL-00023_20180826212652,WELL-00023,7,45,2018-08-28T18:26:52+00:00,1,True,0,2
4282,WELL-00023_20180826212652,WELL-00023,7,46,2018-08-28T19:26:52+00:00,1,True,0,2
4283,WELL-00023_20180826212652,WELL-00023,7,47,2018-08-28T20:26:52+00:00,1,True,0,2
4284,WELL-00023_20180826212652,WELL-00023,7,48,2018-08-28T21:26:52+00:00,1,True,0,2
4285,WELL-00023_20180826212652,WELL-00023,7,49,2018-08-28T22:26:52+00:00,1,True,0,2
4286,WELL-00023_20180826212652,WELL-00023,7,50,2018-08-28T23:26:52+00:00,1,True,0,2
4287,WELL-00023_20180826212652,WELL-00023,7,51,2018-08-29T00:26:52+00:00,1,True,0,2
4288,WELL-00023_20180826212652,WELL-00023,7,52,2018-08-29T01:26:52+00:00,1,True,0,2
4289,WELL-00023_20180826212652,WELL-00023,7,53,2018-08-29T02:26:52+00:00,1,True,0,2
4290,WELL-00023_20180826212652,WELL-00023,7,54,2018-08-29T03:26:52+00:00,1,True,0,2
4291,WELL-00023_20180826212652,WELL-00023,7,55,2018-08-29T04:26:52+00:00,1,True,0,2
4292,WELL-00023_20180826212652,WELL-00023,7,56,2018-08-29T05:26:52+00:00,1,True,0,2
4293,WELL-00023_20180826212652,WELL-00023,7,57,2018-08-29T06:26:52+00:00,1,True,0,2
4294,WELL-00023_20180826212652,WELL-00023,7,58,2018-08-29T07:26:52+00:00,1,True,0,2
4295,WELL-00023_20180826212652,WELL-00023,7,59,2018-08-29T08:26:52+00:00,1,True,0,2
4296,WELL-00023_20180826212652,WELL-00023,7,60,2018-08-29T09:26:52+00:00,1,True,0,2
4297,WELL-00023_20180826212652,WELL-00023,7,61,2018-08-29T10:26:52+00:00,1,True,0,2
4298,WELL-00023_20180826212652,WELL-00023,7,62,2018-08-29T11:26:52+00:00,1,True,0,2
4299,WELL-00023_20180826212652,WELL-00023,7,63,2018-08-29T12:26:52+00:00,1,True,0,2
4300,WELL-00023_20180826212652,WELL-00023,7,64,2018-08-29T13:26:52+00:00,1,True,0,2
4301,WELL-00023_20180826212652,WELL-00023,7,65,2018-08-29T14:26:52+00:00,1,True,0,2
4302,WELL-00023_20180826212652,WELL-00023,7,66,2018-08-29T15:26:52+00:00,1,True,0,2
4303,WELL-00023_20180826212652,WELL-00023,7,67,2018-08-29T16:26:52+00:00,1,True,0,2
4304,WELL-00023_20180826212652,WELL-00023,7,68,2018-08-29T17:26:52+00:00,1,True,0,2
4305,WELL-00023_20180826212652,WELL-00023,7,69,2018-08-29T18:26:52+00:00,1,True,0,2
4306,WELL-00023_20180826212652,WELL-00023,7,70,2018-08-29T19:26:52+00:00,1,True,0,2
4307,WELL-00023_20180826212652,WELL-00023,7,71,2018-08-29T20:26:52+00:00,1,True,0,2
4308,WELL-00023_20180826212652,WELL-00023,7,72,2018-08-29T21:26:52+00:00,1,True,0,2
4309,WELL-00023_20180826212652,WELL-00023,7,73,2018-08-29T22:26:52+00:00,1,True,0,2
4310,WELL-00023_20180826212652,WELL-00023,7,74,2018-08-29T23:26:52+00:00,1,True,0,2
4311,WELL-00023_20180826212652,WELL-00023,7,75,2018-08-30T00:26:52+00:00,1,True,0,2
4312,WELL-00023_20180826212652,WELL-00023,7,76,2018-08-30T01:26:52+00:00,1,True,0,2
4313,WELL-00023_20180826212652,WELL-00023,7,77,2018-08-30T02:26:52+00:00,1,True,0,2
4314,WELL-00023_20180826212652,WELL-00023,7,78,2018-08-30T03:26:52+00:00,1,True,0,2
4315,WELL-00023_20180826212652,WELL-00023,7,79,2018-08-30T04:26:52+00:00,1,True,0,2
4316,WELL-00023_20180826212652,WELL-00023,7,80,2018-08-30T05:26:52+00:00,1,True,0,2
4317,WELL-00023_20180826212652,WELL-00023,7,81,2018-08-30T06:26:52+00:00,1,True,0,2
4318,WELL-00023_20180826212652,WELL-00023,7,82,2018-08-30T07:26:52+00:00,1,True,0,2
4319,WELL-00023_20180826212652,WELL-00023,7,83,2018-08-30T08:26:52+00:00,1,True,0,2
4320,WELL-00023_20180826212652,WELL-00023,7,84,2018-08-30T09:26:52+00:00,1,True,0,2
4321,WELL-00023_20180826212652,WELL-00023,7,85,2018-08-30T10:26:52+00:00,1,True,0,2
4322,WELL-00023_20180826212652,WELL-00023,7,86,2018-08-30T11:26:52+00:00,1,True,0,2
4323,WELL-00023_20180826212652,WELL-00023,7,87,2018-08-30T12:26:52+00:00,1,True,0,2
4324,WELL-00023_20180826212652,WELL-00023,7,88,2018-08-30T13:26:52+00:00,1,True,0,2
4325,WELL-00023_20180826212652,WELL-00023,7,89,2018-08-30T14:26:52+00:00,1,True,0,2
4326,WELL-00023_20180826212652,WELL-00023,7,90,2018-08-30T15:26:52+00:00,1,True,0,2
4327,WELL-00023_20180826212652,WELL-00023,7,91,2018-08-30T16:26:52+00:00,1,True,0,2
4328,WELL-00023_20180826212652,WELL-00023,7,92,2018-08-30T17:26:52+00:00,1,True,0,2
4329,WELL-00023_20180826212652,WELL-00023,7,93,2018-08-30T18:26:52+00:00,1,True,0,2
4330,WELL-00023_20180826212652,WELL-00023,7,94,2018-08-30T19:26:52+00:00,1,True,0,2
4331,WELL-00023_20180826212652,WELL-00023,7,95,2018-08-30T20:26:52+00:00,1,True,0,2
4332,WELL-00023_20180826212652,WELL-00023,7,96,2018-08-30T21:26:52+00:00,1,True,0,2
4333,WELL-00023_20180826212652,WELL-00023,7,97,2018-08-30T22:26:52+00:00,1,True,0,2
4334,WELL-00023_20180826212652,WELL-00023,7,98,2018-08-30T23:26:52+00:00,1,True,0,2
4335,WELL-00023_20180826212652,WELL-00023,7,99,2018-08-31T00:26:52+00:00,1,True,0,2
4336,WELL-00023_20180826212652,WELL-00023,7,100,2018-08-31T01:26:52+00:00,1,True,0,2
4337,WELL-00023_20180826212652,WELL-00023,7,101,2018-08-31T02:26:52+00:00,1,True,0,2
4338,WELL-00023_20180826212652,WELL-00023,7,102,2018-08-31T03:26:52+00:00,1,True,0,2
4339,WELL-00023_20180826212652,WELL-00023,7,103,2018-08-31T04:26:52+00:00,1,True,0,2
4340,WELL-00023_20180826212652,WELL-00023,7,104,2018-08-31T05:26:52+00:00,1,True,0,2
4341,WELL-00023_20180826212652,WELL-00023,7,105,2018-08-31T06:26:52+00:00,1,True,0,2
4342,WELL-00023_20180826212652,WELL-00023,7,106,2018-08-31T07:26:52+00:00,1,True,0,2
4343,WELL-00023_20180826212652,WELL-00023,7,107,2018-08-31T08:26:52+00:00,1,True,0,2
4344,WELL-00023_20180826212652,WELL-00023,7,108,2018-08-31T09:26:52+00:00,1,True,0,2
4345,WELL-00023_20180826212652,WELL-00023,7,109,2018-08-31T10:26:52+00:00,1,True,0,2
4346,WELL-00023_20180826212652,WELL-00023,7,110,2018-08-31T11:26:52+00:00,1,True,0,2
4347,WELL-00023_20180826212652,WELL-00023,7,111,2018-08-31T12:26:52+00:00,1,True,0,2
4348,WELL-00023_20180826212652,WELL-00023,7,112,2018-08-31T13:26:52+00:00,1,True,0,2
4349,WELL-00023_20180826212652,WELL-00023,7,113,2018-08-31T14:26:52+00:00,1,True,0,2
4350,WELL-00023_20180826212652,WELL-00023,7,114,2018-08-31T15:26:52+00:00,1,True,0,2
4351,WELL-00023_20180826212652,WELL-00023,7,115,2018-08-31T16:26:52+00:00,1,True,0,2
4352,WELL-00023_20180826212652,WELL-00023,7,116,2018-08-31T17:26:52+00:00,1,True,0,2
4353,WELL-00023_20180826212652,WELL-00023,7,117,2018-08-31T18:26:52+00:00,1,True,0,2
4354,WELL-00023_20180826212652,WELL-00023,7,118,2018-08-31T19:26:52+00:00,1,True,0,2
4355,WELL-00023_20180826212652,WELL-00023,7,119,2018-08-31T20:26:52+00:00,1,True,0,2
4356,WELL-00023_20180826212652,WELL-00023,7,120,2018-08-31T21:26:52+00:00,1,True,0,2
4357,WELL-00023_20180826212652,WELL-00023,7,121,2018-08-31T22:26:52+00:00,1,True,0,2
4358,WELL-00023_20180826212652,WELL-00023,7,122,2018-08-31T23:26:52+00:00,1,True,0,2
4359,WELL-00023_20180826212652,WELL-00023,7,123,2018-09-01T00:26:52+00:00,1,True,0,2
4360,WELL-00023_20180826212652,WELL-00023,7,124,2018-09-01T01:26:52+00:00,1,True,0,2
4361,WELL-00023_20180826212652,WELL-00023,7,125,2018-09-01T02:26:52+00:00,1,True,0,2
4362,WELL-00023_20180826212652,WELL-00023,7,126,2018-09-01T03:26:52+00:00,1,True,0,2
4363,WELL-00023_20180826212652,WELL-00023,7,127,2018-09-01T04:26:52+00:00,1,True,0,2
4364,WELL-00023_20180826212652,WELL-00023,7,128,2018-09-01T05:26:52+00:00,1,True,0,2
4365,WELL-00023_20180826212652,WELL-00023,7,129,2018-09-01T06:26:52+00:00,1,True,0,2
4366,WELL-00023_20180826212652,WELL-00023,7,130,2018-09-01T07:26:52+00:00,1,True,0,2
4367,WELL-00023_20180826212652,WELL-00023,7,131,2018-09-01T08:26:52+00:00,1,True,0,2
4368,WELL-00023_20180826212652,WELL-00023,7,132,2018-09-01T09:26:52+00:00,1,True,0,2
4369,WELL-00023_20180826212652,WELL-00023,7,133,2018-09-01T10:26:52+00:00,1,True,0,2
4370,WELL-00023_20180826212652,WELL-00023,7,134,2018-09-01T11:26:52+00:00,1,True,0,2
4371,WELL-00023_20180826212652,WELL-00023,7,135,2018-09-01T12:26:52+00:00,1,True,0,2
4372,WELL-00023_20180826212652,WELL-00023,7,136,2018-09-01T13:26:52+00:00,1,True,0,2
4373,WELL-00023_20180826212652,WELL-00023,7,137,2018-09-01T14:26:52+00:00,1,True,0,2
4374,WELL-00023_20180826212652,WELL-00023,7,138,2018-09-01T15:26:52+00:00,1,True,0,2
4375,WELL-00023_20180826212652,WELL-00023,7,139,2018-09-01T16:26:52+00:00,1,True,0,2
4376,WELL-00023_20180826212652,WELL-00023,7,140,2018-09-01T17:26:52+00:00,1,True,0,2
4377,WELL-00023_20180826212652,WELL-00023,7,141,2018-09-01T18:26:52+00:00,1,True,0,2
4378,WELL-00023_20180826212652,WELL-00023,7,142,2018-09-01T19:26:52+00:00,1,True,0,2
4379,WELL-00023_20180826212652,WELL-00023,7,143,2018-09-01T20:26:52+00:00,1,True,0,2
4380,WELL-00023_20180826212652,WELL-00023,7,144,2018-09-01T21:26:52+00:00,1,True,0,2
4381,WELL-00023_20180826212652,WELL-00023,7,145,2018-09-01T22:26:52+00:00,1,True,0,2
4382,WELL-00023_20180826212652,WELL-00023,7,146,2018-09-01T23:26:52+00:00,1,True,0,2
4383,WELL-00023_20180826212652,WELL-00023,7,147,2018-09-02T00:26:52+00:00,1,True,0,2
4384,WELL-00023_20180826212652,WELL-00023,7,148,2018-09-02T01:26:52+00:00,1,True,0,2
4385,WELL-00023_20180826212652,WELL-00023,7,149,2018-09-02T02:26:52+00:00,1,True,0,2
4386,WELL-00023_20180826212652,WELL-00023,7,150,2018-09-02T03:26:52+00:00,1,True,0,2
4387,WELL-00023_20180826212652,WELL-00023,7,151,2018-09-02T04:26:52+00:00,1,True,0,2
4388,WELL-00023_20180826212652,WELL-00023,7,152,2018-09-02T05:26:52+00:00,1,True,0,2
4389,WELL-00023_20180826212652,WELL-00023,7,153,2018-09-02T06:26:52+00:00,1,True,0,2
4390,WELL-00023_20180826212652,WELL-00023,7,154,2018-09-02T07:26:52+00:00,1,True,0,2
4391,WELL-00023_20181014121654,WELL-00023,7,1,2018-10-14T13:16:54+00:00,0,False,0,3
4392,WELL-00023_20181014121654,WELL-00023,7,2,2018-10-14T14:16:54+00:00,0,False,0,3
4393,WELL-00023_20181014121654,WELL-00023,7,3,2018-10-14T15:16:54+00:00,0,False,0,3
4394,WELL-00023_20181014121654,WELL-00023,7,4,2018-10-14T16:16:54+00:00,0,False,0,3
4395,WELL-00023_20181014121654,WELL-00023,7,5,2018-10-14T17:16:54+00:00,0,False,0,3
4396,WELL-00023_20181014121654,WELL-00023,7,6,2018-10-14T18:16:54+00:00,0,False,0,3
4397,WELL-00023_20181014121654,WELL-00023,7,7,2018-10-14T19:16:54+00:00,0,False,0,3
4398,WELL-00023_20181014121654,WELL-00023,7,8,2018-10-14T20:16:54+00:00,0,False,0,3
4399,WELL-00023_20181014121654,WELL-00023,7,9,2018-10-14T21:16:54+00:00,0,False,0,3
4400,WELL-00023_20181014121654,WELL-00023,7,10,2018-10-14T22:16:54+00:00,0,False,0,3
4401,WELL-00023_20181014121654,WELL-00023,7,11,2018-10-14T23:16:54+00:00,0,False,0,3
4402,WELL-00023_20181014121654,WELL-00023,7,12,2018-10-15T00:16:54+00:00,0,False,0,3
4403,WELL-00023_20181014121654,WELL-00023,7,13,2018-10-15T01:16:54+00:00,0,False,0,3
4404,WELL-00023_20181014121654,WELL-00023,7,14,2018-10-15T02:16:54+00:00,0,False,0,3
4405,WELL-00023_20181014121654,WELL-00023,7,15,2018-10-15T03:16:54+00:00,0,False,0,3
4406,WELL-00023_20181014121654,WELL-00023,7,16,2018-10-15T04:16:54+00:00,0,False,0,3
4407,WELL-00023_20181014121654,WELL-00023,7,17,2018-10-15T05:16:54+00:00,0,False,0,3
4408,WELL-00023_20181014121654,WELL-00023,7,18,2018-10-15T06:16:54+00:00,0,False,0,3
4409,WELL-00023_20181014121654,WELL-00023,7,19,2018-10-15T07:16:54+00:00,1,True,0,3
4410,WELL-00023_20181014121654,WELL-00023,7,20,2018-10-15T08:16:54+00:00,1,True,0,3
4411,WELL-00023_20181014121654,WELL-00023,7,21,2018-10-15T09:16:54+00:00,1,True,0,3
4412,WELL-00023_20181014121654,WELL-00023,7,22,2018-10-15T10:16:54+00:00,1,True,0,3
4413,WELL-00023_20181014121654,WELL-00023,7,23,2018-10-15T11:16:54+00:00,1,True,0,3
4414,WELL-00023_20181014121654,WELL-00023,7,24,2018-10-15T12:16:54+00:00,1,True,0,3
4415,WELL-00023_20181014121654,WELL-00023,7,25,2018-10-15T13:16:54+00:00,1,True,0,3
4416,WELL-00023_20181014121654,WELL-00023,7,26,2018-10-15T14:16:54+00:00,1,True,0,3
4417,WELL-00023_20181014121654,WELL-00023,7,27,2018-10-15T15:16:54+00:00,1,True,0,3
4418,WELL-00023_20181014121654,WELL-00023,7,28,2018-10-15T16:16:54+00:00,1,True,0,3
4419,WELL-00023_20181014121654,WELL-00023,7,29,2018-10-15T17:16:54+00:00,1,True,0,3
4420,WELL-00023_20181014121654,WELL-00023,7,30,2018-10-15T18:16:54+00:00,1,True,0,3
4421,WELL-00023_20181014121654,WELL-00023,7,31,2018-10-15T19:16:54+00:00,1,True,0,3
4422,WELL-00023_20181014121654,WELL-00023,7,32,2018-10-15T20:16:54+00:00,1,True,0,3
4423,WELL-00023_20181014121654,WELL-00023,7,33,2018-10-15T21:16:54+00:00,1,True,0,3
4424,WELL-00023_20181014121654,WELL-00023,7,34,2018-10-15T22:16:54+00:00,1,True,0,3
4425,WELL-00023_20181014121654,WELL-00023,7,35,2018-10-15T23:16:54+00:00,1,True,0,3
4426,WELL-00023_20181014121654,WELL-00023,7,36,2018-10-16T00:16:54+00:00,1,True,0,3
4427,WELL-00023_20181014121654,WELL-00023,7,37,2018-10-16T01:16:54+00:00,1,True,0,3
4428,WELL-00023_20181014121654,WELL-00023,7,38,2018-10-16T02:16:54+00:00,1,True,0,3
4429,WELL-00023_20181014121654,WELL-00023,7,39,2018-10-16T03:16:54+00:00,1,True,0,3
4430,WELL-00023_20181014121654,WELL-00023,7,40,2018-10-16T04:16:54+00:00,1,True,0,3
4431,WELL-00023_20181014121654,WELL-00023,7,41,2018-10-16T05:16:54+00:00,1,True,0,3
4432,WELL-00023_20181014121654,WELL-00023,7,42,2018-10-16T06:16:54+00:00,1,True,0,3
4433,WELL-00023_20181014121654,WELL-00023,7,43,2018-10-16T07:16:54+00:00,1,True,0,3
4434,WELL-00023_20181014121654,WELL-00023,7,44,2018-10-16T08:16:54+00:00,1,True,0,3
4435,WELL-00023_20181014121654,WELL-00023,7,45,2018-10-16T09:16:54+00:00,1,True,0,3
4436,WELL-00023_20181014121654,WELL-00023,7,46,2018-10-16T10:16:54+00:00,1,True,0,3
4437,WELL-00023_20181014121654,WELL-00023,7,47,2018-10-16T11:16:54+00:00,1,True,0,3
4438,WELL-00023_20181014121654,WELL-00023,7,48,2018-10-16T12:16:54+00:00,1,True,0,3
4439,WELL-00023_20181014121654,WELL-00023,7,49,2018-10-16T13:16:54+00:00,1,True,0,3
4440,WELL-00023_20181014121654,WELL-00023,7,50,2018-10-16T14:16:54+00:00,1,True,0,3
4441,WELL-00023_20181014121654,WELL-00023,7,51,2018-10-16T15:16:54+00:00,1,True,0,3
4442,WELL-00023_20181014121654,WELL-00023,7,52,2018-10-16T16:16:54+00:00,1,True,0,3
4443,WELL-00023_20181014121654,WELL-00023,7,53,2018-10-16T17:16:54+00:00,1,True,0,3
4444,WELL-00023_20181014121654,WELL-00023,7,54,2018-10-16T18:16:54+00:00,1,True,0,3
4445,WELL-00023_20181014121654,WELL-00023,7,55,2018-10-16T19:16:54+00:00,1,True,0,3
4446,WELL-00023_20181014121654,WELL-00023,7,56,2018-10-16T20:16:54+00:00,1,True,0,3
4447,WELL-00023_20181014121654,WELL-00023,7,57,2018-10-16T21:16:54+00:00,1,True,0,3
4448,WELL-00023_20181014121654,WELL-00023,7,58,2018-10-16T22:16:54+00:00,1,True,0,3
4449,WELL-00023_20181014121654,WELL-00023,7,59,2018-10-16T23:16:54+00:00,1,True,0,3
4450,WELL-00023_20181014121654,WELL-00023,7,60,2018-10-17T00:16:54+00:00,1,True,0,3
4451,WELL-00023_20181014121654,WELL-00023,7,61,2018-10-17T01:16:54+00:00,1,True,0,3
4452,WELL-00023_20181014121654,WELL-00023,7,62,2018-10-17T02:16:54+00:00,1,True,0,3
4453,WELL-00023_20181014121654,WELL-00023,7,63,2018-10-17T03:16:54+00:00,1,True,0,3
4454,WELL-00023_20181014121654,WELL-00023,7,64,2018-10-17T04:16:54+00:00,1,True,0,3
4455,WELL-00023_20181014121654,WELL-00023,7,65,2018-10-17T05:16:54+00:00,1,True,0,3
4456,WELL-00023_20181014121654,WELL-00023,7,66,2018-10-17T06:16:54+00:00,1,True,0,3
4457,WELL-00023_20181014121654,WELL-00023,7,67,2018-10-17T07:16:54+00:00,1,True,0,3
4458,WELL-00023_20181014121654,WELL-00023,7,68,2018-10-17T08:16:54+00:00,1,True,0,3
4459,WELL-00023_20181014121654,WELL-00023,7,69,2018-10-17T09:16:54+00:00,1,True,0,3
4460,WELL-00023_20181014121654,WELL-00023,7,70,2018-10-17T10:16:54+00:00,1,True,0,3
4461,WELL-00023_20181014121654,WELL-00023,7,71,2018-10-17T11:16:54+00:00,1,True,0,3
4462,WELL-00023_20181014121654,WELL-00023,7,72,2018-10-17T12:16:54+00:00,1,True,0,3
4463,WELL-00023_20181014121654,WELL-00023,7,73,2018-10-17T13:16:54+00:00,1,True,0,3
4464,WELL-00023_20181014121654,WELL-00023,7,74,2018-10-17T14:16:54+00:00,1,True,0,3
4465,WELL-00023_20181014121654,WELL-00023,7,75,2018-10-17T15:16:54+00:00,1,True,0,3
4466,WELL-00023_20181014121654,WELL-00023,7,76,2018-10-17T16:16:54+00:00,1,True,0,3
4467,WELL-00023_20181014121654,WELL-00023,7,77,2018-10-17T17:16:54+00:00,1,True,0,3
4468,WELL-00023_20181014121654,WELL-00023,7,78,2018-10-17T18:16:54+00:00,1,True,0,3
4469,WELL-00023_20181019115124,WELL-00023,7,1,2018-10-19T12:51:24+00:00,0,False,0,3
4470,WELL-00023_20181019115124,WELL-00023,7,2,2018-10-19T13:51:24+00:00,0,False,0,3
4471,WELL-00023_20181019115124,WELL-00023,7,3,2018-10-19T14:51:24+00:00,0,False,0,3
4472,WELL-00023_20181019115124,WELL-00023,7,4,2018-10-19T15:51:24+00:00,0,False,0,3
4473,WELL-00023_20181019115124,WELL-00023,7,5,2018-10-19T16:51:24+00:00,0,False,0,3
4474,WELL-00023_20181019115124,WELL-00023,7,6,2018-10-19T17:51:24+00:00,0,False,0,3
4475,WELL-00023_20181019115124,WELL-00023,7,7,2018-10-19T18:51:24+00:00,0,False,0,3
4476,WELL-00023_20181019115124,WELL-00023,7,8,2018-10-19T19:51:24+00:00,0,False,0,3
4477,WELL-00023_20181019115124,WELL-00023,7,9,2018-10-19T20:51:24+00:00,0,False,0,3
4478,WELL-00023_20181019115124,WELL-00023,7,10,2018-10-19T21:51:24+00:00,0,False,0,3
4479,WELL-00023_20181019115124,WELL-00023,7,11,2018-10-19T22:51:24+00:00,0,False,0,3
4480,WELL-00023_20181019115124,WELL-00023,7,12,2018-10-19T23:51:24+00:00,0,False,0,3
4481,WELL-00023_20181019115124,WELL-00023,7,13,2018-10-20T00:51:24+00:00,0,False,0,3
4482,WELL-00023_20181019115124,WELL-00023,7,14,2018-10-20T01:51:24+00:00,0,False,0,3
4483,WELL-00023_20181019115124,WELL-00023,7,15,2018-10-20T02:51:24+00:00,0,False,0,3
4484,WELL-00023_20181019115124,WELL-00023,7,16,2018-10-20T03:51:24+00:00,0,False,0,3
4485,WELL-00023_20181019115124,WELL-00023,7,17,2018-10-20T04:51:24+00:00,0,False,0,3
4486,WELL-00023_20181019115124,WELL-00023,7,18,2018-10-20T05:51:24+00:00,0,False,0,3
4487,WELL-00023_20181019115124,WELL-00023,7,19,2018-10-20T06:51:24+00:00,1,True,0,3
4488,WELL-00023_20181019115124,WELL-00023,7,20,2018-10-20T07:51:24+00:00,1,True,0,3
4489,WELL-00023_20181019115124,WELL-00023,7,21,2018-10-20T08:51:24+00:00,1,True,0,3
4490,WELL-00023_20181019115124,WELL-00023,7,22,2018-10-20T09:51:24+00:00,1,True,0,3
4491,WELL-00023_20181019115124,WELL-00023,7,23,2018-10-20T10:51:24+00:00,1,True,0,3
4492,WELL-00023_20181019115124,WELL-00023,7,24,2018-10-20T11:51:24+00:00,1,True,0,3
4493,WELL-00023_20181019115124,WELL-00023,7,25,2018-10-20T12:51:24+00:00,1,True,0,3
4494,WELL-00023_20181019115124,WELL-00023,7,26,2018-10-20T13:51:24+00:00,1,True,0,3
4495,WELL-00023_20181019115124,WELL-00023,7,27,2018-10-20T14:51:24+00:00,1,True,0,3
4496,WELL-00023_20181019115124,WELL-00023,7,28,2018-10-20T15:51:24+00:00,1,True,0,3
4497,WELL-00023_20181019115124,WELL-00023,7,29,2018-10-20T16:51:24+00:00,1,True,0,3
4498,WELL-00023_20181019115124,WELL-00023,7,30,2018-10-20T17:51:24+00:00,1,True,0,3
4499,WELL-00023_20181019115124,WELL-00023,7,31,2018-10-20T18:51:24+00:00,1,True,0,3
4500,WELL-00023_20181019115124,WELL-00023,7,32,2018-10-20T19:51:24+00:00,1,True,0,3
4501,WELL-00023_20181019115124,WELL-00023,7,33,2018-10-20T20:51:24+00:00,1,True,0,3
4502,WELL-00023_20181019115124,WELL-00023,7,34,2018-10-20T21:51:24+00:00,1,True,0,3
4503,WELL-00023_20181019115124,WELL-00023,7,35,2018-10-20T22:51:24+00:00,1,True,0,3
4504,WELL-00023_20181019115124,WELL-00023,7,36,2018-10-20T23:51:24+00:00,1,True,0,3
4505,WELL-00023_20181019115124,WELL-00023,7,37,2018-10-21T00:51:24+00:00,1,True,0,3
4506,WELL-00023_20181019115124,WELL-00023,7,38,2018-10-21T01:51:24+00:00,1,True,0,3
4507,WELL-00023_20181019115124,WELL-00023,7,39,2018-10-21T02:51:24+00:00,1,True,0,3
4508,WELL-00023_20181019115124,WELL-00023,7,40,2018-10-21T03:51:24+00:00,1,True,0,3
4509,WELL-00023_20181019115124,WELL-00023,7,41,2018-10-21T04:51:24+00:00,1,True,0,3
4510,WELL-00023_20181019115124,WELL-00023,7,42,2018-10-21T05:51:24+00:00,1,True,0,3
4511,WELL-00023_20181019115124,WELL-00023,7,43,2018-10-21T06:51:24+00:00,1,True,0,3
4512,WELL-00023_20181019115124,WELL-00023,7,44,2018-10-21T07:51:24+00:00,1,True,0,3
4513,WELL-00023_20181019115124,WELL-00023,7,45,2018-10-21T08:51:24+00:00,1,True,0,3
4514,WELL-00023_20181019115124,WELL-00023,7,46,2018-10-21T09:51:24+00:00,1,True,0,3
4515,WELL-00023_20181019115124,WELL-00023,7,47,2018-10-21T10:51:24+00:00,1,True,0,3
4516,WELL-00023_20181019115124,WELL-00023,7,48,2018-10-21T11:51:24+00:00,1,True,0,3
4517,WELL-00023_20181019115124,WELL-00023,7,49,2018-10-21T12:51:24+00:00,1,True,0,3
4518,WELL-00023_20181019115124,WELL-00023,7,50,2018-10-21T13:51:24+00:00,1,True,0,3
4519,WELL-00023_20181019115124,WELL-00023,7,51,2018-10-21T14:51:24+00:00,1,True,0,3
4520,WELL-00023_20181019115124,WELL-00023,7,52,2018-10-21T15:51:24+00:00,1,True,0,3
4521,WELL-00023_20181019115124,WELL-00023,7,53,2018-10-21T16:51:24+00:00,1,True,0,3
4522,WELL-00023_20181019115124,WELL-00023,7,54,2018-10-21T17:51:24+00:00,1,True,0,3
4523,WELL-00023_20181019115124,WELL-00023,7,55,2018-10-21T18:51:24+00:00,1,True,0,3
4524,WELL-00023_20181019115124,WELL-00023,7,56,2018-10-21T19:51:24+00:00,1,True,0,3
4525,WELL-00023_20181019115124,WELL-00023,7,57,2018-10-21T20:51:24+00:00,1,True,0,3
4526,WELL-00023_20181019115124,WELL-00023,7,58,2018-10-21T21:51:24+00:00,1,True,0,3
4527,WELL-00023_20181019115124,WELL-00023,7,59,2018-10-21T22:51:24+00:00,1,True,0,3
4528,WELL-00023_20181019115124,WELL-00023,7,60,2018-10-21T23:51:24+00:00,1,True,0,3
4529,WELL-00023_20181019115124,WELL-00023,7,61,2018-10-22T00:51:24+00:00,1,True,0,3
4530,WELL-00023_20181019115124,WELL-00023,7,62,2018-10-22T01:51:24+00:00,1,True,0,3
4531,WELL-00023_20181019115124,WELL-00023,7,63,2018-10-22T02:51:24+00:00,1,True,0,3
4532,WELL-00023_20181019115124,WELL-00023,7,64,2018-10-22T03:51:24+00:00,1,True,0,3
4533,WELL-00023_20181019115124,WELL-00023,7,65,2018-10-22T04:51:24+00:00,1,True,0,3
4534,WELL-00023_20181019115124,WELL-00023,7,66,2018-10-22T05:51:24+00:00,1,True,0,3
4535,WELL-00023_20181019115124,WELL-00023,7,67,2018-10-22T06:51:24+00:00,1,True,0,3
4536,WELL-00023_20181019115124,WELL-00023,7,68,2018-10-22T07:51:24+00:00,1,True,0,3
4537,WELL-00023_20181019115124,WELL-00023,7,69,2018-10-22T08:51:24+00:00,1,True,0,3
4538,WELL-00023_20181019115124,WELL-00023,7,70,2018-10-22T09:51:24+00:00,1,True,0,3
4539,WELL-00023_20181019115124,WELL-00023,7,71,2018-10-22T10:51:24+00:00,1,True,0,3
4540,WELL-00023_20181019115124,WELL-00023,7,72,2018-10-22T11:51:24+00:00,1,True,0,3
4541,WELL-00023_20181019115124,WELL-00023,7,73,2018-10-22T12:51:24+00:00,1,True,0,3
4542,WELL-00023_20181019115124,WELL-00023,7,74,2018-10-22T13:51:24+00:00,1,True,0,3
4543,WELL-00023_20181019115124,WELL-00023,7,75,2018-10-22T14:51:24+00:00,1,True,0,3
4544,WELL-00023_20181019115124,WELL-00023,7,76,2018-10-22T15:51:24+00:00,1,True,0,3
4545,WELL-00023_20181019115124,WELL-00023,7,77,2018-10-22T16:51:24+00:00,1,True,0,3
4546,WELL-00023_20181019115124,WELL-00023,7,78,2018-10-22T17:51:24+00:00,1,True,0,3
4547,WELL-00023_20181019115124,WELL-00023,7,79,2018-10-22T18:51:24+00:00,1,True,0,3
4548,WELL-00023_20181019115124,WELL-00023,7,80,2018-10-22T19:51:24+00:00,1,True,0,3
4549,WELL-00023_20181019115124,WELL-00023,7,81,2018-10-22T20:51:24+00:00,1,True,0,3
4550,WELL-00023_20181019115124,WELL-00023,7,82,2018-10-22T21:51:24+00:00,1,True,0,3
4551,WELL-00023_20181019115124,WELL-00023,7,83,2018-10-22T22:51:24+00:00,1,True,0,3
4552,WELL-00023_20181019115124,WELL-00023,7,84,2018-10-22T23:51:24+00:00,1,True,0,3
4553,WELL-00023_20181019115124,WELL-00023,7,85,2018-10-23T00:51:24+00:00,1,True,0,3
4554,WELL-00023_20181019115124,WELL-00023,7,86,2018-10-23T01:51:24+00:00,1,True,0,3
4555,WELL-00023_20181019115124,WELL-00023,7,87,2018-10-23T02:51:24+00:00,1,True,0,3
4556,WELL-00023_20181019115124,WELL-00023,7,88,2018-10-23T03:51:24+00:00,1,True,0,3
4557,WELL-00023_20181019115124,WELL-00023,7,89,2018-10-23T04:51:24+00:00,1,True,0,3
4558,WELL-00023_20181019115124,WELL-00023,7,90,2018-10-23T05:51:24+00:00,1,True,0,3
4559,WELL-00023_20181019115124,WELL-00023,7,91,2018-10-23T06:51:24+00:00,1,True,0,3
4560,WELL-00023_20181019115124,WELL-00023,7,92,2018-10-23T07:51:24+00:00,1,True,0,3
4561,WELL-00023_20181019115124,WELL-00023,7,93,2018-10-23T08:51:24+00:00,1,True,0,3
4562,WELL-00023_20181019115124,WELL-00023,7,94,2018-10-23T09:51:24+00:00,1,True,0,3
4563,WELL-00023_20181019115124,WELL-00023,7,95,2018-10-23T10:51:24+00:00,1,True,0,3
4564,WELL-00023_20181019115124,WELL-00023,7,96,2018-10-23T11:51:24+00:00,1,True,0,3
4565,WELL-00023_20181019115124,WELL-00023,7,97,2018-10-23T12:51:24+00:00,1,True,0,3
4566,WELL-00023_20181019115124,WELL-00023,7,98,2018-10-23T13:51:24+00:00,1,True,0,3
4567,WELL-00023_20181019115124,WELL-00023,7,99,2018-10-23T14:51:24+00:00,1,True,0,3
4568,WELL-00023_20181019115124,WELL-00023,7,100,2018-10-23T15:51:24+00:00,1,True,0,3
4569,WELL-00023_20181019115124,WELL-00023,7,101,2018-10-23T16:51:24+00:00,1,True,0,3
4570,WELL-00023_20181019115124,WELL-00023,7,102,2018-10-23T17:51:24+00:00,1,True,0,3
4571,WELL-00023_20181019115124,WELL-00023,7,103,2018-10-23T18:51:24+00:00,1,True,0,3
4572,WELL-00023_20181019115124,WELL-00023,7,104,2018-10-23T19:51:24+00:00,1,True,0,3
4573,WELL-00023_20181019115124,WELL-00023,7,105,2018-10-23T20:51:24+00:00,1,True,0,3
4574,WELL-00023_20181019115124,WELL-00023,7,106,2018-10-23T21:51:24+00:00,1,True,0,3
4575,WELL-00023_20181019115124,WELL-00023,7,107,2018-10-23T22:51:24+00:00,1,True,0,3
4576,WELL-00023_20181019115124,WELL-00023,7,108,2018-10-23T23:51:24+00:00,1,True,0,3
4577,WELL-00023_20181019115124,WELL-00023,7,109,2018-10-24T00:51:24+00:00,1,True,0,3
4578,WELL-00023_20181019115124,WELL-00023,7,110,2018-10-24T01:51:24+00:00,1,True,0,3
4579,WELL-00023_20181019115124,WELL-00023,7,111,2018-10-24T02:51:24+00:00,1,True,0,3
4580,WELL-00023_20181019115124,WELL-00023,7,112,2018-10-24T03:51:24+00:00,1,True,0,3
4581,WELL-00023_20181019115124,WELL-00023,7,113,2018-10-24T04:51:24+00:00,1,True,0,3
4582,WELL-00023_20181019115124,WELL-00023,7,114,2018-10-24T05:51:24+00:00,1,True,0,3
4583,WELL-00023_20181019115124,WELL-00023,7,115,2018-10-24T06:51:24+00:00,1,True,0,3
4584,WELL-00023_20181019115124,WELL-00023,7,116,2018-10-24T07:51:24+00:00,1,True,0,3
4585,WELL-00023_20181019115124,WELL-00023,7,117,2018-10-24T08:51:24+00:00,1,True,0,3
4586,WELL-00023_20181019115124,WELL-00023,7,118,2018-10-24T09:51:24+00:00,1,True,0,3
4587,WELL-00023_20181019115124,WELL-00023,7,119,2018-10-24T10:51:24+00:00,1,True,0,3
4588,WELL-00023_20181019115124,WELL-00023,7,120,2018-10-24T11:51:24+00:00,1,True,0,3
4589,WELL-00023_20181019115124,WELL-00023,7,121,2018-10-24T12:51:24+00:00,1,True,0,3
4590,WELL-00023_20181019115124,WELL-00023,7,122,2018-10-24T13:51:24+00:00,1,True,0,3
4591,WELL-00023_20181019115124,WELL-00023,7,123,2018-10-24T14:51:24+00:00,1,True,0,3
4592,WELL-00023_20181019115124,WELL-00023,7,124,2018-10-24T15:51:24+00:00,1,True,0,3
4593,WELL-00023_20181019115124,WELL-00023,7,125,2018-10-24T16:51:24+00:00,1,True,0,3
4594,WELL-00023_20181019115124,WELL-00023,7,126,2018-10-24T17:51:24+00:00,1,True,0,3
4595,WELL-00023_20181019115124,WELL-00023,7,127,2018-10-24T18:51:24+00:00,1,True,0,3
4596,WELL-00023_20181019115124,WELL-00023,7,128,2018-10-24T19:51:24+00:00,1,True,0,3
4597,WELL-00023_20181019115124,WELL-00023,7,129,2018-10-24T20:51:24+00:00,1,True,0,3
4598,WELL-00023_20181019115124,WELL-00023,7,130,2018-10-24T21:51:24+00:00,1,True,0,3
4599,WELL-00023_20181019115124,WELL-00023,7,131,2018-10-24T22:51:24+00:00,1,True,0,3
4600,WELL-00023_20181019115124,WELL-00023,7,132,2018-10-24T23:51:24+00:00,1,True,0,3
4601,WELL-00023_20181019115124,WELL-00023,7,133,2018-10-25T00:51:24+00:00,1,True,0,3
4602,WELL-00023_20181019115124,WELL-00023,7,134,2018-10-25T01:51:24+00:00,1,True,0,3
4603,WELL-00023_20181030045054,WELL-00023,7,1,2018-10-30T05:50:54+00:00,0,False,0,3
4604,WELL-00023_20181030045054,WELL-00023,7,2,2018-10-30T06:50:54+00:00,0,False,0,3
4605,WELL-00023_20181030045054,WELL-00023,7,3,2018-10-30T07:50:54+00:00,0,False,0,3
4606,WELL-00023_20181030045054,WELL-00023,7,4,2018-10-30T08:50:54+00:00,0,False,0,3
4607,WELL-00023_20181030045054,WELL-00023,7,5,2018-10-30T09:50:54+00:00,0,False,0,3
4608,WELL-00023_20181030045054,WELL-00023,7,6,2018-10-30T10:50:54+00:00,0,False,0,3
4609,WELL-00023_20181030045054,WELL-00023,7,7,2018-10-30T11:50:54+00:00,1,True,0,3
4610,WELL-00023_20181030045054,WELL-00023,7,8,2018-10-30T12:50:54+00:00,1,True,0,3
4611,WELL-00023_20181030045054,WELL-00023,7,9,2018-10-30T13:50:54+00:00,1,True,0,3
4612,WELL-00023_20181030045054,WELL-00023,7,10,2018-10-30T14:50:54+00:00,1,True,0,3
4613,WELL-00023_20181030045054,WELL-00023,7,11,2018-10-30T15:50:54+00:00,1,True,0,3
4614,WELL-00023_20181030045054,WELL-00023,7,12,2018-10-30T16:50:54+00:00,1,True,0,3
4615,WELL-00023_20181030045054,WELL-00023,7,13,2018-10-30T17:50:54+00:00,1,True,0,3
4616,WELL-00023_20181030045054,WELL-00023,7,14,2018-10-30T18:50:54+00:00,1,True,0,3
4617,WELL-00023_20181030045054,WELL-00023,7,15,2018-10-30T19:50:54+00:00,1,True,0,3
4618,WELL-00023_20181030045054,WELL-00023,7,16,2018-10-30T20:50:54+00:00,1,True,0,3
4619,WELL-00023_20181030045054,WELL-00023,7,17,2018-10-30T21:50:54+00:00,1,True,0,3
4620,WELL-00023_20181030045054,WELL-00023,7,18,2018-10-30T22:50:54+00:00,1,True,0,3
4621,WELL-00023_20181030045054,WELL-00023,7,19,2018-10-30T23:50:54+00:00,1,True,0,3
4622,WELL-00023_20181030045054,WELL-00023,7,20,2018-10-31T00:50:54+00:00,1,True,0,3
4623,WELL-00023_20181030045054,WELL-00023,7,21,2018-10-31T01:50:54+00:00,1,True,0,3
4624,WELL-00023_20181030045054,WELL-00023,7,22,2018-10-31T02:50:54+00:00,1,True,0,3
4625,WELL-00023_20181030045054,WELL-00023,7,23,2018-10-31T03:50:54+00:00,1,True,0,3
4626,WELL-00023_20181030045054,WELL-00023,7,24,2018-10-31T04:50:54+00:00,1,True,0,3
4627,WELL-00023_20181030045054,WELL-00023,7,25,2018-10-31T05:50:54+00:00,1,True,0,3
4628,WELL-00023_20181030045054,WELL-00023,7,26,2018-10-31T06:50:54+00:00,1,True,0,3
4629,WELL-00023_20181030045054,WELL-00023,7,27,2018-10-31T07:50:54+00:00,1,True,0,3
4630,WELL-00023_20181030045054,WELL-00023,7,28,2018-10-31T08:50:54+00:00,1,True,0,3
4631,WELL-00023_20181030045054,WELL-00023,7,29,2018-10-31T09:50:54+00:00,1,True,0,3
4632,WELL-00023_20181030045054,WELL-00023,7,30,2018-10-31T10:50:54+00:00,1,True,0,3
4633,WELL-00023_20181030045054,WELL-00023,7,31,2018-10-31T11:50:54+00:00,1,True,0,3
4634,WELL-00023_20181030045054,WELL-00023,7,32,2018-10-31T12:50:54+00:00,1,True,0,3
4635,WELL-00023_20181030045054,WELL-00023,7,33,2018-10-31T13:50:54+00:00,1,True,0,3
4636,WELL-00023_20181030045054,WELL-00023,7,34,2018-10-31T14:50:54+00:00,1,True,0,3
4637,WELL-00023_20181030045054,WELL-00023,7,35,2018-10-31T15:50:54+00:00,1,True,0,3
4638,WELL-00023_20181030045054,WELL-00023,7,36,2018-10-31T16:50:54+00:00,1,True,0,3
4639,WELL-00023_20181030045054,WELL-00023,7,37,2018-10-31T17:50:54+00:00,1,True,0,3
4640,WELL-00023_20181030045054,WELL-00023,7,38,2018-10-31T18:50:54+00:00,1,True,0,3
4641,WELL-00023_20181030045054,WELL-00023,7,39,2018-10-31T19:50:54+00:00,1,True,0,3
4642,WELL-00023_20181030045054,WELL-00023,7,40,2018-10-31T20:50:54+00:00,1,True,0,3
4643,WELL-00023_20181030045054,WELL-00023,7,41,2018-10-31T21:50:54+00:00,1,True,0,3
4644,WELL-00023_20181030045054,WELL-00023,7,42,2018-10-31T22:50:54+00:00,1,True,0,3
4645,WELL-00023_20181030045054,WELL-00023,7,43,2018-10-31T23:50:54+00:00,1,True,0,3
4646,WELL-00023_20181030045054,WELL-00023,7,44,2018-11-01T00:50:54+00:00,1,True,0,3
4647,WELL-00023_20181030045054,WELL-00023,7,45,2018-11-01T01:50:54+00:00,1,True,0,3
4648,WELL-00023_20181030045054,WELL-00023,7,46,2018-11-01T02:50:54+00:00,1,True,0,3
4649,WELL-00023_20181030045054,WELL-00023,7,47,2018-11-01T03:50:54+00:00,1,True,0,3
4650,WELL-00023_20181030045054,WELL-00023,7,48,2018-11-01T04:50:54+00:00,1,True,0,3
4651,WELL-00023_20181030045054,WELL-00023,7,49,2018-11-01T05:50:54+00:00,1,True,0,3
4652,WELL-00023_20181030045054,WELL-00023,7,50,2018-11-01T06:50:54+00:00,1,True,0,3
4653,WELL-00023_20181030045054,WELL-00023,7,51,2018-11-01T07:50:54+00:00,1,True,0,3
4654,WELL-00023_20181030045054,WELL-00023,7,52,2018-11-01T08:50:54+00:00,1,True,0,3
4655,WELL-00023_20181030045054,WELL-00023,7,53,2018-11-01T09:50:54+00:00,1,True,0,3
4656,WELL-00023_20181030045054,WELL-00023,7,54,2018-11-01T10:50:54+00:00,1,True,0,3
4657,WELL-00023_20181030045054,WELL-00023,7,55,2018-11-01T11:50:54+00:00,1,True,0,3
4658,WELL-00023_20181030045054,WELL-00023,7,56,2018-11-01T12:50:54+00:00,1,True,0,3
4659,WELL-00023_20181030045054,WELL-00023,7,57,2018-11-01T13:50:54+00:00,1,True,0,3
4660,WELL-00023_20181030045054,WELL-00023,7,58,2018-11-01T14:50:54+00:00,1,True,0,3
4661,WELL-00023_20181030045054,WELL-00023,7,59,2018-11-01T15:50:54+00:00,1,True,0,3
4662,WELL-00023_20181030045054,WELL-00023,7,60,2018-11-01T16:50:54+00:00,1,True,0,3
4663,WELL-00023_20181030045054,WELL-00023,7,61,2018-11-01T17:50:54+00:00,1,True,0,3
4664,WELL-00023_20181030045054,WELL-00023,7,62,2018-11-01T18:50:54+00:00,1,True,0,3
4665,WELL-00024_20160704180000,WELL-00024,7,1,2016-07-04T19:00:00+00:00,0,False,0,5
4666,WELL-00024_20160704180000,WELL-00024,7,2,2016-07-04T20:00:00+00:00,1,True,0,5
4667,WELL-00024_20160704180000,WELL-00024,7,3,2016-07-04T21:00:00+00:00,1,True,0,5
4668,WELL-00024_20160704180000,WELL-00024,7,4,2016-07-04T22:00:00+00:00,1,True,0,5
4669,WELL-00024_20160704180000,WELL-00024,7,5,2016-07-04T23:00:00+00:00,1,True,0,5
4670,WELL-00024_20160704180000,WELL-00024,7,6,2016-07-05T00:00:00+00:00,1,True,0,5
4671,WELL-00024_20160704180000,WELL-00024,7,7,2016-07-05T01:00:00+00:00,1,True,0,5
4672,WELL-00024_20160704180000,WELL-00024,7,8,2016-07-05T02:00:00+00:00,1,True,0,5
4673,WELL-00024_20160704180000,WELL-00024,7,9,2016-07-05T03:00:00+00:00,1,True,0,5
4674,WELL-00024_20160704180000,WELL-00024,7,10,2016-07-05T04:00:00+00:00,1,True,0,5
4675,WELL-00024_20160704180000,WELL-00024,7,11,2016-07-05T05:00:00+00:00,1,True,0,5
4676,WELL-00024_20160704180000,WELL-00024,7,12,2016-07-05T06:00:00+00:00,1,True,0,5
4677,WELL-00024_20160704180000,WELL-00024,7,13,2016-07-05T07:00:00+00:00,1,True,0,5
4678,WELL-00024_20160704180000,WELL-00024,7,14,2016-07-05T08:00:00+00:00,1,True,0,5
4679,WELL-00024_20160704180000,WELL-00024,7,15,2016-07-05T09:00:00+00:00,1,True,0,5
4680,WELL-00024_20160704180000,WELL-00024,7,16,2016-07-05T10:00:00+00:00,1,True,0,5
4681,WELL-00024_20160704180000,WELL-00024,7,17,2016-07-05T11:00:00+00:00,1,True,0,5
4682,WELL-00024_20160704180000,WELL-00024,7,18,2016-07-05T12:00:00+00:00,1,True,0,5
4683,WELL-00024_20160704180000,WELL-00024,7,19,2016-07-05T13:00:00+00:00,1,True,0,5
4684,WELL-00024_20160704180000,WELL-00024,7,20,2016-07-05T14:00:00+00:00,1,True,0,5
4685,WELL-00024_20160704180000,WELL-00024,7,21,2016-07-05T15:00:00+00:00,1,True,0,5
4686,WELL-00024_20160704180000,WELL-00024,7,22,2016-07-05T16:00:00+00:00,1,True,0,5
4687,WELL-00024_20160704180000,WELL-00024,7,23,2016-07-05T17:00:00+00:00,1,True,0,5
4688,WELL-00024_20160704180000,WELL-00024,7,24,2016-07-05T18:00:00+00:00,1,True,0,5
4689,WELL-00024_20160704180000,WELL-00024,7,25,2016-07-05T19:00:00+00:00,1,True,0,5
4690,WELL-00024_20160704180000,WELL-00024,7,26,2016-07-05T20:00:00+00:00,1,True,0,5
4691,WELL-00024_20160704180000,WELL-00024,7,27,2016-07-05T21:00:00+00:00,1,True,0,5
4692,WELL-00024_20160704180000,WELL-00024,7,28,2016-07-05T22:00:00+00:00,1,True,0,5
4693,WELL-00024_20160704180000,WELL-00024,7,29,2016-07-05T23:00:00+00:00,1,True,0,5
4694,WELL-00024_20160704180000,WELL-00024,7,30,2016-07-06T00:00:00+00:00,1,True,0,5
4695,WELL-00024_20160704180000,WELL-00024,7,31,2016-07-06T01:00:00+00:00,1,True,0,5
4696,WELL-00024_20160704180000,WELL-00024,7,32,2016-07-06T02:00:00+00:00,1,True,0,5
4697,WELL-00024_20160704180000,WELL-00024,7,33,2016-07-06T03:00:00+00:00,1,True,0,5
4698,WELL-00024_20160704180000,WELL-00024,7,34,2016-07-06T04:00:00+00:00,1,True,0,5
4699,WELL-00024_20160704180000,WELL-00024,7,35,2016-07-06T05:00:00+00:00,1,True,0,5
4700,WELL-00024_20160704180000,WELL-00024,7,36,2016-07-06T06:00:00+00:00,1,True,0,5
4701,WELL-00024_20160704180000,WELL-00024,7,37,2016-07-06T07:00:00+00:00,1,True,0,5
4702,WELL-00024_20160704180000,WELL-00024,7,38,2016-07-06T08:00:00+00:00,1,True,0,5
4703,WELL-00024_20160704180000,WELL-00024,7,39,2016-07-06T09:00:00+00:00,1,True,0,5
4704,WELL-00024_20160704180000,WELL-00024,7,40,2016-07-06T10:00:00+00:00,1,True,0,5
4705,WELL-00024_20160704180000,WELL-00024,7,41,2016-07-06T11:00:00+00:00,1,True,0,5
4706,WELL-00024_20160704180000,WELL-00024,7,42,2016-07-06T12:00:00+00:00,1,True,0,5
4707,WELL-00024_20160708024918,WELL-00024,7,1,2016-07-08T03:49:18+00:00,0,False,0,6
4708,WELL-00024_20160708024918,WELL-00024,7,2,2016-07-08T04:49:18+00:00,1,True,0,6
4709,WELL-00024_20160708024918,WELL-00024,7,3,2016-07-08T05:49:18+00:00,1,True,0,6
4710,WELL-00024_20160708024918,WELL-00024,7,4,2016-07-08T06:49:18+00:00,1,True,0,6
4711,WELL-00024_20160708024918,WELL-00024,7,5,2016-07-08T07:49:18+00:00,1,True,0,6
4712,WELL-00024_20160708024918,WELL-00024,7,6,2016-07-08T08:49:18+00:00,1,True,0,6
4713,WELL-00024_20160708024918,WELL-00024,7,7,2016-07-08T09:49:18+00:00,1,True,0,6
4714,WELL-00024_20160708024918,WELL-00024,7,8,2016-07-08T10:49:18+00:00,1,True,0,6
4715,WELL-00024_20160708024918,WELL-00024,7,9,2016-07-08T11:49:18+00:00,1,True,0,6
4716,WELL-00024_20160708024918,WELL-00024,7,10,2016-07-08T12:49:18+00:00,1,True,0,6
4717,WELL-00024_20160708024918,WELL-00024,7,11,2016-07-08T13:49:18+00:00,1,True,0,6
4718,WELL-00024_20160708024918,WELL-00024,7,12,2016-07-08T14:49:18+00:00,1,True,0,6
4719,WELL-00024_20160708024918,WELL-00024,7,13,2016-07-08T15:49:18+00:00,1,True,0,6
4720,WELL-00024_20160708024918,WELL-00024,7,14,2016-07-08T16:49:18+00:00,1,True,0,6
4721,WELL-00024_20160708024918,WELL-00024,7,15,2016-07-08T17:49:18+00:00,1,True,0,6
4722,WELL-00024_20160708024918,WELL-00024,7,16,2016-07-08T18:49:18+00:00,1,True,0,6
4723,WELL-00024_20160708024918,WELL-00024,7,17,2016-07-08T19:49:18+00:00,1,True,0,6
4724,WELL-00024_20160708024918,WELL-00024,7,18,2016-07-08T20:49:18+00:00,1,True,0,6
4725,WELL-00024_20160708024918,WELL-00024,7,19,2016-07-08T21:49:18+00:00,1,True,0,6
4726,WELL-00024_20160708024918,WELL-00024,7,20,2016-07-08T22:49:18+00:00,1,True,0,6
4727,WELL-00024_20160708024918,WELL-00024,7,21,2016-07-08T23:49:18+00:00,1,True,0,6
4728,WELL-00024_20160708024918,WELL-00024,7,22,2016-07-09T00:49:18+00:00,1,True,0,6
4729,WELL-00024_20160708024918,WELL-00024,7,23,2016-07-09T01:49:18+00:00,1,True,0,6
4730,WELL-00024_20160708024918,WELL-00024,7,24,2016-07-09T02:49:18+00:00,1,True,0,6
4731,WELL-00024_20160708024918,WELL-00024,7,25,2016-07-09T03:49:18+00:00,1,True,0,6
4732,WELL-00024_20160708024918,WELL-00024,7,26,2016-07-09T04:49:18+00:00,1,True,0,6
4733,WELL-00024_20160708024918,WELL-00024,7,27,2016-07-09T05:49:18+00:00,1,True,0,6
4734,WELL-00024_20160708024918,WELL-00024,7,28,2016-07-09T06:49:18+00:00,1,True,0,6
4735,WELL-00024_20160708024918,WELL-00024,7,29,2016-07-09T07:49:18+00:00,1,True,0,6
4736,WELL-00024_20160708024918,WELL-00024,7,30,2016-07-09T08:49:18+00:00,1,True,0,6
4737,WELL-00024_20160708024918,WELL-00024,7,31,2016-07-09T09:49:18+00:00,1,True,0,6
4738,WELL-00024_20160708024918,WELL-00024,7,32,2016-07-09T10:49:18+00:00,1,True,0,6
4739,WELL-00024_20160708024918,WELL-00024,7,33,2016-07-09T11:49:18+00:00,1,True,0,6
4740,WELL-00024_20160708024918,WELL-00024,7,34,2016-07-09T12:49:18+00:00,1,True,0,6
4741,WELL-00024_20160708024918,WELL-00024,7,35,2016-07-09T13:49:18+00:00,1,True,0,6
4742,WELL-00024_20160708024918,WELL-00024,7,36,2016-07-09T14:49:18+00:00,1,True,0,6
4743,WELL-00024_20160708024918,WELL-00024,7,37,2016-07-09T15:49:18+00:00,1,True,0,6
4744,WELL-00024_20160708024918,WELL-00024,7,38,2016-07-09T16:49:18+00:00,1,True,0,6
4745,WELL-00024_20160708024918,WELL-00024,7,39,2016-07-09T17:49:18+00:00,1,True,0,6
4746,WELL-00024_20160708024918,WELL-00024,7,40,2016-07-09T18:49:18+00:00,1,True,0,6
4747,WELL-00024_20160708024918,WELL-00024,7,41,2016-07-09T19:49:18+00:00,1,True,0,6
4748,WELL-00024_20160708024918,WELL-00024,7,42,2016-07-09T20:49:18+00:00,1,True,0,6
4749,WELL-00024_20160708024918,WELL-00024,7,43,2016-07-09T21:49:18+00:00,1,True,0,6
4750,WELL-00024_20160708024918,WELL-00024,7,44,2016-07-09T22:49:18+00:00,1,True,0,6
4751,WELL-00024_20160708024918,WELL-00024,7,45,2016-07-09T23:49:18+00:00,1,True,0,6
4752,WELL-00024_20160708024918,WELL-00024,7,46,2016-07-10T00:49:18+00:00,1,True,0,6
4753,WELL-00024_20160708024918,WELL-00024,7,47,2016-07-10T01:49:18+00:00,1,True,0,6
4754,WELL-00024_20160708024918,WELL-00024,7,48,2016-07-10T02:49:18+00:00,1,True,0,6
4755,WELL-00024_20160708024918,WELL-00024,7,49,2016-07-10T03:49:18+00:00,1,True,0,6
4756,WELL-00024_20160708024918,WELL-00024,7,50,2016-07-10T04:49:18+00:00,1,True,0,6
4757,WELL-00024_20160708024918,WELL-00024,7,51,2016-07-10T05:49:18+00:00,1,True,0,6
4758,WELL-00024_20160708024918,WELL-00024,7,52,2016-07-10T06:49:18+00:00,1,True,0,6
4759,WELL-00024_20160708024918,WELL-00024,7,53,2016-07-10T07:49:18+00:00,1,True,0,6
4760,WELL-00024_20160708024918,WELL-00024,7,54,2016-07-10T08:49:18+00:00,1,True,0,6
4761,WELL-00024_20160708024918,WELL-00024,7,55,2016-07-10T09:49:18+00:00,1,True,0,6
4762,WELL-00024_20160708024918,WELL-00024,7,56,2016-07-10T10:49:18+00:00,1,True,0,6
4763,WELL-00024_20160712123044,WELL-00024,7,1,2016-07-12T13:30:44+00:00,0,False,0,6
4764,WELL-00024_20160712123044,WELL-00024,7,2,2016-07-12T14:30:44+00:00,0,False,0,6
4765,WELL-00024_20160712123044,WELL-00024,7,3,2016-07-12T15:30:44+00:00,0,False,0,6
4766,WELL-00024_20160712123044,WELL-00024,7,4,2016-07-12T16:30:44+00:00,0,False,0,6
4767,WELL-00024_20160712123044,WELL-00024,7,5,2016-07-12T17:30:44+00:00,0,False,0,6
4768,WELL-00024_20160712123044,WELL-00024,7,6,2016-07-12T18:30:44+00:00,0,False,0,6
4769,WELL-00024_20160712123044,WELL-00024,7,7,2016-07-12T19:30:44+00:00,0,False,0,6
4770,WELL-00024_20160712123044,WELL-00024,7,8,2016-07-12T20:30:44+00:00,1,True,0,6
4771,WELL-00024_20160712123044,WELL-00024,7,9,2016-07-12T21:30:44+00:00,1,True,0,6
4772,WELL-00024_20160712123044,WELL-00024,7,10,2016-07-12T22:30:44+00:00,1,True,0,6
4773,WELL-00024_20160712123044,WELL-00024,7,11,2016-07-12T23:30:44+00:00,1,True,0,6
4774,WELL-00024_20160712123044,WELL-00024,7,12,2016-07-13T00:30:44+00:00,1,True,0,6
4775,WELL-00024_20160712123044,WELL-00024,7,13,2016-07-13T01:30:44+00:00,1,True,0,6
4776,WELL-00024_20160712123044,WELL-00024,7,14,2016-07-13T02:30:44+00:00,1,True,0,6
4777,WELL-00024_20160712123044,WELL-00024,7,15,2016-07-13T03:30:44+00:00,1,True,0,6
4778,WELL-00024_20160712123044,WELL-00024,7,16,2016-07-13T04:30:44+00:00,1,True,0,6
4779,WELL-00024_20160712123044,WELL-00024,7,17,2016-07-13T05:30:44+00:00,1,True,0,6
4780,WELL-00024_20160712123044,WELL-00024,7,18,2016-07-13T06:30:44+00:00,1,True,0,6
4781,WELL-00024_20160712123044,WELL-00024,7,19,2016-07-13T07:30:44+00:00,1,True,0,6
4782,WELL-00024_20160712123044,WELL-00024,7,20,2016-07-13T08:30:44+00:00,1,True,0,6
4783,WELL-00024_20160712123044,WELL-00024,7,21,2016-07-13T09:30:44+00:00,1,True,0,6
4784,WELL-00024_20160712123044,WELL-00024,7,22,2016-07-13T10:30:44+00:00,1,True,0,6
4785,WELL-00024_20160712123044,WELL-00024,7,23,2016-07-13T11:30:44+00:00,1,True,0,6
4786,WELL-00024_20160712123044,WELL-00024,7,24,2016-07-13T12:30:44+00:00,1,True,0,6
4787,WELL-00024_20160712123044,WELL-00024,7,25,2016-07-13T13:30:44+00:00,1,True,0,6
4788,WELL-00024_20160712123044,WELL-00024,7,26,2016-07-13T14:30:44+00:00,1,True,0,6
4789,WELL-00024_20160712123044,WELL-00024,7,27,2016-07-13T15:30:44+00:00,1,True,0,6
4790,WELL-00024_20160712123044,WELL-00024,7,28,2016-07-13T16:30:44+00:00,1,True,0,6
4791,WELL-00024_20160712123044,WELL-00024,7,29,2016-07-13T17:30:44+00:00,1,True,0,6
4792,WELL-00024_20160712123044,WELL-00024,7,30,2016-07-13T18:30:44+00:00,1,True,0,6
4793,WELL-00024_20160712123044,WELL-00024,7,31,2016-07-13T19:30:44+00:00,1,True,0,6
4794,WELL-00024_20160712123044,WELL-00024,7,32,2016-07-13T20:30:44+00:00,1,True,0,6
4795,WELL-00024_20160712123044,WELL-00024,7,33,2016-07-13T21:30:44+00:00,1,True,0,6
4796,WELL-00024_20160712123044,WELL-00024,7,34,2016-07-13T22:30:44+00:00,1,True,0,6
4797,WELL-00024_20160712123044,WELL-00024,7,35,2016-07-13T23:30:44+00:00,1,True,0,6
4798,WELL-00024_20160712123044,WELL-00024,7,36,2016-07-14T00:30:44+00:00,1,True,0,6
4799,WELL-00024_20160712123044,WELL-00024,7,37,2016-07-14T01:30:44+00:00,1,True,0,6
4800,WELL-00024_20160712123044,WELL-00024,7,38,2016-07-14T02:30:44+00:00,1,True,0,6
4801,WELL-00024_20160712123044,WELL-00024,7,39,2016-07-14T03:30:44+00:00,1,True,0,6
4802,WELL-00024_20160712123044,WELL-00024,7,40,2016-07-14T04:30:44+00:00,1,True,0,6
4803,WELL-00024_20160712123044,WELL-00024,7,41,2016-07-14T05:30:44+00:00,1,True,0,6
4804,WELL-00024_20160712123044,WELL-00024,7,42,2016-07-14T06:30:44+00:00,1,True,0,6
4805,WELL-00024_20160712123044,WELL-00024,7,43,2016-07-14T07:30:44+00:00,1,True,0,6
4806,WELL-00024_20160712123044,WELL-00024,7,44,2016-07-14T08:30:44+00:00,1,True,0,6
4807,WELL-00024_20160712123044,WELL-00024,7,45,2016-07-14T09:30:44+00:00,1,True,0,6
4808,WELL-00024_20160712123044,WELL-00024,7,46,2016-07-14T10:30:44+00:00,1,True,0,6
4809,WELL-00024_20160712123044,WELL-00024,7,47,2016-07-14T11:30:44+00:00,1,True,0,6
4810,WELL-00024_20160712123044,WELL-00024,7,48,2016-07-14T12:30:44+00:00,1,True,0,6
4811,WELL-00024_20160712123044,WELL-00024,7,49,2016-07-14T13:30:44+00:00,1,True,0,6
4812,WELL-00024_20160712123044,WELL-00024,7,50,2016-07-14T14:30:44+00:00,1,True,0,6
4813,WELL-00024_20160712123044,WELL-00024,7,51,2016-07-14T15:30:44+00:00,1,True,0,6
4814,WELL-00024_20160712123044,WELL-00024,7,52,2016-07-14T16:30:44+00:00,1,True,0,6
4815,WELL-00024_20160712123044,WELL-00024,7,53,2016-07-14T17:30:44+00:00,1,True,0,6
4816,WELL-00024_20160712123044,WELL-00024,7,54,2016-07-14T18:30:44+00:00,1,True,0,6
4817,WELL-00024_20160712123044,WELL-00024,7,55,2016-07-14T19:30:44+00:00,1,True,0,6
4818,WELL-00024_20160712123044,WELL-00024,7,56,2016-07-14T20:30:44+00:00,1,True,0,6
4819,WELL-00024_20160712123044,WELL-00024,7,57,2016-07-14T21:30:44+00:00,1,True,0,6
4820,WELL-00024_20160712123044,WELL-00024,7,58,2016-07-14T22:30:44+00:00,1,True,0,6
4821,WELL-00024_20160712123044,WELL-00024,7,59,2016-07-14T23:30:44+00:00,1,True,0,6
4822,WELL-00024_20160712123044,WELL-00024,7,60,2016-07-15T00:30:44+00:00,1,True,0,6
4823,WELL-00024_20160712123044,WELL-00024,7,61,2016-07-15T01:30:44+00:00,1,True,0,6
4824,WELL-00024_20160712123044,WELL-00024,7,62,2016-07-15T02:30:44+00:00,1,True,0,6
4825,WELL-00024_20160712123044,WELL-00024,7,63,2016-07-15T03:30:44+00:00,1,True,0,6
4826,WELL-00024_20160712123044,WELL-00024,7,64,2016-07-15T04:30:44+00:00,1,True,0,6
4827,WELL-00024_20160712123044,WELL-00024,7,65,2016-07-15T05:30:44+00:00,1,True,0,6
4828,WELL-00024_20160712123044,WELL-00024,7,66,2016-07-15T06:30:44+00:00,1,True,0,6
4829,WELL-00024_20160712123044,WELL-00024,7,67,2016-07-15T07:30:44+00:00,1,True,0,6
4830,WELL-00024_20160712123044,WELL-00024,7,68,2016-07-15T08:30:44+00:00,1,True,0,6
4831,WELL-00024_20160712123044,WELL-00024,7,69,2016-07-15T09:30:44+00:00,1,True,0,6
4832,WELL-00024_20160712123044,WELL-00024,7,70,2016-07-15T10:30:44+00:00,1,True,0,6
4833,WELL-00024_20160712123044,WELL-00024,7,71,2016-07-15T11:30:44+00:00,1,True,0,6
4834,WELL-00024_20160712123044,WELL-00024,7,72,2016-07-15T12:30:44+00:00,1,True,0,6
4835,WELL-00024_20160712123044,WELL-00024,7,73,2016-07-15T13:30:44+00:00,1,True,0,6
4836,WELL-00024_20160712123044,WELL-00024,7,74,2016-07-15T14:30:44+00:00,1,True,0,6
4837,WELL-00024_20160712123044,WELL-00024,7,75,2016-07-15T15:30:44+00:00,1,True,0,6
4838,WELL-00024_20160712123044,WELL-00024,7,76,2016-07-15T16:30:44+00:00,1,True,0,6
4839,WELL-00024_20160712123044,WELL-00024,7,77,2016-07-15T17:30:44+00:00,1,True,0,6
4840,WELL-00024_20160712123044,WELL-00024,7,78,2016-07-15T18:30:44+00:00,1,True,0,6
4841,WELL-00024_20160712123044,WELL-00024,7,79,2016-07-15T19:30:44+00:00,1,True,0,6
4842,WELL-00024_20160712123044,WELL-00024,7,80,2016-07-15T20:30:44+00:00,1,True,0,6
4843,WELL-00024_20160712123044,WELL-00024,7,81,2016-07-15T21:30:44+00:00,1,True,0,6
4844,WELL-00024_20160712123044,WELL-00024,7,82,2016-07-15T22:30:44+00:00,1,True,0,6
4845,WELL-00024_20160712123044,WELL-00024,7,83,2016-07-15T23:30:44+00:00,1,True,0,6
4846,WELL-00024_20160712123044,WELL-00024,7,84,2016-07-16T00:30:44+00:00,1,True,0,6
4847,WELL-00024_20160712123044,WELL-00024,7,85,2016-07-16T01:30:44+00:00,1,True,0,6
4848,WELL-00024_20160712123044,WELL-00024,7,86,2016-07-16T02:30:44+00:00,1,True,0,6
4849,WELL-00024_20160712123044,WELL-00024,7,87,2016-07-16T03:30:44+00:00,1,True,0,6
4850,WELL-00024_20160712123044,WELL-00024,7,88,2016-07-16T04:30:44+00:00,1,True,0,6
4851,WELL-00024_20160712123044,WELL-00024,7,89,2016-07-16T05:30:44+00:00,1,True,0,6
4852,WELL-00024_20160712123044,WELL-00024,7,90,2016-07-16T06:30:44+00:00,1,True,0,6
4853,WELL-00024_20160712123044,WELL-00024,7,91,2016-07-16T07:30:44+00:00,1,True,0,6
4854,WELL-00024_20160712123044,WELL-00024,7,92,2016-07-16T08:30:44+00:00,1,True,0,6
4855,WELL-00024_20160712123044,WELL-00024,7,93,2016-07-16T09:30:44+00:00,1,True,0,6
4856,WELL-00024_20160712123044,WELL-00024,7,94,2016-07-16T10:30:44+00:00,1,True,0,6
4857,WELL-00024_20160712123044,WELL-00024,7,95,2016-07-16T11:30:44+00:00,1,True,0,6
4858,WELL-00024_20160712123044,WELL-00024,7,96,2016-07-16T12:30:44+00:00,1,True,0,6
4859,WELL-00024_20160712123044,WELL-00024,7,97,2016-07-16T13:30:44+00:00,1,True,0,6
4860,WELL-00024_20160712123044,WELL-00024,7,98,2016-07-16T14:30:44+00:00,1,True,0,6
4861,WELL-00024_20160712123044,WELL-00024,7,99,2016-07-16T15:30:44+00:00,1,True,0,6
4862,WELL-00024_20160712123044,WELL-00024,7,100,2016-07-16T16:30:44+00:00,1,True,0,6
4863,WELL-00024_20160712123044,WELL-00024,7,101,2016-07-16T17:30:44+00:00,1,True,0,6
4864,WELL-00024_20160712123044,WELL-00024,7,102,2016-07-16T18:30:44+00:00,1,True,0,6
4865,WELL-00024_20160712123044,WELL-00024,7,103,2016-07-16T19:30:44+00:00,1,True,0,6
4866,WELL-00024_20160712123044,WELL-00024,7,104,2016-07-16T20:30:44+00:00,1,True,0,6
4867,WELL-00024_20160712123044,WELL-00024,7,105,2016-07-16T21:30:44+00:00,1,True,0,6
4868,WELL-00024_20160712123044,WELL-00024,7,106,2016-07-16T22:30:44+00:00,1,True,0,6
4869,WELL-00024_20160712123044,WELL-00024,7,107,2016-07-16T23:30:44+00:00,1,True,0,6
4870,WELL-00024_20160712123044,WELL-00024,7,108,2016-07-17T00:30:44+00:00,1,True,0,6
4871,WELL-00024_20160712123044,WELL-00024,7,109,2016-07-17T01:30:44+00:00,1,True,0,6
4872,WELL-00024_20160720230624,WELL-00024,7,1,2016-07-21T00:06:24+00:00,0,False,0,6
4873,WELL-00024_20160720230624,WELL-00024,7,2,2016-07-21T01:06:24+00:00,0,False,0,6
4874,WELL-00024_20160720230624,WELL-00024,7,3,2016-07-21T02:06:24+00:00,0,False,0,6
4875,WELL-00024_20160720230624,WELL-00024,7,4,2016-07-21T03:06:24+00:00,0,False,0,6
4876,WELL-00024_20160720230624,WELL-00024,7,5,2016-07-21T04:06:24+00:00,0,False,0,6
4877,WELL-00024_20160720230624,WELL-00024,7,6,2016-07-21T05:06:24+00:00,0,False,0,6
4878,WELL-00024_20160720230624,WELL-00024,7,7,2016-07-21T06:06:24+00:00,0,False,0,6
4879,WELL-00024_20160720230624,WELL-00024,7,8,2016-07-21T07:06:24+00:00,0,False,0,6
4880,WELL-00024_20160720230624,WELL-00024,7,9,2016-07-21T08:06:24+00:00,0,False,0,6
4881,WELL-00024_20160720230624,WELL-00024,7,10,2016-07-21T09:06:24+00:00,0,False,0,6
4882,WELL-00024_20160720230624,WELL-00024,7,11,2016-07-21T10:06:24+00:00,0,False,0,6
4883,WELL-00024_20160720230624,WELL-00024,7,12,2016-07-21T11:06:24+00:00,1,True,0,6
4884,WELL-00024_20160720230624,WELL-00024,7,13,2016-07-21T12:06:24+00:00,1,True,0,6
4885,WELL-00024_20160720230624,WELL-00024,7,14,2016-07-21T13:06:24+00:00,1,True,0,6
4886,WELL-00024_20160720230624,WELL-00024,7,15,2016-07-21T14:06:24+00:00,1,True,0,6
4887,WELL-00024_20160720230624,WELL-00024,7,16,2016-07-21T15:06:24+00:00,1,True,0,6
4888,WELL-00024_20160720230624,WELL-00024,7,17,2016-07-21T16:06:24+00:00,1,True,0,6
4889,WELL-00024_20160720230624,WELL-00024,7,18,2016-07-21T17:06:24+00:00,1,True,0,6
4890,WELL-00024_20160720230624,WELL-00024,7,19,2016-07-21T18:06:24+00:00,1,True,0,6
4891,WELL-00024_20160720230624,WELL-00024,7,20,2016-07-21T19:06:24+00:00,1,True,0,6
4892,WELL-00024_20160720230624,WELL-00024,7,21,2016-07-21T20:06:24+00:00,1,True,0,6
4893,WELL-00024_20160720230624,WELL-00024,7,22,2016-07-21T21:06:24+00:00,1,True,0,6
4894,WELL-00024_20160720230624,WELL-00024,7,23,2016-07-21T22:06:24+00:00,1,True,0,6
4895,WELL-00024_20160720230624,WELL-00024,7,24,2016-07-21T23:06:24+00:00,1,True,0,6
4896,WELL-00024_20160720230624,WELL-00024,7,25,2016-07-22T00:06:24+00:00,1,True,0,6
4897,WELL-00024_20160720230624,WELL-00024,7,26,2016-07-22T01:06:24+00:00,1,True,0,6
4898,WELL-00024_20160720230624,WELL-00024,7,27,2016-07-22T02:06:24+00:00,1,True,0,6
4899,WELL-00024_20160720230624,WELL-00024,7,28,2016-07-22T03:06:24+00:00,1,True,0,6
4900,WELL-00024_20160720230624,WELL-00024,7,29,2016-07-22T04:06:24+00:00,1,True,0,6
4901,WELL-00024_20160720230624,WELL-00024,7,30,2016-07-22T05:06:24+00:00,1,True,0,6
4902,WELL-00024_20160720230624,WELL-00024,7,31,2016-07-22T06:06:24+00:00,1,True,0,6
4903,WELL-00024_20160720230624,WELL-00024,7,32,2016-07-22T07:06:24+00:00,1,True,0,6
4904,WELL-00024_20160722105543,WELL-00024,7,1,2016-07-22T11:55:43+00:00,0,False,0,6
4905,WELL-00024_20160722105543,WELL-00024,7,2,2016-07-22T12:55:43+00:00,0,False,0,6
4906,WELL-00024_20160722105543,WELL-00024,7,3,2016-07-22T13:55:43+00:00,0,False,0,6
4907,WELL-00024_20160722105543,WELL-00024,7,4,2016-07-22T14:55:43+00:00,0,False,0,6
4908,WELL-00024_20160722105543,WELL-00024,7,5,2016-07-22T15:55:43+00:00,0,False,0,6
4909,WELL-00024_20160722105543,WELL-00024,7,6,2016-07-22T16:55:43+00:00,0,False,0,6
4910,WELL-00024_20160722105543,WELL-00024,7,7,2016-07-22T17:55:43+00:00,0,False,0,6
4911,WELL-00024_20160722105543,WELL-00024,7,8,2016-07-22T18:55:43+00:00,0,False,0,6
4912,WELL-00024_20160722105543,WELL-00024,7,9,2016-07-22T19:55:43+00:00,0,False,0,6
4913,WELL-00024_20160722105543,WELL-00024,7,10,2016-07-22T20:55:43+00:00,1,True,0,6
4914,WELL-00024_20160722105543,WELL-00024,7,11,2016-07-22T21:55:43+00:00,1,True,0,6
4915,WELL-00024_20160722105543,WELL-00024,7,12,2016-07-22T22:55:43+00:00,1,True,0,6
4916,WELL-00024_20160722105543,WELL-00024,7,13,2016-07-22T23:55:43+00:00,1,True,0,6
4917,WELL-00024_20160722105543,WELL-00024,7,14,2016-07-23T00:55:43+00:00,1,True,0,6
4918,WELL-00024_20160722105543,WELL-00024,7,15,2016-07-23T01:55:43+00:00,1,True,0,6
4919,WELL-00024_20160722105543,WELL-00024,7,16,2016-07-23T02:55:43+00:00,1,True,0,6
4920,WELL-00024_20160722105543,WELL-00024,7,17,2016-07-23T03:55:43+00:00,1,True,0,6
4921,WELL-00024_20160722105543,WELL-00024,7,18,2016-07-23T04:55:43+00:00,1,True,0,6
4922,WELL-00024_20160722105543,WELL-00024,7,19,2016-07-23T05:55:43+00:00,1,True,0,6
4923,WELL-00024_20160722105543,WELL-00024,7,20,2016-07-23T06:55:43+00:00,1,True,0,6
4924,WELL-00024_20160722105543,WELL-00024,7,21,2016-07-23T07:55:43+00:00,1,True,0,6
4925,WELL-00024_20160722105543,WELL-00024,7,22,2016-07-23T08:55:43+00:00,1,True,0,6
4926,WELL-00024_20160722105543,WELL-00024,7,23,2016-07-23T09:55:43+00:00,1,True,0,6
4927,WELL-00024_20160722105543,WELL-00024,7,24,2016-07-23T10:55:43+00:00,1,True,0,6
4928,WELL-00024_20160722105543,WELL-00024,7,25,2016-07-23T11:55:43+00:00,1,True,0,6
4929,WELL-00024_20160722105543,WELL-00024,7,26,2016-07-23T12:55:43+00:00,1,True,0,6
4930,WELL-00024_20160722105543,WELL-00024,7,27,2016-07-23T13:55:43+00:00,1,True,0,6
4931,WELL-00024_20160722105543,WELL-00024,7,28,2016-07-23T14:55:43+00:00,1,True,0,6
4932,WELL-00024_20160722105543,WELL-00024,7,29,2016-07-23T15:55:43+00:00,1,True,0,6
4933,WELL-00024_20160722105543,WELL-00024,7,30,2016-07-23T16:55:43+00:00,1,True,0,6
4934,WELL-00024_20160722105543,WELL-00024,7,31,2016-07-23T17:55:43+00:00,1,True,0,6
4935,WELL-00024_20160722105543,WELL-00024,7,32,2016-07-23T18:55:43+00:00,1,True,0,6
4936,WELL-00024_20160722105543,WELL-00024,7,33,2016-07-23T19:55:43+00:00,1,True,0,6
4937,WELL-00024_20160722105543,WELL-00024,7,34,2016-07-23T20:55:43+00:00,1,True,0,6
4938,WELL-00024_20160722105543,WELL-00024,7,35,2016-07-23T21:55:43+00:00,1,True,0,6
4939,WELL-00024_20160722105543,WELL-00024,7,36,2016-07-23T22:55:43+00:00,1,True,0,6
4940,WELL-00024_20160722105543,WELL-00024,7,37,2016-07-23T23:55:43+00:00,1,True,0,6
4941,WELL-00024_20160722105543,WELL-00024,7,38,2016-07-24T00:55:43+00:00,1,True,0,6
4942,WELL-00024_20160722105543,WELL-00024,7,39,2016-07-24T01:55:43+00:00,1,True,0,6
4943,WELL-00024_20160722105543,WELL-00024,7,40,2016-07-24T02:55:43+00:00,1,True,0,6
4944,WELL-00024_20160722105543,WELL-00024,7,41,2016-07-24T03:55:43+00:00,1,True,0,6
4945,WELL-00024_20160722105543,WELL-00024,7,42,2016-07-24T04:55:43+00:00,1,True,0,6
4946,WELL-00024_20160722105543,WELL-00024,7,43,2016-07-24T05:55:43+00:00,1,True,0,6
4947,WELL-00024_20160722105543,WELL-00024,7,44,2016-07-24T06:55:43+00:00,1,True,0,6
4948,WELL-00024_20160722105543,WELL-00024,7,45,2016-07-24T07:55:43+00:00,1,True,0,6
4949,WELL-00024_20160722105543,WELL-00024,7,46,2016-07-24T08:55:43+00:00,1,True,0,6
4950,WELL-00024_20160722105543,WELL-00024,7,47,2016-07-24T09:55:43+00:00,1,True,0,6
4951,WELL-00024_20160722105543,WELL-00024,7,48,2016-07-24T10:55:43+00:00,1,True,0,6
4952,WELL-00024_20160722105543,WELL-00024,7,49,2016-07-24T11:55:43+00:00,1,True,0,6
4953,WELL-00024_20160722105543,WELL-00024,7,50,2016-07-24T12:55:43+00:00,1,True,0,6
4954,WELL-00024_20160722105543,WELL-00024,7,51,2016-07-24T13:55:43+00:00,1,True,0,6
4955,WELL-00024_20160722105543,WELL-00024,7,52,2016-07-24T14:55:43+00:00,1,True,0,6
4956,WELL-00024_20160722105543,WELL-00024,7,53,2016-07-24T15:55:43+00:00,1,True,0,6
4957,WELL-00024_20160729172014,WELL-00024,7,1,2016-07-29T18:20:14+00:00,0,False,0,6
4958,WELL-00024_20160729172014,WELL-00024,7,2,2016-07-29T19:20:14+00:00,0,False,0,6
4959,WELL-00024_20160729172014,WELL-00024,7,3,2016-07-29T20:20:14+00:00,0,False,0,6
4960,WELL-00024_20160729172014,WELL-00024,7,4,2016-07-29T21:20:14+00:00,0,False,0,6
4961,WELL-00024_20160729172014,WELL-00024,7,5,2016-07-29T22:20:14+00:00,1,True,0,6
4962,WELL-00024_20160729172014,WELL-00024,7,6,2016-07-29T23:20:14+00:00,1,True,0,6
4963,WELL-00024_20160729172014,WELL-00024,7,7,2016-07-30T00:20:14+00:00,1,True,0,6
4964,WELL-00024_20160729172014,WELL-00024,7,8,2016-07-30T01:20:14+00:00,1,True,0,6
4965,WELL-00024_20160729172014,WELL-00024,7,9,2016-07-30T02:20:14+00:00,1,True,0,6
4966,WELL-00024_20160729172014,WELL-00024,7,10,2016-07-30T03:20:14+00:00,1,True,0,6
4967,WELL-00024_20160729172014,WELL-00024,7,11,2016-07-30T04:20:14+00:00,1,True,0,6
4968,WELL-00024_20160729172014,WELL-00024,7,12,2016-07-30T05:20:14+00:00,1,True,0,6
4969,WELL-00024_20160729172014,WELL-00024,7,13,2016-07-30T06:20:14+00:00,1,True,0,6
4970,WELL-00024_20160729172014,WELL-00024,7,14,2016-07-30T07:20:14+00:00,1,True,0,6
4971,WELL-00024_20160729172014,WELL-00024,7,15,2016-07-30T08:20:14+00:00,1,True,0,6
4972,WELL-00024_20160729172014,WELL-00024,7,16,2016-07-30T09:20:14+00:00,1,True,0,6
4973,WELL-00024_20160729172014,WELL-00024,7,17,2016-07-30T10:20:14+00:00,1,True,0,6
4974,WELL-00024_20160729172014,WELL-00024,7,18,2016-07-30T11:20:14+00:00,1,True,0,6
4975,WELL-00024_20160729172014,WELL-00024,7,19,2016-07-30T12:20:14+00:00,1,True,0,6
4976,WELL-00024_20160729172014,WELL-00024,7,20,2016-07-30T13:20:14+00:00,1,True,0,6
4977,WELL-00024_20160729172014,WELL-00024,7,21,2016-07-30T14:20:14+00:00,1,True,0,6
4978,WELL-00024_20160729172014,WELL-00024,7,22,2016-07-30T15:20:14+00:00,1,True,0,6
4979,WELL-00024_20160729172014,WELL-00024,7,23,2016-07-30T16:20:14+00:00,1,True,0,6
4980,WELL-00024_20160729172014,WELL-00024,7,24,2016-07-30T17:20:14+00:00,1,True,0,6
4981,WELL-00024_20160729172014,WELL-00024,7,25,2016-07-30T18:20:14+00:00,1,True,0,6
4982,WELL-00024_20160729172014,WELL-00024,7,26,2016-07-30T19:20:14+00:00,1,True,0,6
4983,WELL-00024_20160729172014,WELL-00024,7,27,2016-07-30T20:20:14+00:00,1,True,0,6
4984,WELL-00024_20160729172014,WELL-00024,7,28,2016-07-30T21:20:14+00:00,1,True,0,6
4985,WELL-00024_20160729172014,WELL-00024,7,29,2016-07-30T22:20:14+00:00,1,True,0,6
4986,WELL-00024_20160729172014,WELL-00024,7,30,2016-07-30T23:20:14+00:00,1,True,0,6
4987,WELL-00024_20160729172014,WELL-00024,7,31,2016-07-31T00:20:14+00:00,1,True,0,6
4988,WELL-00024_20160729172014,WELL-00024,7,32,2016-07-31T01:20:14+00:00,1,True,0,6
4989,WELL-00024_20160729172014,WELL-00024,7,33,2016-07-31T02:20:14+00:00,1,True,0,6
4990,WELL-00024_20160729172014,WELL-00024,7,34,2016-07-31T03:20:14+00:00,1,True,0,6
4991,WELL-00024_20160729172014,WELL-00024,7,35,2016-07-31T04:20:14+00:00,1,True,0,6
4992,WELL-00024_20160729172014,WELL-00024,7,36,2016-07-31T05:20:14+00:00,1,True,0,6
4993,WELL-00024_20160729172014,WELL-00024,7,37,2016-07-31T06:20:14+00:00,1,True,0,6
4994,WELL-00024_20160802001614,WELL-00024,7,1,2016-08-02T01:16:14+00:00,0,False,0,6
4995,WELL-00024_20160802001614,WELL-00024,7,2,2016-08-02T02:16:14+00:00,1,True,0,6
4996,WELL-00024_20160802001614,WELL-00024,7,3,2016-08-02T03:16:14+00:00,1,True,0,6
4997,WELL-00024_20160802001614,WELL-00024,7,4,2016-08-02T04:16:14+00:00,1,True,0,6
4998,WELL-00024_20160802001614,WELL-00024,7,5,2016-08-02T05:16:14+00:00,1,True,0,6
4999,WELL-00024_20160802001614,WELL-00024,7,6,2016-08-02T06:16:14+00:00,1,True,0,6
5000,WELL-00024_20160802001614,WELL-00024,7,7,2016-08-02T07:16:14+00:00,1,True,0,6
5001,WELL-00024_20160802001614,WELL-00024,7,8,2016-08-02T08:16:14+00:00,1,True,0,6
5002,WELL-00024_20160802001614,WELL-00024,7,9,2016-08-02T09:16:14+00:00,1,True,0,6
5003,WELL-00024_20160802001614,WELL-00024,7,10,2016-08-02T10:16:14+00:00,1,True,0,6
5004,WELL-00024_20160802001614,WELL-00024,7,11,2016-08-02T11:16:14+00:00,1,True,0,6
5005,WELL-00024_20160802001614,WELL-00024,7,12,2016-08-02T12:16:14+00:00,1,True,0,6
5006,WELL-00024_20160802001614,WELL-00024,7,13,2016-08-02T13:16:14+00:00,1,True,0,6
5007,WELL-00024_20160802001614,WELL-00024,7,14,2016-08-02T14:16:14+00:00,1,True,0,6
5008,WELL-00024_20160802001614,WELL-00024,7,15,2016-08-02T15:16:14+00:00,1,True,0,6
5009,WELL-00024_20160802001614,WELL-00024,7,16,2016-08-02T16:16:14+00:00,1,True,0,6
5010,WELL-00024_20160802001614,WELL-00024,7,17,2016-08-02T17:16:14+00:00,1,True,0,6
5011,WELL-00024_20160802001614,WELL-00024,7,18,2016-08-02T18:16:14+00:00,1,True,0,6
5012,WELL-00024_20160802001614,WELL-00024,7,19,2016-08-02T19:16:14+00:00,1,True,0,6
5013,WELL-00024_20160802001614,WELL-00024,7,20,2016-08-02T20:16:14+00:00,1,True,0,6
5014,WELL-00024_20160802001614,WELL-00024,7,21,2016-08-02T21:16:14+00:00,1,True,0,6
5015,WELL-00024_20160802001614,WELL-00024,7,22,2016-08-02T22:16:14+00:00,1,True,0,6
5016,WELL-00024_20160802001614,WELL-00024,7,23,2016-08-02T23:16:14+00:00,1,True,0,6
5017,WELL-00024_20160802001614,WELL-00024,7,24,2016-08-03T00:16:14+00:00,1,True,0,6
5018,WELL-00024_20160802001614,WELL-00024,7,25,2016-08-03T01:16:14+00:00,1,True,0,6
5019,WELL-00024_20160802001614,WELL-00024,7,26,2016-08-03T02:16:14+00:00,1,True,0,6
5020,WELL-00024_20160802001614,WELL-00024,7,27,2016-08-03T03:16:14+00:00,1,True,0,6
5021,WELL-00024_20160802001614,WELL-00024,7,28,2016-08-03T04:16:14+00:00,1,True,0,6
5022,WELL-00024_20160802001614,WELL-00024,7,29,2016-08-03T05:16:14+00:00,1,True,0,6
5023,WELL-00024_20160802001614,WELL-00024,7,30,2016-08-03T06:16:14+00:00,1,True,0,6
5024,WELL-00024_20160802001614,WELL-00024,7,31,2016-08-03T07:16:14+00:00,1,True,0,6
5025,WELL-00024_20160802001614,WELL-00024,7,32,2016-08-03T08:16:14+00:00,1,True,0,6
5026,WELL-00024_20160802001614,WELL-00024,7,33,2016-08-03T09:16:14+00:00,1,True,0,6
5027,WELL-00024_20160802001614,WELL-00024,7,34,2016-08-03T10:16:14+00:00,1,True,0,6
5028,WELL-00024_20160802001614,WELL-00024,7,35,2016-08-03T11:16:14+00:00,1,True,0,6
5029,WELL-00024_20160802001614,WELL-00024,7,36,2016-08-03T12:16:14+00:00,1,True,0,6
5030,WELL-00024_20160802001614,WELL-00024,7,37,2016-08-03T13:16:14+00:00,1,True,0,6
5031,WELL-00024_20160802001614,WELL-00024,7,38,2016-08-03T14:16:14+00:00,1,True,0,6
5032,WELL-00024_20160802001614,WELL-00024,7,39,2016-08-03T15:16:14+00:00,1,True,0,6
5033,WELL-00024_20160802001614,WELL-00024,7,40,2016-08-03T16:16:14+00:00,1,True,0,6
5034,WELL-00024_20160802001614,WELL-00024,7,41,2016-08-03T17:16:14+00:00,1,True,0,6
5035,WELL-00024_20160802001614,WELL-00024,7,42,2016-08-03T18:16:14+00:00,1,True,0,6
5036,WELL-00024_20160802001614,WELL-00024,7,43,2016-08-03T19:16:14+00:00,1,True,0,6
5037,WELL-00024_20160802001614,WELL-00024,7,44,2016-08-03T20:16:14+00:00,1,True,0,6
5038,WELL-00024_20160802001614,WELL-00024,7,45,2016-08-03T21:16:14+00:00,1,True,0,6
5039,WELL-00024_20160802001614,WELL-00024,7,46,2016-08-03T22:16:14+00:00,1,True,0,6
5040,WELL-00024_20160802001614,WELL-00024,7,47,2016-08-03T23:16:14+00:00,1,True,0,6
5041,WELL-00024_20160802001614,WELL-00024,7,48,2016-08-04T00:16:14+00:00,1,True,0,6
5042,WELL-00024_20160802001614,WELL-00024,7,49,2016-08-04T01:16:14+00:00,1,True,0,6
5043,WELL-00024_20160802001614,WELL-00024,7,50,2016-08-04T02:16:14+00:00,1,True,0,6
5044,WELL-00024_20160802001614,WELL-00024,7,51,2016-08-04T03:16:14+00:00,1,True,0,6
5045,WELL-00024_20160802001614,WELL-00024,7,52,2016-08-04T04:16:14+00:00,1,True,0,6
5046,WELL-00024_20160802001614,WELL-00024,7,53,2016-08-04T05:16:14+00:00,1,True,0,6
5047,WELL-00024_20160802001614,WELL-00024,7,54,2016-08-04T06:16:14+00:00,1,True,0,6
5048,WELL-00024_20160802001614,WELL-00024,7,55,2016-08-04T07:16:14+00:00,1,True,0,6
5049,WELL-00024_20160802001614,WELL-00024,7,56,2016-08-04T08:16:14+00:00,1,True,0,6
5050,WELL-00024_20160802001614,WELL-00024,7,57,2016-08-04T09:16:14+00:00,1,True,0,6
5051,WELL-00024_20160802001614,WELL-00024,7,58,2016-08-04T10:16:14+00:00,1,True,0,6
5052,WELL-00024_20160802001614,WELL-00024,7,59,2016-08-04T11:16:14+00:00,1,True,0,6
5053,WELL-00024_20160802001614,WELL-00024,7,60,2016-08-04T12:16:14+00:00,1,True,0,6
5054,WELL-00024_20160802001614,WELL-00024,7,61,2016-08-04T13:16:14+00:00,1,True,0,6
5055,WELL-00024_20160802001614,WELL-00024,7,62,2016-08-04T14:16:14+00:00,1,True,0,6
5056,WELL-00024_20160802001614,WELL-00024,7,63,2016-08-04T15:16:14+00:00,1,True,0,6
5057,WELL-00024_20160802001614,WELL-00024,7,64,2016-08-04T16:16:14+00:00,1,True,0,6
5058,WELL-00024_20160802001614,WELL-00024,7,65,2016-08-04T17:16:14+00:00,1,True,0,6
5059,WELL-00024_20160802001614,WELL-00024,7,66,2016-08-04T18:16:14+00:00,1,True,0,6
5060,WELL-00024_20160802001614,WELL-00024,7,67,2016-08-04T19:16:14+00:00,1,True,0,6
5061,WELL-00024_20160802001614,WELL-00024,7,68,2016-08-04T20:16:14+00:00,1,True,0,6
5062,WELL-00024_20160802001614,WELL-00024,7,69,2016-08-04T21:16:14+00:00,1,True,0,6
5063,WELL-00024_20160802001614,WELL-00024,7,70,2016-08-04T22:16:14+00:00,1,True,0,6
5064,WELL-00024_20160802001614,WELL-00024,7,71,2016-08-04T23:16:14+00:00,1,True,0,6
5065,WELL-00024_20160802001614,WELL-00024,7,72,2016-08-05T00:16:14+00:00,1,True,0,6
5066,WELL-00024_20160802001614,WELL-00024,7,73,2016-08-05T01:16:14+00:00,1,True,0,6
5067,WELL-00024_20160802001614,WELL-00024,7,74,2016-08-05T02:16:14+00:00,1,True,0,6
5068,WELL-00024_20160802001614,WELL-00024,7,75,2016-08-05T03:16:14+00:00,1,True,0,6
5069,WELL-00024_20160802001614,WELL-00024,7,76,2016-08-05T04:16:14+00:00,1,True,0,6
5070,WELL-00024_20160802001614,WELL-00024,7,77,2016-08-05T05:16:14+00:00,1,True,0,6
5071,WELL-00024_20160802001614,WELL-00024,7,78,2016-08-05T06:16:14+00:00,1,True,0,6
5072,WELL-00024_20160802001614,WELL-00024,7,79,2016-08-05T07:16:14+00:00,1,True,0,6
5073,WELL-00024_20160802001614,WELL-00024,7,80,2016-08-05T08:16:14+00:00,1,True,0,6
5074,WELL-00024_20160810123500,WELL-00024,7,1,2016-08-10T13:35:00+00:00,0,False,0,5
5075,WELL-00024_20160810123500,WELL-00024,7,2,2016-08-10T14:35:00+00:00,1,True,0,5
5076,WELL-00024_20160810123500,WELL-00024,7,3,2016-08-10T15:35:00+00:00,1,True,0,5
5077,WELL-00024_20160810123500,WELL-00024,7,4,2016-08-10T16:35:00+00:00,1,True,0,5
5078,WELL-00024_20160810123500,WELL-00024,7,5,2016-08-10T17:35:00+00:00,1,True,0,5
5079,WELL-00024_20160810123500,WELL-00024,7,6,2016-08-10T18:35:00+00:00,1,True,0,5
5080,WELL-00024_20160810123500,WELL-00024,7,7,2016-08-10T19:35:00+00:00,1,True,0,5
5081,WELL-00024_20160810123500,WELL-00024,7,8,2016-08-10T20:35:00+00:00,1,True,0,5
5082,WELL-00024_20160810123500,WELL-00024,7,9,2016-08-10T21:35:00+00:00,1,True,0,5
5083,WELL-00024_20160810123500,WELL-00024,7,10,2016-08-10T22:35:00+00:00,1,True,0,5
5084,WELL-00024_20160810123500,WELL-00024,7,11,2016-08-10T23:35:00+00:00,1,True,0,5
5085,WELL-00024_20160810123500,WELL-00024,7,12,2016-08-11T00:35:00+00:00,1,True,0,5
5086,WELL-00024_20160810123500,WELL-00024,7,13,2016-08-11T01:35:00+00:00,1,True,0,5
5087,WELL-00024_20160810123500,WELL-00024,7,14,2016-08-11T02:35:00+00:00,1,True,0,5
5088,WELL-00024_20160810123500,WELL-00024,7,15,2016-08-11T03:35:00+00:00,1,True,0,5
5089,WELL-00024_20160810123500,WELL-00024,7,16,2016-08-11T04:35:00+00:00,1,True,0,5
5090,WELL-00024_20160810123500,WELL-00024,7,17,2016-08-11T05:35:00+00:00,1,True,0,5
5091,WELL-00024_20160810123500,WELL-00024,7,18,2016-08-11T06:35:00+00:00,1,True,0,5
5092,WELL-00024_20160810123500,WELL-00024,7,19,2016-08-11T07:35:00+00:00,1,True,0,5
5093,WELL-00024_20160810123500,WELL-00024,7,20,2016-08-11T08:35:00+00:00,1,True,0,5
5094,WELL-00024_20160810123500,WELL-00024,7,21,2016-08-11T09:35:00+00:00,1,True,0,5
5095,WELL-00024_20160810123500,WELL-00024,7,22,2016-08-11T10:35:00+00:00,1,True,0,5
5096,WELL-00024_20160810123500,WELL-00024,7,23,2016-08-11T11:35:00+00:00,1,True,0,5
5097,WELL-00024_20160810123500,WELL-00024,7,24,2016-08-11T12:35:00+00:00,1,True,0,5
5098,WELL-00024_20160810123500,WELL-00024,7,25,2016-08-11T13:35:00+00:00,1,True,0,5
5099,WELL-00024_20160810123500,WELL-00024,7,26,2016-08-11T14:35:00+00:00,1,True,0,5
5100,WELL-00024_20160810123500,WELL-00024,7,27,2016-08-11T15:35:00+00:00,1,True,0,5
5101,WELL-00024_20160825100303,WELL-00024,7,1,2016-08-25T11:03:03+00:00,0,False,0,6
5102,WELL-00024_20160825100303,WELL-00024,7,2,2016-08-25T12:03:03+00:00,0,False,0,6
5103,WELL-00024_20160825100303,WELL-00024,7,3,2016-08-25T13:03:03+00:00,0,False,0,6
5104,WELL-00024_20160825100303,WELL-00024,7,4,2016-08-25T14:03:03+00:00,0,False,0,6
5105,WELL-00024_20160825100303,WELL-00024,7,5,2016-08-25T15:03:03+00:00,0,False,0,6
5106,WELL-00024_20160825100303,WELL-00024,7,6,2016-08-25T16:03:03+00:00,0,False,0,6
5107,WELL-00024_20160825100303,WELL-00024,7,7,2016-08-25T17:03:03+00:00,0,False,0,6
5108,WELL-00024_20160825100303,WELL-00024,7,8,2016-08-25T18:03:03+00:00,0,False,0,6
5109,WELL-00024_20160825100303,WELL-00024,7,9,2016-08-25T19:03:03+00:00,0,False,0,6
5110,WELL-00024_20160825100303,WELL-00024,7,10,2016-08-25T20:03:03+00:00,1,True,0,6
5111,WELL-00024_20160825100303,WELL-00024,7,11,2016-08-25T21:03:03+00:00,1,True,0,6
5112,WELL-00024_20160825100303,WELL-00024,7,12,2016-08-25T22:03:03+00:00,1,True,0,6
5113,WELL-00024_20160825100303,WELL-00024,7,13,2016-08-25T23:03:03+00:00,1,True,0,6
5114,WELL-00024_20160825100303,WELL-00024,7,14,2016-08-26T00:03:03+00:00,1,True,0,6
5115,WELL-00024_20160825100303,WELL-00024,7,15,2016-08-26T01:03:03+00:00,1,True,0,6
5116,WELL-00024_20160825100303,WELL-00024,7,16,2016-08-26T02:03:03+00:00,1,True,0,6
5117,WELL-00024_20160825100303,WELL-00024,7,17,2016-08-26T03:03:03+00:00,1,True,0,6
5118,WELL-00024_20160825100303,WELL-00024,7,18,2016-08-26T04:03:03+00:00,1,True,0,6
5119,WELL-00024_20160825100303,WELL-00024,7,19,2016-08-26T05:03:03+00:00,1,True,0,6
5120,WELL-00024_20160825100303,WELL-00024,7,20,2016-08-26T06:03:03+00:00,1,True,0,6
5121,WELL-00024_20160825100303,WELL-00024,7,21,2016-08-26T07:03:03+00:00,1,True,0,6
5122,WELL-00024_20160828150330,WELL-00024,7,1,2016-08-28T16:03:30+00:00,0,False,0,6
5123,WELL-00024_20160828150330,WELL-00024,7,2,2016-08-28T17:03:30+00:00,1,True,0,6
5124,WELL-00024_20160828150330,WELL-00024,7,3,2016-08-28T18:03:30+00:00,1,True,0,6
5125,WELL-00024_20160828150330,WELL-00024,7,4,2016-08-28T19:03:30+00:00,1,True,0,6
5126,WELL-00024_20160828150330,WELL-00024,7,5,2016-08-28T20:03:30+00:00,1,True,0,6
5127,WELL-00024_20160828150330,WELL-00024,7,6,2016-08-28T21:03:30+00:00,1,True,0,6
5128,WELL-00024_20160828150330,WELL-00024,7,7,2016-08-28T22:03:30+00:00,1,True,0,6
5129,WELL-00024_20160828150330,WELL-00024,7,8,2016-08-28T23:03:30+00:00,1,True,0,6
5130,WELL-00024_20160828150330,WELL-00024,7,9,2016-08-29T00:03:30+00:00,1,True,0,6
5131,WELL-00024_20160828150330,WELL-00024,7,10,2016-08-29T01:03:30+00:00,1,True,0,6
5132,WELL-00024_20160828150330,WELL-00024,7,11,2016-08-29T02:03:30+00:00,1,True,0,6
5133,WELL-00024_20160828150330,WELL-00024,7,12,2016-08-29T03:03:30+00:00,1,True,0,6
5134,WELL-00024_20160828150330,WELL-00024,7,13,2016-08-29T04:03:30+00:00,1,True,0,6
5135,WELL-00024_20160828150330,WELL-00024,7,14,2016-08-29T05:03:30+00:00,1,True,0,6
5136,WELL-00024_20160828150330,WELL-00024,7,15,2016-08-29T06:03:30+00:00,1,True,0,6
5137,WELL-00024_20160828150330,WELL-00024,7,16,2016-08-29T07:03:30+00:00,1,True,0,6
5138,WELL-00024_20160830190958,WELL-00024,7,1,2016-08-30T20:09:58+00:00,0,False,0,6
5139,WELL-00024_20160830190958,WELL-00024,7,2,2016-08-30T21:09:58+00:00,1,True,0,6
5140,WELL-00024_20160830190958,WELL-00024,7,3,2016-08-30T22:09:58+00:00,1,True,0,6
5141,WELL-00024_20160830190958,WELL-00024,7,4,2016-08-30T23:09:58+00:00,1,True,0,6
5142,WELL-00024_20160830190958,WELL-00024,7,5,2016-08-31T00:09:58+00:00,1,True,0,6
5143,WELL-00024_20160830190958,WELL-00024,7,6,2016-08-31T01:09:58+00:00,1,True,0,6
5144,WELL-00024_20160830190958,WELL-00024,7,7,2016-08-31T02:09:58+00:00,1,True,0,6
5145,WELL-00024_20160830190958,WELL-00024,7,8,2016-08-31T03:09:58+00:00,1,True,0,6
5146,WELL-00024_20160830190958,WELL-00024,7,9,2016-08-31T04:09:58+00:00,1,True,0,6
5147,WELL-00024_20160830190958,WELL-00024,7,10,2016-08-31T05:09:58+00:00,1,True,0,6
5148,WELL-00024_20160830190958,WELL-00024,7,11,2016-08-31T06:09:58+00:00,1,True,0,6
5149,WELL-00024_20160830190958,WELL-00024,7,12,2016-08-31T07:09:58+00:00,1,True,0,6
5150,WELL-00024_20160830190958,WELL-00024,7,13,2016-08-31T08:09:58+00:00,1,True,0,6
5151,WELL-00024_20160830190958,WELL-00024,7,14,2016-08-31T09:09:58+00:00,1,True,0,6
5152,WELL-00024_20160830190958,WELL-00024,7,15,2016-08-31T10:09:58+00:00,1,True,0,6
5153,WELL-00024_20160830190958,WELL-00024,7,16,2016-08-31T11:09:58+00:00,1,True,0,6
5154,WELL-00024_20160830190958,WELL-00024,7,17,2016-08-31T12:09:58+00:00,1,True,0,6
5155,WELL-00024_20160830190958,WELL-00024,7,18,2016-08-31T13:09:58+00:00,1,True,0,6
5156,WELL-00024_20160830190958,WELL-00024,7,19,2016-08-31T14:09:58+00:00,1,True,0,6
5157,WELL-00024_20160830190958,WELL-00024,7,20,2016-08-31T15:09:58+00:00,1,True,0,6
5158,WELL-00024_20160830190958,WELL-00024,7,21,2016-08-31T16:09:58+00:00,1,True,0,6
5159,WELL-00024_20160830190958,WELL-00024,7,22,2016-08-31T17:09:58+00:00,1,True,0,6
5160,WELL-00024_20160830190958,WELL-00024,7,23,2016-08-31T18:09:58+00:00,1,True,0,6
5161,WELL-00024_20160830190958,WELL-00024,7,24,2016-08-31T19:09:58+00:00,1,True,0,6
5162,WELL-00024_20160830190958,WELL-00024,7,25,2016-08-31T20:09:58+00:00,1,True,0,6
5163,WELL-00024_20160830190958,WELL-00024,7,26,2016-08-31T21:09:58+00:00,1,True,0,6
5164,WELL-00024_20160906211412,WELL-00024,7,1,2016-09-06T22:14:12+00:00,0,False,0,6
5165,WELL-00024_20160906211412,WELL-00024,7,2,2016-09-06T23:14:12+00:00,1,True,0,6
5166,WELL-00024_20160906211412,WELL-00024,7,3,2016-09-07T00:14:12+00:00,1,True,0,6
5167,WELL-00024_20160906211412,WELL-00024,7,4,2016-09-07T01:14:12+00:00,1,True,0,6
5168,WELL-00024_20160906211412,WELL-00024,7,5,2016-09-07T02:14:12+00:00,1,True,0,6
5169,WELL-00024_20160906211412,WELL-00024,7,6,2016-09-07T03:14:12+00:00,1,True,0,6
5170,WELL-00024_20160906211412,WELL-00024,7,7,2016-09-07T04:14:12+00:00,1,True,0,6
5171,WELL-00024_20160906211412,WELL-00024,7,8,2016-09-07T05:14:12+00:00,1,True,0,6
5172,WELL-00024_20160906211412,WELL-00024,7,9,2016-09-07T06:14:12+00:00,1,True,0,6
5173,WELL-00024_20160906211412,WELL-00024,7,10,2016-09-07T07:14:12+00:00,1,True,0,6
5174,WELL-00024_20160906211412,WELL-00024,7,11,2016-09-07T08:14:12+00:00,1,True,0,6
5175,WELL-00024_20160906211412,WELL-00024,7,12,2016-09-07T09:14:12+00:00,1,True,0,6
5176,WELL-00024_20160906211412,WELL-00024,7,13,2016-09-07T10:14:12+00:00,1,True,0,6
5177,WELL-00024_20160906211412,WELL-00024,7,14,2016-09-07T11:14:12+00:00,1,True,0,6
5178,WELL-00024_20160906211412,WELL-00024,7,15,2016-09-07T12:14:12+00:00,1,True,0,6
5179,WELL-00024_20160906211412,WELL-00024,7,16,2016-09-07T13:14:12+00:00,1,True,0,6
5180,WELL-00024_20160906211412,WELL-00024,7,17,2016-09-07T14:14:12+00:00,1,True,0,6
5181,WELL-00024_20160906211412,WELL-00024,7,18,2016-09-07T15:14:12+00:00,1,True,0,6
5182,WELL-00024_20160906211412,WELL-00024,7,19,2016-09-07T16:14:12+00:00,1,True,0,6
5183,WELL-00024_20160906211412,WELL-00024,7,20,2016-09-07T17:14:12+00:00,1,True,0,6
5184,WELL-00024_20160906211412,WELL-00024,7,21,2016-09-07T18:14:12+00:00,1,True,0,6
5185,WELL-00024_20160906211412,WELL-00024,7,22,2016-09-07T19:14:12+00:00,1,True,0,6
5186,WELL-00024_20160906211412,WELL-00024,7,23,2016-09-07T20:14:12+00:00,1,True,0,6
5187,WELL-00024_20160906211412,WELL-00024,7,24,2016-09-07T21:14:12+00:00,1,True,0,6
5188,WELL-00024_20160906211412,WELL-00024,7,25,2016-09-07T22:14:12+00:00,1,True,0,6
5189,WELL-00024_20160906211412,WELL-00024,7,26,2016-09-07T23:14:12+00:00,1,True,0,6
5190,WELL-00024_20160906211412,WELL-00024,7,27,2016-09-08T00:14:12+00:00,1,True,0,6
5191,WELL-00024_20160906211412,WELL-00024,7,28,2016-09-08T01:14:12+00:00,1,True,0,6
5192,WELL-00024_20160906211412,WELL-00024,7,29,2016-09-08T02:14:12+00:00,1,True,0,6
5193,WELL-00024_20160906211412,WELL-00024,7,30,2016-09-08T03:14:12+00:00,1,True,0,6
5194,WELL-00024_20160906211412,WELL-00024,7,31,2016-09-08T04:14:12+00:00,1,True,0,6
5195,WELL-00024_20160906211412,WELL-00024,7,32,2016-09-08T05:14:12+00:00,1,True,0,6
5196,WELL-00024_20160906211412,WELL-00024,7,33,2016-09-08T06:14:12+00:00,1,True,0,6
5197,WELL-00024_20160909220000,WELL-00024,7,1,2016-09-09T23:00:00+00:00,0,False,0,6
5198,WELL-00024_20160909220000,WELL-00024,7,2,2016-09-10T00:00:00+00:00,0,False,0,6
5199,WELL-00024_20160909220000,WELL-00024,7,3,2016-09-10T01:00:00+00:00,0,False,0,6
5200,WELL-00024_20160909220000,WELL-00024,7,4,2016-09-10T02:00:00+00:00,0,False,0,6
5201,WELL-00024_20160909220000,WELL-00024,7,5,2016-09-10T03:00:00+00:00,0,False,0,6
5202,WELL-00024_20160909220000,WELL-00024,7,6,2016-09-10T04:00:00+00:00,0,False,0,6
5203,WELL-00024_20160909220000,WELL-00024,7,7,2016-09-10T05:00:00+00:00,0,False,0,6
5204,WELL-00024_20160909220000,WELL-00024,7,8,2016-09-10T06:00:00+00:00,0,False,0,6
5205,WELL-00024_20160909220000,WELL-00024,7,9,2016-09-10T07:00:00+00:00,0,False,0,6
5206,WELL-00024_20160909220000,WELL-00024,7,10,2016-09-10T08:00:00+00:00,0,False,0,6
5207,WELL-00024_20160909220000,WELL-00024,7,11,2016-09-10T09:00:00+00:00,0,False,0,6
5208,WELL-00024_20160909220000,WELL-00024,7,12,2016-09-10T10:00:00+00:00,0,False,0,6
5209,WELL-00024_20160909220000,WELL-00024,7,13,2016-09-10T11:00:00+00:00,0,False,0,6
5210,WELL-00024_20160909220000,WELL-00024,7,14,2016-09-10T12:00:00+00:00,0,False,0,6
5211,WELL-00024_20160909220000,WELL-00024,7,15,2016-09-10T13:00:00+00:00,0,False,0,6
5212,WELL-00024_20160909220000,WELL-00024,7,16,2016-09-10T14:00:00+00:00,0,False,0,6
5213,WELL-00024_20160909220000,WELL-00024,7,17,2016-09-10T15:00:00+00:00,0,False,0,6
5214,WELL-00024_20160909220000,WELL-00024,7,18,2016-09-10T16:00:00+00:00,0,False,0,6
5215,WELL-00024_20160909220000,WELL-00024,7,19,2016-09-10T17:00:00+00:00,1,True,0,6
5216,WELL-00024_20160909220000,WELL-00024,7,20,2016-09-10T18:00:00+00:00,1,True,0,6
5217,WELL-00024_20160909220000,WELL-00024,7,21,2016-09-10T19:00:00+00:00,1,True,0,6
5218,WELL-00024_20160909220000,WELL-00024,7,22,2016-09-10T20:00:00+00:00,1,True,0,6
5219,WELL-00024_20160909220000,WELL-00024,7,23,2016-09-10T21:00:00+00:00,1,True,0,6
5220,WELL-00024_20160909220000,WELL-00024,7,24,2016-09-10T22:00:00+00:00,1,True,0,6
5221,WELL-00024_20160909220000,WELL-00024,7,25,2016-09-10T23:00:00+00:00,1,True,0,6
5222,WELL-00024_20160909220000,WELL-00024,7,26,2016-09-11T00:00:00+00:00,1,True,0,6
5223,WELL-00024_20160909220000,WELL-00024,7,27,2016-09-11T01:00:00+00:00,1,True,0,6
5224,WELL-00024_20160909220000,WELL-00024,7,28,2016-09-11T02:00:00+00:00,1,True,0,6
5225,WELL-00024_20160909220000,WELL-00024,7,29,2016-09-11T03:00:00+00:00,1,True,0,6
5226,WELL-00024_20160909220000,WELL-00024,7,30,2016-09-11T04:00:00+00:00,1,True,0,6
5227,WELL-00024_20160909220000,WELL-00024,7,31,2016-09-11T05:00:00+00:00,1,True,0,6
5228,WELL-00024_20160909220000,WELL-00024,7,32,2016-09-11T06:00:00+00:00,1,True,0,6
5229,WELL-00024_20160911063934,WELL-00024,7,1,2016-09-11T07:39:34+00:00,1,True,0,6
5230,WELL-00024_20160911063934,WELL-00024,7,2,2016-09-11T08:39:34+00:00,1,True,0,6
5231,WELL-00024_20160911063934,WELL-00024,7,3,2016-09-11T09:39:34+00:00,1,True,0,6
5232,WELL-00024_20160911063934,WELL-00024,7,4,2016-09-11T10:39:34+00:00,1,True,0,6
5233,WELL-00024_20160911063934,WELL-00024,7,5,2016-09-11T11:39:34+00:00,1,True,0,6
5234,WELL-00024_20160911063934,WELL-00024,7,6,2016-09-11T12:39:34+00:00,1,True,0,6
5235,WELL-00024_20160911063934,WELL-00024,7,7,2016-09-11T13:39:34+00:00,1,True,0,6
5236,WELL-00024_20160911063934,WELL-00024,7,8,2016-09-11T14:39:34+00:00,1,True,0,6
5237,WELL-00024_20160911063934,WELL-00024,7,9,2016-09-11T15:39:34+00:00,1,True,0,6
5238,WELL-00024_20160911063934,WELL-00024,7,10,2016-09-11T16:39:34+00:00,1,True,0,6
5239,WELL-00024_20160911063934,WELL-00024,7,11,2016-09-11T17:39:34+00:00,1,True,0,6
5240,WELL-00024_20160911063934,WELL-00024,7,12,2016-09-11T18:39:34+00:00,1,True,0,6
5241,WELL-00024_20160920153331,WELL-00024,7,1,2016-09-20T16:33:31+00:00,0,False,0,6
5242,WELL-00024_20160920153331,WELL-00024,7,2,2016-09-20T17:33:31+00:00,1,True,0,6
5243,WELL-00024_20160920153331,WELL-00024,7,3,2016-09-20T18:33:31+00:00,1,True,0,6
5244,WELL-00024_20160920153331,WELL-00024,7,4,2016-09-20T19:33:31+00:00,1,True,0,6
5245,WELL-00024_20160920153331,WELL-00024,7,5,2016-09-20T20:33:31+00:00,1,True,0,6
5246,WELL-00024_20160923141645,WELL-00024,7,1,2016-09-23T15:16:45+00:00,0,False,0,6
5247,WELL-00024_20160923141645,WELL-00024,7,2,2016-09-23T16:16:45+00:00,1,True,0,6
5248,WELL-00024_20160923141645,WELL-00024,7,3,2016-09-23T17:16:45+00:00,1,True,0,6
5249,WELL-00024_20160923141645,WELL-00024,7,4,2016-09-23T18:16:45+00:00,1,True,0,6
5250,WELL-00024_20160923141645,WELL-00024,7,5,2016-09-23T19:16:45+00:00,1,True,0,6
5251,WELL-00024_20160923141645,WELL-00024,7,6,2016-09-23T20:16:45+00:00,1,True,0,6
5252,WELL-00024_20160923141645,WELL-00024,7,7,2016-09-23T21:16:45+00:00,1,True,0,6
5253,WELL-00024_20160923141645,WELL-00024,7,8,2016-09-23T22:16:45+00:00,1,True,0,6
5254,WELL-00024_20160923141645,WELL-00024,7,9,2016-09-23T23:16:45+00:00,1,True,0,6
5255,WELL-00024_20160923141645,WELL-00024,7,10,2016-09-24T00:16:45+00:00,1,True,0,6
5256,WELL-00024_20160923141645,WELL-00024,7,11,2016-09-24T01:16:45+00:00,1,True,0,6
5257,WELL-00024_20160923141645,WELL-00024,7,12,2016-09-24T02:16:45+00:00,1,True,0,6
5258,WELL-00024_20160923141645,WELL-00024,7,13,2016-09-24T03:16:45+00:00,1,True,0,6
5259,WELL-00024_20160923141645,WELL-00024,7,14,2016-09-24T04:16:45+00:00,1,False,0,6
5260,WELL-00024_20160926072123,WELL-00024,7,1,2016-09-26T08:21:23+00:00,0,False,0,6
5261,WELL-00024_20160926072123,WELL-00024,7,2,2016-09-26T09:21:23+00:00,0,False,0,6
5262,WELL-00024_20160926072123,WELL-00024,7,3,2016-09-26T10:21:23+00:00,1,True,0,6
5263,WELL-00024_20160926072123,WELL-00024,7,4,2016-09-26T11:21:23+00:00,1,True,0,6
5264,WELL-00024_20160926072123,WELL-00024,7,5,2016-09-26T12:21:23+00:00,1,True,0,6
5265,WELL-00024_20160926072123,WELL-00024,7,6,2016-09-26T13:21:23+00:00,1,True,0,6
5266,WELL-00024_20160926072123,WELL-00024,7,7,2016-09-26T14:21:23+00:00,1,True,0,6
5267,WELL-00024_20160926072123,WELL-00024,7,8,2016-09-26T15:21:23+00:00,1,True,0,6
5268,WELL-00024_20160926072123,WELL-00024,7,9,2016-09-26T16:21:23+00:00,1,True,0,6
5269,WELL-00024_20160926072123,WELL-00024,7,10,2016-09-26T17:21:23+00:00,1,True,0,6
5270,WELL-00024_20160926072123,WELL-00024,7,11,2016-09-26T18:21:23+00:00,1,True,0,6
5271,WELL-00024_20160926072123,WELL-00024,7,12,2016-09-26T19:21:23+00:00,1,True,0,6
5272,WELL-00024_20160926072123,WELL-00024,7,13,2016-09-26T20:21:23+00:00,1,True,0,6
5273,WELL-00024_20160926072123,WELL-00024,7,14,2016-09-26T21:21:23+00:00,1,True,0,6
5274,WELL-00024_20160926072123,WELL-00024,7,15,2016-09-26T22:21:23+00:00,1,True,0,6
5275,WELL-00024_20160926072123,WELL-00024,7,16,2016-09-26T23:21:23+00:00,1,True,0,6
5276,WELL-00024_20160926072123,WELL-00024,7,17,2016-09-27T00:21:23+00:00,1,True,0,6
5277,WELL-00024_20160926072123,WELL-00024,7,18,2016-09-27T01:21:23+00:00,1,True,0,6
5278,WELL-00024_20160926072123,WELL-00024,7,19,2016-09-27T02:21:23+00:00,1,True,0,6
5279,WELL-00024_20160926072123,WELL-00024,7,20,2016-09-27T03:21:23+00:00,1,True,0,6
5280,WELL-00024_20160926072123,WELL-00024,7,21,2016-09-27T04:21:23+00:00,1,True,0,6
5281,WELL-00024_20160926072123,WELL-00024,7,22,2016-09-27T05:21:23+00:00,1,True,0,6
5282,WELL-00024_20160926072123,WELL-00024,7,23,2016-09-27T06:21:23+00:00,1,True,0,6
5283,WELL-00024_20160926072123,WELL-00024,7,24,2016-09-27T07:21:23+00:00,1,True,0,6
5284,WELL-00024_20160926072123,WELL-00024,7,25,2016-09-27T08:21:23+00:00,1,True,0,6
5285,WELL-00024_20160926072123,WELL-00024,7,26,2016-09-27T09:21:23+00:00,1,True,0,6
5286,WELL-00024_20160926072123,WELL-00024,7,27,2016-09-27T10:21:23+00:00,1,True,0,6
5287,WELL-00024_20160926072123,WELL-00024,7,28,2016-09-27T11:21:23+00:00,1,True,0,6
5288,WELL-00024_20160926072123,WELL-00024,7,29,2016-09-27T12:21:23+00:00,1,True,0,6
5289,WELL-00024_20160926072123,WELL-00024,7,30,2016-09-27T13:21:23+00:00,1,True,0,6
5290,WELL-00024_20160926072123,WELL-00024,7,31,2016-09-27T14:21:23+00:00,1,True,0,6
5291,WELL-00024_20160926072123,WELL-00024,7,32,2016-09-27T15:21:23+00:00,1,True,0,6
5292,WELL-00024_20160926072123,WELL-00024,7,33,2016-09-27T16:21:23+00:00,1,True,0,6
5293,WELL-00024_20160926072123,WELL-00024,7,34,2016-09-27T17:21:23+00:00,1,True,0,6
5294,WELL-00024_20160926072123,WELL-00024,7,35,2016-09-27T18:21:23+00:00,1,True,0,6
5295,WELL-00024_20160926072123,WELL-00024,7,36,2016-09-27T19:21:23+00:00,1,True,0,6
5296,WELL-00024_20160926072123,WELL-00024,7,37,2016-09-27T20:21:23+00:00,1,True,0,6
5297,WELL-00024_20160926072123,WELL-00024,7,38,2016-09-27T21:21:23+00:00,1,True,0,6
5298,WELL-00024_20160926072123,WELL-00024,7,39,2016-09-27T22:21:23+00:00,1,True,0,6
5299,WELL-00024_20160926072123,WELL-00024,7,40,2016-09-27T23:21:23+00:00,1,True,0,6
5300,WELL-00024_20160926072123,WELL-00024,7,41,2016-09-28T00:21:23+00:00,1,True,0,6
5301,WELL-00024_20160926072123,WELL-00024,7,42,2016-09-28T01:21:23+00:00,1,True,0,6
5302,WELL-00024_20160926072123,WELL-00024,7,43,2016-09-28T02:21:23+00:00,1,True,0,6
5303,WELL-00024_20160926072123,WELL-00024,7,44,2016-09-28T03:21:23+00:00,1,True,0,6
5304,WELL-00024_20160926072123,WELL-00024,7,45,2016-09-28T04:21:23+00:00,1,True,0,6
5305,WELL-00024_20160926072123,WELL-00024,7,46,2016-09-28T05:21:23+00:00,1,True,0,6
5306,WELL-00024_20160926072123,WELL-00024,7,47,2016-09-28T06:21:23+00:00,1,True,0,6
5307,WELL-00024_20160926072123,WELL-00024,7,48,2016-09-28T07:21:23+00:00,1,True,0,6
5308,WELL-00024_20160926072123,WELL-00024,7,49,2016-09-28T08:21:23+00:00,1,True,0,6
5309,WELL-00024_20160926072123,WELL-00024,7,50,2016-09-28T09:21:23+00:00,1,True,0,6
5310,WELL-00024_20160926072123,WELL-00024,7,51,2016-09-28T10:21:23+00:00,1,True,0,6
5311,WELL-00024_20161001112049,WELL-00024,7,1,2016-10-01T12:20:49+00:00,0,False,0,6
5312,WELL-00024_20161001112049,WELL-00024,7,2,2016-10-01T13:20:49+00:00,0,False,0,6
5313,WELL-00024_20161001112049,WELL-00024,7,3,2016-10-01T14:20:49+00:00,0,False,0,6
5314,WELL-00024_20161001112049,WELL-00024,7,4,2016-10-01T15:20:49+00:00,0,False,0,6
5315,WELL-00024_20161001112049,WELL-00024,7,5,2016-10-01T16:20:49+00:00,0,False,0,6
5316,WELL-00024_20161001112049,WELL-00024,7,6,2016-10-01T17:20:49+00:00,1,True,0,6
5317,WELL-00024_20161001112049,WELL-00024,7,7,2016-10-01T18:20:49+00:00,1,True,0,6
5318,WELL-00024_20161001112049,WELL-00024,7,8,2016-10-01T19:20:49+00:00,1,True,0,6
5319,WELL-00024_20161001112049,WELL-00024,7,9,2016-10-01T20:20:49+00:00,1,True,0,6
5320,WELL-00024_20161001112049,WELL-00024,7,10,2016-10-01T21:20:49+00:00,1,True,0,6
5321,WELL-00024_20161001112049,WELL-00024,7,11,2016-10-01T22:20:49+00:00,1,True,0,6
5322,WELL-00024_20161001112049,WELL-00024,7,12,2016-10-01T23:20:49+00:00,1,True,0,6
5323,WELL-00024_20161001112049,WELL-00024,7,13,2016-10-02T00:20:49+00:00,1,True,0,6
5324,WELL-00024_20161001112049,WELL-00024,7,14,2016-10-02T01:20:49+00:00,1,True,0,6
5325,WELL-00024_20161001112049,WELL-00024,7,15,2016-10-02T02:20:49+00:00,1,True,0,6
5326,WELL-00024_20161001112049,WELL-00024,7,16,2016-10-02T03:20:49+00:00,1,True,0,6
5327,WELL-00024_20161001112049,WELL-00024,7,17,2016-10-02T04:20:49+00:00,1,True,0,6
5328,WELL-00024_20161001112049,WELL-00024,7,18,2016-10-02T05:20:49+00:00,1,True,0,6
5329,WELL-00024_20161001112049,WELL-00024,7,19,2016-10-02T06:20:49+00:00,1,True,0,6
5330,WELL-00024_20161001112049,WELL-00024,7,20,2016-10-02T07:20:49+00:00,1,True,0,6
5331,WELL-00024_20161001112049,WELL-00024,7,21,2016-10-02T08:20:49+00:00,1,True,0,6
5332,WELL-00024_20161001112049,WELL-00024,7,22,2016-10-02T09:20:49+00:00,1,True,0,6
5333,WELL-00024_20161001112049,WELL-00024,7,23,2016-10-02T10:20:49+00:00,1,True,0,6
5334,WELL-00024_20161001112049,WELL-00024,7,24,2016-10-02T11:20:49+00:00,1,True,0,6
5335,WELL-00024_20161001112049,WELL-00024,7,25,2016-10-02T12:20:49+00:00,1,True,0,6
5336,WELL-00024_20161001112049,WELL-00024,7,26,2016-10-02T13:20:49+00:00,1,True,0,6
5337,WELL-00024_20161001112049,WELL-00024,7,27,2016-10-02T14:20:49+00:00,1,True,0,6
5338,WELL-00024_20161001112049,WELL-00024,7,28,2016-10-02T15:20:49+00:00,1,True,0,6
5339,WELL-00024_20161001112049,WELL-00024,7,29,2016-10-02T16:20:49+00:00,1,True,0,6
5340,WELL-00024_20161001112049,WELL-00024,7,30,2016-10-02T17:20:49+00:00,1,True,0,6
5341,WELL-00024_20161001112049,WELL-00024,7,31,2016-10-02T18:20:49+00:00,1,True,0,6
5342,WELL-00024_20161001112049,WELL-00024,7,32,2016-10-02T19:20:49+00:00,1,True,0,6
5343,WELL-00024_20161001112049,WELL-00024,7,33,2016-10-02T20:20:49+00:00,1,True,0,6
5344,WELL-00024_20161001112049,WELL-00024,7,34,2016-10-02T21:20:49+00:00,1,True,0,6
5345,WELL-00024_20161001112049,WELL-00024,7,35,2016-10-02T22:20:49+00:00,1,True,0,6
5346,WELL-00024_20161001112049,WELL-00024,7,36,2016-10-02T23:20:49+00:00,1,True,0,6
5347,WELL-00024_20161001112049,WELL-00024,7,37,2016-10-03T00:20:49+00:00,1,True,0,6
5348,WELL-00024_20161001112049,WELL-00024,7,38,2016-10-03T01:20:49+00:00,1,True,0,6
5349,WELL-00024_20161001112049,WELL-00024,7,39,2016-10-03T02:20:49+00:00,1,True,0,6
5350,WELL-00024_20161001112049,WELL-00024,7,40,2016-10-03T03:20:49+00:00,1,True,0,6
5351,WELL-00024_20161001112049,WELL-00024,7,41,2016-10-03T04:20:49+00:00,1,True,0,6
5352,WELL-00024_20161001112049,WELL-00024,7,42,2016-10-03T05:20:49+00:00,1,True,0,6
5353,WELL-00024_20161001112049,WELL-00024,7,43,2016-10-03T06:20:49+00:00,1,True,0,6
5354,WELL-00024_20161001112049,WELL-00024,7,44,2016-10-03T07:20:49+00:00,1,True,0,6
5355,WELL-00024_20161001112049,WELL-00024,7,45,2016-10-03T08:20:49+00:00,1,True,0,6
5356,WELL-00024_20161001112049,WELL-00024,7,46,2016-10-03T09:20:49+00:00,1,True,0,6
5357,WELL-00024_20161001112049,WELL-00024,7,47,2016-10-03T10:20:49+00:00,1,True,0,6
5358,WELL-00024_20161001112049,WELL-00024,7,48,2016-10-03T11:20:49+00:00,1,True,0,6
5359,WELL-00024_20161001112049,WELL-00024,7,49,2016-10-03T12:20:49+00:00,1,True,0,6
5360,WELL-00024_20161001112049,WELL-00024,7,50,2016-10-03T13:20:49+00:00,1,True,0,6
5361,WELL-00024_20161026065657,WELL-00024,7,1,2016-10-26T07:56:57+00:00,0,False,0,6
5362,WELL-00024_20161026065657,WELL-00024,7,2,2016-10-26T08:56:57+00:00,0,False,0,6
5363,WELL-00024_20161026065657,WELL-00024,7,3,2016-10-26T09:56:57+00:00,0,False,0,6
5364,WELL-00024_20161026065657,WELL-00024,7,4,2016-10-26T10:56:57+00:00,0,False,0,6
5365,WELL-00024_20161026065657,WELL-00024,7,5,2016-10-26T11:56:57+00:00,0,False,0,6
5366,WELL-00024_20161026065657,WELL-00024,7,6,2016-10-26T12:56:57+00:00,0,False,0,6
5367,WELL-00024_20161026065657,WELL-00024,7,7,2016-10-26T13:56:57+00:00,1,True,0,6
5368,WELL-00024_20161026065657,WELL-00024,7,8,2016-10-26T14:56:57+00:00,1,True,0,6
5369,WELL-00024_20161026065657,WELL-00024,7,9,2016-10-26T15:56:57+00:00,1,True,0,6
5370,WELL-00024_20161026065657,WELL-00024,7,10,2016-10-26T16:56:57+00:00,1,True,0,6
5371,WELL-00024_20161026065657,WELL-00024,7,11,2016-10-26T17:56:57+00:00,1,True,0,6
5372,WELL-00024_20161026065657,WELL-00024,7,12,2016-10-26T18:56:57+00:00,1,True,0,6
5373,WELL-00024_20161026065657,WELL-00024,7,13,2016-10-26T19:56:57+00:00,1,True,0,6
5374,WELL-00024_20161026065657,WELL-00024,7,14,2016-10-26T20:56:57+00:00,1,True,0,6
5375,WELL-00024_20161026065657,WELL-00024,7,15,2016-10-26T21:56:57+00:00,1,True,0,6
5376,WELL-00024_20161026065657,WELL-00024,7,16,2016-10-26T22:56:57+00:00,1,True,0,6
5377,WELL-00024_20161026065657,WELL-00024,7,17,2016-10-26T23:56:57+00:00,1,True,0,6
5378,WELL-00024_20161026065657,WELL-00024,7,18,2016-10-27T00:56:57+00:00,1,True,0,6
5379,WELL-00024_20161026065657,WELL-00024,7,19,2016-10-27T01:56:57+00:00,1,True,0,6
5380,WELL-00024_20161026065657,WELL-00024,7,20,2016-10-27T02:56:57+00:00,1,True,0,6
5381,WELL-00024_20161026065657,WELL-00024,7,21,2016-10-27T03:56:57+00:00,1,True,0,6
5382,WELL-00024_20161026065657,WELL-00024,7,22,2016-10-27T04:56:57+00:00,1,True,0,6
5383,WELL-00024_20161026065657,WELL-00024,7,23,2016-10-27T05:56:57+00:00,1,True,0,6
5384,WELL-00024_20161026065657,WELL-00024,7,24,2016-10-27T06:56:57+00:00,1,True,0,6
5385,WELL-00024_20161026065657,WELL-00024,7,25,2016-10-27T07:56:57+00:00,1,True,0,6
5386,WELL-00024_20161026065657,WELL-00024,7,26,2016-10-27T08:56:57+00:00,1,True,0,6
5387,WELL-00024_20161026065657,WELL-00024,7,27,2016-10-27T09:56:57+00:00,1,True,0,6
5388,WELL-00024_20161026065657,WELL-00024,7,28,2016-10-27T10:56:57+00:00,1,True,0,6
5389,WELL-00024_20161026065657,WELL-00024,7,29,2016-10-27T11:56:57+00:00,1,True,0,6
5390,WELL-00024_20161026065657,WELL-00024,7,30,2016-10-27T12:56:57+00:00,1,True,0,6
5391,WELL-00024_20161026065657,WELL-00024,7,31,2016-10-27T13:56:57+00:00,1,True,0,6
5392,WELL-00024_20161026065657,WELL-00024,7,32,2016-10-27T14:56:57+00:00,1,True,0,6
5393,WELL-00024_20161026065657,WELL-00024,7,33,2016-10-27T15:56:57+00:00,1,True,0,6
5394,WELL-00024_20161026065657,WELL-00024,7,34,2016-10-27T16:56:57+00:00,1,True,0,6
5395,WELL-00024_20161026065657,WELL-00024,7,35,2016-10-27T17:56:57+00:00,1,True,0,6
5396,WELL-00024_20161026065657,WELL-00024,7,36,2016-10-27T18:56:57+00:00,1,True,0,6
5397,WELL-00024_20161026065657,WELL-00024,7,37,2016-10-27T19:56:57+00:00,1,True,0,6
5398,WELL-00024_20161026065657,WELL-00024,7,38,2016-10-27T20:56:57+00:00,1,True,0,6
5399,WELL-00024_20161026065657,WELL-00024,7,39,2016-10-27T21:56:57+00:00,1,True,0,6
5400,WELL-00024_20161026065657,WELL-00024,7,40,2016-10-27T22:56:57+00:00,1,True,0,6
5401,WELL-00024_20161026065657,WELL-00024,7,41,2016-10-27T23:56:57+00:00,1,True,0,6
5402,WELL-00024_20161026065657,WELL-00024,7,42,2016-10-28T00:56:57+00:00,1,True,0,6
5403,WELL-00024_20161026065657,WELL-00024,7,43,2016-10-28T01:56:57+00:00,1,True,0,6
5404,WELL-00024_20161026065657,WELL-00024,7,44,2016-10-28T02:56:57+00:00,1,True,0,6
5405,WELL-00024_20161026065657,WELL-00024,7,45,2016-10-28T03:56:57+00:00,1,True,0,6
5406,WELL-00024_20161026065657,WELL-00024,7,46,2016-10-28T04:56:57+00:00,1,True,0,6
5407,WELL-00024_20161026065657,WELL-00024,7,47,2016-10-28T05:56:57+00:00,1,True,0,6
5408,WELL-00024_20161026065657,WELL-00024,7,48,2016-10-28T06:56:57+00:00,1,True,0,6
5409,WELL-00025_20200629194141,WELL-00025,8,1,2020-06-29T20:41:41+00:00,0,False,0,5
5410,WELL-00025_20200629194141,WELL-00025,8,2,2020-06-29T21:41:41+00:00,0,False,0,5
5411,WELL-00025_20200629194141,WELL-00025,8,3,2020-06-29T22:41:41+00:00,0,False,0,5
5412,WELL-00025_20200629194141,WELL-00025,8,4,2020-06-29T23:41:41+00:00,0,False,0,5
5413,WELL-00025_20200629194141,WELL-00025,8,5,2020-06-30T00:41:41+00:00,0,False,0,5
5414,WELL-00025_20200629194141,WELL-00025,8,6,2020-06-30T01:41:41+00:00,0,False,0,5
5415,WELL-00025_20200629194141,WELL-00025,8,7,2020-06-30T02:41:41+00:00,0,False,0,5
5416,WELL-00025_20200629194141,WELL-00025,8,8,2020-06-30T03:41:41+00:00,0,False,0,5
5417,WELL-00025_20200629194141,WELL-00025,8,9,2020-06-30T04:41:41+00:00,0,False,0,5
5418,WELL-00025_20200629194141,WELL-00025,8,10,2020-06-30T05:41:41+00:00,0,False,0,5
5419,WELL-00025_20200629194141,WELL-00025,8,11,2020-06-30T06:41:41+00:00,0,False,0,5
5420,WELL-00025_20200629194141,WELL-00025,8,12,2020-06-30T07:41:41+00:00,0,False,0,5
5421,WELL-00025_20200629194141,WELL-00025,8,13,2020-06-30T08:41:41+00:00,0,False,0,5
5422,WELL-00025_20200629194141,WELL-00025,8,14,2020-06-30T09:41:41+00:00,0,False,0,5
5423,WELL-00025_20200629194141,WELL-00025,8,15,2020-06-30T10:41:41+00:00,0,False,0,5
5424,WELL-00025_20200629194141,WELL-00025,8,16,2020-06-30T11:41:41+00:00,0,False,0,5
5425,WELL-00025_20200629194141,WELL-00025,8,17,2020-06-30T12:41:41+00:00,0,False,0,5
5426,WELL-00025_20200629194141,WELL-00025,8,18,2020-06-30T13:41:41+00:00,0,False,0,5
5427,WELL-00025_20200629194141,WELL-00025,8,19,2020-06-30T14:41:41+00:00,0,False,0,5
5428,WELL-00025_20200629194141,WELL-00025,8,20,2020-06-30T15:41:41+00:00,0,False,0,5
5429,WELL-00025_20200629194141,WELL-00025,8,21,2020-06-30T16:41:41+00:00,0,False,0,5
5430,WELL-00025_20200629194141,WELL-00025,8,22,2020-06-30T17:41:41+00:00,0,False,0,5
5431,WELL-00025_20200629194141,WELL-00025,8,23,2020-06-30T18:41:41+00:00,0,False,0,5
5432,WELL-00025_20200629194141,WELL-00025,8,24,2020-06-30T19:41:41+00:00,1,True,0,5
5433,WELL-00025_20200629194141,WELL-00025,8,25,2020-06-30T20:41:41+00:00,1,True,1,5
5434,WELL-00025_20200629194141,WELL-00025,8,26,2020-06-30T21:41:41+00:00,1,True,1,5
5435,WELL-00025_20200629194141,WELL-00025,8,27,2020-06-30T22:41:41+00:00,1,True,3,5
5436,WELL-00025_20200629194141,WELL-00025,8,28,2020-06-30T23:41:41+00:00,1,True,3,5
5437,WELL-00025_20200629194141,WELL-00025,8,29,2020-07-01T00:41:41+00:00,1,True,3,5
5438,WELL-00025_20200629194141,WELL-00025,8,30,2020-07-01T01:41:41+00:00,1,True,3,5
5439,WELL-00025_20200629194141,WELL-00025,8,31,2020-07-01T02:41:41+00:00,1,True,3,5
5440,WELL-00025_20200629194141,WELL-00025,8,32,2020-07-01T03:41:41+00:00,1,True,3,5
5441,WELL-00025_20200629194141,WELL-00025,8,33,2020-07-01T04:41:41+00:00,1,True,3,5
5442,WELL-00025_20200629194141,WELL-00025,8,34,2020-07-01T05:41:41+00:00,1,True,3,5
5443,WELL-00025_20200629194141,WELL-00025,8,35,2020-07-01T06:41:41+00:00,1,True,6,5
5444,WELL-00025_20200629194141,WELL-00025,8,36,2020-07-01T07:41:41+00:00,1,True,6,5
5445,WELL-00025_20200629194141,WELL-00025,8,37,2020-07-01T08:41:41+00:00,1,True,6,5
5446,WELL-00025_20200629194141,WELL-00025,8,38,2020-07-01T09:41:41+00:00,1,True,6,5
5447,WELL-00025_20200629194141,WELL-00025,8,39,2020-07-01T10:41:41+00:00,1,True,6,5
5448,WELL-00025_20200629194141,WELL-00025,8,40,2020-07-01T11:41:41+00:00,1,True,6,5
5449,WELL-00025_20200629194141,WELL-00025,8,41,2020-07-01T12:41:41+00:00,1,True,6,5
5450,WELL-00025_20200629194141,WELL-00025,8,42,2020-07-01T13:41:41+00:00,1,True,6,5
5451,WELL-00025_20200629194141,WELL-00025,8,43,2020-07-01T14:41:41+00:00,1,True,6,5
5452,WELL-00025_20200629194141,WELL-00025,8,44,2020-07-01T15:41:41+00:00,1,True,6,5
5453,WELL-00025_20200629194141,WELL-00025,8,45,2020-07-01T16:41:41+00:00,1,True,6,5
5454,WELL-00025_20200629194141,WELL-00025,8,46,2020-07-01T17:41:41+00:00,1,True,6,5
5455,WELL-00025_20200629194141,WELL-00025,8,47,2020-07-01T18:41:41+00:00,1,True,6,5
5456,WELL-00025_20200629194141,WELL-00025,8,48,2020-07-01T19:41:41+00:00,1,True,6,5
5457,WELL-00025_20200629194141,WELL-00025,8,49,2020-07-01T20:41:41+00:00,1,True,6,5
5458,WELL-00025_20200629194141,WELL-00025,8,50,2020-07-01T21:41:41+00:00,1,True,6,5
5459,WELL-00025_20200629194141,WELL-00025,8,51,2020-07-01T22:41:41+00:00,1,True,6,5
5460,WELL-00025_20200629194141,WELL-00025,8,52,2020-07-01T23:41:41+00:00,1,True,6,5
5461,WELL-00025_20200629194141,WELL-00025,8,53,2020-07-02T00:41:41+00:00,1,True,6,5
5462,WELL-00025_20200629194141,WELL-00025,8,54,2020-07-02T01:41:41+00:00,1,True,6,5
5463,WELL-00025_20200629194141,WELL-00025,8,55,2020-07-02T02:41:41+00:00,1,True,6,5
5464,WELL-00025_20200629194141,WELL-00025,8,56,2020-07-02T03:41:41+00:00,1,True,6,5
5465,WELL-00025_20200629194141,WELL-00025,8,57,2020-07-02T04:41:41+00:00,1,True,6,5
5466,WELL-00025_20200629194141,WELL-00025,8,58,2020-07-02T05:41:41+00:00,1,True,6,5
5467,WELL-00025_20200629194141,WELL-00025,8,59,2020-07-02T06:41:41+00:00,1,True,6,5
5468,WELL-00025_20200629194141,WELL-00025,8,60,2020-07-02T07:41:41+00:00,1,True,6,5
5469,WELL-00025_20200629194141,WELL-00025,8,61,2020-07-02T08:41:41+00:00,1,True,6,5
5470,WELL-00025_20200629194141,WELL-00025,8,62,2020-07-02T09:41:41+00:00,1,True,6,5
5471,WELL-00025_20200629194141,WELL-00025,8,63,2020-07-02T10:41:41+00:00,1,True,6,5
5472,WELL-00025_20200629194141,WELL-00025,8,64,2020-07-02T11:41:41+00:00,1,True,6,5
5473,WELL-00025_20200629194141,WELL-00025,8,65,2020-07-02T12:41:41+00:00,1,True,6,5
5474,WELL-00025_20200629194141,WELL-00025,8,66,2020-07-02T13:41:41+00:00,1,True,6,5
5475,WELL-00025_20200629194141,WELL-00025,8,67,2020-07-02T14:41:41+00:00,1,True,6,5
5476,WELL-00025_20200629194141,WELL-00025,8,68,2020-07-02T15:41:41+00:00,1,True,6,5
5477,WELL-00025_20200629194141,WELL-00025,8,69,2020-07-02T16:41:41+00:00,1,True,6,5
5478,WELL-00025_20200629194141,WELL-00025,8,70,2020-07-02T17:41:41+00:00,1,True,6,5
5479,WELL-00025_20200629194141,WELL-00025,8,71,2020-07-02T18:41:41+00:00,1,True,6,5
5480,WELL-00025_20200629194141,WELL-00025,8,72,2020-07-02T19:41:41+00:00,1,True,6,5
5481,WELL-00025_20200629194141,WELL-00025,8,73,2020-07-02T20:41:41+00:00,1,True,6,5
5482,WELL-00025_20200629194141,WELL-00025,8,74,2020-07-02T21:41:41+00:00,1,True,6,5
5483,WELL-00025_20200629194141,WELL-00025,8,75,2020-07-02T22:41:41+00:00,1,True,6,5
5484,WELL-00025_20200629194141,WELL-00025,8,76,2020-07-02T23:41:41+00:00,1,True,6,5
5485,WELL-00025_20200629194141,WELL-00025,8,77,2020-07-03T00:41:41+00:00,1,True,6,5
5486,WELL-00025_20200629194141,WELL-00025,8,78,2020-07-03T01:41:41+00:00,1,True,6,5
5487,WELL-00025_20200629194141,WELL-00025,8,79,2020-07-03T02:41:41+00:00,1,True,6,5
5488,WELL-00025_20200629194141,WELL-00025,8,80,2020-07-03T03:41:41+00:00,1,True,6,5
5489,WELL-00025_20200629194141,WELL-00025,8,81,2020-07-03T04:41:41+00:00,1,True,6,5
5490,WELL-00025_20200629194141,WELL-00025,8,82,2020-07-03T05:41:41+00:00,1,True,6,5
5491,WELL-00025_20200629194141,WELL-00025,8,83,2020-07-03T06:41:41+00:00,1,True,6,5
5492,WELL-00025_20200629194141,WELL-00025,8,84,2020-07-03T07:41:41+00:00,1,True,6,5
5493,WELL-00025_20200629194141,WELL-00025,8,85,2020-07-03T08:41:41+00:00,1,True,6,5
5494,WELL-00025_20200629194141,WELL-00025,8,86,2020-07-03T09:41:41+00:00,1,True,6,5
5495,WELL-00025_20200629194141,WELL-00025,8,87,2020-07-03T10:41:41+00:00,1,True,6,5
5496,WELL-00025_20200629194141,WELL-00025,8,88,2020-07-03T11:41:41+00:00,1,True,6,5
5497,WELL-00025_20200629194141,WELL-00025,8,89,2020-07-03T12:41:41+00:00,1,True,6,5
5498,WELL-00025_20200629194141,WELL-00025,8,90,2020-07-03T13:41:41+00:00,1,True,6,5
5499,WELL-00025_20200629194141,WELL-00025,8,91,2020-07-03T14:41:41+00:00,1,True,6,5
5500,WELL-00025_20200629194141,WELL-00025,8,92,2020-07-03T15:41:41+00:00,1,True,6,5
5501,WELL-00025_20200629194141,WELL-00025,8,93,2020-07-03T16:41:41+00:00,1,True,6,5
5502,WELL-00025_20200629194141,WELL-00025,8,94,2020-07-03T17:41:41+00:00,1,True,6,5
5503,WELL-00025_20200629194141,WELL-00025,8,95,2020-07-03T18:41:41+00:00,1,True,6,5
5504,WELL-00025_20200629194141,WELL-00025,8,96,2020-07-03T19:41:41+00:00,1,True,6,5
5505,WELL-00025_20200629194141,WELL-00025,8,97,2020-07-03T20:41:41+00:00,1,True,6,5
5506,WELL-00025_20200629194141,WELL-00025,8,98,2020-07-03T21:41:41+00:00,1,True,6,5
5507,WELL-00025_20200629194141,WELL-00025,8,99,2020-07-03T22:41:41+00:00,1,True,6,5
5508,WELL-00025_20200629194141,WELL-00025,8,100,2020-07-03T23:41:41+00:00,1,True,6,5
5509,WELL-00025_20200629194141,WELL-00025,8,101,2020-07-04T00:41:41+00:00,1,True,6,5
5510,WELL-00025_20200629194141,WELL-00025,8,102,2020-07-04T01:41:41+00:00,1,True,6,5
5511,WELL-00025_20200629194141,WELL-00025,8,103,2020-07-04T02:41:41+00:00,1,True,6,5
5512,WELL-00025_20200629194141,WELL-00025,8,104,2020-07-04T03:41:41+00:00,1,True,6,5
5513,WELL-00025_20200629194141,WELL-00025,8,105,2020-07-04T04:41:41+00:00,1,True,6,5
5514,WELL-00025_20200629194141,WELL-00025,8,106,2020-07-04T05:41:41+00:00,1,True,6,5
5515,WELL-00025_20200629194141,WELL-00025,8,107,2020-07-04T06:41:41+00:00,1,True,6,5
5516,WELL-00025_20200629194141,WELL-00025,8,108,2020-07-04T07:41:41+00:00,1,True,6,5
5517,WELL-00025_20200629194141,WELL-00025,8,109,2020-07-04T08:41:41+00:00,1,True,6,5
5518,WELL-00025_20200629194141,WELL-00025,8,110,2020-07-04T09:41:41+00:00,1,True,6,5
5519,WELL-00025_20200629194141,WELL-00025,8,111,2020-07-04T10:41:41+00:00,1,True,6,5
5520,WELL-00025_20200629194141,WELL-00025,8,112,2020-07-04T11:41:41+00:00,1,True,6,5
5521,WELL-00025_20200629194141,WELL-00025,8,113,2020-07-04T12:41:41+00:00,1,True,6,5
5522,WELL-00025_20200629194141,WELL-00025,8,114,2020-07-04T13:41:41+00:00,1,True,6,5
5523,WELL-00025_20200629194141,WELL-00025,8,115,2020-07-04T14:41:41+00:00,1,True,6,5
5524,WELL-00025_20200629194141,WELL-00025,8,116,2020-07-04T15:41:41+00:00,1,True,6,5
5525,WELL-00025_20200629194141,WELL-00025,8,117,2020-07-04T16:41:41+00:00,1,True,6,5
5526,WELL-00025_20200629194141,WELL-00025,8,118,2020-07-04T17:41:41+00:00,1,True,6,5
5527,WELL-00025_20200629194141,WELL-00025,8,119,2020-07-04T18:41:41+00:00,1,True,6,5
5528,WELL-00025_20200629194141,WELL-00025,8,120,2020-07-04T19:41:41+00:00,1,True,6,5
5529,WELL-00025_20200629194141,WELL-00025,8,121,2020-07-04T20:41:41+00:00,1,True,6,5
5530,WELL-00025_20200629194141,WELL-00025,8,122,2020-07-04T21:41:41+00:00,1,True,6,5
5531,WELL-00025_20200629194141,WELL-00025,8,123,2020-07-04T22:41:41+00:00,1,True,6,5
5532,WELL-00025_20200629194141,WELL-00025,8,124,2020-07-04T23:41:41+00:00,1,True,6,5
5533,WELL-00025_20200629194141,WELL-00025,8,125,2020-07-05T00:41:41+00:00,1,True,6,5
5534,WELL-00025_20200629194141,WELL-00025,8,126,2020-07-05T01:41:41+00:00,1,True,6,5
5535,WELL-00025_20200629194141,WELL-00025,8,127,2020-07-05T02:41:41+00:00,1,True,6,5
5536,WELL-00025_20200629194141,WELL-00025,8,128,2020-07-05T03:41:41+00:00,1,True,6,5
5537,WELL-00025_20200629194141,WELL-00025,8,129,2020-07-05T04:41:41+00:00,1,True,6,5
5538,WELL-00025_20200629194141,WELL-00025,8,130,2020-07-05T05:41:41+00:00,1,True,6,5
5539,WELL-00025_20200629194141,WELL-00025,8,131,2020-07-05T06:41:41+00:00,1,True,6,5
5540,WELL-00025_20200629194141,WELL-00025,8,132,2020-07-05T07:41:41+00:00,1,True,6,5
5541,WELL-00025_20200629194141,WELL-00025,8,133,2020-07-05T08:41:41+00:00,1,True,6,5
5542,WELL-00025_20200629194141,WELL-00025,8,134,2020-07-05T09:41:41+00:00,1,True,6,5
5543,WELL-00025_20200629194141,WELL-00025,8,135,2020-07-05T10:41:41+00:00,1,True,6,5
5544,WELL-00025_20200629194141,WELL-00025,8,136,2020-07-05T11:41:41+00:00,1,True,6,5
5545,WELL-00025_20200629194141,WELL-00025,8,137,2020-07-05T12:41:41+00:00,1,True,6,5
5546,WELL-00025_20200629194141,WELL-00025,8,138,2020-07-05T13:41:41+00:00,1,True,6,5
5547,WELL-00025_20200629194141,WELL-00025,8,139,2020-07-05T14:41:41+00:00,1,True,6,5
5548,WELL-00025_20200629194141,WELL-00025,8,140,2020-07-05T15:41:41+00:00,1,True,6,5
5549,WELL-00025_20200629194141,WELL-00025,8,141,2020-07-05T16:41:41+00:00,1,True,6,5
5550,WELL-00025_20200629194141,WELL-00025,8,142,2020-07-05T17:41:41+00:00,1,True,6,5
5551,WELL-00025_20200629194141,WELL-00025,8,143,2020-07-05T18:41:41+00:00,1,True,6,5
5552,WELL-00025_20200629194141,WELL-00025,8,144,2020-07-05T19:41:41+00:00,1,True,6,5
5553,WELL-00025_20200629194141,WELL-00025,8,145,2020-07-05T20:41:41+00:00,1,True,6,5
5554,WELL-00025_20200629194141,WELL-00025,8,146,2020-07-05T21:41:41+00:00,1,True,6,5
5555,WELL-00025_20200629194141,WELL-00025,8,147,2020-07-05T22:41:41+00:00,1,True,6,5
5556,WELL-00025_20200629194141,WELL-00025,8,148,2020-07-05T23:41:41+00:00,1,True,6,5
5557,WELL-00025_20200629194141,WELL-00025,8,149,2020-07-06T00:41:41+00:00,1,True,6,5
5558,WELL-00025_20200629194141,WELL-00025,8,150,2020-07-06T01:41:41+00:00,1,True,6,5
5559,WELL-00025_20200629194141,WELL-00025,8,151,2020-07-06T02:41:41+00:00,1,True,6,5
5560,WELL-00025_20200629194141,WELL-00025,8,152,2020-07-06T03:41:41+00:00,1,True,6,5
5561,WELL-00025_20200629194141,WELL-00025,8,153,2020-07-06T04:41:41+00:00,1,True,6,5
5562,WELL-00025_20200629194141,WELL-00025,8,154,2020-07-06T05:41:41+00:00,1,True,6,5
5563,WELL-00025_20200629194141,WELL-00025,8,155,2020-07-06T06:41:41+00:00,1,True,6,5
5564,WELL-00025_20200629194141,WELL-00025,8,156,2020-07-06T07:41:41+00:00,1,True,6,5
5565,WELL-00025_20200629194141,WELL-00025,8,157,2020-07-06T08:41:41+00:00,1,True,6,5
5566,WELL-00025_20200629194141,WELL-00025,8,158,2020-07-06T09:41:41+00:00,1,True,6,5
5567,WELL-00025_20200629194141,WELL-00025,8,159,2020-07-06T10:41:41+00:00,1,True,6,5
5568,WELL-00025_20200629194141,WELL-00025,8,160,2020-07-06T11:41:41+00:00,1,True,6,5
5569,WELL-00025_20200629194141,WELL-00025,8,161,2020-07-06T12:41:41+00:00,1,True,6,5
5570,WELL-00025_20200629194141,WELL-00025,8,162,2020-07-06T13:41:41+00:00,1,True,6,5
5571,WELL-00025_20200629194141,WELL-00025,8,163,2020-07-06T14:41:41+00:00,1,True,6,5
5572,WELL-00025_20200629194141,WELL-00025,8,164,2020-07-06T15:41:41+00:00,1,True,6,5
5573,WELL-00025_20200629194141,WELL-00025,8,165,2020-07-06T16:41:41+00:00,1,True,6,5
5574,WELL-00025_20200629194141,WELL-00025,8,166,2020-07-06T17:41:41+00:00,1,True,6,5
5575,WELL-00025_20200629194141,WELL-00025,8,167,2020-07-06T18:41:41+00:00,1,True,6,5
5576,WELL-00025_20200629194141,WELL-00025,8,168,2020-07-06T19:41:41+00:00,1,True,6,5
5577,WELL-00025_20200629194141,WELL-00025,8,169,2020-07-06T20:41:41+00:00,1,True,6,5
5578,WELL-00025_20200629194141,WELL-00025,8,170,2020-07-06T21:41:41+00:00,1,True,6,5
5579,WELL-00025_20200629194141,WELL-00025,8,171,2020-07-06T22:41:41+00:00,1,True,6,5
5580,WELL-00025_20200629194141,WELL-00025,8,172,2020-07-06T23:41:41+00:00,1,True,6,5
5581,WELL-00025_20200629194141,WELL-00025,8,173,2020-07-07T00:41:41+00:00,1,True,6,5
5582,WELL-00025_20200629194141,WELL-00025,8,174,2020-07-07T01:41:41+00:00,1,True,6,5
5583,WELL-00025_20200629194141,WELL-00025,8,175,2020-07-07T02:41:41+00:00,1,True,6,5
5584,WELL-00025_20200629194141,WELL-00025,8,176,2020-07-07T03:41:41+00:00,1,True,6,5
5585,WELL-00025_20200629194141,WELL-00025,8,177,2020-07-07T04:41:41+00:00,1,True,6,5
5586,WELL-00025_20200629194141,WELL-00025,8,178,2020-07-07T05:41:41+00:00,1,True,6,5
5587,WELL-00025_20200629194141,WELL-00025,8,179,2020-07-07T06:41:41+00:00,1,True,6,5
5588,WELL-00025_20200629194141,WELL-00025,8,180,2020-07-07T07:41:41+00:00,1,True,6,5
5589,WELL-00025_20200629194141,WELL-00025,8,181,2020-07-07T08:41:41+00:00,1,True,6,5
5590,WELL-00025_20200629194141,WELL-00025,8,182,2020-07-07T09:41:41+00:00,1,True,6,5
5591,WELL-00025_20200629194141,WELL-00025,8,183,2020-07-07T10:41:41+00:00,1,True,6,5
5592,WELL-00025_20200629194141,WELL-00025,8,184,2020-07-07T11:41:41+00:00,1,True,6,5
5593,WELL-00025_20200629194141,WELL-00025,8,185,2020-07-07T12:41:41+00:00,1,True,6,5
5594,WELL-00025_20200629194141,WELL-00025,8,186,2020-07-07T13:41:41+00:00,1,True,6,5
5595,WELL-00025_20200629194141,WELL-00025,8,187,2020-07-07T14:41:41+00:00,1,True,6,5
5596,WELL-00025_20200629194141,WELL-00025,8,188,2020-07-07T15:41:41+00:00,1,True,3,5
5597,WELL-00025_20200629194141,WELL-00025,8,189,2020-07-07T16:41:41+00:00,1,True,6,5
5598,WELL-00025_20200629194141,WELL-00025,8,190,2020-07-07T17:41:41+00:00,1,False,7,5
5599,WELL-00025_20200629194141,WELL-00025,8,191,2020-07-07T18:41:41+00:00,1,False,7,5
5600,WELL-00025_20200629194141,WELL-00025,8,192,2020-07-07T19:41:41+00:00,1,False,7,5
5601,WELL-00025_20200629194141,WELL-00025,8,193,2020-07-07T20:41:41+00:00,1,False,7,5
5602,WELL-00025_20200629194141,WELL-00025,8,194,2020-07-07T21:41:41+00:00,1,False,7,5
5603,WELL-00025_20200629194141,WELL-00025,8,195,2020-07-07T22:41:41+00:00,1,False,7,5
5604,WELL-00025_20200629194141,WELL-00025,8,196,2020-07-07T23:41:41+00:00,1,False,7,5
5605,WELL-00025_20200629194141,WELL-00025,8,197,2020-07-08T00:41:41+00:00,1,False,7,5
5606,WELL-00025_20200629194141,WELL-00025,8,198,2020-07-08T01:41:41+00:00,1,False,7,5
5607,WELL-00025_20200629194141,WELL-00025,8,199,2020-07-08T02:41:41+00:00,1,False,7,5
5608,WELL-00026_20160601130000,WELL-00026,8,1,2016-06-01T14:00:00+00:00,0,False,0,4
5609,WELL-00026_20160601130000,WELL-00026,8,2,2016-06-01T15:00:00+00:00,0,False,0,4
5610,WELL-00026_20160601130000,WELL-00026,8,3,2016-06-01T16:00:00+00:00,0,False,0,4
5611,WELL-00026_20160601130000,WELL-00026,8,4,2016-06-01T17:00:00+00:00,0,False,0,4
5612,WELL-00026_20160601130000,WELL-00026,8,5,2016-06-01T18:00:00+00:00,0,False,0,4
5613,WELL-00026_20160601130000,WELL-00026,8,6,2016-06-01T19:00:00+00:00,1,True,0,4
5614,WELL-00026_20160601130000,WELL-00026,8,7,2016-06-01T20:00:00+00:00,1,True,0,4
5615,WELL-00026_20160601130000,WELL-00026,8,8,2016-06-01T21:00:00+00:00,1,True,0,4
5616,WELL-00026_20160601130000,WELL-00026,8,9,2016-06-01T22:00:00+00:00,1,True,0,4
5617,WELL-00026_20160601130000,WELL-00026,8,10,2016-06-01T23:00:00+00:00,1,True,0,4
5618,WELL-00026_20160601130000,WELL-00026,8,11,2016-06-02T00:00:00+00:00,1,True,0,4
5619,WELL-00026_20160601130000,WELL-00026,8,12,2016-06-02T01:00:00+00:00,1,True,0,4
5620,WELL-00026_20160601130000,WELL-00026,8,13,2016-06-02T02:00:00+00:00,1,True,0,4
5621,WELL-00026_20160601130000,WELL-00026,8,14,2016-06-02T03:00:00+00:00,1,True,0,4
5622,WELL-00026_20160601130000,WELL-00026,8,15,2016-06-02T04:00:00+00:00,1,True,0,4
5623,WELL-00026_20160601130000,WELL-00026,8,16,2016-06-02T05:00:00+00:00,1,True,0,4
5624,WELL-00026_20160601130000,WELL-00026,8,17,2016-06-02T06:00:00+00:00,1,True,0,4
5625,WELL-00026_20160601130000,WELL-00026,8,18,2016-06-02T07:00:00+00:00,1,True,0,4
5626,WELL-00026_20160601130000,WELL-00026,8,19,2016-06-02T08:00:00+00:00,1,True,0,4
5627,WELL-00026_20160601130000,WELL-00026,8,20,2016-06-02T09:00:00+00:00,1,True,0,4
5628,WELL-00026_20160601130000,WELL-00026,8,21,2016-06-02T10:00:00+00:00,1,True,0,4
5629,WELL-00026_20160601130000,WELL-00026,8,22,2016-06-02T11:00:00+00:00,1,True,0,4
5630,WELL-00026_20160601130000,WELL-00026,8,23,2016-06-02T12:00:00+00:00,1,True,0,4
5631,WELL-00026_20160601130000,WELL-00026,8,24,2016-06-02T13:00:00+00:00,1,True,0,4
5632,WELL-00026_20160601130000,WELL-00026,8,25,2016-06-02T14:00:00+00:00,1,True,0,4
5633,WELL-00026_20160601130000,WELL-00026,8,26,2016-06-02T15:00:00+00:00,1,True,0,4
5634,WELL-00026_20160601130000,WELL-00026,8,27,2016-06-02T16:00:00+00:00,1,True,0,4
5635,WELL-00026_20160601130000,WELL-00026,8,28,2016-06-02T17:00:00+00:00,1,True,0,4
5636,WELL-00026_20160601130000,WELL-00026,8,29,2016-06-02T18:00:00+00:00,1,True,0,4
5637,WELL-00026_20160601130000,WELL-00026,8,30,2016-06-02T19:00:00+00:00,1,True,0,4
5638,WELL-00026_20160601130000,WELL-00026,8,31,2016-06-02T20:00:00+00:00,1,True,0,4
5639,WELL-00026_20160601130000,WELL-00026,8,32,2016-06-02T21:00:00+00:00,1,True,0,4
5640,WELL-00026_20160601130000,WELL-00026,8,33,2016-06-02T22:00:00+00:00,1,True,0,4
5641,WELL-00026_20160601130000,WELL-00026,8,34,2016-06-02T23:00:00+00:00,1,True,0,4
5642,WELL-00026_20160601130000,WELL-00026,8,35,2016-06-03T00:00:00+00:00,1,True,0,4
5643,WELL-00026_20160601130000,WELL-00026,8,36,2016-06-03T01:00:00+00:00,1,True,0,4
5644,WELL-00026_20160601130000,WELL-00026,8,37,2016-06-03T02:00:00+00:00,1,True,0,4
5645,WELL-00026_20160601130000,WELL-00026,8,38,2016-06-03T03:00:00+00:00,1,True,0,4
5646,WELL-00026_20160601130000,WELL-00026,8,39,2016-06-03T04:00:00+00:00,1,True,0,4
5647,WELL-00026_20160601130000,WELL-00026,8,40,2016-06-03T05:00:00+00:00,1,True,0,4
5648,WELL-00026_20160601130000,WELL-00026,8,41,2016-06-03T06:00:00+00:00,1,True,0,4
5649,WELL-00026_20160601130000,WELL-00026,8,42,2016-06-03T07:00:00+00:00,1,True,0,4
5650,WELL-00026_20160601130000,WELL-00026,8,43,2016-06-03T08:00:00+00:00,1,True,0,4
5651,WELL-00026_20160601130000,WELL-00026,8,44,2016-06-03T09:00:00+00:00,1,True,0,4
5652,WELL-00026_20160601130000,WELL-00026,8,45,2016-06-03T10:00:00+00:00,1,True,0,4
5653,WELL-00026_20160601130000,WELL-00026,8,46,2016-06-03T11:00:00+00:00,1,True,0,4
5654,WELL-00026_20160601130000,WELL-00026,8,47,2016-06-03T12:00:00+00:00,1,True,0,4
5655,WELL-00026_20160601130000,WELL-00026,8,48,2016-06-03T13:00:00+00:00,1,True,0,4
5656,WELL-00026_20160601130000,WELL-00026,8,49,2016-06-03T14:00:00+00:00,1,True,0,4
5657,WELL-00026_20160601130000,WELL-00026,8,50,2016-06-03T15:00:00+00:00,1,False,0,4
5658,WELL-00026_20160601130000,WELL-00026,8,51,2016-06-03T16:00:00+00:00,1,False,0,4
5659,WELL-00026_20170207230000,WELL-00026,8,1,2017-02-08T00:00:00+00:00,0,False,0,4
5660,WELL-00026_20170207230000,WELL-00026,8,2,2017-02-08T01:00:00+00:00,0,False,0,4
5661,WELL-00026_20170207230000,WELL-00026,8,3,2017-02-08T02:00:00+00:00,0,False,0,4
5662,WELL-00026_20170207230000,WELL-00026,8,4,2017-02-08T03:00:00+00:00,0,False,0,4
5663,WELL-00026_20170207230000,WELL-00026,8,5,2017-02-08T04:00:00+00:00,0,False,0,4
5664,WELL-00026_20170207230000,WELL-00026,8,6,2017-02-08T05:00:00+00:00,0,False,0,4
5665,WELL-00026_20170207230000,WELL-00026,8,7,2017-02-08T06:00:00+00:00,0,False,0,4
5666,WELL-00026_20170207230000,WELL-00026,8,8,2017-02-08T07:00:00+00:00,0,False,0,4
5667,WELL-00026_20170207230000,WELL-00026,8,9,2017-02-08T08:00:00+00:00,0,False,0,4
5668,WELL-00026_20170207230000,WELL-00026,8,10,2017-02-08T09:00:00+00:00,0,False,0,4
5669,WELL-00026_20170207230000,WELL-00026,8,11,2017-02-08T10:00:00+00:00,0,False,0,4
5670,WELL-00026_20170207230000,WELL-00026,8,12,2017-02-08T11:00:00+00:00,0,False,0,4
5671,WELL-00026_20170207230000,WELL-00026,8,13,2017-02-08T12:00:00+00:00,0,False,0,4
5672,WELL-00026_20170207230000,WELL-00026,8,14,2017-02-08T13:00:00+00:00,0,False,0,4
5673,WELL-00026_20170207230000,WELL-00026,8,15,2017-02-08T14:00:00+00:00,0,False,0,4
5674,WELL-00026_20170207230000,WELL-00026,8,16,2017-02-08T15:00:00+00:00,0,False,0,4
5675,WELL-00026_20170207230000,WELL-00026,8,17,2017-02-08T16:00:00+00:00,0,False,0,4
5676,WELL-00026_20170207230000,WELL-00026,8,18,2017-02-08T17:00:00+00:00,0,False,0,4
5677,WELL-00026_20170207230000,WELL-00026,8,19,2017-02-08T18:00:00+00:00,0,False,0,4
5678,WELL-00026_20170207230000,WELL-00026,8,20,2017-02-08T19:00:00+00:00,0,False,0,4
5679,WELL-00026_20170207230000,WELL-00026,8,21,2017-02-08T20:00:00+00:00,0,False,0,4
5680,WELL-00026_20170207230000,WELL-00026,8,22,2017-02-08T21:00:00+00:00,0,False,0,4
5681,WELL-00026_20170207230000,WELL-00026,8,23,2017-02-08T22:00:00+00:00,0,False,0,4
5682,WELL-00026_20170207230000,WELL-00026,8,24,2017-02-08T23:00:00+00:00,0,False,0,4
5683,WELL-00026_20170207230000,WELL-00026,8,25,2017-02-09T00:00:00+00:00,0,False,0,4
5684,WELL-00026_20170207230000,WELL-00026,8,26,2017-02-09T01:00:00+00:00,0,False,0,4
5685,WELL-00026_20170207230000,WELL-00026,8,27,2017-02-09T02:00:00+00:00,0,False,0,4
5686,WELL-00026_20170207230000,WELL-00026,8,28,2017-02-09T03:00:00+00:00,0,False,0,4
5687,WELL-00026_20170207230000,WELL-00026,8,29,2017-02-09T04:00:00+00:00,0,False,0,4
5688,WELL-00026_20170207230000,WELL-00026,8,30,2017-02-09T05:00:00+00:00,0,False,0,4
5689,WELL-00026_20170207230000,WELL-00026,8,31,2017-02-09T06:00:00+00:00,0,False,0,4
5690,WELL-00026_20170207230000,WELL-00026,8,32,2017-02-09T07:00:00+00:00,0,False,0,4
5691,WELL-00026_20170207230000,WELL-00026,8,33,2017-02-09T08:00:00+00:00,0,False,0,4
5692,WELL-00026_20170207230000,WELL-00026,8,34,2017-02-09T09:00:00+00:00,0,False,0,4
5693,WELL-00026_20170207230000,WELL-00026,8,35,2017-02-09T10:00:00+00:00,0,False,0,4
5694,WELL-00026_20170207230000,WELL-00026,8,36,2017-02-09T11:00:00+00:00,0,False,0,4
5695,WELL-00026_20170207230000,WELL-00026,8,37,2017-02-09T12:00:00+00:00,1,True,0,4
5696,WELL-00026_20170207230000,WELL-00026,8,38,2017-02-09T13:00:00+00:00,1,True,0,4
5697,WELL-00026_20170207230000,WELL-00026,8,39,2017-02-09T14:00:00+00:00,1,True,0,4
5698,WELL-00026_20170207230000,WELL-00026,8,40,2017-02-09T15:00:00+00:00,1,True,0,4
5699,WELL-00026_20170207230000,WELL-00026,8,41,2017-02-09T16:00:00+00:00,1,True,0,4
5700,WELL-00026_20170207230000,WELL-00026,8,42,2017-02-09T17:00:00+00:00,1,True,0,4
5701,WELL-00026_20170207230000,WELL-00026,8,43,2017-02-09T18:00:00+00:00,1,True,0,4
5702,WELL-00026_20170207230000,WELL-00026,8,44,2017-02-09T19:00:00+00:00,1,True,0,4
5703,WELL-00026_20170207230000,WELL-00026,8,45,2017-02-09T20:00:00+00:00,1,True,0,4
5704,WELL-00026_20170207230000,WELL-00026,8,46,2017-02-09T21:00:00+00:00,1,True,0,4
5705,WELL-00026_20170207230000,WELL-00026,8,47,2017-02-09T22:00:00+00:00,1,True,0,4
5706,WELL-00026_20170207230000,WELL-00026,8,48,2017-02-09T23:00:00+00:00,1,True,0,4
5707,WELL-00026_20170207230000,WELL-00026,8,49,2017-02-10T00:00:00+00:00,1,True,0,4
5708,WELL-00026_20170207230000,WELL-00026,8,50,2017-02-10T01:00:00+00:00,1,True,0,4
5709,WELL-00026_20170207230000,WELL-00026,8,51,2017-02-10T02:00:00+00:00,1,True,0,4
5710,WELL-00026_20170207230000,WELL-00026,8,52,2017-02-10T03:00:00+00:00,1,True,0,4
5711,WELL-00026_20170207230000,WELL-00026,8,53,2017-02-10T04:00:00+00:00,1,True,0,4
5712,WELL-00026_20170207230000,WELL-00026,8,54,2017-02-10T05:00:00+00:00,1,True,0,4
5713,WELL-00026_20170207230000,WELL-00026,8,55,2017-02-10T06:00:00+00:00,1,True,0,4
5714,WELL-00026_20170207230000,WELL-00026,8,56,2017-02-10T07:00:00+00:00,1,True,0,4
5715,WELL-00026_20170207230000,WELL-00026,8,57,2017-02-10T08:00:00+00:00,1,True,0,4
5716,WELL-00026_20170207230000,WELL-00026,8,58,2017-02-10T09:00:00+00:00,1,True,0,4
5717,WELL-00026_20170207230000,WELL-00026,8,59,2017-02-10T10:00:00+00:00,1,True,0,4
5718,WELL-00026_20170207230000,WELL-00026,8,60,2017-02-10T11:00:00+00:00,1,True,0,4
5719,WELL-00026_20170207230000,WELL-00026,8,61,2017-02-10T12:00:00+00:00,1,True,0,4
5720,WELL-00026_20170207230000,WELL-00026,8,62,2017-02-10T13:00:00+00:00,1,True,0,4
5721,WELL-00026_20170207230000,WELL-00026,8,63,2017-02-10T14:00:00+00:00,1,True,0,4
5722,WELL-00026_20170207230000,WELL-00026,8,64,2017-02-10T15:00:00+00:00,1,True,0,4
5723,WELL-00026_20170207230000,WELL-00026,8,65,2017-02-10T16:00:00+00:00,1,True,0,4
5724,WELL-00026_20170207230000,WELL-00026,8,66,2017-02-10T17:00:00+00:00,1,True,0,4
5725,WELL-00026_20170207230000,WELL-00026,8,67,2017-02-10T18:00:00+00:00,1,True,0,4
5726,WELL-00026_20170207230000,WELL-00026,8,68,2017-02-10T19:00:00+00:00,1,True,0,4
5727,WELL-00026_20170207230000,WELL-00026,8,69,2017-02-10T20:00:00+00:00,1,True,0,4
5728,WELL-00026_20170207230000,WELL-00026,8,70,2017-02-10T21:00:00+00:00,1,True,0,4
5729,WELL-00026_20170207230000,WELL-00026,8,71,2017-02-10T22:00:00+00:00,1,True,0,4
5730,WELL-00026_20170207230000,WELL-00026,8,72,2017-02-10T23:00:00+00:00,1,True,0,4
5731,WELL-00026_20170207230000,WELL-00026,8,73,2017-02-11T00:00:00+00:00,1,True,0,4
5732,WELL-00026_20170207230000,WELL-00026,8,74,2017-02-11T01:00:00+00:00,1,True,0,4
5733,WELL-00026_20170207230000,WELL-00026,8,75,2017-02-11T02:00:00+00:00,1,True,0,4
5734,WELL-00026_20170207230000,WELL-00026,8,76,2017-02-11T03:00:00+00:00,1,True,0,4
5735,WELL-00026_20170207230000,WELL-00026,8,77,2017-02-11T04:00:00+00:00,1,True,0,4
5736,WELL-00026_20170207230000,WELL-00026,8,78,2017-02-11T05:00:00+00:00,1,True,0,4
5737,WELL-00026_20170207230000,WELL-00026,8,79,2017-02-11T06:00:00+00:00,1,True,0,4
5738,WELL-00026_20170207230000,WELL-00026,8,80,2017-02-11T07:00:00+00:00,1,True,0,4
5739,WELL-00026_20170207230000,WELL-00026,8,81,2017-02-11T08:00:00+00:00,1,True,0,4
5740,WELL-00026_20170207230000,WELL-00026,8,82,2017-02-11T09:00:00+00:00,1,True,0,4
5741,WELL-00026_20170207230000,WELL-00026,8,83,2017-02-11T10:00:00+00:00,1,True,0,4
5742,WELL-00026_20170207230000,WELL-00026,8,84,2017-02-11T11:00:00+00:00,1,True,0,4
5743,WELL-00026_20170207230000,WELL-00026,8,85,2017-02-11T12:00:00+00:00,1,True,0,4
5744,WELL-00026_20170207230000,WELL-00026,8,86,2017-02-11T13:00:00+00:00,1,True,0,4
5745,WELL-00026_20170207230000,WELL-00026,8,87,2017-02-11T14:00:00+00:00,1,True,0,4
5746,WELL-00026_20170207230000,WELL-00026,8,88,2017-02-11T15:00:00+00:00,1,True,0,4
5747,WELL-00026_20170207230000,WELL-00026,8,89,2017-02-11T16:00:00+00:00,1,True,0,4
5748,WELL-00026_20170207230000,WELL-00026,8,90,2017-02-11T17:00:00+00:00,1,True,0,4
5749,WELL-00026_20170207230000,WELL-00026,8,91,2017-02-11T18:00:00+00:00,1,True,0,4
5750,WELL-00026_20170207230000,WELL-00026,8,92,2017-02-11T19:00:00+00:00,1,True,0,4
5751,WELL-00026_20170207230000,WELL-00026,8,93,2017-02-11T20:00:00+00:00,1,True,0,4
5752,WELL-00026_20170207230000,WELL-00026,8,94,2017-02-11T21:00:00+00:00,1,True,0,4
5753,WELL-00026_20170207230000,WELL-00026,8,95,2017-02-11T22:00:00+00:00,1,True,0,4
5754,WELL-00026_20170207230000,WELL-00026,8,96,2017-02-11T23:00:00+00:00,1,True,0,4
5755,WELL-00026_20170207230000,WELL-00026,8,97,2017-02-12T00:00:00+00:00,1,True,0,4
5756,WELL-00026_20170207230000,WELL-00026,8,98,2017-02-12T01:00:00+00:00,1,True,0,4
5757,WELL-00026_20170207230000,WELL-00026,8,99,2017-02-12T02:00:00+00:00,1,True,0,4
5758,WELL-00026_20170207230000,WELL-00026,8,100,2017-02-12T03:00:00+00:00,1,True,0,4
5759,WELL-00026_20170207230000,WELL-00026,8,101,2017-02-12T04:00:00+00:00,1,True,0,4
5760,WELL-00026_20170207230000,WELL-00026,8,102,2017-02-12T05:00:00+00:00,1,True,0,4
5761,WELL-00026_20170207230000,WELL-00026,8,103,2017-02-12T06:00:00+00:00,1,True,0,4
5762,WELL-00026_20170207230000,WELL-00026,8,104,2017-02-12T07:00:00+00:00,1,True,0,4
5763,WELL-00026_20170207230000,WELL-00026,8,105,2017-02-12T08:00:00+00:00,1,True,0,4
5764,WELL-00026_20170207230000,WELL-00026,8,106,2017-02-12T09:00:00+00:00,1,True,0,4
5765,WELL-00026_20170207230000,WELL-00026,8,107,2017-02-12T10:00:00+00:00,1,True,0,4
5766,WELL-00026_20170207230000,WELL-00026,8,108,2017-02-12T11:00:00+00:00,1,True,0,4
5767,WELL-00026_20170207230000,WELL-00026,8,109,2017-02-12T12:00:00+00:00,1,True,0,4
5768,WELL-00026_20170207230000,WELL-00026,8,110,2017-02-12T13:00:00+00:00,1,True,0,4
5769,WELL-00026_20170207230000,WELL-00026,8,111,2017-02-12T14:00:00+00:00,1,True,0,4
5770,WELL-00026_20170207230000,WELL-00026,8,112,2017-02-12T15:00:00+00:00,1,True,0,4
5771,WELL-00026_20170207230000,WELL-00026,8,113,2017-02-12T16:00:00+00:00,1,True,0,4
5772,WELL-00026_20170207230000,WELL-00026,8,114,2017-02-12T17:00:00+00:00,1,True,0,4
5773,WELL-00026_20170207230000,WELL-00026,8,115,2017-02-12T18:00:00+00:00,1,True,0,4
5774,WELL-00026_20170207230000,WELL-00026,8,116,2017-02-12T19:00:00+00:00,1,True,0,4
5775,WELL-00026_20170207230000,WELL-00026,8,117,2017-02-12T20:00:00+00:00,1,True,0,4
5776,WELL-00026_20170207230000,WELL-00026,8,118,2017-02-12T21:00:00+00:00,1,True,0,4
5777,WELL-00026_20170207230000,WELL-00026,8,119,2017-02-12T22:00:00+00:00,1,True,0,4
5778,WELL-00026_20170207230000,WELL-00026,8,120,2017-02-12T23:00:00+00:00,1,True,0,4
5779,WELL-00026_20170207230000,WELL-00026,8,121,2017-02-13T00:00:00+00:00,1,True,0,4
5780,WELL-00026_20170207230000,WELL-00026,8,122,2017-02-13T01:00:00+00:00,1,True,0,4
5781,WELL-00026_20170207230000,WELL-00026,8,123,2017-02-13T02:00:00+00:00,1,True,0,4
5782,WELL-00026_20170207230000,WELL-00026,8,124,2017-02-13T03:00:00+00:00,1,True,0,4
5783,WELL-00026_20170207230000,WELL-00026,8,125,2017-02-13T04:00:00+00:00,1,True,0,4
5784,WELL-00026_20170207230000,WELL-00026,8,126,2017-02-13T05:00:00+00:00,1,True,0,4
5785,WELL-00026_20170207230000,WELL-00026,8,127,2017-02-13T06:00:00+00:00,1,True,0,4
5786,WELL-00026_20170207230000,WELL-00026,8,128,2017-02-13T07:00:00+00:00,1,True,0,4
5787,WELL-00026_20170207230000,WELL-00026,8,129,2017-02-13T08:00:00+00:00,1,True,0,4
5788,WELL-00026_20170207230000,WELL-00026,8,130,2017-02-13T09:00:00+00:00,1,True,0,4
5789,WELL-00026_20170207230000,WELL-00026,8,131,2017-02-13T10:00:00+00:00,1,True,0,4
5790,WELL-00026_20170207230000,WELL-00026,8,132,2017-02-13T11:00:00+00:00,1,True,0,4
5791,WELL-00026_20170207230000,WELL-00026,8,133,2017-02-13T12:00:00+00:00,1,True,0,4
5792,WELL-00026_20170207230000,WELL-00026,8,134,2017-02-13T13:00:00+00:00,1,True,0,4
5793,WELL-00026_20170207230000,WELL-00026,8,135,2017-02-13T14:00:00+00:00,1,True,0,4
5794,WELL-00026_20170207230000,WELL-00026,8,136,2017-02-13T15:00:00+00:00,1,True,0,4
5795,WELL-00026_20170207230000,WELL-00026,8,137,2017-02-13T16:00:00+00:00,1,True,0,4
5796,WELL-00026_20170207230000,WELL-00026,8,138,2017-02-13T17:00:00+00:00,1,True,0,4
5797,WELL-00026_20170207230000,WELL-00026,8,139,2017-02-13T18:00:00+00:00,1,True,0,4
5798,WELL-00026_20170207230000,WELL-00026,8,140,2017-02-13T19:00:00+00:00,1,True,0,4
5799,WELL-00026_20170207230000,WELL-00026,8,141,2017-02-13T20:00:00+00:00,1,True,0,4
5800,WELL-00026_20170207230000,WELL-00026,8,142,2017-02-13T21:00:00+00:00,1,True,0,4
5801,WELL-00026_20170207230000,WELL-00026,8,143,2017-02-13T22:00:00+00:00,1,True,0,4
5802,WELL-00026_20170207230000,WELL-00026,8,144,2017-02-13T23:00:00+00:00,1,True,0,4
5803,WELL-00026_20170207230000,WELL-00026,8,145,2017-02-14T00:00:00+00:00,1,True,0,4
5804,WELL-00026_20170207230000,WELL-00026,8,146,2017-02-14T01:00:00+00:00,1,True,0,4
5805,WELL-00026_20170207230000,WELL-00026,8,147,2017-02-14T02:00:00+00:00,1,True,0,4
5806,WELL-00026_20170207230000,WELL-00026,8,148,2017-02-14T03:00:00+00:00,1,True,0,4
5807,WELL-00026_20170207230000,WELL-00026,8,149,2017-02-14T04:00:00+00:00,1,True,0,4
5808,WELL-00026_20170207230000,WELL-00026,8,150,2017-02-14T05:00:00+00:00,1,True,0,4
5809,WELL-00026_20170207230000,WELL-00026,8,151,2017-02-14T06:00:00+00:00,1,True,0,4
5810,WELL-00026_20170207230000,WELL-00026,8,152,2017-02-14T07:00:00+00:00,1,True,0,4
5811,WELL-00026_20170207230000,WELL-00026,8,153,2017-02-14T08:00:00+00:00,1,True,0,4
5812,WELL-00026_20170207230000,WELL-00026,8,154,2017-02-14T09:00:00+00:00,1,True,0,4
5813,WELL-00026_20170207230000,WELL-00026,8,155,2017-02-14T10:00:00+00:00,1,True,0,4
5814,WELL-00026_20170207230000,WELL-00026,8,156,2017-02-14T11:00:00+00:00,1,True,0,4
5815,WELL-00026_20170207230000,WELL-00026,8,157,2017-02-14T12:00:00+00:00,1,True,0,4
5816,WELL-00026_20170207230000,WELL-00026,8,158,2017-02-14T13:00:00+00:00,1,True,0,4
5817,WELL-00026_20170207230000,WELL-00026,8,159,2017-02-14T14:00:00+00:00,1,True,0,4
5818,WELL-00026_20170207230000,WELL-00026,8,160,2017-02-14T15:00:00+00:00,1,True,0,4
5819,WELL-00026_20170207230000,WELL-00026,8,161,2017-02-14T16:00:00+00:00,1,True,0,4
5820,WELL-00026_20170608230000,WELL-00026,8,1,2017-06-09T00:00:00+00:00,0,False,0,4
5821,WELL-00026_20170608230000,WELL-00026,8,2,2017-06-09T01:00:00+00:00,0,False,0,4
5822,WELL-00026_20170608230000,WELL-00026,8,3,2017-06-09T02:00:00+00:00,0,False,0,4
5823,WELL-00026_20170608230000,WELL-00026,8,4,2017-06-09T03:00:00+00:00,0,False,0,4
5824,WELL-00026_20170608230000,WELL-00026,8,5,2017-06-09T04:00:00+00:00,0,False,0,4
5825,WELL-00026_20170608230000,WELL-00026,8,6,2017-06-09T05:00:00+00:00,0,False,0,4
5826,WELL-00026_20170608230000,WELL-00026,8,7,2017-06-09T06:00:00+00:00,0,False,0,4
5827,WELL-00026_20170608230000,WELL-00026,8,8,2017-06-09T07:00:00+00:00,0,False,0,4
5828,WELL-00026_20170608230000,WELL-00026,8,9,2017-06-09T08:00:00+00:00,0,False,0,4
5829,WELL-00026_20170608230000,WELL-00026,8,10,2017-06-09T09:00:00+00:00,0,False,0,4
5830,WELL-00026_20170608230000,WELL-00026,8,11,2017-06-09T10:00:00+00:00,0,False,0,4
5831,WELL-00026_20170608230000,WELL-00026,8,12,2017-06-09T11:00:00+00:00,0,False,0,4
5832,WELL-00026_20170608230000,WELL-00026,8,13,2017-06-09T12:00:00+00:00,0,False,0,4
5833,WELL-00026_20170608230000,WELL-00026,8,14,2017-06-09T13:00:00+00:00,0,False,0,4
5834,WELL-00026_20170608230000,WELL-00026,8,15,2017-06-09T14:00:00+00:00,0,False,0,4
5835,WELL-00026_20170608230000,WELL-00026,8,16,2017-06-09T15:00:00+00:00,0,False,0,4
5836,WELL-00026_20170608230000,WELL-00026,8,17,2017-06-09T16:00:00+00:00,0,False,0,4
5837,WELL-00026_20170608230000,WELL-00026,8,18,2017-06-09T17:00:00+00:00,0,False,0,4
5838,WELL-00026_20170608230000,WELL-00026,8,19,2017-06-09T18:00:00+00:00,0,False,0,4
5839,WELL-00026_20170608230000,WELL-00026,8,20,2017-06-09T19:00:00+00:00,0,False,0,4
5840,WELL-00026_20170608230000,WELL-00026,8,21,2017-06-09T20:00:00+00:00,0,False,0,4
5841,WELL-00026_20170608230000,WELL-00026,8,22,2017-06-09T21:00:00+00:00,0,False,0,4
5842,WELL-00026_20170608230000,WELL-00026,8,23,2017-06-09T22:00:00+00:00,0,False,0,4
5843,WELL-00026_20170608230000,WELL-00026,8,24,2017-06-09T23:00:00+00:00,0,False,0,4
5844,WELL-00026_20170608230000,WELL-00026,8,25,2017-06-10T00:00:00+00:00,0,False,0,4
5845,WELL-00026_20170608230000,WELL-00026,8,26,2017-06-10T01:00:00+00:00,0,False,0,4
5846,WELL-00026_20170608230000,WELL-00026,8,27,2017-06-10T02:00:00+00:00,0,False,0,4
5847,WELL-00026_20170608230000,WELL-00026,8,28,2017-06-10T03:00:00+00:00,0,False,0,4
5848,WELL-00026_20170608230000,WELL-00026,8,29,2017-06-10T04:00:00+00:00,0,False,0,4
5849,WELL-00026_20170608230000,WELL-00026,8,30,2017-06-10T05:00:00+00:00,0,False,0,4
5850,WELL-00026_20170608230000,WELL-00026,8,31,2017-06-10T06:00:00+00:00,0,False,0,4
5851,WELL-00026_20170608230000,WELL-00026,8,32,2017-06-10T07:00:00+00:00,0,False,0,4
5852,WELL-00026_20170608230000,WELL-00026,8,33,2017-06-10T08:00:00+00:00,0,False,0,4
5853,WELL-00026_20170608230000,WELL-00026,8,34,2017-06-10T09:00:00+00:00,0,False,0,4
5854,WELL-00026_20170608230000,WELL-00026,8,35,2017-06-10T10:00:00+00:00,0,False,0,4
5855,WELL-00026_20170608230000,WELL-00026,8,36,2017-06-10T11:00:00+00:00,0,False,0,4
5856,WELL-00026_20170608230000,WELL-00026,8,37,2017-06-10T12:00:00+00:00,0,False,0,4
5857,WELL-00026_20170608230000,WELL-00026,8,38,2017-06-10T13:00:00+00:00,0,False,0,4
5858,WELL-00026_20170608230000,WELL-00026,8,39,2017-06-10T14:00:00+00:00,0,False,0,4
5859,WELL-00026_20170608230000,WELL-00026,8,40,2017-06-10T15:00:00+00:00,0,False,0,4
5860,WELL-00026_20170608230000,WELL-00026,8,41,2017-06-10T16:00:00+00:00,0,False,0,4
5861,WELL-00026_20170608230000,WELL-00026,8,42,2017-06-10T17:00:00+00:00,0,False,0,4
5862,WELL-00026_20170608230000,WELL-00026,8,43,2017-06-10T18:00:00+00:00,0,False,0,4
5863,WELL-00026_20170608230000,WELL-00026,8,44,2017-06-10T19:00:00+00:00,0,False,0,4
5864,WELL-00026_20170608230000,WELL-00026,8,45,2017-06-10T20:00:00+00:00,0,False,0,4
5865,WELL-00026_20170608230000,WELL-00026,8,46,2017-06-10T21:00:00+00:00,0,False,0,4
5866,WELL-00026_20170608230000,WELL-00026,8,47,2017-06-10T22:00:00+00:00,0,False,0,4
5867,WELL-00026_20170608230000,WELL-00026,8,48,2017-06-10T23:00:00+00:00,0,False,0,4
5868,WELL-00026_20170608230000,WELL-00026,8,49,2017-06-11T00:00:00+00:00,0,False,0,4
5869,WELL-00026_20170608230000,WELL-00026,8,50,2017-06-11T01:00:00+00:00,0,False,0,4
5870,WELL-00026_20170608230000,WELL-00026,8,51,2017-06-11T02:00:00+00:00,0,False,0,4
5871,WELL-00026_20170608230000,WELL-00026,8,52,2017-06-11T03:00:00+00:00,0,False,0,4
5872,WELL-00026_20170608230000,WELL-00026,8,53,2017-06-11T04:00:00+00:00,0,False,0,4
5873,WELL-00026_20170608230000,WELL-00026,8,54,2017-06-11T05:00:00+00:00,0,False,0,4
5874,WELL-00026_20170608230000,WELL-00026,8,55,2017-06-11T06:00:00+00:00,0,False,0,4
5875,WELL-00026_20170608230000,WELL-00026,8,56,2017-06-11T07:00:00+00:00,0,False,0,4
5876,WELL-00026_20170608230000,WELL-00026,8,57,2017-06-11T08:00:00+00:00,0,False,0,4
5877,WELL-00026_20170608230000,WELL-00026,8,58,2017-06-11T09:00:00+00:00,0,False,0,4
5878,WELL-00026_20170608230000,WELL-00026,8,59,2017-06-11T10:00:00+00:00,0,False,0,4
5879,WELL-00026_20170608230000,WELL-00026,8,60,2017-06-11T11:00:00+00:00,0,False,0,4
5880,WELL-00026_20170608230000,WELL-00026,8,61,2017-06-11T12:00:00+00:00,0,False,0,4
5881,WELL-00026_20170608230000,WELL-00026,8,62,2017-06-11T13:00:00+00:00,0,False,0,4
5882,WELL-00026_20170608230000,WELL-00026,8,63,2017-06-11T14:00:00+00:00,0,False,0,4
5883,WELL-00026_20170608230000,WELL-00026,8,64,2017-06-11T15:00:00+00:00,0,False,0,4
5884,WELL-00026_20170608230000,WELL-00026,8,65,2017-06-11T16:00:00+00:00,0,False,0,4
5885,WELL-00026_20170608230000,WELL-00026,8,66,2017-06-11T17:00:00+00:00,1,True,0,4
5886,WELL-00026_20170608230000,WELL-00026,8,67,2017-06-11T18:00:00+00:00,1,True,0,4
5887,WELL-00026_20170608230000,WELL-00026,8,68,2017-06-11T19:00:00+00:00,1,True,0,4
5888,WELL-00026_20170608230000,WELL-00026,8,69,2017-06-11T20:00:00+00:00,1,True,0,4
5889,WELL-00026_20170608230000,WELL-00026,8,70,2017-06-11T21:00:00+00:00,1,True,0,4
5890,WELL-00026_20170608230000,WELL-00026,8,71,2017-06-11T22:00:00+00:00,1,True,0,4
5891,WELL-00026_20170608230000,WELL-00026,8,72,2017-06-11T23:00:00+00:00,1,True,0,4
5892,WELL-00026_20170608230000,WELL-00026,8,73,2017-06-12T00:00:00+00:00,1,True,0,4
5893,WELL-00026_20170608230000,WELL-00026,8,74,2017-06-12T01:00:00+00:00,1,True,0,4
5894,WELL-00026_20170608230000,WELL-00026,8,75,2017-06-12T02:00:00+00:00,1,True,0,4
5895,WELL-00026_20170608230000,WELL-00026,8,76,2017-06-12T03:00:00+00:00,1,True,0,4
5896,WELL-00026_20170608230000,WELL-00026,8,77,2017-06-12T04:00:00+00:00,1,True,0,4
5897,WELL-00026_20170608230000,WELL-00026,8,78,2017-06-12T05:00:00+00:00,1,True,0,4
5898,WELL-00026_20170608230000,WELL-00026,8,79,2017-06-12T06:00:00+00:00,1,True,0,4
5899,WELL-00026_20170608230000,WELL-00026,8,80,2017-06-12T07:00:00+00:00,1,True,0,4
5900,WELL-00026_20170608230000,WELL-00026,8,81,2017-06-12T08:00:00+00:00,1,True,0,4
5901,WELL-00026_20170608230000,WELL-00026,8,82,2017-06-12T09:00:00+00:00,1,True,0,4
5902,WELL-00026_20170608230000,WELL-00026,8,83,2017-06-12T10:00:00+00:00,1,True,0,4
5903,WELL-00026_20170608230000,WELL-00026,8,84,2017-06-12T11:00:00+00:00,1,True,0,4
5904,WELL-00026_20170608230000,WELL-00026,8,85,2017-06-12T12:00:00+00:00,1,True,0,4
5905,WELL-00026_20170608230000,WELL-00026,8,86,2017-06-12T13:00:00+00:00,1,True,0,4
5906,WELL-00026_20170608230000,WELL-00026,8,87,2017-06-12T14:00:00+00:00,1,True,0,4
5907,WELL-00026_20170608230000,WELL-00026,8,88,2017-06-12T15:00:00+00:00,1,True,0,4
5908,WELL-00026_20170608230000,WELL-00026,8,89,2017-06-12T16:00:00+00:00,1,True,0,4
5909,WELL-00026_20170608230000,WELL-00026,8,90,2017-06-12T17:00:00+00:00,1,True,0,4
5910,WELL-00026_20170608230000,WELL-00026,8,91,2017-06-12T18:00:00+00:00,1,True,0,4
5911,WELL-00026_20170608230000,WELL-00026,8,92,2017-06-12T19:00:00+00:00,1,True,0,4
5912,WELL-00026_20170608230000,WELL-00026,8,93,2017-06-12T20:00:00+00:00,1,True,0,4
5913,WELL-00026_20170608230000,WELL-00026,8,94,2017-06-12T21:00:00+00:00,1,True,0,4
5914,WELL-00026_20170608230000,WELL-00026,8,95,2017-06-12T22:00:00+00:00,1,True,0,4
5915,WELL-00026_20170608230000,WELL-00026,8,96,2017-06-12T23:00:00+00:00,1,True,0,4
5916,WELL-00026_20170608230000,WELL-00026,8,97,2017-06-13T00:00:00+00:00,1,True,0,4
5917,WELL-00026_20170608230000,WELL-00026,8,98,2017-06-13T01:00:00+00:00,1,True,0,4
5918,WELL-00026_20170608230000,WELL-00026,8,99,2017-06-13T02:00:00+00:00,1,True,0,4
5919,WELL-00026_20170608230000,WELL-00026,8,100,2017-06-13T03:00:00+00:00,1,True,0,4
5920,WELL-00026_20170608230000,WELL-00026,8,101,2017-06-13T04:00:00+00:00,1,True,0,4
5921,WELL-00026_20170608230000,WELL-00026,8,102,2017-06-13T05:00:00+00:00,1,True,0,4
5922,WELL-00026_20170608230000,WELL-00026,8,103,2017-06-13T06:00:00+00:00,1,True,0,4
5923,WELL-00026_20170608230000,WELL-00026,8,104,2017-06-13T07:00:00+00:00,1,True,0,4
5924,WELL-00026_20170608230000,WELL-00026,8,105,2017-06-13T08:00:00+00:00,1,True,0,4
5925,WELL-00026_20170608230000,WELL-00026,8,106,2017-06-13T09:00:00+00:00,1,True,0,4
5926,WELL-00026_20170608230000,WELL-00026,8,107,2017-06-13T10:00:00+00:00,1,True,0,4
5927,WELL-00026_20170608230000,WELL-00026,8,108,2017-06-13T11:00:00+00:00,1,True,0,4
5928,WELL-00026_20170608230000,WELL-00026,8,109,2017-06-13T12:00:00+00:00,1,True,0,4
5929,WELL-00026_20170608230000,WELL-00026,8,110,2017-06-13T13:00:00+00:00,1,True,0,4
5930,WELL-00026_20170608230000,WELL-00026,8,111,2017-06-13T14:00:00+00:00,1,True,0,4
5931,WELL-00026_20170608230000,WELL-00026,8,112,2017-06-13T15:00:00+00:00,1,True,0,4
5932,WELL-00026_20170608230000,WELL-00026,8,113,2017-06-13T16:00:00+00:00,1,True,0,4
5933,WELL-00026_20170608230000,WELL-00026,8,114,2017-06-13T17:00:00+00:00,1,True,0,4
5934,WELL-00026_20170608230000,WELL-00026,8,115,2017-06-13T18:00:00+00:00,1,True,0,4
5935,WELL-00026_20170608230000,WELL-00026,8,116,2017-06-13T19:00:00+00:00,1,True,0,4
5936,WELL-00026_20170608230000,WELL-00026,8,117,2017-06-13T20:00:00+00:00,1,True,0,4
5937,WELL-00026_20170608230000,WELL-00026,8,118,2017-06-13T21:00:00+00:00,1,True,0,4
5938,WELL-00026_20170608230000,WELL-00026,8,119,2017-06-13T22:00:00+00:00,1,True,0,4
5939,WELL-00026_20170608230000,WELL-00026,8,120,2017-06-13T23:00:00+00:00,1,True,0,4
5940,WELL-00026_20170608230000,WELL-00026,8,121,2017-06-14T00:00:00+00:00,1,True,0,4
5941,WELL-00026_20170608230000,WELL-00026,8,122,2017-06-14T01:00:00+00:00,1,True,0,4
5942,WELL-00026_20170608230000,WELL-00026,8,123,2017-06-14T02:00:00+00:00,1,True,0,4
5943,WELL-00026_20170608230000,WELL-00026,8,124,2017-06-14T03:00:00+00:00,1,True,0,4
5944,WELL-00026_20170608230000,WELL-00026,8,125,2017-06-14T04:00:00+00:00,1,True,0,4
5945,WELL-00026_20170608230000,WELL-00026,8,126,2017-06-14T05:00:00+00:00,1,True,0,4
5946,WELL-00026_20170608230000,WELL-00026,8,127,2017-06-14T06:00:00+00:00,1,True,0,4
5947,WELL-00026_20170608230000,WELL-00026,8,128,2017-06-14T07:00:00+00:00,1,True,0,4
5948,WELL-00026_20170608230000,WELL-00026,8,129,2017-06-14T08:00:00+00:00,1,True,0,4
5949,WELL-00026_20170608230000,WELL-00026,8,130,2017-06-14T09:00:00+00:00,1,True,0,4
5950,WELL-00026_20170608230000,WELL-00026,8,131,2017-06-14T10:00:00+00:00,1,True,0,4
5951,WELL-00026_20170608230000,WELL-00026,8,132,2017-06-14T11:00:00+00:00,1,True,0,4
5952,WELL-00026_20170608230000,WELL-00026,8,133,2017-06-14T12:00:00+00:00,1,True,0,4
5953,WELL-00026_20170608230000,WELL-00026,8,134,2017-06-14T13:00:00+00:00,1,True,0,4
5954,WELL-00026_20170608230000,WELL-00026,8,135,2017-06-14T14:00:00+00:00,1,True,0,4
5955,WELL-00026_20170608230000,WELL-00026,8,136,2017-06-14T15:00:00+00:00,1,True,0,4
5956,WELL-00026_20170608230000,WELL-00026,8,137,2017-06-14T16:00:00+00:00,1,True,0,4
5957,WELL-00026_20170608230000,WELL-00026,8,138,2017-06-14T17:00:00+00:00,1,True,0,4
5958,WELL-00026_20170608230000,WELL-00026,8,139,2017-06-14T18:00:00+00:00,1,True,0,4
5959,WELL-00026_20170608230000,WELL-00026,8,140,2017-06-14T19:00:00+00:00,1,True,0,4
5960,WELL-00026_20170608230000,WELL-00026,8,141,2017-06-14T20:00:00+00:00,1,True,0,4
5961,WELL-00026_20170608230000,WELL-00026,8,142,2017-06-14T21:00:00+00:00,1,True,0,4
5962,WELL-00026_20170608230000,WELL-00026,8,143,2017-06-14T22:00:00+00:00,1,True,0,4
5963,WELL-00026_20170608230000,WELL-00026,8,144,2017-06-14T23:00:00+00:00,1,True,0,4
5964,WELL-00027_20230918170106,WELL-00027,8,1,2023-09-18T18:01:06+00:00,0,False,0,4
5965,WELL-00027_20230918170106,WELL-00027,8,2,2023-09-18T19:01:06+00:00,0,False,0,4
5966,WELL-00027_20230918170106,WELL-00027,8,3,2023-09-18T20:01:06+00:00,0,False,0,4
5967,WELL-00027_20230918170106,WELL-00027,8,4,2023-09-18T21:01:06+00:00,0,False,0,4
5968,WELL-00027_20230918170106,WELL-00027,8,5,2023-09-18T22:01:06+00:00,0,False,0,4
5969,WELL-00027_20230918170106,WELL-00027,8,6,2023-09-18T23:01:06+00:00,0,False,0,4
5970,WELL-00027_20230918170106,WELL-00027,8,7,2023-09-19T00:01:06+00:00,0,False,0,4
5971,WELL-00027_20230918170106,WELL-00027,8,8,2023-09-19T01:01:06+00:00,0,False,0,4
5972,WELL-00027_20230918170106,WELL-00027,8,9,2023-09-19T02:01:06+00:00,0,False,0,4
5973,WELL-00027_20230918170106,WELL-00027,8,10,2023-09-19T03:01:06+00:00,0,False,0,4
5974,WELL-00027_20230918170106,WELL-00027,8,11,2023-09-19T04:01:06+00:00,0,False,0,4
5975,WELL-00027_20230918170106,WELL-00027,8,12,2023-09-19T05:01:06+00:00,0,False,0,4
5976,WELL-00027_20230918170106,WELL-00027,8,13,2023-09-19T06:01:06+00:00,0,False,0,4
5977,WELL-00027_20230918170106,WELL-00027,8,14,2023-09-19T07:01:06+00:00,1,True,0,4
5978,WELL-00027_20230918170106,WELL-00027,8,15,2023-09-19T08:01:06+00:00,1,True,1,4
5979,WELL-00027_20230918170106,WELL-00027,8,16,2023-09-19T09:01:06+00:00,1,True,1,4
5980,WELL-00027_20230918170106,WELL-00027,8,17,2023-09-19T10:01:06+00:00,1,True,1,4
5981,WELL-00027_20230918170106,WELL-00027,8,18,2023-09-19T11:01:06+00:00,1,True,1,4
5982,WELL-00027_20230918170106,WELL-00027,8,19,2023-09-19T12:01:06+00:00,1,True,1,4
5983,WELL-00027_20230918170106,WELL-00027,8,20,2023-09-19T13:01:06+00:00,1,True,1,4
5984,WELL-00027_20230918170106,WELL-00027,8,21,2023-09-19T14:01:06+00:00,1,True,1,4
5985,WELL-00027_20230918170106,WELL-00027,8,22,2023-09-19T15:01:06+00:00,1,True,1,4
5986,WELL-00027_20230918170106,WELL-00027,8,23,2023-09-19T16:01:06+00:00,1,True,1,4
5987,WELL-00027_20230918170106,WELL-00027,8,24,2023-09-19T17:01:06+00:00,1,True,1,4
5988,WELL-00027_20230918170106,WELL-00027,8,25,2023-09-19T18:01:06+00:00,1,True,1,4
5989,WELL-00027_20230918170106,WELL-00027,8,26,2023-09-19T19:01:06+00:00,1,True,1,4
5990,WELL-00027_20230918170106,WELL-00027,8,27,2023-09-19T20:01:06+00:00,1,True,1,4
5991,WELL-00027_20230918170106,WELL-00027,8,28,2023-09-19T21:01:06+00:00,1,True,1,4
5992,WELL-00027_20230918170106,WELL-00027,8,29,2023-09-19T22:01:06+00:00,1,True,1,4
5993,WELL-00027_20230918170106,WELL-00027,8,30,2023-09-19T23:01:06+00:00,1,True,1,4
5994,WELL-00027_20230918170106,WELL-00027,8,31,2023-09-20T00:01:06+00:00,1,True,1,4
5995,WELL-00027_20230918170106,WELL-00027,8,32,2023-09-20T01:01:06+00:00,1,True,1,4
5996,WELL-00027_20230918170106,WELL-00027,8,33,2023-09-20T02:01:06+00:00,1,True,1,4
5997,WELL-00027_20230918170106,WELL-00027,8,34,2023-09-20T03:01:06+00:00,1,True,1,4
5998,WELL-00027_20230918170106,WELL-00027,8,35,2023-09-20T04:01:06+00:00,1,True,1,4
5999,WELL-00027_20230918170106,WELL-00027,8,36,2023-09-20T05:01:06+00:00,1,True,1,4
6000,WELL-00027_20230918170106,WELL-00027,8,37,2023-09-20T06:01:06+00:00,1,True,1,4
6001,WELL-00027_20230918170106,WELL-00027,8,38,2023-09-20T07:01:06+00:00,1,True,1,4
6002,WELL-00027_20230918170106,WELL-00027,8,39,2023-09-20T08:01:06+00:00,1,True,1,4
6003,WELL-00027_20230918170106,WELL-00027,8,40,2023-09-20T09:01:06+00:00,1,True,1,4
6004,WELL-00027_20230918170106,WELL-00027,8,41,2023-09-20T10:01:06+00:00,1,True,1,4
6005,WELL-00027_20230918170106,WELL-00027,8,42,2023-09-20T11:01:06+00:00,1,True,1,4
6006,WELL-00027_20230918170106,WELL-00027,8,43,2023-09-20T12:01:06+00:00,1,True,1,4
6007,WELL-00027_20230918170106,WELL-00027,8,44,2023-09-20T13:01:06+00:00,1,True,1,4
6008,WELL-00027_20230918170106,WELL-00027,8,45,2023-09-20T14:01:06+00:00,1,True,1,4
6009,WELL-00027_20230918170106,WELL-00027,8,46,2023-09-20T15:01:06+00:00,1,True,1,4
6010,WELL-00027_20230918170106,WELL-00027,8,47,2023-09-20T16:01:06+00:00,1,True,1,4
6011,WELL-00027_20230918170106,WELL-00027,8,48,2023-09-20T17:01:06+00:00,1,True,1,4
6012,WELL-00027_20230918170106,WELL-00027,8,49,2023-09-20T18:01:06+00:00,1,True,1,4
6013,WELL-00027_20230918170106,WELL-00027,8,50,2023-09-20T19:01:06+00:00,1,True,1,4
6014,WELL-00027_20230918170106,WELL-00027,8,51,2023-09-20T20:01:06+00:00,1,True,1,4
6015,WELL-00027_20230918170106,WELL-00027,8,52,2023-09-20T21:01:06+00:00,1,True,1,4
6016,WELL-00027_20230918170106,WELL-00027,8,53,2023-09-20T22:01:06+00:00,1,True,1,4
6017,WELL-00027_20230918170106,WELL-00027,8,54,2023-09-20T23:01:06+00:00,1,True,1,4
6018,WELL-00027_20230918170106,WELL-00027,8,55,2023-09-21T00:01:06+00:00,1,True,1,4
6019,WELL-00027_20230918170106,WELL-00027,8,56,2023-09-21T01:01:06+00:00,1,True,1,4
6020,WELL-00027_20230918170106,WELL-00027,8,57,2023-09-21T02:01:06+00:00,1,True,1,4
6021,WELL-00027_20230918170106,WELL-00027,8,58,2023-09-21T03:01:06+00:00,1,True,1,4
6022,WELL-00027_20230918170106,WELL-00027,8,59,2023-09-21T04:01:06+00:00,1,True,1,4
6023,WELL-00027_20230918170106,WELL-00027,8,60,2023-09-21T05:01:06+00:00,1,True,1,4
6024,WELL-00027_20230918170106,WELL-00027,8,61,2023-09-21T06:01:06+00:00,1,True,1,4
6025,WELL-00027_20230918170106,WELL-00027,8,62,2023-09-21T07:01:06+00:00,1,True,1,4
6026,WELL-00027_20230918170106,WELL-00027,8,63,2023-09-21T08:01:06+00:00,1,True,1,4
6027,WELL-00027_20230918170106,WELL-00027,8,64,2023-09-21T09:01:06+00:00,1,True,1,4
6028,WELL-00027_20230918170106,WELL-00027,8,65,2023-09-21T10:01:06+00:00,1,True,1,4
6029,WELL-00027_20230918170106,WELL-00027,8,66,2023-09-21T11:01:06+00:00,1,True,1,4
6030,WELL-00027_20230918170106,WELL-00027,8,67,2023-09-21T12:01:06+00:00,1,True,1,4
6031,WELL-00027_20230918170106,WELL-00027,8,68,2023-09-21T13:01:06+00:00,1,True,1,4
6032,WELL-00027_20230918170106,WELL-00027,8,69,2023-09-21T14:01:06+00:00,1,True,1,4
6033,WELL-00027_20230918170106,WELL-00027,8,70,2023-09-21T15:01:06+00:00,1,True,1,4
6034,WELL-00027_20230918170106,WELL-00027,8,71,2023-09-21T16:01:06+00:00,1,True,1,4
6035,WELL-00027_20230918170106,WELL-00027,8,72,2023-09-21T17:01:06+00:00,1,True,1,4
6036,WELL-00027_20230918170106,WELL-00027,8,73,2023-09-21T18:01:06+00:00,1,True,1,4
6037,WELL-00027_20230918170106,WELL-00027,8,74,2023-09-21T19:01:06+00:00,1,True,1,4
6038,WELL-00027_20230918170106,WELL-00027,8,75,2023-09-21T20:01:06+00:00,1,True,1,4
6039,WELL-00027_20230918170106,WELL-00027,8,76,2023-09-21T21:01:06+00:00,1,True,1,4
6040,WELL-00027_20230918170106,WELL-00027,8,77,2023-09-21T22:01:06+00:00,1,True,1,4
6041,WELL-00027_20230918170106,WELL-00027,8,78,2023-09-21T23:01:06+00:00,1,True,1,4
6042,WELL-00027_20230918170106,WELL-00027,8,79,2023-09-22T00:01:06+00:00,1,True,1,4
6043,WELL-00027_20230918170106,WELL-00027,8,80,2023-09-22T01:01:06+00:00,1,True,1,4
6044,WELL-00027_20230918170106,WELL-00027,8,81,2023-09-22T02:01:06+00:00,1,True,1,4
6045,WELL-00027_20230918170106,WELL-00027,8,82,2023-09-22T03:01:06+00:00,1,True,1,4
6046,WELL-00027_20230918170106,WELL-00027,8,83,2023-09-22T04:01:06+00:00,1,True,1,4
6047,WELL-00027_20230918170106,WELL-00027,8,84,2023-09-22T05:01:06+00:00,1,True,1,4
6048,WELL-00027_20230918170106,WELL-00027,8,85,2023-09-22T06:01:06+00:00,1,True,1,4
6049,WELL-00027_20230918170106,WELL-00027,8,86,2023-09-22T07:01:06+00:00,1,True,1,4
6050,WELL-00027_20230918170106,WELL-00027,8,87,2023-09-22T08:01:06+00:00,1,True,1,4
6051,WELL-00027_20230918170106,WELL-00027,8,88,2023-09-22T09:01:06+00:00,1,True,1,4
6052,WELL-00027_20230918170106,WELL-00027,8,89,2023-09-22T10:01:06+00:00,1,True,1,4
6053,WELL-00027_20230918170106,WELL-00027,8,90,2023-09-22T11:01:06+00:00,1,True,1,4
6054,WELL-00027_20230918170106,WELL-00027,8,91,2023-09-22T12:01:06+00:00,1,True,1,4
6055,WELL-00027_20230918170106,WELL-00027,8,92,2023-09-22T13:01:06+00:00,1,True,1,4
6056,WELL-00027_20230918170106,WELL-00027,8,93,2023-09-22T14:01:06+00:00,1,True,1,4
6057,WELL-00027_20230918170106,WELL-00027,8,94,2023-09-22T15:01:06+00:00,1,True,1,4
6058,WELL-00027_20230918170106,WELL-00027,8,95,2023-09-22T16:01:06+00:00,1,True,1,4
6059,WELL-00027_20230918170106,WELL-00027,8,96,2023-09-22T17:01:06+00:00,1,True,1,4
6060,WELL-00027_20230918170106,WELL-00027,8,97,2023-09-22T18:01:06+00:00,1,True,1,4
6061,WELL-00027_20230918170106,WELL-00027,8,98,2023-09-22T19:01:06+00:00,1,True,1,4
6062,WELL-00027_20230918170106,WELL-00027,8,99,2023-09-22T20:01:06+00:00,1,True,1,4
6063,WELL-00027_20230918170106,WELL-00027,8,100,2023-09-22T21:01:06+00:00,1,True,1,4
6064,WELL-00027_20230918170106,WELL-00027,8,101,2023-09-22T22:01:06+00:00,1,True,1,4
6065,WELL-00027_20230918170106,WELL-00027,8,102,2023-09-22T23:01:06+00:00,1,True,1,4
6066,WELL-00027_20230918170106,WELL-00027,8,103,2023-09-23T00:01:06+00:00,1,True,1,4
6067,WELL-00027_20230918170106,WELL-00027,8,104,2023-09-23T01:01:06+00:00,1,True,1,4
6068,WELL-00027_20230918170106,WELL-00027,8,105,2023-09-23T02:01:06+00:00,1,True,1,4
6069,WELL-00027_20230918170106,WELL-00027,8,106,2023-09-23T03:01:06+00:00,1,True,1,4
6070,WELL-00027_20230918170106,WELL-00027,8,107,2023-09-23T04:01:06+00:00,1,True,1,4
6071,WELL-00027_20230918170106,WELL-00027,8,108,2023-09-23T05:01:06+00:00,1,True,1,4
6072,WELL-00027_20230918170106,WELL-00027,8,109,2023-09-23T06:01:06+00:00,1,True,1,4
6073,WELL-00027_20230918170106,WELL-00027,8,110,2023-09-23T07:01:06+00:00,1,True,1,4
6074,WELL-00027_20230918170106,WELL-00027,8,111,2023-09-23T08:01:06+00:00,1,True,1,4
6075,WELL-00027_20230918170106,WELL-00027,8,112,2023-09-23T09:01:06+00:00,1,True,1,4
6076,WELL-00027_20230918170106,WELL-00027,8,113,2023-09-23T10:01:06+00:00,1,True,1,4
6077,WELL-00027_20230918170106,WELL-00027,8,114,2023-09-23T11:01:06+00:00,1,True,1,4
6078,WELL-00027_20230918170106,WELL-00027,8,115,2023-09-23T12:01:06+00:00,1,True,1,4
6079,WELL-00027_20230918170106,WELL-00027,8,116,2023-09-23T13:01:06+00:00,1,True,1,4
6080,WELL-00027_20230918170106,WELL-00027,8,117,2023-09-23T14:01:06+00:00,1,True,1,4
6081,WELL-00027_20230918170106,WELL-00027,8,118,2023-09-23T15:01:06+00:00,1,True,1,4
6082,WELL-00027_20230918170106,WELL-00027,8,119,2023-09-23T16:01:06+00:00,1,True,1,4
6083,WELL-00027_20230918170106,WELL-00027,8,120,2023-09-23T17:01:06+00:00,1,True,1,4
6084,WELL-00027_20230918170106,WELL-00027,8,121,2023-09-23T18:01:06+00:00,1,True,1,4
6085,WELL-00027_20230918170106,WELL-00027,8,122,2023-09-23T19:01:06+00:00,1,True,1,4
6086,WELL-00027_20230918170106,WELL-00027,8,123,2023-09-23T20:01:06+00:00,1,True,1,4
6087,WELL-00027_20230918170106,WELL-00027,8,124,2023-09-23T21:01:06+00:00,1,True,1,4
6088,WELL-00027_20230918170106,WELL-00027,8,125,2023-09-23T22:01:06+00:00,1,True,1,4
6089,WELL-00027_20230918170106,WELL-00027,8,126,2023-09-23T23:01:06+00:00,1,True,1,4
6090,WELL-00027_20230918170106,WELL-00027,8,127,2023-09-24T00:01:06+00:00,1,True,1,4
6091,WELL-00027_20230918170106,WELL-00027,8,128,2023-09-24T01:01:06+00:00,1,True,1,4
6092,WELL-00027_20230918170106,WELL-00027,8,129,2023-09-24T02:01:06+00:00,1,True,1,4
6093,WELL-00027_20230918170106,WELL-00027,8,130,2023-09-24T03:01:06+00:00,1,True,1,4
6094,WELL-00027_20230918170106,WELL-00027,8,131,2023-09-24T04:01:06+00:00,1,True,1,4
6095,WELL-00027_20230918170106,WELL-00027,8,132,2023-09-24T05:01:06+00:00,1,True,1,4
6096,WELL-00027_20230918170106,WELL-00027,8,133,2023-09-24T06:01:06+00:00,1,True,1,4
6097,WELL-00027_20230918170106,WELL-00027,8,134,2023-09-24T07:01:06+00:00,1,True,1,4
6098,WELL-00027_20230918170106,WELL-00027,8,135,2023-09-24T08:01:06+00:00,1,True,1,4
6099,WELL-00027_20230918170106,WELL-00027,8,136,2023-09-24T09:01:06+00:00,1,True,1,4
6100,WELL-00027_20230918170106,WELL-00027,8,137,2023-09-24T10:01:06+00:00,1,True,1,4
6101,WELL-00027_20230918170106,WELL-00027,8,138,2023-09-24T11:01:06+00:00,1,True,1,4
6102,WELL-00027_20230918170106,WELL-00027,8,139,2023-09-24T12:01:06+00:00,1,True,1,4
6103,WELL-00027_20230918170106,WELL-00027,8,140,2023-09-24T13:01:06+00:00,1,True,1,4
6104,WELL-00027_20230918170106,WELL-00027,8,141,2023-09-24T14:01:06+00:00,1,True,1,4
6105,WELL-00027_20230918170106,WELL-00027,8,142,2023-09-24T15:01:06+00:00,1,True,1,4
6106,WELL-00027_20230918170106,WELL-00027,8,143,2023-09-24T16:01:06+00:00,1,True,1,4
6107,WELL-00027_20230918170106,WELL-00027,8,144,2023-09-24T17:01:06+00:00,1,True,1,4
6108,WELL-00027_20230918170106,WELL-00027,8,145,2023-09-24T18:01:06+00:00,1,True,1,4
6109,WELL-00027_20230918170106,WELL-00027,8,146,2023-09-24T19:01:06+00:00,1,True,1,4
6110,WELL-00027_20230918170106,WELL-00027,8,147,2023-09-24T20:01:06+00:00,1,True,1,4
6111,WELL-00027_20230918170106,WELL-00027,8,148,2023-09-24T21:01:06+00:00,1,True,1,4
6112,WELL-00027_20230918170106,WELL-00027,8,149,2023-09-24T22:01:06+00:00,1,True,1,4
6113,WELL-00027_20230918170106,WELL-00027,8,150,2023-09-24T23:01:06+00:00,1,True,1,4
6114,WELL-00027_20230918170106,WELL-00027,8,151,2023-09-25T00:01:06+00:00,1,True,1,4
6115,WELL-00027_20230918170106,WELL-00027,8,152,2023-09-25T01:01:06+00:00,1,True,1,4
6116,WELL-00027_20230918170106,WELL-00027,8,153,2023-09-25T02:01:06+00:00,1,True,1,4
6117,WELL-00027_20230918170106,WELL-00027,8,154,2023-09-25T03:01:06+00:00,1,True,1,4
6118,WELL-00027_20230918170106,WELL-00027,8,155,2023-09-25T04:01:06+00:00,1,True,1,4
6119,WELL-00027_20230918170106,WELL-00027,8,156,2023-09-25T05:01:06+00:00,1,True,1,4
6120,WELL-00027_20230918170106,WELL-00027,8,157,2023-09-25T06:01:06+00:00,1,True,1,4
6121,WELL-00027_20230918170106,WELL-00027,8,158,2023-09-25T07:01:06+00:00,1,True,1,4
6122,WELL-00027_20230918170106,WELL-00027,8,159,2023-09-25T08:01:06+00:00,1,True,1,4
6123,WELL-00027_20230918170106,WELL-00027,8,160,2023-09-25T09:01:06+00:00,1,True,1,4
6124,WELL-00027_20230918170106,WELL-00027,8,161,2023-09-25T10:01:06+00:00,1,True,1,4
6125,WELL-00027_20230918170106,WELL-00027,8,162,2023-09-25T11:01:06+00:00,1,True,1,4
6126,WELL-00027_20230918170106,WELL-00027,8,163,2023-09-25T12:01:06+00:00,1,True,1,4
6127,WELL-00027_20230918170106,WELL-00027,8,164,2023-09-25T13:01:06+00:00,1,True,1,4
6128,WELL-00027_20230918170106,WELL-00027,8,165,2023-09-25T14:01:06+00:00,1,True,1,4
6129,WELL-00027_20230918170106,WELL-00027,8,166,2023-09-25T15:01:06+00:00,1,True,1,4
6130,WELL-00027_20230918170106,WELL-00027,8,167,2023-09-25T16:01:06+00:00,1,True,1,4
6131,WELL-00027_20230918170106,WELL-00027,8,168,2023-09-25T17:01:06+00:00,1,True,1,4
6132,WELL-00027_20230918170106,WELL-00027,8,169,2023-09-25T18:01:06+00:00,1,True,1,4
6133,WELL-00027_20230918170106,WELL-00027,8,170,2023-09-25T19:01:06+00:00,1,True,1,4
6134,WELL-00027_20230918170106,WELL-00027,8,171,2023-09-25T20:01:06+00:00,1,True,1,4
6135,WELL-00027_20230918170106,WELL-00027,8,172,2023-09-25T21:01:06+00:00,1,True,1,4
6136,WELL-00027_20230918170106,WELL-00027,8,173,2023-09-25T22:01:06+00:00,1,True,1,4
6137,WELL-00027_20230918170106,WELL-00027,8,174,2023-09-25T23:01:06+00:00,1,True,1,4
6138,WELL-00027_20230918170106,WELL-00027,8,175,2023-09-26T00:01:06+00:00,1,True,1,4
6139,WELL-00027_20230918170106,WELL-00027,8,176,2023-09-26T01:01:06+00:00,1,True,1,4
6140,WELL-00027_20230918170106,WELL-00027,8,177,2023-09-26T02:01:06+00:00,1,True,1,4
6141,WELL-00027_20230918170106,WELL-00027,8,178,2023-09-26T03:01:06+00:00,1,True,1,4
6142,WELL-00027_20230918170106,WELL-00027,8,179,2023-09-26T04:01:06+00:00,1,True,1,4
6143,WELL-00027_20230918170106,WELL-00027,8,180,2023-09-26T05:01:06+00:00,1,True,1,4
6144,WELL-00027_20230918170106,WELL-00027,8,181,2023-09-26T06:01:06+00:00,1,False,2,4
6145,WELL-00027_20230918170106,WELL-00027,8,182,2023-09-26T07:01:06+00:00,1,False,2,4
6146,WELL-00027_20230918170106,WELL-00027,8,183,2023-09-26T08:01:06+00:00,1,False,2,4
6147,WELL-00027_20230918170106,WELL-00027,8,184,2023-09-26T09:01:06+00:00,1,False,2,4
6148,WELL-00027_20230918170106,WELL-00027,8,185,2023-09-26T10:01:06+00:00,1,False,2,4
6149,WELL-00027_20230918170106,WELL-00027,8,186,2023-09-26T11:01:06+00:00,1,False,2,4
6150,WELL-00027_20230918170106,WELL-00027,8,187,2023-09-26T12:01:06+00:00,1,False,2,4
6151,WELL-00027_20230918170106,WELL-00027,8,188,2023-09-26T13:01:06+00:00,1,False,2,4
6152,WELL-00028_20210617053128,WELL-00028,8,1,2021-06-17T06:31:28+00:00,0,False,0,5
6153,WELL-00028_20210617053128,WELL-00028,8,2,2021-06-17T07:31:28+00:00,0,False,0,5
6154,WELL-00028_20210617053128,WELL-00028,8,3,2021-06-17T08:31:28+00:00,0,False,0,5
6155,WELL-00028_20210617053128,WELL-00028,8,4,2021-06-17T09:31:28+00:00,0,False,0,5
6156,WELL-00028_20210617053128,WELL-00028,8,5,2021-06-17T10:31:28+00:00,0,False,0,5
6157,WELL-00028_20210617053128,WELL-00028,8,6,2021-06-17T11:31:28+00:00,0,False,0,5
6158,WELL-00028_20210617053128,WELL-00028,8,7,2021-06-17T12:31:28+00:00,0,False,0,5
6159,WELL-00028_20210617053128,WELL-00028,8,8,2021-06-17T13:31:28+00:00,0,False,0,5
6160,WELL-00028_20210617053128,WELL-00028,8,9,2021-06-17T14:31:28+00:00,0,False,0,5
6161,WELL-00028_20210617053128,WELL-00028,8,10,2021-06-17T15:31:28+00:00,0,False,0,5
6162,WELL-00028_20210617053128,WELL-00028,8,11,2021-06-17T16:31:28+00:00,0,False,0,5
6163,WELL-00028_20210617053128,WELL-00028,8,12,2021-06-17T17:31:28+00:00,0,False,0,5
6164,WELL-00028_20210617053128,WELL-00028,8,13,2021-06-17T18:31:28+00:00,1,True,0,5
6165,WELL-00028_20210617053128,WELL-00028,8,14,2021-06-17T19:31:28+00:00,1,True,0,5
6166,WELL-00028_20210617053128,WELL-00028,8,15,2021-06-17T20:31:28+00:00,1,True,0,5
6167,WELL-00028_20210617053128,WELL-00028,8,16,2021-06-17T21:31:28+00:00,1,True,0,5
6168,WELL-00028_20210617053128,WELL-00028,8,17,2021-06-17T22:31:28+00:00,1,True,0,5
6169,WELL-00028_20210617053128,WELL-00028,8,18,2021-06-17T23:31:28+00:00,1,True,0,5
6170,WELL-00028_20210617053128,WELL-00028,8,19,2021-06-18T00:31:28+00:00,1,True,0,5
6171,WELL-00028_20210617053128,WELL-00028,8,20,2021-06-18T01:31:28+00:00,1,True,1,5
6172,WELL-00028_20210617053128,WELL-00028,8,21,2021-06-18T02:31:28+00:00,1,True,1,5
6173,WELL-00028_20210617053128,WELL-00028,8,22,2021-06-18T03:31:28+00:00,1,True,1,5
6174,WELL-00028_20210617053128,WELL-00028,8,23,2021-06-18T04:31:28+00:00,1,True,8,5
6175,WELL-00028_20210617053128,WELL-00028,8,24,2021-06-18T05:31:28+00:00,1,True,8,5
6176,WELL-00028_20210617053128,WELL-00028,8,25,2021-06-18T06:31:28+00:00,1,True,8,5
6177,WELL-00028_20210617053128,WELL-00028,8,26,2021-06-18T07:31:28+00:00,1,True,1,5
6178,WELL-00028_20210617053128,WELL-00028,8,27,2021-06-18T08:31:28+00:00,1,True,1,5
6179,WELL-00028_20210617053128,WELL-00028,8,28,2021-06-18T09:31:28+00:00,1,True,1,5
6180,WELL-00028_20210617053128,WELL-00028,8,29,2021-06-18T10:31:28+00:00,1,True,1,5
6181,WELL-00028_20210617053128,WELL-00028,8,30,2021-06-18T11:31:28+00:00,1,True,1,5
6182,WELL-00028_20210617053128,WELL-00028,8,31,2021-06-18T12:31:28+00:00,1,True,1,5
6183,WELL-00028_20210617053128,WELL-00028,8,32,2021-06-18T13:31:28+00:00,1,True,1,5
6184,WELL-00028_20210617053128,WELL-00028,8,33,2021-06-18T14:31:28+00:00,1,True,1,5
6185,WELL-00028_20210617053128,WELL-00028,8,34,2021-06-18T15:31:28+00:00,1,True,1,5
6186,WELL-00028_20210617053128,WELL-00028,8,35,2021-06-18T16:31:28+00:00,1,True,1,5
6187,WELL-00028_20210617053128,WELL-00028,8,36,2021-06-18T17:31:28+00:00,1,True,1,5
6188,WELL-00028_20210617053128,WELL-00028,8,37,2021-06-18T18:31:28+00:00,1,True,1,5
6189,WELL-00028_20210617053128,WELL-00028,8,38,2021-06-18T19:31:28+00:00,1,True,1,5
6190,WELL-00028_20210617053128,WELL-00028,8,39,2021-06-18T20:31:28+00:00,1,True,1,5
6191,WELL-00028_20210617053128,WELL-00028,8,40,2021-06-18T21:31:28+00:00,1,True,1,5
6192,WELL-00028_20210617053128,WELL-00028,8,41,2021-06-18T22:31:28+00:00,1,True,1,5
6193,WELL-00028_20210617053128,WELL-00028,8,42,2021-06-18T23:31:28+00:00,1,True,1,5
6194,WELL-00028_20210617053128,WELL-00028,8,43,2021-06-19T00:31:28+00:00,1,True,1,5
6195,WELL-00028_20210617053128,WELL-00028,8,44,2021-06-19T01:31:28+00:00,1,True,1,5
6196,WELL-00028_20210617053128,WELL-00028,8,45,2021-06-19T02:31:28+00:00,1,True,1,5
6197,WELL-00028_20210617053128,WELL-00028,8,46,2021-06-19T03:31:28+00:00,1,True,1,5
6198,WELL-00028_20210617053128,WELL-00028,8,47,2021-06-19T04:31:28+00:00,1,True,1,5
6199,WELL-00028_20210617053128,WELL-00028,8,48,2021-06-19T05:31:28+00:00,1,True,1,5
6200,WELL-00028_20210617053128,WELL-00028,8,49,2021-06-19T06:31:28+00:00,1,True,1,5
6201,WELL-00028_20210617053128,WELL-00028,8,50,2021-06-19T07:31:28+00:00,1,True,1,5
6202,WELL-00028_20210617053128,WELL-00028,8,51,2021-06-19T08:31:28+00:00,1,True,1,5
6203,WELL-00028_20210617053128,WELL-00028,8,52,2021-06-19T09:31:28+00:00,1,True,1,5
6204,WELL-00028_20210617053128,WELL-00028,8,53,2021-06-19T10:31:28+00:00,1,True,1,5
6205,WELL-00028_20210617053128,WELL-00028,8,54,2021-06-19T11:31:28+00:00,1,True,1,5
6206,WELL-00028_20210617053128,WELL-00028,8,55,2021-06-19T12:31:28+00:00,1,True,1,5
6207,WELL-00028_20210617053128,WELL-00028,8,56,2021-06-19T13:31:28+00:00,1,True,1,5
6208,WELL-00028_20210617053128,WELL-00028,8,57,2021-06-19T14:31:28+00:00,1,True,1,5
6209,WELL-00028_20210617053128,WELL-00028,8,58,2021-06-19T15:31:28+00:00,1,True,1,5
6210,WELL-00028_20210617053128,WELL-00028,8,59,2021-06-19T16:31:28+00:00,1,True,1,5
6211,WELL-00028_20210617053128,WELL-00028,8,60,2021-06-19T17:31:28+00:00,1,True,1,5
6212,WELL-00028_20210617053128,WELL-00028,8,61,2021-06-19T18:31:28+00:00,1,True,1,5
6213,WELL-00028_20210617053128,WELL-00028,8,62,2021-06-19T19:31:28+00:00,1,True,1,5
6214,WELL-00028_20210617053128,WELL-00028,8,63,2021-06-19T20:31:28+00:00,1,True,1,5
6215,WELL-00028_20210617053128,WELL-00028,8,64,2021-06-19T21:31:28+00:00,1,True,1,5
6216,WELL-00028_20210617053128,WELL-00028,8,65,2021-06-19T22:31:28+00:00,1,True,1,5
6217,WELL-00028_20210617053128,WELL-00028,8,66,2021-06-19T23:31:28+00:00,1,True,1,5
6218,WELL-00028_20210617053128,WELL-00028,8,67,2021-06-20T00:31:28+00:00,1,True,1,5
6219,WELL-00028_20210617053128,WELL-00028,8,68,2021-06-20T01:31:28+00:00,1,True,1,5
6220,WELL-00028_20210617053128,WELL-00028,8,69,2021-06-20T02:31:28+00:00,1,True,1,5
6221,WELL-00028_20210617053128,WELL-00028,8,70,2021-06-20T03:31:28+00:00,1,True,1,5
6222,WELL-00028_20210617053128,WELL-00028,8,71,2021-06-20T04:31:28+00:00,1,True,1,5
6223,WELL-00028_20210617053128,WELL-00028,8,72,2021-06-20T05:31:28+00:00,1,True,2,5
6224,WELL-00028_20210617053128,WELL-00028,8,73,2021-06-20T06:31:28+00:00,1,True,2,5
6225,WELL-00028_20210617053128,WELL-00028,8,74,2021-06-20T07:31:28+00:00,1,True,2,5
6226,WELL-00028_20210617053128,WELL-00028,8,75,2021-06-20T08:31:28+00:00,1,True,2,5
6227,WELL-00028_20210617053128,WELL-00028,8,76,2021-06-20T09:31:28+00:00,1,True,2,5
6228,WELL-00028_20210617053128,WELL-00028,8,77,2021-06-20T10:31:28+00:00,1,True,2,5
6229,WELL-00028_20210617053128,WELL-00028,8,78,2021-06-20T11:31:28+00:00,1,True,5,5
6230,WELL-00028_20210617053128,WELL-00028,8,79,2021-06-20T12:31:28+00:00,1,True,5,5
6231,WELL-00028_20210617053128,WELL-00028,8,80,2021-06-20T13:31:28+00:00,1,True,5,5
6232,WELL-00028_20210617053128,WELL-00028,8,81,2021-06-20T14:31:28+00:00,1,True,5,5
6233,WELL-00028_20210617053128,WELL-00028,8,82,2021-06-20T15:31:28+00:00,1,True,5,5
6234,WELL-00028_20210617053128,WELL-00028,8,83,2021-06-20T16:31:28+00:00,1,True,3,5
6235,WELL-00028_20210617053128,WELL-00028,8,84,2021-06-20T17:31:28+00:00,1,True,3,5
6236,WELL-00028_20210617053128,WELL-00028,8,85,2021-06-20T18:31:28+00:00,1,True,6,5
6237,WELL-00028_20210617053128,WELL-00028,8,86,2021-06-20T19:31:28+00:00,1,True,7,5
6238,WELL-00028_20210617053128,WELL-00028,8,87,2021-06-20T20:31:28+00:00,1,True,7,5
6239,WELL-00028_20210617053128,WELL-00028,8,88,2021-06-20T21:31:28+00:00,1,False,7,5
6240,WELL-00028_20210617053128,WELL-00028,8,89,2021-06-20T22:31:28+00:00,1,False,7,5
6241,WELL-00029_20201020231724,WELL-00029,8,1,2020-10-21T00:17:24+00:00,0,False,0,6
6242,WELL-00029_20201020231724,WELL-00029,8,2,2020-10-21T01:17:24+00:00,0,False,0,6
6243,WELL-00029_20201020231724,WELL-00029,8,3,2020-10-21T02:17:24+00:00,0,False,0,6
6244,WELL-00029_20201020231724,WELL-00029,8,4,2020-10-21T03:17:24+00:00,0,False,0,6
6245,WELL-00029_20201020231724,WELL-00029,8,5,2020-10-21T04:17:24+00:00,0,False,0,6
6246,WELL-00029_20201020231724,WELL-00029,8,6,2020-10-21T05:17:24+00:00,0,False,0,6
6247,WELL-00029_20201020231724,WELL-00029,8,7,2020-10-21T06:17:24+00:00,0,False,0,6
6248,WELL-00029_20201020231724,WELL-00029,8,8,2020-10-21T07:17:24+00:00,0,False,0,6
6249,WELL-00029_20201020231724,WELL-00029,8,9,2020-10-21T08:17:24+00:00,0,False,0,6
6250,WELL-00029_20201020231724,WELL-00029,8,10,2020-10-21T09:17:24+00:00,0,False,0,6
6251,WELL-00029_20201020231724,WELL-00029,8,11,2020-10-21T10:17:24+00:00,0,False,0,6
6252,WELL-00029_20201020231724,WELL-00029,8,12,2020-10-21T11:17:24+00:00,0,False,0,6
6253,WELL-00029_20201020231724,WELL-00029,8,13,2020-10-21T12:17:24+00:00,0,False,0,6
6254,WELL-00029_20201020231724,WELL-00029,8,14,2020-10-21T13:17:24+00:00,0,False,0,6
6255,WELL-00029_20201020231724,WELL-00029,8,15,2020-10-21T14:17:24+00:00,0,False,0,6
6256,WELL-00029_20201020231724,WELL-00029,8,16,2020-10-21T15:17:24+00:00,1,True,0,6
6257,WELL-00029_20201020231724,WELL-00029,8,17,2020-10-21T16:17:24+00:00,1,True,1,6
6258,WELL-00029_20201020231724,WELL-00029,8,18,2020-10-21T17:17:24+00:00,1,True,1,6
6259,WELL-00029_20201020231724,WELL-00029,8,19,2020-10-21T18:17:24+00:00,1,True,1,6
6260,WELL-00029_20201020231724,WELL-00029,8,20,2020-10-21T19:17:24+00:00,1,True,1,6
6261,WELL-00029_20201020231724,WELL-00029,8,21,2020-10-21T20:17:24+00:00,1,True,1,6
6262,WELL-00029_20201020231724,WELL-00029,8,22,2020-10-21T21:17:24+00:00,1,True,8,6
6263,WELL-00029_20201020231724,WELL-00029,8,23,2020-10-21T22:17:24+00:00,1,True,1,6
6264,WELL-00029_20201020231724,WELL-00029,8,24,2020-10-21T23:17:24+00:00,1,True,1,6
6265,WELL-00029_20201020231724,WELL-00029,8,25,2020-10-22T00:17:24+00:00,1,True,1,6
6266,WELL-00029_20201020231724,WELL-00029,8,26,2020-10-22T01:17:24+00:00,1,True,1,6
6267,WELL-00029_20201020231724,WELL-00029,8,27,2020-10-22T02:17:24+00:00,1,True,1,6
6268,WELL-00029_20201020231724,WELL-00029,8,28,2020-10-22T03:17:24+00:00,1,True,4,6
6269,WELL-00029_20201020231724,WELL-00029,8,29,2020-10-22T04:17:24+00:00,1,True,4,6
6270,WELL-00029_20201020231724,WELL-00029,8,30,2020-10-22T05:17:24+00:00,1,True,4,6
6271,WELL-00029_20201020231724,WELL-00029,8,31,2020-10-22T06:17:24+00:00,1,True,4,6
6272,WELL-00029_20201020231724,WELL-00029,8,32,2020-10-22T07:17:24+00:00,1,True,4,6
6273,WELL-00029_20201020231724,WELL-00029,8,33,2020-10-22T08:17:24+00:00,1,True,1,6
6274,WELL-00029_20201020231724,WELL-00029,8,34,2020-10-22T09:17:24+00:00,1,True,1,6
6275,WELL-00029_20201020231724,WELL-00029,8,35,2020-10-22T10:17:24+00:00,1,True,1,6
6276,WELL-00029_20201020231724,WELL-00029,8,36,2020-10-22T11:17:24+00:00,1,True,1,6
6277,WELL-00029_20201020231724,WELL-00029,8,37,2020-10-22T12:17:24+00:00,1,True,1,6
6278,WELL-00029_20201020231724,WELL-00029,8,38,2020-10-22T13:17:24+00:00,1,True,1,6
6279,WELL-00029_20201020231724,WELL-00029,8,39,2020-10-22T14:17:24+00:00,1,False,1,6
6280,WELL-00030_20141108012623,WELL-00030,8,1,2014-11-08T02:26:23+00:00,0,False,0,6
6281,WELL-00030_20141108012623,WELL-00030,8,2,2014-11-08T03:26:23+00:00,0,False,0,6
6282,WELL-00030_20141108012623,WELL-00030,8,3,2014-11-08T04:26:23+00:00,0,False,0,6
6283,WELL-00030_20141108012623,WELL-00030,8,4,2014-11-08T05:26:23+00:00,0,False,0,6
6284,WELL-00030_20141108012623,WELL-00030,8,5,2014-11-08T06:26:23+00:00,0,False,0,6
6285,WELL-00030_20141108012623,WELL-00030,8,6,2014-11-08T07:26:23+00:00,0,False,0,6
6286,WELL-00030_20141108012623,WELL-00030,8,7,2014-11-08T08:26:23+00:00,0,False,0,6
6287,WELL-00030_20141108012623,WELL-00030,8,8,2014-11-08T09:26:23+00:00,0,False,0,6
6288,WELL-00030_20141108012623,WELL-00030,8,9,2014-11-08T10:26:23+00:00,1,True,0,6
6289,WELL-00030_20141108012623,WELL-00030,8,10,2014-11-08T11:26:23+00:00,1,True,0,6
6290,WELL-00030_20141108012623,WELL-00030,8,11,2014-11-08T12:26:23+00:00,1,True,0,6
6291,WELL-00030_20141108012623,WELL-00030,8,12,2014-11-08T13:26:23+00:00,1,True,0,6
6292,WELL-00030_20141108012623,WELL-00030,8,13,2014-11-08T14:26:23+00:00,1,True,0,6
6293,WELL-00030_20141108012623,WELL-00030,8,14,2014-11-08T15:26:23+00:00,1,True,0,6
6294,WELL-00030_20141108012623,WELL-00030,8,15,2014-11-08T16:26:23+00:00,1,True,0,6
6295,WELL-00030_20141108012623,WELL-00030,8,16,2014-11-08T17:26:23+00:00,1,True,1,6
6296,WELL-00030_20141108012623,WELL-00030,8,17,2014-11-08T18:26:23+00:00,1,True,1,6
6297,WELL-00030_20141108012623,WELL-00030,8,18,2014-11-08T19:26:23+00:00,1,True,1,6
6298,WELL-00030_20141108012623,WELL-00030,8,19,2014-11-08T20:26:23+00:00,1,True,1,6
6299,WELL-00030_20141108012623,WELL-00030,8,20,2014-11-08T21:26:23+00:00,1,True,1,6
6300,WELL-00030_20141108012623,WELL-00030,8,21,2014-11-08T22:26:23+00:00,1,True,1,6
6301,WELL-00030_20141108012623,WELL-00030,8,22,2014-11-08T23:26:23+00:00,1,True,1,6
6302,WELL-00030_20141108012623,WELL-00030,8,23,2014-11-09T00:26:23+00:00,1,True,1,6
6303,WELL-00030_20141108012623,WELL-00030,8,24,2014-11-09T01:26:23+00:00,1,True,1,6
6304,WELL-00030_20141108012623,WELL-00030,8,25,2014-11-09T02:26:23+00:00,1,True,1,6
6305,WELL-00030_20141108012623,WELL-00030,8,26,2014-11-09T03:26:23+00:00,1,True,1,6
6306,WELL-00030_20141108012623,WELL-00030,8,27,2014-11-09T04:26:23+00:00,1,True,1,6
6307,WELL-00030_20141108012623,WELL-00030,8,28,2014-11-09T05:26:23+00:00,1,True,1,6
6308,WELL-00030_20141108012623,WELL-00030,8,29,2014-11-09T06:26:23+00:00,1,True,1,6
6309,WELL-00030_20141108012623,WELL-00030,8,30,2014-11-09T07:26:23+00:00,1,True,1,6
6310,WELL-00030_20141108012623,WELL-00030,8,31,2014-11-09T08:26:23+00:00,1,True,1,6
6311,WELL-00030_20141108012623,WELL-00030,8,32,2014-11-09T09:26:23+00:00,1,True,1,6
6312,WELL-00030_20141108012623,WELL-00030,8,33,2014-11-09T10:26:23+00:00,1,True,1,6
6313,WELL-00030_20141108012623,WELL-00030,8,34,2014-11-09T11:26:23+00:00,1,True,1,6
6314,WELL-00030_20141108012623,WELL-00030,8,35,2014-11-09T12:26:23+00:00,1,True,1,6
6315,WELL-00030_20141108012623,WELL-00030,8,36,2014-11-09T13:26:23+00:00,1,True,1,6
6316,WELL-00030_20141108012623,WELL-00030,8,37,2014-11-09T14:26:23+00:00,1,True,1,6
6317,WELL-00030_20141108012623,WELL-00030,8,38,2014-11-09T15:26:23+00:00,1,True,1,6
6318,WELL-00030_20141108012623,WELL-00030,8,39,2014-11-09T16:26:23+00:00,1,True,1,6
6319,WELL-00030_20141108012623,WELL-00030,8,40,2014-11-09T17:26:23+00:00,1,True,1,6
6320,WELL-00030_20141108012623,WELL-00030,8,41,2014-11-09T18:26:23+00:00,1,True,1,6
6321,WELL-00030_20141108012623,WELL-00030,8,42,2014-11-09T19:26:23+00:00,1,False,1,6
6322,WELL-00030_20141108012623,WELL-00030,8,43,2014-11-09T20:26:23+00:00,1,False,2,6
6323,WELL-00031_20140403170404,WELL-00031,8,1,2014-04-03T18:04:04+00:00,0,False,0,3
6324,WELL-00031_20140403170404,WELL-00031,8,2,2014-04-03T19:04:04+00:00,0,False,0,3
6325,WELL-00031_20140403170404,WELL-00031,8,3,2014-04-03T20:04:04+00:00,0,False,0,3
6326,WELL-00031_20140403170404,WELL-00031,8,4,2014-04-03T21:04:04+00:00,0,False,0,3
6327,WELL-00031_20140403170404,WELL-00031,8,5,2014-04-03T22:04:04+00:00,0,False,0,3
6328,WELL-00031_20140403170404,WELL-00031,8,6,2014-04-03T23:04:04+00:00,0,False,0,3
6329,WELL-00031_20140403170404,WELL-00031,8,7,2014-04-04T00:04:04+00:00,0,False,0,3
6330,WELL-00031_20140403170404,WELL-00031,8,8,2014-04-04T01:04:04+00:00,1,True,0,3
6331,WELL-00031_20140403170404,WELL-00031,8,9,2014-04-04T02:04:04+00:00,1,True,0,3
6332,WELL-00031_20140403170404,WELL-00031,8,10,2014-04-04T03:04:04+00:00,1,True,0,3
6333,WELL-00031_20140403170404,WELL-00031,8,11,2014-04-04T04:04:04+00:00,1,True,0,3
6334,WELL-00031_20140403170404,WELL-00031,8,12,2014-04-04T05:04:04+00:00,1,True,0,3
6335,WELL-00031_20140403170404,WELL-00031,8,13,2014-04-04T06:04:04+00:00,1,True,1,3
6336,WELL-00031_20140403170404,WELL-00031,8,14,2014-04-04T07:04:04+00:00,1,True,1,3
6337,WELL-00031_20140403170404,WELL-00031,8,15,2014-04-04T08:04:04+00:00,1,True,1,3
6338,WELL-00031_20140403170404,WELL-00031,8,16,2014-04-04T09:04:04+00:00,1,True,1,3
6339,WELL-00031_20140403170404,WELL-00031,8,17,2014-04-04T10:04:04+00:00,1,True,1,3
6340,WELL-00031_20140403170404,WELL-00031,8,18,2014-04-04T11:04:04+00:00,1,True,1,3
6341,WELL-00031_20140403170404,WELL-00031,8,19,2014-04-04T12:04:04+00:00,1,True,1,3
6342,WELL-00031_20140403170404,WELL-00031,8,20,2014-04-04T13:04:04+00:00,1,True,1,3
6343,WELL-00031_20140403170404,WELL-00031,8,21,2014-04-04T14:04:04+00:00,1,True,1,3
6344,WELL-00031_20140403170404,WELL-00031,8,22,2014-04-04T15:04:04+00:00,1,True,1,3
6345,WELL-00031_20140403170404,WELL-00031,8,23,2014-04-04T16:04:04+00:00,1,True,1,3
6346,WELL-00031_20140403170404,WELL-00031,8,24,2014-04-04T17:04:04+00:00,1,True,1,3
6347,WELL-00031_20140403170404,WELL-00031,8,25,2014-04-04T18:04:04+00:00,1,True,1,3
6348,WELL-00031_20140403170404,WELL-00031,8,26,2014-04-04T19:04:04+00:00,1,True,1,3
6349,WELL-00031_20140403170404,WELL-00031,8,27,2014-04-04T20:04:04+00:00,1,True,1,3
6350,WELL-00031_20140403170404,WELL-00031,8,28,2014-04-04T21:04:04+00:00,1,True,1,3
6351,WELL-00031_20140403170404,WELL-00031,8,29,2014-04-04T22:04:04+00:00,1,True,1,3
6352,WELL-00031_20140403170404,WELL-00031,8,30,2014-04-04T23:04:04+00:00,1,True,1,3
6353,WELL-00031_20140403170404,WELL-00031,8,31,2014-04-05T00:04:04+00:00,1,True,1,3
6354,WELL-00031_20140403170404,WELL-00031,8,32,2014-04-05T01:04:04+00:00,1,True,1,3
6355,WELL-00031_20140403170404,WELL-00031,8,33,2014-04-05T02:04:04+00:00,1,True,1,3
6356,WELL-00031_20140403170404,WELL-00031,8,34,2014-04-05T03:04:04+00:00,1,True,1,3
6357,WELL-00031_20140403170404,WELL-00031,8,35,2014-04-05T04:04:04+00:00,1,True,1,3
6358,WELL-00031_20140403170404,WELL-00031,8,36,2014-04-05T05:04:04+00:00,1,True,1,3
6359,WELL-00031_20140403170404,WELL-00031,8,37,2014-04-05T06:04:04+00:00,1,True,1,3
6360,WELL-00031_20140403170404,WELL-00031,8,38,2014-04-05T07:04:04+00:00,1,True,1,3
6361,WELL-00031_20140403170404,WELL-00031,8,39,2014-04-05T08:04:04+00:00,1,True,1,3
6362,WELL-00031_20140403170404,WELL-00031,8,40,2014-04-05T09:04:04+00:00,1,True,1,3
6363,WELL-00031_20140403170404,WELL-00031,8,41,2014-04-05T10:04:04+00:00,1,True,1,3
6364,WELL-00031_20140403170404,WELL-00031,8,42,2014-04-05T11:04:04+00:00,1,True,1,3
6365,WELL-00031_20140403170404,WELL-00031,8,43,2014-04-05T12:04:04+00:00,1,True,1,3
6366,WELL-00031_20140403170404,WELL-00031,8,44,2014-04-05T13:04:04+00:00,1,True,1,3
6367,WELL-00031_20140403170404,WELL-00031,8,45,2014-04-05T14:04:04+00:00,1,True,1,3
6368,WELL-00031_20140403170404,WELL-00031,8,46,2014-04-05T15:04:04+00:00,1,True,1,3
6369,WELL-00031_20140403170404,WELL-00031,8,47,2014-04-05T16:04:04+00:00,1,True,1,3
6370,WELL-00031_20140403170404,WELL-00031,8,48,2014-04-05T17:04:04+00:00,1,True,1,3
6371,WELL-00031_20140403170404,WELL-00031,8,49,2014-04-05T18:04:04+00:00,1,True,1,3
6372,WELL-00031_20140403170404,WELL-00031,8,50,2014-04-05T19:04:04+00:00,1,True,1,3
6373,WELL-00031_20140403170404,WELL-00031,8,51,2014-04-05T20:04:04+00:00,1,True,1,3
6374,WELL-00031_20140403170404,WELL-00031,8,52,2014-04-05T21:04:04+00:00,1,True,1,3
6375,WELL-00031_20140403170404,WELL-00031,8,53,2014-04-05T22:04:04+00:00,1,True,1,3
6376,WELL-00031_20140403170404,WELL-00031,8,54,2014-04-05T23:04:04+00:00,1,True,1,3
6377,WELL-00031_20140403170404,WELL-00031,8,55,2014-04-06T00:04:04+00:00,1,True,1,3
6378,WELL-00031_20140403170404,WELL-00031,8,56,2014-04-06T01:04:04+00:00,1,True,1,3
6379,WELL-00031_20140403170404,WELL-00031,8,57,2014-04-06T02:04:04+00:00,1,True,1,3
6380,WELL-00031_20140403170404,WELL-00031,8,58,2014-04-06T03:04:04+00:00,1,True,1,3
6381,WELL-00031_20140403170404,WELL-00031,8,59,2014-04-06T04:04:04+00:00,1,True,1,3
6382,WELL-00031_20140403170404,WELL-00031,8,60,2014-04-06T05:04:04+00:00,1,True,1,3
6383,WELL-00031_20140403170404,WELL-00031,8,61,2014-04-06T06:04:04+00:00,1,True,1,3
6384,WELL-00031_20140403170404,WELL-00031,8,62,2014-04-06T07:04:04+00:00,1,True,1,3
6385,WELL-00031_20140403170404,WELL-00031,8,63,2014-04-06T08:04:04+00:00,1,True,1,3
6386,WELL-00031_20140403170404,WELL-00031,8,64,2014-04-06T09:04:04+00:00,1,True,1,3
6387,WELL-00031_20140403170404,WELL-00031,8,65,2014-04-06T10:04:04+00:00,1,True,1,3
6388,WELL-00031_20140403170404,WELL-00031,8,66,2014-04-06T11:04:04+00:00,1,True,8,3
6389,WELL-00031_20140403170404,WELL-00031,8,67,2014-04-06T12:04:04+00:00,1,True,8,3
6390,WELL-00031_20140403170404,WELL-00031,8,68,2014-04-06T13:04:04+00:00,1,True,8,3
6391,WELL-00031_20140403170404,WELL-00031,8,69,2014-04-06T14:04:04+00:00,1,True,7,3
6392,WELL-00031_20140403170404,WELL-00031,8,70,2014-04-06T15:04:04+00:00,1,True,7,3
6393,WELL-00031_20140403170404,WELL-00031,8,71,2014-04-06T16:04:04+00:00,1,True,1,3
6394,WELL-00031_20140403170404,WELL-00031,8,72,2014-04-06T17:04:04+00:00,1,True,1,3
6395,WELL-00031_20140403170404,WELL-00031,8,73,2014-04-06T18:04:04+00:00,1,True,1,3
6396,WELL-00031_20140403170404,WELL-00031,8,74,2014-04-06T19:04:04+00:00,1,True,1,3
6397,WELL-00031_20140403170404,WELL-00031,8,75,2014-04-06T20:04:04+00:00,1,True,1,3
6398,WELL-00031_20140403170404,WELL-00031,8,76,2014-04-06T21:04:04+00:00,1,True,1,3
6399,WELL-00031_20140403170404,WELL-00031,8,77,2014-04-06T22:04:04+00:00,1,True,1,3
6400,WELL-00031_20140403170404,WELL-00031,8,78,2014-04-06T23:04:04+00:00,1,True,1,3
6401,WELL-00031_20140403170404,WELL-00031,8,79,2014-04-07T00:04:04+00:00,1,True,1,3
6402,WELL-00031_20140403170404,WELL-00031,8,80,2014-04-07T01:04:04+00:00,1,True,1,3
6403,WELL-00031_20140403170404,WELL-00031,8,81,2014-04-07T02:04:04+00:00,1,True,1,3
6404,WELL-00031_20140403170404,WELL-00031,8,82,2014-04-07T03:04:04+00:00,1,True,1,3
6405,WELL-00031_20140403170404,WELL-00031,8,83,2014-04-07T04:04:04+00:00,1,True,1,3
6406,WELL-00031_20140403170404,WELL-00031,8,84,2014-04-07T05:04:04+00:00,1,True,1,3
6407,WELL-00031_20140403170404,WELL-00031,8,85,2014-04-07T06:04:04+00:00,1,True,1,3
6408,WELL-00031_20140403170404,WELL-00031,8,86,2014-04-07T07:04:04+00:00,1,True,1,3
6409,WELL-00031_20140403170404,WELL-00031,8,87,2014-04-07T08:04:04+00:00,1,True,1,3
6410,WELL-00031_20140403170404,WELL-00031,8,88,2014-04-07T09:04:04+00:00,1,True,1,3
6411,WELL-00031_20140403170404,WELL-00031,8,89,2014-04-07T10:04:04+00:00,1,True,1,3
6412,WELL-00031_20140403170404,WELL-00031,8,90,2014-04-07T11:04:04+00:00,1,True,1,3
6413,WELL-00031_20140403170404,WELL-00031,8,91,2014-04-07T12:04:04+00:00,1,True,1,3
6414,WELL-00031_20140403170404,WELL-00031,8,92,2014-04-07T13:04:04+00:00,1,True,1,3
6415,WELL-00031_20140403170404,WELL-00031,8,93,2014-04-07T14:04:04+00:00,1,True,1,3
6416,WELL-00031_20140403170404,WELL-00031,8,94,2014-04-07T15:04:04+00:00,1,True,1,3
6417,WELL-00031_20140403170404,WELL-00031,8,95,2014-04-07T16:04:04+00:00,1,True,1,3
6418,WELL-00031_20140403170404,WELL-00031,8,96,2014-04-07T17:04:04+00:00,1,True,1,3
6419,WELL-00031_20140403170404,WELL-00031,8,97,2014-04-07T18:04:04+00:00,1,True,1,3
6420,WELL-00031_20140403170404,WELL-00031,8,98,2014-04-07T19:04:04+00:00,1,True,1,3
6421,WELL-00031_20140403170404,WELL-00031,8,99,2014-04-07T20:04:04+00:00,1,False,1,3
6422,WELL-00032_20110830235321,WELL-00032,8,1,2011-08-31T00:53:21+00:00,0,False,0,5
6423,WELL-00032_20110830235321,WELL-00032,8,2,2011-08-31T01:53:21+00:00,0,False,0,5
6424,WELL-00032_20110830235321,WELL-00032,8,3,2011-08-31T02:53:21+00:00,0,False,0,5
6425,WELL-00032_20110830235321,WELL-00032,8,4,2011-08-31T03:53:21+00:00,0,False,0,5
6426,WELL-00032_20110830235321,WELL-00032,8,5,2011-08-31T04:53:21+00:00,0,False,0,5
6427,WELL-00032_20110830235321,WELL-00032,8,6,2011-08-31T05:53:21+00:00,0,False,0,5
6428,WELL-00032_20110830235321,WELL-00032,8,7,2011-08-31T06:53:21+00:00,0,False,0,5
6429,WELL-00032_20110830235321,WELL-00032,8,8,2011-08-31T07:53:21+00:00,0,False,0,5
6430,WELL-00032_20110830235321,WELL-00032,8,9,2011-08-31T08:53:21+00:00,0,False,0,5
6431,WELL-00032_20110830235321,WELL-00032,8,10,2011-08-31T09:53:21+00:00,0,False,0,5
6432,WELL-00032_20110830235321,WELL-00032,8,11,2011-08-31T10:53:21+00:00,1,True,1,5
6433,WELL-00032_20110830235321,WELL-00032,8,12,2011-08-31T11:53:21+00:00,1,True,1,5
6434,WELL-00032_20110830235321,WELL-00032,8,13,2011-08-31T12:53:21+00:00,1,True,1,5
6435,WELL-00032_20110830235321,WELL-00032,8,14,2011-08-31T13:53:21+00:00,1,True,1,5
6436,WELL-00032_20110830235321,WELL-00032,8,15,2011-08-31T14:53:21+00:00,1,True,1,5
6437,WELL-00032_20110830235321,WELL-00032,8,16,2011-08-31T15:53:21+00:00,1,True,1,5
6438,WELL-00032_20110830235321,WELL-00032,8,17,2011-08-31T16:53:21+00:00,1,True,1,5
6439,WELL-00032_20110830235321,WELL-00032,8,18,2011-08-31T17:53:21+00:00,1,True,1,5
6440,WELL-00032_20110830235321,WELL-00032,8,19,2011-08-31T18:53:21+00:00,1,True,1,5
6441,WELL-00032_20110830235321,WELL-00032,8,20,2011-08-31T19:53:21+00:00,1,True,1,5
6442,WELL-00032_20110830235321,WELL-00032,8,21,2011-08-31T20:53:21+00:00,1,True,1,5
6443,WELL-00032_20110830235321,WELL-00032,8,22,2011-08-31T21:53:21+00:00,1,True,1,5
6444,WELL-00032_20110830235321,WELL-00032,8,23,2011-08-31T22:53:21+00:00,1,True,1,5
6445,WELL-00032_20110830235321,WELL-00032,8,24,2011-08-31T23:53:21+00:00,1,True,1,5
6446,WELL-00032_20110830235321,WELL-00032,8,25,2011-09-01T00:53:21+00:00,1,True,1,5
6447,WELL-00032_20110830235321,WELL-00032,8,26,2011-09-01T01:53:21+00:00,1,True,1,5
6448,WELL-00032_20110830235321,WELL-00032,8,27,2011-09-01T02:53:21+00:00,1,True,1,5
6449,WELL-00032_20110830235321,WELL-00032,8,28,2011-09-01T03:53:21+00:00,1,True,1,5
6450,WELL-00032_20110830235321,WELL-00032,8,29,2011-09-01T04:53:21+00:00,1,True,1,5
6451,WELL-00032_20110830235321,WELL-00032,8,30,2011-09-01T05:53:21+00:00,1,True,1,5
6452,WELL-00032_20110830235321,WELL-00032,8,31,2011-09-01T06:53:21+00:00,1,True,1,5
6453,WELL-00032_20110830235321,WELL-00032,8,32,2011-09-01T07:53:21+00:00,1,True,1,5
6454,WELL-00032_20110830235321,WELL-00032,8,33,2011-09-01T08:53:21+00:00,1,True,1,5
6455,WELL-00032_20110830235321,WELL-00032,8,34,2011-09-01T09:53:21+00:00,1,False,1,5
6456,WELL-00032_20110830235321,WELL-00032,8,35,2011-09-01T10:53:21+00:00,1,False,2,5
6457,WELL-00032_20110830235321,WELL-00032,8,36,2011-09-01T11:53:21+00:00,1,False,2,5
6458,WELL-00033_20190925190420,WELL-00033,9,1,2019-09-25T20:04:20+00:00,0,False,0,2
6459,WELL-00033_20190925190420,WELL-00033,9,2,2019-09-25T21:04:20+00:00,0,False,0,2
6460,WELL-00033_20190925190420,WELL-00033,9,3,2019-09-25T22:04:20+00:00,0,False,0,2
6461,WELL-00033_20190925190420,WELL-00033,9,4,2019-09-25T23:04:20+00:00,0,False,0,2
6462,WELL-00033_20190925190420,WELL-00033,9,5,2019-09-26T00:04:20+00:00,0,False,0,2
6463,WELL-00033_20190925190420,WELL-00033,9,6,2019-09-26T01:04:20+00:00,0,False,0,2
6464,WELL-00033_20190925190420,WELL-00033,9,7,2019-09-26T02:04:20+00:00,0,False,0,2
6465,WELL-00033_20190925190420,WELL-00033,9,8,2019-09-26T03:04:20+00:00,0,False,0,2
6466,WELL-00033_20190925190420,WELL-00033,9,9,2019-09-26T04:04:20+00:00,0,False,0,2
6467,WELL-00033_20190925190420,WELL-00033,9,10,2019-09-26T05:04:20+00:00,0,False,0,2
6468,WELL-00033_20190926065206,WELL-00033,9,1,2019-09-26T07:52:06+00:00,0,False,0,2
6469,WELL-00033_20190926065206,WELL-00033,9,2,2019-09-26T08:52:06+00:00,0,False,0,2
6470,WELL-00033_20190926065206,WELL-00033,9,3,2019-09-26T09:52:06+00:00,0,False,0,2
6471,WELL-00033_20190926065206,WELL-00033,9,4,2019-09-26T10:52:06+00:00,0,False,0,2
6472,WELL-00033_20190928030111,WELL-00033,9,1,2019-09-28T04:01:11+00:00,0,False,0,2
6473,WELL-00033_20190928030111,WELL-00033,9,2,2019-09-28T05:01:11+00:00,0,False,0,2
6474,WELL-00033_20190928030111,WELL-00033,9,3,2019-09-28T06:01:11+00:00,0,False,0,2
6475,WELL-00033_20190928030111,WELL-00033,9,4,2019-09-28T07:01:11+00:00,0,False,0,2
6476,WELL-00033_20190928030111,WELL-00033,9,5,2019-09-28T08:01:11+00:00,0,False,0,2
6477,WELL-00033_20190928210207,WELL-00033,9,1,2019-09-28T22:02:07+00:00,0,False,0,2
6478,WELL-00033_20190928210207,WELL-00033,9,2,2019-09-28T23:02:07+00:00,0,False,0,2
6479,WELL-00033_20190928210207,WELL-00033,9,3,2019-09-29T00:02:07+00:00,0,False,0,2
6480,WELL-00033_20190928210207,WELL-00033,9,4,2019-09-29T01:02:07+00:00,0,False,0,2
6481,WELL-00033_20190928210207,WELL-00033,9,5,2019-09-29T02:02:07+00:00,0,False,0,2
6482,WELL-00033_20190928210207,WELL-00033,9,6,2019-09-29T03:02:07+00:00,0,False,0,2
6483,WELL-00033_20190928210207,WELL-00033,9,7,2019-09-29T04:02:07+00:00,0,False,0,2
6484,WELL-00033_20190928210207,WELL-00033,9,8,2019-09-29T05:02:07+00:00,0,False,0,2
6485,WELL-00033_20190930190000,WELL-00033,9,1,2019-09-30T20:00:00+00:00,0,False,0,2
6486,WELL-00033_20190930190000,WELL-00033,9,2,2019-09-30T21:00:00+00:00,0,False,0,2
6487,WELL-00033_20190930190000,WELL-00033,9,3,2019-09-30T22:00:00+00:00,0,False,0,2
6488,WELL-00033_20190930190000,WELL-00033,9,4,2019-09-30T23:00:00+00:00,0,False,0,2
6489,WELL-00033_20190930190000,WELL-00033,9,5,2019-10-01T00:00:00+00:00,0,False,0,2
6490,WELL-00033_20190930190000,WELL-00033,9,6,2019-10-01T01:00:00+00:00,0,False,0,2
6491,WELL-00033_20190930190000,WELL-00033,9,7,2019-10-01T02:00:00+00:00,0,False,0,2
6492,WELL-00033_20191004020000,WELL-00033,9,1,2019-10-04T03:00:00+00:00,0,False,0,2
6493,WELL-00033_20191004020000,WELL-00033,9,2,2019-10-04T04:00:00+00:00,0,False,0,2
6494,WELL-00034_20190825004401,WELL-00034,9,1,2019-08-25T01:44:01+00:00,0,False,0,3
6495,WELL-00034_20190825004401,WELL-00034,9,2,2019-08-25T02:44:01+00:00,0,False,0,3
6496,WELL-00034_20190825004401,WELL-00034,9,3,2019-08-25T03:44:01+00:00,0,False,0,3
6497,WELL-00034_20190825004401,WELL-00034,9,4,2019-08-25T04:44:01+00:00,0,False,0,3
6498,WELL-00034_20190825150318,WELL-00034,9,1,2019-08-25T16:03:18+00:00,0,False,0,3
6499,WELL-00034_20190825150318,WELL-00034,9,2,2019-08-25T17:03:18+00:00,0,False,0,3
6500,WELL-00034_20190825150318,WELL-00034,9,3,2019-08-25T18:03:18+00:00,0,False,0,3
6501,WELL-00034_20190826050146,WELL-00034,9,1,2019-08-26T06:01:46+00:00,0,False,0,3
6502,WELL-00034_20190826050146,WELL-00034,9,2,2019-08-26T07:01:46+00:00,0,False,0,3
6503,WELL-00034_20190826050146,WELL-00034,9,3,2019-08-26T08:01:46+00:00,0,False,0,3
6504,WELL-00034_20190826050146,WELL-00034,9,4,2019-08-26T09:01:46+00:00,0,False,0,3
6505,WELL-00034_20190826050146,WELL-00034,9,5,2019-08-26T10:01:46+00:00,0,False,0,3
6506,WELL-00034_20190826050146,WELL-00034,9,6,2019-08-26T11:01:46+00:00,0,False,0,3
6507,WELL-00034_20190826050146,WELL-00034,9,7,2019-08-26T12:01:46+00:00,0,False,0,3
6508,WELL-00034_20190826050146,WELL-00034,9,8,2019-08-26T13:01:46+00:00,0,False,0,3
6509,WELL-00034_20190831210153,WELL-00034,9,1,2019-08-31T22:01:53+00:00,0,False,0,3
6510,WELL-00034_20190831210153,WELL-00034,9,2,2019-08-31T23:01:53+00:00,0,False,0,3
6511,WELL-00034_20190831210153,WELL-00034,9,3,2019-09-01T00:01:53+00:00,0,False,0,3
6512,WELL-00034_20190831210153,WELL-00034,9,4,2019-09-01T01:01:53+00:00,0,False,0,3
6513,WELL-00034_20190831210153,WELL-00034,9,5,2019-09-01T02:01:53+00:00,0,False,0,3
6514,WELL-00034_20190831210153,WELL-00034,9,6,2019-09-01T03:01:53+00:00,0,False,0,3
6515,WELL-00034_20190831210153,WELL-00034,9,7,2019-09-01T04:01:53+00:00,0,False,0,3
6516,WELL-00034_20190901060904,WELL-00034,9,1,2019-09-01T07:09:04+00:00,0,False,0,3
6517,WELL-00034_20190901060904,WELL-00034,9,2,2019-09-01T08:09:04+00:00,0,False,0,3
6518,WELL-00034_20190901060904,WELL-00034,9,3,2019-09-01T09:09:04+00:00,0,False,0,3
6519,WELL-00034_20190901060904,WELL-00034,9,4,2019-09-01T10:09:04+00:00,0,False,0,3
6520,WELL-00034_20190901060904,WELL-00034,9,5,2019-09-01T11:09:04+00:00,0,False,0,3
6521,WELL-00034_20190901060904,WELL-00034,9,6,2019-09-01T12:09:04+00:00,0,False,0,3
6522,WELL-00034_20190901060904,WELL-00034,9,7,2019-09-01T13:09:04+00:00,0,False,0,3
6523,WELL-00034_20190901060904,WELL-00034,9,8,2019-09-01T14:09:04+00:00,0,False,0,3
6524,WELL-00034_20190901060904,WELL-00034,9,9,2019-09-01T15:09:04+00:00,0,False,0,3
6525,WELL-00034_20190901060904,WELL-00034,9,10,2019-09-01T16:09:04+00:00,0,False,0,3
6526,WELL-00034_20190901060904,WELL-00034,9,11,2019-09-01T17:09:04+00:00,0,False,0,3
6527,WELL-00034_20190901060904,WELL-00034,9,12,2019-09-01T18:09:04+00:00,0,False,0,3
6528,WELL-00034_20190901060904,WELL-00034,9,13,2019-09-01T19:09:04+00:00,0,False,0,3
6529,WELL-00034_20190901060904,WELL-00034,9,14,2019-09-01T20:09:04+00:00,0,False,0,3
6530,WELL-00034_20190901060904,WELL-00034,9,15,2019-09-01T21:09:04+00:00,0,False,0,3
6531,WELL-00034_20190901060904,WELL-00034,9,16,2019-09-01T22:09:04+00:00,0,False,0,3
6532,WELL-00034_20190901060904,WELL-00034,9,17,2019-09-01T23:09:04+00:00,0,False,0,3
6533,WELL-00034_20190901060904,WELL-00034,9,18,2019-09-02T00:09:04+00:00,0,False,0,3
6534,WELL-00034_20190901060904,WELL-00034,9,19,2019-09-02T01:09:04+00:00,0,False,0,3
6535,WELL-00034_20190901060904,WELL-00034,9,20,2019-09-02T02:09:04+00:00,0,False,0,3
6536,WELL-00034_20190901060904,WELL-00034,9,21,2019-09-02T03:09:04+00:00,0,False,0,3
6537,WELL-00034_20190901060904,WELL-00034,9,22,2019-09-02T04:09:04+00:00,0,False,0,3
6538,WELL-00034_20191003180056,WELL-00034,9,1,2019-10-03T19:00:56+00:00,0,False,0,3
6539,WELL-00034_20191003180056,WELL-00034,9,2,2019-10-03T20:00:56+00:00,0,False,0,3
6540,WELL-00034_20191003180056,WELL-00034,9,3,2019-10-03T21:00:56+00:00,0,False,0,3
6541,WELL-00035_20190819093245,WELL-00035,9,1,2019-08-19T10:32:45+00:00,0,False,0,3
6542,WELL-00035_20190819093245,WELL-00035,9,2,2019-08-19T11:32:45+00:00,0,False,0,3
6543,WELL-00035_20190819093245,WELL-00035,9,3,2019-08-19T12:32:45+00:00,0,False,0,3
6544,WELL-00035_20190819093245,WELL-00035,9,4,2019-08-19T13:32:45+00:00,0,False,0,3
6545,WELL-00035_20190819093245,WELL-00035,9,5,2019-08-19T14:32:45+00:00,0,False,0,3
6546,WELL-00035_20190819093245,WELL-00035,9,6,2019-08-19T15:32:45+00:00,0,False,0,3
6547,WELL-00035_20190819093245,WELL-00035,9,7,2019-08-19T16:32:45+00:00,0,False,0,3
6548,WELL-00035_20190819093245,WELL-00035,9,8,2019-08-19T17:32:45+00:00,0,False,0,3
6549,WELL-00035_20190819093245,WELL-00035,9,9,2019-08-19T18:32:45+00:00,0,False,0,3
6550,WELL-00035_20190819093245,WELL-00035,9,10,2019-08-19T19:32:45+00:00,0,False,0,3
6551,WELL-00035_20190819093245,WELL-00035,9,11,2019-08-19T20:32:45+00:00,0,False,0,3
6552,WELL-00035_20190819093245,WELL-00035,9,12,2019-08-19T21:32:45+00:00,0,False,0,3
6553,WELL-00035_20190819093245,WELL-00035,9,13,2019-08-19T22:32:45+00:00,0,False,0,3
6554,WELL-00035_20190823193122,WELL-00035,9,1,2019-08-23T20:31:22+00:00,0,False,0,3
6555,WELL-00035_20190823193122,WELL-00035,9,2,2019-08-23T21:31:22+00:00,0,False,0,3
6556,WELL-00035_20190823193122,WELL-00035,9,3,2019-08-23T22:31:22+00:00,0,False,0,3
6557,WELL-00035_20190823193122,WELL-00035,9,4,2019-08-23T23:31:22+00:00,0,False,0,3
6558,WELL-00035_20190823193122,WELL-00035,9,5,2019-08-24T00:31:22+00:00,0,False,0,3
6559,WELL-00035_20190823193122,WELL-00035,9,6,2019-08-24T01:31:22+00:00,0,False,0,3
6560,WELL-00035_20190824140503,WELL-00035,9,1,2019-08-24T15:05:03+00:00,0,False,0,3
6561,WELL-00035_20190824140503,WELL-00035,9,2,2019-08-24T16:05:03+00:00,0,False,0,3
6562,WELL-00035_20190827090706,WELL-00035,9,1,2019-08-27T10:07:06+00:00,0,False,0,3
6563,WELL-00035_20190827090706,WELL-00035,9,2,2019-08-27T11:07:06+00:00,0,False,0,3
6564,WELL-00035_20190827090706,WELL-00035,9,3,2019-08-27T12:07:06+00:00,0,False,0,3
6565,WELL-00035_20190827090706,WELL-00035,9,4,2019-08-27T13:07:06+00:00,0,False,0,3
6566,WELL-00035_20190827090706,WELL-00035,9,5,2019-08-27T14:07:06+00:00,0,False,0,3
6567,WELL-00035_20190827090706,WELL-00035,9,6,2019-08-27T15:07:06+00:00,0,False,0,3
6568,WELL-00035_20190827090706,WELL-00035,9,7,2019-08-27T16:07:06+00:00,0,False,0,3
6569,WELL-00035_20190827090706,WELL-00035,9,8,2019-08-27T17:07:06+00:00,0,False,0,3
6570,WELL-00035_20190827090706,WELL-00035,9,9,2019-08-27T18:07:06+00:00,0,False,0,3
6571,WELL-00035_20190827090706,WELL-00035,9,10,2019-08-27T19:07:06+00:00,0,False,0,3
6572,WELL-00035_20190827090706,WELL-00035,9,11,2019-08-27T20:07:06+00:00,0,False,0,3
6573,WELL-00035_20190827090706,WELL-00035,9,12,2019-08-27T21:07:06+00:00,0,False,0,3
6574,WELL-00035_20190827090706,WELL-00035,9,13,2019-08-27T22:07:06+00:00,0,False,0,3
6575,WELL-00035_20190827090706,WELL-00035,9,14,2019-08-27T23:07:06+00:00,0,False,0,3
6576,WELL-00035_20190923023106,WELL-00035,9,1,2019-09-23T03:31:06+00:00,0,False,0,3
6577,WELL-00035_20190925061122,WELL-00035,9,1,2019-09-25T07:11:22+00:00,0,False,0,3
6578,WELL-00035_20190925061122,WELL-00035,9,2,2019-09-25T08:11:22+00:00,0,False,0,3
6579,WELL-00035_20190925061122,WELL-00035,9,3,2019-09-25T09:11:22+00:00,0,False,0,3
6580,WELL-00035_20190925061122,WELL-00035,9,4,2019-09-25T10:11:22+00:00,0,False,0,3
6581,WELL-00035_20190925061122,WELL-00035,9,5,2019-09-25T11:11:22+00:00,0,False,0,3
6582,WELL-00035_20190925061122,WELL-00035,9,6,2019-09-25T12:11:22+00:00,0,False,0,3
6583,WELL-00035_20190925061122,WELL-00035,9,7,2019-09-25T13:11:22+00:00,0,False,0,3
6584,WELL-00035_20190925061122,WELL-00035,9,8,2019-09-25T14:11:22+00:00,0,False,0,3
6585,WELL-00035_20190925061122,WELL-00035,9,9,2019-09-25T15:11:22+00:00,0,False,0,3
6586,WELL-00035_20190925061122,WELL-00035,9,10,2019-09-25T16:11:22+00:00,0,False,0,3
6587,WELL-00035_20190925061122,WELL-00035,9,11,2019-09-25T17:11:22+00:00,0,False,0,3
6588,WELL-00035_20190925061122,WELL-00035,9,12,2019-09-25T18:11:22+00:00,0,False,0,3
6589,WELL-00035_20190925061122,WELL-00035,9,13,2019-09-25T19:11:22+00:00,0,False,0,3
6590,WELL-00035_20190925061122,WELL-00035,9,14,2019-09-25T20:11:22+00:00,0,False,0,3
6591,WELL-00035_20190925061122,WELL-00035,9,15,2019-09-25T21:11:22+00:00,0,False,0,3
6592,WELL-00035_20190925061122,WELL-00035,9,16,2019-09-25T22:11:22+00:00,0,False,0,3
6593,WELL-00035_20190925061122,WELL-00035,9,17,2019-09-25T23:11:22+00:00,0,False,0,3
6594,WELL-00035_20190925061122,WELL-00035,9,18,2019-09-26T00:11:22+00:00,0,False,0,3
6595,WELL-00035_20190925061122,WELL-00035,9,19,2019-09-26T01:11:22+00:00,0,False,0,3
6596,WELL-00035_20190925061122,WELL-00035,9,20,2019-09-26T02:11:22+00:00,0,False,0,3
6597,WELL-00035_20190925061122,WELL-00035,9,21,2019-09-26T03:11:22+00:00,0,False,0,3
6598,WELL-00035_20190925061122,WELL-00035,9,22,2019-09-26T04:11:22+00:00,0,False,0,3
6599,WELL-00035_20190925061122,WELL-00035,9,23,2019-09-26T05:11:22+00:00,0,False,0,3
6600,WELL-00035_20190925061122,WELL-00035,9,24,2019-09-26T06:11:22+00:00,0,False,0,3
6601,WELL-00035_20190925061122,WELL-00035,9,25,2019-09-26T07:11:22+00:00,0,False,0,3
6602,WELL-00035_20190925061122,WELL-00035,9,26,2019-09-26T08:11:22+00:00,0,False,0,3
6603,WELL-00035_20190925061122,WELL-00035,9,27,2019-09-26T09:11:22+00:00,0,False,0,3
6604,WELL-00035_20190925061122,WELL-00035,9,28,2019-09-26T10:11:22+00:00,0,False,0,3
6605,WELL-00035_20190925061122,WELL-00035,9,29,2019-09-26T11:11:22+00:00,0,False,0,3
6606,WELL-00035_20190925061122,WELL-00035,9,30,2019-09-26T12:11:22+00:00,0,False,0,3
6607,WELL-00035_20190925061122,WELL-00035,9,31,2019-09-26T13:11:22+00:00,0,False,0,3
6608,WELL-00036_20190925100042,WELL-00036,9,1,2019-09-25T11:00:42+00:00,0,False,0,4
6609,WELL-00036_20190930083101,WELL-00036,9,1,2019-09-30T09:31:01+00:00,0,False,0,4
6610,WELL-00037_20181011071238,WELL-00037,9,1,2018-10-11T08:12:38+00:00,0,False,0,5
6611,WELL-00037_20181011071238,WELL-00037,9,2,2018-10-11T09:12:38+00:00,0,False,0,5
6612,WELL-00037_20181011071238,WELL-00037,9,3,2018-10-11T10:12:38+00:00,0,False,0,5
6613,WELL-00037_20181011071238,WELL-00037,9,4,2018-10-11T11:12:38+00:00,0,False,0,5
6614,WELL-00037_20181011071238,WELL-00037,9,5,2018-10-11T12:12:38+00:00,1,True,0,5
6615,WELL-00037_20181011071238,WELL-00037,9,6,2018-10-11T13:12:38+00:00,1,True,0,5
6616,WELL-00037_20181011071238,WELL-00037,9,7,2018-10-11T14:12:38+00:00,1,True,0,5
6617,WELL-00037_20181013022427,WELL-00037,9,1,2018-10-13T03:24:27+00:00,0,False,0,5
6618,WELL-00037_20181013022427,WELL-00037,9,2,2018-10-13T04:24:27+00:00,0,False,0,5
6619,WELL-00037_20181013022427,WELL-00037,9,3,2018-10-13T05:24:27+00:00,0,False,0,5
6620,WELL-00037_20181013022427,WELL-00037,9,4,2018-10-13T06:24:27+00:00,1,True,0,5
6621,WELL-00037_20181013022427,WELL-00037,9,5,2018-10-13T07:24:27+00:00,1,True,0,5
6622,WELL-00037_20190924193953,WELL-00037,9,1,2019-09-24T20:39:53+00:00,0,False,0,4
6623,WELL-00037_20190924213000,WELL-00037,9,1,2019-09-24T22:30:00+00:00,0,False,0,4
6624,WELL-00037_20190924213000,WELL-00037,9,2,2019-09-24T23:30:00+00:00,0,False,0,4
6625,WELL-00037_20190924213000,WELL-00037,9,3,2019-09-25T00:30:00+00:00,0,False,0,4
6626,WELL-00037_20190924213000,WELL-00037,9,4,2019-09-25T01:30:00+00:00,0,False,0,4
6627,WELL-00037_20190924213000,WELL-00037,9,5,2019-09-25T02:30:00+00:00,0,False,0,4
6628,WELL-00037_20190924213000,WELL-00037,9,6,2019-09-25T03:30:00+00:00,0,False,0,4
6629,WELL-00037_20190924213000,WELL-00037,9,7,2019-09-25T04:30:00+00:00,0,False,0,4
6630,WELL-00038_20190924212924,WELL-00038,9,1,2019-09-24T22:29:24+00:00,0,False,0,5
6631,WELL-00038_20190924212924,WELL-00038,9,2,2019-09-24T23:29:24+00:00,0,False,0,5
6632,WELL-00038_20190924212924,WELL-00038,9,3,2019-09-25T00:29:24+00:00,0,False,0,5
6633,WELL-00038_20190924212924,WELL-00038,9,4,2019-09-25T01:29:24+00:00,0,False,0,5
6634,WELL-00038_20190924212924,WELL-00038,9,5,2019-09-25T02:29:24+00:00,0,False,0,5
6635,WELL-00038_20190924212924,WELL-00038,9,6,2019-09-25T03:29:24+00:00,0,False,0,5
6636,WELL-00038_20190924212924,WELL-00038,9,7,2019-09-25T04:29:24+00:00,0,False,0,5
6637,WELL-00038_20190924212924,WELL-00038,9,8,2019-09-25T05:29:24+00:00,0,False,0,5
6638,WELL-00038_20190925093222,WELL-00038,9,1,2019-09-25T10:32:22+00:00,0,False,0,5
6639,WELL-00038_20190925093222,WELL-00038,9,2,2019-09-25T11:32:22+00:00,0,False,0,5
6640,WELL-00038_20190925093222,WELL-00038,9,3,2019-09-25T12:32:22+00:00,0,False,0,5
6641,WELL-00038_20190925093222,WELL-00038,9,4,2019-09-25T13:32:22+00:00,0,False,0,5
6642,WELL-00038_20190925093222,WELL-00038,9,5,2019-09-25T14:32:22+00:00,0,False,0,5
6643,WELL-00038_20190925093222,WELL-00038,9,6,2019-09-25T15:32:22+00:00,0,False,0,5
6644,WELL-00038_20190925093222,WELL-00038,9,7,2019-09-25T16:32:22+00:00,0,False,0,5
6645,WELL-00038_20190925093222,WELL-00038,9,8,2019-09-25T17:32:22+00:00,0,False,0,5
6646,WELL-00038_20190925093222,WELL-00038,9,9,2019-09-25T18:32:22+00:00,0,False,0,5
6647,WELL-00038_20190925093222,WELL-00038,9,10,2019-09-25T19:32:22+00:00,0,False,0,5
6648,WELL-00038_20190925093222,WELL-00038,9,11,2019-09-25T20:32:22+00:00,0,False,0,5
6649,WELL-00038_20190925093222,WELL-00038,9,12,2019-09-25T21:32:22+00:00,0,False,0,5
6650,WELL-00038_20190925093222,WELL-00038,9,13,2019-09-25T22:32:22+00:00,0,False,0,5
6651,WELL-00038_20190925093222,WELL-00038,9,14,2019-09-25T23:32:22+00:00,0,False,0,5
6652,WELL-00038_20190925093222,WELL-00038,9,15,2019-09-26T00:32:22+00:00,0,False,0,5
6653,WELL-00038_20190925093222,WELL-00038,9,16,2019-09-26T01:32:22+00:00,0,False,0,5
6654,WELL-00038_20190925093222,WELL-00038,9,17,2019-09-26T02:32:22+00:00,0,False,0,5
6655,WELL-00038_20190925093222,WELL-00038,9,18,2019-09-26T03:32:22+00:00,0,False,0,5
6656,WELL-00038_20190925093222,WELL-00038,9,19,2019-09-26T04:32:22+00:00,0,False,0,5
6657,WELL-00038_20190925093222,WELL-00038,9,20,2019-09-26T05:32:22+00:00,0,False,0,5
6658,WELL-00038_20190925093222,WELL-00038,9,21,2019-09-26T06:32:22+00:00,0,False,0,5
6659,WELL-00038_20190925093222,WELL-00038,9,22,2019-09-26T07:32:22+00:00,0,False,0,5
6660,WELL-00038_20190925093222,WELL-00038,9,23,2019-09-26T08:32:22+00:00,0,False,0,5
6661,WELL-00038_20190925093222,WELL-00038,9,24,2019-09-26T09:32:22+00:00,0,False,0,5
6662,WELL-00038_20190925093222,WELL-00038,9,25,2019-09-26T10:32:22+00:00,0,False,0,5
6663,WELL-00039_20190918150111,WELL-00039,9,1,2019-09-18T16:01:11+00:00,0,False,0,6
6664,WELL-00039_20190918150111,WELL-00039,9,2,2019-09-18T17:01:11+00:00,0,False,0,6
6665,WELL-00039_20190918150111,WELL-00039,9,3,2019-09-18T18:01:11+00:00,0,False,0,6
6666,WELL-00039_20190918150111,WELL-00039,9,4,2019-09-18T19:01:11+00:00,0,False,0,6
6667,WELL-00039_20190918150111,WELL-00039,9,5,2019-09-18T20:01:11+00:00,0,False,0,6
6668,WELL-00039_20190924200204,WELL-00039,9,1,2019-09-24T21:02:04+00:00,0,False,0,6
6669,WELL-00039_20190924200204,WELL-00039,9,2,2019-09-24T22:02:04+00:00,0,False,0,6
6670,WELL-00039_20190924200204,WELL-00039,9,3,2019-09-24T23:02:04+00:00,0,False,0,6
6671,WELL-00039_20190924200204,WELL-00039,9,4,2019-09-25T00:02:04+00:00,0,False,0,6
6672,WELL-00039_20190924200204,WELL-00039,9,5,2019-09-25T01:02:04+00:00,0,False,0,6
6673,WELL-00039_20190924200204,WELL-00039,9,6,2019-09-25T02:02:04+00:00,0,False,0,6
6674,WELL-00039_20190924200204,WELL-00039,9,7,2019-09-25T03:02:04+00:00,0,False,0,6
6675,WELL-00039_20190924200204,WELL-00039,9,8,2019-09-25T04:02:04+00:00,0,False,0,6
6676,WELL-00039_20190924200204,WELL-00039,9,9,2019-09-25T05:02:04+00:00,0,False,0,6
6677,WELL-00039_20190924200204,WELL-00039,9,10,2019-09-25T06:02:04+00:00,0,False,0,6
6678,WELL-00040_20181013160242,WELL-00040,9,1,2018-10-13T17:02:42+00:00,0,False,0,6
6679,WELL-00040_20181013160242,WELL-00040,9,2,2018-10-13T18:02:42+00:00,0,False,0,6
6680,WELL-00040_20181013160242,WELL-00040,9,3,2018-10-13T19:02:42+00:00,0,False,0,6
6681,WELL-00040_20181013160242,WELL-00040,9,4,2018-10-13T20:02:42+00:00,0,False,0,6
6682,WELL-00040_20181013160242,WELL-00040,9,5,2018-10-13T21:02:42+00:00,1,True,0,6
6683,WELL-00040_20181013160242,WELL-00040,9,6,2018-10-13T22:02:42+00:00,1,True,0,6
6684,WELL-00040_20181013160242,WELL-00040,9,7,2018-10-13T23:02:42+00:00,1,True,0,6
6685,WELL-00040_20181013160242,WELL-00040,9,8,2018-10-14T00:02:42+00:00,1,True,0,6
6686,WELL-00041_20181013160201,WELL-00041,9,1,2018-10-13T17:02:01+00:00,0,False,0,6
6687,WELL-00041_20181013160201,WELL-00041,9,2,2018-10-13T18:02:01+00:00,0,False,0,6
6688,WELL-00041_20181013160201,WELL-00041,9,3,2018-10-13T19:02:01+00:00,0,False,0,6
6689,WELL-00041_20181013160201,WELL-00041,9,4,2018-10-13T20:02:01+00:00,0,False,0,6
6690,WELL-00041_20181013160201,WELL-00041,9,5,2018-10-13T21:02:01+00:00,1,True,0,6
6691,WELL-00041_20181013160201,WELL-00041,9,6,2018-10-13T22:02:01+00:00,1,True,0,6
6692,WELL-00041_20181013160201,WELL-00041,9,7,2018-10-13T23:02:01+00:00,1,True,0,6
6693,WELL-00041_20181013160201,WELL-00041,9,8,2018-10-14T00:02:01+00:00,1,True,0,6
6694,WELL-00041_20190814154301,WELL-00041,9,1,2019-08-14T16:43:01+00:00,0,False,0,6
6695,WELL-00041_20190814154301,WELL-00041,9,2,2019-08-14T17:43:01+00:00,0,False,0,6
6696,WELL-00041_20190814154301,WELL-00041,9,3,2019-08-14T18:43:01+00:00,0,False,0,6
6697,WELL-00041_20190814154301,WELL-00041,9,4,2019-08-14T19:43:01+00:00,0,False,0,6
6698,WELL-00041_20190814154301,WELL-00041,9,5,2019-08-14T20:43:01+00:00,0,False,0,6
6699,WELL-00041_20190814154301,WELL-00041,9,6,2019-08-14T21:43:01+00:00,0,False,0,6
6700,WELL-00041_20190814154301,WELL-00041,9,7,2019-08-14T22:43:01+00:00,0,False,0,6
6701,WELL-00041_20190814154301,WELL-00041,9,8,2019-08-14T23:43:01+00:00,0,False,0,6
6702,WELL-00041_20190814154301,WELL-00041,9,9,2019-08-15T00:43:01+00:00,0,False,0,6
6703,WELL-00041_20190814154301,WELL-00041,9,10,2019-08-15T01:43:01+00:00,0,False,0,6
6704,WELL-00041_20190814154301,WELL-00041,9,11,2019-08-15T02:43:01+00:00,0,False,0,6
6705,WELL-00041_20190814154301,WELL-00041,9,12,2019-08-15T03:43:01+00:00,0,False,0,6
6706,WELL-00041_20190814154301,WELL-00041,9,13,2019-08-15T04:43:01+00:00,0,False,0,6
6707,WELL-00041_20190814154301,WELL-00041,9,14,2019-08-15T05:43:01+00:00,0,False,0,6
6708,WELL-00041_20190814154301,WELL-00041,9,15,2019-08-15T06:43:01+00:00,0,False,0,6
6709,WELL-00041_20190814154301,WELL-00041,9,16,2019-08-15T07:43:01+00:00,0,False,0,6
6710,WELL-00041_20190814154301,WELL-00041,9,17,2019-08-15T08:43:01+00:00,0,False,0,6
6711,WELL-00041_20190814154301,WELL-00041,9,18,2019-08-15T09:43:01+00:00,0,False,0,6
6712,WELL-00041_20190814154301,WELL-00041,9,19,2019-08-15T10:43:01+00:00,0,False,0,6
6713,WELL-00041_20190814154301,WELL-00041,9,20,2019-08-15T11:43:01+00:00,0,False,0,6
6714,WELL-00041_20190814154301,WELL-00041,9,21,2019-08-15T12:43:01+00:00,0,False,0,6
6715,WELL-00041_20190814154301,WELL-00041,9,22,2019-08-15T13:43:01+00:00,0,False,0,6
6716,WELL-00041_20190814154301,WELL-00041,9,23,2019-08-15T14:43:01+00:00,0,False,0,6
6717,WELL-00041_20190814154301,WELL-00041,9,24,2019-08-15T15:43:01+00:00,0,False,0,6
6718,WELL-00041_20190814154301,WELL-00041,9,25,2019-08-15T16:43:01+00:00,0,False,0,6
6719,WELL-00041_20190814154301,WELL-00041,9,26,2019-08-15T17:43:01+00:00,0,False,0,6
6720,WELL-00041_20190814154301,WELL-00041,9,27,2019-08-15T18:43:01+00:00,0,False,0,6
6721,WELL-00041_20190817173916,WELL-00041,9,1,2019-08-17T18:39:16+00:00,0,False,0,6
6722,WELL-00041_20190817173916,WELL-00041,9,2,2019-08-17T19:39:16+00:00,0,False,0,6
6723,WELL-00041_20190817173916,WELL-00041,9,3,2019-08-17T20:39:16+00:00,0,False,0,6
6724,WELL-00041_20190817173916,WELL-00041,9,4,2019-08-17T21:39:16+00:00,0,False,0,6
6725,WELL-00041_20190817173916,WELL-00041,9,5,2019-08-17T22:39:16+00:00,0,False,0,6
6726,WELL-00041_20190817173916,WELL-00041,9,6,2019-08-17T23:39:16+00:00,0,False,0,6
6727,WELL-00041_20190817173916,WELL-00041,9,7,2019-08-18T00:39:16+00:00,0,False,0,6
6728,WELL-00041_20190817173916,WELL-00041,9,8,2019-08-18T01:39:16+00:00,0,False,0,6
6729,WELL-00041_20190817173916,WELL-00041,9,9,2019-08-18T02:39:16+00:00,0,False,0,6
6730,WELL-00041_20190817173916,WELL-00041,9,10,2019-08-18T03:39:16+00:00,0,False,0,6
6731,WELL-00041_20190817173916,WELL-00041,9,11,2019-08-18T04:39:16+00:00,0,False,0,6
6732,WELL-00041_20190817173916,WELL-00041,9,12,2019-08-18T05:39:16+00:00,0,False,0,6
6733,WELL-00041_20190817173916,WELL-00041,9,13,2019-08-18T06:39:16+00:00,0,False,0,6
6734,WELL-00041_20190817173916,WELL-00041,9,14,2019-08-18T07:39:16+00:00,0,False,0,6
6735,WELL-00041_20190817173916,WELL-00041,9,15,2019-08-18T08:39:16+00:00,0,False,0,6
6736,WELL-00041_20190817173916,WELL-00041,9,16,2019-08-18T09:39:16+00:00,0,False,0,6
6737,WELL-00041_20190817173916,WELL-00041,9,17,2019-08-18T10:39:16+00:00,0,False,0,6
6738,WELL-00041_20190817173916,WELL-00041,9,18,2019-08-18T11:39:16+00:00,0,False,0,6
6739,WELL-00041_20190817173916,WELL-00041,9,19,2019-08-18T12:39:16+00:00,0,False,0,6
6740,WELL-00041_20190817173916,WELL-00041,9,20,2019-08-18T13:39:16+00:00,0,False,0,6
6741,WELL-00041_20190817173916,WELL-00041,9,21,2019-08-18T14:39:16+00:00,0,False,0,6
6742,WELL-00041_20190817173916,WELL-00041,9,22,2019-08-18T15:39:16+00:00,0,False,0,6
6743,WELL-00041_20190817173916,WELL-00041,9,23,2019-08-18T16:39:16+00:00,0,False,0,6
6744,WELL-00041_20190817173916,WELL-00041,9,24,2019-08-18T17:39:16+00:00,0,False,0,6
6745,WELL-00041_20190817173916,WELL-00041,9,25,2019-08-18T18:39:16+00:00,0,False,0,6
6746,WELL-00041_20190817173916,WELL-00041,9,26,2019-08-18T19:39:16+00:00,0,False,0,6
6747,WELL-00041_20190817173916,WELL-00041,9,27,2019-08-18T20:39:16+00:00,0,False,0,6
6748,WELL-00041_20190817173916,WELL-00041,9,28,2019-08-18T21:39:16+00:00,0,False,0,6
6749,WELL-00041_20190817173916,WELL-00041,9,29,2019-08-18T22:39:16+00:00,0,False,0,6
6750,WELL-00041_20190817173916,WELL-00041,9,30,2019-08-18T23:39:16+00:00,0,False,0,6
6751,WELL-00041_20190817173916,WELL-00041,9,31,2019-08-19T00:39:16+00:00,0,False,0,6
6752,WELL-00041_20190817173916,WELL-00041,9,32,2019-08-19T01:39:16+00:00,0,False,0,6
6753,WELL-00041_20190817173916,WELL-00041,9,33,2019-08-19T02:39:16+00:00,0,False,0,6
6754,WELL-00041_20190817173916,WELL-00041,9,34,2019-08-19T03:39:16+00:00,0,False,0,6
6755,WELL-00041_20190817173916,WELL-00041,9,35,2019-08-19T04:39:16+00:00,0,False,0,6
6756,WELL-00041_20190817173916,WELL-00041,9,36,2019-08-19T05:39:16+00:00,0,False,0,6
6757,WELL-00041_20190817173916,WELL-00041,9,37,2019-08-19T06:39:16+00:00,0,False,0,6
6758,WELL-00041_20190817173916,WELL-00041,9,38,2019-08-19T07:39:16+00:00,0,False,0,6
6759,WELL-00041_20190817173916,WELL-00041,9,39,2019-08-19T08:39:16+00:00,0,False,0,6
6760,WELL-00041_20190817173916,WELL-00041,9,40,2019-08-19T09:39:16+00:00,0,False,0,6
6761,WELL-00041_20190817173916,WELL-00041,9,41,2019-08-19T10:39:16+00:00,0,False,0,6
6762,WELL-00041_20190817173916,WELL-00041,9,42,2019-08-19T11:39:16+00:00,0,False,0,6
6763,WELL-00041_20190817173916,WELL-00041,9,43,2019-08-19T12:39:16+00:00,0,False,0,6
6764,WELL-00041_20190817173916,WELL-00041,9,44,2019-08-19T13:39:16+00:00,0,False,0,6
6765,WELL-00041_20190817173916,WELL-00041,9,45,2019-08-19T14:39:16+00:00,0,False,0,6
6766,WELL-00041_20190817173916,WELL-00041,9,46,2019-08-19T15:39:16+00:00,0,False,0,6
6767,WELL-00041_20190819163753,WELL-00041,9,1,2019-08-19T17:37:53+00:00,0,False,0,6
6768,WELL-00041_20190819163753,WELL-00041,9,2,2019-08-19T18:37:53+00:00,0,False,0,6
6769,WELL-00041_20190819163753,WELL-00041,9,3,2019-08-19T19:37:53+00:00,0,False,0,6
6770,WELL-00041_20190819163753,WELL-00041,9,4,2019-08-19T20:37:53+00:00,0,False,0,6
6771,WELL-00041_20190819163753,WELL-00041,9,5,2019-08-19T21:37:53+00:00,0,False,0,6
6772,WELL-00041_20190819163753,WELL-00041,9,6,2019-08-19T22:37:53+00:00,0,False,0,6
6773,WELL-00041_20190819163753,WELL-00041,9,7,2019-08-19T23:37:53+00:00,0,False,0,6
6774,WELL-00041_20190819163753,WELL-00041,9,8,2019-08-20T00:37:53+00:00,0,False,0,6
6775,WELL-00041_20190819163753,WELL-00041,9,9,2019-08-20T01:37:53+00:00,0,False,0,6
6776,WELL-00041_20190819163753,WELL-00041,9,10,2019-08-20T02:37:53+00:00,0,False,0,6
6777,WELL-00041_20190819163753,WELL-00041,9,11,2019-08-20T03:37:53+00:00,0,False,0,6
6778,WELL-00041_20190819163753,WELL-00041,9,12,2019-08-20T04:37:53+00:00,0,False,0,6
6779,WELL-00041_20190819163753,WELL-00041,9,13,2019-08-20T05:37:53+00:00,0,False,0,6
6780,WELL-00041_20190819163753,WELL-00041,9,14,2019-08-20T06:37:53+00:00,0,False,0,6
6781,WELL-00041_20190819163753,WELL-00041,9,15,2019-08-20T07:37:53+00:00,0,False,0,6
6782,WELL-00041_20190819163753,WELL-00041,9,16,2019-08-20T08:37:53+00:00,0,False,0,6
6783,WELL-00041_20190819163753,WELL-00041,9,17,2019-08-20T09:37:53+00:00,0,False,0,6
6784,WELL-00041_20190819163753,WELL-00041,9,18,2019-08-20T10:37:53+00:00,0,False,0,6
6785,WELL-00041_20190819163753,WELL-00041,9,19,2019-08-20T11:37:53+00:00,0,False,0,6
6786,WELL-00041_20190819163753,WELL-00041,9,20,2019-08-20T12:37:53+00:00,0,False,0,6
6787,WELL-00041_20190819163753,WELL-00041,9,21,2019-08-20T13:37:53+00:00,0,False,0,6
6788,WELL-00041_20190819163753,WELL-00041,9,22,2019-08-20T14:37:53+00:00,0,False,0,6
6789,WELL-00041_20190819163753,WELL-00041,9,23,2019-08-20T15:37:53+00:00,0,False,0,6
6790,WELL-00041_20190819163753,WELL-00041,9,24,2019-08-20T16:37:53+00:00,0,False,0,6
6791,WELL-00041_20190819163753,WELL-00041,9,25,2019-08-20T17:37:53+00:00,0,False,0,6
6792,WELL-00041_20190819163753,WELL-00041,9,26,2019-08-20T18:37:53+00:00,0,False,0,6
6793,WELL-00041_20190819163753,WELL-00041,9,27,2019-08-20T19:37:53+00:00,0,False,0,6
6794,WELL-00041_20190819163753,WELL-00041,9,28,2019-08-20T20:37:53+00:00,0,False,0,6
6795,WELL-00041_20190819163753,WELL-00041,9,29,2019-08-20T21:37:53+00:00,0,False,0,6
6796,WELL-00041_20190819163753,WELL-00041,9,30,2019-08-20T22:37:53+00:00,0,False,0,6
6797,WELL-00041_20190819163753,WELL-00041,9,31,2019-08-20T23:37:53+00:00,0,False,0,6
6798,WELL-00041_20190819163753,WELL-00041,9,32,2019-08-21T00:37:53+00:00,0,False,0,6
6799,WELL-00041_20190819163753,WELL-00041,9,33,2019-08-21T01:37:53+00:00,0,False,0,6
6800,WELL-00041_20190819163753,WELL-00041,9,34,2019-08-21T02:37:53+00:00,0,False,0,6
6801,WELL-00041_20190819163753,WELL-00041,9,35,2019-08-21T03:37:53+00:00,0,False,0,6
6802,WELL-00041_20190819163753,WELL-00041,9,36,2019-08-21T04:37:53+00:00,0,False,0,6
6803,WELL-00041_20190819163753,WELL-00041,9,37,2019-08-21T05:37:53+00:00,0,False,0,6
6804,WELL-00041_20190819163753,WELL-00041,9,38,2019-08-21T06:37:53+00:00,0,False,0,6
6805,WELL-00041_20190819163753,WELL-00041,9,39,2019-08-21T07:37:53+00:00,0,False,0,6
6806,WELL-00041_20190822143519,WELL-00041,9,1,2019-08-22T15:35:19+00:00,0,False,0,6
6807,WELL-00041_20190822143519,WELL-00041,9,2,2019-08-22T16:35:19+00:00,0,False,0,6
6808,WELL-00041_20190822143519,WELL-00041,9,3,2019-08-22T17:35:19+00:00,0,False,0,6
6809,WELL-00041_20190822143519,WELL-00041,9,4,2019-08-22T18:35:19+00:00,0,False,0,6
6810,WELL-00041_20190822143519,WELL-00041,9,5,2019-08-22T19:35:19+00:00,0,False,0,6
6811,WELL-00041_20190822143519,WELL-00041,9,6,2019-08-22T20:35:19+00:00,0,False,0,6
6812,WELL-00041_20190822143519,WELL-00041,9,7,2019-08-22T21:35:19+00:00,0,False,0,6
6813,WELL-00041_20190822143519,WELL-00041,9,8,2019-08-22T22:35:19+00:00,0,False,0,6
6814,WELL-00041_20190822143519,WELL-00041,9,9,2019-08-22T23:35:19+00:00,0,False,0,6
6815,WELL-00041_20190822143519,WELL-00041,9,10,2019-08-23T00:35:19+00:00,0,False,0,6
6816,WELL-00041_20190822143519,WELL-00041,9,11,2019-08-23T01:35:19+00:00,0,False,0,6
6817,WELL-00041_20190822143519,WELL-00041,9,12,2019-08-23T02:35:19+00:00,0,False,0,6
6818,WELL-00041_20190822143519,WELL-00041,9,13,2019-08-23T03:35:19+00:00,0,False,0,6
6819,WELL-00041_20190822143519,WELL-00041,9,14,2019-08-23T04:35:19+00:00,0,False,0,6
6820,WELL-00041_20190822143519,WELL-00041,9,15,2019-08-23T05:35:19+00:00,0,False,0,6
6821,WELL-00041_20190822143519,WELL-00041,9,16,2019-08-23T06:35:19+00:00,0,False,0,6
6822,WELL-00041_20190822143519,WELL-00041,9,17,2019-08-23T07:35:19+00:00,0,False,0,6
6823,WELL-00041_20190822143519,WELL-00041,9,18,2019-08-23T08:35:19+00:00,0,False,0,6
6824,WELL-00041_20190822143519,WELL-00041,9,19,2019-08-23T09:35:19+00:00,0,False,0,6
6825,WELL-00041_20190822143519,WELL-00041,9,20,2019-08-23T10:35:19+00:00,0,False,0,6
6826,WELL-00041_20190822143519,WELL-00041,9,21,2019-08-23T11:35:19+00:00,0,False,0,6
6827,WELL-00041_20190822143519,WELL-00041,9,22,2019-08-23T12:35:19+00:00,0,False,0,6
6828,WELL-00041_20190822143519,WELL-00041,9,23,2019-08-23T13:35:19+00:00,0,False,0,6
6829,WELL-00041_20190822143519,WELL-00041,9,24,2019-08-23T14:35:19+00:00,0,False,0,6
6830,WELL-00041_20190822143519,WELL-00041,9,25,2019-08-23T15:35:19+00:00,0,False,0,6
6831,WELL-00041_20190822143519,WELL-00041,9,26,2019-08-23T16:35:19+00:00,0,False,0,6
6832,WELL-00041_20190906051807,WELL-00041,9,1,2019-09-06T06:18:07+00:00,0,False,0,6
6833,WELL-00041_20190906051807,WELL-00041,9,2,2019-09-06T07:18:07+00:00,0,False,0,6
6834,WELL-00041_20190906051807,WELL-00041,9,3,2019-09-06T08:18:07+00:00,0,False,0,6
6835,WELL-00041_20190906051807,WELL-00041,9,4,2019-09-06T09:18:07+00:00,0,False,0,6
6836,WELL-00041_20190906051807,WELL-00041,9,5,2019-09-06T10:18:07+00:00,0,False,0,6
6837,WELL-00041_20190906051807,WELL-00041,9,6,2019-09-06T11:18:07+00:00,0,False,0,6
6838,WELL-00041_20190906051807,WELL-00041,9,7,2019-09-06T12:18:07+00:00,0,False,0,6
6839,WELL-00041_20190906051807,WELL-00041,9,8,2019-09-06T13:18:07+00:00,0,False,0,6
6840,WELL-00041_20190906051807,WELL-00041,9,9,2019-09-06T14:18:07+00:00,0,False,0,6
6841,WELL-00041_20190906051807,WELL-00041,9,10,2019-09-06T15:18:07+00:00,0,False,0,6
6842,WELL-00041_20190906051807,WELL-00041,9,11,2019-09-06T16:18:07+00:00,0,False,0,6
6843,WELL-00041_20190906051807,WELL-00041,9,12,2019-09-06T17:18:07+00:00,0,False,0,6
6844,WELL-00041_20190906051807,WELL-00041,9,13,2019-09-06T18:18:07+00:00,0,False,0,6
6845,WELL-00041_20190906051807,WELL-00041,9,14,2019-09-06T19:18:07+00:00,0,False,0,6
6846,WELL-00041_20190906051807,WELL-00041,9,15,2019-09-06T20:18:07+00:00,0,False,0,6
6847,WELL-00041_20190906051807,WELL-00041,9,16,2019-09-06T21:18:07+00:00,0,False,0,6
6848,WELL-00041_20190906051807,WELL-00041,9,17,2019-09-06T22:18:07+00:00,0,False,0,6
6849,WELL-00041_20190906051807,WELL-00041,9,18,2019-09-06T23:18:07+00:00,0,False,0,6
6850,WELL-00041_20190906051807,WELL-00041,9,19,2019-09-07T00:18:07+00:00,0,False,0,6
6851,WELL-00041_20190906051807,WELL-00041,9,20,2019-09-07T01:18:07+00:00,0,False,0,6
6852,WELL-00041_20190906051807,WELL-00041,9,21,2019-09-07T02:18:07+00:00,0,False,0,6
6853,WELL-00041_20190906051807,WELL-00041,9,22,2019-09-07T03:18:07+00:00,0,False,0,6
6854,WELL-00041_20190906051807,WELL-00041,9,23,2019-09-07T04:18:07+00:00,0,False,0,6
6855,WELL-00041_20190906051807,WELL-00041,9,24,2019-09-07T05:18:07+00:00,0,False,0,6
6856,WELL-00041_20190906051807,WELL-00041,9,25,2019-09-07T06:18:07+00:00,0,False,0,6
6857,WELL-00041_20190906051807,WELL-00041,9,26,2019-09-07T07:18:07+00:00,0,False,0,6
6858,WELL-00041_20190906051807,WELL-00041,9,27,2019-09-07T08:18:07+00:00,0,False,0,6
6859,WELL-00041_20190906051807,WELL-00041,9,28,2019-09-07T09:18:07+00:00,0,False,0,6
6860,WELL-00041_20190906051807,WELL-00041,9,29,2019-09-07T10:18:07+00:00,0,False,0,6
6861,WELL-00041_20190906051807,WELL-00041,9,30,2019-09-07T11:18:07+00:00,0,False,0,6
6862,WELL-00041_20190906051807,WELL-00041,9,31,2019-09-07T12:18:07+00:00,0,False,0,6
6863,WELL-00041_20190906051807,WELL-00041,9,32,2019-09-07T13:18:07+00:00,0,False,0,6
6864,WELL-00041_20190906051807,WELL-00041,9,33,2019-09-07T14:18:07+00:00,0,False,0,6
6865,WELL-00041_20190906051807,WELL-00041,9,34,2019-09-07T15:18:07+00:00,0,False,0,6
6866,WELL-00041_20190906051807,WELL-00041,9,35,2019-09-07T16:18:07+00:00,0,False,0,6
6867,WELL-00041_20190906051807,WELL-00041,9,36,2019-09-07T17:18:07+00:00,0,False,0,6
6868,WELL-00041_20190906051807,WELL-00041,9,37,2019-09-07T18:18:07+00:00,0,False,0,6
6869,WELL-00041_20190906051807,WELL-00041,9,38,2019-09-07T19:18:07+00:00,0,False,0,6
6870,WELL-00041_20190906051807,WELL-00041,9,39,2019-09-07T20:18:07+00:00,0,False,0,6
6871,WELL-00041_20190906051807,WELL-00041,9,40,2019-09-07T21:18:07+00:00,0,False,0,6
6872,WELL-00041_20190906051807,WELL-00041,9,41,2019-09-07T22:18:07+00:00,0,False,0,6
6873,WELL-00041_20190906051807,WELL-00041,9,42,2019-09-07T23:18:07+00:00,0,False,0,6
6874,WELL-00041_20190906051807,WELL-00041,9,43,2019-09-08T00:18:07+00:00,0,False,0,6
6875,WELL-00041_20190906051807,WELL-00041,9,44,2019-09-08T01:18:07+00:00,0,False,0,6
6876,WELL-00041_20190906051807,WELL-00041,9,45,2019-09-08T02:18:07+00:00,0,False,0,6
6877,WELL-00041_20190906051807,WELL-00041,9,46,2019-09-08T03:18:07+00:00,0,False,0,6
6878,WELL-00041_20190906051807,WELL-00041,9,47,2019-09-08T04:18:07+00:00,0,False,0,6
6879,WELL-00041_20190906051807,WELL-00041,9,48,2019-09-08T05:18:07+00:00,0,False,0,6
6880,WELL-00041_20190906051807,WELL-00041,9,49,2019-09-08T06:18:07+00:00,0,False,0,6
6881,WELL-00041_20190906051807,WELL-00041,9,50,2019-09-08T07:18:07+00:00,0,False,0,6
6882,WELL-00041_20190917161232,WELL-00041,9,1,2019-09-17T17:12:32+00:00,0,False,0,6
6883,WELL-00041_20190917161232,WELL-00041,9,2,2019-09-17T18:12:32+00:00,0,False,0,6
6884,WELL-00041_20190917161232,WELL-00041,9,3,2019-09-17T19:12:32+00:00,0,False,0,6
6885,WELL-00041_20190917161232,WELL-00041,9,4,2019-09-17T20:12:32+00:00,0,False,0,6
6886,WELL-00041_20190917161232,WELL-00041,9,5,2019-09-17T21:12:32+00:00,0,False,0,6
6887,WELL-00041_20190917161232,WELL-00041,9,6,2019-09-17T22:12:32+00:00,0,False,0,6
6888,WELL-00041_20190917161232,WELL-00041,9,7,2019-09-17T23:12:32+00:00,0,False,0,6
6889,WELL-00041_20190917161232,WELL-00041,9,8,2019-09-18T00:12:32+00:00,0,False,0,6
6890,WELL-00041_20190917161232,WELL-00041,9,9,2019-09-18T01:12:32+00:00,0,False,0,6
6891,WELL-00041_20190917161232,WELL-00041,9,10,2019-09-18T02:12:32+00:00,0,False,0,6
6892,WELL-00041_20190917161232,WELL-00041,9,11,2019-09-18T03:12:32+00:00,0,False,0,6
6893,WELL-00041_20190917161232,WELL-00041,9,12,2019-09-18T04:12:32+00:00,0,False,0,6
6894,WELL-00041_20190917161232,WELL-00041,9,13,2019-09-18T05:12:32+00:00,0,False,0,6
6895,WELL-00041_20190917161232,WELL-00041,9,14,2019-09-18T06:12:32+00:00,0,False,0,6
6896,WELL-00041_20190917161232,WELL-00041,9,15,2019-09-18T07:12:32+00:00,0,False,0,6
6897,WELL-00041_20190917161232,WELL-00041,9,16,2019-09-18T08:12:32+00:00,0,False,0,6
6898,WELL-00041_20190917161232,WELL-00041,9,17,2019-09-18T09:12:32+00:00,0,False,0,6
6899,WELL-00041_20190917161232,WELL-00041,9,18,2019-09-18T10:12:32+00:00,0,False,0,6
6900,WELL-00041_20190917161232,WELL-00041,9,19,2019-09-18T11:12:32+00:00,0,False,0,6
6901,WELL-00041_20190917161232,WELL-00041,9,20,2019-09-18T12:12:32+00:00,0,False,0,6
6902,WELL-00041_20190917161232,WELL-00041,9,21,2019-09-18T13:12:32+00:00,0,False,0,6
6903,WELL-00041_20190917161232,WELL-00041,9,22,2019-09-18T14:12:32+00:00,0,False,0,6
6904,WELL-00041_20190917161232,WELL-00041,9,23,2019-09-18T15:12:32+00:00,0,False,0,6
6905,WELL-00041_20190917161232,WELL-00041,9,24,2019-09-18T16:12:32+00:00,0,False,0,6
6906,WELL-00041_20190917161232,WELL-00041,9,25,2019-09-18T17:12:32+00:00,0,False,0,6
6907,WELL-00041_20190917161232,WELL-00041,9,26,2019-09-18T18:12:32+00:00,0,False,0,6
6908,WELL-00041_20190917161232,WELL-00041,9,27,2019-09-18T19:12:32+00:00,0,False,0,6
6909,WELL-00041_20190917161232,WELL-00041,9,28,2019-09-18T20:12:32+00:00,0,False,0,6
6910,WELL-00041_20190917161232,WELL-00041,9,29,2019-09-18T21:12:32+00:00,0,False,0,6
6911,WELL-00041_20190917161232,WELL-00041,9,30,2019-09-18T22:12:32+00:00,0,False,0,6
6912,WELL-00041_20190917161232,WELL-00041,9,31,2019-09-18T23:12:32+00:00,0,False,0,6
6913,WELL-00041_20190917161232,WELL-00041,9,32,2019-09-19T00:12:32+00:00,0,False,0,6
6914,WELL-00041_20190917161232,WELL-00041,9,33,2019-09-19T01:12:32+00:00,0,False,0,6
6915,WELL-00041_20190917161232,WELL-00041,9,34,2019-09-19T02:12:32+00:00,0,False,0,6
6916,WELL-00041_20190917161232,WELL-00041,9,35,2019-09-19T03:12:32+00:00,0,False,0,6
6917,WELL-00041_20190917161232,WELL-00041,9,36,2019-09-19T04:12:32+00:00,0,False,0,6
6918,WELL-00041_20190917161232,WELL-00041,9,37,2019-09-19T05:12:32+00:00,0,False,0,6
6919,WELL-00041_20190917161232,WELL-00041,9,38,2019-09-19T06:12:32+00:00,0,False,0,6
6920,WELL-00041_20190917161232,WELL-00041,9,39,2019-09-19T07:12:32+00:00,0,False,0,6
6921,WELL-00041_20190917161232,WELL-00041,9,40,2019-09-19T08:12:32+00:00,0,False,0,6
6922,WELL-00041_20190917161232,WELL-00041,9,41,2019-09-19T09:12:32+00:00,0,False,0,6
6923,WELL-00041_20190917161232,WELL-00041,9,42,2019-09-19T10:12:32+00:00,0,False,0,6
6924,WELL-00041_20190917161232,WELL-00041,9,43,2019-09-19T11:12:32+00:00,0,False,0,6
6925,WELL-00041_20190917161232,WELL-00041,9,44,2019-09-19T12:12:32+00:00,0,False,0,6
6926,WELL-00041_20190917161232,WELL-00041,9,45,2019-09-19T13:12:32+00:00,0,False,0,6
6927,WELL-00041_20190917161232,WELL-00041,9,46,2019-09-19T14:12:32+00:00,0,False,0,6
6928,WELL-00041_20190917161232,WELL-00041,9,47,2019-09-19T15:12:32+00:00,0,False,0,6
6929,WELL-00041_20190917161232,WELL-00041,9,48,2019-09-19T16:12:32+00:00,0,False,0,6
6930,WELL-00041_20190917161232,WELL-00041,9,49,2019-09-19T17:12:32+00:00,0,False,0,6
6931,WELL-00041_20190917161232,WELL-00041,9,50,2019-09-19T18:12:32+00:00,0,False,0,6
6932,WELL-00041_20190917161232,WELL-00041,9,51,2019-09-19T19:12:32+00:00,0,False,0,6
6933,WELL-00041_20190917161232,WELL-00041,9,52,2019-09-19T20:12:32+00:00,0,False,0,6
6934,WELL-00041_20190924202109,WELL-00041,9,1,2019-09-24T21:21:09+00:00,0,False,0,6
6935,WELL-00041_20190924202109,WELL-00041,9,2,2019-09-24T22:21:09+00:00,0,False,0,6
6936,WELL-00041_20190924202109,WELL-00041,9,3,2019-09-24T23:21:09+00:00,0,False,0,6
6937,WELL-00041_20190924202109,WELL-00041,9,4,2019-09-25T00:21:09+00:00,0,False,0,6
6938,WELL-00041_20190924202109,WELL-00041,9,5,2019-09-25T01:21:09+00:00,0,False,0,6
6939,WELL-00041_20190924202109,WELL-00041,9,6,2019-09-25T02:21:09+00:00,0,False,0,6
6940,WELL-00041_20190924202109,WELL-00041,9,7,2019-09-25T03:21:09+00:00,0,False,0,6
6941,WELL-00041_20190924202109,WELL-00041,9,8,2019-09-25T04:21:09+00:00,0,False,0,6
6942,WELL-00041_20190924202109,WELL-00041,9,9,2019-09-25T05:21:09+00:00,0,False,0,6
6943,WELL-00041_20190924202109,WELL-00041,9,10,2019-09-25T06:21:09+00:00,0,False,0,6
6944,WELL-00041_20190925111412,WELL-00041,9,1,2019-09-25T12:14:12+00:00,0,False,0,6
6945,WELL-00041_20190925111412,WELL-00041,9,2,2019-09-25T13:14:12+00:00,0,False,0,6
6946,WELL-00041_20190925111412,WELL-00041,9,3,2019-09-25T14:14:12+00:00,0,False,0,6
6947,WELL-00041_20190925111412,WELL-00041,9,4,2019-09-25T15:14:12+00:00,0,False,0,6
6948,WELL-00041_20190925111412,WELL-00041,9,5,2019-09-25T16:14:12+00:00,0,False,0,6
6949,WELL-00041_20190925111412,WELL-00041,9,6,2019-09-25T17:14:12+00:00,0,False,0,6
6950,WELL-00041_20190925111412,WELL-00041,9,7,2019-09-25T18:14:12+00:00,0,False,0,6
6951,WELL-00041_20190925111412,WELL-00041,9,8,2019-09-25T19:14:12+00:00,0,False,0,6
6952,WELL-00041_20190925111412,WELL-00041,9,9,2019-09-25T20:14:12+00:00,0,False,0,6
6953,WELL-00041_20190925111412,WELL-00041,9,10,2019-09-25T21:14:12+00:00,0,False,0,6
6954,WELL-00042_20141217142745,WELL-00042,9,1,2014-12-17T15:27:45+00:00,0,False,0,6
6955,WELL-00042_20141217142745,WELL-00042,9,2,2014-12-17T16:27:45+00:00,0,False,0,6
6956,WELL-00042_20141217142745,WELL-00042,9,3,2014-12-17T17:27:45+00:00,0,False,0,6
6957,WELL-00042_20141217142745,WELL-00042,9,4,2014-12-17T18:27:45+00:00,0,False,0,6
6958,WELL-00042_20141217142745,WELL-00042,9,5,2014-12-17T19:27:45+00:00,0,False,0,6
6959,WELL-00042_20141217142745,WELL-00042,9,6,2014-12-17T20:27:45+00:00,1,True,0,6
6960,WELL-00042_20141217142745,WELL-00042,9,7,2014-12-17T21:27:45+00:00,1,True,0,6
6961,WELL-00042_20141217142745,WELL-00042,9,8,2014-12-17T22:27:45+00:00,1,True,0,6
6962,WELL-00042_20141217142745,WELL-00042,9,9,2014-12-17T23:27:45+00:00,1,True,0,6
6963,WELL-00042_20141218004109,WELL-00042,9,1,2014-12-18T01:41:09+00:00,0,False,0,6
6964,WELL-00042_20141218004109,WELL-00042,9,2,2014-12-18T02:41:09+00:00,1,True,0,6
6965,WELL-00042_20141218051903,WELL-00042,9,1,2014-12-18T06:19:03+00:00,0,False,0,6
6966,WELL-00042_20141218051903,WELL-00042,9,2,2014-12-18T07:19:03+00:00,1,True,0,6
6967,WELL-00042_20141218051903,WELL-00042,9,3,2014-12-18T08:19:03+00:00,1,True,0,6
6968,WELL-00042_20141218051903,WELL-00042,9,4,2014-12-18T09:19:03+00:00,1,True,0,6
6969,WELL-00042_20141218051903,WELL-00042,9,5,2014-12-18T10:19:03+00:00,1,True,0,6
6970,WELL-00042_20141218051903,WELL-00042,9,6,2014-12-18T11:19:03+00:00,1,True,0,6
6971,WELL-00042_20141218051903,WELL-00042,9,7,2014-12-18T12:19:03+00:00,1,True,0,6
6972,WELL-00042_20141218051903,WELL-00042,9,8,2014-12-18T13:19:03+00:00,1,True,0,6
6973,WELL-00042_20141218051903,WELL-00042,9,9,2014-12-18T14:19:03+00:00,1,True,0,6
6974,WELL-00042_20141218051903,WELL-00042,9,10,2014-12-18T15:19:03+00:00,1,True,0,6
6975,WELL-00042_20141218051903,WELL-00042,9,11,2014-12-18T16:19:03+00:00,1,False,0,6
6976,WELL-00042_20141218051903,WELL-00042,9,12,2014-12-18T17:19:03+00:00,1,False,0,6
6977,WELL-00042_20141218051903,WELL-00042,9,13,2014-12-18T18:19:03+00:00,1,False,0,6
6978,WELL-00042_20141218051903,WELL-00042,9,14,2014-12-18T19:19:03+00:00,1,False,0,6
6979,WELL-00042_20141221190219,WELL-00042,9,1,2014-12-21T20:02:19+00:00,0,False,0,6
6980,WELL-00042_20141221190219,WELL-00042,9,2,2014-12-21T21:02:19+00:00,0,False,0,6
6981,WELL-00042_20141221190219,WELL-00042,9,3,2014-12-21T22:02:19+00:00,0,False,0,6
6982,WELL-00042_20141221190219,WELL-00042,9,4,2014-12-21T23:02:19+00:00,0,False,0,6
6983,WELL-00042_20141221190219,WELL-00042,9,5,2014-12-22T00:02:19+00:00,1,True,0,6
6984,WELL-00042_20141221190219,WELL-00042,9,6,2014-12-22T01:02:19+00:00,1,True,0,6
6985,WELL-00042_20141221190219,WELL-00042,9,7,2014-12-22T02:02:19+00:00,1,True,0,6
6986,WELL-00042_20141222024535,WELL-00042,9,1,2014-12-22T03:45:35+00:00,0,False,0,6
6987,WELL-00042_20141222024535,WELL-00042,9,2,2014-12-22T04:45:35+00:00,1,True,0,6
6988,WELL-00042_20141222024535,WELL-00042,9,3,2014-12-22T05:45:35+00:00,1,True,0,6
6989,WELL-00042_20141222024535,WELL-00042,9,4,2014-12-22T06:45:35+00:00,1,True,0,6
6990,WELL-00042_20141222024535,WELL-00042,9,5,2014-12-22T07:45:35+00:00,1,True,0,6
6991,WELL-00042_20141222024535,WELL-00042,9,6,2014-12-22T08:45:35+00:00,1,True,0,6
